symbol,bar_index,timestamp,direction,meta_conf,edge_score,thr,price,atr,regime_str,reg_buy_ok,reg_sell_ok,reg_skipped,at_res,at_sup,trend_1d,total_conf,choppiness,bos,ev,ev_floor,prior_frac,rev_frac,rsi_val,rsi_slope,rsi_accel,bars_since_exit,atr_pct,blocked_at,block_reason,trade_exit_bar,trade_exit_price,trade_pnl,trade_outcome
BNB/USDT,6,2026-03-10 03:00:00,long,0.5671,74.94,60.0,639.77,5.075714,low_high_flat,,,True,False,False,0.0,0.0,50.0,0.0,0.0,0.0,0.0,0.0,50.0,0.0,0.0,-1,0.0,G1_REGIME,regime='low_high_flat' skipped=True reg_empty=False,-1,0.0,0.0,
BNB/USDT,7,2026-03-10 04:00:00,long,0.55603,73.12,60.0,644.05,5.09125,low_high_flat,,,True,False,False,0.0,0.0,50.0,0.0,0.0,0.0,0.0,0.0,50.0,0.0,0.0,-1,0.0,G1_REGIME,regime='low_high_flat' skipped=True reg_empty=False,-1,0.0,0.0,
BNB/USDT,8,2026-03-10 05:00:00,long,0.53328,73.28,60.0,644.12,4.801111,low_high_flat,,,True,False,False,0.0,0.0,50.0,0.0,0.0,0.0,0.0,0.0,50.0,0.0,0.0,-1,0.0,G1_REGIME,regime='low_high_flat' skipped=True reg_empty=False,-1,0.0,0.0,
BNB/USDT,9,2026-03-10 06:00:00,long,0.52819,69.11,60.0,644.11,4.617,low_med_flat,False,False,False,False,False,0.0,0.0,50.0,0.0,0.0,0.0,0.0,0.0,50.0,0.0,0.0,-1,0.0,G2_EDGE,reg.buy_ok=False  regime='low_med_flat',-1,0.0,0.0,
BNB/USDT,10,2026-03-10 07:00:00,long,0.55796,73.43,60.0,644.48,4.526364,low_med_flat,False,False,False,False,False,0.0,0.0,50.0,0.0,0.0,0.0,0.0,0.0,50.0,0.0,0.0,-1,0.0,G2_EDGE,reg.buy_ok=False  regime='low_med_flat',-1,0.0,0.0,
BNB/USDT,11,2026-03-10 08:00:00,long,0.56882,77.66,60.0,646.05,4.555833,low_med_flat,False,False,False,False,False,0.0,0.0,50.0,0.0,0.0,0.0,0.0,0.0,50.0,0.0,0.0,-1,0.0,G2_EDGE,reg.buy_ok=False  regime='low_med_flat',-1,0.0,0.0,
BNB/USDT,12,2026-03-10 09:00:00,long,0.5651,79.09,60.0,647.52,4.496923,low_med_flat,False,False,False,False,False,0.0,0.0,50.0,0.0,0.0,0.0,0.0,0.0,50.0,0.0,0.0,-1,0.0,G2_EDGE,reg.buy_ok=False  regime='low_med_flat',-1,0.0,0.0,
BNB/USDT,13,2026-03-10 10:00:00,long,0.55669,73.27,60.0,647.55,4.365,low_med_flat,False,False,False,False,False,0.0,0.0,50.0,0.0,0.0,0.0,0.0,0.0,50.0,0.0,0.0,-1,0.0,G2_EDGE,reg.buy_ok=False  regime='low_med_flat',-1,0.0,0.0,
BNB/USDT,14,2026-03-10 11:00:00,long,0.56057,73.36,60.0,645.54,4.397857,low_med_flat,False,False,False,False,False,0.0,0.0,50.0,0.0,0.0,0.0,0.0,0.0,50.0,0.0,0.0,-1,0.0,G2_EDGE,reg.buy_ok=False  regime='low_med_flat',-1,0.0,0.0,
BNB/USDT,15,2026-03-10 12:00:00,long,0.54605,71.09,60.0,646.59,4.231429,low_med_flat,False,False,False,False,False,0.0,0.0,50.0,0.0,0.0,0.0,0.0,0.0,50.0,0.0,0.0,-1,0.0,G2_EDGE,reg.buy_ok=False  regime='low_med_flat',-1,0.0,0.0,
BNB/USDT,16,2026-03-10 13:00:00,long,0.56482,78.39,60.0,642.37,4.428571,low_med_flat,False,False,False,False,False,0.0,0.0,50.0,0.0,0.0,0.0,0.0,0.0,50.0,0.0,0.0,-1,0.0,G2_EDGE,reg.buy_ok=False  regime='low_med_flat',-1,0.0,0.0,
BNB/USDT,17,2026-03-10 14:00:00,long,0.56794,96.85,60.0,650.89,4.955714,low_high_flat,,,True,False,False,0.0,0.0,50.0,0.0,0.0,0.0,0.0,0.0,50.0,0.0,0.0,-1,0.0,G1_REGIME,regime='low_high_flat' skipped=True reg_empty=False,-1,0.0,0.0,
BNB/USDT,18,2026-03-10 15:00:00,long,0.56559,94.52,60.0,649.23,5.109286,med_high_flat,,,True,False,False,0.0,0.0,50.0,0.0,0.0,0.0,0.0,0.0,50.0,0.0,0.0,-1,0.0,G1_REGIME,regime='med_high_flat' skipped=True reg_empty=False,-1,0.0,0.0,
BNB/USDT,19,2026-03-10 16:00:00,long,0.5544,76.03,60.0,649.74,4.862143,med_high_flat,,,True,False,False,0.0,0.0,50.0,0.0,0.0,0.0,0.0,0.0,50.0,0.0,0.0,-1,0.0,G1_REGIME,regime='med_high_flat' skipped=True reg_empty=False,-1,0.0,0.0,
BNB/USDT,20,2026-03-10 17:00:00,long,0.57024,74.24,60.0,646.57,4.832857,med_high_flat,,,True,False,False,0.0,0.0,50.0,0.0,0.0,0.0,0.0,0.0,50.0,0.0,0.0,-1,0.0,G1_REGIME,regime='med_high_flat' skipped=True reg_empty=False,-1,0.0,0.0,
BNB/USDT,21,2026-03-10 18:00:00,long,0.53998,89.28,60.0,641.4,4.887857,med_high_flat,,,True,False,False,0.0,0.0,50.0,0.0,0.0,0.0,0.0,0.0,50.0,0.0,0.0,-1,0.0,G1_REGIME,regime='med_high_flat' skipped=True reg_empty=False,-1,0.0,0.0,
BNB/USDT,22,2026-03-10 19:00:00,long,0.54697,88.59,60.0,641.79,4.907143,med_high_flat,,,True,False,False,0.0,0.0,50.0,0.0,0.0,0.0,0.0,0.0,50.0,0.0,0.0,-1,0.0,G1_REGIME,regime='med_high_flat' skipped=True reg_empty=False,-1,0.0,0.0,
BNB/USDT,23,2026-03-10 20:00:00,long,0.53129,61.21,60.0,644.08,4.880714,low_high_flat,,,True,False,False,0.0,0.0,50.0,0.0,0.0,0.0,0.0,0.0,50.0,0.0,0.0,-1,0.0,G1_REGIME,regime='low_high_flat' skipped=True reg_empty=False,-1,0.0,0.0,
BNB/USDT,24,2026-03-10 21:00:00,long,0.54739,83.08,60.0,641.52,5.022857,med_high_flat,,,True,False,False,0.0,0.0,50.0,0.0,0.0,0.0,0.0,0.0,50.0,0.0,0.0,-1,0.0,G1_REGIME,regime='med_high_flat' skipped=True reg_empty=False,-1,0.0,0.0,
BNB/USDT,25,2026-03-10 22:00:00,long,0.53446,82.1,60.0,642.02,4.879286,low_high_up,,,True,False,False,0.0,0.0,50.0,0.0,0.0,0.0,0.0,0.0,50.0,0.0,0.0,-1,0.0,G1_REGIME,regime='low_high_up' skipped=True reg_empty=False,-1,0.0,0.0,
BNB/USDT,26,2026-03-10 23:00:00,long,0.53751,80.17,60.0,642.0,4.741429,low_med_up,False,False,False,False,False,0.0,0.0,50.0,0.0,0.0,0.0,0.0,0.0,50.0,0.0,0.0,-1,0.0,G2_EDGE,reg.buy_ok=False  regime='low_med_up',-1,0.0,0.0,
BNB/USDT,27,2026-03-11 00:00:00,long,0.53622,73.69,60.0,643.38,4.751429,low_med_flat,False,False,False,False,False,0.0,0.0,50.0,0.0,0.0,0.0,0.0,0.0,50.0,0.0,0.0,-1,0.0,G2_EDGE,reg.buy_ok=False  regime='low_med_flat',-1,0.0,0.0,
BNB/USDT,28,2026-03-11 01:00:00,long,0.53181,73.82,60.0,644.28,4.678571,low_med_up,False,False,False,False,False,0.0,0.0,50.0,0.0,0.0,0.0,0.0,0.0,50.0,0.0,0.0,-1,0.0,G2_EDGE,reg.buy_ok=False  regime='low_med_up',-1,0.0,0.0,
BNB/USDT,29,2026-03-11 02:00:00,long,0.55681,83.63,60.0,641.02,4.922143,low_high_flat,,,True,False,False,0.0,0.0,50.0,0.0,0.0,0.0,0.0,0.0,50.0,0.0,0.0,-1,0.0,G1_REGIME,regime='low_high_flat' skipped=True reg_empty=False,-1,0.0,0.0,
BNB/USDT,30,2026-03-11 03:00:00,long,0.55359,82.23,60.0,639.88,4.647857,low_med_flat,False,False,False,False,False,0.0,0.0,50.0,0.0,0.0,0.0,0.0,0.0,50.0,0.0,0.0,-1,0.0,G2_EDGE,reg.buy_ok=False  regime='low_med_flat',-1,0.0,0.0,
BNB/USDT,31,2026-03-11 04:00:00,long,0.52022,74.85,60.0,644.67,4.082857,low_med_flat,False,False,False,False,False,0.0,0.0,50.0,0.0,0.0,0.0,0.0,0.0,50.0,0.0,0.0,-1,0.0,G2_EDGE,reg.buy_ok=False  regime='low_med_flat',-1,0.0,0.0,
BNB/USDT,32,2026-03-11 05:00:00,long,0.53696,83.02,60.0,638.01,4.155714,low_med_flat,False,False,False,False,False,0.0,0.0,50.0,0.0,0.0,0.0,0.0,0.0,50.0,0.0,0.0,-1,0.0,G2_EDGE,reg.buy_ok=False  regime='low_med_flat',-1,0.0,0.0,
BNB/USDT,33,2026-03-11 06:00:00,long,0.5209,76.15,60.0,643.03,4.217143,low_med_flat,False,False,False,False,False,0.0,0.0,50.0,0.0,0.0,0.0,0.0,0.0,50.0,0.0,0.0,-1,0.0,G2_EDGE,reg.buy_ok=False  regime='low_med_flat',-1,0.0,0.0,
BNB/USDT,34,2026-03-11 07:00:00,long,0.54283,88.02,60.0,640.5,4.048571,low_med_flat,False,False,False,False,False,0.0,0.0,50.0,0.0,0.0,0.0,0.0,0.0,50.0,0.0,0.0,-1,0.0,G2_EDGE,reg.buy_ok=False  regime='low_med_flat',-1,0.0,0.0,
BNB/USDT,35,2026-03-11 08:00:00,long,0.55736,88.24,60.0,642.46,3.829286,low_med_flat,False,False,False,False,False,0.0,0.0,50.0,0.0,0.0,0.0,0.0,0.0,50.0,0.0,0.0,-1,0.0,G2_EDGE,reg.buy_ok=False  regime='low_med_flat',-1,0.0,0.0,
BNB/USDT,36,2026-03-11 09:00:00,long,0.54182,82.09,60.0,639.94,3.846429,low_med_down,True,False,False,False,True,0.0,-0.42483257701622384,80.36444059429874,0.0,0.001639,0.006,0.0,0.0,50.0,0.0,0.0,-1,0.0,G4_EV,ev=0.00164 <= floor=0.00600  meta_conf=0.5418,-1,0.0,0.0,
BNB/USDT,37,2026-03-11 10:00:00,long,0.54124,78.92,60.0,643.79,3.989286,low_med_flat,False,False,False,False,False,0.0,0.0,50.0,0.0,0.0,0.0,0.0,0.0,50.0,0.0,0.0,-1,0.0,G2_EDGE,reg.buy_ok=False  regime='low_med_flat',-1,0.0,0.0,
BNB/USDT,38,2026-03-11 11:00:00,long,0.52028,100.0,60.0,638.2,4.215,low_med_down,True,False,False,False,True,0.0,-0.5353488476995368,68.90418977941823,0.0,0.001556,0.006,0.0,0.0,50.0,0.0,0.0,-1,0.0,G4_EV,ev=0.00156 <= floor=0.00600  meta_conf=0.5203,-1,0.0,0.0,
BNB/USDT,39,2026-03-11 12:00:00,long,0.53244,89.55,60.0,641.76,4.437857,low_med_flat,False,False,False,False,False,0.0,0.0,50.0,0.0,0.0,0.0,0.0,0.0,50.0,0.0,0.0,-1,0.0,G2_EDGE,reg.buy_ok=False  regime='low_med_flat',-1,0.0,0.0,
BNB/USDT,40,2026-03-11 13:00:00,long,0.57395,94.16,60.0,646.55,5.062857,med_high_flat,,,True,False,False,0.0,0.0,50.0,0.0,0.0,0.0,0.0,0.0,50.0,0.0,0.0,-1,0.0,G1_REGIME,regime='med_high_flat' skipped=True reg_empty=False,-1,0.0,0.0,
BNB/USDT,41,2026-03-11 14:00:00,long,0.58027,83.19,60.0,648.41,5.34,med_high_flat,,,True,False,False,0.0,0.0,50.0,0.0,0.0,0.0,0.0,0.0,50.0,0.0,0.0,-1,0.0,G1_REGIME,regime='med_high_flat' skipped=True reg_empty=False,-1,0.0,0.0,
BNB/USDT,42,2026-03-11 15:00:00,long,0.58063,77.86,60.0,645.98,5.723571,med_high_flat,,,True,False,False,0.0,0.0,50.0,0.0,0.0,0.0,0.0,0.0,50.0,0.0,0.0,-1,0.0,G1_REGIME,regime='med_high_flat' skipped=True reg_empty=False,-1,0.0,0.0,
BNB/USDT,43,2026-03-11 16:00:00,long,0.59963,58.63,60.0,648.11,5.642143,med_high_flat,,,True,False,False,0.0,0.0,50.0,0.0,0.0,0.0,0.0,0.0,50.0,0.0,0.0,-1,0.0,G1_REGIME,regime='med_high_flat' skipped=True reg_empty=False,-1,0.0,0.0,
BNB/USDT,44,2026-03-11 17:00:00,long,0.60385,63.99,60.0,651.76,5.975714,med_high_up,,,True,False,False,0.0,0.0,50.0,0.0,0.0,0.0,0.0,0.0,50.0,0.0,0.0,-1,0.0,G1_REGIME,regime='med_high_up' skipped=True reg_empty=False,-1,0.0,0.0,
BNB/USDT,45,2026-03-11 18:00:00,long,0.59746,56.33,60.0,652.68,5.821429,med_high_up,,,True,False,False,0.0,0.0,50.0,0.0,0.0,0.0,0.0,0.0,50.0,0.0,0.0,-1,0.0,G1_REGIME,regime='med_high_up' skipped=True reg_empty=False,-1,0.0,0.0,
BNB/USDT,46,2026-03-11 19:00:00,long,0.59619,54.6,60.0,653.15,5.500714,med_high_up,,,True,False,False,0.0,0.0,50.0,0.0,0.0,0.0,0.0,0.0,50.0,0.0,0.0,-1,0.0,G1_REGIME,regime='med_high_up' skipped=True reg_empty=False,-1,0.0,0.0,
BNB/USDT,47,2026-03-11 20:00:00,long,0.58697,52.48,60.0,652.78,5.205714,med_high_up,,,True,False,False,0.0,0.0,50.0,0.0,0.0,0.0,0.0,0.0,50.0,0.0,0.0,-1,0.0,G1_REGIME,regime='med_high_up' skipped=True reg_empty=False,-1,0.0,0.0,
BNB/USDT,48,2026-03-11 21:00:00,long,0.58135,53.74,60.0,654.19,5.162143,med_high_up,,,True,False,False,0.0,0.0,50.0,0.0,0.0,0.0,0.0,0.0,50.0,0.0,0.0,-1,0.0,G1_REGIME,regime='med_high_up' skipped=True reg_empty=False,-1,0.0,0.0,
BNB/USDT,49,2026-03-11 22:00:00,long,0.59616,74.7,60.0,652.35,5.293571,med_high_up,,,True,False,False,0.0,0.0,50.0,0.0,0.0,0.0,0.0,0.0,50.0,0.0,0.0,-1,0.0,G1_REGIME,regime='med_high_up' skipped=True reg_empty=False,-1,0.0,0.0,
BNB/USDT,50,2026-03-11 23:00:00,long,0.58477,72.77,60.0,651.46,5.280714,med_high_up,,,True,False,False,0.0,0.0,50.0,0.0,0.0,0.0,0.0,0.0,50.0,0.0,0.0,-1,0.0,G1_REGIME,regime='med_high_up' skipped=True reg_empty=False,-1,0.0,0.0,
BNB/USDT,51,2026-03-12 00:00:00,long,0.62933,73.93,60.0,652.08,5.076429,med_high_up,,,True,False,False,0.0,0.0,50.0,0.0,0.0,0.0,0.0,0.0,50.0,0.0,0.0,-1,0.0,G1_REGIME,regime='med_high_up' skipped=True reg_empty=False,-1,0.0,0.0,
BNB/USDT,52,2026-03-12 01:00:00,long,0.62901,74.05,60.0,646.75,4.835714,med_high_flat,,,True,False,False,0.0,0.0,50.0,0.0,0.0,0.0,0.0,0.0,50.0,0.0,0.0,-1,0.0,G1_REGIME,regime='med_high_flat' skipped=True reg_empty=False,-1,0.0,0.0,
BNB/USDT,53,2026-03-12 02:00:00,long,0.58846,89.88,60.0,643.17,4.78,med_high_flat,,,True,False,False,0.0,0.0,50.0,0.0,0.0,0.0,0.0,0.0,50.0,0.0,0.0,-1,0.0,G1_REGIME,regime='med_high_flat' skipped=True reg_empty=False,-1,0.0,0.0,
BNB/USDT,54,2026-03-12 03:00:00,long,0.57067,85.06,60.0,643.26,4.230714,med_med_flat,True,False,False,False,True,0.0,-0.20130947682542455,62.37956742479628,0.0,0.003024,0.006,0.0,0.0,50.0,0.0,0.0,-1,0.0,G4_EV,ev=0.00302 <= floor=0.00600  meta_conf=0.5707,-1,0.0,0.0,
BNB/USDT,55,2026-03-12 04:00:00,long,0.54894,82.39,60.0,643.08,3.946429,med_med_flat,True,False,False,False,True,0.0,-0.34551675626128636,60.55643279693315,0.0,0.001954,0.006,0.0,0.0,50.0,0.0,0.0,-1,0.0,G4_EV,ev=0.00195 <= floor=0.00600  meta_conf=0.5489,-1,0.0,0.0,
BNB/USDT,56,2026-03-12 05:00:00,long,0.58629,85.49,60.0,644.36,3.57,med_med_up,False,False,False,False,False,0.0,0.0,50.0,0.0,0.0,0.0,0.0,0.0,50.0,0.0,0.0,-1,0.0,G2_EDGE,reg.buy_ok=False  regime='med_med_up',-1,0.0,0.0,
BNB/USDT,57,2026-03-12 06:00:00,long,0.54255,82.73,60.0,644.64,3.39,med_med_flat,True,False,False,False,True,0.0,-0.20138274461383626,58.179994055008954,0.0,0.000951,0.006,0.0,0.0,50.0,0.0,0.0,-1,0.0,G4_EV,ev=0.00095 <= floor=0.00600  meta_conf=0.5425,-1,0.0,0.0,
BNB/USDT,58,2026-03-12 07:00:00,long,0.52732,74.55,60.0,645.85,3.066429,med_low_up,True,False,False,False,False,0.0,-0.11233793604408009,56.52484584048812,0.0,0.000145,0.006,0.0,0.0,50.0,0.0,0.0,-1,0.0,G4_EV,ev=0.00014 <= floor=0.00600  meta_conf=0.5273,-1,0.0,0.0,
BNB/USDT,59,2026-03-12 08:00:00,long,0.5399,67.31,60.0,647.76,3.045,med_low_up,True,False,False,True,False,0.0,0.009068981283174848,54.87486950530452,0.0,0.00037,0.006,0.0,0.0,50.0,0.0,0.0,-1,0.0,G4_EV,ev=0.00037 <= floor=0.00600  meta_conf=0.5399,-1,0.0,0.0,
BNB/USDT,60,2026-03-12 09:00:00,long,0.5501,51.07,60.0,650.1,3.230714,med_low_up,True,False,False,False,False,0.0,0.0,50.0,0.0,0.0,0.0,0.0,0.0,50.0,0.0,0.0,-1,0.0,G2_EDGE,edge=51.1 < thr=60.0,-1,0.0,0.0,
BNB/USDT,61,2026-03-12 10:00:00,long,0.57933,54.18,60.0,652.07,3.36,med_med_up,False,False,False,False,False,0.0,0.0,50.0,0.0,0.0,0.0,0.0,0.0,50.0,0.0,0.0,-1,0.0,G2_EDGE,reg.buy_ok=False  regime='med_med_up',-1,0.0,0.0,
BNB/USDT,62,2026-03-12 11:00:00,long,0.58523,53.56,60.0,652.46,3.387143,med_med_up,False,False,False,False,False,0.0,0.0,50.0,0.0,0.0,0.0,0.0,0.0,50.0,0.0,0.0,-1,0.0,G2_EDGE,reg.buy_ok=False  regime='med_med_up',-1,0.0,0.0,
BNB/USDT,63,2026-03-12 12:00:00,long,0.58745,61.17,60.0,655.55,3.502143,med_med_up,False,False,False,False,False,0.0,0.0,50.0,0.0,0.0,0.0,0.0,0.0,50.0,0.0,0.0,-1,0.0,G2_EDGE,reg.buy_ok=False  regime='med_med_up',-1,0.0,0.0,
BNB/USDT,64,2026-03-12 13:00:00,long,0.61715,75.96,60.0,652.68,3.698571,low_med_up,False,False,False,False,False,0.0,0.0,50.0,0.0,0.0,0.0,0.0,0.0,50.0,0.0,0.0,-1,0.0,G2_EDGE,reg.buy_ok=False  regime='low_med_up',-1,0.0,0.0,
BNB/USDT,65,2026-03-12 14:00:00,long,0.5436,87.82,60.0,646.84,4.326429,low_med_flat,False,False,False,False,False,0.0,0.0,50.0,0.0,0.0,0.0,0.0,0.0,50.0,0.0,0.0,-1,0.0,G2_EDGE,reg.buy_ok=False  regime='low_med_flat',-1,0.0,0.0,
BNB/USDT,66,2026-03-12 15:00:00,long,0.54066,81.65,60.0,650.03,4.493571,med_med_flat,True,False,False,True,True,0.0,0.2660921691692271,44.51632662257793,0.0,0.002449,0.006,0.0,0.0,50.0,0.0,0.0,-1,0.0,G4_EV,ev=0.00245 <= floor=0.00600  meta_conf=0.5407,-1,0.0,0.0,
BNB/USDT,67,2026-03-12 16:00:00,long,0.57533,54.32,60.0,651.53,4.442857,med_med_flat,True,False,False,False,False,0.0,0.0,50.0,0.0,0.0,0.0,0.0,0.0,50.0,0.0,0.0,-1,0.0,G2_EDGE,edge=54.3 < thr=60.0,-1,0.0,0.0,
BNB/USDT,68,2026-03-12 17:00:00,long,0.54473,57.34,60.0,650.5,4.452857,low_med_flat,False,False,False,False,False,0.0,0.0,50.0,0.0,0.0,0.0,0.0,0.0,50.0,0.0,0.0,-1,0.0,G2_EDGE,reg.buy_ok=False  regime='low_med_flat',-1,0.0,0.0,
BNB/USDT,69,2026-03-12 18:00:00,long,0.53802,65.59,60.0,647.95,4.522857,low_med_flat,False,False,False,False,False,0.0,0.0,50.0,0.0,0.0,0.0,0.0,0.0,50.0,0.0,0.0,-1,0.0,G2_EDGE,reg.buy_ok=False  regime='low_med_flat',-1,0.0,0.0,
BNB/USDT,70,2026-03-12 19:00:00,long,0.54049,60.63,60.0,651.03,4.741429,low_med_flat,False,False,False,False,False,0.0,0.0,50.0,0.0,0.0,0.0,0.0,0.0,50.0,0.0,0.0,-1,0.0,G2_EDGE,reg.buy_ok=False  regime='low_med_flat',-1,0.0,0.0,
BNB/USDT,71,2026-03-12 20:00:00,long,0.56032,55.5,60.0,649.62,4.785714,low_med_flat,False,False,False,False,False,0.0,0.0,50.0,0.0,0.0,0.0,0.0,0.0,50.0,0.0,0.0,-1,0.0,G2_EDGE,reg.buy_ok=False  regime='low_med_flat',-1,0.0,0.0,
BNB/USDT,72,2026-03-12 21:00:00,long,0.54215,47.39,60.0,651.86,4.76,low_med_flat,False,False,False,False,False,0.0,0.0,50.0,0.0,0.0,0.0,0.0,0.0,50.0,0.0,0.0,-1,0.0,G2_EDGE,reg.buy_ok=False  regime='low_med_flat',-1,0.0,0.0,
BNB/USDT,73,2026-03-12 22:00:00,long,0.53765,56.71,60.0,651.26,4.691429,low_med_flat,False,False,False,False,False,0.0,0.0,50.0,0.0,0.0,0.0,0.0,0.0,50.0,0.0,0.0,-1,0.0,G2_EDGE,reg.buy_ok=False  regime='low_med_flat',-1,0.0,0.0,
BNB/USDT,74,2026-03-12 23:00:00,long,0.53884,51.67,60.0,651.72,4.578571,low_med_flat,False,False,False,False,False,0.0,0.0,50.0,0.0,0.0,0.0,0.0,0.0,50.0,0.0,0.0,-1,0.0,G2_EDGE,reg.buy_ok=False  regime='low_med_flat',-1,0.0,0.0,
BNB/USDT,75,2026-03-13 00:00:00,long,0.63762,79.58,60.0,658.7,5.311429,med_high_up,,,True,False,False,0.0,0.0,50.0,0.0,0.0,0.0,0.0,0.0,50.0,0.0,0.0,-1,0.0,G1_REGIME,regime='med_high_up' skipped=True reg_empty=False,-1,0.0,0.0,
BNB/USDT,76,2026-03-13 01:00:00,long,0.63621,58.96,60.0,661.9,5.388571,med_high_up,,,True,False,False,0.0,0.0,50.0,0.0,0.0,0.0,0.0,0.0,50.0,0.0,0.0,-1,0.0,G1_REGIME,regime='med_high_up' skipped=True reg_empty=False,-1,0.0,0.0,
BNB/USDT,77,2026-03-13 02:00:00,long,0.61609,57.81,60.0,659.43,5.173571,med_high_up,,,True,False,False,0.0,0.0,50.0,0.0,0.0,0.0,0.0,0.0,50.0,0.0,0.0,-1,0.0,G1_REGIME,regime='med_high_up' skipped=True reg_empty=False,-1,0.0,0.0,
BNB/USDT,78,2026-03-13 03:00:00,long,0.60865,58.04,60.0,661.58,5.106429,med_high_up,,,True,False,False,0.0,0.0,50.0,0.0,0.0,0.0,0.0,0.0,50.0,0.0,0.0,-1,0.0,G1_REGIME,regime='med_high_up' skipped=True reg_empty=False,-1,0.0,0.0,
BNB/USDT,79,2026-03-13 04:00:00,long,0.58215,43.94,60.0,660.67,4.539286,med_med_up,False,False,False,False,False,0.0,0.0,50.0,0.0,0.0,0.0,0.0,0.0,50.0,0.0,0.0,-1,0.0,G2_EDGE,reg.buy_ok=False  regime='med_med_up',-1,0.0,0.0,
BNB/USDT,80,2026-03-13 05:00:00,long,0.5895,74.53,60.0,660.68,4.183571,med_med_up,False,False,False,False,False,0.0,0.0,50.0,0.0,0.0,0.0,0.0,0.0,50.0,0.0,0.0,-1,0.0,G2_EDGE,reg.buy_ok=False  regime='med_med_up',-1,0.0,0.0,
BNB/USDT,81,2026-03-13 06:00:00,long,0.58899,79.66,60.0,660.84,4.063571,med_med_up,False,False,False,False,False,0.0,0.0,50.0,0.0,0.0,0.0,0.0,0.0,50.0,0.0,0.0,-1,0.0,G2_EDGE,reg.buy_ok=False  regime='med_med_up',-1,0.0,0.0,
BNB/USDT,82,2026-03-13 07:00:00,long,0.58904,71.18,60.0,661.29,4.165714,med_med_up,False,False,False,False,False,0.0,0.0,50.0,0.0,0.0,0.0,0.0,0.0,50.0,0.0,0.0,-1,0.0,G2_EDGE,reg.buy_ok=False  regime='med_med_up',-1,0.0,0.0,
BNB/USDT,83,2026-03-13 08:00:00,long,0.59619,74.83,60.0,665.9,4.428571,med_med_up,False,False,False,False,False,0.0,0.0,50.0,0.0,0.0,0.0,0.0,0.0,50.0,0.0,0.0,-1,0.0,G2_EDGE,reg.buy_ok=False  regime='med_med_up',-1,0.0,0.0,
BNB/USDT,84,2026-03-13 09:00:00,long,0.60604,72.58,60.0,667.02,4.330714,med_med_up,False,False,False,False,False,0.0,0.0,50.0,0.0,0.0,0.0,0.0,0.0,50.0,0.0,0.0,-1,0.0,G2_EDGE,reg.buy_ok=False  regime='med_med_up',-1,0.0,0.0,
BNB/USDT,85,2026-03-13 10:00:00,long,0.59781,85.72,60.0,666.98,4.338571,high_med_up,False,True,False,False,False,0.0,0.0,50.0,0.0,0.0,0.0,0.0,0.0,50.0,0.0,0.0,-1,0.0,G2_EDGE,reg.buy_ok=False  regime='high_med_up',-1,0.0,0.0,
BNB/USDT,86,2026-03-13 11:00:00,long,0.58027,63.63,60.0,666.64,4.31,high_med_up,False,True,False,False,False,0.0,0.0,50.0,0.0,0.0,0.0,0.0,0.0,50.0,0.0,0.0,-1,0.0,G2_EDGE,reg.buy_ok=False  regime='high_med_up',-1,0.0,0.0,
BNB/USDT,87,2026-03-13 12:00:00,long,0.57896,71.18,60.0,671.21,4.658571,high_med_up,False,True,False,False,False,0.0,0.0,50.0,0.0,0.0,0.0,0.0,0.0,50.0,0.0,0.0,-1,0.0,G2_EDGE,reg.buy_ok=False  regime='high_med_up',-1,0.0,0.0,
BNB/USDT,88,2026-03-13 13:00:00,long,0.62964,87.66,60.0,674.54,4.993571,high_med_up,False,True,False,False,False,0.0,0.0,50.0,0.0,0.0,0.0,0.0,0.0,50.0,0.0,0.0,-1,0.0,G2_EDGE,reg.buy_ok=False  regime='high_med_up',-1,0.0,0.0,
BNB/USDT,89,2026-03-13 14:00:00,long,0.5941,100.0,60.0,667.98,4.807857,high_med_up,False,True,False,False,False,0.0,0.0,50.0,0.0,0.0,0.0,0.0,0.0,50.0,0.0,0.0,-1,0.0,G2_EDGE,reg.buy_ok=False  regime='high_med_up',-1,0.0,0.0,
BNB/USDT,90,2026-03-13 15:00:00,long,0.64776,100.0,60.0,662.21,5.267857,high_high_up,False,True,False,False,False,0.0,0.0,50.0,0.0,0.0,0.0,0.0,0.0,50.0,0.0,0.0,-1,0.0,G2_EDGE,reg.buy_ok=False  regime='high_high_up',-1,0.0,0.0,
BNB/USDT,91,2026-03-13 16:00:00,long,0.65106,89.7,60.0,661.84,5.412143,high_high_up,False,True,False,False,False,0.0,0.0,50.0,0.0,0.0,0.0,0.0,0.0,50.0,0.0,0.0,-1,0.0,G2_EDGE,reg.buy_ok=False  regime='high_high_up',-1,0.0,0.0,
BNB/USDT,92,2026-03-13 17:00:00,long,0.54451,91.35,60.0,655.86,5.830714,high_high_up,False,True,False,False,False,0.0,0.0,50.0,0.0,0.0,0.0,0.0,0.0,50.0,0.0,0.0,-1,0.0,G2_EDGE,reg.buy_ok=False  regime='high_high_up',-1,0.0,0.0,
BNB/USDT,93,2026-03-13 18:00:00,long,0.59311,97.2,60.0,656.83,5.964286,high_high_up,False,True,False,False,False,0.0,0.0,50.0,0.0,0.0,0.0,0.0,0.0,50.0,0.0,0.0,-1,0.0,G2_EDGE,reg.buy_ok=False  regime='high_high_up',-1,0.0,0.0,
BNB/USDT,94,2026-03-13 19:00:00,long,0.58398,71.11,60.0,657.25,5.912143,high_high_up,False,True,False,False,False,0.0,0.0,50.0,0.0,0.0,0.0,0.0,0.0,50.0,0.0,0.0,-1,0.0,G2_EDGE,reg.buy_ok=False  regime='high_high_up',-1,0.0,0.0,
BNB/USDT,95,2026-03-13 20:00:00,long,0.59343,81.94,60.0,657.34,5.879286,high_high_up,False,True,False,False,False,0.0,0.0,50.0,0.0,0.0,0.0,0.0,0.0,50.0,0.0,0.0,-1,0.0,G2_EDGE,reg.buy_ok=False  regime='high_high_up',-1,0.0,0.0,
BNB/USDT,96,2026-03-13 21:00:00,long,0.59532,80.1,60.0,656.86,5.742857,high_high_up,False,True,False,False,False,0.0,0.0,50.0,0.0,0.0,0.0,0.0,0.0,50.0,0.0,0.0,-1,0.0,G2_EDGE,reg.buy_ok=False  regime='high_high_up',-1,0.0,0.0,
BNB/USDT,97,2026-03-13 22:00:00,long,0.59748,80.72,60.0,655.53,5.496429,high_high_flat,False,True,False,False,False,0.0,0.0,50.0,0.0,0.0,0.0,0.0,0.0,50.0,0.0,0.0,-1,0.0,G2_EDGE,reg.buy_ok=False  regime='high_high_flat',-1,0.0,0.0,
BNB/USDT,98,2026-03-13 23:00:00,long,0.6048,81.31,60.0,655.73,5.35,high_high_flat,False,True,False,False,False,0.0,0.0,50.0,0.0,0.0,0.0,0.0,0.0,50.0,0.0,0.0,-1,0.0,G2_EDGE,reg.buy_ok=False  regime='high_high_flat',-1,0.0,0.0,
BNB/USDT,99,2026-03-14 00:00:00,long,0.56776,79.29,60.0,653.08,5.426429,high_high_flat,False,True,False,False,False,0.0,0.0,50.0,0.0,0.0,0.0,0.0,0.0,50.0,0.0,0.0,-1,0.0,G2_EDGE,reg.buy_ok=False  regime='high_high_flat',-1,0.0,0.0,
BNB/USDT,100,2026-03-14 01:00:00,long,0.60805,82.41,60.0,656.43,5.537857,high_high_flat,False,True,False,False,False,0.0,0.0,50.0,0.0,0.0,0.0,0.0,0.0,50.0,0.0,0.0,-1,0.0,G2_EDGE,reg.buy_ok=False  regime='high_high_flat',-1,0.0,0.0,
BNB/USDT,101,2026-03-14 02:00:00,long,0.64496,61.53,60.0,655.48,5.150714,high_high_flat,False,True,False,False,False,0.0,0.0,50.0,0.0,0.0,0.0,0.0,0.0,50.0,0.0,0.0,-1,0.0,G2_EDGE,reg.buy_ok=False  regime='high_high_flat',-1,0.0,0.0,
BNB/USDT,102,2026-03-14 03:00:00,long,0.6079,62.63,60.0,656.89,4.695,high_med_flat,False,False,False,False,False,0.0,0.0,50.0,0.0,0.0,0.0,0.0,0.0,50.0,0.0,0.0,-1,0.0,G2_EDGE,reg.buy_ok=False  regime='high_med_flat',-1,0.0,0.0,
BNB/USDT,103,2026-03-14 04:00:00,long,0.56085,80.48,60.0,655.49,4.122857,high_med_flat,False,False,False,False,False,0.0,0.0,50.0,0.0,0.0,0.0,0.0,0.0,50.0,0.0,0.0,-1,0.0,G2_EDGE,reg.buy_ok=False  regime='high_med_flat',-1,0.0,0.0,
BNB/USDT,104,2026-03-14 05:00:00,long,0.55146,80.57,60.0,655.62,3.52,high_med_flat,False,False,False,False,False,0.0,0.0,50.0,0.0,0.0,0.0,0.0,0.0,50.0,0.0,0.0,-1,0.0,G2_EDGE,reg.buy_ok=False  regime='high_med_flat',-1,0.0,0.0,
BNB/USDT,105,2026-03-14 06:00:00,long,0.52898,79.53,60.0,653.32,3.467143,high_med_down,False,True,False,False,False,0.0,0.0,50.0,0.0,0.0,0.0,0.0,0.0,50.0,0.0,0.0,-1,0.0,G2_EDGE,reg.buy_ok=False  regime='high_med_down',-1,0.0,0.0,
BNB/USDT,106,2026-03-14 07:00:00,long,0.51977,78.1,60.0,652.19,2.908571,high_low_down,,,True,False,False,0.0,0.0,50.0,0.0,0.0,0.0,0.0,0.0,50.0,0.0,0.0,-1,0.0,G1_REGIME,regime='high_low_down' skipped=True reg_empty=False,-1,0.0,0.0,
BNB/USDT,107,2026-03-14 08:00:00,long,0.53227,79.04,60.0,652.05,2.747143,high_low_down,,,True,False,False,0.0,0.0,50.0,0.0,0.0,0.0,0.0,0.0,50.0,0.0,0.0,-1,0.0,G1_REGIME,regime='high_low_down' skipped=True reg_empty=False,-1,0.0,0.0,
BNB/USDT,108,2026-03-14 09:00:00,long,0.53468,78.65,60.0,651.22,2.801429,high_low_down,,,True,False,False,0.0,0.0,50.0,0.0,0.0,0.0,0.0,0.0,50.0,0.0,0.0,-1,0.0,G1_REGIME,regime='high_low_down' skipped=True reg_empty=False,-1,0.0,0.0,
BNB/USDT,109,2026-03-14 10:00:00,long,0.53951,78.33,60.0,651.02,2.722857,high_low_down,,,True,False,False,0.0,0.0,50.0,0.0,0.0,0.0,0.0,0.0,50.0,0.0,0.0,-1,0.0,G1_REGIME,regime='high_low_down' skipped=True reg_empty=False,-1,0.0,0.0,
BNB/USDT,110,2026-03-14 11:00:00,long,0.53526,80.95,60.0,653.52,2.752857,high_low_down,,,True,False,False,0.0,0.0,50.0,0.0,0.0,0.0,0.0,0.0,50.0,0.0,0.0,-1,0.0,G1_REGIME,regime='high_low_down' skipped=True reg_empty=False,-1,0.0,0.0,
BNB/USDT,111,2026-03-14 12:00:00,long,0.52595,79.98,60.0,653.4,2.621429,med_low_down,False,True,False,False,False,0.0,0.0,50.0,0.0,0.0,0.0,0.0,0.0,50.0,0.0,0.0,-1,0.0,G2_EDGE,reg.buy_ok=False  regime='med_low_down',-1,0.0,0.0,
BNB/USDT,112,2026-03-14 13:00:00,long,0.52251,84.81,60.0,654.06,2.609286,med_low_down,False,True,False,False,False,0.0,0.0,50.0,0.0,0.0,0.0,0.0,0.0,50.0,0.0,0.0,-1,0.0,G2_EDGE,reg.buy_ok=False  regime='med_low_down',-1,0.0,0.0,
BNB/USDT,113,2026-03-14 14:00:00,long,0.51657,82.84,60.0,652.34,2.565,med_low_down,False,True,False,False,False,0.0,0.0,50.0,0.0,0.0,0.0,0.0,0.0,50.0,0.0,0.0,-1,0.0,G2_EDGE,reg.buy_ok=False  regime='med_low_down',-1,0.0,0.0,
BNB/USDT,114,2026-03-14 15:00:00,short,0.50365,61.78,60.0,653.4,2.410714,med_low_down,False,True,False,False,True,0.0,-0.33081338236409524,64.7779488279757,0.0,-0.001172,0.006,0.0,0.0,50.0,0.0,0.0,-1,0.0,G4_EV,ev=-0.00117 <= floor=0.00600  meta_conf=0.5037,-1,0.0,0.0,
BNB/USDT,115,2026-03-14 16:00:00,short,0.50584,63.45,60.0,654.11,2.447143,low_low_down,False,False,False,False,False,0.0,0.0,50.0,0.0,0.0,0.0,0.0,0.0,50.0,0.0,0.0,-1,0.0,G2_EDGE,reg.sell_ok=False  regime='low_low_down',-1,0.0,0.0,
BNB/USDT,116,2026-03-14 17:00:00,short,0.50339,62.85,60.0,653.1,2.416429,low_low_flat,True,True,False,False,True,0.0,-0.41057687034566054,60.34172592454411,0.0,-0.001169,0.006,0.0,0.0,50.0,0.0,0.0,-1,0.0,G4_EV,ev=-0.00117 <= floor=0.00600  meta_conf=0.5034,-1,0.0,0.0,
BNB/USDT,117,2026-03-14 18:00:00,short,0.50383,72.59,60.0,653.33,2.300714,low_low_flat,True,True,False,True,True,0.0,-0.23042983927298769,66.44806825210115,0.0,-0.001298,0.006,0.0,0.0,50.0,0.0,0.0,-1,0.0,G4_EV,ev=-0.00130 <= floor=0.00600  meta_conf=0.5038,-1,0.0,0.0,
BNB/USDT,118,2026-03-14 19:00:00,short,0.50526,70.48,60.0,653.7,2.248571,low_low_flat,True,True,False,True,True,0.0,-0.17119091510079404,72.24893898864804,0.0,-0.001339,0.006,0.0,0.0,50.0,0.0,0.0,-1,0.0,G4_EV,ev=-0.00134 <= floor=0.00600  meta_conf=0.5053,-1,0.0,0.0,
BNB/USDT,119,2026-03-14 20:00:00,long,0.51455,70.17,60.0,654.06,2.017143,low_low_flat,True,True,False,True,True,0.0,0.08393394265465351,75.34465223690412,0.0,-0.001485,0.006,0.0,0.0,50.0,0.0,0.0,-1,0.0,G4_EV,ev=-0.00149 <= floor=0.00600  meta_conf=0.5145,-1,0.0,0.0,
BNB/USDT,120,2026-03-14 21:00:00,long,0.51666,72.98,60.0,654.86,1.961429,low_low_flat,True,True,False,True,True,0.0,0.2166942239146938,74.1666775740589,0.0,-0.001529,0.006,0.0,0.0,50.0,0.0,0.0,-1,0.0,G4_EV,ev=-0.00153 <= floor=0.00600  meta_conf=0.5167,-1,0.0,0.0,
BNB/USDT,121,2026-03-14 22:00:00,long,0.51304,74.32,60.0,655.01,1.888571,low_low_flat,True,True,False,True,True,0.0,0.2426926903229923,69.38588788130855,0.0,-0.001668,0.006,0.0,0.0,50.0,0.0,0.0,-1,0.0,G4_EV,ev=-0.00167 <= floor=0.00600  meta_conf=0.5130,-1,0.0,0.0,
BNB/USDT,122,2026-03-14 23:00:00,long,0.51842,74.03,60.0,657.7,1.902857,low_low_flat,True,True,False,True,True,0.0,0.4948219051516311,54.06521907347235,0.0,-0.00159,0.006,0.0,0.0,50.0,0.0,0.0,-1,0.0,G4_EV,ev=-0.00159 <= floor=0.00600  meta_conf=0.5184,-1,0.0,0.0,
BNB/USDT,123,2026-03-15 00:00:00,long,0.51667,76.75,60.0,655.91,1.987143,low_low_flat,True,True,False,True,True,0.0,0.33098564571086103,57.25842269979028,0.0,-0.001501,0.006,0.0,0.0,50.0,0.0,0.0,-1,0.0,G4_EV,ev=-0.00150 <= floor=0.00600  meta_conf=0.5167,-1,0.0,0.0,
BNB/USDT,124,2026-03-15 01:00:00,long,0.51724,76.37,60.0,655.41,1.893571,low_low_flat,True,True,False,True,True,0.0,0.2048781280965289,61.62075644358237,0.0,-0.001609,0.006,0.0,0.0,50.0,0.0,0.0,-1,0.0,G4_EV,ev=-0.00161 <= floor=0.00600  meta_conf=0.5172,-1,0.0,0.0,
BNB/USDT,125,2026-03-15 02:00:00,long,0.52832,87.59,60.0,659.41,2.115,low_low_flat,True,True,False,True,True,0.0,0.7108831215381727,47.77130045546639,1.0,-0.001186,0.006,0.0,0.0,50.0,0.0,0.0,-1,0.0,G4_EV,ev=-0.00119 <= floor=0.00600  meta_conf=0.5283,-1,0.0,0.0,
BNB/USDT,126,2026-03-15 03:00:00,long,0.53128,84.48,60.0,658.89,2.231429,low_low_flat,True,True,False,True,True,0.0,0.5824826113992203,44.82219724749013,0.0,-0.000983,0.006,0.0,0.0,50.0,0.0,0.0,-1,0.0,G4_EV,ev=-0.00098 <= floor=0.00600  meta_conf=0.5313,-1,0.0,0.0,
BNB/USDT,127,2026-03-15 04:00:00,long,0.53754,74.78,60.0,659.34,2.172857,low_low_flat,True,True,False,True,True,0.0,0.6640202728729825,44.574989264233274,0.0,-0.000972,0.006,0.0,0.0,50.0,0.0,0.0,-1,0.0,G4_EV,ev=-0.00097 <= floor=0.00600  meta_conf=0.5375,-1,0.0,0.0,
BNB/USDT,128,2026-03-15 05:00:00,long,0.53259,93.75,60.0,659.53,2.22,low_low_flat,True,True,False,True,True,0.0,0.666062846491594,45.709818651963644,0.0,-0.000982,0.006,0.0,0.0,50.0,0.0,0.0,-1,0.0,G4_EV,ev=-0.00098 <= floor=0.00600  meta_conf=0.5326,-1,0.0,0.0,
BNB/USDT,129,2026-03-15 06:00:00,long,0.52155,86.64,60.0,658.56,2.237143,low_low_up,False,True,False,False,False,0.0,0.0,50.0,0.0,0.0,0.0,0.0,0.0,50.0,0.0,0.0,-1,0.0,G2_EDGE,reg.buy_ok=False  regime='low_low_up',-1,0.0,0.0,
BNB/USDT,130,2026-03-15 07:00:00,long,0.52253,65.21,60.0,660.02,2.288571,low_low_up,False,True,False,False,False,0.0,0.0,50.0,0.0,0.0,0.0,0.0,0.0,50.0,0.0,0.0,-1,0.0,G2_EDGE,reg.buy_ok=False  regime='low_low_up',-1,0.0,0.0,
BNB/USDT,131,2026-03-15 08:00:00,long,0.54028,71.29,60.0,664.24,2.508571,low_low_up,False,True,False,False,False,0.0,0.0,50.0,0.0,0.0,0.0,0.0,0.0,50.0,0.0,0.0,-1,0.0,G2_EDGE,reg.buy_ok=False  regime='low_low_up',-1,0.0,0.0,
BNB/USDT,132,2026-03-15 09:00:00,long,0.55477,83.54,60.0,663.6,2.675,low_low_up,False,True,False,False,False,0.0,0.0,50.0,0.0,0.0,0.0,0.0,0.0,50.0,0.0,0.0,-1,0.0,G2_EDGE,reg.buy_ok=False  regime='low_low_up',-1,0.0,0.0,
BNB/USDT,133,2026-03-15 10:00:00,long,0.55949,65.68,60.0,662.86,2.702143,low_low_up,False,True,False,False,False,0.0,0.0,50.0,0.0,0.0,0.0,0.0,0.0,50.0,0.0,0.0,-1,0.0,G2_EDGE,reg.buy_ok=False  regime='low_low_up',-1,0.0,0.0,
BNB/USDT,134,2026-03-15 11:00:00,long,0.55398,92.73,60.0,661.64,2.797857,low_low_up,False,True,False,False,False,0.0,0.0,50.0,0.0,0.0,0.0,0.0,0.0,50.0,0.0,0.0,-1,0.0,G2_EDGE,reg.buy_ok=False  regime='low_low_up',-1,0.0,0.0,
BNB/USDT,135,2026-03-15 12:00:00,long,0.54952,93.74,60.0,661.89,2.865,low_low_up,False,True,False,False,False,0.0,0.0,50.0,0.0,0.0,0.0,0.0,0.0,50.0,0.0,0.0,-1,0.0,G2_EDGE,reg.buy_ok=False  regime='low_low_up',-1,0.0,0.0,
BNB/USDT,136,2026-03-15 13:00:00,short,0.50072,94.54,60.0,659.97,3.057857,low_low_up,False,True,False,True,True,0.0,0.23314854286053016,38.90272602781086,0.0,-0.00051,0.006,0.0,0.0,50.0,0.0,0.0,-1,0.0,G4_EV,ev=-0.00051 <= floor=0.00600  meta_conf=0.5007,-1,0.0,0.0,
BNB/USDT,137,2026-03-15 14:00:00,long,0.51712,79.9,60.0,660.33,3.033571,low_low_up,False,True,False,False,False,0.0,0.0,50.0,0.0,0.0,0.0,0.0,0.0,50.0,0.0,0.0,-1,0.0,G2_EDGE,reg.buy_ok=False  regime='low_low_up',-1,0.0,0.0,
BNB/USDT,138,2026-03-15 15:00:00,long,0.50238,76.89,60.0,659.69,3.035,low_low_up,False,True,False,False,False,0.0,0.0,50.0,0.0,0.0,0.0,0.0,0.0,50.0,0.0,0.0,-1,0.0,G2_EDGE,reg.buy_ok=False  regime='low_low_up',-1,0.0,0.0,
BNB/USDT,139,2026-03-15 16:00:00,short,0.52404,76.31,60.0,658.96,2.841429,low_low_up,False,True,False,True,True,0.0,-0.04628843403946379,50.30872009192265,0.0,-0.0003,0.006,0.0,0.0,50.0,0.0,0.0,-1,0.0,G4_EV,ev=-0.00030 <= floor=0.00600  meta_conf=0.5240,-1,0.0,0.0,
BNB/USDT,140,2026-03-15 17:00:00,short,0.50902,70.03,60.0,661.95,2.918571,low_low_up,False,True,False,True,True,0.0,0.3696006463311574,51.0122646409528,0.0,-0.000514,0.006,0.0,0.0,50.0,0.0,0.0,-1,0.0,G4_EV,ev=-0.00051 <= floor=0.00600  meta_conf=0.5090,-1,0.0,0.0,
BNB/USDT,141,2026-03-15 18:00:00,short,0.51187,77.18,60.0,658.37,3.072143,low_low_up,False,True,False,True,True,0.0,-0.2001087170108692,51.913712524490506,0.0,-0.000251,0.006,0.0,0.0,50.0,0.0,0.0,-1,0.0,G4_EV,ev=-0.00025 <= floor=0.00600  meta_conf=0.5119,-1,0.0,0.0,
BNB/USDT,142,2026-03-15 19:00:00,short,0.50802,69.07,60.0,660.49,3.075,low_low_up,False,True,False,True,True,0.0,0.18209679265622764,52.751327625630466,0.0,-0.00034,0.006,0.0,0.0,50.0,0.0,0.0,-1,0.0,G4_EV,ev=-0.00034 <= floor=0.00600  meta_conf=0.5080,-1,0.0,0.0,
BNB/USDT,143,2026-03-15 20:00:00,long,0.53647,75.94,60.0,663.88,3.3,low_low_up,False,True,False,False,False,0.0,0.0,50.0,0.0,0.0,0.0,0.0,0.0,50.0,0.0,0.0,-1,0.0,G2_EDGE,reg.buy_ok=False  regime='low_low_up',-1,0.0,0.0,
BNB/USDT,144,2026-03-15 21:00:00,long,0.56976,79.3,60.0,667.41,3.592857,low_med_up,False,False,False,False,False,0.0,0.0,50.0,0.0,0.0,0.0,0.0,0.0,50.0,0.0,0.0,-1,0.0,G2_EDGE,reg.buy_ok=False  regime='low_med_up',-1,0.0,0.0,
BNB/USDT,145,2026-03-15 22:00:00,long,0.64251,99.3,60.0,676.51,4.230714,low_med_up,False,False,False,False,False,0.0,0.0,50.0,0.0,0.0,0.0,0.0,0.0,50.0,0.0,0.0,-1,0.0,G2_EDGE,reg.buy_ok=False  regime='low_med_up',-1,0.0,0.0,
BNB/USDT,146,2026-03-15 23:00:00,long,0.64666,98.15,60.0,673.77,4.478571,low_med_up,False,False,False,False,False,0.0,0.0,50.0,0.0,0.0,0.0,0.0,0.0,50.0,0.0,0.0,-1,0.0,G2_EDGE,reg.buy_ok=False  regime='low_med_up',-1,0.0,0.0,
BNB/USDT,147,2026-03-16 00:00:00,long,0.66308,79.45,60.0,671.97,4.765,low_med_up,False,False,False,False,False,0.0,0.0,50.0,0.0,0.0,0.0,0.0,0.0,50.0,0.0,0.0,-1,0.0,G2_EDGE,reg.buy_ok=False  regime='low_med_up',-1,0.0,0.0,
BNB/USDT,148,2026-03-16 01:00:00,long,0.67162,82.53,60.0,675.96,5.019286,low_high_up,,,True,False,False,0.0,0.0,50.0,0.0,0.0,0.0,0.0,0.0,50.0,0.0,0.0,-1,0.0,G1_REGIME,regime='low_high_up' skipped=True reg_empty=False,-1,0.0,0.0,
BNB/USDT,149,2026-03-16 02:00:00,long,0.67247,77.51,60.0,672.97,5.305,low_high_up,,,True,False,False,0.0,0.0,50.0,0.0,0.0,0.0,0.0,0.0,50.0,0.0,0.0,-1,0.0,G1_REGIME,regime='low_high_up' skipped=True reg_empty=False,-1,0.0,0.0,
BNB/USDT,150,2026-03-16 03:00:00,long,0.65217,90.41,60.0,680.47,5.875714,med_high_up,,,True,False,False,0.0,0.0,50.0,0.0,0.0,0.0,0.0,0.0,50.0,0.0,0.0,-1,0.0,G1_REGIME,regime='med_high_up' skipped=True reg_empty=False,-1,0.0,0.0,
BNB/USDT,151,2026-03-16 04:00:00,long,0.65563,88.88,60.0,683.44,6.251429,med_high_up,,,True,False,False,0.0,0.0,50.0,0.0,0.0,0.0,0.0,0.0,50.0,0.0,0.0,-1,0.0,G1_REGIME,regime='med_high_up' skipped=True reg_empty=False,-1,0.0,0.0,
BNB/USDT,152,2026-03-16 05:00:00,long,0.62263,73.58,60.0,685.47,6.436429,med_high_up,,,True,False,False,0.0,0.0,50.0,0.0,0.0,0.0,0.0,0.0,50.0,0.0,0.0,-1,0.0,G1_REGIME,regime='med_high_up' skipped=True reg_empty=False,-1,0.0,0.0,
BNB/USDT,153,2026-03-16 06:00:00,long,0.6249,79.62,60.0,679.41,6.695,med_high_up,,,True,False,False,0.0,0.0,50.0,0.0,0.0,0.0,0.0,0.0,50.0,0.0,0.0,-1,0.0,G1_REGIME,regime='med_high_up' skipped=True reg_empty=False,-1,0.0,0.0,
BNB/USDT,154,2026-03-16 07:00:00,long,0.60831,79.75,60.0,678.13,6.660714,med_high_up,,,True,False,False,0.0,0.0,50.0,0.0,0.0,0.0,0.0,0.0,50.0,0.0,0.0,-1,0.0,G1_REGIME,regime='med_high_up' skipped=True reg_empty=False,-1,0.0,0.0,
BNB/USDT,155,2026-03-16 08:00:00,long,0.61324,87.39,60.0,675.21,6.858571,high_high_up,False,True,False,False,False,0.0,0.0,50.0,0.0,0.0,0.0,0.0,0.0,50.0,0.0,0.0,-1,0.0,G2_EDGE,reg.buy_ok=False  regime='high_high_up',-1,0.0,0.0,
BNB/USDT,156,2026-03-16 09:00:00,long,0.61051,86.82,60.0,676.52,6.905,high_high_up,False,True,False,False,False,0.0,0.0,50.0,0.0,0.0,0.0,0.0,0.0,50.0,0.0,0.0,-1,0.0,G2_EDGE,reg.buy_ok=False  regime='high_high_up',-1,0.0,0.0,
BNB/USDT,157,2026-03-16 10:00:00,long,0.6106,81.08,60.0,679.08,6.787143,high_high_up,False,True,False,False,False,0.0,0.0,50.0,0.0,0.0,0.0,0.0,0.0,50.0,0.0,0.0,-1,0.0,G2_EDGE,reg.buy_ok=False  regime='high_high_up',-1,0.0,0.0,
BNB/USDT,158,2026-03-16 11:00:00,long,0.60322,85.26,60.0,677.2,6.557143,high_high_up,False,True,False,False,False,0.0,0.0,50.0,0.0,0.0,0.0,0.0,0.0,50.0,0.0,0.0,-1,0.0,G2_EDGE,reg.buy_ok=False  regime='high_high_up',-1,0.0,0.0,
BNB/USDT,159,2026-03-16 12:00:00,long,0.6059,80.36,60.0,678.55,5.865714,high_high_up,False,True,False,False,False,0.0,0.0,50.0,0.0,0.0,0.0,0.0,0.0,50.0,0.0,0.0,-1,0.0,G2_EDGE,reg.buy_ok=False  regime='high_high_up',-1,0.0,0.0,
BNB/USDT,160,2026-03-16 13:00:00,long,0.59354,84.01,60.0,681.04,5.775714,high_high_up,False,True,False,False,False,0.0,0.0,50.0,0.0,0.0,0.0,0.0,0.0,50.0,0.0,0.0,-1,0.0,G2_EDGE,reg.buy_ok=False  regime='high_high_up',-1,0.0,0.0,
BNB/USDT,161,2026-03-16 14:00:00,long,0.60416,100.0,60.0,674.66,6.223571,high_high_up,False,True,False,False,False,0.0,0.0,50.0,0.0,0.0,0.0,0.0,0.0,50.0,0.0,0.0,-1,0.0,G2_EDGE,reg.buy_ok=False  regime='high_high_up',-1,0.0,0.0,
BNB/USDT,162,2026-03-16 15:00:00,long,0.6368,79.47,60.0,671.67,6.178571,high_high_up,False,True,False,False,False,0.0,0.0,50.0,0.0,0.0,0.0,0.0,0.0,50.0,0.0,0.0,-1,0.0,G2_EDGE,reg.buy_ok=False  regime='high_high_up',-1,0.0,0.0,
BNB/USDT,163,2026-03-16 16:00:00,long,0.62178,81.51,60.0,675.31,6.102857,high_high_up,False,True,False,False,False,0.0,0.0,50.0,0.0,0.0,0.0,0.0,0.0,50.0,0.0,0.0,-1,0.0,G2_EDGE,reg.buy_ok=False  regime='high_high_up',-1,0.0,0.0,
BNB/USDT,164,2026-03-16 17:00:00,long,0.61878,71.65,60.0,678.37,5.419286,high_high_up,False,True,False,False,False,0.0,0.0,50.0,0.0,0.0,0.0,0.0,0.0,50.0,0.0,0.0,-1,0.0,G2_EDGE,reg.buy_ok=False  regime='high_high_up',-1,0.0,0.0,
BNB/USDT,165,2026-03-16 18:00:00,long,0.60501,80.92,60.0,677.11,5.151429,high_high_up,False,True,False,False,False,0.0,0.0,50.0,0.0,0.0,0.0,0.0,0.0,50.0,0.0,0.0,-1,0.0,G2_EDGE,reg.buy_ok=False  regime='high_high_up',-1,0.0,0.0,
BNB/USDT,166,2026-03-16 19:00:00,long,0.57349,67.48,60.0,678.55,5.214286,high_high_up,False,True,False,False,False,0.0,0.0,50.0,0.0,0.0,0.0,0.0,0.0,50.0,0.0,0.0,-1,0.0,G2_EDGE,reg.buy_ok=False  regime='high_high_up',-1,0.0,0.0,
BNB/USDT,167,2026-03-16 20:00:00,long,0.60961,76.09,60.0,677.01,5.126429,high_high_up,False,True,False,False,False,0.0,0.0,50.0,0.0,0.0,0.0,0.0,0.0,50.0,0.0,0.0,-1,0.0,G2_EDGE,reg.buy_ok=False  regime='high_high_up',-1,0.0,0.0,
BNB/USDT,168,2026-03-16 21:00:00,long,0.60793,53.71,60.0,679.57,5.307143,high_high_up,False,True,False,False,False,0.0,0.0,50.0,0.0,0.0,0.0,0.0,0.0,50.0,0.0,0.0,-1,0.0,G2_EDGE,reg.buy_ok=False  regime='high_high_up',-1,0.0,0.0,
BNB/USDT,169,2026-03-16 22:00:00,long,0.60439,51.13,60.0,681.4,5.155,high_high_up,False,True,False,False,False,0.0,0.0,50.0,0.0,0.0,0.0,0.0,0.0,50.0,0.0,0.0,-1,0.0,G2_EDGE,reg.buy_ok=False  regime='high_high_up',-1,0.0,0.0,
BNB/USDT,170,2026-03-16 23:00:00,long,0.6145,61.48,60.0,679.71,5.340714,high_high_up,False,True,False,False,False,0.0,0.0,50.0,0.0,0.0,0.0,0.0,0.0,50.0,0.0,0.0,-1,0.0,G2_EDGE,reg.buy_ok=False  regime='high_high_up',-1,0.0,0.0,
BNB/USDT,171,2026-03-17 00:00:00,long,0.58766,55.82,60.0,682.58,5.524286,high_high_up,False,True,False,False,False,0.0,0.0,50.0,0.0,0.0,0.0,0.0,0.0,50.0,0.0,0.0,-1,0.0,G2_EDGE,reg.buy_ok=False  regime='high_high_up',-1,0.0,0.0,
BNB/USDT,172,2026-03-17 01:00:00,long,0.59811,74.22,60.0,684.01,5.715714,high_high_up,False,True,False,False,False,0.0,0.0,50.0,0.0,0.0,0.0,0.0,0.0,50.0,0.0,0.0,-1,0.0,G2_EDGE,reg.buy_ok=False  regime='high_high_up',-1,0.0,0.0,
BNB/USDT,173,2026-03-17 02:00:00,long,0.59542,52.14,60.0,682.73,5.747143,high_high_up,False,True,False,False,False,0.0,0.0,50.0,0.0,0.0,0.0,0.0,0.0,50.0,0.0,0.0,-1,0.0,G2_EDGE,reg.buy_ok=False  regime='high_high_up',-1,0.0,0.0,
BNB/USDT,174,2026-03-17 03:00:00,long,0.5917,69.64,60.0,676.11,5.904286,high_high_flat,False,True,False,False,False,0.0,0.0,50.0,0.0,0.0,0.0,0.0,0.0,50.0,0.0,0.0,-1,0.0,G2_EDGE,reg.buy_ok=False  regime='high_high_flat',-1,0.0,0.0,
BNB/USDT,175,2026-03-17 04:00:00,long,0.61324,72.22,60.0,674.89,5.442857,high_high_down,False,True,False,False,False,0.0,0.0,50.0,0.0,0.0,0.0,0.0,0.0,50.0,0.0,0.0,-1,0.0,G2_EDGE,reg.buy_ok=False  regime='high_high_down',-1,0.0,0.0,
BNB/USDT,176,2026-03-17 05:00:00,long,0.60126,66.2,60.0,675.09,5.261429,high_high_down,False,True,False,False,False,0.0,0.0,50.0,0.0,0.0,0.0,0.0,0.0,50.0,0.0,0.0,-1,0.0,G2_EDGE,reg.buy_ok=False  regime='high_high_down',-1,0.0,0.0,
BNB/USDT,177,2026-03-17 06:00:00,long,0.57968,62.42,60.0,673.37,5.195,high_high_flat,False,True,False,False,False,0.0,0.0,50.0,0.0,0.0,0.0,0.0,0.0,50.0,0.0,0.0,-1,0.0,G2_EDGE,reg.buy_ok=False  regime='high_high_flat',-1,0.0,0.0,
BNB/USDT,178,2026-03-17 07:00:00,long,0.55817,62.44,60.0,674.28,5.061429,high_high_flat,False,True,False,False,False,0.0,0.0,50.0,0.0,0.0,0.0,0.0,0.0,50.0,0.0,0.0,-1,0.0,G2_EDGE,reg.buy_ok=False  regime='high_high_flat',-1,0.0,0.0,
BNB/USDT,179,2026-03-17 08:00:00,long,0.55465,63.57,60.0,673.67,5.056429,high_high_flat,False,True,False,False,False,0.0,0.0,50.0,0.0,0.0,0.0,0.0,0.0,50.0,0.0,0.0,-1,0.0,G2_EDGE,reg.buy_ok=False  regime='high_high_flat',-1,0.0,0.0,
BNB/USDT,180,2026-03-17 09:00:00,long,0.53247,61.97,60.0,672.77,4.938571,high_med_flat,False,False,False,False,False,0.0,0.0,50.0,0.0,0.0,0.0,0.0,0.0,50.0,0.0,0.0,-1,0.0,G2_EDGE,reg.buy_ok=False  regime='high_med_flat',-1,0.0,0.0,
BNB/USDT,181,2026-03-17 10:00:00,long,0.50966,66.22,60.0,669.36,4.996429,high_high_down,False,True,False,False,False,0.0,0.0,50.0,0.0,0.0,0.0,0.0,0.0,50.0,0.0,0.0,-1,0.0,G2_EDGE,reg.buy_ok=False  regime='high_high_down',-1,0.0,0.0,
BNB/USDT,182,2026-03-17 11:00:00,short,0.51249,44.95,60.0,667.66,4.778571,high_med_down,False,True,False,False,False,0.0,0.0,50.0,0.0,0.0,0.0,0.0,0.0,50.0,0.0,0.0,-1,0.0,G2_EDGE,edge=44.9 < thr=60.0,-1,0.0,0.0,
BNB/USDT,183,2026-03-17 12:00:00,short,0.50224,43.77,60.0,665.55,4.748571,high_med_down,False,True,False,False,False,0.0,0.0,50.0,0.0,0.0,0.0,0.0,0.0,50.0,0.0,0.0,-1,0.0,G2_EDGE,edge=43.8 < thr=60.0,-1,0.0,0.0,
BNB/USDT,184,2026-03-17 13:00:00,short,0.51044,47.02,60.0,665.23,4.718571,high_med_down,False,True,False,False,False,0.0,0.0,50.0,0.0,0.0,0.0,0.0,0.0,50.0,0.0,0.0,-1,0.0,G2_EDGE,edge=47.0 < thr=60.0,-1,0.0,0.0,
BNB/USDT,185,2026-03-17 14:00:00,short,0.53302,42.31,60.0,670.21,4.76,high_med_flat,False,False,False,False,False,0.0,0.0,50.0,0.0,0.0,0.0,0.0,0.0,50.0,0.0,0.0,-1,0.0,G2_EDGE,reg.sell_ok=False  regime='high_med_flat',-1,0.0,0.0,
BNB/USDT,186,2026-03-17 15:00:00,short,0.52918,42.19,60.0,668.49,4.922857,high_med_flat,False,False,False,False,False,0.0,0.0,50.0,0.0,0.0,0.0,0.0,0.0,50.0,0.0,0.0,-1,0.0,G2_EDGE,reg.sell_ok=False  regime='high_med_flat',-1,0.0,0.0,
BNB/USDT,187,2026-03-17 16:00:00,short,0.53479,55.13,60.0,670.84,4.898571,high_med_flat,False,False,False,False,False,0.0,0.0,50.0,0.0,0.0,0.0,0.0,0.0,50.0,0.0,0.0,-1,0.0,G2_EDGE,reg.sell_ok=False  regime='high_med_flat',-1,0.0,0.0,
BNB/USDT,188,2026-03-17 17:00:00,short,0.54314,64.13,60.0,672.76,4.529286,high_med_flat,False,False,False,False,False,0.0,0.0,50.0,0.0,0.0,0.0,0.0,0.0,50.0,0.0,0.0,-1,0.0,G2_EDGE,reg.sell_ok=False  regime='high_med_flat',-1,0.0,0.0,
BNB/USDT,189,2026-03-17 18:00:00,short,0.51853,72.9,60.0,673.86,4.312857,high_med_flat,False,False,False,False,False,0.0,0.0,50.0,0.0,0.0,0.0,0.0,0.0,50.0,0.0,0.0,-1,0.0,G2_EDGE,reg.sell_ok=False  regime='high_med_flat',-1,0.0,0.0,
BNB/USDT,190,2026-03-17 19:00:00,short,0.54487,64.53,60.0,672.03,4.269286,high_med_flat,False,False,False,False,False,0.0,0.0,50.0,0.0,0.0,0.0,0.0,0.0,50.0,0.0,0.0,-1,0.0,G2_EDGE,reg.sell_ok=False  regime='high_med_flat',-1,0.0,0.0,
BNB/USDT,191,2026-03-17 20:00:00,short,0.54335,61.41,60.0,672.07,4.135714,high_med_flat,False,False,False,False,False,0.0,0.0,50.0,0.0,0.0,0.0,0.0,0.0,50.0,0.0,0.0,-1,0.0,G2_EDGE,reg.sell_ok=False  regime='high_med_flat',-1,0.0,0.0,
BNB/USDT,192,2026-03-17 21:00:00,short,0.53859,70.8,60.0,673.56,4.152143,med_med_flat,True,False,False,False,False,0.0,0.0,50.0,0.0,0.0,0.0,0.0,0.0,50.0,0.0,0.0,-1,0.0,G2_EDGE,reg.sell_ok=False  regime='med_med_flat',-1,0.0,0.0,
BNB/USDT,193,2026-03-17 22:00:00,short,0.55803,65.44,60.0,671.38,4.275,med_med_down,True,False,False,False,False,0.0,0.0,50.0,0.0,0.0,0.0,0.0,0.0,50.0,0.0,0.0,-1,0.0,G2_EDGE,reg.sell_ok=False  regime='med_med_down',-1,0.0,0.0,
BNB/USDT,194,2026-03-17 23:00:00,short,0.55172,69.71,60.0,668.61,4.306429,med_med_down,True,False,False,False,False,0.0,0.0,50.0,0.0,0.0,0.0,0.0,0.0,50.0,0.0,0.0,-1,0.0,G2_EDGE,reg.sell_ok=False  regime='med_med_down',-1,0.0,0.0,
BNB/USDT,195,2026-03-18 00:00:00,short,0.55361,72.27,60.0,668.35,4.175,med_med_down,True,False,False,False,False,0.0,0.0,50.0,0.0,0.0,0.0,0.0,0.0,50.0,0.0,0.0,-1,0.0,G2_EDGE,reg.sell_ok=False  regime='med_med_down',-1,0.0,0.0,
BNB/USDT,196,2026-03-18 01:00:00,short,0.53811,63.69,60.0,669.68,4.114286,med_med_down,True,False,False,False,False,0.0,0.0,50.0,0.0,0.0,0.0,0.0,0.0,50.0,0.0,0.0,-1,0.0,G2_EDGE,reg.sell_ok=False  regime='med_med_down',-1,0.0,0.0,
BNB/USDT,197,2026-03-18 02:00:00,short,0.53698,62.03,60.0,671.68,3.998571,med_med_down,True,False,False,False,False,0.0,0.0,50.0,0.0,0.0,0.0,0.0,0.0,50.0,0.0,0.0,-1,0.0,G2_EDGE,reg.sell_ok=False  regime='med_med_down',-1,0.0,0.0,
BNB/USDT,198,2026-03-18 03:00:00,short,0.54122,53.36,60.0,673.49,3.904286,med_med_flat,True,False,False,False,False,0.0,0.0,50.0,0.0,0.0,0.0,0.0,0.0,50.0,0.0,0.0,-1,0.0,G2_EDGE,reg.sell_ok=False  regime='med_med_flat',-1,0.0,0.0,
BNB/USDT,199,2026-03-18 04:00:00,short,0.53903,56.95,60.0,671.96,3.629286,med_med_flat,True,False,False,False,False,0.0,0.0,50.0,0.0,0.0,0.0,0.0,0.0,50.0,0.0,0.0,-1,0.0,G2_EDGE,reg.sell_ok=False  regime='med_med_flat',-1,0.0,0.0,
BNB/USDT,200,2026-03-18 05:00:00,short,0.54692,57.64,60.0,671.27,3.297143,med_low_flat,True,True,False,False,False,0.0,0.0,50.0,0.0,0.0,0.0,0.0,0.0,50.0,0.0,0.0,-1,0.0,G2_EDGE,edge=57.6 < thr=60.0,-1,0.0,0.0,
BNB/USDT,201,2026-03-18 06:00:00,short,0.54793,55.97,60.0,672.84,3.292857,med_low_flat,True,True,False,False,False,0.0,0.0,50.0,0.0,0.0,0.0,0.0,0.0,50.0,0.0,0.0,-1,0.0,G2_EDGE,edge=56.0 < thr=60.0,-1,0.0,0.0,
BNB/USDT,202,2026-03-18 07:00:00,short,0.55007,63.12,60.0,673.98,3.256429,med_low_flat,True,True,False,True,False,0.0,0.3434629806589029,65.98970018616517,0.0,0.000712,0.006,0.0,0.0,50.0,0.0,0.0,-1,0.0,G4_EV,ev=0.00071 <= floor=0.00600  meta_conf=0.5501,-1,0.0,0.0,
BNB/USDT,203,2026-03-18 08:00:00,short,0.52936,65.74,60.0,674.39,3.232143,low_low_flat,True,True,False,True,False,0.0,0.3477549878197708,61.792240451669194,0.0,0.000228,0.006,0.0,0.0,50.0,0.0,0.0,-1,0.0,G4_EV,ev=0.00023 <= floor=0.00600  meta_conf=0.5294,-1,0.0,0.0,
BNB/USDT,204,2026-03-18 09:00:00,short,0.50802,65.18,60.0,675.97,3.170714,low_low_flat,True,True,False,True,False,0.0,0.5170514113958572,60.87098460741663,0.0,-0.000313,0.006,0.0,0.0,50.0,0.0,0.0,-1,0.0,G4_EV,ev=-0.00031 <= floor=0.00600  meta_conf=0.5080,-1,0.0,0.0,
BNB/USDT,205,2026-03-18 10:00:00,short,0.52393,57.75,60.0,672.44,3.373571,low_low_flat,True,True,False,False,False,0.0,0.0,50.0,0.0,0.0,0.0,0.0,0.0,50.0,0.0,0.0,-1,0.0,G2_EDGE,edge=57.8 < thr=60.0,-1,0.0,0.0,
BNB/USDT,206,2026-03-18 11:00:00,short,0.58623,75.83,60.0,662.89,4.033571,low_med_flat,False,False,False,False,False,0.0,0.0,50.0,0.0,0.0,0.0,0.0,0.0,50.0,0.0,0.0,-1,0.0,G2_EDGE,reg.sell_ok=False  regime='low_med_flat',-1,0.0,0.0,
BNB/USDT,207,2026-03-18 12:00:00,short,0.54754,66.4,60.0,657.74,4.147143,med_med_down,True,False,False,False,False,0.0,0.0,50.0,0.0,0.0,0.0,0.0,0.0,50.0,0.0,0.0,-1,0.0,G2_EDGE,reg.sell_ok=False  regime='med_med_down',-1,0.0,0.0,
BNB/USDT,208,2026-03-18 13:00:00,short,0.5167,59.94,60.0,657.49,4.174286,med_med_down,True,False,False,False,False,0.0,0.0,50.0,0.0,0.0,0.0,0.0,0.0,50.0,0.0,0.0,-1,0.0,G2_EDGE,reg.sell_ok=False  regime='med_med_down',-1,0.0,0.0,
BNB/USDT,209,2026-03-18 14:00:00,long,0.54101,81.51,60.0,648.13,4.617143,med_med_down,True,False,False,False,True,0.0,-0.7567630286381409,22.696691784065784,-1.0,0.002658,0.006,0.0,0.0,50.0,0.0,0.0,-1,0.0,G4_EV,ev=0.00266 <= floor=0.00600  meta_conf=0.5410,-1,0.0,0.0,
BNB/USDT,210,2026-03-18 15:00:00,long,0.54196,69.84,60.0,648.82,4.829286,med_high_down,,,True,False,False,0.0,0.0,50.0,0.0,0.0,0.0,0.0,0.0,50.0,0.0,0.0,-1,0.0,G1_REGIME,regime='med_high_down' skipped=True reg_empty=False,-1,0.0,0.0,
BNB/USDT,211,2026-03-18 16:00:00,long,0.54236,86.06,60.0,648.5,4.933571,med_high_down,,,True,False,False,0.0,0.0,50.0,0.0,0.0,0.0,0.0,0.0,50.0,0.0,0.0,-1,0.0,G1_REGIME,regime='med_high_down' skipped=True reg_empty=False,-1,0.0,0.0,
BNB/USDT,212,2026-03-18 17:00:00,long,0.53365,86.83,60.0,650.14,4.997143,med_high_down,,,True,False,False,0.0,0.0,50.0,0.0,0.0,0.0,0.0,0.0,50.0,0.0,0.0,-1,0.0,G1_REGIME,regime='med_high_down' skipped=True reg_empty=False,-1,0.0,0.0,
BNB/USDT,213,2026-03-18 18:00:00,long,0.53332,81.94,60.0,647.84,5.195714,med_high_down,,,True,False,False,0.0,0.0,50.0,0.0,0.0,0.0,0.0,0.0,50.0,0.0,0.0,-1,0.0,G1_REGIME,regime='med_high_down' skipped=True reg_empty=False,-1,0.0,0.0,
BNB/USDT,214,2026-03-18 19:00:00,long,0.52883,80.49,60.0,648.08,5.182143,med_high_down,,,True,False,False,0.0,0.0,50.0,0.0,0.0,0.0,0.0,0.0,50.0,0.0,0.0,-1,0.0,G1_REGIME,regime='med_high_down' skipped=True reg_empty=False,-1,0.0,0.0,
BNB/USDT,215,2026-03-18 20:00:00,short,0.53154,70.86,60.0,650.24,5.386429,med_high_down,,,True,False,False,0.0,0.0,50.0,0.0,0.0,0.0,0.0,0.0,50.0,0.0,0.0,-1,0.0,G1_REGIME,regime='med_high_down' skipped=True reg_empty=False,-1,0.0,0.0,
BNB/USDT,216,2026-03-18 21:00:00,short,0.55129,58.8,60.0,652.61,5.420714,med_high_down,,,True,False,False,0.0,0.0,50.0,0.0,0.0,0.0,0.0,0.0,50.0,0.0,0.0,-1,0.0,G1_REGIME,regime='med_high_down' skipped=True reg_empty=False,-1,0.0,0.0,
BNB/USDT,217,2026-03-18 22:00:00,short,0.53278,58.27,60.0,651.66,5.418571,med_high_down,,,True,False,False,0.0,0.0,50.0,0.0,0.0,0.0,0.0,0.0,50.0,0.0,0.0,-1,0.0,G1_REGIME,regime='med_high_down' skipped=True reg_empty=False,-1,0.0,0.0,
BNB/USDT,218,2026-03-18 23:00:00,short,0.54751,57.82,60.0,652.27,5.413571,med_high_down,,,True,False,False,0.0,0.0,50.0,0.0,0.0,0.0,0.0,0.0,50.0,0.0,0.0,-1,0.0,G1_REGIME,regime='med_high_down' skipped=True reg_empty=False,-1,0.0,0.0,
BNB/USDT,219,2026-03-19 00:00:00,long,0.52654,79.57,60.0,651.48,5.208571,med_high_down,,,True,False,False,0.0,0.0,50.0,0.0,0.0,0.0,0.0,0.0,50.0,0.0,0.0,-1,0.0,G1_REGIME,regime='med_high_down' skipped=True reg_empty=False,-1,0.0,0.0,
BNB/USDT,220,2026-03-19 01:00:00,short,0.50185,59.18,60.0,651.41,4.517857,med_med_down,True,False,False,False,False,0.0,0.0,50.0,0.0,0.0,0.0,0.0,0.0,50.0,0.0,0.0,-1,0.0,G2_EDGE,reg.sell_ok=False  regime='med_med_down',-1,0.0,0.0,
BNB/USDT,221,2026-03-19 02:00:00,long,0.52602,79.18,60.0,650.63,4.263571,med_med_down,True,False,False,False,True,0.0,-0.39263559366919404,58.665564323151564,0.0,0.001682,0.006,0.0,0.0,50.0,0.0,0.0,-1,0.0,G4_EV,ev=0.00168 <= floor=0.00600  meta_conf=0.5260,-1,0.0,0.0,
BNB/USDT,222,2026-03-19 03:00:00,short,0.51478,68.43,60.0,652.53,4.380714,med_med_down,True,False,False,False,False,0.0,0.0,50.0,0.0,0.0,0.0,0.0,0.0,50.0,0.0,0.0,-1,0.0,G2_EDGE,reg.sell_ok=False  regime='med_med_down',-1,0.0,0.0,
BNB/USDT,223,2026-03-19 04:00:00,long,0.52295,80.62,60.0,649.53,3.978571,med_med_down,True,False,False,False,True,0.0,-0.3338570613388531,66.44545333638565,0.0,0.001227,0.006,0.0,0.0,50.0,0.0,0.0,-1,0.0,G4_EV,ev=0.00123 <= floor=0.00600  meta_conf=0.5230,-1,0.0,0.0,
BNB/USDT,224,2026-03-19 05:00:00,long,0.53994,80.45,60.0,649.46,3.750714,med_med_down,True,False,False,False,True,0.0,-0.2757787299705222,65.84956302372426,0.0,0.001369,0.006,0.0,0.0,50.0,0.0,0.0,-1,0.0,G4_EV,ev=0.00137 <= floor=0.00600  meta_conf=0.5399,-1,0.0,0.0,
BNB/USDT,225,2026-03-19 06:00:00,long,0.57852,84.63,60.0,648.67,3.622143,med_med_down,True,False,False,False,True,0.0,-0.24490089949559282,65.11216790897527,0.0,0.002161,0.006,0.0,0.0,50.0,0.0,0.0,-1,0.0,G4_EV,ev=0.00216 <= floor=0.00600  meta_conf=0.5785,-1,0.0,0.0,
BNB/USDT,226,2026-03-19 07:00:00,long,0.59171,89.09,60.0,645.39,3.830714,med_med_down,True,False,False,False,True,0.0,-0.649602825232313,54.99507457469628,0.0,0.002901,0.006,0.0,0.0,50.0,0.0,0.0,-1,0.0,G4_EV,ev=0.00290 <= floor=0.00600  meta_conf=0.5917,-1,0.0,0.0,
BNB/USDT,227,2026-03-19 08:00:00,long,0.60024,84.9,60.0,644.43,3.587857,med_med_down,True,False,False,False,True,0.0,-0.6618197733323641,54.05432639502993,0.0,0.002687,0.006,0.0,0.0,50.0,0.0,0.0,-1,0.0,G4_EV,ev=0.00269 <= floor=0.00600  meta_conf=0.6002,-1,0.0,0.0,
BNB/USDT,228,2026-03-19 09:00:00,long,0.59129,88.2,60.0,648.28,3.713571,high_med_down,False,True,False,False,False,0.0,0.0,50.0,0.0,0.0,0.0,0.0,0.0,50.0,0.0,0.0,-1,0.0,G2_EDGE,reg.buy_ok=False  regime='high_med_down',-1,0.0,0.0,
BNB/USDT,229,2026-03-19 10:00:00,long,0.57863,79.71,60.0,645.86,3.443571,med_med_down,True,False,False,False,True,0.0,-0.5789805584166272,51.9774437401493,0.0,0.001885,0.006,0.0,0.0,50.0,0.0,0.0,-1,0.0,G4_EV,ev=0.00189 <= floor=0.00600  meta_conf=0.5786,-1,0.0,0.0,
BNB/USDT,230,2026-03-19 11:00:00,long,0.56515,80.82,60.0,644.08,3.432143,med_med_down,True,False,False,False,True,0.0,-0.6102609607538038,50.71211294602313,0.0,0.001559,0.006,0.0,0.0,50.0,0.0,0.0,-1,0.0,G4_EV,ev=0.00156 <= floor=0.00600  meta_conf=0.5651,-1,0.0,0.0,
BNB/USDT,231,2026-03-19 12:00:00,long,0.59936,87.54,60.0,638.67,3.701429,med_med_down,True,False,False,False,True,0.0,-0.7551032913169946,43.03109968910919,-1.0,0.002938,0.006,0.0,0.0,50.0,0.0,0.0,-1,0.0,G4_EV,ev=0.00294 <= floor=0.00600  meta_conf=0.5994,-1,0.0,0.0,
BNB/USDT,232,2026-03-19 13:00:00,long,0.58181,89.5,60.0,641.21,3.952857,med_med_down,True,False,False,False,True,0.0,-0.5992610763969468,38.728592835231275,0.0,0.002893,0.006,0.0,0.0,50.0,0.0,0.0,-1,0.0,G4_EV,ev=0.00289 <= floor=0.00600  meta_conf=0.5818,-1,0.0,0.0,
BNB/USDT,233,2026-03-19 14:00:00,long,0.57336,87.81,60.0,638.12,4.3,med_med_down,True,False,False,False,True,0.0,-0.7197642426519079,36.59226267019224,0.0,0.003278,0.006,0.0,0.0,50.0,0.0,0.0,-1,0.0,G4_EV,ev=0.00328 <= floor=0.00600  meta_conf=0.5734,-1,0.0,0.0,
BNB/USDT,234,2026-03-19 15:00:00,long,0.57349,85.59,60.0,637.87,4.587143,med_med_down,True,False,False,False,True,0.0,-0.6368495055593613,34.31958210788688,0.0,0.003772,0.006,0.0,0.0,50.0,0.0,0.0,-1,0.0,G4_EV,ev=0.00377 <= floor=0.00600  meta_conf=0.5735,-1,0.0,0.0,
BNB/USDT,235,2026-03-19 16:00:00,long,0.57132,89.56,60.0,635.96,4.602143,med_med_down,True,False,False,False,True,0.0,-0.7013464831928987,34.5540601251803,0.0,0.00375,0.006,0.0,0.0,50.0,0.0,0.0,-1,0.0,G4_EV,ev=0.00375 <= floor=0.00600  meta_conf=0.5713,-1,0.0,0.0,
BNB/USDT,236,2026-03-19 17:00:00,long,0.57412,84.4,60.0,638.25,4.584286,med_med_down,True,False,False,False,True,0.0,-0.5282565720663884,39.663437589304486,0.0,0.003783,0.006,0.0,0.0,50.0,0.0,0.0,-1,0.0,G4_EV,ev=0.00378 <= floor=0.00600  meta_conf=0.5741,-1,0.0,0.0,
BNB/USDT,237,2026-03-19 18:00:00,long,0.5695,77.44,60.0,637.86,4.417143,med_med_down,True,False,False,False,True,0.0,-0.5949243268946124,43.70890830623855,0.0,0.003359,0.006,0.0,0.0,50.0,0.0,0.0,-1,0.0,G4_EV,ev=0.00336 <= floor=0.00600  meta_conf=0.5695,-1,0.0,0.0,
BNB/USDT,238,2026-03-19 19:00:00,long,0.57779,86.95,60.0,640.04,4.599286,med_med_down,True,False,False,False,True,0.0,-0.4425183444957423,44.28361706303115,0.0,0.003905,0.006,0.0,0.0,50.0,0.0,0.0,-1,0.0,G4_EV,ev=0.00390 <= floor=0.00600  meta_conf=0.5778,-1,0.0,0.0,
BNB/USDT,239,2026-03-19 20:00:00,long,0.57915,82.04,60.0,642.05,4.647857,med_med_down,True,False,False,False,True,0.0,-0.37281983120984574,49.438043758056494,0.0,0.004008,0.006,0.0,0.0,50.0,0.0,0.0,-1,0.0,G4_EV,ev=0.00401 <= floor=0.00600  meta_conf=0.5792,-1,0.0,0.0,
BNB/USDT,240,2026-03-19 21:00:00,long,0.57064,81.99,60.0,642.25,4.275714,med_med_down,True,False,False,False,True,0.0,-0.2674918298030612,49.730675375743125,0.0,0.003109,0.006,0.0,0.0,50.0,0.0,0.0,-1,0.0,G4_EV,ev=0.00311 <= floor=0.00600  meta_conf=0.5706,-1,0.0,0.0,
BNB/USDT,241,2026-03-19 22:00:00,long,0.56754,78.59,60.0,640.45,4.340714,med_med_down,True,False,False,False,True,0.0,-0.4471194254977356,50.22066506866715,0.0,0.003143,0.006,0.0,0.0,50.0,0.0,0.0,-1,0.0,G4_EV,ev=0.00314 <= floor=0.00600  meta_conf=0.5675,-1,0.0,0.0,
BNB/USDT,242,2026-03-19 23:00:00,long,0.56474,83.4,60.0,639.15,4.227857,med_med_down,True,False,False,False,True,0.0,-0.4576108560636136,50.9923904716265,0.0,0.002888,0.006,0.0,0.0,50.0,0.0,0.0,-1,0.0,G4_EV,ev=0.00289 <= floor=0.00600  meta_conf=0.5647,-1,0.0,0.0,
BNB/USDT,243,2026-03-20 00:00:00,long,0.56474,84.62,60.0,641.04,4.277143,med_med_down,True,False,False,False,True,0.0,-0.14803916632831088,57.598752246241055,0.0,0.002948,0.006,0.0,0.0,50.0,0.0,0.0,-1,0.0,G4_EV,ev=0.00295 <= floor=0.00600  meta_conf=0.5647,-1,0.0,0.0,
BNB/USDT,244,2026-03-20 01:00:00,long,0.5679,85.5,60.0,642.06,4.3,med_med_down,True,False,False,False,True,0.0,-0.12245957250937094,65.59344003869927,0.0,0.003069,0.006,0.0,0.0,50.0,0.0,0.0,-1,0.0,G4_EV,ev=0.00307 <= floor=0.00600  meta_conf=0.5679,-1,0.0,0.0,
BNB/USDT,245,2026-03-20 02:00:00,long,0.59484,87.09,60.0,642.75,4.156429,med_med_down,True,False,False,False,True,0.0,0.1399896326406783,65.98158750662698,0.0,0.00361,0.006,0.0,0.0,50.0,0.0,0.0,-1,0.0,G4_EV,ev=0.00361 <= floor=0.00600  meta_conf=0.5948,-1,0.0,0.0,
BNB/USDT,246,2026-03-20 03:00:00,long,0.54048,76.62,60.0,644.41,3.943571,med_med_down,True,False,False,False,False,0.0,0.19096702282087039,62.217066274123376,0.0,0.001704,0.006,0.0,0.0,50.0,0.0,0.0,-1,0.0,G4_EV,ev=0.00170 <= floor=0.00600  meta_conf=0.5405,-1,0.0,0.0,
BNB/USDT,247,2026-03-20 04:00:00,long,0.57002,67.73,60.0,644.23,3.741429,med_med_flat,True,False,False,True,False,0.0,0.18988573534080622,59.48641249328992,0.0,0.002186,0.006,0.0,0.0,50.0,0.0,0.0,-1,0.0,G4_EV,ev=0.00219 <= floor=0.00600  meta_conf=0.5700,-1,0.0,0.0,
BNB/USDT,248,2026-03-20 05:00:00,long,0.58717,66.79,60.0,643.22,3.512143,med_med_flat,True,False,False,True,False,0.0,0.06409481832051277,58.809332215456365,0.0,0.002237,0.006,0.0,0.0,50.0,0.0,0.0,-1,0.0,G4_EV,ev=0.00224 <= floor=0.00600  meta_conf=0.5872,-1,0.0,0.0,
BNB/USDT,249,2026-03-20 06:00:00,long,0.59044,76.8,60.0,642.33,3.405,med_med_flat,True,False,False,True,True,0.0,0.09415473479125704,58.0408031821428,0.0,0.002133,0.006,0.0,0.0,50.0,0.0,0.0,-1,0.0,G4_EV,ev=0.00213 <= floor=0.00600  meta_conf=0.5904,-1,0.0,0.0,
BNB/USDT,250,2026-03-20 07:00:00,long,0.52702,72.39,60.0,644.1,3.35,med_med_flat,True,False,False,True,False,0.0,0.3883346338409462,67.15535713574822,0.0,0.000533,0.006,0.0,0.0,50.0,0.0,0.0,-1,0.0,G4_EV,ev=0.00053 <= floor=0.00600  meta_conf=0.5270,-1,0.0,0.0,
BNB/USDT,251,2026-03-20 08:00:00,long,0.5087,45.51,60.0,646.57,3.482143,med_med_flat,True,False,False,False,False,0.0,0.0,50.0,0.0,0.0,0.0,0.0,0.0,50.0,0.0,0.0,-1,0.0,G2_EDGE,edge=45.5 < thr=60.0,-1,0.0,0.0,
BNB/USDT,252,2026-03-20 09:00:00,long,0.539,62.46,60.0,641.96,3.533571,low_med_flat,False,False,False,False,False,0.0,0.0,50.0,0.0,0.0,0.0,0.0,0.0,50.0,0.0,0.0,-1,0.0,G2_EDGE,reg.buy_ok=False  regime='low_med_flat',-1,0.0,0.0,
BNB/USDT,253,2026-03-20 10:00:00,long,0.52286,46.51,60.0,643.21,3.55,low_med_flat,False,False,False,False,False,0.0,0.0,50.0,0.0,0.0,0.0,0.0,0.0,50.0,0.0,0.0,-1,0.0,G2_EDGE,reg.buy_ok=False  regime='low_med_flat',-1,0.0,0.0,
BNB/USDT,254,2026-03-20 11:00:00,long,0.53788,58.97,60.0,641.62,3.637143,low_med_flat,False,False,False,False,False,0.0,0.0,50.0,0.0,0.0,0.0,0.0,0.0,50.0,0.0,0.0,-1,0.0,G2_EDGE,reg.buy_ok=False  regime='low_med_flat',-1,0.0,0.0,
BNB/USDT,255,2026-03-20 12:00:00,long,0.55567,63.16,60.0,641.33,3.608571,low_med_flat,False,False,False,False,False,0.0,0.0,50.0,0.0,0.0,0.0,0.0,0.0,50.0,0.0,0.0,-1,0.0,G2_EDGE,reg.buy_ok=False  regime='low_med_flat',-1,0.0,0.0,
BNB/USDT,256,2026-03-20 13:00:00,long,0.55035,82.34,60.0,637.99,3.755714,low_med_flat,False,False,False,False,False,0.0,0.0,50.0,0.0,0.0,0.0,0.0,0.0,50.0,0.0,0.0,-1,0.0,G2_EDGE,reg.buy_ok=False  regime='low_med_flat',-1,0.0,0.0,
BNB/USDT,257,2026-03-20 14:00:00,long,0.50018,72.39,60.0,638.84,3.897143,med_med_flat,True,False,False,True,True,0.0,-0.5051206240332651,58.629670955052774,0.0,0.00058,0.006,0.0,0.0,50.0,0.0,0.0,-1,0.0,G4_EV,ev=0.00058 <= floor=0.00600  meta_conf=0.5002,-1,0.0,0.0,
BNB/USDT,258,2026-03-20 15:00:00,short,0.51116,65.96,60.0,640.42,3.937857,low_med_flat,False,False,False,False,False,0.0,0.0,50.0,0.0,0.0,0.0,0.0,0.0,50.0,0.0,0.0,-1,0.0,G2_EDGE,reg.sell_ok=False  regime='low_med_flat',-1,0.0,0.0,
BNB/USDT,259,2026-03-20 16:00:00,short,0.50034,58.91,60.0,640.41,3.862143,low_med_flat,False,False,False,False,False,0.0,0.0,50.0,0.0,0.0,0.0,0.0,0.0,50.0,0.0,0.0,-1,0.0,G2_EDGE,reg.sell_ok=False  regime='low_med_flat',-1,0.0,0.0,
BNB/USDT,260,2026-03-20 17:00:00,short,0.50215,62.34,60.0,640.24,3.989286,low_med_flat,False,False,False,False,False,0.0,0.0,50.0,0.0,0.0,0.0,0.0,0.0,50.0,0.0,0.0,-1,0.0,G2_EDGE,reg.sell_ok=False  regime='low_med_flat',-1,0.0,0.0,
BNB/USDT,261,2026-03-20 18:00:00,long,0.51127,79.45,60.0,637.99,3.997143,low_med_flat,False,False,False,False,False,0.0,0.0,50.0,0.0,0.0,0.0,0.0,0.0,50.0,0.0,0.0,-1,0.0,G2_EDGE,reg.buy_ok=False  regime='low_med_flat',-1,0.0,0.0,
BNB/USDT,262,2026-03-20 19:00:00,short,0.50182,76.84,60.0,640.26,4.083571,low_med_flat,False,False,False,False,False,0.0,0.0,50.0,0.0,0.0,0.0,0.0,0.0,50.0,0.0,0.0,-1,0.0,G2_EDGE,reg.sell_ok=False  regime='low_med_flat',-1,0.0,0.0,
BNB/USDT,263,2026-03-20 20:00:00,long,0.50515,67.86,60.0,639.73,4.168571,low_med_flat,False,False,False,False,False,0.0,0.0,50.0,0.0,0.0,0.0,0.0,0.0,50.0,0.0,0.0,-1,0.0,G2_EDGE,reg.buy_ok=False  regime='low_med_flat',-1,0.0,0.0,
BNB/USDT,264,2026-03-20 21:00:00,long,0.50015,73.16,60.0,641.74,4.11,low_med_flat,False,False,False,False,False,0.0,0.0,50.0,0.0,0.0,0.0,0.0,0.0,50.0,0.0,0.0,-1,0.0,G2_EDGE,reg.buy_ok=False  regime='low_med_flat',-1,0.0,0.0,
BNB/USDT,265,2026-03-20 22:00:00,short,0.52128,73.38,60.0,643.7,4.034286,low_med_flat,False,False,False,False,False,0.0,0.0,50.0,0.0,0.0,0.0,0.0,0.0,50.0,0.0,0.0,-1,0.0,G2_EDGE,reg.sell_ok=False  regime='low_med_flat',-1,0.0,0.0,
BNB/USDT,266,2026-03-20 23:00:00,short,0.51276,73.12,60.0,642.11,3.817857,low_med_flat,False,False,False,False,False,0.0,0.0,50.0,0.0,0.0,0.0,0.0,0.0,50.0,0.0,0.0,-1,0.0,G2_EDGE,reg.sell_ok=False  regime='low_med_flat',-1,0.0,0.0,
BNB/USDT,267,2026-03-21 00:00:00,long,0.50061,73.6,60.0,642.06,3.692857,low_med_flat,False,False,False,False,False,0.0,0.0,50.0,0.0,0.0,0.0,0.0,0.0,50.0,0.0,0.0,-1,0.0,G2_EDGE,reg.buy_ok=False  regime='low_med_flat',-1,0.0,0.0,
BNB/USDT,268,2026-03-21 01:00:00,long,0.50779,69.2,60.0,640.61,3.622143,low_med_flat,False,False,False,False,False,0.0,0.0,50.0,0.0,0.0,0.0,0.0,0.0,50.0,0.0,0.0,-1,0.0,G2_EDGE,reg.buy_ok=False  regime='low_med_flat',-1,0.0,0.0,
BNB/USDT,269,2026-03-21 02:00:00,long,0.50045,73.67,60.0,642.41,3.563571,low_med_flat,False,False,False,False,False,0.0,0.0,50.0,0.0,0.0,0.0,0.0,0.0,50.0,0.0,0.0,-1,0.0,G2_EDGE,reg.buy_ok=False  regime='low_med_flat',-1,0.0,0.0,
BNB/USDT,270,2026-03-21 03:00:00,long,0.50782,73.29,60.0,642.32,3.243571,low_low_flat,True,True,False,True,True,0.0,0.1290379104879842,71.48160175256238,0.0,-3.5e-05,0.006,0.0,0.0,50.0,0.0,0.0,-1,0.0,G4_EV,ev=-0.00003 <= floor=0.00600  meta_conf=0.5078,-1,0.0,0.0,
BNB/USDT,271,2026-03-21 04:00:00,long,0.50869,73.57,60.0,641.8,2.959286,low_low_flat,True,True,False,True,True,0.0,0.07632215461043884,70.8179644306942,0.0,-0.000362,0.006,0.0,0.0,50.0,0.0,0.0,-1,0.0,G4_EV,ev=-0.00036 <= floor=0.00600  meta_conf=0.5087,-1,0.0,0.0,
BNB/USDT,272,2026-03-21 05:00:00,short,0.50144,70.36,60.0,642.22,2.812143,low_low_flat,True,True,False,True,True,0.0,0.2620224452160734,70.00573790229929,0.0,-0.000688,0.006,0.0,0.0,50.0,0.0,0.0,-1,0.0,G4_EV,ev=-0.00069 <= floor=0.00600  meta_conf=0.5014,-1,0.0,0.0,
BNB/USDT,273,2026-03-21 06:00:00,short,0.50945,68.8,60.0,643.23,2.701429,low_low_flat,True,True,False,True,True,0.0,0.4314128045478565,69.14961899861704,0.0,-0.000672,0.006,0.0,0.0,50.0,0.0,0.0,-1,0.0,G4_EV,ev=-0.00067 <= floor=0.00600  meta_conf=0.5094,-1,0.0,0.0,
BNB/USDT,274,2026-03-21 07:00:00,short,0.50742,71.98,60.0,643.11,2.494286,low_low_flat,True,True,False,True,True,0.0,0.3321011958506784,68.0176459740773,0.0,-0.000962,0.006,0.0,0.0,50.0,0.0,0.0,-1,0.0,G4_EV,ev=-0.00096 <= floor=0.00600  meta_conf=0.5074,-1,0.0,0.0,
BNB/USDT,275,2026-03-21 08:00:00,short,0.51189,70.78,60.0,643.16,2.285,low_low_flat,True,True,False,True,True,0.0,0.44513646428142806,66.95692787189971,0.0,-0.001145,0.006,0.0,0.0,50.0,0.0,0.0,-1,0.0,G4_EV,ev=-0.00115 <= floor=0.00600  meta_conf=0.5119,-1,0.0,0.0,
BNB/USDT,276,2026-03-21 09:00:00,short,0.52322,71.36,60.0,643.2,2.092857,low_low_flat,True,True,False,True,True,0.0,0.48653902380825353,71.0625019585907,0.0,-0.00122,0.006,0.0,0.0,50.0,0.0,0.0,-1,0.0,G4_EV,ev=-0.00122 <= floor=0.00600  meta_conf=0.5232,-1,0.0,0.0,
BNB/USDT,277,2026-03-21 10:00:00,short,0.51859,74.81,60.0,642.82,1.956429,low_low_flat,True,True,False,True,True,0.0,0.3575772922817766,77.91919758551218,0.0,-0.001463,0.006,0.0,0.0,50.0,0.0,0.0,-1,0.0,G4_EV,ev=-0.00146 <= floor=0.00600  meta_conf=0.5186,-1,0.0,0.0,
BNB/USDT,278,2026-03-21 11:00:00,short,0.51262,66.94,60.0,643.81,1.748571,low_low_flat,True,True,False,True,True,0.0,0.544878076514029,84.42501436098775,0.0,-0.001809,0.006,0.0,0.0,50.0,0.0,0.0,-1,0.0,G4_EV,ev=-0.00181 <= floor=0.00600  meta_conf=0.5126,-1,0.0,0.0,
BNB/USDT,279,2026-03-21 12:00:00,short,0.53252,51.82,60.0,643.89,1.598571,low_low_flat,True,True,False,False,False,0.0,0.0,50.0,0.0,0.0,0.0,0.0,0.0,50.0,0.0,0.0,-1,0.0,G2_EDGE,edge=51.8 < thr=60.0,-1,0.0,0.0,
BNB/USDT,280,2026-03-21 13:00:00,short,0.52287,56.02,60.0,644.04,1.499286,low_low_up,False,True,False,False,False,0.0,0.0,50.0,0.0,0.0,0.0,0.0,0.0,50.0,0.0,0.0,-1,0.0,G2_EDGE,edge=56.0 < thr=60.0,-1,0.0,0.0,
BNB/USDT,281,2026-03-21 14:00:00,short,0.53797,76.13,60.0,642.22,1.671429,low_low_flat,True,True,False,True,True,0.0,0.10469378441115017,64.57868503418312,0.0,-0.001603,0.006,0.0,0.0,50.0,0.0,0.0,-1,0.0,G4_EV,ev=-0.00160 <= floor=0.00600  meta_conf=0.5380,-1,0.0,0.0,
BNB/USDT,282,2026-03-21 15:00:00,short,0.53248,59.49,60.0,642.82,1.607143,low_low_flat,True,True,False,False,False,0.0,0.0,50.0,0.0,0.0,0.0,0.0,0.0,50.0,0.0,0.0,-1,0.0,G2_EDGE,edge=59.5 < thr=60.0,-1,0.0,0.0,
BNB/USDT,283,2026-03-21 16:00:00,short,0.54171,58.81,60.0,641.35,1.615,low_low_flat,True,True,False,False,False,0.0,0.0,50.0,0.0,0.0,0.0,0.0,0.0,50.0,0.0,0.0,-1,0.0,G2_EDGE,edge=58.8 < thr=60.0,-1,0.0,0.0,
BNB/USDT,284,2026-03-21 17:00:00,short,0.54297,56.02,60.0,641.34,1.635,low_low_flat,True,True,False,False,False,0.0,0.0,50.0,0.0,0.0,0.0,0.0,0.0,50.0,0.0,0.0,-1,0.0,G2_EDGE,edge=56.0 < thr=60.0,-1,0.0,0.0,
BNB/USDT,285,2026-03-21 18:00:00,short,0.52532,73.63,60.0,641.56,1.629286,low_low_flat,True,True,False,True,True,0.0,-0.3413653440001138,59.02291115780915,0.0,-0.001806,0.006,0.0,0.0,50.0,0.0,0.0,-1,0.0,G4_EV,ev=-0.00181 <= floor=0.00600  meta_conf=0.5253,-1,0.0,0.0,
BNB/USDT,286,2026-03-21 19:00:00,short,0.54204,73.25,60.0,641.61,1.567857,low_low_flat,True,True,False,True,True,0.0,-0.38055273955184993,57.25832178505977,0.0,-0.001705,0.006,0.0,0.0,50.0,0.0,0.0,-1,0.0,G4_EV,ev=-0.00170 <= floor=0.00600  meta_conf=0.5420,-1,0.0,0.0,
BNB/USDT,287,2026-03-21 20:00:00,short,0.54151,72.13,60.0,642.47,1.543571,low_low_flat,True,True,False,True,True,0.0,-0.11250402072344724,55.53904703582155,0.0,-0.001749,0.006,0.0,0.0,50.0,0.0,0.0,-1,0.0,G4_EV,ev=-0.00175 <= floor=0.00600  meta_conf=0.5415,-1,0.0,0.0,
BNB/USDT,288,2026-03-21 21:00:00,short,0.53952,55.46,60.0,641.72,1.515,low_low_flat,True,True,False,False,False,0.0,0.0,50.0,0.0,0.0,0.0,0.0,0.0,50.0,0.0,0.0,-1,0.0,G2_EDGE,edge=55.5 < thr=60.0,-1,0.0,0.0,
BNB/USDT,289,2026-03-21 22:00:00,short,0.5473,56.64,60.0,642.27,1.522857,low_low_flat,True,True,False,False,False,0.0,0.0,50.0,0.0,0.0,0.0,0.0,0.0,50.0,0.0,0.0,-1,0.0,G2_EDGE,edge=56.6 < thr=60.0,-1,0.0,0.0,
BNB/USDT,290,2026-03-21 23:00:00,long,0.50001,79.05,60.0,630.7,2.461429,low_low_down,False,False,False,False,False,0.0,0.0,50.0,0.0,0.0,0.0,0.0,0.0,50.0,0.0,0.0,-1,0.0,G2_EDGE,reg.buy_ok=False  regime='low_low_down',-1,0.0,0.0,
BNB/USDT,291,2026-03-22 00:00:00,long,0.56016,100.0,60.0,630.38,3.077857,low_low_down,False,False,False,False,False,0.0,0.0,50.0,0.0,0.0,0.0,0.0,0.0,50.0,0.0,0.0,-1,0.0,G2_EDGE,reg.buy_ok=False  regime='low_low_down',-1,0.0,0.0,
BNB/USDT,292,2026-03-22 01:00:00,long,0.56258,84.04,60.0,631.09,3.197143,low_low_down,False,False,False,False,False,0.0,0.0,50.0,0.0,0.0,0.0,0.0,0.0,50.0,0.0,0.0,-1,0.0,G2_EDGE,reg.buy_ok=False  regime='low_low_down',-1,0.0,0.0,
BNB/USDT,293,2026-03-22 02:00:00,long,0.55334,73.18,60.0,634.33,3.433571,low_med_down,True,False,False,False,False,0.0,-0.5238898906860031,6.349860551490847,0.0,0.001359,0.006,0.0,0.0,50.0,0.0,0.0,-1,0.0,G4_EV,ev=0.00136 <= floor=0.00600  meta_conf=0.5533,-1,0.0,0.0,
BNB/USDT,294,2026-03-22 03:00:00,long,0.52239,75.27,60.0,634.84,3.710714,low_med_down,True,False,False,False,False,0.0,-0.43845371284631585,9.232611237176386,0.0,0.000973,0.006,0.0,0.0,50.0,0.0,0.0,-1,0.0,G4_EV,ev=0.00097 <= floor=0.00600  meta_conf=0.5224,-1,0.0,0.0,
BNB/USDT,295,2026-03-22 04:00:00,short,0.51391,84.09,60.0,635.15,3.700714,low_med_down,True,False,False,False,False,0.0,0.0,50.0,0.0,0.0,0.0,0.0,0.0,50.0,0.0,0.0,-1,0.0,G2_EDGE,reg.sell_ok=False  regime='low_med_down',-1,0.0,0.0,
BNB/USDT,296,2026-03-22 05:00:00,long,0.51316,71.84,60.0,633.56,3.738571,low_med_down,True,False,False,False,False,0.0,-0.5668682841212922,19.520622116968173,0.0,0.000775,0.006,0.0,0.0,50.0,0.0,0.0,-1,0.0,G4_EV,ev=0.00078 <= floor=0.00600  meta_conf=0.5132,-1,0.0,0.0,
BNB/USDT,297,2026-03-22 06:00:00,long,0.50175,70.79,60.0,633.62,3.699286,low_med_down,True,False,False,False,False,0.0,-0.4343272456895449,22.801352534329926,0.0,0.000425,0.006,0.0,0.0,50.0,0.0,0.0,-1,0.0,G4_EV,ev=0.00042 <= floor=0.00600  meta_conf=0.5017,-1,0.0,0.0,
BNB/USDT,298,2026-03-22 07:00:00,long,0.53005,81.87,60.0,631.99,3.8,low_med_down,True,False,False,False,True,0.0,-0.5873404574588746,24.988714044297616,0.0,0.001323,0.006,0.0,0.0,50.0,0.0,0.0,-1,0.0,G4_EV,ev=0.00132 <= floor=0.00600  meta_conf=0.5300,-1,0.0,0.0,
BNB/USDT,299,2026-03-22 08:00:00,long,0.59423,85.01,60.0,630.85,3.926429,low_med_down,True,False,False,False,True,0.0,-0.6504186297186748,27.17930858129906,0.0,0.003307,0.006,0.0,0.0,50.0,0.0,0.0,-1,0.0,G4_EV,ev=0.00331 <= floor=0.00600  meta_conf=0.5942,-1,0.0,0.0,
BNB/USDT,300,2026-03-22 09:00:00,long,0.58268,82.78,60.0,631.11,4.014286,low_med_down,True,False,False,False,True,0.0,-0.5217926028770882,29.38089589385694,0.0,0.003137,0.006,0.0,0.0,50.0,0.0,0.0,-1,0.0,G4_EV,ev=0.00314 <= floor=0.00600  meta_conf=0.5827,-1,0.0,0.0,
BNB/USDT,301,2026-03-22 10:00:00,long,0.60458,83.42,60.0,629.61,4.102857,low_med_down,True,False,False,False,True,0.0,-0.6254403892089156,31.55484340742507,0.0,0.003954,0.006,0.0,0.0,50.0,0.0,0.0,-1,0.0,G4_EV,ev=0.00395 <= floor=0.00600  meta_conf=0.6046,-1,0.0,0.0,
BNB/USDT,302,2026-03-22 11:00:00,long,0.60654,85.22,60.0,627.9,4.199286,low_med_down,True,False,False,False,True,0.0,-0.6821002162254989,33.72741046270376,0.0,0.004222,0.006,0.0,0.0,50.0,0.0,0.0,-1,0.0,G4_EV,ev=0.00422 <= floor=0.00600  meta_conf=0.6065,-1,0.0,0.0,
BNB/USDT,303,2026-03-22 12:00:00,long,0.62187,86.27,60.0,629.48,4.308571,low_med_down,True,False,False,False,True,0.0,-0.5204574400885239,36.60750192060637,0.0,0.004887,0.006,0.0,0.0,50.0,0.0,0.0,-1,0.0,G4_EV,ev=0.00489 <= floor=0.00600  meta_conf=0.6219,-1,0.0,0.0,
BNB/USDT,304,2026-03-22 13:00:00,long,0.50778,85.31,60.0,630.24,3.465714,low_med_down,True,False,False,False,True,0.0,-0.4683302521417423,47.43032241247127,0.0,0.000317,0.006,0.0,0.0,50.0,0.0,0.0,-1,0.0,G4_EV,ev=0.00032 <= floor=0.00600  meta_conf=0.5078,-1,0.0,0.0,
BNB/USDT,305,2026-03-22 14:00:00,long,0.55027,80.12,60.0,629.98,2.965,low_low_down,False,False,False,False,False,0.0,0.0,50.0,0.0,0.0,0.0,0.0,0.0,50.0,0.0,0.0,-1,0.0,G2_EDGE,reg.buy_ok=False  regime='low_low_down',-1,0.0,0.0,
BNB/USDT,306,2026-03-22 15:00:00,long,0.58948,83.4,60.0,629.7,2.936429,low_low_down,False,False,False,False,False,0.0,0.0,50.0,0.0,0.0,0.0,0.0,0.0,50.0,0.0,0.0,-1,0.0,G2_EDGE,reg.buy_ok=False  regime='low_low_down',-1,0.0,0.0,
BNB/USDT,307,2026-03-22 16:00:00,long,0.5144,84.25,60.0,630.55,2.750714,low_low_down,False,False,False,False,False,0.0,0.0,50.0,0.0,0.0,0.0,0.0,0.0,50.0,0.0,0.0,-1,0.0,G2_EDGE,reg.buy_ok=False  regime='low_low_down',-1,0.0,0.0,
BNB/USDT,308,2026-03-22 17:00:00,long,0.50713,83.83,60.0,630.64,2.569286,low_low_down,False,False,False,False,False,0.0,0.0,50.0,0.0,0.0,0.0,0.0,0.0,50.0,0.0,0.0,-1,0.0,G2_EDGE,reg.buy_ok=False  regime='low_low_down',-1,0.0,0.0,
BNB/USDT,309,2026-03-22 18:00:00,long,0.50362,79.57,60.0,629.6,2.547143,low_low_down,False,False,False,False,False,0.0,0.0,50.0,0.0,0.0,0.0,0.0,0.0,50.0,0.0,0.0,-1,0.0,G2_EDGE,reg.buy_ok=False  regime='low_low_down',-1,0.0,0.0,
BNB/USDT,310,2026-03-22 19:00:00,long,0.53813,80.65,60.0,627.44,2.592143,low_low_down,False,False,False,False,False,0.0,0.0,50.0,0.0,0.0,0.0,0.0,0.0,50.0,0.0,0.0,-1,0.0,G2_EDGE,reg.buy_ok=False  regime='low_low_down',-1,0.0,0.0,
BNB/USDT,311,2026-03-22 20:00:00,long,0.51601,78.64,60.0,628.07,2.644286,low_low_down,False,False,False,False,False,0.0,0.0,50.0,0.0,0.0,0.0,0.0,0.0,50.0,0.0,0.0,-1,0.0,G2_EDGE,reg.buy_ok=False  regime='low_low_down',-1,0.0,0.0,
BNB/USDT,312,2026-03-22 21:00:00,long,0.60196,100.0,60.0,625.91,2.909286,med_low_down,False,True,False,False,False,0.0,0.0,50.0,0.0,0.0,0.0,0.0,0.0,50.0,0.0,0.0,-1,0.0,G2_EDGE,reg.buy_ok=False  regime='med_low_down',-1,0.0,0.0,
BNB/USDT,313,2026-03-22 22:00:00,long,0.50354,88.29,60.0,629.92,3.18,med_low_down,False,True,False,False,False,0.0,0.0,50.0,0.0,0.0,0.0,0.0,0.0,50.0,0.0,0.0,-1,0.0,G2_EDGE,reg.buy_ok=False  regime='med_low_down',-1,0.0,0.0,
BNB/USDT,314,2026-03-22 23:00:00,long,0.53471,80.38,60.0,626.41,3.41,low_med_flat,False,False,False,False,False,0.0,0.0,50.0,0.0,0.0,0.0,0.0,0.0,50.0,0.0,0.0,-1,0.0,G2_EDGE,reg.buy_ok=False  regime='low_med_flat',-1,0.0,0.0,
BNB/USDT,315,2026-03-23 00:00:00,long,0.59449,100.0,60.0,624.77,3.679286,low_med_flat,False,False,False,False,False,0.0,0.0,50.0,0.0,0.0,0.0,0.0,0.0,50.0,0.0,0.0,-1,0.0,G2_EDGE,reg.buy_ok=False  regime='low_med_flat',-1,0.0,0.0,
BNB/USDT,316,2026-03-23 01:00:00,long,0.62906,91.58,60.0,626.43,3.823571,low_med_flat,False,False,False,False,False,0.0,0.0,50.0,0.0,0.0,0.0,0.0,0.0,50.0,0.0,0.0,-1,0.0,G2_EDGE,reg.buy_ok=False  regime='low_med_flat',-1,0.0,0.0,
BNB/USDT,317,2026-03-23 02:00:00,long,0.56534,75.21,60.0,628.74,3.947143,low_med_flat,False,False,False,False,False,0.0,0.0,50.0,0.0,0.0,0.0,0.0,0.0,50.0,0.0,0.0,-1,0.0,G2_EDGE,reg.buy_ok=False  regime='low_med_flat',-1,0.0,0.0,
BNB/USDT,318,2026-03-23 03:00:00,long,0.62,84.63,60.0,626.47,4.076429,low_med_down,True,False,False,False,True,0.0,-0.33373690337265954,55.19526181394658,0.0,0.004394,0.006,0.0,0.0,50.0,0.0,0.0,-1,0.0,G4_EV,ev=0.00439 <= floor=0.00600  meta_conf=0.6200,-1,0.0,0.0,
BNB/USDT,319,2026-03-23 04:00:00,long,0.58896,74.37,60.0,629.57,4.107857,low_med_flat,False,False,False,False,False,0.0,0.0,50.0,0.0,0.0,0.0,0.0,0.0,50.0,0.0,0.0,-1,0.0,G2_EDGE,reg.buy_ok=False  regime='low_med_flat',-1,0.0,0.0,
BNB/USDT,320,2026-03-23 05:00:00,long,0.53043,68.42,60.0,631.92,4.102143,low_med_flat,False,False,False,False,False,0.0,0.0,50.0,0.0,0.0,0.0,0.0,0.0,50.0,0.0,0.0,-1,0.0,G2_EDGE,reg.buy_ok=False  regime='low_med_flat',-1,0.0,0.0,
BNB/USDT,321,2026-03-23 06:00:00,long,0.59606,100.0,60.0,622.87,4.750714,low_high_down,,,True,False,False,0.0,0.0,50.0,0.0,0.0,0.0,0.0,0.0,50.0,0.0,0.0,-1,0.0,G1_REGIME,regime='low_high_down' skipped=True reg_empty=False,-1,0.0,0.0,
BNB/USDT,322,2026-03-23 07:00:00,long,0.51796,88.82,60.0,624.33,4.96,low_high_down,,,True,False,False,0.0,0.0,50.0,0.0,0.0,0.0,0.0,0.0,50.0,0.0,0.0,-1,0.0,G1_REGIME,regime='low_high_down' skipped=True reg_empty=False,-1,0.0,0.0,
BNB/USDT,323,2026-03-23 08:00:00,long,0.51166,71.61,60.0,624.38,4.885714,low_high_down,,,True,False,False,0.0,0.0,50.0,0.0,0.0,0.0,0.0,0.0,50.0,0.0,0.0,-1,0.0,G1_REGIME,regime='low_high_down' skipped=True reg_empty=False,-1,0.0,0.0,
BNB/USDT,324,2026-03-23 09:00:00,short,0.50512,83.03,60.0,625.78,4.991429,low_high_flat,,,True,False,False,0.0,0.0,50.0,0.0,0.0,0.0,0.0,0.0,50.0,0.0,0.0,-1,0.0,G1_REGIME,regime='low_high_flat' skipped=True reg_empty=False,-1,0.0,0.0,
BNB/USDT,325,2026-03-23 10:00:00,long,0.55237,81.61,60.0,626.62,5.022857,med_high_flat,,,True,False,False,0.0,0.0,50.0,0.0,0.0,0.0,0.0,0.0,50.0,0.0,0.0,-1,0.0,G1_REGIME,regime='med_high_flat' skipped=True reg_empty=False,-1,0.0,0.0,
BNB/USDT,326,2026-03-23 11:00:00,long,0.64328,99.43,60.0,638.4,6.293571,high_high_up,False,True,False,False,False,0.0,0.0,50.0,0.0,0.0,0.0,0.0,0.0,50.0,0.0,0.0,-1,0.0,G2_EDGE,reg.buy_ok=False  regime='high_high_up',-1,0.0,0.0,
BNB/USDT,327,2026-03-23 12:00:00,long,0.6534,82.02,60.0,645.17,6.492857,high_high_up,False,True,False,False,False,0.0,0.0,50.0,0.0,0.0,0.0,0.0,0.0,50.0,0.0,0.0,-1,0.0,G2_EDGE,reg.buy_ok=False  regime='high_high_up',-1,0.0,0.0,
BNB/USDT,328,2026-03-23 13:00:00,long,0.66007,72.8,60.0,647.81,6.596429,high_high_up,False,True,False,False,False,0.0,0.0,50.0,0.0,0.0,0.0,0.0,0.0,50.0,0.0,0.0,-1,0.0,G2_EDGE,reg.buy_ok=False  regime='high_high_up',-1,0.0,0.0,
BNB/USDT,329,2026-03-23 14:00:00,long,0.63524,75.32,60.0,646.21,6.533571,high_high_up,False,True,False,False,False,0.0,0.0,50.0,0.0,0.0,0.0,0.0,0.0,50.0,0.0,0.0,-1,0.0,G2_EDGE,reg.buy_ok=False  regime='high_high_up',-1,0.0,0.0,
BNB/USDT,330,2026-03-23 15:00:00,long,0.64725,94.02,60.0,637.25,7.003571,high_high_up,False,True,False,False,False,0.0,0.0,50.0,0.0,0.0,0.0,0.0,0.0,50.0,0.0,0.0,-1,0.0,G2_EDGE,reg.buy_ok=False  regime='high_high_up',-1,0.0,0.0,
BNB/USDT,331,2026-03-23 16:00:00,long,0.65712,91.59,60.0,635.7,7.033571,high_high_up,False,True,False,False,False,0.0,0.0,50.0,0.0,0.0,0.0,0.0,0.0,50.0,0.0,0.0,-1,0.0,G2_EDGE,reg.buy_ok=False  regime='high_high_up',-1,0.0,0.0,
BNB/USDT,332,2026-03-23 17:00:00,long,0.66068,93.21,60.0,637.98,7.112857,high_high_up,False,True,False,False,False,0.0,0.0,50.0,0.0,0.0,0.0,0.0,0.0,50.0,0.0,0.0,-1,0.0,G2_EDGE,reg.buy_ok=False  regime='high_high_up',-1,0.0,0.0,
BNB/USDT,333,2026-03-23 18:00:00,long,0.64848,86.65,60.0,639.52,7.124286,high_high_up,False,True,False,False,False,0.0,0.0,50.0,0.0,0.0,0.0,0.0,0.0,50.0,0.0,0.0,-1,0.0,G2_EDGE,reg.buy_ok=False  regime='high_high_up',-1,0.0,0.0,
BNB/USDT,334,2026-03-23 19:00:00,long,0.63863,84.54,60.0,637.62,7.212857,high_high_up,False,True,False,False,False,0.0,0.0,50.0,0.0,0.0,0.0,0.0,0.0,50.0,0.0,0.0,-1,0.0,G2_EDGE,reg.buy_ok=False  regime='high_high_up',-1,0.0,0.0,
BNB/USDT,335,2026-03-23 20:00:00,long,0.62352,84.5,60.0,639.23,6.688571,high_high_up,False,True,False,False,False,0.0,0.0,50.0,0.0,0.0,0.0,0.0,0.0,50.0,0.0,0.0,-1,0.0,G2_EDGE,reg.buy_ok=False  regime='high_high_up',-1,0.0,0.0,
BNB/USDT,336,2026-03-23 21:00:00,long,0.62209,84.43,60.0,639.59,6.445714,high_high_up,False,True,False,False,False,0.0,0.0,50.0,0.0,0.0,0.0,0.0,0.0,50.0,0.0,0.0,-1,0.0,G2_EDGE,reg.buy_ok=False  regime='high_high_up',-1,0.0,0.0,
BNB/USDT,337,2026-03-23 22:00:00,long,0.60237,83.16,60.0,638.53,6.442143,high_high_up,False,True,False,False,False,0.0,0.0,50.0,0.0,0.0,0.0,0.0,0.0,50.0,0.0,0.0,-1,0.0,G2_EDGE,reg.buy_ok=False  regime='high_high_up',-1,0.0,0.0,
BNB/USDT,338,2026-03-23 23:00:00,long,0.6091,83.52,60.0,639.11,6.344286,high_high_up,False,True,False,False,False,0.0,0.0,50.0,0.0,0.0,0.0,0.0,0.0,50.0,0.0,0.0,-1,0.0,G2_EDGE,reg.buy_ok=False  regime='high_high_up',-1,0.0,0.0,
BNB/USDT,339,2026-03-24 00:00:00,long,0.55959,79.16,60.0,636.69,6.513571,high_high_up,False,True,False,False,False,0.0,0.0,50.0,0.0,0.0,0.0,0.0,0.0,50.0,0.0,0.0,-1,0.0,G2_EDGE,reg.buy_ok=False  regime='high_high_up',-1,0.0,0.0,
BNB/USDT,340,2026-03-24 01:00:00,long,0.55428,73.99,60.0,633.67,5.097857,high_high_up,False,True,False,False,False,0.0,0.0,50.0,0.0,0.0,0.0,0.0,0.0,50.0,0.0,0.0,-1,0.0,G2_EDGE,reg.buy_ok=False  regime='high_high_up',-1,0.0,0.0,
BNB/USDT,341,2026-03-24 02:00:00,long,0.5606,74.43,60.0,632.81,4.64,high_med_flat,False,False,False,False,False,0.0,0.0,50.0,0.0,0.0,0.0,0.0,0.0,50.0,0.0,0.0,-1,0.0,G2_EDGE,reg.buy_ok=False  regime='high_med_flat',-1,0.0,0.0,
BNB/USDT,342,2026-03-24 03:00:00,long,0.55731,73.13,60.0,632.7,4.255,high_med_up,False,True,False,False,False,0.0,0.0,50.0,0.0,0.0,0.0,0.0,0.0,50.0,0.0,0.0,-1,0.0,G2_EDGE,reg.buy_ok=False  regime='high_med_up',-1,0.0,0.0,
BNB/USDT,343,2026-03-24 04:00:00,long,0.57811,84.39,60.0,629.34,4.248571,high_med_flat,False,False,False,False,False,0.0,0.0,50.0,0.0,0.0,0.0,0.0,0.0,50.0,0.0,0.0,-1,0.0,G2_EDGE,reg.buy_ok=False  regime='high_med_flat',-1,0.0,0.0,
BNB/USDT,344,2026-03-24 05:00:00,long,0.53293,81.7,60.0,629.29,3.636429,high_med_flat,False,False,False,False,False,0.0,0.0,50.0,0.0,0.0,0.0,0.0,0.0,50.0,0.0,0.0,-1,0.0,G2_EDGE,reg.buy_ok=False  regime='high_med_flat',-1,0.0,0.0,
BNB/USDT,345,2026-03-24 06:00:00,long,0.57498,75.03,60.0,631.0,3.430714,high_med_up,False,True,False,False,False,0.0,0.0,50.0,0.0,0.0,0.0,0.0,0.0,50.0,0.0,0.0,-1,0.0,G2_EDGE,reg.buy_ok=False  regime='high_med_up',-1,0.0,0.0,
BNB/USDT,346,2026-03-24 07:00:00,long,0.51937,75.66,60.0,637.86,3.577143,high_med_up,False,True,False,False,False,0.0,0.0,50.0,0.0,0.0,0.0,0.0,0.0,50.0,0.0,0.0,-1,0.0,G2_EDGE,reg.buy_ok=False  regime='high_med_up',-1,0.0,0.0,
BNB/USDT,347,2026-03-24 08:00:00,long,0.53113,73.39,60.0,634.78,3.602857,high_med_up,False,True,False,False,False,0.0,0.0,50.0,0.0,0.0,0.0,0.0,0.0,50.0,0.0,0.0,-1,0.0,G2_EDGE,reg.buy_ok=False  regime='high_med_up',-1,0.0,0.0,
BNB/USDT,348,2026-03-24 09:00:00,long,0.5275,76.09,60.0,638.56,3.686429,high_med_up,False,True,False,False,False,0.0,0.0,50.0,0.0,0.0,0.0,0.0,0.0,50.0,0.0,0.0,-1,0.0,G2_EDGE,reg.buy_ok=False  regime='high_med_up',-1,0.0,0.0,
BNB/USDT,349,2026-03-24 10:00:00,long,0.53633,75.55,60.0,638.12,3.611429,high_med_up,False,True,False,False,False,0.0,0.0,50.0,0.0,0.0,0.0,0.0,0.0,50.0,0.0,0.0,-1,0.0,G2_EDGE,reg.buy_ok=False  regime='high_med_up',-1,0.0,0.0,
BNB/USDT,350,2026-03-24 11:00:00,long,0.5359,80.01,60.0,638.88,3.759286,high_med_flat,False,False,False,False,False,0.0,0.0,50.0,0.0,0.0,0.0,0.0,0.0,50.0,0.0,0.0,-1,0.0,G2_EDGE,reg.buy_ok=False  regime='high_med_flat',-1,0.0,0.0,
BNB/USDT,351,2026-03-24 12:00:00,long,0.50316,77.67,60.0,637.48,3.757857,high_med_down,False,True,False,False,False,0.0,0.0,50.0,0.0,0.0,0.0,0.0,0.0,50.0,0.0,0.0,-1,0.0,G2_EDGE,reg.buy_ok=False  regime='high_med_down',-1,0.0,0.0,
BNB/USDT,352,2026-03-24 13:00:00,long,0.57932,100.0,60.0,632.17,4.042857,high_med_down,False,True,False,False,False,0.0,0.0,50.0,0.0,0.0,0.0,0.0,0.0,50.0,0.0,0.0,-1,0.0,G2_EDGE,reg.buy_ok=False  regime='high_med_down',-1,0.0,0.0,
BNB/USDT,353,2026-03-24 14:00:00,long,0.53367,100.0,60.0,629.91,4.163571,high_med_down,False,True,False,False,False,0.0,0.0,50.0,0.0,0.0,0.0,0.0,0.0,50.0,0.0,0.0,-1,0.0,G2_EDGE,reg.buy_ok=False  regime='high_med_down',-1,0.0,0.0,
BNB/USDT,354,2026-03-24 15:00:00,long,0.54153,86.67,60.0,630.98,4.097143,med_med_flat,True,False,False,False,True,0.0,-0.29286753132929544,55.46984147525471,0.0,0.002084,0.006,0.0,0.0,50.0,0.0,0.0,-1,0.0,G4_EV,ev=0.00208 <= floor=0.00600  meta_conf=0.5415,-1,0.0,0.0,
BNB/USDT,355,2026-03-24 16:00:00,long,0.55416,81.83,60.0,629.27,4.125714,med_med_down,True,False,False,False,True,0.0,-0.49976182730522006,55.11063679092686,0.0,0.002515,0.006,0.0,0.0,50.0,0.0,0.0,-1,0.0,G4_EV,ev=0.00252 <= floor=0.00600  meta_conf=0.5542,-1,0.0,0.0,
BNB/USDT,356,2026-03-24 17:00:00,long,0.55562,62.59,60.0,628.85,4.232857,low_med_down,True,False,False,False,True,0.0,-0.6025678358574527,54.46925335767799,0.0,0.002733,0.006,0.0,0.0,50.0,0.0,0.0,-1,0.0,G4_EV,ev=0.00273 <= floor=0.00600  meta_conf=0.5556,-1,0.0,0.0,
BNB/USDT,357,2026-03-24 18:00:00,long,0.55627,60.67,60.0,630.69,4.142857,low_med_down,True,False,False,False,True,0.0,-0.3104203025704709,54.39496254476206,0.0,0.00259,0.006,0.0,0.0,50.0,0.0,0.0,-1,0.0,G4_EV,ev=0.00259 <= floor=0.00600  meta_conf=0.5563,-1,0.0,0.0,
BNB/USDT,358,2026-03-24 19:00:00,long,0.55739,57.62,60.0,630.29,4.150714,low_med_down,True,False,False,False,False,0.0,0.0,50.0,0.0,0.0,0.0,0.0,0.0,50.0,0.0,0.0,-1,0.0,G2_EDGE,edge=57.6 < thr=60.0,-1,0.0,0.0,
BNB/USDT,359,2026-03-24 20:00:00,long,0.5459,51.91,60.0,636.79,4.534286,low_med_flat,False,False,False,False,False,0.0,0.0,50.0,0.0,0.0,0.0,0.0,0.0,50.0,0.0,0.0,-1,0.0,G2_EDGE,reg.buy_ok=False  regime='low_med_flat',-1,0.0,0.0,
BNB/USDT,360,2026-03-24 21:00:00,long,0.56237,46.54,60.0,637.62,4.174286,low_med_flat,False,False,False,False,False,0.0,0.0,50.0,0.0,0.0,0.0,0.0,0.0,50.0,0.0,0.0,-1,0.0,G2_EDGE,reg.buy_ok=False  regime='low_med_flat',-1,0.0,0.0,
BNB/USDT,361,2026-03-24 22:00:00,long,0.51933,44.6,60.0,636.75,4.108571,low_med_flat,False,False,False,False,False,0.0,0.0,50.0,0.0,0.0,0.0,0.0,0.0,50.0,0.0,0.0,-1,0.0,G2_EDGE,reg.buy_ok=False  regime='low_med_flat',-1,0.0,0.0,
BNB/USDT,362,2026-03-24 23:00:00,long,0.55402,48.68,60.0,638.3,4.004286,low_med_flat,False,False,False,False,False,0.0,0.0,50.0,0.0,0.0,0.0,0.0,0.0,50.0,0.0,0.0,-1,0.0,G2_EDGE,reg.buy_ok=False  regime='low_med_flat',-1,0.0,0.0,
BNB/USDT,363,2026-03-25 00:00:00,long,0.56268,54.08,60.0,640.08,4.152143,low_med_flat,False,False,False,False,False,0.0,0.0,50.0,0.0,0.0,0.0,0.0,0.0,50.0,0.0,0.0,-1,0.0,G2_EDGE,reg.buy_ok=False  regime='low_med_flat',-1,0.0,0.0,
BNB/USDT,364,2026-03-25 01:00:00,long,0.52945,56.28,60.0,638.99,4.085714,low_med_up,False,False,False,False,False,0.0,0.0,50.0,0.0,0.0,0.0,0.0,0.0,50.0,0.0,0.0,-1,0.0,G2_EDGE,reg.buy_ok=False  regime='low_med_up',-1,0.0,0.0,
BNB/USDT,365,2026-03-25 02:00:00,long,0.57048,50.32,60.0,639.37,4.019286,low_med_up,False,False,False,False,False,0.0,0.0,50.0,0.0,0.0,0.0,0.0,0.0,50.0,0.0,0.0,-1,0.0,G2_EDGE,reg.buy_ok=False  regime='low_med_up',-1,0.0,0.0,
BNB/USDT,366,2026-03-25 03:00:00,long,0.59026,44.91,60.0,642.22,3.832857,low_med_up,False,False,False,False,False,0.0,0.0,50.0,0.0,0.0,0.0,0.0,0.0,50.0,0.0,0.0,-1,0.0,G2_EDGE,reg.buy_ok=False  regime='low_med_up',-1,0.0,0.0,
BNB/USDT,367,2026-03-25 04:00:00,long,0.58463,43.14,60.0,642.82,3.442857,low_med_up,False,False,False,False,False,0.0,0.0,50.0,0.0,0.0,0.0,0.0,0.0,50.0,0.0,0.0,-1,0.0,G2_EDGE,reg.buy_ok=False  regime='low_med_up',-1,0.0,0.0,
BNB/USDT,368,2026-03-25 05:00:00,long,0.58635,45.43,60.0,643.83,3.437143,low_med_up,False,False,False,False,False,0.0,0.0,50.0,0.0,0.0,0.0,0.0,0.0,50.0,0.0,0.0,-1,0.0,G2_EDGE,reg.buy_ok=False  regime='low_med_up',-1,0.0,0.0,
BNB/USDT,369,2026-03-25 06:00:00,long,0.57651,47.56,60.0,644.86,3.410714,low_med_up,False,False,False,False,False,0.0,0.0,50.0,0.0,0.0,0.0,0.0,0.0,50.0,0.0,0.0,-1,0.0,G2_EDGE,reg.buy_ok=False  regime='low_med_up',-1,0.0,0.0,
BNB/USDT,370,2026-03-25 07:00:00,long,0.56996,67.82,60.0,643.57,3.438571,low_med_up,False,False,False,False,False,0.0,0.0,50.0,0.0,0.0,0.0,0.0,0.0,50.0,0.0,0.0,-1,0.0,G2_EDGE,reg.buy_ok=False  regime='low_med_up',-1,0.0,0.0,
BNB/USDT,371,2026-03-25 08:00:00,long,0.56149,83.02,60.0,647.17,3.55,low_med_up,False,False,False,False,False,0.0,0.0,50.0,0.0,0.0,0.0,0.0,0.0,50.0,0.0,0.0,-1,0.0,G2_EDGE,reg.buy_ok=False  regime='low_med_up',-1,0.0,0.0,
BNB/USDT,372,2026-03-25 09:00:00,long,0.57157,86.18,60.0,649.28,3.6,med_med_up,False,False,False,False,False,0.0,0.0,50.0,0.0,0.0,0.0,0.0,0.0,50.0,0.0,0.0,-1,0.0,G2_EDGE,reg.buy_ok=False  regime='med_med_up',-1,0.0,0.0,
BNB/USDT,373,2026-03-25 10:00:00,long,0.57449,84.05,60.0,646.87,3.297857,med_low_up,True,False,False,True,False,0.0,0.47773090292945614,47.257476792817435,0.0,0.001533,0.006,0.0,0.0,50.0,0.0,0.0,-1,0.0,G4_EV,ev=0.00153 <= floor=0.00600  meta_conf=0.5745,-1,0.0,0.0,
BNB/USDT,374,2026-03-25 11:00:00,long,0.57296,67.66,60.0,648.36,3.407857,med_med_up,False,False,False,False,False,0.0,0.0,50.0,0.0,0.0,0.0,0.0,0.0,50.0,0.0,0.0,-1,0.0,G2_EDGE,reg.buy_ok=False  regime='med_med_up',-1,0.0,0.0,
BNB/USDT,375,2026-03-25 12:00:00,long,0.56186,67.78,60.0,648.99,3.549286,med_med_up,False,False,False,False,False,0.0,0.0,50.0,0.0,0.0,0.0,0.0,0.0,50.0,0.0,0.0,-1,0.0,G2_EDGE,reg.buy_ok=False  regime='med_med_up',-1,0.0,0.0,
BNB/USDT,376,2026-03-25 13:00:00,long,0.57507,65.97,60.0,649.5,3.638571,med_med_up,False,False,False,False,False,0.0,0.0,50.0,0.0,0.0,0.0,0.0,0.0,50.0,0.0,0.0,-1,0.0,G2_EDGE,reg.buy_ok=False  regime='med_med_up',-1,0.0,0.0,
BNB/USDT,377,2026-03-25 14:00:00,long,0.54484,71.4,60.0,647.12,3.573571,med_med_up,False,False,False,False,False,0.0,0.0,50.0,0.0,0.0,0.0,0.0,0.0,50.0,0.0,0.0,-1,0.0,G2_EDGE,reg.buy_ok=False  regime='med_med_up',-1,0.0,0.0,
BNB/USDT,378,2026-03-25 15:00:00,long,0.54622,76.44,60.0,645.65,3.755,med_med_up,False,False,False,False,False,0.0,0.0,50.0,0.0,0.0,0.0,0.0,0.0,50.0,0.0,0.0,-1,0.0,G2_EDGE,reg.buy_ok=False  regime='med_med_up',-1,0.0,0.0,
BNB/USDT,379,2026-03-25 16:00:00,long,0.57621,77.26,60.0,647.56,4.06,med_med_up,False,False,False,False,False,0.0,0.0,50.0,0.0,0.0,0.0,0.0,0.0,50.0,0.0,0.0,-1,0.0,G2_EDGE,reg.buy_ok=False  regime='med_med_up',-1,0.0,0.0,
BNB/USDT,380,2026-03-25 17:00:00,long,0.5567,65.36,60.0,645.3,3.965714,med_med_up,False,False,False,False,False,0.0,0.0,50.0,0.0,0.0,0.0,0.0,0.0,50.0,0.0,0.0,-1,0.0,G2_EDGE,reg.buy_ok=False  regime='med_med_up',-1,0.0,0.0,
BNB/USDT,381,2026-03-25 18:00:00,long,0.55259,67.0,60.0,645.43,4.031429,med_med_up,False,False,False,False,False,0.0,0.0,50.0,0.0,0.0,0.0,0.0,0.0,50.0,0.0,0.0,-1,0.0,G2_EDGE,reg.buy_ok=False  regime='med_med_up',-1,0.0,0.0,
BNB/USDT,382,2026-03-25 19:00:00,long,0.54606,62.71,60.0,646.03,3.947143,med_med_up,False,False,False,False,False,0.0,0.0,50.0,0.0,0.0,0.0,0.0,0.0,50.0,0.0,0.0,-1,0.0,G2_EDGE,reg.buy_ok=False  regime='med_med_up',-1,0.0,0.0,
BNB/USDT,383,2026-03-25 20:00:00,long,0.53879,63.03,60.0,646.81,3.900714,med_med_up,False,False,False,False,False,0.0,0.0,50.0,0.0,0.0,0.0,0.0,0.0,50.0,0.0,0.0,-1,0.0,G2_EDGE,reg.buy_ok=False  regime='med_med_up',-1,0.0,0.0,
BNB/USDT,384,2026-03-25 21:00:00,long,0.5273,64.71,60.0,647.17,3.846429,med_med_up,False,False,False,False,False,0.0,0.0,50.0,0.0,0.0,0.0,0.0,0.0,50.0,0.0,0.0,-1,0.0,G2_EDGE,reg.buy_ok=False  regime='med_med_up',-1,0.0,0.0,
BNB/USDT,385,2026-03-25 22:00:00,long,0.53246,66.09,60.0,649.05,3.772857,med_med_up,False,False,False,False,False,0.0,0.0,50.0,0.0,0.0,0.0,0.0,0.0,50.0,0.0,0.0,-1,0.0,G2_EDGE,reg.buy_ok=False  regime='med_med_up',-1,0.0,0.0,
BNB/USDT,386,2026-03-25 23:00:00,long,0.5169,64.08,60.0,647.66,3.710714,med_med_up,False,False,False,False,False,0.0,0.0,50.0,0.0,0.0,0.0,0.0,0.0,50.0,0.0,0.0,-1,0.0,G2_EDGE,reg.buy_ok=False  regime='med_med_up',-1,0.0,0.0,
BNB/USDT,387,2026-03-26 00:00:00,long,0.5598,74.08,60.0,647.2,3.617857,med_med_up,False,False,False,False,False,0.0,0.0,50.0,0.0,0.0,0.0,0.0,0.0,50.0,0.0,0.0,-1,0.0,G2_EDGE,reg.buy_ok=False  regime='med_med_up',-1,0.0,0.0,
BNB/USDT,388,2026-03-26 01:00:00,long,0.55724,71.74,60.0,646.61,3.459286,med_med_up,False,False,False,False,False,0.0,0.0,50.0,0.0,0.0,0.0,0.0,0.0,50.0,0.0,0.0,-1,0.0,G2_EDGE,reg.buy_ok=False  regime='med_med_up',-1,0.0,0.0,
BNB/USDT,389,2026-03-26 02:00:00,long,0.54221,51.18,60.0,643.67,3.402143,med_med_flat,True,False,False,False,False,0.0,0.0,50.0,0.0,0.0,0.0,0.0,0.0,50.0,0.0,0.0,-1,0.0,G2_EDGE,edge=51.2 < thr=60.0,-1,0.0,0.0,
BNB/USDT,390,2026-03-26 03:00:00,long,0.54868,62.85,60.0,642.9,3.251429,med_low_flat,True,True,False,False,True,0.0,-0.42964226848025683,63.37361314966681,0.0,0.000901,0.006,0.0,0.0,50.0,0.0,0.0,-1,0.0,G4_EV,ev=0.00090 <= floor=0.00600  meta_conf=0.5487,-1,0.0,0.0,
BNB/USDT,391,2026-03-26 04:00:00,long,0.53034,61.5,60.0,642.27,3.172857,med_low_flat,True,True,False,False,True,0.0,-0.48673921326454517,62.24259644263025,0.0,0.00038,0.006,0.0,0.0,50.0,0.0,0.0,-1,0.0,G4_EV,ev=0.00038 <= floor=0.00600  meta_conf=0.5303,-1,0.0,0.0,
BNB/USDT,392,2026-03-26 05:00:00,long,0.54512,66.47,60.0,635.19,3.342857,med_med_down,True,False,False,False,True,0.0,-0.703465256863464,42.84159840695879,-1.0,0.001016,0.006,0.0,0.0,50.0,0.0,0.0,-1,0.0,G4_EV,ev=0.00102 <= floor=0.00600  meta_conf=0.5451,-1,0.0,0.0,
BNB/USDT,393,2026-03-26 06:00:00,long,0.54876,64.32,60.0,635.24,3.089286,med_low_down,False,True,False,False,False,0.0,0.0,50.0,0.0,0.0,0.0,0.0,0.0,50.0,0.0,0.0,-1,0.0,G2_EDGE,reg.buy_ok=False  regime='med_low_down',-1,0.0,0.0,
BNB/USDT,394,2026-03-26 07:00:00,long,0.54369,60.87,60.0,635.37,3.006429,med_low_down,False,True,False,False,False,0.0,0.0,50.0,0.0,0.0,0.0,0.0,0.0,50.0,0.0,0.0,-1,0.0,G2_EDGE,reg.buy_ok=False  regime='med_low_down',-1,0.0,0.0,
BNB/USDT,395,2026-03-26 08:00:00,long,0.53087,62.63,60.0,633.54,3.036429,low_low_down,False,False,False,False,False,0.0,0.0,50.0,0.0,0.0,0.0,0.0,0.0,50.0,0.0,0.0,-1,0.0,G2_EDGE,reg.buy_ok=False  regime='low_low_down',-1,0.0,0.0,
BNB/USDT,396,2026-03-26 09:00:00,long,0.57478,100.0,60.0,630.08,3.293571,low_med_down,True,False,False,False,True,0.0,-0.7393139414559552,29.210668526951633,-1.0,0.001679,0.006,0.0,0.0,50.0,0.0,0.0,-1,0.0,G4_EV,ev=0.00168 <= floor=0.00600  meta_conf=0.5748,-1,0.0,0.0,
BNB/USDT,397,2026-03-26 10:00:00,long,0.57986,83.39,60.0,630.73,3.294286,low_med_down,True,False,False,False,True,0.0,-0.6069540010702738,28.727906602318257,0.0,0.001794,0.006,0.0,0.0,50.0,0.0,0.0,-1,0.0,G4_EV,ev=0.00179 <= floor=0.00600  meta_conf=0.5799,-1,0.0,0.0,
BNB/USDT,398,2026-03-26 11:00:00,long,0.58305,82.06,60.0,629.17,3.325714,low_med_down,True,False,False,False,True,0.0,-0.7018682684621503,28.308414235962648,0.0,0.00194,0.006,0.0,0.0,50.0,0.0,0.0,-1,0.0,G4_EV,ev=0.00194 <= floor=0.00600  meta_conf=0.5831,-1,0.0,0.0,
BNB/USDT,399,2026-03-26 12:00:00,long,0.59109,82.82,60.0,629.68,3.127857,low_low_down,False,False,False,False,False,0.0,0.0,50.0,0.0,0.0,0.0,0.0,0.0,50.0,0.0,0.0,-1,0.0,G2_EDGE,reg.buy_ok=False  regime='low_low_down',-1,0.0,0.0,
BNB/USDT,400,2026-03-26 13:00:00,long,0.59383,90.76,60.0,631.54,3.255714,low_med_down,True,False,False,False,True,0.0,-0.4886357691200126,30.5981799346129,0.0,0.002043,0.006,0.0,0.0,50.0,0.0,0.0,-1,0.0,G4_EV,ev=0.00204 <= floor=0.00600  meta_conf=0.5938,-1,0.0,0.0,
BNB/USDT,401,2026-03-26 14:00:00,long,0.60233,86.62,60.0,629.65,3.406429,low_med_down,True,False,False,False,True,0.0,-0.6362510213667439,31.68966597286552,0.0,0.002549,0.006,0.0,0.0,50.0,0.0,0.0,-1,0.0,G4_EV,ev=0.00255 <= floor=0.00600  meta_conf=0.6023,-1,0.0,0.0,
BNB/USDT,402,2026-03-26 15:00:00,long,0.56107,100.0,60.0,626.82,3.6,low_med_down,True,False,False,False,True,0.0,-0.6766374840600389,28.4056558614151,-1.0,0.001886,0.006,0.0,0.0,50.0,0.0,0.0,-1,0.0,G4_EV,ev=0.00189 <= floor=0.00600  meta_conf=0.5611,-1,0.0,0.0,
BNB/USDT,403,2026-03-26 16:00:00,long,0.59379,82.57,60.0,627.05,3.417857,low_med_down,True,False,False,False,True,0.0,-0.5484367477903008,33.71285599517089,0.0,0.002389,0.006,0.0,0.0,50.0,0.0,0.0,-1,0.0,G4_EV,ev=0.00239 <= floor=0.00600  meta_conf=0.5938,-1,0.0,0.0,
BNB/USDT,404,2026-03-26 17:00:00,long,0.56387,82.16,60.0,625.69,3.523571,low_med_down,True,False,False,False,True,0.0,-0.6454679327776734,34.611430437851666,0.0,0.001842,0.006,0.0,0.0,50.0,0.0,0.0,-1,0.0,G4_EV,ev=0.00184 <= floor=0.00600  meta_conf=0.5639,-1,0.0,0.0,
BNB/USDT,405,2026-03-26 18:00:00,long,0.59698,86.2,60.0,625.74,3.610714,low_med_down,True,False,False,False,True,0.0,-0.5376969856636701,32.849998652671374,0.0,0.002846,0.006,0.0,0.0,50.0,0.0,0.0,-1,0.0,G4_EV,ev=0.00285 <= floor=0.00600  meta_conf=0.5970,-1,0.0,0.0,
BNB/USDT,406,2026-03-26 19:00:00,long,0.54688,80.94,60.0,625.68,3.168571,low_low_down,False,False,False,False,False,0.0,0.0,50.0,0.0,0.0,0.0,0.0,0.0,50.0,0.0,0.0,-1,0.0,G2_EDGE,reg.buy_ok=False  regime='low_low_down',-1,0.0,0.0,
BNB/USDT,407,2026-03-26 20:00:00,long,0.59558,91.41,60.0,629.9,3.437143,low_med_down,True,False,False,False,True,0.0,-0.32473572698423164,48.64876329451454,0.0,0.002439,0.006,0.0,0.0,50.0,0.0,0.0,-1,0.0,G4_EV,ev=0.00244 <= floor=0.00600  meta_conf=0.5956,-1,0.0,0.0,
BNB/USDT,408,2026-03-26 21:00:00,long,0.60022,82.14,60.0,630.78,3.493571,low_med_down,True,False,False,False,True,0.0,-0.2623322177445328,50.3911867973178,0.0,0.002652,0.006,0.0,0.0,50.0,0.0,0.0,-1,0.0,G4_EV,ev=0.00265 <= floor=0.00600  meta_conf=0.6002,-1,0.0,0.0,
BNB/USDT,409,2026-03-26 22:00:00,long,0.59317,79.12,60.0,629.73,3.526429,low_med_down,True,False,False,False,True,0.0,-0.3066228538114997,55.726673335404335,0.0,0.002548,0.006,0.0,0.0,50.0,0.0,0.0,-1,0.0,G4_EV,ev=0.00255 <= floor=0.00600  meta_conf=0.5932,-1,0.0,0.0,
BNB/USDT,410,2026-03-26 23:00:00,long,0.5727,83.54,60.0,628.86,3.305714,low_med_down,True,False,False,False,True,0.0,-0.3758164435936318,60.229837362476616,0.0,0.001662,0.006,0.0,0.0,50.0,0.0,0.0,-1,0.0,G4_EV,ev=0.00166 <= floor=0.00600  meta_conf=0.5727,-1,0.0,0.0,
BNB/USDT,411,2026-03-27 00:00:00,long,0.61756,85.79,60.0,629.13,3.267857,low_med_down,True,False,False,False,True,0.0,-0.24855482589517713,60.20874569587087,0.0,0.002644,0.006,0.0,0.0,50.0,0.0,0.0,-1,0.0,G4_EV,ev=0.00264 <= floor=0.00600  meta_conf=0.6176,-1,0.0,0.0,
BNB/USDT,412,2026-03-27 01:00:00,long,0.64788,88.02,60.0,631.35,3.277143,low_med_down,True,False,False,False,True,0.0,0.05312620071004821,60.169951991255516,0.0,0.003347,0.006,0.0,0.0,50.0,0.0,0.0,-1,0.0,G4_EV,ev=0.00335 <= floor=0.00600  meta_conf=0.6479,-1,0.0,0.0,
BNB/USDT,413,2026-03-27 02:00:00,long,0.61724,86.25,60.0,630.45,3.292857,low_med_down,True,False,False,False,True,0.0,-0.04960041088063628,60.3015751019865,0.0,0.002673,0.006,0.0,0.0,50.0,0.0,0.0,-1,0.0,G4_EV,ev=0.00267 <= floor=0.00600  meta_conf=0.6172,-1,0.0,0.0,
BNB/USDT,414,2026-03-27 03:00:00,long,0.57774,80.94,60.0,628.3,3.175714,low_low_down,False,False,False,False,False,0.0,0.0,50.0,0.0,0.0,0.0,0.0,0.0,50.0,0.0,0.0,-1,0.0,G2_EDGE,reg.buy_ok=False  regime='low_low_down',-1,0.0,0.0,
BNB/USDT,415,2026-03-27 04:00:00,long,0.53591,84.97,60.0,627.36,3.097857,low_low_down,False,False,False,False,False,0.0,0.0,50.0,0.0,0.0,0.0,0.0,0.0,50.0,0.0,0.0,-1,0.0,G2_EDGE,reg.buy_ok=False  regime='low_low_down',-1,0.0,0.0,
BNB/USDT,416,2026-03-27 05:00:00,long,0.53965,82.07,60.0,627.83,3.002857,low_low_down,False,False,False,False,False,0.0,0.0,50.0,0.0,0.0,0.0,0.0,0.0,50.0,0.0,0.0,-1,0.0,G2_EDGE,reg.buy_ok=False  regime='low_low_down',-1,0.0,0.0,
BNB/USDT,417,2026-03-27 06:00:00,long,0.52995,52.38,60.0,628.1,2.982143,low_low_down,False,False,False,False,False,0.0,0.0,50.0,0.0,0.0,0.0,0.0,0.0,50.0,0.0,0.0,-1,0.0,G2_EDGE,reg.buy_ok=False  regime='low_low_down',-1,0.0,0.0,
BNB/USDT,418,2026-03-27 07:00:00,long,0.55676,57.39,60.0,628.45,2.883571,low_low_down,False,False,False,False,False,0.0,0.0,50.0,0.0,0.0,0.0,0.0,0.0,50.0,0.0,0.0,-1,0.0,G2_EDGE,reg.buy_ok=False  regime='low_low_down',-1,0.0,0.0,
BNB/USDT,419,2026-03-27 08:00:00,short,0.50353,74.06,60.0,620.6,3.445,low_med_down,True,False,False,False,False,0.0,0.0,50.0,0.0,0.0,0.0,0.0,0.0,50.0,0.0,0.0,-1,0.0,G2_EDGE,reg.sell_ok=False  regime='low_med_down',-1,0.0,0.0,
BNB/USDT,420,2026-03-27 09:00:00,long,0.52107,62.53,60.0,619.97,3.57,low_med_down,True,False,False,False,True,0.0,-0.7046001593040901,44.90318250218272,0.0,0.000865,0.006,0.0,0.0,50.0,0.0,0.0,-1,0.0,G4_EV,ev=0.00086 <= floor=0.00600  meta_conf=0.5211,-1,0.0,0.0,
BNB/USDT,421,2026-03-27 10:00:00,long,0.5655,82.06,60.0,609.1,4.014286,med_med_down,True,False,False,False,True,0.0,-0.7545619047621707,24.7696693499208,-1.0,0.002886,0.006,0.0,0.0,50.0,0.0,0.0,-1,0.0,G4_EV,ev=0.00289 <= floor=0.00600  meta_conf=0.5655,-1,0.0,0.0,
BNB/USDT,422,2026-03-27 11:00:00,long,0.5471,69.05,60.0,611.07,4.18,med_med_down,True,False,False,False,True,0.0,-0.6208252878468841,24.41042542849554,0.0,0.00258,0.006,0.0,0.0,50.0,0.0,0.0,-1,0.0,G4_EV,ev=0.00258 <= floor=0.00600  meta_conf=0.5471,-1,0.0,0.0,
BNB/USDT,423,2026-03-27 12:00:00,long,0.58015,83.54,60.0,611.28,4.082857,med_med_down,True,False,False,False,True,0.0,-0.6135689734979969,24.856192253632244,0.0,0.003418,0.006,0.0,0.0,50.0,0.0,0.0,-1,0.0,G4_EV,ev=0.00342 <= floor=0.00600  meta_conf=0.5801,-1,0.0,0.0,
BNB/USDT,424,2026-03-27 13:00:00,long,0.55071,84.85,60.0,608.22,4.250714,med_med_down,True,False,False,False,True,0.0,-0.7270017274308416,25.601439470138974,0.0,0.002836,0.006,0.0,0.0,50.0,0.0,0.0,-1,0.0,G4_EV,ev=0.00284 <= floor=0.00600  meta_conf=0.5507,-1,0.0,0.0,
BNB/USDT,425,2026-03-27 14:00:00,long,0.55796,85.41,60.0,609.56,4.412857,med_med_down,True,False,False,False,True,0.0,-0.6042181268924856,24.51166556903332,0.0,0.003318,0.006,0.0,0.0,50.0,0.0,0.0,-1,0.0,G4_EV,ev=0.00332 <= floor=0.00600  meta_conf=0.5580,-1,0.0,0.0,
BNB/USDT,426,2026-03-27 15:00:00,long,0.55387,87.34,60.0,610.66,4.544286,med_high_down,,,True,False,False,0.0,0.0,50.0,0.0,0.0,0.0,0.0,0.0,50.0,0.0,0.0,-1,0.0,G1_REGIME,regime='med_high_down' skipped=True reg_empty=False,-1,0.0,0.0,
BNB/USDT,427,2026-03-27 16:00:00,long,0.58722,83.69,60.0,609.37,4.632857,med_high_down,,,True,False,False,0.0,0.0,50.0,0.0,0.0,0.0,0.0,0.0,50.0,0.0,0.0,-1,0.0,G1_REGIME,regime='med_high_down' skipped=True reg_empty=False,-1,0.0,0.0,
BNB/USDT,428,2026-03-27 17:00:00,long,0.57099,81.71,60.0,607.46,4.804286,med_high_down,,,True,False,False,0.0,0.0,50.0,0.0,0.0,0.0,0.0,0.0,50.0,0.0,0.0,-1,0.0,G1_REGIME,regime='med_high_down' skipped=True reg_empty=False,-1,0.0,0.0,
BNB/USDT,429,2026-03-27 18:00:00,long,0.64071,84.05,60.0,609.37,4.791429,med_high_down,,,True,False,False,0.0,0.0,50.0,0.0,0.0,0.0,0.0,0.0,50.0,0.0,0.0,-1,0.0,G1_REGIME,regime='med_high_down' skipped=True reg_empty=False,-1,0.0,0.0,
BNB/USDT,430,2026-03-27 19:00:00,long,0.57185,81.19,60.0,610.17,4.736429,med_high_down,,,True,False,False,0.0,0.0,50.0,0.0,0.0,0.0,0.0,0.0,50.0,0.0,0.0,-1,0.0,G1_REGIME,regime='med_high_down' skipped=True reg_empty=False,-1,0.0,0.0,
BNB/USDT,431,2026-03-27 20:00:00,long,0.54712,83.99,60.0,611.23,4.840714,med_high_down,,,True,False,False,0.0,0.0,50.0,0.0,0.0,0.0,0.0,0.0,50.0,0.0,0.0,-1,0.0,G1_REGIME,regime='med_high_down' skipped=True reg_empty=False,-1,0.0,0.0,
BNB/USDT,432,2026-03-27 21:00:00,long,0.54012,79.69,60.0,611.01,4.758571,med_high_down,,,True,False,False,0.0,0.0,50.0,0.0,0.0,0.0,0.0,0.0,50.0,0.0,0.0,-1,0.0,G1_REGIME,regime='med_high_down' skipped=True reg_empty=False,-1,0.0,0.0,
BNB/USDT,433,2026-03-27 22:00:00,long,0.53051,79.42,60.0,610.63,4.04,med_med_down,True,False,False,False,True,0.0,-0.5220991672488222,51.956162743793435,0.0,0.00187,0.006,0.0,0.0,50.0,0.0,0.0,-1,0.0,G4_EV,ev=0.00187 <= floor=0.00600  meta_conf=0.5305,-1,0.0,0.0,
BNB/USDT,434,2026-03-27 23:00:00,long,0.52307,83.79,60.0,613.95,4.095714,med_med_down,True,False,False,False,True,0.0,-0.17565124880425134,55.40582186738816,0.0,0.001696,0.006,0.0,0.0,50.0,0.0,0.0,-1,0.0,G4_EV,ev=0.00170 <= floor=0.00600  meta_conf=0.5231,-1,0.0,0.0,
BNB/USDT,435,2026-03-28 00:00:00,long,0.52879,83.96,60.0,612.43,3.338571,med_med_down,True,False,False,False,True,0.0,-0.1307111351114531,75.80456374464431,0.0,0.000795,0.006,0.0,0.0,50.0,0.0,0.0,-1,0.0,G4_EV,ev=0.00079 <= floor=0.00600  meta_conf=0.5288,-1,0.0,0.0,
BNB/USDT,436,2026-03-28 01:00:00,long,0.53147,83.04,60.0,611.37,3.162857,med_med_down,True,False,False,False,True,0.0,-0.1865511255602882,75.17272206469994,0.0,0.000613,0.006,0.0,0.0,50.0,0.0,0.0,-1,0.0,G4_EV,ev=0.00061 <= floor=0.00600  meta_conf=0.5315,-1,0.0,0.0,
BNB/USDT,437,2026-03-28 02:00:00,long,0.60022,83.23,60.0,610.87,3.17,med_med_down,True,False,False,False,True,0.0,-0.35011142758509706,74.59654936197589,0.0,0.002232,0.006,0.0,0.0,50.0,0.0,0.0,-1,0.0,G4_EV,ev=0.00223 <= floor=0.00600  meta_conf=0.6002,-1,0.0,0.0,
BNB/USDT,438,2026-03-28 03:00:00,long,0.56407,83.13,60.0,611.14,2.890714,med_low_down,False,True,False,False,False,0.0,0.0,50.0,0.0,0.0,0.0,0.0,0.0,50.0,0.0,0.0,-1,0.0,G2_EDGE,reg.buy_ok=False  regime='med_low_down',-1,0.0,0.0,
BNB/USDT,439,2026-03-28 04:00:00,long,0.59947,85.39,60.0,611.08,2.662143,med_low_down,False,True,False,False,False,0.0,0.0,50.0,0.0,0.0,0.0,0.0,0.0,50.0,0.0,0.0,-1,0.0,G2_EDGE,reg.buy_ok=False  regime='med_low_down',-1,0.0,0.0,
BNB/USDT,440,2026-03-28 05:00:00,long,0.5172,83.38,60.0,612.34,2.453571,med_low_down,False,True,False,False,False,0.0,0.0,50.0,0.0,0.0,0.0,0.0,0.0,50.0,0.0,0.0,-1,0.0,G2_EDGE,reg.buy_ok=False  regime='med_low_down',-1,0.0,0.0,
BNB/USDT,441,2026-03-28 06:00:00,long,0.51882,92.94,60.0,613.81,2.435,med_low_down,False,True,False,False,False,0.0,0.0,50.0,0.0,0.0,0.0,0.0,0.0,50.0,0.0,0.0,-1,0.0,G2_EDGE,reg.buy_ok=False  regime='med_low_down',-1,0.0,0.0,
BNB/USDT,442,2026-03-28 07:00:00,long,0.50964,78.66,60.0,613.9,2.185,med_low_down,False,True,False,False,False,0.0,0.0,50.0,0.0,0.0,0.0,0.0,0.0,50.0,0.0,0.0,-1,0.0,G2_EDGE,reg.buy_ok=False  regime='med_low_down',-1,0.0,0.0,
BNB/USDT,443,2026-03-28 08:00:00,long,0.50276,91.84,60.0,612.53,2.093571,med_low_down,False,True,False,False,False,0.0,0.0,50.0,0.0,0.0,0.0,0.0,0.0,50.0,0.0,0.0,-1,0.0,G2_EDGE,reg.buy_ok=False  regime='med_low_down',-1,0.0,0.0,
BNB/USDT,444,2026-03-28 09:00:00,long,0.50472,85.39,60.0,612.25,1.987857,med_low_down,False,True,False,False,False,0.0,0.0,50.0,0.0,0.0,0.0,0.0,0.0,50.0,0.0,0.0,-1,0.0,G2_EDGE,reg.buy_ok=False  regime='med_low_down',-1,0.0,0.0,
BNB/USDT,445,2026-03-28 10:00:00,long,0.51408,73.17,60.0,611.54,2.007143,low_low_flat,True,True,False,True,True,0.0,0.01671283633395572,81.93269550967909,0.0,-0.00133,0.006,0.0,0.0,50.0,0.0,0.0,-1,0.0,G4_EV,ev=-0.00133 <= floor=0.00600  meta_conf=0.5141,-1,0.0,0.0,
BNB/USDT,446,2026-03-28 11:00:00,short,0.51108,48.28,60.0,613.0,2.032857,low_low_flat,True,True,False,False,False,0.0,0.0,50.0,0.0,0.0,0.0,0.0,0.0,50.0,0.0,0.0,-1,0.0,G2_EDGE,edge=48.3 < thr=60.0,-1,0.0,0.0,
BNB/USDT,447,2026-03-28 12:00:00,long,0.50386,55.78,60.0,612.57,2.118571,low_low_flat,True,True,False,False,False,0.0,0.0,50.0,0.0,0.0,0.0,0.0,0.0,50.0,0.0,0.0,-1,0.0,G2_EDGE,edge=55.8 < thr=60.0,-1,0.0,0.0,
BNB/USDT,448,2026-03-28 13:00:00,short,0.52945,83.31,60.0,615.89,2.264286,low_low_up,False,True,False,True,False,0.0,0.4042702082070806,52.83835407362872,1.0,-0.000756,0.006,0.0,0.0,50.0,0.0,0.0,-1,0.0,G4_EV,ev=-0.00076 <= floor=0.00600  meta_conf=0.5294,-1,0.0,0.0,
BNB/USDT,449,2026-03-28 14:00:00,long,0.5029,52.75,60.0,615.13,2.335,low_low_up,False,True,False,False,False,0.0,0.0,50.0,0.0,0.0,0.0,0.0,0.0,50.0,0.0,0.0,-1,0.0,G2_EDGE,reg.buy_ok=False  regime='low_low_up',-1,0.0,0.0,
BNB/USDT,450,2026-03-28 15:00:00,short,0.5031,83.56,60.0,617.28,2.451429,low_low_up,False,True,False,True,False,0.0,0.4740345549957722,51.320740572323906,0.0,-0.000966,0.006,0.0,0.0,50.0,0.0,0.0,-1,0.0,G4_EV,ev=-0.00097 <= floor=0.00600  meta_conf=0.5031,-1,0.0,0.0,
BNB/USDT,451,2026-03-28 16:00:00,short,0.51163,80.36,60.0,616.94,2.373571,low_low_up,False,True,False,True,False,0.0,0.3183712731212929,50.397491658858826,0.0,-0.000913,0.006,0.0,0.0,50.0,0.0,0.0,-1,0.0,G4_EV,ev=-0.00091 <= floor=0.00600  meta_conf=0.5116,-1,0.0,0.0,
BNB/USDT,452,2026-03-28 17:00:00,short,0.50822,78.77,60.0,616.21,2.453571,low_low_up,False,True,False,True,False,0.0,0.2873864075719642,49.88101189796087,0.0,-0.000866,0.006,0.0,0.0,50.0,0.0,0.0,-1,0.0,G4_EV,ev=-0.00087 <= floor=0.00600  meta_conf=0.5082,-1,0.0,0.0,
BNB/USDT,453,2026-03-28 18:00:00,short,0.50779,77.04,60.0,616.67,2.423571,low_low_up,False,True,False,True,False,0.0,0.4184590893079244,49.59614438477659,0.0,-0.000915,0.006,0.0,0.0,50.0,0.0,0.0,-1,0.0,G4_EV,ev=-0.00091 <= floor=0.00600  meta_conf=0.5078,-1,0.0,0.0,
BNB/USDT,454,2026-03-28 19:00:00,short,0.51209,67.79,60.0,616.67,2.369286,low_low_up,False,True,False,True,True,0.0,0.4075186249993451,49.494988414473006,0.0,-0.000909,0.006,0.0,0.0,50.0,0.0,0.0,-1,0.0,G4_EV,ev=-0.00091 <= floor=0.00600  meta_conf=0.5121,-1,0.0,0.0,
BNB/USDT,455,2026-03-28 20:00:00,short,0.50815,66.91,60.0,617.9,2.277143,low_low_up,False,True,False,True,True,0.0,0.5375288489458724,49.304805710909626,0.0,-0.001101,0.006,0.0,0.0,50.0,0.0,0.0,-1,0.0,G4_EV,ev=-0.00110 <= floor=0.00600  meta_conf=0.5082,-1,0.0,0.0,
BNB/USDT,456,2026-03-28 21:00:00,short,0.52561,71.73,60.0,615.55,2.414286,low_low_up,False,True,False,True,True,0.0,0.23847297482049945,49.580731256862556,0.0,-0.000606,0.006,0.0,0.0,50.0,0.0,0.0,-1,0.0,G4_EV,ev=-0.00061 <= floor=0.00600  meta_conf=0.5256,-1,0.0,0.0,
BNB/USDT,457,2026-03-28 22:00:00,short,0.51285,71.79,60.0,615.7,2.391429,low_low_up,False,True,False,True,True,0.0,0.3494009091288842,49.93620210840045,0.0,-0.000862,0.006,0.0,0.0,50.0,0.0,0.0,-1,0.0,G4_EV,ev=-0.00086 <= floor=0.00600  meta_conf=0.5128,-1,0.0,0.0,
BNB/USDT,458,2026-03-28 23:00:00,long,0.51193,77.79,60.0,611.08,2.67,low_low_flat,True,True,False,True,True,0.0,-0.33705864011332726,50.7379415457362,0.0,-0.000488,0.006,0.0,0.0,50.0,0.0,0.0,-1,0.0,G4_EV,ev=-0.00049 <= floor=0.00600  meta_conf=0.5119,-1,0.0,0.0,
BNB/USDT,459,2026-03-29 00:00:00,long,0.50036,73.01,60.0,611.88,2.597857,low_low_flat,True,True,False,True,True,0.0,-0.17737870496648567,48.97048880745839,0.0,-0.000809,0.006,0.0,0.0,50.0,0.0,0.0,-1,0.0,G4_EV,ev=-0.00081 <= floor=0.00600  meta_conf=0.5004,-1,0.0,0.0,
BNB/USDT,460,2026-03-29 01:00:00,short,0.50229,79.07,60.0,612.7,2.641429,low_low_flat,True,True,False,True,True,0.0,-0.22252308009372743,49.659341418917876,0.0,-0.000722,0.006,0.0,0.0,50.0,0.0,0.0,-1,0.0,G4_EV,ev=-0.00072 <= floor=0.00600  meta_conf=0.5023,-1,0.0,0.0,
BNB/USDT,461,2026-03-29 02:00:00,long,0.50269,70.98,60.0,613.54,2.560714,low_low_flat,True,True,False,True,True,0.0,-0.223997067955174,50.15207147971995,0.0,-0.000819,0.006,0.0,0.0,50.0,0.0,0.0,-1,0.0,G4_EV,ev=-0.00082 <= floor=0.00600  meta_conf=0.5027,-1,0.0,0.0,
BNB/USDT,462,2026-03-29 03:00:00,short,0.51364,82.2,60.0,614.05,2.266429,low_low_flat,True,True,False,True,True,0.0,-0.08796010527458556,50.1544439756146,0.0,-0.001005,0.006,0.0,0.0,50.0,0.0,0.0,-1,0.0,G4_EV,ev=-0.00101 <= floor=0.00600  meta_conf=0.5136,-1,0.0,0.0,
BNB/USDT,463,2026-03-29 04:00:00,short,0.52823,81.64,60.0,613.05,2.154286,low_low_flat,True,True,False,True,True,0.0,-0.43165552198278473,49.95383968204614,0.0,-0.000918,0.006,0.0,0.0,50.0,0.0,0.0,-1,0.0,G4_EV,ev=-0.00092 <= floor=0.00600  meta_conf=0.5282,-1,0.0,0.0,
BNB/USDT,464,2026-03-29 05:00:00,short,0.52831,56.51,60.0,613.67,1.996429,low_low_flat,True,True,False,False,False,0.0,0.0,50.0,0.0,0.0,0.0,0.0,0.0,50.0,0.0,0.0,-1,0.0,G2_EDGE,edge=56.5 < thr=60.0,-1,0.0,0.0,
BNB/USDT,465,2026-03-29 06:00:00,short,0.52912,55.12,60.0,613.95,2.021429,low_low_flat,True,True,False,False,False,0.0,0.0,50.0,0.0,0.0,0.0,0.0,0.0,50.0,0.0,0.0,-1,0.0,G2_EDGE,edge=55.1 < thr=60.0,-1,0.0,0.0,
BNB/USDT,466,2026-03-29 07:00:00,short,0.53417,57.63,60.0,613.68,1.959286,low_low_flat,True,True,False,False,False,0.0,0.0,50.0,0.0,0.0,0.0,0.0,0.0,50.0,0.0,0.0,-1,0.0,G2_EDGE,edge=57.6 < thr=60.0,-1,0.0,0.0,
BNB/USDT,467,2026-03-29 08:00:00,short,0.53573,60.22,60.0,613.84,1.959286,low_low_flat,True,True,False,True,True,0.0,-0.21115279177204357,51.87734182190526,0.0,-0.001093,0.006,0.0,0.0,50.0,0.0,0.0,-1,0.0,G4_EV,ev=-0.00109 <= floor=0.00600  meta_conf=0.5357,-1,0.0,0.0,
BNB/USDT,468,2026-03-29 09:00:00,short,0.53363,60.92,60.0,613.37,2.005714,low_low_flat,True,True,False,True,True,0.0,-0.425810670235451,51.44812734883458,0.0,-0.001053,0.006,0.0,0.0,50.0,0.0,0.0,-1,0.0,G4_EV,ev=-0.00105 <= floor=0.00600  meta_conf=0.5336,-1,0.0,0.0,
BNB/USDT,469,2026-03-29 10:00:00,short,0.53003,58.35,60.0,612.0,2.075714,low_low_flat,True,True,False,False,False,0.0,0.0,50.0,0.0,0.0,0.0,0.0,0.0,50.0,0.0,0.0,-1,0.0,G2_EDGE,edge=58.3 < thr=60.0,-1,0.0,0.0,
BNB/USDT,470,2026-03-29 11:00:00,short,0.5323,57.84,60.0,613.69,2.022143,low_low_flat,True,True,False,False,False,0.0,0.0,50.0,0.0,0.0,0.0,0.0,0.0,50.0,0.0,0.0,-1,0.0,G2_EDGE,edge=57.8 < thr=60.0,-1,0.0,0.0,
BNB/USDT,471,2026-03-29 12:00:00,short,0.52784,56.88,60.0,612.77,2.055714,low_low_flat,True,True,False,False,False,0.0,0.0,50.0,0.0,0.0,0.0,0.0,0.0,50.0,0.0,0.0,-1,0.0,G2_EDGE,edge=56.9 < thr=60.0,-1,0.0,0.0,
BNB/USDT,472,2026-03-29 13:00:00,short,0.51838,81.34,60.0,610.24,1.905714,low_low_flat,True,True,False,True,True,0.0,-0.6149994031608895,65.18713142595847,0.0,-0.0014,0.006,0.0,0.0,50.0,0.0,0.0,-1,0.0,G4_EV,ev=-0.00140 <= floor=0.00600  meta_conf=0.5184,-1,0.0,0.0,
BNB/USDT,473,2026-03-29 14:00:00,long,0.50365,80.05,60.0,609.28,2.007857,low_low_flat,True,True,False,False,True,0.0,-0.614303444377382,58.84992748214175,-1.0,-0.001474,0.006,0.0,0.0,50.0,0.0,0.0,-1,0.0,G4_EV,ev=-0.00147 <= floor=0.00600  meta_conf=0.5037,-1,0.0,0.0,
BNB/USDT,474,2026-03-29 15:00:00,short,0.52214,72.24,60.0,609.64,2.027857,low_low_down,False,False,False,False,False,0.0,0.0,50.0,0.0,0.0,0.0,0.0,0.0,50.0,0.0,0.0,-1,0.0,G2_EDGE,reg.sell_ok=False  regime='low_low_down',-1,0.0,0.0,
BNB/USDT,475,2026-03-29 16:00:00,short,0.50901,79.31,60.0,609.54,2.072143,low_low_down,False,False,False,False,False,0.0,0.0,50.0,0.0,0.0,0.0,0.0,0.0,50.0,0.0,0.0,-1,0.0,G2_EDGE,reg.sell_ok=False  regime='low_low_down',-1,0.0,0.0,
BNB/USDT,476,2026-03-29 17:00:00,short,0.50546,70.23,60.0,609.07,2.086429,low_low_down,False,False,False,False,False,0.0,0.0,50.0,0.0,0.0,0.0,0.0,0.0,50.0,0.0,0.0,-1,0.0,G2_EDGE,reg.sell_ok=False  regime='low_low_down',-1,0.0,0.0,
BNB/USDT,477,2026-03-29 18:00:00,short,0.51742,77.82,60.0,609.51,2.102143,low_low_down,False,False,False,False,False,0.0,0.0,50.0,0.0,0.0,0.0,0.0,0.0,50.0,0.0,0.0,-1,0.0,G2_EDGE,reg.sell_ok=False  regime='low_low_down',-1,0.0,0.0,
BNB/USDT,478,2026-03-29 19:00:00,short,0.51159,66.14,60.0,609.23,2.011429,low_low_down,False,False,False,False,False,0.0,0.0,50.0,0.0,0.0,0.0,0.0,0.0,50.0,0.0,0.0,-1,0.0,G2_EDGE,reg.sell_ok=False  regime='low_low_down',-1,0.0,0.0,
BNB/USDT,479,2026-03-29 20:00:00,short,0.51439,75.56,60.0,609.47,2.130714,low_low_down,False,False,False,False,False,0.0,0.0,50.0,0.0,0.0,0.0,0.0,0.0,50.0,0.0,0.0,-1,0.0,G2_EDGE,reg.sell_ok=False  regime='low_low_down',-1,0.0,0.0,
BNB/USDT,480,2026-03-29 21:00:00,short,0.51241,75.4,60.0,610.99,2.167143,low_low_flat,True,True,False,True,True,0.0,-0.3464174426878918,52.4637888242042,0.0,-0.001142,0.006,0.0,0.0,50.0,0.0,0.0,-1,0.0,G4_EV,ev=-0.00114 <= floor=0.00600  meta_conf=0.5124,-1,0.0,0.0,
BNB/USDT,481,2026-03-29 22:00:00,long,0.60354,100.0,60.0,604.32,3.140714,low_med_down,True,False,False,False,True,0.0,-0.7353100891945424,18.67791691271471,-1.0,0.002319,0.006,0.0,0.0,50.0,0.0,0.0,-1,0.0,G4_EV,ev=0.00232 <= floor=0.00600  meta_conf=0.6035,-1,0.0,0.0,
BNB/USDT,482,2026-03-29 23:00:00,long,0.61756,77.72,60.0,606.09,3.294286,low_med_flat,False,False,False,False,False,0.0,0.0,50.0,0.0,0.0,0.0,0.0,0.0,50.0,0.0,0.0,-1,0.0,G2_EDGE,reg.buy_ok=False  regime='low_med_flat',-1,0.0,0.0,
BNB/USDT,483,2026-03-30 00:00:00,long,0.51738,68.79,60.0,609.64,3.793571,low_med_flat,False,False,False,False,False,0.0,0.0,50.0,0.0,0.0,0.0,0.0,0.0,50.0,0.0,0.0,-1,0.0,G2_EDGE,reg.buy_ok=False  regime='low_med_flat',-1,0.0,0.0,
BNB/USDT,484,2026-03-30 01:00:00,long,0.50045,69.84,60.0,614.01,3.983571,low_med_flat,False,False,False,False,False,0.0,0.0,50.0,0.0,0.0,0.0,0.0,0.0,50.0,0.0,0.0,-1,0.0,G2_EDGE,reg.buy_ok=False  regime='low_med_flat',-1,0.0,0.0,
BNB/USDT,485,2026-03-30 02:00:00,long,0.50186,76.01,60.0,616.62,4.317857,low_med_flat,False,False,False,False,False,0.0,0.0,50.0,0.0,0.0,0.0,0.0,0.0,50.0,0.0,0.0,-1,0.0,G2_EDGE,reg.buy_ok=False  regime='low_med_flat',-1,0.0,0.0,
BNB/USDT,486,2026-03-30 03:00:00,short,0.5025,87.19,60.0,615.67,4.274286,low_med_flat,False,False,False,False,False,0.0,0.0,50.0,0.0,0.0,0.0,0.0,0.0,50.0,0.0,0.0,-1,0.0,G2_EDGE,reg.sell_ok=False  regime='low_med_flat',-1,0.0,0.0,
BNB/USDT,487,2026-03-30 04:00:00,long,0.53071,75.43,60.0,617.08,4.197143,low_med_flat,False,False,False,False,False,0.0,0.0,50.0,0.0,0.0,0.0,0.0,0.0,50.0,0.0,0.0,-1,0.0,G2_EDGE,reg.buy_ok=False  regime='low_med_flat',-1,0.0,0.0,
BNB/USDT,488,2026-03-30 05:00:00,long,0.5111,72.67,60.0,616.88,4.19,low_med_flat,False,False,False,False,False,0.0,0.0,50.0,0.0,0.0,0.0,0.0,0.0,50.0,0.0,0.0,-1,0.0,G2_EDGE,reg.buy_ok=False  regime='low_med_flat',-1,0.0,0.0,
BNB/USDT,489,2026-03-30 06:00:00,long,0.5106,70.67,60.0,615.61,4.231429,low_med_flat,False,False,False,False,False,0.0,0.0,50.0,0.0,0.0,0.0,0.0,0.0,50.0,0.0,0.0,-1,0.0,G2_EDGE,reg.buy_ok=False  regime='low_med_flat',-1,0.0,0.0,
BNB/USDT,490,2026-03-30 07:00:00,long,0.50541,73.29,60.0,618.21,4.330714,med_med_up,False,False,False,False,False,0.0,0.0,50.0,0.0,0.0,0.0,0.0,0.0,50.0,0.0,0.0,-1,0.0,G2_EDGE,reg.buy_ok=False  regime='med_med_up',-1,0.0,0.0,
BNB/USDT,491,2026-03-30 08:00:00,long,0.52814,82.57,60.0,619.95,4.527857,med_med_up,False,False,False,False,False,0.0,0.0,50.0,0.0,0.0,0.0,0.0,0.0,50.0,0.0,0.0,-1,0.0,G2_EDGE,reg.buy_ok=False  regime='med_med_up',-1,0.0,0.0,
BNB/USDT,492,2026-03-30 09:00:00,long,0.55527,53.91,60.0,617.85,4.643571,med_high_up,,,True,False,False,0.0,0.0,50.0,0.0,0.0,0.0,0.0,0.0,50.0,0.0,0.0,-1,0.0,G1_REGIME,regime='med_high_up' skipped=True reg_empty=False,-1,0.0,0.0,
BNB/USDT,493,2026-03-30 10:00:00,long,0.53677,52.3,60.0,618.13,4.566429,med_med_up,False,False,False,False,False,0.0,0.0,50.0,0.0,0.0,0.0,0.0,0.0,50.0,0.0,0.0,-1,0.0,G2_EDGE,reg.buy_ok=False  regime='med_med_up',-1,0.0,0.0,
BNB/USDT,494,2026-03-30 11:00:00,long,0.50668,56.18,60.0,617.79,4.695,med_high_flat,,,True,False,False,0.0,0.0,50.0,0.0,0.0,0.0,0.0,0.0,50.0,0.0,0.0,-1,0.0,G1_REGIME,regime='med_high_flat' skipped=True reg_empty=False,-1,0.0,0.0,
BNB/USDT,495,2026-03-30 12:00:00,long,0.52241,43.08,60.0,619.57,3.827857,med_med_up,False,False,False,False,False,0.0,0.0,50.0,0.0,0.0,0.0,0.0,0.0,50.0,0.0,0.0,-1,0.0,G2_EDGE,reg.buy_ok=False  regime='med_med_up',-1,0.0,0.0,
BNB/USDT,496,2026-03-30 13:00:00,long,0.50634,43.02,60.0,616.81,3.877143,med_med_up,False,False,False,False,False,0.0,0.0,50.0,0.0,0.0,0.0,0.0,0.0,50.0,0.0,0.0,-1,0.0,G2_EDGE,reg.buy_ok=False  regime='med_med_up',-1,0.0,0.0,
BNB/USDT,497,2026-03-30 14:00:00,long,0.52749,52.24,60.0,617.22,3.551429,med_med_up,False,False,False,False,False,0.0,0.0,50.0,0.0,0.0,0.0,0.0,0.0,50.0,0.0,0.0,-1,0.0,G2_EDGE,reg.buy_ok=False  regime='med_med_up',-1,0.0,0.0,
BNB/USDT,498,2026-03-30 15:00:00,long,0.51486,49.49,60.0,618.48,3.459286,med_med_up,False,False,False,False,False,0.0,0.0,50.0,0.0,0.0,0.0,0.0,0.0,50.0,0.0,0.0,-1,0.0,G2_EDGE,reg.buy_ok=False  regime='med_med_up',-1,0.0,0.0,
BNB/USDT,499,2026-03-30 16:00:00,long,0.51101,46.69,60.0,616.69,3.230714,med_med_up,False,False,False,False,False,0.0,0.0,50.0,0.0,0.0,0.0,0.0,0.0,50.0,0.0,0.0,-1,0.0,G2_EDGE,reg.buy_ok=False  regime='med_med_up',-1,0.0,0.0,
BNB/USDT,500,2026-03-30 17:00:00,long,0.5185,42.24,60.0,613.2,3.490714,med_med_flat,True,False,False,False,False,0.0,0.0,50.0,0.0,0.0,0.0,0.0,0.0,50.0,0.0,0.0,-1,0.0,G2_EDGE,edge=42.2 < thr=60.0,-1,0.0,0.0,
BNB/USDT,501,2026-03-30 18:00:00,short,0.50791,56.89,60.0,610.8,3.572143,med_med_flat,True,False,False,False,False,0.0,0.0,50.0,0.0,0.0,0.0,0.0,0.0,50.0,0.0,0.0,-1,0.0,G2_EDGE,reg.sell_ok=False  regime='med_med_flat',-1,0.0,0.0,
BNB/USDT,502,2026-03-30 19:00:00,long,0.51337,71.97,60.0,610.6,3.588571,med_med_flat,True,False,False,False,False,0.0,-0.3734244464498958,54.225531044386834,0.0,0.000761,0.006,0.0,0.0,50.0,0.0,0.0,-1,0.0,G4_EV,ev=0.00076 <= floor=0.00600  meta_conf=0.5134,-1,0.0,0.0,
BNB/USDT,503,2026-03-30 20:00:00,long,0.58614,71.6,60.0,610.08,3.614286,med_med_flat,True,False,False,False,False,0.0,-0.43907963387126325,53.80253170482968,0.0,0.00274,0.006,0.0,0.0,50.0,0.0,0.0,-1,0.0,G4_EV,ev=0.00274 <= floor=0.00600  meta_conf=0.5861,-1,0.0,0.0,
BNB/USDT,504,2026-03-30 21:00:00,long,0.50306,58.57,60.0,612.33,3.609286,med_med_flat,True,False,False,False,False,0.0,0.0,50.0,0.0,0.0,0.0,0.0,0.0,50.0,0.0,0.0,-1,0.0,G2_EDGE,edge=58.6 < thr=60.0,-1,0.0,0.0,
BNB/USDT,505,2026-03-30 22:00:00,long,0.53286,66.7,60.0,611.05,3.516429,med_med_up,False,False,False,False,False,0.0,0.0,50.0,0.0,0.0,0.0,0.0,0.0,50.0,0.0,0.0,-1,0.0,G2_EDGE,reg.buy_ok=False  regime='med_med_up',-1,0.0,0.0,
BNB/USDT,506,2026-03-30 23:00:00,long,0.59337,81.18,60.0,609.29,3.610714,med_med_flat,True,False,False,False,True,0.0,-0.5838540402664573,50.03724728522128,0.0,0.002934,0.006,0.0,0.0,50.0,0.0,0.0,-1,0.0,G4_EV,ev=0.00293 <= floor=0.00600  meta_conf=0.5934,-1,0.0,0.0,
BNB/USDT,507,2026-03-31 00:00:00,short,0.53254,71.06,60.0,611.38,3.772857,med_med_flat,True,False,False,False,False,0.0,0.0,50.0,0.0,0.0,0.0,0.0,0.0,50.0,0.0,0.0,-1,0.0,G2_EDGE,reg.sell_ok=False  regime='med_med_flat',-1,0.0,0.0,
BNB/USDT,508,2026-03-31 01:00:00,short,0.56909,92.95,60.0,616.62,4.167857,med_med_flat,True,False,False,False,False,0.0,0.0,50.0,0.0,0.0,0.0,0.0,0.0,50.0,0.0,0.0,-1,0.0,G2_EDGE,reg.sell_ok=False  regime='med_med_flat',-1,0.0,0.0,
BNB/USDT,509,2026-03-31 02:00:00,short,0.55843,83.1,60.0,614.93,4.185714,med_med_flat,True,False,False,False,False,0.0,0.0,50.0,0.0,0.0,0.0,0.0,0.0,50.0,0.0,0.0,-1,0.0,G2_EDGE,reg.sell_ok=False  regime='med_med_flat',-1,0.0,0.0,
BNB/USDT,510,2026-03-31 03:00:00,long,0.50231,51.58,60.0,613.6,4.040714,med_med_flat,True,False,False,False,False,0.0,0.0,50.0,0.0,0.0,0.0,0.0,0.0,50.0,0.0,0.0,-1,0.0,G2_EDGE,edge=51.6 < thr=60.0,-1,0.0,0.0,
BNB/USDT,511,2026-03-31 04:00:00,long,0.52392,53.36,60.0,612.36,3.9,med_med_flat,True,False,False,False,False,0.0,0.0,50.0,0.0,0.0,0.0,0.0,0.0,50.0,0.0,0.0,-1,0.0,G2_EDGE,edge=53.4 < thr=60.0,-1,0.0,0.0,
BNB/USDT,512,2026-03-31 05:00:00,long,0.51528,53.67,60.0,613.27,3.802143,med_med_flat,True,False,False,False,False,0.0,0.0,50.0,0.0,0.0,0.0,0.0,0.0,50.0,0.0,0.0,-1,0.0,G2_EDGE,edge=53.7 < thr=60.0,-1,0.0,0.0,
BNB/USDT,513,2026-03-31 06:00:00,long,0.52019,58.25,60.0,612.14,3.733571,med_med_flat,True,False,False,False,False,0.0,0.0,50.0,0.0,0.0,0.0,0.0,0.0,50.0,0.0,0.0,-1,0.0,G2_EDGE,edge=58.2 < thr=60.0,-1,0.0,0.0,
BNB/USDT,514,2026-03-31 07:00:00,long,0.51467,68.69,60.0,611.01,3.538571,med_med_down,True,False,False,False,True,0.0,-0.32728337330530005,54.51917104888131,0.0,0.000726,0.006,0.0,0.0,50.0,0.0,0.0,-1,0.0,G4_EV,ev=0.00073 <= floor=0.00600  meta_conf=0.5147,-1,0.0,0.0,
BNB/USDT,515,2026-03-31 08:00:00,long,0.53328,83.14,60.0,607.2,3.632857,med_med_down,True,False,False,False,True,0.0,-0.52548720312682,52.011290591200144,-1.0,0.001383,0.006,0.0,0.0,50.0,0.0,0.0,-1,0.0,G4_EV,ev=0.00138 <= floor=0.00600  meta_conf=0.5333,-1,0.0,0.0,
BNB/USDT,516,2026-03-31 09:00:00,long,0.54238,82.21,60.0,600.43,4.103571,med_med_down,True,False,False,False,True,0.0,-0.6792489201027271,35.35103588515231,-1.0,0.002429,0.006,0.0,0.0,50.0,0.0,0.0,-1,0.0,G4_EV,ev=0.00243 <= floor=0.00600  meta_conf=0.5424,-1,0.0,0.0,
BNB/USDT,517,2026-03-31 10:00:00,long,0.54179,66.62,60.0,602.79,4.148571,med_med_down,True,False,False,False,True,0.0,-0.5862354432576542,35.729486623487226,0.0,0.002456,0.006,0.0,0.0,50.0,0.0,0.0,-1,0.0,G4_EV,ev=0.00246 <= floor=0.00600  meta_conf=0.5418,-1,0.0,0.0,
BNB/USDT,518,2026-03-31 11:00:00,long,0.54761,66.26,60.0,605.22,4.177143,med_med_down,True,False,False,False,True,0.0,-0.5726653255430529,36.12761615509423,0.0,0.002655,0.006,0.0,0.0,50.0,0.0,0.0,-1,0.0,G4_EV,ev=0.00266 <= floor=0.00600  meta_conf=0.5476,-1,0.0,0.0,
BNB/USDT,519,2026-03-31 12:00:00,long,0.546,62.91,60.0,606.21,4.217143,med_med_down,True,False,False,False,True,0.0,-0.4998809209122558,36.61319647237398,0.0,0.002657,0.006,0.0,0.0,50.0,0.0,0.0,-1,0.0,G4_EV,ev=0.00266 <= floor=0.00600  meta_conf=0.5460,-1,0.0,0.0,
BNB/USDT,520,2026-03-31 13:00:00,long,0.50769,53.54,60.0,612.37,4.49,med_med_flat,True,False,False,False,False,0.0,0.0,50.0,0.0,0.0,0.0,0.0,0.0,50.0,0.0,0.0,-1,0.0,G2_EDGE,edge=53.5 < thr=60.0,-1,0.0,0.0,
BNB/USDT,521,2026-03-31 14:00:00,long,0.54194,73.7,60.0,608.34,4.861429,med_high_down,,,True,False,False,0.0,0.0,50.0,0.0,0.0,0.0,0.0,0.0,50.0,0.0,0.0,-1,0.0,G1_REGIME,regime='med_high_down' skipped=True reg_empty=False,-1,0.0,0.0,
BNB/USDT,522,2026-03-31 15:00:00,long,0.54016,67.43,60.0,607.9,4.491429,med_med_down,True,False,False,False,True,0.0,-0.4870487488714477,42.26413049847457,0.0,0.002876,0.006,0.0,0.0,50.0,0.0,0.0,-1,0.0,G4_EV,ev=0.00288 <= floor=0.00600  meta_conf=0.5402,-1,0.0,0.0,
BNB/USDT,523,2026-03-31 16:00:00,short,0.50986,71.47,60.0,614.29,4.927857,med_high_flat,,,True,False,False,0.0,0.0,50.0,0.0,0.0,0.0,0.0,0.0,50.0,0.0,0.0,-1,0.0,G1_REGIME,regime='med_high_flat' skipped=True reg_empty=False,-1,0.0,0.0,
BNB/USDT,524,2026-03-31 17:00:00,short,0.51867,75.07,60.0,613.88,5.18,med_high_flat,,,True,False,False,0.0,0.0,50.0,0.0,0.0,0.0,0.0,0.0,50.0,0.0,0.0,-1,0.0,G1_REGIME,regime='med_high_flat' skipped=True reg_empty=False,-1,0.0,0.0,
BNB/USDT,525,2026-03-31 18:00:00,short,0.52909,62.25,60.0,615.95,5.211429,med_high_up,,,True,False,False,0.0,0.0,50.0,0.0,0.0,0.0,0.0,0.0,50.0,0.0,0.0,-1,0.0,G1_REGIME,regime='med_high_up' skipped=True reg_empty=False,-1,0.0,0.0,
BNB/USDT,526,2026-03-31 19:00:00,short,0.52053,60.25,60.0,615.77,5.168571,med_high_up,,,True,False,False,0.0,0.0,50.0,0.0,0.0,0.0,0.0,0.0,50.0,0.0,0.0,-1,0.0,G1_REGIME,regime='med_high_up' skipped=True reg_empty=False,-1,0.0,0.0,
BNB/USDT,527,2026-03-31 20:00:00,long,0.52052,49.6,60.0,619.18,5.250714,med_high_up,,,True,False,False,0.0,0.0,50.0,0.0,0.0,0.0,0.0,0.0,50.0,0.0,0.0,-1,0.0,G1_REGIME,regime='med_high_up' skipped=True reg_empty=False,-1,0.0,0.0,
BNB/USDT,528,2026-03-31 21:00:00,long,0.52038,46.62,60.0,618.0,5.198571,med_high_up,,,True,False,False,0.0,0.0,50.0,0.0,0.0,0.0,0.0,0.0,50.0,0.0,0.0,-1,0.0,G1_REGIME,regime='med_high_up' skipped=True reg_empty=False,-1,0.0,0.0,
BNB/USDT,529,2026-03-31 22:00:00,long,0.50678,47.73,60.0,616.92,5.093571,med_high_up,,,True,False,False,0.0,0.0,50.0,0.0,0.0,0.0,0.0,0.0,50.0,0.0,0.0,-1,0.0,G1_REGIME,regime='med_high_up' skipped=True reg_empty=False,-1,0.0,0.0,
BNB/USDT,530,2026-03-31 23:00:00,long,0.50958,58.8,60.0,617.43,4.556429,med_med_up,False,False,False,False,False,0.0,0.0,50.0,0.0,0.0,0.0,0.0,0.0,50.0,0.0,0.0,-1,0.0,G2_EDGE,reg.buy_ok=False  regime='med_med_up',-1,0.0,0.0,
BNB/USDT,531,2026-04-01 00:00:00,long,0.52339,61.58,60.0,619.2,4.583571,med_med_up,False,False,False,False,False,0.0,0.0,50.0,0.0,0.0,0.0,0.0,0.0,50.0,0.0,0.0,-1,0.0,G2_EDGE,reg.buy_ok=False  regime='med_med_up',-1,0.0,0.0,
BNB/USDT,532,2026-04-01 01:00:00,long,0.51821,68.12,60.0,615.52,4.584286,med_high_flat,,,True,False,False,0.0,0.0,50.0,0.0,0.0,0.0,0.0,0.0,50.0,0.0,0.0,-1,0.0,G1_REGIME,regime='med_high_flat' skipped=True reg_empty=False,-1,0.0,0.0,
BNB/USDT,533,2026-04-01 02:00:00,long,0.51561,67.43,60.0,614.7,4.514286,med_med_flat,True,False,False,True,False,0.0,0.3031304320040275,60.77017181722804,0.0,0.002024,0.006,0.0,0.0,50.0,0.0,0.0,-1,0.0,G4_EV,ev=0.00202 <= floor=0.00600  meta_conf=0.5156,-1,0.0,0.0,
BNB/USDT,534,2026-04-01 03:00:00,long,0.51017,70.29,60.0,616.76,4.159286,med_med_flat,True,False,False,True,False,0.0,0.4673107561847224,61.62318226412259,0.0,0.001366,0.006,0.0,0.0,50.0,0.0,0.0,-1,0.0,G4_EV,ev=0.00137 <= floor=0.00600  meta_conf=0.5102,-1,0.0,0.0,
BNB/USDT,535,2026-04-01 04:00:00,long,0.5004,66.43,60.0,615.88,3.605,med_med_flat,True,False,False,True,False,0.0,0.3528644629650912,64.1157681875015,0.0,0.000401,0.006,0.0,0.0,50.0,0.0,0.0,-1,0.0,G4_EV,ev=0.00040 <= floor=0.00600  meta_conf=0.5004,-1,0.0,0.0,
BNB/USDT,536,2026-04-01 05:00:00,short,0.53014,90.24,60.0,617.35,3.633571,med_med_flat,True,False,False,False,False,0.0,0.0,50.0,0.0,0.0,0.0,0.0,0.0,50.0,0.0,0.0,-1,0.0,G2_EDGE,reg.sell_ok=False  regime='med_med_flat',-1,0.0,0.0,
BNB/USDT,537,2026-04-01 06:00:00,short,0.53413,100.0,60.0,619.22,3.341429,med_med_up,False,False,False,False,False,0.0,0.0,50.0,0.0,0.0,0.0,0.0,0.0,50.0,0.0,0.0,-1,0.0,G2_EDGE,reg.sell_ok=False  regime='med_med_up',-1,0.0,0.0,
BNB/USDT,538,2026-04-01 07:00:00,short,0.55295,86.74,60.0,616.32,3.258571,med_med_up,False,False,False,False,False,0.0,0.0,50.0,0.0,0.0,0.0,0.0,0.0,50.0,0.0,0.0,-1,0.0,G2_EDGE,reg.sell_ok=False  regime='med_med_up',-1,0.0,0.0,
BNB/USDT,539,2026-04-01 08:00:00,short,0.55195,86.7,60.0,615.45,3.205714,med_med_up,False,False,False,False,False,0.0,0.0,50.0,0.0,0.0,0.0,0.0,0.0,50.0,0.0,0.0,-1,0.0,G2_EDGE,reg.sell_ok=False  regime='med_med_up',-1,0.0,0.0,
BNB/USDT,540,2026-04-01 09:00:00,short,0.55939,87.32,60.0,615.61,3.219286,med_med_up,False,False,False,False,False,0.0,0.0,50.0,0.0,0.0,0.0,0.0,0.0,50.0,0.0,0.0,-1,0.0,G2_EDGE,reg.sell_ok=False  regime='med_med_up',-1,0.0,0.0,
BNB/USDT,541,2026-04-01 10:00:00,short,0.54354,91.89,60.0,614.77,3.171429,med_med_up,False,False,False,False,False,0.0,0.0,50.0,0.0,0.0,0.0,0.0,0.0,50.0,0.0,0.0,-1,0.0,G2_EDGE,reg.sell_ok=False  regime='med_med_up',-1,0.0,0.0,
BNB/USDT,542,2026-04-01 11:00:00,short,0.55187,85.98,60.0,615.34,3.120714,med_low_up,True,False,False,False,False,0.0,0.0,50.0,0.0,0.0,0.0,0.0,0.0,50.0,0.0,0.0,-1,0.0,G2_EDGE,reg.sell_ok=False  regime='med_low_up',-1,0.0,0.0,
BNB/USDT,543,2026-04-01 12:00:00,short,0.53123,91.86,60.0,614.65,3.211429,med_med_up,False,False,False,False,False,0.0,0.0,50.0,0.0,0.0,0.0,0.0,0.0,50.0,0.0,0.0,-1,0.0,G2_EDGE,reg.sell_ok=False  regime='med_med_up',-1,0.0,0.0,
BNB/USDT,544,2026-04-01 13:00:00,short,0.50398,91.93,60.0,610.91,3.548571,med_med_flat,True,False,False,False,False,0.0,0.0,50.0,0.0,0.0,0.0,0.0,0.0,50.0,0.0,0.0,-1,0.0,G2_EDGE,reg.sell_ok=False  regime='med_med_flat',-1,0.0,0.0,
BNB/USDT,545,2026-04-01 14:00:00,short,0.51663,80.49,60.0,613.75,3.560714,med_med_up,False,False,False,False,False,0.0,0.0,50.0,0.0,0.0,0.0,0.0,0.0,50.0,0.0,0.0,-1,0.0,G2_EDGE,reg.sell_ok=False  regime='med_med_up',-1,0.0,0.0,
BNB/USDT,546,2026-04-01 15:00:00,short,0.54248,78.18,60.0,614.82,3.490714,med_med_up,False,False,False,False,False,0.0,0.0,50.0,0.0,0.0,0.0,0.0,0.0,50.0,0.0,0.0,-1,0.0,G2_EDGE,reg.sell_ok=False  regime='med_med_up',-1,0.0,0.0,
BNB/USDT,547,2026-04-01 16:00:00,short,0.55767,79.74,60.0,616.4,3.725714,med_med_flat,True,False,False,False,False,0.0,0.0,50.0,0.0,0.0,0.0,0.0,0.0,50.0,0.0,0.0,-1,0.0,G2_EDGE,reg.sell_ok=False  regime='med_med_flat',-1,0.0,0.0,
BNB/USDT,548,2026-04-01 17:00:00,short,0.56501,60.05,60.0,614.1,3.947857,med_med_flat,True,False,False,False,False,0.0,0.0,50.0,0.0,0.0,0.0,0.0,0.0,50.0,0.0,0.0,-1,0.0,G2_EDGE,reg.sell_ok=False  regime='med_med_flat',-1,0.0,0.0,
BNB/USDT,549,2026-04-01 18:00:00,short,0.5481,58.98,60.0,613.04,4.006429,med_med_flat,True,False,False,False,False,0.0,0.0,50.0,0.0,0.0,0.0,0.0,0.0,50.0,0.0,0.0,-1,0.0,G2_EDGE,reg.sell_ok=False  regime='med_med_flat',-1,0.0,0.0,
BNB/USDT,550,2026-04-01 19:00:00,short,0.56544,57.5,60.0,613.76,3.832143,med_med_flat,True,False,False,False,False,0.0,0.0,50.0,0.0,0.0,0.0,0.0,0.0,50.0,0.0,0.0,-1,0.0,G2_EDGE,reg.sell_ok=False  regime='med_med_flat',-1,0.0,0.0,
BNB/USDT,551,2026-04-01 20:00:00,short,0.55997,58.96,60.0,613.48,3.722143,med_med_flat,True,False,False,False,False,0.0,0.0,50.0,0.0,0.0,0.0,0.0,0.0,50.0,0.0,0.0,-1,0.0,G2_EDGE,reg.sell_ok=False  regime='med_med_flat',-1,0.0,0.0,
BNB/USDT,552,2026-04-01 21:00:00,short,0.58024,58.09,60.0,614.42,3.557857,med_med_flat,True,False,False,False,False,0.0,0.0,50.0,0.0,0.0,0.0,0.0,0.0,50.0,0.0,0.0,-1,0.0,G2_EDGE,reg.sell_ok=False  regime='med_med_flat',-1,0.0,0.0,
BNB/USDT,553,2026-04-01 22:00:00,short,0.54385,53.47,60.0,610.84,3.722857,med_med_flat,True,False,False,False,False,0.0,0.0,50.0,0.0,0.0,0.0,0.0,0.0,50.0,0.0,0.0,-1,0.0,G2_EDGE,reg.sell_ok=False  regime='med_med_flat',-1,0.0,0.0,
BNB/USDT,554,2026-04-01 23:00:00,short,0.50934,46.72,60.0,610.81,3.68,med_med_down,True,False,False,False,False,0.0,0.0,50.0,0.0,0.0,0.0,0.0,0.0,50.0,0.0,0.0,-1,0.0,G2_EDGE,reg.sell_ok=False  regime='med_med_down',-1,0.0,0.0,
BNB/USDT,555,2026-04-02 00:00:00,short,0.50331,58.08,60.0,613.6,3.730714,med_med_flat,True,False,False,False,False,0.0,0.0,50.0,0.0,0.0,0.0,0.0,0.0,50.0,0.0,0.0,-1,0.0,G2_EDGE,reg.sell_ok=False  regime='med_med_flat',-1,0.0,0.0,
BNB/USDT,556,2026-04-02 01:00:00,long,0.61537,83.85,60.0,604.14,4.394286,med_med_down,True,False,False,False,True,0.0,-0.7519591453251729,42.59438779614886,-1.0,0.005231,0.006,0.0,0.0,50.0,0.0,0.0,-1,0.0,G4_EV,ev=0.00523 <= floor=0.00600  meta_conf=0.6154,-1,0.0,0.0,
BNB/USDT,557,2026-04-02 02:00:00,long,0.63571,84.64,60.0,597.09,4.637143,high_high_down,False,True,False,False,False,0.0,0.0,50.0,0.0,0.0,0.0,0.0,0.0,50.0,0.0,0.0,-1,0.0,G2_EDGE,reg.buy_ok=False  regime='high_high_down',-1,0.0,0.0,
BNB/USDT,558,2026-04-02 03:00:00,long,0.63152,84.5,60.0,592.06,4.616429,high_high_down,False,True,False,False,False,0.0,0.0,50.0,0.0,0.0,0.0,0.0,0.0,50.0,0.0,0.0,-1,0.0,G2_EDGE,reg.buy_ok=False  regime='high_high_down',-1,0.0,0.0,
BNB/USDT,559,2026-04-02 04:00:00,long,0.60635,82.24,60.0,587.91,4.698571,high_high_down,False,True,False,False,False,0.0,0.0,50.0,0.0,0.0,0.0,0.0,0.0,50.0,0.0,0.0,-1,0.0,G2_EDGE,reg.buy_ok=False  regime='high_high_down',-1,0.0,0.0,
BNB/USDT,560,2026-04-02 05:00:00,long,0.62622,68.89,60.0,590.79,4.722143,high_high_down,False,True,False,False,False,0.0,0.0,50.0,0.0,0.0,0.0,0.0,0.0,50.0,0.0,0.0,-1,0.0,G2_EDGE,reg.buy_ok=False  regime='high_high_down',-1,0.0,0.0,
BNB/USDT,561,2026-04-02 06:00:00,long,0.62223,85.92,60.0,590.03,4.532143,high_high_down,False,True,False,False,False,0.0,0.0,50.0,0.0,0.0,0.0,0.0,0.0,50.0,0.0,0.0,-1,0.0,G2_EDGE,reg.buy_ok=False  regime='high_high_down',-1,0.0,0.0,
BNB/USDT,562,2026-04-02 07:00:00,long,0.63767,84.41,60.0,591.82,4.361429,high_med_down,False,True,False,False,False,0.0,0.0,50.0,0.0,0.0,0.0,0.0,0.0,50.0,0.0,0.0,-1,0.0,G2_EDGE,reg.buy_ok=False  regime='high_med_down',-1,0.0,0.0,
BNB/USDT,563,2026-04-02 08:00:00,long,0.62447,85.73,60.0,587.91,4.485,high_high_down,False,True,False,False,False,0.0,0.0,50.0,0.0,0.0,0.0,0.0,0.0,50.0,0.0,0.0,-1,0.0,G2_EDGE,reg.buy_ok=False  regime='high_high_down',-1,0.0,0.0,
BNB/USDT,564,2026-04-02 09:00:00,long,0.61802,87.29,60.0,585.74,4.55,high_high_down,False,True,False,False,False,0.0,0.0,50.0,0.0,0.0,0.0,0.0,0.0,50.0,0.0,0.0,-1,0.0,G2_EDGE,reg.buy_ok=False  regime='high_high_down',-1,0.0,0.0,
BNB/USDT,565,2026-04-02 10:00:00,long,0.62407,87.55,60.0,581.39,4.701429,high_high_down,False,True,False,False,False,0.0,0.0,50.0,0.0,0.0,0.0,0.0,0.0,50.0,0.0,0.0,-1,0.0,G2_EDGE,reg.buy_ok=False  regime='high_high_down',-1,0.0,0.0,
BNB/USDT,566,2026-04-02 11:00:00,long,0.62202,100.0,60.0,581.23,4.846429,high_high_down,False,True,False,False,False,0.0,0.0,50.0,0.0,0.0,0.0,0.0,0.0,50.0,0.0,0.0,-1,0.0,G2_EDGE,reg.buy_ok=False  regime='high_high_down',-1,0.0,0.0,
BNB/USDT,567,2026-04-02 12:00:00,long,0.61632,100.0,60.0,575.4,4.954286,high_high_down,False,True,False,False,False,0.0,0.0,50.0,0.0,0.0,0.0,0.0,0.0,50.0,0.0,0.0,-1,0.0,G2_EDGE,reg.buy_ok=False  regime='high_high_down',-1,0.0,0.0,
BNB/USDT,568,2026-04-02 13:00:00,long,0.62342,100.0,60.0,573.22,5.247857,high_high_down,False,True,False,False,False,0.0,0.0,50.0,0.0,0.0,0.0,0.0,0.0,50.0,0.0,0.0,-1,0.0,G2_EDGE,reg.buy_ok=False  regime='high_high_down',-1,0.0,0.0,
BNB/USDT,569,2026-04-02 14:00:00,long,0.62158,89.47,60.0,576.05,5.536429,high_high_down,False,True,False,False,False,0.0,0.0,50.0,0.0,0.0,0.0,0.0,0.0,50.0,0.0,0.0,-1,0.0,G2_EDGE,reg.buy_ok=False  regime='high_high_down',-1,0.0,0.0,
BNB/USDT,570,2026-04-02 15:00:00,long,0.62643,87.33,60.0,574.13,5.121429,high_high_down,False,True,False,False,False,0.0,0.0,50.0,0.0,0.0,0.0,0.0,0.0,50.0,0.0,0.0,-1,0.0,G2_EDGE,reg.buy_ok=False  regime='high_high_down',-1,0.0,0.0,
BNB/USDT,571,2026-04-02 16:00:00,long,0.6101,77.41,60.0,579.89,5.081429,high_high_down,False,True,False,False,False,0.0,0.0,50.0,0.0,0.0,0.0,0.0,0.0,50.0,0.0,0.0,-1,0.0,G2_EDGE,reg.buy_ok=False  regime='high_high_down',-1,0.0,0.0,
BNB/USDT,572,2026-04-02 17:00:00,long,0.61414,82.94,60.0,578.53,4.965714,high_high_down,False,True,False,False,False,0.0,0.0,50.0,0.0,0.0,0.0,0.0,0.0,50.0,0.0,0.0,-1,0.0,G2_EDGE,reg.buy_ok=False  regime='high_high_down',-1,0.0,0.0,
BNB/USDT,573,2026-04-02 18:00:00,long,0.5916,71.6,60.0,581.95,4.909286,high_high_down,False,True,False,False,False,0.0,0.0,50.0,0.0,0.0,0.0,0.0,0.0,50.0,0.0,0.0,-1,0.0,G2_EDGE,reg.buy_ok=False  regime='high_high_down',-1,0.0,0.0,
BNB/USDT,574,2026-04-02 19:00:00,long,0.58417,72.08,60.0,583.51,4.902143,high_high_down,False,True,False,False,False,0.0,0.0,50.0,0.0,0.0,0.0,0.0,0.0,50.0,0.0,0.0,-1,0.0,G2_EDGE,reg.buy_ok=False  regime='high_high_down',-1,0.0,0.0,
BNB/USDT,575,2026-04-02 20:00:00,long,0.59101,71.84,60.0,583.64,4.822143,high_high_down,False,True,False,False,False,0.0,0.0,50.0,0.0,0.0,0.0,0.0,0.0,50.0,0.0,0.0,-1,0.0,G2_EDGE,reg.buy_ok=False  regime='high_high_down',-1,0.0,0.0,
BNB/USDT,576,2026-04-02 21:00:00,long,0.59637,72.78,60.0,584.25,4.761429,high_high_down,False,True,False,False,False,0.0,0.0,50.0,0.0,0.0,0.0,0.0,0.0,50.0,0.0,0.0,-1,0.0,G2_EDGE,reg.buy_ok=False  regime='high_high_down',-1,0.0,0.0,
BNB/USDT,577,2026-04-02 22:00:00,long,0.61354,74.5,60.0,583.26,4.717857,high_high_down,False,True,False,False,False,0.0,0.0,50.0,0.0,0.0,0.0,0.0,0.0,50.0,0.0,0.0,-1,0.0,G2_EDGE,reg.buy_ok=False  regime='high_high_down',-1,0.0,0.0,
BNB/USDT,578,2026-04-02 23:00:00,long,0.63084,75.69,60.0,583.52,4.63,high_high_down,False,True,False,False,False,0.0,0.0,50.0,0.0,0.0,0.0,0.0,0.0,50.0,0.0,0.0,-1,0.0,G2_EDGE,reg.buy_ok=False  regime='high_high_down',-1,0.0,0.0,
BNB/USDT,579,2026-04-03 00:00:00,long,0.5926,76.78,60.0,584.03,4.452143,high_high_down,False,True,False,False,False,0.0,0.0,50.0,0.0,0.0,0.0,0.0,0.0,50.0,0.0,0.0,-1,0.0,G2_EDGE,reg.buy_ok=False  regime='high_high_down',-1,0.0,0.0,
BNB/USDT,580,2026-04-03 01:00:00,long,0.59996,79.11,60.0,584.43,4.363571,high_high_down,False,True,False,False,False,0.0,0.0,50.0,0.0,0.0,0.0,0.0,0.0,50.0,0.0,0.0,-1,0.0,G2_EDGE,reg.buy_ok=False  regime='high_high_down',-1,0.0,0.0,
BNB/USDT,581,2026-04-03 02:00:00,long,0.62596,69.6,60.0,584.81,4.198571,high_med_down,False,True,False,False,False,0.0,0.0,50.0,0.0,0.0,0.0,0.0,0.0,50.0,0.0,0.0,-1,0.0,G2_EDGE,reg.buy_ok=False  regime='high_med_down',-1,0.0,0.0,
BNB/USDT,582,2026-04-03 03:00:00,long,0.6087,69.71,60.0,585.82,3.925714,high_med_down,False,True,False,False,False,0.0,0.0,50.0,0.0,0.0,0.0,0.0,0.0,50.0,0.0,0.0,-1,0.0,G2_EDGE,reg.buy_ok=False  regime='high_med_down',-1,0.0,0.0,
BNB/USDT,583,2026-04-03 04:00:00,long,0.61468,59.67,60.0,586.62,3.524286,high_med_flat,False,False,False,False,False,0.0,0.0,50.0,0.0,0.0,0.0,0.0,0.0,50.0,0.0,0.0,-1,0.0,G2_EDGE,reg.buy_ok=False  regime='high_med_flat',-1,0.0,0.0,
BNB/USDT,584,2026-04-03 05:00:00,long,0.6109,60.74,60.0,586.79,3.377857,high_med_flat,False,False,False,False,False,0.0,0.0,50.0,0.0,0.0,0.0,0.0,0.0,50.0,0.0,0.0,-1,0.0,G2_EDGE,reg.buy_ok=False  regime='high_med_flat',-1,0.0,0.0,
BNB/USDT,585,2026-04-03 06:00:00,long,0.5904,59.15,60.0,586.21,3.010714,high_med_flat,False,False,False,False,False,0.0,0.0,50.0,0.0,0.0,0.0,0.0,0.0,50.0,0.0,0.0,-1,0.0,G2_EDGE,reg.buy_ok=False  regime='high_med_flat',-1,0.0,0.0,
BNB/USDT,586,2026-04-03 07:00:00,long,0.5793,59.89,60.0,586.49,2.887857,high_low_flat,,,True,False,False,0.0,0.0,50.0,0.0,0.0,0.0,0.0,0.0,50.0,0.0,0.0,-1,0.0,G1_REGIME,regime='high_low_flat' skipped=True reg_empty=False,-1,0.0,0.0,
BNB/USDT,587,2026-04-03 08:00:00,long,0.57894,60.22,60.0,585.75,2.882857,high_low_flat,,,True,False,False,0.0,0.0,50.0,0.0,0.0,0.0,0.0,0.0,50.0,0.0,0.0,-1,0.0,G1_REGIME,regime='high_low_flat' skipped=True reg_empty=False,-1,0.0,0.0,
BNB/USDT,588,2026-04-03 09:00:00,long,0.56414,71.3,60.0,585.26,2.846429,high_low_flat,,,True,False,False,0.0,0.0,50.0,0.0,0.0,0.0,0.0,0.0,50.0,0.0,0.0,-1,0.0,G1_REGIME,regime='high_low_flat' skipped=True reg_empty=False,-1,0.0,0.0,
BNB/USDT,589,2026-04-03 10:00:00,long,0.55299,68.64,60.0,585.88,2.867143,high_low_up,,,True,False,False,0.0,0.0,50.0,0.0,0.0,0.0,0.0,0.0,50.0,0.0,0.0,-1,0.0,G1_REGIME,regime='high_low_up' skipped=True reg_empty=False,-1,0.0,0.0,
BNB/USDT,590,2026-04-03 11:00:00,long,0.561,71.17,60.0,587.34,2.845714,high_low_up,,,True,False,False,0.0,0.0,50.0,0.0,0.0,0.0,0.0,0.0,50.0,0.0,0.0,-1,0.0,G1_REGIME,regime='high_low_up' skipped=True reg_empty=False,-1,0.0,0.0,
BNB/USDT,591,2026-04-03 12:00:00,long,0.55438,77.25,60.0,585.4,2.995,high_med_up,False,True,False,False,False,0.0,0.0,50.0,0.0,0.0,0.0,0.0,0.0,50.0,0.0,0.0,-1,0.0,G2_EDGE,reg.buy_ok=False  regime='high_med_up',-1,0.0,0.0,
BNB/USDT,592,2026-04-03 13:00:00,long,0.55142,70.66,60.0,586.49,3.056429,med_med_up,False,False,False,False,False,0.0,0.0,50.0,0.0,0.0,0.0,0.0,0.0,50.0,0.0,0.0,-1,0.0,G2_EDGE,reg.buy_ok=False  regime='med_med_up',-1,0.0,0.0,
BNB/USDT,593,2026-04-03 14:00:00,long,0.54364,71.95,60.0,587.75,3.045,med_med_up,False,False,False,False,False,0.0,0.0,50.0,0.0,0.0,0.0,0.0,0.0,50.0,0.0,0.0,-1,0.0,G2_EDGE,reg.buy_ok=False  regime='med_med_up',-1,0.0,0.0,
BNB/USDT,594,2026-04-03 15:00:00,long,0.55242,76.59,60.0,586.99,2.991429,low_low_up,False,True,False,False,False,0.0,0.0,50.0,0.0,0.0,0.0,0.0,0.0,50.0,0.0,0.0,-1,0.0,G2_EDGE,reg.buy_ok=False  regime='low_low_up',-1,0.0,0.0,
BNB/USDT,595,2026-04-03 16:00:00,long,0.54026,66.72,60.0,588.81,2.840714,low_low_up,False,True,False,False,False,0.0,0.0,50.0,0.0,0.0,0.0,0.0,0.0,50.0,0.0,0.0,-1,0.0,G2_EDGE,reg.buy_ok=False  regime='low_low_up',-1,0.0,0.0,
BNB/USDT,596,2026-04-03 17:00:00,long,0.54526,64.31,60.0,588.41,2.863571,low_low_up,False,True,False,False,False,0.0,0.0,50.0,0.0,0.0,0.0,0.0,0.0,50.0,0.0,0.0,-1,0.0,G2_EDGE,reg.buy_ok=False  regime='low_low_up',-1,0.0,0.0,
BNB/USDT,597,2026-04-03 18:00:00,long,0.5555,64.65,60.0,588.02,2.823571,low_low_up,False,True,False,False,False,0.0,0.0,50.0,0.0,0.0,0.0,0.0,0.0,50.0,0.0,0.0,-1,0.0,G2_EDGE,reg.buy_ok=False  regime='low_low_up',-1,0.0,0.0,
BNB/USDT,598,2026-04-03 19:00:00,long,0.52084,74.78,60.0,588.66,2.753571,low_low_up,False,True,False,False,False,0.0,0.0,50.0,0.0,0.0,0.0,0.0,0.0,50.0,0.0,0.0,-1,0.0,G2_EDGE,reg.buy_ok=False  regime='low_low_up',-1,0.0,0.0,
BNB/USDT,599,2026-04-03 20:00:00,long,0.50979,73.26,60.0,588.46,2.667857,low_low_up,False,True,False,False,False,0.0,0.0,50.0,0.0,0.0,0.0,0.0,0.0,50.0,0.0,0.0,-1,0.0,G2_EDGE,reg.buy_ok=False  regime='low_low_up',-1,0.0,0.0,
BNB/USDT,600,2026-04-03 21:00:00,long,0.50516,75.8,60.0,588.75,2.559286,low_low_up,False,True,False,False,False,0.0,0.0,50.0,0.0,0.0,0.0,0.0,0.0,50.0,0.0,0.0,-1,0.0,G2_EDGE,reg.buy_ok=False  regime='low_low_up',-1,0.0,0.0,
BNB/USDT,601,2026-04-03 22:00:00,long,0.50247,72.7,60.0,587.26,2.387143,low_low_flat,True,True,False,True,True,0.0,0.2900600680173172,64.80619798023722,0.0,-0.000906,0.006,0.0,0.0,50.0,0.0,0.0,-1,0.0,G4_EV,ev=-0.00091 <= floor=0.00600  meta_conf=0.5025,-1,0.0,0.0,
BNB/USDT,602,2026-04-03 23:00:00,long,0.50315,75.4,60.0,588.31,2.292857,low_low_up,False,True,False,False,False,0.0,0.0,50.0,0.0,0.0,0.0,0.0,0.0,50.0,0.0,0.0,-1,0.0,G2_EDGE,reg.buy_ok=False  regime='low_low_up',-1,0.0,0.0,
BNB/USDT,603,2026-04-04 00:00:00,long,0.50519,75.79,60.0,587.68,2.223571,low_low_flat,True,True,False,True,True,0.0,0.3389633551705204,68.86043798902313,0.0,-0.001074,0.006,0.0,0.0,50.0,0.0,0.0,-1,0.0,G4_EV,ev=-0.00107 <= floor=0.00600  meta_conf=0.5052,-1,0.0,0.0,
BNB/USDT,604,2026-04-04 01:00:00,long,0.50405,76.79,60.0,587.69,2.156429,low_low_flat,True,True,False,True,True,0.0,0.36793038487293966,68.17310605988366,0.0,-0.001181,0.006,0.0,0.0,50.0,0.0,0.0,-1,0.0,G4_EV,ev=-0.00118 <= floor=0.00600  meta_conf=0.5040,-1,0.0,0.0,
BNB/USDT,605,2026-04-04 02:00:00,short,0.50367,69.42,60.0,588.28,1.833571,low_low_flat,True,True,False,True,True,0.0,0.40398241554422226,73.47120376472687,0.0,-0.001611,0.006,0.0,0.0,50.0,0.0,0.0,-1,0.0,G4_EV,ev=-0.00161 <= floor=0.00600  meta_conf=0.5037,-1,0.0,0.0,
BNB/USDT,606,2026-04-04 03:00:00,short,0.50815,67.74,60.0,589.12,1.721429,low_low_flat,True,True,False,True,True,0.0,0.5864731719177517,86.25054388367592,0.0,-0.001701,0.006,0.0,0.0,50.0,0.0,0.0,-1,0.0,G4_EV,ev=-0.00170 <= floor=0.00600  meta_conf=0.5081,-1,0.0,0.0,
BNB/USDT,607,2026-04-04 04:00:00,short,0.50701,68.52,60.0,588.75,1.590714,low_low_flat,True,True,False,True,True,0.0,0.4498567241477891,91.28656431492762,0.0,-0.001888,0.006,0.0,0.0,50.0,0.0,0.0,-1,0.0,G4_EV,ev=-0.00189 <= floor=0.00600  meta_conf=0.5070,-1,0.0,0.0,
BNB/USDT,608,2026-04-04 05:00:00,short,0.50532,68.94,60.0,589.66,1.496429,low_low_flat,True,True,False,True,True,0.0,0.6183136288377462,89.56745625112134,0.0,-0.002036,0.006,0.0,0.0,50.0,0.0,0.0,-1,0.0,G4_EV,ev=-0.00204 <= floor=0.00600  meta_conf=0.5053,-1,0.0,0.0,
BNB/USDT,609,2026-04-04 06:00:00,short,0.50383,75.49,60.0,591.57,1.54,low_low_up,False,True,False,True,True,0.0,0.7073389098630678,64.59685710234346,1.0,-0.002003,0.006,0.0,0.0,50.0,0.0,0.0,-1,0.0,G4_EV,ev=-0.00200 <= floor=0.00600  meta_conf=0.5038,-1,0.0,0.0,
BNB/USDT,610,2026-04-04 07:00:00,short,0.50214,91.79,60.0,590.0,1.547857,low_low_flat,True,True,False,True,True,0.0,0.4319292377380542,62.94859947809593,0.0,-0.002007,0.006,0.0,0.0,50.0,0.0,0.0,-1,0.0,G4_EV,ev=-0.00201 <= floor=0.00600  meta_conf=0.5021,-1,0.0,0.0,
BNB/USDT,611,2026-04-04 08:00:00,long,0.50088,85.52,60.0,589.44,1.621429,low_low_flat,True,True,False,True,True,0.0,0.3569303013471156,61.37724878764132,0.0,-0.001926,0.006,0.0,0.0,50.0,0.0,0.0,-1,0.0,G4_EV,ev=-0.00193 <= floor=0.00600  meta_conf=0.5009,-1,0.0,0.0,
BNB/USDT,612,2026-04-04 09:00:00,long,0.50026,80.03,60.0,590.16,1.555714,low_low_up,False,True,False,False,False,0.0,0.0,50.0,0.0,0.0,0.0,0.0,0.0,50.0,0.0,0.0,-1,0.0,G2_EDGE,reg.buy_ok=False  regime='low_low_up',-1,0.0,0.0,
BNB/USDT,613,2026-04-04 10:00:00,long,0.50455,81.87,60.0,590.19,1.581429,low_low_up,False,True,False,False,False,0.0,0.0,50.0,0.0,0.0,0.0,0.0,0.0,50.0,0.0,0.0,-1,0.0,G2_EDGE,reg.buy_ok=False  regime='low_low_up',-1,0.0,0.0,
BNB/USDT,614,2026-04-04 11:00:00,long,0.50372,79.23,60.0,589.49,1.564286,low_low_flat,True,True,False,True,True,0.0,0.2720608453822688,59.307232828877545,0.0,-0.001965,0.006,0.0,0.0,50.0,0.0,0.0,-1,0.0,G4_EV,ev=-0.00197 <= floor=0.00600  meta_conf=0.5037,-1,0.0,0.0,
BNB/USDT,615,2026-04-04 12:00:00,long,0.50196,79.41,60.0,589.68,1.475,low_low_up,False,True,False,False,False,0.0,0.0,50.0,0.0,0.0,0.0,0.0,0.0,50.0,0.0,0.0,-1,0.0,G2_EDGE,reg.buy_ok=False  regime='low_low_up',-1,0.0,0.0,
BNB/USDT,616,2026-04-04 13:00:00,short,0.50134,70.98,60.0,590.2,1.450714,low_low_flat,True,True,False,True,True,0.0,0.491978800608817,57.291945485769126,0.0,-0.002142,0.006,0.0,0.0,50.0,0.0,0.0,-1,0.0,G4_EV,ev=-0.00214 <= floor=0.00600  meta_conf=0.5013,-1,0.0,0.0,
BNB/USDT,617,2026-04-04 14:00:00,short,0.50911,77.14,60.0,590.22,1.522857,low_low_flat,True,True,False,True,True,0.0,0.4888042222505141,56.1378471776464,0.0,-0.001959,0.006,0.0,0.0,50.0,0.0,0.0,-1,0.0,G4_EV,ev=-0.00196 <= floor=0.00600  meta_conf=0.5091,-1,0.0,0.0,
BNB/USDT,618,2026-04-04 15:00:00,short,0.51193,88.7,60.0,591.11,1.576429,low_low_flat,True,True,False,True,True,0.0,0.5569199961386517,58.298772589232556,0.0,-0.001857,0.006,0.0,0.0,50.0,0.0,0.0,-1,0.0,G4_EV,ev=-0.00186 <= floor=0.00600  meta_conf=0.5119,-1,0.0,0.0,
BNB/USDT,619,2026-04-04 16:00:00,short,0.52103,75.27,60.0,591.34,1.71,low_low_flat,True,True,False,True,True,0.0,0.5450245993765891,52.93644892051898,0.0,-0.001557,0.006,0.0,0.0,50.0,0.0,0.0,-1,0.0,G4_EV,ev=-0.00156 <= floor=0.00600  meta_conf=0.5210,-1,0.0,0.0,
BNB/USDT,620,2026-04-04 17:00:00,short,0.52277,71.47,60.0,592.69,1.796429,low_low_up,False,True,False,True,True,0.0,0.6457871689325507,53.065675653356294,0.0,-0.001416,0.006,0.0,0.0,50.0,0.0,0.0,-1,0.0,G4_EV,ev=-0.00142 <= floor=0.00600  meta_conf=0.5228,-1,0.0,0.0,
BNB/USDT,621,2026-04-04 18:00:00,short,0.52367,68.03,60.0,593.36,1.818571,low_low_up,False,True,False,True,True,0.0,0.6566742060875603,53.45559698231356,0.0,-0.001375,0.006,0.0,0.0,50.0,0.0,0.0,-1,0.0,G4_EV,ev=-0.00137 <= floor=0.00600  meta_conf=0.5237,-1,0.0,0.0,
BNB/USDT,622,2026-04-04 19:00:00,short,0.52018,74.9,60.0,593.46,1.977857,low_low_up,False,True,False,True,True,0.0,0.6258318899817206,37.41988264227631,0.0,-0.001198,0.006,0.0,0.0,50.0,0.0,0.0,-1,0.0,G4_EV,ev=-0.00120 <= floor=0.00600  meta_conf=0.5202,-1,0.0,0.0,
BNB/USDT,623,2026-04-04 20:00:00,short,0.52581,64.92,60.0,593.57,1.865,low_low_up,False,True,False,True,True,0.0,0.6199470982782439,37.95763958235298,0.0,-0.001279,0.006,0.0,0.0,50.0,0.0,0.0,-1,0.0,G4_EV,ev=-0.00128 <= floor=0.00600  meta_conf=0.5258,-1,0.0,0.0,
BNB/USDT,624,2026-04-04 21:00:00,short,0.53237,66.89,60.0,594.46,1.835714,low_low_up,False,True,False,True,True,0.0,0.6345666423650619,38.42764773884196,0.0,-0.001234,0.006,0.0,0.0,50.0,0.0,0.0,-1,0.0,G4_EV,ev=-0.00123 <= floor=0.00600  meta_conf=0.5324,-1,0.0,0.0,
BNB/USDT,625,2026-04-04 22:00:00,short,0.53253,66.13,60.0,594.25,1.735,low_low_up,False,True,False,True,True,0.0,0.554276509320357,38.611493165739816,0.0,-0.001383,0.006,0.0,0.0,50.0,0.0,0.0,-1,0.0,G4_EV,ev=-0.00138 <= floor=0.00600  meta_conf=0.5325,-1,0.0,0.0,
BNB/USDT,626,2026-04-04 23:00:00,short,0.53108,67.63,60.0,593.36,1.768571,low_low_up,False,True,False,True,True,0.0,0.46678945874382655,38.953674606643766,0.0,-0.001348,0.006,0.0,0.0,50.0,0.0,0.0,-1,0.0,G4_EV,ev=-0.00135 <= floor=0.00600  meta_conf=0.5311,-1,0.0,0.0,
BNB/USDT,627,2026-04-05 00:00:00,short,0.53043,70.23,60.0,592.45,1.795,low_low_up,False,True,False,True,True,0.0,0.3507699374865857,39.29392654771168,0.0,-0.001313,0.006,0.0,0.0,50.0,0.0,0.0,-1,0.0,G4_EV,ev=-0.00131 <= floor=0.00600  meta_conf=0.5304,-1,0.0,0.0,
BNB/USDT,628,2026-04-05 01:00:00,short,0.5279,73.09,60.0,591.92,1.844286,low_low_up,False,True,False,True,True,0.0,0.230969074652824,39.73543043445964,0.0,-0.001272,0.006,0.0,0.0,50.0,0.0,0.0,-1,0.0,G4_EV,ev=-0.00127 <= floor=0.00600  meta_conf=0.5279,-1,0.0,0.0,
BNB/USDT,629,2026-04-05 02:00:00,short,0.52749,73.59,60.0,593.22,1.948571,low_low_up,False,True,False,True,True,0.0,0.38662543957849527,40.47064530921038,0.0,-0.00113,0.006,0.0,0.0,50.0,0.0,0.0,-1,0.0,G4_EV,ev=-0.00113 <= floor=0.00600  meta_conf=0.5275,-1,0.0,0.0,
BNB/USDT,630,2026-04-05 03:00:00,short,0.53149,68.16,60.0,593.43,1.930714,low_low_up,False,True,False,True,True,0.0,0.41225599674947105,41.20156259567607,0.0,-0.001099,0.006,0.0,0.0,50.0,0.0,0.0,-1,0.0,G4_EV,ev=-0.00110 <= floor=0.00600  meta_conf=0.5315,-1,0.0,0.0,
BNB/USDT,631,2026-04-05 04:00:00,short,0.52982,67.99,60.0,593.12,1.81,low_low_up,False,True,False,True,True,0.0,0.24756220252902916,50.12115588070536,0.0,-0.001302,0.006,0.0,0.0,50.0,0.0,0.0,-1,0.0,G4_EV,ev=-0.00130 <= floor=0.00600  meta_conf=0.5298,-1,0.0,0.0,
BNB/USDT,632,2026-04-05 05:00:00,short,0.53172,75.57,60.0,592.25,1.809286,low_low_flat,True,True,False,True,True,0.0,0.2074197057879097,54.291602841476575,0.0,-0.001273,0.006,0.0,0.0,50.0,0.0,0.0,-1,0.0,G4_EV,ev=-0.00127 <= floor=0.00600  meta_conf=0.5317,-1,0.0,0.0,
BNB/USDT,633,2026-04-05 06:00:00,short,0.53414,99.86,60.0,590.51,1.917857,low_low_flat,True,True,False,True,True,0.0,-0.2531723994603104,40.5351681518233,0.0,-0.001065,0.006,0.0,0.0,50.0,0.0,0.0,-1,0.0,G4_EV,ev=-0.00107 <= floor=0.00600  meta_conf=0.5341,-1,0.0,0.0,
BNB/USDT,634,2026-04-05 07:00:00,short,0.53289,84.95,60.0,590.46,1.887143,low_low_flat,True,True,False,True,True,0.0,-0.27457771676239295,40.66789460366636,0.0,-0.00113,0.006,0.0,0.0,50.0,0.0,0.0,-1,0.0,G4_EV,ev=-0.00113 <= floor=0.00600  meta_conf=0.5329,-1,0.0,0.0,
BNB/USDT,635,2026-04-05 08:00:00,short,0.54637,79.88,60.0,592.44,2.021429,low_low_flat,True,True,False,True,True,0.0,0.1360048628259352,40.963028650869035,0.0,-0.000729,0.006,0.0,0.0,50.0,0.0,0.0,-1,0.0,G4_EV,ev=-0.00073 <= floor=0.00600  meta_conf=0.5464,-1,0.0,0.0,
BNB/USDT,636,2026-04-05 09:00:00,short,0.52904,71.91,60.0,593.39,1.863571,low_low_flat,True,True,False,True,True,0.0,0.2723766280517829,47.407761538460576,0.0,-0.001234,0.006,0.0,0.0,50.0,0.0,0.0,-1,0.0,G4_EV,ev=-0.00123 <= floor=0.00600  meta_conf=0.5290,-1,0.0,0.0,
BNB/USDT,637,2026-04-05 10:00:00,short,0.53295,73.51,60.0,593.86,1.937143,low_low_flat,True,True,False,True,True,0.0,0.3812181346208123,47.51262725006028,0.0,-0.00107,0.006,0.0,0.0,50.0,0.0,0.0,-1,0.0,G4_EV,ev=-0.00107 <= floor=0.00600  meta_conf=0.5329,-1,0.0,0.0,
BNB/USDT,638,2026-04-05 11:00:00,short,0.53761,69.18,60.0,593.98,1.893571,low_low_up,False,True,False,True,True,0.0,0.40889236579982746,48.57543613673787,0.0,-0.00107,0.006,0.0,0.0,50.0,0.0,0.0,-1,0.0,G4_EV,ev=-0.00107 <= floor=0.00600  meta_conf=0.5376,-1,0.0,0.0,
BNB/USDT,639,2026-04-05 12:00:00,short,0.53232,100.0,60.0,589.58,2.168571,low_low_flat,True,True,False,True,True,0.0,-0.3658748759438449,49.198258870083826,0.0,-0.000706,0.006,0.0,0.0,50.0,0.0,0.0,-1,0.0,G4_EV,ev=-0.00071 <= floor=0.00600  meta_conf=0.5323,-1,0.0,0.0,
BNB/USDT,640,2026-04-05 13:00:00,short,0.5263,100.0,60.0,589.1,2.222857,low_low_flat,True,True,False,True,True,0.0,-0.4860612686390654,46.927672123862386,0.0,-0.000723,0.006,0.0,0.0,50.0,0.0,0.0,-1,0.0,G4_EV,ev=-0.00072 <= floor=0.00600  meta_conf=0.5263,-1,0.0,0.0,
BNB/USDT,641,2026-04-05 14:00:00,short,0.52539,84.15,60.0,589.5,2.239286,low_low_flat,True,True,False,True,True,0.0,-0.5198099401850461,47.54498291122698,0.0,-0.000717,0.006,0.0,0.0,50.0,0.0,0.0,-1,0.0,G4_EV,ev=-0.00072 <= floor=0.00600  meta_conf=0.5254,-1,0.0,0.0,
BNB/USDT,642,2026-04-05 15:00:00,long,0.50808,99.73,60.0,593.13,2.664286,low_low_flat,True,True,False,True,True,0.0,0.26865558499908226,42.228257317534144,0.0,-0.000468,0.006,0.0,0.0,50.0,0.0,0.0,-1,0.0,G4_EV,ev=-0.00047 <= floor=0.00600  meta_conf=0.5081,-1,0.0,0.0,
BNB/USDT,643,2026-04-05 16:00:00,short,0.50544,73.99,60.0,592.9,2.612857,low_low_flat,True,True,False,True,True,0.0,0.03581971638022226,43.10698653255843,0.0,-0.000587,0.006,0.0,0.0,50.0,0.0,0.0,-1,0.0,G4_EV,ev=-0.00059 <= floor=0.00600  meta_conf=0.5054,-1,0.0,0.0,
BNB/USDT,644,2026-04-05 17:00:00,short,0.50514,72.85,60.0,592.99,2.666429,low_low_flat,True,True,False,True,True,0.0,0.14477838868626353,44.05699583199709,0.0,-0.000524,0.006,0.0,0.0,50.0,0.0,0.0,-1,0.0,G4_EV,ev=-0.00052 <= floor=0.00600  meta_conf=0.5051,-1,0.0,0.0,
BNB/USDT,645,2026-04-05 18:00:00,short,0.50636,52.89,60.0,592.2,2.742143,low_low_flat,True,True,False,False,False,0.0,0.0,50.0,0.0,0.0,0.0,0.0,0.0,50.0,0.0,0.0,-1,0.0,G2_EDGE,edge=52.9 < thr=60.0,-1,0.0,0.0,
BNB/USDT,646,2026-04-05 19:00:00,long,0.51468,58.01,60.0,592.53,2.736429,low_low_flat,True,True,False,False,False,0.0,0.0,50.0,0.0,0.0,0.0,0.0,0.0,50.0,0.0,0.0,-1,0.0,G2_EDGE,edge=58.0 < thr=60.0,-1,0.0,0.0,
BNB/USDT,647,2026-04-05 20:00:00,long,0.52339,60.94,60.0,593.47,2.571429,low_low_flat,True,True,False,True,True,0.0,0.5858459095875554,47.13313638370137,0.0,-0.000294,0.006,0.0,0.0,50.0,0.0,0.0,-1,0.0,G4_EV,ev=-0.00029 <= floor=0.00600  meta_conf=0.5234,-1,0.0,0.0,
BNB/USDT,648,2026-04-05 21:00:00,long,0.50885,56.37,60.0,591.27,2.655714,low_low_flat,True,True,False,False,False,0.0,0.0,50.0,0.0,0.0,0.0,0.0,0.0,50.0,0.0,0.0,-1,0.0,G2_EDGE,edge=56.4 < thr=60.0,-1,0.0,0.0,
BNB/USDT,649,2026-04-05 22:00:00,long,0.57209,60.65,60.0,597.1,2.935714,low_low_flat,True,True,False,True,False,0.0,0.7408892380647374,44.09907217132965,1.0,0.001282,0.006,0.0,0.0,50.0,0.0,0.0,-1,0.0,G4_EV,ev=0.00128 <= floor=0.00600  meta_conf=0.5721,-1,0.0,0.0,
BNB/USDT,650,2026-04-05 23:00:00,long,0.63574,78.77,60.0,601.5,3.358571,low_med_up,False,False,False,False,False,0.0,0.0,50.0,0.0,0.0,0.0,0.0,0.0,50.0,0.0,0.0,-1,0.0,G2_EDGE,reg.buy_ok=False  regime='low_med_up',-1,0.0,0.0,
BNB/USDT,651,2026-04-06 00:00:00,long,0.64509,78.78,60.0,603.44,3.652857,low_med_up,False,False,False,False,False,0.0,0.0,50.0,0.0,0.0,0.0,0.0,0.0,50.0,0.0,0.0,-1,0.0,G2_EDGE,reg.buy_ok=False  regime='low_med_up',-1,0.0,0.0,
BNB/USDT,652,2026-04-06 01:00:00,long,0.63774,58.17,60.0,600.73,3.796429,low_med_up,False,False,False,False,False,0.0,0.0,50.0,0.0,0.0,0.0,0.0,0.0,50.0,0.0,0.0,-1,0.0,G2_EDGE,reg.buy_ok=False  regime='low_med_up',-1,0.0,0.0,
BNB/USDT,653,2026-04-06 02:00:00,long,0.59944,67.56,60.0,602.98,3.76,low_med_up,False,False,False,False,False,0.0,0.0,50.0,0.0,0.0,0.0,0.0,0.0,50.0,0.0,0.0,-1,0.0,G2_EDGE,reg.buy_ok=False  regime='low_med_up',-1,0.0,0.0,
BNB/USDT,654,2026-04-06 03:00:00,long,0.5962,63.53,60.0,600.61,3.794286,low_med_up,False,False,False,False,False,0.0,0.0,50.0,0.0,0.0,0.0,0.0,0.0,50.0,0.0,0.0,-1,0.0,G2_EDGE,reg.buy_ok=False  regime='low_med_up',-1,0.0,0.0,
BNB/USDT,655,2026-04-06 04:00:00,long,0.59243,76.43,60.0,599.99,3.847857,low_med_up,False,False,False,False,False,0.0,0.0,50.0,0.0,0.0,0.0,0.0,0.0,50.0,0.0,0.0,-1,0.0,G2_EDGE,reg.buy_ok=False  regime='low_med_up',-1,0.0,0.0,
BNB/USDT,656,2026-04-06 05:00:00,long,0.63516,75.57,60.0,601.99,3.505714,low_med_up,False,False,False,False,False,0.0,0.0,50.0,0.0,0.0,0.0,0.0,0.0,50.0,0.0,0.0,-1,0.0,G2_EDGE,reg.buy_ok=False  regime='low_med_up',-1,0.0,0.0,
BNB/USDT,657,2026-04-06 06:00:00,long,0.64316,77.72,60.0,601.36,3.705714,low_med_up,False,False,False,False,False,0.0,0.0,50.0,0.0,0.0,0.0,0.0,0.0,50.0,0.0,0.0,-1,0.0,G2_EDGE,reg.buy_ok=False  regime='low_med_up',-1,0.0,0.0,
BNB/USDT,658,2026-04-06 07:00:00,long,0.66163,79.88,60.0,603.8,3.892857,low_med_up,False,False,False,False,False,0.0,0.0,50.0,0.0,0.0,0.0,0.0,0.0,50.0,0.0,0.0,-1,0.0,G2_EDGE,reg.buy_ok=False  regime='low_med_up',-1,0.0,0.0,
BNB/USDT,659,2026-04-06 08:00:00,long,0.64374,66.21,60.0,604.18,3.875,low_med_up,False,False,False,False,False,0.0,0.0,50.0,0.0,0.0,0.0,0.0,0.0,50.0,0.0,0.0,-1,0.0,G2_EDGE,reg.buy_ok=False  regime='low_med_up',-1,0.0,0.0,
BNB/USDT,660,2026-04-06 09:00:00,long,0.64307,74.76,60.0,606.98,4.183571,low_med_up,False,False,False,False,False,0.0,0.0,50.0,0.0,0.0,0.0,0.0,0.0,50.0,0.0,0.0,-1,0.0,G2_EDGE,reg.buy_ok=False  regime='low_med_up',-1,0.0,0.0,
BNB/USDT,661,2026-04-06 10:00:00,long,0.62804,64.53,60.0,606.61,4.185,low_med_up,False,False,False,False,False,0.0,0.0,50.0,0.0,0.0,0.0,0.0,0.0,50.0,0.0,0.0,-1,0.0,G2_EDGE,reg.buy_ok=False  regime='low_med_up',-1,0.0,0.0,
BNB/USDT,662,2026-04-06 11:00:00,long,0.62424,63.18,60.0,605.36,4.087143,low_med_up,False,False,False,False,False,0.0,0.0,50.0,0.0,0.0,0.0,0.0,0.0,50.0,0.0,0.0,-1,0.0,G2_EDGE,reg.buy_ok=False  regime='low_med_up',-1,0.0,0.0,
BNB/USDT,663,2026-04-06 12:00:00,long,0.61375,72.76,60.0,604.33,3.702143,low_med_up,False,False,False,False,False,0.0,0.0,50.0,0.0,0.0,0.0,0.0,0.0,50.0,0.0,0.0,-1,0.0,G2_EDGE,reg.buy_ok=False  regime='low_med_up',-1,0.0,0.0,
BNB/USDT,664,2026-04-06 13:00:00,long,0.61147,75.76,60.0,605.57,3.385,low_med_up,False,False,False,False,False,0.0,0.0,50.0,0.0,0.0,0.0,0.0,0.0,50.0,0.0,0.0,-1,0.0,G2_EDGE,reg.buy_ok=False  regime='low_med_up',-1,0.0,0.0,
BNB/USDT,665,2026-04-06 14:00:00,long,0.61259,80.86,60.0,607.09,3.205,med_med_up,False,False,False,False,False,0.0,0.0,50.0,0.0,0.0,0.0,0.0,0.0,50.0,0.0,0.0,-1,0.0,G2_EDGE,reg.buy_ok=False  regime='med_med_up',-1,0.0,0.0,
BNB/USDT,666,2026-04-06 15:00:00,long,0.62168,73.69,60.0,608.45,3.112143,low_med_up,False,False,False,False,False,0.0,0.0,50.0,0.0,0.0,0.0,0.0,0.0,50.0,0.0,0.0,-1,0.0,G2_EDGE,reg.buy_ok=False  regime='low_med_up',-1,0.0,0.0,
BNB/USDT,667,2026-04-06 16:00:00,long,0.60392,73.56,60.0,605.65,3.038571,low_low_up,False,True,False,False,False,0.0,0.0,50.0,0.0,0.0,0.0,0.0,0.0,50.0,0.0,0.0,-1,0.0,G2_EDGE,reg.buy_ok=False  regime='low_low_up',-1,0.0,0.0,
BNB/USDT,668,2026-04-06 17:00:00,long,0.60416,71.82,60.0,604.46,3.017857,med_low_up,True,False,False,True,False,0.0,0.29966112441072806,55.72522965033504,0.0,0.002085,0.006,0.0,0.0,50.0,0.0,0.0,-1,0.0,G4_EV,ev=0.00208 <= floor=0.00600  meta_conf=0.6042,-1,0.0,0.0,
BNB/USDT,669,2026-04-06 18:00:00,long,0.60112,68.79,60.0,606.93,3.081429,med_low_up,True,False,False,True,False,0.0,0.4512430241852885,59.37269612741736,0.0,0.002118,0.006,0.0,0.0,50.0,0.0,0.0,-1,0.0,G4_EV,ev=0.00212 <= floor=0.00600  meta_conf=0.6011,-1,0.0,0.0,
BNB/USDT,670,2026-04-06 19:00:00,long,0.59338,66.7,60.0,606.67,2.998571,med_low_up,True,False,False,True,False,0.0,0.39892680090895277,59.498285909741846,0.0,0.001784,0.006,0.0,0.0,50.0,0.0,0.0,-1,0.0,G4_EV,ev=0.00178 <= floor=0.00600  meta_conf=0.5934,-1,0.0,0.0,
BNB/USDT,671,2026-04-06 20:00:00,long,0.5862,69.25,60.0,606.48,2.852143,med_low_up,True,False,False,True,False,0.0,0.3732442683666511,59.320540346640534,0.0,0.001351,0.006,0.0,0.0,50.0,0.0,0.0,-1,0.0,G4_EV,ev=0.00135 <= floor=0.00600  meta_conf=0.5862,-1,0.0,0.0,
BNB/USDT,672,2026-04-06 21:00:00,long,0.55517,64.87,60.0,605.27,2.665714,med_low_up,True,False,False,True,False,0.0,0.2102042771331858,70.67134539576068,0.0,0.000396,0.006,0.0,0.0,50.0,0.0,0.0,-1,0.0,G4_EV,ev=0.00040 <= floor=0.00600  meta_conf=0.5552,-1,0.0,0.0,
BNB/USDT,673,2026-04-06 22:00:00,long,0.58437,77.45,60.0,600.04,2.980714,med_low_flat,True,True,False,False,False,0.0,-0.39153319712933343,57.14814199231133,0.0,0.001612,0.006,0.0,0.0,50.0,0.0,0.0,-1,0.0,G4_EV,ev=0.00161 <= floor=0.00600  meta_conf=0.5844,-1,0.0,0.0,
BNB/USDT,674,2026-04-06 23:00:00,long,0.59541,92.03,60.0,600.11,2.858571,low_low_flat,True,True,False,False,True,0.0,-0.3959399671979947,47.930064413115886,0.0,0.001618,0.006,0.0,0.0,50.0,0.0,0.0,-1,0.0,G4_EV,ev=0.00162 <= floor=0.00600  meta_conf=0.5954,-1,0.0,0.0,
BNB/USDT,675,2026-04-07 00:00:00,long,0.57876,81.1,60.0,599.14,2.881429,low_low_flat,True,True,False,False,True,0.0,-0.5838631927404372,46.82043155927404,0.0,0.001311,0.006,0.0,0.0,50.0,0.0,0.0,-1,0.0,G4_EV,ev=0.00131 <= floor=0.00600  meta_conf=0.5788,-1,0.0,0.0,
BNB/USDT,676,2026-04-07 01:00:00,long,0.57703,79.44,60.0,597.22,3.025714,low_low_flat,True,True,False,False,True,0.0,-0.6265548225338597,45.89228255561054,0.0,0.001556,0.006,0.0,0.0,50.0,0.0,0.0,-1,0.0,G4_EV,ev=0.00156 <= floor=0.00600  meta_conf=0.5770,-1,0.0,0.0,
BNB/USDT,677,2026-04-07 02:00:00,long,0.57864,81.41,60.0,598.47,3.141429,low_med_flat,False,False,False,False,False,0.0,0.0,50.0,0.0,0.0,0.0,0.0,0.0,50.0,0.0,0.0,-1,0.0,G2_EDGE,reg.buy_ok=False  regime='low_med_flat',-1,0.0,0.0,
BNB/USDT,678,2026-04-07 03:00:00,long,0.5654,78.93,60.0,599.16,3.045714,low_low_flat,True,True,False,False,True,0.0,-0.47535761170055985,45.08707963693512,0.0,0.001309,0.006,0.0,0.0,50.0,0.0,0.0,-1,0.0,G4_EV,ev=0.00131 <= floor=0.00600  meta_conf=0.5654,-1,0.0,0.0,
BNB/USDT,679,2026-04-07 04:00:00,long,0.57469,82.27,60.0,600.2,3.05,low_low_flat,True,True,False,False,True,0.0,-0.415559331535749,44.94666206387142,0.0,0.001519,0.006,0.0,0.0,50.0,0.0,0.0,-1,0.0,G4_EV,ev=0.00152 <= floor=0.00600  meta_conf=0.5747,-1,0.0,0.0,
BNB/USDT,680,2026-04-07 05:00:00,long,0.597,80.73,60.0,597.81,3.125,low_med_flat,False,False,False,False,False,0.0,0.0,50.0,0.0,0.0,0.0,0.0,0.0,50.0,0.0,0.0,-1,0.0,G2_EDGE,reg.buy_ok=False  regime='low_med_flat',-1,0.0,0.0,
BNB/USDT,681,2026-04-07 06:00:00,long,0.57994,82.17,60.0,598.84,3.046429,low_low_flat,True,True,False,False,True,0.0,-0.45817841444832963,48.189642826034614,0.0,0.001645,0.006,0.0,0.0,50.0,0.0,0.0,-1,0.0,G4_EV,ev=0.00165 <= floor=0.00600  meta_conf=0.5799,-1,0.0,0.0,
BNB/USDT,682,2026-04-07 07:00:00,long,0.58802,82.7,60.0,599.3,2.992857,low_low_flat,True,True,False,False,True,0.0,-0.4442695654646416,48.16695727784432,0.0,0.001723,0.006,0.0,0.0,50.0,0.0,0.0,-1,0.0,G4_EV,ev=0.00172 <= floor=0.00600  meta_conf=0.5880,-1,0.0,0.0,
BNB/USDT,683,2026-04-07 08:00:00,long,0.55154,94.75,60.0,602.36,2.995,low_low_flat,True,True,False,True,True,0.0,-0.18918776323797262,48.08842529295836,0.0,0.000882,0.006,0.0,0.0,50.0,0.0,0.0,-1,0.0,G4_EV,ev=0.00088 <= floor=0.00600  meta_conf=0.5515,-1,0.0,0.0,
BNB/USDT,684,2026-04-07 09:00:00,long,0.5602,100.0,60.0,605.19,3.152857,low_med_flat,False,False,False,False,False,0.0,0.0,50.0,0.0,0.0,0.0,0.0,0.0,50.0,0.0,0.0,-1,0.0,G2_EDGE,reg.buy_ok=False  regime='low_med_flat',-1,0.0,0.0,
BNB/USDT,685,2026-04-07 10:00:00,long,0.54287,100.0,60.0,597.66,3.585714,low_med_down,True,False,False,False,True,0.0,-0.5209933458547791,53.67556546897076,0.0,0.001657,0.006,0.0,0.0,50.0,0.0,0.0,-1,0.0,G4_EV,ev=0.00166 <= floor=0.00600  meta_conf=0.5429,-1,0.0,0.0,
BNB/USDT,686,2026-04-07 11:00:00,long,0.54856,84.11,60.0,597.1,3.593571,low_med_down,True,False,False,False,True,0.0,-0.5366484929822443,54.71397700218845,0.0,0.001829,0.006,0.0,0.0,50.0,0.0,0.0,-1,0.0,G4_EV,ev=0.00183 <= floor=0.00600  meta_conf=0.5486,-1,0.0,0.0,
BNB/USDT,687,2026-04-07 12:00:00,long,0.53583,100.0,60.0,598.4,3.708571,low_med_flat,False,False,False,False,False,0.0,0.0,50.0,0.0,0.0,0.0,0.0,0.0,50.0,0.0,0.0,-1,0.0,G2_EDGE,reg.buy_ok=False  regime='low_med_flat',-1,0.0,0.0,
BNB/USDT,688,2026-04-07 13:00:00,long,0.54389,84.76,60.0,596.53,3.637857,med_med_down,True,False,False,False,True,0.0,-0.6285544757475695,43.39833694125163,0.0,0.001778,0.006,0.0,0.0,50.0,0.0,0.0,-1,0.0,G4_EV,ev=0.00178 <= floor=0.00600  meta_conf=0.5439,-1,0.0,0.0,
BNB/USDT,689,2026-04-07 14:00:00,short,0.52892,80.42,60.0,594.51,3.707857,med_med_down,True,False,False,False,False,0.0,0.0,50.0,0.0,0.0,0.0,0.0,0.0,50.0,0.0,0.0,-1,0.0,G2_EDGE,reg.sell_ok=False  regime='med_med_down',-1,0.0,0.0,
BNB/USDT,690,2026-04-07 15:00:00,long,0.53336,88.77,60.0,598.53,3.826429,med_med_down,True,False,False,False,True,0.0,-0.3818638987441044,44.74481015045219,0.0,0.001755,0.006,0.0,0.0,50.0,0.0,0.0,-1,0.0,G4_EV,ev=0.00175 <= floor=0.00600  meta_conf=0.5334,-1,0.0,0.0,
BNB/USDT,691,2026-04-07 16:00:00,long,0.53204,73.64,60.0,601.23,3.902857,med_med_flat,True,False,False,True,False,0.0,-0.0014701938269359007,45.358832815530675,0.0,0.001804,0.006,0.0,0.0,50.0,0.0,0.0,-1,0.0,G4_EV,ev=0.00180 <= floor=0.00600  meta_conf=0.5320,-1,0.0,0.0,
BNB/USDT,692,2026-04-07 17:00:00,long,0.5785,73.6,60.0,604.6,4.23,med_med_flat,True,False,False,True,False,0.0,0.38914773209006054,44.839928342122306,0.0,0.003719,0.006,0.0,0.0,50.0,0.0,0.0,-1,0.0,G4_EV,ev=0.00372 <= floor=0.00600  meta_conf=0.5785,-1,0.0,0.0,
BNB/USDT,693,2026-04-07 18:00:00,long,0.5745,48.59,60.0,603.35,4.122143,med_med_flat,True,False,False,False,False,0.0,0.0,50.0,0.0,0.0,0.0,0.0,0.0,50.0,0.0,0.0,-1,0.0,G2_EDGE,edge=48.6 < thr=60.0,-1,0.0,0.0,
BNB/USDT,694,2026-04-07 19:00:00,long,0.57246,62.34,60.0,608.41,4.326429,med_med_flat,True,False,False,True,False,0.0,0.711654836638782,41.83721046634779,1.0,0.003652,0.006,0.0,0.0,50.0,0.0,0.0,-1,0.0,G4_EV,ev=0.00365 <= floor=0.00600  meta_conf=0.5725,-1,0.0,0.0,
BNB/USDT,695,2026-04-07 20:00:00,long,0.57288,53.32,60.0,607.86,4.353571,med_med_flat,True,False,False,False,False,0.0,0.0,50.0,0.0,0.0,0.0,0.0,0.0,50.0,0.0,0.0,-1,0.0,G2_EDGE,edge=53.3 < thr=60.0,-1,0.0,0.0,
BNB/USDT,696,2026-04-07 21:00:00,long,0.60543,62.12,60.0,611.9,4.640714,med_high_up,,,True,False,False,0.0,0.0,50.0,0.0,0.0,0.0,0.0,0.0,50.0,0.0,0.0,-1,0.0,G1_REGIME,regime='med_high_up' skipped=True reg_empty=False,-1,0.0,0.0,
BNB/USDT,697,2026-04-07 22:00:00,long,0.60163,78.8,60.0,619.46,4.916429,med_high_up,,,True,False,False,0.0,0.0,50.0,0.0,0.0,0.0,0.0,0.0,50.0,0.0,0.0,-1,0.0,G1_REGIME,regime='med_high_up' skipped=True reg_empty=False,-1,0.0,0.0,
BNB/USDT,698,2026-04-07 23:00:00,long,0.60368,78.82,60.0,620.1,5.178571,high_high_up,False,True,False,False,False,0.0,0.0,50.0,0.0,0.0,0.0,0.0,0.0,50.0,0.0,0.0,-1,0.0,G2_EDGE,reg.buy_ok=False  regime='high_high_up',-1,0.0,0.0,
BNB/USDT,699,2026-04-08 00:00:00,long,0.60757,50.67,60.0,617.5,5.052857,high_high_up,False,True,False,False,False,0.0,0.0,50.0,0.0,0.0,0.0,0.0,0.0,50.0,0.0,0.0,-1,0.0,G2_EDGE,reg.buy_ok=False  regime='high_high_up',-1,0.0,0.0,
BNB/USDT,700,2026-04-08 01:00:00,long,0.60209,65.05,60.0,616.0,5.156429,high_high_up,False,True,False,False,False,0.0,0.0,50.0,0.0,0.0,0.0,0.0,0.0,50.0,0.0,0.0,-1,0.0,G2_EDGE,reg.buy_ok=False  regime='high_high_up',-1,0.0,0.0,
BNB/USDT,701,2026-04-08 02:00:00,long,0.58112,74.63,60.0,615.28,4.800714,high_high_up,False,True,False,False,False,0.0,0.0,50.0,0.0,0.0,0.0,0.0,0.0,50.0,0.0,0.0,-1,0.0,G2_EDGE,reg.buy_ok=False  regime='high_high_up',-1,0.0,0.0,
BNB/USDT,702,2026-04-08 03:00:00,long,0.5605,73.92,60.0,613.29,4.755714,high_high_up,False,True,False,False,False,0.0,0.0,50.0,0.0,0.0,0.0,0.0,0.0,50.0,0.0,0.0,-1,0.0,G2_EDGE,reg.buy_ok=False  regime='high_high_up',-1,0.0,0.0,
BNB/USDT,703,2026-04-08 04:00:00,long,0.56831,76.58,60.0,615.22,4.697143,high_high_up,False,True,False,False,False,0.0,0.0,50.0,0.0,0.0,0.0,0.0,0.0,50.0,0.0,0.0,-1,0.0,G2_EDGE,reg.buy_ok=False  regime='high_high_up',-1,0.0,0.0,
BNB/USDT,704,2026-04-08 05:00:00,long,0.56816,62.41,60.0,615.93,4.433571,high_med_up,False,True,False,False,False,0.0,0.0,50.0,0.0,0.0,0.0,0.0,0.0,50.0,0.0,0.0,-1,0.0,G2_EDGE,reg.buy_ok=False  regime='high_med_up',-1,0.0,0.0,
BNB/USDT,705,2026-04-08 06:00:00,long,0.57243,81.45,60.0,614.0,4.382857,high_med_up,False,True,False,False,False,0.0,0.0,50.0,0.0,0.0,0.0,0.0,0.0,50.0,0.0,0.0,-1,0.0,G2_EDGE,reg.buy_ok=False  regime='high_med_up',-1,0.0,0.0,
BNB/USDT,706,2026-04-08 07:00:00,long,0.56273,81.3,60.0,613.24,4.159286,high_med_up,False,True,False,False,False,0.0,0.0,50.0,0.0,0.0,0.0,0.0,0.0,50.0,0.0,0.0,-1,0.0,G2_EDGE,reg.buy_ok=False  regime='high_med_up',-1,0.0,0.0,
BNB/USDT,707,2026-04-08 08:00:00,long,0.56633,82.82,60.0,612.8,4.182143,high_med_up,False,True,False,False,False,0.0,0.0,50.0,0.0,0.0,0.0,0.0,0.0,50.0,0.0,0.0,-1,0.0,G2_EDGE,reg.buy_ok=False  regime='high_med_up',-1,0.0,0.0,
BNB/USDT,708,2026-04-08 09:00:00,long,0.55768,77.82,60.0,611.75,3.982143,high_med_up,False,True,False,False,False,0.0,0.0,50.0,0.0,0.0,0.0,0.0,0.0,50.0,0.0,0.0,-1,0.0,G2_EDGE,reg.buy_ok=False  regime='high_med_up',-1,0.0,0.0,
BNB/USDT,709,2026-04-08 10:00:00,long,0.57186,78.24,60.0,611.93,3.917857,high_med_up,False,True,False,False,False,0.0,0.0,50.0,0.0,0.0,0.0,0.0,0.0,50.0,0.0,0.0,-1,0.0,G2_EDGE,reg.buy_ok=False  regime='high_med_up',-1,0.0,0.0,
BNB/USDT,710,2026-04-08 11:00:00,long,0.55087,77.2,60.0,612.83,3.64,high_med_up,False,True,False,False,False,0.0,0.0,50.0,0.0,0.0,0.0,0.0,0.0,50.0,0.0,0.0,-1,0.0,G2_EDGE,reg.buy_ok=False  regime='high_med_up',-1,0.0,0.0,
BNB/USDT,711,2026-04-08 12:00:00,long,0.52747,84.69,60.0,613.48,3.329286,high_med_up,False,True,False,False,False,0.0,0.0,50.0,0.0,0.0,0.0,0.0,0.0,50.0,0.0,0.0,-1,0.0,G2_EDGE,reg.buy_ok=False  regime='high_med_up',-1,0.0,0.0,
BNB/USDT,712,2026-04-08 13:00:00,long,0.55591,94.02,60.0,607.31,3.456429,high_med_up,False,True,False,False,False,0.0,0.0,50.0,0.0,0.0,0.0,0.0,0.0,50.0,0.0,0.0,-1,0.0,G2_EDGE,reg.buy_ok=False  regime='high_med_up',-1,0.0,0.0,
BNB/USDT,713,2026-04-08 14:00:00,long,0.52504,74.63,60.0,602.59,3.501429,high_med_up,False,True,False,False,False,0.0,0.0,50.0,0.0,0.0,0.0,0.0,0.0,50.0,0.0,0.0,-1,0.0,G2_EDGE,reg.buy_ok=False  regime='high_med_up',-1,0.0,0.0,
BNB/USDT,714,2026-04-08 15:00:00,short,0.51107,69.41,60.0,605.35,3.56,high_med_up,False,True,False,False,False,0.0,-0.423875402190542,47.34924853079011,0.0,0.000704,0.006,0.0,0.0,50.0,0.0,0.0,-1,0.0,G4_EV,ev=0.00070 <= floor=0.00600  meta_conf=0.5111,-1,0.0,0.0,
BNB/USDT,715,2026-04-08 16:00:00,long,0.50204,79.7,60.0,605.2,3.544286,high_med_flat,False,False,False,False,False,0.0,0.0,50.0,0.0,0.0,0.0,0.0,0.0,50.0,0.0,0.0,-1,0.0,G2_EDGE,reg.buy_ok=False  regime='high_med_flat',-1,0.0,0.0,
BNB/USDT,716,2026-04-08 17:00:00,short,0.52032,66.0,60.0,606.94,3.562143,high_med_flat,False,False,False,False,False,0.0,0.0,50.0,0.0,0.0,0.0,0.0,0.0,50.0,0.0,0.0,-1,0.0,G2_EDGE,reg.sell_ok=False  regime='high_med_flat',-1,0.0,0.0,
BNB/USDT,717,2026-04-08 18:00:00,long,0.52328,76.96,60.0,603.03,3.667143,high_med_flat,False,False,False,False,False,0.0,0.0,50.0,0.0,0.0,0.0,0.0,0.0,50.0,0.0,0.0,-1,0.0,G2_EDGE,reg.buy_ok=False  regime='high_med_flat',-1,0.0,0.0,
BNB/USDT,718,2026-04-08 19:00:00,long,0.54288,77.89,60.0,604.28,3.687143,high_med_flat,False,False,False,False,False,0.0,0.0,50.0,0.0,0.0,0.0,0.0,0.0,50.0,0.0,0.0,-1,0.0,G2_EDGE,reg.buy_ok=False  regime='high_med_flat',-1,0.0,0.0,
BNB/USDT,719,2026-04-08 20:00:00,long,0.52486,77.86,60.0,604.86,3.533571,high_med_flat,False,False,False,False,False,0.0,0.0,50.0,0.0,0.0,0.0,0.0,0.0,50.0,0.0,0.0,-1,0.0,G2_EDGE,reg.buy_ok=False  regime='high_med_flat',-1,0.0,0.0,
BNB/USDT,720,2026-04-08 21:00:00,long,0.54051,79.67,60.0,606.49,3.503571,high_med_flat,False,False,False,False,False,0.0,0.0,50.0,0.0,0.0,0.0,0.0,0.0,50.0,0.0,0.0,-1,0.0,G2_EDGE,reg.buy_ok=False  regime='high_med_flat',-1,0.0,0.0,
BNB/USDT,721,2026-04-08 22:00:00,long,0.5578,79.2,60.0,604.34,3.513571,high_med_down,False,True,False,False,False,0.0,0.0,50.0,0.0,0.0,0.0,0.0,0.0,50.0,0.0,0.0,-1,0.0,G2_EDGE,reg.buy_ok=False  regime='high_med_down',-1,0.0,0.0,
BNB/USDT,722,2026-04-08 23:00:00,long,0.57771,83.88,60.0,601.16,3.638571,high_med_down,False,True,False,False,False,0.0,0.0,50.0,0.0,0.0,0.0,0.0,0.0,50.0,0.0,0.0,-1,0.0,G2_EDGE,reg.buy_ok=False  regime='high_med_down',-1,0.0,0.0,
BNB/USDT,723,2026-04-09 00:00:00,long,0.58592,84.59,60.0,599.5,3.726429,high_med_down,False,True,False,False,False,0.0,0.0,50.0,0.0,0.0,0.0,0.0,0.0,50.0,0.0,0.0,-1,0.0,G2_EDGE,reg.buy_ok=False  regime='high_med_down',-1,0.0,0.0,
BNB/USDT,724,2026-04-09 01:00:00,long,0.59005,84.02,60.0,601.51,3.904286,high_med_down,False,True,False,False,False,0.0,0.0,50.0,0.0,0.0,0.0,0.0,0.0,50.0,0.0,0.0,-1,0.0,G2_EDGE,reg.buy_ok=False  regime='high_med_down',-1,0.0,0.0,
BNB/USDT,725,2026-04-09 02:00:00,long,0.60678,82.51,60.0,601.68,3.815714,med_med_down,True,False,False,False,True,0.0,-0.49378908900386975,37.306615852729465,0.0,0.003804,0.006,0.0,0.0,50.0,0.0,0.0,-1,0.0,G4_EV,ev=0.00380 <= floor=0.00600  meta_conf=0.6068,-1,0.0,0.0,
BNB/USDT,726,2026-04-09 03:00:00,long,0.56242,78.01,60.0,600.16,3.250714,med_med_down,True,False,False,False,True,0.0,-0.6588101100796573,56.69614803754933,0.0,0.001584,0.006,0.0,0.0,50.0,0.0,0.0,-1,0.0,G4_EV,ev=0.00158 <= floor=0.00600  meta_conf=0.5624,-1,0.0,0.0,
BNB/USDT,727,2026-04-09 04:00:00,long,0.54424,78.6,60.0,598.97,2.848571,med_low_down,False,True,False,False,False,0.0,0.0,50.0,0.0,0.0,0.0,0.0,0.0,50.0,0.0,0.0,-1,0.0,G2_EDGE,reg.buy_ok=False  regime='med_low_down',-1,0.0,0.0,
BNB/USDT,728,2026-04-09 05:00:00,long,0.54519,80.15,60.0,600.18,2.737143,med_low_down,False,True,False,False,False,0.0,0.0,50.0,0.0,0.0,0.0,0.0,0.0,50.0,0.0,0.0,-1,0.0,G2_EDGE,reg.buy_ok=False  regime='med_low_down',-1,0.0,0.0,
BNB/USDT,729,2026-04-09 06:00:00,long,0.54545,79.64,60.0,600.5,2.716429,med_low_down,False,True,False,False,False,0.0,0.0,50.0,0.0,0.0,0.0,0.0,0.0,50.0,0.0,0.0,-1,0.0,G2_EDGE,reg.buy_ok=False  regime='med_low_down',-1,0.0,0.0,
BNB/USDT,730,2026-04-09 07:00:00,long,0.54437,79.8,60.0,600.01,2.575714,med_low_down,False,True,False,False,False,0.0,0.0,50.0,0.0,0.0,0.0,0.0,0.0,50.0,0.0,0.0,-1,0.0,G2_EDGE,reg.buy_ok=False  regime='med_low_down',-1,0.0,0.0,
BNB/USDT,731,2026-04-09 08:00:00,long,0.5492,83.21,60.0,600.82,2.462857,med_low_down,False,True,False,False,False,0.0,0.0,50.0,0.0,0.0,0.0,0.0,0.0,50.0,0.0,0.0,-1,0.0,G2_EDGE,reg.buy_ok=False  regime='med_low_down',-1,0.0,0.0,
BNB/USDT,732,2026-04-09 09:00:00,long,0.59271,86.9,60.0,602.76,2.555,med_low_down,False,True,False,False,False,0.0,0.0,50.0,0.0,0.0,0.0,0.0,0.0,50.0,0.0,0.0,-1,0.0,G2_EDGE,reg.buy_ok=False  regime='med_low_down',-1,0.0,0.0,
BNB/USDT,733,2026-04-09 10:00:00,long,0.58743,87.91,60.0,602.57,2.620714,med_low_down,False,True,False,False,False,0.0,0.0,50.0,0.0,0.0,0.0,0.0,0.0,50.0,0.0,0.0,-1,0.0,G2_EDGE,reg.buy_ok=False  regime='med_low_down',-1,0.0,0.0,
BNB/USDT,734,2026-04-09 11:00:00,long,0.56525,84.6,60.0,602.44,2.574286,med_low_down,False,True,False,False,False,0.0,0.0,50.0,0.0,0.0,0.0,0.0,0.0,50.0,0.0,0.0,-1,0.0,G2_EDGE,reg.buy_ok=False  regime='med_low_down',-1,0.0,0.0,
BNB/USDT,735,2026-04-09 12:00:00,long,0.57082,87.3,60.0,603.29,2.555,med_low_down,False,True,False,False,False,0.0,0.0,50.0,0.0,0.0,0.0,0.0,0.0,50.0,0.0,0.0,-1,0.0,G2_EDGE,reg.buy_ok=False  regime='med_low_down',-1,0.0,0.0,
BNB/USDT,736,2026-04-09 13:00:00,long,0.51224,85.97,60.0,600.65,2.466429,low_low_down,False,False,False,False,False,0.0,0.0,50.0,0.0,0.0,0.0,0.0,0.0,50.0,0.0,0.0,-1,0.0,G2_EDGE,reg.buy_ok=False  regime='low_low_down',-1,0.0,0.0,
BNB/USDT,737,2026-04-09 14:00:00,long,0.52468,80.22,60.0,600.85,2.481429,low_low_flat,True,True,False,True,True,0.0,-0.13339616502175042,66.78429732948878,0.0,-0.000444,0.006,0.0,0.0,50.0,0.0,0.0,-1,0.0,G4_EV,ev=-0.00044 <= floor=0.00600  meta_conf=0.5247,-1,0.0,0.0,
BNB/USDT,738,2026-04-09 15:00:00,long,0.57605,100.0,60.0,606.01,2.700714,low_low_flat,True,True,False,True,True,0.0,0.5836785362675354,54.35173646123258,0.0,0.000867,0.006,0.0,0.0,50.0,0.0,0.0,-1,0.0,G4_EV,ev=0.00087 <= floor=0.00600  meta_conf=0.5760,-1,0.0,0.0,
BNB/USDT,739,2026-04-09 16:00:00,long,0.59904,87.45,60.0,605.96,2.827143,low_low_flat,True,True,False,True,True,0.0,0.47882435340189927,53.07333483821403,0.0,0.001578,0.006,0.0,0.0,50.0,0.0,0.0,-1,0.0,G4_EV,ev=0.00158 <= floor=0.00600  meta_conf=0.5990,-1,0.0,0.0,
BNB/USDT,740,2026-04-09 17:00:00,long,0.54056,67.85,60.0,608.45,2.941429,low_low_flat,True,True,False,True,False,0.0,0.6416519197383361,47.539532350739144,1.0,0.000508,0.006,0.0,0.0,50.0,0.0,0.0,-1,0.0,G4_EV,ev=0.00051 <= floor=0.00600  meta_conf=0.5406,-1,0.0,0.0,
BNB/USDT,741,2026-04-09 18:00:00,long,0.54046,62.04,60.0,606.67,3.071429,low_low_flat,True,True,False,True,False,0.0,0.5375967035210892,47.766694726347914,0.0,0.000719,0.006,0.0,0.0,50.0,0.0,0.0,-1,0.0,G4_EV,ev=0.00072 <= floor=0.00600  meta_conf=0.5405,-1,0.0,0.0,
BNB/USDT,742,2026-04-09 19:00:00,long,0.53687,67.78,60.0,608.76,3.116429,low_med_up,False,False,False,False,False,0.0,0.0,50.0,0.0,0.0,0.0,0.0,0.0,50.0,0.0,0.0,-1,0.0,G2_EDGE,reg.buy_ok=False  regime='low_med_up',-1,0.0,0.0,
BNB/USDT,743,2026-04-09 20:00:00,long,0.5409,58.59,60.0,608.45,3.1,low_low_flat,True,True,False,False,False,0.0,0.0,50.0,0.0,0.0,0.0,0.0,0.0,50.0,0.0,0.0,-1,0.0,G2_EDGE,edge=58.6 < thr=60.0,-1,0.0,0.0,
BNB/USDT,744,2026-04-09 21:00:00,long,0.53431,73.57,60.0,606.9,3.27,low_med_flat,False,False,False,False,False,0.0,0.0,50.0,0.0,0.0,0.0,0.0,0.0,50.0,0.0,0.0,-1,0.0,G2_EDGE,reg.buy_ok=False  regime='low_med_flat',-1,0.0,0.0,
BNB/USDT,745,2026-04-09 22:00:00,long,0.57385,100.0,60.0,605.62,3.541429,med_med_flat,True,False,False,True,True,0.0,0.3200812759476499,39.88228378744121,0.0,0.002329,0.006,0.0,0.0,50.0,0.0,0.0,-1,0.0,G4_EV,ev=0.00233 <= floor=0.00600  meta_conf=0.5738,-1,0.0,0.0,
BNB/USDT,746,2026-04-09 23:00:00,long,0.55649,96.29,60.0,603.03,3.608571,med_med_flat,True,False,False,False,True,0.0,0.097930947423653,40.87178315167856,0.0,0.002009,0.006,0.0,0.0,50.0,0.0,0.0,-1,0.0,G4_EV,ev=0.00201 <= floor=0.00600  meta_conf=0.5565,-1,0.0,0.0,
BNB/USDT,747,2026-04-10 00:00:00,long,0.54841,75.92,60.0,603.42,3.624286,low_med_flat,False,False,False,False,False,0.0,0.0,50.0,0.0,0.0,0.0,0.0,0.0,50.0,0.0,0.0,-1,0.0,G2_EDGE,reg.buy_ok=False  regime='low_med_flat',-1,0.0,0.0,
BNB/USDT,748,2026-04-10 01:00:00,long,0.55639,90.89,60.0,603.01,3.802143,low_med_flat,False,False,False,False,False,0.0,0.0,50.0,0.0,0.0,0.0,0.0,0.0,50.0,0.0,0.0,-1,0.0,G2_EDGE,reg.buy_ok=False  regime='low_med_flat',-1,0.0,0.0,
BNB/USDT,749,2026-04-10 02:00:00,long,0.50823,85.89,60.0,601.6,3.811429,low_med_flat,False,False,False,False,False,0.0,0.0,50.0,0.0,0.0,0.0,0.0,0.0,50.0,0.0,0.0,-1,0.0,G2_EDGE,reg.buy_ok=False  regime='low_med_flat',-1,0.0,0.0,
BNB/USDT,750,2026-04-10 03:00:00,long,0.50829,83.22,60.0,601.14,3.681429,low_med_flat,False,False,False,False,False,0.0,0.0,50.0,0.0,0.0,0.0,0.0,0.0,50.0,0.0,0.0,-1,0.0,G2_EDGE,reg.buy_ok=False  regime='low_med_flat',-1,0.0,0.0,
BNB/USDT,751,2026-04-10 04:00:00,long,0.55432,88.51,60.0,601.04,3.573571,med_med_flat,True,False,False,False,True,0.0,-0.2888379301389732,50.22267126964283,0.0,0.001912,0.006,0.0,0.0,50.0,0.0,0.0,-1,0.0,G4_EV,ev=0.00191 <= floor=0.00600  meta_conf=0.5543,-1,0.0,0.0,
BNB/USDT,752,2026-04-10 05:00:00,long,0.55172,76.55,60.0,601.79,3.173571,med_med_flat,True,False,False,False,True,0.0,-0.47575160415424544,50.88068948177668,0.0,0.001182,0.006,0.0,0.0,50.0,0.0,0.0,-1,0.0,G4_EV,ev=0.00118 <= floor=0.00600  meta_conf=0.5517,-1,0.0,0.0,
BNB/USDT,753,2026-04-10 06:00:00,long,0.54661,77.11,60.0,600.5,3.082857,med_med_flat,True,False,False,False,True,0.0,-0.6417245317551338,49.963527723491964,0.0,0.000927,0.006,0.0,0.0,50.0,0.0,0.0,-1,0.0,G4_EV,ev=0.00093 <= floor=0.00600  meta_conf=0.5466,-1,0.0,0.0,
BNB/USDT,754,2026-04-10 07:00:00,long,0.54445,78.28,60.0,599.29,3.010714,med_low_flat,True,True,False,False,True,0.0,-0.6597285773608358,48.89998606113492,0.0,0.000773,0.006,0.0,0.0,50.0,0.0,0.0,-1,0.0,G4_EV,ev=0.00077 <= floor=0.00600  meta_conf=0.5444,-1,0.0,0.0,
BNB/USDT,755,2026-04-10 08:00:00,long,0.53515,88.68,60.0,600.53,3.023571,med_low_flat,True,True,False,False,True,0.0,-0.48103786537044724,44.379353704880735,0.0,0.000573,0.006,0.0,0.0,50.0,0.0,0.0,-1,0.0,G4_EV,ev=0.00057 <= floor=0.00600  meta_conf=0.5352,-1,0.0,0.0,
BNB/USDT,756,2026-04-10 09:00:00,long,0.51045,61.23,60.0,601.71,2.935,med_low_flat,True,True,False,False,True,0.0,-0.2300349592381051,44.23409992663044,0.0,-0.000112,0.006,0.0,0.0,50.0,0.0,0.0,-1,0.0,G4_EV,ev=-0.00011 <= floor=0.00600  meta_conf=0.5105,-1,0.0,0.0,
BNB/USDT,757,2026-04-10 10:00:00,long,0.51801,57.08,60.0,600.72,2.951429,med_low_flat,True,True,False,False,False,0.0,0.0,50.0,0.0,0.0,0.0,0.0,0.0,50.0,0.0,0.0,-1,0.0,G2_EDGE,edge=57.1 < thr=60.0,-1,0.0,0.0,
BNB/USDT,758,2026-04-10 11:00:00,long,0.54668,69.8,60.0,602.57,2.915,med_low_flat,True,True,False,False,True,0.0,-0.27013425730909263,43.82799273824224,0.0,0.000644,0.006,0.0,0.0,50.0,0.0,0.0,-1,0.0,G4_EV,ev=0.00064 <= floor=0.00600  meta_conf=0.5467,-1,0.0,0.0,
BNB/USDT,759,2026-04-10 12:00:00,long,0.52689,62.43,60.0,602.75,2.669286,med_low_flat,True,True,False,False,True,0.0,-0.2636405882044884,63.42770029068056,0.0,-0.000143,0.006,0.0,0.0,50.0,0.0,0.0,-1,0.0,G4_EV,ev=-0.00014 <= floor=0.00600  meta_conf=0.5269,-1,0.0,0.0,
BNB/USDT,760,2026-04-10 13:00:00,long,0.51366,61.39,60.0,602.3,2.535714,med_low_flat,True,True,False,False,True,0.0,-0.32707119977477295,65.27116099692684,0.0,-0.000584,0.006,0.0,0.0,50.0,0.0,0.0,-1,0.0,G4_EV,ev=-0.00058 <= floor=0.00600  meta_conf=0.5137,-1,0.0,0.0,
BNB/USDT,761,2026-04-10 14:00:00,long,0.51724,72.38,60.0,606.93,2.749286,med_low_up,True,False,False,True,False,0.0,0.5046123903078279,55.766226376037274,0.0,-0.000251,0.006,0.0,0.0,50.0,0.0,0.0,-1,0.0,G4_EV,ev=-0.00025 <= floor=0.00600  meta_conf=0.5172,-1,0.0,0.0,
BNB/USDT,762,2026-04-10 15:00:00,long,0.55759,78.48,60.0,603.27,2.862857,med_low_flat,True,True,False,True,True,0.0,-0.014615591586782242,50.4171221965367,0.0,0.000789,0.006,0.0,0.0,50.0,0.0,0.0,-1,0.0,G4_EV,ev=0.00079 <= floor=0.00600  meta_conf=0.5576,-1,0.0,0.0,
BNB/USDT,763,2026-04-10 16:00:00,long,0.54445,59.58,60.0,605.82,2.890714,med_low_flat,True,True,False,False,False,0.0,0.0,50.0,0.0,0.0,0.0,0.0,0.0,50.0,0.0,0.0,-1,0.0,G2_EDGE,edge=59.6 < thr=60.0,-1,0.0,0.0,
BNB/USDT,764,2026-04-10 17:00:00,long,0.54493,48.34,60.0,607.28,2.905714,med_low_flat,True,True,False,False,False,0.0,0.0,50.0,0.0,0.0,0.0,0.0,0.0,50.0,0.0,0.0,-1,0.0,G2_EDGE,edge=48.3 < thr=60.0,-1,0.0,0.0,
BNB/USDT,765,2026-04-10 18:00:00,long,0.54287,51.59,60.0,609.05,2.985714,med_low_flat,True,True,False,False,False,0.0,0.0,50.0,0.0,0.0,0.0,0.0,0.0,50.0,0.0,0.0,-1,0.0,G2_EDGE,edge=51.6 < thr=60.0,-1,0.0,0.0,
BNB/USDT,766,2026-04-10 19:00:00,long,0.54214,72.11,60.0,609.6,2.96,med_low_flat,True,True,False,True,False,0.0,0.7281146007540791,44.2526286239631,1.0,0.000562,0.006,0.0,0.0,50.0,0.0,0.0,-1,0.0,G4_EV,ev=0.00056 <= floor=0.00600  meta_conf=0.5421,-1,0.0,0.0,
BNB/USDT,767,2026-04-10 20:00:00,long,0.58773,64.23,60.0,609.99,2.961429,med_low_flat,True,True,False,True,False,0.0,0.7043840569530179,43.09976143168123,0.0,0.001558,0.006,0.0,0.0,50.0,0.0,0.0,-1,0.0,G4_EV,ev=0.00156 <= floor=0.00600  meta_conf=0.5877,-1,0.0,0.0,
BNB/USDT,768,2026-04-10 21:00:00,long,0.54981,73.0,60.0,607.51,3.066429,med_low_flat,True,True,False,True,False,0.0,0.4436248509648915,43.15203779953943,0.0,0.000917,0.006,0.0,0.0,50.0,0.0,0.0,-1,0.0,G4_EV,ev=0.00092 <= floor=0.00600  meta_conf=0.5498,-1,0.0,0.0,
BNB/USDT,769,2026-04-10 22:00:00,long,0.541,68.96,60.0,606.69,2.972857,med_low_flat,True,True,False,True,False,0.0,0.43014336707910433,50.8419698014646,0.0,0.000579,0.006,0.0,0.0,50.0,0.0,0.0,-1,0.0,G4_EV,ev=0.00058 <= floor=0.00600  meta_conf=0.5410,-1,0.0,0.0,
BNB/USDT,770,2026-04-10 23:00:00,long,0.55256,77.03,60.0,605.54,2.935,low_low_flat,True,True,False,True,True,0.0,0.3424473252524175,50.84196980146462,0.0,0.000781,0.006,0.0,0.0,50.0,0.0,0.0,-1,0.0,G4_EV,ev=0.00078 <= floor=0.00600  meta_conf=0.5526,-1,0.0,0.0,
BNB/USDT,771,2026-04-11 00:00:00,long,0.54531,77.21,60.0,604.54,2.888571,low_low_flat,True,True,False,True,True,0.0,0.21590851755153082,53.154270493376586,0.0,0.000558,0.006,0.0,0.0,50.0,0.0,0.0,-1,0.0,G4_EV,ev=0.00056 <= floor=0.00600  meta_conf=0.5453,-1,0.0,0.0,
BNB/USDT,772,2026-04-11 01:00:00,long,0.541,79.31,60.0,605.08,2.815,low_low_flat,True,True,False,True,True,0.0,0.34981671746425685,55.467421707640696,0.0,0.000348,0.006,0.0,0.0,50.0,0.0,0.0,-1,0.0,G4_EV,ev=0.00035 <= floor=0.00600  meta_conf=0.5410,-1,0.0,0.0,
BNB/USDT,773,2026-04-11 02:00:00,long,0.53721,82.19,60.0,605.71,2.748571,low_low_flat,True,True,False,True,True,0.0,0.4059097791795811,55.542085072735944,0.0,0.000163,0.006,0.0,0.0,50.0,0.0,0.0,-1,0.0,G4_EV,ev=0.00016 <= floor=0.00600  meta_conf=0.5372,-1,0.0,0.0,
BNB/USDT,774,2026-04-11 03:00:00,long,0.52932,70.43,60.0,606.76,2.734286,low_low_up,False,True,False,False,False,0.0,0.0,50.0,0.0,0.0,0.0,0.0,0.0,50.0,0.0,0.0,-1,0.0,G2_EDGE,reg.buy_ok=False  regime='low_low_up',-1,0.0,0.0,
BNB/USDT,775,2026-04-11 04:00:00,long,0.50827,73.76,60.0,605.91,2.491429,low_low_up,False,True,False,False,False,0.0,0.0,50.0,0.0,0.0,0.0,0.0,0.0,50.0,0.0,0.0,-1,0.0,G2_EDGE,reg.buy_ok=False  regime='low_low_up',-1,0.0,0.0,
BNB/USDT,776,2026-04-11 05:00:00,long,0.51963,76.36,60.0,605.57,2.211429,low_low_flat,True,True,False,True,True,0.0,0.09386436843420186,64.88249619707183,0.0,-0.000939,0.006,0.0,0.0,50.0,0.0,0.0,-1,0.0,G4_EV,ev=-0.00094 <= floor=0.00600  meta_conf=0.5196,-1,0.0,0.0,
BNB/USDT,777,2026-04-11 06:00:00,long,0.52791,75.54,60.0,605.87,2.121429,low_low_up,False,True,False,False,False,0.0,0.0,50.0,0.0,0.0,0.0,0.0,0.0,50.0,0.0,0.0,-1,0.0,G2_EDGE,reg.buy_ok=False  regime='low_low_up',-1,0.0,0.0,
BNB/USDT,778,2026-04-11 07:00:00,short,0.50743,72.23,60.0,606.09,2.052143,low_low_up,False,True,False,True,True,0.0,0.11459850186641558,64.37211972297195,0.0,-0.001347,0.006,0.0,0.0,50.0,0.0,0.0,-1,0.0,G4_EV,ev=-0.00135 <= floor=0.00600  meta_conf=0.5074,-1,0.0,0.0,
BNB/USDT,779,2026-04-11 08:00:00,long,0.50286,97.43,60.0,605.84,2.011429,low_low_up,False,True,False,False,False,0.0,0.0,50.0,0.0,0.0,0.0,0.0,0.0,50.0,0.0,0.0,-1,0.0,G2_EDGE,reg.buy_ok=False  regime='low_low_up',-1,0.0,0.0,
BNB/USDT,780,2026-04-11 09:00:00,short,0.50516,72.88,60.0,606.69,2.007143,low_low_up,False,True,False,True,True,0.0,0.2333371511485167,62.39702421193154,0.0,-0.001442,0.006,0.0,0.0,50.0,0.0,0.0,-1,0.0,G4_EV,ev=-0.00144 <= floor=0.00600  meta_conf=0.5052,-1,0.0,0.0,
BNB/USDT,781,2026-04-11 10:00:00,short,0.50042,76.89,60.0,605.51,1.941429,low_low_up,False,True,False,True,True,0.0,-0.18249669733458368,62.529080073487165,0.0,-0.001589,0.006,0.0,0.0,50.0,0.0,0.0,-1,0.0,G4_EV,ev=-0.00159 <= floor=0.00600  meta_conf=0.5004,-1,0.0,0.0,
BNB/USDT,782,2026-04-11 11:00:00,long,0.50745,78.17,60.0,605.36,1.779286,low_low_flat,True,True,False,True,True,0.0,-0.07092104436763035,75.06192787863581,0.0,-0.001697,0.006,0.0,0.0,50.0,0.0,0.0,-1,0.0,G4_EV,ev=-0.00170 <= floor=0.00600  meta_conf=0.5075,-1,0.0,0.0,
BNB/USDT,783,2026-04-11 12:00:00,short,0.50308,51.2,60.0,606.52,1.757857,low_low_flat,True,True,False,False,False,0.0,0.0,50.0,0.0,0.0,0.0,0.0,0.0,50.0,0.0,0.0,-1,0.0,G2_EDGE,edge=51.2 < thr=60.0,-1,0.0,0.0,
BNB/USDT,784,2026-04-11 13:00:00,long,0.51486,55.13,60.0,604.73,1.855,low_low_flat,True,True,False,False,False,0.0,0.0,50.0,0.0,0.0,0.0,0.0,0.0,50.0,0.0,0.0,-1,0.0,G2_EDGE,edge=55.1 < thr=60.0,-1,0.0,0.0,
BNB/USDT,785,2026-04-11 14:00:00,long,0.54343,53.37,60.0,604.67,1.855,low_low_flat,True,True,False,False,False,0.0,0.0,50.0,0.0,0.0,0.0,0.0,0.0,50.0,0.0,0.0,-1,0.0,G2_EDGE,edge=53.4 < thr=60.0,-1,0.0,0.0,
BNB/USDT,786,2026-04-11 15:00:00,long,0.53399,59.26,60.0,605.74,1.883571,low_low_flat,True,True,False,False,False,0.0,0.0,50.0,0.0,0.0,0.0,0.0,0.0,50.0,0.0,0.0,-1,0.0,G2_EDGE,edge=59.3 < thr=60.0,-1,0.0,0.0,
BNB/USDT,787,2026-04-11 16:00:00,long,0.52918,59.04,60.0,607.46,1.958571,low_low_flat,True,True,False,False,False,0.0,0.0,50.0,0.0,0.0,0.0,0.0,0.0,50.0,0.0,0.0,-1,0.0,G2_EDGE,edge=59.0 < thr=60.0,-1,0.0,0.0,
BNB/USDT,788,2026-04-11 17:00:00,long,0.52557,59.7,60.0,607.89,1.954286,low_low_flat,True,True,False,False,False,0.0,0.0,50.0,0.0,0.0,0.0,0.0,0.0,50.0,0.0,0.0,-1,0.0,G2_EDGE,edge=59.7 < thr=60.0,-1,0.0,0.0,
BNB/USDT,789,2026-04-11 18:00:00,long,0.51697,59.97,60.0,611.01,2.130714,low_low_flat,True,True,False,False,False,0.0,0.0,50.0,0.0,0.0,0.0,0.0,0.0,50.0,0.0,0.0,-1,0.0,G2_EDGE,edge=60.0 < thr=60.0,-1,0.0,0.0,
BNB/USDT,790,2026-04-11 19:00:00,short,0.50286,64.15,60.0,612.92,2.207857,low_low_flat,True,True,False,True,False,0.0,0.7450186016285961,37.0134071037916,1.0,-0.001252,0.006,0.0,0.0,50.0,0.0,0.0,-1,0.0,G4_EV,ev=-0.00125 <= floor=0.00600  meta_conf=0.5029,-1,0.0,0.0,
BNB/USDT,791,2026-04-11 20:00:00,long,0.52268,62.09,60.0,610.17,2.367857,low_low_flat,True,True,False,True,True,0.0,0.5776021431327132,37.35125709207152,0.0,-0.000693,0.006,0.0,0.0,50.0,0.0,0.0,-1,0.0,G4_EV,ev=-0.00069 <= floor=0.00600  meta_conf=0.5227,-1,0.0,0.0,
BNB/USDT,792,2026-04-11 21:00:00,long,0.52586,80.22,60.0,610.02,2.389286,low_low_flat,True,True,False,True,True,0.0,0.5723378139857755,37.808648886524125,0.0,-0.000607,0.006,0.0,0.0,50.0,0.0,0.0,-1,0.0,G4_EV,ev=-0.00061 <= floor=0.00600  meta_conf=0.5259,-1,0.0,0.0,
BNB/USDT,793,2026-04-11 22:00:00,long,0.52874,82.34,60.0,610.99,2.387857,low_low_up,False,True,False,False,False,0.0,0.0,50.0,0.0,0.0,0.0,0.0,0.0,50.0,0.0,0.0,-1,0.0,G2_EDGE,reg.buy_ok=False  regime='low_low_up',-1,0.0,0.0,
BNB/USDT,794,2026-04-11 23:00:00,long,0.55203,80.52,60.0,607.05,2.632857,low_low_flat,True,True,False,True,True,0.0,0.16832572837181622,39.13651349123425,0.0,0.000268,0.006,0.0,0.0,50.0,0.0,0.0,-1,0.0,G4_EV,ev=0.00027 <= floor=0.00600  meta_conf=0.5520,-1,0.0,0.0,
BNB/USDT,795,2026-04-12 00:00:00,long,0.55412,77.02,60.0,606.91,2.621429,low_low_flat,True,True,False,True,True,0.0,0.14130734647538346,40.011740107408116,0.0,0.000291,0.006,0.0,0.0,50.0,0.0,0.0,-1,0.0,G4_EV,ev=0.00029 <= floor=0.00600  meta_conf=0.5541,-1,0.0,0.0,
BNB/USDT,796,2026-04-12 01:00:00,long,0.59152,100.0,60.0,593.61,3.746429,med_med_down,True,False,False,False,True,0.0,-0.6346209457283605,10.744402755357989,-1.0,0.003333,0.006,0.0,0.0,50.0,0.0,0.0,-1,0.0,G4_EV,ev=0.00333 <= floor=0.00600  meta_conf=0.5915,-1,0.0,0.0,
BNB/USDT,797,2026-04-12 02:00:00,long,0.59018,85.87,60.0,597.3,4.027143,med_med_down,True,False,False,False,True,0.0,-0.5585950951196628,13.360407572691665,0.0,0.003793,0.006,0.0,0.0,50.0,0.0,0.0,-1,0.0,G4_EV,ev=0.00379 <= floor=0.00600  meta_conf=0.5902,-1,0.0,0.0,
BNB/USDT,798,2026-04-12 03:00:00,long,0.61074,83.23,60.0,595.5,4.03,med_med_down,True,False,False,False,True,0.0,-0.665186321212073,15.708828933056356,0.0,0.004448,0.006,0.0,0.0,50.0,0.0,0.0,-1,0.0,G4_EV,ev=0.00445 <= floor=0.00600  meta_conf=0.6107,-1,0.0,0.0,
BNB/USDT,799,2026-04-12 04:00:00,long,0.61673,82.64,60.0,594.78,4.022857,med_med_down,True,False,False,False,True,0.0,-0.698854691985024,17.913104183517614,0.0,0.004626,0.006,0.0,0.0,50.0,0.0,0.0,-1,0.0,G4_EV,ev=0.00463 <= floor=0.00600  meta_conf=0.6167,-1,0.0,0.0,
BNB/USDT,800,2026-04-12 05:00:00,long,0.61749,83.82,60.0,595.71,3.985,med_med_down,True,False,False,False,True,0.0,-0.5881470414226395,19.934012243045707,0.0,0.004554,0.006,0.0,0.0,50.0,0.0,0.0,-1,0.0,G4_EV,ev=0.00455 <= floor=0.00600  meta_conf=0.6175,-1,0.0,0.0,
BNB/USDT,801,2026-04-12 06:00:00,long,0.62367,84.33,60.0,594.77,3.899286,med_med_down,True,False,False,False,True,0.0,-0.6869084862565207,21.709227665161286,0.0,0.004566,0.006,0.0,0.0,50.0,0.0,0.0,-1,0.0,G4_EV,ev=0.00457 <= floor=0.00600  meta_conf=0.6237,-1,0.0,0.0,
BNB/USDT,802,2026-04-12 07:00:00,long,0.62432,83.02,60.0,594.3,3.895,med_med_down,True,False,False,False,True,0.0,-0.6228224259211498,23.404984762094166,0.0,0.004582,0.006,0.0,0.0,50.0,0.0,0.0,-1,0.0,G4_EV,ev=0.00458 <= floor=0.00600  meta_conf=0.6243,-1,0.0,0.0,
BNB/USDT,803,2026-04-12 08:00:00,long,0.63633,81.98,60.0,593.63,3.669286,low_med_down,True,False,False,False,True,0.0,-0.6307489492733572,24.69742540399172,0.0,0.004428,0.006,0.0,0.0,50.0,0.0,0.0,-1,0.0,G4_EV,ev=0.00443 <= floor=0.00600  meta_conf=0.6363,-1,0.0,0.0,
BNB/USDT,804,2026-04-12 09:00:00,long,0.63917,82.24,60.0,593.5,3.541429,low_med_down,True,False,False,False,True,0.0,-0.6402753802980807,27.567712245595658,0.0,0.004212,0.006,0.0,0.0,50.0,0.0,0.0,-1,0.0,G4_EV,ev=0.00421 <= floor=0.00600  meta_conf=0.6392,-1,0.0,0.0,
BNB/USDT,805,2026-04-12 10:00:00,long,0.63874,84.66,60.0,593.64,3.455714,low_med_down,True,False,False,False,True,0.0,-0.5549555327137483,29.887124926296547,0.0,0.004,0.006,0.0,0.0,50.0,0.0,0.0,-1,0.0,G4_EV,ev=0.00400 <= floor=0.00600  meta_conf=0.6387,-1,0.0,0.0,
BNB/USDT,806,2026-04-12 11:00:00,long,0.62243,86.39,60.0,595.42,3.502143,low_med_down,True,False,False,False,True,0.0,-0.47925589278943936,30.750214571260397,0.0,0.003652,0.006,0.0,0.0,50.0,0.0,0.0,-1,0.0,G4_EV,ev=0.00365 <= floor=0.00600  meta_conf=0.6224,-1,0.0,0.0,
BNB/USDT,807,2026-04-12 12:00:00,long,0.63981,84.36,60.0,592.82,3.576429,low_med_down,True,False,False,False,True,0.0,-0.6343453775213664,33.744653354481265,0.0,0.00432,0.006,0.0,0.0,50.0,0.0,0.0,-1,0.0,G4_EV,ev=0.00432 <= floor=0.00600  meta_conf=0.6398,-1,0.0,0.0,
BNB/USDT,808,2026-04-12 13:00:00,long,0.61273,85.65,60.0,591.25,3.375714,med_med_down,True,False,False,False,True,0.0,-0.6395853428973103,41.37731841709066,0.0,0.003178,0.006,0.0,0.0,50.0,0.0,0.0,-1,0.0,G4_EV,ev=0.00318 <= floor=0.00600  meta_conf=0.6127,-1,0.0,0.0,
BNB/USDT,809,2026-04-12 14:00:00,long,0.62523,87.11,60.0,589.87,3.521429,med_med_down,True,False,False,False,True,0.0,-0.7083666904451097,39.67001397630661,-1.0,0.003842,0.006,0.0,0.0,50.0,0.0,0.0,-1,0.0,G4_EV,ev=0.00384 <= floor=0.00600  meta_conf=0.6252,-1,0.0,0.0,
BNB/USDT,810,2026-04-12 15:00:00,long,0.58039,82.29,60.0,591.65,2.45,med_low_down,False,True,False,False,False,0.0,0.0,50.0,0.0,0.0,0.0,0.0,0.0,50.0,0.0,0.0,-1,0.0,G2_EDGE,reg.buy_ok=False  regime='med_low_down',-1,0.0,0.0,
BNB/USDT,811,2026-04-12 16:00:00,long,0.56715,80.48,60.0,591.92,2.140714,med_low_down,False,True,False,False,False,0.0,0.0,50.0,0.0,0.0,0.0,0.0,0.0,50.0,0.0,0.0,-1,0.0,G2_EDGE,reg.buy_ok=False  regime='med_low_down',-1,0.0,0.0,
BNB/USDT,812,2026-04-12 17:00:00,long,0.57882,82.32,60.0,592.7,2.082143,med_low_down,False,True,False,False,False,0.0,0.0,50.0,0.0,0.0,0.0,0.0,0.0,50.0,0.0,0.0,-1,0.0,G2_EDGE,reg.buy_ok=False  regime='med_low_down',-1,0.0,0.0,
BNB/USDT,813,2026-04-12 18:00:00,long,0.58834,81.18,60.0,592.48,2.102143,med_low_down,False,True,False,False,False,0.0,0.0,50.0,0.0,0.0,0.0,0.0,0.0,50.0,0.0,0.0,-1,0.0,G2_EDGE,reg.buy_ok=False  regime='med_low_down',-1,0.0,0.0,
BNB/USDT,814,2026-04-12 19:00:00,long,0.56928,79.82,60.0,592.36,2.022143,low_low_down,False,False,False,False,False,0.0,0.0,50.0,0.0,0.0,0.0,0.0,0.0,50.0,0.0,0.0,-1,0.0,G2_EDGE,reg.buy_ok=False  regime='low_low_down',-1,0.0,0.0,
BNB/USDT,815,2026-04-12 20:00:00,long,0.59135,87.79,60.0,595.7,2.25,low_low_down,False,False,False,False,False,0.0,0.0,50.0,0.0,0.0,0.0,0.0,0.0,50.0,0.0,0.0,-1,0.0,G2_EDGE,reg.buy_ok=False  regime='low_low_down',-1,0.0,0.0,
BNB/USDT,816,2026-04-12 21:00:00,long,0.59546,83.43,60.0,595.39,2.295714,low_low_down,False,False,False,False,False,0.0,0.0,50.0,0.0,0.0,0.0,0.0,0.0,50.0,0.0,0.0,-1,0.0,G2_EDGE,reg.buy_ok=False  regime='low_low_down',-1,0.0,0.0,
BNB/USDT,817,2026-04-12 22:00:00,long,0.59519,91.66,60.0,593.92,2.502143,low_low_down,False,False,False,False,False,0.0,0.0,50.0,0.0,0.0,0.0,0.0,0.0,50.0,0.0,0.0,-1,0.0,G2_EDGE,reg.buy_ok=False  regime='low_low_down',-1,0.0,0.0,
BNB/USDT,818,2026-04-12 23:00:00,long,0.5939,82.48,60.0,592.19,2.62,low_low_down,False,False,False,False,False,0.0,0.0,50.0,0.0,0.0,0.0,0.0,0.0,50.0,0.0,0.0,-1,0.0,G2_EDGE,reg.buy_ok=False  regime='low_low_down',-1,0.0,0.0,
BNB/USDT,819,2026-04-13 00:00:00,long,0.58964,92.05,60.0,596.06,2.767857,low_low_down,False,False,False,False,False,0.0,0.0,50.0,0.0,0.0,0.0,0.0,0.0,50.0,0.0,0.0,-1,0.0,G2_EDGE,reg.buy_ok=False  regime='low_low_down',-1,0.0,0.0,
BNB/USDT,820,2026-04-13 01:00:00,long,0.56256,89.22,60.0,596.46,2.752857,low_low_flat,True,True,False,False,True,0.0,0.3400169881201504,58.38415091810323,0.0,0.000761,0.006,0.0,0.0,50.0,0.0,0.0,-1,0.0,G4_EV,ev=0.00076 <= floor=0.00600  meta_conf=0.5626,-1,0.0,0.0,
BNB/USDT,821,2026-04-13 02:00:00,long,0.54876,78.15,60.0,596.3,2.687857,low_low_flat,True,True,False,True,True,0.0,0.28551741750133747,52.755041525634155,0.0,0.00037,0.006,0.0,0.0,50.0,0.0,0.0,-1,0.0,G4_EV,ev=0.00037 <= floor=0.00600  meta_conf=0.5488,-1,0.0,0.0,
BNB/USDT,822,2026-04-13 03:00:00,long,0.55571,74.86,60.0,594.68,2.676429,low_low_flat,True,True,False,True,True,0.0,0.09343435549213713,52.00269566637272,0.0,0.000504,0.006,0.0,0.0,50.0,0.0,0.0,-1,0.0,G4_EV,ev=0.00050 <= floor=0.00600  meta_conf=0.5557,-1,0.0,0.0,
BNB/USDT,823,2026-04-13 04:00:00,long,0.55602,77.05,60.0,595.47,2.602143,low_low_flat,True,True,False,True,True,0.0,0.29062093880538037,54.44362543830199,0.0,0.000379,0.006,0.0,0.0,50.0,0.0,0.0,-1,0.0,G4_EV,ev=0.00038 <= floor=0.00600  meta_conf=0.5560,-1,0.0,0.0,
BNB/USDT,824,2026-04-13 05:00:00,long,0.54444,60.99,60.0,597.79,2.631429,low_low_flat,True,True,False,True,True,0.0,0.526766023529431,60.08967009450333,0.0,0.000182,0.006,0.0,0.0,50.0,0.0,0.0,-1,0.0,G4_EV,ev=0.00018 <= floor=0.00600  meta_conf=0.5444,-1,0.0,0.0,
BNB/USDT,825,2026-04-13 06:00:00,short,0.50003,79.15,60.0,598.23,2.675714,low_low_flat,True,True,False,True,False,0.0,0.5666921615622595,52.299520002638424,1.0,-0.000645,0.006,0.0,0.0,50.0,0.0,0.0,-1,0.0,G4_EV,ev=-0.00064 <= floor=0.00600  meta_conf=0.5000,-1,0.0,0.0,
BNB/USDT,826,2026-04-13 07:00:00,long,0.5416,67.99,60.0,597.26,2.702857,low_low_flat,True,True,False,True,True,0.0,0.3141059356725241,52.97195113203403,0.0,0.000241,0.006,0.0,0.0,50.0,0.0,0.0,-1,0.0,G4_EV,ev=0.00024 <= floor=0.00600  meta_conf=0.5416,-1,0.0,0.0,
BNB/USDT,827,2026-04-13 08:00:00,long,0.54868,59.38,60.0,596.59,2.741429,low_low_flat,True,True,False,False,False,0.0,0.0,50.0,0.0,0.0,0.0,0.0,0.0,50.0,0.0,0.0,-1,0.0,G2_EDGE,edge=59.4 < thr=60.0,-1,0.0,0.0,
BNB/USDT,828,2026-04-13 09:00:00,long,0.55513,66.37,60.0,597.31,2.795,low_low_flat,True,True,False,True,True,0.0,0.435337797361902,54.45870484855717,0.0,0.00067,0.006,0.0,0.0,50.0,0.0,0.0,-1,0.0,G4_EV,ev=0.00067 <= floor=0.00600  meta_conf=0.5551,-1,0.0,0.0,
BNB/USDT,829,2026-04-13 10:00:00,long,0.50835,59.7,60.0,597.42,2.525,low_low_flat,True,True,False,False,False,0.0,0.0,50.0,0.0,0.0,0.0,0.0,0.0,50.0,0.0,0.0,-1,0.0,G2_EDGE,edge=59.7 < thr=60.0,-1,0.0,0.0,
BNB/USDT,830,2026-04-13 11:00:00,long,0.53657,59.36,60.0,597.2,2.455714,low_low_flat,True,True,False,False,False,0.0,0.0,50.0,0.0,0.0,0.0,0.0,0.0,50.0,0.0,0.0,-1,0.0,G2_EDGE,edge=59.4 < thr=60.0,-1,0.0,0.0,
BNB/USDT,831,2026-04-13 12:00:00,short,0.5079,79.66,60.0,598.57,2.345,low_low_up,False,True,False,True,False,0.0,0.5739691324120149,54.744497440963286,0.0,-0.000922,0.006,0.0,0.0,50.0,0.0,0.0,-1,0.0,G4_EV,ev=-0.00092 <= floor=0.00600  meta_conf=0.5079,-1,0.0,0.0,
BNB/USDT,832,2026-04-13 13:00:00,short,0.52024,80.66,60.0,599.78,2.443571,low_low_up,False,True,False,True,False,0.0,0.6580141609987626,56.29707278206167,1.0,-0.000573,0.006,0.0,0.0,50.0,0.0,0.0,-1,0.0,G4_EV,ev=-0.00057 <= floor=0.00600  meta_conf=0.5202,-1,0.0,0.0,
BNB/USDT,833,2026-04-13 14:00:00,short,0.5029,79.28,60.0,603.4,2.502857,low_low_up,False,True,False,True,False,0.0,0.7463403494431502,53.68591748477105,1.0,-0.000835,0.006,0.0,0.0,50.0,0.0,0.0,-1,0.0,G4_EV,ev=-0.00083 <= floor=0.00600  meta_conf=0.5029,-1,0.0,0.0,
BNB/USDT,834,2026-04-13 15:00:00,short,0.50194,100.0,60.0,603.4,2.727143,low_low_up,False,True,False,True,False,0.0,0.6273746468843105,47.404915904417415,0.0,-0.000571,0.006,0.0,0.0,50.0,0.0,0.0,-1,0.0,G4_EV,ev=-0.00057 <= floor=0.00600  meta_conf=0.5019,-1,0.0,0.0,
BNB/USDT,835,2026-04-13 16:00:00,long,0.56866,86.51,60.0,606.14,2.972143,low_low_up,False,True,False,False,False,0.0,0.0,50.0,0.0,0.0,0.0,0.0,0.0,50.0,0.0,0.0,-1,0.0,G2_EDGE,reg.buy_ok=False  regime='low_low_up',-1,0.0,0.0,
BNB/USDT,836,2026-04-13 17:00:00,long,0.54195,65.86,60.0,604.78,3.067143,med_low_up,True,False,False,True,False,0.0,0.5827765036784237,38.847054489915486,0.0,0.000761,0.006,0.0,0.0,50.0,0.0,0.0,-1,0.0,G4_EV,ev=0.00076 <= floor=0.00600  meta_conf=0.5419,-1,0.0,0.0,
BNB/USDT,837,2026-04-13 18:00:00,long,0.54186,63.17,60.0,604.84,3.049286,med_low_up,True,False,False,True,False,0.0,0.6737475050605544,41.014047144164266,0.0,0.000731,0.006,0.0,0.0,50.0,0.0,0.0,-1,0.0,G4_EV,ev=0.00073 <= floor=0.00600  meta_conf=0.5419,-1,0.0,0.0,
BNB/USDT,838,2026-04-13 19:00:00,long,0.58172,69.46,60.0,608.59,3.238571,med_med_up,False,False,False,False,False,0.0,0.0,50.0,0.0,0.0,0.0,0.0,0.0,50.0,0.0,0.0,-1,0.0,G2_EDGE,reg.buy_ok=False  regime='med_med_up',-1,0.0,0.0,
BNB/USDT,839,2026-04-13 20:00:00,long,0.5571,63.22,60.0,607.41,3.225714,med_med_up,False,False,False,False,False,0.0,0.0,50.0,0.0,0.0,0.0,0.0,0.0,50.0,0.0,0.0,-1,0.0,G2_EDGE,reg.buy_ok=False  regime='med_med_up',-1,0.0,0.0,
BNB/USDT,840,2026-04-13 21:00:00,long,0.55955,61.62,60.0,607.97,3.21,med_med_up,False,False,False,False,False,0.0,0.0,50.0,0.0,0.0,0.0,0.0,0.0,50.0,0.0,0.0,-1,0.0,G2_EDGE,reg.buy_ok=False  regime='med_med_up',-1,0.0,0.0,
BNB/USDT,841,2026-04-13 22:00:00,long,0.69018,90.72,60.0,615.46,3.671429,med_med_up,False,False,False,False,False,0.0,0.0,50.0,0.0,0.0,0.0,0.0,0.0,50.0,0.0,0.0,-1,0.0,G2_EDGE,reg.buy_ok=False  regime='med_med_up',-1,0.0,0.0,
BNB/USDT,842,2026-04-13 23:00:00,long,0.67362,88.88,60.0,614.71,3.839286,med_med_up,False,False,False,False,False,0.0,0.0,50.0,0.0,0.0,0.0,0.0,0.0,50.0,0.0,0.0,-1,0.0,G2_EDGE,reg.buy_ok=False  regime='med_med_up',-1,0.0,0.0,
BNB/USDT,843,2026-04-14 00:00:00,long,0.55355,67.71,60.0,612.28,4.02,med_med_up,False,False,False,False,False,0.0,0.0,50.0,0.0,0.0,0.0,0.0,0.0,50.0,0.0,0.0,-1,0.0,G2_EDGE,reg.buy_ok=False  regime='med_med_up',-1,0.0,0.0,
BNB/USDT,844,2026-04-14 01:00:00,long,0.53752,62.44,60.0,613.81,4.145,med_med_up,False,False,False,False,False,0.0,0.0,50.0,0.0,0.0,0.0,0.0,0.0,50.0,0.0,0.0,-1,0.0,G2_EDGE,reg.buy_ok=False  regime='med_med_up',-1,0.0,0.0,
BNB/USDT,845,2026-04-14 02:00:00,long,0.58541,68.32,60.0,615.2,4.132143,med_med_up,False,False,False,False,False,0.0,0.0,50.0,0.0,0.0,0.0,0.0,0.0,50.0,0.0,0.0,-1,0.0,G2_EDGE,reg.buy_ok=False  regime='med_med_up',-1,0.0,0.0,
BNB/USDT,846,2026-04-14 03:00:00,long,0.59295,65.76,60.0,616.13,3.937857,med_med_up,False,False,False,False,False,0.0,0.0,50.0,0.0,0.0,0.0,0.0,0.0,50.0,0.0,0.0,-1,0.0,G2_EDGE,reg.buy_ok=False  regime='med_med_up',-1,0.0,0.0,
BNB/USDT,847,2026-04-14 04:00:00,long,0.562,60.17,60.0,614.69,3.651429,high_med_up,False,True,False,False,False,0.0,0.0,50.0,0.0,0.0,0.0,0.0,0.0,50.0,0.0,0.0,-1,0.0,G2_EDGE,reg.buy_ok=False  regime='high_med_up',-1,0.0,0.0,
BNB/USDT,848,2026-04-14 05:00:00,long,0.52664,72.54,60.0,612.81,3.504286,high_med_up,False,True,False,False,False,0.0,0.0,50.0,0.0,0.0,0.0,0.0,0.0,50.0,0.0,0.0,-1,0.0,G2_EDGE,reg.buy_ok=False  regime='high_med_up',-1,0.0,0.0,
BNB/USDT,849,2026-04-14 06:00:00,long,0.5581,69.52,60.0,614.84,3.260714,high_med_up,False,True,False,False,False,0.0,0.0,50.0,0.0,0.0,0.0,0.0,0.0,50.0,0.0,0.0,-1,0.0,G2_EDGE,reg.buy_ok=False  regime='high_med_up',-1,0.0,0.0,
BNB/USDT,850,2026-04-14 07:00:00,long,0.5201,69.2,60.0,613.55,3.181429,high_med_up,False,True,False,False,False,0.0,0.0,50.0,0.0,0.0,0.0,0.0,0.0,50.0,0.0,0.0,-1,0.0,G2_EDGE,reg.buy_ok=False  regime='high_med_up',-1,0.0,0.0,
BNB/USDT,851,2026-04-14 08:00:00,long,0.58394,70.4,60.0,617.5,3.377143,high_med_up,False,True,False,False,False,0.0,0.0,50.0,0.0,0.0,0.0,0.0,0.0,50.0,0.0,0.0,-1,0.0,G2_EDGE,reg.buy_ok=False  regime='high_med_up',-1,0.0,0.0,
BNB/USDT,852,2026-04-14 09:00:00,long,0.582,75.31,60.0,617.9,3.135,high_low_up,,,True,False,False,0.0,0.0,50.0,0.0,0.0,0.0,0.0,0.0,50.0,0.0,0.0,-1,0.0,G1_REGIME,regime='high_low_up' skipped=True reg_empty=False,-1,0.0,0.0,
BNB/USDT,853,2026-04-14 10:00:00,long,0.58987,63.12,60.0,617.9,3.155,high_med_up,False,True,False,False,False,0.0,0.0,50.0,0.0,0.0,0.0,0.0,0.0,50.0,0.0,0.0,-1,0.0,G2_EDGE,reg.buy_ok=False  regime='high_med_up',-1,0.0,0.0,
BNB/USDT,854,2026-04-14 11:00:00,long,0.57197,71.54,60.0,616.41,3.170714,high_med_up,False,True,False,False,False,0.0,0.0,50.0,0.0,0.0,0.0,0.0,0.0,50.0,0.0,0.0,-1,0.0,G2_EDGE,reg.buy_ok=False  regime='high_med_up',-1,0.0,0.0,
BNB/USDT,855,2026-04-14 12:00:00,long,0.53077,68.04,60.0,615.55,2.661429,high_low_up,,,True,False,False,0.0,0.0,50.0,0.0,0.0,0.0,0.0,0.0,50.0,0.0,0.0,-1,0.0,G1_REGIME,regime='high_low_up' skipped=True reg_empty=False,-1,0.0,0.0,
BNB/USDT,856,2026-04-14 13:00:00,long,0.54233,93.79,60.0,622.24,2.887143,high_low_up,,,True,False,False,0.0,0.0,50.0,0.0,0.0,0.0,0.0,0.0,50.0,0.0,0.0,-1,0.0,G1_REGIME,regime='high_low_up' skipped=True reg_empty=False,-1,0.0,0.0,
BNB/USDT,857,2026-04-14 14:00:00,long,0.54608,92.26,60.0,619.11,2.931429,high_low_up,,,True,False,False,0.0,0.0,50.0,0.0,0.0,0.0,0.0,0.0,50.0,0.0,0.0,-1,0.0,G1_REGIME,regime='high_low_up' skipped=True reg_empty=False,-1,0.0,0.0,
BNB/USDT,858,2026-04-14 15:00:00,long,0.56652,83.36,60.0,623.45,3.191429,high_med_up,False,True,False,False,False,0.0,0.0,50.0,0.0,0.0,0.0,0.0,0.0,50.0,0.0,0.0,-1,0.0,G2_EDGE,reg.buy_ok=False  regime='high_med_up',-1,0.0,0.0,
BNB/USDT,859,2026-04-14 16:00:00,long,0.56526,75.83,60.0,618.96,3.512857,high_med_up,False,True,False,False,False,0.0,0.0,50.0,0.0,0.0,0.0,0.0,0.0,50.0,0.0,0.0,-1,0.0,G2_EDGE,reg.buy_ok=False  regime='high_med_up',-1,0.0,0.0,
BNB/USDT,860,2026-04-14 17:00:00,long,0.5568,90.12,60.0,617.04,3.721429,high_med_up,False,True,False,False,False,0.0,0.0,50.0,0.0,0.0,0.0,0.0,0.0,50.0,0.0,0.0,-1,0.0,G2_EDGE,reg.buy_ok=False  regime='high_med_up',-1,0.0,0.0,
BNB/USDT,861,2026-04-14 18:00:00,long,0.53704,74.7,60.0,613.92,3.988571,high_med_up,False,True,False,False,False,0.0,0.0,50.0,0.0,0.0,0.0,0.0,0.0,50.0,0.0,0.0,-1,0.0,G2_EDGE,reg.buy_ok=False  regime='high_med_up',-1,0.0,0.0,
BNB/USDT,862,2026-04-14 19:00:00,long,0.56333,73.06,60.0,613.95,4.022143,high_med_up,False,True,False,False,False,0.0,0.0,50.0,0.0,0.0,0.0,0.0,0.0,50.0,0.0,0.0,-1,0.0,G2_EDGE,reg.buy_ok=False  regime='high_med_up',-1,0.0,0.0,
BNB/USDT,863,2026-04-14 20:00:00,long,0.5682,81.35,60.0,613.69,3.985714,high_med_up,False,True,False,False,False,0.0,0.0,50.0,0.0,0.0,0.0,0.0,0.0,50.0,0.0,0.0,-1,0.0,G2_EDGE,reg.buy_ok=False  regime='high_med_up',-1,0.0,0.0,
BNB/USDT,864,2026-04-14 21:00:00,long,0.60568,85.33,60.0,615.79,4.004286,high_med_up,False,True,False,False,False,0.0,0.0,50.0,0.0,0.0,0.0,0.0,0.0,50.0,0.0,0.0,-1,0.0,G2_EDGE,reg.buy_ok=False  regime='high_med_up',-1,0.0,0.0,
BNB/USDT,865,2026-04-14 22:00:00,long,0.57376,82.23,60.0,614.14,3.878571,high_med_flat,False,False,False,False,False,0.0,0.0,50.0,0.0,0.0,0.0,0.0,0.0,50.0,0.0,0.0,-1,0.0,G2_EDGE,reg.buy_ok=False  regime='high_med_flat',-1,0.0,0.0,
BNB/USDT,866,2026-04-14 23:00:00,long,0.56271,82.37,60.0,613.75,3.84,high_med_flat,False,False,False,False,False,0.0,0.0,50.0,0.0,0.0,0.0,0.0,0.0,50.0,0.0,0.0,-1,0.0,G2_EDGE,reg.buy_ok=False  regime='high_med_flat',-1,0.0,0.0,
BNB/USDT,867,2026-04-15 00:00:00,long,0.59453,56.96,60.0,616.85,3.922857,high_med_up,False,True,False,False,False,0.0,0.0,50.0,0.0,0.0,0.0,0.0,0.0,50.0,0.0,0.0,-1,0.0,G2_EDGE,reg.buy_ok=False  regime='high_med_up',-1,0.0,0.0,
BNB/USDT,868,2026-04-15 01:00:00,long,0.58542,62.38,60.0,619.45,4.042143,high_med_up,False,True,False,False,False,0.0,0.0,50.0,0.0,0.0,0.0,0.0,0.0,50.0,0.0,0.0,-1,0.0,G2_EDGE,reg.buy_ok=False  regime='high_med_up',-1,0.0,0.0,
BNB/USDT,869,2026-04-15 02:00:00,long,0.56747,87.52,60.0,616.05,4.247143,high_med_flat,False,False,False,False,False,0.0,0.0,50.0,0.0,0.0,0.0,0.0,0.0,50.0,0.0,0.0,-1,0.0,G2_EDGE,reg.buy_ok=False  regime='high_med_flat',-1,0.0,0.0,
BNB/USDT,870,2026-04-15 03:00:00,long,0.58035,74.09,60.0,616.14,3.849286,high_med_flat,False,False,False,False,False,0.0,0.0,50.0,0.0,0.0,0.0,0.0,0.0,50.0,0.0,0.0,-1,0.0,G2_EDGE,reg.buy_ok=False  regime='high_med_flat',-1,0.0,0.0,
BNB/USDT,871,2026-04-15 04:00:00,long,0.57235,62.39,60.0,615.33,3.740714,high_med_flat,False,False,False,False,False,0.0,0.0,50.0,0.0,0.0,0.0,0.0,0.0,50.0,0.0,0.0,-1,0.0,G2_EDGE,reg.buy_ok=False  regime='high_med_flat',-1,0.0,0.0,
BNB/USDT,872,2026-04-15 05:00:00,long,0.54685,61.01,60.0,613.42,3.483571,high_med_flat,False,False,False,False,False,0.0,0.0,50.0,0.0,0.0,0.0,0.0,0.0,50.0,0.0,0.0,-1,0.0,G2_EDGE,reg.buy_ok=False  regime='high_med_flat',-1,0.0,0.0,
BNB/USDT,873,2026-04-15 06:00:00,long,0.57314,63.44,60.0,614.09,3.147143,high_med_flat,False,False,False,False,False,0.0,0.0,50.0,0.0,0.0,0.0,0.0,0.0,50.0,0.0,0.0,-1,0.0,G2_EDGE,reg.buy_ok=False  regime='high_med_flat',-1,0.0,0.0,
BNB/USDT,874,2026-04-15 07:00:00,long,0.51844,63.17,60.0,611.54,3.097857,high_low_flat,,,True,False,False,0.0,0.0,50.0,0.0,0.0,0.0,0.0,0.0,50.0,0.0,0.0,-1,0.0,G1_REGIME,regime='high_low_flat' skipped=True reg_empty=False,-1,0.0,0.0,
BNB/USDT,875,2026-04-15 08:00:00,long,0.5877,69.67,60.0,614.41,3.030714,high_low_flat,,,True,False,False,0.0,0.0,50.0,0.0,0.0,0.0,0.0,0.0,50.0,0.0,0.0,-1,0.0,G1_REGIME,regime='high_low_flat' skipped=True reg_empty=False,-1,0.0,0.0,
BNB/USDT,876,2026-04-15 09:00:00,long,0.60574,68.64,60.0,615.55,2.939286,med_low_flat,True,True,False,False,True,0.0,0.010938720363676133,63.63559077574334,0.0,0.001853,0.006,0.0,0.0,50.0,0.0,0.0,-1,0.0,G4_EV,ev=0.00185 <= floor=0.00600  meta_conf=0.6057,-1,0.0,0.0,
BNB/USDT,877,2026-04-15 10:00:00,long,0.60261,62.78,60.0,617.01,3.024286,high_low_flat,,,True,False,False,0.0,0.0,50.0,0.0,0.0,0.0,0.0,0.0,50.0,0.0,0.0,-1,0.0,G1_REGIME,regime='high_low_flat' skipped=True reg_empty=False,-1,0.0,0.0,
BNB/USDT,878,2026-04-15 11:00:00,long,0.5915,64.99,60.0,619.7,3.102143,high_low_flat,,,True,False,False,0.0,0.0,50.0,0.0,0.0,0.0,0.0,0.0,50.0,0.0,0.0,-1,0.0,G1_REGIME,regime='high_low_flat' skipped=True reg_empty=False,-1,0.0,0.0,
BNB/USDT,879,2026-04-15 12:00:00,long,0.59371,68.3,60.0,618.06,3.052857,high_low_flat,,,True,False,False,0.0,0.0,50.0,0.0,0.0,0.0,0.0,0.0,50.0,0.0,0.0,-1,0.0,G1_REGIME,regime='high_low_flat' skipped=True reg_empty=False,-1,0.0,0.0,
BNB/USDT,880,2026-04-15 13:00:00,long,0.58416,65.96,60.0,618.97,3.145714,med_low_flat,True,True,False,True,True,0.0,0.5893429496559964,58.51315926394712,0.0,0.001736,0.006,0.0,0.0,50.0,0.0,0.0,-1,0.0,G4_EV,ev=0.00174 <= floor=0.00600  meta_conf=0.5842,-1,0.0,0.0,
BNB/USDT,881,2026-04-15 14:00:00,long,0.6051,66.01,60.0,618.49,3.154286,med_low_flat,True,True,False,True,True,0.0,0.47951762073717724,57.89927408043366,0.0,0.002237,0.006,0.0,0.0,50.0,0.0,0.0,-1,0.0,G4_EV,ev=0.00224 <= floor=0.00600  meta_conf=0.6051,-1,0.0,0.0,
BNB/USDT,882,2026-04-15 15:00:00,long,0.58561,65.85,60.0,619.04,3.135,med_low_flat,True,True,False,True,True,0.0,0.4645740833800119,57.16167328938896,0.0,0.001749,0.006,0.0,0.0,50.0,0.0,0.0,-1,0.0,G4_EV,ev=0.00175 <= floor=0.00600  meta_conf=0.5856,-1,0.0,0.0,
BNB/USDT,883,2026-04-15 16:00:00,long,0.55562,55.26,60.0,620.72,3.028571,med_low_flat,True,True,False,False,False,0.0,0.0,50.0,0.0,0.0,0.0,0.0,0.0,50.0,0.0,0.0,-1,0.0,G2_EDGE,edge=55.3 < thr=60.0,-1,0.0,0.0,
BNB/USDT,884,2026-04-15 17:00:00,long,0.56616,51.81,60.0,621.44,3.053571,med_low_up,True,False,False,False,False,0.0,0.0,50.0,0.0,0.0,0.0,0.0,0.0,50.0,0.0,0.0,-1,0.0,G2_EDGE,edge=51.8 < thr=60.0,-1,0.0,0.0,
BNB/USDT,885,2026-04-15 18:00:00,long,0.55387,49.49,60.0,622.38,2.977857,med_low_up,True,False,False,False,False,0.0,0.0,50.0,0.0,0.0,0.0,0.0,0.0,50.0,0.0,0.0,-1,0.0,G2_EDGE,edge=49.5 < thr=60.0,-1,0.0,0.0,
BNB/USDT,886,2026-04-15 19:00:00,long,0.55381,47.01,60.0,625.38,3.121429,med_low_up,True,False,False,False,False,0.0,0.0,50.0,0.0,0.0,0.0,0.0,0.0,50.0,0.0,0.0,-1,0.0,G2_EDGE,edge=47.0 < thr=60.0,-1,0.0,0.0,
BNB/USDT,887,2026-04-15 20:00:00,long,0.57645,40.76,60.0,623.5,3.197143,med_med_up,False,False,False,False,False,0.0,0.0,50.0,0.0,0.0,0.0,0.0,0.0,50.0,0.0,0.0,-1,0.0,G2_EDGE,reg.buy_ok=False  regime='med_med_up',-1,0.0,0.0,
BNB/USDT,888,2026-04-15 21:00:00,long,0.55015,56.43,60.0,623.28,3.040714,med_low_up,True,False,False,False,False,0.0,0.0,50.0,0.0,0.0,0.0,0.0,0.0,50.0,0.0,0.0,-1,0.0,G2_EDGE,edge=56.4 < thr=60.0,-1,0.0,0.0,
BNB/USDT,889,2026-04-15 22:00:00,long,0.55569,65.24,60.0,624.28,3.010714,med_low_up,True,False,False,True,False,0.0,0.5658817253314881,42.77774226471428,0.0,0.000826,0.006,0.0,0.0,50.0,0.0,0.0,-1,0.0,G4_EV,ev=0.00083 <= floor=0.00600  meta_conf=0.5557,-1,0.0,0.0,
BNB/USDT,890,2026-04-15 23:00:00,long,0.55491,69.45,60.0,622.59,3.066429,med_low_up,True,False,False,True,False,0.0,0.45116150163804714,47.98843789602874,0.0,0.000911,0.006,0.0,0.0,50.0,0.0,0.0,-1,0.0,G4_EV,ev=0.00091 <= floor=0.00600  meta_conf=0.5549,-1,0.0,0.0,
BNB/USDT,891,2026-04-16 00:00:00,long,0.59702,74.48,60.0,623.24,3.052857,med_low_up,True,False,False,True,False,0.0,0.5013114868663157,49.638430599679396,0.0,0.001812,0.006,0.0,0.0,50.0,0.0,0.0,-1,0.0,G4_EV,ev=0.00181 <= floor=0.00600  meta_conf=0.5970,-1,0.0,0.0,
BNB/USDT,892,2026-04-16 01:00:00,long,0.58919,66.86,60.0,622.37,2.963571,med_low_flat,True,True,False,True,False,0.0,0.3105240153655715,49.51651750030689,0.0,0.001482,0.006,0.0,0.0,50.0,0.0,0.0,-1,0.0,G4_EV,ev=0.00148 <= floor=0.00600  meta_conf=0.5892,-1,0.0,0.0,
BNB/USDT,893,2026-04-16 02:00:00,long,0.57694,70.77,60.0,624.2,3.072143,med_low_up,True,False,False,True,False,0.0,0.4879757713217463,49.53350830165379,0.0,0.001395,0.006,0.0,0.0,50.0,0.0,0.0,-1,0.0,G4_EV,ev=0.00140 <= floor=0.00600  meta_conf=0.5769,-1,0.0,0.0,
BNB/USDT,894,2026-04-16 03:00:00,long,0.57691,73.74,60.0,624.25,3.006429,med_low_up,True,False,False,True,False,0.0,0.49649478364655225,49.4106254299227,0.0,0.001279,0.006,0.0,0.0,50.0,0.0,0.0,-1,0.0,G4_EV,ev=0.00128 <= floor=0.00600  meta_conf=0.5769,-1,0.0,0.0,
BNB/USDT,895,2026-04-16 04:00:00,long,0.58444,70.93,60.0,623.36,2.965714,med_low_up,True,False,False,True,False,0.0,0.36536400366410465,49.243623406765344,0.0,0.001376,0.006,0.0,0.0,50.0,0.0,0.0,-1,0.0,G4_EV,ev=0.00138 <= floor=0.00600  meta_conf=0.5844,-1,0.0,0.0,
BNB/USDT,896,2026-04-16 05:00:00,long,0.56264,73.54,60.0,625.09,2.888571,med_low_up,True,False,False,True,False,0.0,0.5638894346303228,58.47745962141607,0.0,0.000768,0.006,0.0,0.0,50.0,0.0,0.0,-1,0.0,G4_EV,ev=0.00077 <= floor=0.00600  meta_conf=0.5626,-1,0.0,0.0,
BNB/USDT,897,2026-04-16 06:00:00,long,0.57002,68.77,60.0,624.8,2.830714,med_low_up,True,False,False,True,False,0.0,0.4288161752482428,64.55459800888359,0.0,0.000826,0.006,0.0,0.0,50.0,0.0,0.0,-1,0.0,G4_EV,ev=0.00083 <= floor=0.00600  meta_conf=0.5700,-1,0.0,0.0,
BNB/USDT,898,2026-04-16 07:00:00,long,0.57429,71.22,60.0,622.69,2.950714,med_low_up,True,False,False,True,False,0.0,0.2655549971951983,66.64259259314372,0.0,0.001138,0.006,0.0,0.0,50.0,0.0,0.0,-1,0.0,G4_EV,ev=0.00114 <= floor=0.00600  meta_conf=0.5743,-1,0.0,0.0,
BNB/USDT,899,2026-04-16 08:00:00,long,0.56627,71.01,60.0,622.51,2.970714,med_low_up,True,False,False,True,False,0.0,0.09698825235827753,66.63616994860328,0.0,0.001002,0.006,0.0,0.0,50.0,0.0,0.0,-1,0.0,G4_EV,ev=0.00100 <= floor=0.00600  meta_conf=0.5663,-1,0.0,0.0,
BNB/USDT,900,2026-04-16 09:00:00,long,0.55259,78.57,60.0,622.75,2.739286,med_low_up,True,False,False,True,True,0.0,0.029260998416867936,70.95026592186191,0.0,0.00034,0.006,0.0,0.0,50.0,0.0,0.0,-1,0.0,G4_EV,ev=0.00034 <= floor=0.00600  meta_conf=0.5526,-1,0.0,0.0,
BNB/USDT,901,2026-04-16 10:00:00,long,0.56703,95.39,60.0,619.72,2.796429,med_low_flat,True,True,False,True,True,0.0,-0.28596584123875796,63.99238511733099,0.0,0.000745,0.006,0.0,0.0,50.0,0.0,0.0,-1,0.0,G4_EV,ev=0.00075 <= floor=0.00600  meta_conf=0.5670,-1,0.0,0.0,
BNB/USDT,902,2026-04-16 11:00:00,long,0.55217,71.33,60.0,620.95,2.841429,low_low_flat,True,True,False,True,True,0.0,-0.14236090194620912,62.34989624562561,0.0,0.000506,0.006,0.0,0.0,50.0,0.0,0.0,-1,0.0,G4_EV,ev=0.00051 <= floor=0.00600  meta_conf=0.5522,-1,0.0,0.0,
BNB/USDT,903,2026-04-16 12:00:00,long,0.56024,74.01,60.0,621.58,2.656429,low_low_flat,True,True,False,True,True,0.0,-0.1352864090771385,65.20672086961787,0.0,0.000364,0.006,0.0,0.0,50.0,0.0,0.0,-1,0.0,G4_EV,ev=0.00036 <= floor=0.00600  meta_conf=0.5602,-1,0.0,0.0,
BNB/USDT,904,2026-04-16 13:00:00,long,0.5419,100.0,60.0,617.63,3.101429,low_low_flat,True,True,False,False,True,0.0,-0.5608080584346984,48.783715215478466,-1.0,0.000713,0.006,0.0,0.0,50.0,0.0,0.0,-1,0.0,G4_EV,ev=0.00071 <= floor=0.00600  meta_conf=0.5419,-1,0.0,0.0,
BNB/USDT,905,2026-04-16 14:00:00,long,0.59736,96.99,60.0,619.35,3.275,med_med_flat,True,False,False,True,True,0.0,-0.3044955875385764,48.9892840161816,0.0,0.002282,0.006,0.0,0.0,50.0,0.0,0.0,-1,0.0,G4_EV,ev=0.00228 <= floor=0.00600  meta_conf=0.5974,-1,0.0,0.0,
BNB/USDT,906,2026-04-16 15:00:00,long,0.67227,94.41,60.0,624.89,3.656429,med_med_up,False,False,False,False,False,0.0,0.0,50.0,0.0,0.0,0.0,0.0,0.0,50.0,0.0,0.0,-1,0.0,G2_EDGE,reg.buy_ok=False  regime='med_med_up',-1,0.0,0.0,
BNB/USDT,907,2026-04-16 16:00:00,long,0.63749,92.97,60.0,625.52,3.659286,med_med_up,False,False,False,False,False,0.0,0.0,50.0,0.0,0.0,0.0,0.0,0.0,50.0,0.0,0.0,-1,0.0,G2_EDGE,reg.buy_ok=False  regime='med_med_up',-1,0.0,0.0,
BNB/USDT,908,2026-04-16 17:00:00,long,0.64895,75.78,60.0,627.44,3.822857,med_med_up,False,False,False,False,False,0.0,0.0,50.0,0.0,0.0,0.0,0.0,0.0,50.0,0.0,0.0,-1,0.0,G2_EDGE,reg.buy_ok=False  regime='med_med_up',-1,0.0,0.0,
BNB/USDT,909,2026-04-16 18:00:00,long,0.67365,100.0,60.0,635.85,4.392143,med_med_up,False,False,False,False,False,0.0,0.0,50.0,0.0,0.0,0.0,0.0,0.0,50.0,0.0,0.0,-1,0.0,G2_EDGE,reg.buy_ok=False  regime='med_med_up',-1,0.0,0.0,
BNB/USDT,910,2026-04-16 19:00:00,long,0.67398,62.71,60.0,636.55,4.42,med_med_up,False,False,False,False,False,0.0,0.0,50.0,0.0,0.0,0.0,0.0,0.0,50.0,0.0,0.0,-1,0.0,G2_EDGE,reg.buy_ok=False  regime='med_med_up',-1,0.0,0.0,
BNB/USDT,911,2026-04-16 20:00:00,long,0.67609,55.77,60.0,634.6,4.574286,med_med_up,False,False,False,False,False,0.0,0.0,50.0,0.0,0.0,0.0,0.0,0.0,50.0,0.0,0.0,-1,0.0,G2_EDGE,reg.buy_ok=False  regime='med_med_up',-1,0.0,0.0,
BNB/USDT,912,2026-04-16 21:00:00,long,0.67427,55.55,60.0,632.63,4.565,med_med_up,False,False,False,False,False,0.0,0.0,50.0,0.0,0.0,0.0,0.0,0.0,50.0,0.0,0.0,-1,0.0,G2_EDGE,reg.buy_ok=False  regime='med_med_up',-1,0.0,0.0,
BNB/USDT,913,2026-04-16 22:00:00,long,0.67636,55.23,60.0,633.41,4.582857,med_med_up,False,False,False,False,False,0.0,0.0,50.0,0.0,0.0,0.0,0.0,0.0,50.0,0.0,0.0,-1,0.0,G2_EDGE,reg.buy_ok=False  regime='med_med_up',-1,0.0,0.0,
BNB/USDT,914,2026-04-16 23:00:00,long,0.65495,60.42,60.0,635.77,4.69,med_med_up,False,False,False,False,False,0.0,0.0,50.0,0.0,0.0,0.0,0.0,0.0,50.0,0.0,0.0,-1,0.0,G2_EDGE,reg.buy_ok=False  regime='med_med_up',-1,0.0,0.0,
BNB/USDT,915,2026-04-17 00:00:00,long,0.6422,63.84,60.0,633.49,4.641429,med_med_up,False,False,False,False,False,0.0,0.0,50.0,0.0,0.0,0.0,0.0,0.0,50.0,0.0,0.0,-1,0.0,G2_EDGE,reg.buy_ok=False  regime='med_med_up',-1,0.0,0.0,
BNB/USDT,916,2026-04-17 01:00:00,long,0.62939,73.99,60.0,631.28,4.832143,med_high_up,,,True,False,False,0.0,0.0,50.0,0.0,0.0,0.0,0.0,0.0,50.0,0.0,0.0,-1,0.0,G1_REGIME,regime='med_high_up' skipped=True reg_empty=False,-1,0.0,0.0,
BNB/USDT,917,2026-04-17 02:00:00,long,0.62745,72.42,60.0,629.66,4.995,med_high_up,,,True,False,False,0.0,0.0,50.0,0.0,0.0,0.0,0.0,0.0,50.0,0.0,0.0,-1,0.0,G1_REGIME,regime='med_high_up' skipped=True reg_empty=False,-1,0.0,0.0,
BNB/USDT,918,2026-04-17 03:00:00,long,0.62059,72.05,60.0,629.26,4.505,med_med_up,False,False,False,False,False,0.0,0.0,50.0,0.0,0.0,0.0,0.0,0.0,50.0,0.0,0.0,-1,0.0,G2_EDGE,reg.buy_ok=False  regime='med_med_up',-1,0.0,0.0,
BNB/USDT,919,2026-04-17 04:00:00,long,0.6184,71.34,60.0,629.52,4.232857,med_med_up,False,False,False,False,False,0.0,0.0,50.0,0.0,0.0,0.0,0.0,0.0,50.0,0.0,0.0,-1,0.0,G2_EDGE,reg.buy_ok=False  regime='med_med_up',-1,0.0,0.0,
BNB/USDT,920,2026-04-17 05:00:00,long,0.62207,79.78,60.0,627.87,3.872143,med_med_flat,True,False,False,False,False,0.0,0.05956770805260912,56.80028271833978,0.0,0.004013,0.006,0.0,0.0,50.0,0.0,0.0,-1,0.0,G4_EV,ev=0.00401 <= floor=0.00600  meta_conf=0.6221,-1,0.0,0.0,
BNB/USDT,921,2026-04-17 06:00:00,long,0.60238,70.59,60.0,628.32,3.69,med_med_flat,True,False,False,True,False,0.0,0.09388197066301487,56.81911489932353,0.0,0.00311,0.006,0.0,0.0,50.0,0.0,0.0,-1,0.0,G4_EV,ev=0.00311 <= floor=0.00600  meta_conf=0.6024,-1,0.0,0.0,
BNB/USDT,922,2026-04-17 07:00:00,long,0.61989,80.19,60.0,627.21,3.620714,med_med_up,False,False,False,False,False,0.0,0.0,50.0,0.0,0.0,0.0,0.0,0.0,50.0,0.0,0.0,-1,0.0,G2_EDGE,reg.buy_ok=False  regime='med_med_up',-1,0.0,0.0,
BNB/USDT,923,2026-04-17 08:00:00,long,0.57468,75.89,60.0,631.0,3.165,med_low_up,True,False,False,True,False,0.0,0.13608673509732594,65.43204949039587,0.0,0.001447,0.006,0.0,0.0,50.0,0.0,0.0,-1,0.0,G4_EV,ev=0.00145 <= floor=0.00600  meta_conf=0.5747,-1,0.0,0.0,
BNB/USDT,924,2026-04-17 09:00:00,long,0.59565,79.89,60.0,632.75,3.332857,med_med_up,False,False,False,False,False,0.0,0.0,50.0,0.0,0.0,0.0,0.0,0.0,50.0,0.0,0.0,-1,0.0,G2_EDGE,reg.buy_ok=False  regime='med_med_up',-1,0.0,0.0,
BNB/USDT,925,2026-04-17 10:00:00,long,0.58234,71.53,60.0,630.52,3.352143,med_med_up,False,False,False,False,False,0.0,0.0,50.0,0.0,0.0,0.0,0.0,0.0,50.0,0.0,0.0,-1,0.0,G2_EDGE,reg.buy_ok=False  regime='med_med_up',-1,0.0,0.0,
BNB/USDT,926,2026-04-17 11:00:00,long,0.58781,49.27,60.0,632.5,3.375,med_med_up,False,False,False,False,False,0.0,0.0,50.0,0.0,0.0,0.0,0.0,0.0,50.0,0.0,0.0,-1,0.0,G2_EDGE,reg.buy_ok=False  regime='med_med_up',-1,0.0,0.0,
BNB/USDT,927,2026-04-17 12:00:00,long,0.59032,56.84,60.0,635.9,3.545714,med_med_up,False,False,False,False,False,0.0,0.0,50.0,0.0,0.0,0.0,0.0,0.0,50.0,0.0,0.0,-1,0.0,G2_EDGE,reg.buy_ok=False  regime='med_med_up',-1,0.0,0.0,
BNB/USDT,928,2026-04-17 13:00:00,long,0.61079,77.55,60.0,643.04,3.855,high_med_up,False,True,False,False,False,0.0,0.0,50.0,0.0,0.0,0.0,0.0,0.0,50.0,0.0,0.0,-1,0.0,G2_EDGE,reg.buy_ok=False  regime='high_med_up',-1,0.0,0.0,
BNB/USDT,929,2026-04-17 14:00:00,long,0.63698,66.27,60.0,643.86,3.947143,high_med_up,False,True,False,False,False,0.0,0.0,50.0,0.0,0.0,0.0,0.0,0.0,50.0,0.0,0.0,-1,0.0,G2_EDGE,reg.buy_ok=False  regime='high_med_up',-1,0.0,0.0,
BNB/USDT,930,2026-04-17 15:00:00,long,0.64116,68.13,60.0,643.34,3.796429,high_med_up,False,True,False,False,False,0.0,0.0,50.0,0.0,0.0,0.0,0.0,0.0,50.0,0.0,0.0,-1,0.0,G2_EDGE,reg.buy_ok=False  regime='high_med_up',-1,0.0,0.0,
BNB/USDT,931,2026-04-17 16:00:00,long,0.62966,68.01,60.0,645.6,3.710714,high_med_up,False,True,False,False,False,0.0,0.0,50.0,0.0,0.0,0.0,0.0,0.0,50.0,0.0,0.0,-1,0.0,G2_EDGE,reg.buy_ok=False  regime='high_med_up',-1,0.0,0.0,
BNB/USDT,932,2026-04-17 17:00:00,long,0.63041,65.32,60.0,641.84,3.949286,high_med_up,False,True,False,False,False,0.0,0.0,50.0,0.0,0.0,0.0,0.0,0.0,50.0,0.0,0.0,-1,0.0,G2_EDGE,reg.buy_ok=False  regime='high_med_up',-1,0.0,0.0,
BNB/USDT,933,2026-04-17 18:00:00,long,0.62216,74.72,60.0,639.78,4.080714,high_med_flat,False,False,False,False,False,0.0,0.0,50.0,0.0,0.0,0.0,0.0,0.0,50.0,0.0,0.0,-1,0.0,G2_EDGE,reg.buy_ok=False  regime='high_med_flat',-1,0.0,0.0,
BNB/USDT,934,2026-04-17 19:00:00,long,0.61761,62.85,60.0,641.36,4.114286,med_med_up,False,False,False,False,False,0.0,0.0,50.0,0.0,0.0,0.0,0.0,0.0,50.0,0.0,0.0,-1,0.0,G2_EDGE,reg.buy_ok=False  regime='med_med_up',-1,0.0,0.0,
BNB/USDT,935,2026-04-17 20:00:00,long,0.62851,72.42,60.0,640.88,4.220714,med_med_up,False,False,False,False,False,0.0,0.0,50.0,0.0,0.0,0.0,0.0,0.0,50.0,0.0,0.0,-1,0.0,G2_EDGE,reg.buy_ok=False  regime='med_med_up',-1,0.0,0.0,
BNB/USDT,936,2026-04-17 21:00:00,long,0.62469,63.58,60.0,642.4,4.127857,med_med_up,False,False,False,False,False,0.0,0.0,50.0,0.0,0.0,0.0,0.0,0.0,50.0,0.0,0.0,-1,0.0,G2_EDGE,reg.buy_ok=False  regime='med_med_up',-1,0.0,0.0,
BNB/USDT,937,2026-04-17 22:00:00,long,0.61984,66.37,60.0,644.04,4.034286,med_med_up,False,False,False,False,False,0.0,0.0,50.0,0.0,0.0,0.0,0.0,0.0,50.0,0.0,0.0,-1,0.0,G2_EDGE,reg.buy_ok=False  regime='med_med_up',-1,0.0,0.0,
BNB/USDT,938,2026-04-17 23:00:00,long,0.61019,75.1,60.0,643.12,3.861429,med_med_up,False,False,False,False,False,0.0,0.0,50.0,0.0,0.0,0.0,0.0,0.0,50.0,0.0,0.0,-1,0.0,G2_EDGE,reg.buy_ok=False  regime='med_med_up',-1,0.0,0.0,
BNB/USDT,939,2026-04-18 00:00:00,long,0.59074,62.76,60.0,644.0,3.817857,med_med_up,False,False,False,False,False,0.0,0.0,50.0,0.0,0.0,0.0,0.0,0.0,50.0,0.0,0.0,-1,0.0,G2_EDGE,reg.buy_ok=False  regime='med_med_up',-1,0.0,0.0,
BNB/USDT,940,2026-04-18 01:00:00,long,0.59949,67.48,60.0,644.98,3.817857,high_med_up,False,True,False,False,False,0.0,0.0,50.0,0.0,0.0,0.0,0.0,0.0,50.0,0.0,0.0,-1,0.0,G2_EDGE,reg.buy_ok=False  regime='high_med_up',-1,0.0,0.0,
BNB/USDT,941,2026-04-18 02:00:00,long,0.56759,75.19,60.0,644.16,3.627857,high_med_up,False,True,False,False,False,0.0,0.0,50.0,0.0,0.0,0.0,0.0,0.0,50.0,0.0,0.0,-1,0.0,G2_EDGE,reg.buy_ok=False  regime='high_med_up',-1,0.0,0.0,
BNB/USDT,942,2026-04-18 03:00:00,long,0.553,71.23,60.0,640.2,3.351429,high_med_up,False,True,False,False,False,0.0,0.0,50.0,0.0,0.0,0.0,0.0,0.0,50.0,0.0,0.0,-1,0.0,G2_EDGE,reg.buy_ok=False  regime='high_med_up',-1,0.0,0.0,
BNB/USDT,943,2026-04-18 04:00:00,long,0.5446,69.82,60.0,644.33,3.358571,high_med_up,False,True,False,False,False,0.0,0.0,50.0,0.0,0.0,0.0,0.0,0.0,50.0,0.0,0.0,-1,0.0,G2_EDGE,reg.buy_ok=False  regime='high_med_up',-1,0.0,0.0,
BNB/USDT,944,2026-04-18 05:00:00,long,0.55966,77.25,60.0,645.08,3.483571,high_med_up,False,True,False,False,False,0.0,0.0,50.0,0.0,0.0,0.0,0.0,0.0,50.0,0.0,0.0,-1,0.0,G2_EDGE,reg.buy_ok=False  regime='high_med_up',-1,0.0,0.0,
BNB/USDT,945,2026-04-18 06:00:00,long,0.56445,69.36,60.0,643.8,3.495714,high_med_up,False,True,False,False,False,0.0,0.0,50.0,0.0,0.0,0.0,0.0,0.0,50.0,0.0,0.0,-1,0.0,G2_EDGE,reg.buy_ok=False  regime='high_med_up',-1,0.0,0.0,
BNB/USDT,946,2026-04-18 07:00:00,long,0.55894,71.06,60.0,643.35,3.224286,high_low_up,,,True,False,False,0.0,0.0,50.0,0.0,0.0,0.0,0.0,0.0,50.0,0.0,0.0,-1,0.0,G1_REGIME,regime='high_low_up' skipped=True reg_empty=False,-1,0.0,0.0,
BNB/USDT,947,2026-04-18 08:00:00,long,0.59746,81.84,60.0,637.1,3.610714,high_med_up,False,True,False,False,False,0.0,0.0,50.0,0.0,0.0,0.0,0.0,0.0,50.0,0.0,0.0,-1,0.0,G2_EDGE,reg.buy_ok=False  regime='high_med_up',-1,0.0,0.0,
BNB/USDT,948,2026-04-18 09:00:00,long,0.60633,82.13,60.0,635.87,3.636429,high_med_flat,False,False,False,False,False,0.0,0.0,50.0,0.0,0.0,0.0,0.0,0.0,50.0,0.0,0.0,-1,0.0,G2_EDGE,reg.buy_ok=False  regime='high_med_flat',-1,0.0,0.0,
BNB/USDT,949,2026-04-18 10:00:00,long,0.61929,83.38,60.0,634.01,3.703571,high_med_flat,False,False,False,False,False,0.0,0.0,50.0,0.0,0.0,0.0,0.0,0.0,50.0,0.0,0.0,-1,0.0,G2_EDGE,reg.buy_ok=False  regime='high_med_flat',-1,0.0,0.0,
BNB/USDT,950,2026-04-18 11:00:00,long,0.62454,86.11,60.0,633.37,3.8,high_med_flat,False,False,False,False,False,0.0,0.0,50.0,0.0,0.0,0.0,0.0,0.0,50.0,0.0,0.0,-1,0.0,G2_EDGE,reg.buy_ok=False  regime='high_med_flat',-1,0.0,0.0,
BNB/USDT,951,2026-04-18 12:00:00,long,0.61762,82.13,60.0,634.11,3.798571,high_med_flat,False,False,False,False,False,0.0,0.0,50.0,0.0,0.0,0.0,0.0,0.0,50.0,0.0,0.0,-1,0.0,G2_EDGE,reg.buy_ok=False  regime='high_med_flat',-1,0.0,0.0,
BNB/USDT,952,2026-04-18 13:00:00,long,0.66648,81.35,60.0,633.57,3.806429,med_med_down,True,False,False,False,True,0.0,-0.5803718694857829,40.46441768835982,0.0,0.005007,0.006,0.0,0.0,50.0,0.0,0.0,-1,0.0,G4_EV,ev=0.00501 <= floor=0.00600  meta_conf=0.6665,-1,0.0,0.0,
BNB/USDT,953,2026-04-18 14:00:00,long,0.67302,82.85,60.0,634.2,3.694286,med_med_down,True,False,False,False,True,0.0,-0.43796790400385194,40.37164354874793,0.0,0.004904,0.006,0.0,0.0,50.0,0.0,0.0,-1,0.0,G4_EV,ev=0.00490 <= floor=0.00600  meta_conf=0.6730,-1,0.0,0.0,
BNB/USDT,954,2026-04-18 15:00:00,long,0.65792,81.67,60.0,633.37,3.613571,med_med_down,True,False,False,False,True,0.0,-0.5582071147538719,40.21777136518473,0.0,0.004333,0.006,0.0,0.0,50.0,0.0,0.0,-1,0.0,G4_EV,ev=0.00433 <= floor=0.00600  meta_conf=0.6579,-1,0.0,0.0,
BNB/USDT,955,2026-04-18 16:00:00,long,0.65804,84.6,60.0,633.34,3.697857,med_med_down,True,False,False,False,True,0.0,-0.5413764354299054,39.81520338923408,0.0,0.004531,0.006,0.0,0.0,50.0,0.0,0.0,-1,0.0,G4_EV,ev=0.00453 <= floor=0.00600  meta_conf=0.6580,-1,0.0,0.0,
BNB/USDT,956,2026-04-18 17:00:00,long,0.62626,79.28,60.0,633.51,3.569286,med_med_down,True,False,False,False,True,0.0,-0.4688567458766868,39.97904779891821,0.0,0.003427,0.006,0.0,0.0,50.0,0.0,0.0,-1,0.0,G4_EV,ev=0.00343 <= floor=0.00600  meta_conf=0.6263,-1,0.0,0.0,
BNB/USDT,957,2026-04-18 18:00:00,long,0.62756,83.31,60.0,629.56,3.572857,med_med_down,True,False,False,False,True,0.0,-0.6757929141977749,35.82522209827148,-1.0,0.003514,0.006,0.0,0.0,50.0,0.0,0.0,-1,0.0,G4_EV,ev=0.00351 <= floor=0.00600  meta_conf=0.6276,-1,0.0,0.0,
BNB/USDT,958,2026-04-18 19:00:00,long,0.62515,81.31,60.0,630.39,3.475714,med_med_down,True,False,False,False,True,0.0,-0.4885390391892864,39.68368964690074,0.0,0.00324,0.006,0.0,0.0,50.0,0.0,0.0,-1,0.0,G4_EV,ev=0.00324 <= floor=0.00600  meta_conf=0.6252,-1,0.0,0.0,
BNB/USDT,959,2026-04-18 20:00:00,long,0.62149,78.62,60.0,630.22,3.420714,med_med_down,True,False,False,False,True,0.0,-0.5713464025089329,42.47998034874132,0.0,0.003038,0.006,0.0,0.0,50.0,0.0,0.0,-1,0.0,G4_EV,ev=0.00304 <= floor=0.00600  meta_conf=0.6215,-1,0.0,0.0,
BNB/USDT,960,2026-04-18 21:00:00,long,0.6033,79.62,60.0,631.79,3.447143,med_med_down,True,False,False,False,True,0.0,-0.44039336270719875,44.966602472507624,0.0,0.002628,0.006,0.0,0.0,50.0,0.0,0.0,-1,0.0,G4_EV,ev=0.00263 <= floor=0.00600  meta_conf=0.6033,-1,0.0,0.0,
BNB/USDT,961,2026-04-18 22:00:00,long,0.58953,80.62,60.0,630.89,2.972857,med_low_down,False,True,False,False,False,0.0,0.0,50.0,0.0,0.0,0.0,0.0,0.0,50.0,0.0,0.0,-1,0.0,G2_EDGE,reg.buy_ok=False  regime='med_low_down',-1,0.0,0.0,
BNB/USDT,962,2026-04-18 23:00:00,long,0.6045,78.2,60.0,629.9,2.859286,med_low_down,False,True,False,False,False,0.0,0.0,50.0,0.0,0.0,0.0,0.0,0.0,50.0,0.0,0.0,-1,0.0,G2_EDGE,reg.buy_ok=False  regime='med_low_down',-1,0.0,0.0,
BNB/USDT,963,2026-04-19 00:00:00,long,0.57198,78.99,60.0,629.31,2.721429,med_low_down,False,True,False,False,False,0.0,0.0,50.0,0.0,0.0,0.0,0.0,0.0,50.0,0.0,0.0,-1,0.0,G2_EDGE,reg.buy_ok=False  regime='med_low_down',-1,0.0,0.0,
BNB/USDT,964,2026-04-19 01:00:00,long,0.53455,80.65,60.0,628.07,2.710714,med_low_down,False,True,False,False,False,0.0,0.0,50.0,0.0,0.0,0.0,0.0,0.0,50.0,0.0,0.0,-1,0.0,G2_EDGE,reg.buy_ok=False  regime='med_low_down',-1,0.0,0.0,
BNB/USDT,965,2026-04-19 02:00:00,long,0.52046,85.08,60.0,625.04,2.810714,med_low_down,False,True,False,False,False,0.0,0.0,50.0,0.0,0.0,0.0,0.0,0.0,50.0,0.0,0.0,-1,0.0,G2_EDGE,reg.buy_ok=False  regime='med_low_down',-1,0.0,0.0,
BNB/USDT,966,2026-04-19 03:00:00,short,0.50484,64.21,60.0,623.26,2.889286,low_low_down,False,False,False,False,False,0.0,0.0,50.0,0.0,0.0,0.0,0.0,0.0,50.0,0.0,0.0,-1,0.0,G2_EDGE,reg.sell_ok=False  regime='low_low_down',-1,0.0,0.0,
BNB/USDT,967,2026-04-19 04:00:00,short,0.51671,64.35,60.0,622.06,3.028571,low_low_down,False,False,False,False,False,0.0,0.0,50.0,0.0,0.0,0.0,0.0,0.0,50.0,0.0,0.0,-1,0.0,G2_EDGE,reg.sell_ok=False  regime='low_low_down',-1,0.0,0.0,
BNB/USDT,968,2026-04-19 05:00:00,short,0.51771,62.8,60.0,622.65,2.963571,low_low_down,False,False,False,False,False,0.0,0.0,50.0,0.0,0.0,0.0,0.0,0.0,50.0,0.0,0.0,-1,0.0,G2_EDGE,reg.sell_ok=False  regime='low_low_down',-1,0.0,0.0,
BNB/USDT,969,2026-04-19 06:00:00,long,0.51477,88.08,60.0,622.81,2.992143,low_low_down,False,False,False,False,False,0.0,0.0,50.0,0.0,0.0,0.0,0.0,0.0,50.0,0.0,0.0,-1,0.0,G2_EDGE,reg.buy_ok=False  regime='low_low_down',-1,0.0,0.0,
BNB/USDT,970,2026-04-19 07:00:00,long,0.50353,86.77,60.0,620.32,3.165,low_low_down,False,False,False,False,False,0.0,0.0,50.0,0.0,0.0,0.0,0.0,0.0,50.0,0.0,0.0,-1,0.0,G2_EDGE,reg.buy_ok=False  regime='low_low_down',-1,0.0,0.0,
BNB/USDT,971,2026-04-19 08:00:00,short,0.50265,65.46,60.0,621.23,3.058571,low_low_down,False,False,False,False,False,0.0,0.0,50.0,0.0,0.0,0.0,0.0,0.0,50.0,0.0,0.0,-1,0.0,G2_EDGE,reg.sell_ok=False  regime='low_low_down',-1,0.0,0.0,
BNB/USDT,972,2026-04-19 09:00:00,long,0.50574,80.26,60.0,619.89,3.006429,low_low_down,False,False,False,False,False,0.0,0.0,50.0,0.0,0.0,0.0,0.0,0.0,50.0,0.0,0.0,-1,0.0,G2_EDGE,reg.buy_ok=False  regime='low_low_down',-1,0.0,0.0,
BNB/USDT,973,2026-04-19 10:00:00,long,0.51198,79.78,60.0,620.35,2.995714,low_low_down,False,False,False,False,False,0.0,0.0,50.0,0.0,0.0,0.0,0.0,0.0,50.0,0.0,0.0,-1,0.0,G2_EDGE,reg.buy_ok=False  regime='low_low_down',-1,0.0,0.0,
BNB/USDT,974,2026-04-19 11:00:00,long,0.51444,84.63,60.0,622.4,3.069286,low_low_down,False,False,False,False,False,0.0,0.0,50.0,0.0,0.0,0.0,0.0,0.0,50.0,0.0,0.0,-1,0.0,G2_EDGE,reg.buy_ok=False  regime='low_low_down',-1,0.0,0.0,
BNB/USDT,975,2026-04-19 12:00:00,long,0.52484,84.53,60.0,623.23,3.052143,low_low_down,False,False,False,False,False,0.0,0.0,50.0,0.0,0.0,0.0,0.0,0.0,50.0,0.0,0.0,-1,0.0,G2_EDGE,reg.buy_ok=False  regime='low_low_down',-1,0.0,0.0,
BNB/USDT,976,2026-04-19 13:00:00,long,0.50319,92.48,60.0,625.16,3.137857,low_low_down,False,False,False,False,False,0.0,0.0,50.0,0.0,0.0,0.0,0.0,0.0,50.0,0.0,0.0,-1,0.0,G2_EDGE,reg.buy_ok=False  regime='low_low_down',-1,0.0,0.0,
BNB/USDT,977,2026-04-19 14:00:00,long,0.50585,76.99,60.0,627.06,3.329286,low_med_down,True,False,False,True,True,0.0,-0.044594273951912476,46.32439462899503,0.0,0.000122,0.006,0.0,0.0,50.0,0.0,0.0,-1,0.0,G4_EV,ev=0.00012 <= floor=0.00600  meta_conf=0.5059,-1,0.0,0.0,
BNB/USDT,978,2026-04-19 15:00:00,long,0.51466,96.04,60.0,626.07,3.42,low_med_down,True,False,False,True,True,0.0,-0.02607885834187796,53.85833721057736,0.0,0.000457,0.006,0.0,0.0,50.0,0.0,0.0,-1,0.0,G4_EV,ev=0.00046 <= floor=0.00600  meta_conf=0.5147,-1,0.0,0.0,
BNB/USDT,979,2026-04-19 16:00:00,long,0.54607,87.7,60.0,623.53,3.36,low_med_down,True,False,False,False,True,0.0,-0.12001871729598755,54.34021821672622,0.0,0.001159,0.006,0.0,0.0,50.0,0.0,0.0,-1,0.0,G4_EV,ev=0.00116 <= floor=0.00600  meta_conf=0.5461,-1,0.0,0.0,
BNB/USDT,980,2026-04-19 17:00:00,long,0.5305,85.84,60.0,620.42,3.397143,low_med_down,True,False,False,False,True,0.0,-0.4261083379435495,54.78036722945348,0.0,0.000858,0.006,0.0,0.0,50.0,0.0,0.0,-1,0.0,G4_EV,ev=0.00086 <= floor=0.00600  meta_conf=0.5305,-1,0.0,0.0,
BNB/USDT,981,2026-04-19 18:00:00,long,0.54162,84.53,60.0,622.09,3.295,low_med_down,True,False,False,False,True,0.0,-0.15438557065609365,55.009246669953015,0.0,0.000964,0.006,0.0,0.0,50.0,0.0,0.0,-1,0.0,G4_EV,ev=0.00096 <= floor=0.00600  meta_conf=0.5416,-1,0.0,0.0,
BNB/USDT,982,2026-04-19 19:00:00,long,0.538,67.56,60.0,622.93,3.278571,low_med_down,True,False,False,True,True,0.0,-0.13025555374279627,55.27808059566697,0.0,0.000847,0.006,0.0,0.0,50.0,0.0,0.0,-1,0.0,G4_EV,ev=0.00085 <= floor=0.00600  meta_conf=0.5380,-1,0.0,0.0,
BNB/USDT,983,2026-04-19 20:00:00,long,0.52183,80.17,60.0,621.02,3.217857,low_med_down,True,False,False,False,True,0.0,-0.42773380255728666,55.46954815168417,0.0,0.000395,0.006,0.0,0.0,50.0,0.0,0.0,-1,0.0,G4_EV,ev=0.00040 <= floor=0.00600  meta_conf=0.5218,-1,0.0,0.0,
BNB/USDT,984,2026-04-19 21:00:00,long,0.5452,79.1,60.0,620.46,3.112143,low_low_down,False,False,False,False,False,0.0,0.0,50.0,0.0,0.0,0.0,0.0,0.0,50.0,0.0,0.0,-1,0.0,G2_EDGE,reg.buy_ok=False  regime='low_low_down',-1,0.0,0.0,
BNB/USDT,985,2026-04-19 22:00:00,short,0.50829,94.03,60.0,617.01,3.254286,low_med_down,True,False,False,False,False,0.0,0.0,50.0,0.0,0.0,0.0,0.0,0.0,50.0,0.0,0.0,-1,0.0,G2_EDGE,reg.sell_ok=False  regime='low_med_down',-1,0.0,0.0,
BNB/USDT,986,2026-04-19 23:00:00,long,0.50208,78.8,60.0,616.06,3.266429,low_med_down,True,False,False,False,True,0.0,-0.6403754354272864,46.17238888291161,0.0,2.6e-05,0.006,0.0,0.0,50.0,0.0,0.0,-1,0.0,G4_EV,ev=0.00003 <= floor=0.00600  meta_conf=0.5021,-1,0.0,0.0,
BNB/USDT,987,2026-04-20 00:00:00,long,0.51972,64.6,60.0,619.84,3.512143,low_med_down,True,False,False,False,True,0.0,-0.4358504803509817,46.60300496199684,0.0,0.000752,0.006,0.0,0.0,50.0,0.0,0.0,-1,0.0,G4_EV,ev=0.00075 <= floor=0.00600  meta_conf=0.5197,-1,0.0,0.0,
BNB/USDT,988,2026-04-20 01:00:00,long,0.53148,51.2,60.0,621.93,3.51,low_med_flat,False,False,False,False,False,0.0,0.0,50.0,0.0,0.0,0.0,0.0,0.0,50.0,0.0,0.0,-1,0.0,G2_EDGE,reg.buy_ok=False  regime='low_med_flat',-1,0.0,0.0,
BNB/USDT,989,2026-04-20 02:00:00,long,0.5203,49.53,60.0,621.24,3.515,low_med_flat,False,False,False,False,False,0.0,0.0,50.0,0.0,0.0,0.0,0.0,0.0,50.0,0.0,0.0,-1,0.0,G2_EDGE,reg.buy_ok=False  regime='low_med_flat',-1,0.0,0.0,
BNB/USDT,990,2026-04-20 03:00:00,short,0.50263,52.44,60.0,621.69,3.365714,low_med_flat,False,False,False,False,False,0.0,0.0,50.0,0.0,0.0,0.0,0.0,0.0,50.0,0.0,0.0,-1,0.0,G2_EDGE,reg.sell_ok=False  regime='low_med_flat',-1,0.0,0.0,
BNB/USDT,991,2026-04-20 04:00:00,long,0.50514,47.91,60.0,621.02,3.130714,low_low_flat,True,True,False,False,False,0.0,0.0,50.0,0.0,0.0,0.0,0.0,0.0,50.0,0.0,0.0,-1,0.0,G2_EDGE,edge=47.9 < thr=60.0,-1,0.0,0.0,
BNB/USDT,992,2026-04-20 05:00:00,short,0.50031,50.64,60.0,618.74,3.115714,low_low_flat,True,True,False,False,False,0.0,0.0,50.0,0.0,0.0,0.0,0.0,0.0,50.0,0.0,0.0,-1,0.0,G2_EDGE,edge=50.6 < thr=60.0,-1,0.0,0.0,
BNB/USDT,993,2026-04-20 06:00:00,long,0.51708,59.92,60.0,624.24,3.272143,low_med_flat,False,False,False,False,False,0.0,0.0,50.0,0.0,0.0,0.0,0.0,0.0,50.0,0.0,0.0,-1,0.0,G2_EDGE,reg.buy_ok=False  regime='low_med_flat',-1,0.0,0.0,
BNB/USDT,994,2026-04-20 07:00:00,long,0.51176,58.02,60.0,624.69,3.381429,low_med_flat,False,False,False,False,False,0.0,0.0,50.0,0.0,0.0,0.0,0.0,0.0,50.0,0.0,0.0,-1,0.0,G2_EDGE,reg.buy_ok=False  regime='low_med_flat',-1,0.0,0.0,
BNB/USDT,995,2026-04-20 08:00:00,short,0.50044,58.43,60.0,623.82,3.384286,low_med_flat,False,False,False,False,False,0.0,0.0,50.0,0.0,0.0,0.0,0.0,0.0,50.0,0.0,0.0,-1,0.0,G2_EDGE,reg.sell_ok=False  regime='low_med_flat',-1,0.0,0.0,
BNB/USDT,996,2026-04-20 09:00:00,long,0.53313,54.54,60.0,626.71,3.537143,low_med_up,False,False,False,False,False,0.0,0.0,50.0,0.0,0.0,0.0,0.0,0.0,50.0,0.0,0.0,-1,0.0,G2_EDGE,reg.buy_ok=False  regime='low_med_up',-1,0.0,0.0,
BNB/USDT,997,2026-04-20 10:00:00,long,0.5142,49.58,60.0,626.05,3.48,low_med_up,False,False,False,False,False,0.0,0.0,50.0,0.0,0.0,0.0,0.0,0.0,50.0,0.0,0.0,-1,0.0,G2_EDGE,reg.buy_ok=False  regime='low_med_up',-1,0.0,0.0,
BNB/USDT,998,2026-04-20 11:00:00,long,0.5026,47.82,60.0,625.5,3.366429,low_med_flat,False,False,False,False,False,0.0,0.0,50.0,0.0,0.0,0.0,0.0,0.0,50.0,0.0,0.0,-1,0.0,G2_EDGE,reg.buy_ok=False  regime='low_med_flat',-1,0.0,0.0,
BNB/USDT,999,2026-04-20 12:00:00,long,0.51539,53.12,60.0,625.05,3.236429,low_med_flat,False,False,False,False,False,0.0,0.0,50.0,0.0,0.0,0.0,0.0,0.0,50.0,0.0,0.0,-1,0.0,G2_EDGE,reg.buy_ok=False  regime='low_med_flat',-1,0.0,0.0,
BNB/USDT,1000,2026-04-20 13:00:00,long,0.52468,60.31,60.0,625.82,3.272857,low_med_flat,False,False,False,False,False,0.0,0.0,50.0,0.0,0.0,0.0,0.0,0.0,50.0,0.0,0.0,-1,0.0,G2_EDGE,reg.buy_ok=False  regime='low_med_flat',-1,0.0,0.0,
BNB/USDT,1001,2026-04-20 14:00:00,long,0.50933,65.56,60.0,623.58,3.281429,low_med_flat,False,False,False,False,False,0.0,0.0,50.0,0.0,0.0,0.0,0.0,0.0,50.0,0.0,0.0,-1,0.0,G2_EDGE,reg.buy_ok=False  regime='low_med_flat',-1,0.0,0.0,
BNB/USDT,1002,2026-04-20 15:00:00,long,0.56324,73.73,60.0,628.31,3.592143,low_med_flat,False,False,False,False,False,0.0,0.0,50.0,0.0,0.0,0.0,0.0,0.0,50.0,0.0,0.0,-1,0.0,G2_EDGE,reg.buy_ok=False  regime='low_med_flat',-1,0.0,0.0,
BNB/USDT,1003,2026-04-20 16:00:00,long,0.54198,69.07,60.0,627.11,3.635,low_med_flat,False,False,False,False,False,0.0,0.0,50.0,0.0,0.0,0.0,0.0,0.0,50.0,0.0,0.0,-1,0.0,G2_EDGE,reg.buy_ok=False  regime='low_med_flat',-1,0.0,0.0,
BNB/USDT,1004,2026-04-20 17:00:00,long,0.55893,71.81,60.0,629.48,3.795714,low_med_up,False,False,False,False,False,0.0,0.0,50.0,0.0,0.0,0.0,0.0,0.0,50.0,0.0,0.0,-1,0.0,G2_EDGE,reg.buy_ok=False  regime='low_med_up',-1,0.0,0.0,
BNB/USDT,1005,2026-04-20 18:00:00,long,0.60275,79.23,60.0,630.97,3.876429,low_med_up,False,False,False,False,False,0.0,0.0,50.0,0.0,0.0,0.0,0.0,0.0,50.0,0.0,0.0,-1,0.0,G2_EDGE,reg.buy_ok=False  regime='low_med_up',-1,0.0,0.0,
BNB/USDT,1006,2026-04-20 19:00:00,long,0.54856,57.69,60.0,630.56,3.710714,low_med_up,False,False,False,False,False,0.0,0.0,50.0,0.0,0.0,0.0,0.0,0.0,50.0,0.0,0.0,-1,0.0,G2_EDGE,reg.buy_ok=False  regime='low_med_up',-1,0.0,0.0,
BNB/USDT,1007,2026-04-20 20:00:00,long,0.52562,74.71,60.0,631.01,3.458571,low_med_up,False,False,False,False,False,0.0,0.0,50.0,0.0,0.0,0.0,0.0,0.0,50.0,0.0,0.0,-1,0.0,G2_EDGE,reg.buy_ok=False  regime='low_med_up',-1,0.0,0.0,
BNB/USDT,1008,2026-04-20 21:00:00,long,0.5255,69.98,60.0,630.42,3.218571,low_med_up,False,False,False,False,False,0.0,0.0,50.0,0.0,0.0,0.0,0.0,0.0,50.0,0.0,0.0,-1,0.0,G2_EDGE,reg.buy_ok=False  regime='low_med_up',-1,0.0,0.0,
BNB/USDT,1009,2026-04-20 22:00:00,long,0.50916,63.93,60.0,628.94,3.211429,low_med_up,False,False,False,False,False,0.0,0.0,50.0,0.0,0.0,0.0,0.0,0.0,50.0,0.0,0.0,-1,0.0,G2_EDGE,reg.buy_ok=False  regime='low_med_up',-1,0.0,0.0,
BNB/USDT,1010,2026-04-20 23:00:00,long,0.51501,65.76,60.0,629.26,3.057143,low_low_up,False,True,False,False,False,0.0,0.0,50.0,0.0,0.0,0.0,0.0,0.0,50.0,0.0,0.0,-1,0.0,G2_EDGE,reg.buy_ok=False  regime='low_low_up',-1,0.0,0.0,
BNB/USDT,1011,2026-04-21 00:00:00,short,0.50836,78.88,60.0,631.52,3.1,low_low_up,False,True,False,True,False,0.0,0.6045467407662467,54.962365832786595,0.0,-0.000134,0.006,0.0,0.0,50.0,0.0,0.0,-1,0.0,G4_EV,ev=-0.00013 <= floor=0.00600  meta_conf=0.5084,-1,0.0,0.0,
BNB/USDT,1012,2026-04-21 01:00:00,short,0.51841,78.05,60.0,630.47,3.149286,low_low_up,False,True,False,True,False,0.0,0.40965756334965503,53.526691060458276,0.0,0.00016,0.006,0.0,0.0,50.0,0.0,0.0,-1,0.0,G4_EV,ev=0.00016 <= floor=0.00600  meta_conf=0.5184,-1,0.0,0.0,
BNB/USDT,1013,2026-04-21 02:00:00,short,0.52587,80.63,60.0,628.64,3.051429,low_low_up,False,True,False,True,False,0.0,0.3435913493269479,53.379120252318216,0.0,0.000206,0.006,0.0,0.0,50.0,0.0,0.0,-1,0.0,G4_EV,ev=0.00021 <= floor=0.00600  meta_conf=0.5259,-1,0.0,0.0,
BNB/USDT,1014,2026-04-21 03:00:00,short,0.53828,80.74,60.0,629.87,2.972143,low_low_up,False,True,False,True,False,0.0,0.4295389538734042,53.138013317749746,0.0,0.000352,0.006,0.0,0.0,50.0,0.0,0.0,-1,0.0,G4_EV,ev=0.00035 <= floor=0.00600  meta_conf=0.5383,-1,0.0,0.0,
BNB/USDT,1015,2026-04-21 04:00:00,short,0.54472,77.55,60.0,630.61,2.736429,low_low_up,False,True,False,True,False,0.0,0.5194060601032963,52.697094258972626,0.0,0.000128,0.006,0.0,0.0,50.0,0.0,0.0,-1,0.0,G4_EV,ev=0.00013 <= floor=0.00600  meta_conf=0.5447,-1,0.0,0.0,
BNB/USDT,1016,2026-04-21 05:00:00,short,0.56202,79.81,60.0,630.91,2.309286,low_low_up,False,True,False,True,False,0.0,0.5101919777150256,78.1988659062739,0.0,-0.000233,0.006,0.0,0.0,50.0,0.0,0.0,-1,0.0,G4_EV,ev=-0.00023 <= floor=0.00600  meta_conf=0.5620,-1,0.0,0.0,
BNB/USDT,1017,2026-04-21 06:00:00,short,0.5534,78.45,60.0,632.46,2.345714,low_low_up,False,True,False,True,False,0.0,0.6549088981406512,73.22416954156913,0.0,-0.000327,0.006,0.0,0.0,50.0,0.0,0.0,-1,0.0,G4_EV,ev=-0.00033 <= floor=0.00600  meta_conf=0.5534,-1,0.0,0.0,
BNB/USDT,1018,2026-04-21 07:00:00,short,0.54982,84.39,60.0,632.88,2.264286,low_low_up,False,True,False,True,False,0.0,0.6466617922148433,74.59375230507891,0.0,-0.000515,0.006,0.0,0.0,50.0,0.0,0.0,-1,0.0,G4_EV,ev=-0.00051 <= floor=0.00600  meta_conf=0.5498,-1,0.0,0.0,
BNB/USDT,1019,2026-04-21 08:00:00,short,0.50589,99.71,60.0,635.2,2.463571,low_low_up,False,True,False,True,False,0.0,0.7019785110539432,55.41418678002026,1.0,-0.000988,0.006,0.0,0.0,50.0,0.0,0.0,-1,0.0,G4_EV,ev=-0.00099 <= floor=0.00600  meta_conf=0.5059,-1,0.0,0.0,
BNB/USDT,1020,2026-04-21 09:00:00,short,0.50125,99.44,60.0,636.75,2.498571,low_low_up,False,True,False,True,False,0.0,0.7162912028390942,54.278392957573345,0.0,-0.001035,0.006,0.0,0.0,50.0,0.0,0.0,-1,0.0,G4_EV,ev=-0.00103 <= floor=0.00600  meta_conf=0.5013,-1,0.0,0.0,
BNB/USDT,1021,2026-04-21 10:00:00,long,0.51087,84.29,60.0,638.55,2.613571,low_low_up,False,True,False,False,False,0.0,0.0,50.0,0.0,0.0,0.0,0.0,0.0,50.0,0.0,0.0,-1,0.0,G2_EDGE,reg.buy_ok=False  regime='low_low_up',-1,0.0,0.0,
BNB/USDT,1022,2026-04-21 11:00:00,short,0.53988,100.0,60.0,634.14,2.776429,med_low_up,True,False,False,False,False,0.0,0.0,50.0,0.0,0.0,0.0,0.0,0.0,50.0,0.0,0.0,-1,0.0,G2_EDGE,reg.sell_ok=False  regime='med_low_up',-1,0.0,0.0,
BNB/USDT,1023,2026-04-21 12:00:00,short,0.55473,87.8,60.0,631.96,2.935,med_low_up,True,False,False,False,False,0.0,0.0,50.0,0.0,0.0,0.0,0.0,0.0,50.0,0.0,0.0,-1,0.0,G2_EDGE,reg.sell_ok=False  regime='med_low_up',-1,0.0,0.0,
BNB/USDT,1024,2026-04-21 13:00:00,short,0.54616,84.11,60.0,632.27,3.01,med_low_up,True,False,False,False,False,0.0,0.0,50.0,0.0,0.0,0.0,0.0,0.0,50.0,0.0,0.0,-1,0.0,G2_EDGE,reg.sell_ok=False  regime='med_low_up',-1,0.0,0.0,
BNB/USDT,1025,2026-04-21 14:00:00,short,0.55945,82.27,60.0,630.39,3.175714,low_low_up,False,True,False,False,False,0.0,-0.2319614764234046,42.128314852917164,0.0,0.001126,0.006,0.0,0.0,50.0,0.0,0.0,-1,0.0,G4_EV,ev=0.00113 <= floor=0.00600  meta_conf=0.5594,-1,0.0,0.0,
BNB/USDT,1026,2026-04-21 15:00:00,short,0.52371,85.77,60.0,631.81,3.255714,low_med_flat,False,False,False,False,False,0.0,0.0,50.0,0.0,0.0,0.0,0.0,0.0,50.0,0.0,0.0,-1,0.0,G2_EDGE,reg.sell_ok=False  regime='low_med_flat',-1,0.0,0.0,
BNB/USDT,1027,2026-04-21 16:00:00,short,0.523,74.62,60.0,631.88,3.266429,med_med_up,False,False,False,False,False,0.0,0.0,50.0,0.0,0.0,0.0,0.0,0.0,50.0,0.0,0.0,-1,0.0,G2_EDGE,reg.sell_ok=False  regime='med_med_up',-1,0.0,0.0,
BNB/USDT,1028,2026-04-21 17:00:00,short,0.51457,70.41,60.0,629.74,3.482143,med_med_flat,True,False,False,False,False,0.0,0.0,50.0,0.0,0.0,0.0,0.0,0.0,50.0,0.0,0.0,-1,0.0,G2_EDGE,reg.sell_ok=False  regime='med_med_flat',-1,0.0,0.0,
BNB/USDT,1029,2026-04-21 18:00:00,short,0.51143,65.25,60.0,630.3,3.498571,low_med_flat,False,False,False,False,False,0.0,0.0,50.0,0.0,0.0,0.0,0.0,0.0,50.0,0.0,0.0,-1,0.0,G2_EDGE,reg.sell_ok=False  regime='low_med_flat',-1,0.0,0.0,
BNB/USDT,1030,2026-04-21 19:00:00,short,0.51169,71.76,60.0,626.6,3.860714,low_med_flat,False,False,False,False,False,0.0,0.0,50.0,0.0,0.0,0.0,0.0,0.0,50.0,0.0,0.0,-1,0.0,G2_EDGE,reg.sell_ok=False  regime='low_med_flat',-1,0.0,0.0,
BNB/USDT,1031,2026-04-21 20:00:00,short,0.5109,69.14,60.0,629.8,4.010714,low_med_flat,False,False,False,False,False,0.0,0.0,50.0,0.0,0.0,0.0,0.0,0.0,50.0,0.0,0.0,-1,0.0,G2_EDGE,reg.sell_ok=False  regime='low_med_flat',-1,0.0,0.0,
BNB/USDT,1032,2026-04-21 21:00:00,long,0.50103,77.96,60.0,629.19,3.959286,low_med_flat,False,False,False,False,False,0.0,0.0,50.0,0.0,0.0,0.0,0.0,0.0,50.0,0.0,0.0,-1,0.0,G2_EDGE,reg.buy_ok=False  regime='low_med_flat',-1,0.0,0.0,
BNB/USDT,1033,2026-04-21 22:00:00,short,0.50835,46.67,60.0,628.9,3.722857,low_med_flat,False,False,False,False,False,0.0,0.0,50.0,0.0,0.0,0.0,0.0,0.0,50.0,0.0,0.0,-1,0.0,G2_EDGE,reg.sell_ok=False  regime='low_med_flat',-1,0.0,0.0,
BNB/USDT,1034,2026-04-21 23:00:00,short,0.51687,56.3,60.0,631.72,3.827143,low_med_flat,False,False,False,False,False,0.0,0.0,50.0,0.0,0.0,0.0,0.0,0.0,50.0,0.0,0.0,-1,0.0,G2_EDGE,reg.sell_ok=False  regime='low_med_flat',-1,0.0,0.0,
BNB/USDT,1035,2026-04-22 00:00:00,short,0.52444,54.24,60.0,632.84,3.660714,low_med_flat,False,False,False,False,False,0.0,0.0,50.0,0.0,0.0,0.0,0.0,0.0,50.0,0.0,0.0,-1,0.0,G2_EDGE,reg.sell_ok=False  regime='low_med_flat',-1,0.0,0.0,
BNB/USDT,1036,2026-04-22 01:00:00,short,0.54406,54.47,60.0,632.68,3.426429,low_med_flat,False,False,False,False,False,0.0,0.0,50.0,0.0,0.0,0.0,0.0,0.0,50.0,0.0,0.0,-1,0.0,G2_EDGE,reg.sell_ok=False  regime='low_med_flat',-1,0.0,0.0,
BNB/USDT,1037,2026-04-22 02:00:00,long,0.62553,76.28,60.0,640.08,3.67,med_med_up,False,False,False,False,False,0.0,0.0,50.0,0.0,0.0,0.0,0.0,0.0,50.0,0.0,0.0,-1,0.0,G2_EDGE,reg.buy_ok=False  regime='med_med_up',-1,0.0,0.0,
BNB/USDT,1038,2026-04-22 03:00:00,long,0.61899,57.68,60.0,639.57,3.657857,med_med_up,False,False,False,False,False,0.0,0.0,50.0,0.0,0.0,0.0,0.0,0.0,50.0,0.0,0.0,-1,0.0,G2_EDGE,reg.buy_ok=False  regime='med_med_up',-1,0.0,0.0,
BNB/USDT,1039,2026-04-22 04:00:00,long,0.57724,53.83,60.0,639.74,3.434286,med_med_up,False,False,False,False,False,0.0,0.0,50.0,0.0,0.0,0.0,0.0,0.0,50.0,0.0,0.0,-1,0.0,G2_EDGE,reg.buy_ok=False  regime='med_med_up',-1,0.0,0.0,
BNB/USDT,1040,2026-04-22 05:00:00,long,0.58339,66.7,60.0,642.84,3.565714,med_med_up,False,False,False,False,False,0.0,0.0,50.0,0.0,0.0,0.0,0.0,0.0,50.0,0.0,0.0,-1,0.0,G2_EDGE,reg.buy_ok=False  regime='med_med_up',-1,0.0,0.0,
BNB/USDT,1041,2026-04-22 06:00:00,long,0.57013,53.36,60.0,642.3,3.517143,med_med_up,False,False,False,False,False,0.0,0.0,50.0,0.0,0.0,0.0,0.0,0.0,50.0,0.0,0.0,-1,0.0,G2_EDGE,reg.buy_ok=False  regime='med_med_up',-1,0.0,0.0,
BNB/USDT,1042,2026-04-22 07:00:00,long,0.54114,62.28,60.0,641.99,3.263571,med_low_up,True,False,False,True,False,0.0,0.6081644874833565,35.621279870215616,0.0,0.000754,0.006,0.0,0.0,50.0,0.0,0.0,-1,0.0,G4_EV,ev=0.00075 <= floor=0.00600  meta_conf=0.5411,-1,0.0,0.0,
BNB/USDT,1043,2026-04-22 08:00:00,long,0.53863,64.6,60.0,642.17,3.247857,med_low_up,True,False,False,True,False,0.0,0.6447188810975836,35.43481802041177,0.0,0.000672,0.006,0.0,0.0,50.0,0.0,0.0,-1,0.0,G4_EV,ev=0.00067 <= floor=0.00600  meta_conf=0.5386,-1,0.0,0.0,
BNB/USDT,1044,2026-04-22 09:00:00,long,0.54726,61.24,60.0,642.13,2.925,med_low_up,True,False,False,True,False,0.0,0.5462795470134233,35.80954711091137,0.0,0.000385,0.006,0.0,0.0,50.0,0.0,0.0,-1,0.0,G4_EV,ev=0.00039 <= floor=0.00600  meta_conf=0.5473,-1,0.0,0.0,
BNB/USDT,1045,2026-04-22 10:00:00,long,0.54601,65.06,60.0,642.07,2.712857,med_low_flat,True,True,False,True,False,0.0,0.5400091072143367,39.26402703153659,0.0,4.4e-05,0.006,0.0,0.0,50.0,0.0,0.0,-1,0.0,G4_EV,ev=0.00004 <= floor=0.00600  meta_conf=0.5460,-1,0.0,0.0,
BNB/USDT,1046,2026-04-22 11:00:00,long,0.54724,63.26,60.0,642.77,2.742143,low_low_up,False,True,False,False,False,0.0,0.0,50.0,0.0,0.0,0.0,0.0,0.0,50.0,0.0,0.0,-1,0.0,G2_EDGE,reg.buy_ok=False  regime='low_low_up',-1,0.0,0.0,
BNB/USDT,1047,2026-04-22 12:00:00,long,0.55451,63.54,60.0,643.45,2.727143,low_low_up,False,True,False,False,False,0.0,0.0,50.0,0.0,0.0,0.0,0.0,0.0,50.0,0.0,0.0,-1,0.0,G2_EDGE,reg.buy_ok=False  regime='low_low_up',-1,0.0,0.0,
BNB/USDT,1048,2026-04-22 13:00:00,long,0.54596,85.78,60.0,650.59,3.257857,med_low_up,True,False,False,True,False,0.0,0.7399473385764217,26.106935950239517,1.0,0.000791,0.006,0.0,0.0,50.0,0.0,0.0,-1,0.0,G4_EV,ev=0.00079 <= floor=0.00600  meta_conf=0.5460,-1,0.0,0.0,
BNB/USDT,1049,2026-04-22 14:00:00,long,0.57054,72.04,60.0,650.26,3.549286,med_med_up,False,False,False,False,False,0.0,0.0,50.0,0.0,0.0,0.0,0.0,0.0,50.0,0.0,0.0,-1,0.0,G2_EDGE,reg.buy_ok=False  regime='med_med_up',-1,0.0,0.0,
BNB/USDT,1050,2026-04-22 15:00:00,long,0.58054,66.15,60.0,649.1,3.567143,med_med_up,False,False,False,False,False,0.0,0.0,50.0,0.0,0.0,0.0,0.0,0.0,50.0,0.0,0.0,-1,0.0,G2_EDGE,reg.buy_ok=False  regime='med_med_up',-1,0.0,0.0,
BNB/USDT,1051,2026-04-22 16:00:00,long,0.56017,85.85,60.0,644.4,3.545,med_med_up,False,False,False,False,False,0.0,0.0,50.0,0.0,0.0,0.0,0.0,0.0,50.0,0.0,0.0,-1,0.0,G2_EDGE,reg.buy_ok=False  regime='med_med_up',-1,0.0,0.0,
BNB/USDT,1052,2026-04-22 17:00:00,long,0.57332,72.35,60.0,644.68,3.529286,med_med_up,False,False,False,False,False,0.0,0.0,50.0,0.0,0.0,0.0,0.0,0.0,50.0,0.0,0.0,-1,0.0,G2_EDGE,reg.buy_ok=False  regime='med_med_up',-1,0.0,0.0,
BNB/USDT,1053,2026-04-22 18:00:00,long,0.55859,70.31,60.0,645.08,3.547143,med_med_up,False,False,False,False,False,0.0,0.0,50.0,0.0,0.0,0.0,0.0,0.0,50.0,0.0,0.0,-1,0.0,G2_EDGE,reg.buy_ok=False  regime='med_med_up',-1,0.0,0.0,
BNB/USDT,1054,2026-04-22 19:00:00,long,0.53622,77.84,60.0,644.1,3.351429,med_med_up,False,False,False,False,False,0.0,0.0,50.0,0.0,0.0,0.0,0.0,0.0,50.0,0.0,0.0,-1,0.0,G2_EDGE,reg.buy_ok=False  regime='med_med_up',-1,0.0,0.0,
BNB/USDT,1055,2026-04-22 20:00:00,long,0.53418,79.72,60.0,641.06,3.492857,med_med_up,False,False,False,False,False,0.0,0.0,50.0,0.0,0.0,0.0,0.0,0.0,50.0,0.0,0.0,-1,0.0,G2_EDGE,reg.buy_ok=False  regime='med_med_up',-1,0.0,0.0,
BNB/USDT,1056,2026-04-22 21:00:00,long,0.54208,74.8,60.0,641.47,3.608571,med_med_up,False,False,False,False,False,0.0,0.0,50.0,0.0,0.0,0.0,0.0,0.0,50.0,0.0,0.0,-1,0.0,G2_EDGE,reg.buy_ok=False  regime='med_med_up',-1,0.0,0.0,
BNB/USDT,1057,2026-04-22 22:00:00,long,0.53962,71.38,60.0,640.0,3.683571,med_med_up,False,False,False,False,False,0.0,0.0,50.0,0.0,0.0,0.0,0.0,0.0,50.0,0.0,0.0,-1,0.0,G2_EDGE,reg.buy_ok=False  regime='med_med_up',-1,0.0,0.0,
BNB/USDT,1058,2026-04-22 23:00:00,long,0.54881,81.4,60.0,637.47,3.767857,med_med_up,False,False,False,False,False,0.0,0.0,50.0,0.0,0.0,0.0,0.0,0.0,50.0,0.0,0.0,-1,0.0,G2_EDGE,reg.buy_ok=False  regime='med_med_up',-1,0.0,0.0,
BNB/USDT,1059,2026-04-23 00:00:00,long,0.61934,89.35,60.0,638.57,4.009286,med_med_up,False,False,False,False,False,0.0,0.0,50.0,0.0,0.0,0.0,0.0,0.0,50.0,0.0,0.0,-1,0.0,G2_EDGE,reg.buy_ok=False  regime='med_med_up',-1,0.0,0.0,
BNB/USDT,1060,2026-04-23 01:00:00,long,0.63535,83.94,60.0,637.76,4.041429,med_med_up,False,False,False,False,False,0.0,0.0,50.0,0.0,0.0,0.0,0.0,0.0,50.0,0.0,0.0,-1,0.0,G2_EDGE,reg.buy_ok=False  regime='med_med_up',-1,0.0,0.0,
BNB/USDT,1061,2026-04-23 02:00:00,long,0.60931,84.68,60.0,634.87,4.225714,med_med_flat,True,False,False,False,True,0.0,-0.5673369244778238,34.85123780198089,0.0,0.004266,0.006,0.0,0.0,50.0,0.0,0.0,-1,0.0,G4_EV,ev=0.00427 <= floor=0.00600  meta_conf=0.6093,-1,0.0,0.0,
BNB/USDT,1062,2026-04-23 03:00:00,long,0.6122,87.76,60.0,635.6,3.623571,med_med_flat,True,False,False,False,True,0.0,-0.49391233337712814,35.55070283619368,0.0,0.003154,0.006,0.0,0.0,50.0,0.0,0.0,-1,0.0,G4_EV,ev=0.00315 <= floor=0.00600  meta_conf=0.6122,-1,0.0,0.0,
BNB/USDT,1063,2026-04-23 04:00:00,long,0.62488,82.84,60.0,636.18,3.314286,med_med_flat,True,False,False,False,True,0.0,-0.4363150494153488,40.26331097088705,0.0,0.002835,0.006,0.0,0.0,50.0,0.0,0.0,-1,0.0,G4_EV,ev=0.00283 <= floor=0.00600  meta_conf=0.6249,-1,0.0,0.0,
BNB/USDT,1064,2026-04-23 05:00:00,long,0.61736,81.77,60.0,636.96,3.282857,med_med_flat,True,False,False,False,True,0.0,-0.41871722506500847,40.05277110085682,0.0,0.002587,0.006,0.0,0.0,50.0,0.0,0.0,-1,0.0,G4_EV,ev=0.00259 <= floor=0.00600  meta_conf=0.6174,-1,0.0,0.0,
BNB/USDT,1065,2026-04-23 06:00:00,long,0.60567,82.98,60.0,636.94,2.838571,med_low_flat,True,True,False,False,True,0.0,-0.5125345816024038,49.51739092888268,0.0,0.001462,0.006,0.0,0.0,50.0,0.0,0.0,-1,0.0,G4_EV,ev=0.00146 <= floor=0.00600  meta_conf=0.6057,-1,0.0,0.0,
BNB/USDT,1066,2026-04-23 07:00:00,long,0.60597,83.43,60.0,635.7,2.827143,med_low_flat,True,True,False,False,True,0.0,-0.5564878356316572,48.98489681875884,0.0,0.001456,0.006,0.0,0.0,50.0,0.0,0.0,-1,0.0,G4_EV,ev=0.00146 <= floor=0.00600  meta_conf=0.6060,-1,0.0,0.0,
BNB/USDT,1067,2026-04-23 08:00:00,long,0.60018,81.38,60.0,635.37,2.823571,med_low_down,False,True,False,False,False,0.0,0.0,50.0,0.0,0.0,0.0,0.0,0.0,50.0,0.0,0.0,-1,0.0,G2_EDGE,reg.buy_ok=False  regime='med_low_down',-1,0.0,0.0,
BNB/USDT,1068,2026-04-23 09:00:00,long,0.61903,82.91,60.0,632.85,2.878571,med_low_down,False,True,False,False,False,0.0,0.0,50.0,0.0,0.0,0.0,0.0,0.0,50.0,0.0,0.0,-1,0.0,G2_EDGE,reg.buy_ok=False  regime='med_low_down',-1,0.0,0.0,
BNB/USDT,1069,2026-04-23 10:00:00,long,0.61563,85.17,60.0,631.62,2.779286,med_low_down,False,True,False,False,False,0.0,0.0,50.0,0.0,0.0,0.0,0.0,0.0,50.0,0.0,0.0,-1,0.0,G2_EDGE,reg.buy_ok=False  regime='med_low_down',-1,0.0,0.0,
BNB/USDT,1070,2026-04-23 11:00:00,long,0.61508,85.44,60.0,633.56,2.759286,med_low_down,False,True,False,False,False,0.0,0.0,50.0,0.0,0.0,0.0,0.0,0.0,50.0,0.0,0.0,-1,0.0,G2_EDGE,reg.buy_ok=False  regime='med_low_down',-1,0.0,0.0,
BNB/USDT,1071,2026-04-23 12:00:00,long,0.60956,89.31,60.0,634.7,2.757143,med_low_down,False,True,False,False,False,0.0,0.0,50.0,0.0,0.0,0.0,0.0,0.0,50.0,0.0,0.0,-1,0.0,G2_EDGE,reg.buy_ok=False  regime='med_low_down',-1,0.0,0.0,
BNB/USDT,1072,2026-04-23 13:00:00,long,0.59983,85.42,60.0,635.99,2.644286,med_low_down,False,True,False,False,False,0.0,0.0,50.0,0.0,0.0,0.0,0.0,0.0,50.0,0.0,0.0,-1,0.0,G2_EDGE,reg.buy_ok=False  regime='med_low_down',-1,0.0,0.0,
BNB/USDT,1073,2026-04-23 14:00:00,long,0.573,84.59,60.0,637.01,2.390714,low_low_down,False,False,False,False,False,0.0,0.0,50.0,0.0,0.0,0.0,0.0,0.0,50.0,0.0,0.0,-1,0.0,G2_EDGE,reg.buy_ok=False  regime='low_low_down',-1,0.0,0.0,
BNB/USDT,1074,2026-04-23 15:00:00,long,0.60184,98.51,60.0,639.74,2.523571,low_low_down,False,False,False,False,False,0.0,0.0,50.0,0.0,0.0,0.0,0.0,0.0,50.0,0.0,0.0,-1,0.0,G2_EDGE,reg.buy_ok=False  regime='low_low_down',-1,0.0,0.0,
BNB/USDT,1075,2026-04-23 16:00:00,long,0.57422,91.37,60.0,638.54,2.352143,low_low_flat,True,True,False,False,True,0.0,0.3077670419709265,54.760519861224665,0.0,-7e-06,0.006,0.0,0.0,50.0,0.0,0.0,-1,0.0,G4_EV,ev=-0.00001 <= floor=0.00600  meta_conf=0.5742,-1,0.0,0.0,
BNB/USDT,1076,2026-04-23 17:00:00,long,0.61112,100.0,60.0,633.88,2.718571,low_low_down,False,False,False,False,False,0.0,0.0,50.0,0.0,0.0,0.0,0.0,0.0,50.0,0.0,0.0,-1,0.0,G2_EDGE,reg.buy_ok=False  regime='low_low_down',-1,0.0,0.0,
BNB/USDT,1077,2026-04-23 18:00:00,long,0.60336,84.71,60.0,634.11,2.837857,low_low_down,False,False,False,False,False,0.0,0.0,50.0,0.0,0.0,0.0,0.0,0.0,50.0,0.0,0.0,-1,0.0,G2_EDGE,reg.buy_ok=False  regime='low_low_down',-1,0.0,0.0,
BNB/USDT,1078,2026-04-23 19:00:00,long,0.59001,81.08,60.0,635.91,2.922143,low_low_down,False,False,False,False,False,0.0,0.0,50.0,0.0,0.0,0.0,0.0,0.0,50.0,0.0,0.0,-1,0.0,G2_EDGE,reg.buy_ok=False  regime='low_low_down',-1,0.0,0.0,
BNB/USDT,1079,2026-04-23 20:00:00,long,0.59503,79.21,60.0,637.8,3.000714,low_low_flat,True,True,False,True,True,0.0,0.2555985643441283,53.225382025894994,0.0,0.00154,0.006,0.0,0.0,50.0,0.0,0.0,-1,0.0,G4_EV,ev=0.00154 <= floor=0.00600  meta_conf=0.5950,-1,0.0,0.0,
BNB/USDT,1080,2026-04-23 21:00:00,long,0.62341,78.64,60.0,637.81,3.015,low_low_flat,True,True,False,True,True,0.0,0.4209145302587879,53.41119659073268,0.0,0.002171,0.006,0.0,0.0,50.0,0.0,0.0,-1,0.0,G4_EV,ev=0.00217 <= floor=0.00600  meta_conf=0.6234,-1,0.0,0.0,
BNB/USDT,1081,2026-04-23 22:00:00,long,0.61112,78.26,60.0,638.57,3.005714,low_low_flat,True,True,False,True,True,0.0,0.49861169515409953,53.590493124717696,0.0,0.001884,0.006,0.0,0.0,50.0,0.0,0.0,-1,0.0,G4_EV,ev=0.00188 <= floor=0.00600  meta_conf=0.6111,-1,0.0,0.0,
BNB/USDT,1082,2026-04-23 23:00:00,long,0.60785,80.26,60.0,638.54,2.860714,low_low_flat,True,True,False,True,True,0.0,0.43298035997468554,53.57295249588338,0.0,0.001534,0.006,0.0,0.0,50.0,0.0,0.0,-1,0.0,G4_EV,ev=0.00153 <= floor=0.00600  meta_conf=0.6078,-1,0.0,0.0,
BNB/USDT,1083,2026-04-24 00:00:00,long,0.61418,51.23,60.0,639.92,2.861429,low_low_flat,True,True,False,False,False,0.0,0.0,50.0,0.0,0.0,0.0,0.0,0.0,50.0,0.0,0.0,-1,0.0,G2_EDGE,edge=51.2 < thr=60.0,-1,0.0,0.0,
BNB/USDT,1084,2026-04-24 01:00:00,long,0.58831,58.93,60.0,639.6,2.832857,low_low_flat,True,True,False,False,False,0.0,0.0,50.0,0.0,0.0,0.0,0.0,0.0,50.0,0.0,0.0,-1,0.0,G2_EDGE,edge=58.9 < thr=60.0,-1,0.0,0.0,
BNB/USDT,1085,2026-04-24 02:00:00,long,0.5889,57.84,60.0,636.77,2.845714,low_low_flat,True,True,False,False,False,0.0,0.0,50.0,0.0,0.0,0.0,0.0,0.0,50.0,0.0,0.0,-1,0.0,G2_EDGE,edge=57.8 < thr=60.0,-1,0.0,0.0,
BNB/USDT,1086,2026-04-24 03:00:00,long,0.54449,54.25,60.0,634.61,2.957143,low_low_flat,True,True,False,False,False,0.0,0.0,50.0,0.0,0.0,0.0,0.0,0.0,50.0,0.0,0.0,-1,0.0,G2_EDGE,edge=54.2 < thr=60.0,-1,0.0,0.0,
BNB/USDT,1087,2026-04-24 04:00:00,long,0.52058,52.59,60.0,633.87,2.968571,low_low_flat,True,True,False,False,False,0.0,0.0,50.0,0.0,0.0,0.0,0.0,0.0,50.0,0.0,0.0,-1,0.0,G2_EDGE,edge=52.6 < thr=60.0,-1,0.0,0.0,
BNB/USDT,1088,2026-04-24 05:00:00,long,0.52389,54.13,60.0,634.11,2.859286,low_low_flat,True,True,False,False,False,0.0,0.0,50.0,0.0,0.0,0.0,0.0,0.0,50.0,0.0,0.0,-1,0.0,G2_EDGE,edge=54.1 < thr=60.0,-1,0.0,0.0,
BNB/USDT,1089,2026-04-24 06:00:00,long,0.52894,53.06,60.0,634.56,2.86,low_low_flat,True,True,False,False,False,0.0,0.0,50.0,0.0,0.0,0.0,0.0,0.0,50.0,0.0,0.0,-1,0.0,G2_EDGE,edge=53.1 < thr=60.0,-1,0.0,0.0,
BNB/USDT,1090,2026-04-24 07:00:00,long,0.54449,56.93,60.0,635.0,2.507143,low_low_flat,True,True,False,False,False,0.0,0.0,50.0,0.0,0.0,0.0,0.0,0.0,50.0,0.0,0.0,-1,0.0,G2_EDGE,edge=56.9 < thr=60.0,-1,0.0,0.0,
BNB/USDT,1091,2026-04-24 08:00:00,long,0.57989,63.13,60.0,637.04,2.527857,low_low_flat,True,True,False,True,True,0.0,0.21607862353684462,59.249887472094294,0.0,0.000403,0.006,0.0,0.0,50.0,0.0,0.0,-1,0.0,G4_EV,ev=0.00040 <= floor=0.00600  meta_conf=0.5799,-1,0.0,0.0,
BNB/USDT,1092,2026-04-24 09:00:00,long,0.52813,56.95,60.0,633.97,2.596429,low_low_flat,True,True,False,False,False,0.0,0.0,50.0,0.0,0.0,0.0,0.0,0.0,50.0,0.0,0.0,-1,0.0,G2_EDGE,edge=57.0 < thr=60.0,-1,0.0,0.0,
BNB/USDT,1093,2026-04-24 10:00:00,long,0.52685,51.41,60.0,634.88,2.525,low_low_flat,True,True,False,False,False,0.0,0.0,50.0,0.0,0.0,0.0,0.0,0.0,50.0,0.0,0.0,-1,0.0,G2_EDGE,edge=51.4 < thr=60.0,-1,0.0,0.0,
BNB/USDT,1094,2026-04-24 11:00:00,long,0.57859,64.46,60.0,638.1,2.651429,low_low_up,False,True,False,False,False,0.0,0.0,50.0,0.0,0.0,0.0,0.0,0.0,50.0,0.0,0.0,-1,0.0,G2_EDGE,reg.buy_ok=False  regime='low_low_up',-1,0.0,0.0,
BNB/USDT,1095,2026-04-24 12:00:00,long,0.57603,58.6,60.0,638.56,2.676429,low_low_flat,True,True,False,False,False,0.0,0.0,50.0,0.0,0.0,0.0,0.0,0.0,50.0,0.0,0.0,-1,0.0,G2_EDGE,edge=58.6 < thr=60.0,-1,0.0,0.0,
BNB/USDT,1096,2026-04-24 13:00:00,long,0.56065,68.01,60.0,638.45,2.802857,low_low_flat,True,True,False,True,True,0.0,0.2597177976773233,57.435962407747915,0.0,0.000491,0.006,0.0,0.0,50.0,0.0,0.0,-1,0.0,G4_EV,ev=0.00049 <= floor=0.00600  meta_conf=0.5606,-1,0.0,0.0,
BNB/USDT,1097,2026-04-24 14:00:00,long,0.53221,79.25,60.0,638.23,2.854286,low_low_flat,True,True,False,True,True,0.0,0.24827334479626628,57.428926549481844,0.0,2e-06,0.006,0.0,0.0,50.0,0.0,0.0,-1,0.0,G4_EV,ev=0.00000 <= floor=0.00600  meta_conf=0.5322,-1,0.0,0.0,
BNB/USDT,1098,2026-04-24 15:00:00,long,0.57976,83.44,60.0,639.6,2.949286,low_low_flat,True,True,False,True,True,0.0,0.5664657492876208,57.54344845302797,0.0,0.001113,0.006,0.0,0.0,50.0,0.0,0.0,-1,0.0,G4_EV,ev=0.00111 <= floor=0.00600  meta_conf=0.5798,-1,0.0,0.0,
BNB/USDT,1099,2026-04-24 16:00:00,long,0.53123,63.59,60.0,637.9,2.953571,low_low_flat,True,True,False,True,True,0.0,0.45032032874079253,57.64923134544731,0.0,0.000123,0.006,0.0,0.0,50.0,0.0,0.0,-1,0.0,G4_EV,ev=0.00012 <= floor=0.00600  meta_conf=0.5312,-1,0.0,0.0,
BNB/USDT,1100,2026-04-24 17:00:00,long,0.52675,57.52,60.0,637.76,2.862857,low_low_flat,True,True,False,False,False,0.0,0.0,50.0,0.0,0.0,0.0,0.0,0.0,50.0,0.0,0.0,-1,0.0,G2_EDGE,edge=57.5 < thr=60.0,-1,0.0,0.0,
BNB/USDT,1101,2026-04-24 18:00:00,long,0.52919,52.24,60.0,637.48,2.888571,low_low_flat,True,True,False,False,False,0.0,0.0,50.0,0.0,0.0,0.0,0.0,0.0,50.0,0.0,0.0,-1,0.0,G2_EDGE,edge=52.2 < thr=60.0,-1,0.0,0.0,
BNB/USDT,1102,2026-04-24 19:00:00,long,0.53576,54.26,60.0,638.24,2.854286,low_low_flat,True,True,False,False,False,0.0,0.0,50.0,0.0,0.0,0.0,0.0,0.0,50.0,0.0,0.0,-1,0.0,G2_EDGE,edge=54.3 < thr=60.0,-1,0.0,0.0,
BNB/USDT,1103,2026-04-24 20:00:00,long,0.5285,54.36,60.0,637.99,2.844286,low_low_flat,True,True,False,False,False,0.0,0.0,50.0,0.0,0.0,0.0,0.0,0.0,50.0,0.0,0.0,-1,0.0,G2_EDGE,edge=54.4 < thr=60.0,-1,0.0,0.0,
BNB/USDT,1104,2026-04-24 21:00:00,long,0.52062,54.51,60.0,637.47,2.747143,low_low_flat,True,True,False,False,False,0.0,0.0,50.0,0.0,0.0,0.0,0.0,0.0,50.0,0.0,0.0,-1,0.0,G2_EDGE,edge=54.5 < thr=60.0,-1,0.0,0.0,
BNB/USDT,1105,2026-04-24 22:00:00,short,0.50439,51.44,60.0,636.11,2.672143,low_low_flat,True,True,False,False,False,0.0,0.0,50.0,0.0,0.0,0.0,0.0,0.0,50.0,0.0,0.0,-1,0.0,G2_EDGE,edge=51.4 < thr=60.0,-1,0.0,0.0,
BNB/USDT,1106,2026-04-24 23:00:00,long,0.52248,47.72,60.0,636.21,2.449286,low_low_flat,True,True,False,False,False,0.0,0.0,50.0,0.0,0.0,0.0,0.0,0.0,50.0,0.0,0.0,-1,0.0,G2_EDGE,edge=47.7 < thr=60.0,-1,0.0,0.0,
BNB/USDT,1107,2026-04-25 00:00:00,long,0.52148,53.6,60.0,635.97,2.393571,low_low_flat,True,True,False,False,False,0.0,0.0,50.0,0.0,0.0,0.0,0.0,0.0,50.0,0.0,0.0,-1,0.0,G2_EDGE,edge=53.6 < thr=60.0,-1,0.0,0.0,
BNB/USDT,1108,2026-04-25 01:00:00,short,0.51038,52.25,60.0,637.04,2.230714,low_low_flat,True,True,False,False,False,0.0,0.0,50.0,0.0,0.0,0.0,0.0,0.0,50.0,0.0,0.0,-1,0.0,G2_EDGE,edge=52.2 < thr=60.0,-1,0.0,0.0,
BNB/USDT,1109,2026-04-25 02:00:00,short,0.51696,53.83,60.0,637.68,2.144286,low_low_flat,True,True,False,False,False,0.0,0.0,50.0,0.0,0.0,0.0,0.0,0.0,50.0,0.0,0.0,-1,0.0,G2_EDGE,edge=53.8 < thr=60.0,-1,0.0,0.0,
BNB/USDT,1110,2026-04-25 03:00:00,short,0.53443,55.71,60.0,637.45,1.980714,low_low_flat,True,True,False,False,False,0.0,0.0,50.0,0.0,0.0,0.0,0.0,0.0,50.0,0.0,0.0,-1,0.0,G2_EDGE,edge=55.7 < thr=60.0,-1,0.0,0.0,
BNB/USDT,1111,2026-04-25 04:00:00,short,0.53601,49.72,60.0,637.73,1.831429,low_low_flat,True,True,False,False,False,0.0,0.0,50.0,0.0,0.0,0.0,0.0,0.0,50.0,0.0,0.0,-1,0.0,G2_EDGE,edge=49.7 < thr=60.0,-1,0.0,0.0,
BNB/USDT,1112,2026-04-25 05:00:00,short,0.53705,54.76,60.0,636.7,1.652143,low_low_flat,True,True,False,False,False,0.0,0.0,50.0,0.0,0.0,0.0,0.0,0.0,50.0,0.0,0.0,-1,0.0,G2_EDGE,edge=54.8 < thr=60.0,-1,0.0,0.0,
BNB/USDT,1113,2026-04-25 06:00:00,short,0.53657,52.49,60.0,637.45,1.55,low_low_flat,True,True,False,False,False,0.0,0.0,50.0,0.0,0.0,0.0,0.0,0.0,50.0,0.0,0.0,-1,0.0,G2_EDGE,edge=52.5 < thr=60.0,-1,0.0,0.0,
BNB/USDT,1114,2026-04-25 07:00:00,short,0.53615,58.67,60.0,636.7,1.475714,low_low_flat,True,True,False,False,False,0.0,0.0,50.0,0.0,0.0,0.0,0.0,0.0,50.0,0.0,0.0,-1,0.0,G2_EDGE,edge=58.7 < thr=60.0,-1,0.0,0.0,
BNB/USDT,1115,2026-04-25 08:00:00,short,0.51142,54.5,60.0,638.07,1.440714,low_low_flat,True,True,False,False,False,0.0,0.0,50.0,0.0,0.0,0.0,0.0,0.0,50.0,0.0,0.0,-1,0.0,G2_EDGE,edge=54.5 < thr=60.0,-1,0.0,0.0,
BNB/USDT,1116,2026-04-25 09:00:00,short,0.53507,58.12,60.0,637.65,1.372143,low_low_flat,True,True,False,False,False,0.0,0.0,50.0,0.0,0.0,0.0,0.0,0.0,50.0,0.0,0.0,-1,0.0,G2_EDGE,edge=58.1 < thr=60.0,-1,0.0,0.0,
BNB/USDT,1117,2026-04-25 10:00:00,short,0.53212,49.58,60.0,637.99,1.300714,low_low_flat,True,True,False,False,False,0.0,0.0,50.0,0.0,0.0,0.0,0.0,0.0,50.0,0.0,0.0,-1,0.0,G2_EDGE,edge=49.6 < thr=60.0,-1,0.0,0.0,
BNB/USDT,1118,2026-04-25 11:00:00,short,0.53069,67.62,60.0,634.66,1.465714,low_low_flat,True,True,False,True,True,0.0,-0.3959633152761433,68.12714272976326,-1.0,-0.001949,0.006,0.0,0.0,50.0,0.0,0.0,-1,0.0,G4_EV,ev=-0.00195 <= floor=0.00600  meta_conf=0.5307,-1,0.0,0.0,
BNB/USDT,1119,2026-04-25 12:00:00,short,0.518,68.88,60.0,632.93,1.467143,low_low_flat,True,True,False,True,True,0.0,-0.6073945857660451,55.97995436792631,-1.0,-0.002074,0.006,0.0,0.0,50.0,0.0,0.0,-1,0.0,G4_EV,ev=-0.00207 <= floor=0.00600  meta_conf=0.5180,-1,0.0,0.0,
BNB/USDT,1120,2026-04-25 13:00:00,short,0.50293,82.96,60.0,632.74,1.497857,low_low_flat,True,True,False,True,True,0.0,-0.6921610244763391,53.69847501587779,-1.0,-0.002193,0.006,0.0,0.0,50.0,0.0,0.0,-1,0.0,G4_EV,ev=-0.00219 <= floor=0.00600  meta_conf=0.5029,-1,0.0,0.0,
BNB/USDT,1121,2026-04-25 14:00:00,long,0.56901,70.24,60.0,630.92,1.555714,low_low_down,False,False,False,False,False,0.0,0.0,50.0,0.0,0.0,0.0,0.0,0.0,50.0,0.0,0.0,-1,0.0,G2_EDGE,reg.buy_ok=False  regime='low_low_down',-1,0.0,0.0,
BNB/USDT,1122,2026-04-25 15:00:00,long,0.53358,79.56,60.0,629.91,1.625,low_low_down,False,False,False,False,False,0.0,0.0,50.0,0.0,0.0,0.0,0.0,0.0,50.0,0.0,0.0,-1,0.0,G2_EDGE,reg.buy_ok=False  regime='low_low_down',-1,0.0,0.0,
BNB/USDT,1123,2026-04-25 16:00:00,long,0.53724,83.97,60.0,629.52,1.762143,low_low_down,False,False,False,False,False,0.0,0.0,50.0,0.0,0.0,0.0,0.0,0.0,50.0,0.0,0.0,-1,0.0,G2_EDGE,reg.buy_ok=False  regime='low_low_down',-1,0.0,0.0,
BNB/USDT,1124,2026-04-25 17:00:00,long,0.5366,80.53,60.0,627.41,1.897143,low_low_down,False,False,False,False,False,0.0,0.0,50.0,0.0,0.0,0.0,0.0,0.0,50.0,0.0,0.0,-1,0.0,G2_EDGE,reg.buy_ok=False  regime='low_low_down',-1,0.0,0.0,
BNB/USDT,1125,2026-04-25 18:00:00,long,0.53839,78.33,60.0,628.71,1.969286,low_low_down,False,False,False,False,False,0.0,0.0,50.0,0.0,0.0,0.0,0.0,0.0,50.0,0.0,0.0,-1,0.0,G2_EDGE,reg.buy_ok=False  regime='low_low_down',-1,0.0,0.0,
BNB/USDT,1126,2026-04-25 19:00:00,long,0.52838,75.7,60.0,628.66,1.962857,low_low_down,False,False,False,False,False,0.0,0.0,50.0,0.0,0.0,0.0,0.0,0.0,50.0,0.0,0.0,-1,0.0,G2_EDGE,reg.buy_ok=False  regime='low_low_down',-1,0.0,0.0,
BNB/USDT,1127,2026-04-25 20:00:00,long,0.5256,66.1,60.0,629.33,1.911429,low_low_down,False,False,False,False,False,0.0,0.0,50.0,0.0,0.0,0.0,0.0,0.0,50.0,0.0,0.0,-1,0.0,G2_EDGE,reg.buy_ok=False  regime='low_low_down',-1,0.0,0.0,
BNB/USDT,1128,2026-04-25 21:00:00,long,0.52288,68.66,60.0,629.4,1.905714,low_low_down,False,False,False,False,False,0.0,0.0,50.0,0.0,0.0,0.0,0.0,0.0,50.0,0.0,0.0,-1,0.0,G2_EDGE,reg.buy_ok=False  regime='low_low_down',-1,0.0,0.0,
BNB/USDT,1129,2026-04-25 22:00:00,long,0.51807,67.22,60.0,629.57,1.862143,low_low_down,False,False,False,False,False,0.0,0.0,50.0,0.0,0.0,0.0,0.0,0.0,50.0,0.0,0.0,-1,0.0,G2_EDGE,reg.buy_ok=False  regime='low_low_down',-1,0.0,0.0,
BNB/USDT,1130,2026-04-25 23:00:00,long,0.50595,79.23,60.0,628.53,1.868571,low_low_down,False,False,False,False,False,0.0,0.0,50.0,0.0,0.0,0.0,0.0,0.0,50.0,0.0,0.0,-1,0.0,G2_EDGE,reg.buy_ok=False  regime='low_low_down',-1,0.0,0.0,
BNB/USDT,1131,2026-04-26 00:00:00,long,0.5089,81.64,60.0,628.81,1.94,low_low_down,False,False,False,False,False,0.0,0.0,50.0,0.0,0.0,0.0,0.0,0.0,50.0,0.0,0.0,-1,0.0,G2_EDGE,reg.buy_ok=False  regime='low_low_down',-1,0.0,0.0,
BNB/USDT,1132,2026-04-26 01:00:00,long,0.50326,71.46,60.0,629.77,1.82,low_low_down,False,False,False,False,False,0.0,0.0,50.0,0.0,0.0,0.0,0.0,0.0,50.0,0.0,0.0,-1,0.0,G2_EDGE,reg.buy_ok=False  regime='low_low_down',-1,0.0,0.0,
BNB/USDT,1133,2026-04-26 02:00:00,short,0.50151,75.57,60.0,629.94,1.722143,low_low_down,False,False,False,False,False,0.0,0.0,50.0,0.0,0.0,0.0,0.0,0.0,50.0,0.0,0.0,-1,0.0,G2_EDGE,reg.sell_ok=False  regime='low_low_down',-1,0.0,0.0,
BNB/USDT,1134,2026-04-26 03:00:00,short,0.50887,69.58,60.0,628.63,1.852143,low_low_down,False,False,False,False,False,0.0,0.0,50.0,0.0,0.0,0.0,0.0,0.0,50.0,0.0,0.0,-1,0.0,G2_EDGE,reg.sell_ok=False  regime='low_low_down',-1,0.0,0.0,
BNB/USDT,1135,2026-04-26 04:00:00,long,0.50254,72.54,60.0,630.09,1.885714,low_low_down,False,False,False,False,False,0.0,0.0,50.0,0.0,0.0,0.0,0.0,0.0,50.0,0.0,0.0,-1,0.0,G2_EDGE,reg.buy_ok=False  regime='low_low_down',-1,0.0,0.0,
BNB/USDT,1136,2026-04-26 05:00:00,long,0.529,79.1,60.0,631.62,1.901429,low_low_flat,True,True,False,True,True,0.0,0.08799483175636272,57.29097887728641,0.0,-0.001349,0.006,0.0,0.0,50.0,0.0,0.0,-1,0.0,G4_EV,ev=-0.00135 <= floor=0.00600  meta_conf=0.5290,-1,0.0,0.0,
BNB/USDT,1137,2026-04-26 06:00:00,long,0.52773,75.31,60.0,631.04,1.805,low_low_down,False,False,False,False,False,0.0,0.0,50.0,0.0,0.0,0.0,0.0,0.0,50.0,0.0,0.0,-1,0.0,G2_EDGE,reg.buy_ok=False  regime='low_low_down',-1,0.0,0.0,
BNB/USDT,1138,2026-04-26 07:00:00,long,0.52664,69.71,60.0,632.52,1.732143,low_low_flat,True,True,False,True,True,0.0,0.2522168521253331,57.11432439337304,0.0,-0.001618,0.006,0.0,0.0,50.0,0.0,0.0,-1,0.0,G4_EV,ev=-0.00162 <= floor=0.00600  meta_conf=0.5266,-1,0.0,0.0,
BNB/USDT,1139,2026-04-26 08:00:00,long,0.53217,79.98,60.0,630.6,1.794286,low_low_down,False,False,False,False,False,0.0,0.0,50.0,0.0,0.0,0.0,0.0,0.0,50.0,0.0,0.0,-1,0.0,G2_EDGE,reg.buy_ok=False  regime='low_low_down',-1,0.0,0.0,
BNB/USDT,1140,2026-04-26 09:00:00,long,0.54286,81.26,60.0,631.7,1.871429,low_low_flat,True,True,False,True,True,0.0,0.2243911726006901,56.72610882497718,0.0,-0.001207,0.006,0.0,0.0,50.0,0.0,0.0,-1,0.0,G4_EV,ev=-0.00121 <= floor=0.00600  meta_conf=0.5429,-1,0.0,0.0,
BNB/USDT,1141,2026-04-26 10:00:00,long,0.53136,75.35,60.0,631.44,1.841429,low_low_down,False,False,False,False,False,0.0,0.0,50.0,0.0,0.0,0.0,0.0,0.0,50.0,0.0,0.0,-1,0.0,G2_EDGE,reg.buy_ok=False  regime='low_low_down',-1,0.0,0.0,
BNB/USDT,1142,2026-04-26 11:00:00,short,0.50313,67.56,60.0,632.54,1.872143,low_low_flat,True,True,False,True,True,0.0,0.4911446780660594,56.574113762898115,0.0,-0.001739,0.006,0.0,0.0,50.0,0.0,0.0,-1,0.0,G4_EV,ev=-0.00174 <= floor=0.00600  meta_conf=0.5031,-1,0.0,0.0,
BNB/USDT,1143,2026-04-26 12:00:00,long,0.52879,78.03,60.0,630.97,1.91,low_low_flat,True,True,False,True,True,0.0,0.14430325533596555,56.64442174405799,0.0,-0.001338,0.006,0.0,0.0,50.0,0.0,0.0,-1,0.0,G4_EV,ev=-0.00134 <= floor=0.00600  meta_conf=0.5288,-1,0.0,0.0,
BNB/USDT,1144,2026-04-26 13:00:00,short,0.51049,73.32,60.0,631.37,1.906429,low_low_flat,True,True,False,True,True,0.0,0.26299437372491513,56.69994623906911,0.0,-0.001593,0.006,0.0,0.0,50.0,0.0,0.0,-1,0.0,G4_EV,ev=-0.00159 <= floor=0.00600  meta_conf=0.5105,-1,0.0,0.0,
BNB/USDT,1145,2026-04-26 14:00:00,short,0.51712,71.62,60.0,632.14,1.928571,low_low_flat,True,True,False,True,True,0.0,0.41467392069909564,55.14420683893109,0.0,-0.001477,0.006,0.0,0.0,50.0,0.0,0.0,-1,0.0,G4_EV,ev=-0.00148 <= floor=0.00600  meta_conf=0.5171,-1,0.0,0.0,
BNB/USDT,1146,2026-04-26 15:00:00,short,0.52853,50.7,60.0,632.29,1.867857,low_low_flat,True,True,False,False,False,0.0,0.0,50.0,0.0,0.0,0.0,0.0,0.0,50.0,0.0,0.0,-1,0.0,G2_EDGE,edge=50.7 < thr=60.0,-1,0.0,0.0,
BNB/USDT,1147,2026-04-26 16:00:00,short,0.5248,48.45,60.0,631.15,1.905714,low_low_flat,True,True,False,False,False,0.0,0.0,50.0,0.0,0.0,0.0,0.0,0.0,50.0,0.0,0.0,-1,0.0,G2_EDGE,edge=48.5 < thr=60.0,-1,0.0,0.0,
BNB/USDT,1148,2026-04-26 17:00:00,short,0.53167,44.89,60.0,631.99,1.792857,low_low_up,False,True,False,False,False,0.0,0.0,50.0,0.0,0.0,0.0,0.0,0.0,50.0,0.0,0.0,-1,0.0,G2_EDGE,edge=44.9 < thr=60.0,-1,0.0,0.0,
BNB/USDT,1149,2026-04-26 18:00:00,short,0.52919,54.15,60.0,633.87,1.809286,low_low_up,False,True,False,False,False,0.0,0.0,50.0,0.0,0.0,0.0,0.0,0.0,50.0,0.0,0.0,-1,0.0,G2_EDGE,edge=54.1 < thr=60.0,-1,0.0,0.0,
BNB/USDT,1150,2026-04-26 19:00:00,short,0.51311,69.08,60.0,635.89,1.842143,low_low_up,False,True,False,True,True,0.0,0.7408208627371093,50.421607845611454,1.0,-0.001656,0.006,0.0,0.0,50.0,0.0,0.0,-1,0.0,G4_EV,ev=-0.00166 <= floor=0.00600  meta_conf=0.5131,-1,0.0,0.0,
BNB/USDT,1151,2026-04-26 20:00:00,short,0.53348,46.16,60.0,634.62,1.845,low_low_up,False,True,False,False,False,0.0,0.0,50.0,0.0,0.0,0.0,0.0,0.0,50.0,0.0,0.0,-1,0.0,G2_EDGE,edge=46.2 < thr=60.0,-1,0.0,0.0,
BNB/USDT,1152,2026-04-26 21:00:00,short,0.50456,51.29,60.0,635.7,2.001429,low_low_up,False,True,False,False,False,0.0,0.0,50.0,0.0,0.0,0.0,0.0,0.0,50.0,0.0,0.0,-1,0.0,G2_EDGE,edge=51.3 < thr=60.0,-1,0.0,0.0,
BNB/USDT,1153,2026-04-26 22:00:00,short,0.50864,48.61,60.0,635.02,2.11,low_low_up,False,True,False,False,False,0.0,0.0,50.0,0.0,0.0,0.0,0.0,0.0,50.0,0.0,0.0,-1,0.0,G2_EDGE,edge=48.6 < thr=60.0,-1,0.0,0.0,
BNB/USDT,1154,2026-04-26 23:00:00,long,0.51072,66.64,60.0,635.76,2.155714,low_low_up,False,True,False,False,False,0.0,0.0,50.0,0.0,0.0,0.0,0.0,0.0,50.0,0.0,0.0,-1,0.0,G2_EDGE,reg.buy_ok=False  regime='low_low_up',-1,0.0,0.0,
BNB/USDT,1155,2026-04-27 00:00:00,long,0.5779,49.9,60.0,638.29,2.441429,low_low_up,False,True,False,False,False,0.0,0.0,50.0,0.0,0.0,0.0,0.0,0.0,50.0,0.0,0.0,-1,0.0,G2_EDGE,reg.buy_ok=False  regime='low_low_up',-1,0.0,0.0,
BNB/USDT,1156,2026-04-27 01:00:00,long,0.59456,96.82,60.0,638.49,2.642857,low_low_up,False,True,False,False,False,0.0,0.0,50.0,0.0,0.0,0.0,0.0,0.0,50.0,0.0,0.0,-1,0.0,G2_EDGE,reg.buy_ok=False  regime='low_low_up',-1,0.0,0.0,
BNB/USDT,1157,2026-04-27 02:00:00,long,0.58526,85.3,60.0,638.47,2.677857,low_low_up,False,True,False,False,False,0.0,0.0,50.0,0.0,0.0,0.0,0.0,0.0,50.0,0.0,0.0,-1,0.0,G2_EDGE,reg.buy_ok=False  regime='low_low_up',-1,0.0,0.0,
BNB/USDT,1158,2026-04-27 03:00:00,long,0.58369,64.36,60.0,638.27,2.705,low_low_up,False,True,False,False,False,0.0,0.0,50.0,0.0,0.0,0.0,0.0,0.0,50.0,0.0,0.0,-1,0.0,G2_EDGE,reg.buy_ok=False  regime='low_low_up',-1,0.0,0.0,
BNB/USDT,1159,2026-04-27 04:00:00,long,0.54596,87.22,60.0,636.87,2.711429,low_low_up,False,True,False,False,False,0.0,0.0,50.0,0.0,0.0,0.0,0.0,0.0,50.0,0.0,0.0,-1,0.0,G2_EDGE,reg.buy_ok=False  regime='low_low_up',-1,0.0,0.0,
BNB/USDT,1160,2026-04-27 05:00:00,long,0.50168,100.0,60.0,629.2,3.280714,low_med_flat,False,False,False,False,False,0.0,0.0,50.0,0.0,0.0,0.0,0.0,0.0,50.0,0.0,0.0,-1,0.0,G2_EDGE,reg.buy_ok=False  regime='low_med_flat',-1,0.0,0.0,
BNB/USDT,1161,2026-04-27 06:00:00,long,0.54958,100.0,60.0,627.31,3.499286,low_med_flat,False,False,False,False,False,0.0,0.0,50.0,0.0,0.0,0.0,0.0,0.0,50.0,0.0,0.0,-1,0.0,G2_EDGE,reg.buy_ok=False  regime='low_med_flat',-1,0.0,0.0,
BNB/USDT,1162,2026-04-27 07:00:00,long,0.56268,83.45,60.0,625.87,3.547857,low_med_down,True,False,False,False,True,0.0,-0.6653674384206412,33.2660468520107,0.0,0.00185,0.006,0.0,0.0,50.0,0.0,0.0,-1,0.0,G4_EV,ev=0.00185 <= floor=0.00600  meta_conf=0.5627,-1,0.0,0.0,
BNB/USDT,1163,2026-04-27 08:00:00,long,0.54499,84.18,60.0,628.04,3.561429,low_med_flat,False,False,False,False,False,0.0,0.0,50.0,0.0,0.0,0.0,0.0,0.0,50.0,0.0,0.0,-1,0.0,G2_EDGE,reg.buy_ok=False  regime='low_med_flat',-1,0.0,0.0,
BNB/USDT,1164,2026-04-27 09:00:00,long,0.55137,81.3,60.0,628.49,3.447143,low_med_flat,False,False,False,False,False,0.0,0.0,50.0,0.0,0.0,0.0,0.0,0.0,50.0,0.0,0.0,-1,0.0,G2_EDGE,reg.buy_ok=False  regime='low_med_flat',-1,0.0,0.0,
BNB/USDT,1165,2026-04-27 10:00:00,long,0.57142,78.89,60.0,627.8,3.394286,low_med_flat,False,False,False,False,False,0.0,0.0,50.0,0.0,0.0,0.0,0.0,0.0,50.0,0.0,0.0,-1,0.0,G2_EDGE,reg.buy_ok=False  regime='low_med_flat',-1,0.0,0.0,
BNB/USDT,1166,2026-04-27 11:00:00,long,0.5787,80.38,60.0,627.4,3.216429,low_med_flat,False,False,False,False,False,0.0,0.0,50.0,0.0,0.0,0.0,0.0,0.0,50.0,0.0,0.0,-1,0.0,G2_EDGE,reg.buy_ok=False  regime='low_med_flat',-1,0.0,0.0,
BNB/USDT,1167,2026-04-27 12:00:00,long,0.60249,82.65,60.0,625.79,3.061429,low_low_flat,True,True,False,False,True,0.0,-0.7007141509226795,40.191512171299756,0.0,0.001925,0.006,0.0,0.0,50.0,0.0,0.0,-1,0.0,G4_EV,ev=0.00193 <= floor=0.00600  meta_conf=0.6025,-1,0.0,0.0,
BNB/USDT,1168,2026-04-27 13:00:00,long,0.60981,85.27,60.0,625.49,3.054286,low_low_flat,True,True,False,False,True,0.0,-0.6499547132057646,38.53524831855623,0.0,0.002075,0.006,0.0,0.0,50.0,0.0,0.0,-1,0.0,G4_EV,ev=0.00208 <= floor=0.00600  meta_conf=0.6098,-1,0.0,0.0,
BNB/USDT,1169,2026-04-27 14:00:00,long,0.60506,86.91,60.0,626.29,2.976429,low_low_flat,True,True,False,False,True,0.0,-0.5331985818896772,39.00119051302905,0.0,0.001811,0.006,0.0,0.0,50.0,0.0,0.0,-1,0.0,G4_EV,ev=0.00181 <= floor=0.00600  meta_conf=0.6051,-1,0.0,0.0,
BNB/USDT,1170,2026-04-27 15:00:00,long,0.61914,100.0,60.0,620.94,3.261429,low_med_down,True,False,False,False,True,0.0,-0.7437575745917299,27.651385978649312,-1.0,0.002755,0.006,0.0,0.0,50.0,0.0,0.0,-1,0.0,G4_EV,ev=0.00276 <= floor=0.00600  meta_conf=0.6191,-1,0.0,0.0,
BNB/USDT,1171,2026-04-27 16:00:00,long,0.62603,84.39,60.0,621.5,3.215714,low_med_down,True,False,False,False,True,0.0,-0.6030560332203434,28.107702763571627,0.0,0.002815,0.006,0.0,0.0,50.0,0.0,0.0,-1,0.0,G4_EV,ev=0.00282 <= floor=0.00600  meta_conf=0.6260,-1,0.0,0.0,
BNB/USDT,1172,2026-04-27 17:00:00,long,0.62477,84.83,60.0,623.06,3.282143,med_med_down,True,False,False,False,True,0.0,-0.5282956500265245,30.665631021992024,0.0,0.002908,0.006,0.0,0.0,50.0,0.0,0.0,-1,0.0,G4_EV,ev=0.00291 <= floor=0.00600  meta_conf=0.6248,-1,0.0,0.0,
BNB/USDT,1173,2026-04-27 18:00:00,long,0.61618,81.31,60.0,623.49,3.232857,low_med_down,True,False,False,False,True,0.0,-0.5096461522771033,34.07269203315211,0.0,0.0026,0.006,0.0,0.0,50.0,0.0,0.0,-1,0.0,G4_EV,ev=0.00260 <= floor=0.00600  meta_conf=0.6162,-1,0.0,0.0,
BNB/USDT,1174,2026-04-27 19:00:00,long,0.6099,80.57,60.0,623.53,2.757143,low_low_down,False,False,False,False,False,0.0,0.0,50.0,0.0,0.0,0.0,0.0,0.0,50.0,0.0,0.0,-1,0.0,G2_EDGE,reg.buy_ok=False  regime='low_low_down',-1,0.0,0.0,
BNB/USDT,1175,2026-04-27 20:00:00,long,0.57038,78.08,60.0,623.95,2.494286,low_low_down,False,False,False,False,False,0.0,0.0,50.0,0.0,0.0,0.0,0.0,0.0,50.0,0.0,0.0,-1,0.0,G2_EDGE,reg.buy_ok=False  regime='low_low_down',-1,0.0,0.0,
BNB/USDT,1176,2026-04-27 21:00:00,long,0.57337,78.65,60.0,623.34,2.441429,low_low_down,False,False,False,False,False,0.0,0.0,50.0,0.0,0.0,0.0,0.0,0.0,50.0,0.0,0.0,-1,0.0,G2_EDGE,reg.buy_ok=False  regime='low_low_down',-1,0.0,0.0,
BNB/USDT,1177,2026-04-27 22:00:00,long,0.55273,79.25,60.0,624.78,2.378571,low_low_down,False,False,False,False,False,0.0,0.0,50.0,0.0,0.0,0.0,0.0,0.0,50.0,0.0,0.0,-1,0.0,G2_EDGE,reg.buy_ok=False  regime='low_low_down',-1,0.0,0.0,
BNB/USDT,1178,2026-04-27 23:00:00,long,0.51925,82.47,60.0,626.83,2.476429,low_low_down,False,False,False,False,False,0.0,0.0,50.0,0.0,0.0,0.0,0.0,0.0,50.0,0.0,0.0,-1,0.0,G2_EDGE,reg.buy_ok=False  regime='low_low_down',-1,0.0,0.0,
BNB/USDT,1179,2026-04-28 00:00:00,short,0.54399,64.9,60.0,627.08,2.517143,low_low_down,False,False,False,False,False,0.0,0.0,50.0,0.0,0.0,0.0,0.0,0.0,50.0,0.0,0.0,-1,0.0,G2_EDGE,reg.sell_ok=False  regime='low_low_down',-1,0.0,0.0,
BNB/USDT,1180,2026-04-28 01:00:00,short,0.52623,65.31,60.0,625.82,2.535,low_low_down,False,False,False,False,False,0.0,0.0,50.0,0.0,0.0,0.0,0.0,0.0,50.0,0.0,0.0,-1,0.0,G2_EDGE,reg.sell_ok=False  regime='low_low_down',-1,0.0,0.0,
BNB/USDT,1181,2026-04-28 02:00:00,short,0.51574,68.43,60.0,624.43,2.617857,low_low_down,False,False,False,False,False,0.0,0.0,50.0,0.0,0.0,0.0,0.0,0.0,50.0,0.0,0.0,-1,0.0,G2_EDGE,reg.sell_ok=False  regime='low_low_down',-1,0.0,0.0,
BNB/USDT,1182,2026-04-28 03:00:00,short,0.52166,65.74,60.0,624.52,2.501429,low_low_down,False,False,False,False,False,0.0,0.0,50.0,0.0,0.0,0.0,0.0,0.0,50.0,0.0,0.0,-1,0.0,G2_EDGE,reg.sell_ok=False  regime='low_low_down',-1,0.0,0.0,
BNB/USDT,1183,2026-04-28 04:00:00,short,0.57258,69.59,60.0,625.51,2.398571,low_low_down,False,False,False,False,False,0.0,0.0,50.0,0.0,0.0,0.0,0.0,0.0,50.0,0.0,0.0,-1,0.0,G2_EDGE,reg.sell_ok=False  regime='low_low_down',-1,0.0,0.0,
BNB/USDT,1184,2026-04-28 05:00:00,short,0.54862,68.02,60.0,624.75,1.978571,low_low_flat,True,True,False,False,True,0.0,-0.12218983783269359,62.4829640715477,0.0,-0.000932,0.006,0.0,0.0,50.0,0.0,0.0,-1,0.0,G4_EV,ev=-0.00093 <= floor=0.00600  meta_conf=0.5486,-1,0.0,0.0,
BNB/USDT,1185,2026-04-28 06:00:00,long,0.51516,79.02,60.0,623.16,2.055,low_low_flat,True,True,False,True,True,0.0,-0.24054999119315681,64.10228450027581,0.0,-0.001302,0.006,0.0,0.0,50.0,0.0,0.0,-1,0.0,G4_EV,ev=-0.00130 <= floor=0.00600  meta_conf=0.5152,-1,0.0,0.0,
BNB/USDT,1186,2026-04-28 07:00:00,short,0.54508,82.86,60.0,624.26,2.062857,low_low_flat,True,True,False,True,True,0.0,-0.15693977802147696,62.78424522445372,0.0,-0.000851,0.006,0.0,0.0,50.0,0.0,0.0,-1,0.0,G4_EV,ev=-0.00085 <= floor=0.00600  meta_conf=0.5451,-1,0.0,0.0,
BNB/USDT,1187,2026-04-28 08:00:00,short,0.54389,55.63,60.0,624.54,2.074286,low_low_flat,True,True,False,False,False,0.0,0.0,50.0,0.0,0.0,0.0,0.0,0.0,50.0,0.0,0.0,-1,0.0,G2_EDGE,edge=55.6 < thr=60.0,-1,0.0,0.0,
BNB/USDT,1188,2026-04-28 09:00:00,short,0.56253,61.81,60.0,622.97,2.07,low_low_flat,True,True,False,True,True,0.0,-0.5390941360857102,65.94730942465709,0.0,-0.000573,0.006,0.0,0.0,50.0,0.0,0.0,-1,0.0,G4_EV,ev=-0.00057 <= floor=0.00600  meta_conf=0.5625,-1,0.0,0.0,
BNB/USDT,1189,2026-04-28 10:00:00,short,0.54353,61.94,60.0,622.71,2.111429,low_low_flat,True,True,False,True,True,0.0,-0.5993714188858055,65.49968482185908,0.0,-0.000793,0.006,0.0,0.0,50.0,0.0,0.0,-1,0.0,G4_EV,ev=-0.00079 <= floor=0.00600  meta_conf=0.5435,-1,0.0,0.0,
BNB/USDT,1190,2026-04-28 11:00:00,short,0.51137,62.36,60.0,621.85,2.14,low_low_flat,True,True,False,True,True,0.0,-0.5374973957117372,61.065130009179136,0.0,-0.001243,0.006,0.0,0.0,50.0,0.0,0.0,-1,0.0,G4_EV,ev=-0.00124 <= floor=0.00600  meta_conf=0.5114,-1,0.0,0.0,
BNB/USDT,1191,2026-04-28 12:00:00,short,0.55285,63.98,60.0,623.26,2.17,low_low_flat,True,True,False,True,True,0.0,-0.3403642119408258,60.34377834724139,0.0,-0.000561,0.006,0.0,0.0,50.0,0.0,0.0,-1,0.0,G4_EV,ev=-0.00056 <= floor=0.00600  meta_conf=0.5528,-1,0.0,0.0,
BNB/USDT,1192,2026-04-28 13:00:00,long,0.50928,69.88,60.0,622.22,2.175714,low_low_flat,True,True,False,True,True,0.0,-0.5889797470323727,56.666064128211666,0.0,-0.001231,0.006,0.0,0.0,50.0,0.0,0.0,-1,0.0,G4_EV,ev=-0.00123 <= floor=0.00600  meta_conf=0.5093,-1,0.0,0.0,
BNB/USDT,1193,2026-04-28 14:00:00,short,0.55532,82.21,60.0,622.29,2.298571,low_low_flat,True,True,False,True,True,0.0,-0.4537716830656864,51.08682378033763,0.0,-0.00031,0.006,0.0,0.0,50.0,0.0,0.0,-1,0.0,G4_EV,ev=-0.00031 <= floor=0.00600  meta_conf=0.5553,-1,0.0,0.0,
BNB/USDT,1194,2026-04-28 15:00:00,short,0.57265,63.92,60.0,622.82,2.269286,low_low_flat,True,True,False,True,True,0.0,-0.4109967719010534,52.97805028719666,0.0,-7.6e-05,0.006,0.0,0.0,50.0,0.0,0.0,-1,0.0,G4_EV,ev=-0.00008 <= floor=0.00600  meta_conf=0.5727,-1,0.0,0.0,
BNB/USDT,1195,2026-04-28 16:00:00,short,0.57244,59.87,60.0,623.48,2.155714,low_low_flat,True,True,False,False,False,0.0,0.0,50.0,0.0,0.0,0.0,0.0,0.0,50.0,0.0,0.0,-1,0.0,G2_EDGE,edge=59.9 < thr=60.0,-1,0.0,0.0,
BNB/USDT,1196,2026-04-28 17:00:00,short,0.56769,58.09,60.0,623.52,2.180714,low_low_flat,True,True,False,False,False,0.0,0.0,50.0,0.0,0.0,0.0,0.0,0.0,50.0,0.0,0.0,-1,0.0,G2_EDGE,edge=58.1 < thr=60.0,-1,0.0,0.0,
BNB/USDT,1197,2026-04-28 18:00:00,short,0.57775,54.19,60.0,623.73,2.097857,low_low_flat,True,True,False,False,False,0.0,0.0,50.0,0.0,0.0,0.0,0.0,0.0,50.0,0.0,0.0,-1,0.0,G2_EDGE,edge=54.2 < thr=60.0,-1,0.0,0.0,
BNB/USDT,1198,2026-04-28 19:00:00,short,0.58337,53.52,60.0,624.17,2.036429,low_low_flat,True,True,False,False,False,0.0,0.0,50.0,0.0,0.0,0.0,0.0,0.0,50.0,0.0,0.0,-1,0.0,G2_EDGE,edge=53.5 < thr=60.0,-1,0.0,0.0,
BNB/USDT,1199,2026-04-28 20:00:00,short,0.54123,51.68,60.0,624.28,1.882857,low_low_flat,True,True,False,False,False,0.0,0.0,50.0,0.0,0.0,0.0,0.0,0.0,50.0,0.0,0.0,-1,0.0,G2_EDGE,edge=51.7 < thr=60.0,-1,0.0,0.0,
BNB/USDT,1200,2026-04-28 21:00:00,short,0.53932,52.95,60.0,623.61,1.812857,low_low_flat,True,True,False,False,False,0.0,0.0,50.0,0.0,0.0,0.0,0.0,0.0,50.0,0.0,0.0,-1,0.0,G2_EDGE,edge=53.0 < thr=60.0,-1,0.0,0.0,
BNB/USDT,1201,2026-04-28 22:00:00,short,0.5704,54.24,60.0,623.24,1.798571,low_low_flat,True,True,False,False,False,0.0,0.0,50.0,0.0,0.0,0.0,0.0,0.0,50.0,0.0,0.0,-1,0.0,G2_EDGE,edge=54.2 < thr=60.0,-1,0.0,0.0,
BNB/USDT,1202,2026-04-28 23:00:00,short,0.54407,47.68,60.0,624.55,1.74,low_low_flat,True,True,False,False,False,0.0,0.0,50.0,0.0,0.0,0.0,0.0,0.0,50.0,0.0,0.0,-1,0.0,G2_EDGE,edge=47.7 < thr=60.0,-1,0.0,0.0,
BNB/USDT,1203,2026-04-29 00:00:00,short,0.54586,69.98,60.0,624.6,1.734286,low_low_flat,True,True,False,True,True,0.0,0.36362898449925585,59.604904374632305,0.0,-0.001344,0.006,0.0,0.0,50.0,0.0,0.0,-1,0.0,G4_EV,ev=-0.00134 <= floor=0.00600  meta_conf=0.5459,-1,0.0,0.0,
BNB/USDT,1204,2026-04-29 01:00:00,short,0.54924,72.16,60.0,624.72,1.807143,low_low_flat,True,True,False,True,True,0.0,0.3454517776863139,56.55816106099438,0.0,-0.001189,0.006,0.0,0.0,50.0,0.0,0.0,-1,0.0,G4_EV,ev=-0.00119 <= floor=0.00600  meta_conf=0.5492,-1,0.0,0.0,
BNB/USDT,1205,2026-04-29 02:00:00,short,0.55397,73.43,60.0,624.18,1.755714,low_low_flat,True,True,False,True,True,0.0,0.2144243528020768,55.99655358802948,0.0,-0.001207,0.006,0.0,0.0,50.0,0.0,0.0,-1,0.0,G4_EV,ev=-0.00121 <= floor=0.00600  meta_conf=0.5540,-1,0.0,0.0,
BNB/USDT,1206,2026-04-29 03:00:00,short,0.54108,58.87,60.0,626.05,1.722143,low_low_flat,True,True,False,False,False,0.0,0.0,50.0,0.0,0.0,0.0,0.0,0.0,50.0,0.0,0.0,-1,0.0,G2_EDGE,edge=58.9 < thr=60.0,-1,0.0,0.0,
BNB/USDT,1207,2026-04-29 04:00:00,short,0.5182,68.75,60.0,627.86,1.737143,low_low_flat,True,True,False,True,True,0.0,0.6894757509946398,52.488415549315235,1.0,-0.001698,0.006,0.0,0.0,50.0,0.0,0.0,-1,0.0,G4_EV,ev=-0.00170 <= floor=0.00600  meta_conf=0.5182,-1,0.0,0.0,
BNB/USDT,1208,2026-04-29 05:00:00,short,0.51947,53.31,60.0,627.35,1.736429,low_low_flat,True,True,False,False,False,0.0,0.0,50.0,0.0,0.0,0.0,0.0,0.0,50.0,0.0,0.0,-1,0.0,G2_EDGE,edge=53.3 < thr=60.0,-1,0.0,0.0,
BNB/USDT,1209,2026-04-29 06:00:00,short,0.53198,54.49,60.0,626.06,1.761429,low_low_flat,True,True,False,False,False,0.0,0.0,50.0,0.0,0.0,0.0,0.0,0.0,50.0,0.0,0.0,-1,0.0,G2_EDGE,edge=54.5 < thr=60.0,-1,0.0,0.0,
BNB/USDT,1210,2026-04-29 07:00:00,short,0.54356,72.26,60.0,625.13,1.772857,low_low_flat,True,True,False,True,True,0.0,0.32522187259132335,55.05266145727037,0.0,-0.001317,0.006,0.0,0.0,50.0,0.0,0.0,-1,0.0,G4_EV,ev=-0.00132 <= floor=0.00600  meta_conf=0.5436,-1,0.0,0.0,
BNB/USDT,1211,2026-04-29 08:00:00,short,0.54146,58.59,60.0,625.62,1.798571,low_low_flat,True,True,False,False,False,0.0,0.0,50.0,0.0,0.0,0.0,0.0,0.0,50.0,0.0,0.0,-1,0.0,G2_EDGE,edge=58.6 < thr=60.0,-1,0.0,0.0,
BNB/USDT,1212,2026-04-29 09:00:00,short,0.52326,67.38,60.0,629.05,2.003571,low_low_up,False,True,False,True,False,0.0,0.6729620954269443,48.932031705342006,1.0,-0.001278,0.006,0.0,0.0,50.0,0.0,0.0,-1,0.0,G4_EV,ev=-0.00128 <= floor=0.00600  meta_conf=0.5233,-1,0.0,0.0,
BNB/USDT,1213,2026-04-29 10:00:00,short,0.52316,55.41,60.0,627.85,2.105714,low_low_up,False,True,False,False,False,0.0,0.0,50.0,0.0,0.0,0.0,0.0,0.0,50.0,0.0,0.0,-1,0.0,G2_EDGE,edge=55.4 < thr=60.0,-1,0.0,0.0,
BNB/USDT,1214,2026-04-29 11:00:00,short,0.5564,74.6,60.0,626.02,2.135714,low_low_flat,True,True,False,True,True,0.0,0.2945418436153969,48.87833915126292,0.0,-0.000576,0.006,0.0,0.0,50.0,0.0,0.0,-1,0.0,G4_EV,ev=-0.00058 <= floor=0.00600  meta_conf=0.5564,-1,0.0,0.0,
BNB/USDT,1215,2026-04-29 12:00:00,short,0.56991,64.89,60.0,623.88,2.304286,low_low_flat,True,True,False,True,True,0.0,-0.05368881177269783,47.681071208773446,0.0,-6.8e-05,0.006,0.0,0.0,50.0,0.0,0.0,-1,0.0,G4_EV,ev=-0.00007 <= floor=0.00600  meta_conf=0.5699,-1,0.0,0.0,
BNB/USDT,1216,2026-04-29 13:00:00,short,0.55517,65.44,60.0,622.17,2.482143,low_low_flat,True,True,False,True,True,0.0,-0.4495108308355569,39.02192321548176,-1.0,-1.7e-05,0.006,0.0,0.0,50.0,0.0,0.0,-1,0.0,G4_EV,ev=-0.00002 <= floor=0.00600  meta_conf=0.5552,-1,0.0,0.0,
BNB/USDT,1217,2026-04-29 14:00:00,short,0.54062,66.41,60.0,621.13,2.545714,low_low_flat,True,True,False,True,True,0.0,-0.6714491539622133,40.14980132050929,0.0,-0.000177,0.006,0.0,0.0,50.0,0.0,0.0,-1,0.0,G4_EV,ev=-0.00018 <= floor=0.00600  meta_conf=0.5406,-1,0.0,0.0,
BNB/USDT,1218,2026-04-29 15:00:00,long,0.53452,80.7,60.0,616.51,2.765714,low_low_down,False,False,False,False,False,0.0,0.0,50.0,0.0,0.0,0.0,0.0,0.0,50.0,0.0,0.0,-1,0.0,G2_EDGE,reg.buy_ok=False  regime='low_low_down',-1,0.0,0.0,
BNB/USDT,1219,2026-04-29 16:00:00,long,0.52603,62.48,60.0,617.73,2.773571,low_low_flat,True,True,False,False,True,0.0,-0.6118564655920876,28.077953141705805,0.0,-0.000107,0.006,0.0,0.0,50.0,0.0,0.0,-1,0.0,G4_EV,ev=-0.00011 <= floor=0.00600  meta_conf=0.5260,-1,0.0,0.0,
BNB/USDT,1220,2026-04-29 17:00:00,short,0.54008,53.63,60.0,619.92,2.749286,low_low_flat,True,True,False,False,False,0.0,0.0,50.0,0.0,0.0,0.0,0.0,0.0,50.0,0.0,0.0,-1,0.0,G2_EDGE,edge=53.6 < thr=60.0,-1,0.0,0.0,
BNB/USDT,1221,2026-04-29 18:00:00,long,0.53179,100.0,60.0,613.76,3.215,low_med_down,True,False,False,False,True,0.0,-0.746462774159701,19.238688961341282,-1.0,0.000678,0.006,0.0,0.0,50.0,0.0,0.0,-1,0.0,G4_EV,ev=0.00068 <= floor=0.00600  meta_conf=0.5318,-1,0.0,0.0,
BNB/USDT,1222,2026-04-29 19:00:00,long,0.53798,78.34,60.0,613.31,3.28,low_med_down,True,False,False,False,True,0.0,-0.7017661838199172,21.015634431815432,0.0,0.000925,0.006,0.0,0.0,50.0,0.0,0.0,-1,0.0,G4_EV,ev=0.00092 <= floor=0.00600  meta_conf=0.5380,-1,0.0,0.0,
BNB/USDT,1223,2026-04-29 20:00:00,long,0.52808,79.63,60.0,615.39,3.352143,low_med_down,True,False,False,False,True,0.0,-0.5410779707069416,22.76363134116691,0.0,0.000774,0.006,0.0,0.0,50.0,0.0,0.0,-1,0.0,G4_EV,ev=0.00077 <= floor=0.00600  meta_conf=0.5281,-1,0.0,0.0,
BNB/USDT,1224,2026-04-29 21:00:00,long,0.51813,78.79,60.0,617.19,3.482143,low_med_down,True,False,False,False,True,0.0,-0.5130216030704147,24.55618245102871,0.0,0.000692,0.006,0.0,0.0,50.0,0.0,0.0,-1,0.0,G4_EV,ev=0.00069 <= floor=0.00600  meta_conf=0.5181,-1,0.0,0.0,
BNB/USDT,1225,2026-04-29 22:00:00,long,0.52333,77.46,60.0,618.03,3.500714,low_med_flat,False,False,False,False,False,0.0,0.0,50.0,0.0,0.0,0.0,0.0,0.0,50.0,0.0,0.0,-1,0.0,G2_EDGE,reg.buy_ok=False  regime='low_med_flat',-1,0.0,0.0,
BNB/USDT,1226,2026-04-29 23:00:00,long,0.54387,77.84,60.0,617.39,3.309286,low_med_down,True,False,False,False,True,0.0,-0.5670965491707222,27.518263437661496,0.0,0.001078,0.006,0.0,0.0,50.0,0.0,0.0,-1,0.0,G4_EV,ev=0.00108 <= floor=0.00600  meta_conf=0.5439,-1,0.0,0.0,
BNB/USDT,1227,2026-04-30 00:00:00,long,0.60885,77.15,60.0,620.28,3.447143,low_med_flat,False,False,False,False,False,0.0,0.0,50.0,0.0,0.0,0.0,0.0,0.0,50.0,0.0,0.0,-1,0.0,G2_EDGE,reg.buy_ok=False  regime='low_med_flat',-1,0.0,0.0,
BNB/USDT,1228,2026-04-30 01:00:00,long,0.60439,82.27,60.0,619.23,3.392143,low_med_flat,False,False,False,False,False,0.0,0.0,50.0,0.0,0.0,0.0,0.0,0.0,50.0,0.0,0.0,-1,0.0,G2_EDGE,reg.buy_ok=False  regime='low_med_flat',-1,0.0,0.0,
BNB/USDT,1229,2026-04-30 02:00:00,long,0.59842,85.03,60.0,617.43,3.412143,low_med_down,True,False,False,False,True,0.0,-0.42073744495022747,43.30141382778217,0.0,0.002592,0.006,0.0,0.0,50.0,0.0,0.0,-1,0.0,G4_EV,ev=0.00259 <= floor=0.00600  meta_conf=0.5984,-1,0.0,0.0,
BNB/USDT,1230,2026-04-30 03:00:00,long,0.59407,83.91,60.0,617.88,3.22,low_med_down,True,False,False,False,True,0.0,-0.20960150804193314,47.76537597387525,0.0,0.002115,0.006,0.0,0.0,50.0,0.0,0.0,-1,0.0,G4_EV,ev=0.00211 <= floor=0.00600  meta_conf=0.5941,-1,0.0,0.0,
BNB/USDT,1231,2026-04-30 04:00:00,long,0.58843,81.98,60.0,614.66,3.308571,low_med_down,True,False,False,False,True,0.0,-0.5429263161461683,53.31571011077003,0.0,0.002179,0.006,0.0,0.0,50.0,0.0,0.0,-1,0.0,G4_EV,ev=0.00218 <= floor=0.00600  meta_conf=0.5884,-1,0.0,0.0,
BNB/USDT,1232,2026-04-30 05:00:00,long,0.60942,89.07,60.0,616.35,3.107857,low_low_down,False,False,False,False,False,0.0,0.0,50.0,0.0,0.0,0.0,0.0,0.0,50.0,0.0,0.0,-1,0.0,G2_EDGE,reg.buy_ok=False  regime='low_low_down',-1,0.0,0.0,
BNB/USDT,1233,2026-04-30 06:00:00,long,0.58699,85.21,60.0,615.64,3.070714,low_low_down,False,False,False,False,False,0.0,0.0,50.0,0.0,0.0,0.0,0.0,0.0,50.0,0.0,0.0,-1,0.0,G2_EDGE,reg.buy_ok=False  regime='low_low_down',-1,0.0,0.0,
BNB/USDT,1234,2026-04-30 07:00:00,long,0.54271,89.37,60.0,617.5,3.103571,low_low_down,False,False,False,False,False,0.0,0.0,50.0,0.0,0.0,0.0,0.0,0.0,50.0,0.0,0.0,-1,0.0,G2_EDGE,reg.buy_ok=False  regime='low_low_down',-1,0.0,0.0,
BNB/USDT,1235,2026-04-30 08:00:00,long,0.6369,87.89,60.0,616.61,2.508571,low_low_down,False,False,False,False,False,0.0,0.0,50.0,0.0,0.0,0.0,0.0,0.0,50.0,0.0,0.0,-1,0.0,G2_EDGE,reg.buy_ok=False  regime='low_low_down',-1,0.0,0.0,
BNB/USDT,1236,2026-04-30 09:00:00,long,0.60392,85.99,60.0,616.9,2.515,low_low_down,False,False,False,False,False,0.0,0.0,50.0,0.0,0.0,0.0,0.0,0.0,50.0,0.0,0.0,-1,0.0,G2_EDGE,reg.buy_ok=False  regime='low_low_down',-1,0.0,0.0,
BNB/USDT,1237,2026-04-30 10:00:00,long,0.62357,85.45,60.0,615.84,2.41,low_low_down,False,False,False,False,False,0.0,0.0,50.0,0.0,0.0,0.0,0.0,0.0,50.0,0.0,0.0,-1,0.0,G2_EDGE,reg.buy_ok=False  regime='low_low_down',-1,0.0,0.0,
BNB/USDT,1238,2026-04-30 11:00:00,long,0.58241,86.09,60.0,615.63,2.367143,low_low_down,False,False,False,False,False,0.0,0.0,50.0,0.0,0.0,0.0,0.0,0.0,50.0,0.0,0.0,-1,0.0,G2_EDGE,reg.buy_ok=False  regime='low_low_down',-1,0.0,0.0,
BNB/USDT,1239,2026-04-30 12:00:00,long,0.58523,84.13,60.0,615.28,2.382857,low_low_down,False,False,False,False,False,0.0,0.0,50.0,0.0,0.0,0.0,0.0,0.0,50.0,0.0,0.0,-1,0.0,G2_EDGE,reg.buy_ok=False  regime='low_low_down',-1,0.0,0.0,
BNB/USDT,1240,2026-04-30 13:00:00,long,0.58938,74.03,60.0,615.6,2.457143,low_low_down,False,False,False,False,False,0.0,0.0,50.0,0.0,0.0,0.0,0.0,0.0,50.0,0.0,0.0,-1,0.0,G2_EDGE,reg.buy_ok=False  regime='low_low_down',-1,0.0,0.0,
BNB/USDT,1241,2026-04-30 14:00:00,long,0.51043,94.93,60.0,616.43,2.375,low_low_flat,True,True,False,True,True,0.0,-0.1568820992953923,65.3702880910218,0.0,-0.00093,0.006,0.0,0.0,50.0,0.0,0.0,-1,0.0,G4_EV,ev=-0.00093 <= floor=0.00600  meta_conf=0.5104,-1,0.0,0.0,
BNB/USDT,1242,2026-04-30 15:00:00,long,0.52752,79.28,60.0,617.1,2.450714,low_low_flat,True,True,False,True,True,0.0,-0.013219469886041446,66.38596804939884,0.0,-0.00053,0.006,0.0,0.0,50.0,0.0,0.0,-1,0.0,G4_EV,ev=-0.00053 <= floor=0.00600  meta_conf=0.5275,-1,0.0,0.0,
BNB/USDT,1243,2026-04-30 16:00:00,long,0.52136,71.77,60.0,616.33,2.236429,low_low_flat,True,True,False,True,True,0.0,-0.14127256518581394,74.29837360315437,0.0,-0.00093,0.006,0.0,0.0,50.0,0.0,0.0,-1,0.0,G4_EV,ev=-0.00093 <= floor=0.00600  meta_conf=0.5214,-1,0.0,0.0,
BNB/USDT,1244,2026-04-30 17:00:00,long,0.51145,72.73,60.0,617.11,2.245,low_low_flat,True,True,False,True,True,0.0,0.06305457572968248,73.30050523994615,0.0,-0.001084,0.006,0.0,0.0,50.0,0.0,0.0,-1,0.0,G4_EV,ev=-0.00108 <= floor=0.00600  meta_conf=0.5114,-1,0.0,0.0,
BNB/USDT,1245,2026-04-30 18:00:00,short,0.50086,68.34,60.0,617.56,2.110714,low_low_flat,True,True,False,True,True,0.0,0.15034803941765806,72.03744910220502,0.0,-0.001423,0.006,0.0,0.0,50.0,0.0,0.0,-1,0.0,G4_EV,ev=-0.00142 <= floor=0.00600  meta_conf=0.5009,-1,0.0,0.0,
BNB/USDT,1246,2026-04-30 19:00:00,short,0.51308,66.95,60.0,618.45,2.008571,low_low_up,False,True,False,True,True,0.0,0.40252928359334517,70.98387839997983,0.0,-0.001373,0.006,0.0,0.0,50.0,0.0,0.0,-1,0.0,G4_EV,ev=-0.00137 <= floor=0.00600  meta_conf=0.5131,-1,0.0,0.0,
BNB/USDT,1247,2026-04-30 20:00:00,short,0.51031,69.49,60.0,617.74,1.98,low_low_flat,True,True,False,True,True,0.0,0.08937563674311032,69.7572279268657,0.0,-0.001447,0.006,0.0,0.0,50.0,0.0,0.0,-1,0.0,G4_EV,ev=-0.00145 <= floor=0.00600  meta_conf=0.5103,-1,0.0,0.0,
BNB/USDT,1248,2026-04-30 21:00:00,short,0.52493,74.57,60.0,616.01,1.912143,low_low_flat,True,True,False,True,True,0.0,-0.35529405596685343,68.37031253907462,0.0,-0.001324,0.006,0.0,0.0,50.0,0.0,0.0,-1,0.0,G4_EV,ev=-0.00132 <= floor=0.00600  meta_conf=0.5249,-1,0.0,0.0,
BNB/USDT,1249,2026-04-30 22:00:00,short,0.51438,76.75,60.0,615.08,1.898571,low_low_flat,True,True,False,True,True,0.0,-0.4807978978537412,67.64007873624168,0.0,-0.001485,0.006,0.0,0.0,50.0,0.0,0.0,-1,0.0,G4_EV,ev=-0.00149 <= floor=0.00600  meta_conf=0.5144,-1,0.0,0.0,
BNB/USDT,1250,2026-04-30 23:00:00,short,0.52219,75.19,60.0,615.38,1.802857,low_low_flat,True,True,False,True,True,0.0,-0.3855720206888806,66.76937423916591,0.0,-0.00151,0.006,0.0,0.0,50.0,0.0,0.0,-1,0.0,G4_EV,ev=-0.00151 <= floor=0.00600  meta_conf=0.5222,-1,0.0,0.0,
BNB/USDT,1251,2026-05-01 00:00:00,short,0.52211,78.82,60.0,615.57,1.792857,low_low_flat,True,True,False,True,True,0.0,-0.32417312160657796,65.99829339514588,0.0,-0.001526,0.006,0.0,0.0,50.0,0.0,0.0,-1,0.0,G4_EV,ev=-0.00153 <= floor=0.00600  meta_conf=0.5221,-1,0.0,0.0,
BNB/USDT,1252,2026-05-01 01:00:00,short,0.52065,71.3,60.0,617.51,1.727857,low_low_flat,True,True,False,True,True,0.0,0.16370278369269137,65.1826482197893,0.0,-0.001641,0.006,0.0,0.0,50.0,0.0,0.0,-1,0.0,G4_EV,ev=-0.00164 <= floor=0.00600  meta_conf=0.5207,-1,0.0,0.0,
BNB/USDT,1253,2026-05-01 02:00:00,short,0.52949,78.1,60.0,617.18,1.673571,low_low_flat,True,True,False,True,True,0.0,0.06385736995564847,64.25665940551833,0.0,-0.001606,0.006,0.0,0.0,50.0,0.0,0.0,-1,0.0,G4_EV,ev=-0.00161 <= floor=0.00600  meta_conf=0.5295,-1,0.0,0.0,
BNB/USDT,1254,2026-05-01 03:00:00,short,0.53317,92.09,60.0,618.5,1.804286,low_low_flat,True,True,False,True,True,0.0,0.4250354121440218,48.89432879812769,0.0,-0.001377,0.006,0.0,0.0,50.0,0.0,0.0,-1,0.0,G4_EV,ev=-0.00138 <= floor=0.00600  meta_conf=0.5332,-1,0.0,0.0,
BNB/USDT,1255,2026-05-01 04:00:00,short,0.54893,57.63,60.0,617.1,1.744286,low_low_flat,True,True,False,False,False,0.0,0.0,50.0,0.0,0.0,0.0,0.0,0.0,50.0,0.0,0.0,-1,0.0,G2_EDGE,edge=57.6 < thr=60.0,-1,0.0,0.0,
BNB/USDT,1256,2026-05-01 05:00:00,short,0.55464,50.82,60.0,617.9,1.667857,low_low_flat,True,True,False,False,False,0.0,0.0,50.0,0.0,0.0,0.0,0.0,0.0,50.0,0.0,0.0,-1,0.0,G2_EDGE,edge=50.8 < thr=60.0,-1,0.0,0.0,
BNB/USDT,1257,2026-05-01 06:00:00,short,0.54402,56.53,60.0,616.66,1.752857,low_low_flat,True,True,False,False,False,0.0,0.0,50.0,0.0,0.0,0.0,0.0,0.0,50.0,0.0,0.0,-1,0.0,G2_EDGE,edge=56.5 < thr=60.0,-1,0.0,0.0,
BNB/USDT,1258,2026-05-01 07:00:00,short,0.53269,55.83,60.0,617.42,1.743571,low_low_flat,True,True,False,False,False,0.0,0.0,50.0,0.0,0.0,0.0,0.0,0.0,50.0,0.0,0.0,-1,0.0,G2_EDGE,edge=55.8 < thr=60.0,-1,0.0,0.0,
BNB/USDT,1259,2026-05-01 08:00:00,short,0.52379,70.16,60.0,618.67,1.803571,low_low_flat,True,True,False,True,True,0.0,0.5007448459481518,51.514995972346846,0.0,-0.001502,0.006,0.0,0.0,50.0,0.0,0.0,-1,0.0,G4_EV,ev=-0.00150 <= floor=0.00600  meta_conf=0.5238,-1,0.0,0.0,
BNB/USDT,1260,2026-05-01 09:00:00,short,0.53748,77.75,60.0,616.87,1.85,low_low_flat,True,True,False,True,True,0.0,-0.01970095249920883,51.27687435667554,0.0,-0.001245,0.006,0.0,0.0,50.0,0.0,0.0,-1,0.0,G4_EV,ev=-0.00124 <= floor=0.00600  meta_conf=0.5375,-1,0.0,0.0,
BNB/USDT,1261,2026-05-01 10:00:00,short,0.51005,83.06,60.0,617.4,1.892143,low_low_flat,True,True,False,True,True,0.0,0.08836086349205445,51.14429503142559,0.0,-0.001563,0.006,0.0,0.0,50.0,0.0,0.0,-1,0.0,G4_EV,ev=-0.00156 <= floor=0.00600  meta_conf=0.5100,-1,0.0,0.0,
BNB/USDT,1262,2026-05-01 11:00:00,short,0.50691,75.76,60.0,618.92,1.878571,low_low_flat,True,True,False,True,True,0.0,0.5559712474321036,51.093511894497254,0.0,-0.001629,0.006,0.0,0.0,50.0,0.0,0.0,-1,0.0,G4_EV,ev=-0.00163 <= floor=0.00600  meta_conf=0.5069,-1,0.0,0.0,
BNB/USDT,1263,2026-05-01 12:00:00,short,0.5133,91.63,60.0,619.14,1.942857,low_low_flat,True,True,False,True,True,0.0,0.5020433128780932,51.16048809936436,0.0,-0.001459,0.006,0.0,0.0,50.0,0.0,0.0,-1,0.0,G4_EV,ev=-0.00146 <= floor=0.00600  meta_conf=0.5133,-1,0.0,0.0,
BNB/USDT,1264,2026-05-01 13:00:00,long,0.53205,94.6,60.0,622.48,2.147143,low_low_up,False,True,False,False,False,0.0,0.0,50.0,0.0,0.0,0.0,0.0,0.0,50.0,0.0,0.0,-1,0.0,G2_EDGE,reg.buy_ok=False  regime='low_low_up',-1,0.0,0.0,
BNB/USDT,1265,2026-05-01 14:00:00,long,0.52354,87.79,60.0,620.7,2.271429,low_low_flat,True,True,False,True,True,0.0,0.5512111731164004,47.77858032082401,0.0,-0.000868,0.006,0.0,0.0,50.0,0.0,0.0,-1,0.0,G4_EV,ev=-0.00087 <= floor=0.00600  meta_conf=0.5235,-1,0.0,0.0,
BNB/USDT,1266,2026-05-01 15:00:00,long,0.51094,86.52,60.0,620.83,2.331429,low_low_flat,True,True,False,True,True,0.0,0.6248938657742961,50.993893461531464,0.0,-0.000999,0.006,0.0,0.0,50.0,0.0,0.0,-1,0.0,G4_EV,ev=-0.00100 <= floor=0.00600  meta_conf=0.5109,-1,0.0,0.0,
BNB/USDT,1267,2026-05-01 16:00:00,long,0.53015,81.4,60.0,619.55,2.431429,low_low_flat,True,True,False,True,True,0.0,0.39461783569388836,52.062204300642186,0.0,-0.000524,0.006,0.0,0.0,50.0,0.0,0.0,-1,0.0,G4_EV,ev=-0.00052 <= floor=0.00600  meta_conf=0.5301,-1,0.0,0.0,
BNB/USDT,1268,2026-05-01 17:00:00,short,0.50436,67.36,60.0,620.36,2.226429,low_low_flat,True,True,False,True,True,0.0,0.5013792958428034,52.644469700833085,0.0,-0.001238,0.006,0.0,0.0,50.0,0.0,0.0,-1,0.0,G4_EV,ev=-0.00124 <= floor=0.00600  meta_conf=0.5044,-1,0.0,0.0,
BNB/USDT,1269,2026-05-01 18:00:00,long,0.50516,75.47,60.0,619.26,2.204286,low_low_flat,True,True,False,True,True,0.0,0.39419227713750793,53.26892798225254,0.0,-0.001248,0.006,0.0,0.0,50.0,0.0,0.0,-1,0.0,G4_EV,ev=-0.00125 <= floor=0.00600  meta_conf=0.5052,-1,0.0,0.0,
BNB/USDT,1270,2026-05-01 19:00:00,long,0.50857,74.62,60.0,619.24,2.217143,low_low_flat,True,True,False,True,True,0.0,0.3762239304032057,54.00135813683146,0.0,-0.001177,0.006,0.0,0.0,50.0,0.0,0.0,-1,0.0,G4_EV,ev=-0.00118 <= floor=0.00600  meta_conf=0.5086,-1,0.0,0.0,
BNB/USDT,1271,2026-05-01 20:00:00,long,0.50886,74.64,60.0,616.94,2.262143,low_low_flat,True,True,False,True,True,0.0,-0.061346437275469415,54.668031048890896,0.0,-0.001104,0.006,0.0,0.0,50.0,0.0,0.0,-1,0.0,G4_EV,ev=-0.00110 <= floor=0.00600  meta_conf=0.5089,-1,0.0,0.0,
BNB/USDT,1272,2026-05-01 21:00:00,long,0.50253,69.92,60.0,617.32,2.225,low_low_flat,True,True,False,True,True,0.0,-0.17892256471978343,55.28763297748705,0.0,-0.001256,0.006,0.0,0.0,50.0,0.0,0.0,-1,0.0,G4_EV,ev=-0.00126 <= floor=0.00600  meta_conf=0.5025,-1,0.0,0.0,
BNB/USDT,1273,2026-05-01 22:00:00,short,0.50172,100.0,60.0,615.13,2.261429,low_low_flat,True,True,False,True,True,0.0,-0.6254944317179751,50.7392475073052,-1.0,-0.001214,0.006,0.0,0.0,50.0,0.0,0.0,-1,0.0,G4_EV,ev=-0.00121 <= floor=0.00600  meta_conf=0.5017,-1,0.0,0.0,
BNB/USDT,1274,2026-05-01 23:00:00,long,0.54769,72.1,60.0,615.34,2.233571,low_low_flat,True,True,False,True,True,0.0,-0.44210726549612483,46.068770410215826,0.0,-0.000499,0.006,0.0,0.0,50.0,0.0,0.0,-1,0.0,G4_EV,ev=-0.00050 <= floor=0.00600  meta_conf=0.5477,-1,0.0,0.0,
BNB/USDT,1275,2026-05-02 00:00:00,long,0.55261,71.8,60.0,615.86,2.225,low_low_flat,True,True,False,True,True,0.0,-0.3610080205647277,46.47972724660631,0.0,-0.000435,0.006,0.0,0.0,50.0,0.0,0.0,-1,0.0,G4_EV,ev=-0.00043 <= floor=0.00600  meta_conf=0.5526,-1,0.0,0.0,
BNB/USDT,1276,2026-05-02 01:00:00,long,0.5197,66.29,60.0,615.81,2.181429,low_low_flat,True,True,False,True,True,0.0,-0.5639512735141686,46.84981156734811,0.0,-0.001029,0.006,0.0,0.0,50.0,0.0,0.0,-1,0.0,G4_EV,ev=-0.00103 <= floor=0.00600  meta_conf=0.5197,-1,0.0,0.0,
BNB/USDT,1277,2026-05-02 02:00:00,long,0.50962,67.72,60.0,616.11,2.127857,low_low_flat,True,True,False,True,True,0.0,-0.4267950241685693,47.07411167505047,0.0,-0.00126,0.006,0.0,0.0,50.0,0.0,0.0,-1,0.0,G4_EV,ev=-0.00126 <= floor=0.00600  meta_conf=0.5096,-1,0.0,0.0,
BNB/USDT,1278,2026-05-02 03:00:00,long,0.51825,68.32,60.0,616.19,1.968571,low_low_flat,True,True,False,True,True,0.0,-0.4245102266883845,46.941460683977525,0.0,-0.001342,0.006,0.0,0.0,50.0,0.0,0.0,-1,0.0,G4_EV,ev=-0.00134 <= floor=0.00600  meta_conf=0.5182,-1,0.0,0.0,
BNB/USDT,1279,2026-05-02 04:00:00,long,0.53224,70.84,60.0,615.01,1.86,low_low_flat,True,True,False,True,True,0.0,-0.576731586002914,47.28661172626863,0.0,-0.001293,0.006,0.0,0.0,50.0,0.0,0.0,-1,0.0,G4_EV,ev=-0.00129 <= floor=0.00600  meta_conf=0.5322,-1,0.0,0.0,
BNB/USDT,1280,2026-05-02 05:00:00,long,0.52473,68.07,60.0,615.21,1.762857,low_low_flat,True,True,False,True,True,0.0,-0.4442288130519615,50.320034499299354,0.0,-0.001532,0.006,0.0,0.0,50.0,0.0,0.0,-1,0.0,G4_EV,ev=-0.00153 <= floor=0.00600  meta_conf=0.5247,-1,0.0,0.0,
BNB/USDT,1281,2026-05-02 06:00:00,long,0.50284,67.61,60.0,616.21,1.691429,low_low_flat,True,True,False,True,True,0.0,-0.38909875062874794,54.49356162628943,0.0,-0.001906,0.006,0.0,0.0,50.0,0.0,0.0,-1,0.0,G4_EV,ev=-0.00191 <= floor=0.00600  meta_conf=0.5028,-1,0.0,0.0,
BNB/USDT,1282,2026-05-02 07:00:00,long,0.50077,66.92,60.0,615.91,1.665,low_low_flat,True,True,False,True,True,0.0,-0.47212277774572436,53.7641446898438,0.0,-0.001963,0.006,0.0,0.0,50.0,0.0,0.0,-1,0.0,G4_EV,ev=-0.00196 <= floor=0.00600  meta_conf=0.5008,-1,0.0,0.0,
BNB/USDT,1283,2026-05-02 08:00:00,long,0.50171,68.78,60.0,615.73,1.606429,low_low_flat,True,True,False,True,True,0.0,-0.4949514308859475,55.20453350256504,0.0,-0.002023,0.006,0.0,0.0,50.0,0.0,0.0,-1,0.0,G4_EV,ev=-0.00202 <= floor=0.00600  meta_conf=0.5017,-1,0.0,0.0,
BNB/USDT,1284,2026-05-02 09:00:00,long,0.50351,67.5,60.0,615.64,1.551429,low_low_flat,True,True,False,True,True,0.0,-0.5116605940793606,60.60607073526668,0.0,-0.00207,0.006,0.0,0.0,50.0,0.0,0.0,-1,0.0,G4_EV,ev=-0.00207 <= floor=0.00600  meta_conf=0.5035,-1,0.0,0.0,
BNB/USDT,1285,2026-05-02 10:00:00,short,0.50884,76.09,60.0,615.76,1.389286,low_low_flat,True,True,False,True,True,0.0,-0.33635855072711446,71.16036394292263,0.0,-0.002218,0.006,0.0,0.0,50.0,0.0,0.0,-1,0.0,G4_EV,ev=-0.00222 <= floor=0.00600  meta_conf=0.5088,-1,0.0,0.0,
BNB/USDT,1286,2026-05-02 11:00:00,long,0.50236,70.13,60.0,615.66,1.395714,low_low_flat,True,True,False,True,True,0.0,-0.33542303632305837,69.96702498516956,0.0,-0.002276,0.006,0.0,0.0,50.0,0.0,0.0,-1,0.0,G4_EV,ev=-0.00228 <= floor=0.00600  meta_conf=0.5024,-1,0.0,0.0,
BNB/USDT,1287,2026-05-02 12:00:00,long,0.51811,77.01,60.0,615.89,1.262143,low_low_flat,True,True,False,True,True,0.0,-0.16975894762050925,74.70640142173764,0.0,-0.002296,0.006,0.0,0.0,50.0,0.0,0.0,-1,0.0,G4_EV,ev=-0.00230 <= floor=0.00600  meta_conf=0.5181,-1,0.0,0.0,
BNB/USDT,1288,2026-05-02 13:00:00,long,0.50312,79.38,60.0,617.18,1.221429,low_low_flat,True,True,False,True,True,0.0,0.17294358690474437,77.28571419878567,0.0,-0.002488,0.006,0.0,0.0,50.0,0.0,0.0,-1,0.0,G4_EV,ev=-0.00249 <= floor=0.00600  meta_conf=0.5031,-1,0.0,0.0,
BNB/USDT,1289,2026-05-02 14:00:00,long,0.50252,81.17,60.0,616.77,1.194286,low_low_flat,True,True,False,True,True,0.0,0.07934934643192569,71.46547709935153,0.0,-0.002526,0.006,0.0,0.0,50.0,0.0,0.0,-1,0.0,G4_EV,ev=-0.00253 <= floor=0.00600  meta_conf=0.5025,-1,0.0,0.0,
BNB/USDT,1290,2026-05-02 15:00:00,long,0.51199,80.6,60.0,618.22,1.236429,low_low_flat,True,True,False,True,True,0.0,0.394805305926067,63.36098334230255,0.0,-0.002392,0.006,0.0,0.0,50.0,0.0,0.0,-1,0.0,G4_EV,ev=-0.00239 <= floor=0.00600  meta_conf=0.5120,-1,0.0,0.0,
BNB/USDT,1291,2026-05-02 16:00:00,long,0.51516,84.85,60.0,618.63,1.236429,low_low_flat,True,True,False,True,True,0.0,0.5369866862065102,52.74921425754116,0.0,-0.002365,0.006,0.0,0.0,50.0,0.0,0.0,-1,0.0,G4_EV,ev=-0.00236 <= floor=0.00600  meta_conf=0.5152,-1,0.0,0.0,
BNB/USDT,1292,2026-05-02 17:00:00,short,0.50027,69.04,60.0,618.33,1.193571,low_low_flat,True,True,False,True,True,0.0,0.515109262087096,51.3272091002334,0.0,-0.00255,0.006,0.0,0.0,50.0,0.0,0.0,-1,0.0,G4_EV,ev=-0.00255 <= floor=0.00600  meta_conf=0.5003,-1,0.0,0.0,
BNB/USDT,1293,2026-05-02 18:00:00,short,0.50043,66.22,60.0,618.63,1.176429,low_low_flat,True,True,False,True,True,0.0,0.6066412375384467,50.027078035304655,0.0,-0.00257,0.006,0.0,0.0,50.0,0.0,0.0,-1,0.0,G4_EV,ev=-0.00257 <= floor=0.00600  meta_conf=0.5004,-1,0.0,0.0,
BNB/USDT,1294,2026-05-02 19:00:00,long,0.50064,67.09,60.0,618.83,1.120714,low_low_flat,True,True,False,True,True,0.0,0.6242944875076522,53.05510844794342,0.0,-0.002637,0.006,0.0,0.0,50.0,0.0,0.0,-1,0.0,G4_EV,ev=-0.00264 <= floor=0.00600  meta_conf=0.5006,-1,0.0,0.0,
BNB/USDT,1295,2026-05-02 20:00:00,short,0.50453,67.3,60.0,618.56,1.06,low_low_flat,True,True,False,True,True,0.0,0.4826029345911382,51.77035223940374,0.0,-0.00268,0.006,0.0,0.0,50.0,0.0,0.0,-1,0.0,G4_EV,ev=-0.00268 <= floor=0.00600  meta_conf=0.5045,-1,0.0,0.0,
BNB/USDT,1296,2026-05-02 21:00:00,short,0.50444,87.97,60.0,619.57,1.21,low_low_flat,True,True,False,True,True,0.0,0.6740998552748526,34.94235539748414,1.0,-0.002496,0.006,0.0,0.0,50.0,0.0,0.0,-1,0.0,G4_EV,ev=-0.00250 <= floor=0.00600  meta_conf=0.5044,-1,0.0,0.0,
BNB/USDT,1297,2026-05-02 22:00:00,short,0.5077,66.81,60.0,619.72,1.251429,low_low_up,False,True,False,True,True,0.0,0.6497537730626185,34.18134458311803,0.0,-0.002416,0.006,0.0,0.0,50.0,0.0,0.0,-1,0.0,G4_EV,ev=-0.00242 <= floor=0.00600  meta_conf=0.5077,-1,0.0,0.0,
BNB/USDT,1298,2026-05-02 23:00:00,short,0.51424,73.4,60.0,618.03,1.34,low_low_flat,True,True,False,True,True,0.0,0.31435534611145133,33.72073662916389,0.0,-0.002235,0.006,0.0,0.0,50.0,0.0,0.0,-1,0.0,G4_EV,ev=-0.00223 <= floor=0.00600  meta_conf=0.5142,-1,0.0,0.0,
BNB/USDT,1299,2026-05-03 00:00:00,short,0.51408,73.59,60.0,617.7,1.396429,low_low_flat,True,True,False,True,True,0.0,0.2769586039102332,33.73638943761889,0.0,-0.002161,0.006,0.0,0.0,50.0,0.0,0.0,-1,0.0,G4_EV,ev=-0.00216 <= floor=0.00600  meta_conf=0.5141,-1,0.0,0.0,
BNB/USDT,1300,2026-05-03 01:00:00,short,0.51054,79.52,60.0,616.02,1.48,low_low_flat,True,True,False,True,True,0.0,-0.03242075026647445,37.67650180567492,0.0,-0.002084,0.006,0.0,0.0,50.0,0.0,0.0,-1,0.0,G4_EV,ev=-0.00208 <= floor=0.00600  meta_conf=0.5105,-1,0.0,0.0,
BNB/USDT,1301,2026-05-03 02:00:00,short,0.52306,98.74,60.0,615.67,1.485,low_low_flat,True,True,False,True,True,0.0,-0.4268728770961516,36.48774440743444,0.0,-0.001941,0.006,0.0,0.0,50.0,0.0,0.0,-1,0.0,G4_EV,ev=-0.00194 <= floor=0.00600  meta_conf=0.5231,-1,0.0,0.0,
BNB/USDT,1302,2026-05-03 03:00:00,short,0.52609,78.45,60.0,616.22,1.478571,low_low_flat,True,True,False,True,True,0.0,-0.2690463843778615,37.03729416542107,0.0,-0.001919,0.006,0.0,0.0,50.0,0.0,0.0,-1,0.0,G4_EV,ev=-0.00192 <= floor=0.00600  meta_conf=0.5261,-1,0.0,0.0,
BNB/USDT,1303,2026-05-03 04:00:00,short,0.5182,78.18,60.0,615.58,1.471429,low_low_flat,True,True,False,True,True,0.0,-0.5684131886044582,37.62079656547462,0.0,-0.002012,0.006,0.0,0.0,50.0,0.0,0.0,-1,0.0,G4_EV,ev=-0.00201 <= floor=0.00600  meta_conf=0.5182,-1,0.0,0.0,
BNB/USDT,1304,2026-05-03 05:00:00,short,0.52351,79.29,60.0,617.09,1.503571,low_low_flat,True,True,False,True,True,0.0,-0.23860972018323096,38.17486566773425,0.0,-0.001915,0.006,0.0,0.0,50.0,0.0,0.0,-1,0.0,G4_EV,ev=-0.00191 <= floor=0.00600  meta_conf=0.5235,-1,0.0,0.0,
BNB/USDT,1305,2026-05-03 06:00:00,short,0.51765,97.26,60.0,616.88,1.522143,low_low_flat,True,True,False,True,True,0.0,-0.3231915088627213,38.75862176393964,0.0,-0.001953,0.006,0.0,0.0,50.0,0.0,0.0,-1,0.0,G4_EV,ev=-0.00195 <= floor=0.00600  meta_conf=0.5177,-1,0.0,0.0,
BNB/USDT,1306,2026-05-03 07:00:00,short,0.51323,74.43,60.0,616.96,1.592857,low_low_flat,True,True,False,True,True,0.0,-0.18278072771586856,39.5596425679152,0.0,-0.00191,0.006,0.0,0.0,50.0,0.0,0.0,-1,0.0,G4_EV,ev=-0.00191 <= floor=0.00600  meta_conf=0.5132,-1,0.0,0.0,
BNB/USDT,1307,2026-05-03 08:00:00,short,0.50947,76.9,60.0,617.57,1.568571,low_low_flat,True,True,False,True,True,0.0,-0.016261976440110265,40.33018906254423,0.0,-0.001987,0.006,0.0,0.0,50.0,0.0,0.0,-1,0.0,G4_EV,ev=-0.00199 <= floor=0.00600  meta_conf=0.5095,-1,0.0,0.0,
BNB/USDT,1308,2026-05-03 09:00:00,long,0.51314,84.03,60.0,618.64,1.647857,low_low_flat,True,True,False,True,True,0.0,0.18941934815565326,41.341917305900004,0.0,-0.001845,0.006,0.0,0.0,50.0,0.0,0.0,-1,0.0,G4_EV,ev=-0.00184 <= floor=0.00600  meta_conf=0.5131,-1,0.0,0.0,
BNB/USDT,1309,2026-05-03 10:00:00,long,0.50047,79.38,60.0,617.64,1.682857,low_low_flat,True,True,False,True,True,0.0,0.028032297501012566,42.50354029271789,0.0,-0.001951,0.006,0.0,0.0,50.0,0.0,0.0,-1,0.0,G4_EV,ev=-0.00195 <= floor=0.00600  meta_conf=0.5005,-1,0.0,0.0,
BNB/USDT,1310,2026-05-03 11:00:00,long,0.52563,98.42,60.0,618.81,1.622143,low_low_flat,True,True,False,True,True,0.0,0.3026123823496316,56.08179656322433,0.0,-0.001732,0.006,0.0,0.0,50.0,0.0,0.0,-1,0.0,G4_EV,ev=-0.00173 <= floor=0.00600  meta_conf=0.5256,-1,0.0,0.0,
BNB/USDT,1311,2026-05-03 12:00:00,long,0.52859,82.45,60.0,619.05,1.582857,low_low_flat,True,True,False,True,True,0.0,0.3829154379449174,57.31215734403272,0.0,-0.001753,0.006,0.0,0.0,50.0,0.0,0.0,-1,0.0,G4_EV,ev=-0.00175 <= floor=0.00600  meta_conf=0.5286,-1,0.0,0.0,
BNB/USDT,1312,2026-05-03 13:00:00,long,0.56067,85.62,60.0,619.0,1.522857,low_low_flat,True,True,False,True,True,0.0,0.43869666496616216,57.63494757802837,0.0,-0.001483,0.006,0.0,0.0,50.0,0.0,0.0,-1,0.0,G4_EV,ev=-0.00148 <= floor=0.00600  meta_conf=0.5607,-1,0.0,0.0,
BNB/USDT,1313,2026-05-03 14:00:00,long,0.54537,100.0,60.0,620.0,1.51,low_low_flat,True,True,False,True,True,0.0,0.632579784820531,54.6713146974548,0.0,-0.001676,0.006,0.0,0.0,50.0,0.0,0.0,-1,0.0,G4_EV,ev=-0.00168 <= floor=0.00600  meta_conf=0.5454,-1,0.0,0.0,
BNB/USDT,1314,2026-05-03 15:00:00,long,0.52468,76.72,60.0,619.87,1.421429,low_low_flat,True,True,False,True,True,0.0,0.5252231687167784,51.9939528976415,0.0,-0.002025,0.006,0.0,0.0,50.0,0.0,0.0,-1,0.0,G4_EV,ev=-0.00203 <= floor=0.00600  meta_conf=0.5247,-1,0.0,0.0,
BNB/USDT,1315,2026-05-03 16:00:00,long,0.5276,69.51,60.0,619.88,1.451429,low_low_flat,True,True,False,True,True,0.0,0.6113030428343386,53.48764939651424,0.0,-0.001953,0.006,0.0,0.0,50.0,0.0,0.0,-1,0.0,G4_EV,ev=-0.00195 <= floor=0.00600  meta_conf=0.5276,-1,0.0,0.0,
BNB/USDT,1316,2026-05-03 17:00:00,long,0.53095,76.72,60.0,619.78,1.495714,low_low_flat,True,True,False,True,True,0.0,0.4714225104453713,52.03434765431174,0.0,-0.001854,0.006,0.0,0.0,50.0,0.0,0.0,-1,0.0,G4_EV,ev=-0.00185 <= floor=0.00600  meta_conf=0.5309,-1,0.0,0.0,
BNB/USDT,1317,2026-05-03 18:00:00,long,0.53938,63.61,60.0,619.49,1.495,low_low_flat,True,True,False,True,True,0.0,0.33966322624568185,52.075684049531176,0.0,-0.001762,0.006,0.0,0.0,50.0,0.0,0.0,-1,0.0,G4_EV,ev=-0.00176 <= floor=0.00600  meta_conf=0.5394,-1,0.0,0.0,
BNB/USDT,1318,2026-05-03 19:00:00,long,0.55788,75.42,60.0,619.26,1.425,low_low_flat,True,True,False,True,True,0.0,0.4150386007873687,51.93772033964218,0.0,-0.001675,0.006,0.0,0.0,50.0,0.0,0.0,-1,0.0,G4_EV,ev=-0.00167 <= floor=0.00600  meta_conf=0.5579,-1,0.0,0.0,
BNB/USDT,1319,2026-05-03 20:00:00,long,0.60272,74.67,60.0,619.58,1.440714,low_low_flat,True,True,False,True,True,0.0,0.5230656475150041,59.699463811683124,0.0,-0.001181,0.006,0.0,0.0,50.0,0.0,0.0,-1,0.0,G4_EV,ev=-0.00118 <= floor=0.00600  meta_conf=0.6027,-1,0.0,0.0,
BNB/USDT,1320,2026-05-03 21:00:00,long,0.58805,83.39,60.0,618.88,1.454286,low_low_flat,True,True,False,True,True,0.0,0.31972085688353186,61.111219546042356,0.0,-0.001307,0.006,0.0,0.0,50.0,0.0,0.0,-1,0.0,G4_EV,ev=-0.00131 <= floor=0.00600  meta_conf=0.5880,-1,0.0,0.0,
BNB/USDT,1321,2026-05-03 22:00:00,long,0.58224,100.0,60.0,620.82,1.594286,low_low_flat,True,True,False,True,True,0.0,0.6638811503024394,56.07479575870345,0.0,-0.001124,0.006,0.0,0.0,50.0,0.0,0.0,-1,0.0,G4_EV,ev=-0.00112 <= floor=0.00600  meta_conf=0.5822,-1,0.0,0.0,
BNB/USDT,1322,2026-05-03 23:00:00,long,0.61898,81.72,60.0,617.27,1.838571,low_low_flat,True,True,False,True,True,0.0,-0.09859800757421473,53.34285999788585,0.0,-0.000171,0.006,0.0,0.0,50.0,0.0,0.0,-1,0.0,G4_EV,ev=-0.00017 <= floor=0.00600  meta_conf=0.6190,-1,0.0,0.0,
BNB/USDT,1323,2026-05-04 00:00:00,long,0.61462,95.38,60.0,617.18,1.899286,low_low_flat,True,True,False,True,True,0.0,-0.25911870734829034,44.85156308208606,0.0,-0.000105,0.006,0.0,0.0,50.0,0.0,0.0,-1,0.0,G4_EV,ev=-0.00010 <= floor=0.00600  meta_conf=0.6146,-1,0.0,0.0,
BNB/USDT,1324,2026-05-04 01:00:00,long,0.61092,100.0,60.0,622.21,2.218571,low_low_up,False,True,False,False,False,0.0,0.0,50.0,0.0,0.0,0.0,0.0,0.0,50.0,0.0,0.0,-1,0.0,G2_EDGE,reg.buy_ok=False  regime='low_low_up',-1,0.0,0.0,
BNB/USDT,1325,2026-05-04 02:00:00,long,0.66282,98.47,60.0,624.76,2.494286,low_low_up,False,True,False,False,False,0.0,0.0,50.0,0.0,0.0,0.0,0.0,0.0,50.0,0.0,0.0,-1,0.0,G2_EDGE,reg.buy_ok=False  regime='low_low_up',-1,0.0,0.0,
BNB/USDT,1326,2026-05-04 03:00:00,long,0.65236,75.81,60.0,626.57,2.607857,low_low_up,False,True,False,False,False,0.0,0.0,50.0,0.0,0.0,0.0,0.0,0.0,50.0,0.0,0.0,-1,0.0,G2_EDGE,reg.buy_ok=False  regime='low_low_up',-1,0.0,0.0,
BNB/USDT,1327,2026-05-04 04:00:00,long,0.63647,88.66,60.0,632.65,3.402143,med_med_up,False,False,False,False,False,0.0,0.0,50.0,0.0,0.0,0.0,0.0,0.0,50.0,0.0,0.0,-1,0.0,G2_EDGE,reg.buy_ok=False  regime='med_med_up',-1,0.0,0.0,
BNB/USDT,1328,2026-05-04 05:00:00,long,0.65985,74.29,60.0,633.26,3.531429,med_med_up,False,False,False,False,False,0.0,0.0,50.0,0.0,0.0,0.0,0.0,0.0,50.0,0.0,0.0,-1,0.0,G2_EDGE,reg.buy_ok=False  regime='med_med_up',-1,0.0,0.0,
BNB/USDT,1329,2026-05-04 06:00:00,long,0.64929,90.94,60.0,628.45,3.937857,med_med_up,False,False,False,False,False,0.0,0.0,50.0,0.0,0.0,0.0,0.0,0.0,50.0,0.0,0.0,-1,0.0,G2_EDGE,reg.buy_ok=False  regime='med_med_up',-1,0.0,0.0,
BNB/USDT,1330,2026-05-04 07:00:00,long,0.64972,85.82,60.0,628.4,3.942857,med_med_up,False,False,False,False,False,0.0,0.0,50.0,0.0,0.0,0.0,0.0,0.0,50.0,0.0,0.0,-1,0.0,G2_EDGE,reg.buy_ok=False  regime='med_med_up',-1,0.0,0.0,
BNB/USDT,1331,2026-05-04 08:00:00,long,0.65827,86.51,60.0,628.08,3.987143,med_med_up,False,False,False,False,False,0.0,0.0,50.0,0.0,0.0,0.0,0.0,0.0,50.0,0.0,0.0,-1,0.0,G2_EDGE,reg.buy_ok=False  regime='med_med_up',-1,0.0,0.0,
BNB/USDT,1332,2026-05-04 09:00:00,long,0.63711,75.97,60.0,630.55,4.146429,med_med_up,False,False,False,False,False,0.0,0.0,50.0,0.0,0.0,0.0,0.0,0.0,50.0,0.0,0.0,-1,0.0,G2_EDGE,reg.buy_ok=False  regime='med_med_up',-1,0.0,0.0,
BNB/USDT,1333,2026-05-04 10:00:00,long,0.64989,100.0,60.0,623.72,4.751429,high_high_up,False,True,False,False,False,0.0,0.0,50.0,0.0,0.0,0.0,0.0,0.0,50.0,0.0,0.0,-1,0.0,G2_EDGE,reg.buy_ok=False  regime='high_high_up',-1,0.0,0.0,
BNB/USDT,1334,2026-05-04 11:00:00,long,0.64877,92.24,60.0,622.9,4.762857,high_high_flat,False,True,False,False,False,0.0,0.0,50.0,0.0,0.0,0.0,0.0,0.0,50.0,0.0,0.0,-1,0.0,G2_EDGE,reg.buy_ok=False  regime='high_high_flat',-1,0.0,0.0,
BNB/USDT,1335,2026-05-04 12:00:00,long,0.63726,91.66,60.0,622.26,4.644286,high_high_flat,False,True,False,False,False,0.0,0.0,50.0,0.0,0.0,0.0,0.0,0.0,50.0,0.0,0.0,-1,0.0,G2_EDGE,reg.buy_ok=False  regime='high_high_flat',-1,0.0,0.0,
BNB/USDT,1336,2026-05-04 13:00:00,long,0.6272,94.14,60.0,623.36,4.504286,high_med_flat,False,False,False,False,False,0.0,0.0,50.0,0.0,0.0,0.0,0.0,0.0,50.0,0.0,0.0,-1,0.0,G2_EDGE,reg.buy_ok=False  regime='high_med_flat',-1,0.0,0.0,
BNB/USDT,1337,2026-05-04 14:00:00,long,0.61321,87.49,60.0,627.19,4.865714,high_high_up,False,True,False,False,False,0.0,0.0,50.0,0.0,0.0,0.0,0.0,0.0,50.0,0.0,0.0,-1,0.0,G2_EDGE,reg.buy_ok=False  regime='high_high_up',-1,0.0,0.0,
BNB/USDT,1338,2026-05-04 15:00:00,long,0.62591,87.28,60.0,625.47,4.728571,high_high_up,False,True,False,False,False,0.0,0.0,50.0,0.0,0.0,0.0,0.0,0.0,50.0,0.0,0.0,-1,0.0,G2_EDGE,reg.buy_ok=False  regime='high_high_up',-1,0.0,0.0,
BNB/USDT,1339,2026-05-04 16:00:00,long,0.62434,81.62,60.0,625.84,4.620714,high_med_up,False,True,False,False,False,0.0,0.0,50.0,0.0,0.0,0.0,0.0,0.0,50.0,0.0,0.0,-1,0.0,G2_EDGE,reg.buy_ok=False  regime='high_med_up',-1,0.0,0.0,
BNB/USDT,1340,2026-05-04 17:00:00,long,0.62901,82.93,60.0,627.74,4.648571,high_med_up,False,True,False,False,False,0.0,0.0,50.0,0.0,0.0,0.0,0.0,0.0,50.0,0.0,0.0,-1,0.0,G2_EDGE,reg.buy_ok=False  regime='high_med_up',-1,0.0,0.0,
BNB/USDT,1341,2026-05-04 18:00:00,long,0.591,75.07,60.0,625.8,3.943571,high_med_up,False,True,False,False,False,0.0,0.0,50.0,0.0,0.0,0.0,0.0,0.0,50.0,0.0,0.0,-1,0.0,G2_EDGE,reg.buy_ok=False  regime='high_med_up',-1,0.0,0.0,
BNB/USDT,1342,2026-05-04 19:00:00,long,0.59256,84.5,60.0,624.93,3.825714,high_med_up,False,True,False,False,False,0.0,0.0,50.0,0.0,0.0,0.0,0.0,0.0,50.0,0.0,0.0,-1,0.0,G2_EDGE,reg.buy_ok=False  regime='high_med_up',-1,0.0,0.0,
BNB/USDT,1343,2026-05-04 20:00:00,long,0.58961,84.5,60.0,623.14,3.516429,high_med_flat,False,False,False,False,False,0.0,0.0,50.0,0.0,0.0,0.0,0.0,0.0,50.0,0.0,0.0,-1,0.0,G2_EDGE,reg.buy_ok=False  regime='high_med_flat',-1,0.0,0.0,
BNB/USDT,1344,2026-05-04 21:00:00,long,0.5928,74.82,60.0,625.03,3.542857,high_med_up,False,True,False,False,False,0.0,0.0,50.0,0.0,0.0,0.0,0.0,0.0,50.0,0.0,0.0,-1,0.0,G2_EDGE,reg.buy_ok=False  regime='high_med_up',-1,0.0,0.0,
BNB/USDT,1345,2026-05-04 22:00:00,long,0.5876,62.61,60.0,624.3,3.563571,high_med_flat,False,False,False,False,False,0.0,0.0,50.0,0.0,0.0,0.0,0.0,0.0,50.0,0.0,0.0,-1,0.0,G2_EDGE,reg.buy_ok=False  regime='high_med_flat',-1,0.0,0.0,
BNB/USDT,1346,2026-05-04 23:00:00,long,0.60059,62.84,60.0,622.63,3.451429,high_med_up,False,True,False,False,False,0.0,0.0,50.0,0.0,0.0,0.0,0.0,0.0,50.0,0.0,0.0,-1,0.0,G2_EDGE,reg.buy_ok=False  regime='high_med_up',-1,0.0,0.0,
BNB/USDT,1347,2026-05-05 00:00:00,long,0.56401,65.97,60.0,624.8,2.865,high_low_up,,,True,False,False,0.0,0.0,50.0,0.0,0.0,0.0,0.0,0.0,50.0,0.0,0.0,-1,0.0,G1_REGIME,regime='high_low_up' skipped=True reg_empty=False,-1,0.0,0.0,
BNB/USDT,1348,2026-05-05 01:00:00,long,0.60901,66.54,60.0,624.65,2.817143,high_low_flat,,,True,False,False,0.0,0.0,50.0,0.0,0.0,0.0,0.0,0.0,50.0,0.0,0.0,-1,0.0,G1_REGIME,regime='high_low_flat' skipped=True reg_empty=False,-1,0.0,0.0,
BNB/USDT,1349,2026-05-05 02:00:00,long,0.61017,70.58,60.0,625.2,2.892143,high_low_flat,,,True,False,False,0.0,0.0,50.0,0.0,0.0,0.0,0.0,0.0,50.0,0.0,0.0,-1,0.0,G1_REGIME,regime='high_low_flat' skipped=True reg_empty=False,-1,0.0,0.0,
BNB/USDT,1350,2026-05-05 03:00:00,long,0.58975,74.04,60.0,627.81,2.945714,high_low_flat,,,True,False,False,0.0,0.0,50.0,0.0,0.0,0.0,0.0,0.0,50.0,0.0,0.0,-1,0.0,G1_REGIME,regime='high_low_flat' skipped=True reg_empty=False,-1,0.0,0.0,
BNB/USDT,1351,2026-05-05 04:00:00,long,0.57831,68.07,60.0,626.19,2.594286,high_low_down,,,True,False,False,0.0,0.0,50.0,0.0,0.0,0.0,0.0,0.0,50.0,0.0,0.0,-1,0.0,G1_REGIME,regime='high_low_down' skipped=True reg_empty=False,-1,0.0,0.0,
BNB/USDT,1352,2026-05-05 05:00:00,long,0.58578,61.92,60.0,628.21,2.445714,med_low_flat,True,True,False,True,True,0.0,0.5160719616578626,76.80743422672973,0.0,0.000423,0.006,0.0,0.0,50.0,0.0,0.0,-1,0.0,G4_EV,ev=0.00042 <= floor=0.00600  meta_conf=0.5858,-1,0.0,0.0,
BNB/USDT,1353,2026-05-05 06:00:00,long,0.56655,62.68,60.0,627.04,2.362143,med_low_flat,True,True,False,True,True,0.0,0.40606536306358293,74.9683122083041,0.0,-4.7e-05,0.006,0.0,0.0,50.0,0.0,0.0,-1,0.0,G4_EV,ev=-0.00005 <= floor=0.00600  meta_conf=0.5665,-1,0.0,0.0,
BNB/USDT,1354,2026-05-05 07:00:00,long,0.57027,65.38,60.0,627.54,2.286429,med_low_flat,True,True,False,True,True,0.0,0.4116974267268561,72.94430490012215,0.0,-0.000115,0.006,0.0,0.0,50.0,0.0,0.0,-1,0.0,G4_EV,ev=-0.00012 <= floor=0.00600  meta_conf=0.5703,-1,0.0,0.0,
BNB/USDT,1355,2026-05-05 08:00:00,long,0.56094,63.07,60.0,627.32,2.228571,med_low_flat,True,True,False,True,True,0.0,0.4303842145187781,71.16337372425838,0.0,-0.000361,0.006,0.0,0.0,50.0,0.0,0.0,-1,0.0,G4_EV,ev=-0.00036 <= floor=0.00600  meta_conf=0.5609,-1,0.0,0.0,
BNB/USDT,1356,2026-05-05 09:00:00,long,0.59257,62.5,60.0,626.99,2.256429,med_low_flat,True,True,False,True,True,0.0,0.3861227270432116,69.69684771771826,0.0,0.000198,0.006,0.0,0.0,50.0,0.0,0.0,-1,0.0,G4_EV,ev=0.00020 <= floor=0.00600  meta_conf=0.5926,-1,0.0,0.0,
BNB/USDT,1357,2026-05-05 10:00:00,long,0.58677,62.53,60.0,628.33,2.194286,med_low_up,True,False,False,True,True,0.0,0.5683036950405936,68.41564217460571,0.0,-1.7e-05,0.006,0.0,0.0,50.0,0.0,0.0,-1,0.0,G4_EV,ev=-0.00002 <= floor=0.00600  meta_conf=0.5868,-1,0.0,0.0,
BNB/USDT,1358,2026-05-05 11:00:00,long,0.52762,100.0,60.0,628.59,2.104286,med_low_up,True,False,False,True,True,0.0,0.5614598311631344,66.73150093912345,0.0,-0.001073,0.006,0.0,0.0,50.0,0.0,0.0,-1,0.0,G4_EV,ev=-0.00107 <= floor=0.00600  meta_conf=0.5276,-1,0.0,0.0,
BNB/USDT,1359,2026-05-05 12:00:00,long,0.56935,89.22,60.0,629.92,2.147857,med_low_up,True,False,False,True,True,0.0,0.6634950010063955,57.277698726662564,1.0,-0.000379,0.006,0.0,0.0,50.0,0.0,0.0,-1,0.0,G4_EV,ev=-0.00038 <= floor=0.00600  meta_conf=0.5694,-1,0.0,0.0,
BNB/USDT,1360,2026-05-05 13:00:00,long,0.5728,85.26,60.0,631.04,2.317857,med_low_up,True,False,False,True,False,0.0,0.6607382342103526,41.84717128192669,1.0,-4.2e-05,0.006,0.0,0.0,50.0,0.0,0.0,-1,0.0,G4_EV,ev=-0.00004 <= floor=0.00600  meta_conf=0.5728,-1,0.0,0.0,
BNB/USDT,1361,2026-05-05 14:00:00,long,0.58099,81.34,60.0,630.65,2.357857,med_low_flat,True,True,False,True,True,0.0,0.564330237715993,46.85096115707497,0.0,0.000167,0.006,0.0,0.0,50.0,0.0,0.0,-1,0.0,G4_EV,ev=0.00017 <= floor=0.00600  meta_conf=0.5810,-1,0.0,0.0,
BNB/USDT,1362,2026-05-05 15:00:00,long,0.57841,75.07,60.0,631.01,2.398571,med_low_up,True,False,False,True,True,0.0,0.6295317415950538,47.19664622883966,0.0,0.000192,0.006,0.0,0.0,50.0,0.0,0.0,-1,0.0,G4_EV,ev=0.00019 <= floor=0.00600  meta_conf=0.5784,-1,0.0,0.0,
BNB/USDT,1363,2026-05-05 16:00:00,long,0.58165,85.37,60.0,629.29,2.445,med_low_flat,True,True,False,True,True,0.0,0.37679300168446794,48.49748843792329,0.0,0.000341,0.006,0.0,0.0,50.0,0.0,0.0,-1,0.0,G4_EV,ev=0.00034 <= floor=0.00600  meta_conf=0.5816,-1,0.0,0.0,
BNB/USDT,1364,2026-05-05 17:00:00,long,0.58265,85.59,60.0,628.97,2.27,med_low_flat,True,True,False,True,True,0.0,0.3660678819341567,51.75372483855788,0.0,4.9e-05,0.006,0.0,0.0,50.0,0.0,0.0,-1,0.0,G4_EV,ev=0.00005 <= floor=0.00600  meta_conf=0.5827,-1,0.0,0.0,
BNB/USDT,1365,2026-05-05 18:00:00,long,0.57512,78.11,60.0,630.33,2.227143,med_low_up,True,False,False,True,True,0.0,0.5464946912108358,51.322018521270465,0.0,-0.000156,0.006,0.0,0.0,50.0,0.0,0.0,-1,0.0,G4_EV,ev=-0.00016 <= floor=0.00600  meta_conf=0.5751,-1,0.0,0.0,
BNB/USDT,1366,2026-05-05 19:00:00,long,0.55942,83.59,60.0,631.72,2.179286,med_low_up,True,False,False,True,True,0.0,0.6259572082070172,51.980255384134416,0.0,-0.00049,0.006,0.0,0.0,50.0,0.0,0.0,-1,0.0,G4_EV,ev=-0.00049 <= floor=0.00600  meta_conf=0.5594,-1,0.0,0.0,
BNB/USDT,1367,2026-05-05 20:00:00,long,0.57634,64.47,60.0,633.24,2.232143,med_low_up,True,False,False,True,False,0.0,0.6504082680009614,49.544302234902496,0.0,-0.000145,0.006,0.0,0.0,50.0,0.0,0.0,-1,0.0,G4_EV,ev=-0.00015 <= floor=0.00600  meta_conf=0.5763,-1,0.0,0.0,
BNB/USDT,1368,2026-05-05 21:00:00,long,0.57927,64.49,60.0,633.28,2.322857,med_low_up,True,False,False,True,False,0.0,0.6886209734985446,47.43679006657252,0.0,5.9e-05,0.006,0.0,0.0,50.0,0.0,0.0,-1,0.0,G4_EV,ev=0.00006 <= floor=0.00600  meta_conf=0.5793,-1,0.0,0.0,
BNB/USDT,1369,2026-05-05 22:00:00,long,0.57327,84.38,60.0,631.89,2.518571,med_low_up,True,False,False,True,True,0.0,0.4693346247970778,47.78205663185655,0.0,0.000304,0.006,0.0,0.0,50.0,0.0,0.0,-1,0.0,G4_EV,ev=0.00030 <= floor=0.00600  meta_conf=0.5733,-1,0.0,0.0,
BNB/USDT,1370,2026-05-05 23:00:00,long,0.58344,77.57,60.0,630.42,2.595,med_low_up,True,False,False,True,True,0.0,0.3500756304978314,50.957174874240266,0.0,0.000633,0.006,0.0,0.0,50.0,0.0,0.0,-1,0.0,G4_EV,ev=0.00063 <= floor=0.00600  meta_conf=0.5834,-1,0.0,0.0,
BNB/USDT,1371,2026-05-06 00:00:00,long,0.58878,81.0,60.0,630.94,2.642857,med_low_up,True,False,False,True,True,0.0,0.44766252997068584,57.46352177589801,0.0,0.000815,0.006,0.0,0.0,50.0,0.0,0.0,-1,0.0,G4_EV,ev=0.00082 <= floor=0.00600  meta_conf=0.5888,-1,0.0,0.0,
BNB/USDT,1372,2026-05-06 01:00:00,long,0.59136,71.6,60.0,634.35,2.851429,med_low_up,True,False,False,True,False,0.0,0.6221164089443606,58.31802624871135,0.0,0.001219,0.006,0.0,0.0,50.0,0.0,0.0,-1,0.0,G4_EV,ev=0.00122 <= floor=0.00600  meta_conf=0.5914,-1,0.0,0.0,
BNB/USDT,1373,2026-05-06 02:00:00,long,0.5992,72.55,60.0,634.16,2.849286,med_low_up,True,False,False,True,False,0.0,0.5305677405982735,59.103080835940155,0.0,0.001375,0.006,0.0,0.0,50.0,0.0,0.0,-1,0.0,G4_EV,ev=0.00138 <= floor=0.00600  meta_conf=0.5992,-1,0.0,0.0,
BNB/USDT,1374,2026-05-06 03:00:00,long,0.58855,81.34,60.0,635.17,2.903571,med_low_up,True,False,False,True,False,0.0,0.707544963887543,54.76571009052021,1.0,0.00125,0.006,0.0,0.0,50.0,0.0,0.0,-1,0.0,G4_EV,ev=0.00125 <= floor=0.00600  meta_conf=0.5886,-1,0.0,0.0,
BNB/USDT,1375,2026-05-06 04:00:00,long,0.57846,81.66,60.0,634.65,2.884286,med_low_up,True,False,False,True,True,0.0,0.5901119675828824,54.51194428323236,0.0,0.001013,0.006,0.0,0.0,50.0,0.0,0.0,-1,0.0,G4_EV,ev=0.00101 <= floor=0.00600  meta_conf=0.5785,-1,0.0,0.0,
BNB/USDT,1376,2026-05-06 05:00:00,long,0.5795,80.17,60.0,634.85,2.882857,med_low_up,True,False,False,True,True,0.0,0.6310847064083775,55.027970329450675,0.0,0.00103,0.006,0.0,0.0,50.0,0.0,0.0,-1,0.0,G4_EV,ev=0.00103 <= floor=0.00600  meta_conf=0.5795,-1,0.0,0.0,
BNB/USDT,1377,2026-05-06 06:00:00,long,0.56675,60.84,60.0,635.87,2.776429,med_low_up,True,False,False,True,False,0.0,0.6528156266485272,55.37711366362626,0.0,0.000586,0.006,0.0,0.0,50.0,0.0,0.0,-1,0.0,G4_EV,ev=0.00059 <= floor=0.00600  meta_conf=0.5667,-1,0.0,0.0,
BNB/USDT,1378,2026-05-06 07:00:00,long,0.56925,86.27,60.0,637.99,3.0,med_low_up,True,False,False,True,False,0.0,0.7314042745014598,44.274114187768944,1.0,0.000992,0.006,0.0,0.0,50.0,0.0,0.0,-1,0.0,G4_EV,ev=0.00099 <= floor=0.00600  meta_conf=0.5693,-1,0.0,0.0,
BNB/USDT,1379,2026-05-06 08:00:00,long,0.60978,88.03,60.0,646.18,3.512143,high_med_up,False,True,False,False,False,0.0,0.0,50.0,0.0,0.0,0.0,0.0,0.0,50.0,0.0,0.0,-1,0.0,G2_EDGE,reg.buy_ok=False  regime='high_med_up',-1,0.0,0.0,
BNB/USDT,1380,2026-05-06 09:00:00,long,0.59017,87.41,60.0,646.96,3.659286,high_med_up,False,True,False,False,False,0.0,0.0,50.0,0.0,0.0,0.0,0.0,0.0,50.0,0.0,0.0,-1,0.0,G2_EDGE,reg.buy_ok=False  regime='high_med_up',-1,0.0,0.0,
BNB/USDT,1381,2026-05-06 10:00:00,long,0.60359,86.33,60.0,645.51,3.691429,high_med_up,False,True,False,False,False,0.0,0.0,50.0,0.0,0.0,0.0,0.0,0.0,50.0,0.0,0.0,-1,0.0,G2_EDGE,reg.buy_ok=False  regime='high_med_up',-1,0.0,0.0,
BNB/USDT,1382,2026-05-06 11:00:00,long,0.59417,87.84,60.0,652.56,3.975,high_med_up,False,True,False,False,False,0.0,0.0,50.0,0.0,0.0,0.0,0.0,0.0,50.0,0.0,0.0,-1,0.0,G2_EDGE,reg.buy_ok=False  regime='high_med_up',-1,0.0,0.0,
BNB/USDT,1383,2026-05-06 12:00:00,long,0.61586,88.68,60.0,657.08,4.592857,high_med_up,False,True,False,False,False,0.0,0.0,50.0,0.0,0.0,0.0,0.0,0.0,50.0,0.0,0.0,-1,0.0,G2_EDGE,reg.buy_ok=False  regime='high_med_up',-1,0.0,0.0,
BNB/USDT,1384,2026-05-06 13:00:00,long,0.61833,78.59,60.0,647.41,5.209286,high_high_up,False,True,False,False,False,0.0,0.0,50.0,0.0,0.0,0.0,0.0,0.0,50.0,0.0,0.0,-1,0.0,G2_EDGE,reg.buy_ok=False  regime='high_high_up',-1,0.0,0.0,
BNB/USDT,1385,2026-05-06 14:00:00,long,0.60338,75.35,60.0,647.33,5.495,high_high_up,False,True,False,False,False,0.0,0.0,50.0,0.0,0.0,0.0,0.0,0.0,50.0,0.0,0.0,-1,0.0,G2_EDGE,reg.buy_ok=False  regime='high_high_up',-1,0.0,0.0,
BNB/USDT,1386,2026-05-06 15:00:00,long,0.57675,83.13,60.0,648.51,5.416429,high_high_up,False,True,False,False,False,0.0,0.0,50.0,0.0,0.0,0.0,0.0,0.0,50.0,0.0,0.0,-1,0.0,G2_EDGE,reg.buy_ok=False  regime='high_high_up',-1,0.0,0.0,
BNB/USDT,1387,2026-05-06 16:00:00,long,0.56577,83.25,60.0,649.5,5.565714,high_high_up,False,True,False,False,False,0.0,0.0,50.0,0.0,0.0,0.0,0.0,0.0,50.0,0.0,0.0,-1,0.0,G2_EDGE,reg.buy_ok=False  regime='high_high_up',-1,0.0,0.0,
BNB/USDT,1388,2026-05-06 17:00:00,long,0.55296,80.86,60.0,648.59,5.405714,high_high_up,False,True,False,False,False,0.0,0.0,50.0,0.0,0.0,0.0,0.0,0.0,50.0,0.0,0.0,-1,0.0,G2_EDGE,reg.buy_ok=False  regime='high_high_up',-1,0.0,0.0,
BNB/USDT,1389,2026-05-06 18:00:00,long,0.56205,82.86,60.0,649.77,5.440714,high_high_up,False,True,False,False,False,0.0,0.0,50.0,0.0,0.0,0.0,0.0,0.0,50.0,0.0,0.0,-1,0.0,G2_EDGE,reg.buy_ok=False  regime='high_high_up',-1,0.0,0.0,
BNB/USDT,1390,2026-05-06 19:00:00,long,0.55916,81.68,60.0,650.45,5.445,high_high_up,False,True,False,False,False,0.0,0.0,50.0,0.0,0.0,0.0,0.0,0.0,50.0,0.0,0.0,-1,0.0,G2_EDGE,reg.buy_ok=False  regime='high_high_up',-1,0.0,0.0,
BNB/USDT,1391,2026-05-06 20:00:00,long,0.55549,79.68,60.0,648.87,5.599286,high_high_up,False,True,False,False,False,0.0,0.0,50.0,0.0,0.0,0.0,0.0,0.0,50.0,0.0,0.0,-1,0.0,G2_EDGE,reg.buy_ok=False  regime='high_high_up',-1,0.0,0.0,
BNB/USDT,1392,2026-05-06 21:00:00,long,0.54832,79.84,60.0,649.78,5.484286,high_high_up,False,True,False,False,False,0.0,0.0,50.0,0.0,0.0,0.0,0.0,0.0,50.0,0.0,0.0,-1,0.0,G2_EDGE,reg.buy_ok=False  regime='high_high_up',-1,0.0,0.0,
BNB/USDT,1393,2026-05-06 22:00:00,long,0.54241,76.22,60.0,646.86,5.120714,high_high_up,False,True,False,False,False,0.0,0.0,50.0,0.0,0.0,0.0,0.0,0.0,50.0,0.0,0.0,-1,0.0,G2_EDGE,reg.buy_ok=False  regime='high_high_up',-1,0.0,0.0,
BNB/USDT,1394,2026-05-06 23:00:00,long,0.53499,78.6,60.0,647.74,5.052143,high_high_up,False,True,False,False,False,0.0,0.0,50.0,0.0,0.0,0.0,0.0,0.0,50.0,0.0,0.0,-1,0.0,G2_EDGE,reg.buy_ok=False  regime='high_high_up',-1,0.0,0.0,
BNB/USDT,1395,2026-05-07 00:00:00,long,0.5926,77.49,60.0,644.88,5.177143,high_high_up,False,True,False,False,False,0.0,0.0,50.0,0.0,0.0,0.0,0.0,0.0,50.0,0.0,0.0,-1,0.0,G2_EDGE,reg.buy_ok=False  regime='high_high_up',-1,0.0,0.0,
BNB/USDT,1396,2026-05-07 01:00:00,long,0.59159,81.15,60.0,645.11,4.909286,high_high_up,False,True,False,False,False,0.0,0.0,50.0,0.0,0.0,0.0,0.0,0.0,50.0,0.0,0.0,-1,0.0,G2_EDGE,reg.buy_ok=False  regime='high_high_up',-1,0.0,0.0,
BNB/USDT,1397,2026-05-07 02:00:00,long,0.58841,75.35,60.0,643.93,4.207857,high_med_up,False,True,False,False,False,0.0,0.0,50.0,0.0,0.0,0.0,0.0,0.0,50.0,0.0,0.0,-1,0.0,G2_EDGE,reg.buy_ok=False  regime='high_med_up',-1,0.0,0.0,
BNB/USDT,1398,2026-05-07 03:00:00,long,0.57512,75.32,60.0,642.53,3.610714,high_med_up,False,True,False,False,False,0.0,0.0,50.0,0.0,0.0,0.0,0.0,0.0,50.0,0.0,0.0,-1,0.0,G2_EDGE,reg.buy_ok=False  regime='high_med_up',-1,0.0,0.0,
BNB/USDT,1399,2026-05-07 04:00:00,long,0.57684,74.09,60.0,644.18,3.279286,high_low_up,,,True,False,False,0.0,0.0,50.0,0.0,0.0,0.0,0.0,0.0,50.0,0.0,0.0,-1,0.0,G1_REGIME,regime='high_low_up' skipped=True reg_empty=False,-1,0.0,0.0,
BNB/USDT,1400,2026-05-07 05:00:00,long,0.56493,76.69,60.0,647.08,3.287857,high_low_up,,,True,False,False,0.0,0.0,50.0,0.0,0.0,0.0,0.0,0.0,50.0,0.0,0.0,-1,0.0,G1_REGIME,regime='high_low_up' skipped=True reg_empty=False,-1,0.0,0.0,
BNB/USDT,1401,2026-05-07 06:00:00,long,0.56764,77.66,60.0,648.18,3.204286,high_low_up,,,True,False,False,0.0,0.0,50.0,0.0,0.0,0.0,0.0,0.0,50.0,0.0,0.0,-1,0.0,G1_REGIME,regime='high_low_up' skipped=True reg_empty=False,-1,0.0,0.0,
BNB/USDT,1402,2026-05-07 07:00:00,long,0.6149,82.83,60.0,651.91,3.437143,high_med_up,False,True,False,False,False,0.0,0.0,50.0,0.0,0.0,0.0,0.0,0.0,50.0,0.0,0.0,-1,0.0,G2_EDGE,reg.buy_ok=False  regime='high_med_up',-1,0.0,0.0,
BNB/USDT,1403,2026-05-07 08:00:00,long,0.60866,82.16,60.0,651.04,3.492857,high_med_up,False,True,False,False,False,0.0,0.0,50.0,0.0,0.0,0.0,0.0,0.0,50.0,0.0,0.0,-1,0.0,G2_EDGE,reg.buy_ok=False  regime='high_med_up',-1,0.0,0.0,
BNB/USDT,1404,2026-05-07 09:00:00,long,0.58531,95.91,60.0,648.91,3.595714,high_med_flat,False,False,False,False,False,0.0,0.0,50.0,0.0,0.0,0.0,0.0,0.0,50.0,0.0,0.0,-1,0.0,G2_EDGE,reg.buy_ok=False  regime='high_med_flat',-1,0.0,0.0,
BNB/USDT,1405,2026-05-07 10:00:00,long,0.60172,68.36,60.0,647.66,3.572143,high_med_flat,False,False,False,False,False,0.0,0.0,50.0,0.0,0.0,0.0,0.0,0.0,50.0,0.0,0.0,-1,0.0,G2_EDGE,reg.buy_ok=False  regime='high_med_flat',-1,0.0,0.0,
BNB/USDT,1406,2026-05-07 11:00:00,long,0.61582,71.26,60.0,648.01,3.542857,high_med_flat,False,False,False,False,False,0.0,0.0,50.0,0.0,0.0,0.0,0.0,0.0,50.0,0.0,0.0,-1,0.0,G2_EDGE,reg.buy_ok=False  regime='high_med_flat',-1,0.0,0.0,
BNB/USDT,1407,2026-05-07 12:00:00,long,0.637,73.95,60.0,650.8,3.555,med_med_flat,True,False,False,False,True,0.0,0.5310368608919437,57.416451761301374,0.0,0.003464,0.006,0.0,0.0,50.0,0.0,0.0,-1,0.0,G4_EV,ev=0.00346 <= floor=0.00600  meta_conf=0.6370,-1,0.0,0.0,
BNB/USDT,1408,2026-05-07 13:00:00,long,0.62579,74.31,60.0,646.82,3.707857,med_med_flat,True,False,False,False,True,0.0,-0.11344809759300334,56.459855377731635,0.0,0.003544,0.006,0.0,0.0,50.0,0.0,0.0,-1,0.0,G4_EV,ev=0.00354 <= floor=0.00600  meta_conf=0.6258,-1,0.0,0.0,
BNB/USDT,1409,2026-05-07 14:00:00,long,0.62555,87.17,60.0,642.37,3.805714,med_med_flat,True,False,False,False,True,0.0,-0.21026918548270515,52.27075199312051,0.0,0.003791,0.006,0.0,0.0,50.0,0.0,0.0,-1,0.0,G4_EV,ev=0.00379 <= floor=0.00600  meta_conf=0.6255,-1,0.0,0.0,
BNB/USDT,1410,2026-05-07 15:00:00,long,0.63211,77.59,60.0,642.45,3.883571,med_med_flat,True,False,False,False,True,0.0,-0.12508535489401723,48.158034012186775,0.0,0.004127,0.006,0.0,0.0,50.0,0.0,0.0,-1,0.0,G4_EV,ev=0.00413 <= floor=0.00600  meta_conf=0.6321,-1,0.0,0.0,
BNB/USDT,1411,2026-05-07 16:00:00,long,0.62814,71.29,60.0,641.45,3.950714,med_med_down,True,False,False,False,True,0.0,-0.4210493583598115,47.74868222442498,0.0,0.004171,0.006,0.0,0.0,50.0,0.0,0.0,-1,0.0,G4_EV,ev=0.00417 <= floor=0.00600  meta_conf=0.6281,-1,0.0,0.0,
BNB/USDT,1412,2026-05-07 17:00:00,long,0.64217,67.45,60.0,643.63,4.024286,med_med_flat,True,False,False,False,True,0.0,-0.17592903406809735,48.06127922305047,0.0,0.00469,0.006,0.0,0.0,50.0,0.0,0.0,-1,0.0,G4_EV,ev=0.00469 <= floor=0.00600  meta_conf=0.6422,-1,0.0,0.0,
BNB/USDT,1413,2026-05-07 18:00:00,long,0.65066,60.81,60.0,643.35,4.054286,med_med_flat,True,False,False,False,True,0.0,-0.3937837340223681,48.64020645850277,0.0,0.004999,0.006,0.0,0.0,50.0,0.0,0.0,-1,0.0,G4_EV,ev=0.00500 <= floor=0.00600  meta_conf=0.6507,-1,0.0,0.0,
BNB/USDT,1414,2026-05-07 19:00:00,long,0.63984,61.48,60.0,643.71,4.005714,med_med_down,True,False,False,False,True,0.0,-0.2555801384547741,49.16866990358607,0.0,0.004583,0.006,0.0,0.0,50.0,0.0,0.0,-1,0.0,G4_EV,ev=0.00458 <= floor=0.00600  meta_conf=0.6398,-1,0.0,0.0,
BNB/USDT,1415,2026-05-07 20:00:00,long,0.62703,67.5,60.0,643.4,3.935714,med_med_flat,True,False,False,False,True,0.0,-0.3297016307619288,49.699649127257175,0.0,0.004084,0.006,0.0,0.0,50.0,0.0,0.0,-1,0.0,G4_EV,ev=0.00408 <= floor=0.00600  meta_conf=0.6270,-1,0.0,0.0,
BNB/USDT,1416,2026-05-07 21:00:00,long,0.63247,60.52,60.0,642.48,3.709286,med_med_down,True,False,False,False,True,0.0,-0.42425081525707886,50.95361290849334,0.0,0.003772,0.006,0.0,0.0,50.0,0.0,0.0,-1,0.0,G4_EV,ev=0.00377 <= floor=0.00600  meta_conf=0.6325,-1,0.0,0.0,
BNB/USDT,1417,2026-05-07 22:00:00,long,0.59518,84.01,60.0,635.57,4.055714,med_med_down,True,False,False,False,True,0.0,-0.6401280853915973,42.51096224098374,-1.0,0.003519,0.006,0.0,0.0,50.0,0.0,0.0,-1,0.0,G4_EV,ev=0.00352 <= floor=0.00600  meta_conf=0.5952,-1,0.0,0.0,
BNB/USDT,1418,2026-05-07 23:00:00,long,0.59259,60.48,60.0,637.02,4.024286,med_med_down,True,False,False,False,True,0.0,-0.48606858457469315,42.966703985542935,0.0,0.00337,0.006,0.0,0.0,50.0,0.0,0.0,-1,0.0,G4_EV,ev=0.00337 <= floor=0.00600  meta_conf=0.5926,-1,0.0,0.0,
BNB/USDT,1419,2026-05-08 00:00:00,long,0.58248,63.22,60.0,637.85,3.949286,med_med_down,True,False,False,False,True,0.0,-0.47641294918126603,43.23127283154368,0.0,0.002942,0.006,0.0,0.0,50.0,0.0,0.0,-1,0.0,G4_EV,ev=0.00294 <= floor=0.00600  meta_conf=0.5825,-1,0.0,0.0,
BNB/USDT,1420,2026-05-08 01:00:00,long,0.57713,80.52,60.0,638.1,3.935714,med_med_down,True,False,False,False,True,0.0,-0.4116773377234701,43.50491505742566,0.0,0.002767,0.006,0.0,0.0,50.0,0.0,0.0,-1,0.0,G4_EV,ev=0.00277 <= floor=0.00600  meta_conf=0.5771,-1,0.0,0.0,
BNB/USDT,1421,2026-05-08 02:00:00,long,0.58473,83.95,60.0,638.69,3.985,med_med_flat,True,False,False,False,True,0.0,-0.45105528947716633,44.24228250433307,0.0,0.003059,0.006,0.0,0.0,50.0,0.0,0.0,-1,0.0,G4_EV,ev=0.00306 <= floor=0.00600  meta_conf=0.5847,-1,0.0,0.0,
BNB/USDT,1422,2026-05-08 03:00:00,long,0.57029,82.27,60.0,639.44,3.862857,med_med_flat,True,False,False,False,True,0.0,-0.43642517948742615,53.632207192559015,0.0,0.002442,0.006,0.0,0.0,50.0,0.0,0.0,-1,0.0,G4_EV,ev=0.00244 <= floor=0.00600  meta_conf=0.5703,-1,0.0,0.0,
BNB/USDT,1423,2026-05-08 04:00:00,long,0.54799,81.19,60.0,639.82,3.600714,med_med_flat,True,False,False,False,True,0.0,-0.4131704923737181,57.767369343453424,0.0,0.001436,0.006,0.0,0.0,50.0,0.0,0.0,-1,0.0,G4_EV,ev=0.00144 <= floor=0.00600  meta_conf=0.5480,-1,0.0,0.0,
BNB/USDT,1424,2026-05-08 05:00:00,long,0.54163,79.82,60.0,638.0,3.423571,med_med_down,True,False,False,False,True,0.0,-0.535855609917705,57.44898617319871,0.0,0.00103,0.006,0.0,0.0,50.0,0.0,0.0,-1,0.0,G4_EV,ev=0.00103 <= floor=0.00600  meta_conf=0.5416,-1,0.0,0.0,
BNB/USDT,1425,2026-05-08 06:00:00,long,0.53718,88.44,60.0,636.64,3.377857,med_med_down,True,False,False,False,True,0.0,-0.5819352948171165,57.04871324194668,0.0,0.000867,0.006,0.0,0.0,50.0,0.0,0.0,-1,0.0,G4_EV,ev=0.00087 <= floor=0.00600  meta_conf=0.5372,-1,0.0,0.0,
BNB/USDT,1426,2026-05-08 07:00:00,long,0.53815,88.21,60.0,636.91,3.253571,med_med_down,True,False,False,False,True,0.0,-0.4075927894682521,56.503432451701656,0.0,0.000708,0.006,0.0,0.0,50.0,0.0,0.0,-1,0.0,G4_EV,ev=0.00071 <= floor=0.00600  meta_conf=0.5381,-1,0.0,0.0,
BNB/USDT,1427,2026-05-08 08:00:00,long,0.54227,90.15,60.0,638.22,3.241429,med_low_down,False,True,False,False,False,0.0,0.0,50.0,0.0,0.0,0.0,0.0,0.0,50.0,0.0,0.0,-1,0.0,G2_EDGE,reg.buy_ok=False  regime='med_low_down',-1,0.0,0.0,
BNB/USDT,1428,2026-05-08 09:00:00,long,0.54378,81.92,60.0,638.38,3.230714,med_low_down,False,True,False,False,False,0.0,0.0,50.0,0.0,0.0,0.0,0.0,0.0,50.0,0.0,0.0,-1,0.0,G2_EDGE,reg.buy_ok=False  regime='med_low_down',-1,0.0,0.0,
BNB/USDT,1429,2026-05-08 10:00:00,long,0.54546,84.09,60.0,639.55,3.23,med_low_down,False,True,False,False,False,0.0,0.0,50.0,0.0,0.0,0.0,0.0,0.0,50.0,0.0,0.0,-1,0.0,G2_EDGE,reg.buy_ok=False  regime='med_low_down',-1,0.0,0.0,
BNB/USDT,1430,2026-05-08 11:00:00,long,0.56173,88.36,60.0,641.02,3.180714,med_low_down,False,True,False,False,False,0.0,0.0,50.0,0.0,0.0,0.0,0.0,0.0,50.0,0.0,0.0,-1,0.0,G2_EDGE,reg.buy_ok=False  regime='med_low_down',-1,0.0,0.0,
BNB/USDT,1431,2026-05-08 12:00:00,long,0.5455,86.96,60.0,639.72,2.702143,med_low_down,False,True,False,False,False,0.0,0.0,50.0,0.0,0.0,0.0,0.0,0.0,50.0,0.0,0.0,-1,0.0,G2_EDGE,reg.buy_ok=False  regime='med_low_down',-1,0.0,0.0,
BNB/USDT,1432,2026-05-08 13:00:00,long,0.54209,86.1,60.0,638.96,2.659286,med_low_down,False,True,False,False,False,0.0,0.0,50.0,0.0,0.0,0.0,0.0,0.0,50.0,0.0,0.0,-1,0.0,G2_EDGE,reg.buy_ok=False  regime='med_low_down',-1,0.0,0.0,
BNB/USDT,1433,2026-05-08 14:00:00,long,0.5488,81.05,60.0,642.26,2.76,med_low_flat,True,True,False,True,True,0.0,0.37753156596208914,66.59754136794399,0.0,0.000167,0.006,0.0,0.0,50.0,0.0,0.0,-1,0.0,G4_EV,ev=0.00017 <= floor=0.00600  meta_conf=0.5488,-1,0.0,0.0,
BNB/USDT,1434,2026-05-08 15:00:00,long,0.56528,74.85,60.0,643.92,2.906429,med_low_flat,True,True,False,True,False,0.0,0.5086807152921015,60.33536351147632,0.0,0.000711,0.006,0.0,0.0,50.0,0.0,0.0,-1,0.0,G4_EV,ev=0.00071 <= floor=0.00600  meta_conf=0.5653,-1,0.0,0.0,
BNB/USDT,1435,2026-05-08 16:00:00,long,0.5558,77.05,60.0,642.47,2.719286,med_low_flat,True,True,False,True,True,0.0,0.27967281835750385,58.654098135932294,0.0,0.000237,0.006,0.0,0.0,50.0,0.0,0.0,-1,0.0,G4_EV,ev=0.00024 <= floor=0.00600  meta_conf=0.5558,-1,0.0,0.0,
BNB/USDT,1436,2026-05-08 17:00:00,long,0.56152,74.46,60.0,645.75,2.788571,med_low_flat,True,True,False,True,False,0.0,0.638858688454842,47.429899595985816,1.0,0.000434,0.006,0.0,0.0,50.0,0.0,0.0,-1,0.0,G4_EV,ev=0.00043 <= floor=0.00600  meta_conf=0.5615,-1,0.0,0.0,
BNB/USDT,1437,2026-05-08 18:00:00,long,0.575,75.56,60.0,647.7,2.855714,med_low_flat,True,True,False,True,False,0.0,0.6470811433432953,39.973148044330486,1.0,0.000795,0.006,0.0,0.0,50.0,0.0,0.0,-1,0.0,G4_EV,ev=0.00079 <= floor=0.00600  meta_conf=0.5750,-1,0.0,0.0,
BNB/USDT,1438,2026-05-08 19:00:00,long,0.58265,60.85,60.0,648.09,2.837857,med_low_flat,True,True,False,True,False,0.0,0.6164030734389495,39.445167150083655,0.0,0.000913,0.006,0.0,0.0,50.0,0.0,0.0,-1,0.0,G4_EV,ev=0.00091 <= floor=0.00600  meta_conf=0.5826,-1,0.0,0.0,
BNB/USDT,1439,2026-05-08 20:00:00,long,0.5548,62.73,60.0,646.66,2.799286,med_low_flat,True,True,False,True,False,0.0,0.49543515004182975,39.30388349306433,0.0,0.000314,0.006,0.0,0.0,50.0,0.0,0.0,-1,0.0,G4_EV,ev=0.00031 <= floor=0.00600  meta_conf=0.5548,-1,0.0,0.0,
BNB/USDT,1440,2026-05-08 21:00:00,long,0.56698,60.72,60.0,650.01,2.917857,med_low_up,True,False,False,True,False,0.0,0.6970580165299115,40.234343035582356,1.0,0.00072,0.006,0.0,0.0,50.0,0.0,0.0,-1,0.0,G4_EV,ev=0.00072 <= floor=0.00600  meta_conf=0.5670,-1,0.0,0.0,
BNB/USDT,1441,2026-05-08 22:00:00,long,0.55338,62.11,60.0,650.07,2.861429,med_low_up,True,False,False,True,False,0.0,0.659426845664198,40.23050898517625,1.0,0.000359,0.006,0.0,0.0,50.0,0.0,0.0,-1,0.0,G4_EV,ev=0.00036 <= floor=0.00600  meta_conf=0.5534,-1,0.0,0.0,
BNB/USDT,1442,2026-05-08 23:00:00,long,0.54157,57.86,60.0,649.36,2.902143,med_low_up,True,False,False,False,False,0.0,0.0,50.0,0.0,0.0,0.0,0.0,0.0,50.0,0.0,0.0,-1,0.0,G2_EDGE,edge=57.9 < thr=60.0,-1,0.0,0.0,
BNB/USDT,1443,2026-05-09 00:00:00,long,0.54388,64.39,60.0,651.9,2.982143,med_low_up,True,False,False,True,False,0.0,0.6824808261115873,37.375090290342456,1.0,0.000334,0.006,0.0,0.0,50.0,0.0,0.0,-1,0.0,G4_EV,ev=0.00033 <= floor=0.00600  meta_conf=0.5439,-1,0.0,0.0,
BNB/USDT,1444,2026-05-09 01:00:00,long,0.58086,69.78,60.0,654.41,3.125,med_low_up,True,False,False,True,False,0.0,0.6845418765648491,29.37462058995886,1.0,0.001319,0.006,0.0,0.0,50.0,0.0,0.0,-1,0.0,G4_EV,ev=0.00132 <= floor=0.00600  meta_conf=0.5809,-1,0.0,0.0,
BNB/USDT,1445,2026-05-09 02:00:00,long,0.5607,63.54,60.0,654.26,3.08,med_low_up,True,False,False,True,False,0.0,0.5573254820276674,29.732516004549048,0.0,0.000817,0.006,0.0,0.0,50.0,0.0,0.0,-1,0.0,G4_EV,ev=0.00082 <= floor=0.00600  meta_conf=0.5607,-1,0.0,0.0,
BNB/USDT,1446,2026-05-09 03:00:00,long,0.5429,60.1,60.0,653.66,3.036429,med_low_up,True,False,False,True,False,0.0,0.49671847359007665,33.02825616928643,0.0,0.000381,0.006,0.0,0.0,50.0,0.0,0.0,-1,0.0,G4_EV,ev=0.00038 <= floor=0.00600  meta_conf=0.5429,-1,0.0,0.0,
BNB/USDT,1447,2026-05-09 04:00:00,long,0.53933,82.7,60.0,653.17,2.977857,med_low_up,True,False,False,True,False,0.0,0.4700694621358061,34.11217306496515,0.0,0.000226,0.006,0.0,0.0,50.0,0.0,0.0,-1,0.0,G4_EV,ev=0.00023 <= floor=0.00600  meta_conf=0.5393,-1,0.0,0.0,
BNB/USDT,1448,2026-05-09 05:00:00,long,0.5173,90.14,60.0,651.15,2.812143,med_low_up,True,False,False,True,False,0.0,0.2896410695571511,41.42070435694323,0.0,-0.000425,0.006,0.0,0.0,50.0,0.0,0.0,-1,0.0,G4_EV,ev=-0.00042 <= floor=0.00600  meta_conf=0.5173,-1,0.0,0.0,
BNB/USDT,1449,2026-05-09 06:00:00,long,0.50856,64.19,60.0,651.6,2.830714,med_low_up,True,False,False,True,False,0.0,0.3739691006088185,41.57991654847251,0.0,-0.000575,0.006,0.0,0.0,50.0,0.0,0.0,-1,0.0,G4_EV,ev=-0.00057 <= floor=0.00600  meta_conf=0.5086,-1,0.0,0.0,
BNB/USDT,1450,2026-05-09 07:00:00,long,0.51471,65.61,60.0,649.77,2.684286,med_low_up,True,False,False,True,False,0.0,0.1283351942485926,52.29127290489774,0.0,-0.000628,0.006,0.0,0.0,50.0,0.0,0.0,-1,0.0,G4_EV,ev=-0.00063 <= floor=0.00600  meta_conf=0.5147,-1,0.0,0.0,
BNB/USDT,1451,2026-05-09 08:00:00,long,0.50277,63.21,60.0,650.63,2.509286,med_low_up,True,False,False,True,False,0.0,0.15964961971980518,52.33924585485311,0.0,-0.001059,0.006,0.0,0.0,50.0,0.0,0.0,-1,0.0,G4_EV,ev=-0.00106 <= floor=0.00600  meta_conf=0.5028,-1,0.0,0.0,
BNB/USDT,1452,2026-05-09 09:00:00,long,0.51094,63.51,60.0,649.8,2.552143,med_low_up,True,False,False,True,False,0.0,0.057392181595954835,52.07002275980495,0.0,-0.000861,0.006,0.0,0.0,50.0,0.0,0.0,-1,0.0,G4_EV,ev=-0.00086 <= floor=0.00600  meta_conf=0.5109,-1,0.0,0.0,
BNB/USDT,1453,2026-05-09 10:00:00,long,0.50877,62.5,60.0,649.18,2.437857,med_low_up,True,False,False,True,False,0.0,-0.09053402442365877,52.980386900249755,0.0,-0.001035,0.006,0.0,0.0,50.0,0.0,0.0,-1,0.0,G4_EV,ev=-0.00104 <= floor=0.00600  meta_conf=0.5088,-1,0.0,0.0,
BNB/USDT,1454,2026-05-09 11:00:00,long,0.50649,63.76,60.0,650.04,2.275,med_low_up,True,False,False,True,False,0.0,0.008967817510542514,59.20104797832899,0.0,-0.001273,0.006,0.0,0.0,50.0,0.0,0.0,-1,0.0,G4_EV,ev=-0.00127 <= floor=0.00600  meta_conf=0.5065,-1,0.0,0.0,
BNB/USDT,1455,2026-05-09 12:00:00,long,0.51299,61.51,60.0,649.83,2.279286,low_low_up,False,True,False,False,False,0.0,0.0,50.0,0.0,0.0,0.0,0.0,0.0,50.0,0.0,0.0,-1,0.0,G2_EDGE,reg.buy_ok=False  regime='low_low_up',-1,0.0,0.0,
BNB/USDT,1456,2026-05-09 13:00:00,long,0.52466,62.78,60.0,649.46,2.197143,low_low_up,False,True,False,False,False,0.0,0.0,50.0,0.0,0.0,0.0,0.0,0.0,50.0,0.0,0.0,-1,0.0,G2_EDGE,reg.buy_ok=False  regime='low_low_up',-1,0.0,0.0,
BNB/USDT,1457,2026-05-09 14:00:00,long,0.53589,71.51,60.0,647.0,2.144286,low_low_up,False,True,False,False,False,0.0,0.0,50.0,0.0,0.0,0.0,0.0,0.0,50.0,0.0,0.0,-1,0.0,G2_EDGE,reg.buy_ok=False  regime='low_low_up',-1,0.0,0.0,
BNB/USDT,1458,2026-05-09 15:00:00,long,0.5238,70.96,60.0,647.66,2.02,low_low_flat,True,True,False,True,True,0.0,-0.32881286165421736,49.24669324781755,0.0,-0.001327,0.006,0.0,0.0,50.0,0.0,0.0,-1,0.0,G4_EV,ev=-0.00133 <= floor=0.00600  meta_conf=0.5238,-1,0.0,0.0,
BNB/USDT,1459,2026-05-09 16:00:00,long,0.51962,77.77,60.0,648.35,2.113571,low_low_up,False,True,False,False,False,0.0,0.0,50.0,0.0,0.0,0.0,0.0,0.0,50.0,0.0,0.0,-1,0.0,G2_EDGE,reg.buy_ok=False  regime='low_low_up',-1,0.0,0.0,
BNB/USDT,1460,2026-05-09 17:00:00,long,0.50569,59.47,60.0,649.9,2.137857,low_low_flat,True,True,False,False,False,0.0,0.0,50.0,0.0,0.0,0.0,0.0,0.0,50.0,0.0,0.0,-1,0.0,G2_EDGE,edge=59.5 < thr=60.0,-1,0.0,0.0,
BNB/USDT,1461,2026-05-09 18:00:00,long,0.50334,53.64,60.0,651.08,2.061429,low_low_flat,True,True,False,False,False,0.0,0.0,50.0,0.0,0.0,0.0,0.0,0.0,50.0,0.0,0.0,-1,0.0,G2_EDGE,edge=53.6 < thr=60.0,-1,0.0,0.0,
BNB/USDT,1462,2026-05-09 19:00:00,long,0.51505,52.83,60.0,651.01,1.957857,low_low_flat,True,True,False,False,False,0.0,0.0,50.0,0.0,0.0,0.0,0.0,0.0,50.0,0.0,0.0,-1,0.0,G2_EDGE,edge=52.8 < thr=60.0,-1,0.0,0.0,
BNB/USDT,1463,2026-05-09 20:00:00,long,0.52029,54.69,60.0,650.62,1.91,low_low_flat,True,True,False,False,False,0.0,0.0,50.0,0.0,0.0,0.0,0.0,0.0,50.0,0.0,0.0,-1,0.0,G2_EDGE,edge=54.7 < thr=60.0,-1,0.0,0.0,
BNB/USDT,1464,2026-05-09 21:00:00,long,0.51171,61.71,60.0,651.48,1.843571,low_low_flat,True,True,False,True,True,0.0,0.42286744953798333,60.90982859565933,0.0,-0.001728,0.006,0.0,0.0,50.0,0.0,0.0,-1,0.0,G4_EV,ev=-0.00173 <= floor=0.00600  meta_conf=0.5117,-1,0.0,0.0,
BNB/USDT,1465,2026-05-09 22:00:00,long,0.51993,54.75,60.0,651.0,1.884286,low_low_flat,True,True,False,False,False,0.0,0.0,50.0,0.0,0.0,0.0,0.0,0.0,50.0,0.0,0.0,-1,0.0,G2_EDGE,edge=54.8 < thr=60.0,-1,0.0,0.0,
BNB/USDT,1466,2026-05-09 23:00:00,long,0.54397,53.08,60.0,649.75,1.854286,low_low_flat,True,True,False,False,False,0.0,0.0,50.0,0.0,0.0,0.0,0.0,0.0,50.0,0.0,0.0,-1,0.0,G2_EDGE,edge=53.1 < thr=60.0,-1,0.0,0.0,
BNB/USDT,1467,2026-05-10 00:00:00,long,0.5172,58.96,60.0,646.9,2.035,low_low_flat,True,True,False,False,False,0.0,0.0,50.0,0.0,0.0,0.0,0.0,0.0,50.0,0.0,0.0,-1,0.0,G2_EDGE,edge=59.0 < thr=60.0,-1,0.0,0.0,
BNB/USDT,1468,2026-05-10 01:00:00,long,0.51528,54.55,60.0,646.69,2.072143,low_low_down,False,False,False,False,False,0.0,0.0,50.0,0.0,0.0,0.0,0.0,0.0,50.0,0.0,0.0,-1,0.0,G2_EDGE,reg.buy_ok=False  regime='low_low_down',-1,0.0,0.0,
BNB/USDT,1469,2026-05-10 02:00:00,long,0.51448,51.24,60.0,647.69,2.117143,low_low_down,False,False,False,False,False,0.0,0.0,50.0,0.0,0.0,0.0,0.0,0.0,50.0,0.0,0.0,-1,0.0,G2_EDGE,reg.buy_ok=False  regime='low_low_down',-1,0.0,0.0,
BNB/USDT,1470,2026-05-10 03:00:00,long,0.53023,55.23,60.0,647.7,2.145714,low_low_flat,True,True,False,False,False,0.0,0.0,50.0,0.0,0.0,0.0,0.0,0.0,50.0,0.0,0.0,-1,0.0,G2_EDGE,edge=55.2 < thr=60.0,-1,0.0,0.0,
BNB/USDT,1471,2026-05-10 04:00:00,long,0.52853,49.71,60.0,648.01,2.051429,low_low_flat,True,True,False,False,False,0.0,0.0,50.0,0.0,0.0,0.0,0.0,0.0,50.0,0.0,0.0,-1,0.0,G2_EDGE,edge=49.7 < thr=60.0,-1,0.0,0.0,
BNB/USDT,1472,2026-05-10 05:00:00,long,0.52284,52.25,60.0,648.39,1.975714,low_low_flat,True,True,False,False,False,0.0,0.0,50.0,0.0,0.0,0.0,0.0,0.0,50.0,0.0,0.0,-1,0.0,G2_EDGE,edge=52.2 < thr=60.0,-1,0.0,0.0,
BNB/USDT,1473,2026-05-10 06:00:00,long,0.519,54.87,60.0,648.51,1.896429,low_low_flat,True,True,False,False,False,0.0,0.0,50.0,0.0,0.0,0.0,0.0,0.0,50.0,0.0,0.0,-1,0.0,G2_EDGE,edge=54.9 < thr=60.0,-1,0.0,0.0,
BNB/USDT,1474,2026-05-10 07:00:00,short,0.50481,58.67,60.0,648.28,1.837857,low_low_flat,True,True,False,False,False,0.0,0.0,50.0,0.0,0.0,0.0,0.0,0.0,50.0,0.0,0.0,-1,0.0,G2_EDGE,edge=58.7 < thr=60.0,-1,0.0,0.0,
BNB/USDT,1475,2026-05-10 08:00:00,short,0.5132,54.61,60.0,650.37,1.891429,low_low_flat,True,True,False,False,False,0.0,0.0,50.0,0.0,0.0,0.0,0.0,0.0,50.0,0.0,0.0,-1,0.0,G2_EDGE,edge=54.6 < thr=60.0,-1,0.0,0.0,
BNB/USDT,1476,2026-05-10 09:00:00,long,0.50468,78.94,60.0,651.37,1.995,low_low_flat,True,True,False,True,True,0.0,0.43182792959606053,49.1457090487245,0.0,-0.001638,0.006,0.0,0.0,50.0,0.0,0.0,-1,0.0,G4_EV,ev=-0.00164 <= floor=0.00600  meta_conf=0.5047,-1,0.0,0.0,
BNB/USDT,1477,2026-05-10 10:00:00,short,0.50296,49.61,60.0,650.9,2.025714,low_low_flat,True,True,False,False,False,0.0,0.0,50.0,0.0,0.0,0.0,0.0,0.0,50.0,0.0,0.0,-1,0.0,G2_EDGE,edge=49.6 < thr=60.0,-1,0.0,0.0,
BNB/USDT,1478,2026-05-10 11:00:00,short,0.52615,55.58,60.0,649.59,2.167143,low_low_flat,True,True,False,False,False,0.0,0.0,50.0,0.0,0.0,0.0,0.0,0.0,50.0,0.0,0.0,-1,0.0,G2_EDGE,edge=55.6 < thr=60.0,-1,0.0,0.0,
BNB/USDT,1479,2026-05-10 12:00:00,short,0.52505,52.07,60.0,649.61,2.117143,low_low_flat,True,True,False,False,False,0.0,0.0,50.0,0.0,0.0,0.0,0.0,0.0,50.0,0.0,0.0,-1,0.0,G2_EDGE,edge=52.1 < thr=60.0,-1,0.0,0.0,
BNB/USDT,1480,2026-05-10 13:00:00,long,0.50263,64.34,60.0,651.09,2.137143,low_low_flat,True,True,False,True,True,0.0,0.5814769363733644,52.830614746801025,0.0,-0.001499,0.006,0.0,0.0,50.0,0.0,0.0,-1,0.0,G4_EV,ev=-0.00150 <= floor=0.00600  meta_conf=0.5026,-1,0.0,0.0,
BNB/USDT,1481,2026-05-10 14:00:00,short,0.50557,52.07,60.0,651.7,2.029286,low_low_up,False,True,False,False,False,0.0,0.0,50.0,0.0,0.0,0.0,0.0,0.0,50.0,0.0,0.0,-1,0.0,G2_EDGE,edge=52.1 < thr=60.0,-1,0.0,0.0,
BNB/USDT,1482,2026-05-10 15:00:00,long,0.54554,65.24,60.0,655.5,2.203571,low_low_up,False,True,False,False,False,0.0,0.0,50.0,0.0,0.0,0.0,0.0,0.0,50.0,0.0,0.0,-1,0.0,G2_EDGE,reg.buy_ok=False  regime='low_low_up',-1,0.0,0.0,
BNB/USDT,1483,2026-05-10 16:00:00,long,0.55504,49.53,60.0,657.12,2.268571,low_low_up,False,True,False,False,False,0.0,0.0,50.0,0.0,0.0,0.0,0.0,0.0,50.0,0.0,0.0,-1,0.0,G2_EDGE,reg.buy_ok=False  regime='low_low_up',-1,0.0,0.0,
BNB/USDT,1484,2026-05-10 17:00:00,long,0.55031,52.65,60.0,660.6,2.475714,low_low_up,False,True,False,False,False,0.0,0.0,50.0,0.0,0.0,0.0,0.0,0.0,50.0,0.0,0.0,-1,0.0,G2_EDGE,reg.buy_ok=False  regime='low_low_up',-1,0.0,0.0,
BNB/USDT,1485,2026-05-10 18:00:00,long,0.61038,70.2,60.0,660.65,2.561429,low_low_up,False,True,False,False,False,0.0,0.0,50.0,0.0,0.0,0.0,0.0,0.0,50.0,0.0,0.0,-1,0.0,G2_EDGE,reg.buy_ok=False  regime='low_low_up',-1,0.0,0.0,
BNB/USDT,1486,2026-05-10 19:00:00,long,0.63238,64.21,60.0,661.14,2.730714,low_low_up,False,True,False,False,False,0.0,0.0,50.0,0.0,0.0,0.0,0.0,0.0,50.0,0.0,0.0,-1,0.0,G2_EDGE,reg.buy_ok=False  regime='low_low_up',-1,0.0,0.0,
BNB/USDT,1487,2026-05-10 20:00:00,long,0.56029,100.0,60.0,651.68,3.609286,low_med_flat,False,False,False,False,False,0.0,0.0,50.0,0.0,0.0,0.0,0.0,0.0,50.0,0.0,0.0,-1,0.0,G2_EDGE,reg.buy_ok=False  regime='low_med_flat',-1,0.0,0.0,
BNB/USDT,1488,2026-05-10 21:00:00,long,0.57462,96.69,60.0,652.53,3.782857,low_med_flat,False,False,False,False,False,0.0,0.0,50.0,0.0,0.0,0.0,0.0,0.0,50.0,0.0,0.0,-1,0.0,G2_EDGE,reg.buy_ok=False  regime='low_med_flat',-1,0.0,0.0,
BNB/USDT,1489,2026-05-10 22:00:00,long,0.65708,89.91,60.0,665.79,4.638571,med_med_up,False,False,False,False,False,0.0,0.0,50.0,0.0,0.0,0.0,0.0,0.0,50.0,0.0,0.0,-1,0.0,G2_EDGE,reg.buy_ok=False  regime='med_med_up',-1,0.0,0.0,
BNB/USDT,1490,2026-05-10 23:00:00,long,0.64253,79.44,60.0,663.55,4.721429,med_med_up,False,False,False,False,False,0.0,0.0,50.0,0.0,0.0,0.0,0.0,0.0,50.0,0.0,0.0,-1,0.0,G2_EDGE,reg.buy_ok=False  regime='med_med_up',-1,0.0,0.0,
BNB/USDT,1491,2026-05-11 00:00:00,long,0.62453,77.89,60.0,657.82,5.191429,med_high_up,,,True,False,False,0.0,0.0,50.0,0.0,0.0,0.0,0.0,0.0,50.0,0.0,0.0,-1,0.0,G1_REGIME,regime='med_high_up' skipped=True reg_empty=False,-1,0.0,0.0,
BNB/USDT,1492,2026-05-11 01:00:00,long,0.64628,78.22,60.0,657.2,5.268571,med_high_up,,,True,False,False,0.0,0.0,50.0,0.0,0.0,0.0,0.0,0.0,50.0,0.0,0.0,-1,0.0,G1_REGIME,regime='med_high_up' skipped=True reg_empty=False,-1,0.0,0.0,
BNB/USDT,1493,2026-05-11 02:00:00,long,0.63653,96.33,60.0,655.34,5.465,med_high_up,,,True,False,False,0.0,0.0,50.0,0.0,0.0,0.0,0.0,0.0,50.0,0.0,0.0,-1,0.0,G1_REGIME,regime='med_high_up' skipped=True reg_empty=False,-1,0.0,0.0,
BNB/USDT,1494,2026-05-11 03:00:00,long,0.63931,97.26,60.0,651.79,5.675,med_high_flat,,,True,False,False,0.0,0.0,50.0,0.0,0.0,0.0,0.0,0.0,50.0,0.0,0.0,-1,0.0,G1_REGIME,regime='med_high_flat' skipped=True reg_empty=False,-1,0.0,0.0,
BNB/USDT,1495,2026-05-11 04:00:00,long,0.63173,93.71,60.0,652.04,5.686429,med_high_flat,,,True,False,False,0.0,0.0,50.0,0.0,0.0,0.0,0.0,0.0,50.0,0.0,0.0,-1,0.0,G1_REGIME,regime='med_high_flat' skipped=True reg_empty=False,-1,0.0,0.0,
BNB/USDT,1496,2026-05-11 05:00:00,long,0.6325,91.43,60.0,652.99,5.565,med_high_up,,,True,False,False,0.0,0.0,50.0,0.0,0.0,0.0,0.0,0.0,50.0,0.0,0.0,-1,0.0,G1_REGIME,regime='med_high_up' skipped=True reg_empty=False,-1,0.0,0.0,
BNB/USDT,1497,2026-05-11 06:00:00,long,0.62018,88.56,60.0,651.5,5.582857,med_high_flat,,,True,False,False,0.0,0.0,50.0,0.0,0.0,0.0,0.0,0.0,50.0,0.0,0.0,-1,0.0,G1_REGIME,regime='med_high_flat' skipped=True reg_empty=False,-1,0.0,0.0,
BNB/USDT,1498,2026-05-11 07:00:00,long,0.60898,67.94,60.0,650.61,5.342143,med_high_flat,,,True,False,False,0.0,0.0,50.0,0.0,0.0,0.0,0.0,0.0,50.0,0.0,0.0,-1,0.0,G1_REGIME,regime='med_high_flat' skipped=True reg_empty=False,-1,0.0,0.0,
BNB/USDT,1499,2026-05-11 08:00:00,long,0.61308,68.73,60.0,651.06,5.340714,med_high_flat,,,True,False,False,0.0,0.0,50.0,0.0,0.0,0.0,0.0,0.0,50.0,0.0,0.0,-1,0.0,G1_REGIME,regime='med_high_flat' skipped=True reg_empty=False,-1,0.0,0.0,
BNB/USDT,1500,2026-05-11 09:00:00,long,0.60752,70.92,60.0,653.07,5.25,med_high_flat,,,True,False,False,0.0,0.0,50.0,0.0,0.0,0.0,0.0,0.0,50.0,0.0,0.0,-1,0.0,G1_REGIME,regime='med_high_flat' skipped=True reg_empty=False,-1,0.0,0.0,
BNB/USDT,1501,2026-05-11 10:00:00,long,0.64547,71.69,60.0,653.89,4.377857,high_med_flat,False,False,False,False,False,0.0,0.0,50.0,0.0,0.0,0.0,0.0,0.0,50.0,0.0,0.0,-1,0.0,G2_EDGE,reg.buy_ok=False  regime='high_med_flat',-1,0.0,0.0,
BNB/USDT,1502,2026-05-11 11:00:00,long,0.64374,73.79,60.0,655.92,4.294286,high_med_up,False,True,False,False,False,0.0,0.0,50.0,0.0,0.0,0.0,0.0,0.0,50.0,0.0,0.0,-1,0.0,G2_EDGE,reg.buy_ok=False  regime='high_med_up',-1,0.0,0.0,
BNB/USDT,1503,2026-05-11 12:00:00,long,0.60415,66.19,60.0,654.75,3.412143,high_med_up,False,True,False,False,False,0.0,0.0,50.0,0.0,0.0,0.0,0.0,0.0,50.0,0.0,0.0,-1,0.0,G2_EDGE,reg.buy_ok=False  regime='high_med_up',-1,0.0,0.0,
BNB/USDT,1504,2026-05-11 13:00:00,long,0.59667,68.6,60.0,654.5,3.541429,high_med_flat,False,False,False,False,False,0.0,0.0,50.0,0.0,0.0,0.0,0.0,0.0,50.0,0.0,0.0,-1,0.0,G2_EDGE,reg.buy_ok=False  regime='high_med_flat',-1,0.0,0.0,
BNB/USDT,1505,2026-05-11 14:00:00,long,0.61724,73.47,60.0,656.24,3.275,high_low_flat,,,True,False,False,0.0,0.0,50.0,0.0,0.0,0.0,0.0,0.0,50.0,0.0,0.0,-1,0.0,G1_REGIME,regime='high_low_flat' skipped=True reg_empty=False,-1,0.0,0.0,
BNB/USDT,1506,2026-05-11 15:00:00,long,0.63526,61.68,60.0,661.5,3.347857,high_low_up,,,True,False,False,0.0,0.0,50.0,0.0,0.0,0.0,0.0,0.0,50.0,0.0,0.0,-1,0.0,G1_REGIME,regime='high_low_up' skipped=True reg_empty=False,-1,0.0,0.0,
BNB/USDT,1507,2026-05-11 16:00:00,long,0.62537,58.98,60.0,661.51,3.313571,high_low_flat,,,True,False,False,0.0,0.0,50.0,0.0,0.0,0.0,0.0,0.0,50.0,0.0,0.0,-1,0.0,G1_REGIME,regime='high_low_flat' skipped=True reg_empty=False,-1,0.0,0.0,
BNB/USDT,1508,2026-05-11 17:00:00,long,0.61374,42.54,60.0,662.54,3.186429,high_low_flat,,,True,False,False,0.0,0.0,50.0,0.0,0.0,0.0,0.0,0.0,50.0,0.0,0.0,-1,0.0,G1_REGIME,regime='high_low_flat' skipped=True reg_empty=False,-1,0.0,0.0,
BNB/USDT,1509,2026-05-11 18:00:00,long,0.62164,61.38,60.0,661.53,3.147857,high_low_flat,,,True,False,False,0.0,0.0,50.0,0.0,0.0,0.0,0.0,0.0,50.0,0.0,0.0,-1,0.0,G1_REGIME,regime='high_low_flat' skipped=True reg_empty=False,-1,0.0,0.0,
BNB/USDT,1510,2026-05-11 19:00:00,long,0.61083,65.42,60.0,663.32,3.132143,high_low_flat,,,True,False,False,0.0,0.0,50.0,0.0,0.0,0.0,0.0,0.0,50.0,0.0,0.0,-1,0.0,G1_REGIME,regime='high_low_flat' skipped=True reg_empty=False,-1,0.0,0.0,
BNB/USDT,1511,2026-05-11 20:00:00,long,0.60801,56.14,60.0,662.66,3.095714,high_low_up,,,True,False,False,0.0,0.0,50.0,0.0,0.0,0.0,0.0,0.0,50.0,0.0,0.0,-1,0.0,G1_REGIME,regime='high_low_up' skipped=True reg_empty=False,-1,0.0,0.0,
BNB/USDT,1512,2026-05-11 21:00:00,long,0.60556,56.97,60.0,663.94,3.126429,high_low_up,,,True,False,False,0.0,0.0,50.0,0.0,0.0,0.0,0.0,0.0,50.0,0.0,0.0,-1,0.0,G1_REGIME,regime='high_low_up' skipped=True reg_empty=False,-1,0.0,0.0,
BNB/USDT,1513,2026-05-11 22:00:00,long,0.61207,87.99,60.0,670.06,3.54,high_med_flat,False,False,False,False,False,0.0,0.0,50.0,0.0,0.0,0.0,0.0,0.0,50.0,0.0,0.0,-1,0.0,G2_EDGE,reg.buy_ok=False  regime='high_med_flat',-1,0.0,0.0,
BNB/USDT,1514,2026-05-11 23:00:00,long,0.6488,73.55,60.0,670.6,3.722143,high_med_up,False,True,False,False,False,0.0,0.0,50.0,0.0,0.0,0.0,0.0,0.0,50.0,0.0,0.0,-1,0.0,G2_EDGE,reg.buy_ok=False  regime='high_med_up',-1,0.0,0.0,
BNB/USDT,1515,2026-05-12 00:00:00,long,0.57247,66.4,60.0,668.71,3.877143,high_med_up,False,True,False,False,False,0.0,0.0,50.0,0.0,0.0,0.0,0.0,0.0,50.0,0.0,0.0,-1,0.0,G2_EDGE,reg.buy_ok=False  regime='high_med_up',-1,0.0,0.0,
BNB/USDT,1516,2026-05-12 01:00:00,long,0.57166,93.07,60.0,663.45,4.440714,high_med_up,False,True,False,False,False,0.0,0.0,50.0,0.0,0.0,0.0,0.0,0.0,50.0,0.0,0.0,-1,0.0,G2_EDGE,reg.buy_ok=False  regime='high_med_up',-1,0.0,0.0,
BNB/USDT,1517,2026-05-12 02:00:00,long,0.58052,79.92,60.0,662.88,4.554286,high_med_up,False,True,False,False,False,0.0,0.0,50.0,0.0,0.0,0.0,0.0,0.0,50.0,0.0,0.0,-1,0.0,G2_EDGE,reg.buy_ok=False  regime='high_med_up',-1,0.0,0.0,
BNB/USDT,1518,2026-05-12 03:00:00,long,0.58141,76.43,60.0,662.02,4.367143,high_med_up,False,True,False,False,False,0.0,0.0,50.0,0.0,0.0,0.0,0.0,0.0,50.0,0.0,0.0,-1,0.0,G2_EDGE,reg.buy_ok=False  regime='high_med_up',-1,0.0,0.0,
BNB/USDT,1519,2026-05-12 04:00:00,long,0.57729,79.84,60.0,662.58,4.260714,high_med_up,False,True,False,False,False,0.0,0.0,50.0,0.0,0.0,0.0,0.0,0.0,50.0,0.0,0.0,-1,0.0,G2_EDGE,reg.buy_ok=False  regime='high_med_up',-1,0.0,0.0,
BNB/USDT,1520,2026-05-12 05:00:00,long,0.57688,77.36,60.0,662.37,3.975714,high_med_up,False,True,False,False,False,0.0,0.0,50.0,0.0,0.0,0.0,0.0,0.0,50.0,0.0,0.0,-1,0.0,G2_EDGE,reg.buy_ok=False  regime='high_med_up',-1,0.0,0.0,
BNB/USDT,1521,2026-05-12 06:00:00,long,0.57875,75.07,60.0,660.16,3.989286,high_med_up,False,True,False,False,False,0.0,0.0,50.0,0.0,0.0,0.0,0.0,0.0,50.0,0.0,0.0,-1,0.0,G2_EDGE,reg.buy_ok=False  regime='high_med_up',-1,0.0,0.0,
BNB/USDT,1522,2026-05-12 07:00:00,long,0.5591,85.03,60.0,658.59,3.960714,high_med_up,False,True,False,False,False,0.0,0.0,50.0,0.0,0.0,0.0,0.0,0.0,50.0,0.0,0.0,-1,0.0,G2_EDGE,reg.buy_ok=False  regime='high_med_up',-1,0.0,0.0,
BNB/USDT,1523,2026-05-12 08:00:00,long,0.58797,76.28,60.0,659.38,4.005714,high_med_up,False,True,False,False,False,0.0,0.0,50.0,0.0,0.0,0.0,0.0,0.0,50.0,0.0,0.0,-1,0.0,G2_EDGE,reg.buy_ok=False  regime='high_med_up',-1,0.0,0.0,
BNB/USDT,1524,2026-05-12 09:00:00,long,0.58684,76.67,60.0,661.86,4.062857,high_med_up,False,True,False,False,False,0.0,0.0,50.0,0.0,0.0,0.0,0.0,0.0,50.0,0.0,0.0,-1,0.0,G2_EDGE,reg.buy_ok=False  regime='high_med_up',-1,0.0,0.0,
BNB/USDT,1525,2026-05-12 10:00:00,long,0.5854,76.21,60.0,661.54,4.017143,high_med_up,False,True,False,False,False,0.0,0.0,50.0,0.0,0.0,0.0,0.0,0.0,50.0,0.0,0.0,-1,0.0,G2_EDGE,reg.buy_ok=False  regime='high_med_up',-1,0.0,0.0,
BNB/USDT,1526,2026-05-12 11:00:00,long,0.58159,70.26,60.0,663.4,4.07,high_med_up,False,True,False,False,False,0.0,0.0,50.0,0.0,0.0,0.0,0.0,0.0,50.0,0.0,0.0,-1,0.0,G2_EDGE,reg.buy_ok=False  regime='high_med_up',-1,0.0,0.0,
BNB/USDT,1527,2026-05-12 12:00:00,long,0.55652,57.64,60.0,661.51,3.732143,high_med_up,False,True,False,False,False,0.0,0.0,50.0,0.0,0.0,0.0,0.0,0.0,50.0,0.0,0.0,-1,0.0,G2_EDGE,reg.buy_ok=False  regime='high_med_up',-1,0.0,0.0,
BNB/USDT,1528,2026-05-12 13:00:00,long,0.59159,67.26,60.0,657.14,3.847143,high_med_flat,False,False,False,False,False,0.0,0.0,50.0,0.0,0.0,0.0,0.0,0.0,50.0,0.0,0.0,-1,0.0,G2_EDGE,reg.buy_ok=False  regime='high_med_flat',-1,0.0,0.0,
BNB/USDT,1529,2026-05-12 14:00:00,long,0.5011,78.88,60.0,654.06,3.992143,high_med_flat,False,False,False,False,False,0.0,0.0,50.0,0.0,0.0,0.0,0.0,0.0,50.0,0.0,0.0,-1,0.0,G2_EDGE,reg.buy_ok=False  regime='high_med_flat',-1,0.0,0.0,
BNB/USDT,1530,2026-05-12 15:00:00,long,0.52467,66.58,60.0,652.26,3.650714,high_med_down,False,True,False,False,False,0.0,0.0,50.0,0.0,0.0,0.0,0.0,0.0,50.0,0.0,0.0,-1,0.0,G2_EDGE,reg.buy_ok=False  regime='high_med_down',-1,0.0,0.0,
BNB/USDT,1531,2026-05-12 16:00:00,long,0.52132,78.19,60.0,651.85,3.615,high_med_down,False,True,False,False,False,0.0,0.0,50.0,0.0,0.0,0.0,0.0,0.0,50.0,0.0,0.0,-1,0.0,G2_EDGE,reg.buy_ok=False  regime='high_med_down',-1,0.0,0.0,
BNB/USDT,1532,2026-05-12 17:00:00,short,0.52018,68.71,60.0,656.45,3.782143,high_med_flat,False,False,False,False,False,0.0,0.0,50.0,0.0,0.0,0.0,0.0,0.0,50.0,0.0,0.0,-1,0.0,G2_EDGE,reg.sell_ok=False  regime='high_med_flat',-1,0.0,0.0,
BNB/USDT,1533,2026-05-12 18:00:00,short,0.51867,69.64,60.0,660.38,3.883571,high_med_flat,False,False,False,False,False,0.0,0.0,50.0,0.0,0.0,0.0,0.0,0.0,50.0,0.0,0.0,-1,0.0,G2_EDGE,reg.sell_ok=False  regime='high_med_flat',-1,0.0,0.0,
BNB/USDT,1534,2026-05-12 19:00:00,long,0.54864,67.83,60.0,663.07,3.968571,high_med_flat,False,False,False,False,False,0.0,0.0,50.0,0.0,0.0,0.0,0.0,0.0,50.0,0.0,0.0,-1,0.0,G2_EDGE,reg.buy_ok=False  regime='high_med_flat',-1,0.0,0.0,
BNB/USDT,1535,2026-05-12 20:00:00,long,0.57976,71.37,60.0,665.42,3.897143,high_med_flat,False,False,False,False,False,0.0,0.0,50.0,0.0,0.0,0.0,0.0,0.0,50.0,0.0,0.0,-1,0.0,G2_EDGE,reg.buy_ok=False  regime='high_med_flat',-1,0.0,0.0,
BNB/USDT,1536,2026-05-12 21:00:00,long,0.58565,74.0,60.0,665.26,3.876429,high_med_flat,False,False,False,False,False,0.0,0.0,50.0,0.0,0.0,0.0,0.0,0.0,50.0,0.0,0.0,-1,0.0,G2_EDGE,reg.buy_ok=False  regime='high_med_flat',-1,0.0,0.0,
BNB/USDT,1537,2026-05-12 22:00:00,long,0.60402,73.62,60.0,666.27,3.875714,high_med_flat,False,False,False,False,False,0.0,0.0,50.0,0.0,0.0,0.0,0.0,0.0,50.0,0.0,0.0,-1,0.0,G2_EDGE,reg.buy_ok=False  regime='high_med_flat',-1,0.0,0.0,
BNB/USDT,1538,2026-05-12 23:00:00,long,0.5719,71.78,60.0,664.95,3.818571,high_med_flat,False,False,False,False,False,0.0,0.0,50.0,0.0,0.0,0.0,0.0,0.0,50.0,0.0,0.0,-1,0.0,G2_EDGE,reg.buy_ok=False  regime='high_med_flat',-1,0.0,0.0,
BNB/USDT,1539,2026-05-13 00:00:00,long,0.54891,73.9,60.0,667.57,3.928571,high_med_flat,False,False,False,False,False,0.0,0.0,50.0,0.0,0.0,0.0,0.0,0.0,50.0,0.0,0.0,-1,0.0,G2_EDGE,reg.buy_ok=False  regime='high_med_flat',-1,0.0,0.0,
BNB/USDT,1540,2026-05-13 01:00:00,long,0.59616,98.17,60.0,678.34,4.66,high_med_up,False,True,False,False,False,0.0,0.0,50.0,0.0,0.0,0.0,0.0,0.0,50.0,0.0,0.0,-1,0.0,G2_EDGE,reg.buy_ok=False  regime='high_med_up',-1,0.0,0.0,
BNB/USDT,1541,2026-05-13 02:00:00,long,0.61109,72.58,60.0,680.44,4.628571,high_med_up,False,True,False,False,False,0.0,0.0,50.0,0.0,0.0,0.0,0.0,0.0,50.0,0.0,0.0,-1,0.0,G2_EDGE,reg.buy_ok=False  regime='high_med_up',-1,0.0,0.0,
BNB/USDT,1542,2026-05-13 03:00:00,long,0.60947,71.63,60.0,681.28,4.401429,high_med_up,False,True,False,False,False,0.0,0.0,50.0,0.0,0.0,0.0,0.0,0.0,50.0,0.0,0.0,-1,0.0,G2_EDGE,reg.buy_ok=False  regime='high_med_up',-1,0.0,0.0,
BNB/USDT,1543,2026-05-13 04:00:00,long,0.59287,67.29,60.0,679.81,4.374286,high_med_up,False,True,False,False,False,0.0,0.0,50.0,0.0,0.0,0.0,0.0,0.0,50.0,0.0,0.0,-1,0.0,G2_EDGE,reg.buy_ok=False  regime='high_med_up',-1,0.0,0.0,
BNB/USDT,1544,2026-05-13 05:00:00,long,0.58605,66.47,60.0,678.15,4.215,high_med_up,False,True,False,False,False,0.0,0.0,50.0,0.0,0.0,0.0,0.0,0.0,50.0,0.0,0.0,-1,0.0,G2_EDGE,reg.buy_ok=False  regime='high_med_up',-1,0.0,0.0,
BNB/USDT,1545,2026-05-13 06:00:00,long,0.57946,61.95,60.0,676.36,4.178571,high_med_up,False,True,False,False,False,0.0,0.0,50.0,0.0,0.0,0.0,0.0,0.0,50.0,0.0,0.0,-1,0.0,G2_EDGE,reg.buy_ok=False  regime='high_med_up',-1,0.0,0.0,
BNB/USDT,1546,2026-05-13 07:00:00,long,0.57028,63.07,60.0,679.02,4.04,high_med_up,False,True,False,False,False,0.0,0.0,50.0,0.0,0.0,0.0,0.0,0.0,50.0,0.0,0.0,-1,0.0,G2_EDGE,reg.buy_ok=False  regime='high_med_up',-1,0.0,0.0,
BNB/USDT,1547,2026-05-13 08:00:00,long,0.56232,66.48,60.0,683.0,4.04,high_med_up,False,True,False,False,False,0.0,0.0,50.0,0.0,0.0,0.0,0.0,0.0,50.0,0.0,0.0,-1,0.0,G2_EDGE,reg.buy_ok=False  regime='high_med_up',-1,0.0,0.0,
BNB/USDT,1548,2026-05-13 09:00:00,long,0.57315,68.57,60.0,685.18,4.103571,high_med_up,False,True,False,False,False,0.0,0.0,50.0,0.0,0.0,0.0,0.0,0.0,50.0,0.0,0.0,-1,0.0,G2_EDGE,reg.buy_ok=False  regime='high_med_up',-1,0.0,0.0,
BNB/USDT,1549,2026-05-13 10:00:00,long,0.56636,62.99,60.0,680.38,4.277143,high_med_up,False,True,False,False,False,0.0,0.0,50.0,0.0,0.0,0.0,0.0,0.0,50.0,0.0,0.0,-1,0.0,G2_EDGE,reg.buy_ok=False  regime='high_med_up',-1,0.0,0.0,
BNB/USDT,1550,2026-05-13 11:00:00,long,0.554,71.7,60.0,678.42,4.325714,high_med_up,False,True,False,False,False,0.0,0.0,50.0,0.0,0.0,0.0,0.0,0.0,50.0,0.0,0.0,-1,0.0,G2_EDGE,reg.buy_ok=False  regime='high_med_up',-1,0.0,0.0,
BNB/USDT,1551,2026-05-13 12:00:00,long,0.55981,100.0,60.0,672.76,4.945,high_med_up,False,True,False,False,False,0.0,0.0,50.0,0.0,0.0,0.0,0.0,0.0,50.0,0.0,0.0,-1,0.0,G2_EDGE,reg.buy_ok=False  regime='high_med_up',-1,0.0,0.0,
BNB/USDT,1552,2026-05-13 13:00:00,long,0.56826,81.73,60.0,667.67,5.305714,high_high_up,False,True,False,False,False,0.0,0.0,50.0,0.0,0.0,0.0,0.0,0.0,50.0,0.0,0.0,-1,0.0,G2_EDGE,reg.buy_ok=False  regime='high_high_up',-1,0.0,0.0,
BNB/USDT,1553,2026-05-13 14:00:00,long,0.55686,83.14,60.0,672.1,5.600714,high_high_up,False,True,False,False,False,0.0,0.0,50.0,0.0,0.0,0.0,0.0,0.0,50.0,0.0,0.0,-1,0.0,G2_EDGE,reg.buy_ok=False  regime='high_high_up',-1,0.0,0.0,
BNB/USDT,1554,2026-05-13 15:00:00,long,0.56483,78.59,60.0,664.19,5.402143,high_high_up,False,True,False,False,False,0.0,0.0,50.0,0.0,0.0,0.0,0.0,0.0,50.0,0.0,0.0,-1,0.0,G2_EDGE,reg.buy_ok=False  regime='high_high_up',-1,0.0,0.0,
BNB/USDT,1555,2026-05-13 16:00:00,long,0.5678,76.61,60.0,670.24,5.626429,high_high_up,False,True,False,False,False,0.0,0.0,50.0,0.0,0.0,0.0,0.0,0.0,50.0,0.0,0.0,-1,0.0,G2_EDGE,reg.buy_ok=False  regime='high_high_up',-1,0.0,0.0,
BNB/USDT,1556,2026-05-13 17:00:00,long,0.54518,73.65,60.0,670.76,5.557143,high_high_up,False,True,False,False,False,0.0,0.0,50.0,0.0,0.0,0.0,0.0,0.0,50.0,0.0,0.0,-1,0.0,G2_EDGE,reg.buy_ok=False  regime='high_high_up',-1,0.0,0.0,
BNB/USDT,1557,2026-05-13 18:00:00,long,0.55367,73.0,60.0,671.75,5.440714,high_high_up,False,True,False,False,False,0.0,0.0,50.0,0.0,0.0,0.0,0.0,0.0,50.0,0.0,0.0,-1,0.0,G2_EDGE,reg.buy_ok=False  regime='high_high_up',-1,0.0,0.0,
BNB/USDT,1558,2026-05-13 19:00:00,long,0.55456,72.0,60.0,671.32,5.394286,high_high_up,False,True,False,False,False,0.0,0.0,50.0,0.0,0.0,0.0,0.0,0.0,50.0,0.0,0.0,-1,0.0,G2_EDGE,reg.buy_ok=False  regime='high_high_up',-1,0.0,0.0,
BNB/USDT,1559,2026-05-13 20:00:00,long,0.54837,83.11,60.0,672.47,5.308571,high_high_up,False,True,False,False,False,0.0,0.0,50.0,0.0,0.0,0.0,0.0,0.0,50.0,0.0,0.0,-1,0.0,G2_EDGE,reg.buy_ok=False  regime='high_high_up',-1,0.0,0.0,
BNB/USDT,1560,2026-05-13 21:00:00,long,0.56811,80.32,60.0,669.28,5.338571,high_high_flat,False,True,False,False,False,0.0,0.0,50.0,0.0,0.0,0.0,0.0,0.0,50.0,0.0,0.0,-1,0.0,G2_EDGE,reg.buy_ok=False  regime='high_high_flat',-1,0.0,0.0,
BNB/USDT,1561,2026-05-13 22:00:00,long,0.56666,81.97,60.0,672.08,5.3,high_high_up,False,True,False,False,False,0.0,0.0,50.0,0.0,0.0,0.0,0.0,0.0,50.0,0.0,0.0,-1,0.0,G2_EDGE,reg.buy_ok=False  regime='high_high_up',-1,0.0,0.0,
BNB/USDT,1562,2026-05-13 23:00:00,long,0.57344,82.5,60.0,671.68,5.214286,high_high_up,False,True,False,False,False,0.0,0.0,50.0,0.0,0.0,0.0,0.0,0.0,50.0,0.0,0.0,-1,0.0,G2_EDGE,reg.buy_ok=False  regime='high_high_up',-1,0.0,0.0,
BNB/USDT,1563,2026-05-14 00:00:00,long,0.61505,83.2,60.0,675.18,5.282143,high_high_up,False,True,False,False,False,0.0,0.0,50.0,0.0,0.0,0.0,0.0,0.0,50.0,0.0,0.0,-1,0.0,G2_EDGE,reg.buy_ok=False  regime='high_high_up',-1,0.0,0.0,
BNB/USDT,1564,2026-05-14 01:00:00,long,0.63348,81.29,60.0,675.5,5.213571,high_high_flat,False,True,False,False,False,0.0,0.0,50.0,0.0,0.0,0.0,0.0,0.0,50.0,0.0,0.0,-1,0.0,G2_EDGE,reg.buy_ok=False  regime='high_high_flat',-1,0.0,0.0,
BNB/USDT,1565,2026-05-14 02:00:00,long,0.65562,87.5,60.0,669.93,4.852143,high_med_down,False,True,False,False,False,0.0,0.0,50.0,0.0,0.0,0.0,0.0,0.0,50.0,0.0,0.0,-1,0.0,G2_EDGE,reg.buy_ok=False  regime='high_med_down',-1,0.0,0.0,
BNB/USDT,1566,2026-05-14 03:00:00,long,0.64149,88.29,60.0,665.92,4.751429,high_med_down,False,True,False,False,False,0.0,0.0,50.0,0.0,0.0,0.0,0.0,0.0,50.0,0.0,0.0,-1,0.0,G2_EDGE,reg.buy_ok=False  regime='high_med_down',-1,0.0,0.0,
BNB/USDT,1567,2026-05-14 04:00:00,long,0.63859,86.66,60.0,667.47,4.405,high_med_down,False,True,False,False,False,0.0,0.0,50.0,0.0,0.0,0.0,0.0,0.0,50.0,0.0,0.0,-1,0.0,G2_EDGE,reg.buy_ok=False  regime='high_med_down',-1,0.0,0.0,
BNB/USDT,1568,2026-05-14 05:00:00,long,0.62406,88.35,60.0,669.75,4.001429,high_med_down,False,True,False,False,False,0.0,0.0,50.0,0.0,0.0,0.0,0.0,0.0,50.0,0.0,0.0,-1,0.0,G2_EDGE,reg.buy_ok=False  regime='high_med_down',-1,0.0,0.0,
BNB/USDT,1569,2026-05-14 06:00:00,long,0.61909,86.73,60.0,670.11,3.745,high_med_flat,False,False,False,False,False,0.0,0.0,50.0,0.0,0.0,0.0,0.0,0.0,50.0,0.0,0.0,-1,0.0,G2_EDGE,reg.buy_ok=False  regime='high_med_flat',-1,0.0,0.0,
BNB/USDT,1570,2026-05-14 07:00:00,long,0.63925,86.69,60.0,669.34,3.855,high_med_down,False,True,False,False,False,0.0,0.0,50.0,0.0,0.0,0.0,0.0,0.0,50.0,0.0,0.0,-1,0.0,G2_EDGE,reg.buy_ok=False  regime='high_med_down',-1,0.0,0.0,
BNB/USDT,1571,2026-05-14 08:00:00,long,0.63639,71.31,60.0,673.02,3.922857,high_med_down,False,True,False,False,False,0.0,0.0,50.0,0.0,0.0,0.0,0.0,0.0,50.0,0.0,0.0,-1,0.0,G2_EDGE,reg.buy_ok=False  regime='high_med_down',-1,0.0,0.0,
BNB/USDT,1572,2026-05-14 09:00:00,long,0.61935,69.28,60.0,670.63,4.002143,high_med_down,False,True,False,False,False,0.0,0.0,50.0,0.0,0.0,0.0,0.0,0.0,50.0,0.0,0.0,-1,0.0,G2_EDGE,reg.buy_ok=False  regime='high_med_down',-1,0.0,0.0,
BNB/USDT,1573,2026-05-14 10:00:00,long,0.64045,71.79,60.0,673.2,4.084286,high_med_down,False,True,False,False,False,0.0,0.0,50.0,0.0,0.0,0.0,0.0,0.0,50.0,0.0,0.0,-1,0.0,G2_EDGE,reg.buy_ok=False  regime='high_med_down',-1,0.0,0.0,
BNB/USDT,1574,2026-05-14 11:00:00,long,0.61915,60.04,60.0,670.85,4.062143,high_med_down,False,True,False,False,False,0.0,0.0,50.0,0.0,0.0,0.0,0.0,0.0,50.0,0.0,0.0,-1,0.0,G2_EDGE,reg.buy_ok=False  regime='high_med_down',-1,0.0,0.0,
BNB/USDT,1575,2026-05-14 12:00:00,long,0.63462,76.95,60.0,678.25,4.34,high_med_up,False,True,False,False,False,0.0,0.0,50.0,0.0,0.0,0.0,0.0,0.0,50.0,0.0,0.0,-1,0.0,G2_EDGE,reg.buy_ok=False  regime='high_med_up',-1,0.0,0.0,
BNB/USDT,1576,2026-05-14 13:00:00,long,0.65944,62.2,60.0,674.36,4.494286,med_med_up,False,False,False,False,False,0.0,0.0,50.0,0.0,0.0,0.0,0.0,0.0,50.0,0.0,0.0,-1,0.0,G2_EDGE,reg.buy_ok=False  regime='med_med_up',-1,0.0,0.0,
BNB/USDT,1577,2026-05-14 14:00:00,long,0.63081,77.7,60.0,678.29,4.527143,med_med_up,False,False,False,False,False,0.0,0.0,50.0,0.0,0.0,0.0,0.0,0.0,50.0,0.0,0.0,-1,0.0,G2_EDGE,reg.buy_ok=False  regime='med_med_up',-1,0.0,0.0,
BNB/USDT,1578,2026-05-14 15:00:00,long,0.61657,75.76,60.0,679.98,4.645,med_med_up,False,False,False,False,False,0.0,0.0,50.0,0.0,0.0,0.0,0.0,0.0,50.0,0.0,0.0,-1,0.0,G2_EDGE,reg.buy_ok=False  regime='med_med_up',-1,0.0,0.0,
BNB/USDT,1579,2026-05-14 16:00:00,long,0.62149,62.18,60.0,682.51,4.495714,med_med_up,False,False,False,False,False,0.0,0.0,50.0,0.0,0.0,0.0,0.0,0.0,50.0,0.0,0.0,-1,0.0,G2_EDGE,reg.buy_ok=False  regime='med_med_up',-1,0.0,0.0,
BNB/USDT,1580,2026-05-14 17:00:00,long,0.62781,67.36,60.0,682.0,4.550714,med_med_up,False,False,False,False,False,0.0,0.0,50.0,0.0,0.0,0.0,0.0,0.0,50.0,0.0,0.0,-1,0.0,G2_EDGE,reg.buy_ok=False  regime='med_med_up',-1,0.0,0.0,
BNB/USDT,1581,2026-05-14 18:00:00,long,0.61496,50.45,60.0,682.51,4.663571,high_med_up,False,True,False,False,False,0.0,0.0,50.0,0.0,0.0,0.0,0.0,0.0,50.0,0.0,0.0,-1,0.0,G2_EDGE,reg.buy_ok=False  regime='high_med_up',-1,0.0,0.0,
BNB/USDT,1582,2026-05-14 19:00:00,long,0.61302,70.53,60.0,680.2,4.622857,high_med_up,False,True,False,False,False,0.0,0.0,50.0,0.0,0.0,0.0,0.0,0.0,50.0,0.0,0.0,-1,0.0,G2_EDGE,reg.buy_ok=False  regime='high_med_up',-1,0.0,0.0,
BNB/USDT,1583,2026-05-14 20:00:00,long,0.60734,70.99,60.0,680.55,4.624286,high_med_up,False,True,False,False,False,0.0,0.0,50.0,0.0,0.0,0.0,0.0,0.0,50.0,0.0,0.0,-1,0.0,G2_EDGE,reg.buy_ok=False  regime='high_med_up',-1,0.0,0.0,
BNB/USDT,1584,2026-05-14 21:00:00,long,0.61012,69.68,60.0,681.13,4.489286,high_med_up,False,True,False,False,False,0.0,0.0,50.0,0.0,0.0,0.0,0.0,0.0,50.0,0.0,0.0,-1,0.0,G2_EDGE,reg.buy_ok=False  regime='high_med_up',-1,0.0,0.0,
BNB/USDT,1585,2026-05-14 22:00:00,long,0.58557,67.37,60.0,680.75,4.26,high_med_up,False,True,False,False,False,0.0,0.0,50.0,0.0,0.0,0.0,0.0,0.0,50.0,0.0,0.0,-1,0.0,G2_EDGE,reg.buy_ok=False  regime='high_med_up',-1,0.0,0.0,
BNB/USDT,1586,2026-05-14 23:00:00,long,0.58723,68.23,60.0,678.27,4.223571,high_med_up,False,True,False,False,False,0.0,0.0,50.0,0.0,0.0,0.0,0.0,0.0,50.0,0.0,0.0,-1,0.0,G2_EDGE,reg.buy_ok=False  regime='high_med_up',-1,0.0,0.0,
BNB/USDT,1587,2026-05-15 00:00:00,long,0.60553,82.91,60.0,683.43,4.590714,high_med_up,False,True,False,False,False,0.0,0.0,50.0,0.0,0.0,0.0,0.0,0.0,50.0,0.0,0.0,-1,0.0,G2_EDGE,reg.buy_ok=False  regime='high_med_up',-1,0.0,0.0,
BNB/USDT,1588,2026-05-15 01:00:00,long,0.61509,74.13,60.0,679.82,4.759286,high_med_flat,False,False,False,False,False,0.0,0.0,50.0,0.0,0.0,0.0,0.0,0.0,50.0,0.0,0.0,-1,0.0,G2_EDGE,reg.buy_ok=False  regime='high_med_flat',-1,0.0,0.0,
BNB/USDT,1589,2026-05-15 02:00:00,long,0.57971,75.75,60.0,679.83,4.434286,high_med_up,False,True,False,False,False,0.0,0.0,50.0,0.0,0.0,0.0,0.0,0.0,50.0,0.0,0.0,-1,0.0,G2_EDGE,reg.buy_ok=False  regime='high_med_up',-1,0.0,0.0,
BNB/USDT,1590,2026-05-15 03:00:00,long,0.58148,73.26,60.0,681.95,4.454286,high_med_up,False,True,False,False,False,0.0,0.0,50.0,0.0,0.0,0.0,0.0,0.0,50.0,0.0,0.0,-1,0.0,G2_EDGE,reg.buy_ok=False  regime='high_med_up',-1,0.0,0.0,
BNB/USDT,1591,2026-05-15 04:00:00,long,0.5811,66.17,60.0,678.38,4.256429,high_med_up,False,True,False,False,False,0.0,0.0,50.0,0.0,0.0,0.0,0.0,0.0,50.0,0.0,0.0,-1,0.0,G2_EDGE,reg.buy_ok=False  regime='high_med_up',-1,0.0,0.0,
BNB/USDT,1592,2026-05-15 05:00:00,long,0.61414,90.31,60.0,676.36,4.378571,high_med_up,False,True,False,False,False,0.0,0.0,50.0,0.0,0.0,0.0,0.0,0.0,50.0,0.0,0.0,-1,0.0,G2_EDGE,reg.buy_ok=False  regime='high_med_up',-1,0.0,0.0,
BNB/USDT,1593,2026-05-15 06:00:00,long,0.59153,73.36,60.0,683.06,4.627857,high_med_up,False,True,False,False,False,0.0,0.0,50.0,0.0,0.0,0.0,0.0,0.0,50.0,0.0,0.0,-1,0.0,G2_EDGE,reg.buy_ok=False  regime='high_med_up',-1,0.0,0.0,
BNB/USDT,1594,2026-05-15 07:00:00,long,0.59132,95.83,60.0,684.3,4.689286,high_med_up,False,True,False,False,False,0.0,0.0,50.0,0.0,0.0,0.0,0.0,0.0,50.0,0.0,0.0,-1,0.0,G2_EDGE,reg.buy_ok=False  regime='high_med_up',-1,0.0,0.0,
BNB/USDT,1595,2026-05-15 08:00:00,long,0.59708,79.87,60.0,685.81,4.682857,high_med_up,False,True,False,False,False,0.0,0.0,50.0,0.0,0.0,0.0,0.0,0.0,50.0,0.0,0.0,-1,0.0,G2_EDGE,reg.buy_ok=False  regime='high_med_up',-1,0.0,0.0,
BNB/USDT,1596,2026-05-15 09:00:00,long,0.60558,76.64,60.0,683.03,4.73,high_med_up,False,True,False,False,False,0.0,0.0,50.0,0.0,0.0,0.0,0.0,0.0,50.0,0.0,0.0,-1,0.0,G2_EDGE,reg.buy_ok=False  regime='high_med_up',-1,0.0,0.0,
BNB/USDT,1597,2026-05-15 10:00:00,long,0.6066,77.98,60.0,689.11,5.089286,high_med_up,False,True,False,False,False,0.0,0.0,50.0,0.0,0.0,0.0,0.0,0.0,50.0,0.0,0.0,-1,0.0,G2_EDGE,reg.buy_ok=False  regime='high_med_up',-1,0.0,0.0,
BNB/USDT,1598,2026-05-15 11:00:00,long,0.6183,77.04,60.0,686.47,5.253571,high_high_up,False,True,False,False,False,0.0,0.0,50.0,0.0,0.0,0.0,0.0,0.0,50.0,0.0,0.0,-1,0.0,G2_EDGE,reg.buy_ok=False  regime='high_high_up',-1,0.0,0.0,
BNB/USDT,1599,2026-05-15 12:00:00,long,0.58999,77.47,60.0,682.74,5.460714,high_high_flat,False,True,False,False,False,0.0,0.0,50.0,0.0,0.0,0.0,0.0,0.0,50.0,0.0,0.0,-1,0.0,G2_EDGE,reg.buy_ok=False  regime='high_high_flat',-1,0.0,0.0,
BNB/USDT,1600,2026-05-15 13:00:00,long,0.55893,100.0,60.0,671.51,6.071429,high_high_flat,False,True,False,False,False,0.0,0.0,50.0,0.0,0.0,0.0,0.0,0.0,50.0,0.0,0.0,-1,0.0,G2_EDGE,reg.buy_ok=False  regime='high_high_flat',-1,0.0,0.0,
BNB/USDT,1601,2026-05-15 14:00:00,long,0.58224,89.66,60.0,676.04,5.979286,high_high_flat,False,True,False,False,False,0.0,0.0,50.0,0.0,0.0,0.0,0.0,0.0,50.0,0.0,0.0,-1,0.0,G2_EDGE,reg.buy_ok=False  regime='high_high_flat',-1,0.0,0.0,
BNB/USDT,1602,2026-05-15 15:00:00,long,0.59879,67.11,60.0,671.73,6.112143,high_high_down,False,True,False,False,False,0.0,0.0,50.0,0.0,0.0,0.0,0.0,0.0,50.0,0.0,0.0,-1,0.0,G2_EDGE,reg.buy_ok=False  regime='high_high_down',-1,0.0,0.0,
BNB/USDT,1603,2026-05-15 16:00:00,long,0.60774,62.65,60.0,674.66,6.161429,high_high_down,False,True,False,False,False,0.0,0.0,50.0,0.0,0.0,0.0,0.0,0.0,50.0,0.0,0.0,-1,0.0,G2_EDGE,reg.buy_ok=False  regime='high_high_down',-1,0.0,0.0,
BNB/USDT,1604,2026-05-15 17:00:00,long,0.61869,62.27,60.0,675.31,5.957857,high_high_flat,False,True,False,False,False,0.0,0.0,50.0,0.0,0.0,0.0,0.0,0.0,50.0,0.0,0.0,-1,0.0,G2_EDGE,reg.buy_ok=False  regime='high_high_flat',-1,0.0,0.0,
BNB/USDT,1605,2026-05-15 18:00:00,long,0.63559,60.8,60.0,674.41,5.940714,high_high_down,False,True,False,False,False,0.0,0.0,50.0,0.0,0.0,0.0,0.0,0.0,50.0,0.0,0.0,-1,0.0,G2_EDGE,reg.buy_ok=False  regime='high_high_down',-1,0.0,0.0,
BNB/USDT,1606,2026-05-15 19:00:00,long,0.63627,61.06,60.0,674.04,5.726429,high_high_flat,False,True,False,False,False,0.0,0.0,50.0,0.0,0.0,0.0,0.0,0.0,50.0,0.0,0.0,-1,0.0,G2_EDGE,reg.buy_ok=False  regime='high_high_flat',-1,0.0,0.0,
BNB/USDT,1607,2026-05-15 20:00:00,long,0.63071,61.66,60.0,673.69,5.354286,high_high_down,False,True,False,False,False,0.0,0.0,50.0,0.0,0.0,0.0,0.0,0.0,50.0,0.0,0.0,-1,0.0,G2_EDGE,reg.buy_ok=False  regime='high_high_down',-1,0.0,0.0,
BNB/USDT,1608,2026-05-15 21:00:00,long,0.63955,63.49,60.0,672.1,4.999286,high_high_down,False,True,False,False,False,0.0,0.0,50.0,0.0,0.0,0.0,0.0,0.0,50.0,0.0,0.0,-1,0.0,G2_EDGE,reg.buy_ok=False  regime='high_high_down',-1,0.0,0.0,
BNB/USDT,1609,2026-05-15 22:00:00,long,0.62758,83.01,60.0,673.55,4.801429,high_med_down,False,True,False,False,False,0.0,0.0,50.0,0.0,0.0,0.0,0.0,0.0,50.0,0.0,0.0,-1,0.0,G2_EDGE,reg.buy_ok=False  regime='high_med_down',-1,0.0,0.0,
BNB/USDT,1610,2026-05-15 23:00:00,long,0.61289,81.56,60.0,672.38,4.647143,high_med_flat,False,False,False,False,False,0.0,0.0,50.0,0.0,0.0,0.0,0.0,0.0,50.0,0.0,0.0,-1,0.0,G2_EDGE,reg.buy_ok=False  regime='high_med_flat',-1,0.0,0.0,
BNB/USDT,1611,2026-05-16 00:00:00,long,0.58909,80.82,60.0,672.26,4.312143,high_med_down,False,True,False,False,False,0.0,0.0,50.0,0.0,0.0,0.0,0.0,0.0,50.0,0.0,0.0,-1,0.0,G2_EDGE,reg.buy_ok=False  regime='high_med_down',-1,0.0,0.0,
BNB/USDT,1612,2026-05-16 01:00:00,long,0.60332,81.33,60.0,670.46,4.238571,high_med_down,False,True,False,False,False,0.0,0.0,50.0,0.0,0.0,0.0,0.0,0.0,50.0,0.0,0.0,-1,0.0,G2_EDGE,reg.buy_ok=False  regime='high_med_down',-1,0.0,0.0,
BNB/USDT,1613,2026-05-16 02:00:00,long,0.56849,81.08,60.0,668.69,4.208571,med_med_down,True,False,False,False,True,0.0,-0.6530464754119512,58.888548883932735,-1.0,0.00266,0.006,0.0,0.0,50.0,0.0,0.0,-1,0.0,G4_EV,ev=0.00266 <= floor=0.00600  meta_conf=0.5685,-1,0.0,0.0,
BNB/USDT,1614,2026-05-16 03:00:00,long,0.52408,82.8,60.0,665.29,3.630714,med_med_down,True,False,False,False,True,0.0,-0.6879651615504199,68.4713882712415,-1.0,0.000684,0.006,0.0,0.0,50.0,0.0,0.0,-1,0.0,G4_EV,ev=0.00068 <= floor=0.00600  meta_conf=0.5241,-1,0.0,0.0,
BNB/USDT,1615,2026-05-16 04:00:00,short,0.52037,70.72,60.0,662.74,3.491429,high_med_down,False,True,False,False,True,0.0,-0.7271526156370013,55.20454649159729,-1.0,0.000434,0.006,0.0,0.0,50.0,0.0,0.0,-1,0.0,G4_EV,ev=0.00043 <= floor=0.00600  meta_conf=0.5204,-1,0.0,0.0,
BNB/USDT,1616,2026-05-16 05:00:00,long,0.50939,81.46,60.0,664.48,3.213571,high_low_down,,,True,False,False,0.0,0.0,50.0,0.0,0.0,0.0,0.0,0.0,50.0,0.0,0.0,-1,0.0,G1_REGIME,regime='high_low_down' skipped=True reg_empty=False,-1,0.0,0.0,
BNB/USDT,1617,2026-05-16 06:00:00,short,0.52358,67.91,60.0,660.4,3.334286,high_low_down,,,True,False,False,0.0,0.0,50.0,0.0,0.0,0.0,0.0,0.0,50.0,0.0,0.0,-1,0.0,G1_REGIME,regime='high_low_down' skipped=True reg_empty=False,-1,0.0,0.0,
BNB/USDT,1618,2026-05-16 07:00:00,long,0.51129,100.0,60.0,660.68,3.537143,high_med_down,False,True,False,False,False,0.0,0.0,50.0,0.0,0.0,0.0,0.0,0.0,50.0,0.0,0.0,-1,0.0,G2_EDGE,reg.buy_ok=False  regime='high_med_down',-1,0.0,0.0,
BNB/USDT,1619,2026-05-16 08:00:00,long,0.51034,81.45,60.0,661.74,3.447143,med_med_down,True,False,False,False,True,0.0,-0.5418695998074776,42.679807001152,0.0,0.000149,0.006,0.0,0.0,50.0,0.0,0.0,-1,0.0,G4_EV,ev=0.00015 <= floor=0.00600  meta_conf=0.5103,-1,0.0,0.0,
BNB/USDT,1620,2026-05-16 09:00:00,short,0.50605,85.18,60.0,652.49,4.009286,high_med_down,False,True,False,False,True,0.0,-0.7541694326432913,33.38669288581142,-1.0,0.000776,0.006,0.0,0.0,50.0,0.0,0.0,-1,0.0,G4_EV,ev=0.00078 <= floor=0.00600  meta_conf=0.5061,-1,0.0,0.0,
BNB/USDT,1621,2026-05-16 10:00:00,long,0.51424,85.64,60.0,654.12,4.177143,high_med_down,False,True,False,False,False,0.0,0.0,50.0,0.0,0.0,0.0,0.0,0.0,50.0,0.0,0.0,-1,0.0,G2_EDGE,reg.buy_ok=False  regime='high_med_down',-1,0.0,0.0,
BNB/USDT,1622,2026-05-16 11:00:00,long,0.52115,80.06,60.0,654.28,4.12,high_med_down,False,True,False,False,False,0.0,0.0,50.0,0.0,0.0,0.0,0.0,0.0,50.0,0.0,0.0,-1,0.0,G2_EDGE,reg.buy_ok=False  regime='high_med_down',-1,0.0,0.0,
BNB/USDT,1623,2026-05-16 12:00:00,long,0.5189,80.08,60.0,653.54,4.111429,high_med_down,False,True,False,False,False,0.0,0.0,50.0,0.0,0.0,0.0,0.0,0.0,50.0,0.0,0.0,-1,0.0,G2_EDGE,reg.buy_ok=False  regime='high_med_down',-1,0.0,0.0,
BNB/USDT,1624,2026-05-16 13:00:00,long,0.52377,79.04,60.0,652.28,4.060714,med_med_down,True,False,False,False,True,0.0,-0.6578092322851777,30.306501778220543,0.0,0.001335,0.006,0.0,0.0,50.0,0.0,0.0,-1,0.0,G4_EV,ev=0.00134 <= floor=0.00600  meta_conf=0.5238,-1,0.0,0.0,
BNB/USDT,1625,2026-05-16 14:00:00,long,0.51353,82.25,60.0,653.21,4.127857,med_med_down,True,False,False,False,True,0.0,-0.5502887205550857,32.16811640771864,0.0,0.001124,0.006,0.0,0.0,50.0,0.0,0.0,-1,0.0,G4_EV,ev=0.00112 <= floor=0.00600  meta_conf=0.5135,-1,0.0,0.0,
BNB/USDT,1626,2026-05-16 15:00:00,long,0.50671,81.39,60.0,655.2,4.245714,med_med_down,True,False,False,False,True,0.0,-0.4732018020818936,36.55592781446326,0.0,0.001056,0.006,0.0,0.0,50.0,0.0,0.0,-1,0.0,G4_EV,ev=0.00106 <= floor=0.00600  meta_conf=0.5067,-1,0.0,0.0,
BNB/USDT,1627,2026-05-16 16:00:00,short,0.50777,67.57,60.0,656.85,4.096429,med_med_down,True,False,False,False,False,0.0,0.0,50.0,0.0,0.0,0.0,0.0,0.0,50.0,0.0,0.0,-1,0.0,G2_EDGE,reg.sell_ok=False  regime='med_med_down',-1,0.0,0.0,
BNB/USDT,1628,2026-05-16 17:00:00,short,0.50276,67.62,60.0,655.78,3.972143,med_med_down,True,False,False,False,False,0.0,0.0,50.0,0.0,0.0,0.0,0.0,0.0,50.0,0.0,0.0,-1,0.0,G2_EDGE,reg.sell_ok=False  regime='med_med_down',-1,0.0,0.0,
BNB/USDT,1629,2026-05-16 18:00:00,short,0.50448,65.84,60.0,657.82,3.835714,med_med_down,True,False,False,False,False,0.0,0.0,50.0,0.0,0.0,0.0,0.0,0.0,50.0,0.0,0.0,-1,0.0,G2_EDGE,reg.sell_ok=False  regime='med_med_down',-1,0.0,0.0,
BNB/USDT,1630,2026-05-16 19:00:00,short,0.50551,66.59,60.0,656.16,3.731429,med_med_down,True,False,False,False,False,0.0,0.0,50.0,0.0,0.0,0.0,0.0,0.0,50.0,0.0,0.0,-1,0.0,G2_EDGE,reg.sell_ok=False  regime='med_med_down',-1,0.0,0.0,
BNB/USDT,1631,2026-05-16 20:00:00,short,0.51149,65.05,60.0,656.67,3.424286,med_med_down,True,False,False,False,False,0.0,0.0,50.0,0.0,0.0,0.0,0.0,0.0,50.0,0.0,0.0,-1,0.0,G2_EDGE,reg.sell_ok=False  regime='med_med_down',-1,0.0,0.0,
BNB/USDT,1632,2026-05-16 21:00:00,short,0.51288,63.21,60.0,657.4,3.16,med_low_down,False,True,False,False,True,0.0,-0.10003560358438224,59.73383600120018,0.0,-0.000116,0.006,0.0,0.0,50.0,0.0,0.0,-1,0.0,G4_EV,ev=-0.00012 <= floor=0.00600  meta_conf=0.5129,-1,0.0,0.0,
BNB/USDT,1633,2026-05-16 22:00:00,short,0.50851,64.5,60.0,656.47,3.081429,med_low_down,False,True,False,False,True,0.0,-0.26701391375716244,59.47879873151948,0.0,-0.0003,0.006,0.0,0.0,50.0,0.0,0.0,-1,0.0,G4_EV,ev=-0.00030 <= floor=0.00600  meta_conf=0.5085,-1,0.0,0.0,
BNB/USDT,1634,2026-05-16 23:00:00,long,0.5175,80.86,60.0,656.2,2.412857,med_low_down,False,True,False,False,False,0.0,0.0,50.0,0.0,0.0,0.0,0.0,0.0,50.0,0.0,0.0,-1,0.0,G2_EDGE,reg.buy_ok=False  regime='med_low_down',-1,0.0,0.0,
BNB/USDT,1635,2026-05-17 00:00:00,long,0.50689,84.42,60.0,652.0,2.502143,med_low_down,False,True,False,False,False,0.0,0.0,50.0,0.0,0.0,0.0,0.0,0.0,50.0,0.0,0.0,-1,0.0,G2_EDGE,reg.buy_ok=False  regime='med_low_down',-1,0.0,0.0,
BNB/USDT,1636,2026-05-17 01:00:00,short,0.51573,73.1,60.0,650.68,2.640714,med_low_down,False,True,False,False,True,0.0,-0.6022565420573904,67.40835157188921,-1.0,-0.000669,0.006,0.0,0.0,50.0,0.0,0.0,-1,0.0,G4_EV,ev=-0.00067 <= floor=0.00600  meta_conf=0.5157,-1,0.0,0.0,
BNB/USDT,1637,2026-05-17 02:00:00,short,0.52252,71.08,60.0,651.36,2.653571,med_low_down,False,True,False,False,True,0.0,-0.5705838948349969,66.2733349703343,0.0,-0.000532,0.006,0.0,0.0,50.0,0.0,0.0,-1,0.0,G4_EV,ev=-0.00053 <= floor=0.00600  meta_conf=0.5225,-1,0.0,0.0,
BNB/USDT,1638,2026-05-17 03:00:00,short,0.51551,68.41,60.0,652.77,2.714286,med_low_down,False,True,False,False,True,0.0,-0.3694232169962617,65.19398608073126,0.0,-0.000591,0.006,0.0,0.0,50.0,0.0,0.0,-1,0.0,G4_EV,ev=-0.00059 <= floor=0.00600  meta_conf=0.5155,-1,0.0,0.0,
BNB/USDT,1639,2026-05-17 04:00:00,long,0.51128,82.07,60.0,654.74,2.607857,med_low_down,False,True,False,False,False,0.0,0.0,50.0,0.0,0.0,0.0,0.0,0.0,50.0,0.0,0.0,-1,0.0,G2_EDGE,reg.buy_ok=False  regime='med_low_down',-1,0.0,0.0,
BNB/USDT,1640,2026-05-17 05:00:00,short,0.50219,68.07,60.0,655.16,2.379286,med_low_down,False,True,False,False,True,0.0,-0.20948832496263098,62.335073416481016,0.0,-0.00124,0.006,0.0,0.0,50.0,0.0,0.0,-1,0.0,G4_EV,ev=-0.00124 <= floor=0.00600  meta_conf=0.5022,-1,0.0,0.0,
BNB/USDT,1641,2026-05-17 06:00:00,short,0.52705,57.48,60.0,655.26,2.345714,med_low_flat,True,True,False,False,False,0.0,0.0,50.0,0.0,0.0,0.0,0.0,0.0,50.0,0.0,0.0,-1,0.0,G2_EDGE,edge=57.5 < thr=60.0,-1,0.0,0.0,
BNB/USDT,1642,2026-05-17 07:00:00,short,0.52256,55.22,60.0,655.31,2.285,low_low_flat,True,True,False,False,False,0.0,0.0,50.0,0.0,0.0,0.0,0.0,0.0,50.0,0.0,0.0,-1,0.0,G2_EDGE,edge=55.2 < thr=60.0,-1,0.0,0.0,
BNB/USDT,1643,2026-05-17 08:00:00,short,0.51135,59.3,60.0,653.83,2.205,low_low_down,False,False,False,False,False,0.0,0.0,50.0,0.0,0.0,0.0,0.0,0.0,50.0,0.0,0.0,-1,0.0,G2_EDGE,reg.sell_ok=False  regime='low_low_down',-1,0.0,0.0,
BNB/USDT,1644,2026-05-17 09:00:00,short,0.54277,82.85,60.0,653.21,2.382143,low_low_flat,True,True,False,True,True,0.0,-0.51103616746101,59.66396281411709,0.0,-0.000563,0.006,0.0,0.0,50.0,0.0,0.0,-1,0.0,G4_EV,ev=-0.00056 <= floor=0.00600  meta_conf=0.5428,-1,0.0,0.0,
BNB/USDT,1645,2026-05-17 10:00:00,short,0.54481,61.4,60.0,654.81,2.436429,low_low_flat,True,True,False,True,True,0.0,-0.18678803045252024,58.63271930951864,0.0,-0.000459,0.006,0.0,0.0,50.0,0.0,0.0,-1,0.0,G4_EV,ev=-0.00046 <= floor=0.00600  meta_conf=0.5448,-1,0.0,0.0,
BNB/USDT,1646,2026-05-17 11:00:00,short,0.52591,58.76,60.0,655.07,2.463571,low_low_flat,True,True,False,False,False,0.0,0.0,50.0,0.0,0.0,0.0,0.0,0.0,50.0,0.0,0.0,-1,0.0,G2_EDGE,edge=58.8 < thr=60.0,-1,0.0,0.0,
BNB/USDT,1647,2026-05-17 12:00:00,short,0.50514,55.58,60.0,656.5,2.590714,low_low_flat,True,True,False,False,False,0.0,0.0,50.0,0.0,0.0,0.0,0.0,0.0,50.0,0.0,0.0,-1,0.0,G2_EDGE,edge=55.6 < thr=60.0,-1,0.0,0.0,
BNB/USDT,1648,2026-05-17 13:00:00,short,0.52138,62.94,60.0,653.63,2.740714,low_low_flat,True,True,False,True,True,0.0,-0.38454827973558053,58.26327578170282,0.0,-0.000452,0.006,0.0,0.0,50.0,0.0,0.0,-1,0.0,G4_EV,ev=-0.00045 <= floor=0.00600  meta_conf=0.5214,-1,0.0,0.0,
BNB/USDT,1649,2026-05-17 14:00:00,short,0.54392,64.9,60.0,652.11,2.530714,low_low_flat,True,True,False,True,True,0.0,-0.44874383056742945,58.294242414545444,0.0,-0.000322,0.006,0.0,0.0,50.0,0.0,0.0,-1,0.0,G4_EV,ev=-0.00032 <= floor=0.00600  meta_conf=0.5439,-1,0.0,0.0,
BNB/USDT,1650,2026-05-17 15:00:00,short,0.52535,58.09,60.0,652.4,2.38,low_low_flat,True,True,False,False,False,0.0,0.0,50.0,0.0,0.0,0.0,0.0,0.0,50.0,0.0,0.0,-1,0.0,G2_EDGE,edge=58.1 < thr=60.0,-1,0.0,0.0,
BNB/USDT,1651,2026-05-17 16:00:00,short,0.52311,58.53,60.0,651.71,2.405714,low_low_flat,True,True,False,False,False,0.0,0.0,50.0,0.0,0.0,0.0,0.0,0.0,50.0,0.0,0.0,-1,0.0,G2_EDGE,edge=58.5 < thr=60.0,-1,0.0,0.0,
BNB/USDT,1652,2026-05-17 17:00:00,short,0.53549,59.62,60.0,651.74,2.357857,low_low_flat,True,True,False,False,False,0.0,0.0,50.0,0.0,0.0,0.0,0.0,0.0,50.0,0.0,0.0,-1,0.0,G2_EDGE,edge=59.6 < thr=60.0,-1,0.0,0.0,
BNB/USDT,1653,2026-05-17 18:00:00,short,0.53112,58.13,60.0,653.46,2.364286,low_low_flat,True,True,False,False,False,0.0,0.0,50.0,0.0,0.0,0.0,0.0,0.0,50.0,0.0,0.0,-1,0.0,G2_EDGE,edge=58.1 < thr=60.0,-1,0.0,0.0,
BNB/USDT,1654,2026-05-17 19:00:00,short,0.53061,52.0,60.0,656.04,2.45,low_low_flat,True,True,False,False,False,0.0,0.0,50.0,0.0,0.0,0.0,0.0,0.0,50.0,0.0,0.0,-1,0.0,G2_EDGE,edge=52.0 < thr=60.0,-1,0.0,0.0,
BNB/USDT,1655,2026-05-17 20:00:00,short,0.54794,53.3,60.0,654.59,2.506429,low_low_flat,True,True,False,False,False,0.0,0.0,50.0,0.0,0.0,0.0,0.0,0.0,50.0,0.0,0.0,-1,0.0,G2_EDGE,edge=53.3 < thr=60.0,-1,0.0,0.0,
BNB/USDT,1656,2026-05-17 21:00:00,short,0.53406,52.08,60.0,657.0,2.642857,low_low_flat,True,True,False,False,False,0.0,0.0,50.0,0.0,0.0,0.0,0.0,0.0,50.0,0.0,0.0,-1,0.0,G2_EDGE,edge=52.1 < thr=60.0,-1,0.0,0.0,
BNB/USDT,1657,2026-05-17 22:00:00,short,0.54261,55.87,60.0,653.77,2.799286,low_low_flat,True,True,False,False,False,0.0,0.0,50.0,0.0,0.0,0.0,0.0,0.0,50.0,0.0,0.0,-1,0.0,G2_EDGE,edge=55.9 < thr=60.0,-1,0.0,0.0,
BNB/USDT,1658,2026-05-17 23:00:00,long,0.50683,70.76,60.0,649.48,3.467857,low_med_down,True,False,False,True,True,0.0,-0.657959340131383,27.281366393743216,-1.0,0.000169,0.006,0.0,0.0,50.0,0.0,0.0,-1,0.0,G4_EV,ev=0.00017 <= floor=0.00600  meta_conf=0.5068,-1,0.0,0.0,
BNB/USDT,1659,2026-05-18 00:00:00,long,0.55082,68.59,60.0,646.24,3.654286,low_med_flat,False,False,False,False,False,0.0,0.0,50.0,0.0,0.0,0.0,0.0,0.0,50.0,0.0,0.0,-1,0.0,G2_EDGE,reg.buy_ok=False  regime='low_med_flat',-1,0.0,0.0,
BNB/USDT,1660,2026-05-18 01:00:00,long,0.55632,65.31,60.0,646.38,3.849286,low_med_flat,False,False,False,False,False,0.0,0.0,50.0,0.0,0.0,0.0,0.0,0.0,50.0,0.0,0.0,-1,0.0,G2_EDGE,reg.buy_ok=False  regime='low_med_flat',-1,0.0,0.0,
BNB/USDT,1661,2026-05-18 02:00:00,long,0.56081,63.82,60.0,644.5,3.934286,low_med_down,True,False,False,False,True,0.0,-0.6475643172701324,31.20947742426706,0.0,0.002249,0.006,0.0,0.0,50.0,0.0,0.0,-1,0.0,G4_EV,ev=0.00225 <= floor=0.00600  meta_conf=0.5608,-1,0.0,0.0,
BNB/USDT,1662,2026-05-18 03:00:00,long,0.56635,61.67,60.0,643.44,3.869286,low_med_down,True,False,False,False,True,0.0,-0.6514519373143899,32.26161001176005,0.0,0.002306,0.006,0.0,0.0,50.0,0.0,0.0,-1,0.0,G4_EV,ev=0.00231 <= floor=0.00600  meta_conf=0.5664,-1,0.0,0.0,
BNB/USDT,1663,2026-05-18 04:00:00,long,0.56632,84.88,60.0,643.74,3.895714,low_med_down,True,False,False,False,True,0.0,-0.5432367296917594,33.49631657879778,0.0,0.002345,0.006,0.0,0.0,50.0,0.0,0.0,-1,0.0,G4_EV,ev=0.00234 <= floor=0.00600  meta_conf=0.5663,-1,0.0,0.0,
BNB/USDT,1664,2026-05-18 05:00:00,long,0.56975,81.76,60.0,641.84,3.972143,low_med_down,True,False,False,False,True,0.0,-0.667619772383801,34.88742306023801,0.0,0.002584,0.006,0.0,0.0,50.0,0.0,0.0,-1,0.0,G4_EV,ev=0.00258 <= floor=0.00600  meta_conf=0.5697,-1,0.0,0.0,
BNB/USDT,1665,2026-05-18 06:00:00,long,0.59896,89.45,60.0,640.62,4.185,med_med_down,True,False,False,False,True,0.0,-0.6462439404708937,31.404962929009983,0.0,0.003809,0.006,0.0,0.0,50.0,0.0,0.0,-1,0.0,G4_EV,ev=0.00381 <= floor=0.00600  meta_conf=0.5990,-1,0.0,0.0,
BNB/USDT,1666,2026-05-18 07:00:00,long,0.5974,85.1,60.0,641.85,4.292857,med_med_down,True,False,False,False,True,0.0,-0.48608852115423684,32.96801008453988,0.0,0.003948,0.006,0.0,0.0,50.0,0.0,0.0,-1,0.0,G4_EV,ev=0.00395 <= floor=0.00600  meta_conf=0.5974,-1,0.0,0.0,
BNB/USDT,1667,2026-05-18 08:00:00,long,0.60164,84.48,60.0,640.21,4.350714,med_med_down,True,False,False,False,True,0.0,-0.5985868717629917,34.50822484054021,0.0,0.004205,0.006,0.0,0.0,50.0,0.0,0.0,-1,0.0,G4_EV,ev=0.00421 <= floor=0.00600  meta_conf=0.6016,-1,0.0,0.0,
BNB/USDT,1668,2026-05-18 09:00:00,long,0.59429,84.01,60.0,639.36,4.275,med_med_down,True,False,False,False,True,0.0,-0.5955158893462899,35.870129528145675,0.0,0.003852,0.006,0.0,0.0,50.0,0.0,0.0,-1,0.0,G4_EV,ev=0.00385 <= floor=0.00600  meta_conf=0.5943,-1,0.0,0.0,
BNB/USDT,1669,2026-05-18 10:00:00,long,0.60028,83.17,60.0,638.34,4.240714,med_med_down,True,False,False,False,True,0.0,-0.5949354635678524,37.12049843240765,0.0,0.00398,0.006,0.0,0.0,50.0,0.0,0.0,-1,0.0,G4_EV,ev=0.00398 <= floor=0.00600  meta_conf=0.6003,-1,0.0,0.0,
BNB/USDT,1670,2026-05-18 11:00:00,long,0.59957,85.65,60.0,641.75,4.435,med_med_down,True,False,False,False,True,0.0,-0.4140287917298047,39.52130892336393,0.0,0.00428,0.006,0.0,0.0,50.0,0.0,0.0,-1,0.0,G4_EV,ev=0.00428 <= floor=0.00600  meta_conf=0.5996,-1,0.0,0.0,
BNB/USDT,1671,2026-05-18 12:00:00,long,0.60269,89.06,60.0,643.28,4.43,med_med_down,True,False,False,False,True,0.0,-0.358273988333347,47.338448876052766,0.0,0.004347,0.006,0.0,0.0,50.0,0.0,0.0,-1,0.0,G4_EV,ev=0.00435 <= floor=0.00600  meta_conf=0.6027,-1,0.0,0.0,
BNB/USDT,1672,2026-05-18 13:00:00,long,0.56224,84.98,60.0,640.06,3.84,med_med_down,True,False,False,False,True,0.0,-0.5631620643368224,58.6886267949785,0.0,0.00218,0.006,0.0,0.0,50.0,0.0,0.0,-1,0.0,G4_EV,ev=0.00218 <= floor=0.00600  meta_conf=0.5622,-1,0.0,0.0,
BNB/USDT,1673,2026-05-18 14:00:00,long,0.56361,87.73,60.0,636.89,3.847857,med_med_down,True,False,False,False,True,0.0,-0.6312527980399273,56.40224815462515,-1.0,0.002261,0.006,0.0,0.0,50.0,0.0,0.0,-1,0.0,G4_EV,ev=0.00226 <= floor=0.00600  meta_conf=0.5636,-1,0.0,0.0,
BNB/USDT,1674,2026-05-18 15:00:00,long,0.56816,85.74,60.0,637.03,3.762143,med_med_down,True,False,False,False,True,0.0,-0.5010259779871775,54.047487988203876,0.0,0.002241,0.006,0.0,0.0,50.0,0.0,0.0,-1,0.0,G4_EV,ev=0.00224 <= floor=0.00600  meta_conf=0.5682,-1,0.0,0.0,
BNB/USDT,1675,2026-05-18 16:00:00,long,0.57082,92.57,60.0,639.49,3.789286,med_med_down,True,False,False,False,True,0.0,-0.3415682768374828,61.0421719357888,0.0,0.002332,0.006,0.0,0.0,50.0,0.0,0.0,-1,0.0,G4_EV,ev=0.00233 <= floor=0.00600  meta_conf=0.5708,-1,0.0,0.0,
BNB/USDT,1676,2026-05-18 17:00:00,long,0.57644,81.65,60.0,640.45,3.762143,med_med_down,True,False,False,False,True,0.0,-0.263631925350236,61.57311938530514,0.0,0.002426,0.006,0.0,0.0,50.0,0.0,0.0,-1,0.0,G4_EV,ev=0.00243 <= floor=0.00600  meta_conf=0.5764,-1,0.0,0.0,
BNB/USDT,1677,2026-05-18 18:00:00,long,0.59433,80.81,60.0,637.78,3.822143,med_med_down,True,False,False,False,True,0.0,-0.490893708591943,61.5242465751164,0.0,0.003039,0.006,0.0,0.0,50.0,0.0,0.0,-1,0.0,G4_EV,ev=0.00304 <= floor=0.00600  meta_conf=0.5943,-1,0.0,0.0,
BNB/USDT,1678,2026-05-18 19:00:00,long,0.56897,86.92,60.0,644.78,4.141429,med_med_down,True,False,False,False,False,0.0,0.09608784196903251,61.6366072858575,0.0,0.002811,0.006,0.0,0.0,50.0,0.0,0.0,-1,0.0,G4_EV,ev=0.00281 <= floor=0.00600  meta_conf=0.5690,-1,0.0,0.0,
BNB/USDT,1679,2026-05-18 20:00:00,long,0.56683,85.14,60.0,642.7,4.008571,med_med_down,True,False,False,False,True,0.0,0.19763472826824682,61.51949828331686,0.0,0.002553,0.006,0.0,0.0,50.0,0.0,0.0,-1,0.0,G4_EV,ev=0.00255 <= floor=0.00600  meta_conf=0.5668,-1,0.0,0.0,
BNB/USDT,1680,2026-05-18 21:00:00,long,0.555,76.78,60.0,645.54,4.065714,med_med_down,True,False,False,False,False,0.0,0.32163101430593244,59.68674271869801,0.0,0.002282,0.006,0.0,0.0,50.0,0.0,0.0,-1,0.0,G4_EV,ev=0.00228 <= floor=0.00600  meta_conf=0.5550,-1,0.0,0.0,
BNB/USDT,1681,2026-05-18 22:00:00,long,0.53499,77.61,60.0,645.02,3.994286,med_med_down,True,False,False,False,False,0.0,0.3035486632564757,58.33586672315278,0.0,0.001619,0.006,0.0,0.0,50.0,0.0,0.0,-1,0.0,G4_EV,ev=0.00162 <= floor=0.00600  meta_conf=0.5350,-1,0.0,0.0,
BNB/USDT,1682,2026-05-18 23:00:00,long,0.56678,86.69,60.0,643.53,4.069286,med_med_flat,True,False,False,False,True,0.0,0.28756135246764575,58.197440118944954,0.0,0.002643,0.006,0.0,0.0,50.0,0.0,0.0,-1,0.0,G4_EV,ev=0.00264 <= floor=0.00600  meta_conf=0.5668,-1,0.0,0.0,
BNB/USDT,1683,2026-05-19 00:00:00,short,0.51523,79.84,60.0,645.73,4.201429,med_med_flat,True,False,False,False,False,0.0,0.0,50.0,0.0,0.0,0.0,0.0,0.0,50.0,0.0,0.0,-1,0.0,G2_EDGE,reg.sell_ok=False  regime='med_med_flat',-1,0.0,0.0,
BNB/USDT,1684,2026-05-19 01:00:00,short,0.52047,52.29,60.0,642.99,3.983571,med_med_flat,True,False,False,False,False,0.0,0.0,50.0,0.0,0.0,0.0,0.0,0.0,50.0,0.0,0.0,-1,0.0,G2_EDGE,reg.sell_ok=False  regime='med_med_flat',-1,0.0,0.0,
BNB/USDT,1685,2026-05-19 02:00:00,long,0.51882,57.96,60.0,641.96,3.955,med_med_flat,True,False,False,False,False,0.0,0.0,50.0,0.0,0.0,0.0,0.0,0.0,50.0,0.0,0.0,-1,0.0,G2_EDGE,edge=58.0 < thr=60.0,-1,0.0,0.0,
BNB/USDT,1686,2026-05-19 03:00:00,short,0.52069,56.04,60.0,642.88,3.804286,med_med_flat,True,False,False,False,False,0.0,0.0,50.0,0.0,0.0,0.0,0.0,0.0,50.0,0.0,0.0,-1,0.0,G2_EDGE,reg.sell_ok=False  regime='med_med_flat',-1,0.0,0.0,
BNB/USDT,1687,2026-05-19 04:00:00,short,0.53783,50.88,60.0,643.38,3.652143,med_med_flat,True,False,False,False,False,0.0,0.0,50.0,0.0,0.0,0.0,0.0,0.0,50.0,0.0,0.0,-1,0.0,G2_EDGE,reg.sell_ok=False  regime='med_med_flat',-1,0.0,0.0,
BNB/USDT,1688,2026-05-19 05:00:00,short,0.5405,51.27,60.0,643.84,3.627143,med_med_flat,True,False,False,False,False,0.0,0.0,50.0,0.0,0.0,0.0,0.0,0.0,50.0,0.0,0.0,-1,0.0,G2_EDGE,reg.sell_ok=False  regime='med_med_flat',-1,0.0,0.0,
BNB/USDT,1689,2026-05-19 06:00:00,short,0.55624,62.88,60.0,644.45,3.467143,med_med_flat,True,False,False,False,False,0.0,0.0,50.0,0.0,0.0,0.0,0.0,0.0,50.0,0.0,0.0,-1,0.0,G2_EDGE,reg.sell_ok=False  regime='med_med_flat',-1,0.0,0.0,
BNB/USDT,1690,2026-05-19 07:00:00,short,0.55648,64.23,60.0,645.93,3.53,med_med_flat,True,False,False,False,False,0.0,0.0,50.0,0.0,0.0,0.0,0.0,0.0,50.0,0.0,0.0,-1,0.0,G2_EDGE,reg.sell_ok=False  regime='med_med_flat',-1,0.0,0.0,
BNB/USDT,1691,2026-05-19 08:00:00,short,0.55257,57.92,60.0,642.33,3.514286,med_med_flat,True,False,False,False,False,0.0,0.0,50.0,0.0,0.0,0.0,0.0,0.0,50.0,0.0,0.0,-1,0.0,G2_EDGE,reg.sell_ok=False  regime='med_med_flat',-1,0.0,0.0,
BNB/USDT,1692,2026-05-19 09:00:00,short,0.56165,60.9,60.0,640.5,3.18,med_low_flat,True,True,False,True,True,0.0,-0.29527136750231336,74.69185924613623,0.0,0.001101,0.006,0.0,0.0,50.0,0.0,0.0,-1,0.0,G4_EV,ev=0.00110 <= floor=0.00600  meta_conf=0.5617,-1,0.0,0.0,
BNB/USDT,1693,2026-05-19 10:00:00,short,0.5489,65.39,60.0,640.07,3.170714,med_low_flat,True,True,False,True,True,0.0,-0.4146723890041446,65.7462018761322,0.0,0.000805,0.006,0.0,0.0,50.0,0.0,0.0,-1,0.0,G4_EV,ev=0.00081 <= floor=0.00600  meta_conf=0.5489,-1,0.0,0.0,
BNB/USDT,1694,2026-05-19 11:00:00,short,0.53352,62.77,60.0,639.88,3.053571,med_low_flat,True,True,False,True,True,0.0,-0.45655256173837017,65.00447960841487,0.0,0.000299,0.006,0.0,0.0,50.0,0.0,0.0,-1,0.0,G4_EV,ev=0.00030 <= floor=0.00600  meta_conf=0.5335,-1,0.0,0.0,
BNB/USDT,1695,2026-05-19 12:00:00,short,0.55292,62.05,60.0,641.47,3.042857,med_low_flat,True,True,False,True,True,0.0,-0.21121683618679812,64.29375771419127,0.0,0.000687,0.006,0.0,0.0,50.0,0.0,0.0,-1,0.0,G4_EV,ev=0.00069 <= floor=0.00600  meta_conf=0.5529,-1,0.0,0.0,
BNB/USDT,1696,2026-05-19 13:00:00,short,0.5282,68.34,60.0,640.19,3.075714,low_low_flat,True,True,False,True,True,0.0,-0.5210621181494723,63.537044898445956,0.0,0.000213,0.006,0.0,0.0,50.0,0.0,0.0,-1,0.0,G4_EV,ev=0.00021 <= floor=0.00600  meta_conf=0.5282,-1,0.0,0.0,
BNB/USDT,1697,2026-05-19 14:00:00,long,0.50489,70.45,60.0,638.19,3.177143,low_low_flat,True,True,False,True,True,0.0,-0.5087690343790061,58.72375882775952,0.0,-0.000157,0.006,0.0,0.0,50.0,0.0,0.0,-1,0.0,G4_EV,ev=-0.00016 <= floor=0.00600  meta_conf=0.5049,-1,0.0,0.0,
BNB/USDT,1698,2026-05-19 15:00:00,short,0.50159,86.68,60.0,638.73,3.163571,low_low_flat,True,True,False,True,True,0.0,-0.5356208033868904,58.074027717048665,0.0,-0.00025,0.006,0.0,0.0,50.0,0.0,0.0,-1,0.0,G4_EV,ev=-0.00025 <= floor=0.00600  meta_conf=0.5016,-1,0.0,0.0,
BNB/USDT,1699,2026-05-19 16:00:00,short,0.53552,77.22,60.0,640.61,3.120714,low_low_flat,True,True,False,True,True,0.0,-0.36881069939783595,57.40134149527733,0.0,0.000432,0.006,0.0,0.0,50.0,0.0,0.0,-1,0.0,G4_EV,ev=0.00043 <= floor=0.00600  meta_conf=0.5355,-1,0.0,0.0,
BNB/USDT,1700,2026-05-19 17:00:00,short,0.5416,74.57,60.0,640.62,3.012143,low_low_flat,True,True,False,True,True,0.0,-0.4616825582847203,56.75138965533708,0.0,0.000407,0.006,0.0,0.0,50.0,0.0,0.0,-1,0.0,G4_EV,ev=0.00041 <= floor=0.00600  meta_conf=0.5416,-1,0.0,0.0,
BNB/USDT,1701,2026-05-19 18:00:00,short,0.54029,75.33,60.0,640.38,2.95,low_low_flat,True,True,False,True,True,0.0,-0.4304186075988702,56.16581195903536,0.0,0.00029,0.006,0.0,0.0,50.0,0.0,0.0,-1,0.0,G4_EV,ev=0.00029 <= floor=0.00600  meta_conf=0.5403,-1,0.0,0.0,
BNB/USDT,1702,2026-05-19 19:00:00,short,0.5369,74.42,60.0,639.99,2.919286,low_low_flat,True,True,False,True,True,0.0,-0.4683316118710678,55.56616372835148,0.0,0.000179,0.006,0.0,0.0,50.0,0.0,0.0,-1,0.0,G4_EV,ev=0.00018 <= floor=0.00600  meta_conf=0.5369,-1,0.0,0.0,
BNB/USDT,1703,2026-05-19 20:00:00,short,0.55468,73.03,60.0,641.24,2.862143,low_low_flat,True,True,False,True,True,0.0,-0.21454816426228063,55.0460185614307,0.0,0.000446,0.006,0.0,0.0,50.0,0.0,0.0,-1,0.0,G4_EV,ev=0.00045 <= floor=0.00600  meta_conf=0.5547,-1,0.0,0.0,
BNB/USDT,1704,2026-05-19 21:00:00,short,0.55698,74.91,60.0,640.42,2.739286,low_low_flat,True,True,False,True,True,0.0,-0.4192645955629714,55.55829313981143,0.0,0.000305,0.006,0.0,0.0,50.0,0.0,0.0,-1,0.0,G4_EV,ev=0.00030 <= floor=0.00600  meta_conf=0.5570,-1,0.0,0.0,
BNB/USDT,1705,2026-05-19 22:00:00,short,0.53301,78.28,60.0,638.63,2.622143,low_low_down,False,False,False,False,False,0.0,0.0,50.0,0.0,0.0,0.0,0.0,0.0,50.0,0.0,0.0,-1,0.0,G2_EDGE,reg.sell_ok=False  regime='low_low_down',-1,0.0,0.0,
BNB/USDT,1706,2026-05-19 23:00:00,short,0.55447,76.37,60.0,640.02,2.655,low_low_flat,True,True,False,True,True,0.0,-0.27466525943926845,73.65698503431739,0.0,0.000128,0.006,0.0,0.0,50.0,0.0,0.0,-1,0.0,G4_EV,ev=0.00013 <= floor=0.00600  meta_conf=0.5545,-1,0.0,0.0,
BNB/USDT,1707,2026-05-20 00:00:00,short,0.5349,78.66,60.0,639.49,2.612857,low_low_flat,True,True,False,True,True,0.0,-0.3925184556489888,73.14496761592723,0.0,-0.000294,0.006,0.0,0.0,50.0,0.0,0.0,-1,0.0,G4_EV,ev=-0.00029 <= floor=0.00600  meta_conf=0.5349,-1,0.0,0.0,
BNB/USDT,1708,2026-05-20 01:00:00,short,0.53404,74.95,60.0,640.32,2.657857,low_low_flat,True,True,False,True,True,0.0,-0.0069772139208788,72.77752889930132,0.0,-0.000251,0.006,0.0,0.0,50.0,0.0,0.0,-1,0.0,G4_EV,ev=-0.00025 <= floor=0.00600  meta_conf=0.5340,-1,0.0,0.0,
BNB/USDT,1709,2026-05-20 02:00:00,long,0.50376,77.01,60.0,639.13,2.677857,low_low_flat,True,True,False,True,True,0.0,-0.31422975130370656,72.43542152890579,0.0,-0.000787,0.006,0.0,0.0,50.0,0.0,0.0,-1,0.0,G4_EV,ev=-0.00079 <= floor=0.00600  meta_conf=0.5038,-1,0.0,0.0,
BNB/USDT,1710,2026-05-20 03:00:00,short,0.52717,75.51,60.0,640.12,2.61,low_low_flat,True,True,False,True,True,0.0,-0.14292582836478424,73.09278843327544,0.0,-0.000443,0.006,0.0,0.0,50.0,0.0,0.0,-1,0.0,G4_EV,ev=-0.00044 <= floor=0.00600  meta_conf=0.5272,-1,0.0,0.0,
BNB/USDT,1711,2026-05-20 04:00:00,long,0.5025,71.25,60.0,639.84,2.407143,low_low_flat,True,True,False,True,True,0.0,-0.14664374548271192,83.03517855929745,0.0,-0.001136,0.006,0.0,0.0,50.0,0.0,0.0,-1,0.0,G4_EV,ev=-0.00114 <= floor=0.00600  meta_conf=0.5025,-1,0.0,0.0,
BNB/USDT,1712,2026-05-20 05:00:00,short,0.5357,91.27,60.0,642.63,2.475714,low_low_flat,True,True,False,True,True,0.0,0.45191882224516633,69.7606359213351,1.0,-0.000492,0.006,0.0,0.0,50.0,0.0,0.0,-1,0.0,G4_EV,ev=-0.00049 <= floor=0.00600  meta_conf=0.5357,-1,0.0,0.0,
BNB/USDT,1713,2026-05-20 06:00:00,short,0.54889,79.56,60.0,643.88,2.465,low_low_flat,True,True,False,True,True,0.0,0.5525516294479015,66.69232527244185,1.0,-0.000286,0.006,0.0,0.0,50.0,0.0,0.0,-1,0.0,G4_EV,ev=-0.00029 <= floor=0.00600  meta_conf=0.5489,-1,0.0,0.0,
BNB/USDT,1714,2026-05-20 07:00:00,short,0.56221,73.15,60.0,643.41,2.464286,low_low_flat,True,True,False,True,True,0.0,0.4682861044442649,60.69912206375612,0.0,-5.5e-05,0.006,0.0,0.0,50.0,0.0,0.0,-1,0.0,G4_EV,ev=-0.00006 <= floor=0.00600  meta_conf=0.5622,-1,0.0,0.0,
BNB/USDT,1715,2026-05-20 08:00:00,short,0.53991,71.61,60.0,644.4,2.473571,low_low_flat,True,True,False,True,True,0.0,0.5741593159769558,58.670880120775365,0.0,-0.000432,0.006,0.0,0.0,50.0,0.0,0.0,-1,0.0,G4_EV,ev=-0.00043 <= floor=0.00600  meta_conf=0.5399,-1,0.0,0.0,
BNB/USDT,1716,2026-05-20 09:00:00,short,0.55262,70.91,60.0,644.43,2.397857,low_low_flat,True,True,False,True,True,0.0,0.5868457891427799,58.127787770259346,0.0,-0.000328,0.006,0.0,0.0,50.0,0.0,0.0,-1,0.0,G4_EV,ev=-0.00033 <= floor=0.00600  meta_conf=0.5526,-1,0.0,0.0,
BNB/USDT,1717,2026-05-20 10:00:00,short,0.54901,74.82,60.0,643.9,2.410714,low_low_flat,True,True,False,True,True,0.0,0.46646644160099615,57.651233918070794,0.0,-0.000366,0.006,0.0,0.0,50.0,0.0,0.0,-1,0.0,G4_EV,ev=-0.00037 <= floor=0.00600  meta_conf=0.5490,-1,0.0,0.0,
BNB/USDT,1718,2026-05-20 11:00:00,short,0.56091,73.22,60.0,643.33,2.442143,low_low_flat,True,True,False,True,True,0.0,0.44540268536820726,57.33424993923357,0.0,-0.000112,0.006,0.0,0.0,50.0,0.0,0.0,-1,0.0,G4_EV,ev=-0.00011 <= floor=0.00600  meta_conf=0.5609,-1,0.0,0.0,
BNB/USDT,1719,2026-05-20 12:00:00,short,0.55123,73.2,60.0,644.95,2.48,low_low_flat,True,True,False,True,True,0.0,0.6109902018545734,53.965767490130034,0.0,-0.00023,0.006,0.0,0.0,50.0,0.0,0.0,-1,0.0,G4_EV,ev=-0.00023 <= floor=0.00600  meta_conf=0.5512,-1,0.0,0.0,
BNB/USDT,1720,2026-05-20 13:00:00,short,0.5568,77.9,60.0,643.19,2.493571,low_low_flat,True,True,False,True,True,0.0,0.3481654851654961,53.79174080885925,0.0,-0.000101,0.006,0.0,0.0,50.0,0.0,0.0,-1,0.0,G4_EV,ev=-0.00010 <= floor=0.00600  meta_conf=0.5568,-1,0.0,0.0,
BNB/USDT,1721,2026-05-20 14:00:00,short,0.50542,100.0,60.0,647.92,2.887857,low_low_up,False,True,False,True,False,0.0,0.6882660479190339,42.02077489685823,1.0,-0.000548,0.006,0.0,0.0,50.0,0.0,0.0,-1,0.0,G4_EV,ev=-0.00055 <= floor=0.00600  meta_conf=0.5054,-1,0.0,0.0,
BNB/USDT,1722,2026-05-20 15:00:00,long,0.52953,82.21,60.0,648.8,2.885714,low_low_up,False,True,False,False,False,0.0,0.0,50.0,0.0,0.0,0.0,0.0,0.0,50.0,0.0,0.0,-1,0.0,G2_EDGE,reg.buy_ok=False  regime='low_low_up',-1,0.0,0.0,
BNB/USDT,1723,2026-05-20 16:00:00,long,0.52239,61.65,60.0,648.71,2.973571,low_low_up,False,True,False,False,False,0.0,0.0,50.0,0.0,0.0,0.0,0.0,0.0,50.0,0.0,0.0,-1,0.0,G2_EDGE,reg.buy_ok=False  regime='low_low_up',-1,0.0,0.0,
BNB/USDT,1724,2026-05-20 17:00:00,long,0.51525,65.03,60.0,649.64,3.048571,low_low_up,False,True,False,False,False,0.0,0.0,50.0,0.0,0.0,0.0,0.0,0.0,50.0,0.0,0.0,-1,0.0,G2_EDGE,reg.buy_ok=False  regime='low_low_up',-1,0.0,0.0,
BNB/USDT,1725,2026-05-20 18:00:00,short,0.50308,78.69,60.0,648.81,2.987143,low_low_up,False,True,False,True,False,0.0,0.5188277015396614,44.626765124041015,0.0,-0.000483,0.006,0.0,0.0,50.0,0.0,0.0,-1,0.0,G4_EV,ev=-0.00048 <= floor=0.00600  meta_conf=0.5031,-1,0.0,0.0,
BNB/USDT,1726,2026-05-20 19:00:00,short,0.50613,78.34,60.0,650.57,2.932143,low_low_up,False,True,False,True,False,0.0,0.6503285942747786,50.267122311015676,0.0,-0.000495,0.006,0.0,0.0,50.0,0.0,0.0,-1,0.0,G4_EV,ev=-0.00050 <= floor=0.00600  meta_conf=0.5061,-1,0.0,0.0,
BNB/USDT,1727,2026-05-20 20:00:00,short,0.50593,76.41,60.0,651.26,2.930714,low_low_up,False,True,False,True,False,0.0,0.6808496270070511,49.79272276326076,1.0,-0.000505,0.006,0.0,0.0,50.0,0.0,0.0,-1,0.0,G4_EV,ev=-0.00050 <= floor=0.00600  meta_conf=0.5059,-1,0.0,0.0,
BNB/USDT,1728,2026-05-20 21:00:00,short,0.50056,84.2,60.0,649.41,2.962857,low_low_up,False,True,False,True,False,0.0,0.44114759969340844,49.29530882911176,0.0,-0.000567,0.006,0.0,0.0,50.0,0.0,0.0,-1,0.0,G4_EV,ev=-0.00057 <= floor=0.00600  meta_conf=0.5006,-1,0.0,0.0,
BNB/USDT,1729,2026-05-20 22:00:00,short,0.50332,78.55,60.0,648.7,2.974286,low_low_up,False,True,False,True,False,0.0,0.4295100692624987,49.78740098174427,0.0,-0.000493,0.006,0.0,0.0,50.0,0.0,0.0,-1,0.0,G4_EV,ev=-0.00049 <= floor=0.00600  meta_conf=0.5033,-1,0.0,0.0,
BNB/USDT,1730,2026-05-20 23:00:00,long,0.50056,67.67,60.0,649.5,3.032143,low_low_up,False,True,False,False,False,0.0,0.0,50.0,0.0,0.0,0.0,0.0,0.0,50.0,0.0,0.0,-1,0.0,G2_EDGE,reg.buy_ok=False  regime='low_low_up',-1,0.0,0.0,
BNB/USDT,1731,2026-05-21 00:00:00,long,0.59916,68.4,60.0,653.71,3.242143,low_low_up,False,True,False,False,False,0.0,0.0,50.0,0.0,0.0,0.0,0.0,0.0,50.0,0.0,0.0,-1,0.0,G2_EDGE,reg.buy_ok=False  regime='low_low_up',-1,0.0,0.0,
BNB/USDT,1732,2026-05-21 01:00:00,long,0.56502,66.05,60.0,653.07,3.289286,low_low_up,False,True,False,False,False,0.0,0.0,50.0,0.0,0.0,0.0,0.0,0.0,50.0,0.0,0.0,-1,0.0,G2_EDGE,reg.buy_ok=False  regime='low_low_up',-1,0.0,0.0,
BNB/USDT,1733,2026-05-21 02:00:00,long,0.61743,70.31,60.0,653.88,3.281429,low_low_up,False,True,False,False,False,0.0,0.0,50.0,0.0,0.0,0.0,0.0,0.0,50.0,0.0,0.0,-1,0.0,G2_EDGE,reg.buy_ok=False  regime='low_low_up',-1,0.0,0.0,
BNB/USDT,1734,2026-05-21 03:00:00,long,0.61614,68.7,60.0,654.81,3.251429,low_low_up,False,True,False,False,False,0.0,0.0,50.0,0.0,0.0,0.0,0.0,0.0,50.0,0.0,0.0,-1,0.0,G2_EDGE,reg.buy_ok=False  regime='low_low_up',-1,0.0,0.0,
BNB/USDT,1735,2026-05-21 04:00:00,long,0.59906,61.85,60.0,654.39,2.81,low_low_up,False,True,False,False,False,0.0,0.0,50.0,0.0,0.0,0.0,0.0,0.0,50.0,0.0,0.0,-1,0.0,G2_EDGE,reg.buy_ok=False  regime='low_low_up',-1,0.0,0.0,
BNB/USDT,1736,2026-05-21 05:00:00,long,0.58114,77.01,60.0,652.83,2.831429,low_low_up,False,True,False,False,False,0.0,0.0,50.0,0.0,0.0,0.0,0.0,0.0,50.0,0.0,0.0,-1,0.0,G2_EDGE,reg.buy_ok=False  regime='low_low_up',-1,0.0,0.0,
BNB/USDT,1737,2026-05-21 06:00:00,long,0.5133,70.36,60.0,651.38,2.765714,low_low_up,False,True,False,False,False,0.0,0.0,50.0,0.0,0.0,0.0,0.0,0.0,50.0,0.0,0.0,-1,0.0,G2_EDGE,reg.buy_ok=False  regime='low_low_up',-1,0.0,0.0,
BNB/USDT,1738,2026-05-21 07:00:00,long,0.6049,76.62,60.0,652.93,2.671429,low_low_up,False,True,False,False,False,0.0,0.0,50.0,0.0,0.0,0.0,0.0,0.0,50.0,0.0,0.0,-1,0.0,G2_EDGE,reg.buy_ok=False  regime='low_low_up',-1,0.0,0.0,
BNB/USDT,1739,2026-05-21 08:00:00,long,0.59904,75.64,60.0,654.92,2.791429,low_low_up,False,True,False,False,False,0.0,0.0,50.0,0.0,0.0,0.0,0.0,0.0,50.0,0.0,0.0,-1,0.0,G2_EDGE,reg.buy_ok=False  regime='low_low_up',-1,0.0,0.0,
BNB/USDT,1740,2026-05-21 09:00:00,long,0.5956,70.51,60.0,653.31,2.756429,low_low_up,False,True,False,False,False,0.0,0.0,50.0,0.0,0.0,0.0,0.0,0.0,50.0,0.0,0.0,-1,0.0,G2_EDGE,reg.buy_ok=False  regime='low_low_up',-1,0.0,0.0,
BNB/USDT,1741,2026-05-21 10:00:00,long,0.53424,96.99,60.0,648.38,2.987857,low_low_flat,True,True,False,True,True,0.0,-0.08851766633371669,58.77458159028401,0.0,0.000166,0.006,0.0,0.0,50.0,0.0,0.0,-1,0.0,G4_EV,ev=0.00017 <= floor=0.00600  meta_conf=0.5342,-1,0.0,0.0,
BNB/USDT,1742,2026-05-21 11:00:00,long,0.50775,69.12,60.0,647.77,2.975,low_low_flat,True,True,False,True,True,0.0,-0.47407316965602186,58.78562787152029,0.0,-0.000395,0.006,0.0,0.0,50.0,0.0,0.0,-1,0.0,G4_EV,ev=-0.00040 <= floor=0.00600  meta_conf=0.5077,-1,0.0,0.0,
BNB/USDT,1743,2026-05-21 12:00:00,long,0.53349,81.05,60.0,649.67,3.054286,low_low_up,False,True,False,False,False,0.0,0.0,50.0,0.0,0.0,0.0,0.0,0.0,50.0,0.0,0.0,-1,0.0,G2_EDGE,reg.buy_ok=False  regime='low_low_up',-1,0.0,0.0,
BNB/USDT,1744,2026-05-21 13:00:00,short,0.51293,97.89,60.0,649.6,3.215714,low_low_up,False,True,False,True,True,0.0,-0.292953875743223,55.581207223008036,0.0,1e-06,0.006,0.0,0.0,50.0,0.0,0.0,-1,0.0,G4_EV,ev=0.00000 <= floor=0.00600  meta_conf=0.5129,-1,0.0,0.0,
BNB/USDT,1745,2026-05-21 14:00:00,long,0.50127,80.19,60.0,648.9,3.141429,low_low_flat,True,True,False,True,True,0.0,-0.25294019731261974,55.490067823672426,0.0,-0.000341,0.006,0.0,0.0,50.0,0.0,0.0,-1,0.0,G4_EV,ev=-0.00034 <= floor=0.00600  meta_conf=0.5013,-1,0.0,0.0,
BNB/USDT,1746,2026-05-21 15:00:00,long,0.61422,100.0,60.0,652.39,3.274286,low_low_flat,True,True,False,True,True,0.0,0.280952599820496,55.47647509560629,0.0,0.002344,0.006,0.0,0.0,50.0,0.0,0.0,-1,0.0,G4_EV,ev=0.00234 <= floor=0.00600  meta_conf=0.6142,-1,0.0,0.0,
BNB/USDT,1747,2026-05-21 16:00:00,long,0.55504,55.06,60.0,651.1,3.283571,low_low_flat,True,True,False,False,False,0.0,0.0,50.0,0.0,0.0,0.0,0.0,0.0,50.0,0.0,0.0,-1,0.0,G2_EDGE,edge=55.1 < thr=60.0,-1,0.0,0.0,
BNB/USDT,1748,2026-05-21 17:00:00,long,0.61598,76.95,60.0,657.79,3.699286,low_med_up,False,False,False,False,False,0.0,0.0,50.0,0.0,0.0,0.0,0.0,0.0,50.0,0.0,0.0,-1,0.0,G2_EDGE,reg.buy_ok=False  regime='low_med_up',-1,0.0,0.0,
BNB/USDT,1749,2026-05-21 18:00:00,long,0.61006,84.92,60.0,655.95,3.914286,low_med_up,False,False,False,False,False,0.0,0.0,50.0,0.0,0.0,0.0,0.0,0.0,50.0,0.0,0.0,-1,0.0,G2_EDGE,reg.buy_ok=False  regime='low_med_up',-1,0.0,0.0,
BNB/USDT,1750,2026-05-21 19:00:00,long,0.6312,53.82,60.0,657.87,3.863571,low_med_up,False,False,False,False,False,0.0,0.0,50.0,0.0,0.0,0.0,0.0,0.0,50.0,0.0,0.0,-1,0.0,G2_EDGE,reg.buy_ok=False  regime='low_med_up',-1,0.0,0.0,
BNB/USDT,1751,2026-05-21 20:00:00,long,0.60683,48.99,60.0,657.36,3.765,low_med_up,False,False,False,False,False,0.0,0.0,50.0,0.0,0.0,0.0,0.0,0.0,50.0,0.0,0.0,-1,0.0,G2_EDGE,reg.buy_ok=False  regime='low_med_up',-1,0.0,0.0,
BNB/USDT,1752,2026-05-21 21:00:00,long,0.62844,50.11,60.0,657.51,3.731429,low_med_up,False,False,False,False,False,0.0,0.0,50.0,0.0,0.0,0.0,0.0,0.0,50.0,0.0,0.0,-1,0.0,G2_EDGE,reg.buy_ok=False  regime='low_med_up',-1,0.0,0.0,
BNB/USDT,1753,2026-05-21 22:00:00,long,0.61187,48.55,60.0,656.9,3.645714,low_med_up,False,False,False,False,False,0.0,0.0,50.0,0.0,0.0,0.0,0.0,0.0,50.0,0.0,0.0,-1,0.0,G2_EDGE,reg.buy_ok=False  regime='low_med_up',-1,0.0,0.0,
BNB/USDT,1754,2026-05-21 23:00:00,long,0.62306,55.93,60.0,658.58,3.631429,low_med_up,False,False,False,False,False,0.0,0.0,50.0,0.0,0.0,0.0,0.0,0.0,50.0,0.0,0.0,-1,0.0,G2_EDGE,reg.buy_ok=False  regime='low_med_up',-1,0.0,0.0,
BNB/USDT,1755,2026-05-22 00:00:00,long,0.60669,53.04,60.0,656.98,3.379286,low_med_flat,False,False,False,False,False,0.0,0.0,50.0,0.0,0.0,0.0,0.0,0.0,50.0,0.0,0.0,-1,0.0,G2_EDGE,reg.buy_ok=False  regime='low_med_flat',-1,0.0,0.0,
BNB/USDT,1756,2026-05-22 01:00:00,long,0.62372,45.83,60.0,659.34,3.512143,low_med_up,False,False,False,False,False,0.0,0.0,50.0,0.0,0.0,0.0,0.0,0.0,50.0,0.0,0.0,-1,0.0,G2_EDGE,reg.buy_ok=False  regime='low_med_up',-1,0.0,0.0,
BNB/USDT,1757,2026-05-22 02:00:00,long,0.6064,85.74,60.0,660.31,3.437857,low_med_up,False,False,False,False,False,0.0,0.0,50.0,0.0,0.0,0.0,0.0,0.0,50.0,0.0,0.0,-1,0.0,G2_EDGE,reg.buy_ok=False  regime='low_med_up',-1,0.0,0.0,
BNB/USDT,1758,2026-05-22 03:00:00,long,0.61987,64.09,60.0,659.61,3.260714,low_low_up,False,True,False,False,False,0.0,0.0,50.0,0.0,0.0,0.0,0.0,0.0,50.0,0.0,0.0,-1,0.0,G2_EDGE,reg.buy_ok=False  regime='low_low_up',-1,0.0,0.0,
BNB/USDT,1759,2026-05-22 04:00:00,long,0.59919,65.17,60.0,659.13,3.165714,med_low_up,True,False,False,True,False,0.0,0.4707361709010309,51.686392658894306,0.0,0.001746,0.006,0.0,0.0,50.0,0.0,0.0,-1,0.0,G4_EV,ev=0.00175 <= floor=0.00600  meta_conf=0.5992,-1,0.0,0.0,
BNB/USDT,1760,2026-05-22 05:00:00,long,0.54998,77.9,60.0,657.15,3.047143,med_low_flat,True,True,False,True,False,0.0,0.40753232794495564,56.219190963729964,0.0,0.000521,0.006,0.0,0.0,50.0,0.0,0.0,-1,0.0,G4_EV,ev=0.00052 <= floor=0.00600  meta_conf=0.5500,-1,0.0,0.0,
BNB/USDT,1761,2026-05-22 06:00:00,long,0.55144,78.34,60.0,656.12,2.964286,med_low_up,True,False,False,True,True,0.0,0.32811968108348966,58.6746490654313,0.0,0.000434,0.006,0.0,0.0,50.0,0.0,0.0,-1,0.0,G4_EV,ev=0.00043 <= floor=0.00600  meta_conf=0.5514,-1,0.0,0.0,
BNB/USDT,1762,2026-05-22 07:00:00,long,0.53916,70.52,60.0,659.49,2.637143,med_low_up,True,False,False,True,False,0.0,0.5295754666201538,73.13590613723956,0.0,-0.000296,0.006,0.0,0.0,50.0,0.0,0.0,-1,0.0,G4_EV,ev=-0.00030 <= floor=0.00600  meta_conf=0.5392,-1,0.0,0.0,
BNB/USDT,1763,2026-05-22 08:00:00,long,0.52027,69.17,60.0,659.16,2.446429,med_low_flat,True,True,False,True,False,0.0,0.3234084591771486,77.96276288304408,0.0,-0.000878,0.006,0.0,0.0,50.0,0.0,0.0,-1,0.0,G4_EV,ev=-0.00088 <= floor=0.00600  meta_conf=0.5203,-1,0.0,0.0,
BNB/USDT,1764,2026-05-22 09:00:00,long,0.57289,77.42,60.0,657.25,2.464286,med_low_flat,True,True,False,True,False,0.0,0.18615421421266087,76.80468525544609,0.0,4.2e-05,0.006,0.0,0.0,50.0,0.0,0.0,-1,0.0,G4_EV,ev=0.00004 <= floor=0.00600  meta_conf=0.5729,-1,0.0,0.0,
BNB/USDT,1765,2026-05-22 10:00:00,long,0.59002,78.37,60.0,656.08,2.536429,med_low_up,True,False,False,True,True,0.0,-0.06515951128808575,71.5936678388337,0.0,0.000466,0.006,0.0,0.0,50.0,0.0,0.0,-1,0.0,G4_EV,ev=0.00047 <= floor=0.00600  meta_conf=0.5900,-1,0.0,0.0,
BNB/USDT,1766,2026-05-22 11:00:00,long,0.59721,65.28,60.0,657.94,2.607143,med_low_up,True,False,False,True,False,0.0,0.03283340829945423,70.60968875214975,0.0,0.000705,0.006,0.0,0.0,50.0,0.0,0.0,-1,0.0,G4_EV,ev=0.00071 <= floor=0.00600  meta_conf=0.5972,-1,0.0,0.0,
BNB/USDT,1767,2026-05-22 12:00:00,long,0.54642,72.83,60.0,660.62,2.67,med_low_up,True,False,False,True,False,0.0,0.4315541311814942,69.73452674080721,0.0,-0.000124,0.006,0.0,0.0,50.0,0.0,0.0,-1,0.0,G4_EV,ev=-0.00012 <= floor=0.00600  meta_conf=0.5464,-1,0.0,0.0,
BNB/USDT,1768,2026-05-22 13:00:00,long,0.54941,93.12,60.0,663.99,2.775714,med_low_up,True,False,False,True,False,0.0,0.7155208613910765,56.49536202349562,1.0,6.5e-05,0.006,0.0,0.0,50.0,0.0,0.0,-1,0.0,G4_EV,ev=0.00006 <= floor=0.00600  meta_conf=0.5494,-1,0.0,0.0,
BNB/USDT,1769,2026-05-22 14:00:00,long,0.59829,100.0,60.0,657.39,3.145714,med_low_up,True,False,False,True,True,0.0,0.09700589511800771,55.46432480259758,0.0,0.001705,0.006,0.0,0.0,50.0,0.0,0.0,-1,0.0,G4_EV,ev=0.00171 <= floor=0.00600  meta_conf=0.5983,-1,0.0,0.0,
BNB/USDT,1770,2026-05-22 15:00:00,long,0.55203,80.06,60.0,658.51,3.097143,med_low_up,True,False,False,True,True,0.0,0.1765157967515353,55.075689095680076,0.0,0.000629,0.006,0.0,0.0,50.0,0.0,0.0,-1,0.0,G4_EV,ev=0.00063 <= floor=0.00600  meta_conf=0.5520,-1,0.0,0.0,
BNB/USDT,1771,2026-05-22 16:00:00,long,0.58168,53.41,60.0,660.52,3.14,med_low_up,True,False,False,False,False,0.0,0.0,50.0,0.0,0.0,0.0,0.0,0.0,50.0,0.0,0.0,-1,0.0,G2_EDGE,edge=53.4 < thr=60.0,-1,0.0,0.0,
BNB/USDT,1772,2026-05-22 17:00:00,long,0.61688,64.08,60.0,659.83,3.195714,med_low_flat,True,True,False,True,True,0.0,0.3480914242949813,54.73258648007518,0.0,0.00218,0.006,0.0,0.0,50.0,0.0,0.0,-1,0.0,G4_EV,ev=0.00218 <= floor=0.00600  meta_conf=0.6169,-1,0.0,0.0,
BNB/USDT,1773,2026-05-22 18:00:00,long,0.59559,83.73,60.0,653.53,3.851429,med_med_flat,True,False,False,False,True,0.0,-0.4418288801378511,36.10263415674501,-1.0,0.002955,0.006,0.0,0.0,50.0,0.0,0.0,-1,0.0,G4_EV,ev=0.00295 <= floor=0.00600  meta_conf=0.5956,-1,0.0,0.0,
BNB/USDT,1774,2026-05-22 19:00:00,long,0.58203,69.69,60.0,652.48,4.075,med_med_flat,True,False,False,False,True,0.0,-0.5058834395284005,36.47380816179664,0.0,0.00299,0.006,0.0,0.0,50.0,0.0,0.0,-1,0.0,G4_EV,ev=0.00299 <= floor=0.00600  meta_conf=0.5820,-1,0.0,0.0,
BNB/USDT,1775,2026-05-22 20:00:00,long,0.58776,61.29,60.0,653.22,4.092857,med_med_flat,True,False,False,False,True,0.0,-0.38731766280084184,37.487941808018775,0.0,0.003174,0.006,0.0,0.0,50.0,0.0,0.0,-1,0.0,G4_EV,ev=0.00317 <= floor=0.00600  meta_conf=0.5878,-1,0.0,0.0,
BNB/USDT,1776,2026-05-22 21:00:00,long,0.58686,58.53,60.0,653.23,3.909286,med_med_flat,True,False,False,False,False,0.0,0.0,50.0,0.0,0.0,0.0,0.0,0.0,50.0,0.0,0.0,-1,0.0,G2_EDGE,edge=58.5 < thr=60.0,-1,0.0,0.0,
BNB/USDT,1777,2026-05-22 22:00:00,long,0.60727,58.97,60.0,652.53,3.945,med_med_flat,True,False,False,False,False,0.0,0.0,50.0,0.0,0.0,0.0,0.0,0.0,50.0,0.0,0.0,-1,0.0,G2_EDGE,edge=59.0 < thr=60.0,-1,0.0,0.0,
BNB/USDT,1778,2026-05-22 23:00:00,long,0.59211,61.08,60.0,650.44,4.067143,med_med_down,True,False,False,False,True,0.0,-0.6137583284415521,41.18004468033717,0.0,0.003282,0.006,0.0,0.0,50.0,0.0,0.0,-1,0.0,G4_EV,ev=0.00328 <= floor=0.00600  meta_conf=0.5921,-1,0.0,0.0,
BNB/USDT,1779,2026-05-23 00:00:00,long,0.62073,66.65,60.0,650.99,4.182143,med_med_flat,True,False,False,False,True,0.0,-0.4456819502984122,41.913155923364315,0.0,0.004308,0.006,0.0,0.0,50.0,0.0,0.0,-1,0.0,G4_EV,ev=0.00431 <= floor=0.00600  meta_conf=0.6207,-1,0.0,0.0,
BNB/USDT,1780,2026-05-23 01:00:00,long,0.58608,58.11,60.0,650.36,4.189286,med_med_down,True,False,False,False,False,0.0,0.0,50.0,0.0,0.0,0.0,0.0,0.0,50.0,0.0,0.0,-1,0.0,G2_EDGE,edge=58.1 < thr=60.0,-1,0.0,0.0,
BNB/USDT,1781,2026-05-23 02:00:00,long,0.57724,60.18,60.0,651.51,4.131429,med_med_down,True,False,False,False,True,0.0,-0.44733218494421256,44.20775082147331,0.0,0.00296,0.006,0.0,0.0,50.0,0.0,0.0,-1,0.0,G4_EV,ev=0.00296 <= floor=0.00600  meta_conf=0.5772,-1,0.0,0.0,
BNB/USDT,1782,2026-05-23 03:00:00,long,0.58619,83.07,60.0,652.34,4.063571,med_med_down,True,False,False,False,True,0.0,-0.4309650891412807,45.13835119523248,0.0,0.003088,0.006,0.0,0.0,50.0,0.0,0.0,-1,0.0,G4_EV,ev=0.00309 <= floor=0.00600  meta_conf=0.5862,-1,0.0,0.0,
BNB/USDT,1783,2026-05-23 04:00:00,long,0.57702,80.5,60.0,650.18,3.730714,med_med_down,True,False,False,False,True,0.0,-0.5720611532089936,52.27007869132631,0.0,0.002292,0.006,0.0,0.0,50.0,0.0,0.0,-1,0.0,G4_EV,ev=0.00229 <= floor=0.00600  meta_conf=0.5770,-1,0.0,0.0,
BNB/USDT,1784,2026-05-23 05:00:00,long,0.57421,84.12,60.0,648.97,3.630714,med_med_down,True,False,False,False,True,0.0,-0.614591593358869,52.64492778924487,0.0,0.002064,0.006,0.0,0.0,50.0,0.0,0.0,-1,0.0,G4_EV,ev=0.00206 <= floor=0.00600  meta_conf=0.5742,-1,0.0,0.0,
BNB/USDT,1785,2026-05-23 06:00:00,long,0.57425,80.99,60.0,648.68,3.528571,med_med_down,True,False,False,False,True,0.0,-0.6127978808791903,52.915595463439324,0.0,0.001897,0.006,0.0,0.0,50.0,0.0,0.0,-1,0.0,G4_EV,ev=0.00190 <= floor=0.00600  meta_conf=0.5743,-1,0.0,0.0,
BNB/USDT,1786,2026-05-23 07:00:00,long,0.57494,100.0,60.0,636.76,4.302143,med_med_down,True,False,False,False,True,0.0,-0.7545313532647064,30.966393601999187,-1.0,0.003346,0.006,0.0,0.0,50.0,0.0,0.0,-1,0.0,G4_EV,ev=0.00335 <= floor=0.00600  meta_conf=0.5749,-1,0.0,0.0,
BNB/USDT,1787,2026-05-23 08:00:00,long,0.626,89.14,60.0,640.32,3.841429,med_med_down,True,False,False,False,True,0.0,-0.5463092807306643,41.10814968022784,0.0,0.003901,0.006,0.0,0.0,50.0,0.0,0.0,-1,0.0,G4_EV,ev=0.00390 <= floor=0.00600  meta_conf=0.6260,-1,0.0,0.0,
BNB/USDT,1788,2026-05-23 09:00:00,long,0.56794,80.27,60.0,638.63,3.579286,med_med_down,True,False,False,False,True,0.0,-0.7149371748423305,40.9307595514649,0.0,0.001917,0.006,0.0,0.0,50.0,0.0,0.0,-1,0.0,G4_EV,ev=0.00192 <= floor=0.00600  meta_conf=0.5679,-1,0.0,0.0,
BNB/USDT,1789,2026-05-23 10:00:00,long,0.58465,80.92,60.0,640.2,3.572143,med_med_down,True,False,False,False,True,0.0,-0.5919762562918456,40.57157395877605,0.0,0.00231,0.006,0.0,0.0,50.0,0.0,0.0,-1,0.0,G4_EV,ev=0.00231 <= floor=0.00600  meta_conf=0.5847,-1,0.0,0.0,
BNB/USDT,1790,2026-05-23 11:00:00,long,0.63864,84.87,60.0,640.22,3.560714,med_med_down,True,False,False,False,True,0.0,-0.5551354426895478,41.35394789376113,0.0,0.003641,0.006,0.0,0.0,50.0,0.0,0.0,-1,0.0,G4_EV,ev=0.00364 <= floor=0.00600  meta_conf=0.6386,-1,0.0,0.0,
BNB/USDT,1791,2026-05-23 12:00:00,long,0.63661,82.08,60.0,640.68,3.477143,med_med_down,True,False,False,False,True,0.0,-0.5122353325642578,41.360049606995965,0.0,0.003407,0.006,0.0,0.0,50.0,0.0,0.0,-1,0.0,G4_EV,ev=0.00341 <= floor=0.00600  meta_conf=0.6366,-1,0.0,0.0,
BNB/USDT,1792,2026-05-23 13:00:00,long,0.61284,86.09,60.0,643.06,3.352143,med_med_down,True,False,False,False,True,0.0,-0.4767698693557585,41.63711636552686,0.0,0.002557,0.006,0.0,0.0,50.0,0.0,0.0,-1,0.0,G4_EV,ev=0.00256 <= floor=0.00600  meta_conf=0.6128,-1,0.0,0.0,
BNB/USDT,1793,2026-05-23 14:00:00,long,0.54632,76.64,60.0,647.36,3.461429,med_med_down,True,False,False,False,False,0.0,-0.21996648635578367,41.119696793981184,0.0,0.001125,0.006,0.0,0.0,50.0,0.0,0.0,-1,0.0,G4_EV,ev=0.00112 <= floor=0.00600  meta_conf=0.5463,-1,0.0,0.0,
BNB/USDT,1794,2026-05-23 15:00:00,long,0.50793,74.83,60.0,647.49,3.440714,med_med_down,True,False,False,False,False,0.0,-0.2402311648683194,40.57469118046086,0.0,0.000175,0.006,0.0,0.0,50.0,0.0,0.0,-1,0.0,G4_EV,ev=0.00018 <= floor=0.00600  meta_conf=0.5079,-1,0.0,0.0,
BNB/USDT,1795,2026-05-23 16:00:00,long,0.51444,72.06,60.0,646.76,3.435714,med_med_down,True,False,False,False,False,0.0,-0.33640167367430934,40.06104290704987,0.0,0.000329,0.006,0.0,0.0,50.0,0.0,0.0,-1,0.0,G4_EV,ev=0.00033 <= floor=0.00600  meta_conf=0.5144,-1,0.0,0.0,
BNB/USDT,1796,2026-05-23 17:00:00,long,0.50533,74.43,60.0,649.12,3.431429,med_med_down,True,False,False,False,False,0.0,-0.008038525381742875,40.061874385845016,0.0,9.1e-05,0.006,0.0,0.0,50.0,0.0,0.0,-1,0.0,G4_EV,ev=0.00009 <= floor=0.00600  meta_conf=0.5053,-1,0.0,0.0,
BNB/USDT,1797,2026-05-23 18:00:00,short,0.51255,84.05,60.0,651.61,3.51,low_med_flat,False,False,False,False,False,0.0,0.0,50.0,0.0,0.0,0.0,0.0,0.0,50.0,0.0,0.0,-1,0.0,G2_EDGE,reg.sell_ok=False  regime='low_med_flat',-1,0.0,0.0,
BNB/USDT,1798,2026-05-23 19:00:00,long,0.50617,68.22,60.0,652.34,3.54,low_med_flat,False,False,False,False,False,0.0,0.0,50.0,0.0,0.0,0.0,0.0,0.0,50.0,0.0,0.0,-1,0.0,G2_EDGE,reg.buy_ok=False  regime='low_med_flat',-1,0.0,0.0,
BNB/USDT,1799,2026-05-23 20:00:00,long,0.51929,81.38,60.0,661.43,4.127857,low_med_up,False,False,False,False,False,0.0,0.0,50.0,0.0,0.0,0.0,0.0,0.0,50.0,0.0,0.0,-1,0.0,G2_EDGE,reg.buy_ok=False  regime='low_med_up',-1,0.0,0.0,
BNB/USDT,1800,2026-05-23 21:00:00,long,0.50774,68.81,60.0,657.66,3.779286,med_med_flat,True,False,False,True,False,0.0,0.5643180189246961,21.66296058637932,0.0,0.00051,0.006,0.0,0.0,50.0,0.0,0.0,-1,0.0,G4_EV,ev=0.00051 <= floor=0.00600  meta_conf=0.5077,-1,0.0,0.0,
BNB/USDT,1801,2026-05-23 22:00:00,long,0.51258,60.12,60.0,656.67,3.72,med_med_flat,True,False,False,True,False,0.0,0.551127441757796,25.8037487619488,0.0,0.000569,0.006,0.0,0.0,50.0,0.0,0.0,-1,0.0,G4_EV,ev=0.00057 <= floor=0.00600  meta_conf=0.5126,-1,0.0,0.0,
BNB/USDT,1802,2026-05-23 23:00:00,long,0.52786,59.24,60.0,656.26,3.677857,med_med_up,False,False,False,False,False,0.0,0.0,50.0,0.0,0.0,0.0,0.0,0.0,50.0,0.0,0.0,-1,0.0,G2_EDGE,reg.buy_ok=False  regime='med_med_up',-1,0.0,0.0,
BNB/USDT,1803,2026-05-24 00:00:00,long,0.51274,60.35,60.0,656.59,3.701429,med_med_up,False,False,False,False,False,0.0,0.0,50.0,0.0,0.0,0.0,0.0,0.0,50.0,0.0,0.0,-1,0.0,G2_EDGE,reg.buy_ok=False  regime='med_med_up',-1,0.0,0.0,
BNB/USDT,1804,2026-05-24 01:00:00,long,0.51107,60.5,60.0,657.4,3.722857,med_med_up,False,False,False,False,False,0.0,0.0,50.0,0.0,0.0,0.0,0.0,0.0,50.0,0.0,0.0,-1,0.0,G2_EDGE,reg.buy_ok=False  regime='med_med_up',-1,0.0,0.0,
BNB/USDT,1805,2026-05-24 02:00:00,long,0.51195,61.65,60.0,657.89,3.795,med_med_up,False,False,False,False,False,0.0,0.0,50.0,0.0,0.0,0.0,0.0,0.0,50.0,0.0,0.0,-1,0.0,G2_EDGE,reg.buy_ok=False  regime='med_med_up',-1,0.0,0.0,
BNB/USDT,1806,2026-05-24 03:00:00,long,0.50226,58.51,60.0,657.14,3.768571,med_med_up,False,False,False,False,False,0.0,0.0,50.0,0.0,0.0,0.0,0.0,0.0,50.0,0.0,0.0,-1,0.0,G2_EDGE,reg.buy_ok=False  regime='med_med_up',-1,0.0,0.0,
BNB/USDT,1807,2026-05-24 04:00:00,long,0.50195,66.61,60.0,656.36,3.490714,med_med_up,False,False,False,False,False,0.0,0.0,50.0,0.0,0.0,0.0,0.0,0.0,50.0,0.0,0.0,-1,0.0,G2_EDGE,reg.buy_ok=False  regime='med_med_up',-1,0.0,0.0,
BNB/USDT,1808,2026-05-24 05:00:00,long,0.51161,70.42,60.0,655.35,3.483571,low_med_up,False,False,False,False,False,0.0,0.0,50.0,0.0,0.0,0.0,0.0,0.0,50.0,0.0,0.0,-1,0.0,G2_EDGE,reg.buy_ok=False  regime='low_med_up',-1,0.0,0.0,
BNB/USDT,1809,2026-05-24 06:00:00,short,0.50583,85.15,60.0,657.43,3.56,med_med_up,False,False,False,False,False,0.0,0.0,50.0,0.0,0.0,0.0,0.0,0.0,50.0,0.0,0.0,-1,0.0,G2_EDGE,reg.sell_ok=False  regime='med_med_up',-1,0.0,0.0,
BNB/USDT,1810,2026-05-24 07:00:00,short,0.50789,77.85,60.0,656.64,3.484286,low_med_up,False,False,False,False,False,0.0,0.0,50.0,0.0,0.0,0.0,0.0,0.0,50.0,0.0,0.0,-1,0.0,G2_EDGE,reg.sell_ok=False  regime='low_med_up',-1,0.0,0.0,
BNB/USDT,1811,2026-05-24 08:00:00,short,0.51298,80.16,60.0,658.68,3.395,low_med_up,False,False,False,False,False,0.0,0.0,50.0,0.0,0.0,0.0,0.0,0.0,50.0,0.0,0.0,-1,0.0,G2_EDGE,reg.sell_ok=False  regime='low_med_up',-1,0.0,0.0,
BNB/USDT,1812,2026-05-24 09:00:00,short,0.51772,84.57,60.0,659.79,3.372857,low_med_up,False,False,False,False,False,0.0,0.0,50.0,0.0,0.0,0.0,0.0,0.0,50.0,0.0,0.0,-1,0.0,G2_EDGE,reg.sell_ok=False  regime='low_med_up',-1,0.0,0.0,
BNB/USDT,1813,2026-05-24 10:00:00,short,0.50419,85.08,60.0,660.85,2.935714,low_low_up,False,True,False,True,False,0.0,0.5481500583434648,61.20406600724737,0.0,-0.000584,0.006,0.0,0.0,50.0,0.0,0.0,-1,0.0,G4_EV,ev=-0.00058 <= floor=0.00600  meta_conf=0.5042,-1,0.0,0.0,
BNB/USDT,1814,2026-05-24 11:00:00,short,0.50797,82.12,60.0,661.27,2.455714,low_low_up,False,True,False,True,False,0.0,0.5549389874990059,65.63991373782112,0.0,-0.001082,0.006,0.0,0.0,50.0,0.0,0.0,-1,0.0,G4_EV,ev=-0.00108 <= floor=0.00600  meta_conf=0.5080,-1,0.0,0.0,
BNB/USDT,1815,2026-05-24 12:00:00,short,0.5207,82.91,60.0,660.13,2.368571,low_low_up,False,True,False,True,False,0.0,0.5075120219041964,64.57049523676619,0.0,-0.000975,0.006,0.0,0.0,50.0,0.0,0.0,-1,0.0,G4_EV,ev=-0.00097 <= floor=0.00600  meta_conf=0.5207,-1,0.0,0.0,
BNB/USDT,1816,2026-05-24 13:00:00,short,0.50227,82.74,60.0,657.45,2.568571,low_low_up,False,True,False,True,False,0.0,0.3713968667402502,63.66955996681441,0.0,-0.00103,0.006,0.0,0.0,50.0,0.0,0.0,-1,0.0,G4_EV,ev=-0.00103 <= floor=0.00600  meta_conf=0.5023,-1,0.0,0.0,
BNB/USDT,1817,2026-05-24 14:00:00,short,0.5166,100.0,60.0,655.62,2.847857,low_low_up,False,True,False,True,False,0.0,0.025353245800841927,55.245429574407474,0.0,-0.000418,0.006,0.0,0.0,50.0,0.0,0.0,-1,0.0,G4_EV,ev=-0.00042 <= floor=0.00600  meta_conf=0.5166,-1,0.0,0.0,
BNB/USDT,1818,2026-05-24 15:00:00,short,0.51626,72.98,60.0,655.51,2.825,low_low_up,False,True,False,True,True,0.0,0.029553782158293688,54.48599305388174,0.0,-0.000452,0.006,0.0,0.0,50.0,0.0,0.0,-1,0.0,G4_EV,ev=-0.00045 <= floor=0.00600  meta_conf=0.5163,-1,0.0,0.0,
BNB/USDT,1819,2026-05-24 16:00:00,short,0.51596,83.59,60.0,656.79,2.814286,low_low_up,False,True,False,True,False,0.0,-0.023389482588365894,53.638702167104874,0.0,-0.000479,0.006,0.0,0.0,50.0,0.0,0.0,-1,0.0,G4_EV,ev=-0.00048 <= floor=0.00600  meta_conf=0.5160,-1,0.0,0.0,
BNB/USDT,1820,2026-05-24 17:00:00,short,0.51085,73.39,60.0,656.29,2.721429,low_low_up,False,True,False,True,True,0.0,-0.18351558403029705,52.71260435200805,0.0,-0.000688,0.006,0.0,0.0,50.0,0.0,0.0,-1,0.0,G4_EV,ev=-0.00069 <= floor=0.00600  meta_conf=0.5108,-1,0.0,0.0,
BNB/USDT,1821,2026-05-24 18:00:00,short,0.51459,74.7,60.0,655.38,2.697143,low_low_flat,True,True,False,True,True,0.0,-0.19922187873312094,51.995374105868805,0.0,-0.000643,0.006,0.0,0.0,50.0,0.0,0.0,-1,0.0,G4_EV,ev=-0.00064 <= floor=0.00600  meta_conf=0.5146,-1,0.0,0.0,
BNB/USDT,1822,2026-05-24 19:00:00,short,0.50777,70.12,60.0,656.16,2.617857,low_low_flat,True,True,False,True,True,0.0,-0.02930341880727808,51.19714016587495,0.0,-0.000868,0.006,0.0,0.0,50.0,0.0,0.0,-1,0.0,G4_EV,ev=-0.00087 <= floor=0.00600  meta_conf=0.5078,-1,0.0,0.0,
BNB/USDT,1823,2026-05-24 20:00:00,short,0.52885,74.37,60.0,655.16,2.492143,low_low_flat,True,True,False,True,True,0.0,-0.27000746134199816,50.18877708713293,0.0,-0.000653,0.006,0.0,0.0,50.0,0.0,0.0,-1,0.0,G4_EV,ev=-0.00065 <= floor=0.00600  meta_conf=0.5289,-1,0.0,0.0,
BNB/USDT,1824,2026-05-24 21:00:00,short,0.52171,75.41,60.0,650.2,2.815714,low_low_down,False,False,False,False,False,0.0,0.0,50.0,0.0,0.0,0.0,0.0,0.0,50.0,0.0,0.0,-1,0.0,G2_EDGE,reg.sell_ok=False  regime='low_low_down',-1,0.0,0.0,
BNB/USDT,1825,2026-05-24 22:00:00,short,0.53352,82.47,60.0,654.68,3.032143,low_low_flat,True,True,False,True,True,0.0,-0.1854290712183021,41.4378505037449,0.0,0.000172,0.006,0.0,0.0,50.0,0.0,0.0,-1,0.0,G4_EV,ev=0.00017 <= floor=0.00600  meta_conf=0.5335,-1,0.0,0.0,
BNB/USDT,1826,2026-05-24 23:00:00,short,0.52723,74.88,60.0,656.57,3.095,low_low_flat,True,True,False,True,True,0.0,-0.11701036027981933,41.16385171210947,0.0,0.000113,0.006,0.0,0.0,50.0,0.0,0.0,-1,0.0,G4_EV,ev=0.00011 <= floor=0.00600  meta_conf=0.5272,-1,0.0,0.0,
BNB/USDT,1827,2026-05-25 00:00:00,short,0.53368,73.61,60.0,658.91,3.062857,low_low_flat,True,True,False,True,True,0.0,0.22956587685968421,41.28947497879838,0.0,0.000191,0.006,0.0,0.0,50.0,0.0,0.0,-1,0.0,G4_EV,ev=0.00019 <= floor=0.00600  meta_conf=0.5337,-1,0.0,0.0,
BNB/USDT,1828,2026-05-25 01:00:00,short,0.53354,75.07,60.0,655.89,3.205714,low_low_flat,True,True,False,True,True,0.0,-0.0692447001656124,46.007992041430605,0.0,0.000403,0.006,0.0,0.0,50.0,0.0,0.0,-1,0.0,G4_EV,ev=0.00040 <= floor=0.00600  meta_conf=0.5335,-1,0.0,0.0,
BNB/USDT,1829,2026-05-25 02:00:00,short,0.52735,76.36,60.0,657.01,3.295,low_low_flat,True,True,False,True,True,0.0,0.0560778144382598,48.593088154881585,0.0,0.000379,0.006,0.0,0.0,50.0,0.0,0.0,-1,0.0,G4_EV,ev=0.00038 <= floor=0.00600  meta_conf=0.5273,-1,0.0,0.0,
BNB/USDT,1830,2026-05-25 03:00:00,short,0.51593,72.1,60.0,657.07,3.092143,low_low_flat,True,True,False,True,True,0.0,0.15041789055097943,51.98735013721613,0.0,-0.000133,0.006,0.0,0.0,50.0,0.0,0.0,-1,0.0,G4_EV,ev=-0.00013 <= floor=0.00600  meta_conf=0.5159,-1,0.0,0.0,
BNB/USDT,1831,2026-05-25 04:00:00,long,0.51112,81.17,60.0,659.36,2.888571,low_low_flat,True,True,False,True,True,0.0,0.6053350190162936,52.02531672653259,0.0,-0.000495,0.006,0.0,0.0,50.0,0.0,0.0,-1,0.0,G4_EV,ev=-0.00050 <= floor=0.00600  meta_conf=0.5111,-1,0.0,0.0,
BNB/USDT,1832,2026-05-25 05:00:00,long,0.51661,75.72,60.0,660.77,2.934286,low_low_up,False,True,False,False,False,0.0,0.0,50.0,0.0,0.0,0.0,0.0,0.0,50.0,0.0,0.0,-1,0.0,G2_EDGE,reg.buy_ok=False  regime='low_low_up',-1,0.0,0.0,
BNB/USDT,1833,2026-05-25 06:00:00,long,0.52273,73.27,60.0,660.81,2.960714,low_low_flat,True,True,False,True,False,0.0,0.5031982860717669,45.53871247025431,0.0,-0.000181,0.006,0.0,0.0,50.0,0.0,0.0,-1,0.0,G4_EV,ev=-0.00018 <= floor=0.00600  meta_conf=0.5227,-1,0.0,0.0,
BNB/USDT,1834,2026-05-25 07:00:00,long,0.52245,78.98,60.0,661.92,3.007143,low_low_up,False,True,False,False,False,0.0,0.0,50.0,0.0,0.0,0.0,0.0,0.0,50.0,0.0,0.0,-1,0.0,G2_EDGE,reg.buy_ok=False  regime='low_low_up',-1,0.0,0.0,
BNB/USDT,1835,2026-05-25 08:00:00,long,0.50536,77.88,60.0,662.1,3.042857,low_low_flat,True,True,False,True,False,0.0,0.7261055329433157,43.847258094705346,1.0,-0.000442,0.006,0.0,0.0,50.0,0.0,0.0,-1,0.0,G4_EV,ev=-0.00044 <= floor=0.00600  meta_conf=0.5054,-1,0.0,0.0,
BNB/USDT,1836,2026-05-25 09:00:00,long,0.50051,73.11,60.0,661.51,3.115,low_low_flat,True,True,False,True,False,0.0,0.5374888090050935,42.48519764061403,0.0,-0.000457,0.006,0.0,0.0,50.0,0.0,0.0,-1,0.0,G4_EV,ev=-0.00046 <= floor=0.00600  meta_conf=0.5005,-1,0.0,0.0,
BNB/USDT,1837,2026-05-25 10:00:00,short,0.50171,80.64,60.0,661.69,3.114286,low_low_flat,True,True,False,True,False,0.0,0.6250569560555952,43.041860220455966,0.0,-0.000434,0.006,0.0,0.0,50.0,0.0,0.0,-1,0.0,G4_EV,ev=-0.00043 <= floor=0.00600  meta_conf=0.5017,-1,0.0,0.0,
BNB/USDT,1838,2026-05-25 11:00:00,long,0.51325,83.63,60.0,662.25,2.783571,low_low_flat,True,True,False,True,False,0.0,0.6551639472240158,44.45081564529971,0.0,-0.000597,0.006,0.0,0.0,50.0,0.0,0.0,-1,0.0,G4_EV,ev=-0.00060 <= floor=0.00600  meta_conf=0.5133,-1,0.0,0.0,
BNB/USDT,1839,2026-05-25 12:00:00,long,0.6014,87.37,60.0,669.61,3.013571,low_low_up,False,True,False,False,False,0.0,0.0,50.0,0.0,0.0,0.0,0.0,0.0,50.0,0.0,0.0,-1,0.0,G2_EDGE,reg.buy_ok=False  regime='low_low_up',-1,0.0,0.0,
BNB/USDT,1840,2026-05-25 13:00:00,long,0.64853,86.96,60.0,671.97,3.011429,low_low_up,False,True,False,False,False,0.0,0.0,50.0,0.0,0.0,0.0,0.0,0.0,50.0,0.0,0.0,-1,0.0,G2_EDGE,reg.buy_ok=False  regime='low_low_up',-1,0.0,0.0,
BNB/USDT,1841,2026-05-25 14:00:00,long,0.65942,73.03,60.0,671.39,2.970714,low_low_up,False,True,False,False,False,0.0,0.0,50.0,0.0,0.0,0.0,0.0,0.0,50.0,0.0,0.0,-1,0.0,G2_EDGE,reg.buy_ok=False  regime='low_low_up',-1,0.0,0.0,
BNB/USDT,1842,2026-05-25 15:00:00,long,0.5466,69.0,60.0,667.78,3.027143,low_low_up,False,True,False,False,False,0.0,0.0,50.0,0.0,0.0,0.0,0.0,0.0,50.0,0.0,0.0,-1,0.0,G2_EDGE,reg.buy_ok=False  regime='low_low_up',-1,0.0,0.0,
BNB/USDT,1843,2026-05-25 16:00:00,long,0.54245,60.79,60.0,667.07,2.861429,low_low_up,False,True,False,False,False,0.0,0.0,50.0,0.0,0.0,0.0,0.0,0.0,50.0,0.0,0.0,-1,0.0,G2_EDGE,reg.buy_ok=False  regime='low_low_up',-1,0.0,0.0,
BNB/USDT,1844,2026-05-25 17:00:00,long,0.58026,85.87,60.0,661.06,3.220714,low_low_up,False,True,False,False,False,0.0,0.0,50.0,0.0,0.0,0.0,0.0,0.0,50.0,0.0,0.0,-1,0.0,G2_EDGE,reg.buy_ok=False  regime='low_low_up',-1,0.0,0.0,
BNB/USDT,1845,2026-05-25 18:00:00,long,0.56839,83.31,60.0,662.98,3.191429,med_low_up,True,False,False,False,False,0.0,0.26828351128656164,42.04762758911263,0.0,0.001092,0.006,0.0,0.0,50.0,0.0,0.0,-1,0.0,G4_EV,ev=0.00109 <= floor=0.00600  meta_conf=0.5684,-1,0.0,0.0,
BNB/USDT,1846,2026-05-25 19:00:00,long,0.56819,76.33,60.0,662.37,3.180714,med_low_up,True,False,False,False,False,0.0,0.09470853658228331,42.26797508832237,0.0,0.001075,0.006,0.0,0.0,50.0,0.0,0.0,-1,0.0,G4_EV,ev=0.00107 <= floor=0.00600  meta_conf=0.5682,-1,0.0,0.0,
BNB/USDT,1847,2026-05-25 20:00:00,long,0.57033,77.72,60.0,661.37,3.161429,med_low_up,True,False,False,False,False,0.0,0.06150960969982993,45.09384966996137,0.0,0.001098,0.006,0.0,0.0,50.0,0.0,0.0,-1,0.0,G4_EV,ev=0.00110 <= floor=0.00600  meta_conf=0.5703,-1,0.0,0.0,
BNB/USDT,1848,2026-05-25 21:00:00,long,0.57207,75.01,60.0,661.82,3.100714,med_low_up,True,False,False,False,False,0.0,0.049640198414582594,46.21176170938036,0.0,0.001033,0.006,0.0,0.0,50.0,0.0,0.0,-1,0.0,G4_EV,ev=0.00103 <= floor=0.00600  meta_conf=0.5721,-1,0.0,0.0,
BNB/USDT,1849,2026-05-25 22:00:00,long,0.56876,76.14,60.0,660.72,3.16,med_low_up,True,False,False,False,False,0.0,-0.18599753214908116,46.16574792402724,0.0,0.001067,0.006,0.0,0.0,50.0,0.0,0.0,-1,0.0,G4_EV,ev=0.00107 <= floor=0.00600  meta_conf=0.5688,-1,0.0,0.0,
BNB/USDT,1850,2026-05-25 23:00:00,long,0.58025,78.57,60.0,663.15,3.199286,med_low_up,True,False,False,True,True,0.0,0.10844533979753852,46.24010097342518,0.0,0.00136,0.006,0.0,0.0,50.0,0.0,0.0,-1,0.0,G4_EV,ev=0.00136 <= floor=0.00600  meta_conf=0.5802,-1,0.0,0.0,
BNB/USDT,1851,2026-05-26 00:00:00,long,0.52896,100.0,60.0,659.52,3.576429,med_med_flat,True,False,False,False,True,0.0,-0.2737903058081789,38.17187135093041,0.0,0.000774,0.006,0.0,0.0,50.0,0.0,0.0,-1,0.0,G4_EV,ev=0.00077 <= floor=0.00600  meta_conf=0.5290,-1,0.0,0.0,
BNB/USDT,1852,2026-05-26 01:00:00,short,0.50799,70.45,60.0,657.7,3.728571,med_med_flat,True,False,False,False,False,0.0,0.0,50.0,0.0,0.0,0.0,0.0,0.0,50.0,0.0,0.0,-1,0.0,G2_EDGE,reg.sell_ok=False  regime='med_med_flat',-1,0.0,0.0,
BNB/USDT,1853,2026-05-26 02:00:00,long,0.5075,83.89,60.0,659.34,3.277857,med_low_flat,True,True,False,False,True,0.0,-0.32998387200243906,36.538716223603736,0.0,-0.000104,0.006,0.0,0.0,50.0,0.0,0.0,-1,0.0,G4_EV,ev=-0.00010 <= floor=0.00600  meta_conf=0.5075,-1,0.0,0.0,
BNB/USDT,1854,2026-05-26 03:00:00,short,0.50906,60.23,60.0,658.05,3.237143,med_low_flat,True,True,False,False,True,0.0,-0.5194623832709021,36.72971039986552,0.0,-0.00011,0.006,0.0,0.0,50.0,0.0,0.0,-1,0.0,G4_EV,ev=-0.00011 <= floor=0.00600  meta_conf=0.5091,-1,0.0,0.0,
BNB/USDT,1855,2026-05-26 04:00:00,long,0.50436,81.39,60.0,658.83,3.242143,med_low_flat,True,True,False,False,True,0.0,-0.3689043117700877,40.33009810553004,0.0,-0.000213,0.006,0.0,0.0,50.0,0.0,0.0,-1,0.0,G4_EV,ev=-0.00021 <= floor=0.00600  meta_conf=0.5044,-1,0.0,0.0,
BNB/USDT,1856,2026-05-26 05:00:00,long,0.52286,80.17,60.0,659.27,3.009286,med_low_flat,True,True,False,False,True,0.0,-0.3499561124752379,49.55071244020222,0.0,-0.000107,0.006,0.0,0.0,50.0,0.0,0.0,-1,0.0,G4_EV,ev=-0.00011 <= floor=0.00600  meta_conf=0.5229,-1,0.0,0.0,
BNB/USDT,1857,2026-05-26 06:00:00,long,0.50307,79.0,60.0,658.11,3.044286,med_low_flat,True,True,False,False,True,0.0,-0.4948081492523812,52.43806703409022,0.0,-0.000467,0.006,0.0,0.0,50.0,0.0,0.0,-1,0.0,G4_EV,ev=-0.00047 <= floor=0.00600  meta_conf=0.5031,-1,0.0,0.0,
BNB/USDT,1858,2026-05-26 07:00:00,short,0.5156,75.1,60.0,657.73,2.836429,med_low_flat,True,True,False,False,True,0.0,-0.47289932151197156,62.311411923412805,0.0,-0.000463,0.006,0.0,0.0,50.0,0.0,0.0,-1,0.0,G4_EV,ev=-0.00046 <= floor=0.00600  meta_conf=0.5156,-1,0.0,0.0,
BNB/USDT,1859,2026-05-26 08:00:00,short,0.52243,68.93,60.0,657.14,2.737857,med_low_flat,True,True,False,False,True,0.0,-0.5558305477381966,63.124476902282254,0.0,-0.000455,0.006,0.0,0.0,50.0,0.0,0.0,-1,0.0,G4_EV,ev=-0.00045 <= floor=0.00600  meta_conf=0.5224,-1,0.0,0.0,
BNB/USDT,1860,2026-05-26 09:00:00,short,0.53199,69.15,60.0,656.83,2.711429,med_low_flat,True,True,False,False,True,0.0,-0.5623842455735087,62.72268081769964,0.0,-0.00031,0.006,0.0,0.0,50.0,0.0,0.0,-1,0.0,G4_EV,ev=-0.00031 <= floor=0.00600  meta_conf=0.5320,-1,0.0,0.0,
BNB/USDT,1861,2026-05-26 10:00:00,long,0.51176,90.32,60.0,662.78,3.110714,med_low_flat,True,True,False,False,True,0.0,0.012102098524749555,59.030633790477474,0.0,-0.000231,0.006,0.0,0.0,50.0,0.0,0.0,-1,0.0,G4_EV,ev=-0.00023 <= floor=0.00600  meta_conf=0.5118,-1,0.0,0.0,
BNB/USDT,1862,2026-05-26 11:00:00,short,0.53011,66.35,60.0,662.48,3.185714,med_low_flat,True,True,False,False,True,0.0,-0.07836900558742284,59.1038105297689,0.0,0.000258,0.006,0.0,0.0,50.0,0.0,0.0,-1,0.0,G4_EV,ev=0.00026 <= floor=0.00600  meta_conf=0.5301,-1,0.0,0.0,
BNB/USDT,1863,2026-05-26 12:00:00,short,0.52731,63.18,60.0,662.48,3.187857,med_low_down,False,True,False,False,True,0.0,0.2299880932426834,59.12776210891937,0.0,0.0002,0.006,0.0,0.0,50.0,0.0,0.0,-1,0.0,G4_EV,ev=0.00020 <= floor=0.00600  meta_conf=0.5273,-1,0.0,0.0,
BNB/USDT,1864,2026-05-26 13:00:00,long,0.51245,87.08,60.0,663.35,3.301429,med_low_down,False,True,False,False,False,0.0,0.0,50.0,0.0,0.0,0.0,0.0,0.0,50.0,0.0,0.0,-1,0.0,G2_EDGE,reg.buy_ok=False  regime='med_low_down',-1,0.0,0.0,
BNB/USDT,1865,2026-05-26 14:00:00,short,0.5217,82.23,60.0,662.89,3.342857,med_low_down,False,True,False,False,True,0.0,0.41540066978390433,47.1341366340253,0.0,0.000275,0.006,0.0,0.0,50.0,0.0,0.0,-1,0.0,G4_EV,ev=0.00027 <= floor=0.00600  meta_conf=0.5217,-1,0.0,0.0,
BNB/USDT,1866,2026-05-26 15:00:00,long,0.50642,100.0,60.0,660.28,3.519286,med_med_down,True,False,False,False,True,0.0,0.07215466532793845,46.953280768511426,0.0,0.000151,0.006,0.0,0.0,50.0,0.0,0.0,-1,0.0,G4_EV,ev=0.00015 <= floor=0.00600  meta_conf=0.5064,-1,0.0,0.0,
BNB/USDT,1867,2026-05-26 16:00:00,long,0.59183,79.92,60.0,659.77,3.566429,med_med_down,True,False,False,True,True,0.0,-0.1343564685590106,47.20242717323517,0.0,0.002288,0.006,0.0,0.0,50.0,0.0,0.0,-1,0.0,G4_EV,ev=0.00229 <= floor=0.00600  meta_conf=0.5918,-1,0.0,0.0,
BNB/USDT,1868,2026-05-26 17:00:00,long,0.52824,83.61,60.0,655.77,3.886429,med_med_flat,True,False,False,False,True,0.0,-0.4749255910300647,42.488500637248556,0.0,0.001198,0.006,0.0,0.0,50.0,0.0,0.0,-1,0.0,G4_EV,ev=0.00120 <= floor=0.00600  meta_conf=0.5282,-1,0.0,0.0,
BNB/USDT,1869,2026-05-26 18:00:00,long,0.52999,76.05,60.0,655.53,3.891429,med_med_down,True,False,False,False,True,0.0,-0.6025118970689772,43.03515970632011,0.0,0.001253,0.006,0.0,0.0,50.0,0.0,0.0,-1,0.0,G4_EV,ev=0.00125 <= floor=0.00600  meta_conf=0.5300,-1,0.0,0.0,
BNB/USDT,1870,2026-05-26 19:00:00,long,0.5435,77.6,60.0,657.2,3.982143,med_med_flat,True,False,False,False,True,0.0,-0.4466709674041136,43.839762971852814,0.0,0.001731,0.006,0.0,0.0,50.0,0.0,0.0,-1,0.0,G4_EV,ev=0.00173 <= floor=0.00600  meta_conf=0.5435,-1,0.0,0.0,
BNB/USDT,1871,2026-05-26 20:00:00,long,0.54424,78.12,60.0,657.3,3.91,med_med_flat,True,False,False,False,True,0.0,-0.45140301796610877,44.54166422486644,0.0,0.001646,0.006,0.0,0.0,50.0,0.0,0.0,-1,0.0,G4_EV,ev=0.00165 <= floor=0.00600  meta_conf=0.5442,-1,0.0,0.0,
BNB/USDT,1872,2026-05-26 21:00:00,long,0.54291,57.32,60.0,656.48,3.827143,med_med_flat,True,False,False,False,False,0.0,0.0,50.0,0.0,0.0,0.0,0.0,0.0,50.0,0.0,0.0,-1,0.0,G2_EDGE,edge=57.3 < thr=60.0,-1,0.0,0.0,
BNB/USDT,1873,2026-05-26 22:00:00,long,0.54571,59.55,60.0,655.98,3.862857,med_med_flat,True,False,False,False,False,0.0,0.0,50.0,0.0,0.0,0.0,0.0,0.0,50.0,0.0,0.0,-1,0.0,G2_EDGE,edge=59.5 < thr=60.0,-1,0.0,0.0,
BNB/USDT,1874,2026-05-26 23:00:00,long,0.54799,59.52,60.0,656.43,3.880714,med_med_down,True,False,False,False,False,0.0,0.0,50.0,0.0,0.0,0.0,0.0,0.0,50.0,0.0,0.0,-1,0.0,G2_EDGE,edge=59.5 < thr=60.0,-1,0.0,0.0,
BNB/USDT,1875,2026-05-27 00:00:00,long,0.55502,51.05,60.0,658.54,3.462143,med_med_flat,True,False,False,False,False,0.0,0.0,50.0,0.0,0.0,0.0,0.0,0.0,50.0,0.0,0.0,-1,0.0,G2_EDGE,edge=51.0 < thr=60.0,-1,0.0,0.0,
BNB/USDT,1876,2026-05-27 01:00:00,long,0.51997,60.21,60.0,657.32,3.473571,med_med_flat,True,False,False,False,True,0.0,-0.5012646633591138,47.56981246596799,0.0,0.000438,0.006,0.0,0.0,50.0,0.0,0.0,-1,0.0,G4_EV,ev=0.00044 <= floor=0.00600  meta_conf=0.5200,-1,0.0,0.0,
BNB/USDT,1877,2026-05-27 02:00:00,long,0.52614,61.03,60.0,656.66,3.478571,low_med_flat,False,False,False,False,False,0.0,0.0,50.0,0.0,0.0,0.0,0.0,0.0,50.0,0.0,0.0,-1,0.0,G2_EDGE,reg.buy_ok=False  regime='low_med_flat',-1,0.0,0.0,
BNB/USDT,1878,2026-05-27 03:00:00,long,0.5146,59.65,60.0,654.38,3.369286,low_med_flat,False,False,False,False,False,0.0,0.0,50.0,0.0,0.0,0.0,0.0,0.0,50.0,0.0,0.0,-1,0.0,G2_EDGE,reg.buy_ok=False  regime='low_med_flat',-1,0.0,0.0,
BNB/USDT,1879,2026-05-27 04:00:00,short,0.51018,44.7,60.0,654.31,3.125714,low_low_flat,True,True,False,False,False,0.0,0.0,50.0,0.0,0.0,0.0,0.0,0.0,50.0,0.0,0.0,-1,0.0,G2_EDGE,edge=44.7 < thr=60.0,-1,0.0,0.0,
BNB/USDT,1880,2026-05-27 05:00:00,short,0.51009,41.46,60.0,653.25,2.803571,low_low_flat,True,True,False,False,False,0.0,0.0,50.0,0.0,0.0,0.0,0.0,0.0,50.0,0.0,0.0,-1,0.0,G2_EDGE,edge=41.5 < thr=60.0,-1,0.0,0.0,
BNB/USDT,1881,2026-05-27 06:00:00,short,0.51144,65.55,60.0,652.92,2.685,med_low_flat,True,True,False,False,True,0.0,-0.6618307662939082,62.455142910082145,0.0,-0.000704,0.006,0.0,0.0,50.0,0.0,0.0,-1,0.0,G4_EV,ev=-0.00070 <= floor=0.00600  meta_conf=0.5114,-1,0.0,0.0,
BNB/USDT,1882,2026-05-27 07:00:00,short,0.52028,77.93,60.0,653.5,2.34,low_low_flat,True,True,False,False,True,0.0,-0.48888083495092,66.29868804874069,0.0,-0.000988,0.006,0.0,0.0,50.0,0.0,0.0,-1,0.0,G4_EV,ev=-0.00099 <= floor=0.00600  meta_conf=0.5203,-1,0.0,0.0,
BNB/USDT,1883,2026-05-27 08:00:00,short,0.51407,71.98,60.0,653.72,2.334286,med_low_flat,True,True,False,False,True,0.0,-0.4336583676126902,65.05149665209153,0.0,-0.001096,0.006,0.0,0.0,50.0,0.0,0.0,-1,0.0,G4_EV,ev=-0.00110 <= floor=0.00600  meta_conf=0.5141,-1,0.0,0.0,
BNB/USDT,1884,2026-05-27 09:00:00,short,0.51486,67.96,60.0,654.09,2.252143,med_low_flat,True,True,False,False,True,0.0,-0.429868122893179,63.61594703835827,0.0,-0.001187,0.006,0.0,0.0,50.0,0.0,0.0,-1,0.0,G4_EV,ev=-0.00119 <= floor=0.00600  meta_conf=0.5149,-1,0.0,0.0,
BNB/USDT,1885,2026-05-27 10:00:00,long,0.51195,82.92,60.0,654.62,2.377857,low_low_down,False,False,False,False,False,0.0,0.0,50.0,0.0,0.0,0.0,0.0,0.0,50.0,0.0,0.0,-1,0.0,G2_EDGE,reg.buy_ok=False  regime='low_low_down',-1,0.0,0.0,
BNB/USDT,1886,2026-05-27 11:00:00,short,0.50157,71.16,60.0,653.84,2.338571,low_low_down,False,False,False,False,False,0.0,0.0,50.0,0.0,0.0,0.0,0.0,0.0,50.0,0.0,0.0,-1,0.0,G2_EDGE,reg.sell_ok=False  regime='low_low_down',-1,0.0,0.0,
BNB/USDT,1887,2026-05-27 12:00:00,long,0.54278,88.57,60.0,655.21,2.470714,low_low_down,False,False,False,False,False,0.0,0.0,50.0,0.0,0.0,0.0,0.0,0.0,50.0,0.0,0.0,-1,0.0,G2_EDGE,reg.buy_ok=False  regime='low_low_down',-1,0.0,0.0,
BNB/USDT,1888,2026-05-27 13:00:00,short,0.50119,79.5,60.0,652.43,2.721429,low_low_down,False,False,False,False,False,0.0,0.0,50.0,0.0,0.0,0.0,0.0,0.0,50.0,0.0,0.0,-1,0.0,G2_EDGE,reg.sell_ok=False  regime='low_low_down',-1,0.0,0.0,
BNB/USDT,1889,2026-05-27 14:00:00,short,0.51915,76.14,60.0,654.12,2.768571,low_low_down,False,False,False,False,False,0.0,0.0,50.0,0.0,0.0,0.0,0.0,0.0,50.0,0.0,0.0,-1,0.0,G2_EDGE,reg.sell_ok=False  regime='low_low_down',-1,0.0,0.0,
BNB/USDT,1890,2026-05-27 15:00:00,short,0.51409,91.15,60.0,657.66,2.916429,low_low_flat,True,True,False,True,True,0.0,0.3574628743453806,58.41310014311472,0.0,-0.000393,0.006,0.0,0.0,50.0,0.0,0.0,-1,0.0,G4_EV,ev=-0.00039 <= floor=0.00600  meta_conf=0.5141,-1,0.0,0.0,
BNB/USDT,1891,2026-05-27 16:00:00,short,0.50894,74.19,60.0,655.99,3.081429,low_low_flat,True,True,False,True,True,0.0,0.13537318025278416,51.09069132266793,0.0,-0.000288,0.006,0.0,0.0,50.0,0.0,0.0,-1,0.0,G4_EV,ev=-0.00029 <= floor=0.00600  meta_conf=0.5089,-1,0.0,0.0,
BNB/USDT,1892,2026-05-27 17:00:00,long,0.51153,74.71,60.0,651.05,3.29,low_low_flat,True,True,False,True,True,0.0,-0.3346937666397126,51.010672890109205,0.0,5.2e-05,0.006,0.0,0.0,50.0,0.0,0.0,-1,0.0,G4_EV,ev=0.00005 <= floor=0.00600  meta_conf=0.5115,-1,0.0,0.0,
BNB/USDT,1893,2026-05-27 18:00:00,short,0.51237,72.85,60.0,653.74,3.277857,low_low_flat,True,True,False,True,True,0.0,-0.16076116538056393,51.16407308954041,0.0,4e-05,0.006,0.0,0.0,50.0,0.0,0.0,-1,0.0,G4_EV,ev=0.00004 <= floor=0.00600  meta_conf=0.5124,-1,0.0,0.0,
BNB/USDT,1894,2026-05-27 19:00:00,long,0.50591,67.95,60.0,653.39,3.262857,low_low_flat,True,True,False,True,True,0.0,-0.2793961486520211,51.62342283661209,0.0,-0.000122,0.006,0.0,0.0,50.0,0.0,0.0,-1,0.0,G4_EV,ev=-0.00012 <= floor=0.00600  meta_conf=0.5059,-1,0.0,0.0,
BNB/USDT,1895,2026-05-27 20:00:00,short,0.51971,74.06,60.0,653.92,3.27,low_low_flat,True,True,False,True,True,0.0,-0.22759558526041354,52.200554853493934,0.0,0.000194,0.006,0.0,0.0,50.0,0.0,0.0,-1,0.0,G4_EV,ev=0.00019 <= floor=0.00600  meta_conf=0.5197,-1,0.0,0.0,
BNB/USDT,1896,2026-05-27 21:00:00,long,0.52576,81.9,60.0,648.7,3.653571,low_med_down,True,False,False,False,True,0.0,-0.6126226700747812,42.515857094272015,-1.0,0.000877,0.006,0.0,0.0,50.0,0.0,0.0,-1,0.0,G4_EV,ev=0.00088 <= floor=0.00600  meta_conf=0.5258,-1,0.0,0.0,
BNB/USDT,1897,2026-05-27 22:00:00,long,0.53615,58.96,60.0,647.01,3.689286,low_med_down,True,False,False,False,False,0.0,0.0,50.0,0.0,0.0,0.0,0.0,0.0,50.0,0.0,0.0,-1,0.0,G2_EDGE,edge=59.0 < thr=60.0,-1,0.0,0.0,
BNB/USDT,1898,2026-05-27 23:00:00,long,0.53842,61.58,60.0,648.84,3.770714,low_med_down,True,False,False,False,True,0.0,-0.4868718430661748,44.28114907212614,0.0,0.001363,0.006,0.0,0.0,50.0,0.0,0.0,-1,0.0,G4_EV,ev=0.00136 <= floor=0.00600  meta_conf=0.5384,-1,0.0,0.0,
BNB/USDT,1899,2026-05-28 00:00:00,long,0.59736,61.7,60.0,648.95,3.701429,low_med_down,True,False,False,False,True,0.0,-0.47029723478919533,45.43283257430468,0.0,0.002777,0.006,0.0,0.0,50.0,0.0,0.0,-1,0.0,G4_EV,ev=0.00278 <= floor=0.00600  meta_conf=0.5974,-1,0.0,0.0,
BNB/USDT,1900,2026-05-28 01:00:00,long,0.56427,61.82,60.0,646.66,3.852857,low_med_down,True,False,False,False,True,0.0,-0.6173507325192378,43.39053383413262,0.0,0.002192,0.006,0.0,0.0,50.0,0.0,0.0,-1,0.0,G4_EV,ev=0.00219 <= floor=0.00600  meta_conf=0.5643,-1,0.0,0.0,
BNB/USDT,1901,2026-05-28 02:00:00,long,0.56899,59.64,60.0,644.91,3.779286,low_med_down,True,False,False,False,False,0.0,0.0,50.0,0.0,0.0,0.0,0.0,0.0,50.0,0.0,0.0,-1,0.0,G2_EDGE,edge=59.6 < thr=60.0,-1,0.0,0.0,
BNB/USDT,1902,2026-05-28 03:00:00,long,0.60923,83.26,60.0,637.81,4.032143,med_med_down,True,False,False,False,True,0.0,-0.7542042448296583,27.92018282206898,-1.0,0.003849,0.006,0.0,0.0,50.0,0.0,0.0,-1,0.0,G4_EV,ev=0.00385 <= floor=0.00600  meta_conf=0.6092,-1,0.0,0.0,
BNB/USDT,1903,2026-05-28 04:00:00,long,0.61178,83.71,60.0,636.59,4.163571,med_med_down,True,False,False,False,True,0.0,-0.7263020833380531,23.44812551820563,-1.0,0.004195,0.006,0.0,0.0,50.0,0.0,0.0,-1,0.0,G4_EV,ev=0.00420 <= floor=0.00600  meta_conf=0.6118,-1,0.0,0.0,
BNB/USDT,1904,2026-05-28 05:00:00,long,0.5858,84.46,60.0,634.7,4.112143,med_med_down,True,False,False,False,True,0.0,-0.7126042387198045,24.178876587726073,0.0,0.003361,0.006,0.0,0.0,50.0,0.0,0.0,-1,0.0,G4_EV,ev=0.00336 <= floor=0.00600  meta_conf=0.5858,-1,0.0,0.0,
BNB/USDT,1905,2026-05-28 06:00:00,long,0.61247,86.39,60.0,634.03,4.017857,med_med_down,True,False,False,False,True,0.0,-0.7018002362566557,28.223874446140673,0.0,0.00396,0.006,0.0,0.0,50.0,0.0,0.0,-1,0.0,G4_EV,ev=0.00396 <= floor=0.00600  meta_conf=0.6125,-1,0.0,0.0,
BNB/USDT,1906,2026-05-28 07:00:00,long,0.62344,86.92,60.0,634.98,3.824286,med_med_down,True,False,False,False,True,0.0,-0.6119909556939779,30.39176509609715,0.0,0.003863,0.006,0.0,0.0,50.0,0.0,0.0,-1,0.0,G4_EV,ev=0.00386 <= floor=0.00600  meta_conf=0.6234,-1,0.0,0.0,
BNB/USDT,1907,2026-05-28 08:00:00,long,0.59076,81.97,60.0,634.74,3.692857,med_med_down,True,False,False,False,True,0.0,-0.6376820404154496,30.69063969126317,0.0,0.00274,0.006,0.0,0.0,50.0,0.0,0.0,-1,0.0,G4_EV,ev=0.00274 <= floor=0.00600  meta_conf=0.5908,-1,0.0,0.0,
BNB/USDT,1908,2026-05-28 09:00:00,long,0.61336,85.4,60.0,634.25,3.798571,med_med_down,True,False,False,False,True,0.0,-0.6432738529227706,31.07299710869659,0.0,0.003547,0.006,0.0,0.0,50.0,0.0,0.0,-1,0.0,G4_EV,ev=0.00355 <= floor=0.00600  meta_conf=0.6134,-1,0.0,0.0,
BNB/USDT,1909,2026-05-28 10:00:00,long,0.60187,83.45,60.0,633.42,3.85,med_med_down,True,False,False,False,True,0.0,-0.6420480725649481,32.6451411243638,0.0,0.003345,0.006,0.0,0.0,50.0,0.0,0.0,-1,0.0,G4_EV,ev=0.00334 <= floor=0.00600  meta_conf=0.6019,-1,0.0,0.0,
BNB/USDT,1910,2026-05-28 11:00:00,long,0.60841,84.2,60.0,632.9,3.482143,med_med_down,True,False,False,False,True,0.0,-0.628855923986613,39.85779571356563,0.0,0.002811,0.006,0.0,0.0,50.0,0.0,0.0,-1,0.0,G4_EV,ev=0.00281 <= floor=0.00600  meta_conf=0.6084,-1,0.0,0.0,
BNB/USDT,1911,2026-05-28 12:00:00,long,0.60468,84.57,60.0,633.16,3.481429,med_med_down,True,False,False,False,True,0.0,-0.5364580448124001,39.20992892359425,0.0,0.002714,0.006,0.0,0.0,50.0,0.0,0.0,-1,0.0,G4_EV,ev=0.00271 <= floor=0.00600  meta_conf=0.6047,-1,0.0,0.0,
BNB/USDT,1912,2026-05-28 13:00:00,long,0.62369,86.72,60.0,631.45,3.592857,med_med_down,True,False,False,False,True,0.0,-0.6350371880528016,37.162176091169,0.0,0.003434,0.006,0.0,0.0,50.0,0.0,0.0,-1,0.0,G4_EV,ev=0.00343 <= floor=0.00600  meta_conf=0.6237,-1,0.0,0.0,
BNB/USDT,1913,2026-05-28 14:00:00,long,0.596,91.76,60.0,635.21,4.05,med_med_down,True,False,False,False,True,0.0,-0.31611776060935154,35.31029384038526,0.0,0.003536,0.006,0.0,0.0,50.0,0.0,0.0,-1,0.0,G4_EV,ev=0.00354 <= floor=0.00600  meta_conf=0.5960,-1,0.0,0.0,
BNB/USDT,1914,2026-05-28 15:00:00,long,0.60143,85.82,60.0,634.79,4.078571,med_med_down,True,False,False,False,True,0.0,-0.35637095671936225,39.97028707779552,0.0,0.003751,0.006,0.0,0.0,50.0,0.0,0.0,-1,0.0,G4_EV,ev=0.00375 <= floor=0.00600  meta_conf=0.6014,-1,0.0,0.0,
BNB/USDT,1915,2026-05-28 16:00:00,long,0.58927,81.57,60.0,640.23,4.375,med_med_down,True,False,False,False,False,0.0,-0.06471975676152192,43.18982534913075,0.0,0.00387,0.006,0.0,0.0,50.0,0.0,0.0,-1,0.0,G4_EV,ev=0.00387 <= floor=0.00600  meta_conf=0.5893,-1,0.0,0.0,
BNB/USDT,1916,2026-05-28 17:00:00,long,0.58215,79.03,60.0,640.21,3.945714,med_med_down,True,False,False,False,False,0.0,0.09151653367370184,52.35291275268847,0.0,0.002901,0.006,0.0,0.0,50.0,0.0,0.0,-1,0.0,G4_EV,ev=0.00290 <= floor=0.00600  meta_conf=0.5821,-1,0.0,0.0,
BNB/USDT,1917,2026-05-28 18:00:00,long,0.62662,78.6,60.0,641.83,3.777857,med_med_down,True,False,False,False,False,0.0,0.29384520447567974,50.219012246098885,0.0,0.003768,0.006,0.0,0.0,50.0,0.0,0.0,-1,0.0,G4_EV,ev=0.00377 <= floor=0.00600  meta_conf=0.6266,-1,0.0,0.0,
BNB/USDT,1918,2026-05-28 19:00:00,long,0.64136,76.95,60.0,639.71,3.682143,med_med_down,True,False,False,False,False,0.0,0.159190700475551,49.916515273777115,0.0,0.003978,0.006,0.0,0.0,50.0,0.0,0.0,-1,0.0,G4_EV,ev=0.00398 <= floor=0.00600  meta_conf=0.6414,-1,0.0,0.0,
BNB/USDT,1919,2026-05-28 20:00:00,long,0.63983,79.26,60.0,640.92,3.630714,med_med_down,True,False,False,False,False,0.0,0.34025732662832436,49.64208615732968,0.0,0.003813,0.006,0.0,0.0,50.0,0.0,0.0,-1,0.0,G4_EV,ev=0.00381 <= floor=0.00600  meta_conf=0.6398,-1,0.0,0.0,
BNB/USDT,1920,2026-05-28 21:00:00,long,0.64413,78.98,60.0,641.88,3.55,med_med_down,True,False,False,False,False,0.0,0.29812326428222125,49.44644672875993,0.0,0.003735,0.006,0.0,0.0,50.0,0.0,0.0,-1,0.0,G4_EV,ev=0.00373 <= floor=0.00600  meta_conf=0.6441,-1,0.0,0.0,
BNB/USDT,1921,2026-05-28 22:00:00,long,0.64732,77.1,60.0,638.87,3.711429,med_med_down,True,False,False,False,False,0.0,0.10715405173175403,49.4597250764131,0.0,0.004208,0.006,0.0,0.0,50.0,0.0,0.0,-1,0.0,G4_EV,ev=0.00421 <= floor=0.00600  meta_conf=0.6473,-1,0.0,0.0,
BNB/USDT,1922,2026-05-28 23:00:00,long,0.63405,79.87,60.0,638.24,3.657857,med_med_down,True,False,False,False,False,0.0,0.23167443871668,49.3589999284947,0.0,0.003756,0.006,0.0,0.0,50.0,0.0,0.0,-1,0.0,G4_EV,ev=0.00376 <= floor=0.00600  meta_conf=0.6340,-1,0.0,0.0,
BNB/USDT,1923,2026-05-29 00:00:00,long,0.63561,79.3,60.0,638.49,3.565,med_med_down,True,False,False,False,False,0.0,0.30388056262089397,49.154169150985076,0.0,0.003595,0.006,0.0,0.0,50.0,0.0,0.0,-1,0.0,G4_EV,ev=0.00360 <= floor=0.00600  meta_conf=0.6356,-1,0.0,0.0,
BNB/USDT,1924,2026-05-29 01:00:00,long,0.63427,87.62,60.0,636.96,3.650714,med_med_down,True,False,False,False,True,0.0,0.18109878777854743,49.27545591941131,0.0,0.003762,0.006,0.0,0.0,50.0,0.0,0.0,-1,0.0,G4_EV,ev=0.00376 <= floor=0.00600  meta_conf=0.6343,-1,0.0,0.0,
BNB/USDT,1925,2026-05-29 02:00:00,long,0.62642,87.23,60.0,634.27,3.695,med_med_down,True,False,False,False,True,0.0,-0.09584899314051117,49.42856467901263,0.0,0.003683,0.006,0.0,0.0,50.0,0.0,0.0,-1,0.0,G4_EV,ev=0.00368 <= floor=0.00600  meta_conf=0.6264,-1,0.0,0.0,
BNB/USDT,1926,2026-05-29 03:00:00,long,0.62892,67.17,60.0,635.61,3.557143,med_med_flat,True,False,False,False,True,0.0,0.028717353858059753,49.40300424594474,0.0,0.003444,0.006,0.0,0.0,50.0,0.0,0.0,-1,0.0,G4_EV,ev=0.00344 <= floor=0.00600  meta_conf=0.6289,-1,0.0,0.0,
BNB/USDT,1927,2026-05-29 04:00:00,long,0.60082,57.09,60.0,636.57,3.110714,med_low_flat,True,True,False,False,False,0.0,0.0,50.0,0.0,0.0,0.0,0.0,0.0,50.0,0.0,0.0,-1,0.0,G2_EDGE,edge=57.1 < thr=60.0,-1,0.0,0.0,
BNB/USDT,1928,2026-05-29 05:00:00,long,0.59348,50.17,60.0,638.44,2.943571,med_low_flat,True,True,False,False,False,0.0,0.0,50.0,0.0,0.0,0.0,0.0,0.0,50.0,0.0,0.0,-1,0.0,G2_EDGE,edge=50.2 < thr=60.0,-1,0.0,0.0,
BNB/USDT,1929,2026-05-29 06:00:00,long,0.59161,49.84,60.0,638.16,2.575714,med_low_flat,True,True,False,False,False,0.0,0.0,50.0,0.0,0.0,0.0,0.0,0.0,50.0,0.0,0.0,-1,0.0,G2_EDGE,edge=49.8 < thr=60.0,-1,0.0,0.0,
BNB/USDT,1930,2026-05-29 07:00:00,long,0.56629,62.92,60.0,637.04,2.564286,med_low_flat,True,True,False,True,True,0.0,-0.159332077092886,64.02269020644599,0.0,0.00022,0.006,0.0,0.0,50.0,0.0,0.0,-1,0.0,G4_EV,ev=0.00022 <= floor=0.00600  meta_conf=0.5663,-1,0.0,0.0,
BNB/USDT,1931,2026-05-29 08:00:00,long,0.55426,53.68,60.0,636.75,2.502857,med_low_flat,True,True,False,False,False,0.0,0.0,50.0,0.0,0.0,0.0,0.0,0.0,50.0,0.0,0.0,-1,0.0,G2_EDGE,edge=53.7 < thr=60.0,-1,0.0,0.0,
BNB/USDT,1932,2026-05-29 09:00:00,long,0.57839,55.14,60.0,640.73,2.643571,med_low_up,True,False,False,False,False,0.0,0.0,50.0,0.0,0.0,0.0,0.0,0.0,50.0,0.0,0.0,-1,0.0,G2_EDGE,edge=55.1 < thr=60.0,-1,0.0,0.0,
BNB/USDT,1933,2026-05-29 10:00:00,long,0.55453,50.52,60.0,639.13,2.581429,low_low_up,False,True,False,False,False,0.0,0.0,50.0,0.0,0.0,0.0,0.0,0.0,50.0,0.0,0.0,-1,0.0,G2_EDGE,reg.buy_ok=False  regime='low_low_up',-1,0.0,0.0,
BNB/USDT,1934,2026-05-29 11:00:00,long,0.56169,58.01,60.0,637.14,2.735,low_low_flat,True,True,False,False,False,0.0,0.0,50.0,0.0,0.0,0.0,0.0,0.0,50.0,0.0,0.0,-1,0.0,G2_EDGE,edge=58.0 < thr=60.0,-1,0.0,0.0,
BNB/USDT,1935,2026-05-29 12:00:00,long,0.56021,53.01,60.0,635.91,2.592143,low_low_flat,True,True,False,False,False,0.0,0.0,50.0,0.0,0.0,0.0,0.0,0.0,50.0,0.0,0.0,-1,0.0,G2_EDGE,edge=53.0 < thr=60.0,-1,0.0,0.0,
BNB/USDT,1936,2026-05-29 13:00:00,long,0.56396,74.2,60.0,635.58,2.631429,low_low_flat,True,True,False,True,True,0.0,-0.3374488188333555,65.19592632332973,0.0,0.000297,0.006,0.0,0.0,50.0,0.0,0.0,-1,0.0,G4_EV,ev=0.00030 <= floor=0.00600  meta_conf=0.5640,-1,0.0,0.0,
BNB/USDT,1937,2026-05-29 14:00:00,long,0.56244,74.02,60.0,634.9,2.969286,low_low_flat,True,True,False,True,True,0.0,-0.47195860554336694,52.00620890399072,0.0,0.000822,0.006,0.0,0.0,50.0,0.0,0.0,-1,0.0,G4_EV,ev=0.00082 <= floor=0.00600  meta_conf=0.5624,-1,0.0,0.0,
BNB/USDT,1938,2026-05-29 15:00:00,long,0.60731,83.53,60.0,639.74,3.337143,med_med_up,False,False,False,False,False,0.0,0.0,50.0,0.0,0.0,0.0,0.0,0.0,50.0,0.0,0.0,-1,0.0,G2_EDGE,reg.buy_ok=False  regime='med_med_up',-1,0.0,0.0,
BNB/USDT,1939,2026-05-29 16:00:00,long,0.62251,75.75,60.0,644.0,3.492857,med_med_flat,True,False,False,True,False,0.0,0.608369473778886,42.17641177115596,1.0,0.003058,0.006,0.0,0.0,50.0,0.0,0.0,-1,0.0,G4_EV,ev=0.00306 <= floor=0.00600  meta_conf=0.6225,-1,0.0,0.0,
BNB/USDT,1940,2026-05-29 17:00:00,long,0.64721,58.51,60.0,642.42,3.531429,med_med_flat,True,False,False,False,False,0.0,0.0,50.0,0.0,0.0,0.0,0.0,0.0,50.0,0.0,0.0,-1,0.0,G2_EDGE,edge=58.5 < thr=60.0,-1,0.0,0.0,
BNB/USDT,1941,2026-05-29 18:00:00,long,0.64584,63.64,60.0,639.64,3.709286,med_med_flat,True,False,False,True,True,0.0,0.3177114212988213,40.162806506105305,0.0,0.004155,0.006,0.0,0.0,50.0,0.0,0.0,-1,0.0,G4_EV,ev=0.00416 <= floor=0.00600  meta_conf=0.6458,-1,0.0,0.0,
BNB/USDT,1942,2026-05-29 19:00:00,long,0.63686,53.24,60.0,641.45,3.828571,med_med_flat,True,False,False,False,False,0.0,0.0,50.0,0.0,0.0,0.0,0.0,0.0,50.0,0.0,0.0,-1,0.0,G2_EDGE,edge=53.2 < thr=60.0,-1,0.0,0.0,
BNB/USDT,1943,2026-05-29 20:00:00,long,0.65753,53.26,60.0,642.21,3.819286,med_med_flat,True,False,False,False,False,0.0,0.0,50.0,0.0,0.0,0.0,0.0,0.0,50.0,0.0,0.0,-1,0.0,G2_EDGE,edge=53.3 < thr=60.0,-1,0.0,0.0,
BNB/USDT,1944,2026-05-29 21:00:00,long,0.66907,53.06,60.0,641.73,3.794286,med_med_flat,True,False,False,False,False,0.0,0.0,50.0,0.0,0.0,0.0,0.0,0.0,50.0,0.0,0.0,-1,0.0,G2_EDGE,edge=53.1 < thr=60.0,-1,0.0,0.0,
BNB/USDT,1945,2026-05-29 22:00:00,long,0.6603,53.36,60.0,642.8,3.812143,med_med_flat,True,False,False,False,False,0.0,0.0,50.0,0.0,0.0,0.0,0.0,0.0,50.0,0.0,0.0,-1,0.0,G2_EDGE,edge=53.4 < thr=60.0,-1,0.0,0.0,
BNB/USDT,1946,2026-05-29 23:00:00,long,0.61558,51.96,60.0,643.1,3.653571,med_med_up,False,False,False,False,False,0.0,0.0,50.0,0.0,0.0,0.0,0.0,0.0,50.0,0.0,0.0,-1,0.0,G2_EDGE,reg.buy_ok=False  regime='med_med_up',-1,0.0,0.0,
BNB/USDT,1947,2026-05-30 00:00:00,long,0.57864,62.31,60.0,646.89,3.831429,med_med_up,False,False,False,False,False,0.0,0.0,50.0,0.0,0.0,0.0,0.0,0.0,50.0,0.0,0.0,-1,0.0,G2_EDGE,reg.buy_ok=False  regime='med_med_up',-1,0.0,0.0,
BNB/USDT,1948,2026-05-30 01:00:00,long,0.66929,67.93,60.0,653.24,4.079286,med_med_up,False,False,False,False,False,0.0,0.0,50.0,0.0,0.0,0.0,0.0,0.0,50.0,0.0,0.0,-1,0.0,G2_EDGE,reg.buy_ok=False  regime='med_med_up',-1,0.0,0.0,
BNB/USDT,1949,2026-05-30 02:00:00,long,0.63192,69.17,60.0,658.01,4.415714,med_med_up,False,False,False,False,False,0.0,0.0,50.0,0.0,0.0,0.0,0.0,0.0,50.0,0.0,0.0,-1,0.0,G2_EDGE,reg.buy_ok=False  regime='med_med_up',-1,0.0,0.0,
BNB/USDT,1950,2026-05-30 03:00:00,long,0.65048,53.92,60.0,658.19,4.501429,high_med_up,False,True,False,False,False,0.0,0.0,50.0,0.0,0.0,0.0,0.0,0.0,50.0,0.0,0.0,-1,0.0,G2_EDGE,reg.buy_ok=False  regime='high_med_up',-1,0.0,0.0,
BNB/USDT,1951,2026-05-30 04:00:00,long,0.65951,50.51,60.0,658.91,4.367857,high_med_up,False,True,False,False,False,0.0,0.0,50.0,0.0,0.0,0.0,0.0,0.0,50.0,0.0,0.0,-1,0.0,G2_EDGE,reg.buy_ok=False  regime='high_med_up',-1,0.0,0.0,
BNB/USDT,1952,2026-05-30 05:00:00,long,0.64094,74.7,60.0,666.43,4.357143,high_med_up,False,True,False,False,False,0.0,0.0,50.0,0.0,0.0,0.0,0.0,0.0,50.0,0.0,0.0,-1,0.0,G2_EDGE,reg.buy_ok=False  regime='high_med_up',-1,0.0,0.0,
BNB/USDT,1953,2026-05-30 06:00:00,long,0.64996,75.6,60.0,667.54,4.209286,high_med_up,False,True,False,False,False,0.0,0.0,50.0,0.0,0.0,0.0,0.0,0.0,50.0,0.0,0.0,-1,0.0,G2_EDGE,reg.buy_ok=False  regime='high_med_up',-1,0.0,0.0,
BNB/USDT,1954,2026-05-30 07:00:00,long,0.64773,76.21,60.0,672.92,4.507857,high_med_up,False,True,False,False,False,0.0,0.0,50.0,0.0,0.0,0.0,0.0,0.0,50.0,0.0,0.0,-1,0.0,G2_EDGE,reg.buy_ok=False  regime='high_med_up',-1,0.0,0.0,
BNB/USDT,1955,2026-05-30 08:00:00,long,0.62335,70.97,60.0,673.3,4.6,high_med_up,False,True,False,False,False,0.0,0.0,50.0,0.0,0.0,0.0,0.0,0.0,50.0,0.0,0.0,-1,0.0,G2_EDGE,reg.buy_ok=False  regime='high_med_up',-1,0.0,0.0,
BNB/USDT,1956,2026-05-30 09:00:00,long,0.6172,68.43,60.0,674.77,4.807143,high_med_up,False,True,False,False,False,0.0,0.0,50.0,0.0,0.0,0.0,0.0,0.0,50.0,0.0,0.0,-1,0.0,G2_EDGE,reg.buy_ok=False  regime='high_med_up',-1,0.0,0.0,
BNB/USDT,1957,2026-05-30 10:00:00,long,0.60859,64.75,60.0,675.19,4.802143,high_med_up,False,True,False,False,False,0.0,0.0,50.0,0.0,0.0,0.0,0.0,0.0,50.0,0.0,0.0,-1,0.0,G2_EDGE,reg.buy_ok=False  regime='high_med_up',-1,0.0,0.0,
BNB/USDT,1958,2026-05-30 11:00:00,long,0.62185,68.94,60.0,673.82,5.004286,high_high_up,False,True,False,False,False,0.0,0.0,50.0,0.0,0.0,0.0,0.0,0.0,50.0,0.0,0.0,-1,0.0,G2_EDGE,reg.buy_ok=False  regime='high_high_up',-1,0.0,0.0,
BNB/USDT,1959,2026-05-30 12:00:00,long,0.61552,62.72,60.0,673.13,5.040714,high_high_up,False,True,False,False,False,0.0,0.0,50.0,0.0,0.0,0.0,0.0,0.0,50.0,0.0,0.0,-1,0.0,G2_EDGE,reg.buy_ok=False  regime='high_high_up',-1,0.0,0.0,
BNB/USDT,1960,2026-05-30 13:00:00,long,0.62134,65.54,60.0,674.86,5.169286,high_high_up,False,True,False,False,False,0.0,0.0,50.0,0.0,0.0,0.0,0.0,0.0,50.0,0.0,0.0,-1,0.0,G2_EDGE,reg.buy_ok=False  regime='high_high_up',-1,0.0,0.0,
BNB/USDT,1961,2026-05-30 14:00:00,long,0.62364,89.49,60.0,686.67,5.782143,high_high_up,False,True,False,False,False,0.0,0.0,50.0,0.0,0.0,0.0,0.0,0.0,50.0,0.0,0.0,-1,0.0,G2_EDGE,reg.buy_ok=False  regime='high_high_up',-1,0.0,0.0,
BNB/USDT,1962,2026-05-30 15:00:00,long,0.6127,89.33,60.0,694.53,5.933571,high_high_up,False,True,False,False,False,0.0,0.0,50.0,0.0,0.0,0.0,0.0,0.0,50.0,0.0,0.0,-1,0.0,G2_EDGE,reg.buy_ok=False  regime='high_high_up',-1,0.0,0.0,
BNB/USDT,1963,2026-05-30 16:00:00,long,0.63595,90.35,60.0,708.57,6.597857,high_high_up,False,True,False,False,False,0.0,0.0,50.0,0.0,0.0,0.0,0.0,0.0,50.0,0.0,0.0,-1,0.0,G2_EDGE,reg.buy_ok=False  regime='high_high_up',-1,0.0,0.0,
BNB/USDT,1964,2026-05-30 17:00:00,long,0.63548,90.78,60.0,713.09,7.512857,high_high_up,False,True,False,False,False,0.0,0.0,50.0,0.0,0.0,0.0,0.0,0.0,50.0,0.0,0.0,-1,0.0,G2_EDGE,reg.buy_ok=False  regime='high_high_up',-1,0.0,0.0,
BNB/USDT,1965,2026-05-30 18:00:00,long,0.63043,71.24,60.0,716.55,7.799286,high_high_up,False,True,False,False,False,0.0,0.0,50.0,0.0,0.0,0.0,0.0,0.0,50.0,0.0,0.0,-1,0.0,G2_EDGE,reg.buy_ok=False  regime='high_high_up',-1,0.0,0.0,
BNB/USDT,1966,2026-05-30 19:00:00,long,0.62575,90.66,60.0,721.12,8.05,high_high_up,False,True,False,False,False,0.0,0.0,50.0,0.0,0.0,0.0,0.0,0.0,50.0,0.0,0.0,-1,0.0,G2_EDGE,reg.buy_ok=False  regime='high_high_up',-1,0.0,0.0,
BNB/USDT,1967,2026-05-30 20:00:00,long,0.62473,86.97,60.0,719.65,8.192143,high_high_up,False,True,False,False,False,0.0,0.0,50.0,0.0,0.0,0.0,0.0,0.0,50.0,0.0,0.0,-1,0.0,G2_EDGE,reg.buy_ok=False  regime='high_high_up',-1,0.0,0.0,
BNB/USDT,1968,2026-05-30 21:00:00,long,0.62443,74.06,60.0,719.35,8.48,high_high_up,False,True,False,False,False,0.0,0.0,50.0,0.0,0.0,0.0,0.0,0.0,50.0,0.0,0.0,-1,0.0,G2_EDGE,reg.buy_ok=False  regime='high_high_up',-1,0.0,0.0,
BNB/USDT,1969,2026-05-30 22:00:00,long,0.62154,77.55,60.0,715.97,8.964286,high_high_up,False,True,False,False,False,0.0,0.0,50.0,0.0,0.0,0.0,0.0,0.0,50.0,0.0,0.0,-1,0.0,G2_EDGE,reg.buy_ok=False  regime='high_high_up',-1,0.0,0.0,
BNB/USDT,1970,2026-05-30 23:00:00,long,0.61806,65.29,60.0,718.74,8.816429,high_high_up,False,True,False,False,False,0.0,0.0,50.0,0.0,0.0,0.0,0.0,0.0,50.0,0.0,0.0,-1,0.0,G2_EDGE,reg.buy_ok=False  regime='high_high_up',-1,0.0,0.0,
BNB/USDT,1971,2026-05-31 00:00:00,long,0.62216,67.98,60.0,723.32,9.303571,high_high_up,False,True,False,False,False,0.0,0.0,50.0,0.0,0.0,0.0,0.0,0.0,50.0,0.0,0.0,-1,0.0,G2_EDGE,reg.buy_ok=False  regime='high_high_up',-1,0.0,0.0,
BNB/USDT,1972,2026-05-31 01:00:00,long,0.62086,68.3,60.0,728.14,9.446429,high_high_up,False,True,False,False,False,0.0,0.0,50.0,0.0,0.0,0.0,0.0,0.0,50.0,0.0,0.0,-1,0.0,G2_EDGE,reg.buy_ok=False  regime='high_high_up',-1,0.0,0.0,
BNB/USDT,1973,2026-05-31 02:00:00,long,0.62891,76.64,60.0,739.89,10.442857,high_high_up,False,True,False,False,False,0.0,0.0,50.0,0.0,0.0,0.0,0.0,0.0,50.0,0.0,0.0,-1,0.0,G2_EDGE,reg.buy_ok=False  regime='high_high_up',-1,0.0,0.0,
BNB/USDT,1974,2026-05-31 03:00:00,long,0.62782,71.62,60.0,740.03,10.958571,high_high_up,False,True,False,False,False,0.0,0.0,50.0,0.0,0.0,0.0,0.0,0.0,50.0,0.0,0.0,-1,0.0,G2_EDGE,reg.buy_ok=False  regime='high_high_up',-1,0.0,0.0,
BNB/USDT,1975,2026-05-31 04:00:00,long,0.62217,77.11,60.0,734.32,10.795,high_high_up,False,True,False,False,False,0.0,0.0,50.0,0.0,0.0,0.0,0.0,0.0,50.0,0.0,0.0,-1,0.0,G2_EDGE,reg.buy_ok=False  regime='high_high_up',-1,0.0,0.0,
BNB/USDT,1976,2026-05-31 05:00:00,long,0.62067,66.38,60.0,737.47,10.753571,high_high_up,False,True,False,False,False,0.0,0.0,50.0,0.0,0.0,0.0,0.0,0.0,50.0,0.0,0.0,-1,0.0,G2_EDGE,reg.buy_ok=False  regime='high_high_up',-1,0.0,0.0,
BNB/USDT,1977,2026-05-31 06:00:00,long,0.62657,66.12,60.0,735.94,10.020714,high_high_up,False,True,False,False,False,0.0,0.0,50.0,0.0,0.0,0.0,0.0,0.0,50.0,0.0,0.0,-1,0.0,G2_EDGE,reg.buy_ok=False  regime='high_high_up',-1,0.0,0.0,
BNB/USDT,1978,2026-05-31 07:00:00,long,0.61623,88.41,60.0,719.71,10.197857,high_high_up,False,True,False,False,False,0.0,0.0,50.0,0.0,0.0,0.0,0.0,0.0,50.0,0.0,0.0,-1,0.0,G2_EDGE,reg.buy_ok=False  regime='high_high_up',-1,0.0,0.0,
BNB/USDT,1979,2026-05-31 08:00:00,long,0.6057,82.93,60.0,723.41,10.079286,high_high_up,False,True,False,False,False,0.0,0.0,50.0,0.0,0.0,0.0,0.0,0.0,50.0,0.0,0.0,-1,0.0,G2_EDGE,reg.buy_ok=False  regime='high_high_up',-1,0.0,0.0,
BNB/USDT,1980,2026-05-31 09:00:00,long,0.5998,79.77,60.0,720.04,9.788571,high_high_up,False,True,False,False,False,0.0,0.0,50.0,0.0,0.0,0.0,0.0,0.0,50.0,0.0,0.0,-1,0.0,G2_EDGE,reg.buy_ok=False  regime='high_high_up',-1,0.0,0.0,
BNB/USDT,1981,2026-05-31 10:00:00,long,0.60342,80.82,60.0,721.06,9.728571,high_high_up,False,True,False,False,False,0.0,0.0,50.0,0.0,0.0,0.0,0.0,0.0,50.0,0.0,0.0,-1,0.0,G2_EDGE,reg.buy_ok=False  regime='high_high_up',-1,0.0,0.0,
BNB/USDT,1982,2026-05-31 11:00:00,long,0.60931,80.13,60.0,722.89,9.253571,high_high_up,False,True,False,False,False,0.0,0.0,50.0,0.0,0.0,0.0,0.0,0.0,50.0,0.0,0.0,-1,0.0,G2_EDGE,reg.buy_ok=False  regime='high_high_up',-1,0.0,0.0,
BNB/USDT,1983,2026-05-31 12:00:00,long,0.59316,80.5,60.0,724.88,8.656429,high_high_up,False,True,False,False,False,0.0,0.0,50.0,0.0,0.0,0.0,0.0,0.0,50.0,0.0,0.0,-1,0.0,G2_EDGE,reg.buy_ok=False  regime='high_high_up',-1,0.0,0.0,
BNB/USDT,1984,2026-05-31 13:00:00,long,0.60376,83.71,60.0,727.46,9.026429,high_high_up,False,True,False,False,False,0.0,0.0,50.0,0.0,0.0,0.0,0.0,0.0,50.0,0.0,0.0,-1,0.0,G2_EDGE,reg.buy_ok=False  regime='high_high_up',-1,0.0,0.0,
BNB/USDT,1985,2026-05-31 14:00:00,long,0.61006,80.5,60.0,719.79,9.241429,high_high_up,False,True,False,False,False,0.0,0.0,50.0,0.0,0.0,0.0,0.0,0.0,50.0,0.0,0.0,-1,0.0,G2_EDGE,reg.buy_ok=False  regime='high_high_up',-1,0.0,0.0,
BNB/USDT,1986,2026-05-31 15:00:00,long,0.5889,75.84,60.0,720.84,9.127143,high_high_up,False,True,False,False,False,0.0,0.0,50.0,0.0,0.0,0.0,0.0,0.0,50.0,0.0,0.0,-1,0.0,G2_EDGE,reg.buy_ok=False  regime='high_high_up',-1,0.0,0.0,
BNB/USDT,1987,2026-05-31 16:00:00,long,0.61999,82.91,60.0,709.19,9.32,high_high_flat,False,True,False,False,False,0.0,0.0,50.0,0.0,0.0,0.0,0.0,0.0,50.0,0.0,0.0,-1,0.0,G2_EDGE,reg.buy_ok=False  regime='high_high_flat',-1,0.0,0.0,
BNB/USDT,1988,2026-05-31 17:00:00,long,0.61257,76.28,60.0,713.92,9.149286,high_high_flat,False,True,False,False,False,0.0,0.0,50.0,0.0,0.0,0.0,0.0,0.0,50.0,0.0,0.0,-1,0.0,G2_EDGE,reg.buy_ok=False  regime='high_high_flat',-1,0.0,0.0,
BNB/USDT,1989,2026-05-31 18:00:00,long,0.61012,84.94,60.0,709.62,8.756429,high_high_flat,False,True,False,False,False,0.0,0.0,50.0,0.0,0.0,0.0,0.0,0.0,50.0,0.0,0.0,-1,0.0,G2_EDGE,reg.buy_ok=False  regime='high_high_flat',-1,0.0,0.0,
BNB/USDT,1990,2026-05-31 19:00:00,long,0.62746,83.03,60.0,708.55,8.362857,high_high_down,False,True,False,False,False,0.0,0.0,50.0,0.0,0.0,0.0,0.0,0.0,50.0,0.0,0.0,-1,0.0,G2_EDGE,reg.buy_ok=False  regime='high_high_down',-1,0.0,0.0,
BNB/USDT,1991,2026-05-31 20:00:00,long,0.63463,84.64,60.0,710.22,8.152143,high_high_down,False,True,False,False,False,0.0,0.0,50.0,0.0,0.0,0.0,0.0,0.0,50.0,0.0,0.0,-1,0.0,G2_EDGE,reg.buy_ok=False  regime='high_high_down',-1,0.0,0.0,
BNB/USDT,1992,2026-05-31 21:00:00,long,0.63096,85.12,60.0,711.01,7.125,high_high_down,False,True,False,False,False,0.0,0.0,50.0,0.0,0.0,0.0,0.0,0.0,50.0,0.0,0.0,-1,0.0,G2_EDGE,reg.buy_ok=False  regime='high_high_down',-1,0.0,0.0,
BNB/USDT,1993,2026-05-31 22:00:00,long,0.63075,85.76,60.0,711.46,7.176429,high_high_flat,False,True,False,False,False,0.0,0.0,50.0,0.0,0.0,0.0,0.0,0.0,50.0,0.0,0.0,-1,0.0,G2_EDGE,reg.buy_ok=False  regime='high_high_flat',-1,0.0,0.0,
BNB/USDT,1994,2026-05-31 23:00:00,long,0.63346,85.3,60.0,710.55,7.103571,high_high_down,False,True,False,False,False,0.0,0.0,50.0,0.0,0.0,0.0,0.0,0.0,50.0,0.0,0.0,-1,0.0,G2_EDGE,reg.buy_ok=False  regime='high_high_down',-1,0.0,0.0,
BNB/USDT,1995,2026-06-01 00:00:00,long,0.62803,100.0,60.0,710.63,7.345714,high_high_down,False,True,False,False,False,0.0,0.0,50.0,0.0,0.0,0.0,0.0,0.0,50.0,0.0,0.0,-1,0.0,G2_EDGE,reg.buy_ok=False  regime='high_high_down',-1,0.0,0.0,
BNB/USDT,1996,2026-06-01 01:00:00,long,0.58155,100.0,60.0,695.09,8.290714,high_high_down,False,True,False,False,False,0.0,0.0,50.0,0.0,0.0,0.0,0.0,0.0,50.0,0.0,0.0,-1,0.0,G2_EDGE,reg.buy_ok=False  regime='high_high_down',-1,0.0,0.0,
BNB/USDT,1997,2026-06-01 02:00:00,long,0.60038,81.38,60.0,707.54,9.041429,high_high_down,False,True,False,False,False,0.0,0.0,50.0,0.0,0.0,0.0,0.0,0.0,50.0,0.0,0.0,-1,0.0,G2_EDGE,reg.buy_ok=False  regime='high_high_down',-1,0.0,0.0,
BNB/USDT,1998,2026-06-01 03:00:00,long,0.5737,76.64,60.0,703.65,8.857143,high_high_down,False,True,False,False,False,0.0,0.0,50.0,0.0,0.0,0.0,0.0,0.0,50.0,0.0,0.0,-1,0.0,G2_EDGE,reg.buy_ok=False  regime='high_high_down',-1,0.0,0.0,
BNB/USDT,1999,2026-06-01 04:00:00,long,0.56673,86.9,60.0,698.01,8.709286,high_high_down,False,True,False,False,False,0.0,0.0,50.0,0.0,0.0,0.0,0.0,0.0,50.0,0.0,0.0,-1,0.0,G2_EDGE,reg.buy_ok=False  regime='high_high_down',-1,0.0,0.0,
BNB/USDT,2000,2026-06-01 05:00:00,long,0.56878,83.19,60.0,695.78,8.603571,high_high_down,False,True,False,False,False,0.0,0.0,50.0,0.0,0.0,0.0,0.0,0.0,50.0,0.0,0.0,-1,0.0,G2_EDGE,reg.buy_ok=False  regime='high_high_down',-1,0.0,0.0,
BNB/USDT,2001,2026-06-01 06:00:00,long,0.5665,88.13,60.0,693.39,7.615714,high_high_down,False,True,False,False,False,0.0,0.0,50.0,0.0,0.0,0.0,0.0,0.0,50.0,0.0,0.0,-1,0.0,G2_EDGE,reg.buy_ok=False  regime='high_high_down',-1,0.0,0.0,
BNB/USDT,2002,2026-06-01 07:00:00,long,0.59699,89.28,60.0,686.08,7.678571,high_high_down,False,True,False,False,False,0.0,0.0,50.0,0.0,0.0,0.0,0.0,0.0,50.0,0.0,0.0,-1,0.0,G2_EDGE,reg.buy_ok=False  regime='high_high_down',-1,0.0,0.0,
BNB/USDT,2003,2026-06-01 08:00:00,long,0.57738,83.97,60.0,689.61,7.61,high_high_down,False,True,False,False,False,0.0,0.0,50.0,0.0,0.0,0.0,0.0,0.0,50.0,0.0,0.0,-1,0.0,G2_EDGE,reg.buy_ok=False  regime='high_high_down',-1,0.0,0.0,
BNB/USDT,2004,2026-06-01 09:00:00,long,0.61235,100.0,60.0,711.01,10.281429,high_high_down,False,True,False,False,False,0.0,0.0,50.0,0.0,0.0,0.0,0.0,0.0,50.0,0.0,0.0,-1,0.0,G2_EDGE,reg.buy_ok=False  regime='high_high_down',-1,0.0,0.0,
BNB/USDT,2005,2026-06-01 10:00:00,long,0.61078,88.29,60.0,702.27,11.475,high_high_down,False,True,False,False,False,0.0,0.0,50.0,0.0,0.0,0.0,0.0,0.0,50.0,0.0,0.0,-1,0.0,G2_EDGE,reg.buy_ok=False  regime='high_high_down',-1,0.0,0.0,
BNB/USDT,2006,2026-06-01 11:00:00,long,0.61706,80.92,60.0,697.14,12.068571,high_high_down,False,True,False,False,False,0.0,0.0,50.0,0.0,0.0,0.0,0.0,0.0,50.0,0.0,0.0,-1,0.0,G2_EDGE,reg.buy_ok=False  regime='high_high_down',-1,0.0,0.0,
BNB/USDT,2007,2026-06-01 12:00:00,long,0.62816,91.36,60.0,692.7,12.429286,high_high_down,False,True,False,False,False,0.0,0.0,50.0,0.0,0.0,0.0,0.0,0.0,50.0,0.0,0.0,-1,0.0,G2_EDGE,reg.buy_ok=False  regime='high_high_down',-1,0.0,0.0,
BNB/USDT,2008,2026-06-01 13:00:00,long,0.63657,92.99,60.0,686.7,12.931429,high_high_down,False,True,False,False,False,0.0,0.0,50.0,0.0,0.0,0.0,0.0,0.0,50.0,0.0,0.0,-1,0.0,G2_EDGE,reg.buy_ok=False  regime='high_high_down',-1,0.0,0.0,
BNB/USDT,2009,2026-06-01 14:00:00,long,0.62359,89.92,60.0,678.58,13.205714,high_high_down,False,True,False,False,False,0.0,0.0,50.0,0.0,0.0,0.0,0.0,0.0,50.0,0.0,0.0,-1,0.0,G2_EDGE,reg.buy_ok=False  regime='high_high_down',-1,0.0,0.0,
BNB/USDT,2010,2026-06-01 15:00:00,long,0.62234,87.5,60.0,677.58,12.522143,high_high_down,False,True,False,False,False,0.0,0.0,50.0,0.0,0.0,0.0,0.0,0.0,50.0,0.0,0.0,-1,0.0,G2_EDGE,reg.buy_ok=False  regime='high_high_down',-1,0.0,0.0,
BNB/USDT,2011,2026-06-01 16:00:00,long,0.62363,88.52,60.0,684.66,12.305,high_high_down,False,True,False,False,False,0.0,0.0,50.0,0.0,0.0,0.0,0.0,0.0,50.0,0.0,0.0,-1,0.0,G2_EDGE,reg.buy_ok=False  regime='high_high_down',-1,0.0,0.0,
BNB/USDT,2012,2026-06-01 17:00:00,long,0.62185,78.64,60.0,687.69,12.205,high_high_down,False,True,False,False,False,0.0,0.0,50.0,0.0,0.0,0.0,0.0,0.0,50.0,0.0,0.0,-1,0.0,G2_EDGE,reg.buy_ok=False  regime='high_high_down',-1,0.0,0.0,
BNB/USDT,2013,2026-06-01 18:00:00,long,0.62403,58.6,60.0,691.28,12.178571,high_high_down,False,True,False,False,False,0.0,0.0,50.0,0.0,0.0,0.0,0.0,0.0,50.0,0.0,0.0,-1,0.0,G2_EDGE,reg.buy_ok=False  regime='high_high_down',-1,0.0,0.0,
BNB/USDT,2014,2026-06-01 19:00:00,long,0.61156,57.83,60.0,696.15,12.286429,high_high_down,False,True,False,False,False,0.0,0.0,50.0,0.0,0.0,0.0,0.0,0.0,50.0,0.0,0.0,-1,0.0,G2_EDGE,reg.buy_ok=False  regime='high_high_down',-1,0.0,0.0,
BNB/USDT,2015,2026-06-01 20:00:00,long,0.6191,59.7,60.0,695.81,12.410714,high_high_down,False,True,False,False,False,0.0,0.0,50.0,0.0,0.0,0.0,0.0,0.0,50.0,0.0,0.0,-1,0.0,G2_EDGE,reg.buy_ok=False  regime='high_high_down',-1,0.0,0.0,
BNB/USDT,2016,2026-06-01 21:00:00,long,0.64548,60.74,60.0,690.09,12.217143,high_high_down,False,True,False,False,False,0.0,0.0,50.0,0.0,0.0,0.0,0.0,0.0,50.0,0.0,0.0,-1,0.0,G2_EDGE,reg.buy_ok=False  regime='high_high_down',-1,0.0,0.0,
BNB/USDT,2017,2026-06-01 22:00:00,long,0.61743,60.13,60.0,693.52,12.327857,high_high_down,False,True,False,False,False,0.0,0.0,50.0,0.0,0.0,0.0,0.0,0.0,50.0,0.0,0.0,-1,0.0,G2_EDGE,reg.buy_ok=False  regime='high_high_down',-1,0.0,0.0,
BNB/USDT,2018,2026-06-01 23:00:00,long,0.63747,55.98,60.0,693.1,9.670714,high_high_down,False,True,False,False,False,0.0,0.0,50.0,0.0,0.0,0.0,0.0,0.0,50.0,0.0,0.0,-1,0.0,G2_EDGE,reg.buy_ok=False  regime='high_high_down',-1,0.0,0.0,
BNB/USDT,2019,2026-06-02 00:00:00,long,0.56299,53.72,60.0,690.47,8.562143,high_high_down,False,True,False,False,False,0.0,0.0,50.0,0.0,0.0,0.0,0.0,0.0,50.0,0.0,0.0,-1,0.0,G2_EDGE,reg.buy_ok=False  regime='high_high_down',-1,0.0,0.0,
BNB/USDT,2020,2026-06-02 01:00:00,long,0.54886,52.85,60.0,684.81,8.185714,high_high_down,False,True,False,False,False,0.0,0.0,50.0,0.0,0.0,0.0,0.0,0.0,50.0,0.0,0.0,-1,0.0,G2_EDGE,reg.buy_ok=False  regime='high_high_down',-1,0.0,0.0,
BNB/USDT,2021,2026-06-02 02:00:00,long,0.55781,57.91,60.0,691.12,8.178571,high_high_down,False,True,False,False,False,0.0,0.0,50.0,0.0,0.0,0.0,0.0,0.0,50.0,0.0,0.0,-1,0.0,G2_EDGE,reg.buy_ok=False  regime='high_high_down',-1,0.0,0.0,
BNB/USDT,2022,2026-06-02 03:00:00,long,0.55268,59.54,60.0,693.68,7.572143,high_high_down,False,True,False,False,False,0.0,0.0,50.0,0.0,0.0,0.0,0.0,0.0,50.0,0.0,0.0,-1,0.0,G2_EDGE,reg.buy_ok=False  regime='high_high_down',-1,0.0,0.0,
BNB/USDT,2023,2026-06-02 04:00:00,long,0.54276,56.38,60.0,686.61,7.287143,high_high_down,False,True,False,False,False,0.0,0.0,50.0,0.0,0.0,0.0,0.0,0.0,50.0,0.0,0.0,-1,0.0,G2_EDGE,reg.buy_ok=False  regime='high_high_down',-1,0.0,0.0,
BNB/USDT,2024,2026-06-02 05:00:00,long,0.5264,62.77,60.0,683.74,7.119286,high_high_down,False,True,False,False,False,0.0,0.0,50.0,0.0,0.0,0.0,0.0,0.0,50.0,0.0,0.0,-1,0.0,G2_EDGE,reg.buy_ok=False  regime='high_high_down',-1,0.0,0.0,
BNB/USDT,2025,2026-06-02 06:00:00,long,0.54957,63.54,60.0,683.3,6.623571,high_high_down,False,True,False,False,False,0.0,0.0,50.0,0.0,0.0,0.0,0.0,0.0,50.0,0.0,0.0,-1,0.0,G2_EDGE,reg.buy_ok=False  regime='high_high_down',-1,0.0,0.0,
BNB/USDT,2026,2026-06-02 07:00:00,long,0.50917,61.09,60.0,681.84,6.627857,high_high_flat,False,True,False,False,False,0.0,0.0,50.0,0.0,0.0,0.0,0.0,0.0,50.0,0.0,0.0,-1,0.0,G2_EDGE,reg.buy_ok=False  regime='high_high_flat',-1,0.0,0.0,
BNB/USDT,2027,2026-06-02 08:00:00,short,0.5053,70.57,60.0,681.81,6.315,high_high_down,False,True,False,False,True,0.0,-0.5793090685627582,67.24203806368679,0.0,0.003167,0.006,0.0,0.0,50.0,0.0,0.0,-1,0.0,G4_EV,ev=0.00317 <= floor=0.00600  meta_conf=0.5053,-1,0.0,0.0,
BNB/USDT,2028,2026-06-02 09:00:00,short,0.5429,71.36,60.0,677.77,6.357857,high_high_down,False,True,False,False,True,0.0,-0.6481862847771089,58.30839904743537,0.0,0.004846,0.006,0.0,0.0,50.0,0.0,0.0,-1,0.0,G4_EV,ev=0.00485 <= floor=0.00600  meta_conf=0.5429,-1,0.0,0.0,
BNB/USDT,2029,2026-06-02 10:00:00,short,0.55039,72.49,60.0,680.11,6.262143,high_high_down,False,True,False,False,True,0.0,-0.43620901393409256,65.0433015912527,0.0,0.004994,0.006,0.0,0.0,50.0,0.0,0.0,-1,0.0,G4_EV,ev=0.00499 <= floor=0.00600  meta_conf=0.5504,-1,0.0,0.0,
BNB/USDT,2030,2026-06-02 11:00:00,short,0.55568,71.74,60.0,678.13,6.021429,high_high_down,False,True,False,False,True,0.0,-0.5400965832530609,62.91252072275688,0.0,0.004885,0.006,0.0,0.0,50.0,0.0,0.0,-1,0.0,G4_EV,ev=0.00488 <= floor=0.00600  meta_conf=0.5557,-1,0.0,0.0,
BNB/USDT,2031,2026-06-02 12:00:00,short,0.54189,67.94,60.0,676.12,5.955714,high_high_down,False,True,False,False,True,0.0,-0.6865289238855401,59.61466833754277,0.0,0.004267,0.006,0.0,0.0,50.0,0.0,0.0,-1,0.0,G4_EV,ev=0.00427 <= floor=0.00600  meta_conf=0.5419,-1,0.0,0.0,
BNB/USDT,2032,2026-06-02 13:00:00,short,0.55503,85.99,60.0,674.72,6.06,high_high_down,False,True,False,False,True,0.0,-0.7022099386292032,53.30578609769311,-1.0,0.00496,0.006,0.0,0.0,50.0,0.0,0.0,-1,0.0,G4_EV,ev=0.00496 <= floor=0.00600  meta_conf=0.5550,-1,0.0,0.0,
BNB/USDT,2033,2026-06-02 14:00:00,short,0.57908,87.97,60.0,673.35,6.550714,high_high_flat,False,True,False,False,True,0.0,-0.6704053047835284,45.218642613109346,0.0,0.006758,0.006,0.25,1.0,50.0,0.0,0.0,-1,0.0,G4_5_MTF,prior(bullish)=0.25<0.6 OR rev(bearish)=1.00<0.5,-1,0.0,0.0,
BNB/USDT,2034,2026-06-02 15:00:00,short,0.53973,87.87,60.0,663.13,7.092143,high_high_down,False,True,False,False,True,0.0,-0.7397014516992017,34.82068904986368,-1.0,0.005933,0.006,0.0,0.0,50.0,0.0,0.0,-1,0.0,G4_EV,ev=0.00593 <= floor=0.00600  meta_conf=0.5397,-1,0.0,0.0,
BNB/USDT,2035,2026-06-02 16:00:00,short,0.5228,67.58,60.0,663.95,7.012143,high_high_down,False,True,False,False,True,0.0,-0.6185260345303906,34.34766799272467,0.0,0.005004,0.006,0.0,0.0,50.0,0.0,0.0,-1,0.0,G4_EV,ev=0.00500 <= floor=0.00600  meta_conf=0.5228,-1,0.0,0.0,
BNB/USDT,2036,2026-06-02 17:00:00,short,0.51967,64.89,60.0,666.38,6.915714,high_high_down,False,True,False,False,True,0.0,-0.5752690753951974,35.38401329841004,0.0,0.004702,0.006,0.0,0.0,50.0,0.0,0.0,-1,0.0,G4_EV,ev=0.00470 <= floor=0.00600  meta_conf=0.5197,-1,0.0,0.0,
BNB/USDT,2037,2026-06-02 18:00:00,short,0.51092,67.3,60.0,659.76,6.93,high_high_down,False,True,False,False,True,0.0,-0.7146524986455262,41.05717149948086,0.0,0.004394,0.006,0.0,0.0,50.0,0.0,0.0,-1,0.0,G4_EV,ev=0.00439 <= floor=0.00600  meta_conf=0.5109,-1,0.0,0.0,
BNB/USDT,2038,2026-06-02 19:00:00,short,0.51605,65.82,60.0,660.31,7.212143,high_high_down,False,True,False,False,True,0.0,-0.5994929297553778,37.65946441249427,0.0,0.004981,0.006,0.0,0.0,50.0,0.0,0.0,-1,0.0,G4_EV,ev=0.00498 <= floor=0.00600  meta_conf=0.5161,-1,0.0,0.0,
BNB/USDT,2039,2026-06-02 20:00:00,short,0.5166,61.11,60.0,661.6,7.338571,high_high_down,False,True,False,False,True,0.0,-0.531306942940854,37.953017232405514,0.0,0.005148,0.006,0.0,0.0,50.0,0.0,0.0,-1,0.0,G4_EV,ev=0.00515 <= floor=0.00600  meta_conf=0.5166,-1,0.0,0.0,
BNB/USDT,2040,2026-06-02 21:00:00,short,0.52204,64.5,60.0,659.81,7.247143,high_high_down,False,True,False,False,True,0.0,-0.6526978648231059,39.12969695505359,0.0,0.005327,0.006,0.0,0.0,50.0,0.0,0.0,-1,0.0,G4_EV,ev=0.00533 <= floor=0.00600  meta_conf=0.5220,-1,0.0,0.0,
BNB/USDT,2041,2026-06-02 22:00:00,short,0.53883,75.57,60.0,648.39,8.141429,high_high_down,False,True,False,False,True,0.0,-0.7462423714434583,32.938835938257,-1.0,0.007611,0.006,0.75,0.5,15.389395190235163,-1.4015391506199077,0.20666950665510875,-1,0.0,G5_RSI_ACCEL,rsi_accel=0.2067>0.08 (RSI recovering),-1,0.0,0.0,
BNB/USDT,2042,2026-06-02 23:00:00,short,0.53775,70.15,60.0,650.69,8.166429,high_high_down,False,True,False,False,True,0.0,-0.5975416119650554,34.800904368294056,0.0,0.007545,0.006,0.75,1.0,20.90674687811162,-1.2811978631642496,0.1203412874556582,-1,0.0,G5_RSI_ACCEL,rsi_accel=0.1203>0.08 (RSI recovering),-1,0.0,0.0,
BNB/USDT,2043,2026-06-03 00:00:00,short,0.54413,75.56,60.0,654.63,8.289286,high_high_down,False,True,False,False,False,0.0,-0.5502996315669377,36.517617809427286,0.0,0.008011,0.006,0.5,0.5,50.0,0.0,0.0,-1,0.0,G4_5_MTF,prior(bullish)=0.50<0.6 OR rev(bearish)=0.50<0.5,-1,0.0,0.0,
BNB/USDT,2044,2026-06-03 01:00:00,short,0.53851,71.57,60.0,649.97,8.642143,high_high_down,False,True,False,False,True,0.0,-0.6332820222713007,37.508314256631145,0.0,0.008276,0.006,0.5,0.0,50.0,0.0,0.0,-1,0.0,G4_5_MTF,prior(bullish)=0.50<0.6 OR rev(bearish)=0.00<0.5,-1,0.0,0.0,
BNB/USDT,2045,2026-06-03 02:00:00,long,0.52302,84.19,60.0,644.77,8.734286,high_high_down,False,True,False,False,False,0.0,0.0,50.0,0.0,0.0,0.0,0.0,0.0,50.0,0.0,0.0,-1,0.0,G2_EDGE,reg.buy_ok=False  regime='high_high_down',-1,0.0,0.0,
BNB/USDT,2046,2026-06-03 03:00:00,long,0.53757,100.0,60.0,633.99,9.527857,high_high_down,False,True,False,False,False,0.0,0.0,50.0,0.0,0.0,0.0,0.0,0.0,50.0,0.0,0.0,-1,0.0,G2_EDGE,reg.buy_ok=False  regime='high_high_down',-1,0.0,0.0,
BNB/USDT,2047,2026-06-03 04:00:00,long,0.53705,86.79,60.0,636.66,9.275714,high_high_down,False,True,False,False,False,0.0,0.0,50.0,0.0,0.0,0.0,0.0,0.0,50.0,0.0,0.0,-1,0.0,G2_EDGE,reg.buy_ok=False  regime='high_high_down',-1,0.0,0.0,
BNB/USDT,2048,2026-06-03 05:00:00,long,0.51,78.43,60.0,645.99,8.902143,high_high_down,False,True,False,False,False,0.0,0.0,50.0,0.0,0.0,0.0,0.0,0.0,50.0,0.0,0.0,-1,0.0,G2_EDGE,reg.buy_ok=False  regime='high_high_down',-1,0.0,0.0,
BNB/USDT,2049,2026-06-03 06:00:00,long,0.51615,69.25,60.0,640.63,8.576429,high_high_down,False,True,False,False,False,0.0,0.0,50.0,0.0,0.0,0.0,0.0,0.0,50.0,0.0,0.0,-1,0.0,G2_EDGE,reg.buy_ok=False  regime='high_high_down',-1,0.0,0.0,
BNB/USDT,2050,2026-06-03 07:00:00,long,0.50717,69.75,60.0,644.1,8.660714,high_high_down,False,True,False,False,False,0.0,0.0,50.0,0.0,0.0,0.0,0.0,0.0,50.0,0.0,0.0,-1,0.0,G2_EDGE,reg.buy_ok=False  regime='high_high_down',-1,0.0,0.0,
BNB/USDT,2051,2026-06-03 08:00:00,short,0.5129,78.74,60.0,644.7,8.414286,high_high_down,False,True,False,False,False,0.0,-0.4406494946112069,47.88599838101381,0.0,0.006547,0.006,0.5,0.5,50.0,0.0,0.0,-1,0.0,G4_5_MTF,prior(bullish)=0.50<0.6 OR rev(bearish)=0.50<0.5,-1,0.0,0.0,
BNB/USDT,2052,2026-06-03 09:00:00,short,0.50718,80.94,60.0,641.84,8.227143,high_high_down,False,True,False,False,False,0.0,-0.5530093650595501,48.21294691887505,0.0,0.006027,0.006,0.5,0.0,50.0,0.0,0.0,-1,0.0,G4_5_MTF,prior(bullish)=0.50<0.6 OR rev(bearish)=0.00<0.5,-1,0.0,0.0,
BNB/USDT,2053,2026-06-03 10:00:00,short,0.5066,80.05,60.0,641.7,8.114286,high_high_down,False,True,False,False,False,0.0,-0.511288041321148,48.46092939732292,0.0,0.00586,0.006,0.0,0.0,50.0,0.0,0.0,-1,0.0,G4_EV,ev=0.00586 <= floor=0.00600  meta_conf=0.5066,-1,0.0,0.0,
BNB/USDT,2054,2026-06-03 11:00:00,short,0.50124,72.91,60.0,637.38,8.356429,high_high_down,False,True,False,False,True,0.0,-0.5556374980831917,53.240067344548955,0.0,0.005906,0.006,0.0,0.0,50.0,0.0,0.0,-1,0.0,G4_EV,ev=0.00591 <= floor=0.00600  meta_conf=0.5012,-1,0.0,0.0,
BNB/USDT,2055,2026-06-03 12:00:00,long,0.50265,84.11,60.0,635.43,7.432857,high_high_down,False,True,False,False,False,0.0,0.0,50.0,0.0,0.0,0.0,0.0,0.0,50.0,0.0,0.0,-1,0.0,G2_EDGE,reg.buy_ok=False  regime='high_high_down',-1,0.0,0.0,
BNB/USDT,2056,2026-06-03 13:00:00,long,0.51403,83.26,60.0,633.11,7.475,high_high_down,False,True,False,False,False,0.0,0.0,50.0,0.0,0.0,0.0,0.0,0.0,50.0,0.0,0.0,-1,0.0,G2_EDGE,reg.buy_ok=False  regime='high_high_down',-1,0.0,0.0,
BNB/USDT,2057,2026-06-03 14:00:00,long,0.50848,81.9,60.0,637.02,7.487143,high_high_down,False,True,False,False,False,0.0,0.0,50.0,0.0,0.0,0.0,0.0,0.0,50.0,0.0,0.0,-1,0.0,G2_EDGE,reg.buy_ok=False  regime='high_high_down',-1,0.0,0.0,
BNB/USDT,2058,2026-06-03 15:00:00,long,0.50565,80.03,60.0,632.99,7.349286,high_high_down,False,True,False,False,False,0.0,0.0,50.0,0.0,0.0,0.0,0.0,0.0,50.0,0.0,0.0,-1,0.0,G2_EDGE,reg.buy_ok=False  regime='high_high_down',-1,0.0,0.0,
BNB/USDT,2059,2026-06-03 16:00:00,short,0.50144,95.0,60.0,628.25,7.86,high_high_down,False,True,False,False,True,0.0,-0.6739353848052143,55.43620899236609,-1.0,0.005464,0.006,0.0,0.0,50.0,0.0,0.0,-1,0.0,G4_EV,ev=0.00546 <= floor=0.00600  meta_conf=0.5014,-1,0.0,0.0,
BNB/USDT,2060,2026-06-03 17:00:00,long,0.51779,80.09,60.0,627.16,7.086429,high_high_down,False,True,False,False,False,0.0,0.0,50.0,0.0,0.0,0.0,0.0,0.0,50.0,0.0,0.0,-1,0.0,G2_EDGE,reg.buy_ok=False  regime='high_high_down',-1,0.0,0.0,
BNB/USDT,2061,2026-06-03 18:00:00,long,0.51458,78.31,60.0,628.13,6.834286,high_high_down,False,True,False,False,False,0.0,0.0,50.0,0.0,0.0,0.0,0.0,0.0,50.0,0.0,0.0,-1,0.0,G2_EDGE,reg.buy_ok=False  regime='high_high_down',-1,0.0,0.0,
BNB/USDT,2062,2026-06-03 19:00:00,long,0.50518,79.47,60.0,622.77,6.617143,high_high_down,False,True,False,False,False,0.0,0.0,50.0,0.0,0.0,0.0,0.0,0.0,50.0,0.0,0.0,-1,0.0,G2_EDGE,reg.buy_ok=False  regime='high_high_down',-1,0.0,0.0,
BNB/USDT,2063,2026-06-03 20:00:00,long,0.5138,85.15,60.0,619.8,6.840714,high_high_down,False,True,False,False,False,0.0,0.0,50.0,0.0,0.0,0.0,0.0,0.0,50.0,0.0,0.0,-1,0.0,G2_EDGE,reg.buy_ok=False  regime='high_high_down',-1,0.0,0.0,
BNB/USDT,2064,2026-06-03 21:00:00,long,0.50496,76.55,60.0,629.43,7.235,high_high_down,False,True,False,False,False,0.0,0.0,50.0,0.0,0.0,0.0,0.0,0.0,50.0,0.0,0.0,-1,0.0,G2_EDGE,reg.buy_ok=False  regime='high_high_down',-1,0.0,0.0,
BNB/USDT,2065,2026-06-03 22:00:00,long,0.50799,76.77,60.0,627.43,7.176429,high_high_down,False,True,False,False,False,0.0,0.0,50.0,0.0,0.0,0.0,0.0,0.0,50.0,0.0,0.0,-1,0.0,G2_EDGE,reg.buy_ok=False  regime='high_high_down',-1,0.0,0.0,
BNB/USDT,2066,2026-06-03 23:00:00,long,0.50828,82.38,60.0,620.63,7.202857,high_high_down,False,True,False,False,False,0.0,0.0,50.0,0.0,0.0,0.0,0.0,0.0,50.0,0.0,0.0,-1,0.0,G2_EDGE,reg.buy_ok=False  regime='high_high_down',-1,0.0,0.0,
BNB/USDT,2067,2026-06-04 00:00:00,long,0.5779,91.48,60.0,616.23,7.669286,high_high_down,False,True,False,False,False,0.0,0.0,50.0,0.0,0.0,0.0,0.0,0.0,50.0,0.0,0.0,-1,0.0,G2_EDGE,reg.buy_ok=False  regime='high_high_down',-1,0.0,0.0,
BNB/USDT,2068,2026-06-04 01:00:00,long,0.57909,100.0,60.0,602.49,8.427857,high_high_down,False,True,False,False,False,0.0,0.0,50.0,0.0,0.0,0.0,0.0,0.0,50.0,0.0,0.0,-1,0.0,G2_EDGE,reg.buy_ok=False  regime='high_high_down',-1,0.0,0.0,
BNB/USDT,2069,2026-06-04 02:00:00,long,0.60546,100.0,60.0,608.05,9.507857,high_high_down,False,True,False,False,False,0.0,0.0,50.0,0.0,0.0,0.0,0.0,0.0,50.0,0.0,0.0,-1,0.0,G2_EDGE,reg.buy_ok=False  regime='high_high_down',-1,0.0,0.0,
BNB/USDT,2070,2026-06-04 03:00:00,long,0.60447,81.75,60.0,618.99,9.948571,high_high_down,False,True,False,False,False,0.0,0.0,50.0,0.0,0.0,0.0,0.0,0.0,50.0,0.0,0.0,-1,0.0,G2_EDGE,reg.buy_ok=False  regime='high_high_down',-1,0.0,0.0,
BNB/USDT,2071,2026-06-04 04:00:00,long,0.61194,77.08,60.0,614.63,9.950714,high_high_down,False,True,False,False,False,0.0,0.0,50.0,0.0,0.0,0.0,0.0,0.0,50.0,0.0,0.0,-1,0.0,G2_EDGE,reg.buy_ok=False  regime='high_high_down',-1,0.0,0.0,
BNB/USDT,2072,2026-06-04 05:00:00,long,0.60167,98.13,60.0,604.23,10.490714,high_high_down,False,True,False,False,False,0.0,0.0,50.0,0.0,0.0,0.0,0.0,0.0,50.0,0.0,0.0,-1,0.0,G2_EDGE,reg.buy_ok=False  regime='high_high_down',-1,0.0,0.0,
BNB/USDT,2073,2026-06-04 06:00:00,long,0.61174,76.8,60.0,605.4,10.054286,high_high_down,False,True,False,False,False,0.0,0.0,50.0,0.0,0.0,0.0,0.0,0.0,50.0,0.0,0.0,-1,0.0,G2_EDGE,reg.buy_ok=False  regime='high_high_down',-1,0.0,0.0,
BNB/USDT,2074,2026-06-04 07:00:00,long,0.59903,77.63,60.0,600.2,10.132143,high_high_down,False,True,False,False,False,0.0,0.0,50.0,0.0,0.0,0.0,0.0,0.0,50.0,0.0,0.0,-1,0.0,G2_EDGE,reg.buy_ok=False  regime='high_high_down',-1,0.0,0.0,
BNB/USDT,2075,2026-06-04 08:00:00,long,0.63701,77.53,60.0,602.28,10.380714,high_high_down,False,True,False,False,False,0.0,0.0,50.0,0.0,0.0,0.0,0.0,0.0,50.0,0.0,0.0,-1,0.0,G2_EDGE,reg.buy_ok=False  regime='high_high_down',-1,0.0,0.0,
BNB/USDT,2076,2026-06-04 09:00:00,long,0.61469,88.22,60.0,597.99,10.672143,high_high_down,False,True,False,False,False,0.0,0.0,50.0,0.0,0.0,0.0,0.0,0.0,50.0,0.0,0.0,-1,0.0,G2_EDGE,reg.buy_ok=False  regime='high_high_down',-1,0.0,0.0,
BNB/USDT,2077,2026-06-04 10:00:00,long,0.61419,88.32,60.0,590.47,10.702143,high_high_down,False,True,False,False,False,0.0,0.0,50.0,0.0,0.0,0.0,0.0,0.0,50.0,0.0,0.0,-1,0.0,G2_EDGE,reg.buy_ok=False  regime='high_high_down',-1,0.0,0.0,
BNB/USDT,2078,2026-06-04 11:00:00,long,0.63814,88.25,60.0,595.3,10.403571,high_high_down,False,True,False,False,False,0.0,0.0,50.0,0.0,0.0,0.0,0.0,0.0,50.0,0.0,0.0,-1,0.0,G2_EDGE,reg.buy_ok=False  regime='high_high_down',-1,0.0,0.0,
BNB/USDT,2079,2026-06-04 12:00:00,long,0.59808,79.12,60.0,603.55,10.894286,high_high_down,False,True,False,False,False,0.0,0.0,50.0,0.0,0.0,0.0,0.0,0.0,50.0,0.0,0.0,-1,0.0,G2_EDGE,reg.buy_ok=False  regime='high_high_down',-1,0.0,0.0,
BNB/USDT,2080,2026-06-04 13:00:00,long,0.6009,79.36,60.0,604.81,10.995,high_high_down,False,True,False,False,False,0.0,0.0,50.0,0.0,0.0,0.0,0.0,0.0,50.0,0.0,0.0,-1,0.0,G2_EDGE,reg.buy_ok=False  regime='high_high_down',-1,0.0,0.0,
BNB/USDT,2081,2026-06-04 14:00:00,long,0.60889,79.08,60.0,604.75,10.477143,high_high_down,False,True,False,False,False,0.0,0.0,50.0,0.0,0.0,0.0,0.0,0.0,50.0,0.0,0.0,-1,0.0,G2_EDGE,reg.buy_ok=False  regime='high_high_down',-1,0.0,0.0,
BNB/USDT,2082,2026-06-04 15:00:00,long,0.59248,78.87,60.0,606.4,9.553571,high_high_down,False,True,False,False,False,0.0,0.0,50.0,0.0,0.0,0.0,0.0,0.0,50.0,0.0,0.0,-1,0.0,G2_EDGE,reg.buy_ok=False  regime='high_high_down',-1,0.0,0.0,
BNB/USDT,2083,2026-06-04 16:00:00,long,0.58192,76.15,60.0,603.74,8.475,high_high_down,False,True,False,False,False,0.0,0.0,50.0,0.0,0.0,0.0,0.0,0.0,50.0,0.0,0.0,-1,0.0,G2_EDGE,reg.buy_ok=False  regime='high_high_down',-1,0.0,0.0,
BNB/USDT,2084,2026-06-04 17:00:00,long,0.56223,74.62,60.0,604.54,7.953571,high_high_down,False,True,False,False,False,0.0,0.0,50.0,0.0,0.0,0.0,0.0,0.0,50.0,0.0,0.0,-1,0.0,G2_EDGE,reg.buy_ok=False  regime='high_high_down',-1,0.0,0.0,
BNB/USDT,2085,2026-06-04 18:00:00,long,0.55986,77.63,60.0,609.17,7.952857,high_high_down,False,True,False,False,False,0.0,0.0,50.0,0.0,0.0,0.0,0.0,0.0,50.0,0.0,0.0,-1,0.0,G2_EDGE,reg.buy_ok=False  regime='high_high_down',-1,0.0,0.0,
BNB/USDT,2086,2026-06-04 19:00:00,long,0.5582,75.12,60.0,606.35,7.311429,high_high_down,False,True,False,False,False,0.0,0.0,50.0,0.0,0.0,0.0,0.0,0.0,50.0,0.0,0.0,-1,0.0,G2_EDGE,reg.buy_ok=False  regime='high_high_down',-1,0.0,0.0,
BNB/USDT,2087,2026-06-04 20:00:00,long,0.57375,75.94,60.0,605.42,7.023571,high_high_down,False,True,False,False,False,0.0,0.0,50.0,0.0,0.0,0.0,0.0,0.0,50.0,0.0,0.0,-1,0.0,G2_EDGE,reg.buy_ok=False  regime='high_high_down',-1,0.0,0.0,
BNB/USDT,2088,2026-06-04 21:00:00,long,0.57353,76.21,60.0,599.29,7.236429,high_high_down,False,True,False,False,False,0.0,0.0,50.0,0.0,0.0,0.0,0.0,0.0,50.0,0.0,0.0,-1,0.0,G2_EDGE,reg.buy_ok=False  regime='high_high_down',-1,0.0,0.0,
BNB/USDT,2089,2026-06-04 22:00:00,long,0.56148,76.99,60.0,603.0,7.115714,high_high_down,False,True,False,False,False,0.0,0.0,50.0,0.0,0.0,0.0,0.0,0.0,50.0,0.0,0.0,-1,0.0,G2_EDGE,reg.buy_ok=False  regime='high_high_down',-1,0.0,0.0,
BNB/USDT,2090,2026-06-04 23:00:00,long,0.5855,78.46,60.0,604.53,6.747143,high_high_down,False,True,False,False,False,0.0,0.0,50.0,0.0,0.0,0.0,0.0,0.0,50.0,0.0,0.0,-1,0.0,G2_EDGE,reg.buy_ok=False  regime='high_high_down',-1,0.0,0.0,
BNB/USDT,2091,2026-06-05 00:00:00,long,0.5777,77.34,60.0,602.09,6.482143,high_high_down,False,True,False,False,False,0.0,0.0,50.0,0.0,0.0,0.0,0.0,0.0,50.0,0.0,0.0,-1,0.0,G2_EDGE,reg.buy_ok=False  regime='high_high_down',-1,0.0,0.0,
BNB/USDT,2092,2026-06-05 01:00:00,long,0.56968,58.2,60.0,602.47,6.53,high_high_flat,False,True,False,False,False,0.0,0.0,50.0,0.0,0.0,0.0,0.0,0.0,50.0,0.0,0.0,-1,0.0,G2_EDGE,reg.buy_ok=False  regime='high_high_flat',-1,0.0,0.0,
BNB/USDT,2093,2026-06-05 02:00:00,long,0.5513,64.76,60.0,595.92,6.352857,high_high_down,False,True,False,False,False,0.0,0.0,50.0,0.0,0.0,0.0,0.0,0.0,50.0,0.0,0.0,-1,0.0,G2_EDGE,reg.buy_ok=False  regime='high_high_down',-1,0.0,0.0,
BNB/USDT,2094,2026-06-05 03:00:00,long,0.55947,83.73,60.0,595.76,6.179286,high_high_down,False,True,False,False,False,0.0,0.0,50.0,0.0,0.0,0.0,0.0,0.0,50.0,0.0,0.0,-1,0.0,G2_EDGE,reg.buy_ok=False  regime='high_high_down',-1,0.0,0.0,
BNB/USDT,2095,2026-06-05 04:00:00,long,0.55878,65.26,60.0,602.01,6.527857,high_high_down,False,True,False,False,False,0.0,0.0,50.0,0.0,0.0,0.0,0.0,0.0,50.0,0.0,0.0,-1,0.0,G2_EDGE,reg.buy_ok=False  regime='high_high_down',-1,0.0,0.0,
BNB/USDT,2096,2026-06-05 05:00:00,long,0.5842,85.59,60.0,584.55,7.522857,high_high_down,False,True,False,False,False,0.0,0.0,50.0,0.0,0.0,0.0,0.0,0.0,50.0,0.0,0.0,-1,0.0,G2_EDGE,reg.buy_ok=False  regime='high_high_down',-1,0.0,0.0,
BNB/USDT,2097,2026-06-05 06:00:00,long,0.60725,87.11,60.0,580.62,8.264286,high_high_down,False,True,False,False,False,0.0,0.0,50.0,0.0,0.0,0.0,0.0,0.0,50.0,0.0,0.0,-1,0.0,G2_EDGE,reg.buy_ok=False  regime='high_high_down',-1,0.0,0.0,
BNB/USDT,2098,2026-06-05 07:00:00,long,0.59244,66.22,60.0,593.26,9.202857,high_high_down,False,True,False,False,False,0.0,0.0,50.0,0.0,0.0,0.0,0.0,0.0,50.0,0.0,0.0,-1,0.0,G2_EDGE,reg.buy_ok=False  regime='high_high_down',-1,0.0,0.0,
BNB/USDT,2099,2026-06-05 08:00:00,long,0.59389,57.41,60.0,587.02,9.215714,high_high_down,False,True,False,False,False,0.0,0.0,50.0,0.0,0.0,0.0,0.0,0.0,50.0,0.0,0.0,-1,0.0,G2_EDGE,reg.buy_ok=False  regime='high_high_down',-1,0.0,0.0,
BNB/USDT,2100,2026-06-05 09:00:00,long,0.60275,62.45,60.0,596.14,9.592857,high_high_flat,False,True,False,False,False,0.0,0.0,50.0,0.0,0.0,0.0,0.0,0.0,50.0,0.0,0.0,-1,0.0,G2_EDGE,reg.buy_ok=False  regime='high_high_flat',-1,0.0,0.0,
BNB/USDT,2101,2026-06-05 10:00:00,long,0.60296,78.63,60.0,592.89,9.762857,high_high_flat,False,True,False,False,False,0.0,0.0,50.0,0.0,0.0,0.0,0.0,0.0,50.0,0.0,0.0,-1,0.0,G2_EDGE,reg.buy_ok=False  regime='high_high_flat',-1,0.0,0.0,
BNB/USDT,2102,2026-06-05 11:00:00,long,0.59859,79.61,60.0,590.11,9.515714,high_high_flat,False,True,False,False,False,0.0,0.0,50.0,0.0,0.0,0.0,0.0,0.0,50.0,0.0,0.0,-1,0.0,G2_EDGE,reg.buy_ok=False  regime='high_high_flat',-1,0.0,0.0,
BNB/USDT,2103,2026-06-05 12:00:00,long,0.59699,83.89,60.0,591.15,9.619286,high_high_down,False,True,False,False,False,0.0,0.0,50.0,0.0,0.0,0.0,0.0,0.0,50.0,0.0,0.0,-1,0.0,G2_EDGE,reg.buy_ok=False  regime='high_high_down',-1,0.0,0.0,
BNB/USDT,2104,2026-06-05 13:00:00,long,0.58284,81.14,60.0,581.02,10.3,high_high_down,False,True,False,False,False,0.0,0.0,50.0,0.0,0.0,0.0,0.0,0.0,50.0,0.0,0.0,-1,0.0,G2_EDGE,reg.buy_ok=False  regime='high_high_down',-1,0.0,0.0,
BNB/USDT,2105,2026-06-05 14:00:00,long,0.60382,84.7,60.0,582.93,10.562857,high_high_down,False,True,False,False,False,0.0,0.0,50.0,0.0,0.0,0.0,0.0,0.0,50.0,0.0,0.0,-1,0.0,G2_EDGE,reg.buy_ok=False  regime='high_high_down',-1,0.0,0.0,
BNB/USDT,2106,2026-06-05 15:00:00,long,0.61102,95.71,60.0,578.75,10.707857,high_high_down,False,True,False,False,False,0.0,0.0,50.0,0.0,0.0,0.0,0.0,0.0,50.0,0.0,0.0,-1,0.0,G2_EDGE,reg.buy_ok=False  regime='high_high_down',-1,0.0,0.0,
BNB/USDT,2107,2026-06-05 16:00:00,long,0.61329,100.0,60.0,577.76,11.182857,high_high_down,False,True,False,False,False,0.0,0.0,50.0,0.0,0.0,0.0,0.0,0.0,50.0,0.0,0.0,-1,0.0,G2_EDGE,reg.buy_ok=False  regime='high_high_down',-1,0.0,0.0,
BNB/USDT,2108,2026-06-05 17:00:00,long,0.61501,88.46,60.0,576.06,11.227857,high_high_down,False,True,False,False,False,0.0,0.0,50.0,0.0,0.0,0.0,0.0,0.0,50.0,0.0,0.0,-1,0.0,G2_EDGE,reg.buy_ok=False  regime='high_high_down',-1,0.0,0.0,
BNB/USDT,2109,2026-06-05 18:00:00,long,0.61816,92.82,60.0,561.32,11.713571,high_high_down,False,True,False,False,False,0.0,0.0,50.0,0.0,0.0,0.0,0.0,0.0,50.0,0.0,0.0,-1,0.0,G2_EDGE,reg.buy_ok=False  regime='high_high_down',-1,0.0,0.0,
BNB/USDT,2110,2026-06-05 19:00:00,long,0.62417,92.3,60.0,567.33,11.282143,high_high_down,False,True,False,False,False,0.0,0.0,50.0,0.0,0.0,0.0,0.0,0.0,50.0,0.0,0.0,-1,0.0,G2_EDGE,reg.buy_ok=False  regime='high_high_down',-1,0.0,0.0,
BNB/USDT,2111,2026-06-05 20:00:00,long,0.60028,79.69,60.0,577.54,11.308571,high_high_down,False,True,False,False,False,0.0,0.0,50.0,0.0,0.0,0.0,0.0,0.0,50.0,0.0,0.0,-1,0.0,G2_EDGE,reg.buy_ok=False  regime='high_high_down',-1,0.0,0.0,
BNB/USDT,2112,2026-06-05 21:00:00,long,0.60047,77.93,60.0,576.5,10.205,high_high_down,False,True,False,False,False,0.0,0.0,50.0,0.0,0.0,0.0,0.0,0.0,50.0,0.0,0.0,-1,0.0,G2_EDGE,reg.buy_ok=False  regime='high_high_down',-1,0.0,0.0,
BNB/USDT,2113,2026-06-05 22:00:00,long,0.61396,80.74,60.0,577.01,10.077143,high_high_down,False,True,False,False,False,0.0,0.0,50.0,0.0,0.0,0.0,0.0,0.0,50.0,0.0,0.0,-1,0.0,G2_EDGE,reg.buy_ok=False  regime='high_high_down',-1,0.0,0.0,
BNB/USDT,2114,2026-06-05 23:00:00,long,0.62492,79.61,60.0,572.22,10.133571,high_high_down,False,True,False,False,False,0.0,0.0,50.0,0.0,0.0,0.0,0.0,0.0,50.0,0.0,0.0,-1,0.0,G2_EDGE,reg.buy_ok=False  regime='high_high_down',-1,0.0,0.0,
BNB/USDT,2115,2026-06-06 00:00:00,long,0.61867,79.03,60.0,576.52,10.131429,high_high_down,False,True,False,False,False,0.0,0.0,50.0,0.0,0.0,0.0,0.0,0.0,50.0,0.0,0.0,-1,0.0,G2_EDGE,reg.buy_ok=False  regime='high_high_down',-1,0.0,0.0,
BNB/USDT,2116,2026-06-06 01:00:00,long,0.62185,80.01,60.0,576.4,10.059286,high_high_down,False,True,False,False,False,0.0,0.0,50.0,0.0,0.0,0.0,0.0,0.0,50.0,0.0,0.0,-1,0.0,G2_EDGE,reg.buy_ok=False  regime='high_high_down',-1,0.0,0.0,
BNB/USDT,2117,2026-06-06 02:00:00,long,0.60768,81.12,60.0,576.4,9.940714,high_high_down,False,True,False,False,False,0.0,0.0,50.0,0.0,0.0,0.0,0.0,0.0,50.0,0.0,0.0,-1,0.0,G2_EDGE,reg.buy_ok=False  regime='high_high_down',-1,0.0,0.0,
BNB/USDT,2118,2026-06-06 03:00:00,long,0.60202,76.03,60.0,573.13,9.264286,high_high_down,False,True,False,False,False,0.0,0.0,50.0,0.0,0.0,0.0,0.0,0.0,50.0,0.0,0.0,-1,0.0,G2_EDGE,reg.buy_ok=False  regime='high_high_down',-1,0.0,0.0,
BNB/USDT,2119,2026-06-06 04:00:00,long,0.609,78.44,60.0,565.47,9.695,high_high_down,False,True,False,False,False,0.0,0.0,50.0,0.0,0.0,0.0,0.0,0.0,50.0,0.0,0.0,-1,0.0,G2_EDGE,reg.buy_ok=False  regime='high_high_down',-1,0.0,0.0,
BNB/USDT,2120,2026-06-06 05:00:00,long,0.59149,80.56,60.0,576.28,10.21,high_high_down,False,True,False,False,False,0.0,0.0,50.0,0.0,0.0,0.0,0.0,0.0,50.0,0.0,0.0,-1,0.0,G2_EDGE,reg.buy_ok=False  regime='high_high_down',-1,0.0,0.0,
BNB/USDT,2121,2026-06-06 06:00:00,long,0.60054,82.88,60.0,576.39,9.43,high_high_flat,False,True,False,False,False,0.0,0.0,50.0,0.0,0.0,0.0,0.0,0.0,50.0,0.0,0.0,-1,0.0,G2_EDGE,reg.buy_ok=False  regime='high_high_flat',-1,0.0,0.0,
BNB/USDT,2122,2026-06-06 07:00:00,long,0.59867,83.68,60.0,579.06,9.319286,high_high_down,False,True,False,False,False,0.0,0.0,50.0,0.0,0.0,0.0,0.0,0.0,50.0,0.0,0.0,-1,0.0,G2_EDGE,reg.buy_ok=False  regime='high_high_down',-1,0.0,0.0,
BNB/USDT,2123,2026-06-06 08:00:00,long,0.60992,82.52,60.0,580.78,8.630714,high_high_down,False,True,False,False,False,0.0,0.0,50.0,0.0,0.0,0.0,0.0,0.0,50.0,0.0,0.0,-1,0.0,G2_EDGE,reg.buy_ok=False  regime='high_high_down',-1,0.0,0.0,
BNB/USDT,2124,2026-06-06 09:00:00,long,0.5959,80.81,60.0,576.55,8.207857,high_high_down,False,True,False,False,False,0.0,0.0,50.0,0.0,0.0,0.0,0.0,0.0,50.0,0.0,0.0,-1,0.0,G2_EDGE,reg.buy_ok=False  regime='high_high_down',-1,0.0,0.0,
BNB/USDT,2125,2026-06-06 10:00:00,long,0.5781,78.61,60.0,573.81,7.517857,high_high_down,False,True,False,False,False,0.0,0.0,50.0,0.0,0.0,0.0,0.0,0.0,50.0,0.0,0.0,-1,0.0,G2_EDGE,reg.buy_ok=False  regime='high_high_down',-1,0.0,0.0,
BNB/USDT,2126,2026-06-06 11:00:00,long,0.57887,77.7,60.0,574.06,7.487143,high_high_down,False,True,False,False,False,0.0,0.0,50.0,0.0,0.0,0.0,0.0,0.0,50.0,0.0,0.0,-1,0.0,G2_EDGE,reg.buy_ok=False  regime='high_high_down',-1,0.0,0.0,
BNB/USDT,2127,2026-06-06 12:00:00,long,0.57245,74.08,60.0,575.91,7.461429,high_high_down,False,True,False,False,False,0.0,0.0,50.0,0.0,0.0,0.0,0.0,0.0,50.0,0.0,0.0,-1,0.0,G2_EDGE,reg.buy_ok=False  regime='high_high_down',-1,0.0,0.0,
BNB/USDT,2128,2026-06-06 13:00:00,long,0.59781,74.5,60.0,574.49,6.954286,high_high_down,False,True,False,False,False,0.0,0.0,50.0,0.0,0.0,0.0,0.0,0.0,50.0,0.0,0.0,-1,0.0,G2_EDGE,reg.buy_ok=False  regime='high_high_down',-1,0.0,0.0,
BNB/USDT,2129,2026-06-06 14:00:00,long,0.56757,75.32,60.0,574.95,6.765714,high_high_down,False,True,False,False,False,0.0,0.0,50.0,0.0,0.0,0.0,0.0,0.0,50.0,0.0,0.0,-1,0.0,G2_EDGE,reg.buy_ok=False  regime='high_high_down',-1,0.0,0.0,
BNB/USDT,2130,2026-06-06 15:00:00,long,0.55837,65.02,60.0,575.86,6.815714,high_high_flat,False,True,False,False,False,0.0,0.0,50.0,0.0,0.0,0.0,0.0,0.0,50.0,0.0,0.0,-1,0.0,G2_EDGE,reg.buy_ok=False  regime='high_high_flat',-1,0.0,0.0,
BNB/USDT,2131,2026-06-06 16:00:00,long,0.54913,74.68,60.0,574.11,6.891429,high_high_flat,False,True,False,False,False,0.0,0.0,50.0,0.0,0.0,0.0,0.0,0.0,50.0,0.0,0.0,-1,0.0,G2_EDGE,reg.buy_ok=False  regime='high_high_flat',-1,0.0,0.0,
BNB/USDT,2132,2026-06-06 17:00:00,long,0.55273,73.12,60.0,573.92,6.637143,high_high_flat,False,True,False,False,False,0.0,0.0,50.0,0.0,0.0,0.0,0.0,0.0,50.0,0.0,0.0,-1,0.0,G2_EDGE,reg.buy_ok=False  regime='high_high_flat',-1,0.0,0.0,
BNB/USDT,2133,2026-06-06 18:00:00,long,0.57134,73.58,60.0,574.38,5.710714,high_high_up,False,True,False,False,False,0.0,0.0,50.0,0.0,0.0,0.0,0.0,0.0,50.0,0.0,0.0,-1,0.0,G2_EDGE,reg.buy_ok=False  regime='high_high_up',-1,0.0,0.0,
BNB/USDT,2134,2026-06-06 19:00:00,long,0.53438,70.3,60.0,573.73,4.714286,high_high_up,False,True,False,False,False,0.0,0.0,50.0,0.0,0.0,0.0,0.0,0.0,50.0,0.0,0.0,-1,0.0,G2_EDGE,reg.buy_ok=False  regime='high_high_up',-1,0.0,0.0,
BNB/USDT,2135,2026-06-06 20:00:00,long,0.50901,70.84,60.0,574.8,4.619286,high_high_flat,False,True,False,False,False,0.0,0.0,50.0,0.0,0.0,0.0,0.0,0.0,50.0,0.0,0.0,-1,0.0,G2_EDGE,reg.buy_ok=False  regime='high_high_flat',-1,0.0,0.0,
BNB/USDT,2136,2026-06-06 21:00:00,short,0.50958,74.74,60.0,575.02,4.377857,high_high_flat,False,True,False,False,False,0.0,-0.20983036325518994,73.3536967724279,0.0,0.002038,0.006,0.0,0.0,50.0,0.0,0.0,-1,0.0,G4_EV,ev=0.00204 <= floor=0.00600  meta_conf=0.5096,-1,0.0,0.0,
BNB/USDT,2137,2026-06-06 22:00:00,short,0.50571,70.14,60.0,572.46,4.210714,high_med_flat,False,False,False,False,False,0.0,0.0,50.0,0.0,0.0,0.0,0.0,0.0,50.0,0.0,0.0,-1,0.0,G2_EDGE,reg.sell_ok=False  regime='high_med_flat',-1,0.0,0.0,
BNB/USDT,2138,2026-06-06 23:00:00,short,0.52006,77.14,60.0,574.53,3.905,high_med_flat,False,False,False,False,False,0.0,0.0,50.0,0.0,0.0,0.0,0.0,0.0,50.0,0.0,0.0,-1,0.0,G2_EDGE,reg.sell_ok=False  regime='high_med_flat',-1,0.0,0.0,
BNB/USDT,2139,2026-06-07 00:00:00,short,0.51922,78.47,60.0,574.13,3.667857,high_med_flat,False,False,False,False,False,0.0,0.0,50.0,0.0,0.0,0.0,0.0,0.0,50.0,0.0,0.0,-1,0.0,G2_EDGE,reg.sell_ok=False  regime='high_med_flat',-1,0.0,0.0,
BNB/USDT,2140,2026-06-07 01:00:00,short,0.51708,100.0,60.0,579.74,4.005,high_med_flat,False,False,False,False,False,0.0,0.0,50.0,0.0,0.0,0.0,0.0,0.0,50.0,0.0,0.0,-1,0.0,G2_EDGE,reg.sell_ok=False  regime='high_med_flat',-1,0.0,0.0,
BNB/USDT,2141,2026-06-07 02:00:00,short,0.51086,87.1,60.0,579.08,3.917143,high_med_flat,False,False,False,False,False,0.0,0.0,50.0,0.0,0.0,0.0,0.0,0.0,50.0,0.0,0.0,-1,0.0,G2_EDGE,reg.sell_ok=False  regime='high_med_flat',-1,0.0,0.0,
BNB/USDT,2142,2026-06-07 03:00:00,short,0.52073,81.52,60.0,581.1,3.869286,high_med_up,False,True,False,True,False,0.0,0.38039488404080485,71.1938607192798,0.0,0.001615,0.006,0.0,0.0,50.0,0.0,0.0,-1,0.0,G4_EV,ev=0.00162 <= floor=0.00600  meta_conf=0.5207,-1,0.0,0.0,
BNB/USDT,2143,2026-06-07 04:00:00,short,0.50715,82.68,60.0,582.79,3.996429,high_med_up,False,True,False,True,False,0.0,0.5278349630446703,65.29417315944319,0.0,0.001364,0.006,0.0,0.0,50.0,0.0,0.0,-1,0.0,G4_EV,ev=0.00136 <= floor=0.00600  meta_conf=0.5072,-1,0.0,0.0,
BNB/USDT,2144,2026-06-07 05:00:00,long,0.50363,83.64,60.0,585.24,3.962143,high_med_up,False,True,False,False,False,0.0,0.0,50.0,0.0,0.0,0.0,0.0,0.0,50.0,0.0,0.0,-1,0.0,G2_EDGE,reg.buy_ok=False  regime='high_med_up',-1,0.0,0.0,
BNB/USDT,2145,2026-06-07 06:00:00,short,0.50958,86.6,60.0,588.4,3.872143,high_med_up,False,True,False,True,False,0.0,0.6690343349562198,46.38833680200143,1.0,0.001219,0.006,0.0,0.0,50.0,0.0,0.0,-1,0.0,G4_EV,ev=0.00122 <= floor=0.00600  meta_conf=0.5096,-1,0.0,0.0,
BNB/USDT,2146,2026-06-07 07:00:00,short,0.5144,80.98,60.0,589.67,3.872857,high_med_up,False,True,False,True,False,0.0,0.6870702990312872,42.60367756656405,1.0,0.001352,0.006,0.0,0.0,50.0,0.0,0.0,-1,0.0,G4_EV,ev=0.00135 <= floor=0.00600  meta_conf=0.5144,-1,0.0,0.0,
BNB/USDT,2147,2026-06-07 08:00:00,short,0.52572,100.0,60.0,597.94,4.482143,high_high_up,False,True,False,True,False,0.0,0.6947488209358849,27.15359609312368,1.0,0.002489,0.006,0.0,0.0,50.0,0.0,0.0,-1,0.0,G4_EV,ev=0.00249 <= floor=0.00600  meta_conf=0.5257,-1,0.0,0.0,
BNB/USDT,2148,2026-06-07 09:00:00,short,0.52636,85.08,60.0,592.94,4.747143,high_high_up,False,True,False,True,False,0.0,0.5336747558211921,27.175253151460993,0.0,0.002954,0.006,0.0,0.0,50.0,0.0,0.0,-1,0.0,G4_EV,ev=0.00295 <= floor=0.00600  meta_conf=0.5264,-1,0.0,0.0,
BNB/USDT,2149,2026-06-07 10:00:00,short,0.52336,83.51,60.0,592.82,4.818571,high_high_up,False,True,False,True,False,0.0,0.5004643412789435,27.306343370048488,0.0,0.002951,0.006,0.0,0.0,50.0,0.0,0.0,-1,0.0,G4_EV,ev=0.00295 <= floor=0.00600  meta_conf=0.5234,-1,0.0,0.0,
BNB/USDT,2150,2026-06-07 11:00:00,short,0.53397,81.3,60.0,593.38,4.868571,high_high_up,False,True,False,True,False,0.0,0.5630179671636109,27.62721528640761,0.0,0.003408,0.006,0.0,0.0,50.0,0.0,0.0,-1,0.0,G4_EV,ev=0.00341 <= floor=0.00600  meta_conf=0.5340,-1,0.0,0.0,
BNB/USDT,2151,2026-06-07 12:00:00,short,0.53497,81.32,60.0,588.51,5.166429,high_high_up,False,True,False,False,False,0.0,0.4089123783883604,29.942333771210667,0.0,0.003966,0.006,0.0,0.0,50.0,0.0,0.0,-1,0.0,G4_EV,ev=0.00397 <= floor=0.00600  meta_conf=0.5350,-1,0.0,0.0,
BNB/USDT,2152,2026-06-07 13:00:00,short,0.54613,72.3,60.0,588.89,5.133571,high_high_up,False,True,False,False,False,0.0,0.4784470338822192,32.81084160576055,0.0,0.004348,0.006,0.0,0.0,50.0,0.0,0.0,-1,0.0,G4_EV,ev=0.00435 <= floor=0.00600  meta_conf=0.5461,-1,0.0,0.0,
BNB/USDT,2153,2026-06-07 14:00:00,short,0.54603,82.37,60.0,591.4,5.350714,high_high_up,False,True,False,True,False,0.0,0.5421835674039708,33.85250495060423,0.0,0.00466,0.006,0.0,0.0,50.0,0.0,0.0,-1,0.0,G4_EV,ev=0.00466 <= floor=0.00600  meta_conf=0.5460,-1,0.0,0.0,
BNB/USDT,2154,2026-06-07 15:00:00,short,0.54729,82.7,60.0,591.52,5.067857,high_high_up,False,True,False,True,False,0.0,0.473144876657552,39.94132383419755,0.0,0.004249,0.006,0.0,0.0,50.0,0.0,0.0,-1,0.0,G4_EV,ev=0.00425 <= floor=0.00600  meta_conf=0.5473,-1,0.0,0.0,
BNB/USDT,2155,2026-06-07 16:00:00,short,0.54906,82.12,60.0,594.05,5.136429,high_high_up,False,True,False,True,False,0.0,0.5383645763205015,42.42900219233118,0.0,0.004394,0.006,0.0,0.0,50.0,0.0,0.0,-1,0.0,G4_EV,ev=0.00439 <= floor=0.00600  meta_conf=0.5491,-1,0.0,0.0,
BNB/USDT,2156,2026-06-07 17:00:00,short,0.55045,79.44,60.0,596.14,5.171429,high_high_up,False,True,False,True,False,0.0,0.5943594374616707,43.188177371638886,0.0,0.004476,0.006,0.0,0.0,50.0,0.0,0.0,-1,0.0,G4_EV,ev=0.00448 <= floor=0.00600  meta_conf=0.5505,-1,0.0,0.0,
BNB/USDT,2157,2026-06-07 18:00:00,short,0.545,78.61,60.0,595.1,5.015714,high_high_up,False,True,False,True,False,0.0,0.4820058130192171,51.006784525190234,0.0,0.004028,0.006,0.0,0.0,50.0,0.0,0.0,-1,0.0,G4_EV,ev=0.00403 <= floor=0.00600  meta_conf=0.5450,-1,0.0,0.0,
BNB/USDT,2158,2026-06-07 19:00:00,short,0.55278,76.99,60.0,588.62,5.255,high_high_up,False,True,False,False,False,0.0,0.23642805347735632,56.87249484692711,0.0,0.004816,0.006,0.0,0.0,50.0,0.0,0.0,-1,0.0,G4_EV,ev=0.00482 <= floor=0.00600  meta_conf=0.5528,-1,0.0,0.0,
BNB/USDT,2159,2026-06-07 20:00:00,short,0.5419,81.68,60.0,593.92,5.369286,high_high_up,False,True,False,True,False,0.0,0.40144922278028133,62.71873967851233,0.0,0.004485,0.006,0.0,0.0,50.0,0.0,0.0,-1,0.0,G4_EV,ev=0.00448 <= floor=0.00600  meta_conf=0.5419,-1,0.0,0.0,
BNB/USDT,2160,2026-06-07 21:00:00,short,0.54516,80.66,60.0,594.08,5.368571,high_high_up,False,True,False,True,False,0.0,0.33831745422092635,63.52608073626583,0.0,0.004614,0.006,0.0,0.0,50.0,0.0,0.0,-1,0.0,G4_EV,ev=0.00461 <= floor=0.00600  meta_conf=0.5452,-1,0.0,0.0,
BNB/USDT,2161,2026-06-07 22:00:00,short,0.5026,100.0,60.0,603.45,5.801429,high_high_up,False,True,False,True,False,0.0,0.6695688209694127,40.51341284160101,1.0,0.003323,0.006,0.0,0.0,50.0,0.0,0.0,-1,0.0,G4_EV,ev=0.00332 <= floor=0.00600  meta_conf=0.5026,-1,0.0,0.0,
BNB/USDT,2162,2026-06-07 23:00:00,long,0.52453,75.05,60.0,604.44,5.577857,high_high_up,False,True,False,False,False,0.0,0.0,50.0,0.0,0.0,0.0,0.0,0.0,50.0,0.0,0.0,-1,0.0,G2_EDGE,reg.buy_ok=False  regime='high_high_up',-1,0.0,0.0,
BNB/USDT,2163,2026-06-08 00:00:00,long,0.53868,75.7,60.0,605.65,5.68,high_high_up,False,True,False,False,False,0.0,0.0,50.0,0.0,0.0,0.0,0.0,0.0,50.0,0.0,0.0,-1,0.0,G2_EDGE,reg.buy_ok=False  regime='high_high_up',-1,0.0,0.0,
BNB/USDT,2164,2026-06-08 01:00:00,long,0.54755,74.44,60.0,604.04,5.96,high_high_up,False,True,False,False,False,0.0,0.0,50.0,0.0,0.0,0.0,0.0,0.0,50.0,0.0,0.0,-1,0.0,G2_EDGE,reg.buy_ok=False  regime='high_high_up',-1,0.0,0.0,
BNB/USDT,2165,2026-06-08 02:00:00,long,0.53269,70.47,60.0,601.93,5.585714,high_high_up,False,True,False,False,False,0.0,0.0,50.0,0.0,0.0,0.0,0.0,0.0,50.0,0.0,0.0,-1,0.0,G2_EDGE,reg.buy_ok=False  regime='high_high_up',-1,0.0,0.0,
BNB/USDT,2166,2026-06-08 03:00:00,long,0.53763,71.2,60.0,603.35,5.622857,high_high_up,False,True,False,False,False,0.0,0.0,50.0,0.0,0.0,0.0,0.0,0.0,50.0,0.0,0.0,-1,0.0,G2_EDGE,reg.buy_ok=False  regime='high_high_up',-1,0.0,0.0,
BNB/USDT,2167,2026-06-08 04:00:00,long,0.53898,82.03,60.0,596.4,5.798571,high_high_up,False,True,False,False,False,0.0,0.0,50.0,0.0,0.0,0.0,0.0,0.0,50.0,0.0,0.0,-1,0.0,G2_EDGE,reg.buy_ok=False  regime='high_high_up',-1,0.0,0.0,
BNB/USDT,2168,2026-06-08 05:00:00,long,0.5448,81.27,60.0,595.12,5.922143,high_high_up,False,True,False,False,False,0.0,0.0,50.0,0.0,0.0,0.0,0.0,0.0,50.0,0.0,0.0,-1,0.0,G2_EDGE,reg.buy_ok=False  regime='high_high_up',-1,0.0,0.0,
BNB/USDT,2169,2026-06-08 06:00:00,long,0.54848,60.67,60.0,595.88,5.739286,high_high_up,False,True,False,False,False,0.0,0.0,50.0,0.0,0.0,0.0,0.0,0.0,50.0,0.0,0.0,-1,0.0,G2_EDGE,reg.buy_ok=False  regime='high_high_up',-1,0.0,0.0,
BNB/USDT,2170,2026-06-08 07:00:00,long,0.56515,64.59,60.0,596.39,5.750714,high_high_up,False,True,False,False,False,0.0,0.0,50.0,0.0,0.0,0.0,0.0,0.0,50.0,0.0,0.0,-1,0.0,G2_EDGE,reg.buy_ok=False  regime='high_high_up',-1,0.0,0.0,
BNB/USDT,2171,2026-06-08 08:00:00,long,0.54418,60.28,60.0,595.33,5.767857,med_high_flat,,,True,False,False,0.0,0.0,50.0,0.0,0.0,0.0,0.0,0.0,50.0,0.0,0.0,-1,0.0,G1_REGIME,regime='med_high_flat' skipped=True reg_empty=False,-1,0.0,0.0,
BNB/USDT,2172,2026-06-08 09:00:00,long,0.52155,64.64,60.0,599.72,5.555714,med_high_up,,,True,False,False,0.0,0.0,50.0,0.0,0.0,0.0,0.0,0.0,50.0,0.0,0.0,-1,0.0,G1_REGIME,regime='med_high_up' skipped=True reg_empty=False,-1,0.0,0.0,
BNB/USDT,2173,2026-06-08 10:00:00,long,0.53551,59.94,60.0,598.02,5.299286,med_high_up,,,True,False,False,0.0,0.0,50.0,0.0,0.0,0.0,0.0,0.0,50.0,0.0,0.0,-1,0.0,G1_REGIME,regime='med_high_up' skipped=True reg_empty=False,-1,0.0,0.0,
BNB/USDT,2174,2026-06-08 11:00:00,long,0.54995,54.81,60.0,602.29,5.630714,med_high_up,,,True,False,False,0.0,0.0,50.0,0.0,0.0,0.0,0.0,0.0,50.0,0.0,0.0,-1,0.0,G1_REGIME,regime='med_high_up' skipped=True reg_empty=False,-1,0.0,0.0,
BNB/USDT,2175,2026-06-08 12:00:00,long,0.51744,53.81,60.0,603.36,4.782143,med_high_up,,,True,False,False,0.0,0.0,50.0,0.0,0.0,0.0,0.0,0.0,50.0,0.0,0.0,-1,0.0,G1_REGIME,regime='med_high_up' skipped=True reg_empty=False,-1,0.0,0.0,
BNB/USDT,2176,2026-06-08 13:00:00,long,0.50792,63.08,60.0,600.34,4.945714,med_high_up,,,True,False,False,0.0,0.0,50.0,0.0,0.0,0.0,0.0,0.0,50.0,0.0,0.0,-1,0.0,G1_REGIME,regime='med_high_up' skipped=True reg_empty=False,-1,0.0,0.0,
BNB/USDT,2177,2026-06-08 14:00:00,long,0.5033,50.98,60.0,603.29,4.845714,med_high_up,,,True,False,False,0.0,0.0,50.0,0.0,0.0,0.0,0.0,0.0,50.0,0.0,0.0,-1,0.0,G1_REGIME,regime='med_high_up' skipped=True reg_empty=False,-1,0.0,0.0,
BNB/USDT,2178,2026-06-08 15:00:00,long,0.52625,55.18,60.0,604.2,4.570714,med_high_up,,,True,False,False,0.0,0.0,50.0,0.0,0.0,0.0,0.0,0.0,50.0,0.0,0.0,-1,0.0,G1_REGIME,regime='med_high_up' skipped=True reg_empty=False,-1,0.0,0.0,
BNB/USDT,2179,2026-06-08 16:00:00,long,0.52573,50.11,60.0,603.84,4.670714,med_high_up,,,True,False,False,0.0,0.0,50.0,0.0,0.0,0.0,0.0,0.0,50.0,0.0,0.0,-1,0.0,G1_REGIME,regime='med_high_up' skipped=True reg_empty=False,-1,0.0,0.0,
BNB/USDT,2180,2026-06-08 17:00:00,long,0.52316,51.27,60.0,607.95,4.828571,med_high_up,,,True,False,False,0.0,0.0,50.0,0.0,0.0,0.0,0.0,0.0,50.0,0.0,0.0,-1,0.0,G1_REGIME,regime='med_high_up' skipped=True reg_empty=False,-1,0.0,0.0,
BNB/USDT,2181,2026-06-08 18:00:00,long,0.51991,43.03,60.0,607.77,4.519286,med_high_up,,,True,False,False,0.0,0.0,50.0,0.0,0.0,0.0,0.0,0.0,50.0,0.0,0.0,-1,0.0,G1_REGIME,regime='med_high_up' skipped=True reg_empty=False,-1,0.0,0.0,
BNB/USDT,2182,2026-06-08 19:00:00,long,0.51115,34.87,60.0,607.66,4.265,med_med_up,False,False,False,False,False,0.0,0.0,50.0,0.0,0.0,0.0,0.0,0.0,50.0,0.0,0.0,-1,0.0,G2_EDGE,reg.buy_ok=False  regime='med_med_up',-1,0.0,0.0,
BNB/USDT,2183,2026-06-08 20:00:00,long,0.50591,34.09,60.0,606.83,4.267143,med_med_up,False,False,False,False,False,0.0,0.0,50.0,0.0,0.0,0.0,0.0,0.0,50.0,0.0,0.0,-1,0.0,G2_EDGE,reg.buy_ok=False  regime='med_med_up',-1,0.0,0.0,
BNB/USDT,2184,2026-06-08 21:00:00,long,0.51283,58.39,60.0,607.6,4.254286,med_med_up,False,False,False,False,False,0.0,0.0,50.0,0.0,0.0,0.0,0.0,0.0,50.0,0.0,0.0,-1,0.0,G2_EDGE,reg.buy_ok=False  regime='med_med_up',-1,0.0,0.0,
BNB/USDT,2185,2026-06-08 22:00:00,long,0.51425,56.36,60.0,606.27,4.279286,med_med_flat,True,False,False,False,False,0.0,0.0,50.0,0.0,0.0,0.0,0.0,0.0,50.0,0.0,0.0,-1,0.0,G2_EDGE,edge=56.4 < thr=60.0,-1,0.0,0.0,
BNB/USDT,2186,2026-06-08 23:00:00,long,0.51618,64.92,60.0,601.86,4.330714,med_med_flat,True,False,False,True,False,0.0,0.17323863658089134,59.6155457678174,0.0,0.001921,0.006,0.0,0.0,50.0,0.0,0.0,-1,0.0,G4_EV,ev=0.00192 <= floor=0.00600  meta_conf=0.5162,-1,0.0,0.0,
BNB/USDT,2187,2026-06-09 00:00:00,short,0.52965,92.08,60.0,595.72,4.806429,med_high_down,,,True,False,False,0.0,0.0,50.0,0.0,0.0,0.0,0.0,0.0,50.0,0.0,0.0,-1,0.0,G1_REGIME,regime='med_high_down' skipped=True reg_empty=False,-1,0.0,0.0,
BNB/USDT,2188,2026-06-09 01:00:00,short,0.54363,68.56,60.0,597.69,4.583571,med_high_down,,,True,False,False,0.0,0.0,50.0,0.0,0.0,0.0,0.0,0.0,50.0,0.0,0.0,-1,0.0,G1_REGIME,regime='med_high_down' skipped=True reg_empty=False,-1,0.0,0.0,
BNB/USDT,2189,2026-06-09 02:00:00,short,0.55197,67.88,60.0,598.32,4.442143,med_high_flat,,,True,False,False,0.0,0.0,50.0,0.0,0.0,0.0,0.0,0.0,50.0,0.0,0.0,-1,0.0,G1_REGIME,regime='med_high_flat' skipped=True reg_empty=False,-1,0.0,0.0,
BNB/USDT,2190,2026-06-09 03:00:00,short,0.52916,67.9,60.0,599.14,4.242857,med_med_flat,True,False,False,False,False,0.0,0.0,50.0,0.0,0.0,0.0,0.0,0.0,50.0,0.0,0.0,-1,0.0,G2_EDGE,reg.sell_ok=False  regime='med_med_flat',-1,0.0,0.0,
BNB/USDT,2191,2026-06-09 04:00:00,short,0.53841,87.8,60.0,602.4,4.44,med_med_up,False,False,False,False,False,0.0,0.0,50.0,0.0,0.0,0.0,0.0,0.0,50.0,0.0,0.0,-1,0.0,G2_EDGE,reg.sell_ok=False  regime='med_med_up',-1,0.0,0.0,
BNB/USDT,2192,2026-06-09 05:00:00,short,0.54782,87.2,60.0,603.54,4.580714,med_high_up,,,True,False,False,0.0,0.0,50.0,0.0,0.0,0.0,0.0,0.0,50.0,0.0,0.0,-1,0.0,G1_REGIME,regime='med_high_up' skipped=True reg_empty=False,-1,0.0,0.0,
BNB/USDT,2193,2026-06-09 06:00:00,short,0.53333,83.78,60.0,604.04,4.435714,med_med_up,False,False,False,False,False,0.0,0.0,50.0,0.0,0.0,0.0,0.0,0.0,50.0,0.0,0.0,-1,0.0,G2_EDGE,reg.sell_ok=False  regime='med_med_up',-1,0.0,0.0,
BNB/USDT,2194,2026-06-09 07:00:00,short,0.55242,92.7,60.0,604.23,4.31,med_med_up,False,False,False,False,False,0.0,0.0,50.0,0.0,0.0,0.0,0.0,0.0,50.0,0.0,0.0,-1,0.0,G2_EDGE,reg.sell_ok=False  regime='med_med_up',-1,0.0,0.0,
BNB/USDT,2195,2026-06-09 08:00:00,short,0.55226,80.21,60.0,601.95,4.307857,med_med_up,False,False,False,False,False,0.0,0.0,50.0,0.0,0.0,0.0,0.0,0.0,50.0,0.0,0.0,-1,0.0,G2_EDGE,reg.sell_ok=False  regime='med_med_up',-1,0.0,0.0,
BNB/USDT,2196,2026-06-09 09:00:00,short,0.54803,72.52,60.0,600.19,4.452857,med_high_flat,,,True,False,False,0.0,0.0,50.0,0.0,0.0,0.0,0.0,0.0,50.0,0.0,0.0,-1,0.0,G1_REGIME,regime='med_high_flat' skipped=True reg_empty=False,-1,0.0,0.0,
BNB/USDT,2197,2026-06-09 10:00:00,short,0.54983,74.09,60.0,600.09,4.547857,med_high_flat,,,True,False,False,0.0,0.0,50.0,0.0,0.0,0.0,0.0,0.0,50.0,0.0,0.0,-1,0.0,G1_REGIME,regime='med_high_flat' skipped=True reg_empty=False,-1,0.0,0.0,
BNB/USDT,2198,2026-06-09 11:00:00,short,0.54995,75.95,60.0,596.94,4.562143,med_high_flat,,,True,False,False,0.0,0.0,50.0,0.0,0.0,0.0,0.0,0.0,50.0,0.0,0.0,-1,0.0,G1_REGIME,regime='med_high_flat' skipped=True reg_empty=False,-1,0.0,0.0,
BNB/USDT,2199,2026-06-09 12:00:00,short,0.54935,58.86,60.0,597.46,4.577857,med_high_flat,,,True,False,False,0.0,0.0,50.0,0.0,0.0,0.0,0.0,0.0,50.0,0.0,0.0,-1,0.0,G1_REGIME,regime='med_high_flat' skipped=True reg_empty=False,-1,0.0,0.0,
BNB/USDT,2200,2026-06-09 13:00:00,short,0.55596,95.11,60.0,594.58,4.48,med_high_flat,,,True,False,False,0.0,0.0,50.0,0.0,0.0,0.0,0.0,0.0,50.0,0.0,0.0,-1,0.0,G1_REGIME,regime='med_high_flat' skipped=True reg_empty=False,-1,0.0,0.0,
BNB/USDT,2201,2026-06-09 14:00:00,short,0.51435,95.61,60.0,588.79,4.555,med_high_down,,,True,False,False,0.0,0.0,50.0,0.0,0.0,0.0,0.0,0.0,50.0,0.0,0.0,-1,0.0,G1_REGIME,regime='med_high_down' skipped=True reg_empty=False,-1,0.0,0.0,
BNB/USDT,2202,2026-06-09 15:00:00,short,0.50789,69.37,60.0,586.91,4.652143,med_high_down,,,True,False,False,0.0,0.0,50.0,0.0,0.0,0.0,0.0,0.0,50.0,0.0,0.0,-1,0.0,G1_REGIME,regime='med_high_down' skipped=True reg_empty=False,-1,0.0,0.0,
BNB/USDT,2203,2026-06-09 16:00:00,long,0.50349,100.0,60.0,588.6,4.790714,med_high_down,,,True,False,False,0.0,0.0,50.0,0.0,0.0,0.0,0.0,0.0,50.0,0.0,0.0,-1,0.0,G1_REGIME,regime='med_high_down' skipped=True reg_empty=False,-1,0.0,0.0,
BNB/USDT,2204,2026-06-09 17:00:00,short,0.516,73.94,60.0,591.65,4.948571,med_high_down,,,True,False,False,0.0,0.0,50.0,0.0,0.0,0.0,0.0,0.0,50.0,0.0,0.0,-1,0.0,G1_REGIME,regime='med_high_down' skipped=True reg_empty=False,-1,0.0,0.0,
BNB/USDT,2205,2026-06-09 18:00:00,short,0.53936,79.07,60.0,594.34,4.745,med_high_down,,,True,False,False,0.0,0.0,50.0,0.0,0.0,0.0,0.0,0.0,50.0,0.0,0.0,-1,0.0,G1_REGIME,regime='med_high_down' skipped=True reg_empty=False,-1,0.0,0.0,
BNB/USDT,2206,2026-06-09 19:00:00,short,0.5433,77.55,60.0,596.76,4.642857,med_high_down,,,True,False,False,0.0,0.0,50.0,0.0,0.0,0.0,0.0,0.0,50.0,0.0,0.0,-1,0.0,G1_REGIME,regime='med_high_down' skipped=True reg_empty=False,-1,0.0,0.0,
BNB/USDT,2207,2026-06-09 20:00:00,short,0.54037,74.4,60.0,597.04,4.655,med_high_down,,,True,False,False,0.0,0.0,50.0,0.0,0.0,0.0,0.0,0.0,50.0,0.0,0.0,-1,0.0,G1_REGIME,regime='med_high_down' skipped=True reg_empty=False,-1,0.0,0.0,
BNB/USDT,2208,2026-06-09 21:00:00,short,0.53792,78.35,60.0,594.56,4.619286,med_high_down,,,True,False,False,0.0,0.0,50.0,0.0,0.0,0.0,0.0,0.0,50.0,0.0,0.0,-1,0.0,G1_REGIME,regime='med_high_down' skipped=True reg_empty=False,-1,0.0,0.0,
BNB/USDT,2209,2026-06-09 22:00:00,short,0.53044,78.94,60.0,592.89,4.636429,med_high_down,,,True,False,False,0.0,0.0,50.0,0.0,0.0,0.0,0.0,0.0,50.0,0.0,0.0,-1,0.0,G1_REGIME,regime='med_high_down' skipped=True reg_empty=False,-1,0.0,0.0,
BNB/USDT,2210,2026-06-09 23:00:00,short,0.52378,79.59,60.0,593.44,4.549286,med_high_down,,,True,False,False,0.0,0.0,50.0,0.0,0.0,0.0,0.0,0.0,50.0,0.0,0.0,-1,0.0,G1_REGIME,regime='med_high_down' skipped=True reg_empty=False,-1,0.0,0.0,
BNB/USDT,2211,2026-06-10 00:00:00,short,0.53207,80.83,60.0,593.43,4.603571,med_high_flat,,,True,False,False,0.0,0.0,50.0,0.0,0.0,0.0,0.0,0.0,50.0,0.0,0.0,-1,0.0,G1_REGIME,regime='med_high_flat' skipped=True reg_empty=False,-1,0.0,0.0,
BNB/USDT,2212,2026-06-10 01:00:00,short,0.52207,69.36,60.0,591.76,4.575,med_high_down,,,True,False,False,0.0,0.0,50.0,0.0,0.0,0.0,0.0,0.0,50.0,0.0,0.0,-1,0.0,G1_REGIME,regime='med_high_down' skipped=True reg_empty=False,-1,0.0,0.0,
BNB/USDT,2213,2026-06-10 02:00:00,long,0.51789,81.81,60.0,586.86,4.768571,med_high_down,,,True,False,False,0.0,0.0,50.0,0.0,0.0,0.0,0.0,0.0,50.0,0.0,0.0,-1,0.0,G1_REGIME,regime='med_high_down' skipped=True reg_empty=False,-1,0.0,0.0,
BNB/USDT,2214,2026-06-10 03:00:00,long,0.51129,79.64,60.0,587.87,4.606429,med_high_down,,,True,False,False,0.0,0.0,50.0,0.0,0.0,0.0,0.0,0.0,50.0,0.0,0.0,-1,0.0,G1_REGIME,regime='med_high_down' skipped=True reg_empty=False,-1,0.0,0.0,
BNB/USDT,2215,2026-06-10 04:00:00,long,0.52357,81.12,60.0,585.39,4.122143,med_med_down,True,False,False,False,True,0.0,-0.620876890762196,56.07319665314896,0.0,0.002028,0.006,0.0,0.0,50.0,0.0,0.0,-1,0.0,G4_EV,ev=0.00203 <= floor=0.00600  meta_conf=0.5236,-1,0.0,0.0,
BNB/USDT,2216,2026-06-10 05:00:00,long,0.52921,83.57,60.0,585.52,3.958571,med_med_down,True,False,False,False,True,0.0,-0.5193311466062132,55.00538387314677,0.0,0.001959,0.006,0.0,0.0,50.0,0.0,0.0,-1,0.0,G4_EV,ev=0.00196 <= floor=0.00600  meta_conf=0.5292,-1,0.0,0.0,
BNB/USDT,2217,2026-06-10 06:00:00,long,0.52125,84.27,60.0,586.1,3.752143,med_med_down,True,False,False,False,True,0.0,-0.5027432199203925,54.38759067200561,0.0,0.001414,0.006,0.0,0.0,50.0,0.0,0.0,-1,0.0,G4_EV,ev=0.00141 <= floor=0.00600  meta_conf=0.5212,-1,0.0,0.0,
BNB/USDT,2218,2026-06-10 07:00:00,short,0.50964,70.19,60.0,588.63,3.665,med_med_down,True,False,False,False,False,0.0,0.0,50.0,0.0,0.0,0.0,0.0,0.0,50.0,0.0,0.0,-1,0.0,G2_EDGE,reg.sell_ok=False  regime='med_med_down',-1,0.0,0.0,
BNB/USDT,2219,2026-06-10 08:00:00,long,0.50941,79.74,60.0,584.68,3.720714,med_med_down,True,False,False,False,True,0.0,-0.6693845060976061,52.97760102158908,0.0,0.001042,0.006,0.0,0.0,50.0,0.0,0.0,-1,0.0,G4_EV,ev=0.00104 <= floor=0.00600  meta_conf=0.5094,-1,0.0,0.0,
BNB/USDT,2220,2026-06-10 09:00:00,long,0.51224,83.57,60.0,584.89,3.77,med_med_down,True,False,False,False,True,0.0,-0.4833998784579002,46.99449127772738,0.0,0.001189,0.006,0.0,0.0,50.0,0.0,0.0,-1,0.0,G4_EV,ev=0.00119 <= floor=0.00600  meta_conf=0.5122,-1,0.0,0.0,
BNB/USDT,2221,2026-06-10 10:00:00,long,0.51358,78.21,60.0,584.49,3.788571,med_med_down,True,False,False,False,True,0.0,-0.5617181744720905,49.22796249067427,0.0,0.001257,0.006,0.0,0.0,50.0,0.0,0.0,-1,0.0,G4_EV,ev=0.00126 <= floor=0.00600  meta_conf=0.5136,-1,0.0,0.0,
BNB/USDT,2222,2026-06-10 11:00:00,long,0.51746,85.98,60.0,583.0,3.852857,med_med_down,True,False,False,False,True,0.0,-0.6244400356534431,50.636490952068215,0.0,0.001476,0.006,0.0,0.0,50.0,0.0,0.0,-1,0.0,G4_EV,ev=0.00148 <= floor=0.00600  meta_conf=0.5175,-1,0.0,0.0,
BNB/USDT,2223,2026-06-10 12:00:00,long,0.5109,100.0,60.0,589.0,4.234286,med_med_down,True,False,False,False,True,0.0,-0.04858948188486283,53.43429669282246,0.0,0.001744,0.006,0.0,0.0,50.0,0.0,0.0,-1,0.0,G4_EV,ev=0.00174 <= floor=0.00600  meta_conf=0.5109,-1,0.0,0.0,
BNB/USDT,2224,2026-06-10 13:00:00,short,0.50271,100.0,60.0,592.87,4.655,med_high_flat,,,True,False,False,0.0,0.0,50.0,0.0,0.0,0.0,0.0,0.0,50.0,0.0,0.0,-1,0.0,G1_REGIME,regime='med_high_flat' skipped=True reg_empty=False,-1,0.0,0.0,
BNB/USDT,2225,2026-06-10 14:00:00,short,0.50969,87.42,60.0,592.99,4.593571,med_high_up,,,True,False,False,0.0,0.0,50.0,0.0,0.0,0.0,0.0,0.0,50.0,0.0,0.0,-1,0.0,G1_REGIME,regime='med_high_up' skipped=True reg_empty=False,-1,0.0,0.0,
BNB/USDT,2226,2026-06-10 15:00:00,long,0.52717,94.65,60.0,596.9,4.851429,med_high_up,,,True,False,False,0.0,0.0,50.0,0.0,0.0,0.0,0.0,0.0,50.0,0.0,0.0,-1,0.0,G1_REGIME,regime='med_high_up' skipped=True reg_empty=False,-1,0.0,0.0,
BNB/USDT,2227,2026-06-10 16:00:00,long,0.52157,72.9,60.0,592.45,4.86,med_high_flat,,,True,False,False,0.0,0.0,50.0,0.0,0.0,0.0,0.0,0.0,50.0,0.0,0.0,-1,0.0,G1_REGIME,regime='med_high_flat' skipped=True reg_empty=False,-1,0.0,0.0,
BNB/USDT,2228,2026-06-10 17:00:00,long,0.54973,74.46,60.0,590.1,5.119286,med_high_flat,,,True,False,False,0.0,0.0,50.0,0.0,0.0,0.0,0.0,0.0,50.0,0.0,0.0,-1,0.0,G1_REGIME,regime='med_high_flat' skipped=True reg_empty=False,-1,0.0,0.0,
BNB/USDT,2229,2026-06-10 18:00:00,long,0.57086,65.72,60.0,589.84,5.095,med_high_flat,,,True,False,False,0.0,0.0,50.0,0.0,0.0,0.0,0.0,0.0,50.0,0.0,0.0,-1,0.0,G1_REGIME,regime='med_high_flat' skipped=True reg_empty=False,-1,0.0,0.0,
BNB/USDT,2230,2026-06-10 19:00:00,long,0.57505,84.4,60.0,588.06,5.103571,med_high_down,,,True,False,False,0.0,0.0,50.0,0.0,0.0,0.0,0.0,0.0,50.0,0.0,0.0,-1,0.0,G1_REGIME,regime='med_high_down' skipped=True reg_empty=False,-1,0.0,0.0,
BNB/USDT,2231,2026-06-10 20:00:00,long,0.58263,86.55,60.0,587.25,5.116429,med_high_down,,,True,False,False,0.0,0.0,50.0,0.0,0.0,0.0,0.0,0.0,50.0,0.0,0.0,-1,0.0,G1_REGIME,regime='med_high_down' skipped=True reg_empty=False,-1,0.0,0.0,
BNB/USDT,2232,2026-06-10 21:00:00,long,0.52158,84.24,60.0,583.35,5.227143,med_high_down,,,True,False,False,0.0,0.0,50.0,0.0,0.0,0.0,0.0,0.0,50.0,0.0,0.0,-1,0.0,G1_REGIME,regime='med_high_down' skipped=True reg_empty=False,-1,0.0,0.0,
BNB/USDT,2233,2026-06-10 22:00:00,long,0.58416,84.18,60.0,584.0,5.153571,med_high_down,,,True,False,False,0.0,0.0,50.0,0.0,0.0,0.0,0.0,0.0,50.0,0.0,0.0,-1,0.0,G1_REGIME,regime='med_high_down' skipped=True reg_empty=False,-1,0.0,0.0,
BNB/USDT,2234,2026-06-10 23:00:00,long,0.56962,63.73,60.0,586.53,5.155,med_high_down,,,True,False,False,0.0,0.0,50.0,0.0,0.0,0.0,0.0,0.0,50.0,0.0,0.0,-1,0.0,G1_REGIME,regime='med_high_down' skipped=True reg_empty=False,-1,0.0,0.0,
BNB/USDT,2235,2026-06-11 00:00:00,long,0.62275,68.15,60.0,589.02,5.202857,med_high_flat,,,True,False,False,0.0,0.0,50.0,0.0,0.0,0.0,0.0,0.0,50.0,0.0,0.0,-1,0.0,G1_REGIME,regime='med_high_flat' skipped=True reg_empty=False,-1,0.0,0.0,
BNB/USDT,2236,2026-06-11 01:00:00,long,0.61947,53.19,60.0,593.01,5.269286,med_high_flat,,,True,False,False,0.0,0.0,50.0,0.0,0.0,0.0,0.0,0.0,50.0,0.0,0.0,-1,0.0,G1_REGIME,regime='med_high_flat' skipped=True reg_empty=False,-1,0.0,0.0,
BNB/USDT,2237,2026-06-11 02:00:00,long,0.60347,51.19,60.0,592.35,4.899286,med_high_up,,,True,False,False,0.0,0.0,50.0,0.0,0.0,0.0,0.0,0.0,50.0,0.0,0.0,-1,0.0,G1_REGIME,regime='med_high_up' skipped=True reg_empty=False,-1,0.0,0.0,
BNB/USDT,2238,2026-06-11 03:00:00,long,0.52508,57.97,60.0,596.43,4.711429,med_high_up,,,True,False,False,0.0,0.0,50.0,0.0,0.0,0.0,0.0,0.0,50.0,0.0,0.0,-1,0.0,G1_REGIME,regime='med_high_up' skipped=True reg_empty=False,-1,0.0,0.0,
BNB/USDT,2239,2026-06-11 04:00:00,long,0.53529,52.78,60.0,595.14,4.610714,med_high_up,,,True,False,False,0.0,0.0,50.0,0.0,0.0,0.0,0.0,0.0,50.0,0.0,0.0,-1,0.0,G1_REGIME,regime='med_high_up' skipped=True reg_empty=False,-1,0.0,0.0,
BNB/USDT,2240,2026-06-11 05:00:00,long,0.54506,51.46,60.0,594.35,4.236429,med_med_up,False,False,False,False,False,0.0,0.0,50.0,0.0,0.0,0.0,0.0,0.0,50.0,0.0,0.0,-1,0.0,G2_EDGE,reg.buy_ok=False  regime='med_med_up',-1,0.0,0.0,
BNB/USDT,2241,2026-06-11 06:00:00,long,0.5529,51.13,60.0,596.08,4.037857,med_med_up,False,False,False,False,False,0.0,0.0,50.0,0.0,0.0,0.0,0.0,0.0,50.0,0.0,0.0,-1,0.0,G2_EDGE,reg.buy_ok=False  regime='med_med_up',-1,0.0,0.0,
BNB/USDT,2242,2026-06-11 07:00:00,long,0.55125,51.98,60.0,598.21,3.802857,med_med_up,False,False,False,False,False,0.0,0.0,50.0,0.0,0.0,0.0,0.0,0.0,50.0,0.0,0.0,-1,0.0,G2_EDGE,reg.buy_ok=False  regime='med_med_up',-1,0.0,0.0,
BNB/USDT,2243,2026-06-11 08:00:00,long,0.63316,98.51,60.0,601.2,3.936429,med_med_up,False,False,False,False,False,0.0,0.0,50.0,0.0,0.0,0.0,0.0,0.0,50.0,0.0,0.0,-1,0.0,G2_EDGE,reg.buy_ok=False  regime='med_med_up',-1,0.0,0.0,
BNB/USDT,2244,2026-06-11 09:00:00,long,0.62462,65.72,60.0,600.57,3.889286,med_med_up,False,False,False,False,False,0.0,0.0,50.0,0.0,0.0,0.0,0.0,0.0,50.0,0.0,0.0,-1,0.0,G2_EDGE,reg.buy_ok=False  regime='med_med_up',-1,0.0,0.0,
BNB/USDT,2245,2026-06-11 10:00:00,long,0.59373,67.65,60.0,599.86,3.842857,med_med_up,False,False,False,False,False,0.0,0.0,50.0,0.0,0.0,0.0,0.0,0.0,50.0,0.0,0.0,-1,0.0,G2_EDGE,reg.buy_ok=False  regime='med_med_up',-1,0.0,0.0,
BNB/USDT,2246,2026-06-11 11:00:00,long,0.60566,67.13,60.0,600.63,3.777857,med_med_up,False,False,False,False,False,0.0,0.0,50.0,0.0,0.0,0.0,0.0,0.0,50.0,0.0,0.0,-1,0.0,G2_EDGE,reg.buy_ok=False  regime='med_med_up',-1,0.0,0.0,
BNB/USDT,2247,2026-06-11 12:00:00,long,0.55897,69.74,60.0,599.88,3.788571,med_med_up,False,False,False,False,False,0.0,0.0,50.0,0.0,0.0,0.0,0.0,0.0,50.0,0.0,0.0,-1,0.0,G2_EDGE,reg.buy_ok=False  regime='med_med_up',-1,0.0,0.0,
BNB/USDT,2248,2026-06-11 13:00:00,long,0.60383,66.32,60.0,601.64,3.820714,med_med_up,False,False,False,False,False,0.0,0.0,50.0,0.0,0.0,0.0,0.0,0.0,50.0,0.0,0.0,-1,0.0,G2_EDGE,reg.buy_ok=False  regime='med_med_up',-1,0.0,0.0,
BNB/USDT,2249,2026-06-11 14:00:00,long,0.54065,71.5,60.0,598.85,3.868571,med_med_up,False,False,False,False,False,0.0,0.0,50.0,0.0,0.0,0.0,0.0,0.0,50.0,0.0,0.0,-1,0.0,G2_EDGE,reg.buy_ok=False  regime='med_med_up',-1,0.0,0.0,
BNB/USDT,2250,2026-06-11 15:00:00,long,0.54159,71.82,60.0,598.48,3.698571,med_med_flat,True,False,False,True,False,0.0,0.40429544525702493,52.451056678407745,0.0,0.001792,0.006,0.0,0.0,50.0,0.0,0.0,-1,0.0,G4_EV,ev=0.00179 <= floor=0.00600  meta_conf=0.5416,-1,0.0,0.0,
BNB/USDT,2251,2026-06-11 16:00:00,long,0.51542,69.97,60.0,598.39,3.611429,med_med_up,False,False,False,False,False,0.0,0.0,50.0,0.0,0.0,0.0,0.0,0.0,50.0,0.0,0.0,-1,0.0,G2_EDGE,reg.buy_ok=False  regime='med_med_up',-1,0.0,0.0,
BNB/USDT,2252,2026-06-11 17:00:00,long,0.58133,97.41,60.0,605.82,3.872143,med_med_up,False,False,False,False,False,0.0,0.0,50.0,0.0,0.0,0.0,0.0,0.0,50.0,0.0,0.0,-1,0.0,G2_EDGE,reg.buy_ok=False  regime='med_med_up',-1,0.0,0.0,
BNB/USDT,2253,2026-06-11 18:00:00,long,0.57803,73.54,60.0,604.67,3.977143,med_med_up,False,False,False,False,False,0.0,0.0,50.0,0.0,0.0,0.0,0.0,0.0,50.0,0.0,0.0,-1,0.0,G2_EDGE,reg.buy_ok=False  regime='med_med_up',-1,0.0,0.0,
BNB/USDT,2254,2026-06-11 19:00:00,long,0.59052,65.82,60.0,604.46,4.115,med_med_up,False,False,False,False,False,0.0,0.0,50.0,0.0,0.0,0.0,0.0,0.0,50.0,0.0,0.0,-1,0.0,G2_EDGE,reg.buy_ok=False  regime='med_med_up',-1,0.0,0.0,
BNB/USDT,2255,2026-06-11 20:00:00,long,0.57648,69.63,60.0,602.5,4.132857,med_med_up,False,False,False,False,False,0.0,0.0,50.0,0.0,0.0,0.0,0.0,0.0,50.0,0.0,0.0,-1,0.0,G2_EDGE,reg.buy_ok=False  regime='med_med_up',-1,0.0,0.0,
BNB/USDT,2256,2026-06-11 21:00:00,long,0.57991,72.55,60.0,603.28,4.08,med_med_up,False,False,False,False,False,0.0,0.0,50.0,0.0,0.0,0.0,0.0,0.0,50.0,0.0,0.0,-1,0.0,G2_EDGE,reg.buy_ok=False  regime='med_med_up',-1,0.0,0.0,
BNB/USDT,2257,2026-06-11 22:00:00,long,0.58079,68.73,60.0,603.5,3.801429,med_med_up,False,False,False,False,False,0.0,0.0,50.0,0.0,0.0,0.0,0.0,0.0,50.0,0.0,0.0,-1,0.0,G2_EDGE,reg.buy_ok=False  regime='med_med_up',-1,0.0,0.0,
BNB/USDT,2258,2026-06-11 23:00:00,long,0.58313,74.88,60.0,605.76,3.895,med_med_up,False,False,False,False,False,0.0,0.0,50.0,0.0,0.0,0.0,0.0,0.0,50.0,0.0,0.0,-1,0.0,G2_EDGE,reg.buy_ok=False  regime='med_med_up',-1,0.0,0.0,
BNB/USDT,2259,2026-06-12 00:00:00,long,0.58514,70.95,60.0,604.19,3.887857,med_med_up,False,False,False,False,False,0.0,0.0,50.0,0.0,0.0,0.0,0.0,0.0,50.0,0.0,0.0,-1,0.0,G2_EDGE,reg.buy_ok=False  regime='med_med_up',-1,0.0,0.0,
BNB/USDT,2260,2026-06-12 01:00:00,long,0.58551,68.95,60.0,601.8,3.797857,med_med_up,False,False,False,False,False,0.0,0.0,50.0,0.0,0.0,0.0,0.0,0.0,50.0,0.0,0.0,-1,0.0,G2_EDGE,reg.buy_ok=False  regime='med_med_up',-1,0.0,0.0,
BNB/USDT,2261,2026-06-12 02:00:00,long,0.58449,76.64,60.0,604.8,3.837143,med_med_up,False,False,False,False,False,0.0,0.0,50.0,0.0,0.0,0.0,0.0,0.0,50.0,0.0,0.0,-1,0.0,G2_EDGE,reg.buy_ok=False  regime='med_med_up',-1,0.0,0.0,
BNB/USDT,2262,2026-06-12 03:00:00,long,0.58779,70.75,60.0,602.24,3.694286,med_med_up,False,False,False,False,False,0.0,0.0,50.0,0.0,0.0,0.0,0.0,0.0,50.0,0.0,0.0,-1,0.0,G2_EDGE,reg.buy_ok=False  regime='med_med_up',-1,0.0,0.0,
BNB/USDT,2263,2026-06-12 04:00:00,long,0.57774,72.95,60.0,603.53,3.619286,med_med_up,False,False,False,False,False,0.0,0.0,50.0,0.0,0.0,0.0,0.0,0.0,50.0,0.0,0.0,-1,0.0,G2_EDGE,reg.buy_ok=False  regime='med_med_up',-1,0.0,0.0,
BNB/USDT,2264,2026-06-12 05:00:00,long,0.58828,76.48,60.0,600.61,3.647857,med_med_up,False,False,False,False,False,0.0,0.0,50.0,0.0,0.0,0.0,0.0,0.0,50.0,0.0,0.0,-1,0.0,G2_EDGE,reg.buy_ok=False  regime='med_med_up',-1,0.0,0.0,
BNB/USDT,2265,2026-06-12 06:00:00,long,0.61599,89.49,60.0,598.15,3.851429,med_med_flat,True,False,False,False,True,0.0,-0.3097996347929972,59.417030221737534,0.0,0.00419,0.006,0.0,0.0,50.0,0.0,0.0,-1,0.0,G4_EV,ev=0.00419 <= floor=0.00600  meta_conf=0.6160,-1,0.0,0.0,
BNB/USDT,2266,2026-06-12 07:00:00,long,0.5733,78.54,60.0,599.82,3.375,med_med_flat,True,False,False,True,True,0.0,-0.204391805365401,60.95863576747803,0.0,0.002076,0.006,0.0,0.0,50.0,0.0,0.0,-1,0.0,G4_EV,ev=0.00208 <= floor=0.00600  meta_conf=0.5733,-1,0.0,0.0,
BNB/USDT,2267,2026-06-12 08:00:00,long,0.5913,76.73,60.0,605.23,3.533571,med_med_flat,True,False,False,True,False,0.0,0.4466398952968371,63.42271884228552,0.0,0.002778,0.006,0.0,0.0,50.0,0.0,0.0,-1,0.0,G4_EV,ev=0.00278 <= floor=0.00600  meta_conf=0.5913,-1,0.0,0.0,
BNB/USDT,2268,2026-06-12 09:00:00,long,0.5878,75.49,60.0,606.96,3.5,med_med_up,False,False,False,False,False,0.0,0.0,50.0,0.0,0.0,0.0,0.0,0.0,50.0,0.0,0.0,-1,0.0,G2_EDGE,reg.buy_ok=False  regime='med_med_up',-1,0.0,0.0,
BNB/USDT,2269,2026-06-12 10:00:00,long,0.57815,72.79,60.0,605.98,3.456429,low_med_up,False,False,False,False,False,0.0,0.0,50.0,0.0,0.0,0.0,0.0,0.0,50.0,0.0,0.0,-1,0.0,G2_EDGE,reg.buy_ok=False  regime='low_med_up',-1,0.0,0.0,
BNB/USDT,2270,2026-06-12 11:00:00,long,0.58158,58.43,60.0,606.65,3.483571,low_med_up,False,False,False,False,False,0.0,0.0,50.0,0.0,0.0,0.0,0.0,0.0,50.0,0.0,0.0,-1,0.0,G2_EDGE,reg.buy_ok=False  regime='low_med_up',-1,0.0,0.0,
BNB/USDT,2271,2026-06-12 12:00:00,long,0.57257,57.47,60.0,606.36,3.487857,low_med_up,False,False,False,False,False,0.0,0.0,50.0,0.0,0.0,0.0,0.0,0.0,50.0,0.0,0.0,-1,0.0,G2_EDGE,reg.buy_ok=False  regime='low_med_up',-1,0.0,0.0,
BNB/USDT,2272,2026-06-12 13:00:00,long,0.58429,59.35,60.0,605.29,3.475714,low_med_flat,False,False,False,False,False,0.0,0.0,50.0,0.0,0.0,0.0,0.0,0.0,50.0,0.0,0.0,-1,0.0,G2_EDGE,reg.buy_ok=False  regime='low_med_flat',-1,0.0,0.0,
BNB/USDT,2273,2026-06-12 14:00:00,long,0.59145,78.05,60.0,609.54,3.692143,med_med_up,False,False,False,False,False,0.0,0.0,50.0,0.0,0.0,0.0,0.0,0.0,50.0,0.0,0.0,-1,0.0,G2_EDGE,reg.buy_ok=False  regime='med_med_up',-1,0.0,0.0,
BNB/USDT,2274,2026-06-12 15:00:00,long,0.58875,73.62,60.0,605.34,4.076429,med_med_up,False,False,False,False,False,0.0,0.0,50.0,0.0,0.0,0.0,0.0,0.0,50.0,0.0,0.0,-1,0.0,G2_EDGE,reg.buy_ok=False  regime='med_med_up',-1,0.0,0.0,
BNB/USDT,2275,2026-06-12 16:00:00,long,0.59127,55.0,60.0,608.51,4.075714,med_med_up,False,False,False,False,False,0.0,0.0,50.0,0.0,0.0,0.0,0.0,0.0,50.0,0.0,0.0,-1,0.0,G2_EDGE,reg.buy_ok=False  regime='med_med_up',-1,0.0,0.0,
BNB/USDT,2276,2026-06-12 17:00:00,long,0.58967,50.47,60.0,606.87,4.137857,med_med_flat,True,False,False,False,False,0.0,0.0,50.0,0.0,0.0,0.0,0.0,0.0,50.0,0.0,0.0,-1,0.0,G2_EDGE,edge=50.5 < thr=60.0,-1,0.0,0.0,
BNB/USDT,2277,2026-06-12 18:00:00,long,0.58134,48.83,60.0,605.86,4.084286,med_med_flat,True,False,False,False,False,0.0,0.0,50.0,0.0,0.0,0.0,0.0,0.0,50.0,0.0,0.0,-1,0.0,G2_EDGE,edge=48.8 < thr=60.0,-1,0.0,0.0,
BNB/USDT,2278,2026-06-12 19:00:00,long,0.56166,65.43,60.0,603.45,4.127857,med_med_flat,True,False,False,False,True,0.0,-0.050548996196374416,43.050526205459974,0.0,0.003028,0.006,0.0,0.0,50.0,0.0,0.0,-1,0.0,G4_EV,ev=0.00303 <= floor=0.00600  meta_conf=0.5617,-1,0.0,0.0,
BNB/USDT,2279,2026-06-12 20:00:00,long,0.56064,62.96,60.0,602.85,3.877857,med_med_flat,True,False,False,False,True,0.0,-0.15992474102752635,46.685680442484795,0.0,0.00258,0.006,0.0,0.0,50.0,0.0,0.0,-1,0.0,G4_EV,ev=0.00258 <= floor=0.00600  meta_conf=0.5606,-1,0.0,0.0,
BNB/USDT,2280,2026-06-12 21:00:00,long,0.56632,65.04,60.0,603.56,3.798571,med_med_flat,True,False,False,False,True,0.0,0.0024201915789145503,51.37649558472472,0.0,0.002598,0.006,0.0,0.0,50.0,0.0,0.0,-1,0.0,G4_EV,ev=0.00260 <= floor=0.00600  meta_conf=0.5663,-1,0.0,0.0,
BNB/USDT,2281,2026-06-12 22:00:00,long,0.54769,60.53,60.0,602.97,3.475714,med_med_flat,True,False,False,False,True,0.0,-0.35748912915475034,59.19646983945331,0.0,0.00156,0.006,0.0,0.0,50.0,0.0,0.0,-1,0.0,G4_EV,ev=0.00156 <= floor=0.00600  meta_conf=0.5477,-1,0.0,0.0,
BNB/USDT,2282,2026-06-12 23:00:00,long,0.55113,62.41,60.0,603.83,3.366429,low_med_flat,False,False,False,False,False,0.0,0.0,50.0,0.0,0.0,0.0,0.0,0.0,50.0,0.0,0.0,-1,0.0,G2_EDGE,reg.buy_ok=False  regime='low_med_flat',-1,0.0,0.0,
BNB/USDT,2283,2026-06-13 00:00:00,long,0.55774,54.48,60.0,604.88,3.265,low_med_flat,False,False,False,False,False,0.0,0.0,50.0,0.0,0.0,0.0,0.0,0.0,50.0,0.0,0.0,-1,0.0,G2_EDGE,reg.buy_ok=False  regime='low_med_flat',-1,0.0,0.0,
BNB/USDT,2284,2026-06-13 01:00:00,long,0.56047,45.01,60.0,606.08,3.24,low_med_up,False,False,False,False,False,0.0,0.0,50.0,0.0,0.0,0.0,0.0,0.0,50.0,0.0,0.0,-1,0.0,G2_EDGE,reg.buy_ok=False  regime='low_med_up',-1,0.0,0.0,
BNB/USDT,2285,2026-06-13 02:00:00,long,0.55995,64.79,60.0,603.72,3.314286,low_med_flat,False,False,False,False,False,0.0,0.0,50.0,0.0,0.0,0.0,0.0,0.0,50.0,0.0,0.0,-1,0.0,G2_EDGE,reg.buy_ok=False  regime='low_med_flat',-1,0.0,0.0,
BNB/USDT,2286,2026-06-13 03:00:00,long,0.57159,84.2,60.0,600.37,3.417143,med_med_flat,True,False,False,False,True,0.0,-0.4472007861698689,49.522762042581824,0.0,0.002103,0.006,0.0,0.0,50.0,0.0,0.0,-1,0.0,G4_EV,ev=0.00210 <= floor=0.00600  meta_conf=0.5716,-1,0.0,0.0,
BNB/USDT,2287,2026-06-13 04:00:00,long,0.56527,61.99,60.0,599.55,3.167857,med_med_flat,True,False,False,False,True,0.0,-0.610165971697106,49.13840008448917,0.0,0.001515,0.006,0.0,0.0,50.0,0.0,0.0,-1,0.0,G4_EV,ev=0.00151 <= floor=0.00600  meta_conf=0.5653,-1,0.0,0.0,
BNB/USDT,2288,2026-06-13 05:00:00,long,0.54539,61.41,60.0,600.56,2.650714,med_low_flat,True,True,False,False,True,0.0,-0.4742472890804154,60.45797881862496,0.0,0.000212,0.006,0.0,0.0,50.0,0.0,0.0,-1,0.0,G4_EV,ev=0.00021 <= floor=0.00600  meta_conf=0.5454,-1,0.0,0.0,
BNB/USDT,2289,2026-06-13 06:00:00,short,0.50117,49.42,60.0,602.7,2.520714,med_low_up,True,False,False,False,False,0.0,0.0,50.0,0.0,0.0,0.0,0.0,0.0,50.0,0.0,0.0,-1,0.0,G2_EDGE,reg.sell_ok=False  regime='med_low_up',-1,0.0,0.0,
BNB/USDT,2290,2026-06-13 07:00:00,short,0.50696,46.73,60.0,603.27,2.414286,low_low_flat,True,True,False,False,False,0.0,0.0,50.0,0.0,0.0,0.0,0.0,0.0,50.0,0.0,0.0,-1,0.0,G2_EDGE,edge=46.7 < thr=60.0,-1,0.0,0.0,
BNB/USDT,2291,2026-06-13 08:00:00,short,0.50066,48.11,60.0,603.88,2.372857,low_low_flat,True,True,False,False,False,0.0,0.0,50.0,0.0,0.0,0.0,0.0,0.0,50.0,0.0,0.0,-1,0.0,G2_EDGE,edge=48.1 < thr=60.0,-1,0.0,0.0,
BNB/USDT,2292,2026-06-13 09:00:00,short,0.51313,46.89,60.0,603.77,2.188571,low_low_flat,True,True,False,False,False,0.0,0.0,50.0,0.0,0.0,0.0,0.0,0.0,50.0,0.0,0.0,-1,0.0,G2_EDGE,edge=46.9 < thr=60.0,-1,0.0,0.0,
BNB/USDT,2293,2026-06-13 10:00:00,long,0.52278,56.68,60.0,604.97,2.200714,low_low_flat,True,True,False,False,False,0.0,0.0,50.0,0.0,0.0,0.0,0.0,0.0,50.0,0.0,0.0,-1,0.0,G2_EDGE,edge=56.7 < thr=60.0,-1,0.0,0.0,
BNB/USDT,2294,2026-06-13 11:00:00,long,0.52806,61.4,60.0,606.67,2.234286,low_low_flat,True,True,False,True,True,0.0,0.5447669668901292,60.072221355024986,0.0,-0.000773,0.006,0.0,0.0,50.0,0.0,0.0,-1,0.0,G4_EV,ev=-0.00077 <= floor=0.00600  meta_conf=0.5281,-1,0.0,0.0,
BNB/USDT,2295,2026-06-13 12:00:00,long,0.60177,61.48,60.0,608.9,2.315714,low_low_flat,True,True,False,True,False,0.0,0.6433147972714968,52.51870950988984,0.0,0.000594,0.006,0.0,0.0,50.0,0.0,0.0,-1,0.0,G4_EV,ev=0.00059 <= floor=0.00600  meta_conf=0.6018,-1,0.0,0.0,
BNB/USDT,2296,2026-06-13 13:00:00,long,0.56199,57.55,60.0,608.61,2.332857,low_low_flat,True,True,False,False,False,0.0,0.0,50.0,0.0,0.0,0.0,0.0,0.0,50.0,0.0,0.0,-1,0.0,G2_EDGE,edge=57.6 < thr=60.0,-1,0.0,0.0,
BNB/USDT,2297,2026-06-13 14:00:00,long,0.59294,57.53,60.0,610.45,2.393571,low_low_flat,True,True,False,False,False,0.0,0.0,50.0,0.0,0.0,0.0,0.0,0.0,50.0,0.0,0.0,-1,0.0,G2_EDGE,edge=57.5 < thr=60.0,-1,0.0,0.0,
BNB/USDT,2298,2026-06-13 15:00:00,long,0.55676,72.61,60.0,610.37,2.342857,low_low_up,False,True,False,False,False,0.0,0.0,50.0,0.0,0.0,0.0,0.0,0.0,50.0,0.0,0.0,-1,0.0,G2_EDGE,reg.buy_ok=False  regime='low_low_up',-1,0.0,0.0,
BNB/USDT,2299,2026-06-13 16:00:00,long,0.55031,72.22,60.0,608.9,2.355714,low_low_flat,True,True,False,True,False,0.0,0.538852699190321,41.25938015853402,0.0,-0.000223,0.006,0.0,0.0,50.0,0.0,0.0,-1,0.0,G4_EV,ev=-0.00022 <= floor=0.00600  meta_conf=0.5503,-1,0.0,0.0,
BNB/USDT,2300,2026-06-13 17:00:00,long,0.54018,69.03,60.0,607.09,2.16,low_low_flat,True,True,False,True,True,0.0,0.477926488472832,40.35642472147086,0.0,-0.000688,0.006,0.0,0.0,50.0,0.0,0.0,-1,0.0,G4_EV,ev=-0.00069 <= floor=0.00600  meta_conf=0.5402,-1,0.0,0.0,
BNB/USDT,2301,2026-06-13 18:00:00,long,0.5414,67.36,60.0,607.81,2.147857,low_low_flat,True,True,False,True,True,0.0,0.5756770031807118,39.19008848428531,0.0,-0.000691,0.006,0.0,0.0,50.0,0.0,0.0,-1,0.0,G4_EV,ev=-0.00069 <= floor=0.00600  meta_conf=0.5414,-1,0.0,0.0,
BNB/USDT,2302,2026-06-13 19:00:00,long,0.54172,57.95,60.0,608.48,2.170714,low_low_up,False,True,False,False,False,0.0,0.0,50.0,0.0,0.0,0.0,0.0,0.0,50.0,0.0,0.0,-1,0.0,G2_EDGE,reg.buy_ok=False  regime='low_low_up',-1,0.0,0.0,
BNB/USDT,2303,2026-06-13 20:00:00,long,0.52587,58.22,60.0,608.99,2.118571,low_low_up,False,True,False,False,False,0.0,0.0,50.0,0.0,0.0,0.0,0.0,0.0,50.0,0.0,0.0,-1,0.0,G2_EDGE,reg.buy_ok=False  regime='low_low_up',-1,0.0,0.0,
BNB/USDT,2304,2026-06-13 21:00:00,long,0.5452,61.97,60.0,609.77,2.231429,low_low_up,False,True,False,False,False,0.0,0.0,50.0,0.0,0.0,0.0,0.0,0.0,50.0,0.0,0.0,-1,0.0,G2_EDGE,reg.buy_ok=False  regime='low_low_up',-1,0.0,0.0,
BNB/USDT,2305,2026-06-13 22:00:00,long,0.52294,67.96,60.0,609.09,2.207857,low_low_up,False,True,False,False,False,0.0,0.0,50.0,0.0,0.0,0.0,0.0,0.0,50.0,0.0,0.0,-1,0.0,G2_EDGE,reg.buy_ok=False  regime='low_low_up',-1,0.0,0.0,
BNB/USDT,2306,2026-06-13 23:00:00,long,0.51926,58.66,60.0,609.65,2.26,low_low_up,False,True,False,False,False,0.0,0.0,50.0,0.0,0.0,0.0,0.0,0.0,50.0,0.0,0.0,-1,0.0,G2_EDGE,reg.buy_ok=False  regime='low_low_up',-1,0.0,0.0,
BNB/USDT,2307,2026-06-14 00:00:00,long,0.50397,66.92,60.0,609.47,2.203571,low_low_up,False,True,False,False,False,0.0,0.0,50.0,0.0,0.0,0.0,0.0,0.0,50.0,0.0,0.0,-1,0.0,G2_EDGE,reg.buy_ok=False  regime='low_low_up',-1,0.0,0.0,
BNB/USDT,2308,2026-06-14 01:00:00,long,0.50413,70.04,60.0,609.26,2.157143,low_low_flat,True,True,False,True,False,0.0,0.39176687180285535,61.65234799523099,0.0,-0.001279,0.006,0.0,0.0,50.0,0.0,0.0,-1,0.0,G4_EV,ev=-0.00128 <= floor=0.00600  meta_conf=0.5041,-1,0.0,0.0,
BNB/USDT,2309,2026-06-14 02:00:00,short,0.53493,81.06,60.0,609.33,2.064286,low_low_up,False,True,False,True,False,0.0,0.3685022504637802,64.75098138999451,0.0,-0.000927,0.006,0.0,0.0,50.0,0.0,0.0,-1,0.0,G4_EV,ev=-0.00093 <= floor=0.00600  meta_conf=0.5349,-1,0.0,0.0,
BNB/USDT,2310,2026-06-14 03:00:00,long,0.50792,73.57,60.0,610.04,2.032143,low_low_up,False,True,False,False,False,0.0,0.0,50.0,0.0,0.0,0.0,0.0,0.0,50.0,0.0,0.0,-1,0.0,G2_EDGE,reg.buy_ok=False  regime='low_low_up',-1,0.0,0.0,
BNB/USDT,2311,2026-06-14 04:00:00,short,0.53847,90.48,60.0,608.81,1.997143,low_low_up,False,True,False,True,False,0.0,0.15811376504103258,63.893211095205636,0.0,-0.000972,0.006,0.0,0.0,50.0,0.0,0.0,-1,0.0,G4_EV,ev=-0.00097 <= floor=0.00600  meta_conf=0.5385,-1,0.0,0.0,
BNB/USDT,2312,2026-06-14 05:00:00,short,0.52995,85.29,60.0,610.15,1.977857,low_low_up,False,True,False,True,False,0.0,0.37938436133719855,63.43624602854568,0.0,-0.001132,0.006,0.0,0.0,50.0,0.0,0.0,-1,0.0,G4_EV,ev=-0.00113 <= floor=0.00600  meta_conf=0.5300,-1,0.0,0.0,
BNB/USDT,2313,2026-06-14 06:00:00,long,0.51024,71.99,60.0,611.32,1.903571,low_low_up,False,True,False,False,False,0.0,0.0,50.0,0.0,0.0,0.0,0.0,0.0,50.0,0.0,0.0,-1,0.0,G2_EDGE,reg.buy_ok=False  regime='low_low_up',-1,0.0,0.0,
BNB/USDT,2314,2026-06-14 07:00:00,short,0.513,74.38,60.0,610.31,1.850714,low_low_up,False,True,False,True,True,0.0,0.49662041512051636,65.25230813722098,0.0,-0.001548,0.006,0.0,0.0,50.0,0.0,0.0,-1,0.0,G4_EV,ev=-0.00155 <= floor=0.00600  meta_conf=0.5130,-1,0.0,0.0,
BNB/USDT,2315,2026-06-14 08:00:00,short,0.51307,69.84,60.0,610.54,1.843571,low_low_up,False,True,False,True,True,0.0,0.5782747705948232,66.7854429721667,0.0,-0.001558,0.006,0.0,0.0,50.0,0.0,0.0,-1,0.0,G4_EV,ev=-0.00156 <= floor=0.00600  meta_conf=0.5131,-1,0.0,0.0,
BNB/USDT,2316,2026-06-14 09:00:00,long,0.52171,100.0,60.0,611.86,1.972857,low_low_up,False,True,False,False,False,0.0,0.0,50.0,0.0,0.0,0.0,0.0,0.0,50.0,0.0,0.0,-1,0.0,G2_EDGE,reg.buy_ok=False  regime='low_low_up',-1,0.0,0.0,
BNB/USDT,2317,2026-06-14 10:00:00,short,0.50831,90.91,60.0,611.09,1.997143,low_low_up,False,True,False,True,True,0.0,0.532273748269797,65.98766273847178,0.0,-0.001427,0.006,0.0,0.0,50.0,0.0,0.0,-1,0.0,G4_EV,ev=-0.00143 <= floor=0.00600  meta_conf=0.5083,-1,0.0,0.0,
BNB/USDT,2318,2026-06-14 11:00:00,long,0.5174,87.45,60.0,612.26,1.86,low_low_up,False,True,False,False,False,0.0,0.0,50.0,0.0,0.0,0.0,0.0,0.0,50.0,0.0,0.0,-1,0.0,G2_EDGE,reg.buy_ok=False  regime='low_low_up',-1,0.0,0.0,
BNB/USDT,2319,2026-06-14 12:00:00,short,0.50198,91.44,60.0,611.26,1.934286,low_low_flat,True,True,False,True,True,0.0,0.48858564344533645,65.1263390563006,0.0,-0.001599,0.006,0.0,0.0,50.0,0.0,0.0,-1,0.0,G4_EV,ev=-0.00160 <= floor=0.00600  meta_conf=0.5020,-1,0.0,0.0,
BNB/USDT,2320,2026-06-14 13:00:00,long,0.50379,100.0,60.0,611.31,1.87,low_low_flat,True,True,False,True,True,0.0,0.5156449367073461,64.59587874294226,0.0,-0.001654,0.006,0.0,0.0,50.0,0.0,0.0,-1,0.0,G4_EV,ev=-0.00165 <= floor=0.00600  meta_conf=0.5038,-1,0.0,0.0,
BNB/USDT,2321,2026-06-14 14:00:00,long,0.50946,91.99,60.0,605.85,2.244286,low_low_flat,True,True,False,True,True,0.0,-0.47752162510725,48.56628555540276,-1.0,-0.001064,0.006,0.0,0.0,50.0,0.0,0.0,-1,0.0,G4_EV,ev=-0.00106 <= floor=0.00600  meta_conf=0.5095,-1,0.0,0.0,
BNB/USDT,2322,2026-06-14 15:00:00,short,0.53351,86.11,60.0,608.15,2.29,low_low_flat,True,True,False,True,True,0.0,-0.355177639500553,48.74756088002318,0.0,-0.000608,0.006,0.0,0.0,50.0,0.0,0.0,-1,0.0,G4_EV,ev=-0.00061 <= floor=0.00600  meta_conf=0.5335,-1,0.0,0.0,
BNB/USDT,2323,2026-06-14 16:00:00,long,0.50509,72.05,60.0,606.2,2.377143,low_low_flat,True,True,False,True,True,0.0,-0.5709910039705725,49.17104036826165,0.0,-0.000969,0.006,0.0,0.0,50.0,0.0,0.0,-1,0.0,G4_EV,ev=-0.00097 <= floor=0.00600  meta_conf=0.5051,-1,0.0,0.0,
BNB/USDT,2324,2026-06-14 17:00:00,long,0.52423,70.55,60.0,604.19,2.515,low_low_flat,True,True,False,True,True,0.0,-0.7168133811707983,43.72877675351423,-1.0,-0.000424,0.006,0.0,0.0,50.0,0.0,0.0,-1,0.0,G4_EV,ev=-0.00042 <= floor=0.00600  meta_conf=0.5242,-1,0.0,0.0,
BNB/USDT,2325,2026-06-14 18:00:00,short,0.51274,84.31,60.0,604.4,2.494286,low_low_flat,True,True,False,True,True,0.0,-0.5900088282777592,42.61827492345706,0.0,-0.000668,0.006,0.0,0.0,50.0,0.0,0.0,-1,0.0,G4_EV,ev=-0.00067 <= floor=0.00600  meta_conf=0.5127,-1,0.0,0.0,
BNB/USDT,2326,2026-06-14 19:00:00,long,0.53888,81.28,60.0,603.28,2.537857,low_low_flat,True,True,False,False,True,0.0,-0.6869401930448376,40.67212291977274,-1.0,-0.000109,0.006,0.0,0.0,50.0,0.0,0.0,-1,0.0,G4_EV,ev=-0.00011 <= floor=0.00600  meta_conf=0.5389,-1,0.0,0.0,
BNB/USDT,2327,2026-06-14 20:00:00,long,0.5409,68.97,60.0,604.92,2.617143,low_low_flat,True,True,False,True,True,0.0,-0.4938402418655075,41.237526142300176,0.0,4.1e-05,0.006,0.0,0.0,50.0,0.0,0.0,-1,0.0,G4_EV,ev=0.00004 <= floor=0.00600  meta_conf=0.5409,-1,0.0,0.0,
BNB/USDT,2328,2026-06-14 21:00:00,long,0.60085,94.59,60.0,614.58,3.381429,low_med_up,False,False,False,False,False,0.0,0.0,50.0,0.0,0.0,0.0,0.0,0.0,50.0,0.0,0.0,-1,0.0,G2_EDGE,reg.buy_ok=False  regime='low_med_up',-1,0.0,0.0,
BNB/USDT,2329,2026-06-14 22:00:00,long,0.60335,93.69,60.0,614.11,3.623571,med_med_up,False,False,False,False,False,0.0,0.0,50.0,0.0,0.0,0.0,0.0,0.0,50.0,0.0,0.0,-1,0.0,G2_EDGE,reg.buy_ok=False  regime='med_med_up',-1,0.0,0.0,
BNB/USDT,2330,2026-06-14 23:00:00,long,0.58552,75.26,60.0,616.79,3.688571,med_med_up,False,False,False,False,False,0.0,0.0,50.0,0.0,0.0,0.0,0.0,0.0,50.0,0.0,0.0,-1,0.0,G2_EDGE,reg.buy_ok=False  regime='med_med_up',-1,0.0,0.0,
BNB/USDT,2331,2026-06-15 00:00:00,long,0.64729,77.34,60.0,615.51,3.777857,med_med_up,False,False,False,False,False,0.0,0.0,50.0,0.0,0.0,0.0,0.0,0.0,50.0,0.0,0.0,-1,0.0,G2_EDGE,reg.buy_ok=False  regime='med_med_up',-1,0.0,0.0,
BNB/USDT,2332,2026-06-15 01:00:00,long,0.64031,74.9,60.0,613.56,3.866429,med_med_flat,True,False,False,True,False,0.0,0.45246541067238844,35.69203108442538,0.0,0.004705,0.006,0.0,0.0,50.0,0.0,0.0,-1,0.0,G4_EV,ev=0.00470 <= floor=0.00600  meta_conf=0.6403,-1,0.0,0.0,
BNB/USDT,2333,2026-06-15 02:00:00,long,0.64781,73.65,60.0,615.62,3.985,med_med_up,False,False,False,False,False,0.0,0.0,50.0,0.0,0.0,0.0,0.0,0.0,50.0,0.0,0.0,-1,0.0,G2_EDGE,reg.buy_ok=False  regime='med_med_up',-1,0.0,0.0,
BNB/USDT,2334,2026-06-15 03:00:00,long,0.67498,76.14,60.0,617.83,4.123571,med_med_up,False,False,False,False,False,0.0,0.0,50.0,0.0,0.0,0.0,0.0,0.0,50.0,0.0,0.0,-1,0.0,G2_EDGE,reg.buy_ok=False  regime='med_med_up',-1,0.0,0.0,
BNB/USDT,2335,2026-06-15 04:00:00,long,0.66405,73.63,60.0,616.67,3.804286,med_med_up,False,False,False,False,False,0.0,0.0,50.0,0.0,0.0,0.0,0.0,0.0,50.0,0.0,0.0,-1,0.0,G2_EDGE,reg.buy_ok=False  regime='med_med_up',-1,0.0,0.0,
BNB/USDT,2336,2026-06-15 05:00:00,long,0.60134,75.95,60.0,617.64,3.778571,med_med_up,False,False,False,False,False,0.0,0.0,50.0,0.0,0.0,0.0,0.0,0.0,50.0,0.0,0.0,-1,0.0,G2_EDGE,reg.buy_ok=False  regime='med_med_up',-1,0.0,0.0,
BNB/USDT,2337,2026-06-15 06:00:00,long,0.6511,66.03,60.0,617.44,3.76,med_med_up,False,False,False,False,False,0.0,0.0,50.0,0.0,0.0,0.0,0.0,0.0,50.0,0.0,0.0,-1,0.0,G2_EDGE,reg.buy_ok=False  regime='med_med_up',-1,0.0,0.0,
BNB/USDT,2338,2026-06-15 07:00:00,long,0.63175,63.53,60.0,615.58,3.655714,med_med_up,False,False,False,False,False,0.0,0.0,50.0,0.0,0.0,0.0,0.0,0.0,50.0,0.0,0.0,-1,0.0,G2_EDGE,reg.buy_ok=False  regime='med_med_up',-1,0.0,0.0,
BNB/USDT,2339,2026-06-15 08:00:00,long,0.63389,62.5,60.0,616.13,3.649286,med_med_up,False,False,False,False,False,0.0,0.0,50.0,0.0,0.0,0.0,0.0,0.0,50.0,0.0,0.0,-1,0.0,G2_EDGE,reg.buy_ok=False  regime='med_med_up',-1,0.0,0.0,
BNB/USDT,2340,2026-06-15 09:00:00,long,0.64073,74.66,60.0,614.23,3.75,med_med_flat,True,False,False,True,False,0.0,0.38547611106701235,43.77336628910017,0.0,0.004445,0.006,0.0,0.0,50.0,0.0,0.0,-1,0.0,G4_EV,ev=0.00445 <= floor=0.00600  meta_conf=0.6407,-1,0.0,0.0,
BNB/USDT,2341,2026-06-15 10:00:00,long,0.65612,67.21,60.0,617.53,3.836429,med_med_up,False,False,False,False,False,0.0,0.0,50.0,0.0,0.0,0.0,0.0,0.0,50.0,0.0,0.0,-1,0.0,G2_EDGE,reg.buy_ok=False  regime='med_med_up',-1,0.0,0.0,
BNB/USDT,2342,2026-06-15 11:00:00,long,0.5426,95.23,60.0,620.65,3.396429,med_med_up,False,False,False,False,False,0.0,0.0,50.0,0.0,0.0,0.0,0.0,0.0,50.0,0.0,0.0,-1,0.0,G2_EDGE,reg.buy_ok=False  regime='med_med_up',-1,0.0,0.0,
BNB/USDT,2343,2026-06-15 12:00:00,long,0.57339,80.81,60.0,624.5,3.415714,med_med_up,False,False,False,False,False,0.0,0.0,50.0,0.0,0.0,0.0,0.0,0.0,50.0,0.0,0.0,-1,0.0,G2_EDGE,reg.buy_ok=False  regime='med_med_up',-1,0.0,0.0,
BNB/USDT,2344,2026-06-15 13:00:00,long,0.60871,97.89,60.0,626.33,3.788571,high_med_up,False,True,False,False,False,0.0,0.0,50.0,0.0,0.0,0.0,0.0,0.0,50.0,0.0,0.0,-1,0.0,G2_EDGE,reg.buy_ok=False  regime='high_med_up',-1,0.0,0.0,
BNB/USDT,2345,2026-06-15 14:00:00,long,0.62053,69.19,60.0,627.9,3.831429,high_med_up,False,True,False,False,False,0.0,0.0,50.0,0.0,0.0,0.0,0.0,0.0,50.0,0.0,0.0,-1,0.0,G2_EDGE,reg.buy_ok=False  regime='high_med_up',-1,0.0,0.0,
BNB/USDT,2346,2026-06-15 15:00:00,long,0.62913,75.6,60.0,629.07,4.043571,high_med_up,False,True,False,False,False,0.0,0.0,50.0,0.0,0.0,0.0,0.0,0.0,50.0,0.0,0.0,-1,0.0,G2_EDGE,reg.buy_ok=False  regime='high_med_up',-1,0.0,0.0,
BNB/USDT,2347,2026-06-15 16:00:00,long,0.62497,67.19,60.0,627.71,3.924286,high_med_up,False,True,False,False,False,0.0,0.0,50.0,0.0,0.0,0.0,0.0,0.0,50.0,0.0,0.0,-1,0.0,G2_EDGE,reg.buy_ok=False  regime='high_med_up',-1,0.0,0.0,
BNB/USDT,2348,2026-06-15 17:00:00,long,0.62609,74.78,60.0,625.18,3.977857,high_med_up,False,True,False,False,False,0.0,0.0,50.0,0.0,0.0,0.0,0.0,0.0,50.0,0.0,0.0,-1,0.0,G2_EDGE,reg.buy_ok=False  regime='high_med_up',-1,0.0,0.0,
BNB/USDT,2349,2026-06-15 18:00:00,long,0.61285,82.73,60.0,622.02,4.067143,high_med_up,False,True,False,False,False,0.0,0.0,50.0,0.0,0.0,0.0,0.0,0.0,50.0,0.0,0.0,-1,0.0,G2_EDGE,reg.buy_ok=False  regime='high_med_up',-1,0.0,0.0,
BNB/USDT,2350,2026-06-15 19:00:00,long,0.62923,82.82,60.0,620.91,4.295714,high_med_up,False,True,False,False,False,0.0,0.0,50.0,0.0,0.0,0.0,0.0,0.0,50.0,0.0,0.0,-1,0.0,G2_EDGE,reg.buy_ok=False  regime='high_med_up',-1,0.0,0.0,
BNB/USDT,2351,2026-06-15 20:00:00,long,0.62883,79.06,60.0,619.68,4.291429,high_med_up,False,True,False,False,False,0.0,0.0,50.0,0.0,0.0,0.0,0.0,0.0,50.0,0.0,0.0,-1,0.0,G2_EDGE,reg.buy_ok=False  regime='high_med_up',-1,0.0,0.0,
BNB/USDT,2352,2026-06-15 21:00:00,long,0.61639,78.94,60.0,619.32,4.347143,high_med_up,False,True,False,False,False,0.0,0.0,50.0,0.0,0.0,0.0,0.0,0.0,50.0,0.0,0.0,-1,0.0,G2_EDGE,reg.buy_ok=False  regime='high_med_up',-1,0.0,0.0,
BNB/USDT,2353,2026-06-15 22:00:00,long,0.63385,87.89,60.0,615.67,4.544286,high_med_flat,False,False,False,False,False,0.0,0.0,50.0,0.0,0.0,0.0,0.0,0.0,50.0,0.0,0.0,-1,0.0,G2_EDGE,reg.buy_ok=False  regime='high_med_flat',-1,0.0,0.0,
BNB/USDT,2354,2026-06-15 23:00:00,long,0.638,88.92,60.0,617.87,4.488571,high_med_flat,False,False,False,False,False,0.0,0.0,50.0,0.0,0.0,0.0,0.0,0.0,50.0,0.0,0.0,-1,0.0,G2_EDGE,reg.buy_ok=False  regime='high_med_flat',-1,0.0,0.0,
BNB/USDT,2355,2026-06-16 00:00:00,long,0.5977,85.9,60.0,615.94,4.443571,high_med_flat,False,False,False,False,False,0.0,0.0,50.0,0.0,0.0,0.0,0.0,0.0,50.0,0.0,0.0,-1,0.0,G2_EDGE,reg.buy_ok=False  regime='high_med_flat',-1,0.0,0.0,
BNB/USDT,2356,2026-06-16 01:00:00,long,0.60264,84.62,60.0,615.8,4.165714,high_med_flat,False,False,False,False,False,0.0,0.0,50.0,0.0,0.0,0.0,0.0,0.0,50.0,0.0,0.0,-1,0.0,G2_EDGE,reg.buy_ok=False  regime='high_med_flat',-1,0.0,0.0,
BNB/USDT,2357,2026-06-16 02:00:00,long,0.57365,84.97,60.0,612.44,4.141429,high_med_flat,False,False,False,False,False,0.0,0.0,50.0,0.0,0.0,0.0,0.0,0.0,50.0,0.0,0.0,-1,0.0,G2_EDGE,reg.buy_ok=False  regime='high_med_flat',-1,0.0,0.0,
BNB/USDT,2358,2026-06-16 03:00:00,long,0.5581,82.69,60.0,615.06,3.725714,high_med_flat,False,False,False,False,False,0.0,0.0,50.0,0.0,0.0,0.0,0.0,0.0,50.0,0.0,0.0,-1,0.0,G2_EDGE,reg.buy_ok=False  regime='high_med_flat',-1,0.0,0.0,
BNB/USDT,2359,2026-06-16 04:00:00,long,0.58357,83.21,60.0,612.9,3.732857,high_med_flat,False,False,False,False,False,0.0,0.0,50.0,0.0,0.0,0.0,0.0,0.0,50.0,0.0,0.0,-1,0.0,G2_EDGE,reg.buy_ok=False  regime='high_med_flat',-1,0.0,0.0,
BNB/USDT,2360,2026-06-16 05:00:00,long,0.56513,82.0,60.0,613.65,3.458571,high_med_flat,False,False,False,False,False,0.0,0.0,50.0,0.0,0.0,0.0,0.0,0.0,50.0,0.0,0.0,-1,0.0,G2_EDGE,reg.buy_ok=False  regime='high_med_flat',-1,0.0,0.0,
BNB/USDT,2361,2026-06-16 06:00:00,long,0.55788,83.8,60.0,615.38,3.485,high_med_flat,False,False,False,False,False,0.0,0.0,50.0,0.0,0.0,0.0,0.0,0.0,50.0,0.0,0.0,-1,0.0,G2_EDGE,reg.buy_ok=False  regime='high_med_flat',-1,0.0,0.0,
BNB/USDT,2362,2026-06-16 07:00:00,long,0.57647,93.21,60.0,615.77,3.495714,high_med_flat,False,False,False,False,False,0.0,0.0,50.0,0.0,0.0,0.0,0.0,0.0,50.0,0.0,0.0,-1,0.0,G2_EDGE,reg.buy_ok=False  regime='high_med_flat',-1,0.0,0.0,
BNB/USDT,2363,2026-06-16 08:00:00,long,0.58759,89.65,60.0,619.06,3.549286,high_med_flat,False,False,False,False,False,0.0,0.0,50.0,0.0,0.0,0.0,0.0,0.0,50.0,0.0,0.0,-1,0.0,G2_EDGE,reg.buy_ok=False  regime='high_med_flat',-1,0.0,0.0,
BNB/USDT,2364,2026-06-16 09:00:00,long,0.5781,85.18,60.0,615.15,3.487143,high_med_flat,False,False,False,False,False,0.0,0.0,50.0,0.0,0.0,0.0,0.0,0.0,50.0,0.0,0.0,-1,0.0,G2_EDGE,reg.buy_ok=False  regime='high_med_flat',-1,0.0,0.0,
BNB/USDT,2365,2026-06-16 10:00:00,long,0.58394,84.41,60.0,613.87,3.507143,high_med_flat,False,False,False,False,False,0.0,0.0,50.0,0.0,0.0,0.0,0.0,0.0,50.0,0.0,0.0,-1,0.0,G2_EDGE,reg.buy_ok=False  regime='high_med_flat',-1,0.0,0.0,
BNB/USDT,2366,2026-06-16 11:00:00,long,0.56711,85.89,60.0,614.28,3.405714,high_med_down,False,True,False,False,False,0.0,0.0,50.0,0.0,0.0,0.0,0.0,0.0,50.0,0.0,0.0,-1,0.0,G2_EDGE,reg.buy_ok=False  regime='high_med_down',-1,0.0,0.0,
BNB/USDT,2367,2026-06-16 12:00:00,long,0.59471,92.07,60.0,614.54,3.405,high_med_down,False,True,False,False,False,0.0,0.0,50.0,0.0,0.0,0.0,0.0,0.0,50.0,0.0,0.0,-1,0.0,G2_EDGE,reg.buy_ok=False  regime='high_med_down',-1,0.0,0.0,
BNB/USDT,2368,2026-06-16 13:00:00,short,0.54728,96.41,60.0,606.35,4.159286,high_med_down,False,True,False,False,True,0.0,-0.7252266296331544,39.96067477810527,-1.0,0.002604,0.006,0.0,0.0,50.0,0.0,0.0,-1,0.0,G4_EV,ev=0.00260 <= floor=0.00600  meta_conf=0.5473,-1,0.0,0.0,
BNB/USDT,2369,2026-06-16 14:00:00,short,0.56272,80.97,60.0,605.72,4.316429,high_med_down,False,True,False,False,True,0.0,-0.6718679836783791,39.86820122547708,0.0,0.003356,0.006,0.0,0.0,50.0,0.0,0.0,-1,0.0,G4_EV,ev=0.00336 <= floor=0.00600  meta_conf=0.5627,-1,0.0,0.0,
BNB/USDT,2370,2026-06-16 15:00:00,short,0.56019,73.59,60.0,606.47,4.351429,high_med_down,False,True,False,False,True,0.0,-0.5994300754926178,40.003199144667455,0.0,0.003324,0.006,0.0,0.0,50.0,0.0,0.0,-1,0.0,G4_EV,ev=0.00332 <= floor=0.00600  meta_conf=0.5602,-1,0.0,0.0,
BNB/USDT,2371,2026-06-16 16:00:00,short,0.55868,75.5,60.0,604.26,4.289286,high_med_down,False,True,False,False,True,0.0,-0.719702757187654,40.11033542721867,0.0,0.003198,0.006,0.0,0.0,50.0,0.0,0.0,-1,0.0,G4_EV,ev=0.00320 <= floor=0.00600  meta_conf=0.5587,-1,0.0,0.0,
BNB/USDT,2372,2026-06-16 17:00:00,short,0.56256,72.1,60.0,607.94,4.372857,high_med_down,False,True,False,False,True,0.0,-0.48805331387525736,40.575718878216215,0.0,0.00342,0.006,0.0,0.0,50.0,0.0,0.0,-1,0.0,G4_EV,ev=0.00342 <= floor=0.00600  meta_conf=0.5626,-1,0.0,0.0,
BNB/USDT,2373,2026-06-16 18:00:00,short,0.56116,71.0,60.0,607.98,4.337857,high_med_down,False,True,False,False,True,0.0,-0.44937926863532096,41.005686362605076,0.0,0.003315,0.006,0.0,0.0,50.0,0.0,0.0,-1,0.0,G4_EV,ev=0.00331 <= floor=0.00600  meta_conf=0.5612,-1,0.0,0.0,
BNB/USDT,2374,2026-06-16 19:00:00,short,0.56263,72.87,60.0,607.05,4.335714,high_med_down,False,True,False,False,True,0.0,-0.5829678555600221,41.620524405718214,0.0,0.00337,0.006,0.0,0.0,50.0,0.0,0.0,-1,0.0,G4_EV,ev=0.00337 <= floor=0.00600  meta_conf=0.5626,-1,0.0,0.0,
BNB/USDT,2375,2026-06-16 20:00:00,short,0.56394,70.21,60.0,608.32,4.311429,high_med_down,False,True,False,False,True,0.0,-0.39774152894049125,42.190826253502905,0.0,0.003355,0.006,0.0,0.0,50.0,0.0,0.0,-1,0.0,G4_EV,ev=0.00335 <= floor=0.00600  meta_conf=0.5639,-1,0.0,0.0,
BNB/USDT,2376,2026-06-16 21:00:00,short,0.57108,72.05,60.0,607.28,4.212143,high_med_down,False,True,False,False,True,0.0,-0.5507042590902703,42.6783674717073,0.0,0.003421,0.006,0.0,0.0,50.0,0.0,0.0,-1,0.0,G4_EV,ev=0.00342 <= floor=0.00600  meta_conf=0.5711,-1,0.0,0.0,
BNB/USDT,2377,2026-06-16 22:00:00,short,0.56148,62.98,60.0,606.15,4.119286,high_med_down,False,True,False,False,True,0.0,-0.6090551299178396,43.43907973297981,0.0,0.002977,0.006,0.0,0.0,50.0,0.0,0.0,-1,0.0,G4_EV,ev=0.00298 <= floor=0.00600  meta_conf=0.5615,-1,0.0,0.0,
BNB/USDT,2378,2026-06-16 23:00:00,short,0.55637,63.61,60.0,604.94,3.976429,high_med_down,False,True,False,False,True,0.0,-0.6493756322259899,46.789403895086245,0.0,0.002597,0.006,0.0,0.0,50.0,0.0,0.0,-1,0.0,G4_EV,ev=0.00260 <= floor=0.00600  meta_conf=0.5564,-1,0.0,0.0,
BNB/USDT,2379,2026-06-17 00:00:00,short,0.57539,62.86,60.0,605.09,3.911429,high_med_down,False,True,False,False,True,0.0,-0.5381469864753495,47.056747936692446,0.0,0.003041,0.006,0.0,0.0,50.0,0.0,0.0,-1,0.0,G4_EV,ev=0.00304 <= floor=0.00600  meta_conf=0.5754,-1,0.0,0.0,
BNB/USDT,2380,2026-06-17 01:00:00,short,0.57895,72.26,60.0,607.49,4.137143,high_med_down,False,True,False,False,True,0.0,-0.45995108129660833,47.53568163489239,0.0,0.003527,0.006,0.0,0.0,50.0,0.0,0.0,-1,0.0,G4_EV,ev=0.00353 <= floor=0.00600  meta_conf=0.5789,-1,0.0,0.0,
BNB/USDT,2381,2026-06-17 02:00:00,short,0.57615,73.38,60.0,605.23,4.110714,high_med_down,False,True,False,False,True,0.0,-0.5293131483082385,56.52746581764371,0.0,0.003421,0.006,0.0,0.0,50.0,0.0,0.0,-1,0.0,G4_EV,ev=0.00342 <= floor=0.00600  meta_conf=0.5761,-1,0.0,0.0,
BNB/USDT,2382,2026-06-17 03:00:00,short,0.58176,73.12,60.0,604.77,3.285714,high_med_down,False,True,False,False,True,0.0,-0.5700888731868167,72.99057440221635,0.0,0.002074,0.006,0.0,0.0,50.0,0.0,0.0,-1,0.0,G4_EV,ev=0.00207 <= floor=0.00600  meta_conf=0.5818,-1,0.0,0.0,
BNB/USDT,2383,2026-06-17 04:00:00,short,0.58373,71.33,60.0,607.59,3.232143,high_med_flat,False,False,False,False,False,0.0,0.0,50.0,0.0,0.0,0.0,0.0,0.0,50.0,0.0,0.0,-1,0.0,G2_EDGE,reg.sell_ok=False  regime='high_med_flat',-1,0.0,0.0,
BNB/USDT,2384,2026-06-17 05:00:00,short,0.58186,70.23,60.0,607.89,3.248571,high_med_flat,False,False,False,False,False,0.0,0.0,50.0,0.0,0.0,0.0,0.0,0.0,50.0,0.0,0.0,-1,0.0,G2_EDGE,reg.sell_ok=False  regime='high_med_flat',-1,0.0,0.0,
BNB/USDT,2385,2026-06-17 06:00:00,short,0.5613,70.79,60.0,607.15,3.163571,high_med_down,False,True,False,False,True,0.0,-0.32848597252503425,74.52876005279596,0.0,0.001345,0.006,0.0,0.0,50.0,0.0,0.0,-1,0.0,G4_EV,ev=0.00135 <= floor=0.00600  meta_conf=0.5613,-1,0.0,0.0,
BNB/USDT,2386,2026-06-17 07:00:00,short,0.55344,72.34,60.0,606.62,3.035,high_low_down,,,True,False,False,0.0,0.0,50.0,0.0,0.0,0.0,0.0,0.0,50.0,0.0,0.0,-1,0.0,G1_REGIME,regime='high_low_down' skipped=True reg_empty=False,-1,0.0,0.0,
BNB/USDT,2387,2026-06-17 08:00:00,short,0.51836,74.57,60.0,602.43,3.155,high_med_down,False,True,False,False,True,0.0,-0.645455580877313,69.7937140107858,0.0,0.000361,0.006,0.0,0.0,50.0,0.0,0.0,-1,0.0,G4_EV,ev=0.00036 <= floor=0.00600  meta_conf=0.5184,-1,0.0,0.0,
BNB/USDT,2388,2026-06-17 09:00:00,long,0.51082,80.48,60.0,601.38,3.166429,high_med_down,False,True,False,False,False,0.0,0.0,50.0,0.0,0.0,0.0,0.0,0.0,50.0,0.0,0.0,-1,0.0,G2_EDGE,reg.buy_ok=False  regime='high_med_down',-1,0.0,0.0,
BNB/USDT,2389,2026-06-17 10:00:00,short,0.5044,69.11,60.0,602.05,3.140714,high_med_down,False,True,False,False,True,0.0,-0.6130629406225016,65.74903623300769,0.0,1.6e-05,0.006,0.0,0.0,50.0,0.0,0.0,-1,0.0,G4_EV,ev=0.00002 <= floor=0.00600  meta_conf=0.5044,-1,0.0,0.0,
BNB/USDT,2390,2026-06-17 11:00:00,short,0.5604,77.08,60.0,604.07,3.244286,high_med_down,False,True,False,False,True,0.0,-0.5120345680368988,65.00677235078393,0.0,0.001488,0.006,0.0,0.0,50.0,0.0,0.0,-1,0.0,G4_EV,ev=0.00149 <= floor=0.00600  meta_conf=0.5604,-1,0.0,0.0,
BNB/USDT,2391,2026-06-17 12:00:00,short,0.57077,96.79,60.0,609.47,3.468571,high_med_flat,False,False,False,False,False,0.0,0.0,50.0,0.0,0.0,0.0,0.0,0.0,50.0,0.0,0.0,-1,0.0,G2_EDGE,reg.sell_ok=False  regime='high_med_flat',-1,0.0,0.0,
BNB/USDT,2392,2026-06-17 13:00:00,short,0.52813,96.06,60.0,608.59,3.567143,med_med_flat,True,False,False,False,False,0.0,0.0,50.0,0.0,0.0,0.0,0.0,0.0,50.0,0.0,0.0,-1,0.0,G2_EDGE,reg.sell_ok=False  regime='med_med_flat',-1,0.0,0.0,
BNB/USDT,2393,2026-06-17 14:00:00,long,0.51133,82.75,60.0,601.6,3.979286,med_med_flat,True,False,False,False,True,0.0,-0.5239393767288774,53.762603455653675,0.0,0.001298,0.006,0.0,0.0,50.0,0.0,0.0,-1,0.0,G4_EV,ev=0.00130 <= floor=0.00600  meta_conf=0.5113,-1,0.0,0.0,
BNB/USDT,2394,2026-06-17 15:00:00,short,0.50838,60.17,60.0,605.55,3.977857,med_med_flat,True,False,False,False,False,0.0,0.0,50.0,0.0,0.0,0.0,0.0,0.0,50.0,0.0,0.0,-1,0.0,G2_EDGE,reg.sell_ok=False  regime='med_med_flat',-1,0.0,0.0,
BNB/USDT,2395,2026-06-17 16:00:00,short,0.50338,62.33,60.0,605.69,4.180714,med_med_flat,True,False,False,False,False,0.0,0.0,50.0,0.0,0.0,0.0,0.0,0.0,50.0,0.0,0.0,-1,0.0,G2_EDGE,reg.sell_ok=False  regime='med_med_flat',-1,0.0,0.0,
BNB/USDT,2396,2026-06-17 17:00:00,short,0.51125,54.0,60.0,608.66,4.354286,med_med_flat,True,False,False,False,False,0.0,0.0,50.0,0.0,0.0,0.0,0.0,0.0,50.0,0.0,0.0,-1,0.0,G2_EDGE,reg.sell_ok=False  regime='med_med_flat',-1,0.0,0.0,
BNB/USDT,2397,2026-06-17 18:00:00,short,0.50547,61.38,60.0,607.76,4.658571,high_high_flat,False,True,False,True,True,0.0,-0.034789533427766875,53.98777874474248,0.0,0.001938,0.006,0.0,0.0,50.0,0.0,0.0,-1,0.0,G4_EV,ev=0.00194 <= floor=0.00600  meta_conf=0.5055,-1,0.0,0.0,
BNB/USDT,2398,2026-06-17 19:00:00,long,0.51881,67.69,60.0,598.62,5.314286,high_high_down,False,True,False,False,False,0.0,0.0,50.0,0.0,0.0,0.0,0.0,0.0,50.0,0.0,0.0,-1,0.0,G2_EDGE,reg.buy_ok=False  regime='high_high_down',-1,0.0,0.0,
BNB/USDT,2399,2026-06-17 20:00:00,long,0.51073,62.19,60.0,600.86,5.361429,high_high_down,False,True,False,False,False,0.0,0.0,50.0,0.0,0.0,0.0,0.0,0.0,50.0,0.0,0.0,-1,0.0,G2_EDGE,reg.buy_ok=False  regime='high_high_down',-1,0.0,0.0,
BNB/USDT,2400,2026-06-17 21:00:00,long,0.52059,57.38,60.0,599.45,5.36,high_high_down,False,True,False,False,False,0.0,0.0,50.0,0.0,0.0,0.0,0.0,0.0,50.0,0.0,0.0,-1,0.0,G2_EDGE,reg.buy_ok=False  regime='high_high_down',-1,0.0,0.0,
BNB/USDT,2401,2026-06-17 22:00:00,long,0.51027,60.07,60.0,599.52,5.412143,high_high_down,False,True,False,False,False,0.0,0.0,50.0,0.0,0.0,0.0,0.0,0.0,50.0,0.0,0.0,-1,0.0,G2_EDGE,reg.buy_ok=False  regime='high_high_down',-1,0.0,0.0,
BNB/USDT,2402,2026-06-17 23:00:00,long,0.50528,60.09,60.0,601.63,5.447857,high_high_flat,False,True,False,False,False,0.0,0.0,50.0,0.0,0.0,0.0,0.0,0.0,50.0,0.0,0.0,-1,0.0,G2_EDGE,reg.buy_ok=False  regime='high_high_flat',-1,0.0,0.0,
BNB/USDT,2403,2026-06-18 00:00:00,long,0.58235,63.94,60.0,602.32,5.436429,high_high_flat,False,True,False,False,False,0.0,0.0,50.0,0.0,0.0,0.0,0.0,0.0,50.0,0.0,0.0,-1,0.0,G2_EDGE,reg.buy_ok=False  regime='high_high_flat',-1,0.0,0.0,
BNB/USDT,2404,2026-06-18 01:00:00,long,0.5785,61.5,60.0,601.72,5.414286,high_high_flat,False,True,False,False,False,0.0,0.0,50.0,0.0,0.0,0.0,0.0,0.0,50.0,0.0,0.0,-1,0.0,G2_EDGE,reg.buy_ok=False  regime='high_high_flat',-1,0.0,0.0,
BNB/USDT,2405,2026-06-18 02:00:00,long,0.59063,64.36,60.0,601.8,5.190714,high_high_flat,False,True,False,False,False,0.0,0.0,50.0,0.0,0.0,0.0,0.0,0.0,50.0,0.0,0.0,-1,0.0,G2_EDGE,reg.buy_ok=False  regime='high_high_flat',-1,0.0,0.0,
BNB/USDT,2406,2026-06-18 03:00:00,long,0.62062,64.75,60.0,596.6,5.317143,high_high_down,False,True,False,False,False,0.0,0.0,50.0,0.0,0.0,0.0,0.0,0.0,50.0,0.0,0.0,-1,0.0,G2_EDGE,reg.buy_ok=False  regime='high_high_down',-1,0.0,0.0,
BNB/USDT,2407,2026-06-18 04:00:00,long,0.60816,66.75,60.0,591.23,5.225,high_high_down,False,True,False,False,False,0.0,0.0,50.0,0.0,0.0,0.0,0.0,0.0,50.0,0.0,0.0,-1,0.0,G2_EDGE,reg.buy_ok=False  regime='high_high_down',-1,0.0,0.0,
BNB/USDT,2408,2026-06-18 05:00:00,long,0.59653,87.14,60.0,589.58,5.166429,high_high_down,False,True,False,False,False,0.0,0.0,50.0,0.0,0.0,0.0,0.0,0.0,50.0,0.0,0.0,-1,0.0,G2_EDGE,reg.buy_ok=False  regime='high_high_down',-1,0.0,0.0,
BNB/USDT,2409,2026-06-18 06:00:00,long,0.61078,83.79,60.0,589.37,4.886429,high_high_down,False,True,False,False,False,0.0,0.0,50.0,0.0,0.0,0.0,0.0,0.0,50.0,0.0,0.0,-1,0.0,G2_EDGE,reg.buy_ok=False  regime='high_high_down',-1,0.0,0.0,
BNB/USDT,2410,2026-06-18 07:00:00,long,0.60894,84.63,60.0,589.57,4.790714,high_high_down,False,True,False,False,False,0.0,0.0,50.0,0.0,0.0,0.0,0.0,0.0,50.0,0.0,0.0,-1,0.0,G2_EDGE,reg.buy_ok=False  regime='high_high_down',-1,0.0,0.0,
BNB/USDT,2411,2026-06-18 08:00:00,long,0.62561,83.54,60.0,591.59,4.384286,high_high_down,False,True,False,False,False,0.0,0.0,50.0,0.0,0.0,0.0,0.0,0.0,50.0,0.0,0.0,-1,0.0,G2_EDGE,reg.buy_ok=False  regime='high_high_down',-1,0.0,0.0,
BNB/USDT,2412,2026-06-18 09:00:00,long,0.58878,79.46,60.0,590.66,3.675,high_med_down,False,True,False,False,False,0.0,0.0,50.0,0.0,0.0,0.0,0.0,0.0,50.0,0.0,0.0,-1,0.0,G2_EDGE,reg.buy_ok=False  regime='high_med_down',-1,0.0,0.0,
BNB/USDT,2413,2026-06-18 10:00:00,long,0.59009,80.35,60.0,590.36,3.599286,high_med_down,False,True,False,False,False,0.0,0.0,50.0,0.0,0.0,0.0,0.0,0.0,50.0,0.0,0.0,-1,0.0,G2_EDGE,reg.buy_ok=False  regime='high_med_down',-1,0.0,0.0,
BNB/USDT,2414,2026-06-18 11:00:00,long,0.59079,79.37,60.0,589.64,3.579286,high_med_down,False,True,False,False,False,0.0,0.0,50.0,0.0,0.0,0.0,0.0,0.0,50.0,0.0,0.0,-1,0.0,G2_EDGE,reg.buy_ok=False  regime='high_med_down',-1,0.0,0.0,
BNB/USDT,2415,2026-06-18 12:00:00,long,0.5941,85.78,60.0,591.51,3.360714,high_med_down,False,True,False,False,False,0.0,0.0,50.0,0.0,0.0,0.0,0.0,0.0,50.0,0.0,0.0,-1,0.0,G2_EDGE,reg.buy_ok=False  regime='high_med_down',-1,0.0,0.0,
BNB/USDT,2416,2026-06-18 13:00:00,long,0.5817,83.31,60.0,589.55,3.505,high_med_down,False,True,False,False,False,0.0,0.0,50.0,0.0,0.0,0.0,0.0,0.0,50.0,0.0,0.0,-1,0.0,G2_EDGE,reg.buy_ok=False  regime='high_med_down',-1,0.0,0.0,
BNB/USDT,2417,2026-06-18 14:00:00,long,0.57828,81.67,60.0,589.55,3.67,med_med_down,True,False,False,False,True,0.0,-0.5577531818857263,49.04168187720652,0.0,0.002862,0.006,0.0,0.0,50.0,0.0,0.0,-1,0.0,G4_EV,ev=0.00286 <= floor=0.00600  meta_conf=0.5783,-1,0.0,0.0,
BNB/USDT,2418,2026-06-18 15:00:00,long,0.62342,100.0,60.0,573.74,4.591429,high_high_down,False,True,False,False,False,0.0,0.0,50.0,0.0,0.0,0.0,0.0,0.0,50.0,0.0,0.0,-1,0.0,G2_EDGE,reg.buy_ok=False  regime='high_high_down',-1,0.0,0.0,
BNB/USDT,2419,2026-06-18 16:00:00,long,0.62389,90.39,60.0,577.66,4.85,high_high_down,False,True,False,False,False,0.0,0.0,50.0,0.0,0.0,0.0,0.0,0.0,50.0,0.0,0.0,-1,0.0,G2_EDGE,reg.buy_ok=False  regime='high_high_down',-1,0.0,0.0,
BNB/USDT,2420,2026-06-18 17:00:00,long,0.5805,82.73,60.0,576.07,4.708571,high_high_down,False,True,False,False,False,0.0,0.0,50.0,0.0,0.0,0.0,0.0,0.0,50.0,0.0,0.0,-1,0.0,G2_EDGE,reg.buy_ok=False  regime='high_high_down',-1,0.0,0.0,
BNB/USDT,2421,2026-06-18 18:00:00,long,0.62389,85.05,60.0,576.19,4.464286,high_high_down,False,True,False,False,False,0.0,0.0,50.0,0.0,0.0,0.0,0.0,0.0,50.0,0.0,0.0,-1,0.0,G2_EDGE,reg.buy_ok=False  regime='high_high_down',-1,0.0,0.0,
BNB/USDT,2422,2026-06-18 19:00:00,long,0.62018,84.02,60.0,578.88,4.457143,med_high_down,,,True,False,False,0.0,0.0,50.0,0.0,0.0,0.0,0.0,0.0,50.0,0.0,0.0,-1,0.0,G1_REGIME,regime='med_high_down' skipped=True reg_empty=False,-1,0.0,0.0,
BNB/USDT,2423,2026-06-18 20:00:00,long,0.61707,83.26,60.0,579.88,4.393571,med_high_down,,,True,False,False,0.0,0.0,50.0,0.0,0.0,0.0,0.0,0.0,50.0,0.0,0.0,-1,0.0,G1_REGIME,regime='med_high_down' skipped=True reg_empty=False,-1,0.0,0.0,
BNB/USDT,2424,2026-06-18 21:00:00,long,0.61559,82.4,60.0,579.57,4.337143,med_high_down,,,True,False,False,0.0,0.0,50.0,0.0,0.0,0.0,0.0,0.0,50.0,0.0,0.0,-1,0.0,G1_REGIME,regime='med_high_down' skipped=True reg_empty=False,-1,0.0,0.0,
BNB/USDT,2425,2026-06-18 22:00:00,long,0.61651,83.23,60.0,578.23,4.302857,med_high_down,,,True,False,False,0.0,0.0,50.0,0.0,0.0,0.0,0.0,0.0,50.0,0.0,0.0,-1,0.0,G1_REGIME,regime='med_high_down' skipped=True reg_empty=False,-1,0.0,0.0,
BNB/USDT,2426,2026-06-18 23:00:00,long,0.6055,82.55,60.0,578.48,4.268571,med_med_down,True,False,False,False,True,0.0,-0.48594269018121267,41.36106347073066,0.0,0.005037,0.006,0.0,0.0,50.0,0.0,0.0,-1,0.0,G4_EV,ev=0.00504 <= floor=0.00600  meta_conf=0.6055,-1,0.0,0.0,
BNB/USDT,2427,2026-06-19 00:00:00,long,0.58114,83.32,60.0,579.38,4.262143,med_med_down,True,False,False,False,True,0.0,-0.4026408301900512,41.791015034329504,0.0,0.004203,0.006,0.0,0.0,50.0,0.0,0.0,-1,0.0,G4_EV,ev=0.00420 <= floor=0.00600  meta_conf=0.5811,-1,0.0,0.0,
BNB/USDT,2428,2026-06-19 01:00:00,long,0.59676,74.46,60.0,581.95,4.298571,med_med_down,True,False,False,False,False,0.0,-0.3969745511095528,42.2521142524812,0.0,0.004756,0.006,0.0,0.0,50.0,0.0,0.0,-1,0.0,G4_EV,ev=0.00476 <= floor=0.00600  meta_conf=0.5968,-1,0.0,0.0,
BNB/USDT,2429,2026-06-19 02:00:00,long,0.58293,74.43,60.0,582.49,4.251429,med_med_down,True,False,False,False,False,0.0,-0.34494408228959217,42.815439789355516,0.0,0.004198,0.006,0.0,0.0,50.0,0.0,0.0,-1,0.0,G4_EV,ev=0.00420 <= floor=0.00600  meta_conf=0.5829,-1,0.0,0.0,
BNB/USDT,2430,2026-06-19 03:00:00,long,0.61813,87.38,60.0,578.19,4.434286,med_high_down,,,True,False,False,0.0,0.0,50.0,0.0,0.0,0.0,0.0,0.0,50.0,0.0,0.0,-1,0.0,G1_REGIME,regime='med_high_down' skipped=True reg_empty=False,-1,0.0,0.0,
BNB/USDT,2431,2026-06-19 04:00:00,long,0.62189,88.63,60.0,572.61,4.703571,med_high_down,,,True,False,False,0.0,0.0,50.0,0.0,0.0,0.0,0.0,0.0,50.0,0.0,0.0,-1,0.0,G1_REGIME,regime='med_high_down' skipped=True reg_empty=False,-1,0.0,0.0,
BNB/USDT,2432,2026-06-19 05:00:00,long,0.5888,83.54,60.0,575.87,3.781429,med_med_down,True,False,False,False,True,0.0,-0.3788696600078548,60.47356555772397,0.0,0.003549,0.006,0.0,0.0,50.0,0.0,0.0,-1,0.0,G4_EV,ev=0.00355 <= floor=0.00600  meta_conf=0.5888,-1,0.0,0.0,
BNB/USDT,2433,2026-06-19 06:00:00,long,0.57195,82.96,60.0,574.5,3.59,med_med_down,True,False,False,False,True,0.0,-0.6048537496194216,59.68934702506984,0.0,0.00271,0.006,0.0,0.0,50.0,0.0,0.0,-1,0.0,G4_EV,ev=0.00271 <= floor=0.00600  meta_conf=0.5719,-1,0.0,0.0,
BNB/USDT,2434,2026-06-19 07:00:00,long,0.56908,84.12,60.0,574.97,3.517143,med_med_down,True,False,False,False,True,0.0,-0.5034692836020764,58.932573428675575,0.0,0.002489,0.006,0.0,0.0,50.0,0.0,0.0,-1,0.0,G4_EV,ev=0.00249 <= floor=0.00600  meta_conf=0.5691,-1,0.0,0.0,
BNB/USDT,2435,2026-06-19 08:00:00,long,0.58042,82.59,60.0,574.17,3.456429,med_med_down,True,False,False,False,True,0.0,-0.6227171059342825,58.28038505899567,0.0,0.002693,0.006,0.0,0.0,50.0,0.0,0.0,-1,0.0,G4_EV,ev=0.00269 <= floor=0.00600  meta_conf=0.5804,-1,0.0,0.0,
BNB/USDT,2436,2026-06-19 09:00:00,long,0.58866,82.94,60.0,571.44,3.430714,med_med_down,True,False,False,False,True,0.0,-0.6708360671245058,57.604436759354186,0.0,0.002898,0.006,0.0,0.0,50.0,0.0,0.0,-1,0.0,G4_EV,ev=0.00290 <= floor=0.00600  meta_conf=0.5887,-1,0.0,0.0,
BNB/USDT,2437,2026-06-19 10:00:00,long,0.60023,83.72,60.0,573.04,3.443571,med_med_down,True,False,False,False,True,0.0,-0.514695902930323,56.96788980798502,0.0,0.003217,0.006,0.0,0.0,50.0,0.0,0.0,-1,0.0,G4_EV,ev=0.00322 <= floor=0.00600  meta_conf=0.6002,-1,0.0,0.0,
BNB/USDT,2438,2026-06-19 11:00:00,long,0.61553,82.93,60.0,573.28,3.446429,med_med_down,True,False,False,False,True,0.0,-0.39829200643973633,56.36119497802648,0.0,0.003634,0.006,0.0,0.0,50.0,0.0,0.0,-1,0.0,G4_EV,ev=0.00363 <= floor=0.00600  meta_conf=0.6155,-1,0.0,0.0,
BNB/USDT,2439,2026-06-19 12:00:00,long,0.58409,88.72,60.0,575.55,3.507857,med_med_down,True,False,False,False,True,0.0,-0.3276554507846389,55.81136621613163,0.0,0.002877,0.006,0.0,0.0,50.0,0.0,0.0,-1,0.0,G4_EV,ev=0.00288 <= floor=0.00600  meta_conf=0.5841,-1,0.0,0.0,
BNB/USDT,2440,2026-06-19 13:00:00,long,0.53184,100.0,60.0,577.73,3.745714,med_med_down,True,False,False,False,True,0.0,0.01481742490230141,55.44535546757656,0.0,0.001791,0.006,0.0,0.0,50.0,0.0,0.0,-1,0.0,G4_EV,ev=0.00179 <= floor=0.00600  meta_conf=0.5318,-1,0.0,0.0,
BNB/USDT,2441,2026-06-19 14:00:00,long,0.51703,88.05,60.0,577.61,3.781429,med_med_down,True,False,False,False,True,0.0,-0.05992349830362893,55.10569735555239,0.0,0.001412,0.006,0.0,0.0,50.0,0.0,0.0,-1,0.0,G4_EV,ev=0.00141 <= floor=0.00600  meta_conf=0.5170,-1,0.0,0.0,
BNB/USDT,2442,2026-06-19 15:00:00,long,0.51356,90.09,60.0,578.77,3.79,med_med_up,False,False,False,False,False,0.0,0.0,50.0,0.0,0.0,0.0,0.0,0.0,50.0,0.0,0.0,-1,0.0,G2_EDGE,reg.buy_ok=False  regime='med_med_up',-1,0.0,0.0,
BNB/USDT,2443,2026-06-19 16:00:00,long,0.51417,75.94,60.0,577.46,3.877143,low_med_flat,False,False,False,False,False,0.0,0.0,50.0,0.0,0.0,0.0,0.0,0.0,50.0,0.0,0.0,-1,0.0,G2_EDGE,reg.buy_ok=False  regime='low_med_flat',-1,0.0,0.0,
BNB/USDT,2444,2026-06-19 17:00:00,long,0.52345,64.58,60.0,579.92,3.567857,low_med_flat,False,False,False,False,False,0.0,0.0,50.0,0.0,0.0,0.0,0.0,0.0,50.0,0.0,0.0,-1,0.0,G2_EDGE,reg.buy_ok=False  regime='low_med_flat',-1,0.0,0.0,
BNB/USDT,2445,2026-06-19 18:00:00,long,0.53963,72.36,60.0,579.25,3.127143,low_med_flat,False,False,False,False,False,0.0,0.0,50.0,0.0,0.0,0.0,0.0,0.0,50.0,0.0,0.0,-1,0.0,G2_EDGE,reg.buy_ok=False  regime='low_med_flat',-1,0.0,0.0,
BNB/USDT,2446,2026-06-19 19:00:00,long,0.53889,67.5,60.0,579.93,3.162143,low_med_flat,False,False,False,False,False,0.0,0.0,50.0,0.0,0.0,0.0,0.0,0.0,50.0,0.0,0.0,-1,0.0,G2_EDGE,reg.buy_ok=False  regime='low_med_flat',-1,0.0,0.0,
BNB/USDT,2447,2026-06-19 20:00:00,long,0.54279,70.85,60.0,581.7,3.106429,low_med_flat,False,False,False,False,False,0.0,0.0,50.0,0.0,0.0,0.0,0.0,0.0,50.0,0.0,0.0,-1,0.0,G2_EDGE,reg.buy_ok=False  regime='low_med_flat',-1,0.0,0.0,
BNB/USDT,2448,2026-06-19 21:00:00,long,0.53252,63.7,60.0,580.14,3.095,low_med_flat,False,False,False,False,False,0.0,0.0,50.0,0.0,0.0,0.0,0.0,0.0,50.0,0.0,0.0,-1,0.0,G2_EDGE,reg.buy_ok=False  regime='low_med_flat',-1,0.0,0.0,
BNB/USDT,2449,2026-06-19 22:00:00,long,0.5316,65.14,60.0,580.57,3.07,low_med_flat,False,False,False,False,False,0.0,0.0,50.0,0.0,0.0,0.0,0.0,0.0,50.0,0.0,0.0,-1,0.0,G2_EDGE,reg.buy_ok=False  regime='low_med_flat',-1,0.0,0.0,
BNB/USDT,2450,2026-06-19 23:00:00,long,0.51803,58.77,60.0,581.42,2.993571,low_med_flat,False,False,False,False,False,0.0,0.0,50.0,0.0,0.0,0.0,0.0,0.0,50.0,0.0,0.0,-1,0.0,G2_EDGE,reg.buy_ok=False  regime='low_med_flat',-1,0.0,0.0,
BNB/USDT,2451,2026-06-20 00:00:00,long,0.52405,65.91,60.0,580.91,2.967143,low_med_flat,False,False,False,False,False,0.0,0.0,50.0,0.0,0.0,0.0,0.0,0.0,50.0,0.0,0.0,-1,0.0,G2_EDGE,reg.buy_ok=False  regime='low_med_flat',-1,0.0,0.0,
BNB/USDT,2452,2026-06-20 01:00:00,long,0.50585,61.64,60.0,581.25,2.917143,low_low_flat,True,True,False,True,False,0.0,0.38207331399831285,56.09000915370701,0.0,-0.000104,0.006,0.0,0.0,50.0,0.0,0.0,-1,0.0,G4_EV,ev=-0.00010 <= floor=0.00600  meta_conf=0.5058,-1,0.0,0.0,
BNB/USDT,2453,2026-06-20 02:00:00,long,0.5006,66.9,60.0,580.18,2.724286,low_low_flat,True,True,False,True,False,0.0,0.27448719828402596,59.588130037304076,0.0,-0.000466,0.006,0.0,0.0,50.0,0.0,0.0,-1,0.0,G4_EV,ev=-0.00047 <= floor=0.00600  meta_conf=0.5006,-1,0.0,0.0,
BNB/USDT,2454,2026-06-20 03:00:00,short,0.50518,79.75,60.0,580.6,2.417143,low_low_flat,True,True,False,True,False,0.0,0.3747340499705183,74.27969738695812,0.0,-0.000781,0.006,0.0,0.0,50.0,0.0,0.0,-1,0.0,G4_EV,ev=-0.00078 <= floor=0.00600  meta_conf=0.5052,-1,0.0,0.0,
BNB/USDT,2455,2026-06-20 04:00:00,short,0.51675,87.22,60.0,581.0,2.287857,low_low_up,False,True,False,True,False,0.0,0.4133378610045874,72.9889147793387,0.0,-0.00075,0.006,0.0,0.0,50.0,0.0,0.0,-1,0.0,G4_EV,ev=-0.00075 <= floor=0.00600  meta_conf=0.5167,-1,0.0,0.0,
BNB/USDT,2456,2026-06-20 05:00:00,short,0.51531,100.0,60.0,582.83,2.292857,low_low_up,False,True,False,True,False,0.0,0.5335821266181315,67.536515833586,1.0,-0.000779,0.006,0.0,0.0,50.0,0.0,0.0,-1,0.0,G4_EV,ev=-0.00078 <= floor=0.00600  meta_conf=0.5153,-1,0.0,0.0,
BNB/USDT,2457,2026-06-20 06:00:00,short,0.52743,83.58,60.0,587.25,2.447857,low_low_up,False,True,False,True,False,0.0,0.6884472856800117,48.065562262182716,1.0,-0.000359,0.006,0.0,0.0,50.0,0.0,0.0,-1,0.0,G4_EV,ev=-0.00036 <= floor=0.00600  meta_conf=0.5274,-1,0.0,0.0,
BNB/USDT,2458,2026-06-20 07:00:00,short,0.52454,80.5,60.0,587.69,2.526429,low_low_up,False,True,False,True,False,0.0,0.6542812615337246,46.20840670042766,0.0,-0.000301,0.006,0.0,0.0,50.0,0.0,0.0,-1,0.0,G4_EV,ev=-0.00030 <= floor=0.00600  meta_conf=0.5245,-1,0.0,0.0,
BNB/USDT,2459,2026-06-20 08:00:00,short,0.53616,84.14,60.0,585.67,2.568571,low_low_up,False,True,False,True,False,0.0,0.5060321888130963,45.663675219077064,0.0,3e-06,0.006,0.0,0.0,50.0,0.0,0.0,-1,0.0,G4_EV,ev=0.00000 <= floor=0.00600  meta_conf=0.5362,-1,0.0,0.0,
BNB/USDT,2460,2026-06-20 09:00:00,short,0.53116,81.45,60.0,587.81,2.465714,low_low_up,False,True,False,True,False,0.0,0.6475411389620774,48.76229080529711,0.0,-0.000266,0.006,0.0,0.0,50.0,0.0,0.0,-1,0.0,G4_EV,ev=-0.00027 <= floor=0.00600  meta_conf=0.5312,-1,0.0,0.0,
BNB/USDT,2461,2026-06-20 10:00:00,short,0.53431,79.71,60.0,586.98,2.419286,low_low_up,False,True,False,True,False,0.0,0.5163424726595699,51.31959873615517,0.0,-0.000273,0.006,0.0,0.0,50.0,0.0,0.0,-1,0.0,G4_EV,ev=-0.00027 <= floor=0.00600  meta_conf=0.5343,-1,0.0,0.0,
BNB/USDT,2462,2026-06-20 11:00:00,short,0.53141,81.81,60.0,586.38,2.347857,low_low_up,False,True,False,True,False,0.0,0.39055737070680036,50.55065534567321,0.0,-0.000431,0.006,0.0,0.0,50.0,0.0,0.0,-1,0.0,G4_EV,ev=-0.00043 <= floor=0.00600  meta_conf=0.5314,-1,0.0,0.0,
BNB/USDT,2463,2026-06-20 12:00:00,short,0.53433,78.25,60.0,586.42,2.331429,low_low_up,False,True,False,True,False,0.0,0.5301816336535026,50.774736507602704,0.0,-0.000404,0.006,0.0,0.0,50.0,0.0,0.0,-1,0.0,G4_EV,ev=-0.00040 <= floor=0.00600  meta_conf=0.5343,-1,0.0,0.0,
BNB/USDT,2464,2026-06-20 13:00:00,short,0.52953,85.76,60.0,584.73,2.425714,low_low_up,False,True,False,True,False,0.0,0.3268810824796288,50.329738933476285,0.0,-0.000337,0.006,0.0,0.0,50.0,0.0,0.0,-1,0.0,G4_EV,ev=-0.00034 <= floor=0.00600  meta_conf=0.5295,-1,0.0,0.0,
BNB/USDT,2465,2026-06-20 14:00:00,short,0.51907,89.01,60.0,586.04,2.727143,low_low_up,False,True,False,True,False,0.0,0.4326200157097214,50.070047972615065,0.0,-0.000111,0.006,0.0,0.0,50.0,0.0,0.0,-1,0.0,G4_EV,ev=-0.00011 <= floor=0.00600  meta_conf=0.5191,-1,0.0,0.0,
BNB/USDT,2466,2026-06-20 15:00:00,short,0.51062,86.17,60.0,587.2,2.91,low_low_up,False,True,False,True,False,0.0,0.4975865413800279,50.06229173601188,0.0,-4.6e-05,0.006,0.0,0.0,50.0,0.0,0.0,-1,0.0,G4_EV,ev=-0.00005 <= floor=0.00600  meta_conf=0.5106,-1,0.0,0.0,
BNB/USDT,2467,2026-06-20 16:00:00,short,0.5036,79.09,60.0,586.8,2.951429,low_low_up,False,True,False,True,False,0.0,0.3802128861369163,50.30816586791463,0.0,-0.000146,0.006,0.0,0.0,50.0,0.0,0.0,-1,0.0,G4_EV,ev=-0.00015 <= floor=0.00600  meta_conf=0.5036,-1,0.0,0.0,
BNB/USDT,2468,2026-06-20 17:00:00,short,0.50591,68.03,60.0,585.34,3.081429,low_med_up,False,False,False,False,False,0.0,0.0,50.0,0.0,0.0,0.0,0.0,0.0,50.0,0.0,0.0,-1,0.0,G2_EDGE,reg.sell_ok=False  regime='low_med_up',-1,0.0,0.0,
BNB/USDT,2469,2026-06-20 18:00:00,short,0.50421,67.5,60.0,585.37,3.137143,low_med_up,False,False,False,False,False,0.0,0.0,50.0,0.0,0.0,0.0,0.0,0.0,50.0,0.0,0.0,-1,0.0,G2_EDGE,reg.sell_ok=False  regime='low_med_up',-1,0.0,0.0,
BNB/USDT,2470,2026-06-20 19:00:00,short,0.5032,67.66,60.0,585.92,2.987143,low_low_up,False,True,False,True,True,0.0,0.2955787367315264,61.165586498360845,0.0,-0.000103,0.006,0.0,0.0,50.0,0.0,0.0,-1,0.0,G4_EV,ev=-0.00010 <= floor=0.00600  meta_conf=0.5032,-1,0.0,0.0,
BNB/USDT,2471,2026-06-20 20:00:00,short,0.53393,69.89,60.0,586.39,2.692857,low_low_up,False,True,False,True,True,0.0,0.2116725909288113,61.41348341684603,0.0,0.000145,0.006,0.0,0.0,50.0,0.0,0.0,-1,0.0,G4_EV,ev=0.00015 <= floor=0.00600  meta_conf=0.5339,-1,0.0,0.0,
BNB/USDT,2472,2026-06-20 21:00:00,short,0.53972,70.79,60.0,586.46,2.519286,low_low_up,False,True,False,True,True,0.0,0.1654898538577669,63.66525644472815,0.0,-1e-05,0.006,0.0,0.0,50.0,0.0,0.0,-1,0.0,G4_EV,ev=-0.00001 <= floor=0.00600  meta_conf=0.5397,-1,0.0,0.0,
BNB/USDT,2473,2026-06-20 22:00:00,short,0.52765,69.81,60.0,587.91,2.520714,low_low_up,False,True,False,True,True,0.0,0.4750881397357413,63.616951527996214,0.0,-0.000251,0.006,0.0,0.0,50.0,0.0,0.0,-1,0.0,G4_EV,ev=-0.00025 <= floor=0.00600  meta_conf=0.5277,-1,0.0,0.0,
BNB/USDT,2474,2026-06-20 23:00:00,short,0.5365,68.22,60.0,588.03,2.408571,low_low_up,False,True,False,True,True,0.0,0.5550164698800291,63.55919323898529,0.0,-0.000255,0.006,0.0,0.0,50.0,0.0,0.0,-1,0.0,G4_EV,ev=-0.00026 <= floor=0.00600  meta_conf=0.5365,-1,0.0,0.0,
BNB/USDT,2475,2026-06-21 00:00:00,short,0.54532,71.56,60.0,587.49,2.343571,low_low_up,False,True,False,True,True,0.0,0.429162495358885,63.482527645732944,0.0,-0.000195,0.006,0.0,0.0,50.0,0.0,0.0,-1,0.0,G4_EV,ev=-0.00019 <= floor=0.00600  meta_conf=0.5453,-1,0.0,0.0,
BNB/USDT,2476,2026-06-21 01:00:00,short,0.51927,78.27,60.0,589.44,2.458571,low_low_up,False,True,False,True,False,0.0,0.6653847404497805,57.50679852736862,1.0,-0.00051,0.006,0.0,0.0,50.0,0.0,0.0,-1,0.0,G4_EV,ev=-0.00051 <= floor=0.00600  meta_conf=0.5193,-1,0.0,0.0,
BNB/USDT,2477,2026-06-21 02:00:00,short,0.51728,76.8,60.0,589.52,2.447857,low_low_up,False,True,False,True,False,0.0,0.6503758223590057,57.62427853781123,0.0,-0.000563,0.006,0.0,0.0,50.0,0.0,0.0,-1,0.0,G4_EV,ev=-0.00056 <= floor=0.00600  meta_conf=0.5173,-1,0.0,0.0,
BNB/USDT,2478,2026-06-21 03:00:00,short,0.51944,85.49,60.0,590.36,2.329286,low_low_up,False,True,False,True,False,0.0,0.6804326304800542,54.091900904573,1.0,-0.000696,0.006,0.0,0.0,50.0,0.0,0.0,-1,0.0,G4_EV,ev=-0.00070 <= floor=0.00600  meta_conf=0.5194,-1,0.0,0.0,
BNB/USDT,2479,2026-06-21 04:00:00,short,0.51469,83.37,60.0,589.24,2.007143,low_low_up,False,True,False,True,False,0.0,0.4644030253917456,62.88047624271631,0.0,-0.00122,0.006,0.0,0.0,50.0,0.0,0.0,-1,0.0,G4_EV,ev=-0.00122 <= floor=0.00600  meta_conf=0.5147,-1,0.0,0.0,
BNB/USDT,2480,2026-06-21 05:00:00,short,0.51384,77.43,60.0,589.76,1.857857,low_low_up,False,True,False,True,False,0.0,0.5761081439726133,61.781162594789826,0.0,-0.001441,0.006,0.0,0.0,50.0,0.0,0.0,-1,0.0,G4_EV,ev=-0.00144 <= floor=0.00600  meta_conf=0.5138,-1,0.0,0.0,
BNB/USDT,2481,2026-06-21 06:00:00,short,0.51386,71.81,60.0,590.27,1.904286,low_low_flat,True,True,False,True,True,0.0,0.6564671726264382,57.28979460859489,0.0,-0.001379,0.006,0.0,0.0,50.0,0.0,0.0,-1,0.0,G4_EV,ev=-0.00138 <= floor=0.00600  meta_conf=0.5139,-1,0.0,0.0,
BNB/USDT,2482,2026-06-21 07:00:00,short,0.51154,78.08,60.0,590.94,1.865,low_low_flat,True,True,False,True,False,0.0,0.6346595892872177,60.23371372525484,0.0,-0.001469,0.006,0.0,0.0,50.0,0.0,0.0,-1,0.0,G4_EV,ev=-0.00147 <= floor=0.00600  meta_conf=0.5115,-1,0.0,0.0,
BNB/USDT,2483,2026-06-21 08:00:00,short,0.52027,76.49,60.0,588.88,1.990714,low_low_flat,True,True,False,True,True,0.0,0.40877925908372376,58.913433634420635,0.0,-0.001156,0.006,0.0,0.0,50.0,0.0,0.0,-1,0.0,G4_EV,ev=-0.00116 <= floor=0.00600  meta_conf=0.5203,-1,0.0,0.0,
BNB/USDT,2484,2026-06-21 09:00:00,short,0.51956,71.07,60.0,589.97,2.063571,low_low_flat,True,True,False,True,True,0.0,0.5388941632506121,57.815299490855665,0.0,-0.001069,0.006,0.0,0.0,50.0,0.0,0.0,-1,0.0,G4_EV,ev=-0.00107 <= floor=0.00600  meta_conf=0.5196,-1,0.0,0.0,
BNB/USDT,2485,2026-06-21 10:00:00,short,0.51184,71.09,60.0,590.21,2.097143,low_low_flat,True,True,False,True,True,0.0,0.5049588550081716,60.81793369392182,0.0,-0.001146,0.006,0.0,0.0,50.0,0.0,0.0,-1,0.0,G4_EV,ev=-0.00115 <= floor=0.00600  meta_conf=0.5118,-1,0.0,0.0,
BNB/USDT,2486,2026-06-21 11:00:00,short,0.51463,77.0,60.0,588.45,2.172857,low_low_flat,True,True,False,True,True,0.0,0.15253949752361898,62.595003299289445,0.0,-0.000987,0.006,0.0,0.0,50.0,0.0,0.0,-1,0.0,G4_EV,ev=-0.00099 <= floor=0.00600  meta_conf=0.5146,-1,0.0,0.0,
BNB/USDT,2487,2026-06-21 12:00:00,short,0.53289,98.91,60.0,587.08,2.237143,low_low_flat,True,True,False,True,True,0.0,-0.1395444294770465,57.1484286949331,0.0,-0.000578,0.006,0.0,0.0,50.0,0.0,0.0,-1,0.0,G4_EV,ev=-0.00058 <= floor=0.00600  meta_conf=0.5329,-1,0.0,0.0,
BNB/USDT,2488,2026-06-21 13:00:00,short,0.53523,76.46,60.0,588.42,2.327857,low_low_flat,True,True,False,True,True,0.0,0.08176309597984092,57.04696462432947,0.0,-0.000406,0.006,0.0,0.0,50.0,0.0,0.0,-1,0.0,G4_EV,ev=-0.00041 <= floor=0.00600  meta_conf=0.5352,-1,0.0,0.0,
BNB/USDT,2489,2026-06-21 14:00:00,short,0.53446,72.61,60.0,589.82,2.375,low_low_flat,True,True,False,True,True,0.0,0.3295781951663851,57.08650506332593,0.0,-0.000356,0.006,0.0,0.0,50.0,0.0,0.0,-1,0.0,G4_EV,ev=-0.00036 <= floor=0.00600  meta_conf=0.5345,-1,0.0,0.0,
BNB/USDT,2490,2026-06-21 15:00:00,short,0.53778,72.57,60.0,589.88,2.229286,low_low_flat,True,True,False,True,True,0.0,0.33211943395676524,56.79708758038904,0.0,-0.000523,0.006,0.0,0.0,50.0,0.0,0.0,-1,0.0,G4_EV,ev=-0.00052 <= floor=0.00600  meta_conf=0.5378,-1,0.0,0.0,
BNB/USDT,2491,2026-06-21 16:00:00,short,0.53659,72.45,60.0,589.8,2.266429,low_low_flat,True,True,False,True,True,0.0,0.23737062369163228,56.5665011281668,0.0,-0.000485,0.006,0.0,0.0,50.0,0.0,0.0,-1,0.0,G4_EV,ev=-0.00049 <= floor=0.00600  meta_conf=0.5366,-1,0.0,0.0,
BNB/USDT,2492,2026-06-21 17:00:00,short,0.53067,71.77,60.0,590.86,2.246429,low_low_up,False,True,False,True,True,0.0,0.3647180755298856,56.46072536684104,0.0,-0.000624,0.006,0.0,0.0,50.0,0.0,0.0,-1,0.0,G4_EV,ev=-0.00062 <= floor=0.00600  meta_conf=0.5307,-1,0.0,0.0,
BNB/USDT,2493,2026-06-21 18:00:00,short,0.51481,67.93,60.0,591.68,2.309286,low_low_up,False,True,False,True,True,0.0,0.6300859101784734,56.84502564072807,0.0,-0.000813,0.006,0.0,0.0,50.0,0.0,0.0,-1,0.0,G4_EV,ev=-0.00081 <= floor=0.00600  meta_conf=0.5148,-1,0.0,0.0,
BNB/USDT,2494,2026-06-21 19:00:00,short,0.53041,68.09,60.0,591.85,2.267143,low_low_up,False,True,False,True,True,0.0,0.6152383005714226,53.429558524366,1.0,-0.000603,0.006,0.0,0.0,50.0,0.0,0.0,-1,0.0,G4_EV,ev=-0.00060 <= floor=0.00600  meta_conf=0.5304,-1,0.0,0.0,
BNB/USDT,2495,2026-06-21 20:00:00,short,0.52893,75.05,60.0,588.46,2.403571,low_low_flat,True,True,False,True,True,0.0,-0.028590835481980978,54.047807178928174,0.0,-0.000405,0.006,0.0,0.0,50.0,0.0,0.0,-1,0.0,G4_EV,ev=-0.00040 <= floor=0.00600  meta_conf=0.5289,-1,0.0,0.0,
BNB/USDT,2496,2026-06-21 21:00:00,short,0.52432,59.81,60.0,587.68,2.494286,low_low_flat,True,True,False,False,False,0.0,0.0,50.0,0.0,0.0,0.0,0.0,0.0,50.0,0.0,0.0,-1,0.0,G2_EDGE,edge=59.8 < thr=60.0,-1,0.0,0.0,
BNB/USDT,2497,2026-06-21 22:00:00,short,0.51033,61.53,60.0,587.49,2.481429,low_low_flat,True,True,False,True,True,0.0,-0.3555679279502495,55.347929471520764,0.0,-0.000636,0.006,0.0,0.0,50.0,0.0,0.0,-1,0.0,G4_EV,ev=-0.00064 <= floor=0.00600  meta_conf=0.5103,-1,0.0,0.0,
BNB/USDT,2498,2026-06-21 23:00:00,short,0.5007,66.37,60.0,584.23,2.599286,low_low_flat,True,True,False,True,True,0.0,-0.6218443989327499,48.83143703804152,-1.0,-0.000649,0.006,0.0,0.0,50.0,0.0,0.0,-1,0.0,G4_EV,ev=-0.00065 <= floor=0.00600  meta_conf=0.5007,-1,0.0,0.0,
BNB/USDT,2499,2026-06-22 00:00:00,short,0.50494,61.26,60.0,587.88,2.837857,low_low_flat,True,True,False,True,True,0.0,-0.30395022460361043,49.68516888136071,0.0,-0.000272,0.006,0.0,0.0,50.0,0.0,0.0,-1,0.0,G4_EV,ev=-0.00027 <= floor=0.00600  meta_conf=0.5049,-1,0.0,0.0,
BNB/USDT,2500,2026-06-22 01:00:00,long,0.59981,75.92,60.0,594.51,3.295714,low_med_up,False,False,False,False,False,0.0,0.0,50.0,0.0,0.0,0.0,0.0,0.0,50.0,0.0,0.0,-1,0.0,G2_EDGE,reg.buy_ok=False  regime='low_med_up',-1,0.0,0.0,
BNB/USDT,2501,2026-06-22 02:00:00,long,0.60336,69.1,60.0,591.33,3.295,low_med_flat,False,False,False,False,False,0.0,0.0,50.0,0.0,0.0,0.0,0.0,0.0,50.0,0.0,0.0,-1,0.0,G2_EDGE,reg.buy_ok=False  regime='low_med_flat',-1,0.0,0.0,
BNB/USDT,2502,2026-06-22 03:00:00,long,0.60399,63.69,60.0,590.05,3.383571,low_med_flat,False,False,False,False,False,0.0,0.0,50.0,0.0,0.0,0.0,0.0,0.0,50.0,0.0,0.0,-1,0.0,G2_EDGE,reg.buy_ok=False  regime='low_med_flat',-1,0.0,0.0,
BNB/USDT,2503,2026-06-22 04:00:00,long,0.61065,66.08,60.0,590.57,3.338571,low_med_flat,False,False,False,False,False,0.0,0.0,50.0,0.0,0.0,0.0,0.0,0.0,50.0,0.0,0.0,-1,0.0,G2_EDGE,reg.buy_ok=False  regime='low_med_flat',-1,0.0,0.0,
BNB/USDT,2504,2026-06-22 05:00:00,long,0.61195,53.18,60.0,592.99,3.46,low_med_flat,False,False,False,False,False,0.0,0.0,50.0,0.0,0.0,0.0,0.0,0.0,50.0,0.0,0.0,-1,0.0,G2_EDGE,reg.buy_ok=False  regime='low_med_flat',-1,0.0,0.0,
BNB/USDT,2505,2026-06-22 06:00:00,long,0.60952,65.89,60.0,590.82,3.592143,low_med_flat,False,False,False,False,False,0.0,0.0,50.0,0.0,0.0,0.0,0.0,0.0,50.0,0.0,0.0,-1,0.0,G2_EDGE,reg.buy_ok=False  regime='low_med_flat',-1,0.0,0.0,
BNB/USDT,2506,2026-06-22 07:00:00,long,0.61768,61.95,60.0,593.96,3.787857,low_med_flat,False,False,False,False,False,0.0,0.0,50.0,0.0,0.0,0.0,0.0,0.0,50.0,0.0,0.0,-1,0.0,G2_EDGE,reg.buy_ok=False  regime='low_med_flat',-1,0.0,0.0,
BNB/USDT,2507,2026-06-22 08:00:00,long,0.6179,54.78,60.0,593.18,3.777143,low_med_up,False,False,False,False,False,0.0,0.0,50.0,0.0,0.0,0.0,0.0,0.0,50.0,0.0,0.0,-1,0.0,G2_EDGE,reg.buy_ok=False  regime='low_med_up',-1,0.0,0.0,
BNB/USDT,2508,2026-06-22 09:00:00,long,0.62287,55.04,60.0,593.12,3.780714,low_med_flat,False,False,False,False,False,0.0,0.0,50.0,0.0,0.0,0.0,0.0,0.0,50.0,0.0,0.0,-1,0.0,G2_EDGE,reg.buy_ok=False  regime='low_med_flat',-1,0.0,0.0,
BNB/USDT,2509,2026-06-22 10:00:00,long,0.59667,62.85,60.0,592.07,3.61,low_med_flat,False,False,False,False,False,0.0,0.0,50.0,0.0,0.0,0.0,0.0,0.0,50.0,0.0,0.0,-1,0.0,G2_EDGE,reg.buy_ok=False  regime='low_med_flat',-1,0.0,0.0,
BNB/USDT,2510,2026-06-22 11:00:00,long,0.59842,64.26,60.0,597.17,3.795714,low_med_up,False,False,False,False,False,0.0,0.0,50.0,0.0,0.0,0.0,0.0,0.0,50.0,0.0,0.0,-1,0.0,G2_EDGE,reg.buy_ok=False  regime='low_med_up',-1,0.0,0.0,
BNB/USDT,2511,2026-06-22 12:00:00,long,0.67724,79.27,60.0,600.63,3.832143,low_med_up,False,False,False,False,False,0.0,0.0,50.0,0.0,0.0,0.0,0.0,0.0,50.0,0.0,0.0,-1,0.0,G2_EDGE,reg.buy_ok=False  regime='low_med_up',-1,0.0,0.0,
BNB/USDT,2512,2026-06-22 13:00:00,long,0.6845,55.12,60.0,602.1,3.775,low_med_up,False,False,False,False,False,0.0,0.0,50.0,0.0,0.0,0.0,0.0,0.0,50.0,0.0,0.0,-1,0.0,G2_EDGE,reg.buy_ok=False  regime='low_med_up',-1,0.0,0.0,
BNB/USDT,2513,2026-06-22 14:00:00,long,0.64724,77.18,60.0,597.96,3.833571,low_med_up,False,False,False,False,False,0.0,0.0,50.0,0.0,0.0,0.0,0.0,0.0,50.0,0.0,0.0,-1,0.0,G2_EDGE,reg.buy_ok=False  regime='low_med_up',-1,0.0,0.0,
BNB/USDT,2514,2026-06-22 15:00:00,long,0.59797,75.29,60.0,596.25,3.453571,low_med_up,False,False,False,False,False,0.0,0.0,50.0,0.0,0.0,0.0,0.0,0.0,50.0,0.0,0.0,-1,0.0,G2_EDGE,reg.buy_ok=False  regime='low_med_up',-1,0.0,0.0,
BNB/USDT,2515,2026-06-22 16:00:00,long,0.63542,73.66,60.0,594.79,3.485714,low_med_up,False,False,False,False,False,0.0,0.0,50.0,0.0,0.0,0.0,0.0,0.0,50.0,0.0,0.0,-1,0.0,G2_EDGE,reg.buy_ok=False  regime='low_med_up',-1,0.0,0.0,
BNB/USDT,2516,2026-06-22 17:00:00,long,0.61768,71.71,60.0,595.44,3.420714,low_med_up,False,False,False,False,False,0.0,0.0,50.0,0.0,0.0,0.0,0.0,0.0,50.0,0.0,0.0,-1,0.0,G2_EDGE,reg.buy_ok=False  regime='low_med_up',-1,0.0,0.0,
BNB/USDT,2517,2026-06-22 18:00:00,long,0.61807,77.9,60.0,593.35,3.597143,low_med_flat,False,False,False,False,False,0.0,0.0,50.0,0.0,0.0,0.0,0.0,0.0,50.0,0.0,0.0,-1,0.0,G2_EDGE,reg.buy_ok=False  regime='low_med_flat',-1,0.0,0.0,
BNB/USDT,2518,2026-06-22 19:00:00,long,0.63305,91.48,60.0,592.29,3.657857,med_med_flat,True,False,False,False,True,0.0,-0.02014987809910759,54.87084599927937,0.0,0.004329,0.006,0.0,0.0,50.0,0.0,0.0,-1,0.0,G4_EV,ev=0.00433 <= floor=0.00600  meta_conf=0.6331,-1,0.0,0.0,
BNB/USDT,2519,2026-06-22 20:00:00,long,0.62668,86.23,60.0,591.56,3.627143,med_med_flat,True,False,False,False,True,0.0,-0.1420531661208488,53.9365051163675,0.0,0.004094,0.006,0.0,0.0,50.0,0.0,0.0,-1,0.0,G4_EV,ev=0.00409 <= floor=0.00600  meta_conf=0.6267,-1,0.0,0.0,
BNB/USDT,2520,2026-06-22 21:00:00,long,0.61307,80.16,60.0,591.17,3.517143,med_med_flat,True,False,False,False,True,0.0,-0.42843853007231136,51.50955816265963,0.0,0.003489,0.006,0.0,0.0,50.0,0.0,0.0,-1,0.0,G4_EV,ev=0.00349 <= floor=0.00600  meta_conf=0.6131,-1,0.0,0.0,
BNB/USDT,2521,2026-06-22 22:00:00,long,0.60428,82.3,60.0,589.97,3.629286,med_med_flat,True,False,False,False,True,0.0,-0.5130245613503073,47.85134151831516,0.0,0.0035,0.006,0.0,0.0,50.0,0.0,0.0,-1,0.0,G4_EV,ev=0.00350 <= floor=0.00600  meta_conf=0.6043,-1,0.0,0.0,
BNB/USDT,2522,2026-06-22 23:00:00,long,0.62811,83.31,60.0,590.15,3.694286,low_med_up,False,False,False,False,False,0.0,0.0,50.0,0.0,0.0,0.0,0.0,0.0,50.0,0.0,0.0,-1,0.0,G2_EDGE,reg.buy_ok=False  regime='low_med_up',-1,0.0,0.0,
BNB/USDT,2523,2026-06-23 00:00:00,long,0.63747,88.38,60.0,591.4,3.756429,low_med_flat,False,False,False,False,False,0.0,0.0,50.0,0.0,0.0,0.0,0.0,0.0,50.0,0.0,0.0,-1,0.0,G2_EDGE,reg.buy_ok=False  regime='low_med_flat',-1,0.0,0.0,
BNB/USDT,2524,2026-06-23 01:00:00,long,0.61351,83.05,60.0,590.38,3.622143,low_med_flat,False,False,False,False,False,0.0,0.0,50.0,0.0,0.0,0.0,0.0,0.0,50.0,0.0,0.0,-1,0.0,G2_EDGE,reg.buy_ok=False  regime='low_med_flat',-1,0.0,0.0,
BNB/USDT,2525,2026-06-23 02:00:00,long,0.58973,85.21,60.0,592.62,3.561429,low_med_flat,False,False,False,False,False,0.0,0.0,50.0,0.0,0.0,0.0,0.0,0.0,50.0,0.0,0.0,-1,0.0,G2_EDGE,reg.buy_ok=False  regime='low_med_flat',-1,0.0,0.0,
BNB/USDT,2526,2026-06-23 03:00:00,long,0.61309,85.67,60.0,591.96,3.547857,low_med_flat,False,False,False,False,False,0.0,0.0,50.0,0.0,0.0,0.0,0.0,0.0,50.0,0.0,0.0,-1,0.0,G2_EDGE,reg.buy_ok=False  regime='low_med_flat',-1,0.0,0.0,
BNB/USDT,2527,2026-06-23 04:00:00,long,0.58439,80.52,60.0,587.21,3.478571,low_med_flat,False,False,False,False,False,0.0,0.0,50.0,0.0,0.0,0.0,0.0,0.0,50.0,0.0,0.0,-1,0.0,G2_EDGE,reg.buy_ok=False  regime='low_med_flat',-1,0.0,0.0,
BNB/USDT,2528,2026-06-23 05:00:00,long,0.50278,80.34,60.0,585.6,3.417857,low_med_down,True,False,False,False,True,0.0,-0.6432661913376236,54.08703067114749,-1.0,0.00045,0.006,0.0,0.0,50.0,0.0,0.0,-1,0.0,G4_EV,ev=0.00045 <= floor=0.00600  meta_conf=0.5028,-1,0.0,0.0,
BNB/USDT,2529,2026-06-23 06:00:00,short,0.52939,85.28,60.0,581.14,3.750714,low_med_down,True,False,False,False,False,0.0,0.0,50.0,0.0,0.0,0.0,0.0,0.0,50.0,0.0,0.0,-1,0.0,G2_EDGE,reg.sell_ok=False  regime='low_med_down',-1,0.0,0.0,
BNB/USDT,2530,2026-06-23 07:00:00,short,0.51637,63.75,60.0,580.88,3.693571,low_med_down,True,False,False,False,False,0.0,0.0,50.0,0.0,0.0,0.0,0.0,0.0,50.0,0.0,0.0,-1,0.0,G2_EDGE,reg.sell_ok=False  regime='low_med_down',-1,0.0,0.0,
BNB/USDT,2531,2026-06-23 08:00:00,long,0.52385,100.0,60.0,574.08,4.195714,med_med_down,True,False,False,False,True,0.0,-0.7477867666412877,29.64899257693916,-1.0,0.002266,0.006,0.0,0.0,50.0,0.0,0.0,-1,0.0,G4_EV,ev=0.00227 <= floor=0.00600  meta_conf=0.5238,-1,0.0,0.0,
BNB/USDT,2532,2026-06-23 09:00:00,long,0.53436,87.52,60.0,571.92,4.166429,med_med_down,True,False,False,False,True,0.0,-0.7272673210407592,31.359363280767784,0.0,0.00259,0.006,0.0,0.0,50.0,0.0,0.0,-1,0.0,G4_EV,ev=0.00259 <= floor=0.00600  meta_conf=0.5344,-1,0.0,0.0,
BNB/USDT,2533,2026-06-23 10:00:00,long,0.52873,87.41,60.0,572.11,4.132143,med_med_down,True,False,False,False,True,0.0,-0.6307561894740835,32.26883442301012,0.0,0.002351,0.006,0.0,0.0,50.0,0.0,0.0,-1,0.0,G4_EV,ev=0.00235 <= floor=0.00600  meta_conf=0.5287,-1,0.0,0.0,
BNB/USDT,2534,2026-06-23 11:00:00,long,0.55013,86.99,60.0,574.07,4.137143,med_med_down,True,False,False,False,True,0.0,-0.5913871719411508,32.71655524600876,0.0,0.003031,0.006,0.0,0.0,50.0,0.0,0.0,-1,0.0,G4_EV,ev=0.00303 <= floor=0.00600  meta_conf=0.5501,-1,0.0,0.0,
BNB/USDT,2535,2026-06-23 12:00:00,long,0.52684,82.58,60.0,573.76,4.032857,med_med_down,True,False,False,False,True,0.0,-0.6488613562598516,33.005169529848345,0.0,0.002121,0.006,0.0,0.0,50.0,0.0,0.0,-1,0.0,G4_EV,ev=0.00212 <= floor=0.00600  meta_conf=0.5268,-1,0.0,0.0,
BNB/USDT,2536,2026-06-23 13:00:00,long,0.54695,86.37,60.0,575.28,4.18,med_med_down,True,False,False,False,True,0.0,-0.5222168271313454,33.349638311495404,0.0,0.002985,0.006,0.0,0.0,50.0,0.0,0.0,-1,0.0,G4_EV,ev=0.00298 <= floor=0.00600  meta_conf=0.5470,-1,0.0,0.0,
BNB/USDT,2537,2026-06-23 14:00:00,long,0.52005,81.89,60.0,573.84,4.24,med_med_down,True,False,False,False,True,0.0,-0.6405108593930366,33.68950452035612,0.0,0.002208,0.006,0.0,0.0,50.0,0.0,0.0,-1,0.0,G4_EV,ev=0.00221 <= floor=0.00600  meta_conf=0.5200,-1,0.0,0.0,
BNB/USDT,2538,2026-06-23 15:00:00,long,0.55356,81.77,60.0,574.67,4.143571,med_med_down,True,False,False,False,True,0.0,-0.5026623274242009,34.052593934310735,0.0,0.003145,0.006,0.0,0.0,50.0,0.0,0.0,-1,0.0,G4_EV,ev=0.00315 <= floor=0.00600  meta_conf=0.5536,-1,0.0,0.0,
BNB/USDT,2539,2026-06-23 16:00:00,long,0.55105,82.01,60.0,574.72,4.154286,med_med_down,True,False,False,False,True,0.0,-0.4456783231129959,34.73458384082757,0.0,0.003082,0.006,0.0,0.0,50.0,0.0,0.0,-1,0.0,G4_EV,ev=0.00308 <= floor=0.00600  meta_conf=0.5510,-1,0.0,0.0,
BNB/USDT,2540,2026-06-23 17:00:00,long,0.54839,80.13,60.0,574.08,4.120714,med_med_down,True,False,False,False,True,0.0,-0.54039814754786,35.74763315412359,0.0,0.002947,0.006,0.0,0.0,50.0,0.0,0.0,-1,0.0,G4_EV,ev=0.00295 <= floor=0.00600  meta_conf=0.5484,-1,0.0,0.0,
BNB/USDT,2541,2026-06-23 18:00:00,long,0.53728,78.58,60.0,573.82,3.926429,med_med_down,True,False,False,False,True,0.0,-0.5710000713349082,44.35787409112862,0.0,0.00228,0.006,0.0,0.0,50.0,0.0,0.0,-1,0.0,G4_EV,ev=0.00228 <= floor=0.00600  meta_conf=0.5373,-1,0.0,0.0,
BNB/USDT,2542,2026-06-23 19:00:00,long,0.52525,83.9,60.0,576.2,3.926429,med_med_down,True,False,False,False,True,0.0,-0.2999222664019037,49.45587204931479,0.0,0.001885,0.006,0.0,0.0,50.0,0.0,0.0,-1,0.0,G4_EV,ev=0.00189 <= floor=0.00600  meta_conf=0.5252,-1,0.0,0.0,
BNB/USDT,2543,2026-06-23 20:00:00,long,0.51736,80.38,60.0,576.25,3.432857,med_med_down,True,False,False,False,True,0.0,-0.231660340945695,58.41274649709208,0.0,0.000933,0.006,0.0,0.0,50.0,0.0,0.0,-1,0.0,G4_EV,ev=0.00093 <= floor=0.00600  meta_conf=0.5174,-1,0.0,0.0,
BNB/USDT,2544,2026-06-23 21:00:00,short,0.51836,65.31,60.0,577.0,3.42,med_med_down,True,False,False,False,False,0.0,0.0,50.0,0.0,0.0,0.0,0.0,0.0,50.0,0.0,0.0,-1,0.0,G2_EDGE,reg.sell_ok=False  regime='med_med_down',-1,0.0,0.0,
BNB/USDT,2545,2026-06-23 22:00:00,short,0.52376,62.46,60.0,577.99,2.781429,med_low_down,False,True,False,False,True,0.0,0.054405848104457595,75.1542495428406,0.0,0.000124,0.006,0.0,0.0,50.0,0.0,0.0,-1,0.0,G4_EV,ev=0.00012 <= floor=0.00600  meta_conf=0.5238,-1,0.0,0.0,
BNB/USDT,2546,2026-06-23 23:00:00,short,0.50561,60.68,60.0,578.08,2.732857,med_low_down,False,True,False,False,True,0.0,0.18331921060993078,70.14727767730582,0.0,-0.000335,0.006,0.0,0.0,50.0,0.0,0.0,-1,0.0,G4_EV,ev=-0.00033 <= floor=0.00600  meta_conf=0.5056,-1,0.0,0.0,
BNB/USDT,2547,2026-06-24 00:00:00,short,0.52251,72.5,60.0,579.82,2.762143,med_low_down,False,True,False,False,False,0.0,0.18761146510225002,62.84556062324405,0.0,5.5e-05,0.006,0.0,0.0,50.0,0.0,0.0,-1,0.0,G4_EV,ev=0.00006 <= floor=0.00600  meta_conf=0.5225,-1,0.0,0.0,
BNB/USDT,2548,2026-06-24 01:00:00,short,0.5056,72.3,60.0,579.54,2.754286,med_low_down,False,True,False,False,False,0.0,0.14726841478494263,59.884254486851916,0.0,-0.000316,0.006,0.0,0.0,50.0,0.0,0.0,-1,0.0,G4_EV,ev=-0.00032 <= floor=0.00600  meta_conf=0.5056,-1,0.0,0.0,
BNB/USDT,2549,2026-06-24 02:00:00,short,0.50263,62.41,60.0,577.49,2.741429,low_low_down,False,False,False,False,False,0.0,0.0,50.0,0.0,0.0,0.0,0.0,0.0,50.0,0.0,0.0,-1,0.0,G2_EDGE,reg.sell_ok=False  regime='low_low_down',-1,0.0,0.0,
BNB/USDT,2550,2026-06-24 03:00:00,long,0.50621,85.31,60.0,577.85,2.667143,low_low_down,False,False,False,False,False,0.0,0.0,50.0,0.0,0.0,0.0,0.0,0.0,50.0,0.0,0.0,-1,0.0,G2_EDGE,reg.buy_ok=False  regime='low_low_down',-1,0.0,0.0,
BNB/USDT,2551,2026-06-24 04:00:00,short,0.50971,63.36,60.0,577.45,2.721429,low_low_down,False,False,False,False,False,0.0,0.0,50.0,0.0,0.0,0.0,0.0,0.0,50.0,0.0,0.0,-1,0.0,G2_EDGE,reg.sell_ok=False  regime='low_low_down',-1,0.0,0.0,
BNB/USDT,2552,2026-06-24 05:00:00,short,0.54406,80.7,60.0,579.93,2.812143,low_low_flat,True,True,False,True,False,0.0,0.3454868844560853,61.242088149615505,0.0,0.000598,0.006,0.0,0.0,50.0,0.0,0.0,-1,0.0,G4_EV,ev=0.00060 <= floor=0.00600  meta_conf=0.5441,-1,0.0,0.0,
BNB/USDT,2553,2026-06-24 06:00:00,short,0.52914,70.98,60.0,579.0,2.712857,low_low_flat,True,True,False,True,True,0.0,0.20653295886509823,60.007171216409354,0.0,0.000129,0.006,0.0,0.0,50.0,0.0,0.0,-1,0.0,G4_EV,ev=0.00013 <= floor=0.00600  meta_conf=0.5291,-1,0.0,0.0,
BNB/USDT,2554,2026-06-24 07:00:00,long,0.5279,80.5,60.0,576.92,2.743571,low_low_flat,True,True,False,True,True,0.0,0.0606875365352624,58.78850515347124,0.0,0.000164,0.006,0.0,0.0,50.0,0.0,0.0,-1,0.0,G4_EV,ev=0.00016 <= floor=0.00600  meta_conf=0.5279,-1,0.0,0.0,
BNB/USDT,2555,2026-06-24 08:00:00,short,0.5286,78.04,60.0,577.88,2.68,low_low_flat,True,True,False,True,True,0.0,0.2061724264387928,62.53509714949243,0.0,7.5e-05,0.006,0.0,0.0,50.0,0.0,0.0,-1,0.0,G4_EV,ev=0.00008 <= floor=0.00600  meta_conf=0.5286,-1,0.0,0.0,
BNB/USDT,2556,2026-06-24 09:00:00,long,0.50289,54.9,60.0,577.01,2.593571,low_low_up,False,True,False,False,False,0.0,0.0,50.0,0.0,0.0,0.0,0.0,0.0,50.0,0.0,0.0,-1,0.0,G2_EDGE,reg.buy_ok=False  regime='low_low_up',-1,0.0,0.0,
BNB/USDT,2557,2026-06-24 10:00:00,short,0.50461,67.72,60.0,575.52,2.61,low_low_flat,True,True,False,True,True,0.0,-0.38325052477217103,62.77091853650433,0.0,-0.000505,0.006,0.0,0.0,50.0,0.0,0.0,-1,0.0,G4_EV,ev=-0.00050 <= floor=0.00600  meta_conf=0.5046,-1,0.0,0.0,
BNB/USDT,2558,2026-06-24 11:00:00,short,0.55187,76.71,60.0,579.79,3.083571,low_med_up,False,False,False,False,False,0.0,0.0,50.0,0.0,0.0,0.0,0.0,0.0,50.0,0.0,0.0,-1,0.0,G2_EDGE,reg.sell_ok=False  regime='low_med_up',-1,0.0,0.0,
BNB/USDT,2559,2026-06-24 12:00:00,long,0.50266,74.61,60.0,576.75,3.217143,low_med_flat,False,False,False,False,False,0.0,0.0,50.0,0.0,0.0,0.0,0.0,0.0,50.0,0.0,0.0,-1,0.0,G2_EDGE,reg.buy_ok=False  regime='low_med_flat',-1,0.0,0.0,
BNB/USDT,2560,2026-06-24 13:00:00,long,0.54856,81.73,60.0,570.11,3.648571,low_med_flat,False,False,False,False,False,0.0,0.0,50.0,0.0,0.0,0.0,0.0,0.0,50.0,0.0,0.0,-1,0.0,G2_EDGE,reg.buy_ok=False  regime='low_med_flat',-1,0.0,0.0,
BNB/USDT,2561,2026-06-24 14:00:00,long,0.49716,79.69,60.0,570.45,3.720714,low_med_flat,False,False,False,False,False,0.0,0.0,50.0,0.0,0.0,0.0,0.0,0.0,50.0,0.0,0.0,-1,0.0,G2_EDGE,reg.buy_ok=False  regime='low_med_flat',-1,0.0,0.0,
BNB/USDT,2562,2026-06-24 15:00:00,long,0.54188,81.59,60.0,561.41,4.190714,low_high_down,,,True,False,False,0.0,0.0,50.0,0.0,0.0,0.0,0.0,0.0,50.0,0.0,0.0,-1,0.0,G1_REGIME,regime='low_high_down' skipped=True reg_empty=False,-1,0.0,0.0,
BNB/USDT,2563,2026-06-24 16:00:00,long,0.51904,81.57,60.0,554.75,4.86,med_high_down,,,True,False,False,0.0,0.0,50.0,0.0,0.0,0.0,0.0,0.0,50.0,0.0,0.0,-1,0.0,G1_REGIME,regime='med_high_down' skipped=True reg_empty=False,-1,0.0,0.0,
BNB/USDT,2564,2026-06-24 17:00:00,long,0.50868,100.0,60.0,549.04,5.384286,med_high_down,,,True,False,False,0.0,0.0,50.0,0.0,0.0,0.0,0.0,0.0,50.0,0.0,0.0,-1,0.0,G1_REGIME,regime='med_high_down' skipped=True reg_empty=False,-1,0.0,0.0,
BNB/USDT,2565,2026-06-24 18:00:00,long,0.5087,84.19,60.0,553.59,5.619286,med_high_down,,,True,False,False,0.0,0.0,50.0,0.0,0.0,0.0,0.0,0.0,50.0,0.0,0.0,-1,0.0,G1_REGIME,regime='med_high_down' skipped=True reg_empty=False,-1,0.0,0.0,
BNB/USDT,2566,2026-06-24 19:00:00,long,0.50729,71.14,60.0,555.57,5.562143,med_high_down,,,True,False,False,0.0,0.0,50.0,0.0,0.0,0.0,0.0,0.0,50.0,0.0,0.0,-1,0.0,G1_REGIME,regime='med_high_down' skipped=True reg_empty=False,-1,0.0,0.0,
BNB/USDT,2567,2026-06-24 20:00:00,short,0.50453,86.56,60.0,563.2,6.147857,med_high_down,,,True,False,False,0.0,0.0,50.0,0.0,0.0,0.0,0.0,0.0,50.0,0.0,0.0,-1,0.0,G1_REGIME,regime='med_high_down' skipped=True reg_empty=False,-1,0.0,0.0,
BNB/USDT,2568,2026-06-24 21:00:00,short,0.50784,80.9,60.0,564.21,6.25,high_high_down,False,True,False,False,False,0.0,-0.3586881753508652,19.49520443593999,0.0,0.004699,0.006,0.0,0.0,50.0,0.0,0.0,-1,0.0,G4_EV,ev=0.00470 <= floor=0.00600  meta_conf=0.5078,-1,0.0,0.0,
BNB/USDT,2569,2026-06-24 22:00:00,short,0.50439,82.18,60.0,563.35,6.374286,high_high_down,False,True,False,False,False,0.0,-0.42564771318505196,21.775222059256198,0.0,0.00471,0.006,0.0,0.0,50.0,0.0,0.0,-1,0.0,G4_EV,ev=0.00471 <= floor=0.00600  meta_conf=0.5044,-1,0.0,0.0,
BNB/USDT,2570,2026-06-24 23:00:00,short,0.50646,78.55,60.0,564.67,6.406429,high_high_down,False,True,False,False,False,0.0,-0.18898230773401628,23.992843652480584,0.0,0.004839,0.006,0.0,0.0,50.0,0.0,0.0,-1,0.0,G4_EV,ev=0.00484 <= floor=0.00600  meta_conf=0.5065,-1,0.0,0.0,
BNB/USDT,2571,2026-06-25 00:00:00,long,0.56447,75.9,60.0,564.05,6.482143,high_high_down,False,True,False,False,False,0.0,0.0,50.0,0.0,0.0,0.0,0.0,0.0,50.0,0.0,0.0,-1,0.0,G2_EDGE,reg.buy_ok=False  regime='high_high_down',-1,0.0,0.0,
BNB/USDT,2572,2026-06-25 01:00:00,long,0.56877,75.93,60.0,566.21,6.118571,high_high_down,False,True,False,False,False,0.0,0.0,50.0,0.0,0.0,0.0,0.0,0.0,50.0,0.0,0.0,-1,0.0,G2_EDGE,reg.buy_ok=False  regime='high_high_down',-1,0.0,0.0,
BNB/USDT,2573,2026-06-25 02:00:00,long,0.5757,76.84,60.0,565.82,5.975714,high_high_down,False,True,False,False,False,0.0,0.0,50.0,0.0,0.0,0.0,0.0,0.0,50.0,0.0,0.0,-1,0.0,G2_EDGE,reg.buy_ok=False  regime='high_high_down',-1,0.0,0.0,
BNB/USDT,2574,2026-06-25 03:00:00,long,0.5849,76.6,60.0,565.79,5.523571,high_high_down,False,True,False,False,False,0.0,0.0,50.0,0.0,0.0,0.0,0.0,0.0,50.0,0.0,0.0,-1,0.0,G2_EDGE,reg.buy_ok=False  regime='high_high_down',-1,0.0,0.0,
BNB/USDT,2575,2026-06-25 04:00:00,long,0.59058,78.85,60.0,568.46,5.595,high_high_down,False,True,False,False,False,0.0,0.0,50.0,0.0,0.0,0.0,0.0,0.0,50.0,0.0,0.0,-1,0.0,G2_EDGE,reg.buy_ok=False  regime='high_high_down',-1,0.0,0.0,
BNB/USDT,2576,2026-06-25 05:00:00,long,0.59045,83.8,60.0,570.19,5.149286,high_high_down,False,True,False,False,False,0.0,0.0,50.0,0.0,0.0,0.0,0.0,0.0,50.0,0.0,0.0,-1,0.0,G2_EDGE,reg.buy_ok=False  regime='high_high_down',-1,0.0,0.0,
BNB/USDT,2577,2026-06-25 06:00:00,long,0.63706,72.39,60.0,571.3,4.488571,high_high_down,False,True,False,False,False,0.0,0.0,50.0,0.0,0.0,0.0,0.0,0.0,50.0,0.0,0.0,-1,0.0,G2_EDGE,reg.buy_ok=False  regime='high_high_down',-1,0.0,0.0,
BNB/USDT,2578,2026-06-25 07:00:00,long,0.60413,69.86,60.0,570.47,3.890714,high_med_down,False,True,False,False,False,0.0,0.0,50.0,0.0,0.0,0.0,0.0,0.0,50.0,0.0,0.0,-1,0.0,G2_EDGE,reg.buy_ok=False  regime='high_med_down',-1,0.0,0.0,
BNB/USDT,2579,2026-06-25 08:00:00,long,0.60353,69.66,60.0,569.56,3.445,high_med_down,False,True,False,False,False,0.0,0.0,50.0,0.0,0.0,0.0,0.0,0.0,50.0,0.0,0.0,-1,0.0,G2_EDGE,reg.buy_ok=False  regime='high_med_down',-1,0.0,0.0,
BNB/USDT,2580,2026-06-25 09:00:00,long,0.59946,70.18,60.0,568.68,3.346429,high_med_down,False,True,False,False,False,0.0,0.0,50.0,0.0,0.0,0.0,0.0,0.0,50.0,0.0,0.0,-1,0.0,G2_EDGE,reg.buy_ok=False  regime='high_med_down',-1,0.0,0.0,
BNB/USDT,2581,2026-06-25 10:00:00,long,0.55844,77.14,60.0,563.7,3.095714,high_med_down,False,True,False,False,False,0.0,0.0,50.0,0.0,0.0,0.0,0.0,0.0,50.0,0.0,0.0,-1,0.0,G2_EDGE,reg.buy_ok=False  regime='high_med_down',-1,0.0,0.0,
BNB/USDT,2582,2026-06-25 11:00:00,long,0.55496,75.68,60.0,562.7,3.059286,high_med_down,False,True,False,False,False,0.0,0.0,50.0,0.0,0.0,0.0,0.0,0.0,50.0,0.0,0.0,-1,0.0,G2_EDGE,reg.buy_ok=False  regime='high_med_down',-1,0.0,0.0,
BNB/USDT,2583,2026-06-25 12:00:00,long,0.55219,77.36,60.0,563.06,3.237143,high_med_down,False,True,False,False,False,0.0,0.0,50.0,0.0,0.0,0.0,0.0,0.0,50.0,0.0,0.0,-1,0.0,G2_EDGE,reg.buy_ok=False  regime='high_med_down',-1,0.0,0.0,
BNB/USDT,2584,2026-06-25 13:00:00,long,0.61456,100.0,60.0,542.2,5.073571,high_high_down,False,True,False,False,False,0.0,0.0,50.0,0.0,0.0,0.0,0.0,0.0,50.0,0.0,0.0,-1,0.0,G2_EDGE,reg.buy_ok=False  regime='high_high_down',-1,0.0,0.0,
BNB/USDT,2585,2026-06-25 14:00:00,long,0.56672,96.08,60.0,553.16,6.100714,high_high_down,False,True,False,False,False,0.0,0.0,50.0,0.0,0.0,0.0,0.0,0.0,50.0,0.0,0.0,-1,0.0,G2_EDGE,reg.buy_ok=False  regime='high_high_down',-1,0.0,0.0,
BNB/USDT,2586,2026-06-25 15:00:00,long,0.55284,77.06,60.0,554.04,6.317857,high_high_down,False,True,False,False,False,0.0,0.0,50.0,0.0,0.0,0.0,0.0,0.0,50.0,0.0,0.0,-1,0.0,G2_EDGE,reg.buy_ok=False  regime='high_high_down',-1,0.0,0.0,
BNB/USDT,2587,2026-06-25 16:00:00,short,0.50093,83.17,60.0,554.17,6.539286,high_high_flat,False,True,False,False,False,0.0,-0.49967753366842427,26.63016227534303,0.0,0.004899,0.006,0.0,0.0,50.0,0.0,0.0,-1,0.0,G4_EV,ev=0.00490 <= floor=0.00600  meta_conf=0.5009,-1,0.0,0.0,
BNB/USDT,2588,2026-06-25 17:00:00,short,0.50535,80.7,60.0,559.63,6.828571,high_high_up,False,True,False,False,False,0.0,-0.2784147259924403,27.38497231745616,0.0,0.005445,0.006,0.0,0.0,50.0,0.0,0.0,-1,0.0,G4_EV,ev=0.00545 <= floor=0.00600  meta_conf=0.5053,-1,0.0,0.0,
BNB/USDT,2589,2026-06-25 18:00:00,long,0.51136,73.53,60.0,555.52,6.853571,high_high_flat,False,True,False,False,False,0.0,0.0,50.0,0.0,0.0,0.0,0.0,0.0,50.0,0.0,0.0,-1,0.0,G2_EDGE,reg.buy_ok=False  regime='high_high_flat',-1,0.0,0.0,
BNB/USDT,2590,2026-06-25 19:00:00,long,0.52362,72.03,60.0,554.27,6.838571,high_high_flat,False,True,False,False,False,0.0,0.0,50.0,0.0,0.0,0.0,0.0,0.0,50.0,0.0,0.0,-1,0.0,G2_EDGE,reg.buy_ok=False  regime='high_high_flat',-1,0.0,0.0,
BNB/USDT,2591,2026-06-25 20:00:00,long,0.51264,72.6,60.0,555.47,6.866429,high_high_down,False,True,False,False,False,0.0,0.0,50.0,0.0,0.0,0.0,0.0,0.0,50.0,0.0,0.0,-1,0.0,G2_EDGE,reg.buy_ok=False  regime='high_high_down',-1,0.0,0.0,
BNB/USDT,2592,2026-06-25 21:00:00,short,0.50853,79.02,60.0,561.41,7.154286,high_high_flat,False,True,False,False,False,0.0,-0.14322177940669223,34.584491204514805,0.0,0.006047,0.006,0.75,0.5,42.3116089512497,-2.6627566693588145,1.1479036199352017,-1,0.0,G5_RSI_ACCEL,rsi_accel=1.1479>0.08 (RSI recovering),-1,0.0,0.0,
BNB/USDT,2593,2026-06-25 22:00:00,short,0.5023,79.88,60.0,560.37,7.174286,high_high_flat,False,True,False,False,False,0.0,-0.2454002365592608,36.83536257009738,0.0,0.005735,0.006,0.0,0.0,50.0,0.0,0.0,-1,0.0,G4_EV,ev=0.00573 <= floor=0.00600  meta_conf=0.5023,-1,0.0,0.0,
BNB/USDT,2594,2026-06-25 23:00:00,short,0.51489,77.82,60.0,560.62,7.299286,high_high_flat,False,True,False,False,False,0.0,0.01102096279278425,40.5543389869186,0.0,0.006637,0.006,0.5,0.5,50.0,0.0,0.0,-1,0.0,G4_5_MTF,prior(bullish)=0.50<0.6 OR rev(bearish)=0.50<0.5,-1,0.0,0.0,
BNB/USDT,2595,2026-06-26 00:00:00,short,0.52839,83.57,60.0,560.8,7.224286,high_high_flat,False,True,False,False,False,0.0,0.1016438315751318,42.79673461014485,0.0,0.007307,0.006,0.5,0.5,50.0,0.0,0.0,-1,0.0,G4_5_MTF,prior(bullish)=0.50<0.6 OR rev(bearish)=0.50<0.5,-1,0.0,0.0,
BNB/USDT,2596,2026-06-26 01:00:00,short,0.52283,79.73,60.0,558.53,7.272143,high_high_down,False,True,False,False,False,0.0,-0.10645397729315843,44.5973270283911,0.0,0.007103,0.006,0.5,0.0,50.0,0.0,0.0,-1,0.0,G4_5_MTF,prior(bullish)=0.50<0.6 OR rev(bearish)=0.00<0.5,-1,0.0,0.0,
BNB/USDT,2597,2026-06-26 02:00:00,short,0.50283,86.52,60.0,552.43,7.445714,high_high_down,False,True,False,False,False,0.0,-0.3479289519368275,46.314515437868835,0.0,0.00628,0.006,0.75,0.5,41.23371267396877,1.0497139945707386,0.34999180227074367,-1,0.0,G5_RSI_ACCEL,rsi_accel=0.3500>0.08 (RSI recovering),-1,0.0,0.0,
BNB/USDT,2598,2026-06-26 03:00:00,long,0.51526,73.26,60.0,562.99,6.348571,high_high_flat,False,True,False,False,False,0.0,0.0,50.0,0.0,0.0,0.0,0.0,0.0,50.0,0.0,0.0,-1,0.0,G2_EDGE,reg.buy_ok=False  regime='high_high_flat',-1,0.0,0.0,
BNB/USDT,2599,2026-06-26 04:00:00,long,0.51231,78.0,60.0,560.28,5.385714,high_high_down,False,True,False,False,False,0.0,0.0,50.0,0.0,0.0,0.0,0.0,0.0,50.0,0.0,0.0,-1,0.0,G2_EDGE,reg.buy_ok=False  regime='high_high_down',-1,0.0,0.0,
BNB/USDT,2600,2026-06-26 05:00:00,long,0.51164,79.83,60.0,561.09,5.122857,high_high_down,False,True,False,False,False,0.0,0.0,50.0,0.0,0.0,0.0,0.0,0.0,50.0,0.0,0.0,-1,0.0,G2_EDGE,reg.buy_ok=False  regime='high_high_down',-1,0.0,0.0,
BNB/USDT,2601,2026-06-26 06:00:00,long,0.53707,82.53,60.0,564.14,5.222143,high_high_down,False,True,False,False,False,0.0,0.0,50.0,0.0,0.0,0.0,0.0,0.0,50.0,0.0,0.0,-1,0.0,G2_EDGE,reg.buy_ok=False  regime='high_high_down',-1,0.0,0.0,
BNB/USDT,2602,2026-06-26 07:00:00,long,0.52925,77.15,60.0,569.48,5.210714,high_high_flat,False,True,False,False,False,0.0,0.0,50.0,0.0,0.0,0.0,0.0,0.0,50.0,0.0,0.0,-1,0.0,G2_EDGE,reg.buy_ok=False  regime='high_high_flat',-1,0.0,0.0,
BNB/USDT,2603,2026-06-26 08:00:00,long,0.52313,72.76,60.0,568.58,5.049286,high_high_flat,False,True,False,False,False,0.0,0.0,50.0,0.0,0.0,0.0,0.0,0.0,50.0,0.0,0.0,-1,0.0,G2_EDGE,reg.buy_ok=False  regime='high_high_flat',-1,0.0,0.0,
BNB/USDT,2604,2026-06-26 09:00:00,long,0.53917,74.57,60.0,564.21,5.210714,high_high_flat,False,True,False,False,False,0.0,0.0,50.0,0.0,0.0,0.0,0.0,0.0,50.0,0.0,0.0,-1,0.0,G2_EDGE,reg.buy_ok=False  regime='high_high_flat',-1,0.0,0.0,
BNB/USDT,2605,2026-06-26 10:00:00,long,0.53165,77.63,60.0,564.17,5.248571,high_high_flat,False,True,False,False,False,0.0,0.0,50.0,0.0,0.0,0.0,0.0,0.0,50.0,0.0,0.0,-1,0.0,G2_EDGE,reg.buy_ok=False  regime='high_high_flat',-1,0.0,0.0,
BNB/USDT,2606,2026-06-26 11:00:00,long,0.52059,86.41,60.0,558.99,5.292143,high_high_flat,False,True,False,False,False,0.0,0.0,50.0,0.0,0.0,0.0,0.0,0.0,50.0,0.0,0.0,-1,0.0,G2_EDGE,reg.buy_ok=False  regime='high_high_flat',-1,0.0,0.0,
BNB/USDT,2607,2026-06-26 12:00:00,long,0.57376,78.42,60.0,556.27,5.66,high_high_down,False,True,False,False,False,0.0,0.0,50.0,0.0,0.0,0.0,0.0,0.0,50.0,0.0,0.0,-1,0.0,G2_EDGE,reg.buy_ok=False  regime='high_high_down',-1,0.0,0.0,
BNB/USDT,2608,2026-06-26 13:00:00,long,0.52065,55.33,60.0,563.88,6.271429,high_high_up,False,True,False,False,False,0.0,0.0,50.0,0.0,0.0,0.0,0.0,0.0,50.0,0.0,0.0,-1,0.0,G2_EDGE,reg.buy_ok=False  regime='high_high_up',-1,0.0,0.0,
BNB/USDT,2609,2026-06-26 14:00:00,long,0.56421,64.52,60.0,559.8,6.297857,high_high_up,False,True,False,False,False,0.0,0.0,50.0,0.0,0.0,0.0,0.0,0.0,50.0,0.0,0.0,-1,0.0,G2_EDGE,reg.buy_ok=False  regime='high_high_up',-1,0.0,0.0,
BNB/USDT,2610,2026-06-26 15:00:00,long,0.55204,55.81,60.0,565.28,6.522143,high_high_up,False,True,False,False,False,0.0,0.0,50.0,0.0,0.0,0.0,0.0,0.0,50.0,0.0,0.0,-1,0.0,G2_EDGE,reg.buy_ok=False  regime='high_high_up',-1,0.0,0.0,
BNB/USDT,2611,2026-06-26 16:00:00,long,0.52241,55.36,60.0,566.83,6.375714,high_high_up,False,True,False,False,False,0.0,0.0,50.0,0.0,0.0,0.0,0.0,0.0,50.0,0.0,0.0,-1,0.0,G2_EDGE,reg.buy_ok=False  regime='high_high_up',-1,0.0,0.0,
BNB/USDT,2612,2026-06-26 17:00:00,short,0.5004,58.08,60.0,567.45,5.625,high_high_up,False,True,False,False,False,0.0,0.0,50.0,0.0,0.0,0.0,0.0,0.0,50.0,0.0,0.0,-1,0.0,G2_EDGE,edge=58.1 < thr=60.0,-1,0.0,0.0,
BNB/USDT,2613,2026-06-26 18:00:00,long,0.50826,45.89,60.0,565.3,5.623571,high_high_up,False,True,False,False,False,0.0,0.0,50.0,0.0,0.0,0.0,0.0,0.0,50.0,0.0,0.0,-1,0.0,G2_EDGE,reg.buy_ok=False  regime='high_high_up',-1,0.0,0.0,
BNB/USDT,2614,2026-06-26 19:00:00,long,0.50563,45.85,60.0,565.82,5.708571,high_high_up,False,True,False,False,False,0.0,0.0,50.0,0.0,0.0,0.0,0.0,0.0,50.0,0.0,0.0,-1,0.0,G2_EDGE,reg.buy_ok=False  regime='high_high_up',-1,0.0,0.0,
BNB/USDT,2615,2026-06-26 20:00:00,long,0.50578,44.32,60.0,565.05,5.542857,high_high_up,False,True,False,False,False,0.0,0.0,50.0,0.0,0.0,0.0,0.0,0.0,50.0,0.0,0.0,-1,0.0,G2_EDGE,reg.buy_ok=False  regime='high_high_up',-1,0.0,0.0,
BNB/USDT,2616,2026-06-26 21:00:00,short,0.50333,57.56,60.0,568.0,5.368571,high_high_up,False,True,False,False,False,0.0,0.0,50.0,0.0,0.0,0.0,0.0,0.0,50.0,0.0,0.0,-1,0.0,G2_EDGE,edge=57.6 < thr=60.0,-1,0.0,0.0,
BNB/USDT,2617,2026-06-26 22:00:00,short,0.50907,58.47,60.0,568.23,5.334286,high_high_up,False,True,False,False,False,0.0,0.0,50.0,0.0,0.0,0.0,0.0,0.0,50.0,0.0,0.0,-1,0.0,G2_EDGE,edge=58.5 < thr=60.0,-1,0.0,0.0,
BNB/USDT,2618,2026-06-26 23:00:00,short,0.52192,58.6,60.0,567.64,5.070714,high_high_up,False,True,False,False,False,0.0,0.0,50.0,0.0,0.0,0.0,0.0,0.0,50.0,0.0,0.0,-1,0.0,G2_EDGE,edge=58.6 < thr=60.0,-1,0.0,0.0,
BNB/USDT,2619,2026-06-27 00:00:00,short,0.52073,58.94,60.0,567.72,5.027857,high_high_up,False,True,False,False,False,0.0,0.0,50.0,0.0,0.0,0.0,0.0,0.0,50.0,0.0,0.0,-1,0.0,G2_EDGE,edge=58.9 < thr=60.0,-1,0.0,0.0,
BNB/USDT,2620,2026-06-27 01:00:00,short,0.5199,60.21,60.0,565.76,4.692857,high_high_up,False,True,False,True,False,0.0,0.3055016676270999,58.13618308205341,0.0,0.002964,0.006,0.0,0.0,50.0,0.0,0.0,-1,0.0,G4_EV,ev=0.00296 <= floor=0.00600  meta_conf=0.5199,-1,0.0,0.0,
BNB/USDT,2621,2026-06-27 02:00:00,short,0.51505,60.59,60.0,567.88,4.418571,high_high_up,False,True,False,True,False,0.0,0.502395892731272,57.536932651751655,0.0,0.002363,0.006,0.0,0.0,50.0,0.0,0.0,-1,0.0,G4_EV,ev=0.00236 <= floor=0.00600  meta_conf=0.5150,-1,0.0,0.0,
BNB/USDT,2622,2026-06-27 03:00:00,short,0.51148,61.44,60.0,566.96,3.689286,high_med_flat,False,False,False,False,False,0.0,0.0,50.0,0.0,0.0,0.0,0.0,0.0,50.0,0.0,0.0,-1,0.0,G2_EDGE,reg.sell_ok=False  regime='high_med_flat',-1,0.0,0.0,
BNB/USDT,2623,2026-06-27 04:00:00,short,0.50252,63.2,60.0,564.54,3.536429,high_med_up,False,True,False,True,False,0.0,0.1183395352890162,77.50908298365741,0.0,0.000769,0.006,0.0,0.0,50.0,0.0,0.0,-1,0.0,G4_EV,ev=0.00077 <= floor=0.00600  meta_conf=0.5025,-1,0.0,0.0,
BNB/USDT,2624,2026-06-27 05:00:00,short,0.51368,66.21,60.0,565.46,3.165714,med_med_up,False,False,False,False,False,0.0,0.0,50.0,0.0,0.0,0.0,0.0,0.0,50.0,0.0,0.0,-1,0.0,G2_EDGE,reg.sell_ok=False  regime='med_med_up',-1,0.0,0.0,
BNB/USDT,2625,2026-06-27 06:00:00,short,0.50766,64.45,60.0,565.43,2.885714,med_low_flat,True,True,False,True,False,0.0,-0.0256786629896668,99.53562051000469,0.0,4e-06,0.006,0.0,0.0,50.0,0.0,0.0,-1,0.0,G4_EV,ev=0.00000 <= floor=0.00600  meta_conf=0.5077,-1,0.0,0.0,
BNB/USDT,2626,2026-06-27 07:00:00,short,0.5293,65.27,60.0,565.53,2.795714,med_low_flat,True,True,False,True,False,0.0,0.008882110178588767,97.86739936203591,0.0,0.000359,0.006,0.0,0.0,50.0,0.0,0.0,-1,0.0,G4_EV,ev=0.00036 <= floor=0.00600  meta_conf=0.5293,-1,0.0,0.0,
BNB/USDT,2627,2026-06-27 08:00:00,short,0.512,86.74,60.0,565.41,2.627857,med_low_flat,True,True,False,True,False,0.0,0.09688299083009881,96.01714144198415,0.0,-0.000263,0.006,0.0,0.0,50.0,0.0,0.0,-1,0.0,G4_EV,ev=-0.00026 <= floor=0.00600  meta_conf=0.5120,-1,0.0,0.0,
BNB/USDT,2628,2026-06-27 09:00:00,short,0.52778,85.96,60.0,564.63,2.462857,med_low_flat,True,True,False,True,False,0.0,-0.17160691544593604,93.90493408785478,0.0,-0.000183,0.006,0.0,0.0,50.0,0.0,0.0,-1,0.0,G4_EV,ev=-0.00018 <= floor=0.00600  meta_conf=0.5278,-1,0.0,0.0,
BNB/USDT,2629,2026-06-27 10:00:00,short,0.52606,87.2,60.0,564.64,2.261429,med_low_flat,True,True,False,True,False,0.0,0.0312529975801841,89.32197396619408,0.0,-0.000526,0.006,0.0,0.0,50.0,0.0,0.0,-1,0.0,G4_EV,ev=-0.00053 <= floor=0.00600  meta_conf=0.5261,-1,0.0,0.0,
BNB/USDT,2630,2026-06-27 11:00:00,short,0.53463,77.94,60.0,563.16,2.144286,med_low_up,True,False,False,False,False,0.0,0.0,50.0,0.0,0.0,0.0,0.0,0.0,50.0,0.0,0.0,-1,0.0,G2_EDGE,reg.sell_ok=False  regime='med_low_up',-1,0.0,0.0,
BNB/USDT,2631,2026-06-27 12:00:00,short,0.53653,84.95,60.0,564.3,2.102857,low_low_up,False,True,False,True,False,0.0,-0.21686842174067428,76.59841015361582,0.0,-0.000592,0.006,0.0,0.0,50.0,0.0,0.0,-1,0.0,G4_EV,ev=-0.00059 <= floor=0.00600  meta_conf=0.5365,-1,0.0,0.0,
BNB/USDT,2632,2026-06-27 13:00:00,short,0.53614,93.92,60.0,564.18,2.120714,low_low_flat,True,True,False,True,False,0.0,-0.29127183774329074,74.25799837122885,0.0,-0.000569,0.006,0.0,0.0,50.0,0.0,0.0,-1,0.0,G4_EV,ev=-0.00057 <= floor=0.00600  meta_conf=0.5361,-1,0.0,0.0,
BNB/USDT,2633,2026-06-27 14:00:00,short,0.53642,81.7,60.0,564.5,2.067143,low_low_up,False,True,False,True,True,0.0,-0.1927353515387459,72.98545622648312,0.0,-0.000653,0.006,0.0,0.0,50.0,0.0,0.0,-1,0.0,G4_EV,ev=-0.00065 <= floor=0.00600  meta_conf=0.5364,-1,0.0,0.0,
BNB/USDT,2634,2026-06-27 15:00:00,short,0.52228,95.76,60.0,565.46,2.116429,low_low_flat,True,True,False,True,True,0.0,0.0400002312764345,70.5244366738267,0.0,-0.000818,0.006,0.0,0.0,50.0,0.0,0.0,-1,0.0,G4_EV,ev=-0.00082 <= floor=0.00600  meta_conf=0.5223,-1,0.0,0.0,
BNB/USDT,2635,2026-06-27 16:00:00,short,0.53118,73.75,60.0,566.51,2.001429,low_low_flat,True,True,False,True,True,0.0,0.268669709671465,70.14808294394562,0.0,-0.000855,0.006,0.0,0.0,50.0,0.0,0.0,-1,0.0,G4_EV,ev=-0.00085 <= floor=0.00600  meta_conf=0.5312,-1,0.0,0.0,
BNB/USDT,2636,2026-06-27 17:00:00,short,0.53245,82.86,60.0,563.3,2.100714,low_low_flat,True,True,False,True,True,0.0,-0.33043197726218076,69.59454545826006,0.0,-0.000658,0.006,0.0,0.0,50.0,0.0,0.0,-1,0.0,G4_EV,ev=-0.00066 <= floor=0.00600  meta_conf=0.5325,-1,0.0,0.0,
BNB/USDT,2637,2026-06-27 18:00:00,short,0.50488,77.06,60.0,562.24,1.965,low_low_flat,True,True,False,True,True,0.0,-0.45567105058667356,69.51919055412576,-1.0,-0.001302,0.006,0.0,0.0,50.0,0.0,0.0,-1,0.0,G4_EV,ev=-0.00130 <= floor=0.00600  meta_conf=0.5049,-1,0.0,0.0,
BNB/USDT,2638,2026-06-27 19:00:00,short,0.52718,63.11,60.0,559.12,2.146429,low_low_down,False,False,False,False,False,0.0,0.0,50.0,0.0,0.0,0.0,0.0,0.0,50.0,0.0,0.0,-1,0.0,G2_EDGE,reg.sell_ok=False  regime='low_low_down',-1,0.0,0.0,
BNB/USDT,2639,2026-06-27 20:00:00,short,0.51789,56.8,60.0,559.73,2.051429,low_low_flat,True,True,False,False,False,0.0,0.0,50.0,0.0,0.0,0.0,0.0,0.0,50.0,0.0,0.0,-1,0.0,G2_EDGE,edge=56.8 < thr=60.0,-1,0.0,0.0,
BNB/USDT,2640,2026-06-27 21:00:00,short,0.51885,83.36,60.0,557.41,2.492857,low_low_down,False,False,False,False,False,0.0,0.0,50.0,0.0,0.0,0.0,0.0,0.0,50.0,0.0,0.0,-1,0.0,G2_EDGE,reg.sell_ok=False  regime='low_low_down',-1,0.0,0.0,
BNB/USDT,2641,2026-06-27 22:00:00,short,0.52502,79.98,60.0,559.0,2.715714,low_low_down,False,False,False,False,False,0.0,0.0,50.0,0.0,0.0,0.0,0.0,0.0,50.0,0.0,0.0,-1,0.0,G2_EDGE,reg.sell_ok=False  regime='low_low_down',-1,0.0,0.0,
BNB/USDT,2642,2026-06-27 23:00:00,short,0.5345,66.47,60.0,557.2,2.76,low_low_down,False,False,False,False,False,0.0,0.0,50.0,0.0,0.0,0.0,0.0,0.0,50.0,0.0,0.0,-1,0.0,G2_EDGE,reg.sell_ok=False  regime='low_low_down',-1,0.0,0.0,
BNB/USDT,2643,2026-06-28 00:00:00,short,0.53164,67.68,60.0,557.87,2.795,low_low_down,False,False,False,False,False,0.0,0.0,50.0,0.0,0.0,0.0,0.0,0.0,50.0,0.0,0.0,-1,0.0,G2_EDGE,reg.sell_ok=False  regime='low_low_down',-1,0.0,0.0,
BNB/USDT,2644,2026-06-28 01:00:00,short,0.52484,66.05,60.0,558.03,2.772857,low_low_down,False,False,False,False,False,0.0,0.0,50.0,0.0,0.0,0.0,0.0,0.0,50.0,0.0,0.0,-1,0.0,G2_EDGE,reg.sell_ok=False  regime='low_low_down',-1,0.0,0.0,
BNB/USDT,2645,2026-06-28 02:00:00,short,0.51731,68.32,60.0,557.57,2.76,low_low_down,False,False,False,False,False,0.0,0.0,50.0,0.0,0.0,0.0,0.0,0.0,50.0,0.0,0.0,-1,0.0,G2_EDGE,reg.sell_ok=False  regime='low_low_down',-1,0.0,0.0,
BNB/USDT,2646,2026-06-28 03:00:00,short,0.52738,65.69,60.0,558.74,2.722857,low_low_down,False,False,False,False,False,0.0,0.0,50.0,0.0,0.0,0.0,0.0,0.0,50.0,0.0,0.0,-1,0.0,G2_EDGE,reg.sell_ok=False  regime='low_low_down',-1,0.0,0.0,
BNB/USDT,2647,2026-06-28 04:00:00,short,0.52496,69.18,60.0,556.92,2.712143,low_low_down,False,False,False,False,False,0.0,0.0,50.0,0.0,0.0,0.0,0.0,0.0,50.0,0.0,0.0,-1,0.0,G2_EDGE,reg.sell_ok=False  regime='low_low_down',-1,0.0,0.0,
BNB/USDT,2648,2026-06-28 05:00:00,short,0.53145,62.91,60.0,556.05,2.699286,low_low_down,False,False,False,False,False,0.0,0.0,50.0,0.0,0.0,0.0,0.0,0.0,50.0,0.0,0.0,-1,0.0,G2_EDGE,reg.sell_ok=False  regime='low_low_down',-1,0.0,0.0,
BNB/USDT,2649,2026-06-28 06:00:00,short,0.52602,64.61,60.0,554.94,2.752143,low_low_down,False,False,False,False,False,0.0,0.0,50.0,0.0,0.0,0.0,0.0,0.0,50.0,0.0,0.0,-1,0.0,G2_EDGE,reg.sell_ok=False  regime='low_low_down',-1,0.0,0.0,
BNB/USDT,2650,2026-06-28 07:00:00,short,0.52755,70.36,60.0,556.45,2.637857,low_low_down,False,False,False,False,False,0.0,0.0,50.0,0.0,0.0,0.0,0.0,0.0,50.0,0.0,0.0,-1,0.0,G2_EDGE,reg.sell_ok=False  regime='low_low_down',-1,0.0,0.0,
BNB/USDT,2651,2026-06-28 08:00:00,short,0.53164,72.15,60.0,557.37,2.772143,low_low_down,False,False,False,False,False,0.0,0.0,50.0,0.0,0.0,0.0,0.0,0.0,50.0,0.0,0.0,-1,0.0,G2_EDGE,reg.sell_ok=False  regime='low_low_down',-1,0.0,0.0,
BNB/USDT,2652,2026-06-28 09:00:00,short,0.53108,78.03,60.0,555.25,2.623571,low_low_down,False,False,False,False,False,0.0,0.0,50.0,0.0,0.0,0.0,0.0,0.0,50.0,0.0,0.0,-1,0.0,G2_EDGE,reg.sell_ok=False  regime='low_low_down',-1,0.0,0.0,
BNB/USDT,2653,2026-06-28 10:00:00,short,0.53052,72.84,60.0,555.16,2.69,low_low_down,False,False,False,False,False,0.0,0.0,50.0,0.0,0.0,0.0,0.0,0.0,50.0,0.0,0.0,-1,0.0,G2_EDGE,reg.sell_ok=False  regime='low_low_down',-1,0.0,0.0,
BNB/USDT,2654,2026-06-28 11:00:00,short,0.50199,88.58,60.0,557.29,2.358571,low_low_down,False,False,False,False,False,0.0,0.0,50.0,0.0,0.0,0.0,0.0,0.0,50.0,0.0,0.0,-1,0.0,G2_EDGE,reg.sell_ok=False  regime='low_low_down',-1,0.0,0.0,
BNB/USDT,2655,2026-06-28 12:00:00,short,0.50088,68.94,60.0,556.63,2.212857,low_low_down,False,False,False,False,False,0.0,0.0,50.0,0.0,0.0,0.0,0.0,0.0,50.0,0.0,0.0,-1,0.0,G2_EDGE,reg.sell_ok=False  regime='low_low_down',-1,0.0,0.0,
BNB/USDT,2656,2026-06-28 13:00:00,long,0.51302,63.27,60.0,555.28,2.243571,low_low_down,False,False,False,False,False,0.0,0.0,50.0,0.0,0.0,0.0,0.0,0.0,50.0,0.0,0.0,-1,0.0,G2_EDGE,reg.buy_ok=False  regime='low_low_down',-1,0.0,0.0,
BNB/USDT,2657,2026-06-28 14:00:00,short,0.50937,52.04,60.0,554.95,2.280714,low_low_down,False,False,False,False,False,0.0,0.0,50.0,0.0,0.0,0.0,0.0,0.0,50.0,0.0,0.0,-1,0.0,G2_EDGE,reg.sell_ok=False  regime='low_low_down',-1,0.0,0.0,
BNB/USDT,2658,2026-06-28 15:00:00,long,0.50472,61.76,60.0,554.55,2.312143,low_low_down,False,False,False,False,False,0.0,0.0,50.0,0.0,0.0,0.0,0.0,0.0,50.0,0.0,0.0,-1,0.0,G2_EDGE,reg.buy_ok=False  regime='low_low_down',-1,0.0,0.0,
BNB/USDT,2659,2026-06-28 16:00:00,short,0.50078,55.38,60.0,552.42,2.407857,low_low_down,False,False,False,False,False,0.0,0.0,50.0,0.0,0.0,0.0,0.0,0.0,50.0,0.0,0.0,-1,0.0,G2_EDGE,reg.sell_ok=False  regime='low_low_down',-1,0.0,0.0,
BNB/USDT,2660,2026-06-28 17:00:00,long,0.55994,66.91,60.0,551.98,2.560714,low_low_down,False,False,False,False,False,0.0,0.0,50.0,0.0,0.0,0.0,0.0,0.0,50.0,0.0,0.0,-1,0.0,G2_EDGE,reg.buy_ok=False  regime='low_low_down',-1,0.0,0.0,
BNB/USDT,2661,2026-06-28 18:00:00,long,0.55251,62.45,60.0,553.86,2.607857,low_low_down,False,False,False,False,False,0.0,0.0,50.0,0.0,0.0,0.0,0.0,0.0,50.0,0.0,0.0,-1,0.0,G2_EDGE,reg.buy_ok=False  regime='low_low_down',-1,0.0,0.0,
BNB/USDT,2662,2026-06-28 19:00:00,long,0.54097,80.84,60.0,548.45,2.892857,low_med_down,True,False,False,False,True,0.0,-0.7498491799894399,42.030728928463354,-1.0,0.000928,0.006,0.0,0.0,50.0,0.0,0.0,-1,0.0,G4_EV,ev=0.00093 <= floor=0.00600  meta_conf=0.5410,-1,0.0,0.0,
BNB/USDT,2663,2026-06-28 20:00:00,short,0.50299,71.92,60.0,550.1,3.222143,low_med_down,True,False,False,False,False,0.0,0.0,50.0,0.0,0.0,0.0,0.0,0.0,50.0,0.0,0.0,-1,0.0,G2_EDGE,reg.sell_ok=False  regime='low_med_down',-1,0.0,0.0,
BNB/USDT,2664,2026-06-28 21:00:00,long,0.56835,58.88,60.0,548.94,3.319286,low_med_down,True,False,False,False,False,0.0,0.0,50.0,0.0,0.0,0.0,0.0,0.0,50.0,0.0,0.0,-1,0.0,G2_EDGE,edge=58.9 < thr=60.0,-1,0.0,0.0,
BNB/USDT,2665,2026-06-28 22:00:00,long,0.58202,66.76,60.0,547.29,3.599286,low_med_down,True,False,False,False,True,0.0,-0.7130576827886721,41.73205899171223,0.0,0.00336,0.006,0.0,0.0,50.0,0.0,0.0,-1,0.0,G4_EV,ev=0.00336 <= floor=0.00600  meta_conf=0.5820,-1,0.0,0.0,
BNB/USDT,2666,2026-06-28 23:00:00,long,0.55837,74.95,60.0,551.07,3.848571,low_med_down,True,False,False,True,True,0.0,-0.4461111541654669,43.047211037498585,0.0,0.003072,0.006,0.0,0.0,50.0,0.0,0.0,-1,0.0,G4_EV,ev=0.00307 <= floor=0.00600  meta_conf=0.5584,-1,0.0,0.0,
BNB/USDT,2667,2026-06-29 00:00:00,short,0.50962,79.9,60.0,552.84,4.172143,low_high_flat,,,True,False,False,0.0,0.0,50.0,0.0,0.0,0.0,0.0,0.0,50.0,0.0,0.0,-1,0.0,G1_REGIME,regime='low_high_flat' skipped=True reg_empty=False,-1,0.0,0.0,
BNB/USDT,2668,2026-06-29 01:00:00,long,0.57834,73.01,60.0,552.27,4.246429,low_high_down,,,True,False,False,0.0,0.0,50.0,0.0,0.0,0.0,0.0,0.0,50.0,0.0,0.0,-1,0.0,G1_REGIME,regime='low_high_down' skipped=True reg_empty=False,-1,0.0,0.0,
BNB/USDT,2669,2026-06-29 02:00:00,long,0.50885,76.44,60.0,553.78,4.595,low_high_flat,,,True,False,False,0.0,0.0,50.0,0.0,0.0,0.0,0.0,0.0,50.0,0.0,0.0,-1,0.0,G1_REGIME,regime='low_high_flat' skipped=True reg_empty=False,-1,0.0,0.0,
BNB/USDT,2670,2026-06-29 03:00:00,short,0.5069,89.72,60.0,555.19,4.635714,low_high_flat,,,True,False,False,0.0,0.0,50.0,0.0,0.0,0.0,0.0,0.0,50.0,0.0,0.0,-1,0.0,G1_REGIME,regime='low_high_flat' skipped=True reg_empty=False,-1,0.0,0.0,
BNB/USDT,2671,2026-06-29 04:00:00,long,0.50241,72.87,60.0,551.33,4.792857,low_high_down,,,True,False,False,0.0,0.0,50.0,0.0,0.0,0.0,0.0,0.0,50.0,0.0,0.0,-1,0.0,G1_REGIME,regime='low_high_down' skipped=True reg_empty=False,-1,0.0,0.0,
BNB/USDT,2672,2026-06-29 05:00:00,short,0.50161,79.03,60.0,553.33,4.983571,low_high_flat,,,True,False,False,0.0,0.0,50.0,0.0,0.0,0.0,0.0,0.0,50.0,0.0,0.0,-1,0.0,G1_REGIME,regime='low_high_flat' skipped=True reg_empty=False,-1,0.0,0.0,
