symbol,bar_index,timestamp,direction,meta_conf,edge_score,thr,price,atr,regime_str,reg_buy_ok,reg_sell_ok,reg_skipped,at_res,at_sup,trend_1d,total_conf,choppiness,bos,ev,ev_floor,prior_frac,rev_frac,rsi_val,rsi_slope,rsi_accel,bars_since_exit,atr_pct,blocked_at,block_reason,trade_exit_bar,trade_exit_price,trade_pnl,trade_outcome
BTC/USDT,6,2026-03-10 03:00:00,short,0.54499,74.17,0.6,69429.85,734.75,high_high_flat,False,False,False,False,False,0.0,0.0,50.0,0.0,0.0,0.0,0.0,0.0,50.0,0.0,0.0,-1,0.0,G2_TRADEABLE,tradeable_sell=False,-1,0.0,0.0,
BTC/USDT,7,2026-03-10 04:00:00,short,0.51994,82.36,0.6,70072.94,730.70875,high_high_flat,False,False,False,False,False,0.0,0.0,50.0,0.0,0.0,0.0,0.0,0.0,50.0,0.0,0.0,-1,0.0,G2_TRADEABLE,tradeable_sell=False,-1,0.0,0.0,
BTC/USDT,8,2026-03-10 05:00:00,short,0.52469,81.23,0.6,69971.34,701.668889,high_high_flat,False,False,False,False,False,0.0,0.0,50.0,0.0,0.0,0.0,0.0,0.0,50.0,0.0,0.0,-1,0.0,G2_TRADEABLE,tradeable_sell=False,-1,0.0,0.0,
BTC/USDT,9,2026-03-10 06:00:00,short,0.53839,83.67,0.6,69910.91,674.964,high_high_flat,False,False,False,False,False,0.0,0.0,50.0,0.0,0.0,0.0,0.0,0.0,50.0,0.0,0.0,-1,0.0,G2_TRADEABLE,tradeable_sell=False,-1,0.0,0.0,
BTC/USDT,10,2026-03-10 07:00:00,short,0.50335,86.29,0.6,70406.01,680.970909,high_high_flat,False,False,False,False,False,0.0,0.0,50.0,0.0,0.0,0.0,0.0,0.0,50.0,0.0,0.0,-1,0.0,G2_TRADEABLE,tradeable_sell=False,-1,0.0,0.0,
BTC/USDT,11,2026-03-10 08:00:00,short,0.50337,86.19,0.6,70709.37,684.943333,high_high_flat,False,False,False,False,False,0.0,0.0,50.0,0.0,0.0,0.0,0.0,0.0,50.0,0.0,0.0,-1,0.0,G2_TRADEABLE,tradeable_sell=False,-1,0.0,0.0,
BTC/USDT,12,2026-03-10 09:00:00,long,0.51368,69.86,0.6,71078.92,682.006154,high_high_flat,False,False,False,False,False,0.0,0.0,50.0,0.0,0.0,0.0,0.0,0.0,50.0,0.0,0.0,-1,0.0,G2_TRADEABLE,tradeable_buy=False,-1,0.0,0.0,
BTC/USDT,13,2026-03-10 10:00:00,long,0.53864,81.62,0.6,70774.04,663.717857,high_high_flat,False,False,False,False,False,0.0,0.0,50.0,0.0,0.0,0.0,0.0,0.0,50.0,0.0,0.0,-1,0.0,G2_TRADEABLE,tradeable_buy=False,-1,0.0,0.0,
BTC/USDT,14,2026-03-10 11:00:00,long,0.53217,71.76,0.6,70580.94,655.413571,high_high_flat,False,False,False,False,False,0.0,0.0,50.0,0.0,0.0,0.0,0.0,0.0,50.0,0.0,0.0,-1,0.0,G2_TRADEABLE,tradeable_buy=False,-1,0.0,0.0,
BTC/USDT,15,2026-03-10 12:00:00,long,0.51587,68.91,0.6,70519.86,648.538571,high_high_flat,False,False,False,False,False,0.0,0.0,50.0,0.0,0.0,0.0,0.0,0.0,50.0,0.0,0.0,-1,0.0,G2_TRADEABLE,tradeable_buy=False,-1,0.0,0.0,
BTC/USDT,16,2026-03-10 13:00:00,long,0.51179,87.57,0.6,69921.12,712.336429,high_high_flat,False,False,False,False,False,0.0,0.0,50.0,0.0,0.0,0.0,0.0,0.0,50.0,0.0,0.0,-1,0.0,G2_TRADEABLE,tradeable_buy=False,-1,0.0,0.0,
BTC/USDT,17,2026-03-10 14:00:00,long,0.51954,97.08,0.6,71467.81,809.655714,high_high_flat,False,False,False,False,False,0.0,0.0,50.0,0.0,0.0,0.0,0.0,0.0,50.0,0.0,0.0,-1,0.0,G2_TRADEABLE,tradeable_buy=False,-1,0.0,0.0,
BTC/USDT,18,2026-03-10 15:00:00,long,0.50824,82.81,0.6,71346.16,829.222143,high_high_flat,False,False,False,False,False,0.0,0.0,50.0,0.0,0.0,0.0,0.0,0.0,50.0,0.0,0.0,-1,0.0,G2_TRADEABLE,tradeable_buy=False,-1,0.0,0.0,
BTC/USDT,19,2026-03-10 16:00:00,long,0.5096,74.81,0.6,71268.59,777.902143,high_high_flat,False,False,False,False,False,0.0,0.0,50.0,0.0,0.0,0.0,0.0,0.0,50.0,0.0,0.0,-1,0.0,G2_TRADEABLE,tradeable_buy=False,-1,0.0,0.0,
BTC/USDT,20,2026-03-10 17:00:00,short,0.52141,85.14,0.6,70868.61,774.937857,high_high_flat,False,False,False,False,False,0.0,0.0,50.0,0.0,0.0,0.0,0.0,0.0,50.0,0.0,0.0,-1,0.0,G2_TRADEABLE,tradeable_sell=False,-1,0.0,0.0,
BTC/USDT,21,2026-03-10 18:00:00,long,0.53295,85.95,0.6,70013.87,797.186429,high_high_flat,False,False,False,False,False,0.0,0.0,50.0,0.0,0.0,0.0,0.0,0.0,50.0,0.0,0.0,-1,0.0,G2_TRADEABLE,tradeable_buy=False,-1,0.0,0.0,
BTC/USDT,22,2026-03-10 19:00:00,short,0.50689,74.16,0.6,70043.63,803.018571,high_high_flat,False,False,False,False,False,0.0,0.0,50.0,0.0,0.0,0.0,0.0,0.0,50.0,0.0,0.0,-1,0.0,G2_TRADEABLE,tradeable_sell=False,-1,0.0,0.0,
BTC/USDT,23,2026-03-10 20:00:00,long,0.51188,74.04,0.6,70235.6,796.437143,high_high_flat,False,False,False,False,False,0.0,0.0,50.0,0.0,0.0,0.0,0.0,0.0,50.0,0.0,0.0,-1,0.0,G2_TRADEABLE,tradeable_buy=False,-1,0.0,0.0,
BTC/USDT,24,2026-03-10 21:00:00,long,0.50675,71.52,0.6,69763.01,806.033571,high_high_up,False,False,False,False,False,0.0,0.0,50.0,0.0,0.0,0.0,0.0,0.0,50.0,0.0,0.0,-1,0.0,G2_TRADEABLE,tradeable_buy=False,-1,0.0,0.0,
BTC/USDT,25,2026-03-10 22:00:00,long,0.52612,72.3,0.6,69721.58,783.807857,high_high_up,False,False,False,False,False,0.0,0.0,50.0,0.0,0.0,0.0,0.0,0.0,50.0,0.0,0.0,-1,0.0,G2_TRADEABLE,tradeable_buy=False,-1,0.0,0.0,
BTC/USDT,26,2026-03-10 23:00:00,long,0.5379,76.95,0.6,69948.63,757.849286,high_high_up,False,False,False,False,False,0.0,0.0,50.0,0.0,0.0,0.0,0.0,0.0,50.0,0.0,0.0,-1,0.0,G2_TRADEABLE,tradeable_buy=False,-1,0.0,0.0,
BTC/USDT,27,2026-03-11 00:00:00,long,0.50251,72.24,0.6,70044.87,756.967143,high_high_up,False,False,False,False,False,0.0,0.0,50.0,0.0,0.0,0.0,0.0,0.0,50.0,0.0,0.0,-1,0.0,G2_TRADEABLE,tradeable_buy=False,-1,0.0,0.0,
BTC/USDT,28,2026-03-11 01:00:00,long,0.50457,75.18,0.6,70071.26,752.586429,high_high_up,False,False,False,False,False,0.0,0.0,50.0,0.0,0.0,0.0,0.0,0.0,50.0,0.0,0.0,-1,0.0,G2_TRADEABLE,tradeable_buy=False,-1,0.0,0.0,
BTC/USDT,29,2026-03-11 02:00:00,short,0.51025,75.35,0.6,69810.72,764.606429,high_high_flat,False,False,False,False,False,0.0,0.0,50.0,0.0,0.0,0.0,0.0,0.0,50.0,0.0,0.0,-1,0.0,G2_TRADEABLE,tradeable_sell=False,-1,0.0,0.0,
BTC/USDT,30,2026-03-11 03:00:00,long,0.52613,83.1,0.6,69551.91,707.120714,high_high_flat,False,False,False,False,False,0.0,0.0,50.0,0.0,0.0,0.0,0.0,0.0,50.0,0.0,0.0,-1,0.0,G2_TRADEABLE,tradeable_buy=False,-1,0.0,0.0,
BTC/USDT,31,2026-03-11 04:00:00,long,0.53016,82.46,0.6,70130.99,601.323571,high_high_flat,False,False,False,False,False,0.0,0.0,50.0,0.0,0.0,0.0,0.0,0.0,50.0,0.0,0.0,-1,0.0,G2_TRADEABLE,tradeable_buy=False,-1,0.0,0.0,
BTC/USDT,32,2026-03-11 05:00:00,long,0.53765,80.06,0.6,69510.36,594.467143,high_high_flat,False,False,False,False,False,0.0,0.0,50.0,0.0,0.0,0.0,0.0,0.0,50.0,0.0,0.0,-1,0.0,G2_TRADEABLE,tradeable_buy=False,-1,0.0,0.0,
BTC/USDT,33,2026-03-11 06:00:00,long,0.5398,80.41,0.6,69950.01,575.845714,high_high_flat,False,False,False,False,False,0.0,0.0,50.0,0.0,0.0,0.0,0.0,0.0,50.0,0.0,0.0,-1,0.0,G2_TRADEABLE,tradeable_buy=False,-1,0.0,0.0,
BTC/USDT,34,2026-03-11 07:00:00,long,0.54326,86.07,0.6,69648.29,545.735714,high_high_down,False,True,False,False,False,0.0,0.0,50.0,0.0,0.0,0.0,0.0,0.0,50.0,0.0,0.0,-1,0.0,G2_TRADEABLE,tradeable_buy=False,-1,0.0,0.0,
BTC/USDT,35,2026-03-11 08:00:00,long,0.51602,80.17,0.6,69662.24,493.765714,high_med_down,False,True,False,False,False,0.0,0.0,50.0,0.0,0.0,0.0,0.0,0.0,50.0,0.0,0.0,-1,0.0,G2_TRADEABLE,tradeable_buy=False,-1,0.0,0.0,
BTC/USDT,36,2026-03-11 09:00:00,long,0.51148,81.52,0.6,69466.75,480.662857,high_med_down,False,True,False,False,False,0.0,0.0,50.0,0.0,0.0,0.0,0.0,0.0,50.0,0.0,0.0,-1,0.0,G2_TRADEABLE,tradeable_buy=False,-1,0.0,0.0,
BTC/USDT,37,2026-03-11 10:00:00,short,0.50355,70.48,0.6,69604.9,480.167143,high_med_down,False,True,False,False,False,0.0,0.0,50.0,0.0,0.0,0.0,0.0,0.0,50.0,0.0,0.0,-1,0.0,G2_TRADEABLE,tradeable_sell=False,-1,0.0,0.0,
BTC/USDT,38,2026-03-11 11:00:00,long,0.50194,80.34,0.6,69173.0,460.840714,high_med_down,False,True,False,False,False,0.0,0.0,50.0,0.0,0.0,0.0,0.0,0.0,50.0,0.0,0.0,-1,0.0,G2_TRADEABLE,tradeable_buy=False,-1,0.0,0.0,
BTC/USDT,39,2026-03-11 12:00:00,short,0.52569,73.94,0.6,69361.13,488.145714,high_med_down,False,True,False,False,False,0.0,0.0,50.0,0.0,0.0,0.0,0.0,0.0,50.0,0.0,0.0,-1,0.0,G2_TRADEABLE,tradeable_sell=False,-1,0.0,0.0,
BTC/USDT,40,2026-03-11 13:00:00,short,0.52199,96.97,0.6,70186.09,593.631429,high_high_flat,False,False,False,False,False,0.0,0.0,50.0,0.0,0.0,0.0,0.0,0.0,50.0,0.0,0.0,-1,0.0,G2_TRADEABLE,tradeable_sell=False,-1,0.0,0.0,
BTC/USDT,41,2026-03-11 14:00:00,short,0.53219,95.16,0.6,70578.7,641.246429,high_high_down,False,True,False,False,False,0.0,0.0,50.0,0.0,0.0,0.0,0.0,0.0,50.0,0.0,0.0,-1,0.0,G2_TRADEABLE,tradeable_sell=False,-1,0.0,0.0,
BTC/USDT,42,2026-03-11 15:00:00,short,0.53345,82.98,0.6,70227.91,690.402143,high_high_down,False,True,False,False,False,0.0,0.0,50.0,0.0,0.0,0.0,0.0,0.0,50.0,0.0,0.0,-1,0.0,G2_TRADEABLE,tradeable_sell=False,-1,0.0,0.0,
BTC/USDT,43,2026-03-11 16:00:00,short,0.51803,78.92,0.6,70570.71,701.760714,high_high_flat,False,False,False,False,False,0.0,0.0,50.0,0.0,0.0,0.0,0.0,0.0,50.0,0.0,0.0,-1,0.0,G2_TRADEABLE,tradeable_sell=False,-1,0.0,0.0,
BTC/USDT,44,2026-03-11 17:00:00,short,0.52558,91.15,0.6,70785.99,731.087857,high_high_flat,False,False,False,False,False,0.0,0.0,50.0,0.0,0.0,0.0,0.0,0.0,50.0,0.0,0.0,-1,0.0,G2_TRADEABLE,tradeable_sell=False,-1,0.0,0.0,
BTC/USDT,45,2026-03-11 18:00:00,short,0.53413,84.01,0.6,70617.64,709.639286,high_high_up,False,False,False,False,False,0.0,0.0,50.0,0.0,0.0,0.0,0.0,0.0,50.0,0.0,0.0,-1,0.0,G2_TRADEABLE,tradeable_sell=False,-1,0.0,0.0,
BTC/USDT,46,2026-03-11 19:00:00,short,0.54347,79.5,0.6,70641.82,680.049286,high_high_up,False,False,False,False,False,0.0,0.0,50.0,0.0,0.0,0.0,0.0,0.0,50.0,0.0,0.0,-1,0.0,G2_TRADEABLE,tradeable_sell=False,-1,0.0,0.0,
BTC/USDT,47,2026-03-11 20:00:00,short,0.54247,78.65,0.6,70634.96,666.462143,high_high_flat,False,False,False,False,False,0.0,0.0,50.0,0.0,0.0,0.0,0.0,0.0,50.0,0.0,0.0,-1,0.0,G2_TRADEABLE,tradeable_sell=False,-1,0.0,0.0,
BTC/USDT,48,2026-03-11 21:00:00,short,0.55839,79.91,0.6,70741.26,649.277143,high_high_up,False,False,False,False,False,0.0,0.0,50.0,0.0,0.0,0.0,0.0,0.0,50.0,0.0,0.0,-1,0.0,G2_TRADEABLE,tradeable_sell=False,-1,0.0,0.0,
BTC/USDT,49,2026-03-11 22:00:00,short,0.53651,85.23,0.6,70373.01,679.430714,high_high_up,False,False,False,False,False,0.0,0.0,50.0,0.0,0.0,0.0,0.0,0.0,50.0,0.0,0.0,-1,0.0,G2_TRADEABLE,tradeable_sell=False,-1,0.0,0.0,
BTC/USDT,50,2026-03-11 23:00:00,short,0.54005,72.76,0.6,70191.86,680.26,high_high_flat,False,False,False,False,False,0.0,0.0,50.0,0.0,0.0,0.0,0.0,0.0,50.0,0.0,0.0,-1,0.0,G2_TRADEABLE,tradeable_sell=False,-1,0.0,0.0,
BTC/USDT,51,2026-03-12 00:00:00,short,0.52455,72.27,0.6,70225.34,672.267143,high_high_flat,False,False,False,False,False,0.0,0.0,50.0,0.0,0.0,0.0,0.0,0.0,50.0,0.0,0.0,-1,0.0,G2_TRADEABLE,tradeable_sell=False,-1,0.0,0.0,
BTC/USDT,52,2026-03-12 01:00:00,short,0.52691,66.76,0.6,69841.31,662.78,high_high_flat,False,False,False,False,False,0.0,0.0,50.0,0.0,0.0,0.0,0.0,0.0,50.0,0.0,0.0,-1,0.0,G2_TRADEABLE,tradeable_sell=False,-1,0.0,0.0,
BTC/USDT,53,2026-03-12 02:00:00,short,0.52559,70.32,0.6,69286.56,652.898571,high_high_flat,False,False,False,False,False,0.0,0.0,50.0,0.0,0.0,0.0,0.0,0.0,50.0,0.0,0.0,-1,0.0,G2_TRADEABLE,tradeable_sell=False,-1,0.0,0.0,
BTC/USDT,54,2026-03-12 03:00:00,short,0.55237,69.03,0.6,69446.61,554.461429,high_high_flat,False,False,False,False,False,0.0,0.0,50.0,0.0,0.0,0.0,0.0,0.0,50.0,0.0,0.0,-1,0.0,G2_TRADEABLE,tradeable_sell=False,-1,0.0,0.0,
BTC/USDT,55,2026-03-12 04:00:00,short,0.52259,59.1,0.6,69372.0,504.477143,high_med_down,False,True,False,False,False,0.0,0.0,50.0,0.0,0.0,0.0,0.0,0.0,50.0,0.0,0.0,-1,0.0,G2_TRADEABLE,tradeable_sell=False,-1,0.0,0.0,
BTC/USDT,56,2026-03-12 05:00:00,short,0.53918,69.82,0.6,69480.54,460.3,high_med_flat,,,True,False,False,0.0,0.0,50.0,0.0,0.0,0.0,0.0,0.0,50.0,0.0,0.0,-1,0.0,G1_REGIME,regime='high_med_flat' skipped=True reg_empty=False,-1,0.0,0.0,
BTC/USDT,57,2026-03-12 06:00:00,short,0.53121,59.87,0.6,69501.44,430.414286,high_med_flat,,,True,False,False,0.0,0.0,50.0,0.0,0.0,0.0,0.0,0.0,50.0,0.0,0.0,-1,0.0,G1_REGIME,regime='high_med_flat' skipped=True reg_empty=False,-1,0.0,0.0,
BTC/USDT,58,2026-03-12 07:00:00,long,0.50071,84.14,0.6,69826.19,405.279286,high_med_flat,,,True,False,False,0.0,0.0,50.0,0.0,0.0,0.0,0.0,0.0,50.0,0.0,0.0,-1,0.0,G1_REGIME,regime='high_med_flat' skipped=True reg_empty=False,-1,0.0,0.0,
BTC/USDT,59,2026-03-12 08:00:00,short,0.5056,69.6,0.6,69917.37,400.850714,high_med_flat,,,True,False,False,0.0,0.0,50.0,0.0,0.0,0.0,0.0,0.0,50.0,0.0,0.0,-1,0.0,G1_REGIME,regime='high_med_flat' skipped=True reg_empty=False,-1,0.0,0.0,
BTC/USDT,60,2026-03-12 09:00:00,short,0.50883,71.3,0.6,69952.51,433.229286,high_med_up,,,True,False,False,0.0,0.0,50.0,0.0,0.0,0.0,0.0,0.0,50.0,0.0,0.0,-1,0.0,G1_REGIME,regime='high_med_up' skipped=True reg_empty=False,-1,0.0,0.0,
BTC/USDT,61,2026-03-12 10:00:00,short,0.54768,86.98,0.6,70412.11,458.174286,high_med_up,,,True,False,False,0.0,0.0,50.0,0.0,0.0,0.0,0.0,0.0,50.0,0.0,0.0,-1,0.0,G1_REGIME,regime='high_med_up' skipped=True reg_empty=False,-1,0.0,0.0,
BTC/USDT,62,2026-03-12 11:00:00,short,0.53123,88.58,0.6,70427.91,469.231429,high_med_up,,,True,False,False,0.0,0.0,50.0,0.0,0.0,0.0,0.0,0.0,50.0,0.0,0.0,-1,0.0,G1_REGIME,regime='high_med_up' skipped=True reg_empty=False,-1,0.0,0.0,
BTC/USDT,63,2026-03-12 12:00:00,short,0.55715,85.73,0.6,70381.8,442.932143,high_med_up,,,True,False,False,0.0,0.0,50.0,0.0,0.0,0.0,0.0,0.0,50.0,0.0,0.0,-1,0.0,G1_REGIME,regime='high_med_up' skipped=True reg_empty=False,-1,0.0,0.0,
BTC/USDT,64,2026-03-12 13:00:00,short,0.56004,68.2,0.6,69972.15,479.395,high_med_flat,,,True,False,False,0.0,0.0,50.0,0.0,0.0,0.0,0.0,0.0,50.0,0.0,0.0,-1,0.0,G1_REGIME,regime='high_med_flat' skipped=True reg_empty=False,-1,0.0,0.0,
BTC/USDT,65,2026-03-12 14:00:00,short,0.5525,72.95,0.6,69590.09,556.66,high_high_down,False,True,False,False,False,0.0,0.0,50.0,0.0,0.0,0.0,0.0,0.0,50.0,0.0,0.0,-1,0.0,G2_TRADEABLE,tradeable_sell=False,-1,0.0,0.0,
BTC/USDT,66,2026-03-12 15:00:00,short,0.55703,86.14,0.6,70334.88,600.752143,high_high_flat,False,False,False,False,False,0.0,0.0,50.0,0.0,0.0,0.0,0.0,0.0,50.0,0.0,0.0,-1,0.0,G2_TRADEABLE,tradeable_sell=False,-1,0.0,0.0,
BTC/USDT,67,2026-03-12 16:00:00,short,0.56535,69.97,0.6,70381.16,600.897143,high_high_flat,False,False,False,False,False,0.0,0.0,50.0,0.0,0.0,0.0,0.0,0.0,50.0,0.0,0.0,-1,0.0,G2_TRADEABLE,tradeable_sell=False,-1,0.0,0.0,
BTC/USDT,68,2026-03-12 17:00:00,short,0.56138,45.55,0.6,70212.06,607.255,high_high_flat,False,False,False,False,False,0.0,0.0,50.0,0.0,0.0,0.0,0.0,0.0,50.0,0.0,0.0,-1,0.0,G2_TRADEABLE,tradeable_sell=False,-1,0.0,0.0,
BTC/USDT,69,2026-03-12 18:00:00,short,0.54058,46.88,0.6,69819.64,616.045,high_high_down,False,True,False,False,False,0.0,0.0,50.0,0.0,0.0,0.0,0.0,0.0,50.0,0.0,0.0,-1,0.0,G2_TRADEABLE,tradeable_sell=False,-1,0.0,0.0,
BTC/USDT,70,2026-03-12 19:00:00,short,0.5587,62.51,0.6,70432.32,647.777857,high_high_flat,False,False,False,False,False,0.0,0.0,50.0,0.0,0.0,0.0,0.0,0.0,50.0,0.0,0.0,-1,0.0,G2_TRADEABLE,tradeable_sell=False,-1,0.0,0.0,
BTC/USDT,71,2026-03-12 20:00:00,short,0.55234,53.31,0.6,70164.49,661.9,high_high_flat,False,False,False,False,False,0.0,0.0,50.0,0.0,0.0,0.0,0.0,0.0,50.0,0.0,0.0,-1,0.0,G2_TRADEABLE,tradeable_sell=False,-1,0.0,0.0,
BTC/USDT,72,2026-03-12 21:00:00,short,0.56657,58.95,0.6,70268.55,651.072143,high_high_flat,False,False,False,False,False,0.0,0.0,50.0,0.0,0.0,0.0,0.0,0.0,50.0,0.0,0.0,-1,0.0,G2_TRADEABLE,tradeable_sell=False,-1,0.0,0.0,
BTC/USDT,73,2026-03-12 22:00:00,short,0.57157,52.75,0.6,70175.64,642.075714,med_high_flat,,,True,False,False,0.0,0.0,50.0,0.0,0.0,0.0,0.0,0.0,50.0,0.0,0.0,-1,0.0,G1_REGIME,regime='med_high_flat' skipped=True reg_empty=False,-1,0.0,0.0,
BTC/USDT,74,2026-03-12 23:00:00,short,0.56121,64.69,0.6,70541.34,624.568571,high_high_flat,False,False,False,False,False,0.0,0.0,50.0,0.0,0.0,0.0,0.0,0.0,50.0,0.0,0.0,-1,0.0,G2_TRADEABLE,tradeable_sell=False,-1,0.0,0.0,
BTC/USDT,75,2026-03-13 00:00:00,short,0.52921,82.32,0.6,71475.61,693.067857,high_high_up,False,False,False,False,False,0.0,0.0,50.0,0.0,0.0,0.0,0.0,0.0,50.0,0.0,0.0,-1,0.0,G2_TRADEABLE,tradeable_sell=False,-1,0.0,0.0,
BTC/USDT,76,2026-03-13 01:00:00,short,0.54402,61.94,0.6,71672.39,696.205714,high_high_up,False,False,False,False,False,0.0,0.0,50.0,0.0,0.0,0.0,0.0,0.0,50.0,0.0,0.0,-1,0.0,G2_TRADEABLE,tradeable_sell=False,-1,0.0,0.0,
BTC/USDT,77,2026-03-13 02:00:00,short,0.53577,63.39,0.6,71143.8,718.411429,high_high_up,False,False,False,False,False,0.0,0.0,50.0,0.0,0.0,0.0,0.0,0.0,50.0,0.0,0.0,-1,0.0,G2_TRADEABLE,tradeable_sell=False,-1,0.0,0.0,
BTC/USDT,78,2026-03-13 03:00:00,short,0.53783,62.04,0.6,71405.75,693.753571,high_high_up,False,False,False,False,False,0.0,0.0,50.0,0.0,0.0,0.0,0.0,0.0,50.0,0.0,0.0,-1,0.0,G2_TRADEABLE,tradeable_sell=False,-1,0.0,0.0,
BTC/USDT,79,2026-03-13 04:00:00,short,0.56062,61.65,0.6,71393.94,620.497143,high_high_up,False,False,False,False,False,0.0,0.0,50.0,0.0,0.0,0.0,0.0,0.0,50.0,0.0,0.0,-1,0.0,G2_TRADEABLE,tradeable_sell=False,-1,0.0,0.0,
BTC/USDT,80,2026-03-13 05:00:00,short,0.54524,63.31,0.6,71546.29,570.942143,high_high_up,False,False,False,False,False,0.0,0.0,50.0,0.0,0.0,0.0,0.0,0.0,50.0,0.0,0.0,-1,0.0,G2_TRADEABLE,tradeable_sell=False,-1,0.0,0.0,
BTC/USDT,81,2026-03-13 06:00:00,short,0.54204,63.9,0.6,71342.0,553.055714,high_med_up,,,True,False,False,0.0,0.0,50.0,0.0,0.0,0.0,0.0,0.0,50.0,0.0,0.0,-1,0.0,G1_REGIME,regime='high_med_up' skipped=True reg_empty=False,-1,0.0,0.0,
BTC/USDT,82,2026-03-13 07:00:00,short,0.53321,62.99,0.6,71612.22,550.602143,high_med_up,,,True,False,False,0.0,0.0,50.0,0.0,0.0,0.0,0.0,0.0,50.0,0.0,0.0,-1,0.0,G1_REGIME,regime='high_med_up' skipped=True reg_empty=False,-1,0.0,0.0,
BTC/USDT,83,2026-03-13 08:00:00,short,0.55474,88.54,0.6,71821.02,568.749286,high_high_up,False,False,False,False,False,0.0,0.0,50.0,0.0,0.0,0.0,0.0,0.0,50.0,0.0,0.0,-1,0.0,G2_TRADEABLE,tradeable_sell=False,-1,0.0,0.0,
BTC/USDT,84,2026-03-13 09:00:00,short,0.545,80.76,0.6,72006.57,549.649286,high_med_up,,,True,False,False,0.0,0.0,50.0,0.0,0.0,0.0,0.0,0.0,50.0,0.0,0.0,-1,0.0,G1_REGIME,regime='high_med_up' skipped=True reg_empty=False,-1,0.0,0.0,
BTC/USDT,85,2026-03-13 10:00:00,short,0.51302,85.77,0.6,72458.12,559.401429,high_med_up,,,True,False,False,0.0,0.0,50.0,0.0,0.0,0.0,0.0,0.0,50.0,0.0,0.0,-1,0.0,G1_REGIME,regime='high_med_up' skipped=True reg_empty=False,-1,0.0,0.0,
BTC/USDT,86,2026-03-13 11:00:00,short,0.53002,80.21,0.6,72228.82,560.344286,high_med_up,,,True,False,False,0.0,0.0,50.0,0.0,0.0,0.0,0.0,0.0,50.0,0.0,0.0,-1,0.0,G1_REGIME,regime='high_med_up' skipped=True reg_empty=False,-1,0.0,0.0,
BTC/USDT,87,2026-03-13 12:00:00,short,0.51855,82.2,0.6,72784.73,587.672143,high_high_up,False,False,False,False,False,0.0,0.0,50.0,0.0,0.0,0.0,0.0,0.0,50.0,0.0,0.0,-1,0.0,G2_TRADEABLE,tradeable_sell=False,-1,0.0,0.0,
BTC/USDT,88,2026-03-13 13:00:00,long,0.50034,85.83,0.6,73379.18,610.921429,high_high_up,False,False,False,False,False,0.0,0.0,50.0,0.0,0.0,0.0,0.0,0.0,50.0,0.0,0.0,-1,0.0,G2_TRADEABLE,tradeable_buy=False,-1,0.0,0.0,
BTC/USDT,89,2026-03-13 14:00:00,short,0.50491,94.05,0.6,72382.72,607.332143,high_high_up,False,False,False,False,False,0.0,0.0,50.0,0.0,0.0,0.0,0.0,0.0,50.0,0.0,0.0,-1,0.0,G2_TRADEABLE,tradeable_sell=False,-1,0.0,0.0,
BTC/USDT,90,2026-03-13 15:00:00,short,0.51831,94.74,0.6,71831.46,651.390714,high_high_up,False,False,False,False,False,0.0,0.0,50.0,0.0,0.0,0.0,0.0,0.0,50.0,0.0,0.0,-1,0.0,G2_TRADEABLE,tradeable_sell=False,-1,0.0,0.0,
BTC/USDT,91,2026-03-13 16:00:00,short,0.50265,79.52,0.6,71885.57,672.412143,high_high_up,False,False,False,False,False,0.0,0.0,50.0,0.0,0.0,0.0,0.0,0.0,50.0,0.0,0.0,-1,0.0,G2_TRADEABLE,tradeable_sell=False,-1,0.0,0.0,
BTC/USDT,92,2026-03-13 17:00:00,long,0.50027,78.26,0.6,71037.93,728.945,high_high_up,False,False,False,False,False,0.0,0.0,50.0,0.0,0.0,0.0,0.0,0.0,50.0,0.0,0.0,-1,0.0,G2_TRADEABLE,tradeable_buy=False,-1,0.0,0.0,
BTC/USDT,93,2026-03-13 18:00:00,short,0.50007,77.67,0.6,71055.45,745.37,high_high_up,False,False,False,False,False,0.0,0.0,50.0,0.0,0.0,0.0,0.0,0.0,50.0,0.0,0.0,-1,0.0,G2_TRADEABLE,tradeable_sell=False,-1,0.0,0.0,
BTC/USDT,94,2026-03-13 19:00:00,long,0.5123,71.74,0.6,71189.95,738.815,high_high_up,False,False,False,False,False,0.0,0.0,50.0,0.0,0.0,0.0,0.0,0.0,50.0,0.0,0.0,-1,0.0,G2_TRADEABLE,tradeable_buy=False,-1,0.0,0.0,
BTC/USDT,95,2026-03-13 20:00:00,long,0.50789,72.62,0.6,71346.84,732.136429,high_high_up,False,False,False,False,False,0.0,0.0,50.0,0.0,0.0,0.0,0.0,0.0,50.0,0.0,0.0,-1,0.0,G2_TRADEABLE,tradeable_buy=False,-1,0.0,0.0,
BTC/USDT,96,2026-03-13 21:00:00,long,0.50618,70.62,0.6,71104.65,731.857857,high_high_up,False,False,False,False,False,0.0,0.0,50.0,0.0,0.0,0.0,0.0,0.0,50.0,0.0,0.0,-1,0.0,G2_TRADEABLE,tradeable_buy=False,-1,0.0,0.0,
BTC/USDT,97,2026-03-13 22:00:00,short,0.50621,72.05,0.6,70814.0,722.762857,high_high_up,False,False,False,False,False,0.0,0.0,50.0,0.0,0.0,0.0,0.0,0.0,50.0,0.0,0.0,-1,0.0,G2_TRADEABLE,tradeable_sell=False,-1,0.0,0.0,
BTC/USDT,98,2026-03-13 23:00:00,long,0.51584,83.21,0.6,70930.0,708.926429,high_high_flat,False,False,False,False,False,0.0,0.0,50.0,0.0,0.0,0.0,0.0,0.0,50.0,0.0,0.0,-1,0.0,G2_TRADEABLE,tradeable_buy=False,-1,0.0,0.0,
BTC/USDT,99,2026-03-14 00:00:00,short,0.50462,71.74,0.6,70631.97,695.808571,high_high_down,False,True,False,False,False,0.0,0.0,50.0,0.0,0.0,0.0,0.0,0.0,50.0,0.0,0.0,-1,0.0,G2_TRADEABLE,tradeable_sell=False,-1,0.0,0.0,
BTC/USDT,100,2026-03-14 01:00:00,short,0.51595,70.68,0.6,70831.7,705.854286,high_high_down,False,True,False,False,False,0.0,0.0,50.0,0.0,0.0,0.0,0.0,0.0,50.0,0.0,0.0,-1,0.0,G2_TRADEABLE,tradeable_sell=False,-1,0.0,0.0,
BTC/USDT,101,2026-03-14 02:00:00,short,0.52223,62.65,0.6,70783.27,672.909286,high_high_flat,False,False,False,False,False,0.0,0.0,50.0,0.0,0.0,0.0,0.0,0.0,50.0,0.0,0.0,-1,0.0,G2_TRADEABLE,tradeable_sell=False,-1,0.0,0.0,
BTC/USDT,102,2026-03-14 03:00:00,short,0.5034,59.88,0.6,71081.3,637.307857,high_high_flat,False,False,False,False,False,0.0,0.0,50.0,0.0,0.0,0.0,0.0,0.0,50.0,0.0,0.0,-1,0.0,G2_TRADEABLE,tradeable_sell=False,-1,0.0,0.0,
BTC/USDT,103,2026-03-14 04:00:00,short,0.51409,59.87,0.6,71039.58,546.098571,high_med_flat,,,True,False,False,0.0,0.0,50.0,0.0,0.0,0.0,0.0,0.0,50.0,0.0,0.0,-1,0.0,G1_REGIME,regime='high_med_flat' skipped=True reg_empty=False,-1,0.0,0.0,
BTC/USDT,104,2026-03-14 05:00:00,short,0.50048,69.08,0.6,71013.75,484.781429,high_med_flat,,,True,False,False,0.0,0.0,50.0,0.0,0.0,0.0,0.0,0.0,50.0,0.0,0.0,-1,0.0,G1_REGIME,regime='high_med_flat' skipped=True reg_empty=False,-1,0.0,0.0,
BTC/USDT,105,2026-03-14 06:00:00,short,0.50334,60.89,0.6,70622.08,467.016429,high_med_flat,,,True,False,False,0.0,0.0,50.0,0.0,0.0,0.0,0.0,0.0,50.0,0.0,0.0,-1,0.0,G1_REGIME,regime='high_med_flat' skipped=True reg_empty=False,-1,0.0,0.0,
BTC/USDT,106,2026-03-14 07:00:00,long,0.51843,79.54,0.6,70596.68,389.798571,high_med_down,False,True,False,False,False,0.0,0.0,50.0,0.0,0.0,0.0,0.0,0.0,50.0,0.0,0.0,-1,0.0,G2_TRADEABLE,tradeable_buy=False,-1,0.0,0.0,
BTC/USDT,107,2026-03-14 08:00:00,short,0.50609,68.77,0.6,70585.63,365.832143,high_low_down,,,True,False,False,0.0,0.0,50.0,0.0,0.0,0.0,0.0,0.0,50.0,0.0,0.0,-1,0.0,G1_REGIME,regime='high_low_down' skipped=True reg_empty=False,-1,0.0,0.0,
BTC/USDT,108,2026-03-14 09:00:00,short,0.51599,71.46,0.6,70501.16,367.569286,high_low_down,,,True,False,False,0.0,0.0,50.0,0.0,0.0,0.0,0.0,0.0,50.0,0.0,0.0,-1,0.0,G1_REGIME,regime='high_low_down' skipped=True reg_empty=False,-1,0.0,0.0,
BTC/USDT,109,2026-03-14 10:00:00,short,0.53838,70.44,0.6,70570.44,358.032857,high_low_down,,,True,False,False,0.0,0.0,50.0,0.0,0.0,0.0,0.0,0.0,50.0,0.0,0.0,-1,0.0,G1_REGIME,regime='high_low_down' skipped=True reg_empty=False,-1,0.0,0.0,
BTC/USDT,110,2026-03-14 11:00:00,short,0.5038,66.75,0.6,70751.42,342.957143,high_low_down,,,True,False,False,0.0,0.0,50.0,0.0,0.0,0.0,0.0,0.0,50.0,0.0,0.0,-1,0.0,G1_REGIME,regime='high_low_down' skipped=True reg_empty=False,-1,0.0,0.0,
BTC/USDT,111,2026-03-14 12:00:00,short,0.50821,64.72,0.6,70780.59,313.585714,high_low_down,,,True,False,False,0.0,0.0,50.0,0.0,0.0,0.0,0.0,0.0,50.0,0.0,0.0,-1,0.0,G1_REGIME,regime='high_low_down' skipped=True reg_empty=False,-1,0.0,0.0,
BTC/USDT,112,2026-03-14 13:00:00,short,0.50324,72.95,0.6,70847.35,306.597857,high_low_down,,,True,False,False,0.0,0.0,50.0,0.0,0.0,0.0,0.0,0.0,50.0,0.0,0.0,-1,0.0,G1_REGIME,regime='high_low_down' skipped=True reg_empty=False,-1,0.0,0.0,
BTC/USDT,113,2026-03-14 14:00:00,long,0.51443,73.64,0.6,70599.22,304.141429,high_low_down,,,True,False,False,0.0,0.0,50.0,0.0,0.0,0.0,0.0,0.0,50.0,0.0,0.0,-1,0.0,G1_REGIME,regime='high_low_down' skipped=True reg_empty=False,-1,0.0,0.0,
BTC/USDT,114,2026-03-14 15:00:00,short,0.50416,74.01,0.6,70580.09,287.587143,med_low_down,False,True,False,False,False,0.0,0.0,50.0,0.0,0.0,0.0,0.0,0.0,50.0,0.0,0.0,-1,0.0,G2_TRADEABLE,tradeable_sell=False,-1,0.0,0.0,
BTC/USDT,115,2026-03-14 16:00:00,long,0.50104,75.42,0.6,70672.53,287.297857,med_low_down,False,True,False,False,False,0.0,0.0,50.0,0.0,0.0,0.0,0.0,0.0,50.0,0.0,0.0,-1,0.0,G2_TRADEABLE,tradeable_buy=False,-1,0.0,0.0,
BTC/USDT,116,2026-03-14 17:00:00,long,0.50207,72.04,0.6,70617.01,268.801429,med_low_flat,False,True,False,False,False,0.0,0.0,50.0,0.0,0.0,0.0,0.0,0.0,50.0,0.0,0.0,-1,0.0,G2_TRADEABLE,tradeable_buy=False,-1,0.0,0.0,
BTC/USDT,117,2026-03-14 18:00:00,short,0.51997,70.52,0.6,70668.23,258.995714,med_low_flat,False,True,False,False,False,0.0,0.0,50.0,0.0,0.0,0.0,0.0,0.0,50.0,0.0,0.0,-1,0.0,G2_TRADEABLE,tradeable_sell=False,-1,0.0,0.0,
BTC/USDT,118,2026-03-14 19:00:00,short,0.52341,69.87,0.6,70700.0,252.628571,med_low_flat,False,True,False,False,False,0.0,0.0,50.0,0.0,0.0,0.0,0.0,0.0,50.0,0.0,0.0,-1,0.0,G2_TRADEABLE,tradeable_sell=False,-1,0.0,0.0,
BTC/USDT,119,2026-03-14 20:00:00,short,0.52839,67.73,0.6,70805.71,217.597143,low_low_flat,False,False,False,False,False,0.0,0.0,50.0,0.0,0.0,0.0,0.0,0.0,50.0,0.0,0.0,-1,0.0,G2_TRADEABLE,tradeable_sell=False,-1,0.0,0.0,
BTC/USDT,120,2026-03-14 21:00:00,short,0.53937,69.39,0.6,70799.99,211.106429,low_low_flat,False,False,False,False,False,0.0,0.0,50.0,0.0,0.0,0.0,0.0,0.0,50.0,0.0,0.0,-1,0.0,G2_TRADEABLE,tradeable_sell=False,-1,0.0,0.0,
BTC/USDT,121,2026-03-14 22:00:00,short,0.52786,71.27,0.6,70710.91,206.512143,low_low_flat,False,False,False,False,False,0.0,0.0,50.0,0.0,0.0,0.0,0.0,0.0,50.0,0.0,0.0,-1,0.0,G2_TRADEABLE,tradeable_sell=False,-1,0.0,0.0,
BTC/USDT,122,2026-03-14 23:00:00,short,0.5222,72.41,0.6,71211.95,221.812143,low_low_flat,False,False,False,False,False,0.0,0.0,50.0,0.0,0.0,0.0,0.0,0.0,50.0,0.0,0.0,-1,0.0,G2_TRADEABLE,tradeable_sell=False,-1,0.0,0.0,
BTC/USDT,123,2026-03-15 00:00:00,short,0.52614,76.17,0.6,70985.28,226.607143,low_low_flat,False,False,False,False,False,0.0,0.0,50.0,0.0,0.0,0.0,0.0,0.0,50.0,0.0,0.0,-1,0.0,G2_TRADEABLE,tradeable_sell=False,-1,0.0,0.0,
BTC/USDT,124,2026-03-15 01:00:00,short,0.54311,71.75,0.6,70985.83,223.526429,low_low_flat,False,False,False,False,False,0.0,0.0,50.0,0.0,0.0,0.0,0.0,0.0,50.0,0.0,0.0,-1,0.0,G2_TRADEABLE,tradeable_sell=False,-1,0.0,0.0,
BTC/USDT,125,2026-03-15 02:00:00,short,0.53477,87.42,0.6,71450.53,254.184286,low_low_up,True,True,False,False,False,0.0,0.0,50.0,0.0,0.0,0.0,0.0,0.0,50.0,0.0,0.0,-1,0.0,G2_TRADEABLE,tradeable_sell=False,-1,0.0,0.0,
BTC/USDT,126,2026-03-15 03:00:00,short,0.55986,77.82,0.6,71363.14,259.779286,low_low_flat,False,False,False,False,False,0.0,0.0,50.0,0.0,0.0,0.0,0.0,0.0,50.0,0.0,0.0,-1,0.0,G2_TRADEABLE,tradeable_sell=False,-1,0.0,0.0,
BTC/USDT,127,2026-03-15 04:00:00,short,0.53641,85.6,0.6,71606.32,257.527857,low_low_up,True,True,False,False,False,0.0,0.0,50.0,0.0,0.0,0.0,0.0,0.0,50.0,0.0,0.0,-1,0.0,G2_TRADEABLE,tradeable_sell=False,-1,0.0,0.0,
BTC/USDT,128,2026-03-15 05:00:00,short,0.54795,87.64,0.6,71489.68,264.462857,low_low_up,True,True,False,False,False,0.0,0.0,50.0,0.0,0.0,0.0,0.0,0.0,50.0,0.0,0.0,-1,0.0,G2_TRADEABLE,tradeable_sell=False,-1,0.0,0.0,
BTC/USDT,129,2026-03-15 06:00:00,short,0.54137,83.43,0.6,71458.41,265.34,low_low_up,True,True,False,False,False,0.0,0.0,50.0,0.0,0.0,0.0,0.0,0.0,50.0,0.0,0.0,-1,0.0,G2_TRADEABLE,tradeable_sell=False,-1,0.0,0.0,
BTC/USDT,130,2026-03-15 07:00:00,short,0.53379,69.11,0.6,71453.59,272.735714,low_low_up,True,True,False,False,False,0.0,0.0,50.0,0.0,0.0,0.0,0.0,0.0,50.0,0.0,0.0,-1,0.0,G2_TRADEABLE,tradeable_sell=False,-1,0.0,0.0,
BTC/USDT,131,2026-03-15 08:00:00,short,0.52217,81.63,0.6,71717.5,282.278571,low_low_up,True,True,False,False,False,0.0,0.0,50.0,0.0,0.0,0.0,0.0,0.0,50.0,0.0,0.0,-1,0.0,G2_TRADEABLE,tradeable_sell=False,-1,0.0,0.0,
BTC/USDT,132,2026-03-15 09:00:00,short,0.53237,84.71,0.6,71791.1,288.092143,low_low_up,True,True,False,False,False,0.0,0.0,50.0,0.0,0.0,0.0,0.0,0.0,50.0,0.0,0.0,-1,0.0,G2_TRADEABLE,tradeable_sell=False,-1,0.0,0.0,
BTC/USDT,133,2026-03-15 10:00:00,short,0.5281,83.69,0.6,71783.09,287.985714,low_low_up,True,True,False,False,False,0.0,0.0,50.0,0.0,0.0,0.0,0.0,0.0,50.0,0.0,0.0,-1,0.0,G2_TRADEABLE,tradeable_sell=False,-1,0.0,0.0,
BTC/USDT,134,2026-03-15 11:00:00,short,0.55617,82.19,0.6,71839.42,292.579286,low_low_up,True,True,False,False,False,0.0,0.0,50.0,0.0,0.0,0.0,0.0,0.0,50.0,0.0,0.0,-1,0.0,G2_TRADEABLE,tradeable_sell=False,-1,0.0,0.0,
BTC/USDT,135,2026-03-15 12:00:00,short,0.52581,80.98,0.6,71610.33,304.675714,low_low_up,True,True,False,False,False,0.0,0.0,50.0,0.0,0.0,0.0,0.0,0.0,50.0,0.0,0.0,-1,0.0,G2_TRADEABLE,tradeable_sell=False,-1,0.0,0.0,
BTC/USDT,136,2026-03-15 13:00:00,short,0.53524,100.0,0.6,71607.54,295.643571,low_low_up,True,True,False,False,False,0.0,0.0,50.0,0.0,0.0,0.0,0.0,0.0,50.0,0.0,0.0,-1,0.0,G2_TRADEABLE,tradeable_sell=False,-1,0.0,0.0,
BTC/USDT,137,2026-03-15 14:00:00,short,0.54459,81.88,0.6,71622.03,298.552857,low_low_up,True,True,False,False,False,0.0,0.0,50.0,0.0,0.0,0.0,0.0,0.0,50.0,0.0,0.0,-1,0.0,G2_TRADEABLE,tradeable_sell=False,-1,0.0,0.0,
BTC/USDT,138,2026-03-15 15:00:00,short,0.55185,69.74,0.6,71481.24,301.225,low_low_up,True,True,False,False,False,0.0,0.0,50.0,0.0,0.0,0.0,0.0,0.0,50.0,0.0,0.0,-1,0.0,G2_TRADEABLE,tradeable_sell=False,-1,0.0,0.0,
BTC/USDT,139,2026-03-15 16:00:00,short,0.54524,72.51,0.6,71437.35,273.969286,low_low_up,True,True,False,False,False,0.0,0.0,50.0,0.0,0.0,0.0,0.0,0.0,50.0,0.0,0.0,-1,0.0,G2_TRADEABLE,tradeable_sell=False,-1,0.0,0.0,
BTC/USDT,140,2026-03-15 17:00:00,short,0.52671,78.08,0.6,71819.95,294.172143,low_low_up,True,True,False,False,False,0.0,0.0,50.0,0.0,0.0,0.0,0.0,0.0,50.0,0.0,0.0,-1,0.0,G2_TRADEABLE,tradeable_sell=False,-1,0.0,0.0,
BTC/USDT,141,2026-03-15 18:00:00,short,0.53483,72.63,0.6,71390.53,310.8,low_low_up,True,True,False,False,False,0.0,0.0,50.0,0.0,0.0,0.0,0.0,0.0,50.0,0.0,0.0,-1,0.0,G2_TRADEABLE,tradeable_sell=False,-1,0.0,0.0,
BTC/USDT,142,2026-03-15 19:00:00,short,0.51914,69.32,0.6,71549.94,305.048571,low_low_up,True,True,False,False,False,0.0,0.0,50.0,0.0,0.0,0.0,0.0,0.0,50.0,0.0,0.0,-1,0.0,G2_TRADEABLE,tradeable_sell=False,-1,0.0,0.0,
BTC/USDT,143,2026-03-15 20:00:00,short,0.54377,78.57,0.6,71730.81,324.660714,low_low_up,True,True,False,False,False,0.0,0.0,50.0,0.0,0.0,0.0,0.0,0.0,50.0,0.0,0.0,-1,0.0,G2_TRADEABLE,tradeable_sell=False,-1,0.0,0.0,
BTC/USDT,144,2026-03-15 21:00:00,short,0.54902,82.08,0.6,72109.58,349.335714,low_low_up,True,True,False,False,False,0.0,0.0,50.0,0.0,0.0,0.0,0.0,0.0,50.0,0.0,0.0,-1,0.0,G2_TRADEABLE,tradeable_sell=False,-1,0.0,0.0,
BTC/USDT,145,2026-03-15 22:00:00,short,0.53746,100.0,0.6,72749.44,425.971429,low_med_up,False,False,False,False,False,0.0,0.0,50.0,0.0,0.0,0.0,0.0,0.0,50.0,0.0,0.0,-1,0.0,G2_TRADEABLE,tradeable_sell=False,-1,0.0,0.0,
BTC/USDT,146,2026-03-15 23:00:00,short,0.55158,100.0,0.6,72815.24,465.397857,low_med_up,False,False,False,False,False,0.0,0.0,50.0,0.0,0.0,0.0,0.0,0.0,50.0,0.0,0.0,-1,0.0,G2_TRADEABLE,tradeable_sell=False,-1,0.0,0.0,
BTC/USDT,147,2026-03-16 00:00:00,short,0.55274,85.21,0.6,72531.26,490.530714,low_med_up,False,False,False,False,False,0.0,0.0,50.0,0.0,0.0,0.0,0.0,0.0,50.0,0.0,0.0,-1,0.0,G2_TRADEABLE,tradeable_sell=False,-1,0.0,0.0,
BTC/USDT,148,2026-03-16 01:00:00,short,0.57439,85.23,0.6,72752.9,515.786429,low_med_up,False,False,False,False,False,0.0,0.0,50.0,0.0,0.0,0.0,0.0,0.0,50.0,0.0,0.0,-1,0.0,G2_TRADEABLE,tradeable_sell=False,-1,0.0,0.0,
BTC/USDT,149,2026-03-16 02:00:00,short,0.54716,83.11,0.6,72514.69,530.428571,low_med_up,False,False,False,False,False,0.0,0.0,50.0,0.0,0.0,0.0,0.0,0.0,50.0,0.0,0.0,-1,0.0,G2_TRADEABLE,tradeable_sell=False,-1,0.0,0.0,
BTC/USDT,150,2026-03-16 03:00:00,short,0.52878,100.0,0.6,73573.32,636.035714,med_high_up,,,True,False,False,0.0,0.0,50.0,0.0,0.0,0.0,0.0,0.0,50.0,0.0,0.0,-1,0.0,G1_REGIME,regime='med_high_up' skipped=True reg_empty=False,-1,0.0,0.0,
BTC/USDT,151,2026-03-16 04:00:00,short,0.54093,90.23,0.6,73835.62,677.738571,med_high_up,,,True,False,False,0.0,0.0,50.0,0.0,0.0,0.0,0.0,0.0,50.0,0.0,0.0,-1,0.0,G1_REGIME,regime='med_high_up' skipped=True reg_empty=False,-1,0.0,0.0,
BTC/USDT,152,2026-03-16 05:00:00,short,0.52714,86.12,0.6,74207.49,700.743571,med_high_up,,,True,False,False,0.0,0.0,50.0,0.0,0.0,0.0,0.0,0.0,50.0,0.0,0.0,-1,0.0,G1_REGIME,regime='med_high_up' skipped=True reg_empty=False,-1,0.0,0.0,
BTC/USDT,153,2026-03-16 06:00:00,short,0.51219,86.25,0.6,73714.36,724.374286,med_high_up,,,True,False,False,0.0,0.0,50.0,0.0,0.0,0.0,0.0,0.0,50.0,0.0,0.0,-1,0.0,G1_REGIME,regime='med_high_up' skipped=True reg_empty=False,-1,0.0,0.0,
BTC/USDT,154,2026-03-16 07:00:00,short,0.52666,85.1,0.6,73456.68,721.478571,med_high_up,,,True,False,False,0.0,0.0,50.0,0.0,0.0,0.0,0.0,0.0,50.0,0.0,0.0,-1,0.0,G1_REGIME,regime='med_high_up' skipped=True reg_empty=False,-1,0.0,0.0,
BTC/USDT,155,2026-03-16 08:00:00,short,0.54332,79.62,0.6,73135.0,744.596429,med_high_up,,,True,False,False,0.0,0.0,50.0,0.0,0.0,0.0,0.0,0.0,50.0,0.0,0.0,-1,0.0,G1_REGIME,regime='med_high_up' skipped=True reg_empty=False,-1,0.0,0.0,
BTC/USDT,156,2026-03-16 09:00:00,short,0.5413,72.41,0.6,73260.92,746.772857,med_high_up,,,True,False,False,0.0,0.0,50.0,0.0,0.0,0.0,0.0,0.0,50.0,0.0,0.0,-1,0.0,G1_REGIME,regime='med_high_up' skipped=True reg_empty=False,-1,0.0,0.0,
BTC/USDT,157,2026-03-16 10:00:00,short,0.53373,84.81,0.6,73783.42,752.792857,med_high_up,,,True,False,False,0.0,0.0,50.0,0.0,0.0,0.0,0.0,0.0,50.0,0.0,0.0,-1,0.0,G1_REGIME,regime='med_high_up' skipped=True reg_empty=False,-1,0.0,0.0,
BTC/USDT,158,2026-03-16 11:00:00,short,0.54023,84.13,0.6,73552.77,733.608571,med_high_up,,,True,False,False,0.0,0.0,50.0,0.0,0.0,0.0,0.0,0.0,50.0,0.0,0.0,-1,0.0,G1_REGIME,regime='med_high_up' skipped=True reg_empty=False,-1,0.0,0.0,
BTC/USDT,159,2026-03-16 12:00:00,short,0.52539,83.54,0.6,73864.8,678.073571,high_high_up,False,False,False,False,False,0.0,0.0,50.0,0.0,0.0,0.0,0.0,0.0,50.0,0.0,0.0,-1,0.0,G2_TRADEABLE,tradeable_sell=False,-1,0.0,0.0,
BTC/USDT,160,2026-03-16 13:00:00,short,0.53717,86.83,0.6,74109.55,674.070714,high_high_up,False,False,False,False,False,0.0,0.0,50.0,0.0,0.0,0.0,0.0,0.0,50.0,0.0,0.0,-1,0.0,G2_TRADEABLE,tradeable_sell=False,-1,0.0,0.0,
BTC/USDT,161,2026-03-16 14:00:00,short,0.52208,92.27,0.6,73565.54,739.284286,high_high_up,False,False,False,False,False,0.0,0.0,50.0,0.0,0.0,0.0,0.0,0.0,50.0,0.0,0.0,-1,0.0,G2_TRADEABLE,tradeable_sell=False,-1,0.0,0.0,
BTC/USDT,162,2026-03-16 15:00:00,short,0.54551,77.39,0.6,73274.76,757.972143,high_high_up,False,False,False,False,False,0.0,0.0,50.0,0.0,0.0,0.0,0.0,0.0,50.0,0.0,0.0,-1,0.0,G2_TRADEABLE,tradeable_sell=False,-1,0.0,0.0,
BTC/USDT,163,2026-03-16 16:00:00,short,0.51839,84.04,0.6,73760.63,776.335714,high_high_up,False,False,False,False,False,0.0,0.0,50.0,0.0,0.0,0.0,0.0,0.0,50.0,0.0,0.0,-1,0.0,G2_TRADEABLE,tradeable_sell=False,-1,0.0,0.0,
BTC/USDT,164,2026-03-16 17:00:00,short,0.51696,81.75,0.6,73943.18,670.812857,high_high_up,False,False,False,False,False,0.0,0.0,50.0,0.0,0.0,0.0,0.0,0.0,50.0,0.0,0.0,-1,0.0,G2_TRADEABLE,tradeable_sell=False,-1,0.0,0.0,
BTC/USDT,165,2026-03-16 18:00:00,short,0.51101,83.83,0.6,73913.6,643.57,high_high_up,False,False,False,False,False,0.0,0.0,50.0,0.0,0.0,0.0,0.0,0.0,50.0,0.0,0.0,-1,0.0,G2_TRADEABLE,tradeable_sell=False,-1,0.0,0.0,
BTC/USDT,166,2026-03-16 19:00:00,long,0.50595,71.54,0.6,73963.0,650.640714,high_high_up,False,False,False,False,False,0.0,0.0,50.0,0.0,0.0,0.0,0.0,0.0,50.0,0.0,0.0,-1,0.0,G2_TRADEABLE,tradeable_buy=False,-1,0.0,0.0,
BTC/USDT,167,2026-03-16 20:00:00,short,0.50795,77.49,0.6,74236.9,635.515714,high_high_up,False,False,False,False,False,0.0,0.0,50.0,0.0,0.0,0.0,0.0,0.0,50.0,0.0,0.0,-1,0.0,G2_TRADEABLE,tradeable_sell=False,-1,0.0,0.0,
BTC/USDT,168,2026-03-16 21:00:00,short,0.52905,83.47,0.6,74401.36,643.326429,high_high_up,False,False,False,False,False,0.0,0.0,50.0,0.0,0.0,0.0,0.0,0.0,50.0,0.0,0.0,-1,0.0,G2_TRADEABLE,tradeable_sell=False,-1,0.0,0.0,
BTC/USDT,169,2026-03-16 22:00:00,short,0.53547,81.18,0.6,74772.66,617.2,high_high_up,False,False,False,False,False,0.0,0.0,50.0,0.0,0.0,0.0,0.0,0.0,50.0,0.0,0.0,-1,0.0,G2_TRADEABLE,tradeable_sell=False,-1,0.0,0.0,
BTC/USDT,170,2026-03-16 23:00:00,short,0.55643,83.51,0.6,74884.67,644.645714,high_high_up,False,False,False,False,False,0.0,0.0,50.0,0.0,0.0,0.0,0.0,0.0,50.0,0.0,0.0,-1,0.0,G2_TRADEABLE,tradeable_sell=False,-1,0.0,0.0,
BTC/USDT,171,2026-03-17 00:00:00,short,0.51063,100.0,0.6,75318.48,667.897143,high_high_up,False,False,False,False,False,0.0,0.0,50.0,0.0,0.0,0.0,0.0,0.0,50.0,0.0,0.0,-1,0.0,G2_TRADEABLE,tradeable_sell=False,-1,0.0,0.0,
BTC/USDT,172,2026-03-17 01:00:00,short,0.51724,99.66,0.6,75623.91,710.911429,high_high_up,False,False,False,False,False,0.0,0.0,50.0,0.0,0.0,0.0,0.0,0.0,50.0,0.0,0.0,-1,0.0,G2_TRADEABLE,tradeable_sell=False,-1,0.0,0.0,
BTC/USDT,173,2026-03-17 02:00:00,short,0.50151,81.83,0.6,75198.02,709.800714,high_high_up,False,False,False,False,False,0.0,0.0,50.0,0.0,0.0,0.0,0.0,0.0,50.0,0.0,0.0,-1,0.0,G2_TRADEABLE,tradeable_sell=False,-1,0.0,0.0,
BTC/USDT,174,2026-03-17 03:00:00,long,0.50179,68.38,0.6,74463.98,733.722143,high_high_up,False,False,False,False,False,0.0,0.0,50.0,0.0,0.0,0.0,0.0,0.0,50.0,0.0,0.0,-1,0.0,G2_TRADEABLE,tradeable_buy=False,-1,0.0,0.0,
BTC/USDT,175,2026-03-17 04:00:00,long,0.52264,68.91,0.6,74252.01,681.083571,high_high_flat,False,False,False,False,False,0.0,0.0,50.0,0.0,0.0,0.0,0.0,0.0,50.0,0.0,0.0,-1,0.0,G2_TRADEABLE,tradeable_buy=False,-1,0.0,0.0,
BTC/USDT,176,2026-03-17 05:00:00,long,0.51866,59.32,0.6,74036.74,669.118571,high_high_flat,False,False,False,False,False,0.0,0.0,50.0,0.0,0.0,0.0,0.0,0.0,50.0,0.0,0.0,-1,0.0,G2_TRADEABLE,tradeable_buy=False,-1,0.0,0.0,
BTC/USDT,177,2026-03-17 06:00:00,long,0.50717,56.12,0.6,74085.45,644.676429,high_high_flat,False,False,False,False,False,0.0,0.0,50.0,0.0,0.0,0.0,0.0,0.0,50.0,0.0,0.0,-1,0.0,G2_TRADEABLE,tradeable_buy=False,-1,0.0,0.0,
BTC/USDT,178,2026-03-17 07:00:00,short,0.50405,51.86,0.6,74249.32,642.842143,high_high_up,False,False,False,False,False,0.0,0.0,50.0,0.0,0.0,0.0,0.0,0.0,50.0,0.0,0.0,-1,0.0,G2_TRADEABLE,tradeable_sell=False,-1,0.0,0.0,
BTC/USDT,179,2026-03-17 08:00:00,long,0.51143,50.58,0.6,74188.38,632.030714,high_high_up,False,False,False,False,False,0.0,0.0,50.0,0.0,0.0,0.0,0.0,0.0,50.0,0.0,0.0,-1,0.0,G2_TRADEABLE,tradeable_buy=False,-1,0.0,0.0,
BTC/USDT,180,2026-03-17 09:00:00,long,0.50136,61.78,0.6,73937.16,626.841429,high_high_up,False,False,False,False,False,0.0,0.0,50.0,0.0,0.0,0.0,0.0,0.0,50.0,0.0,0.0,-1,0.0,G2_TRADEABLE,tradeable_buy=False,-1,0.0,0.0,
BTC/USDT,181,2026-03-17 10:00:00,short,0.50826,50.76,0.6,73729.45,627.842143,high_high_flat,False,False,False,False,False,0.0,0.0,50.0,0.0,0.0,0.0,0.0,0.0,50.0,0.0,0.0,-1,0.0,G2_TRADEABLE,tradeable_sell=False,-1,0.0,0.0,
BTC/USDT,182,2026-03-17 11:00:00,long,0.50905,62.17,0.6,74033.11,620.21,high_high_up,False,False,False,False,False,0.0,0.0,50.0,0.0,0.0,0.0,0.0,0.0,50.0,0.0,0.0,-1,0.0,G2_TRADEABLE,tradeable_buy=False,-1,0.0,0.0,
BTC/USDT,183,2026-03-17 12:00:00,short,0.5036,47.58,0.6,73739.74,618.548571,high_high_flat,False,False,False,False,False,0.0,0.0,50.0,0.0,0.0,0.0,0.0,0.0,50.0,0.0,0.0,-1,0.0,G2_TRADEABLE,tradeable_sell=False,-1,0.0,0.0,
BTC/USDT,184,2026-03-17 13:00:00,long,0.50297,63.82,0.6,73615.48,626.357857,high_high_flat,False,False,False,False,False,0.0,0.0,50.0,0.0,0.0,0.0,0.0,0.0,50.0,0.0,0.0,-1,0.0,G2_TRADEABLE,tradeable_buy=False,-1,0.0,0.0,
BTC/USDT,185,2026-03-17 14:00:00,long,0.54269,61.74,0.6,74381.7,633.105714,high_high_up,False,False,False,False,False,0.0,0.0,50.0,0.0,0.0,0.0,0.0,0.0,50.0,0.0,0.0,-1,0.0,G2_TRADEABLE,tradeable_buy=False,-1,0.0,0.0,
BTC/USDT,186,2026-03-17 15:00:00,long,0.52014,67.49,0.6,73914.39,654.42,high_high_up,False,False,False,False,False,0.0,0.0,50.0,0.0,0.0,0.0,0.0,0.0,50.0,0.0,0.0,-1,0.0,G2_TRADEABLE,tradeable_buy=False,-1,0.0,0.0,
BTC/USDT,187,2026-03-17 16:00:00,long,0.52397,62.4,0.6,74155.69,649.546429,high_high_flat,False,False,False,False,False,0.0,0.0,50.0,0.0,0.0,0.0,0.0,0.0,50.0,0.0,0.0,-1,0.0,G2_TRADEABLE,tradeable_buy=False,-1,0.0,0.0,
BTC/USDT,188,2026-03-17 17:00:00,long,0.53853,58.91,0.6,74523.75,615.975,high_high_up,False,False,False,False,False,0.0,0.0,50.0,0.0,0.0,0.0,0.0,0.0,50.0,0.0,0.0,-1,0.0,G2_TRADEABLE,tradeable_buy=False,-1,0.0,0.0,
BTC/USDT,189,2026-03-17 18:00:00,long,0.50865,57.6,0.6,74683.04,590.998571,high_high_up,False,False,False,False,False,0.0,0.0,50.0,0.0,0.0,0.0,0.0,0.0,50.0,0.0,0.0,-1,0.0,G2_TRADEABLE,tradeable_buy=False,-1,0.0,0.0,
BTC/USDT,190,2026-03-17 19:00:00,short,0.52377,42.54,0.6,74512.17,569.338571,high_med_up,,,True,False,False,0.0,0.0,50.0,0.0,0.0,0.0,0.0,0.0,50.0,0.0,0.0,-1,0.0,G1_REGIME,regime='high_med_up' skipped=True reg_empty=False,-1,0.0,0.0,
BTC/USDT,191,2026-03-17 20:00:00,short,0.51254,39.4,0.6,74506.75,564.090714,high_med_flat,,,True,False,False,0.0,0.0,50.0,0.0,0.0,0.0,0.0,0.0,50.0,0.0,0.0,-1,0.0,G1_REGIME,regime='high_med_flat' skipped=True reg_empty=False,-1,0.0,0.0,
BTC/USDT,192,2026-03-17 21:00:00,short,0.51817,50.58,0.6,74685.42,561.067143,high_med_flat,,,True,False,False,0.0,0.0,50.0,0.0,0.0,0.0,0.0,0.0,50.0,0.0,0.0,-1,0.0,G1_REGIME,regime='high_med_flat' skipped=True reg_empty=False,-1,0.0,0.0,
BTC/USDT,193,2026-03-17 22:00:00,short,0.51524,42.8,0.6,74307.08,596.294286,high_high_flat,False,False,False,False,False,0.0,0.0,50.0,0.0,0.0,0.0,0.0,0.0,50.0,0.0,0.0,-1,0.0,G2_TRADEABLE,tradeable_sell=False,-1,0.0,0.0,
BTC/USDT,194,2026-03-17 23:00:00,long,0.52103,61.97,0.6,73909.36,593.622143,high_high_down,False,True,False,False,False,0.0,0.0,50.0,0.0,0.0,0.0,0.0,0.0,50.0,0.0,0.0,-1,0.0,G2_TRADEABLE,tradeable_buy=False,-1,0.0,0.0,
BTC/USDT,195,2026-03-18 00:00:00,long,0.5075,65.03,0.6,73867.88,602.772143,high_high_down,False,True,False,False,False,0.0,0.0,50.0,0.0,0.0,0.0,0.0,0.0,50.0,0.0,0.0,-1,0.0,G2_TRADEABLE,tradeable_buy=False,-1,0.0,0.0,
BTC/USDT,196,2026-03-18 01:00:00,long,0.50316,64.14,0.6,74072.3,591.957143,med_high_down,,,True,False,False,0.0,0.0,50.0,0.0,0.0,0.0,0.0,0.0,50.0,0.0,0.0,-1,0.0,G1_REGIME,regime='med_high_down' skipped=True reg_empty=False,-1,0.0,0.0,
BTC/USDT,197,2026-03-18 02:00:00,long,0.53298,68.23,0.6,74338.93,586.665714,med_high_down,,,True,False,False,0.0,0.0,50.0,0.0,0.0,0.0,0.0,0.0,50.0,0.0,0.0,-1,0.0,G1_REGIME,regime='med_high_down' skipped=True reg_empty=False,-1,0.0,0.0,
BTC/USDT,198,2026-03-18 03:00:00,long,0.51032,57.14,0.6,74446.14,561.942143,med_med_flat,True,True,False,False,False,0.0,0.0,50.0,0.0,0.0,0.0,0.0,0.0,50.0,0.0,0.0,-1,0.0,G2_TRADEABLE,tradeable_buy=False,-1,0.0,0.0,
BTC/USDT,199,2026-03-18 04:00:00,long,0.5132,51.65,0.6,74175.49,515.425,med_med_flat,True,True,False,False,False,0.0,0.0,50.0,0.0,0.0,0.0,0.0,0.0,50.0,0.0,0.0,-1,0.0,G2_TRADEABLE,tradeable_buy=False,-1,0.0,0.0,
BTC/USDT,200,2026-03-18 05:00:00,short,0.5085,58.72,0.6,73950.0,462.376429,med_med_flat,True,True,False,False,False,0.0,0.0,50.0,0.0,0.0,0.0,0.0,0.0,50.0,0.0,0.0,-1,0.0,G2_TRADEABLE,tradeable_sell=False,-1,0.0,0.0,
BTC/USDT,201,2026-03-18 06:00:00,short,0.52019,58.24,0.6,73954.03,447.587857,med_med_flat,True,True,False,False,False,0.0,0.0,50.0,0.0,0.0,0.0,0.0,0.0,50.0,0.0,0.0,-1,0.0,G2_TRADEABLE,tradeable_sell=False,-1,0.0,0.0,
BTC/USDT,202,2026-03-18 07:00:00,short,0.52936,59.13,0.6,73883.8,426.845714,med_med_flat,True,True,False,False,False,0.0,0.0,50.0,0.0,0.0,0.0,0.0,0.0,50.0,0.0,0.0,-1,0.0,G2_TRADEABLE,tradeable_sell=False,-1,0.0,0.0,
BTC/USDT,203,2026-03-18 08:00:00,long,0.509,55.52,0.6,74044.89,418.535,med_med_flat,True,True,False,False,False,0.0,0.0,50.0,0.0,0.0,0.0,0.0,0.0,50.0,0.0,0.0,-1,0.0,G2_TRADEABLE,tradeable_buy=False,-1,0.0,0.0,
BTC/USDT,204,2026-03-18 09:00:00,short,0.52547,51.2,0.6,74181.08,408.944286,med_med_flat,True,True,False,False,False,0.0,0.0,50.0,0.0,0.0,0.0,0.0,0.0,50.0,0.0,0.0,-1,0.0,G2_TRADEABLE,tradeable_sell=False,-1,0.0,0.0,
BTC/USDT,205,2026-03-18 10:00:00,short,0.51799,58.51,0.6,73946.35,417.935714,med_med_flat,True,True,False,False,False,0.0,0.0,50.0,0.0,0.0,0.0,0.0,0.0,50.0,0.0,0.0,-1,0.0,G2_TRADEABLE,tradeable_sell=False,-1,0.0,0.0,
BTC/USDT,206,2026-03-18 11:00:00,long,0.50014,80.72,0.6,72952.85,484.067857,med_med_down,False,True,False,False,False,0.0,0.0,50.0,0.0,0.0,0.0,0.0,0.0,50.0,0.0,0.0,-1,0.0,G2_TRADEABLE,tradeable_buy=False,-1,0.0,0.0,
BTC/USDT,207,2026-03-18 12:00:00,short,0.51186,64.97,0.6,72361.24,474.963571,med_med_down,False,True,False,False,False,0.0,0.0,50.0,0.0,0.0,0.0,0.0,0.0,50.0,0.0,0.0,-1,0.0,G2_TRADEABLE,tradeable_sell=False,-1,0.0,0.0,
BTC/USDT,208,2026-03-18 13:00:00,short,0.51255,84.44,0.6,72133.49,478.521429,med_med_down,False,True,False,False,False,0.0,0.0,50.0,0.0,0.0,0.0,0.0,0.0,50.0,0.0,0.0,-1,0.0,G2_TRADEABLE,tradeable_sell=False,-1,0.0,0.0,
BTC/USDT,209,2026-03-18 14:00:00,long,0.5095,100.0,0.6,71193.23,520.992143,med_med_down,False,True,False,False,False,0.0,0.0,50.0,0.0,0.0,0.0,0.0,0.0,50.0,0.0,0.0,-1,0.0,G2_TRADEABLE,tradeable_buy=False,-1,0.0,0.0,
BTC/USDT,210,2026-03-18 15:00:00,short,0.5176,84.64,0.6,71467.82,541.248571,med_med_down,False,True,False,False,False,0.0,0.0,50.0,0.0,0.0,0.0,0.0,0.0,50.0,0.0,0.0,-1,0.0,G2_TRADEABLE,tradeable_sell=False,-1,0.0,0.0,
BTC/USDT,211,2026-03-18 16:00:00,long,0.51445,81.71,0.6,71314.08,548.692857,med_med_down,False,True,False,False,False,0.0,0.0,50.0,0.0,0.0,0.0,0.0,0.0,50.0,0.0,0.0,-1,0.0,G2_TRADEABLE,tradeable_buy=False,-1,0.0,0.0,
BTC/USDT,212,2026-03-18 17:00:00,short,0.50209,64.0,0.6,71595.21,557.84,high_high_down,False,True,False,False,False,0.0,0.0,50.0,0.0,0.0,0.0,0.0,0.0,50.0,0.0,0.0,-1,0.0,G2_TRADEABLE,tradeable_sell=False,-1,0.0,0.0,
BTC/USDT,213,2026-03-18 18:00:00,long,0.5242,85.42,0.6,71096.74,608.085714,high_high_down,False,True,False,False,False,0.0,0.0,50.0,0.0,0.0,0.0,0.0,0.0,50.0,0.0,0.0,-1,0.0,G2_TRADEABLE,tradeable_buy=False,-1,0.0,0.0,
BTC/USDT,214,2026-03-18 19:00:00,long,0.5272,81.48,0.6,71072.38,613.152857,high_high_down,False,True,False,False,False,0.0,0.0,50.0,0.0,0.0,0.0,0.0,0.0,50.0,0.0,0.0,-1,0.0,G2_TRADEABLE,tradeable_buy=False,-1,0.0,0.0,
BTC/USDT,215,2026-03-18 20:00:00,long,0.52556,84.92,0.6,71214.67,652.125,high_high_down,False,True,False,False,False,0.0,0.0,50.0,0.0,0.0,0.0,0.0,0.0,50.0,0.0,0.0,-1,0.0,G2_TRADEABLE,tradeable_buy=False,-1,0.0,0.0,
BTC/USDT,216,2026-03-18 21:00:00,long,0.51682,78.85,0.6,71263.67,651.199286,high_high_down,False,True,False,False,False,0.0,0.0,50.0,0.0,0.0,0.0,0.0,0.0,50.0,0.0,0.0,-1,0.0,G2_TRADEABLE,tradeable_buy=False,-1,0.0,0.0,
BTC/USDT,217,2026-03-18 22:00:00,long,0.51585,79.22,0.6,71153.66,655.324286,high_high_down,False,True,False,False,False,0.0,0.0,50.0,0.0,0.0,0.0,0.0,0.0,50.0,0.0,0.0,-1,0.0,G2_TRADEABLE,tradeable_buy=False,-1,0.0,0.0,
BTC/USDT,218,2026-03-18 23:00:00,short,0.50102,61.02,0.6,71246.54,659.412143,high_high_down,False,True,False,False,False,0.0,0.0,50.0,0.0,0.0,0.0,0.0,0.0,50.0,0.0,0.0,-1,0.0,G2_TRADEABLE,tradeable_sell=False,-1,0.0,0.0,
BTC/USDT,219,2026-03-19 00:00:00,long,0.52717,81.68,0.6,71002.17,651.812857,high_high_down,False,True,False,False,False,0.0,0.0,50.0,0.0,0.0,0.0,0.0,0.0,50.0,0.0,0.0,-1,0.0,G2_TRADEABLE,tradeable_buy=False,-1,0.0,0.0,
BTC/USDT,220,2026-03-19 01:00:00,short,0.51067,58.53,0.6,71115.23,577.217857,high_high_down,False,True,False,False,False,0.0,0.0,50.0,0.0,0.0,0.0,0.0,0.0,50.0,0.0,0.0,-1,0.0,G2_TRADEABLE,tradeable_sell=False,-1,0.0,0.0,
BTC/USDT,221,2026-03-19 02:00:00,short,0.50403,60.32,0.6,71055.44,551.487857,high_med_down,False,True,False,False,False,0.0,0.0,50.0,0.0,0.0,0.0,0.0,0.0,50.0,0.0,0.0,-1,0.0,G2_TRADEABLE,tradeable_sell=False,-1,0.0,0.0,
BTC/USDT,222,2026-03-19 03:00:00,short,0.52741,69.42,0.6,71215.39,550.32,high_med_down,False,True,False,False,False,0.0,0.0,50.0,0.0,0.0,0.0,0.0,0.0,50.0,0.0,0.0,-1,0.0,G2_TRADEABLE,tradeable_sell=False,-1,0.0,0.0,
BTC/USDT,223,2026-03-19 04:00:00,short,0.50863,71.27,0.6,70822.07,510.182857,high_med_down,False,True,False,False,False,0.0,0.0,50.0,0.0,0.0,0.0,0.0,0.0,50.0,0.0,0.0,-1,0.0,G2_TRADEABLE,tradeable_sell=False,-1,0.0,0.0,
BTC/USDT,224,2026-03-19 05:00:00,short,0.50767,67.99,0.6,70826.54,479.753571,high_med_down,False,True,False,False,False,0.0,0.0,50.0,0.0,0.0,0.0,0.0,0.0,50.0,0.0,0.0,-1,0.0,G2_TRADEABLE,tradeable_sell=False,-1,0.0,0.0,
BTC/USDT,225,2026-03-19 06:00:00,short,0.51052,71.18,0.6,70583.22,475.935714,high_med_down,False,True,False,False,False,0.0,0.0,50.0,0.0,0.0,0.0,0.0,0.0,50.0,0.0,0.0,-1,0.0,G2_TRADEABLE,tradeable_sell=False,-1,0.0,0.0,
BTC/USDT,226,2026-03-19 07:00:00,long,0.50954,100.0,0.6,70191.17,516.75,high_med_down,False,True,False,False,False,0.0,0.0,50.0,0.0,0.0,0.0,0.0,0.0,50.0,0.0,0.0,-1,0.0,G2_TRADEABLE,tradeable_buy=False,-1,0.0,0.0,
BTC/USDT,227,2026-03-19 08:00:00,short,0.50837,64.63,0.6,69985.19,470.127143,high_med_down,False,True,False,False,False,0.0,0.0,50.0,0.0,0.0,0.0,0.0,0.0,50.0,0.0,0.0,-1,0.0,G2_TRADEABLE,tradeable_sell=False,-1,0.0,0.0,
BTC/USDT,228,2026-03-19 09:00:00,long,0.51507,84.57,0.6,70513.0,472.743571,high_med_down,False,True,False,False,False,0.0,0.0,50.0,0.0,0.0,0.0,0.0,0.0,50.0,0.0,0.0,-1,0.0,G2_TRADEABLE,tradeable_buy=False,-1,0.0,0.0,
BTC/USDT,229,2026-03-19 10:00:00,long,0.50531,78.88,0.6,70133.72,443.344286,high_med_down,False,True,False,False,False,0.0,0.0,50.0,0.0,0.0,0.0,0.0,0.0,50.0,0.0,0.0,-1,0.0,G2_TRADEABLE,tradeable_buy=False,-1,0.0,0.0,
BTC/USDT,230,2026-03-19 11:00:00,long,0.50173,77.72,0.6,69952.75,448.073571,high_med_down,False,True,False,False,False,0.0,0.0,50.0,0.0,0.0,0.0,0.0,0.0,50.0,0.0,0.0,-1,0.0,G2_TRADEABLE,tradeable_buy=False,-1,0.0,0.0,
BTC/USDT,231,2026-03-19 12:00:00,long,0.52276,85.99,0.6,69290.27,485.417143,high_med_down,False,True,False,False,False,0.0,0.0,50.0,0.0,0.0,0.0,0.0,0.0,50.0,0.0,0.0,-1,0.0,G2_TRADEABLE,tradeable_buy=False,-1,0.0,0.0,
BTC/USDT,232,2026-03-19 13:00:00,long,0.54164,90.81,0.6,69905.65,535.926429,high_med_down,False,True,False,False,False,0.0,0.0,50.0,0.0,0.0,0.0,0.0,0.0,50.0,0.0,0.0,-1,0.0,G2_TRADEABLE,tradeable_buy=False,-1,0.0,0.0,
BTC/USDT,233,2026-03-19 14:00:00,long,0.50711,87.58,0.6,69482.25,588.658571,high_high_down,False,True,False,False,False,0.0,0.0,50.0,0.0,0.0,0.0,0.0,0.0,50.0,0.0,0.0,-1,0.0,G2_TRADEABLE,tradeable_buy=False,-1,0.0,0.0,
BTC/USDT,234,2026-03-19 15:00:00,long,0.52289,90.08,0.6,69412.51,652.516429,high_high_down,False,True,False,False,False,0.0,0.0,50.0,0.0,0.0,0.0,0.0,0.0,50.0,0.0,0.0,-1,0.0,G2_TRADEABLE,tradeable_buy=False,-1,0.0,0.0,
BTC/USDT,235,2026-03-19 16:00:00,long,0.5303,83.45,0.6,69455.86,660.709286,high_high_down,False,True,False,False,False,0.0,0.0,50.0,0.0,0.0,0.0,0.0,0.0,50.0,0.0,0.0,-1,0.0,G2_TRADEABLE,tradeable_buy=False,-1,0.0,0.0,
BTC/USDT,236,2026-03-19 17:00:00,long,0.50355,72.32,0.6,69854.16,680.115714,high_high_down,False,True,False,False,False,0.0,0.0,50.0,0.0,0.0,0.0,0.0,0.0,50.0,0.0,0.0,-1,0.0,G2_TRADEABLE,tradeable_buy=False,-1,0.0,0.0,
BTC/USDT,237,2026-03-19 18:00:00,long,0.50044,79.29,0.6,69821.21,665.045714,high_high_down,False,True,False,False,False,0.0,0.0,50.0,0.0,0.0,0.0,0.0,0.0,50.0,0.0,0.0,-1,0.0,G2_TRADEABLE,tradeable_buy=False,-1,0.0,0.0,
BTC/USDT,238,2026-03-19 19:00:00,short,0.50821,82.59,0.6,70271.99,703.815,high_high_down,False,True,False,False,False,0.0,0.0,50.0,0.0,0.0,0.0,0.0,0.0,50.0,0.0,0.0,-1,0.0,G2_TRADEABLE,tradeable_sell=False,-1,0.0,0.0,
BTC/USDT,239,2026-03-19 20:00:00,short,0.50722,75.61,0.6,70483.03,703.815714,high_high_flat,False,False,False,False,False,0.0,0.0,50.0,0.0,0.0,0.0,0.0,0.0,50.0,0.0,0.0,-1,0.0,G2_TRADEABLE,tradeable_sell=False,-1,0.0,0.0,
BTC/USDT,240,2026-03-19 21:00:00,short,0.51467,72.59,0.6,70413.47,646.878571,high_high_down,False,True,False,False,False,0.0,0.0,50.0,0.0,0.0,0.0,0.0,0.0,50.0,0.0,0.0,-1,0.0,G2_TRADEABLE,tradeable_sell=False,-1,0.0,0.0,
BTC/USDT,241,2026-03-19 22:00:00,short,0.51271,74.33,0.6,70183.99,657.438571,high_high_down,False,True,False,False,False,0.0,0.0,50.0,0.0,0.0,0.0,0.0,0.0,50.0,0.0,0.0,-1,0.0,G2_TRADEABLE,tradeable_sell=False,-1,0.0,0.0,
BTC/USDT,242,2026-03-19 23:00:00,short,0.50965,78.39,0.6,69930.0,655.675714,high_high_down,False,True,False,False,False,0.0,0.0,50.0,0.0,0.0,0.0,0.0,0.0,50.0,0.0,0.0,-1,0.0,G2_TRADEABLE,tradeable_sell=False,-1,0.0,0.0,
BTC/USDT,243,2026-03-20 00:00:00,short,0.51254,76.77,0.6,70181.0,659.41,high_high_down,False,True,False,False,False,0.0,0.0,50.0,0.0,0.0,0.0,0.0,0.0,50.0,0.0,0.0,-1,0.0,G2_TRADEABLE,tradeable_sell=False,-1,0.0,0.0,
BTC/USDT,244,2026-03-20 01:00:00,short,0.51662,72.46,0.6,70403.79,663.497143,high_high_flat,False,False,False,False,False,0.0,0.0,50.0,0.0,0.0,0.0,0.0,0.0,50.0,0.0,0.0,-1,0.0,G2_TRADEABLE,tradeable_sell=False,-1,0.0,0.0,
BTC/USDT,245,2026-03-20 02:00:00,short,0.52698,71.07,0.6,70415.47,633.642143,high_high_flat,False,False,False,False,False,0.0,0.0,50.0,0.0,0.0,0.0,0.0,0.0,50.0,0.0,0.0,-1,0.0,G2_TRADEABLE,tradeable_sell=False,-1,0.0,0.0,
BTC/USDT,246,2026-03-20 03:00:00,short,0.53092,82.43,0.6,70729.92,592.112857,high_high_flat,False,False,False,False,False,0.0,0.0,50.0,0.0,0.0,0.0,0.0,0.0,50.0,0.0,0.0,-1,0.0,G2_TRADEABLE,tradeable_sell=False,-1,0.0,0.0,
BTC/USDT,247,2026-03-20 04:00:00,short,0.57015,82.32,0.6,70783.69,544.143571,high_med_flat,,,True,False,False,0.0,0.0,50.0,0.0,0.0,0.0,0.0,0.0,50.0,0.0,0.0,-1,0.0,G1_REGIME,regime='high_med_flat' skipped=True reg_empty=False,-1,0.0,0.0,
BTC/USDT,248,2026-03-20 05:00:00,short,0.55174,81.74,0.6,70606.24,488.514286,high_med_flat,,,True,False,False,0.0,0.0,50.0,0.0,0.0,0.0,0.0,0.0,50.0,0.0,0.0,-1,0.0,G1_REGIME,regime='high_med_flat' skipped=True reg_empty=False,-1,0.0,0.0,
BTC/USDT,249,2026-03-20 06:00:00,short,0.53029,85.21,0.6,70502.9,476.748571,high_med_flat,,,True,False,False,0.0,0.0,50.0,0.0,0.0,0.0,0.0,0.0,50.0,0.0,0.0,-1,0.0,G1_REGIME,regime='high_med_flat' skipped=True reg_empty=False,-1,0.0,0.0,
BTC/USDT,250,2026-03-20 07:00:00,short,0.56032,65.81,0.6,70854.66,472.989286,med_med_up,False,True,False,False,False,0.0,0.0,50.0,0.0,0.0,0.0,0.0,0.0,50.0,0.0,0.0,-1,0.0,G2_TRADEABLE,tradeable_sell=False,-1,0.0,0.0,
BTC/USDT,251,2026-03-20 08:00:00,short,0.57957,66.72,0.6,71042.23,488.521429,med_med_up,False,True,False,False,False,0.0,0.0,50.0,0.0,0.0,0.0,0.0,0.0,50.0,0.0,0.0,-1,0.0,G2_TRADEABLE,tradeable_sell=False,-1,0.0,0.0,
BTC/USDT,252,2026-03-20 09:00:00,short,0.53652,67.03,0.6,70583.8,476.485,med_med_flat,True,True,False,False,False,0.0,0.0,50.0,0.0,0.0,0.0,0.0,0.0,50.0,0.0,0.0,-1,0.0,G2_TRADEABLE,tradeable_sell=False,-1,0.0,0.0,
BTC/USDT,253,2026-03-20 10:00:00,short,0.55997,64.91,0.6,70611.68,474.824286,med_med_up,False,True,False,False,False,0.0,0.0,50.0,0.0,0.0,0.0,0.0,0.0,50.0,0.0,0.0,-1,0.0,G2_TRADEABLE,tradeable_sell=False,-1,0.0,0.0,
BTC/USDT,254,2026-03-20 11:00:00,short,0.55131,66.99,0.6,70478.71,487.898571,med_med_up,False,True,False,False,False,0.0,0.0,50.0,0.0,0.0,0.0,0.0,0.0,50.0,0.0,0.0,-1,0.0,G2_TRADEABLE,tradeable_sell=False,-1,0.0,0.0,
BTC/USDT,255,2026-03-20 12:00:00,short,0.56485,67.97,0.6,70342.63,479.812143,med_med_up,False,True,False,False,False,0.0,0.0,50.0,0.0,0.0,0.0,0.0,0.0,50.0,0.0,0.0,-1,0.0,G2_TRADEABLE,tradeable_sell=False,-1,0.0,0.0,
BTC/USDT,256,2026-03-20 13:00:00,short,0.52594,82.64,0.6,69863.84,497.941429,med_med_flat,True,True,False,False,False,0.0,0.0,50.0,0.0,0.0,0.0,0.0,0.0,50.0,0.0,0.0,-1,0.0,G2_TRADEABLE,tradeable_sell=False,-1,0.0,0.0,
BTC/USDT,257,2026-03-20 14:00:00,long,0.50707,81.56,0.6,69731.21,512.602857,med_med_flat,True,True,False,False,False,0.0,0.0,50.0,0.0,0.0,0.0,0.0,0.0,50.0,0.0,0.0,-1,0.0,G2_TRADEABLE,tradeable_buy=False,-1,0.0,0.0,
BTC/USDT,258,2026-03-20 15:00:00,long,0.51142,59.38,0.6,69860.09,520.83,med_med_up,False,True,False,False,False,0.0,0.0,50.0,0.0,0.0,0.0,0.0,0.0,50.0,0.0,0.0,-1,0.0,G2_TRADEABLE,tradeable_buy=False,-1,0.0,0.0,
BTC/USDT,259,2026-03-20 16:00:00,long,0.51401,64.81,0.6,69829.26,525.27,med_med_flat,True,True,False,False,False,0.0,0.0,50.0,0.0,0.0,0.0,0.0,0.0,50.0,0.0,0.0,-1,0.0,G2_TRADEABLE,tradeable_buy=False,-1,0.0,0.0,
BTC/USDT,260,2026-03-20 17:00:00,long,0.51604,67.17,0.6,70000.0,541.723571,med_med_flat,True,True,False,False,False,0.0,0.0,50.0,0.0,0.0,0.0,0.0,0.0,50.0,0.0,0.0,-1,0.0,G2_TRADEABLE,tradeable_buy=False,-1,0.0,0.0,
BTC/USDT,261,2026-03-20 18:00:00,long,0.51935,59.98,0.6,69770.0,551.343571,med_high_flat,,,True,False,False,0.0,0.0,50.0,0.0,0.0,0.0,0.0,0.0,50.0,0.0,0.0,-1,0.0,G1_REGIME,regime='med_high_flat' skipped=True reg_empty=False,-1,0.0,0.0,
BTC/USDT,262,2026-03-20 19:00:00,long,0.51645,62.22,0.6,70177.86,563.537143,med_high_flat,,,True,False,False,0.0,0.0,50.0,0.0,0.0,0.0,0.0,0.0,50.0,0.0,0.0,-1,0.0,G1_REGIME,regime='med_high_flat' skipped=True reg_empty=False,-1,0.0,0.0,
BTC/USDT,263,2026-03-20 20:00:00,long,0.52079,59.55,0.6,70057.66,578.117857,med_high_flat,,,True,False,False,0.0,0.0,50.0,0.0,0.0,0.0,0.0,0.0,50.0,0.0,0.0,-1,0.0,G1_REGIME,regime='med_high_flat' skipped=True reg_empty=False,-1,0.0,0.0,
BTC/USDT,264,2026-03-20 21:00:00,short,0.52838,68.23,0.6,70540.73,578.115,med_high_flat,,,True,False,False,0.0,0.0,50.0,0.0,0.0,0.0,0.0,0.0,50.0,0.0,0.0,-1,0.0,G1_REGIME,regime='med_high_flat' skipped=True reg_empty=False,-1,0.0,0.0,
BTC/USDT,265,2026-03-20 22:00:00,short,0.5757,65.53,0.6,70767.85,565.597143,med_high_up,,,True,False,False,0.0,0.0,50.0,0.0,0.0,0.0,0.0,0.0,50.0,0.0,0.0,-1,0.0,G1_REGIME,regime='med_high_up' skipped=True reg_empty=False,-1,0.0,0.0,
BTC/USDT,266,2026-03-20 23:00:00,short,0.55194,62.78,0.6,70510.73,545.493571,med_med_up,False,True,False,False,False,0.0,0.0,50.0,0.0,0.0,0.0,0.0,0.0,50.0,0.0,0.0,-1,0.0,G2_TRADEABLE,tradeable_sell=False,-1,0.0,0.0,
BTC/USDT,267,2026-03-21 00:00:00,short,0.58188,60.78,0.6,70682.19,538.842857,med_med_up,False,True,False,False,False,0.0,0.0,50.0,0.0,0.0,0.0,0.0,0.0,50.0,0.0,0.0,-1,0.0,G2_TRADEABLE,tradeable_sell=False,-1,0.0,0.0,
BTC/USDT,268,2026-03-21 01:00:00,short,0.54798,63.11,0.6,70464.59,524.963571,med_med_flat,True,True,False,False,False,0.0,0.0,50.0,0.0,0.0,0.0,0.0,0.0,50.0,0.0,0.0,-1,0.0,G2_TRADEABLE,tradeable_sell=False,-1,0.0,0.0,
BTC/USDT,269,2026-03-21 02:00:00,short,0.5763,59.32,0.6,70737.6,519.220714,med_med_flat,True,True,False,False,False,0.0,0.0,50.0,0.0,0.0,0.0,0.0,0.0,50.0,0.0,0.0,-1,0.0,G2_TRADEABLE,tradeable_sell=False,-1,0.0,0.0,
BTC/USDT,270,2026-03-21 03:00:00,short,0.58446,62.2,0.6,70657.35,471.622857,med_med_flat,True,True,False,False,False,0.0,0.0,50.0,0.0,0.0,0.0,0.0,0.0,50.0,0.0,0.0,-1,0.0,G2_TRADEABLE,tradeable_sell=False,-1,0.0,0.0,
BTC/USDT,271,2026-03-21 04:00:00,short,0.58385,65.31,0.6,70642.13,437.527857,med_med_flat,True,True,False,False,False,0.0,0.0,50.0,0.0,0.0,0.0,0.0,0.0,50.0,0.0,0.0,-1,0.0,G2_TRADEABLE,tradeable_sell=False,-1,0.0,0.0,
BTC/USDT,272,2026-03-21 05:00:00,short,0.59661,69.6,0.6,70697.94,414.433571,med_med_flat,True,True,False,False,False,0.0,0.0,50.0,0.0,0.0,0.0,0.0,0.0,50.0,0.0,0.0,-1,0.0,G2_TRADEABLE,tradeable_sell=False,-1,0.0,0.0,
BTC/USDT,273,2026-03-21 06:00:00,short,0.57779,66.91,0.6,70774.65,389.192143,med_med_flat,True,True,False,False,False,0.0,0.0,50.0,0.0,0.0,0.0,0.0,0.0,50.0,0.0,0.0,-1,0.0,G2_TRADEABLE,tradeable_sell=False,-1,0.0,0.0,
BTC/USDT,274,2026-03-21 07:00:00,short,0.58787,82.61,0.6,70727.33,357.087857,med_low_flat,False,True,False,False,False,0.0,0.0,50.0,0.0,0.0,0.0,0.0,0.0,50.0,0.0,0.0,-1,0.0,G2_TRADEABLE,tradeable_sell=False,-1,0.0,0.0,
BTC/USDT,275,2026-03-21 08:00:00,short,0.55655,89.21,0.6,70594.43,336.751429,med_low_flat,False,True,False,False,False,0.0,0.0,50.0,0.0,0.0,0.0,0.0,0.0,50.0,0.0,0.0,-1,0.0,G2_TRADEABLE,tradeable_sell=False,-1,0.0,0.0,
BTC/USDT,276,2026-03-21 09:00:00,short,0.56831,78.81,0.6,70661.59,311.647143,med_low_flat,False,True,False,False,False,0.0,0.0,50.0,0.0,0.0,0.0,0.0,0.0,50.0,0.0,0.0,-1,0.0,G2_TRADEABLE,tradeable_sell=False,-1,0.0,0.0,
BTC/USDT,277,2026-03-21 10:00:00,short,0.55682,83.97,0.6,70605.64,285.294286,med_low_flat,False,True,False,False,False,0.0,0.0,50.0,0.0,0.0,0.0,0.0,0.0,50.0,0.0,0.0,-1,0.0,G2_TRADEABLE,tradeable_sell=False,-1,0.0,0.0,
BTC/USDT,278,2026-03-21 11:00:00,short,0.56164,80.25,0.6,70652.72,235.684286,med_low_flat,False,True,False,False,False,0.0,0.0,50.0,0.0,0.0,0.0,0.0,0.0,50.0,0.0,0.0,-1,0.0,G2_TRADEABLE,tradeable_sell=False,-1,0.0,0.0,
BTC/USDT,279,2026-03-21 12:00:00,short,0.58338,78.88,0.6,70722.61,218.222143,med_low_flat,False,True,False,False,False,0.0,0.0,50.0,0.0,0.0,0.0,0.0,0.0,50.0,0.0,0.0,-1,0.0,G2_TRADEABLE,tradeable_sell=False,-1,0.0,0.0,
BTC/USDT,280,2026-03-21 13:00:00,short,0.59197,78.14,0.6,70740.18,201.4,low_low_up,True,True,False,False,False,0.0,0.0,50.0,0.0,0.0,0.0,0.0,0.0,50.0,0.0,0.0,-1,0.0,G2_TRADEABLE,tradeable_sell=False,-1,0.0,0.0,
BTC/USDT,281,2026-03-21 14:00:00,short,0.569,94.62,0.6,70629.1,212.097857,low_low_up,True,True,False,False,False,0.0,0.0,50.0,0.0,0.0,0.0,0.0,0.0,50.0,0.0,0.0,-1,0.0,G2_TRADEABLE,tradeable_sell=False,-1,0.0,0.0,
BTC/USDT,282,2026-03-21 15:00:00,short,0.56646,84.2,0.6,70630.02,211.652857,low_low_up,True,True,False,False,False,0.0,0.0,50.0,0.0,0.0,0.0,0.0,0.0,50.0,0.0,0.0,-1,0.0,G2_TRADEABLE,tradeable_sell=False,-1,0.0,0.0,
BTC/USDT,283,2026-03-21 16:00:00,short,0.54055,79.89,0.6,70301.66,215.039286,low_low_up,True,True,False,False,False,0.0,0.0,50.0,0.0,0.0,0.0,0.0,0.0,50.0,0.0,0.0,-1,0.0,G2_TRADEABLE,tradeable_sell=False,-1,0.0,0.0,
BTC/USDT,284,2026-03-21 17:00:00,short,0.5578,81.31,0.6,70304.08,219.646429,low_low_flat,False,False,False,False,False,0.0,0.0,50.0,0.0,0.0,0.0,0.0,0.0,50.0,0.0,0.0,-1,0.0,G2_TRADEABLE,tradeable_sell=False,-1,0.0,0.0,
BTC/USDT,285,2026-03-21 18:00:00,short,0.55793,76.72,0.6,70389.19,222.642857,low_low_up,True,True,False,False,False,0.0,0.0,50.0,0.0,0.0,0.0,0.0,0.0,50.0,0.0,0.0,-1,0.0,G2_TRADEABLE,tradeable_sell=False,-1,0.0,0.0,
BTC/USDT,286,2026-03-21 19:00:00,short,0.55766,76.56,0.6,70396.0,217.266429,low_low_flat,False,False,False,False,False,0.0,0.0,50.0,0.0,0.0,0.0,0.0,0.0,50.0,0.0,0.0,-1,0.0,G2_TRADEABLE,tradeable_sell=False,-1,0.0,0.0,
BTC/USDT,287,2026-03-21 20:00:00,short,0.56069,66.08,0.6,70462.28,218.061429,low_low_flat,False,False,False,False,False,0.0,0.0,50.0,0.0,0.0,0.0,0.0,0.0,50.0,0.0,0.0,-1,0.0,G2_TRADEABLE,tradeable_sell=False,-1,0.0,0.0,
BTC/USDT,288,2026-03-21 21:00:00,short,0.54958,66.54,0.6,70345.57,221.378571,low_low_flat,False,False,False,False,False,0.0,0.0,50.0,0.0,0.0,0.0,0.0,0.0,50.0,0.0,0.0,-1,0.0,G2_TRADEABLE,tradeable_sell=False,-1,0.0,0.0,
BTC/USDT,289,2026-03-21 22:00:00,short,0.54099,68.3,0.6,70277.22,211.209286,low_low_flat,False,False,False,False,False,0.0,0.0,50.0,0.0,0.0,0.0,0.0,0.0,50.0,0.0,0.0,-1,0.0,G2_TRADEABLE,tradeable_sell=False,-1,0.0,0.0,
BTC/USDT,290,2026-03-21 23:00:00,long,0.50906,79.63,0.6,68918.12,322.455,low_low_down,True,True,False,False,False,0.0,0.0,50.0,0.0,0.0,0.0,0.0,0.0,50.0,0.0,0.0,-1,0.0,G2_TRADEABLE,tradeable_buy=False,-1,0.0,0.0,
BTC/USDT,291,2026-03-22 00:00:00,short,0.50805,63.63,0.6,68954.71,379.007143,med_med_down,False,True,False,False,False,0.0,0.0,50.0,0.0,0.0,0.0,0.0,0.0,50.0,0.0,0.0,-1,0.0,G2_TRADEABLE,tradeable_sell=False,-1,0.0,0.0,
BTC/USDT,292,2026-03-22 01:00:00,long,0.50083,62.2,0.6,68962.4,397.060714,med_med_down,False,True,False,False,False,0.0,0.0,50.0,0.0,0.0,0.0,0.0,0.0,50.0,0.0,0.0,-1,0.0,G2_TRADEABLE,tradeable_buy=False,-1,0.0,0.0,
BTC/USDT,293,2026-03-22 02:00:00,short,0.5156,72.55,0.6,69278.12,419.39,med_med_down,False,True,False,False,False,0.0,0.0,50.0,0.0,0.0,0.0,0.0,0.0,50.0,0.0,0.0,-1,0.0,G2_TRADEABLE,tradeable_sell=False,-1,0.0,0.0,
BTC/USDT,294,2026-03-22 03:00:00,short,0.50343,73.07,0.6,69339.99,445.107143,med_med_down,False,True,False,False,False,0.0,0.0,50.0,0.0,0.0,0.0,0.0,0.0,50.0,0.0,0.0,-1,0.0,G2_TRADEABLE,tradeable_sell=False,-1,0.0,0.0,
BTC/USDT,295,2026-03-22 04:00:00,short,0.50915,72.89,0.6,69358.0,431.003571,med_med_down,False,True,False,False,False,0.0,0.0,50.0,0.0,0.0,0.0,0.0,0.0,50.0,0.0,0.0,-1,0.0,G2_TRADEABLE,tradeable_sell=False,-1,0.0,0.0,
BTC/USDT,296,2026-03-22 05:00:00,short,0.53256,61.97,0.6,69153.41,423.938571,med_med_down,False,True,False,False,False,0.0,0.0,50.0,0.0,0.0,0.0,0.0,0.0,50.0,0.0,0.0,-1,0.0,G2_TRADEABLE,tradeable_sell=False,-1,0.0,0.0,
BTC/USDT,297,2026-03-22 06:00:00,short,0.51954,60.7,0.6,69164.06,408.53,med_med_down,False,True,False,False,False,0.0,0.0,50.0,0.0,0.0,0.0,0.0,0.0,50.0,0.0,0.0,-1,0.0,G2_TRADEABLE,tradeable_sell=False,-1,0.0,0.0,
BTC/USDT,298,2026-03-22 07:00:00,short,0.51279,62.09,0.6,68919.38,418.599286,med_med_down,False,True,False,False,False,0.0,0.0,50.0,0.0,0.0,0.0,0.0,0.0,50.0,0.0,0.0,-1,0.0,G2_TRADEABLE,tradeable_sell=False,-1,0.0,0.0,
BTC/USDT,299,2026-03-22 08:00:00,short,0.51797,67.15,0.6,68804.77,434.514286,med_med_down,False,True,False,False,False,0.0,0.0,50.0,0.0,0.0,0.0,0.0,0.0,50.0,0.0,0.0,-1,0.0,G2_TRADEABLE,tradeable_sell=False,-1,0.0,0.0,
BTC/USDT,300,2026-03-22 09:00:00,short,0.52285,60.81,0.6,68826.2,448.07,med_med_down,False,True,False,False,False,0.0,0.0,50.0,0.0,0.0,0.0,0.0,0.0,50.0,0.0,0.0,-1,0.0,G2_TRADEABLE,tradeable_sell=False,-1,0.0,0.0,
BTC/USDT,301,2026-03-22 10:00:00,short,0.51292,62.16,0.6,68648.17,456.237857,med_med_down,False,True,False,False,False,0.0,0.0,50.0,0.0,0.0,0.0,0.0,0.0,50.0,0.0,0.0,-1,0.0,G2_TRADEABLE,tradeable_sell=False,-1,0.0,0.0,
BTC/USDT,302,2026-03-22 11:00:00,short,0.50967,66.02,0.6,68217.95,479.932143,med_med_down,False,True,False,False,False,0.0,0.0,50.0,0.0,0.0,0.0,0.0,0.0,50.0,0.0,0.0,-1,0.0,G2_TRADEABLE,tradeable_sell=False,-1,0.0,0.0,
BTC/USDT,303,2026-03-22 12:00:00,long,0.5163,81.47,0.6,68654.83,511.699286,med_med_down,False,True,False,False,False,0.0,0.0,50.0,0.0,0.0,0.0,0.0,0.0,50.0,0.0,0.0,-1,0.0,G2_TRADEABLE,tradeable_buy=False,-1,0.0,0.0,
BTC/USDT,304,2026-03-22 13:00:00,short,0.50006,70.98,0.6,68700.02,417.879286,med_med_down,False,True,False,False,False,0.0,0.0,50.0,0.0,0.0,0.0,0.0,0.0,50.0,0.0,0.0,-1,0.0,G2_TRADEABLE,tradeable_sell=False,-1,0.0,0.0,
BTC/USDT,305,2026-03-22 14:00:00,short,0.50209,68.75,0.6,68711.66,378.294286,med_med_down,False,True,False,False,False,0.0,0.0,50.0,0.0,0.0,0.0,0.0,0.0,50.0,0.0,0.0,-1,0.0,G2_TRADEABLE,tradeable_sell=False,-1,0.0,0.0,
BTC/USDT,306,2026-03-22 15:00:00,short,0.53506,68.64,0.6,68847.96,376.01,med_med_down,False,True,False,False,False,0.0,0.0,50.0,0.0,0.0,0.0,0.0,0.0,50.0,0.0,0.0,-1,0.0,G2_TRADEABLE,tradeable_sell=False,-1,0.0,0.0,
BTC/USDT,307,2026-03-22 16:00:00,short,0.53093,68.51,0.6,68805.58,358.868571,med_low_down,False,True,False,False,False,0.0,0.0,50.0,0.0,0.0,0.0,0.0,0.0,50.0,0.0,0.0,-1,0.0,G2_TRADEABLE,tradeable_sell=False,-1,0.0,0.0,
BTC/USDT,308,2026-03-22 17:00:00,short,0.53742,69.0,0.6,68673.02,338.677143,med_low_down,False,True,False,False,False,0.0,0.0,50.0,0.0,0.0,0.0,0.0,0.0,50.0,0.0,0.0,-1,0.0,G2_TRADEABLE,tradeable_sell=False,-1,0.0,0.0,
BTC/USDT,309,2026-03-22 18:00:00,short,0.5461,70.22,0.6,68618.58,344.937857,med_low_down,False,True,False,False,False,0.0,0.0,50.0,0.0,0.0,0.0,0.0,0.0,50.0,0.0,0.0,-1,0.0,G2_TRADEABLE,tradeable_sell=False,-1,0.0,0.0,
BTC/USDT,310,2026-03-22 19:00:00,short,0.53425,62.38,0.6,68199.93,364.442143,med_med_down,False,True,False,False,False,0.0,0.0,50.0,0.0,0.0,0.0,0.0,0.0,50.0,0.0,0.0,-1,0.0,G2_TRADEABLE,tradeable_sell=False,-1,0.0,0.0,
BTC/USDT,311,2026-03-22 20:00:00,long,0.51112,76.98,0.6,68176.46,381.047857,med_med_down,False,True,False,False,False,0.0,0.0,50.0,0.0,0.0,0.0,0.0,0.0,50.0,0.0,0.0,-1,0.0,G2_TRADEABLE,tradeable_buy=False,-1,0.0,0.0,
BTC/USDT,312,2026-03-22 21:00:00,long,0.54051,100.0,0.6,67899.97,417.540714,med_med_down,False,True,False,False,False,0.0,0.0,50.0,0.0,0.0,0.0,0.0,0.0,50.0,0.0,0.0,-1,0.0,G2_TRADEABLE,tradeable_buy=False,-1,0.0,0.0,
BTC/USDT,313,2026-03-22 22:00:00,long,0.53662,89.13,0.6,68339.37,443.152143,med_med_down,False,True,False,False,False,0.0,0.0,50.0,0.0,0.0,0.0,0.0,0.0,50.0,0.0,0.0,-1,0.0,G2_TRADEABLE,tradeable_buy=False,-1,0.0,0.0,
BTC/USDT,314,2026-03-22 23:00:00,long,0.52215,81.57,0.6,67859.0,466.019286,low_med_down,False,True,False,False,False,0.0,0.0,50.0,0.0,0.0,0.0,0.0,0.0,50.0,0.0,0.0,-1,0.0,G2_TRADEABLE,tradeable_buy=False,-1,0.0,0.0,
BTC/USDT,315,2026-03-23 00:00:00,short,0.50895,78.93,0.6,67669.99,498.352857,low_med_down,False,True,False,False,False,0.0,0.0,50.0,0.0,0.0,0.0,0.0,0.0,50.0,0.0,0.0,-1,0.0,G2_TRADEABLE,tradeable_sell=False,-1,0.0,0.0,
BTC/USDT,316,2026-03-23 01:00:00,short,0.51691,74.66,0.6,67905.0,501.268571,low_med_down,False,True,False,False,False,0.0,0.0,50.0,0.0,0.0,0.0,0.0,0.0,50.0,0.0,0.0,-1,0.0,G2_TRADEABLE,tradeable_sell=False,-1,0.0,0.0,
BTC/USDT,317,2026-03-23 02:00:00,short,0.54642,72.96,0.6,68320.72,503.710714,low_med_down,False,True,False,False,False,0.0,0.0,50.0,0.0,0.0,0.0,0.0,0.0,50.0,0.0,0.0,-1,0.0,G2_TRADEABLE,tradeable_sell=False,-1,0.0,0.0,
BTC/USDT,318,2026-03-23 03:00:00,short,0.52177,70.47,0.6,68074.6,512.019286,low_med_down,False,True,False,False,False,0.0,0.0,50.0,0.0,0.0,0.0,0.0,0.0,50.0,0.0,0.0,-1,0.0,G2_TRADEABLE,tradeable_sell=False,-1,0.0,0.0,
BTC/USDT,319,2026-03-23 04:00:00,short,0.5329,88.9,0.6,68541.0,520.538571,low_med_down,False,True,False,False,False,0.0,0.0,50.0,0.0,0.0,0.0,0.0,0.0,50.0,0.0,0.0,-1,0.0,G2_TRADEABLE,tradeable_sell=False,-1,0.0,0.0,
BTC/USDT,320,2026-03-23 05:00:00,short,0.56118,100.0,0.6,68899.92,525.445,low_med_flat,False,False,False,False,False,0.0,0.0,50.0,0.0,0.0,0.0,0.0,0.0,50.0,0.0,0.0,-1,0.0,G2_TRADEABLE,tradeable_sell=False,-1,0.0,0.0,
BTC/USDT,321,2026-03-23 06:00:00,short,0.51129,90.87,0.6,67874.19,595.848571,low_high_down,,,True,False,False,0.0,0.0,50.0,0.0,0.0,0.0,0.0,0.0,50.0,0.0,0.0,-1,0.0,G1_REGIME,regime='low_high_down' skipped=True reg_empty=False,-1,0.0,0.0,
BTC/USDT,322,2026-03-23 07:00:00,short,0.51193,99.08,0.6,68333.16,651.488571,med_high_flat,,,True,False,False,0.0,0.0,50.0,0.0,0.0,0.0,0.0,0.0,50.0,0.0,0.0,-1,0.0,G1_REGIME,regime='med_high_flat' skipped=True reg_empty=False,-1,0.0,0.0,
BTC/USDT,323,2026-03-23 08:00:00,short,0.50835,95.09,0.6,68434.26,649.327857,med_high_flat,,,True,False,False,0.0,0.0,50.0,0.0,0.0,0.0,0.0,0.0,50.0,0.0,0.0,-1,0.0,G1_REGIME,regime='med_high_flat' skipped=True reg_empty=False,-1,0.0,0.0,
BTC/USDT,324,2026-03-23 09:00:00,short,0.51048,76.64,0.6,68334.01,654.607143,med_high_flat,,,True,False,False,0.0,0.0,50.0,0.0,0.0,0.0,0.0,0.0,50.0,0.0,0.0,-1,0.0,G1_REGIME,regime='med_high_flat' skipped=True reg_empty=False,-1,0.0,0.0,
BTC/USDT,325,2026-03-23 10:00:00,short,0.50677,86.01,0.6,68551.02,654.325714,med_high_flat,,,True,False,False,0.0,0.0,50.0,0.0,0.0,0.0,0.0,0.0,50.0,0.0,0.0,-1,0.0,G1_REGIME,regime='med_high_flat' skipped=True reg_empty=False,-1,0.0,0.0,
BTC/USDT,326,2026-03-23 11:00:00,short,0.51299,100.0,0.6,70122.15,803.382857,high_high_up,False,False,False,False,False,0.0,0.0,50.0,0.0,0.0,0.0,0.0,0.0,50.0,0.0,0.0,-1,0.0,G2_TRADEABLE,tradeable_sell=False,-1,0.0,0.0,
BTC/USDT,327,2026-03-23 12:00:00,short,0.51267,85.93,0.6,70752.15,830.535,high_high_up,False,False,False,False,False,0.0,0.0,50.0,0.0,0.0,0.0,0.0,0.0,50.0,0.0,0.0,-1,0.0,G2_TRADEABLE,tradeable_sell=False,-1,0.0,0.0,
BTC/USDT,328,2026-03-23 13:00:00,short,0.52697,85.2,0.6,71481.13,855.818571,high_high_up,False,False,False,False,False,0.0,0.0,50.0,0.0,0.0,0.0,0.0,0.0,50.0,0.0,0.0,-1,0.0,G2_TRADEABLE,tradeable_sell=False,-1,0.0,0.0,
BTC/USDT,329,2026-03-23 14:00:00,short,0.55037,86.3,0.6,71446.46,853.941429,high_high_up,False,False,False,False,False,0.0,0.0,50.0,0.0,0.0,0.0,0.0,0.0,50.0,0.0,0.0,-1,0.0,G2_TRADEABLE,tradeable_sell=False,-1,0.0,0.0,
BTC/USDT,330,2026-03-23 15:00:00,short,0.54152,79.24,0.6,70131.48,920.762857,high_high_up,False,False,False,False,False,0.0,0.0,50.0,0.0,0.0,0.0,0.0,0.0,50.0,0.0,0.0,-1,0.0,G2_TRADEABLE,tradeable_sell=False,-1,0.0,0.0,
BTC/USDT,331,2026-03-23 16:00:00,short,0.5365,74.8,0.6,70561.54,922.450714,high_high_up,False,False,False,False,False,0.0,0.0,50.0,0.0,0.0,0.0,0.0,0.0,50.0,0.0,0.0,-1,0.0,G2_TRADEABLE,tradeable_sell=False,-1,0.0,0.0,
BTC/USDT,332,2026-03-23 17:00:00,short,0.54358,82.73,0.6,71085.16,938.895,high_high_up,False,False,False,False,False,0.0,0.0,50.0,0.0,0.0,0.0,0.0,0.0,50.0,0.0,0.0,-1,0.0,G2_TRADEABLE,tradeable_sell=False,-1,0.0,0.0,
BTC/USDT,333,2026-03-23 18:00:00,short,0.55841,83.85,0.6,71076.22,926.246429,high_high_up,False,False,False,False,False,0.0,0.0,50.0,0.0,0.0,0.0,0.0,0.0,50.0,0.0,0.0,-1,0.0,G2_TRADEABLE,tradeable_sell=False,-1,0.0,0.0,
BTC/USDT,334,2026-03-23 19:00:00,short,0.55596,74.48,0.6,70679.05,942.118571,high_high_up,False,False,False,False,False,0.0,0.0,50.0,0.0,0.0,0.0,0.0,0.0,50.0,0.0,0.0,-1,0.0,G2_TRADEABLE,tradeable_sell=False,-1,0.0,0.0,
BTC/USDT,335,2026-03-23 20:00:00,short,0.55655,82.67,0.6,70915.59,886.314286,high_high_up,False,False,False,False,False,0.0,0.0,50.0,0.0,0.0,0.0,0.0,0.0,50.0,0.0,0.0,-1,0.0,G2_TRADEABLE,tradeable_sell=False,-1,0.0,0.0,
BTC/USDT,336,2026-03-23 21:00:00,short,0.57255,83.44,0.6,70851.35,829.771429,high_high_up,False,False,False,False,False,0.0,0.0,50.0,0.0,0.0,0.0,0.0,0.0,50.0,0.0,0.0,-1,0.0,G2_TRADEABLE,tradeable_sell=False,-1,0.0,0.0,
BTC/USDT,337,2026-03-23 22:00:00,short,0.57084,83.4,0.6,70780.22,830.355714,high_high_up,False,False,False,False,False,0.0,0.0,50.0,0.0,0.0,0.0,0.0,0.0,50.0,0.0,0.0,-1,0.0,G2_TRADEABLE,tradeable_sell=False,-1,0.0,0.0,
BTC/USDT,338,2026-03-23 23:00:00,short,0.5693,82.73,0.6,70906.45,833.115714,high_high_up,False,False,False,False,False,0.0,0.0,50.0,0.0,0.0,0.0,0.0,0.0,50.0,0.0,0.0,-1,0.0,G2_TRADEABLE,tradeable_sell=False,-1,0.0,0.0,
BTC/USDT,339,2026-03-24 00:00:00,short,0.56465,75.63,0.6,70679.2,851.84,high_high_up,False,False,False,False,False,0.0,0.0,50.0,0.0,0.0,0.0,0.0,0.0,50.0,0.0,0.0,-1,0.0,G2_TRADEABLE,tradeable_sell=False,-1,0.0,0.0,
BTC/USDT,340,2026-03-24 01:00:00,short,0.51288,74.56,0.6,70516.57,684.57,high_high_up,False,False,False,False,False,0.0,0.0,50.0,0.0,0.0,0.0,0.0,0.0,50.0,0.0,0.0,-1,0.0,G2_TRADEABLE,tradeable_sell=False,-1,0.0,0.0,
BTC/USDT,341,2026-03-24 02:00:00,long,0.50689,76.94,0.6,70453.37,621.937143,high_high_up,False,False,False,False,False,0.0,0.0,50.0,0.0,0.0,0.0,0.0,0.0,50.0,0.0,0.0,-1,0.0,G2_TRADEABLE,tradeable_buy=False,-1,0.0,0.0,
BTC/USDT,342,2026-03-24 03:00:00,long,0.53675,78.09,0.6,70542.9,564.14,high_high_up,False,False,False,False,False,0.0,0.0,50.0,0.0,0.0,0.0,0.0,0.0,50.0,0.0,0.0,-1,0.0,G2_TRADEABLE,tradeable_buy=False,-1,0.0,0.0,
BTC/USDT,343,2026-03-24 04:00:00,long,0.52335,76.37,0.6,70372.44,550.124286,high_high_up,False,False,False,False,False,0.0,0.0,50.0,0.0,0.0,0.0,0.0,0.0,50.0,0.0,0.0,-1,0.0,G2_TRADEABLE,tradeable_buy=False,-1,0.0,0.0,
BTC/USDT,344,2026-03-24 05:00:00,long,0.50711,76.18,0.6,70283.85,457.161429,high_med_up,,,True,False,False,0.0,0.0,50.0,0.0,0.0,0.0,0.0,0.0,50.0,0.0,0.0,-1,0.0,G1_REGIME,regime='high_med_up' skipped=True reg_empty=False,-1,0.0,0.0,
BTC/USDT,345,2026-03-24 06:00:00,long,0.53056,79.25,0.6,70541.38,435.564286,high_med_up,,,True,False,False,0.0,0.0,50.0,0.0,0.0,0.0,0.0,0.0,50.0,0.0,0.0,-1,0.0,G1_REGIME,regime='high_med_up' skipped=True reg_empty=False,-1,0.0,0.0,
BTC/USDT,346,2026-03-24 07:00:00,long,0.51628,78.69,0.6,71291.7,446.745714,high_med_up,,,True,False,False,0.0,0.0,50.0,0.0,0.0,0.0,0.0,0.0,50.0,0.0,0.0,-1,0.0,G1_REGIME,regime='high_med_up' skipped=True reg_empty=False,-1,0.0,0.0,
BTC/USDT,347,2026-03-24 08:00:00,long,0.52212,69.28,0.6,70964.15,459.862143,high_med_up,,,True,False,False,0.0,0.0,50.0,0.0,0.0,0.0,0.0,0.0,50.0,0.0,0.0,-1,0.0,G1_REGIME,regime='high_med_up' skipped=True reg_empty=False,-1,0.0,0.0,
BTC/USDT,348,2026-03-24 09:00:00,long,0.51692,69.74,0.6,71316.97,454.164286,high_med_up,,,True,False,False,0.0,0.0,50.0,0.0,0.0,0.0,0.0,0.0,50.0,0.0,0.0,-1,0.0,G1_REGIME,regime='high_med_up' skipped=True reg_empty=False,-1,0.0,0.0,
BTC/USDT,349,2026-03-24 10:00:00,short,0.52364,83.19,0.6,71272.87,441.75,high_med_up,,,True,False,False,0.0,0.0,50.0,0.0,0.0,0.0,0.0,0.0,50.0,0.0,0.0,-1,0.0,G1_REGIME,regime='high_med_up' skipped=True reg_empty=False,-1,0.0,0.0,
BTC/USDT,350,2026-03-24 11:00:00,short,0.51313,82.79,0.6,71157.77,455.462857,med_med_up,False,True,False,False,False,0.0,0.0,50.0,0.0,0.0,0.0,0.0,0.0,50.0,0.0,0.0,-1,0.0,G2_TRADEABLE,tradeable_sell=False,-1,0.0,0.0,
BTC/USDT,351,2026-03-24 12:00:00,short,0.51506,81.87,0.6,70956.48,451.244286,med_med_flat,True,True,False,False,False,0.0,0.0,50.0,0.0,0.0,0.0,0.0,0.0,50.0,0.0,0.0,-1,0.0,G2_TRADEABLE,tradeable_sell=False,-1,0.0,0.0,
BTC/USDT,352,2026-03-24 13:00:00,long,0.50641,83.53,0.6,70100.46,486.812857,med_med_down,False,True,False,False,False,0.0,0.0,50.0,0.0,0.0,0.0,0.0,0.0,50.0,0.0,0.0,-1,0.0,G2_TRADEABLE,tradeable_buy=False,-1,0.0,0.0,
BTC/USDT,353,2026-03-24 14:00:00,long,0.51313,83.25,0.6,69869.93,506.739286,med_med_down,False,True,False,False,False,0.0,0.0,50.0,0.0,0.0,0.0,0.0,0.0,50.0,0.0,0.0,-1,0.0,G2_TRADEABLE,tradeable_buy=False,-1,0.0,0.0,
BTC/USDT,354,2026-03-24 15:00:00,long,0.5009,69.18,0.6,69873.04,497.557143,med_med_flat,True,True,False,False,False,0.0,0.0,50.0,0.0,0.0,0.0,0.0,0.0,50.0,0.0,0.0,-1,0.0,G2_TRADEABLE,tradeable_buy=False,-1,0.0,0.0,
BTC/USDT,355,2026-03-24 16:00:00,long,0.5022,62.52,0.6,69476.87,521.364286,med_med_down,False,True,False,False,False,0.0,0.0,50.0,0.0,0.0,0.0,0.0,0.0,50.0,0.0,0.0,-1,0.0,G2_TRADEABLE,tradeable_buy=False,-1,0.0,0.0,
BTC/USDT,356,2026-03-24 17:00:00,long,0.50215,65.86,0.6,69238.43,550.71,med_high_down,,,True,False,False,0.0,0.0,50.0,0.0,0.0,0.0,0.0,0.0,50.0,0.0,0.0,-1,0.0,G1_REGIME,regime='med_high_down' skipped=True reg_empty=False,-1,0.0,0.0,
BTC/USDT,357,2026-03-24 18:00:00,long,0.51475,62.52,0.6,69430.24,556.712143,med_high_down,,,True,False,False,0.0,0.0,50.0,0.0,0.0,0.0,0.0,0.0,50.0,0.0,0.0,-1,0.0,G1_REGIME,regime='med_high_down' skipped=True reg_empty=False,-1,0.0,0.0,
BTC/USDT,358,2026-03-24 19:00:00,long,0.50596,58.66,0.6,69377.33,568.686429,med_high_down,,,True,False,False,0.0,0.0,50.0,0.0,0.0,0.0,0.0,0.0,50.0,0.0,0.0,-1,0.0,G1_REGIME,regime='med_high_down' skipped=True reg_empty=False,-1,0.0,0.0,
BTC/USDT,359,2026-03-24 20:00:00,long,0.55927,58.03,0.6,70093.19,617.242857,med_high_down,,,True,False,False,0.0,0.0,50.0,0.0,0.0,0.0,0.0,0.0,50.0,0.0,0.0,-1,0.0,G1_REGIME,regime='med_high_down' skipped=True reg_empty=False,-1,0.0,0.0,
BTC/USDT,360,2026-03-24 21:00:00,long,0.53442,75.61,0.6,70332.93,587.715,med_high_flat,,,True,False,False,0.0,0.0,50.0,0.0,0.0,0.0,0.0,0.0,50.0,0.0,0.0,-1,0.0,G1_REGIME,regime='med_high_flat' skipped=True reg_empty=False,-1,0.0,0.0,
BTC/USDT,361,2026-03-24 22:00:00,long,0.55243,75.01,0.6,70316.96,583.955714,med_high_flat,,,True,False,False,0.0,0.0,50.0,0.0,0.0,0.0,0.0,0.0,50.0,0.0,0.0,-1,0.0,G1_REGIME,regime='med_high_flat' skipped=True reg_empty=False,-1,0.0,0.0,
BTC/USDT,362,2026-03-24 23:00:00,long,0.51643,66.61,0.6,70556.74,587.22,med_high_flat,,,True,False,False,0.0,0.0,50.0,0.0,0.0,0.0,0.0,0.0,50.0,0.0,0.0,-1,0.0,G1_REGIME,regime='med_high_flat' skipped=True reg_empty=False,-1,0.0,0.0,
BTC/USDT,363,2026-03-25 00:00:00,short,0.50556,85.02,0.6,70840.75,613.854286,med_high_flat,,,True,False,False,0.0,0.0,50.0,0.0,0.0,0.0,0.0,0.0,50.0,0.0,0.0,-1,0.0,G1_REGIME,regime='med_high_flat' skipped=True reg_empty=False,-1,0.0,0.0,
BTC/USDT,364,2026-03-25 01:00:00,short,0.52625,84.15,0.6,70677.18,612.805,med_high_flat,,,True,False,False,0.0,0.0,50.0,0.0,0.0,0.0,0.0,0.0,50.0,0.0,0.0,-1,0.0,G1_REGIME,regime='med_high_flat' skipped=True reg_empty=False,-1,0.0,0.0,
BTC/USDT,365,2026-03-25 02:00:00,short,0.52574,64.7,0.6,70531.09,610.886429,med_high_flat,,,True,False,False,0.0,0.0,50.0,0.0,0.0,0.0,0.0,0.0,50.0,0.0,0.0,-1,0.0,G1_REGIME,regime='med_high_flat' skipped=True reg_empty=False,-1,0.0,0.0,
BTC/USDT,366,2026-03-25 03:00:00,short,0.53563,61.07,0.6,70716.7,561.515,med_high_flat,,,True,False,False,0.0,0.0,50.0,0.0,0.0,0.0,0.0,0.0,50.0,0.0,0.0,-1,0.0,G1_REGIME,regime='med_high_flat' skipped=True reg_empty=False,-1,0.0,0.0,
BTC/USDT,367,2026-03-25 04:00:00,short,0.51431,80.11,0.6,70968.64,512.807143,med_med_up,False,True,False,False,False,0.0,0.0,50.0,0.0,0.0,0.0,0.0,0.0,50.0,0.0,0.0,-1,0.0,G2_TRADEABLE,tradeable_sell=False,-1,0.0,0.0,
BTC/USDT,368,2026-03-25 05:00:00,short,0.53753,84.01,0.6,71117.66,507.127143,med_med_up,False,True,False,False,False,0.0,0.0,50.0,0.0,0.0,0.0,0.0,0.0,50.0,0.0,0.0,-1,0.0,G2_TRADEABLE,tradeable_sell=False,-1,0.0,0.0,
BTC/USDT,369,2026-03-25 06:00:00,short,0.53023,86.17,0.6,70991.83,479.519286,med_med_up,False,True,False,False,False,0.0,0.0,50.0,0.0,0.0,0.0,0.0,0.0,50.0,0.0,0.0,-1,0.0,G2_TRADEABLE,tradeable_sell=False,-1,0.0,0.0,
BTC/USDT,370,2026-03-25 07:00:00,short,0.54795,81.23,0.6,70926.88,464.457857,med_med_flat,True,True,False,False,False,0.0,0.0,50.0,0.0,0.0,0.0,0.0,0.0,50.0,0.0,0.0,-1,0.0,G2_TRADEABLE,tradeable_sell=False,-1,0.0,0.0,
BTC/USDT,371,2026-03-25 08:00:00,short,0.53015,85.53,0.6,71248.39,473.470714,med_med_flat,True,True,False,False,False,0.0,0.0,50.0,0.0,0.0,0.0,0.0,0.0,50.0,0.0,0.0,-1,0.0,G2_TRADEABLE,tradeable_sell=False,-1,0.0,0.0,
BTC/USDT,372,2026-03-25 09:00:00,short,0.55563,79.92,0.6,71345.91,465.625714,med_med_flat,True,True,False,False,False,0.0,0.0,50.0,0.0,0.0,0.0,0.0,0.0,50.0,0.0,0.0,-1,0.0,G2_TRADEABLE,tradeable_sell=False,-1,0.0,0.0,
BTC/USDT,373,2026-03-25 10:00:00,short,0.54931,77.38,0.6,71501.39,419.256429,med_med_flat,True,True,False,False,False,0.0,0.0,50.0,0.0,0.0,0.0,0.0,0.0,50.0,0.0,0.0,-1,0.0,G2_TRADEABLE,tradeable_sell=False,-1,0.0,0.0,
BTC/USDT,374,2026-03-25 11:00:00,short,0.53408,88.54,0.6,71678.97,423.327143,med_med_up,False,True,False,False,False,0.0,0.0,50.0,0.0,0.0,0.0,0.0,0.0,50.0,0.0,0.0,-1,0.0,G2_TRADEABLE,tradeable_sell=False,-1,0.0,0.0,
BTC/USDT,375,2026-03-25 12:00:00,short,0.52991,87.61,0.6,71715.24,452.14,med_med_up,False,True,False,False,False,0.0,0.0,50.0,0.0,0.0,0.0,0.0,0.0,50.0,0.0,0.0,-1,0.0,G2_TRADEABLE,tradeable_sell=False,-1,0.0,0.0,
BTC/USDT,376,2026-03-25 13:00:00,short,0.52768,89.57,0.6,71581.42,443.949286,med_med_up,False,True,False,False,False,0.0,0.0,50.0,0.0,0.0,0.0,0.0,0.0,50.0,0.0,0.0,-1,0.0,G2_TRADEABLE,tradeable_sell=False,-1,0.0,0.0,
BTC/USDT,377,2026-03-25 14:00:00,short,0.5012,85.48,0.6,71234.28,432.947857,med_med_up,False,True,False,False,False,0.0,0.0,50.0,0.0,0.0,0.0,0.0,0.0,50.0,0.0,0.0,-1,0.0,G2_TRADEABLE,tradeable_sell=False,-1,0.0,0.0,
BTC/USDT,378,2026-03-25 15:00:00,short,0.51311,97.09,0.6,70832.99,463.181429,med_med_up,False,True,False,False,False,0.0,0.0,50.0,0.0,0.0,0.0,0.0,0.0,50.0,0.0,0.0,-1,0.0,G2_TRADEABLE,tradeable_sell=False,-1,0.0,0.0,
BTC/USDT,379,2026-03-25 16:00:00,short,0.51333,100.0,0.6,71324.01,516.252857,med_med_up,False,True,False,False,False,0.0,0.0,50.0,0.0,0.0,0.0,0.0,0.0,50.0,0.0,0.0,-1,0.0,G2_TRADEABLE,tradeable_sell=False,-1,0.0,0.0,
BTC/USDT,380,2026-03-25 17:00:00,short,0.51412,75.23,0.6,70779.0,535.423571,med_med_up,False,True,False,False,False,0.0,0.0,50.0,0.0,0.0,0.0,0.0,0.0,50.0,0.0,0.0,-1,0.0,G2_TRADEABLE,tradeable_sell=False,-1,0.0,0.0,
BTC/USDT,381,2026-03-25 18:00:00,short,0.53747,75.82,0.6,70810.34,549.305,med_med_up,False,True,False,False,False,0.0,0.0,50.0,0.0,0.0,0.0,0.0,0.0,50.0,0.0,0.0,-1,0.0,G2_TRADEABLE,tradeable_sell=False,-1,0.0,0.0,
BTC/USDT,382,2026-03-25 19:00:00,short,0.51518,74.94,0.6,70883.31,542.937857,med_med_up,False,True,False,False,False,0.0,0.0,50.0,0.0,0.0,0.0,0.0,0.0,50.0,0.0,0.0,-1,0.0,G2_TRADEABLE,tradeable_sell=False,-1,0.0,0.0,
BTC/USDT,383,2026-03-25 20:00:00,short,0.5385,85.78,0.6,71009.5,552.734286,med_high_up,,,True,False,False,0.0,0.0,50.0,0.0,0.0,0.0,0.0,0.0,50.0,0.0,0.0,-1,0.0,G1_REGIME,regime='med_high_up' skipped=True reg_empty=False,-1,0.0,0.0,
BTC/USDT,384,2026-03-25 21:00:00,short,0.52682,82.21,0.6,71035.24,541.798571,med_med_up,False,True,False,False,False,0.0,0.0,50.0,0.0,0.0,0.0,0.0,0.0,50.0,0.0,0.0,-1,0.0,G2_TRADEABLE,tradeable_sell=False,-1,0.0,0.0,
BTC/USDT,385,2026-03-25 22:00:00,short,0.53364,82.02,0.6,71369.08,537.695714,med_med_up,False,True,False,False,False,0.0,0.0,50.0,0.0,0.0,0.0,0.0,0.0,50.0,0.0,0.0,-1,0.0,G2_TRADEABLE,tradeable_sell=False,-1,0.0,0.0,
BTC/USDT,386,2026-03-25 23:00:00,short,0.54383,51.81,0.6,71336.53,538.349286,med_med_up,False,True,False,False,False,0.0,0.0,50.0,0.0,0.0,0.0,0.0,0.0,50.0,0.0,0.0,-1,0.0,G2_TRADEABLE,tradeable_sell=False,-1,0.0,0.0,
BTC/USDT,387,2026-03-26 00:00:00,short,0.54337,55.69,0.6,71299.27,534.365,med_med_up,False,True,False,False,False,0.0,0.0,50.0,0.0,0.0,0.0,0.0,0.0,50.0,0.0,0.0,-1,0.0,G2_TRADEABLE,tradeable_sell=False,-1,0.0,0.0,
BTC/USDT,388,2026-03-26 01:00:00,short,0.53944,55.43,0.6,71252.11,510.249286,med_med_up,False,True,False,False,False,0.0,0.0,50.0,0.0,0.0,0.0,0.0,0.0,50.0,0.0,0.0,-1,0.0,G2_TRADEABLE,tradeable_sell=False,-1,0.0,0.0,
BTC/USDT,389,2026-03-26 02:00:00,short,0.53468,49.53,0.6,70893.01,493.633571,med_med_flat,True,True,False,False,False,0.0,0.0,50.0,0.0,0.0,0.0,0.0,0.0,50.0,0.0,0.0,-1,0.0,G2_TRADEABLE,tradeable_sell=False,-1,0.0,0.0,
BTC/USDT,390,2026-03-26 03:00:00,short,0.53249,47.06,0.6,70921.47,481.855,med_med_flat,True,True,False,False,False,0.0,0.0,50.0,0.0,0.0,0.0,0.0,0.0,50.0,0.0,0.0,-1,0.0,G2_TRADEABLE,tradeable_sell=False,-1,0.0,0.0,
BTC/USDT,391,2026-03-26 04:00:00,short,0.54071,48.74,0.6,70772.01,462.615714,med_med_flat,True,True,False,False,False,0.0,0.0,50.0,0.0,0.0,0.0,0.0,0.0,50.0,0.0,0.0,-1,0.0,G2_TRADEABLE,tradeable_sell=False,-1,0.0,0.0,
BTC/USDT,392,2026-03-26 05:00:00,short,0.50402,73.25,0.6,70016.98,468.505714,med_med_down,False,True,False,False,False,0.0,0.0,50.0,0.0,0.0,0.0,0.0,0.0,50.0,0.0,0.0,-1,0.0,G2_TRADEABLE,tradeable_sell=False,-1,0.0,0.0,
BTC/USDT,393,2026-03-26 06:00:00,short,0.51364,47.47,0.6,70097.18,415.882857,med_med_down,False,True,False,False,False,0.0,0.0,50.0,0.0,0.0,0.0,0.0,0.0,50.0,0.0,0.0,-1,0.0,G2_TRADEABLE,tradeable_sell=False,-1,0.0,0.0,
BTC/USDT,394,2026-03-26 07:00:00,short,0.50332,53.35,0.6,70087.44,394.014286,med_med_down,False,True,False,False,False,0.0,0.0,50.0,0.0,0.0,0.0,0.0,0.0,50.0,0.0,0.0,-1,0.0,G2_TRADEABLE,tradeable_sell=False,-1,0.0,0.0,
BTC/USDT,395,2026-03-26 08:00:00,short,0.51107,51.21,0.6,70024.77,383.535714,med_med_down,False,True,False,False,False,0.0,0.0,50.0,0.0,0.0,0.0,0.0,0.0,50.0,0.0,0.0,-1,0.0,G2_TRADEABLE,tradeable_sell=False,-1,0.0,0.0,
BTC/USDT,396,2026-03-26 09:00:00,short,0.51165,63.86,0.6,69562.41,413.457857,med_med_down,False,True,False,False,False,0.0,0.0,50.0,0.0,0.0,0.0,0.0,0.0,50.0,0.0,0.0,-1,0.0,G2_TRADEABLE,tradeable_sell=False,-1,0.0,0.0,
BTC/USDT,397,2026-03-26 10:00:00,short,0.51767,64.55,0.6,69517.68,402.236429,med_med_down,False,True,False,False,False,0.0,0.0,50.0,0.0,0.0,0.0,0.0,0.0,50.0,0.0,0.0,-1,0.0,G2_TRADEABLE,tradeable_sell=False,-1,0.0,0.0,
BTC/USDT,398,2026-03-26 11:00:00,short,0.5025,66.79,0.6,69276.01,420.015,med_med_down,False,True,False,False,False,0.0,0.0,50.0,0.0,0.0,0.0,0.0,0.0,50.0,0.0,0.0,-1,0.0,G2_TRADEABLE,tradeable_sell=False,-1,0.0,0.0,
BTC/USDT,399,2026-03-26 12:00:00,short,0.50422,61.64,0.6,69436.42,390.617857,med_med_down,False,True,False,False,False,0.0,0.0,50.0,0.0,0.0,0.0,0.0,0.0,50.0,0.0,0.0,-1,0.0,G2_TRADEABLE,tradeable_sell=False,-1,0.0,0.0,
BTC/USDT,400,2026-03-26 13:00:00,short,0.52035,82.79,0.6,69646.59,414.701429,med_med_down,False,True,False,False,False,0.0,0.0,50.0,0.0,0.0,0.0,0.0,0.0,50.0,0.0,0.0,-1,0.0,G2_TRADEABLE,tradeable_sell=False,-1,0.0,0.0,
BTC/USDT,401,2026-03-26 14:00:00,short,0.52524,68.24,0.6,69479.92,434.946429,med_med_down,False,True,False,False,False,0.0,0.0,50.0,0.0,0.0,0.0,0.0,0.0,50.0,0.0,0.0,-1,0.0,G2_TRADEABLE,tradeable_sell=False,-1,0.0,0.0,
BTC/USDT,402,2026-03-26 15:00:00,short,0.50795,85.17,0.6,69082.64,481.185714,med_med_down,False,True,False,False,False,0.0,0.0,50.0,0.0,0.0,0.0,0.0,0.0,50.0,0.0,0.0,-1,0.0,G2_TRADEABLE,tradeable_sell=False,-1,0.0,0.0,
BTC/USDT,403,2026-03-26 16:00:00,short,0.50516,66.67,0.6,68932.52,459.943571,med_med_down,False,True,False,False,False,0.0,0.0,50.0,0.0,0.0,0.0,0.0,0.0,50.0,0.0,0.0,-1,0.0,G2_TRADEABLE,tradeable_sell=False,-1,0.0,0.0,
BTC/USDT,404,2026-03-26 17:00:00,long,0.51838,84.99,0.6,68486.86,495.743571,med_med_down,False,True,False,False,False,0.0,0.0,50.0,0.0,0.0,0.0,0.0,0.0,50.0,0.0,0.0,-1,0.0,G2_TRADEABLE,tradeable_buy=False,-1,0.0,0.0,
BTC/USDT,405,2026-03-26 18:00:00,long,0.50358,88.75,0.6,68497.25,513.653571,med_med_down,False,True,False,False,False,0.0,0.0,50.0,0.0,0.0,0.0,0.0,0.0,50.0,0.0,0.0,-1,0.0,G2_TRADEABLE,tradeable_buy=False,-1,0.0,0.0,
BTC/USDT,406,2026-03-26 19:00:00,short,0.50953,59.61,0.6,68534.36,475.752143,med_med_down,False,True,False,False,False,0.0,0.0,50.0,0.0,0.0,0.0,0.0,0.0,50.0,0.0,0.0,-1,0.0,G2_TRADEABLE,tradeable_sell=False,-1,0.0,0.0,
BTC/USDT,407,2026-03-26 20:00:00,short,0.52051,91.93,0.6,69005.21,528.950714,med_med_down,False,True,False,False,False,0.0,0.0,50.0,0.0,0.0,0.0,0.0,0.0,50.0,0.0,0.0,-1,0.0,G2_TRADEABLE,tradeable_sell=False,-1,0.0,0.0,
BTC/USDT,408,2026-03-26 21:00:00,short,0.52272,69.71,0.6,68921.1,526.363571,med_med_down,False,True,False,False,False,0.0,0.0,50.0,0.0,0.0,0.0,0.0,0.0,50.0,0.0,0.0,-1,0.0,G2_TRADEABLE,tradeable_sell=False,-1,0.0,0.0,
BTC/USDT,409,2026-03-26 22:00:00,short,0.50344,67.96,0.6,68892.67,533.817143,med_med_down,False,True,False,False,False,0.0,0.0,50.0,0.0,0.0,0.0,0.0,0.0,50.0,0.0,0.0,-1,0.0,G2_TRADEABLE,tradeable_sell=False,-1,0.0,0.0,
BTC/USDT,410,2026-03-26 23:00:00,short,0.503,66.77,0.6,68820.31,506.630714,med_med_down,False,True,False,False,False,0.0,0.0,50.0,0.0,0.0,0.0,0.0,0.0,50.0,0.0,0.0,-1,0.0,G2_TRADEABLE,tradeable_sell=False,-1,0.0,0.0,
BTC/USDT,411,2026-03-27 00:00:00,short,0.51001,69.31,0.6,68785.01,519.373571,med_med_down,False,True,False,False,False,0.0,0.0,50.0,0.0,0.0,0.0,0.0,0.0,50.0,0.0,0.0,-1,0.0,G2_TRADEABLE,tradeable_sell=False,-1,0.0,0.0,
BTC/USDT,412,2026-03-27 01:00:00,short,0.53543,66.76,0.6,69051.27,511.652857,med_med_down,False,True,False,False,False,0.0,0.0,50.0,0.0,0.0,0.0,0.0,0.0,50.0,0.0,0.0,-1,0.0,G2_TRADEABLE,tradeable_sell=False,-1,0.0,0.0,
BTC/USDT,413,2026-03-27 02:00:00,short,0.50957,73.27,0.6,68903.59,517.517857,med_med_down,False,True,False,False,False,0.0,0.0,50.0,0.0,0.0,0.0,0.0,0.0,50.0,0.0,0.0,-1,0.0,G2_TRADEABLE,tradeable_sell=False,-1,0.0,0.0,
BTC/USDT,414,2026-03-27 03:00:00,short,0.51422,69.22,0.6,68767.51,488.648571,med_med_down,False,True,False,False,False,0.0,0.0,50.0,0.0,0.0,0.0,0.0,0.0,50.0,0.0,0.0,-1,0.0,G2_TRADEABLE,tradeable_sell=False,-1,0.0,0.0,
BTC/USDT,415,2026-03-27 04:00:00,short,0.52167,73.06,0.6,68578.0,482.176429,med_med_down,False,True,False,False,False,0.0,0.0,50.0,0.0,0.0,0.0,0.0,0.0,50.0,0.0,0.0,-1,0.0,G2_TRADEABLE,tradeable_sell=False,-1,0.0,0.0,
BTC/USDT,416,2026-03-27 05:00:00,short,0.52318,71.07,0.6,68630.77,445.659286,med_med_down,False,True,False,False,False,0.0,0.0,50.0,0.0,0.0,0.0,0.0,0.0,50.0,0.0,0.0,-1,0.0,G2_TRADEABLE,tradeable_sell=False,-1,0.0,0.0,
BTC/USDT,417,2026-03-27 06:00:00,short,0.5215,69.13,0.6,68656.15,442.705714,med_med_down,False,True,False,False,False,0.0,0.0,50.0,0.0,0.0,0.0,0.0,0.0,50.0,0.0,0.0,-1,0.0,G2_TRADEABLE,tradeable_sell=False,-1,0.0,0.0,
BTC/USDT,418,2026-03-27 07:00:00,short,0.50403,91.55,0.6,68540.48,426.432857,med_med_down,False,True,False,False,False,0.0,0.0,50.0,0.0,0.0,0.0,0.0,0.0,50.0,0.0,0.0,-1,0.0,G2_TRADEABLE,tradeable_sell=False,-1,0.0,0.0,
BTC/USDT,419,2026-03-27 08:00:00,long,0.50478,79.37,0.6,67920.5,467.506429,high_med_down,False,True,False,False,False,0.0,0.0,50.0,0.0,0.0,0.0,0.0,0.0,50.0,0.0,0.0,-1,0.0,G2_TRADEABLE,tradeable_buy=False,-1,0.0,0.0,
BTC/USDT,420,2026-03-27 09:00:00,long,0.50923,59.49,0.6,67695.81,473.857143,high_med_down,False,True,False,False,False,0.0,0.0,50.0,0.0,0.0,0.0,0.0,0.0,50.0,0.0,0.0,-1,0.0,G2_TRADEABLE,tradeable_buy=False,-1,0.0,0.0,
BTC/USDT,421,2026-03-27 10:00:00,long,0.51306,80.88,0.6,66502.41,503.209286,high_med_down,False,True,False,False,False,0.0,0.0,50.0,0.0,0.0,0.0,0.0,0.0,50.0,0.0,0.0,-1,0.0,G2_TRADEABLE,tradeable_buy=False,-1,0.0,0.0,
BTC/USDT,422,2026-03-27 11:00:00,long,0.52103,87.37,0.6,66702.78,523.902857,high_high_down,False,True,False,False,False,0.0,0.0,50.0,0.0,0.0,0.0,0.0,0.0,50.0,0.0,0.0,-1,0.0,G2_TRADEABLE,tradeable_buy=False,-1,0.0,0.0,
BTC/USDT,423,2026-03-27 12:00:00,long,0.53431,81.36,0.6,66619.76,517.860714,high_high_down,False,True,False,False,False,0.0,0.0,50.0,0.0,0.0,0.0,0.0,0.0,50.0,0.0,0.0,-1,0.0,G2_TRADEABLE,tradeable_buy=False,-1,0.0,0.0,
BTC/USDT,424,2026-03-27 13:00:00,long,0.52585,100.0,0.6,66188.32,544.870714,high_high_down,False,True,False,False,False,0.0,0.0,50.0,0.0,0.0,0.0,0.0,0.0,50.0,0.0,0.0,-1,0.0,G2_TRADEABLE,tradeable_buy=False,-1,0.0,0.0,
BTC/USDT,425,2026-03-27 14:00:00,long,0.52241,100.0,0.6,66205.06,562.017143,high_high_down,False,True,False,False,False,0.0,0.0,50.0,0.0,0.0,0.0,0.0,0.0,50.0,0.0,0.0,-1,0.0,G2_TRADEABLE,tradeable_buy=False,-1,0.0,0.0,
BTC/USDT,426,2026-03-27 15:00:00,short,0.50086,72.7,0.6,66112.82,584.373571,high_high_down,False,True,False,False,False,0.0,0.0,50.0,0.0,0.0,0.0,0.0,0.0,50.0,0.0,0.0,-1,0.0,G2_TRADEABLE,tradeable_sell=False,-1,0.0,0.0,
BTC/USDT,427,2026-03-27 16:00:00,long,0.50352,81.94,0.6,65979.29,587.838571,high_high_down,False,True,False,False,False,0.0,0.0,50.0,0.0,0.0,0.0,0.0,0.0,50.0,0.0,0.0,-1,0.0,G2_TRADEABLE,tradeable_buy=False,-1,0.0,0.0,
BTC/USDT,428,2026-03-27 17:00:00,long,0.51293,80.11,0.6,65632.92,618.89,high_high_down,False,True,False,False,False,0.0,0.0,50.0,0.0,0.0,0.0,0.0,0.0,50.0,0.0,0.0,-1,0.0,G2_TRADEABLE,tradeable_buy=False,-1,0.0,0.0,
BTC/USDT,429,2026-03-27 18:00:00,long,0.51187,81.13,0.6,65836.69,612.922143,high_high_down,False,True,False,False,False,0.0,0.0,50.0,0.0,0.0,0.0,0.0,0.0,50.0,0.0,0.0,-1,0.0,G2_TRADEABLE,tradeable_buy=False,-1,0.0,0.0,
BTC/USDT,430,2026-03-27 19:00:00,long,0.502,80.67,0.6,66040.66,619.415714,high_high_down,False,True,False,False,False,0.0,0.0,50.0,0.0,0.0,0.0,0.0,0.0,50.0,0.0,0.0,-1,0.0,G2_TRADEABLE,tradeable_buy=False,-1,0.0,0.0,
BTC/USDT,431,2026-03-27 20:00:00,long,0.50578,77.65,0.6,66020.76,623.465,high_high_down,False,True,False,False,False,0.0,0.0,50.0,0.0,0.0,0.0,0.0,0.0,50.0,0.0,0.0,-1,0.0,G2_TRADEABLE,tradeable_buy=False,-1,0.0,0.0,
BTC/USDT,432,2026-03-27 21:00:00,short,0.50567,58.88,0.6,66098.0,596.083571,high_high_down,False,True,False,False,False,0.0,0.0,50.0,0.0,0.0,0.0,0.0,0.0,50.0,0.0,0.0,-1,0.0,G2_TRADEABLE,tradeable_sell=False,-1,0.0,0.0,
BTC/USDT,433,2026-03-27 22:00:00,short,0.52963,61.24,0.6,66020.79,535.528571,high_high_down,False,True,False,False,False,0.0,0.0,50.0,0.0,0.0,0.0,0.0,0.0,50.0,0.0,0.0,-1,0.0,G2_TRADEABLE,tradeable_sell=False,-1,0.0,0.0,
BTC/USDT,434,2026-03-27 23:00:00,short,0.52844,66.8,0.6,66407.28,538.303571,high_high_down,False,True,False,False,False,0.0,0.0,50.0,0.0,0.0,0.0,0.0,0.0,50.0,0.0,0.0,-1,0.0,G2_TRADEABLE,tradeable_sell=False,-1,0.0,0.0,
BTC/USDT,435,2026-03-28 00:00:00,short,0.53018,66.37,0.6,66431.55,450.767857,high_med_down,False,True,False,False,False,0.0,0.0,50.0,0.0,0.0,0.0,0.0,0.0,50.0,0.0,0.0,-1,0.0,G2_TRADEABLE,tradeable_sell=False,-1,0.0,0.0,
BTC/USDT,436,2026-03-28 01:00:00,short,0.52152,66.35,0.6,66178.85,433.58,high_med_down,False,True,False,False,False,0.0,0.0,50.0,0.0,0.0,0.0,0.0,0.0,50.0,0.0,0.0,-1,0.0,G2_TRADEABLE,tradeable_sell=False,-1,0.0,0.0,
BTC/USDT,437,2026-03-28 02:00:00,short,0.52592,66.96,0.6,66053.2,432.045714,high_med_down,False,True,False,False,False,0.0,0.0,50.0,0.0,0.0,0.0,0.0,0.0,50.0,0.0,0.0,-1,0.0,G2_TRADEABLE,tradeable_sell=False,-1,0.0,0.0,
BTC/USDT,438,2026-03-28 03:00:00,short,0.52621,65.72,0.6,66240.0,394.486429,high_med_down,False,True,False,False,False,0.0,0.0,50.0,0.0,0.0,0.0,0.0,0.0,50.0,0.0,0.0,-1,0.0,G2_TRADEABLE,tradeable_sell=False,-1,0.0,0.0,
BTC/USDT,439,2026-03-28 04:00:00,short,0.53657,63.35,0.6,66285.01,360.264286,high_med_down,False,True,False,False,False,0.0,0.0,50.0,0.0,0.0,0.0,0.0,0.0,50.0,0.0,0.0,-1,0.0,G2_TRADEABLE,tradeable_sell=False,-1,0.0,0.0,
BTC/USDT,440,2026-03-28 05:00:00,short,0.5362,64.36,0.6,66341.9,326.439286,high_low_down,,,True,False,False,0.0,0.0,50.0,0.0,0.0,0.0,0.0,0.0,50.0,0.0,0.0,-1,0.0,G1_REGIME,regime='high_low_down' skipped=True reg_empty=False,-1,0.0,0.0,
BTC/USDT,441,2026-03-28 06:00:00,short,0.56138,63.21,0.6,66382.0,313.975714,high_low_down,,,True,False,False,0.0,0.0,50.0,0.0,0.0,0.0,0.0,0.0,50.0,0.0,0.0,-1,0.0,G1_REGIME,regime='high_low_down' skipped=True reg_empty=False,-1,0.0,0.0,
BTC/USDT,442,2026-03-28 07:00:00,short,0.57083,73.84,0.6,66561.48,278.533571,high_low_down,,,True,False,False,0.0,0.0,50.0,0.0,0.0,0.0,0.0,0.0,50.0,0.0,0.0,-1,0.0,G1_REGIME,regime='high_low_down' skipped=True reg_empty=False,-1,0.0,0.0,
BTC/USDT,443,2026-03-28 08:00:00,short,0.52842,64.65,0.6,66409.33,262.770714,high_low_down,,,True,False,False,0.0,0.0,50.0,0.0,0.0,0.0,0.0,0.0,50.0,0.0,0.0,-1,0.0,G1_REGIME,regime='high_low_down' skipped=True reg_empty=False,-1,0.0,0.0,
BTC/USDT,444,2026-03-28 09:00:00,short,0.51807,62.78,0.6,66311.32,243.396429,high_low_down,,,True,False,False,0.0,0.0,50.0,0.0,0.0,0.0,0.0,0.0,50.0,0.0,0.0,-1,0.0,G1_REGIME,regime='high_low_down' skipped=True reg_empty=False,-1,0.0,0.0,
BTC/USDT,445,2026-03-28 10:00:00,short,0.51199,61.48,0.6,66221.38,239.990714,high_low_flat,,,True,False,False,0.0,0.0,50.0,0.0,0.0,0.0,0.0,0.0,50.0,0.0,0.0,-1,0.0,G1_REGIME,regime='high_low_flat' skipped=True reg_empty=False,-1,0.0,0.0,
BTC/USDT,446,2026-03-28 11:00:00,short,0.52387,45.73,0.6,66319.47,238.782143,med_low_flat,False,True,False,False,False,0.0,0.0,50.0,0.0,0.0,0.0,0.0,0.0,50.0,0.0,0.0,-1,0.0,G2_TRADEABLE,tradeable_sell=False,-1,0.0,0.0,
BTC/USDT,447,2026-03-28 12:00:00,short,0.53923,47.2,0.6,66455.09,246.505714,med_low_flat,False,True,False,False,False,0.0,0.0,50.0,0.0,0.0,0.0,0.0,0.0,50.0,0.0,0.0,-1,0.0,G2_TRADEABLE,tradeable_sell=False,-1,0.0,0.0,
BTC/USDT,448,2026-03-28 13:00:00,short,0.53453,82.84,0.6,66835.1,268.351429,med_low_up,False,True,False,False,False,0.0,0.0,50.0,0.0,0.0,0.0,0.0,0.0,50.0,0.0,0.0,-1,0.0,G2_TRADEABLE,tradeable_sell=False,-1,0.0,0.0,
BTC/USDT,449,2026-03-28 14:00:00,short,0.52292,63.64,0.6,66742.1,273.582857,med_low_up,False,True,False,False,False,0.0,0.0,50.0,0.0,0.0,0.0,0.0,0.0,50.0,0.0,0.0,-1,0.0,G2_TRADEABLE,tradeable_sell=False,-1,0.0,0.0,
BTC/USDT,450,2026-03-28 15:00:00,short,0.52935,67.43,0.6,67014.91,287.606429,med_low_up,False,True,False,False,False,0.0,0.0,50.0,0.0,0.0,0.0,0.0,0.0,50.0,0.0,0.0,-1,0.0,G2_TRADEABLE,tradeable_sell=False,-1,0.0,0.0,
BTC/USDT,451,2026-03-28 16:00:00,short,0.53498,57.73,0.6,66926.95,282.031429,low_low_up,True,True,False,False,False,0.0,0.0,50.0,0.0,0.0,0.0,0.0,0.0,50.0,0.0,0.0,-1,0.0,G2_TRADEABLE,tradeable_sell=False,-1,0.0,0.0,
BTC/USDT,452,2026-03-28 17:00:00,short,0.54556,78.11,0.6,66846.21,288.184286,low_low_up,True,True,False,False,False,0.0,0.0,50.0,0.0,0.0,0.0,0.0,0.0,50.0,0.0,0.0,-1,0.0,G2_TRADEABLE,tradeable_sell=False,-1,0.0,0.0,
BTC/USDT,453,2026-03-28 18:00:00,short,0.54187,76.06,0.6,66908.03,283.464286,low_low_up,True,True,False,False,False,0.0,0.0,50.0,0.0,0.0,0.0,0.0,0.0,50.0,0.0,0.0,-1,0.0,G2_TRADEABLE,tradeable_sell=False,-1,0.0,0.0,
BTC/USDT,454,2026-03-28 19:00:00,short,0.55029,76.74,0.6,66916.52,279.417143,low_low_up,True,True,False,False,False,0.0,0.0,50.0,0.0,0.0,0.0,0.0,0.0,50.0,0.0,0.0,-1,0.0,G2_TRADEABLE,tradeable_sell=False,-1,0.0,0.0,
BTC/USDT,455,2026-03-28 20:00:00,short,0.55665,79.46,0.6,66906.0,273.197857,low_low_up,True,True,False,False,False,0.0,0.0,50.0,0.0,0.0,0.0,0.0,0.0,50.0,0.0,0.0,-1,0.0,G2_TRADEABLE,tradeable_sell=False,-1,0.0,0.0,
BTC/USDT,456,2026-03-28 21:00:00,short,0.5369,72.29,0.6,66685.53,282.661429,low_low_up,True,True,False,False,False,0.0,0.0,50.0,0.0,0.0,0.0,0.0,0.0,50.0,0.0,0.0,-1,0.0,G2_TRADEABLE,tradeable_sell=False,-1,0.0,0.0,
BTC/USDT,457,2026-03-28 22:00:00,short,0.54861,69.72,0.6,66755.88,283.920714,low_low_up,True,True,False,False,False,0.0,0.0,50.0,0.0,0.0,0.0,0.0,0.0,50.0,0.0,0.0,-1,0.0,G2_TRADEABLE,tradeable_sell=False,-1,0.0,0.0,
BTC/USDT,458,2026-03-28 23:00:00,short,0.54567,76.17,0.6,66377.03,305.259286,low_low_flat,False,False,False,False,False,0.0,0.0,50.0,0.0,0.0,0.0,0.0,0.0,50.0,0.0,0.0,-1,0.0,G2_TRADEABLE,tradeable_sell=False,-1,0.0,0.0,
BTC/USDT,459,2026-03-29 00:00:00,short,0.57318,76.61,0.6,66487.93,300.345714,low_low_flat,False,False,False,False,False,0.0,0.0,50.0,0.0,0.0,0.0,0.0,0.0,50.0,0.0,0.0,-1,0.0,G2_TRADEABLE,tradeable_sell=False,-1,0.0,0.0,
BTC/USDT,460,2026-03-29 01:00:00,short,0.58272,76.53,0.6,66569.22,305.919286,low_low_up,True,True,False,False,False,0.0,0.0,50.0,0.0,0.0,0.0,0.0,0.0,50.0,0.0,0.0,-1,0.0,G2_TRADEABLE,tradeable_sell=False,-1,0.0,0.0,
BTC/USDT,461,2026-03-29 02:00:00,short,0.57385,73.4,0.6,66818.0,307.102143,low_low_up,True,True,False,False,False,0.0,0.0,50.0,0.0,0.0,0.0,0.0,0.0,50.0,0.0,0.0,-1,0.0,G2_TRADEABLE,tradeable_sell=False,-1,0.0,0.0,
BTC/USDT,462,2026-03-29 03:00:00,short,0.56152,81.84,0.6,66912.0,279.507857,low_low_up,True,True,False,False,False,0.0,0.0,50.0,0.0,0.0,0.0,0.0,0.0,50.0,0.0,0.0,-1,0.0,G2_TRADEABLE,tradeable_sell=False,-1,0.0,0.0,
BTC/USDT,463,2026-03-29 04:00:00,short,0.53976,72.53,0.6,66735.14,273.703571,low_low_up,True,True,False,False,False,0.0,0.0,50.0,0.0,0.0,0.0,0.0,0.0,50.0,0.0,0.0,-1,0.0,G2_TRADEABLE,tradeable_sell=False,-1,0.0,0.0,
BTC/USDT,464,2026-03-29 05:00:00,short,0.53407,76.13,0.6,66771.94,249.357857,low_low_up,True,True,False,False,False,0.0,0.0,50.0,0.0,0.0,0.0,0.0,0.0,50.0,0.0,0.0,-1,0.0,G2_TRADEABLE,tradeable_sell=False,-1,0.0,0.0,
BTC/USDT,465,2026-03-29 06:00:00,short,0.54102,77.17,0.6,66738.5,248.962857,low_low_flat,False,False,False,False,False,0.0,0.0,50.0,0.0,0.0,0.0,0.0,0.0,50.0,0.0,0.0,-1,0.0,G2_TRADEABLE,tradeable_sell=False,-1,0.0,0.0,
BTC/USDT,466,2026-03-29 07:00:00,short,0.53851,57.49,0.6,66671.0,242.05,low_low_flat,False,False,False,False,False,0.0,0.0,50.0,0.0,0.0,0.0,0.0,0.0,50.0,0.0,0.0,-1,0.0,G2_TRADEABLE,tradeable_sell=False,-1,0.0,0.0,
BTC/USDT,467,2026-03-29 08:00:00,short,0.55357,51.43,0.6,66724.0,245.206429,low_low_flat,False,False,False,False,False,0.0,0.0,50.0,0.0,0.0,0.0,0.0,0.0,50.0,0.0,0.0,-1,0.0,G2_TRADEABLE,tradeable_sell=False,-1,0.0,0.0,
BTC/USDT,468,2026-03-29 09:00:00,short,0.52985,56.65,0.6,66634.01,250.505714,low_low_flat,False,False,False,False,False,0.0,0.0,50.0,0.0,0.0,0.0,0.0,0.0,50.0,0.0,0.0,-1,0.0,G2_TRADEABLE,tradeable_sell=False,-1,0.0,0.0,
BTC/USDT,469,2026-03-29 10:00:00,short,0.50812,60.27,0.6,66502.79,258.507143,low_low_flat,False,False,False,False,False,0.0,0.0,50.0,0.0,0.0,0.0,0.0,0.0,50.0,0.0,0.0,-1,0.0,G2_TRADEABLE,tradeable_sell=False,-1,0.0,0.0,
BTC/USDT,470,2026-03-29 11:00:00,short,0.54039,55.61,0.6,66816.28,269.858571,low_low_up,True,True,False,False,False,0.0,0.0,50.0,0.0,0.0,0.0,0.0,0.0,50.0,0.0,0.0,-1,0.0,G2_TRADEABLE,tradeable_sell=False,-1,0.0,0.0,
BTC/USDT,471,2026-03-29 12:00:00,short,0.56258,48.94,0.6,66849.88,267.473571,low_low_up,True,True,False,False,False,0.0,0.0,50.0,0.0,0.0,0.0,0.0,0.0,50.0,0.0,0.0,-1,0.0,G2_TRADEABLE,tradeable_sell=False,-1,0.0,0.0,
BTC/USDT,472,2026-03-29 13:00:00,short,0.54575,60.59,0.6,66580.36,258.792143,low_low_flat,False,False,False,False,False,0.0,0.0,50.0,0.0,0.0,0.0,0.0,0.0,50.0,0.0,0.0,-1,0.0,G2_TRADEABLE,tradeable_sell=False,-1,0.0,0.0,
BTC/USDT,473,2026-03-29 14:00:00,short,0.54427,61.44,0.6,66589.64,267.178571,low_low_flat,False,False,False,False,False,0.0,0.0,50.0,0.0,0.0,0.0,0.0,0.0,50.0,0.0,0.0,-1,0.0,G2_TRADEABLE,tradeable_sell=False,-1,0.0,0.0,
BTC/USDT,474,2026-03-29 15:00:00,short,0.54051,80.27,0.6,66523.0,278.757857,low_low_flat,False,False,False,False,False,0.0,0.0,50.0,0.0,0.0,0.0,0.0,0.0,50.0,0.0,0.0,-1,0.0,G2_TRADEABLE,tradeable_sell=False,-1,0.0,0.0,
BTC/USDT,475,2026-03-29 16:00:00,short,0.53461,58.68,0.6,66499.35,273.515,low_low_flat,False,False,False,False,False,0.0,0.0,50.0,0.0,0.0,0.0,0.0,0.0,50.0,0.0,0.0,-1,0.0,G2_TRADEABLE,tradeable_sell=False,-1,0.0,0.0,
BTC/USDT,476,2026-03-29 17:00:00,short,0.55307,63.68,0.6,66385.84,274.780714,low_low_flat,False,False,False,False,False,0.0,0.0,50.0,0.0,0.0,0.0,0.0,0.0,50.0,0.0,0.0,-1,0.0,G2_TRADEABLE,tradeable_sell=False,-1,0.0,0.0,
BTC/USDT,477,2026-03-29 18:00:00,short,0.54811,55.33,0.6,66427.26,274.757857,low_low_flat,False,False,False,False,False,0.0,0.0,50.0,0.0,0.0,0.0,0.0,0.0,50.0,0.0,0.0,-1,0.0,G2_TRADEABLE,tradeable_sell=False,-1,0.0,0.0,
BTC/USDT,478,2026-03-29 19:00:00,short,0.5547,62.53,0.6,66348.62,269.297857,low_low_flat,False,False,False,False,False,0.0,0.0,50.0,0.0,0.0,0.0,0.0,0.0,50.0,0.0,0.0,-1,0.0,G2_TRADEABLE,tradeable_sell=False,-1,0.0,0.0,
BTC/USDT,479,2026-03-29 20:00:00,short,0.54228,57.09,0.6,66614.05,284.242143,low_low_flat,False,False,False,False,False,0.0,0.0,50.0,0.0,0.0,0.0,0.0,0.0,50.0,0.0,0.0,-1,0.0,G2_TRADEABLE,tradeable_sell=False,-1,0.0,0.0,
BTC/USDT,480,2026-03-29 21:00:00,short,0.56726,53.91,0.6,66710.12,287.904286,low_low_flat,False,False,False,False,False,0.0,0.0,50.0,0.0,0.0,0.0,0.0,0.0,50.0,0.0,0.0,-1,0.0,G2_TRADEABLE,tradeable_sell=False,-1,0.0,0.0,
BTC/USDT,481,2026-03-29 22:00:00,short,0.51341,75.5,0.6,65860.31,397.710714,low_med_down,False,True,False,False,False,0.0,0.0,50.0,0.0,0.0,0.0,0.0,0.0,50.0,0.0,0.0,-1,0.0,G2_TRADEABLE,tradeable_sell=False,-1,0.0,0.0,
BTC/USDT,482,2026-03-29 23:00:00,short,0.51555,89.55,0.6,66010.93,419.11,low_med_flat,False,False,False,False,False,0.0,0.0,50.0,0.0,0.0,0.0,0.0,0.0,50.0,0.0,0.0,-1,0.0,G2_TRADEABLE,tradeable_sell=False,-1,0.0,0.0,
BTC/USDT,483,2026-03-30 00:00:00,short,0.52102,100.0,0.6,66280.25,493.613571,low_med_flat,False,False,False,False,False,0.0,0.0,50.0,0.0,0.0,0.0,0.0,0.0,50.0,0.0,0.0,-1,0.0,G2_TRADEABLE,tradeable_sell=False,-1,0.0,0.0,
BTC/USDT,484,2026-03-30 01:00:00,short,0.52799,92.42,0.6,66653.74,498.565714,low_med_flat,False,False,False,False,False,0.0,0.0,50.0,0.0,0.0,0.0,0.0,0.0,50.0,0.0,0.0,-1,0.0,G2_TRADEABLE,tradeable_sell=False,-1,0.0,0.0,
BTC/USDT,485,2026-03-30 02:00:00,short,0.56867,92.77,0.6,67121.01,548.76,low_high_flat,,,True,False,False,0.0,0.0,50.0,0.0,0.0,0.0,0.0,0.0,50.0,0.0,0.0,-1,0.0,G1_REGIME,regime='low_high_flat' skipped=True reg_empty=False,-1,0.0,0.0,
BTC/USDT,486,2026-03-30 03:00:00,short,0.58913,85.22,0.6,67173.8,548.099286,low_high_flat,,,True,False,False,0.0,0.0,50.0,0.0,0.0,0.0,0.0,0.0,50.0,0.0,0.0,-1,0.0,G1_REGIME,regime='low_high_flat' skipped=True reg_empty=False,-1,0.0,0.0,
BTC/USDT,487,2026-03-30 04:00:00,short,0.57822,86.41,0.6,67616.29,558.533571,low_high_up,,,True,False,False,0.0,0.0,50.0,0.0,0.0,0.0,0.0,0.0,50.0,0.0,0.0,-1,0.0,G1_REGIME,regime='low_high_up' skipped=True reg_empty=False,-1,0.0,0.0,
BTC/USDT,488,2026-03-30 05:00:00,short,0.57104,85.78,0.6,67492.46,555.802857,low_high_up,,,True,False,False,0.0,0.0,50.0,0.0,0.0,0.0,0.0,0.0,50.0,0.0,0.0,-1,0.0,G1_REGIME,regime='low_high_up' skipped=True reg_empty=False,-1,0.0,0.0,
BTC/USDT,489,2026-03-30 06:00:00,short,0.55096,86.31,0.6,67305.14,561.384286,low_high_up,,,True,False,False,0.0,0.0,50.0,0.0,0.0,0.0,0.0,0.0,50.0,0.0,0.0,-1,0.0,G1_REGIME,regime='low_high_up' skipped=True reg_empty=False,-1,0.0,0.0,
BTC/USDT,490,2026-03-30 07:00:00,short,0.54253,63.18,0.6,67624.39,562.010714,low_high_up,,,True,False,False,0.0,0.0,50.0,0.0,0.0,0.0,0.0,0.0,50.0,0.0,0.0,-1,0.0,G1_REGIME,regime='low_high_up' skipped=True reg_empty=False,-1,0.0,0.0,
BTC/USDT,491,2026-03-30 08:00:00,short,0.54647,83.44,0.6,67666.44,570.774286,med_high_up,,,True,False,False,0.0,0.0,50.0,0.0,0.0,0.0,0.0,0.0,50.0,0.0,0.0,-1,0.0,G1_REGIME,regime='med_high_up' skipped=True reg_empty=False,-1,0.0,0.0,
BTC/USDT,492,2026-03-30 09:00:00,short,0.54867,64.65,0.6,67495.46,576.782143,med_high_up,,,True,False,False,0.0,0.0,50.0,0.0,0.0,0.0,0.0,0.0,50.0,0.0,0.0,-1,0.0,G1_REGIME,regime='med_high_up' skipped=True reg_empty=False,-1,0.0,0.0,
BTC/USDT,493,2026-03-30 10:00:00,short,0.56681,61.76,0.6,67488.53,556.263571,med_high_up,,,True,False,False,0.0,0.0,50.0,0.0,0.0,0.0,0.0,0.0,50.0,0.0,0.0,-1,0.0,G1_REGIME,regime='med_high_up' skipped=True reg_empty=False,-1,0.0,0.0,
BTC/USDT,494,2026-03-30 11:00:00,short,0.56943,65.87,0.6,67680.45,578.168571,med_high_up,,,True,False,False,0.0,0.0,50.0,0.0,0.0,0.0,0.0,0.0,50.0,0.0,0.0,-1,0.0,G1_REGIME,regime='med_high_up' skipped=True reg_empty=False,-1,0.0,0.0,
BTC/USDT,495,2026-03-30 12:00:00,short,0.54113,62.11,0.6,67899.59,478.428571,med_med_up,False,True,False,False,False,0.0,0.0,50.0,0.0,0.0,0.0,0.0,0.0,50.0,0.0,0.0,-1,0.0,G2_TRADEABLE,tradeable_sell=False,-1,0.0,0.0,
BTC/USDT,496,2026-03-30 13:00:00,short,0.53883,70.55,0.6,67529.52,494.000714,med_med_up,False,True,False,False,False,0.0,0.0,50.0,0.0,0.0,0.0,0.0,0.0,50.0,0.0,0.0,-1,0.0,G2_TRADEABLE,tradeable_sell=False,-1,0.0,0.0,
BTC/USDT,497,2026-03-30 14:00:00,short,0.53889,67.29,0.6,67799.54,459.478571,med_med_up,False,True,False,False,False,0.0,0.0,50.0,0.0,0.0,0.0,0.0,0.0,50.0,0.0,0.0,-1,0.0,G2_TRADEABLE,tradeable_sell=False,-1,0.0,0.0,
BTC/USDT,498,2026-03-30 15:00:00,short,0.52207,65.34,0.6,67629.4,454.815,med_med_up,False,True,False,False,False,0.0,0.0,50.0,0.0,0.0,0.0,0.0,0.0,50.0,0.0,0.0,-1,0.0,G2_TRADEABLE,tradeable_sell=False,-1,0.0,0.0,
BTC/USDT,499,2026-03-30 16:00:00,short,0.52754,62.99,0.6,67368.1,422.647857,med_med_up,False,True,False,False,False,0.0,0.0,50.0,0.0,0.0,0.0,0.0,0.0,50.0,0.0,0.0,-1,0.0,G2_TRADEABLE,tradeable_sell=False,-1,0.0,0.0,
BTC/USDT,500,2026-03-30 17:00:00,short,0.5332,61.97,0.6,66828.02,456.468571,med_med_up,False,True,False,False,False,0.0,0.0,50.0,0.0,0.0,0.0,0.0,0.0,50.0,0.0,0.0,-1,0.0,G2_TRADEABLE,tradeable_sell=False,-1,0.0,0.0,
BTC/USDT,501,2026-03-30 18:00:00,short,0.53739,58.91,0.6,66653.46,452.1,med_med_flat,True,True,False,False,False,0.0,0.0,50.0,0.0,0.0,0.0,0.0,0.0,50.0,0.0,0.0,-1,0.0,G2_TRADEABLE,tradeable_sell=False,-1,0.0,0.0,
BTC/USDT,502,2026-03-30 19:00:00,long,0.50196,49.93,0.6,66550.05,457.345714,med_med_flat,True,True,False,False,False,0.0,0.0,50.0,0.0,0.0,0.0,0.0,0.0,50.0,0.0,0.0,-1,0.0,G2_TRADEABLE,tradeable_buy=False,-1,0.0,0.0,
BTC/USDT,503,2026-03-30 20:00:00,short,0.50338,75.51,0.6,66651.4,447.366429,med_med_flat,True,True,False,False,False,0.0,0.0,50.0,0.0,0.0,0.0,0.0,0.0,50.0,0.0,0.0,-1,0.0,G2_TRADEABLE,tradeable_sell=False,-1,0.0,0.0,
BTC/USDT,504,2026-03-30 21:00:00,short,0.50644,78.21,0.6,66809.3,448.105,med_med_flat,True,True,False,False,False,0.0,0.0,50.0,0.0,0.0,0.0,0.0,0.0,50.0,0.0,0.0,-1,0.0,G2_TRADEABLE,tradeable_sell=False,-1,0.0,0.0,
BTC/USDT,505,2026-03-30 22:00:00,short,0.52571,76.75,0.6,66784.98,445.527857,med_med_up,False,True,False,False,False,0.0,0.0,50.0,0.0,0.0,0.0,0.0,0.0,50.0,0.0,0.0,-1,0.0,G2_TRADEABLE,tradeable_sell=False,-1,0.0,0.0,
BTC/USDT,506,2026-03-30 23:00:00,short,0.50722,71.96,0.6,66797.37,455.454286,med_med_up,False,True,False,False,False,0.0,0.0,50.0,0.0,0.0,0.0,0.0,0.0,50.0,0.0,0.0,-1,0.0,G2_TRADEABLE,tradeable_sell=False,-1,0.0,0.0,
BTC/USDT,507,2026-03-31 00:00:00,long,0.51828,65.43,0.6,67208.75,498.372857,med_med_up,False,True,False,False,False,0.0,0.0,50.0,0.0,0.0,0.0,0.0,0.0,50.0,0.0,0.0,-1,0.0,G2_TRADEABLE,tradeable_buy=False,-1,0.0,0.0,
BTC/USDT,508,2026-03-31 01:00:00,long,0.50532,89.71,0.6,67938.54,555.844286,med_high_up,,,True,False,False,0.0,0.0,50.0,0.0,0.0,0.0,0.0,0.0,50.0,0.0,0.0,-1,0.0,G1_REGIME,regime='med_high_up' skipped=True reg_empty=False,-1,0.0,0.0,
BTC/USDT,509,2026-03-31 02:00:00,short,0.53474,82.11,0.6,67943.43,556.410714,med_high_up,,,True,False,False,0.0,0.0,50.0,0.0,0.0,0.0,0.0,0.0,50.0,0.0,0.0,-1,0.0,G1_REGIME,regime='med_high_up' skipped=True reg_empty=False,-1,0.0,0.0,
BTC/USDT,510,2026-03-31 03:00:00,short,0.52983,61.85,0.6,67704.74,529.318571,med_high_up,,,True,False,False,0.0,0.0,50.0,0.0,0.0,0.0,0.0,0.0,50.0,0.0,0.0,-1,0.0,G1_REGIME,regime='med_high_up' skipped=True reg_empty=False,-1,0.0,0.0,
BTC/USDT,511,2026-03-31 04:00:00,short,0.53601,73.5,0.6,67544.01,514.870714,med_med_flat,True,True,False,False,False,0.0,0.0,50.0,0.0,0.0,0.0,0.0,0.0,50.0,0.0,0.0,-1,0.0,G2_TRADEABLE,tradeable_sell=False,-1,0.0,0.0,
BTC/USDT,512,2026-03-31 05:00:00,short,0.53927,63.71,0.6,67681.68,507.090714,med_med_flat,True,True,False,False,False,0.0,0.0,50.0,0.0,0.0,0.0,0.0,0.0,50.0,0.0,0.0,-1,0.0,G2_TRADEABLE,tradeable_sell=False,-1,0.0,0.0,
BTC/USDT,513,2026-03-31 06:00:00,short,0.50452,62.23,0.6,67492.85,504.093571,med_med_flat,True,True,False,False,False,0.0,0.0,50.0,0.0,0.0,0.0,0.0,0.0,50.0,0.0,0.0,-1,0.0,G2_TRADEABLE,tradeable_sell=False,-1,0.0,0.0,
BTC/USDT,514,2026-03-31 07:00:00,short,0.52068,77.16,0.6,67367.69,475.96,med_med_flat,True,True,False,False,False,0.0,0.0,50.0,0.0,0.0,0.0,0.0,0.0,50.0,0.0,0.0,-1,0.0,G2_TRADEABLE,tradeable_sell=False,-1,0.0,0.0,
BTC/USDT,515,2026-03-31 08:00:00,long,0.52259,68.18,0.6,66778.33,503.559286,med_med_down,False,True,False,False,False,0.0,0.0,50.0,0.0,0.0,0.0,0.0,0.0,50.0,0.0,0.0,-1,0.0,G2_TRADEABLE,tradeable_buy=False,-1,0.0,0.0,
BTC/USDT,516,2026-03-31 09:00:00,long,0.52461,83.33,0.6,66124.99,538.905,med_high_down,,,True,False,False,0.0,0.0,50.0,0.0,0.0,0.0,0.0,0.0,50.0,0.0,0.0,-1,0.0,G1_REGIME,regime='med_high_down' skipped=True reg_empty=False,-1,0.0,0.0,
BTC/USDT,517,2026-03-31 10:00:00,long,0.51651,64.31,0.6,66363.38,553.429286,med_high_down,,,True,False,False,0.0,0.0,50.0,0.0,0.0,0.0,0.0,0.0,50.0,0.0,0.0,-1,0.0,G1_REGIME,regime='med_high_down' skipped=True reg_empty=False,-1,0.0,0.0,
BTC/USDT,518,2026-03-31 11:00:00,long,0.51867,67.18,0.6,66685.69,573.114286,med_high_down,,,True,False,False,0.0,0.0,50.0,0.0,0.0,0.0,0.0,0.0,50.0,0.0,0.0,-1,0.0,G1_REGIME,regime='med_high_down' skipped=True reg_empty=False,-1,0.0,0.0,
BTC/USDT,519,2026-03-31 12:00:00,long,0.50966,60.11,0.6,66653.26,581.243571,med_high_down,,,True,False,False,0.0,0.0,50.0,0.0,0.0,0.0,0.0,0.0,50.0,0.0,0.0,-1,0.0,G1_REGIME,regime='med_high_down' skipped=True reg_empty=False,-1,0.0,0.0,
BTC/USDT,520,2026-03-31 13:00:00,long,0.52379,64.77,0.6,67302.29,608.476429,med_high_flat,,,True,False,False,0.0,0.0,50.0,0.0,0.0,0.0,0.0,0.0,50.0,0.0,0.0,-1,0.0,G1_REGIME,regime='med_high_flat' skipped=True reg_empty=False,-1,0.0,0.0,
BTC/USDT,521,2026-03-31 14:00:00,short,0.5155,72.36,0.6,66587.45,650.013571,med_high_down,,,True,False,False,0.0,0.0,50.0,0.0,0.0,0.0,0.0,0.0,50.0,0.0,0.0,-1,0.0,G1_REGIME,regime='med_high_down' skipped=True reg_empty=False,-1,0.0,0.0,
BTC/USDT,522,2026-03-31 15:00:00,short,0.50008,54.67,0.6,66736.8,602.687143,med_high_down,,,True,False,False,0.0,0.0,50.0,0.0,0.0,0.0,0.0,0.0,50.0,0.0,0.0,-1,0.0,G1_REGIME,regime='med_high_down' skipped=True reg_empty=False,-1,0.0,0.0,
BTC/USDT,523,2026-03-31 16:00:00,long,0.50105,53.87,0.6,67665.83,672.631429,med_high_flat,,,True,False,False,0.0,0.0,50.0,0.0,0.0,0.0,0.0,0.0,50.0,0.0,0.0,-1,0.0,G1_REGIME,regime='med_high_flat' skipped=True reg_empty=False,-1,0.0,0.0,
BTC/USDT,524,2026-03-31 17:00:00,short,0.5392,90.4,0.6,67526.75,731.480714,med_high_up,,,True,False,False,0.0,0.0,50.0,0.0,0.0,0.0,0.0,0.0,50.0,0.0,0.0,-1,0.0,G1_REGIME,regime='med_high_up' skipped=True reg_empty=False,-1,0.0,0.0,
BTC/USDT,525,2026-03-31 18:00:00,short,0.54675,60.42,0.6,67854.05,720.637143,med_high_up,,,True,False,False,0.0,0.0,50.0,0.0,0.0,0.0,0.0,0.0,50.0,0.0,0.0,-1,0.0,G1_REGIME,regime='med_high_up' skipped=True reg_empty=False,-1,0.0,0.0,
BTC/USDT,526,2026-03-31 19:00:00,short,0.56383,62.74,0.6,67838.8,715.831429,med_high_up,,,True,False,False,0.0,0.0,50.0,0.0,0.0,0.0,0.0,0.0,50.0,0.0,0.0,-1,0.0,G1_REGIME,regime='med_high_up' skipped=True reg_empty=False,-1,0.0,0.0,
BTC/USDT,527,2026-03-31 20:00:00,short,0.54013,61.44,0.6,68265.53,719.965714,med_high_up,,,True,False,False,0.0,0.0,50.0,0.0,0.0,0.0,0.0,0.0,50.0,0.0,0.0,-1,0.0,G1_REGIME,regime='med_high_up' skipped=True reg_empty=False,-1,0.0,0.0,
BTC/USDT,528,2026-03-31 21:00:00,short,0.52634,59.19,0.6,68277.99,727.463571,med_high_up,,,True,False,False,0.0,0.0,50.0,0.0,0.0,0.0,0.0,0.0,50.0,0.0,0.0,-1,0.0,G1_REGIME,regime='med_high_up' skipped=True reg_empty=False,-1,0.0,0.0,
BTC/USDT,529,2026-03-31 22:00:00,short,0.55701,63.42,0.6,68172.87,696.861429,high_high_up,False,False,False,False,False,0.0,0.0,50.0,0.0,0.0,0.0,0.0,0.0,50.0,0.0,0.0,-1,0.0,G2_TRADEABLE,tradeable_sell=False,-1,0.0,0.0,
BTC/USDT,530,2026-03-31 23:00:00,short,0.52511,79.54,0.6,68284.48,650.762857,high_high_up,False,False,False,False,False,0.0,0.0,50.0,0.0,0.0,0.0,0.0,0.0,50.0,0.0,0.0,-1,0.0,G2_TRADEABLE,tradeable_sell=False,-1,0.0,0.0,
BTC/USDT,531,2026-04-01 00:00:00,short,0.53466,79.88,0.6,68330.75,659.291429,high_high_up,False,False,False,False,False,0.0,0.0,50.0,0.0,0.0,0.0,0.0,0.0,50.0,0.0,0.0,-1,0.0,G2_TRADEABLE,tradeable_sell=False,-1,0.0,0.0,
BTC/USDT,532,2026-04-01 01:00:00,short,0.53935,87.18,0.6,67782.73,654.710714,med_high_flat,,,True,False,False,0.0,0.0,50.0,0.0,0.0,0.0,0.0,0.0,50.0,0.0,0.0,-1,0.0,G1_REGIME,regime='med_high_flat' skipped=True reg_empty=False,-1,0.0,0.0,
BTC/USDT,533,2026-04-01 02:00:00,short,0.54021,88.76,0.6,67668.89,648.713571,high_high_flat,False,False,False,False,False,0.0,0.0,50.0,0.0,0.0,0.0,0.0,0.0,50.0,0.0,0.0,-1,0.0,G2_TRADEABLE,tradeable_sell=False,-1,0.0,0.0,
BTC/USDT,534,2026-04-01 03:00:00,short,0.54376,80.67,0.6,68170.67,636.017857,high_high_up,False,False,False,False,False,0.0,0.0,50.0,0.0,0.0,0.0,0.0,0.0,50.0,0.0,0.0,-1,0.0,G2_TRADEABLE,tradeable_sell=False,-1,0.0,0.0,
BTC/USDT,535,2026-04-01 04:00:00,short,0.54742,81.93,0.6,68303.83,573.917143,high_high_up,False,False,False,False,False,0.0,0.0,50.0,0.0,0.0,0.0,0.0,0.0,50.0,0.0,0.0,-1,0.0,G2_TRADEABLE,tradeable_sell=False,-1,0.0,0.0,
BTC/USDT,536,2026-04-01 05:00:00,short,0.521,82.15,0.6,68456.02,567.467857,high_high_up,False,False,False,False,False,0.0,0.0,50.0,0.0,0.0,0.0,0.0,0.0,50.0,0.0,0.0,-1,0.0,G2_TRADEABLE,tradeable_sell=False,-1,0.0,0.0,
BTC/USDT,537,2026-04-01 06:00:00,long,0.53431,69.85,0.6,69102.85,530.315,high_med_up,,,True,False,False,0.0,0.0,50.0,0.0,0.0,0.0,0.0,0.0,50.0,0.0,0.0,-1,0.0,G1_REGIME,regime='high_med_up' skipped=True reg_empty=False,-1,0.0,0.0,
BTC/USDT,538,2026-04-01 07:00:00,long,0.50714,79.81,0.6,68692.0,491.550714,high_med_up,,,True,False,False,0.0,0.0,50.0,0.0,0.0,0.0,0.0,0.0,50.0,0.0,0.0,-1,0.0,G1_REGIME,regime='high_med_up' skipped=True reg_empty=False,-1,0.0,0.0,
BTC/USDT,539,2026-04-01 08:00:00,short,0.51315,87.06,0.6,68670.16,494.440714,high_med_up,,,True,False,False,0.0,0.0,50.0,0.0,0.0,0.0,0.0,0.0,50.0,0.0,0.0,-1,0.0,G1_REGIME,regime='high_med_up' skipped=True reg_empty=False,-1,0.0,0.0,
BTC/USDT,540,2026-04-01 09:00:00,short,0.51493,79.44,0.6,68644.0,496.617143,high_med_up,,,True,False,False,0.0,0.0,50.0,0.0,0.0,0.0,0.0,0.0,50.0,0.0,0.0,-1,0.0,G1_REGIME,regime='high_med_up' skipped=True reg_empty=False,-1,0.0,0.0,
BTC/USDT,541,2026-04-01 10:00:00,long,0.50717,71.64,0.6,68585.55,483.732143,high_med_up,,,True,False,False,0.0,0.0,50.0,0.0,0.0,0.0,0.0,0.0,50.0,0.0,0.0,-1,0.0,G1_REGIME,regime='high_med_up' skipped=True reg_empty=False,-1,0.0,0.0,
BTC/USDT,542,2026-04-01 11:00:00,short,0.51374,81.48,0.6,68712.52,462.585,high_med_up,,,True,False,False,0.0,0.0,50.0,0.0,0.0,0.0,0.0,0.0,50.0,0.0,0.0,-1,0.0,G1_REGIME,regime='high_med_up' skipped=True reg_empty=False,-1,0.0,0.0,
BTC/USDT,543,2026-04-01 12:00:00,long,0.54767,75.88,0.6,68393.6,473.928571,high_med_up,,,True,False,False,0.0,0.0,50.0,0.0,0.0,0.0,0.0,0.0,50.0,0.0,0.0,-1,0.0,G1_REGIME,regime='high_med_up' skipped=True reg_empty=False,-1,0.0,0.0,
BTC/USDT,544,2026-04-01 13:00:00,long,0.53656,83.02,0.6,68116.07,508.322857,high_med_up,,,True,False,False,0.0,0.0,50.0,0.0,0.0,0.0,0.0,0.0,50.0,0.0,0.0,-1,0.0,G1_REGIME,regime='high_med_up' skipped=True reg_empty=False,-1,0.0,0.0,
BTC/USDT,545,2026-04-01 14:00:00,long,0.55202,73.76,0.6,68593.55,518.403571,high_med_up,,,True,False,False,0.0,0.0,50.0,0.0,0.0,0.0,0.0,0.0,50.0,0.0,0.0,-1,0.0,G1_REGIME,regime='high_med_up' skipped=True reg_empty=False,-1,0.0,0.0,
BTC/USDT,546,2026-04-01 15:00:00,long,0.55213,73.2,0.6,68918.52,512.528571,high_med_up,,,True,False,False,0.0,0.0,50.0,0.0,0.0,0.0,0.0,0.0,50.0,0.0,0.0,-1,0.0,G1_REGIME,regime='high_med_up' skipped=True reg_empty=False,-1,0.0,0.0,
BTC/USDT,547,2026-04-01 16:00:00,long,0.5432,71.19,0.6,68816.34,515.487857,med_med_up,False,True,False,False,False,0.0,0.0,50.0,0.0,0.0,0.0,0.0,0.0,50.0,0.0,0.0,-1,0.0,G2_TRADEABLE,tradeable_buy=False,-1,0.0,0.0,
BTC/USDT,548,2026-04-01 17:00:00,long,0.55114,87.72,0.6,68266.62,540.022857,med_high_up,,,True,False,False,0.0,0.0,50.0,0.0,0.0,0.0,0.0,0.0,50.0,0.0,0.0,-1,0.0,G1_REGIME,regime='med_high_up' skipped=True reg_empty=False,-1,0.0,0.0,
BTC/USDT,549,2026-04-01 18:00:00,long,0.53723,83.1,0.6,68084.76,534.315714,med_high_flat,,,True,False,False,0.0,0.0,50.0,0.0,0.0,0.0,0.0,0.0,50.0,0.0,0.0,-1,0.0,G1_REGIME,regime='med_high_flat' skipped=True reg_empty=False,-1,0.0,0.0,
BTC/USDT,550,2026-04-01 19:00:00,long,0.53034,78.91,0.6,68176.84,509.579286,med_med_flat,True,True,False,False,False,0.0,0.0,50.0,0.0,0.0,0.0,0.0,0.0,50.0,0.0,0.0,-1,0.0,G2_TRADEABLE,tradeable_buy=False,-1,0.0,0.0,
BTC/USDT,551,2026-04-01 20:00:00,long,0.53489,77.55,0.6,68191.09,474.132857,med_med_flat,True,True,False,False,False,0.0,0.0,50.0,0.0,0.0,0.0,0.0,0.0,50.0,0.0,0.0,-1,0.0,G2_TRADEABLE,tradeable_buy=False,-1,0.0,0.0,
BTC/USDT,552,2026-04-01 21:00:00,long,0.52,70.51,0.6,68362.53,454.094286,med_med_flat,True,True,False,False,False,0.0,0.0,50.0,0.0,0.0,0.0,0.0,0.0,50.0,0.0,0.0,-1,0.0,G2_TRADEABLE,tradeable_buy=False,-1,0.0,0.0,
BTC/USDT,553,2026-04-01 22:00:00,long,0.53038,78.8,0.6,68122.99,441.952143,med_med_flat,True,True,False,False,False,0.0,0.0,50.0,0.0,0.0,0.0,0.0,0.0,50.0,0.0,0.0,-1,0.0,G2_TRADEABLE,tradeable_buy=False,-1,0.0,0.0,
BTC/USDT,554,2026-04-01 23:00:00,long,0.51774,80.29,0.6,68113.92,435.493571,med_med_flat,True,True,False,False,False,0.0,0.0,50.0,0.0,0.0,0.0,0.0,0.0,50.0,0.0,0.0,-1,0.0,G2_TRADEABLE,tradeable_buy=False,-1,0.0,0.0,
BTC/USDT,555,2026-04-02 00:00:00,long,0.5221,75.89,0.6,68600.29,460.365,med_med_flat,True,True,False,False,False,0.0,0.0,50.0,0.0,0.0,0.0,0.0,0.0,50.0,0.0,0.0,-1,0.0,G2_TRADEABLE,tradeable_buy=False,-1,0.0,0.0,
BTC/USDT,556,2026-04-02 01:00:00,long,0.54505,100.0,0.6,67359.27,554.594286,med_high_flat,,,True,False,False,0.0,0.0,50.0,0.0,0.0,0.0,0.0,0.0,50.0,0.0,0.0,-1,0.0,G1_REGIME,regime='med_high_flat' skipped=True reg_empty=False,-1,0.0,0.0,
BTC/USDT,557,2026-04-02 02:00:00,long,0.54827,86.56,0.6,66852.99,568.660714,med_high_down,,,True,False,False,0.0,0.0,50.0,0.0,0.0,0.0,0.0,0.0,50.0,0.0,0.0,-1,0.0,G1_REGIME,regime='med_high_down' skipped=True reg_empty=False,-1,0.0,0.0,
BTC/USDT,558,2026-04-02 03:00:00,long,0.55361,82.5,0.6,66576.25,547.740714,med_high_down,,,True,False,False,0.0,0.0,50.0,0.0,0.0,0.0,0.0,0.0,50.0,0.0,0.0,-1,0.0,G1_REGIME,regime='med_high_down' skipped=True reg_empty=False,-1,0.0,0.0,
BTC/USDT,559,2026-04-02 04:00:00,long,0.56179,84.03,0.6,66330.27,533.94,med_high_down,,,True,False,False,0.0,0.0,50.0,0.0,0.0,0.0,0.0,0.0,50.0,0.0,0.0,-1,0.0,G1_REGIME,regime='med_high_down' skipped=True reg_empty=False,-1,0.0,0.0,
BTC/USDT,560,2026-04-02 05:00:00,long,0.5637,86.12,0.6,66591.54,521.144286,med_high_down,,,True,False,False,0.0,0.0,50.0,0.0,0.0,0.0,0.0,0.0,50.0,0.0,0.0,-1,0.0,G1_REGIME,regime='med_high_down' skipped=True reg_empty=False,-1,0.0,0.0,
BTC/USDT,561,2026-04-02 06:00:00,long,0.52981,79.98,0.6,66681.49,513.99,med_med_down,False,True,False,False,False,0.0,0.0,50.0,0.0,0.0,0.0,0.0,0.0,50.0,0.0,0.0,-1,0.0,G2_TRADEABLE,tradeable_buy=False,-1,0.0,0.0,
BTC/USDT,562,2026-04-02 07:00:00,long,0.53953,82.42,0.6,66930.79,476.799286,med_med_down,False,True,False,False,False,0.0,0.0,50.0,0.0,0.0,0.0,0.0,0.0,50.0,0.0,0.0,-1,0.0,G2_TRADEABLE,tradeable_buy=False,-1,0.0,0.0,
BTC/USDT,563,2026-04-02 08:00:00,long,0.53779,83.24,0.6,66439.12,502.496429,med_med_down,False,True,False,False,False,0.0,0.0,50.0,0.0,0.0,0.0,0.0,0.0,50.0,0.0,0.0,-1,0.0,G2_TRADEABLE,tradeable_buy=False,-1,0.0,0.0,
BTC/USDT,564,2026-04-02 09:00:00,long,0.52879,80.42,0.6,66469.6,499.941429,med_med_down,False,True,False,False,False,0.0,0.0,50.0,0.0,0.0,0.0,0.0,0.0,50.0,0.0,0.0,-1,0.0,G2_TRADEABLE,tradeable_buy=False,-1,0.0,0.0,
BTC/USDT,565,2026-04-02 10:00:00,long,0.52362,79.45,0.6,66457.28,499.778571,med_med_down,False,True,False,False,False,0.0,0.0,50.0,0.0,0.0,0.0,0.0,0.0,50.0,0.0,0.0,-1,0.0,G2_TRADEABLE,tradeable_buy=False,-1,0.0,0.0,
BTC/USDT,566,2026-04-02 11:00:00,long,0.5371,87.84,0.6,66220.28,498.815714,med_med_down,False,True,False,False,False,0.0,0.0,50.0,0.0,0.0,0.0,0.0,0.0,50.0,0.0,0.0,-1,0.0,G2_TRADEABLE,tradeable_buy=False,-1,0.0,0.0,
BTC/USDT,567,2026-04-02 12:00:00,long,0.54458,86.42,0.6,66052.71,498.437143,med_med_down,False,True,False,False,False,0.0,0.0,50.0,0.0,0.0,0.0,0.0,0.0,50.0,0.0,0.0,-1,0.0,G2_TRADEABLE,tradeable_buy=False,-1,0.0,0.0,
BTC/USDT,568,2026-04-02 13:00:00,long,0.52785,89.55,0.6,66270.87,521.335714,med_high_down,,,True,False,False,0.0,0.0,50.0,0.0,0.0,0.0,0.0,0.0,50.0,0.0,0.0,-1,0.0,G1_REGIME,regime='med_high_down' skipped=True reg_empty=False,-1,0.0,0.0,
BTC/USDT,569,2026-04-02 14:00:00,long,0.52239,96.42,0.6,66868.18,545.150714,med_high_down,,,True,False,False,0.0,0.0,50.0,0.0,0.0,0.0,0.0,0.0,50.0,0.0,0.0,-1,0.0,G1_REGIME,regime='med_high_down' skipped=True reg_empty=False,-1,0.0,0.0,
BTC/USDT,570,2026-04-02 15:00:00,short,0.50454,80.47,0.6,66852.91,459.343571,med_med_down,False,True,False,False,False,0.0,0.0,50.0,0.0,0.0,0.0,0.0,0.0,50.0,0.0,0.0,-1,0.0,G2_TRADEABLE,tradeable_sell=False,-1,0.0,0.0,
BTC/USDT,571,2026-04-02 16:00:00,short,0.52184,76.7,0.6,67095.85,445.492857,med_med_down,False,True,False,False,False,0.0,0.0,50.0,0.0,0.0,0.0,0.0,0.0,50.0,0.0,0.0,-1,0.0,G2_TRADEABLE,tradeable_sell=False,-1,0.0,0.0,
BTC/USDT,572,2026-04-02 17:00:00,long,0.50195,93.57,0.6,66679.16,466.549286,med_med_down,False,True,False,False,False,0.0,0.0,50.0,0.0,0.0,0.0,0.0,0.0,50.0,0.0,0.0,-1,0.0,G2_TRADEABLE,tradeable_buy=False,-1,0.0,0.0,
BTC/USDT,573,2026-04-02 18:00:00,short,0.50045,75.39,0.6,66981.99,468.703571,med_med_down,False,True,False,False,False,0.0,0.0,50.0,0.0,0.0,0.0,0.0,0.0,50.0,0.0,0.0,-1,0.0,G2_TRADEABLE,tradeable_sell=False,-1,0.0,0.0,
BTC/USDT,574,2026-04-02 19:00:00,short,0.50275,70.78,0.6,66975.99,459.715714,med_med_down,False,True,False,False,False,0.0,0.0,50.0,0.0,0.0,0.0,0.0,0.0,50.0,0.0,0.0,-1,0.0,G2_TRADEABLE,tradeable_sell=False,-1,0.0,0.0,
BTC/USDT,575,2026-04-02 20:00:00,short,0.50364,69.87,0.6,66939.25,461.537143,med_med_down,False,True,False,False,False,0.0,0.0,50.0,0.0,0.0,0.0,0.0,0.0,50.0,0.0,0.0,-1,0.0,G2_TRADEABLE,tradeable_sell=False,-1,0.0,0.0,
BTC/USDT,576,2026-04-02 21:00:00,short,0.51522,71.15,0.6,66935.93,452.757143,med_med_down,False,True,False,False,False,0.0,0.0,50.0,0.0,0.0,0.0,0.0,0.0,50.0,0.0,0.0,-1,0.0,G2_TRADEABLE,tradeable_sell=False,-1,0.0,0.0,
BTC/USDT,577,2026-04-02 22:00:00,short,0.52343,69.75,0.6,66982.48,414.262857,med_med_down,False,True,False,False,False,0.0,0.0,50.0,0.0,0.0,0.0,0.0,0.0,50.0,0.0,0.0,-1,0.0,G2_TRADEABLE,tradeable_sell=False,-1,0.0,0.0,
BTC/USDT,578,2026-04-02 23:00:00,short,0.51385,71.54,0.6,66901.99,415.530714,med_med_down,False,True,False,False,False,0.0,0.0,50.0,0.0,0.0,0.0,0.0,0.0,50.0,0.0,0.0,-1,0.0,G2_TRADEABLE,tradeable_sell=False,-1,0.0,0.0,
BTC/USDT,579,2026-04-03 00:00:00,short,0.52639,72.27,0.6,66785.86,416.597143,med_med_down,False,True,False,False,False,0.0,0.0,50.0,0.0,0.0,0.0,0.0,0.0,50.0,0.0,0.0,-1,0.0,G2_TRADEABLE,tradeable_sell=False,-1,0.0,0.0,
BTC/USDT,580,2026-04-03 01:00:00,short,0.54428,46.89,0.6,66630.0,421.793571,med_med_down,False,True,False,False,False,0.0,0.0,50.0,0.0,0.0,0.0,0.0,0.0,50.0,0.0,0.0,-1,0.0,G2_TRADEABLE,tradeable_sell=False,-1,0.0,0.0,
BTC/USDT,581,2026-04-03 02:00:00,short,0.53367,59.89,0.6,66533.81,434.773571,med_med_flat,True,True,False,False,False,0.0,0.0,50.0,0.0,0.0,0.0,0.0,0.0,50.0,0.0,0.0,-1,0.0,G2_TRADEABLE,tradeable_sell=False,-1,0.0,0.0,
BTC/USDT,582,2026-04-03 03:00:00,short,0.52969,58.22,0.6,66579.97,410.115714,med_med_flat,True,True,False,False,False,0.0,0.0,50.0,0.0,0.0,0.0,0.0,0.0,50.0,0.0,0.0,-1,0.0,G2_TRADEABLE,tradeable_sell=False,-1,0.0,0.0,
BTC/USDT,583,2026-04-03 04:00:00,short,0.53142,60.91,0.6,66602.66,357.484286,med_med_flat,True,True,False,False,False,0.0,0.0,50.0,0.0,0.0,0.0,0.0,0.0,50.0,0.0,0.0,-1,0.0,G2_TRADEABLE,tradeable_sell=False,-1,0.0,0.0,
BTC/USDT,584,2026-04-03 05:00:00,short,0.54541,63.26,0.6,66600.35,360.603571,med_med_flat,True,True,False,False,False,0.0,0.0,50.0,0.0,0.0,0.0,0.0,0.0,50.0,0.0,0.0,-1,0.0,G2_TRADEABLE,tradeable_sell=False,-1,0.0,0.0,
BTC/USDT,585,2026-04-03 06:00:00,short,0.5351,65.11,0.6,66796.79,339.212143,med_low_flat,False,True,False,False,False,0.0,0.0,50.0,0.0,0.0,0.0,0.0,0.0,50.0,0.0,0.0,-1,0.0,G2_TRADEABLE,tradeable_sell=False,-1,0.0,0.0,
BTC/USDT,586,2026-04-03 07:00:00,short,0.54175,68.05,0.6,67042.08,319.572857,med_low_flat,False,True,False,False,False,0.0,0.0,50.0,0.0,0.0,0.0,0.0,0.0,50.0,0.0,0.0,-1,0.0,G2_TRADEABLE,tradeable_sell=False,-1,0.0,0.0,
BTC/USDT,587,2026-04-03 08:00:00,short,0.53775,67.55,0.6,66965.39,313.779286,med_low_up,False,True,False,False,False,0.0,0.0,50.0,0.0,0.0,0.0,0.0,0.0,50.0,0.0,0.0,-1,0.0,G2_TRADEABLE,tradeable_sell=False,-1,0.0,0.0,
BTC/USDT,588,2026-04-03 09:00:00,short,0.52699,62.96,0.6,66859.58,315.742857,med_low_up,False,True,False,False,False,0.0,0.0,50.0,0.0,0.0,0.0,0.0,0.0,50.0,0.0,0.0,-1,0.0,G2_TRADEABLE,tradeable_sell=False,-1,0.0,0.0,
BTC/USDT,589,2026-04-03 10:00:00,short,0.53656,60.07,0.6,66883.08,310.189286,med_low_up,False,True,False,False,False,0.0,0.0,50.0,0.0,0.0,0.0,0.0,0.0,50.0,0.0,0.0,-1,0.0,G2_TRADEABLE,tradeable_sell=False,-1,0.0,0.0,
BTC/USDT,590,2026-04-03 11:00:00,short,0.53115,59.2,0.6,67017.44,306.848571,med_low_up,False,True,False,False,False,0.0,0.0,50.0,0.0,0.0,0.0,0.0,0.0,50.0,0.0,0.0,-1,0.0,G2_TRADEABLE,tradeable_sell=False,-1,0.0,0.0,
BTC/USDT,591,2026-04-03 12:00:00,short,0.5289,74.41,0.6,66722.16,343.433571,med_low_up,False,True,False,False,False,0.0,0.0,50.0,0.0,0.0,0.0,0.0,0.0,50.0,0.0,0.0,-1,0.0,G2_TRADEABLE,tradeable_sell=False,-1,0.0,0.0,
BTC/USDT,592,2026-04-03 13:00:00,short,0.53966,61.44,0.6,66672.0,342.457857,med_low_up,False,True,False,False,False,0.0,0.0,50.0,0.0,0.0,0.0,0.0,0.0,50.0,0.0,0.0,-1,0.0,G2_TRADEABLE,tradeable_sell=False,-1,0.0,0.0,
BTC/USDT,593,2026-04-03 14:00:00,short,0.54336,56.84,0.6,66929.81,346.702143,low_low_flat,False,False,False,False,False,0.0,0.0,50.0,0.0,0.0,0.0,0.0,0.0,50.0,0.0,0.0,-1,0.0,G2_TRADEABLE,tradeable_sell=False,-1,0.0,0.0,
BTC/USDT,594,2026-04-03 15:00:00,short,0.55559,57.79,0.6,66827.15,331.227857,low_low_flat,False,False,False,False,False,0.0,0.0,50.0,0.0,0.0,0.0,0.0,0.0,50.0,0.0,0.0,-1,0.0,G2_TRADEABLE,tradeable_sell=False,-1,0.0,0.0,
BTC/USDT,595,2026-04-03 16:00:00,short,0.54742,50.57,0.6,67010.46,315.034286,low_low_flat,False,False,False,False,False,0.0,0.0,50.0,0.0,0.0,0.0,0.0,0.0,50.0,0.0,0.0,-1,0.0,G2_TRADEABLE,tradeable_sell=False,-1,0.0,0.0,
BTC/USDT,596,2026-04-03 17:00:00,short,0.54489,53.99,0.6,66855.01,321.224286,low_low_flat,False,False,False,False,False,0.0,0.0,50.0,0.0,0.0,0.0,0.0,0.0,50.0,0.0,0.0,-1,0.0,G2_TRADEABLE,tradeable_sell=False,-1,0.0,0.0,
BTC/USDT,597,2026-04-03 18:00:00,short,0.54085,50.68,0.6,66812.03,317.219286,low_low_flat,False,False,False,False,False,0.0,0.0,50.0,0.0,0.0,0.0,0.0,0.0,50.0,0.0,0.0,-1,0.0,G2_TRADEABLE,tradeable_sell=False,-1,0.0,0.0,
BTC/USDT,598,2026-04-03 19:00:00,short,0.53465,71.87,0.6,66885.74,299.03,low_low_flat,False,False,False,False,False,0.0,0.0,50.0,0.0,0.0,0.0,0.0,0.0,50.0,0.0,0.0,-1,0.0,G2_TRADEABLE,tradeable_sell=False,-1,0.0,0.0,
BTC/USDT,599,2026-04-03 20:00:00,short,0.53014,69.37,0.6,66831.98,288.058571,low_low_flat,False,False,False,False,False,0.0,0.0,50.0,0.0,0.0,0.0,0.0,0.0,50.0,0.0,0.0,-1,0.0,G2_TRADEABLE,tradeable_sell=False,-1,0.0,0.0,
BTC/USDT,600,2026-04-03 21:00:00,short,0.53147,73.06,0.6,66964.21,263.287143,low_low_flat,False,False,False,False,False,0.0,0.0,50.0,0.0,0.0,0.0,0.0,0.0,50.0,0.0,0.0,-1,0.0,G2_TRADEABLE,tradeable_sell=False,-1,0.0,0.0,
BTC/USDT,601,2026-04-03 22:00:00,short,0.52921,73.45,0.6,66888.76,244.713571,low_low_flat,False,False,False,False,False,0.0,0.0,50.0,0.0,0.0,0.0,0.0,0.0,50.0,0.0,0.0,-1,0.0,G2_TRADEABLE,tradeable_sell=False,-1,0.0,0.0,
BTC/USDT,602,2026-04-03 23:00:00,short,0.53145,74.34,0.6,66964.3,236.112857,low_low_flat,False,False,False,False,False,0.0,0.0,50.0,0.0,0.0,0.0,0.0,0.0,50.0,0.0,0.0,-1,0.0,G2_TRADEABLE,tradeable_sell=False,-1,0.0,0.0,
BTC/USDT,603,2026-04-04 00:00:00,short,0.53602,68.58,0.6,66893.39,226.636429,low_low_flat,False,False,False,False,False,0.0,0.0,50.0,0.0,0.0,0.0,0.0,0.0,50.0,0.0,0.0,-1,0.0,G2_TRADEABLE,tradeable_sell=False,-1,0.0,0.0,
BTC/USDT,604,2026-04-04 01:00:00,short,0.55101,77.67,0.6,66852.0,216.852143,low_low_flat,False,False,False,False,False,0.0,0.0,50.0,0.0,0.0,0.0,0.0,0.0,50.0,0.0,0.0,-1,0.0,G2_TRADEABLE,tradeable_sell=False,-1,0.0,0.0,
BTC/USDT,605,2026-04-04 02:00:00,short,0.54698,70.65,0.6,66844.83,172.662857,low_low_flat,False,False,False,False,False,0.0,0.0,50.0,0.0,0.0,0.0,0.0,0.0,50.0,0.0,0.0,-1,0.0,G2_TRADEABLE,tradeable_sell=False,-1,0.0,0.0,
BTC/USDT,606,2026-04-04 03:00:00,short,0.53898,71.97,0.6,66832.18,162.125,low_low_flat,False,False,False,False,False,0.0,0.0,50.0,0.0,0.0,0.0,0.0,0.0,50.0,0.0,0.0,-1,0.0,G2_TRADEABLE,tradeable_sell=False,-1,0.0,0.0,
BTC/USDT,607,2026-04-04 04:00:00,short,0.54963,74.56,0.6,66860.73,143.826429,low_low_flat,False,False,False,False,False,0.0,0.0,50.0,0.0,0.0,0.0,0.0,0.0,50.0,0.0,0.0,-1,0.0,G2_TRADEABLE,tradeable_sell=False,-1,0.0,0.0,
BTC/USDT,608,2026-04-04 05:00:00,short,0.53816,81.66,0.6,66916.29,135.791429,low_low_flat,False,False,False,False,False,0.0,0.0,50.0,0.0,0.0,0.0,0.0,0.0,50.0,0.0,0.0,-1,0.0,G2_TRADEABLE,tradeable_sell=False,-1,0.0,0.0,
BTC/USDT,609,2026-04-04 06:00:00,short,0.54558,69.58,0.6,67013.24,128.425714,low_low_flat,False,False,False,False,False,0.0,0.0,50.0,0.0,0.0,0.0,0.0,0.0,50.0,0.0,0.0,-1,0.0,G2_TRADEABLE,tradeable_sell=False,-1,0.0,0.0,
BTC/USDT,610,2026-04-04 07:00:00,short,0.54697,79.5,0.6,67014.96,113.747857,low_low_flat,False,False,False,False,False,0.0,0.0,50.0,0.0,0.0,0.0,0.0,0.0,50.0,0.0,0.0,-1,0.0,G2_TRADEABLE,tradeable_sell=False,-1,0.0,0.0,
BTC/USDT,611,2026-04-04 08:00:00,short,0.53149,74.29,0.6,66940.0,113.429286,low_low_flat,False,False,False,False,False,0.0,0.0,50.0,0.0,0.0,0.0,0.0,0.0,50.0,0.0,0.0,-1,0.0,G2_TRADEABLE,tradeable_sell=False,-1,0.0,0.0,
BTC/USDT,612,2026-04-04 09:00:00,short,0.52811,69.43,0.6,66988.05,109.097143,low_low_flat,False,False,False,False,False,0.0,0.0,50.0,0.0,0.0,0.0,0.0,0.0,50.0,0.0,0.0,-1,0.0,G2_TRADEABLE,tradeable_sell=False,-1,0.0,0.0,
BTC/USDT,613,2026-04-04 10:00:00,short,0.55334,69.17,0.6,67167.0,120.622857,low_low_flat,False,False,False,False,False,0.0,0.0,50.0,0.0,0.0,0.0,0.0,0.0,50.0,0.0,0.0,-1,0.0,G2_TRADEABLE,tradeable_sell=False,-1,0.0,0.0,
BTC/USDT,614,2026-04-04 11:00:00,short,0.542,72.53,0.6,67156.93,121.102143,low_low_flat,False,False,False,False,False,0.0,0.0,50.0,0.0,0.0,0.0,0.0,0.0,50.0,0.0,0.0,-1,0.0,G2_TRADEABLE,tradeable_sell=False,-1,0.0,0.0,
BTC/USDT,615,2026-04-04 12:00:00,short,0.53369,66.18,0.6,67097.87,120.89,low_low_flat,False,False,False,False,False,0.0,0.0,50.0,0.0,0.0,0.0,0.0,0.0,50.0,0.0,0.0,-1,0.0,G2_TRADEABLE,tradeable_sell=False,-1,0.0,0.0,
BTC/USDT,616,2026-04-04 13:00:00,short,0.54214,72.0,0.6,67193.44,124.205714,low_low_up,True,True,False,False,False,0.0,0.0,50.0,0.0,0.0,0.0,0.0,0.0,50.0,0.0,0.0,-1,0.0,G2_TRADEABLE,tradeable_sell=False,-1,0.0,0.0,
BTC/USDT,617,2026-04-04 14:00:00,short,0.55183,72.26,0.6,67215.24,131.552857,low_low_flat,False,False,False,False,False,0.0,0.0,50.0,0.0,0.0,0.0,0.0,0.0,50.0,0.0,0.0,-1,0.0,G2_TRADEABLE,tradeable_sell=False,-1,0.0,0.0,
BTC/USDT,618,2026-04-04 15:00:00,short,0.56196,89.29,0.6,67383.66,152.144286,low_low_up,True,True,False,False,False,0.0,0.0,50.0,0.0,0.0,0.0,0.0,0.0,50.0,0.0,0.0,-1,0.0,G2_TRADEABLE,tradeable_sell=False,-1,0.0,0.0,
BTC/USDT,619,2026-04-04 16:00:00,short,0.56347,70.78,0.6,67366.68,158.171429,low_low_flat,False,False,False,False,False,0.0,0.0,50.0,0.0,0.0,0.0,0.0,0.0,50.0,0.0,0.0,-1,0.0,G2_TRADEABLE,tradeable_sell=False,-1,0.0,0.0,
BTC/USDT,620,2026-04-04 17:00:00,short,0.57124,70.24,0.6,67329.4,161.349286,low_low_up,True,True,False,False,False,0.0,0.0,50.0,0.0,0.0,0.0,0.0,0.0,50.0,0.0,0.0,-1,0.0,G2_TRADEABLE,tradeable_sell=False,-1,0.0,0.0,
BTC/USDT,621,2026-04-04 18:00:00,short,0.56064,67.11,0.6,67295.47,162.461429,low_low_up,True,True,False,False,False,0.0,0.0,50.0,0.0,0.0,0.0,0.0,0.0,50.0,0.0,0.0,-1,0.0,G2_TRADEABLE,tradeable_sell=False,-1,0.0,0.0,
BTC/USDT,622,2026-04-04 19:00:00,short,0.55444,69.54,0.6,67288.42,175.034286,low_low_up,True,True,False,False,False,0.0,0.0,50.0,0.0,0.0,0.0,0.0,0.0,50.0,0.0,0.0,-1,0.0,G2_TRADEABLE,tradeable_sell=False,-1,0.0,0.0,
BTC/USDT,623,2026-04-04 20:00:00,short,0.55405,69.48,0.6,67268.4,172.923571,low_low_up,True,True,False,False,False,0.0,0.0,50.0,0.0,0.0,0.0,0.0,0.0,50.0,0.0,0.0,-1,0.0,G2_TRADEABLE,tradeable_sell=False,-1,0.0,0.0,
BTC/USDT,624,2026-04-04 21:00:00,short,0.55227,69.97,0.6,67359.2,185.772857,low_low_up,True,True,False,False,False,0.0,0.0,50.0,0.0,0.0,0.0,0.0,0.0,50.0,0.0,0.0,-1,0.0,G2_TRADEABLE,tradeable_sell=False,-1,0.0,0.0,
BTC/USDT,625,2026-04-04 22:00:00,short,0.55768,71.47,0.6,67399.92,185.081429,low_low_up,True,True,False,False,False,0.0,0.0,50.0,0.0,0.0,0.0,0.0,0.0,50.0,0.0,0.0,-1,0.0,G2_TRADEABLE,tradeable_sell=False,-1,0.0,0.0,
BTC/USDT,626,2026-04-04 23:00:00,short,0.53882,75.37,0.6,67300.42,189.520714,low_low_flat,False,False,False,False,False,0.0,0.0,50.0,0.0,0.0,0.0,0.0,0.0,50.0,0.0,0.0,-1,0.0,G2_TRADEABLE,tradeable_sell=False,-1,0.0,0.0,
BTC/USDT,627,2026-04-05 00:00:00,short,0.52762,77.67,0.6,67225.0,181.677857,low_low_flat,False,False,False,False,False,0.0,0.0,50.0,0.0,0.0,0.0,0.0,0.0,50.0,0.0,0.0,-1,0.0,G2_TRADEABLE,tradeable_sell=False,-1,0.0,0.0,
BTC/USDT,628,2026-04-05 01:00:00,short,0.50164,79.15,0.6,67085.0,181.728571,low_low_flat,False,False,False,False,False,0.0,0.0,50.0,0.0,0.0,0.0,0.0,0.0,50.0,0.0,0.0,-1,0.0,G2_TRADEABLE,tradeable_sell=False,-1,0.0,0.0,
BTC/USDT,629,2026-04-05 02:00:00,short,0.50428,72.92,0.6,67170.16,188.497143,low_low_flat,False,False,False,False,False,0.0,0.0,50.0,0.0,0.0,0.0,0.0,0.0,50.0,0.0,0.0,-1,0.0,G2_TRADEABLE,tradeable_sell=False,-1,0.0,0.0,
BTC/USDT,630,2026-04-05 03:00:00,short,0.50019,72.63,0.6,67145.98,182.366429,low_low_flat,False,False,False,False,False,0.0,0.0,50.0,0.0,0.0,0.0,0.0,0.0,50.0,0.0,0.0,-1,0.0,G2_TRADEABLE,tradeable_sell=False,-1,0.0,0.0,
BTC/USDT,631,2026-04-05 04:00:00,short,0.5077,71.17,0.6,67101.65,176.688571,low_low_flat,False,False,False,False,False,0.0,0.0,50.0,0.0,0.0,0.0,0.0,0.0,50.0,0.0,0.0,-1,0.0,G2_TRADEABLE,tradeable_sell=False,-1,0.0,0.0,
BTC/USDT,632,2026-04-05 05:00:00,short,0.50237,77.9,0.6,66931.65,168.22,low_low_flat,False,False,False,False,False,0.0,0.0,50.0,0.0,0.0,0.0,0.0,0.0,50.0,0.0,0.0,-1,0.0,G2_TRADEABLE,tradeable_sell=False,-1,0.0,0.0,
BTC/USDT,633,2026-04-05 06:00:00,long,0.52733,89.69,0.6,66802.24,178.116429,low_low_flat,False,False,False,False,False,0.0,0.0,50.0,0.0,0.0,0.0,0.0,0.0,50.0,0.0,0.0,-1,0.0,G2_TRADEABLE,tradeable_buy=False,-1,0.0,0.0,
BTC/USDT,634,2026-04-05 07:00:00,long,0.50483,88.91,0.6,66820.64,183.442857,low_low_flat,False,False,False,False,False,0.0,0.0,50.0,0.0,0.0,0.0,0.0,0.0,50.0,0.0,0.0,-1,0.0,G2_TRADEABLE,tradeable_buy=False,-1,0.0,0.0,
BTC/USDT,635,2026-04-05 08:00:00,long,0.52574,69.44,0.6,66933.18,183.771429,low_low_flat,False,False,False,False,False,0.0,0.0,50.0,0.0,0.0,0.0,0.0,0.0,50.0,0.0,0.0,-1,0.0,G2_TRADEABLE,tradeable_buy=False,-1,0.0,0.0,
BTC/USDT,636,2026-04-05 09:00:00,long,0.52588,71.89,0.6,67035.15,175.049286,low_low_flat,False,False,False,False,False,0.0,0.0,50.0,0.0,0.0,0.0,0.0,0.0,50.0,0.0,0.0,-1,0.0,G2_TRADEABLE,tradeable_buy=False,-1,0.0,0.0,
BTC/USDT,637,2026-04-05 10:00:00,long,0.50167,71.83,0.6,67046.01,180.225,low_low_flat,False,False,False,False,False,0.0,0.0,50.0,0.0,0.0,0.0,0.0,0.0,50.0,0.0,0.0,-1,0.0,G2_TRADEABLE,tradeable_buy=False,-1,0.0,0.0,
BTC/USDT,638,2026-04-05 11:00:00,long,0.50188,69.03,0.6,66999.0,167.654286,low_low_flat,False,False,False,False,False,0.0,0.0,50.0,0.0,0.0,0.0,0.0,0.0,50.0,0.0,0.0,-1,0.0,G2_TRADEABLE,tradeable_buy=False,-1,0.0,0.0,
BTC/USDT,639,2026-04-05 12:00:00,long,0.50178,87.37,0.6,66783.58,181.132143,low_low_flat,False,False,False,False,False,0.0,0.0,50.0,0.0,0.0,0.0,0.0,0.0,50.0,0.0,0.0,-1,0.0,G2_TRADEABLE,tradeable_buy=False,-1,0.0,0.0,
BTC/USDT,640,2026-04-05 13:00:00,long,0.50529,72.72,0.6,66890.7,187.235714,low_low_flat,False,False,False,False,False,0.0,0.0,50.0,0.0,0.0,0.0,0.0,0.0,50.0,0.0,0.0,-1,0.0,G2_TRADEABLE,tradeable_buy=False,-1,0.0,0.0,
BTC/USDT,641,2026-04-05 14:00:00,short,0.50169,79.3,0.6,66918.03,187.536429,low_low_flat,False,False,False,False,False,0.0,0.0,50.0,0.0,0.0,0.0,0.0,0.0,50.0,0.0,0.0,-1,0.0,G2_TRADEABLE,tradeable_sell=False,-1,0.0,0.0,
BTC/USDT,642,2026-04-05 15:00:00,short,0.57168,95.36,0.6,67306.64,250.189286,low_low_flat,False,False,False,False,False,0.0,0.0,50.0,0.0,0.0,0.0,0.0,0.0,50.0,0.0,0.0,-1,0.0,G2_TRADEABLE,tradeable_sell=False,-1,0.0,0.0,
BTC/USDT,643,2026-04-05 16:00:00,short,0.57644,76.71,0.6,67212.62,251.432143,low_low_flat,False,False,False,False,False,0.0,0.0,50.0,0.0,0.0,0.0,0.0,0.0,50.0,0.0,0.0,-1,0.0,G2_TRADEABLE,tradeable_sell=False,-1,0.0,0.0,
BTC/USDT,644,2026-04-05 17:00:00,short,0.5573,68.8,0.6,67373.64,259.667143,low_low_flat,False,False,False,False,False,0.0,0.0,50.0,0.0,0.0,0.0,0.0,0.0,50.0,0.0,0.0,-1,0.0,G2_TRADEABLE,tradeable_sell=False,-1,0.0,0.0,
BTC/USDT,645,2026-04-05 18:00:00,short,0.55618,69.38,0.6,67413.78,263.627857,low_low_flat,False,False,False,False,False,0.0,0.0,50.0,0.0,0.0,0.0,0.0,0.0,50.0,0.0,0.0,-1,0.0,G2_TRADEABLE,tradeable_sell=False,-1,0.0,0.0,
BTC/USDT,646,2026-04-05 19:00:00,short,0.54455,70.83,0.6,67361.01,264.827857,low_low_flat,False,False,False,False,False,0.0,0.0,50.0,0.0,0.0,0.0,0.0,0.0,50.0,0.0,0.0,-1,0.0,G2_TRADEABLE,tradeable_sell=False,-1,0.0,0.0,
BTC/USDT,647,2026-04-05 20:00:00,short,0.54094,79.79,0.6,67658.35,268.023571,low_low_up,True,True,False,False,False,0.0,0.0,50.0,0.0,0.0,0.0,0.0,0.0,50.0,0.0,0.0,-1,0.0,G2_TRADEABLE,tradeable_sell=False,-1,0.0,0.0,
BTC/USDT,648,2026-04-05 21:00:00,short,0.55417,72.75,0.6,67553.43,273.402143,low_low_flat,False,False,False,False,False,0.0,0.0,50.0,0.0,0.0,0.0,0.0,0.0,50.0,0.0,0.0,-1,0.0,G2_TRADEABLE,tradeable_sell=False,-1,0.0,0.0,
BTC/USDT,649,2026-04-05 22:00:00,short,0.51164,99.76,0.6,68338.43,338.196429,low_low_up,True,True,False,False,False,0.0,0.0,50.0,0.0,0.0,0.0,0.0,0.0,50.0,0.0,0.0,-1,0.0,G2_TRADEABLE,tradeable_sell=False,-1,0.0,0.0,
BTC/USDT,650,2026-04-05 23:00:00,long,0.50783,85.04,0.6,69034.18,389.880714,low_med_up,False,False,False,False,False,0.0,0.0,50.0,0.0,0.0,0.0,0.0,0.0,50.0,0.0,0.0,-1,0.0,G2_TRADEABLE,tradeable_buy=False,-1,0.0,0.0,
BTC/USDT,651,2026-04-06 00:00:00,short,0.51314,100.0,0.6,69083.78,416.464286,low_med_up,False,False,False,False,False,0.0,0.0,50.0,0.0,0.0,0.0,0.0,0.0,50.0,0.0,0.0,-1,0.0,G2_TRADEABLE,tradeable_sell=False,-1,0.0,0.0,
BTC/USDT,652,2026-04-06 01:00:00,short,0.50362,84.95,0.6,68810.18,433.532143,low_med_up,False,False,False,False,False,0.0,0.0,50.0,0.0,0.0,0.0,0.0,0.0,50.0,0.0,0.0,-1,0.0,G2_TRADEABLE,tradeable_sell=False,-1,0.0,0.0,
BTC/USDT,653,2026-04-06 02:00:00,short,0.51217,83.52,0.6,69207.99,455.914286,low_med_up,False,False,False,False,False,0.0,0.0,50.0,0.0,0.0,0.0,0.0,0.0,50.0,0.0,0.0,-1,0.0,G2_TRADEABLE,tradeable_sell=False,-1,0.0,0.0,
BTC/USDT,654,2026-04-06 03:00:00,short,0.53312,82.47,0.6,69123.69,454.348571,low_med_up,False,False,False,False,False,0.0,0.0,50.0,0.0,0.0,0.0,0.0,0.0,50.0,0.0,0.0,-1,0.0,G2_TRADEABLE,tradeable_sell=False,-1,0.0,0.0,
BTC/USDT,655,2026-04-06 04:00:00,short,0.52209,81.55,0.6,69141.8,461.056429,med_med_up,False,True,False,False,False,0.0,0.0,50.0,0.0,0.0,0.0,0.0,0.0,50.0,0.0,0.0,-1,0.0,G2_TRADEABLE,tradeable_sell=False,-1,0.0,0.0,
BTC/USDT,656,2026-04-06 05:00:00,short,0.51891,81.07,0.6,69199.31,399.189286,med_med_up,False,True,False,False,False,0.0,0.0,50.0,0.0,0.0,0.0,0.0,0.0,50.0,0.0,0.0,-1,0.0,G2_TRADEABLE,tradeable_sell=False,-1,0.0,0.0,
BTC/USDT,657,2026-04-06 06:00:00,short,0.50549,83.34,0.6,68976.67,421.412857,med_med_up,False,True,False,False,False,0.0,0.0,50.0,0.0,0.0,0.0,0.0,0.0,50.0,0.0,0.0,-1,0.0,G2_TRADEABLE,tradeable_sell=False,-1,0.0,0.0,
BTC/USDT,658,2026-04-06 07:00:00,short,0.51769,81.43,0.6,69115.91,434.287857,med_med_up,False,True,False,False,False,0.0,0.0,50.0,0.0,0.0,0.0,0.0,0.0,50.0,0.0,0.0,-1,0.0,G2_TRADEABLE,tradeable_sell=False,-1,0.0,0.0,
BTC/USDT,659,2026-04-06 08:00:00,short,0.5071,79.42,0.6,69224.63,441.114286,med_med_up,False,True,False,False,False,0.0,0.0,50.0,0.0,0.0,0.0,0.0,0.0,50.0,0.0,0.0,-1,0.0,G2_TRADEABLE,tradeable_sell=False,-1,0.0,0.0,
BTC/USDT,660,2026-04-06 09:00:00,short,0.53008,100.0,0.6,69728.0,497.191429,med_med_up,False,True,False,False,False,0.0,0.0,50.0,0.0,0.0,0.0,0.0,0.0,50.0,0.0,0.0,-1,0.0,G2_TRADEABLE,tradeable_sell=False,-1,0.0,0.0,
BTC/USDT,661,2026-04-06 10:00:00,short,0.54288,80.65,0.6,69770.88,487.819286,med_med_up,False,True,False,False,False,0.0,0.0,50.0,0.0,0.0,0.0,0.0,0.0,50.0,0.0,0.0,-1,0.0,G2_TRADEABLE,tradeable_sell=False,-1,0.0,0.0,
BTC/USDT,662,2026-04-06 11:00:00,short,0.55348,81.26,0.6,69614.91,482.933571,med_med_up,False,True,False,False,False,0.0,0.0,50.0,0.0,0.0,0.0,0.0,0.0,50.0,0.0,0.0,-1,0.0,G2_TRADEABLE,tradeable_sell=False,-1,0.0,0.0,
BTC/USDT,663,2026-04-06 12:00:00,short,0.54091,82.2,0.6,69366.75,431.429286,med_med_up,False,True,False,False,False,0.0,0.0,50.0,0.0,0.0,0.0,0.0,0.0,50.0,0.0,0.0,-1,0.0,G2_TRADEABLE,tradeable_sell=False,-1,0.0,0.0,
BTC/USDT,664,2026-04-06 13:00:00,short,0.54779,81.79,0.6,69428.23,391.775,med_med_up,False,True,False,False,False,0.0,0.0,50.0,0.0,0.0,0.0,0.0,0.0,50.0,0.0,0.0,-1,0.0,G2_TRADEABLE,tradeable_sell=False,-1,0.0,0.0,
BTC/USDT,665,2026-04-06 14:00:00,short,0.51341,85.44,0.6,69654.38,398.368571,med_med_up,False,True,False,False,False,0.0,0.0,50.0,0.0,0.0,0.0,0.0,0.0,50.0,0.0,0.0,-1,0.0,G2_TRADEABLE,tradeable_sell=False,-1,0.0,0.0,
BTC/USDT,666,2026-04-06 15:00:00,short,0.50975,79.84,0.6,69968.87,405.074286,med_med_up,False,True,False,False,False,0.0,0.0,50.0,0.0,0.0,0.0,0.0,0.0,50.0,0.0,0.0,-1,0.0,G2_TRADEABLE,tradeable_sell=False,-1,0.0,0.0,
BTC/USDT,667,2026-04-06 16:00:00,short,0.52166,85.52,0.6,69799.14,400.615,med_med_up,False,True,False,False,False,0.0,0.0,50.0,0.0,0.0,0.0,0.0,0.0,50.0,0.0,0.0,-1,0.0,G2_TRADEABLE,tradeable_sell=False,-1,0.0,0.0,
BTC/USDT,668,2026-04-06 17:00:00,long,0.5183,70.59,0.6,69574.61,424.599286,med_med_up,False,True,False,False,False,0.0,0.0,50.0,0.0,0.0,0.0,0.0,0.0,50.0,0.0,0.0,-1,0.0,G2_TRADEABLE,tradeable_buy=False,-1,0.0,0.0,
BTC/USDT,669,2026-04-06 18:00:00,long,0.50588,68.93,0.6,69888.97,442.525714,med_med_up,False,True,False,False,False,0.0,0.0,50.0,0.0,0.0,0.0,0.0,0.0,50.0,0.0,0.0,-1,0.0,G2_TRADEABLE,tradeable_buy=False,-1,0.0,0.0,
BTC/USDT,670,2026-04-06 19:00:00,short,0.4887,78.99,0.6,69739.53,453.644286,med_med_up,False,True,False,False,False,0.0,0.0,50.0,0.0,0.0,0.0,0.0,0.0,50.0,0.0,0.0,-1,0.0,G2_TRADEABLE,tradeable_sell=False,-1,0.0,0.0,
BTC/USDT,671,2026-04-06 20:00:00,short,0.50498,78.03,0.6,69826.01,439.455,med_med_up,False,True,False,False,False,0.0,0.0,50.0,0.0,0.0,0.0,0.0,0.0,50.0,0.0,0.0,-1,0.0,G2_TRADEABLE,tradeable_sell=False,-1,0.0,0.0,
BTC/USDT,672,2026-04-06 21:00:00,long,0.50814,66.28,0.6,69504.99,440.070714,med_med_up,False,True,False,False,False,0.0,0.0,50.0,0.0,0.0,0.0,0.0,0.0,50.0,0.0,0.0,-1,0.0,G2_TRADEABLE,tradeable_buy=False,-1,0.0,0.0,
BTC/USDT,673,2026-04-06 22:00:00,short,0.53485,79.55,0.6,68811.0,476.138571,med_med_up,False,True,False,False,False,0.0,0.0,50.0,0.0,0.0,0.0,0.0,0.0,50.0,0.0,0.0,-1,0.0,G2_TRADEABLE,tradeable_sell=False,-1,0.0,0.0,
BTC/USDT,674,2026-04-06 23:00:00,short,0.517,73.79,0.6,68853.66,443.575,med_med_flat,True,True,False,False,False,0.0,0.0,50.0,0.0,0.0,0.0,0.0,0.0,50.0,0.0,0.0,-1,0.0,G2_TRADEABLE,tradeable_sell=False,-1,0.0,0.0,
BTC/USDT,675,2026-04-07 00:00:00,long,0.50405,84.97,0.6,68775.7,455.183571,med_med_flat,True,True,False,False,False,0.0,0.0,50.0,0.0,0.0,0.0,0.0,0.0,50.0,0.0,0.0,-1,0.0,G2_TRADEABLE,tradeable_buy=False,-1,0.0,0.0,
BTC/USDT,676,2026-04-07 01:00:00,long,0.5317,82.25,0.6,68400.01,479.623571,med_med_flat,True,True,False,False,False,0.0,0.0,50.0,0.0,0.0,0.0,0.0,0.0,50.0,0.0,0.0,-1,0.0,G2_TRADEABLE,tradeable_buy=False,-1,0.0,0.0,
BTC/USDT,677,2026-04-07 02:00:00,short,0.51457,67.51,0.6,68674.0,489.190714,med_med_flat,True,True,False,False,False,0.0,0.0,50.0,0.0,0.0,0.0,0.0,0.0,50.0,0.0,0.0,-1,0.0,G2_TRADEABLE,tradeable_sell=False,-1,0.0,0.0,
BTC/USDT,678,2026-04-07 03:00:00,short,0.51322,67.72,0.6,68779.21,479.222143,med_med_flat,True,True,False,False,False,0.0,0.0,50.0,0.0,0.0,0.0,0.0,0.0,50.0,0.0,0.0,-1,0.0,G2_TRADEABLE,tradeable_sell=False,-1,0.0,0.0,
BTC/USDT,679,2026-04-07 04:00:00,short,0.51504,67.94,0.6,68854.65,464.569286,med_med_flat,True,True,False,False,False,0.0,0.0,50.0,0.0,0.0,0.0,0.0,0.0,50.0,0.0,0.0,-1,0.0,G2_TRADEABLE,tradeable_sell=False,-1,0.0,0.0,
BTC/USDT,680,2026-04-07 05:00:00,long,0.52185,81.16,0.6,68669.0,450.742143,med_med_flat,True,True,False,False,False,0.0,0.0,50.0,0.0,0.0,0.0,0.0,0.0,50.0,0.0,0.0,-1,0.0,G2_TRADEABLE,tradeable_buy=False,-1,0.0,0.0,
BTC/USDT,681,2026-04-07 06:00:00,long,0.50868,79.46,0.6,68568.35,426.217857,med_med_flat,True,True,False,False,False,0.0,0.0,50.0,0.0,0.0,0.0,0.0,0.0,50.0,0.0,0.0,-1,0.0,G2_TRADEABLE,tradeable_buy=False,-1,0.0,0.0,
BTC/USDT,682,2026-04-07 07:00:00,long,0.51057,77.92,0.6,68624.61,402.342143,med_med_flat,True,True,False,False,False,0.0,0.0,50.0,0.0,0.0,0.0,0.0,0.0,50.0,0.0,0.0,-1,0.0,G2_TRADEABLE,tradeable_buy=False,-1,0.0,0.0,
BTC/USDT,683,2026-04-07 08:00:00,long,0.51709,80.96,0.6,68936.71,394.67,med_med_flat,True,True,False,False,False,0.0,0.0,50.0,0.0,0.0,0.0,0.0,0.0,50.0,0.0,0.0,-1,0.0,G2_TRADEABLE,tradeable_buy=False,-1,0.0,0.0,
BTC/USDT,684,2026-04-07 09:00:00,long,0.51956,83.42,0.6,69150.05,394.755714,low_med_flat,False,False,False,False,False,0.0,0.0,50.0,0.0,0.0,0.0,0.0,0.0,50.0,0.0,0.0,-1,0.0,G2_TRADEABLE,tradeable_buy=False,-1,0.0,0.0,
BTC/USDT,685,2026-04-07 10:00:00,long,0.52149,86.84,0.6,68237.93,441.240714,med_med_down,False,True,False,False,False,0.0,0.0,50.0,0.0,0.0,0.0,0.0,0.0,50.0,0.0,0.0,-1,0.0,G2_TRADEABLE,tradeable_buy=False,-1,0.0,0.0,
BTC/USDT,686,2026-04-07 11:00:00,long,0.50847,82.54,0.6,68345.75,439.889286,med_med_down,False,True,False,False,False,0.0,0.0,50.0,0.0,0.0,0.0,0.0,0.0,50.0,0.0,0.0,-1,0.0,G2_TRADEABLE,tradeable_buy=False,-1,0.0,0.0,
BTC/USDT,687,2026-04-07 12:00:00,long,0.50421,86.18,0.6,68392.18,421.904286,med_med_down,False,True,False,False,False,0.0,0.0,50.0,0.0,0.0,0.0,0.0,0.0,50.0,0.0,0.0,-1,0.0,G2_TRADEABLE,tradeable_buy=False,-1,0.0,0.0,
BTC/USDT,688,2026-04-07 13:00:00,long,0.51456,88.02,0.6,68231.99,409.245714,med_med_down,False,True,False,False,False,0.0,0.0,50.0,0.0,0.0,0.0,0.0,0.0,50.0,0.0,0.0,-1,0.0,G2_TRADEABLE,tradeable_buy=False,-1,0.0,0.0,
BTC/USDT,689,2026-04-07 14:00:00,long,0.53654,100.0,0.6,67860.48,415.690714,med_med_down,False,True,False,False,False,0.0,0.0,50.0,0.0,0.0,0.0,0.0,0.0,50.0,0.0,0.0,-1,0.0,G2_TRADEABLE,tradeable_buy=False,-1,0.0,0.0,
BTC/USDT,690,2026-04-07 15:00:00,long,0.53838,91.04,0.6,68168.1,414.867857,med_med_down,False,True,False,False,False,0.0,0.0,50.0,0.0,0.0,0.0,0.0,0.0,50.0,0.0,0.0,-1,0.0,G2_TRADEABLE,tradeable_buy=False,-1,0.0,0.0,
BTC/USDT,691,2026-04-07 16:00:00,long,0.53891,83.94,0.6,68229.99,409.770714,med_med_down,False,True,False,False,False,0.0,0.0,50.0,0.0,0.0,0.0,0.0,0.0,50.0,0.0,0.0,-1,0.0,G2_TRADEABLE,tradeable_buy=False,-1,0.0,0.0,
BTC/USDT,692,2026-04-07 17:00:00,long,0.53076,96.42,0.6,68705.81,454.515714,med_med_down,False,True,False,False,False,0.0,0.0,50.0,0.0,0.0,0.0,0.0,0.0,50.0,0.0,0.0,-1,0.0,G2_TRADEABLE,tradeable_buy=False,-1,0.0,0.0,
BTC/USDT,693,2026-04-07 18:00:00,long,0.5276,83.05,0.6,68442.53,452.669286,med_med_down,False,True,False,False,False,0.0,0.0,50.0,0.0,0.0,0.0,0.0,0.0,50.0,0.0,0.0,-1,0.0,G2_TRADEABLE,tradeable_buy=False,-1,0.0,0.0,
BTC/USDT,694,2026-04-07 19:00:00,long,0.50096,91.39,0.6,69011.29,487.493571,med_med_flat,True,True,False,False,False,0.0,0.0,50.0,0.0,0.0,0.0,0.0,0.0,50.0,0.0,0.0,-1,0.0,G2_TRADEABLE,tradeable_buy=False,-1,0.0,0.0,
BTC/USDT,695,2026-04-07 20:00:00,long,0.50108,58.92,0.6,69319.39,508.776429,med_med_flat,True,True,False,False,False,0.0,0.0,50.0,0.0,0.0,0.0,0.0,0.0,50.0,0.0,0.0,-1,0.0,G2_TRADEABLE,tradeable_buy=False,-1,0.0,0.0,
BTC/USDT,696,2026-04-07 21:00:00,long,0.50361,75.38,0.6,69927.64,558.856429,med_high_up,,,True,False,False,0.0,0.0,50.0,0.0,0.0,0.0,0.0,0.0,50.0,0.0,0.0,-1,0.0,G1_REGIME,regime='med_high_up' skipped=True reg_empty=False,-1,0.0,0.0,
BTC/USDT,697,2026-04-07 22:00:00,short,0.52118,82.07,0.6,71514.09,645.962143,med_high_up,,,True,False,False,0.0,0.0,50.0,0.0,0.0,0.0,0.0,0.0,50.0,0.0,0.0,-1,0.0,G1_REGIME,regime='med_high_up' skipped=True reg_empty=False,-1,0.0,0.0,
BTC/USDT,698,2026-04-07 23:00:00,short,0.51154,100.0,0.6,71924.22,735.122143,high_high_up,False,False,False,False,False,0.0,0.0,50.0,0.0,0.0,0.0,0.0,0.0,50.0,0.0,0.0,-1,0.0,G2_TRADEABLE,tradeable_sell=False,-1,0.0,0.0,
BTC/USDT,699,2026-04-08 00:00:00,short,0.51144,83.47,0.6,71710.19,704.355714,high_high_up,False,False,False,False,False,0.0,0.0,50.0,0.0,0.0,0.0,0.0,0.0,50.0,0.0,0.0,-1,0.0,G2_TRADEABLE,tradeable_sell=False,-1,0.0,0.0,
BTC/USDT,700,2026-04-08 01:00:00,short,0.50942,70.2,0.6,71476.97,698.778571,high_high_up,False,False,False,False,False,0.0,0.0,50.0,0.0,0.0,0.0,0.0,0.0,50.0,0.0,0.0,-1,0.0,G2_TRADEABLE,tradeable_sell=False,-1,0.0,0.0,
BTC/USDT,701,2026-04-08 02:00:00,short,0.52526,74.09,0.6,71364.94,696.413571,high_high_up,False,False,False,False,False,0.0,0.0,50.0,0.0,0.0,0.0,0.0,0.0,50.0,0.0,0.0,-1,0.0,G2_TRADEABLE,tradeable_sell=False,-1,0.0,0.0,
BTC/USDT,702,2026-04-08 03:00:00,short,0.5263,69.8,0.6,71287.39,679.773571,high_high_up,False,False,False,False,False,0.0,0.0,50.0,0.0,0.0,0.0,0.0,0.0,50.0,0.0,0.0,-1,0.0,G2_TRADEABLE,tradeable_sell=False,-1,0.0,0.0,
BTC/USDT,703,2026-04-08 04:00:00,long,0.50519,72.77,0.6,71566.18,672.257143,high_high_up,False,False,False,False,False,0.0,0.0,50.0,0.0,0.0,0.0,0.0,0.0,50.0,0.0,0.0,-1,0.0,G2_TRADEABLE,tradeable_buy=False,-1,0.0,0.0,
BTC/USDT,704,2026-04-08 05:00:00,short,0.51721,80.56,0.6,71731.1,653.329286,high_high_up,False,False,False,False,False,0.0,0.0,50.0,0.0,0.0,0.0,0.0,0.0,50.0,0.0,0.0,-1,0.0,G2_TRADEABLE,tradeable_sell=False,-1,0.0,0.0,
BTC/USDT,705,2026-04-08 06:00:00,short,0.50692,80.56,0.6,71732.69,652.690714,high_high_up,False,False,False,False,False,0.0,0.0,50.0,0.0,0.0,0.0,0.0,0.0,50.0,0.0,0.0,-1,0.0,G2_TRADEABLE,tradeable_sell=False,-1,0.0,0.0,
BTC/USDT,706,2026-04-08 07:00:00,short,0.51876,72.36,0.6,71627.59,618.917857,high_high_up,False,False,False,False,False,0.0,0.0,50.0,0.0,0.0,0.0,0.0,0.0,50.0,0.0,0.0,-1,0.0,G2_TRADEABLE,tradeable_sell=False,-1,0.0,0.0,
BTC/USDT,707,2026-04-08 08:00:00,short,0.50474,77.99,0.6,71800.0,603.8,high_high_up,False,False,False,False,False,0.0,0.0,50.0,0.0,0.0,0.0,0.0,0.0,50.0,0.0,0.0,-1,0.0,G2_TRADEABLE,tradeable_sell=False,-1,0.0,0.0,
BTC/USDT,708,2026-04-08 09:00:00,short,0.51103,68.6,0.6,71678.87,577.079286,high_high_up,False,False,False,False,False,0.0,0.0,50.0,0.0,0.0,0.0,0.0,0.0,50.0,0.0,0.0,-1,0.0,G2_TRADEABLE,tradeable_sell=False,-1,0.0,0.0,
BTC/USDT,709,2026-04-08 10:00:00,short,0.51326,70.19,0.6,71476.98,563.395,high_high_up,False,False,False,False,False,0.0,0.0,50.0,0.0,0.0,0.0,0.0,0.0,50.0,0.0,0.0,-1,0.0,G2_TRADEABLE,tradeable_sell=False,-1,0.0,0.0,
BTC/USDT,710,2026-04-08 11:00:00,short,0.50195,71.34,0.6,71675.12,522.470714,high_med_up,,,True,False,False,0.0,0.0,50.0,0.0,0.0,0.0,0.0,0.0,50.0,0.0,0.0,-1,0.0,G1_REGIME,regime='high_med_up' skipped=True reg_empty=False,-1,0.0,0.0,
BTC/USDT,711,2026-04-08 12:00:00,long,0.50713,74.32,0.6,72071.95,451.02,high_med_up,,,True,False,False,0.0,0.0,50.0,0.0,0.0,0.0,0.0,0.0,50.0,0.0,0.0,-1,0.0,G1_REGIME,regime='high_med_up' skipped=True reg_empty=False,-1,0.0,0.0,
BTC/USDT,712,2026-04-08 13:00:00,long,0.55006,100.0,0.6,71600.01,435.37,high_med_up,,,True,False,False,0.0,0.0,50.0,0.0,0.0,0.0,0.0,0.0,50.0,0.0,0.0,-1,0.0,G1_REGIME,regime='high_med_up' skipped=True reg_empty=False,-1,0.0,0.0,
BTC/USDT,713,2026-04-08 14:00:00,long,0.55523,82.93,0.6,70912.88,469.302143,high_med_up,,,True,False,False,0.0,0.0,50.0,0.0,0.0,0.0,0.0,0.0,50.0,0.0,0.0,-1,0.0,G1_REGIME,regime='high_med_up' skipped=True reg_empty=False,-1,0.0,0.0,
BTC/USDT,714,2026-04-08 15:00:00,long,0.54792,77.46,0.6,71310.0,484.29,high_med_up,,,True,False,False,0.0,0.0,50.0,0.0,0.0,0.0,0.0,0.0,50.0,0.0,0.0,-1,0.0,G1_REGIME,regime='high_med_up' skipped=True reg_empty=False,-1,0.0,0.0,
BTC/USDT,715,2026-04-08 16:00:00,long,0.53823,78.97,0.6,71602.1,481.579286,high_med_up,,,True,False,False,0.0,0.0,50.0,0.0,0.0,0.0,0.0,0.0,50.0,0.0,0.0,-1,0.0,G1_REGIME,regime='high_med_up' skipped=True reg_empty=False,-1,0.0,0.0,
BTC/USDT,716,2026-04-08 17:00:00,long,0.50514,69.18,0.6,71888.19,500.907857,high_med_up,,,True,False,False,0.0,0.0,50.0,0.0,0.0,0.0,0.0,0.0,50.0,0.0,0.0,-1,0.0,G1_REGIME,regime='high_med_up' skipped=True reg_empty=False,-1,0.0,0.0,
BTC/USDT,717,2026-04-08 18:00:00,long,0.52287,74.15,0.6,71099.63,530.45,high_med_up,,,True,False,False,0.0,0.0,50.0,0.0,0.0,0.0,0.0,0.0,50.0,0.0,0.0,-1,0.0,G1_REGIME,regime='high_med_up' skipped=True reg_empty=False,-1,0.0,0.0,
BTC/USDT,718,2026-04-08 19:00:00,long,0.53041,73.32,0.6,71318.48,536.28,high_med_up,,,True,False,False,0.0,0.0,50.0,0.0,0.0,0.0,0.0,0.0,50.0,0.0,0.0,-1,0.0,G1_REGIME,regime='high_med_up' skipped=True reg_empty=False,-1,0.0,0.0,
BTC/USDT,719,2026-04-08 20:00:00,short,0.50285,74.27,0.6,71372.93,525.816429,high_med_up,,,True,False,False,0.0,0.0,50.0,0.0,0.0,0.0,0.0,0.0,50.0,0.0,0.0,-1,0.0,G1_REGIME,regime='high_med_up' skipped=True reg_empty=False,-1,0.0,0.0,
BTC/USDT,720,2026-04-08 21:00:00,short,0.51843,73.43,0.6,71551.39,532.115,high_med_up,,,True,False,False,0.0,0.0,50.0,0.0,0.0,0.0,0.0,0.0,50.0,0.0,0.0,-1,0.0,G1_REGIME,regime='high_med_up' skipped=True reg_empty=False,-1,0.0,0.0,
BTC/USDT,721,2026-04-08 22:00:00,long,0.50439,70.74,0.6,71064.84,553.777143,high_high_flat,False,False,False,False,False,0.0,0.0,50.0,0.0,0.0,0.0,0.0,0.0,50.0,0.0,0.0,-1,0.0,G2_TRADEABLE,tradeable_buy=False,-1,0.0,0.0,
BTC/USDT,722,2026-04-08 23:00:00,short,0.50967,68.4,0.6,71069.93,549.195714,med_med_down,False,True,False,False,False,0.0,0.0,50.0,0.0,0.0,0.0,0.0,0.0,50.0,0.0,0.0,-1,0.0,G2_TRADEABLE,tradeable_sell=False,-1,0.0,0.0,
BTC/USDT,723,2026-04-09 00:00:00,short,0.51836,71.86,0.6,70815.5,560.004286,med_high_down,,,True,False,False,0.0,0.0,50.0,0.0,0.0,0.0,0.0,0.0,50.0,0.0,0.0,-1,0.0,G1_REGIME,regime='med_high_down' skipped=True reg_empty=False,-1,0.0,0.0,
BTC/USDT,724,2026-04-09 01:00:00,short,0.52652,49.54,0.6,70928.89,571.347143,med_high_flat,,,True,False,False,0.0,0.0,50.0,0.0,0.0,0.0,0.0,0.0,50.0,0.0,0.0,-1,0.0,G1_REGIME,regime='med_high_flat' skipped=True reg_empty=False,-1,0.0,0.0,
BTC/USDT,725,2026-04-09 02:00:00,short,0.53256,50.6,0.6,71060.64,555.803571,med_high_flat,,,True,False,False,0.0,0.0,50.0,0.0,0.0,0.0,0.0,0.0,50.0,0.0,0.0,-1,0.0,G1_REGIME,regime='med_high_flat' skipped=True reg_empty=False,-1,0.0,0.0,
BTC/USDT,726,2026-04-09 03:00:00,short,0.52935,52.85,0.6,70992.39,479.502143,med_med_flat,True,True,False,False,False,0.0,0.0,50.0,0.0,0.0,0.0,0.0,0.0,50.0,0.0,0.0,-1,0.0,G2_TRADEABLE,tradeable_sell=False,-1,0.0,0.0,
BTC/USDT,727,2026-04-09 04:00:00,short,0.51838,48.48,0.6,70782.0,424.3,med_med_down,False,True,False,False,False,0.0,0.0,50.0,0.0,0.0,0.0,0.0,0.0,50.0,0.0,0.0,-1,0.0,G2_TRADEABLE,tradeable_sell=False,-1,0.0,0.0,
BTC/USDT,728,2026-04-09 05:00:00,short,0.52543,48.39,0.6,70984.0,415.870714,med_med_flat,True,True,False,False,False,0.0,0.0,50.0,0.0,0.0,0.0,0.0,0.0,50.0,0.0,0.0,-1,0.0,G2_TRADEABLE,tradeable_sell=False,-1,0.0,0.0,
BTC/USDT,729,2026-04-09 06:00:00,short,0.52381,49.04,0.6,71031.84,403.349286,med_med_flat,True,True,False,False,False,0.0,0.0,50.0,0.0,0.0,0.0,0.0,0.0,50.0,0.0,0.0,-1,0.0,G2_TRADEABLE,tradeable_sell=False,-1,0.0,0.0,
BTC/USDT,730,2026-04-09 07:00:00,short,0.51022,52.27,0.6,70982.01,381.007143,med_med_flat,True,True,False,False,False,0.0,0.0,50.0,0.0,0.0,0.0,0.0,0.0,50.0,0.0,0.0,-1,0.0,G2_TRADEABLE,tradeable_sell=False,-1,0.0,0.0,
BTC/USDT,731,2026-04-09 08:00:00,short,0.52443,46.58,0.6,71249.51,360.407143,med_low_flat,False,True,False,False,False,0.0,0.0,50.0,0.0,0.0,0.0,0.0,0.0,50.0,0.0,0.0,-1,0.0,G2_TRADEABLE,tradeable_sell=False,-1,0.0,0.0,
BTC/USDT,732,2026-04-09 09:00:00,short,0.51352,42.48,0.6,71534.68,368.392143,med_low_flat,False,True,False,False,False,0.0,0.0,50.0,0.0,0.0,0.0,0.0,0.0,50.0,0.0,0.0,-1,0.0,G2_TRADEABLE,tradeable_sell=False,-1,0.0,0.0,
BTC/USDT,733,2026-04-09 10:00:00,short,0.50747,40.31,0.6,71276.45,371.567857,med_low_flat,False,True,False,False,False,0.0,0.0,50.0,0.0,0.0,0.0,0.0,0.0,50.0,0.0,0.0,-1,0.0,G2_TRADEABLE,tradeable_sell=False,-1,0.0,0.0,
BTC/USDT,734,2026-04-09 11:00:00,short,0.51523,46.44,0.6,71150.17,364.022143,med_low_flat,False,True,False,False,False,0.0,0.0,50.0,0.0,0.0,0.0,0.0,0.0,50.0,0.0,0.0,-1,0.0,G2_TRADEABLE,tradeable_sell=False,-1,0.0,0.0,
BTC/USDT,735,2026-04-09 12:00:00,short,0.52044,42.46,0.6,71279.63,348.452857,med_low_down,False,True,False,False,False,0.0,0.0,50.0,0.0,0.0,0.0,0.0,0.0,50.0,0.0,0.0,-1,0.0,G2_TRADEABLE,tradeable_sell=False,-1,0.0,0.0,
BTC/USDT,736,2026-04-09 13:00:00,long,0.50836,69.03,0.6,70801.98,378.726429,low_med_down,False,True,False,False,False,0.0,0.0,50.0,0.0,0.0,0.0,0.0,0.0,50.0,0.0,0.0,-1,0.0,G2_TRADEABLE,tradeable_buy=False,-1,0.0,0.0,
BTC/USDT,737,2026-04-09 14:00:00,short,0.52716,75.79,0.6,71123.71,396.148571,low_med_flat,False,False,False,False,False,0.0,0.0,50.0,0.0,0.0,0.0,0.0,0.0,50.0,0.0,0.0,-1,0.0,G2_TRADEABLE,tradeable_sell=False,-1,0.0,0.0,
BTC/USDT,738,2026-04-09 15:00:00,short,0.50269,80.56,0.6,72141.99,463.138571,low_med_up,False,False,False,False,False,0.0,0.0,50.0,0.0,0.0,0.0,0.0,0.0,50.0,0.0,0.0,-1,0.0,G2_TRADEABLE,tradeable_sell=False,-1,0.0,0.0,
BTC/USDT,739,2026-04-09 16:00:00,short,0.50925,81.04,0.6,72080.87,483.631429,med_med_up,False,True,False,False,False,0.0,0.0,50.0,0.0,0.0,0.0,0.0,0.0,50.0,0.0,0.0,-1,0.0,G2_TRADEABLE,tradeable_sell=False,-1,0.0,0.0,
BTC/USDT,740,2026-04-09 17:00:00,long,0.50306,72.88,0.6,72347.49,498.548571,med_med_up,False,True,False,False,False,0.0,0.0,50.0,0.0,0.0,0.0,0.0,0.0,50.0,0.0,0.0,-1,0.0,G2_TRADEABLE,tradeable_buy=False,-1,0.0,0.0,
BTC/USDT,741,2026-04-09 18:00:00,long,0.50304,51.55,0.6,71888.69,524.381429,med_med_up,False,True,False,False,False,0.0,0.0,50.0,0.0,0.0,0.0,0.0,0.0,50.0,0.0,0.0,-1,0.0,G2_TRADEABLE,tradeable_buy=False,-1,0.0,0.0,
BTC/USDT,742,2026-04-09 19:00:00,short,0.51931,60.38,0.6,72096.32,535.257143,med_med_up,False,True,False,False,False,0.0,0.0,50.0,0.0,0.0,0.0,0.0,0.0,50.0,0.0,0.0,-1,0.0,G2_TRADEABLE,tradeable_sell=False,-1,0.0,0.0,
BTC/USDT,743,2026-04-09 20:00:00,short,0.50121,58.38,0.6,72413.97,549.513571,med_med_up,False,True,False,False,False,0.0,0.0,50.0,0.0,0.0,0.0,0.0,0.0,50.0,0.0,0.0,-1,0.0,G2_TRADEABLE,tradeable_sell=False,-1,0.0,0.0,
BTC/USDT,744,2026-04-09 21:00:00,short,0.50605,63.33,0.6,72264.95,577.842857,med_high_up,,,True,False,False,0.0,0.0,50.0,0.0,0.0,0.0,0.0,0.0,50.0,0.0,0.0,-1,0.0,G1_REGIME,regime='med_high_up' skipped=True reg_empty=False,-1,0.0,0.0,
BTC/USDT,745,2026-04-09 22:00:00,short,0.51871,71.36,0.6,71946.01,626.734286,med_high_up,,,True,False,False,0.0,0.0,50.0,0.0,0.0,0.0,0.0,0.0,50.0,0.0,0.0,-1,0.0,G1_REGIME,regime='med_high_up' skipped=True reg_empty=False,-1,0.0,0.0,
BTC/USDT,746,2026-04-09 23:00:00,short,0.51886,55.44,0.6,71787.97,624.967857,med_high_up,,,True,False,False,0.0,0.0,50.0,0.0,0.0,0.0,0.0,0.0,50.0,0.0,0.0,-1,0.0,G1_REGIME,regime='med_high_up' skipped=True reg_empty=False,-1,0.0,0.0,
BTC/USDT,747,2026-04-10 00:00:00,short,0.52857,76.09,0.6,71963.03,639.025,med_high_up,,,True,False,False,0.0,0.0,50.0,0.0,0.0,0.0,0.0,0.0,50.0,0.0,0.0,-1,0.0,G1_REGIME,regime='med_high_up' skipped=True reg_empty=False,-1,0.0,0.0,
BTC/USDT,748,2026-04-10 01:00:00,short,0.54561,83.3,0.6,72157.93,667.740714,med_high_up,,,True,False,False,0.0,0.0,50.0,0.0,0.0,0.0,0.0,0.0,50.0,0.0,0.0,-1,0.0,G1_REGIME,regime='med_high_up' skipped=True reg_empty=False,-1,0.0,0.0,
BTC/USDT,749,2026-04-10 02:00:00,short,0.52974,72.55,0.6,71965.36,673.502143,med_high_up,,,True,False,False,0.0,0.0,50.0,0.0,0.0,0.0,0.0,0.0,50.0,0.0,0.0,-1,0.0,G1_REGIME,regime='med_high_up' skipped=True reg_empty=False,-1,0.0,0.0,
BTC/USDT,750,2026-04-10 03:00:00,short,0.52797,72.94,0.6,71868.67,636.909286,med_high_up,,,True,False,False,0.0,0.0,50.0,0.0,0.0,0.0,0.0,0.0,50.0,0.0,0.0,-1,0.0,G1_REGIME,regime='med_high_up' skipped=True reg_empty=False,-1,0.0,0.0,
BTC/USDT,751,2026-04-10 04:00:00,short,0.52105,84.41,0.6,72117.29,612.962857,med_high_up,,,True,False,False,0.0,0.0,50.0,0.0,0.0,0.0,0.0,0.0,50.0,0.0,0.0,-1,0.0,G1_REGIME,regime='med_high_up' skipped=True reg_empty=False,-1,0.0,0.0,
BTC/USDT,752,2026-04-10 05:00:00,short,0.52767,81.43,0.6,72127.84,529.315,med_med_up,False,True,False,False,False,0.0,0.0,50.0,0.0,0.0,0.0,0.0,0.0,50.0,0.0,0.0,-1,0.0,G2_TRADEABLE,tradeable_sell=False,-1,0.0,0.0,
BTC/USDT,753,2026-04-10 06:00:00,short,0.50371,73.75,0.6,71805.38,509.207857,med_med_up,False,True,False,False,False,0.0,0.0,50.0,0.0,0.0,0.0,0.0,0.0,50.0,0.0,0.0,-1,0.0,G2_TRADEABLE,tradeable_sell=False,-1,0.0,0.0,
BTC/USDT,754,2026-04-10 07:00:00,long,0.5353,85.1,0.6,71481.85,503.634286,med_med_up,False,True,False,False,False,0.0,0.0,50.0,0.0,0.0,0.0,0.0,0.0,50.0,0.0,0.0,-1,0.0,G2_TRADEABLE,tradeable_buy=False,-1,0.0,0.0,
BTC/USDT,755,2026-04-10 08:00:00,long,0.51723,74.75,0.6,71606.07,482.937143,med_med_flat,True,True,False,False,False,0.0,0.0,50.0,0.0,0.0,0.0,0.0,0.0,50.0,0.0,0.0,-1,0.0,G2_TRADEABLE,tradeable_buy=False,-1,0.0,0.0,
BTC/USDT,756,2026-04-10 09:00:00,short,0.51301,71.18,0.6,71787.41,464.332143,med_med_flat,True,True,False,False,False,0.0,0.0,50.0,0.0,0.0,0.0,0.0,0.0,50.0,0.0,0.0,-1,0.0,G2_TRADEABLE,tradeable_sell=False,-1,0.0,0.0,
BTC/USDT,757,2026-04-10 10:00:00,short,0.51943,70.09,0.6,71910.09,446.07,med_med_up,False,True,False,False,False,0.0,0.0,50.0,0.0,0.0,0.0,0.0,0.0,50.0,0.0,0.0,-1,0.0,G2_TRADEABLE,tradeable_sell=False,-1,0.0,0.0,
BTC/USDT,758,2026-04-10 11:00:00,short,0.52954,83.24,0.6,72127.59,431.857857,med_med_up,False,True,False,False,False,0.0,0.0,50.0,0.0,0.0,0.0,0.0,0.0,50.0,0.0,0.0,-1,0.0,G2_TRADEABLE,tradeable_sell=False,-1,0.0,0.0,
BTC/USDT,759,2026-04-10 12:00:00,short,0.56016,65.51,0.6,72258.68,378.389286,med_med_up,False,True,False,False,False,0.0,0.0,50.0,0.0,0.0,0.0,0.0,0.0,50.0,0.0,0.0,-1,0.0,G2_TRADEABLE,tradeable_sell=False,-1,0.0,0.0,
BTC/USDT,760,2026-04-10 13:00:00,short,0.58179,66.34,0.6,72321.4,383.362143,med_med_up,False,True,False,False,False,0.0,0.0,50.0,0.0,0.0,0.0,0.0,0.0,50.0,0.0,0.0,-1,0.0,G2_TRADEABLE,tradeable_sell=False,-1,0.0,0.0,
BTC/USDT,761,2026-04-10 14:00:00,short,0.54682,100.0,0.6,72909.0,414.971429,med_med_up,False,True,False,False,False,0.0,0.0,50.0,0.0,0.0,0.0,0.0,0.0,50.0,0.0,0.0,-1,0.0,G2_TRADEABLE,tradeable_sell=False,-1,0.0,0.0,
BTC/USDT,762,2026-04-10 15:00:00,short,0.56274,90.7,0.6,72460.51,430.726429,med_med_flat,True,True,False,False,False,0.0,0.0,50.0,0.0,0.0,0.0,0.0,0.0,50.0,0.0,0.0,-1,0.0,G2_TRADEABLE,tradeable_sell=False,-1,0.0,0.0,
BTC/USDT,763,2026-04-10 16:00:00,short,0.53895,82.27,0.6,72992.33,453.050714,med_med_up,False,True,False,False,False,0.0,0.0,50.0,0.0,0.0,0.0,0.0,0.0,50.0,0.0,0.0,-1,0.0,G2_TRADEABLE,tradeable_sell=False,-1,0.0,0.0,
BTC/USDT,764,2026-04-10 17:00:00,short,0.5501,79.31,0.6,73121.66,462.293571,med_med_up,False,True,False,False,False,0.0,0.0,50.0,0.0,0.0,0.0,0.0,0.0,50.0,0.0,0.0,-1,0.0,G2_TRADEABLE,tradeable_sell=False,-1,0.0,0.0,
BTC/USDT,765,2026-04-10 18:00:00,short,0.53497,81.57,0.6,73107.07,454.185714,med_med_up,False,True,False,False,False,0.0,0.0,50.0,0.0,0.0,0.0,0.0,0.0,50.0,0.0,0.0,-1,0.0,G2_TRADEABLE,tradeable_sell=False,-1,0.0,0.0,
BTC/USDT,766,2026-04-10 19:00:00,short,0.53866,82.14,0.6,73236.11,461.847857,med_med_up,False,True,False,False,False,0.0,0.0,50.0,0.0,0.0,0.0,0.0,0.0,50.0,0.0,0.0,-1,0.0,G2_TRADEABLE,tradeable_sell=False,-1,0.0,0.0,
BTC/USDT,767,2026-04-10 20:00:00,short,0.53204,83.5,0.6,73361.68,461.432857,med_med_up,False,True,False,False,False,0.0,0.0,50.0,0.0,0.0,0.0,0.0,0.0,50.0,0.0,0.0,-1,0.0,G2_TRADEABLE,tradeable_sell=False,-1,0.0,0.0,
BTC/USDT,768,2026-04-10 21:00:00,short,0.53638,83.07,0.6,73190.67,462.886429,med_med_up,False,True,False,False,False,0.0,0.0,50.0,0.0,0.0,0.0,0.0,0.0,50.0,0.0,0.0,-1,0.0,G2_TRADEABLE,tradeable_sell=False,-1,0.0,0.0,
BTC/USDT,769,2026-04-10 22:00:00,short,0.52703,85.06,0.6,72877.0,477.184286,med_med_up,False,True,False,False,False,0.0,0.0,50.0,0.0,0.0,0.0,0.0,0.0,50.0,0.0,0.0,-1,0.0,G2_TRADEABLE,tradeable_sell=False,-1,0.0,0.0,
BTC/USDT,770,2026-04-10 23:00:00,short,0.52978,85.07,0.6,72962.7,469.062857,med_med_up,False,True,False,False,False,0.0,0.0,50.0,0.0,0.0,0.0,0.0,0.0,50.0,0.0,0.0,-1,0.0,G2_TRADEABLE,tradeable_sell=False,-1,0.0,0.0,
BTC/USDT,771,2026-04-11 00:00:00,long,0.51453,72.33,0.6,72828.42,466.068571,med_med_up,False,True,False,False,False,0.0,0.0,50.0,0.0,0.0,0.0,0.0,0.0,50.0,0.0,0.0,-1,0.0,G2_TRADEABLE,tradeable_buy=False,-1,0.0,0.0,
BTC/USDT,772,2026-04-11 01:00:00,short,0.51571,78.7,0.6,72954.39,464.050714,med_med_up,False,True,False,False,False,0.0,0.0,50.0,0.0,0.0,0.0,0.0,0.0,50.0,0.0,0.0,-1,0.0,G2_TRADEABLE,tradeable_sell=False,-1,0.0,0.0,
BTC/USDT,773,2026-04-11 02:00:00,short,0.52364,79.23,0.6,72966.57,445.012143,med_med_up,False,True,False,False,False,0.0,0.0,50.0,0.0,0.0,0.0,0.0,0.0,50.0,0.0,0.0,-1,0.0,G2_TRADEABLE,tradeable_sell=False,-1,0.0,0.0,
BTC/USDT,774,2026-04-11 03:00:00,short,0.54232,80.58,0.6,72866.63,427.227857,med_med_up,False,True,False,False,False,0.0,0.0,50.0,0.0,0.0,0.0,0.0,0.0,50.0,0.0,0.0,-1,0.0,G2_TRADEABLE,tradeable_sell=False,-1,0.0,0.0,
BTC/USDT,775,2026-04-11 04:00:00,short,0.54138,84.67,0.6,72806.08,382.570714,med_med_up,False,True,False,False,False,0.0,0.0,50.0,0.0,0.0,0.0,0.0,0.0,50.0,0.0,0.0,-1,0.0,G2_TRADEABLE,tradeable_sell=False,-1,0.0,0.0,
BTC/USDT,776,2026-04-11 05:00:00,short,0.53391,82.56,0.6,72722.28,327.097857,med_low_up,False,True,False,False,False,0.0,0.0,50.0,0.0,0.0,0.0,0.0,0.0,50.0,0.0,0.0,-1,0.0,G2_TRADEABLE,tradeable_sell=False,-1,0.0,0.0,
BTC/USDT,777,2026-04-11 06:00:00,short,0.50376,85.65,0.6,72762.0,289.752857,med_low_up,False,True,False,False,False,0.0,0.0,50.0,0.0,0.0,0.0,0.0,0.0,50.0,0.0,0.0,-1,0.0,G2_TRADEABLE,tradeable_sell=False,-1,0.0,0.0,
BTC/USDT,778,2026-04-11 07:00:00,short,0.50626,83.89,0.6,72745.38,276.638571,med_low_up,False,True,False,False,False,0.0,0.0,50.0,0.0,0.0,0.0,0.0,0.0,50.0,0.0,0.0,-1,0.0,G2_TRADEABLE,tradeable_sell=False,-1,0.0,0.0,
BTC/USDT,779,2026-04-11 08:00:00,long,0.50711,60.33,0.6,72664.17,268.229286,low_low_up,True,True,False,False,False,0.0,0.0,50.0,0.0,0.0,0.0,0.0,0.0,50.0,0.0,0.0,-1,0.0,G2_TRADEABLE,tradeable_buy=False,-1,0.0,0.0,
BTC/USDT,780,2026-04-11 09:00:00,long,0.50189,63.82,0.6,72907.11,262.907143,med_low_up,False,True,False,False,False,0.0,0.0,50.0,0.0,0.0,0.0,0.0,0.0,50.0,0.0,0.0,-1,0.0,G2_TRADEABLE,tradeable_buy=False,-1,0.0,0.0,
BTC/USDT,781,2026-04-11 10:00:00,long,0.50282,59.86,0.6,72843.71,246.694286,med_low_up,False,True,False,False,False,0.0,0.0,50.0,0.0,0.0,0.0,0.0,0.0,50.0,0.0,0.0,-1,0.0,G2_TRADEABLE,tradeable_buy=False,-1,0.0,0.0,
BTC/USDT,782,2026-04-11 11:00:00,short,0.50281,67.83,0.6,72907.05,222.100714,low_low_up,True,True,False,False,False,0.0,0.0,50.0,0.0,0.0,0.0,0.0,0.0,50.0,0.0,0.0,-1,0.0,G2_TRADEABLE,tradeable_sell=False,-1,0.0,0.0,
BTC/USDT,783,2026-04-11 12:00:00,short,0.51846,69.94,0.6,72940.49,195.243571,low_low_up,True,True,False,False,False,0.0,0.0,50.0,0.0,0.0,0.0,0.0,0.0,50.0,0.0,0.0,-1,0.0,G2_TRADEABLE,tradeable_sell=False,-1,0.0,0.0,
BTC/USDT,784,2026-04-11 13:00:00,long,0.52115,73.83,0.6,72658.07,213.213571,low_low_flat,False,False,False,False,False,0.0,0.0,50.0,0.0,0.0,0.0,0.0,0.0,50.0,0.0,0.0,-1,0.0,G2_TRADEABLE,tradeable_buy=False,-1,0.0,0.0,
BTC/USDT,785,2026-04-11 14:00:00,short,0.50507,74.46,0.6,72704.67,212.275714,low_low_flat,False,False,False,False,False,0.0,0.0,50.0,0.0,0.0,0.0,0.0,0.0,50.0,0.0,0.0,-1,0.0,G2_TRADEABLE,tradeable_sell=False,-1,0.0,0.0,
BTC/USDT,786,2026-04-11 15:00:00,long,0.50102,72.16,0.6,72858.17,204.278571,low_low_flat,False,False,False,False,False,0.0,0.0,50.0,0.0,0.0,0.0,0.0,0.0,50.0,0.0,0.0,-1,0.0,G2_TRADEABLE,tradeable_buy=False,-1,0.0,0.0,
BTC/USDT,787,2026-04-11 16:00:00,short,0.51163,78.43,0.6,73034.33,219.124286,low_low_flat,False,False,False,False,False,0.0,0.0,50.0,0.0,0.0,0.0,0.0,0.0,50.0,0.0,0.0,-1,0.0,G2_TRADEABLE,tradeable_sell=False,-1,0.0,0.0,
BTC/USDT,788,2026-04-11 17:00:00,short,0.51419,69.49,0.6,73095.97,216.7,low_low_flat,False,False,False,False,False,0.0,0.0,50.0,0.0,0.0,0.0,0.0,0.0,50.0,0.0,0.0,-1,0.0,G2_TRADEABLE,tradeable_sell=False,-1,0.0,0.0,
BTC/USDT,789,2026-04-11 18:00:00,short,0.53835,89.75,0.6,73547.89,246.781429,low_low_up,True,True,False,False,False,0.0,0.0,50.0,0.0,0.0,0.0,0.0,0.0,50.0,0.0,0.0,-1,0.0,G2_TRADEABLE,tradeable_sell=False,-1,0.0,0.0,
BTC/USDT,790,2026-04-11 19:00:00,short,0.55563,86.55,0.6,73687.15,258.220714,low_low_up,True,True,False,False,False,0.0,0.0,50.0,0.0,0.0,0.0,0.0,0.0,50.0,0.0,0.0,-1,0.0,G2_TRADEABLE,tradeable_sell=False,-1,0.0,0.0,
BTC/USDT,791,2026-04-11 20:00:00,short,0.5249,73.21,0.6,73290.43,279.972857,low_low_flat,False,False,False,False,False,0.0,0.0,50.0,0.0,0.0,0.0,0.0,0.0,50.0,0.0,0.0,-1,0.0,G2_TRADEABLE,tradeable_sell=False,-1,0.0,0.0,
BTC/USDT,792,2026-04-11 21:00:00,short,0.55342,72.09,0.6,73427.04,293.412857,low_low_flat,False,False,False,False,False,0.0,0.0,50.0,0.0,0.0,0.0,0.0,0.0,50.0,0.0,0.0,-1,0.0,G2_TRADEABLE,tradeable_sell=False,-1,0.0,0.0,
BTC/USDT,793,2026-04-11 22:00:00,short,0.54357,74.83,0.6,73376.01,306.171429,low_low_up,True,True,False,False,False,0.0,0.0,50.0,0.0,0.0,0.0,0.0,0.0,50.0,0.0,0.0,-1,0.0,G2_TRADEABLE,tradeable_sell=False,-1,0.0,0.0,
BTC/USDT,794,2026-04-11 23:00:00,short,0.5307,74.87,0.6,73043.16,318.911429,low_low_flat,False,False,False,False,False,0.0,0.0,50.0,0.0,0.0,0.0,0.0,0.0,50.0,0.0,0.0,-1,0.0,G2_TRADEABLE,tradeable_sell=False,-1,0.0,0.0,
BTC/USDT,795,2026-04-12 00:00:00,short,0.51275,73.61,0.6,73079.96,325.27,low_low_flat,False,False,False,False,False,0.0,0.0,50.0,0.0,0.0,0.0,0.0,0.0,50.0,0.0,0.0,-1,0.0,G2_TRADEABLE,tradeable_sell=False,-1,0.0,0.0,
BTC/USDT,796,2026-04-12 01:00:00,short,0.50753,92.65,0.6,71643.69,449.670714,low_med_down,False,True,False,False,False,0.0,0.0,50.0,0.0,0.0,0.0,0.0,0.0,50.0,0.0,0.0,-1,0.0,G2_TRADEABLE,tradeable_sell=False,-1,0.0,0.0,
BTC/USDT,797,2026-04-12 02:00:00,short,0.53424,78.19,0.6,71761.35,482.710714,low_med_down,False,True,False,False,False,0.0,0.0,50.0,0.0,0.0,0.0,0.0,0.0,50.0,0.0,0.0,-1,0.0,G2_TRADEABLE,tradeable_sell=False,-1,0.0,0.0,
BTC/USDT,798,2026-04-12 03:00:00,short,0.51126,77.62,0.6,71593.19,471.335,low_med_down,False,True,False,False,False,0.0,0.0,50.0,0.0,0.0,0.0,0.0,0.0,50.0,0.0,0.0,-1,0.0,G2_TRADEABLE,tradeable_sell=False,-1,0.0,0.0,
BTC/USDT,799,2026-04-12 04:00:00,short,0.51377,75.66,0.6,71466.53,476.977143,low_med_down,False,True,False,False,False,0.0,0.0,50.0,0.0,0.0,0.0,0.0,0.0,50.0,0.0,0.0,-1,0.0,G2_TRADEABLE,tradeable_sell=False,-1,0.0,0.0,
BTC/USDT,800,2026-04-12 05:00:00,long,0.50322,83.9,0.6,71710.2,487.387857,low_med_down,False,True,False,False,False,0.0,0.0,50.0,0.0,0.0,0.0,0.0,0.0,50.0,0.0,0.0,-1,0.0,G2_TRADEABLE,tradeable_buy=False,-1,0.0,0.0,
BTC/USDT,801,2026-04-12 06:00:00,short,0.52403,72.28,0.6,71668.01,467.942143,low_med_down,False,True,False,False,False,0.0,0.0,50.0,0.0,0.0,0.0,0.0,0.0,50.0,0.0,0.0,-1,0.0,G2_TRADEABLE,tradeable_sell=False,-1,0.0,0.0,
BTC/USDT,802,2026-04-12 07:00:00,short,0.52057,71.09,0.6,71665.0,463.067857,low_med_down,False,True,False,False,False,0.0,0.0,50.0,0.0,0.0,0.0,0.0,0.0,50.0,0.0,0.0,-1,0.0,G2_TRADEABLE,tradeable_sell=False,-1,0.0,0.0,
BTC/USDT,803,2026-04-12 08:00:00,long,0.50349,85.56,0.6,71629.21,428.591429,low_med_down,False,True,False,False,False,0.0,0.0,50.0,0.0,0.0,0.0,0.0,0.0,50.0,0.0,0.0,-1,0.0,G2_TRADEABLE,tradeable_buy=False,-1,0.0,0.0,
BTC/USDT,804,2026-04-12 09:00:00,short,0.50163,60.67,0.6,71531.94,416.23,low_med_down,False,True,False,False,False,0.0,0.0,50.0,0.0,0.0,0.0,0.0,0.0,50.0,0.0,0.0,-1,0.0,G2_TRADEABLE,tradeable_sell=False,-1,0.0,0.0,
BTC/USDT,805,2026-04-12 10:00:00,short,0.52675,60.14,0.6,71452.89,406.320714,low_med_down,False,True,False,False,False,0.0,0.0,50.0,0.0,0.0,0.0,0.0,0.0,50.0,0.0,0.0,-1,0.0,G2_TRADEABLE,tradeable_sell=False,-1,0.0,0.0,
BTC/USDT,806,2026-04-12 11:00:00,short,0.5073,57.64,0.6,71468.55,391.745714,low_med_down,False,True,False,False,False,0.0,0.0,50.0,0.0,0.0,0.0,0.0,0.0,50.0,0.0,0.0,-1,0.0,G2_TRADEABLE,tradeable_sell=False,-1,0.0,0.0,
BTC/USDT,807,2026-04-12 12:00:00,short,0.5103,64.62,0.6,71084.01,397.660714,low_med_down,False,True,False,False,False,0.0,0.0,50.0,0.0,0.0,0.0,0.0,0.0,50.0,0.0,0.0,-1,0.0,G2_TRADEABLE,tradeable_sell=False,-1,0.0,0.0,
BTC/USDT,808,2026-04-12 13:00:00,short,0.5036,65.34,0.6,70889.42,384.132143,low_med_down,False,True,False,False,False,0.0,0.0,50.0,0.0,0.0,0.0,0.0,0.0,50.0,0.0,0.0,-1,0.0,G2_TRADEABLE,tradeable_sell=False,-1,0.0,0.0,
BTC/USDT,809,2026-04-12 14:00:00,short,0.51382,64.22,0.6,70748.34,394.754286,low_med_down,False,True,False,False,False,0.0,0.0,50.0,0.0,0.0,0.0,0.0,0.0,50.0,0.0,0.0,-1,0.0,G2_TRADEABLE,tradeable_sell=False,-1,0.0,0.0,
BTC/USDT,810,2026-04-12 15:00:00,short,0.52951,61.82,0.6,70892.03,287.660714,low_low_down,True,True,False,False,False,0.0,0.0,50.0,0.0,0.0,0.0,0.0,0.0,50.0,0.0,0.0,-1,0.0,G2_TRADEABLE,tradeable_sell=False,-1,0.0,0.0,
BTC/USDT,811,2026-04-12 16:00:00,short,0.52323,58.04,0.6,70936.27,252.551429,low_low_down,True,True,False,False,False,0.0,0.0,50.0,0.0,0.0,0.0,0.0,0.0,50.0,0.0,0.0,-1,0.0,G2_TRADEABLE,tradeable_sell=False,-1,0.0,0.0,
BTC/USDT,812,2026-04-12 17:00:00,short,0.53099,68.62,0.6,71140.51,254.969286,low_low_down,True,True,False,False,False,0.0,0.0,50.0,0.0,0.0,0.0,0.0,0.0,50.0,0.0,0.0,-1,0.0,G2_TRADEABLE,tradeable_sell=False,-1,0.0,0.0,
BTC/USDT,813,2026-04-12 18:00:00,short,0.53749,68.12,0.6,71137.64,249.058571,low_low_down,True,True,False,False,False,0.0,0.0,50.0,0.0,0.0,0.0,0.0,0.0,50.0,0.0,0.0,-1,0.0,G2_TRADEABLE,tradeable_sell=False,-1,0.0,0.0,
BTC/USDT,814,2026-04-12 19:00:00,short,0.53103,58.3,0.6,71084.18,233.347143,low_low_down,True,True,False,False,False,0.0,0.0,50.0,0.0,0.0,0.0,0.0,0.0,50.0,0.0,0.0,-1,0.0,G2_TRADEABLE,tradeable_sell=False,-1,0.0,0.0,
BTC/USDT,815,2026-04-12 20:00:00,short,0.56729,71.78,0.6,71335.43,259.319286,low_low_down,True,True,False,False,False,0.0,0.0,50.0,0.0,0.0,0.0,0.0,0.0,50.0,0.0,0.0,-1,0.0,G2_TRADEABLE,tradeable_sell=False,-1,0.0,0.0,
BTC/USDT,816,2026-04-12 21:00:00,short,0.58162,66.32,0.6,71364.02,268.622857,low_low_down,True,True,False,False,False,0.0,0.0,50.0,0.0,0.0,0.0,0.0,0.0,50.0,0.0,0.0,-1,0.0,G2_TRADEABLE,tradeable_sell=False,-1,0.0,0.0,
BTC/USDT,817,2026-04-12 22:00:00,short,0.54903,92.82,0.6,70912.73,315.131429,low_low_down,True,True,False,False,False,0.0,0.0,50.0,0.0,0.0,0.0,0.0,0.0,50.0,0.0,0.0,-1,0.0,G2_TRADEABLE,tradeable_sell=False,-1,0.0,0.0,
BTC/USDT,818,2026-04-12 23:00:00,short,0.54141,75.4,0.6,70740.98,329.167857,low_low_down,True,True,False,False,False,0.0,0.0,50.0,0.0,0.0,0.0,0.0,0.0,50.0,0.0,0.0,-1,0.0,G2_TRADEABLE,tradeable_sell=False,-1,0.0,0.0,
BTC/USDT,819,2026-04-13 00:00:00,short,0.54913,73.14,0.6,71172.62,352.194286,low_low_down,True,True,False,False,False,0.0,0.0,50.0,0.0,0.0,0.0,0.0,0.0,50.0,0.0,0.0,-1,0.0,G2_TRADEABLE,tradeable_sell=False,-1,0.0,0.0,
BTC/USDT,820,2026-04-13 01:00:00,short,0.56737,76.05,0.6,71197.64,356.227857,low_low_flat,False,False,False,False,False,0.0,0.0,50.0,0.0,0.0,0.0,0.0,0.0,50.0,0.0,0.0,-1,0.0,G2_TRADEABLE,tradeable_sell=False,-1,0.0,0.0,
BTC/USDT,821,2026-04-13 02:00:00,short,0.5851,78.24,0.6,71073.14,346.407143,low_low_flat,False,False,False,False,False,0.0,0.0,50.0,0.0,0.0,0.0,0.0,0.0,50.0,0.0,0.0,-1,0.0,G2_TRADEABLE,tradeable_sell=False,-1,0.0,0.0,
BTC/USDT,822,2026-04-13 03:00:00,short,0.58372,79.09,0.6,70976.0,343.474286,low_low_flat,False,False,False,False,False,0.0,0.0,50.0,0.0,0.0,0.0,0.0,0.0,50.0,0.0,0.0,-1,0.0,G2_TRADEABLE,tradeable_sell=False,-1,0.0,0.0,
BTC/USDT,823,2026-04-13 04:00:00,short,0.56932,86.0,0.6,70890.3,336.112143,low_low_flat,False,False,False,False,False,0.0,0.0,50.0,0.0,0.0,0.0,0.0,0.0,50.0,0.0,0.0,-1,0.0,G2_TRADEABLE,tradeable_sell=False,-1,0.0,0.0,
BTC/USDT,824,2026-04-13 05:00:00,short,0.56118,85.22,0.6,70878.82,330.351429,low_low_down,True,True,False,False,False,0.0,0.0,50.0,0.0,0.0,0.0,0.0,0.0,50.0,0.0,0.0,-1,0.0,G2_TRADEABLE,tradeable_sell=False,-1,0.0,0.0,
BTC/USDT,825,2026-04-13 06:00:00,short,0.56787,85.61,0.6,71017.66,336.727143,low_low_flat,False,False,False,False,False,0.0,0.0,50.0,0.0,0.0,0.0,0.0,0.0,50.0,0.0,0.0,-1,0.0,G2_TRADEABLE,tradeable_sell=False,-1,0.0,0.0,
BTC/USDT,826,2026-04-13 07:00:00,short,0.56101,100.0,0.6,70813.88,342.488571,low_low_down,True,True,False,False,False,0.0,0.0,50.0,0.0,0.0,0.0,0.0,0.0,50.0,0.0,0.0,-1,0.0,G2_TRADEABLE,tradeable_sell=False,-1,0.0,0.0,
BTC/USDT,827,2026-04-13 08:00:00,short,0.56626,51.2,0.6,70680.7,352.212857,low_low_down,True,True,False,False,False,0.0,0.0,50.0,0.0,0.0,0.0,0.0,0.0,50.0,0.0,0.0,-1,0.0,G2_TRADEABLE,tradeable_sell=False,-1,0.0,0.0,
BTC/USDT,828,2026-04-13 09:00:00,short,0.55496,58.61,0.6,70792.88,358.56,low_low_flat,False,False,False,False,False,0.0,0.0,50.0,0.0,0.0,0.0,0.0,0.0,50.0,0.0,0.0,-1,0.0,G2_TRADEABLE,tradeable_sell=False,-1,0.0,0.0,
BTC/USDT,829,2026-04-13 10:00:00,short,0.56721,58.02,0.6,70755.88,335.377857,low_low_flat,False,False,False,False,False,0.0,0.0,50.0,0.0,0.0,0.0,0.0,0.0,50.0,0.0,0.0,-1,0.0,G2_TRADEABLE,tradeable_sell=False,-1,0.0,0.0,
BTC/USDT,830,2026-04-13 11:00:00,short,0.565,57.29,0.6,70929.68,333.366429,low_low_flat,False,False,False,False,False,0.0,0.0,50.0,0.0,0.0,0.0,0.0,0.0,50.0,0.0,0.0,-1,0.0,G2_TRADEABLE,tradeable_sell=False,-1,0.0,0.0,
BTC/USDT,831,2026-04-13 12:00:00,short,0.58424,57.85,0.6,71074.91,304.747143,low_low_flat,False,False,False,False,False,0.0,0.0,50.0,0.0,0.0,0.0,0.0,0.0,50.0,0.0,0.0,-1,0.0,G2_TRADEABLE,tradeable_sell=False,-1,0.0,0.0,
BTC/USDT,832,2026-04-13 13:00:00,short,0.57869,83.66,0.6,71662.65,343.402857,low_low_up,True,True,False,False,False,0.0,0.0,50.0,0.0,0.0,0.0,0.0,0.0,50.0,0.0,0.0,-1,0.0,G2_TRADEABLE,tradeable_sell=False,-1,0.0,0.0,
BTC/USDT,833,2026-04-13 14:00:00,short,0.5456,81.72,0.6,72400.15,370.433571,low_low_up,True,True,False,False,False,0.0,0.0,50.0,0.0,0.0,0.0,0.0,0.0,50.0,0.0,0.0,-1,0.0,G2_TRADEABLE,tradeable_sell=False,-1,0.0,0.0,
BTC/USDT,834,2026-04-13 15:00:00,short,0.53434,69.88,0.6,71866.59,414.12,low_med_up,False,False,False,False,False,0.0,0.0,50.0,0.0,0.0,0.0,0.0,0.0,50.0,0.0,0.0,-1,0.0,G2_TRADEABLE,tradeable_sell=False,-1,0.0,0.0,
BTC/USDT,835,2026-04-13 16:00:00,short,0.50673,78.79,0.6,72202.36,447.861429,med_med_up,False,True,False,False,False,0.0,0.0,50.0,0.0,0.0,0.0,0.0,0.0,50.0,0.0,0.0,-1,0.0,G2_TRADEABLE,tradeable_sell=False,-1,0.0,0.0,
BTC/USDT,836,2026-04-13 17:00:00,short,0.54215,100.0,0.6,72148.87,468.778571,med_med_up,False,True,False,False,False,0.0,0.0,50.0,0.0,0.0,0.0,0.0,0.0,50.0,0.0,0.0,-1,0.0,G2_TRADEABLE,tradeable_sell=False,-1,0.0,0.0,
BTC/USDT,837,2026-04-13 18:00:00,short,0.51123,82.8,0.6,72424.86,477.130714,med_med_up,False,True,False,False,False,0.0,0.0,50.0,0.0,0.0,0.0,0.0,0.0,50.0,0.0,0.0,-1,0.0,G2_TRADEABLE,tradeable_sell=False,-1,0.0,0.0,
BTC/USDT,838,2026-04-13 19:00:00,short,0.51867,100.0,0.6,73322.82,543.83,med_med_up,False,True,False,False,False,0.0,0.0,50.0,0.0,0.0,0.0,0.0,0.0,50.0,0.0,0.0,-1,0.0,G2_TRADEABLE,tradeable_sell=False,-1,0.0,0.0,
BTC/USDT,839,2026-04-13 20:00:00,short,0.51509,83.52,0.6,73149.36,555.227857,med_med_up,False,True,False,False,False,0.0,0.0,50.0,0.0,0.0,0.0,0.0,0.0,50.0,0.0,0.0,-1,0.0,G2_TRADEABLE,tradeable_sell=False,-1,0.0,0.0,
BTC/USDT,840,2026-04-13 21:00:00,short,0.52596,78.19,0.6,73179.71,548.982857,med_med_up,False,True,False,False,False,0.0,0.0,50.0,0.0,0.0,0.0,0.0,0.0,50.0,0.0,0.0,-1,0.0,G2_TRADEABLE,tradeable_sell=False,-1,0.0,0.0,
BTC/USDT,841,2026-04-13 22:00:00,short,0.53063,100.0,0.6,74627.04,640.452857,high_high_up,False,False,False,False,False,0.0,0.0,50.0,0.0,0.0,0.0,0.0,0.0,50.0,0.0,0.0,-1,0.0,G2_TRADEABLE,tradeable_sell=False,-1,0.0,0.0,
BTC/USDT,842,2026-04-13 23:00:00,short,0.53969,86.84,0.6,74417.99,659.144286,high_high_up,False,False,False,False,False,0.0,0.0,50.0,0.0,0.0,0.0,0.0,0.0,50.0,0.0,0.0,-1,0.0,G2_TRADEABLE,tradeable_sell=False,-1,0.0,0.0,
BTC/USDT,843,2026-04-14 00:00:00,short,0.51028,83.77,0.6,74163.82,677.451429,high_high_up,False,False,False,False,False,0.0,0.0,50.0,0.0,0.0,0.0,0.0,0.0,50.0,0.0,0.0,-1,0.0,G2_TRADEABLE,tradeable_sell=False,-1,0.0,0.0,
BTC/USDT,844,2026-04-14 01:00:00,short,0.52724,82.3,0.6,74386.02,692.830714,high_high_up,False,False,False,False,False,0.0,0.0,50.0,0.0,0.0,0.0,0.0,0.0,50.0,0.0,0.0,-1,0.0,G2_TRADEABLE,tradeable_sell=False,-1,0.0,0.0,
BTC/USDT,845,2026-04-14 02:00:00,short,0.54305,81.09,0.6,74330.98,681.032143,high_high_up,False,False,False,False,False,0.0,0.0,50.0,0.0,0.0,0.0,0.0,0.0,50.0,0.0,0.0,-1,0.0,G2_TRADEABLE,tradeable_sell=False,-1,0.0,0.0,
BTC/USDT,846,2026-04-14 03:00:00,short,0.54471,80.3,0.6,74444.43,635.482143,high_high_up,False,False,False,False,False,0.0,0.0,50.0,0.0,0.0,0.0,0.0,0.0,50.0,0.0,0.0,-1,0.0,G2_TRADEABLE,tradeable_sell=False,-1,0.0,0.0,
BTC/USDT,847,2026-04-14 04:00:00,short,0.53554,79.69,0.6,74387.85,573.14,high_med_up,,,True,False,False,0.0,0.0,50.0,0.0,0.0,0.0,0.0,0.0,50.0,0.0,0.0,-1,0.0,G1_REGIME,regime='high_med_up' skipped=True reg_empty=False,-1,0.0,0.0,
BTC/USDT,848,2026-04-14 05:00:00,short,0.5131,81.05,0.6,74210.11,535.438571,high_med_up,,,True,False,False,0.0,0.0,50.0,0.0,0.0,0.0,0.0,0.0,50.0,0.0,0.0,-1,0.0,G1_REGIME,regime='high_med_up' skipped=True reg_empty=False,-1,0.0,0.0,
BTC/USDT,849,2026-04-14 06:00:00,short,0.51586,77.97,0.6,74522.73,505.612857,high_med_up,,,True,False,False,0.0,0.0,50.0,0.0,0.0,0.0,0.0,0.0,50.0,0.0,0.0,-1,0.0,G1_REGIME,regime='high_med_up' skipped=True reg_empty=False,-1,0.0,0.0,
BTC/USDT,850,2026-04-14 07:00:00,short,0.5291,83.61,0.6,74546.0,502.950714,high_med_up,,,True,False,False,0.0,0.0,50.0,0.0,0.0,0.0,0.0,0.0,50.0,0.0,0.0,-1,0.0,G1_REGIME,regime='high_med_up' skipped=True reg_empty=False,-1,0.0,0.0,
BTC/USDT,851,2026-04-14 08:00:00,short,0.53314,80.06,0.6,74750.0,506.002143,high_med_up,,,True,False,False,0.0,0.0,50.0,0.0,0.0,0.0,0.0,0.0,50.0,0.0,0.0,-1,0.0,G1_REGIME,regime='high_med_up' skipped=True reg_empty=False,-1,0.0,0.0,
BTC/USDT,852,2026-04-14 09:00:00,long,0.50156,67.8,0.6,74500.0,449.912143,high_med_up,,,True,False,False,0.0,0.0,50.0,0.0,0.0,0.0,0.0,0.0,50.0,0.0,0.0,-1,0.0,G1_REGIME,regime='high_med_up' skipped=True reg_empty=False,-1,0.0,0.0,
BTC/USDT,853,2026-04-14 10:00:00,long,0.50923,67.08,0.6,74350.01,442.567143,high_med_up,,,True,False,False,0.0,0.0,50.0,0.0,0.0,0.0,0.0,0.0,50.0,0.0,0.0,-1,0.0,G1_REGIME,regime='high_med_up' skipped=True reg_empty=False,-1,0.0,0.0,
BTC/USDT,854,2026-04-14 11:00:00,long,0.50945,68.97,0.6,74376.52,431.713571,high_med_up,,,True,False,False,0.0,0.0,50.0,0.0,0.0,0.0,0.0,0.0,50.0,0.0,0.0,-1,0.0,G1_REGIME,regime='high_med_up' skipped=True reg_empty=False,-1,0.0,0.0,
BTC/USDT,855,2026-04-14 12:00:00,long,0.51097,67.26,0.6,74452.0,334.09,high_low_up,,,True,False,False,0.0,0.0,50.0,0.0,0.0,0.0,0.0,0.0,50.0,0.0,0.0,-1,0.0,G1_REGIME,regime='high_low_up' skipped=True reg_empty=False,-1,0.0,0.0,
BTC/USDT,856,2026-04-14 13:00:00,short,0.50245,100.0,0.6,75525.94,379.15,high_low_up,,,True,False,False,0.0,0.0,50.0,0.0,0.0,0.0,0.0,0.0,50.0,0.0,0.0,-1,0.0,G1_REGIME,regime='high_low_up' skipped=True reg_empty=False,-1,0.0,0.0,
BTC/USDT,857,2026-04-14 14:00:00,long,0.52958,93.46,0.6,75013.62,422.683571,high_med_up,,,True,False,False,0.0,0.0,50.0,0.0,0.0,0.0,0.0,0.0,50.0,0.0,0.0,-1,0.0,G1_REGIME,regime='high_med_up' skipped=True reg_empty=False,-1,0.0,0.0,
BTC/USDT,858,2026-04-14 15:00:00,long,0.52914,76.11,0.6,75317.07,451.362857,high_med_up,,,True,False,False,0.0,0.0,50.0,0.0,0.0,0.0,0.0,0.0,50.0,0.0,0.0,-1,0.0,G1_REGIME,regime='high_med_up' skipped=True reg_empty=False,-1,0.0,0.0,
BTC/USDT,859,2026-04-14 16:00:00,long,0.53851,82.43,0.6,74652.2,513.138571,high_med_up,,,True,False,False,0.0,0.0,50.0,0.0,0.0,0.0,0.0,0.0,50.0,0.0,0.0,-1,0.0,G1_REGIME,regime='high_med_up' skipped=True reg_empty=False,-1,0.0,0.0,
BTC/USDT,860,2026-04-14 17:00:00,long,0.52273,80.61,0.6,74748.9,545.967143,high_med_up,,,True,False,False,0.0,0.0,50.0,0.0,0.0,0.0,0.0,0.0,50.0,0.0,0.0,-1,0.0,G1_REGIME,regime='high_med_up' skipped=True reg_empty=False,-1,0.0,0.0,
BTC/USDT,861,2026-04-14 18:00:00,long,0.52964,79.5,0.6,74093.19,607.863571,high_high_up,False,False,False,False,False,0.0,0.0,50.0,0.0,0.0,0.0,0.0,0.0,50.0,0.0,0.0,-1,0.0,G2_TRADEABLE,tradeable_buy=False,-1,0.0,0.0,
BTC/USDT,862,2026-04-14 19:00:00,short,0.52903,79.8,0.6,74223.18,624.422857,high_high_up,False,False,False,False,False,0.0,0.0,50.0,0.0,0.0,0.0,0.0,0.0,50.0,0.0,0.0,-1,0.0,G2_TRADEABLE,tradeable_sell=False,-1,0.0,0.0,
BTC/USDT,863,2026-04-14 20:00:00,short,0.52414,68.65,0.6,74102.29,630.059286,high_high_up,False,False,False,False,False,0.0,0.0,50.0,0.0,0.0,0.0,0.0,0.0,50.0,0.0,0.0,-1,0.0,G2_TRADEABLE,tradeable_sell=False,-1,0.0,0.0,
BTC/USDT,864,2026-04-14 21:00:00,short,0.51233,76.93,0.6,74277.15,621.136429,high_high_up,False,False,False,False,False,0.0,0.0,50.0,0.0,0.0,0.0,0.0,0.0,50.0,0.0,0.0,-1,0.0,G2_TRADEABLE,tradeable_sell=False,-1,0.0,0.0,
BTC/USDT,865,2026-04-14 22:00:00,long,0.5037,81.55,0.6,74023.15,629.546429,high_high_flat,False,False,False,False,False,0.0,0.0,50.0,0.0,0.0,0.0,0.0,0.0,50.0,0.0,0.0,-1,0.0,G2_TRADEABLE,tradeable_buy=False,-1,0.0,0.0,
BTC/USDT,866,2026-04-14 23:00:00,long,0.50991,84.03,0.6,74131.55,617.827857,high_high_flat,False,False,False,False,False,0.0,0.0,50.0,0.0,0.0,0.0,0.0,0.0,50.0,0.0,0.0,-1,0.0,G2_TRADEABLE,tradeable_buy=False,-1,0.0,0.0,
BTC/USDT,867,2026-04-15 00:00:00,long,0.5204,88.33,0.6,74568.36,636.857143,high_high_flat,False,False,False,False,False,0.0,0.0,50.0,0.0,0.0,0.0,0.0,0.0,50.0,0.0,0.0,-1,0.0,G2_TRADEABLE,tradeable_buy=False,-1,0.0,0.0,
BTC/USDT,868,2026-04-15 01:00:00,short,0.5155,64.15,0.6,74613.28,647.102857,high_high_flat,False,False,False,False,False,0.0,0.0,50.0,0.0,0.0,0.0,0.0,0.0,50.0,0.0,0.0,-1,0.0,G2_TRADEABLE,tradeable_sell=False,-1,0.0,0.0,
BTC/USDT,869,2026-04-15 02:00:00,long,0.50627,83.34,0.6,74322.0,668.645714,high_high_flat,False,False,False,False,False,0.0,0.0,50.0,0.0,0.0,0.0,0.0,0.0,50.0,0.0,0.0,-1,0.0,G2_TRADEABLE,tradeable_buy=False,-1,0.0,0.0,
BTC/USDT,870,2026-04-15 03:00:00,short,0.50298,67.23,0.6,74345.97,602.495,high_high_flat,False,False,False,False,False,0.0,0.0,50.0,0.0,0.0,0.0,0.0,0.0,50.0,0.0,0.0,-1,0.0,G2_TRADEABLE,tradeable_sell=False,-1,0.0,0.0,
BTC/USDT,871,2026-04-15 04:00:00,short,0.50307,49.55,0.6,74340.38,541.684286,high_med_flat,,,True,False,False,0.0,0.0,50.0,0.0,0.0,0.0,0.0,0.0,50.0,0.0,0.0,-1,0.0,G1_REGIME,regime='high_med_flat' skipped=True reg_empty=False,-1,0.0,0.0,
BTC/USDT,872,2026-04-15 05:00:00,long,0.50082,60.36,0.6,74021.5,519.708571,high_med_flat,,,True,False,False,0.0,0.0,50.0,0.0,0.0,0.0,0.0,0.0,50.0,0.0,0.0,-1,0.0,G1_REGIME,regime='high_med_flat' skipped=True reg_empty=False,-1,0.0,0.0,
BTC/USDT,873,2026-04-15 06:00:00,long,0.50305,59.44,0.6,73891.62,450.6,high_med_flat,,,True,False,False,0.0,0.0,50.0,0.0,0.0,0.0,0.0,0.0,50.0,0.0,0.0,-1,0.0,G1_REGIME,regime='high_med_flat' skipped=True reg_empty=False,-1,0.0,0.0,
BTC/USDT,874,2026-04-15 07:00:00,long,0.50844,64.07,0.6,73730.43,436.208571,high_med_down,False,True,False,False,False,0.0,0.0,50.0,0.0,0.0,0.0,0.0,0.0,50.0,0.0,0.0,-1,0.0,G2_TRADEABLE,tradeable_buy=False,-1,0.0,0.0,
BTC/USDT,875,2026-04-15 08:00:00,long,0.51997,63.05,0.6,74110.51,399.524286,high_med_flat,,,True,False,False,0.0,0.0,50.0,0.0,0.0,0.0,0.0,0.0,50.0,0.0,0.0,-1,0.0,G1_REGIME,regime='high_med_flat' skipped=True reg_empty=False,-1,0.0,0.0,
BTC/USDT,876,2026-04-15 09:00:00,short,0.52041,48.28,0.6,74011.69,381.764286,high_low_flat,,,True,False,False,0.0,0.0,50.0,0.0,0.0,0.0,0.0,0.0,50.0,0.0,0.0,-1,0.0,G1_REGIME,regime='high_low_flat' skipped=True reg_empty=False,-1,0.0,0.0,
BTC/USDT,877,2026-04-15 10:00:00,short,0.50673,49.69,0.6,73864.75,384.742857,high_low_flat,,,True,False,False,0.0,0.0,50.0,0.0,0.0,0.0,0.0,0.0,50.0,0.0,0.0,-1,0.0,G1_REGIME,regime='high_low_flat' skipped=True reg_empty=False,-1,0.0,0.0,
BTC/USDT,878,2026-04-15 11:00:00,short,0.50697,46.25,0.6,74201.78,386.377857,high_low_flat,,,True,False,False,0.0,0.0,50.0,0.0,0.0,0.0,0.0,0.0,50.0,0.0,0.0,-1,0.0,G1_REGIME,regime='high_low_flat' skipped=True reg_empty=False,-1,0.0,0.0,
BTC/USDT,879,2026-04-15 12:00:00,short,0.50724,44.64,0.6,74273.77,375.475,high_low_flat,,,True,False,False,0.0,0.0,50.0,0.0,0.0,0.0,0.0,0.0,50.0,0.0,0.0,-1,0.0,G1_REGIME,regime='high_low_flat' skipped=True reg_empty=False,-1,0.0,0.0,
BTC/USDT,880,2026-04-15 13:00:00,short,0.52486,71.77,0.6,74063.92,403.012857,med_med_down,False,True,False,False,False,0.0,0.0,50.0,0.0,0.0,0.0,0.0,0.0,50.0,0.0,0.0,-1,0.0,G2_TRADEABLE,tradeable_sell=False,-1,0.0,0.0,
BTC/USDT,881,2026-04-15 14:00:00,short,0.51231,71.24,0.6,74151.81,412.010714,med_med_down,False,True,False,False,False,0.0,0.0,50.0,0.0,0.0,0.0,0.0,0.0,50.0,0.0,0.0,-1,0.0,G2_TRADEABLE,tradeable_sell=False,-1,0.0,0.0,
BTC/USDT,882,2026-04-15 15:00:00,short,0.50919,75.89,0.6,73844.08,442.832143,med_med_down,False,True,False,False,False,0.0,0.0,50.0,0.0,0.0,0.0,0.0,0.0,50.0,0.0,0.0,-1,0.0,G2_TRADEABLE,tradeable_sell=False,-1,0.0,0.0,
BTC/USDT,883,2026-04-15 16:00:00,short,0.52774,71.34,0.6,73941.09,435.949286,med_med_flat,True,True,False,False,False,0.0,0.0,50.0,0.0,0.0,0.0,0.0,0.0,50.0,0.0,0.0,-1,0.0,G2_TRADEABLE,tradeable_sell=False,-1,0.0,0.0,
BTC/USDT,884,2026-04-15 17:00:00,long,0.50639,75.35,0.6,74134.95,445.051429,med_med_flat,True,True,False,False,False,0.0,0.0,50.0,0.0,0.0,0.0,0.0,0.0,50.0,0.0,0.0,-1,0.0,G2_TRADEABLE,tradeable_buy=False,-1,0.0,0.0,
BTC/USDT,885,2026-04-15 18:00:00,long,0.50651,76.99,0.6,74390.29,455.987143,low_med_flat,False,False,False,False,False,0.0,0.0,50.0,0.0,0.0,0.0,0.0,0.0,50.0,0.0,0.0,-1,0.0,G2_TRADEABLE,tradeable_buy=False,-1,0.0,0.0,
BTC/USDT,886,2026-04-15 19:00:00,short,0.52147,100.0,0.6,75002.6,481.383571,low_med_up,False,False,False,False,False,0.0,0.0,50.0,0.0,0.0,0.0,0.0,0.0,50.0,0.0,0.0,-1,0.0,G2_TRADEABLE,tradeable_sell=False,-1,0.0,0.0,
BTC/USDT,887,2026-04-15 20:00:00,short,0.5157,82.01,0.6,74841.68,505.269286,low_med_up,False,False,False,False,False,0.0,0.0,50.0,0.0,0.0,0.0,0.0,0.0,50.0,0.0,0.0,-1,0.0,G2_TRADEABLE,tradeable_sell=False,-1,0.0,0.0,
BTC/USDT,888,2026-04-15 21:00:00,short,0.51308,77.42,0.6,74743.1,491.859286,low_med_up,False,False,False,False,False,0.0,0.0,50.0,0.0,0.0,0.0,0.0,0.0,50.0,0.0,0.0,-1,0.0,G2_TRADEABLE,tradeable_sell=False,-1,0.0,0.0,
BTC/USDT,889,2026-04-15 22:00:00,short,0.51326,82.85,0.6,74964.0,504.647857,low_med_up,False,False,False,False,False,0.0,0.0,50.0,0.0,0.0,0.0,0.0,0.0,50.0,0.0,0.0,-1,0.0,G2_TRADEABLE,tradeable_sell=False,-1,0.0,0.0,
BTC/USDT,890,2026-04-15 23:00:00,short,0.51952,77.63,0.6,74809.99,510.080714,low_med_up,False,False,False,False,False,0.0,0.0,50.0,0.0,0.0,0.0,0.0,0.0,50.0,0.0,0.0,-1,0.0,G2_TRADEABLE,tradeable_sell=False,-1,0.0,0.0,
BTC/USDT,891,2026-04-16 00:00:00,short,0.51435,82.96,0.6,74815.1,507.433571,low_med_flat,False,False,False,False,False,0.0,0.0,50.0,0.0,0.0,0.0,0.0,0.0,50.0,0.0,0.0,-1,0.0,G2_TRADEABLE,tradeable_sell=False,-1,0.0,0.0,
BTC/USDT,892,2026-04-16 01:00:00,short,0.5156,77.51,0.6,74657.66,505.242143,low_med_flat,False,False,False,False,False,0.0,0.0,50.0,0.0,0.0,0.0,0.0,0.0,50.0,0.0,0.0,-1,0.0,G2_TRADEABLE,tradeable_sell=False,-1,0.0,0.0,
BTC/USDT,893,2026-04-16 02:00:00,short,0.53993,83.42,0.6,74887.24,523.250714,low_med_up,False,False,False,False,False,0.0,0.0,50.0,0.0,0.0,0.0,0.0,0.0,50.0,0.0,0.0,-1,0.0,G2_TRADEABLE,tradeable_sell=False,-1,0.0,0.0,
BTC/USDT,894,2026-04-16 03:00:00,short,0.55018,81.73,0.6,74888.21,500.142143,low_med_up,False,False,False,False,False,0.0,0.0,50.0,0.0,0.0,0.0,0.0,0.0,50.0,0.0,0.0,-1,0.0,G2_TRADEABLE,tradeable_sell=False,-1,0.0,0.0,
BTC/USDT,895,2026-04-16 04:00:00,short,0.53639,82.14,0.6,74944.15,483.680714,low_med_up,False,False,False,False,False,0.0,0.0,50.0,0.0,0.0,0.0,0.0,0.0,50.0,0.0,0.0,-1,0.0,G2_TRADEABLE,tradeable_sell=False,-1,0.0,0.0,
BTC/USDT,896,2026-04-16 05:00:00,short,0.53865,78.14,0.6,75043.48,449.509286,low_med_up,False,False,False,False,False,0.0,0.0,50.0,0.0,0.0,0.0,0.0,0.0,50.0,0.0,0.0,-1,0.0,G2_TRADEABLE,tradeable_sell=False,-1,0.0,0.0,
BTC/USDT,897,2026-04-16 06:00:00,short,0.52689,83.66,0.6,75045.01,438.672857,low_med_up,False,False,False,False,False,0.0,0.0,50.0,0.0,0.0,0.0,0.0,0.0,50.0,0.0,0.0,-1,0.0,G2_TRADEABLE,tradeable_sell=False,-1,0.0,0.0,
BTC/USDT,898,2026-04-16 07:00:00,short,0.53439,88.63,0.6,74707.03,447.262857,low_med_up,False,False,False,False,False,0.0,0.0,50.0,0.0,0.0,0.0,0.0,0.0,50.0,0.0,0.0,-1,0.0,G2_TRADEABLE,tradeable_sell=False,-1,0.0,0.0,
BTC/USDT,899,2026-04-16 08:00:00,short,0.52096,78.12,0.6,74677.91,441.420714,low_med_up,False,False,False,False,False,0.0,0.0,50.0,0.0,0.0,0.0,0.0,0.0,50.0,0.0,0.0,-1,0.0,G2_TRADEABLE,tradeable_sell=False,-1,0.0,0.0,
BTC/USDT,900,2026-04-16 09:00:00,short,0.5351,73.32,0.6,74594.02,397.274286,low_med_up,False,False,False,False,False,0.0,0.0,50.0,0.0,0.0,0.0,0.0,0.0,50.0,0.0,0.0,-1,0.0,G2_TRADEABLE,tradeable_sell=False,-1,0.0,0.0,
BTC/USDT,901,2026-04-16 10:00:00,short,0.5229,79.91,0.6,74313.0,386.411429,low_low_up,True,True,False,False,False,0.0,0.0,50.0,0.0,0.0,0.0,0.0,0.0,50.0,0.0,0.0,-1,0.0,G2_TRADEABLE,tradeable_sell=False,-1,0.0,0.0,
BTC/USDT,902,2026-04-16 11:00:00,short,0.50875,97.5,0.6,74574.79,390.935714,low_med_flat,False,False,False,False,False,0.0,0.0,50.0,0.0,0.0,0.0,0.0,0.0,50.0,0.0,0.0,-1,0.0,G2_TRADEABLE,tradeable_sell=False,-1,0.0,0.0,
BTC/USDT,903,2026-04-16 12:00:00,short,0.51836,76.89,0.6,74624.0,363.237857,low_low_flat,False,False,False,False,False,0.0,0.0,50.0,0.0,0.0,0.0,0.0,0.0,50.0,0.0,0.0,-1,0.0,G2_TRADEABLE,tradeable_sell=False,-1,0.0,0.0,
BTC/USDT,904,2026-04-16 13:00:00,short,0.52607,84.16,0.6,73788.03,461.629286,med_med_flat,True,True,False,False,False,0.0,0.0,50.0,0.0,0.0,0.0,0.0,0.0,50.0,0.0,0.0,-1,0.0,G2_TRADEABLE,tradeable_sell=False,-1,0.0,0.0,
BTC/USDT,905,2026-04-16 14:00:00,short,0.51389,90.58,0.6,73973.33,486.410714,med_med_flat,True,True,False,False,False,0.0,0.0,50.0,0.0,0.0,0.0,0.0,0.0,50.0,0.0,0.0,-1,0.0,G2_TRADEABLE,tradeable_sell=False,-1,0.0,0.0,
BTC/USDT,906,2026-04-16 15:00:00,long,0.51948,89.03,0.6,74697.19,528.092143,med_med_up,False,True,False,False,False,0.0,0.0,50.0,0.0,0.0,0.0,0.0,0.0,50.0,0.0,0.0,-1,0.0,G2_TRADEABLE,tradeable_buy=False,-1,0.0,0.0,
BTC/USDT,907,2026-04-16 16:00:00,long,0.53304,86.15,0.6,74175.57,542.550714,med_med_flat,True,True,False,False,False,0.0,0.0,50.0,0.0,0.0,0.0,0.0,0.0,50.0,0.0,0.0,-1,0.0,G2_TRADEABLE,tradeable_buy=False,-1,0.0,0.0,
BTC/USDT,908,2026-04-16 17:00:00,long,0.51168,77.4,0.6,74343.25,559.145,med_med_flat,True,True,False,False,False,0.0,0.0,50.0,0.0,0.0,0.0,0.0,0.0,50.0,0.0,0.0,-1,0.0,G2_TRADEABLE,tradeable_buy=False,-1,0.0,0.0,
BTC/USDT,909,2026-04-16 18:00:00,long,0.51776,72.57,0.6,75026.71,587.903571,med_high_up,,,True,False,False,0.0,0.0,50.0,0.0,0.0,0.0,0.0,0.0,50.0,0.0,0.0,-1,0.0,G1_REGIME,regime='med_high_up' skipped=True reg_empty=False,-1,0.0,0.0,
BTC/USDT,910,2026-04-16 19:00:00,short,0.53761,89.13,0.6,75342.99,620.255,med_high_flat,,,True,False,False,0.0,0.0,50.0,0.0,0.0,0.0,0.0,0.0,50.0,0.0,0.0,-1,0.0,G1_REGIME,regime='med_high_flat' skipped=True reg_empty=False,-1,0.0,0.0,
BTC/USDT,911,2026-04-16 20:00:00,short,0.54342,63.4,0.6,75223.47,639.709286,med_high_flat,,,True,False,False,0.0,0.0,50.0,0.0,0.0,0.0,0.0,0.0,50.0,0.0,0.0,-1,0.0,G1_REGIME,regime='med_high_flat' skipped=True reg_empty=False,-1,0.0,0.0,
BTC/USDT,912,2026-04-16 21:00:00,short,0.50776,60.14,0.6,74934.24,643.297143,med_high_flat,,,True,False,False,0.0,0.0,50.0,0.0,0.0,0.0,0.0,0.0,50.0,0.0,0.0,-1,0.0,G1_REGIME,regime='med_high_flat' skipped=True reg_empty=False,-1,0.0,0.0,
BTC/USDT,913,2026-04-16 22:00:00,short,0.52153,59.19,0.6,74867.92,646.119286,med_high_flat,,,True,False,False,0.0,0.0,50.0,0.0,0.0,0.0,0.0,0.0,50.0,0.0,0.0,-1,0.0,G1_REGIME,regime='med_high_flat' skipped=True reg_empty=False,-1,0.0,0.0,
BTC/USDT,914,2026-04-16 23:00:00,long,0.51628,49.2,0.6,75154.29,648.215714,med_high_flat,,,True,False,False,0.0,0.0,50.0,0.0,0.0,0.0,0.0,0.0,50.0,0.0,0.0,-1,0.0,G1_REGIME,regime='med_high_flat' skipped=True reg_empty=False,-1,0.0,0.0,
BTC/USDT,915,2026-04-17 00:00:00,long,0.54682,54.13,0.6,74944.98,640.513571,med_high_flat,,,True,False,False,0.0,0.0,50.0,0.0,0.0,0.0,0.0,0.0,50.0,0.0,0.0,-1,0.0,G1_REGIME,regime='med_high_flat' skipped=True reg_empty=False,-1,0.0,0.0,
BTC/USDT,916,2026-04-17 01:00:00,short,0.50335,61.79,0.6,74750.0,646.672857,med_high_flat,,,True,False,False,0.0,0.0,50.0,0.0,0.0,0.0,0.0,0.0,50.0,0.0,0.0,-1,0.0,G1_REGIME,regime='med_high_flat' skipped=True reg_empty=False,-1,0.0,0.0,
BTC/USDT,917,2026-04-17 02:00:00,long,0.50132,44.27,0.6,74700.0,644.985,med_high_flat,,,True,False,False,0.0,0.0,50.0,0.0,0.0,0.0,0.0,0.0,50.0,0.0,0.0,-1,0.0,G1_REGIME,regime='med_high_flat' skipped=True reg_empty=False,-1,0.0,0.0,
BTC/USDT,918,2026-04-17 03:00:00,long,0.51189,50.01,0.6,74615.82,538.745714,med_med_flat,True,True,False,False,False,0.0,0.0,50.0,0.0,0.0,0.0,0.0,0.0,50.0,0.0,0.0,-1,0.0,G2_TRADEABLE,tradeable_buy=False,-1,0.0,0.0,
BTC/USDT,919,2026-04-17 04:00:00,long,0.51519,46.99,0.6,74791.39,503.806429,med_med_flat,True,True,False,False,False,0.0,0.0,50.0,0.0,0.0,0.0,0.0,0.0,50.0,0.0,0.0,-1,0.0,G2_TRADEABLE,tradeable_buy=False,-1,0.0,0.0,
BTC/USDT,920,2026-04-17 05:00:00,long,0.51268,42.3,0.6,74637.77,453.910714,med_med_flat,True,True,False,False,False,0.0,0.0,50.0,0.0,0.0,0.0,0.0,0.0,50.0,0.0,0.0,-1,0.0,G2_TRADEABLE,tradeable_buy=False,-1,0.0,0.0,
BTC/USDT,921,2026-04-17 06:00:00,long,0.50877,46.22,0.6,74938.52,416.509286,med_med_flat,True,True,False,False,False,0.0,0.0,50.0,0.0,0.0,0.0,0.0,0.0,50.0,0.0,0.0,-1,0.0,G2_TRADEABLE,tradeable_buy=False,-1,0.0,0.0,
BTC/USDT,922,2026-04-17 07:00:00,long,0.50063,50.51,0.6,75074.77,390.325714,med_low_flat,False,True,False,False,False,0.0,0.0,50.0,0.0,0.0,0.0,0.0,0.0,50.0,0.0,0.0,-1,0.0,G2_TRADEABLE,tradeable_buy=False,-1,0.0,0.0,
BTC/USDT,923,2026-04-17 08:00:00,long,0.50524,71.03,0.6,75780.38,393.162143,med_low_up,False,True,False,False,False,0.0,0.0,50.0,0.0,0.0,0.0,0.0,0.0,50.0,0.0,0.0,-1,0.0,G2_TRADEABLE,tradeable_buy=False,-1,0.0,0.0,
BTC/USDT,924,2026-04-17 09:00:00,long,0.501,73.34,0.6,75779.99,404.5,med_med_up,False,True,False,False,False,0.0,0.0,50.0,0.0,0.0,0.0,0.0,0.0,50.0,0.0,0.0,-1,0.0,G2_TRADEABLE,tradeable_buy=False,-1,0.0,0.0,
BTC/USDT,925,2026-04-17 10:00:00,long,0.50336,55.12,0.6,75278.77,422.808571,med_med_up,False,True,False,False,False,0.0,0.0,50.0,0.0,0.0,0.0,0.0,0.0,50.0,0.0,0.0,-1,0.0,G2_TRADEABLE,tradeable_buy=False,-1,0.0,0.0,
BTC/USDT,926,2026-04-17 11:00:00,long,0.51654,71.28,0.6,75589.7,413.245,med_med_up,False,True,False,False,False,0.0,0.0,50.0,0.0,0.0,0.0,0.0,0.0,50.0,0.0,0.0,-1,0.0,G2_TRADEABLE,tradeable_buy=False,-1,0.0,0.0,
BTC/USDT,927,2026-04-17 12:00:00,long,0.52863,79.92,0.6,76233.05,445.387143,med_med_up,False,True,False,False,False,0.0,0.0,50.0,0.0,0.0,0.0,0.0,0.0,50.0,0.0,0.0,-1,0.0,G2_TRADEABLE,tradeable_buy=False,-1,0.0,0.0,
BTC/USDT,928,2026-04-17 13:00:00,long,0.52375,85.95,0.6,77340.12,518.187143,high_med_up,,,True,False,False,0.0,0.0,50.0,0.0,0.0,0.0,0.0,0.0,50.0,0.0,0.0,-1,0.0,G1_REGIME,regime='high_med_up' skipped=True reg_empty=False,-1,0.0,0.0,
BTC/USDT,929,2026-04-17 14:00:00,long,0.5134,85.87,0.6,77886.77,573.126429,high_med_up,,,True,False,False,0.0,0.0,50.0,0.0,0.0,0.0,0.0,0.0,50.0,0.0,0.0,-1,0.0,G1_REGIME,regime='high_med_up' skipped=True reg_empty=False,-1,0.0,0.0,
BTC/USDT,930,2026-04-17 15:00:00,long,0.51565,68.26,0.6,77785.02,579.559286,high_med_up,,,True,False,False,0.0,0.0,50.0,0.0,0.0,0.0,0.0,0.0,50.0,0.0,0.0,-1,0.0,G1_REGIME,regime='high_med_up' skipped=True reg_empty=False,-1,0.0,0.0,
BTC/USDT,931,2026-04-17 16:00:00,short,0.50659,82.4,0.6,77857.14,604.860714,high_high_up,False,False,False,False,False,0.0,0.0,50.0,0.0,0.0,0.0,0.0,0.0,50.0,0.0,0.0,-1,0.0,G2_TRADEABLE,tradeable_sell=False,-1,0.0,0.0,
BTC/USDT,932,2026-04-17 17:00:00,short,0.50784,83.12,0.6,77520.59,646.51,high_high_up,False,False,False,False,False,0.0,0.0,50.0,0.0,0.0,0.0,0.0,0.0,50.0,0.0,0.0,-1,0.0,G2_TRADEABLE,tradeable_sell=False,-1,0.0,0.0,
BTC/USDT,933,2026-04-17 18:00:00,long,0.51003,71.9,0.6,77159.89,660.522143,high_high_up,False,False,False,False,False,0.0,0.0,50.0,0.0,0.0,0.0,0.0,0.0,50.0,0.0,0.0,-1,0.0,G2_TRADEABLE,tradeable_buy=False,-1,0.0,0.0,
BTC/USDT,934,2026-04-17 19:00:00,long,0.50031,62.48,0.6,77393.58,676.767143,high_high_up,False,False,False,False,False,0.0,0.0,50.0,0.0,0.0,0.0,0.0,0.0,50.0,0.0,0.0,-1,0.0,G2_TRADEABLE,tradeable_buy=False,-1,0.0,0.0,
BTC/USDT,935,2026-04-17 20:00:00,short,0.51266,80.59,0.6,77337.64,684.351429,high_high_up,False,False,False,False,False,0.0,0.0,50.0,0.0,0.0,0.0,0.0,0.0,50.0,0.0,0.0,-1,0.0,G2_TRADEABLE,tradeable_sell=False,-1,0.0,0.0,
BTC/USDT,936,2026-04-17 21:00:00,short,0.52342,79.84,0.6,77445.73,688.384286,high_high_up,False,False,False,False,False,0.0,0.0,50.0,0.0,0.0,0.0,0.0,0.0,50.0,0.0,0.0,-1,0.0,G2_TRADEABLE,tradeable_sell=False,-1,0.0,0.0,
BTC/USDT,937,2026-04-17 22:00:00,short,0.52344,81.63,0.6,77301.25,641.722143,high_high_up,False,False,False,False,False,0.0,0.0,50.0,0.0,0.0,0.0,0.0,0.0,50.0,0.0,0.0,-1,0.0,G2_TRADEABLE,tradeable_sell=False,-1,0.0,0.0,
BTC/USDT,938,2026-04-17 23:00:00,long,0.52676,80.12,0.6,77072.0,608.831429,high_high_up,False,False,False,False,False,0.0,0.0,50.0,0.0,0.0,0.0,0.0,0.0,50.0,0.0,0.0,-1,0.0,G2_TRADEABLE,tradeable_buy=False,-1,0.0,0.0,
BTC/USDT,939,2026-04-18 00:00:00,short,0.50025,69.84,0.6,77168.0,572.424286,high_med_up,,,True,False,False,0.0,0.0,50.0,0.0,0.0,0.0,0.0,0.0,50.0,0.0,0.0,-1,0.0,G1_REGIME,regime='high_med_up' skipped=True reg_empty=False,-1,0.0,0.0,
BTC/USDT,940,2026-04-18 01:00:00,short,0.50509,80.94,0.6,77218.07,561.789286,high_med_up,,,True,False,False,0.0,0.0,50.0,0.0,0.0,0.0,0.0,0.0,50.0,0.0,0.0,-1,0.0,G1_REGIME,regime='high_med_up' skipped=True reg_empty=False,-1,0.0,0.0,
BTC/USDT,941,2026-04-18 02:00:00,short,0.50082,80.61,0.6,77292.52,530.475,high_med_up,,,True,False,False,0.0,0.0,50.0,0.0,0.0,0.0,0.0,0.0,50.0,0.0,0.0,-1,0.0,G1_REGIME,regime='high_med_up' skipped=True reg_empty=False,-1,0.0,0.0,
BTC/USDT,942,2026-04-18 03:00:00,long,0.52454,74.78,0.6,77005.47,457.492143,high_med_up,,,True,False,False,0.0,0.0,50.0,0.0,0.0,0.0,0.0,0.0,50.0,0.0,0.0,-1,0.0,G1_REGIME,regime='high_med_up' skipped=True reg_empty=False,-1,0.0,0.0,
BTC/USDT,943,2026-04-18 04:00:00,long,0.51058,75.47,0.6,77100.74,403.269286,high_low_up,,,True,False,False,0.0,0.0,50.0,0.0,0.0,0.0,0.0,0.0,50.0,0.0,0.0,-1,0.0,G1_REGIME,regime='high_low_up' skipped=True reg_empty=False,-1,0.0,0.0,
BTC/USDT,944,2026-04-18 05:00:00,long,0.51636,75.38,0.6,77134.66,376.361429,high_low_up,,,True,False,False,0.0,0.0,50.0,0.0,0.0,0.0,0.0,0.0,50.0,0.0,0.0,-1,0.0,G1_REGIME,regime='high_low_up' skipped=True reg_empty=False,-1,0.0,0.0,
BTC/USDT,945,2026-04-18 06:00:00,long,0.51098,74.77,0.6,77136.01,342.847143,high_low_up,,,True,False,False,0.0,0.0,50.0,0.0,0.0,0.0,0.0,0.0,50.0,0.0,0.0,-1,0.0,G1_REGIME,regime='high_low_up' skipped=True reg_empty=False,-1,0.0,0.0,
BTC/USDT,946,2026-04-18 07:00:00,long,0.5307,73.92,0.6,76997.8,302.113571,high_low_up,,,True,False,False,0.0,0.0,50.0,0.0,0.0,0.0,0.0,0.0,50.0,0.0,0.0,-1,0.0,G1_REGIME,regime='high_low_up' skipped=True reg_empty=False,-1,0.0,0.0,
BTC/USDT,947,2026-04-18 08:00:00,long,0.51942,73.97,0.6,76738.63,307.085,high_low_up,,,True,False,False,0.0,0.0,50.0,0.0,0.0,0.0,0.0,0.0,50.0,0.0,0.0,-1,0.0,G1_REGIME,regime='high_low_up' skipped=True reg_empty=False,-1,0.0,0.0,
BTC/USDT,948,2026-04-18 09:00:00,long,0.53518,72.44,0.6,76599.89,296.786429,high_low_up,,,True,False,False,0.0,0.0,50.0,0.0,0.0,0.0,0.0,0.0,50.0,0.0,0.0,-1,0.0,G1_REGIME,regime='high_low_up' skipped=True reg_empty=False,-1,0.0,0.0,
BTC/USDT,949,2026-04-18 10:00:00,long,0.52496,82.43,0.6,76189.56,297.930714,high_low_up,,,True,False,False,0.0,0.0,50.0,0.0,0.0,0.0,0.0,0.0,50.0,0.0,0.0,-1,0.0,G1_REGIME,regime='high_low_up' skipped=True reg_empty=False,-1,0.0,0.0,
BTC/USDT,950,2026-04-18 11:00:00,long,0.52626,86.2,0.6,76039.05,312.918571,high_low_up,,,True,False,False,0.0,0.0,50.0,0.0,0.0,0.0,0.0,0.0,50.0,0.0,0.0,-1,0.0,G1_REGIME,regime='high_low_up' skipped=True reg_empty=False,-1,0.0,0.0,
BTC/USDT,951,2026-04-18 12:00:00,long,0.50593,82.89,0.6,76206.97,314.740714,med_low_flat,False,True,False,False,False,0.0,0.0,50.0,0.0,0.0,0.0,0.0,0.0,50.0,0.0,0.0,-1,0.0,G2_TRADEABLE,tradeable_buy=False,-1,0.0,0.0,
BTC/USDT,952,2026-04-18 13:00:00,long,0.50805,81.72,0.6,76122.87,316.467143,med_low_down,False,True,False,False,False,0.0,0.0,50.0,0.0,0.0,0.0,0.0,0.0,50.0,0.0,0.0,-1,0.0,G2_TRADEABLE,tradeable_buy=False,-1,0.0,0.0,
BTC/USDT,953,2026-04-18 14:00:00,long,0.50029,84.08,0.6,76249.99,319.92,low_low_down,True,True,False,False,False,0.0,0.0,50.0,0.0,0.0,0.0,0.0,0.0,50.0,0.0,0.0,-1,0.0,G2_TRADEABLE,tradeable_buy=False,-1,0.0,0.0,
BTC/USDT,954,2026-04-18 15:00:00,short,0.5201,57.69,0.6,76167.34,330.316429,low_low_down,True,True,False,False,False,0.0,0.0,50.0,0.0,0.0,0.0,0.0,0.0,50.0,0.0,0.0,-1,0.0,G2_TRADEABLE,tradeable_sell=False,-1,0.0,0.0,
BTC/USDT,955,2026-04-18 16:00:00,short,0.50173,65.03,0.6,75943.35,346.394286,low_low_down,True,True,False,False,False,0.0,0.0,50.0,0.0,0.0,0.0,0.0,0.0,50.0,0.0,0.0,-1,0.0,G2_TRADEABLE,tradeable_sell=False,-1,0.0,0.0,
BTC/USDT,956,2026-04-18 17:00:00,long,0.50854,76.18,0.6,75828.51,335.341429,low_low_down,True,True,False,False,False,0.0,0.0,50.0,0.0,0.0,0.0,0.0,0.0,50.0,0.0,0.0,-1,0.0,G2_TRADEABLE,tradeable_buy=False,-1,0.0,0.0,
BTC/USDT,957,2026-04-18 18:00:00,long,0.50582,85.32,0.6,75651.78,344.021429,low_low_down,True,True,False,False,False,0.0,0.0,50.0,0.0,0.0,0.0,0.0,0.0,50.0,0.0,0.0,-1,0.0,G2_TRADEABLE,tradeable_buy=False,-1,0.0,0.0,
BTC/USDT,958,2026-04-18 19:00:00,long,0.50125,75.3,0.6,75649.85,347.182143,low_low_down,True,True,False,False,False,0.0,0.0,50.0,0.0,0.0,0.0,0.0,0.0,50.0,0.0,0.0,-1,0.0,G2_TRADEABLE,tradeable_buy=False,-1,0.0,0.0,
BTC/USDT,959,2026-04-18 20:00:00,long,0.50359,84.72,0.6,75754.78,351.986429,low_low_down,True,True,False,False,False,0.0,0.0,50.0,0.0,0.0,0.0,0.0,0.0,50.0,0.0,0.0,-1,0.0,G2_TRADEABLE,tradeable_buy=False,-1,0.0,0.0,
BTC/USDT,960,2026-04-18 21:00:00,short,0.50424,55.21,0.6,75821.34,351.518571,low_low_down,True,True,False,False,False,0.0,0.0,50.0,0.0,0.0,0.0,0.0,0.0,50.0,0.0,0.0,-1,0.0,G2_TRADEABLE,tradeable_sell=False,-1,0.0,0.0,
BTC/USDT,961,2026-04-18 22:00:00,short,0.51642,55.5,0.6,75813.53,331.319286,low_low_down,True,True,False,False,False,0.0,0.0,50.0,0.0,0.0,0.0,0.0,0.0,50.0,0.0,0.0,-1,0.0,G2_TRADEABLE,tradeable_sell=False,-1,0.0,0.0,
BTC/USDT,962,2026-04-18 23:00:00,short,0.50739,55.08,0.6,75691.76,322.511429,low_low_down,True,True,False,False,False,0.0,0.0,50.0,0.0,0.0,0.0,0.0,0.0,50.0,0.0,0.0,-1,0.0,G2_TRADEABLE,tradeable_sell=False,-1,0.0,0.0,
BTC/USDT,963,2026-04-19 00:00:00,short,0.50763,67.93,0.6,75693.01,310.233571,low_low_down,True,True,False,False,False,0.0,0.0,50.0,0.0,0.0,0.0,0.0,0.0,50.0,0.0,0.0,-1,0.0,G2_TRADEABLE,tradeable_sell=False,-1,0.0,0.0,
BTC/USDT,964,2026-04-19 01:00:00,long,0.5041,80.01,0.6,75621.95,304.202143,low_low_down,True,True,False,False,False,0.0,0.0,50.0,0.0,0.0,0.0,0.0,0.0,50.0,0.0,0.0,-1,0.0,G2_TRADEABLE,tradeable_buy=False,-1,0.0,0.0,
BTC/USDT,965,2026-04-19 02:00:00,short,0.50585,57.69,0.6,75496.0,308.017857,low_low_down,True,True,False,False,False,0.0,0.0,50.0,0.0,0.0,0.0,0.0,0.0,50.0,0.0,0.0,-1,0.0,G2_TRADEABLE,tradeable_sell=False,-1,0.0,0.0,
BTC/USDT,966,2026-04-19 03:00:00,long,0.50773,76.87,0.6,75515.77,298.394286,low_low_down,True,True,False,False,False,0.0,0.0,50.0,0.0,0.0,0.0,0.0,0.0,50.0,0.0,0.0,-1,0.0,G2_TRADEABLE,tradeable_buy=False,-1,0.0,0.0,
BTC/USDT,967,2026-04-19 04:00:00,short,0.51297,58.59,0.6,75664.62,300.502143,low_low_down,True,True,False,False,False,0.0,0.0,50.0,0.0,0.0,0.0,0.0,0.0,50.0,0.0,0.0,-1,0.0,G2_TRADEABLE,tradeable_sell=False,-1,0.0,0.0,
BTC/USDT,968,2026-04-19 05:00:00,long,0.52295,77.43,0.6,75545.6,286.992857,low_low_down,True,True,False,False,False,0.0,0.0,50.0,0.0,0.0,0.0,0.0,0.0,50.0,0.0,0.0,-1,0.0,G2_TRADEABLE,tradeable_buy=False,-1,0.0,0.0,
BTC/USDT,969,2026-04-19 06:00:00,long,0.52059,82.65,0.6,75400.09,268.717143,low_low_down,True,True,False,False,False,0.0,0.0,50.0,0.0,0.0,0.0,0.0,0.0,50.0,0.0,0.0,-1,0.0,G2_TRADEABLE,tradeable_buy=False,-1,0.0,0.0,
BTC/USDT,970,2026-04-19 07:00:00,short,0.52066,82.96,0.6,75252.34,293.919286,low_low_down,True,True,False,False,False,0.0,0.0,50.0,0.0,0.0,0.0,0.0,0.0,50.0,0.0,0.0,-1,0.0,G2_TRADEABLE,tradeable_sell=False,-1,0.0,0.0,
BTC/USDT,971,2026-04-19 08:00:00,long,0.51837,82.46,0.6,75257.6,281.698571,low_low_down,True,True,False,False,False,0.0,0.0,50.0,0.0,0.0,0.0,0.0,0.0,50.0,0.0,0.0,-1,0.0,G2_TRADEABLE,tradeable_buy=False,-1,0.0,0.0,
BTC/USDT,972,2026-04-19 09:00:00,short,0.5201,62.62,0.6,75015.0,290.352857,low_low_down,True,True,False,False,False,0.0,0.0,50.0,0.0,0.0,0.0,0.0,0.0,50.0,0.0,0.0,-1,0.0,G2_TRADEABLE,tradeable_sell=False,-1,0.0,0.0,
BTC/USDT,973,2026-04-19 10:00:00,short,0.50869,70.9,0.6,75222.45,296.302143,low_low_down,True,True,False,False,False,0.0,0.0,50.0,0.0,0.0,0.0,0.0,0.0,50.0,0.0,0.0,-1,0.0,G2_TRADEABLE,tradeable_sell=False,-1,0.0,0.0,
BTC/USDT,974,2026-04-19 11:00:00,short,0.52592,82.17,0.6,75604.11,309.557143,low_low_flat,False,False,False,False,False,0.0,0.0,50.0,0.0,0.0,0.0,0.0,0.0,50.0,0.0,0.0,-1,0.0,G2_TRADEABLE,tradeable_sell=False,-1,0.0,0.0,
BTC/USDT,975,2026-04-19 12:00:00,short,0.53923,83.78,0.6,75571.6,309.822857,low_low_flat,False,False,False,False,False,0.0,0.0,50.0,0.0,0.0,0.0,0.0,0.0,50.0,0.0,0.0,-1,0.0,G2_TRADEABLE,tradeable_sell=False,-1,0.0,0.0,
BTC/USDT,976,2026-04-19 13:00:00,short,0.52968,94.07,0.6,75921.75,344.270714,low_low_flat,False,False,False,False,False,0.0,0.0,50.0,0.0,0.0,0.0,0.0,0.0,50.0,0.0,0.0,-1,0.0,G2_TRADEABLE,tradeable_sell=False,-1,0.0,0.0,
BTC/USDT,977,2026-04-19 14:00:00,short,0.53788,90.35,0.6,76024.01,356.897143,low_low_flat,False,False,False,False,False,0.0,0.0,50.0,0.0,0.0,0.0,0.0,0.0,50.0,0.0,0.0,-1,0.0,G2_TRADEABLE,tradeable_sell=False,-1,0.0,0.0,
BTC/USDT,978,2026-04-19 15:00:00,short,0.54563,94.82,0.6,75846.63,386.361429,low_low_flat,False,False,False,False,False,0.0,0.0,50.0,0.0,0.0,0.0,0.0,0.0,50.0,0.0,0.0,-1,0.0,G2_TRADEABLE,tradeable_sell=False,-1,0.0,0.0,
BTC/USDT,979,2026-04-19 16:00:00,short,0.53127,80.94,0.6,75382.86,402.631429,low_med_flat,False,False,False,False,False,0.0,0.0,50.0,0.0,0.0,0.0,0.0,0.0,50.0,0.0,0.0,-1,0.0,G2_TRADEABLE,tradeable_sell=False,-1,0.0,0.0,
BTC/USDT,980,2026-04-19 17:00:00,short,0.56017,81.07,0.6,74791.26,435.782857,low_med_down,False,True,False,False,False,0.0,0.0,50.0,0.0,0.0,0.0,0.0,0.0,50.0,0.0,0.0,-1,0.0,G2_TRADEABLE,tradeable_sell=False,-1,0.0,0.0,
BTC/USDT,981,2026-04-19 18:00:00,short,0.53719,76.03,0.6,74770.11,431.667857,low_med_down,False,True,False,False,False,0.0,0.0,50.0,0.0,0.0,0.0,0.0,0.0,50.0,0.0,0.0,-1,0.0,G2_TRADEABLE,tradeable_sell=False,-1,0.0,0.0,
BTC/USDT,982,2026-04-19 19:00:00,short,0.52759,70.07,0.6,74965.47,441.014286,low_med_flat,False,False,False,False,False,0.0,0.0,50.0,0.0,0.0,0.0,0.0,0.0,50.0,0.0,0.0,-1,0.0,G2_TRADEABLE,tradeable_sell=False,-1,0.0,0.0,
BTC/USDT,983,2026-04-19 20:00:00,short,0.53128,74.44,0.6,74630.0,460.532857,low_med_down,False,True,False,False,False,0.0,0.0,50.0,0.0,0.0,0.0,0.0,0.0,50.0,0.0,0.0,-1,0.0,G2_TRADEABLE,tradeable_sell=False,-1,0.0,0.0,
BTC/USDT,984,2026-04-19 21:00:00,short,0.52597,73.13,0.6,74425.15,454.035,low_med_down,False,True,False,False,False,0.0,0.0,50.0,0.0,0.0,0.0,0.0,0.0,50.0,0.0,0.0,-1,0.0,G2_TRADEABLE,tradeable_sell=False,-1,0.0,0.0,
BTC/USDT,985,2026-04-19 22:00:00,short,0.50091,94.54,0.6,74047.34,485.024286,low_med_down,False,True,False,False,False,0.0,0.0,50.0,0.0,0.0,0.0,0.0,0.0,50.0,0.0,0.0,-1,0.0,G2_TRADEABLE,tradeable_sell=False,-1,0.0,0.0,
BTC/USDT,986,2026-04-19 23:00:00,long,0.50001,58.38,0.6,73801.79,479.378571,low_med_down,False,True,False,False,False,0.0,0.0,50.0,0.0,0.0,0.0,0.0,0.0,50.0,0.0,0.0,-1,0.0,G2_TRADEABLE,tradeable_buy=False,-1,0.0,0.0,
BTC/USDT,987,2026-04-20 00:00:00,long,0.50611,67.66,0.6,74280.01,502.733571,low_med_down,False,True,False,False,False,0.0,0.0,50.0,0.0,0.0,0.0,0.0,0.0,50.0,0.0,0.0,-1,0.0,G2_TRADEABLE,tradeable_buy=False,-1,0.0,0.0,
BTC/USDT,988,2026-04-20 01:00:00,long,0.51857,66.8,0.6,74595.13,510.392857,low_med_down,False,True,False,False,False,0.0,0.0,50.0,0.0,0.0,0.0,0.0,0.0,50.0,0.0,0.0,-1,0.0,G2_TRADEABLE,tradeable_buy=False,-1,0.0,0.0,
BTC/USDT,989,2026-04-20 02:00:00,long,0.5265,66.66,0.6,74410.01,514.337143,low_med_down,False,True,False,False,False,0.0,0.0,50.0,0.0,0.0,0.0,0.0,0.0,50.0,0.0,0.0,-1,0.0,G2_TRADEABLE,tradeable_buy=False,-1,0.0,0.0,
BTC/USDT,990,2026-04-20 03:00:00,long,0.51985,59.69,0.6,74634.0,485.293571,low_med_down,False,True,False,False,False,0.0,0.0,50.0,0.0,0.0,0.0,0.0,0.0,50.0,0.0,0.0,-1,0.0,G2_TRADEABLE,tradeable_buy=False,-1,0.0,0.0,
BTC/USDT,991,2026-04-20 04:00:00,short,0.53636,48.36,0.6,74567.64,465.992143,low_med_down,False,True,False,False,False,0.0,0.0,50.0,0.0,0.0,0.0,0.0,0.0,50.0,0.0,0.0,-1,0.0,G2_TRADEABLE,tradeable_sell=False,-1,0.0,0.0,
BTC/USDT,992,2026-04-20 05:00:00,short,0.51657,72.02,0.6,74264.15,445.892143,low_med_down,False,True,False,False,False,0.0,0.0,50.0,0.0,0.0,0.0,0.0,0.0,50.0,0.0,0.0,-1,0.0,G2_TRADEABLE,tradeable_sell=False,-1,0.0,0.0,
BTC/USDT,993,2026-04-20 06:00:00,short,0.53411,67.4,0.6,74786.59,453.175,low_med_flat,False,False,False,False,False,0.0,0.0,50.0,0.0,0.0,0.0,0.0,0.0,50.0,0.0,0.0,-1,0.0,G2_TRADEABLE,tradeable_sell=False,-1,0.0,0.0,
BTC/USDT,994,2026-04-20 07:00:00,short,0.53438,89.01,0.6,74837.17,464.359286,low_med_flat,False,False,False,False,False,0.0,0.0,50.0,0.0,0.0,0.0,0.0,0.0,50.0,0.0,0.0,-1,0.0,G2_TRADEABLE,tradeable_sell=False,-1,0.0,0.0,
BTC/USDT,995,2026-04-20 08:00:00,short,0.52914,68.41,0.6,74728.91,469.987857,low_med_flat,False,False,False,False,False,0.0,0.0,50.0,0.0,0.0,0.0,0.0,0.0,50.0,0.0,0.0,-1,0.0,G2_TRADEABLE,tradeable_sell=False,-1,0.0,0.0,
BTC/USDT,996,2026-04-20 09:00:00,short,0.52608,74.69,0.6,75062.77,486.032857,low_med_flat,False,False,False,False,False,0.0,0.0,50.0,0.0,0.0,0.0,0.0,0.0,50.0,0.0,0.0,-1,0.0,G2_TRADEABLE,tradeable_sell=False,-1,0.0,0.0,
BTC/USDT,997,2026-04-20 10:00:00,short,0.52959,72.86,0.6,75027.26,476.251429,low_med_flat,False,False,False,False,False,0.0,0.0,50.0,0.0,0.0,0.0,0.0,0.0,50.0,0.0,0.0,-1,0.0,G2_TRADEABLE,tradeable_sell=False,-1,0.0,0.0,
BTC/USDT,998,2026-04-20 11:00:00,short,0.55177,80.89,0.6,75192.71,468.320714,low_med_flat,False,False,False,False,False,0.0,0.0,50.0,0.0,0.0,0.0,0.0,0.0,50.0,0.0,0.0,-1,0.0,G2_TRADEABLE,tradeable_sell=False,-1,0.0,0.0,
BTC/USDT,999,2026-04-20 12:00:00,short,0.56,88.18,0.6,75289.9,464.312143,low_med_flat,False,False,False,False,False,0.0,0.0,50.0,0.0,0.0,0.0,0.0,0.0,50.0,0.0,0.0,-1,0.0,G2_TRADEABLE,tradeable_sell=False,-1,0.0,0.0,
BTC/USDT,1000,2026-04-20 13:00:00,short,0.53662,89.51,0.6,75269.38,486.532143,low_med_flat,False,False,False,False,False,0.0,0.0,50.0,0.0,0.0,0.0,0.0,0.0,50.0,0.0,0.0,-1,0.0,G2_TRADEABLE,tradeable_sell=False,-1,0.0,0.0,
BTC/USDT,1001,2026-04-20 14:00:00,short,0.51766,100.0,0.6,75034.79,501.475,low_med_down,False,True,False,False,False,0.0,0.0,50.0,0.0,0.0,0.0,0.0,0.0,50.0,0.0,0.0,-1,0.0,G2_TRADEABLE,tradeable_sell=False,-1,0.0,0.0,
BTC/USDT,1002,2026-04-20 15:00:00,short,0.50567,100.0,0.6,75716.77,539.936429,low_med_flat,False,False,False,False,False,0.0,0.0,50.0,0.0,0.0,0.0,0.0,0.0,50.0,0.0,0.0,-1,0.0,G2_TRADEABLE,tradeable_sell=False,-1,0.0,0.0,
BTC/USDT,1003,2026-04-20 16:00:00,long,0.50762,71.84,0.6,75338.74,547.192143,low_med_flat,False,False,False,False,False,0.0,0.0,50.0,0.0,0.0,0.0,0.0,0.0,50.0,0.0,0.0,-1,0.0,G2_TRADEABLE,tradeable_buy=False,-1,0.0,0.0,
BTC/USDT,1004,2026-04-20 17:00:00,long,0.50274,74.83,0.6,75898.14,577.187857,low_med_up,False,False,False,False,False,0.0,0.0,50.0,0.0,0.0,0.0,0.0,0.0,50.0,0.0,0.0,-1,0.0,G2_TRADEABLE,tradeable_buy=False,-1,0.0,0.0,
BTC/USDT,1005,2026-04-20 18:00:00,short,0.56194,100.0,0.6,76423.69,602.388571,med_high_up,,,True,False,False,0.0,0.0,50.0,0.0,0.0,0.0,0.0,0.0,50.0,0.0,0.0,-1,0.0,G1_REGIME,regime='med_high_up' skipped=True reg_empty=False,-1,0.0,0.0,
BTC/USDT,1006,2026-04-20 19:00:00,short,0.54413,100.0,0.6,76296.96,592.368571,med_high_up,,,True,False,False,0.0,0.0,50.0,0.0,0.0,0.0,0.0,0.0,50.0,0.0,0.0,-1,0.0,G1_REGIME,regime='med_high_up' skipped=True reg_empty=False,-1,0.0,0.0,
BTC/USDT,1007,2026-04-20 20:00:00,short,0.51465,100.0,0.6,76276.17,578.185714,med_med_up,False,True,False,False,False,0.0,0.0,50.0,0.0,0.0,0.0,0.0,0.0,50.0,0.0,0.0,-1,0.0,G2_TRADEABLE,tradeable_sell=False,-1,0.0,0.0,
BTC/USDT,1008,2026-04-20 21:00:00,long,0.50062,70.12,0.6,75954.71,554.757857,med_med_up,False,True,False,False,False,0.0,0.0,50.0,0.0,0.0,0.0,0.0,0.0,50.0,0.0,0.0,-1,0.0,G2_TRADEABLE,tradeable_buy=False,-1,0.0,0.0,
BTC/USDT,1009,2026-04-20 22:00:00,short,0.52315,76.78,0.6,75974.24,544.750714,med_med_up,False,True,False,False,False,0.0,0.0,50.0,0.0,0.0,0.0,0.0,0.0,50.0,0.0,0.0,-1,0.0,G2_TRADEABLE,tradeable_sell=False,-1,0.0,0.0,
BTC/USDT,1010,2026-04-20 23:00:00,short,0.51986,78.86,0.6,75840.97,532.644286,med_med_up,False,True,False,False,False,0.0,0.0,50.0,0.0,0.0,0.0,0.0,0.0,50.0,0.0,0.0,-1,0.0,G2_TRADEABLE,tradeable_sell=False,-1,0.0,0.0,
BTC/USDT,1011,2026-04-21 00:00:00,short,0.50499,79.06,0.6,76092.45,532.515,med_med_up,False,True,False,False,False,0.0,0.0,50.0,0.0,0.0,0.0,0.0,0.0,50.0,0.0,0.0,-1,0.0,G2_TRADEABLE,tradeable_sell=False,-1,0.0,0.0,
BTC/USDT,1012,2026-04-21 01:00:00,short,0.52601,80.68,0.6,75927.59,537.302143,med_med_up,False,True,False,False,False,0.0,0.0,50.0,0.0,0.0,0.0,0.0,0.0,50.0,0.0,0.0,-1,0.0,G2_TRADEABLE,tradeable_sell=False,-1,0.0,0.0,
BTC/USDT,1013,2026-04-21 02:00:00,long,0.50214,66.9,0.6,75581.33,519.199286,med_med_up,False,True,False,False,False,0.0,0.0,50.0,0.0,0.0,0.0,0.0,0.0,50.0,0.0,0.0,-1,0.0,G2_TRADEABLE,tradeable_buy=False,-1,0.0,0.0,
BTC/USDT,1014,2026-04-21 03:00:00,long,0.51809,66.59,0.6,75710.3,495.702857,med_med_up,False,True,False,False,False,0.0,0.0,50.0,0.0,0.0,0.0,0.0,0.0,50.0,0.0,0.0,-1,0.0,G2_TRADEABLE,tradeable_buy=False,-1,0.0,0.0,
BTC/USDT,1015,2026-04-21 04:00:00,long,0.51967,65.7,0.6,75813.81,451.286429,med_med_up,False,True,False,False,False,0.0,0.0,50.0,0.0,0.0,0.0,0.0,0.0,50.0,0.0,0.0,-1,0.0,G2_TRADEABLE,tradeable_buy=False,-1,0.0,0.0,
BTC/USDT,1016,2026-04-21 05:00:00,long,0.52793,66.15,0.6,75802.0,388.974286,med_low_up,False,True,False,False,False,0.0,0.0,50.0,0.0,0.0,0.0,0.0,0.0,50.0,0.0,0.0,-1,0.0,G2_TRADEABLE,tradeable_buy=False,-1,0.0,0.0,
BTC/USDT,1017,2026-04-21 06:00:00,long,0.51982,68.32,0.6,75974.11,389.072143,med_low_up,False,True,False,False,False,0.0,0.0,50.0,0.0,0.0,0.0,0.0,0.0,50.0,0.0,0.0,-1,0.0,G2_TRADEABLE,tradeable_buy=False,-1,0.0,0.0,
BTC/USDT,1018,2026-04-21 07:00:00,long,0.50559,77.19,0.6,76084.34,373.657143,med_low_up,False,True,False,False,False,0.0,0.0,50.0,0.0,0.0,0.0,0.0,0.0,50.0,0.0,0.0,-1,0.0,G2_TRADEABLE,tradeable_buy=False,-1,0.0,0.0,
BTC/USDT,1019,2026-04-21 08:00:00,short,0.54281,85.61,0.6,76507.21,395.695714,med_low_up,False,True,False,False,False,0.0,0.0,50.0,0.0,0.0,0.0,0.0,0.0,50.0,0.0,0.0,-1,0.0,G2_TRADEABLE,tradeable_sell=False,-1,0.0,0.0,
BTC/USDT,1020,2026-04-21 09:00:00,short,0.52868,61.55,0.6,76362.77,402.884286,med_med_up,False,True,False,False,False,0.0,0.0,50.0,0.0,0.0,0.0,0.0,0.0,50.0,0.0,0.0,-1,0.0,G2_TRADEABLE,tradeable_sell=False,-1,0.0,0.0,
BTC/USDT,1021,2026-04-21 10:00:00,short,0.55557,60.23,0.6,76746.41,407.985,med_med_up,False,True,False,False,False,0.0,0.0,50.0,0.0,0.0,0.0,0.0,0.0,50.0,0.0,0.0,-1,0.0,G2_TRADEABLE,tradeable_sell=False,-1,0.0,0.0,
BTC/USDT,1022,2026-04-21 11:00:00,short,0.53032,62.13,0.6,76452.94,396.237143,med_low_up,False,True,False,False,False,0.0,0.0,50.0,0.0,0.0,0.0,0.0,0.0,50.0,0.0,0.0,-1,0.0,G2_TRADEABLE,tradeable_sell=False,-1,0.0,0.0,
BTC/USDT,1023,2026-04-21 12:00:00,long,0.51463,54.7,0.6,76009.46,437.648571,med_med_up,False,True,False,False,False,0.0,0.0,50.0,0.0,0.0,0.0,0.0,0.0,50.0,0.0,0.0,-1,0.0,G2_TRADEABLE,tradeable_buy=False,-1,0.0,0.0,
BTC/USDT,1024,2026-04-21 13:00:00,long,0.53711,49.63,0.6,75899.98,443.847143,med_med_up,False,True,False,False,False,0.0,0.0,50.0,0.0,0.0,0.0,0.0,0.0,50.0,0.0,0.0,-1,0.0,G2_TRADEABLE,tradeable_buy=False,-1,0.0,0.0,
BTC/USDT,1025,2026-04-21 14:00:00,long,0.51892,70.31,0.6,75675.05,484.620714,med_med_up,False,True,False,False,False,0.0,0.0,50.0,0.0,0.0,0.0,0.0,0.0,50.0,0.0,0.0,-1,0.0,G2_TRADEABLE,tradeable_buy=False,-1,0.0,0.0,
BTC/USDT,1026,2026-04-21 15:00:00,long,0.52818,60.81,0.6,75834.65,495.461429,med_med_flat,True,True,False,False,False,0.0,0.0,50.0,0.0,0.0,0.0,0.0,0.0,50.0,0.0,0.0,-1,0.0,G2_TRADEABLE,tradeable_buy=False,-1,0.0,0.0,
BTC/USDT,1027,2026-04-21 16:00:00,long,0.53603,65.45,0.6,75781.18,501.034286,med_med_up,False,True,False,False,False,0.0,0.0,50.0,0.0,0.0,0.0,0.0,0.0,50.0,0.0,0.0,-1,0.0,G2_TRADEABLE,tradeable_buy=False,-1,0.0,0.0,
BTC/USDT,1028,2026-04-21 17:00:00,short,0.50659,58.29,0.6,75545.62,544.890714,med_med_flat,True,True,False,False,False,0.0,0.0,50.0,0.0,0.0,0.0,0.0,0.0,50.0,0.0,0.0,-1,0.0,G2_TRADEABLE,tradeable_sell=False,-1,0.0,0.0,
BTC/USDT,1029,2026-04-21 18:00:00,long,0.51013,62.16,0.6,75610.21,554.452857,med_med_flat,True,True,False,False,False,0.0,0.0,50.0,0.0,0.0,0.0,0.0,0.0,50.0,0.0,0.0,-1,0.0,G2_TRADEABLE,tradeable_buy=False,-1,0.0,0.0,
BTC/USDT,1030,2026-04-21 19:00:00,short,0.52397,60.8,0.6,75023.43,618.708571,med_high_down,,,True,False,False,0.0,0.0,50.0,0.0,0.0,0.0,0.0,0.0,50.0,0.0,0.0,-1,0.0,G1_REGIME,regime='med_high_down' skipped=True reg_empty=False,-1,0.0,0.0,
BTC/USDT,1031,2026-04-21 20:00:00,long,0.53274,68.12,0.6,75698.51,651.985714,low_high_flat,,,True,False,False,0.0,0.0,50.0,0.0,0.0,0.0,0.0,0.0,50.0,0.0,0.0,-1,0.0,G1_REGIME,regime='low_high_flat' skipped=True reg_empty=False,-1,0.0,0.0,
BTC/USDT,1032,2026-04-21 21:00:00,long,0.51083,56.75,0.6,75549.99,641.987143,low_high_flat,,,True,False,False,0.0,0.0,50.0,0.0,0.0,0.0,0.0,0.0,50.0,0.0,0.0,-1,0.0,G1_REGIME,regime='low_high_flat' skipped=True reg_empty=False,-1,0.0,0.0,
BTC/USDT,1033,2026-04-21 22:00:00,long,0.51424,61.32,0.6,75650.04,605.161429,low_high_flat,,,True,False,False,0.0,0.0,50.0,0.0,0.0,0.0,0.0,0.0,50.0,0.0,0.0,-1,0.0,G1_REGIME,regime='low_high_flat' skipped=True reg_empty=False,-1,0.0,0.0,
BTC/USDT,1034,2026-04-21 23:00:00,long,0.55623,48.43,0.6,76336.15,631.629286,low_high_up,,,True,False,False,0.0,0.0,50.0,0.0,0.0,0.0,0.0,0.0,50.0,0.0,0.0,-1,0.0,G1_REGIME,regime='low_high_up' skipped=True reg_empty=False,-1,0.0,0.0,
BTC/USDT,1035,2026-04-22 00:00:00,long,0.50882,46.94,0.6,76370.45,614.675,low_high_flat,,,True,False,False,0.0,0.0,50.0,0.0,0.0,0.0,0.0,0.0,50.0,0.0,0.0,-1,0.0,G1_REGIME,regime='low_high_flat' skipped=True reg_empty=False,-1,0.0,0.0,
BTC/USDT,1036,2026-04-22 01:00:00,short,0.50629,59.84,0.6,76297.99,605.718571,low_high_flat,,,True,False,False,0.0,0.0,50.0,0.0,0.0,0.0,0.0,0.0,50.0,0.0,0.0,-1,0.0,G1_REGIME,regime='low_high_flat' skipped=True reg_empty=False,-1,0.0,0.0,
BTC/USDT,1037,2026-04-22 02:00:00,short,0.50351,80.88,0.6,77604.71,648.745,med_high_up,,,True,False,False,0.0,0.0,50.0,0.0,0.0,0.0,0.0,0.0,50.0,0.0,0.0,-1,0.0,G1_REGIME,regime='med_high_up' skipped=True reg_empty=False,-1,0.0,0.0,
BTC/USDT,1038,2026-04-22 03:00:00,short,0.50717,65.77,0.6,77521.48,641.017143,med_high_up,,,True,False,False,0.0,0.0,50.0,0.0,0.0,0.0,0.0,0.0,50.0,0.0,0.0,-1,0.0,G1_REGIME,regime='med_high_up' skipped=True reg_empty=False,-1,0.0,0.0,
BTC/USDT,1039,2026-04-22 04:00:00,short,0.50092,58.59,0.6,77523.0,595.712143,med_med_up,False,True,False,False,False,0.0,0.0,50.0,0.0,0.0,0.0,0.0,0.0,50.0,0.0,0.0,-1,0.0,G2_TRADEABLE,tradeable_sell=False,-1,0.0,0.0,
BTC/USDT,1040,2026-04-22 05:00:00,short,0.51514,81.2,0.6,77994.93,628.070714,med_high_up,,,True,False,False,0.0,0.0,50.0,0.0,0.0,0.0,0.0,0.0,50.0,0.0,0.0,-1,0.0,G1_REGIME,regime='med_high_up' skipped=True reg_empty=False,-1,0.0,0.0,
BTC/USDT,1041,2026-04-22 06:00:00,short,0.50766,59.03,0.6,78010.72,607.507857,med_high_up,,,True,False,False,0.0,0.0,50.0,0.0,0.0,0.0,0.0,0.0,50.0,0.0,0.0,-1,0.0,G1_REGIME,regime='med_high_up' skipped=True reg_empty=False,-1,0.0,0.0,
BTC/USDT,1042,2026-04-22 07:00:00,short,0.51841,62.2,0.6,78012.79,566.483571,med_med_up,False,True,False,False,False,0.0,0.0,50.0,0.0,0.0,0.0,0.0,0.0,50.0,0.0,0.0,-1,0.0,G2_TRADEABLE,tradeable_sell=False,-1,0.0,0.0,
BTC/USDT,1043,2026-04-22 08:00:00,short,0.52302,84.82,0.6,78010.92,560.802143,med_med_up,False,True,False,False,False,0.0,0.0,50.0,0.0,0.0,0.0,0.0,0.0,50.0,0.0,0.0,-1,0.0,G2_TRADEABLE,tradeable_sell=False,-1,0.0,0.0,
BTC/USDT,1044,2026-04-22 09:00:00,short,0.52447,79.08,0.6,78001.95,498.66,med_med_up,False,True,False,False,False,0.0,0.0,50.0,0.0,0.0,0.0,0.0,0.0,50.0,0.0,0.0,-1,0.0,G2_TRADEABLE,tradeable_sell=False,-1,0.0,0.0,
BTC/USDT,1045,2026-04-22 10:00:00,short,0.5185,77.18,0.6,78157.41,451.292143,med_med_up,False,True,False,False,False,0.0,0.0,50.0,0.0,0.0,0.0,0.0,0.0,50.0,0.0,0.0,-1,0.0,G2_TRADEABLE,tradeable_sell=False,-1,0.0,0.0,
BTC/USDT,1046,2026-04-22 11:00:00,short,0.506,79.17,0.6,78300.0,447.809286,med_med_up,False,True,False,False,False,0.0,0.0,50.0,0.0,0.0,0.0,0.0,0.0,50.0,0.0,0.0,-1,0.0,G2_TRADEABLE,tradeable_sell=False,-1,0.0,0.0,
BTC/USDT,1047,2026-04-22 12:00:00,long,0.50315,64.64,0.6,78236.05,451.102857,med_med_up,False,True,False,False,False,0.0,0.0,50.0,0.0,0.0,0.0,0.0,0.0,50.0,0.0,0.0,-1,0.0,G2_TRADEABLE,tradeable_buy=False,-1,0.0,0.0,
BTC/USDT,1048,2026-04-22 13:00:00,short,0.52781,85.36,0.6,78840.94,442.816429,med_med_up,False,True,False,False,False,0.0,0.0,50.0,0.0,0.0,0.0,0.0,0.0,50.0,0.0,0.0,-1,0.0,G2_TRADEABLE,tradeable_sell=False,-1,0.0,0.0,
BTC/USDT,1049,2026-04-22 14:00:00,short,0.50583,99.19,0.6,79045.75,465.475,med_med_up,False,True,False,False,False,0.0,0.0,50.0,0.0,0.0,0.0,0.0,0.0,50.0,0.0,0.0,-1,0.0,G2_TRADEABLE,tradeable_sell=False,-1,0.0,0.0,
BTC/USDT,1050,2026-04-22 15:00:00,short,0.50425,85.0,0.6,79272.9,485.407143,med_med_up,False,True,False,False,False,0.0,0.0,50.0,0.0,0.0,0.0,0.0,0.0,50.0,0.0,0.0,-1,0.0,G2_TRADEABLE,tradeable_sell=False,-1,0.0,0.0,
BTC/USDT,1051,2026-04-22 16:00:00,long,0.52202,63.64,0.6,78743.59,443.907143,med_med_up,False,True,False,False,False,0.0,0.0,50.0,0.0,0.0,0.0,0.0,0.0,50.0,0.0,0.0,-1,0.0,G2_TRADEABLE,tradeable_buy=False,-1,0.0,0.0,
BTC/USDT,1052,2026-04-22 17:00:00,short,0.5057,77.93,0.6,78900.0,443.463571,med_med_up,False,True,False,False,False,0.0,0.0,50.0,0.0,0.0,0.0,0.0,0.0,50.0,0.0,0.0,-1,0.0,G2_TRADEABLE,tradeable_sell=False,-1,0.0,0.0,
BTC/USDT,1053,2026-04-22 18:00:00,short,0.51159,76.5,0.6,79022.39,443.402857,med_med_up,False,True,False,False,False,0.0,0.0,50.0,0.0,0.0,0.0,0.0,0.0,50.0,0.0,0.0,-1,0.0,G2_TRADEABLE,tradeable_sell=False,-1,0.0,0.0,
BTC/USDT,1054,2026-04-22 19:00:00,short,0.5083,79.72,0.6,78846.62,397.589286,med_low_up,False,True,False,False,False,0.0,0.0,50.0,0.0,0.0,0.0,0.0,0.0,50.0,0.0,0.0,-1,0.0,G2_TRADEABLE,tradeable_sell=False,-1,0.0,0.0,
BTC/USDT,1055,2026-04-22 20:00:00,long,0.56464,67.72,0.6,78436.68,423.517857,med_med_up,False,True,False,False,False,0.0,0.0,50.0,0.0,0.0,0.0,0.0,0.0,50.0,0.0,0.0,-1,0.0,G2_TRADEABLE,tradeable_buy=False,-1,0.0,0.0,
BTC/USDT,1056,2026-04-22 21:00:00,long,0.54747,67.61,0.6,78762.69,431.436429,med_med_up,False,True,False,False,False,0.0,0.0,50.0,0.0,0.0,0.0,0.0,0.0,50.0,0.0,0.0,-1,0.0,G2_TRADEABLE,tradeable_buy=False,-1,0.0,0.0,
BTC/USDT,1057,2026-04-22 22:00:00,long,0.51879,65.38,0.6,78607.95,437.867143,med_med_up,False,True,False,False,False,0.0,0.0,50.0,0.0,0.0,0.0,0.0,0.0,50.0,0.0,0.0,-1,0.0,G2_TRADEABLE,tradeable_buy=False,-1,0.0,0.0,
BTC/USDT,1058,2026-04-22 23:00:00,long,0.53375,77.84,0.6,78178.23,453.88,med_med_up,False,True,False,False,False,0.0,0.0,50.0,0.0,0.0,0.0,0.0,0.0,50.0,0.0,0.0,-1,0.0,G2_TRADEABLE,tradeable_buy=False,-1,0.0,0.0,
BTC/USDT,1059,2026-04-23 00:00:00,long,0.53315,87.43,0.6,78424.29,508.411429,med_med_up,False,True,False,False,False,0.0,0.0,50.0,0.0,0.0,0.0,0.0,0.0,50.0,0.0,0.0,-1,0.0,G2_TRADEABLE,tradeable_buy=False,-1,0.0,0.0,
BTC/USDT,1060,2026-04-23 01:00:00,long,0.53528,66.89,0.6,78359.23,516.872143,med_med_up,False,True,False,False,False,0.0,0.0,50.0,0.0,0.0,0.0,0.0,0.0,50.0,0.0,0.0,-1,0.0,G2_TRADEABLE,tradeable_buy=False,-1,0.0,0.0,
BTC/USDT,1061,2026-04-23 02:00:00,long,0.53163,72.14,0.6,77939.92,531.470714,med_med_flat,True,True,False,False,False,0.0,0.0,50.0,0.0,0.0,0.0,0.0,0.0,50.0,0.0,0.0,-1,0.0,G2_TRADEABLE,tradeable_buy=False,-1,0.0,0.0,
BTC/USDT,1062,2026-04-23 03:00:00,long,0.51766,82.46,0.6,77746.46,523.270714,med_med_flat,True,True,False,False,False,0.0,0.0,50.0,0.0,0.0,0.0,0.0,0.0,50.0,0.0,0.0,-1,0.0,G2_TRADEABLE,tradeable_buy=False,-1,0.0,0.0,
BTC/USDT,1063,2026-04-23 04:00:00,long,0.52889,81.11,0.6,77920.09,500.161429,med_med_flat,True,True,False,False,False,0.0,0.0,50.0,0.0,0.0,0.0,0.0,0.0,50.0,0.0,0.0,-1,0.0,G2_TRADEABLE,tradeable_buy=False,-1,0.0,0.0,
BTC/USDT,1064,2026-04-23 05:00:00,long,0.50271,85.6,0.6,78033.87,485.709286,med_med_flat,True,True,False,False,False,0.0,0.0,50.0,0.0,0.0,0.0,0.0,0.0,50.0,0.0,0.0,-1,0.0,G2_TRADEABLE,tradeable_buy=False,-1,0.0,0.0,
BTC/USDT,1065,2026-04-23 06:00:00,long,0.50382,83.19,0.6,78211.43,447.497143,med_med_flat,True,True,False,False,False,0.0,0.0,50.0,0.0,0.0,0.0,0.0,0.0,50.0,0.0,0.0,-1,0.0,G2_TRADEABLE,tradeable_buy=False,-1,0.0,0.0,
BTC/USDT,1066,2026-04-23 07:00:00,long,0.50841,79.5,0.6,78048.62,443.032143,med_med_flat,True,True,False,False,False,0.0,0.0,50.0,0.0,0.0,0.0,0.0,0.0,50.0,0.0,0.0,-1,0.0,G2_TRADEABLE,tradeable_buy=False,-1,0.0,0.0,
BTC/USDT,1067,2026-04-23 08:00:00,long,0.50556,87.63,0.6,77858.35,452.015,med_med_flat,True,True,False,False,False,0.0,0.0,50.0,0.0,0.0,0.0,0.0,0.0,50.0,0.0,0.0,-1,0.0,G2_TRADEABLE,tradeable_buy=False,-1,0.0,0.0,
BTC/USDT,1068,2026-04-23 09:00:00,short,0.50282,72.27,0.6,77655.34,456.240714,med_med_flat,True,True,False,False,False,0.0,0.0,50.0,0.0,0.0,0.0,0.0,0.0,50.0,0.0,0.0,-1,0.0,G2_TRADEABLE,tradeable_sell=False,-1,0.0,0.0,
BTC/USDT,1069,2026-04-23 10:00:00,long,0.50567,87.46,0.6,77403.63,458.334286,med_med_flat,True,True,False,False,False,0.0,0.0,50.0,0.0,0.0,0.0,0.0,0.0,50.0,0.0,0.0,-1,0.0,G2_TRADEABLE,tradeable_buy=False,-1,0.0,0.0,
BTC/USDT,1070,2026-04-23 11:00:00,long,0.51308,83.07,0.6,77704.62,457.968571,med_med_flat,True,True,False,False,False,0.0,0.0,50.0,0.0,0.0,0.0,0.0,0.0,50.0,0.0,0.0,-1,0.0,G2_TRADEABLE,tradeable_buy=False,-1,0.0,0.0,
BTC/USDT,1071,2026-04-23 12:00:00,long,0.51017,85.03,0.6,77870.53,458.790714,med_med_flat,True,True,False,False,False,0.0,0.0,50.0,0.0,0.0,0.0,0.0,0.0,50.0,0.0,0.0,-1,0.0,G2_TRADEABLE,tradeable_buy=False,-1,0.0,0.0,
BTC/USDT,1072,2026-04-23 13:00:00,long,0.50547,81.9,0.6,77532.23,463.957143,med_med_down,False,True,False,False,False,0.0,0.0,50.0,0.0,0.0,0.0,0.0,0.0,50.0,0.0,0.0,-1,0.0,G2_TRADEABLE,tradeable_buy=False,-1,0.0,0.0,
BTC/USDT,1073,2026-04-23 14:00:00,long,0.51193,89.82,0.6,78180.77,449.332857,med_med_down,False,True,False,False,False,0.0,0.0,50.0,0.0,0.0,0.0,0.0,0.0,50.0,0.0,0.0,-1,0.0,G2_TRADEABLE,tradeable_buy=False,-1,0.0,0.0,
BTC/USDT,1074,2026-04-23 15:00:00,short,0.51629,90.19,0.6,78376.76,468.175714,med_med_down,False,True,False,False,False,0.0,0.0,50.0,0.0,0.0,0.0,0.0,0.0,50.0,0.0,0.0,-1,0.0,G2_TRADEABLE,tradeable_sell=False,-1,0.0,0.0,
BTC/USDT,1075,2026-04-23 16:00:00,long,0.50472,88.17,0.6,78103.72,459.697143,med_med_flat,True,True,False,False,False,0.0,0.0,50.0,0.0,0.0,0.0,0.0,0.0,50.0,0.0,0.0,-1,0.0,G2_TRADEABLE,tradeable_buy=False,-1,0.0,0.0,
BTC/USDT,1076,2026-04-23 17:00:00,short,0.51349,89.89,0.6,77769.21,506.289286,med_med_down,False,True,False,False,False,0.0,0.0,50.0,0.0,0.0,0.0,0.0,0.0,50.0,0.0,0.0,-1,0.0,G2_TRADEABLE,tradeable_sell=False,-1,0.0,0.0,
BTC/USDT,1077,2026-04-23 18:00:00,short,0.51966,71.42,0.6,77678.65,520.204286,med_med_down,False,True,False,False,False,0.0,0.0,50.0,0.0,0.0,0.0,0.0,0.0,50.0,0.0,0.0,-1,0.0,G2_TRADEABLE,tradeable_sell=False,-1,0.0,0.0,
BTC/USDT,1078,2026-04-23 19:00:00,short,0.50444,71.37,0.6,77727.26,515.486429,med_med_down,False,True,False,False,False,0.0,0.0,50.0,0.0,0.0,0.0,0.0,0.0,50.0,0.0,0.0,-1,0.0,G2_TRADEABLE,tradeable_sell=False,-1,0.0,0.0,
BTC/USDT,1079,2026-04-23 20:00:00,short,0.52376,76.16,0.6,77886.97,523.130714,med_med_flat,True,True,False,False,False,0.0,0.0,50.0,0.0,0.0,0.0,0.0,0.0,50.0,0.0,0.0,-1,0.0,G2_TRADEABLE,tradeable_sell=False,-1,0.0,0.0,
BTC/USDT,1080,2026-04-23 21:00:00,short,0.52282,73.86,0.6,77864.83,523.38,med_med_down,False,True,False,False,False,0.0,0.0,50.0,0.0,0.0,0.0,0.0,0.0,50.0,0.0,0.0,-1,0.0,G2_TRADEABLE,tradeable_sell=False,-1,0.0,0.0,
BTC/USDT,1081,2026-04-23 22:00:00,short,0.51624,79.55,0.6,78235.3,523.773571,med_med_flat,True,True,False,False,False,0.0,0.0,50.0,0.0,0.0,0.0,0.0,0.0,50.0,0.0,0.0,-1,0.0,G2_TRADEABLE,tradeable_sell=False,-1,0.0,0.0,
BTC/USDT,1082,2026-04-23 23:00:00,short,0.54448,78.34,0.6,78257.48,512.920714,med_med_flat,True,True,False,False,False,0.0,0.0,50.0,0.0,0.0,0.0,0.0,0.0,50.0,0.0,0.0,-1,0.0,G2_TRADEABLE,tradeable_sell=False,-1,0.0,0.0,
BTC/USDT,1083,2026-04-24 00:00:00,short,0.5663,81.1,0.6,78417.22,497.468571,med_med_flat,True,True,False,False,False,0.0,0.0,50.0,0.0,0.0,0.0,0.0,0.0,50.0,0.0,0.0,-1,0.0,G2_TRADEABLE,tradeable_sell=False,-1,0.0,0.0,
BTC/USDT,1084,2026-04-24 01:00:00,short,0.5588,61.93,0.6,78429.73,505.047143,med_med_flat,True,True,False,False,False,0.0,0.0,50.0,0.0,0.0,0.0,0.0,0.0,50.0,0.0,0.0,-1,0.0,G2_TRADEABLE,tradeable_sell=False,-1,0.0,0.0,
BTC/USDT,1085,2026-04-24 02:00:00,short,0.53061,53.22,0.6,78125.65,514.718571,med_med_flat,True,True,False,False,False,0.0,0.0,50.0,0.0,0.0,0.0,0.0,0.0,50.0,0.0,0.0,-1,0.0,G2_TRADEABLE,tradeable_sell=False,-1,0.0,0.0,
BTC/USDT,1086,2026-04-24 03:00:00,short,0.55181,59.42,0.6,77737.85,521.786429,med_med_flat,True,True,False,False,False,0.0,0.0,50.0,0.0,0.0,0.0,0.0,0.0,50.0,0.0,0.0,-1,0.0,G2_TRADEABLE,tradeable_sell=False,-1,0.0,0.0,
BTC/USDT,1087,2026-04-24 04:00:00,short,0.53297,60.29,0.6,77670.0,492.111429,med_med_flat,True,True,False,False,False,0.0,0.0,50.0,0.0,0.0,0.0,0.0,0.0,50.0,0.0,0.0,-1,0.0,G2_TRADEABLE,tradeable_sell=False,-1,0.0,0.0,
BTC/USDT,1088,2026-04-24 05:00:00,short,0.56634,55.5,0.6,77953.48,486.497143,med_med_flat,True,True,False,False,False,0.0,0.0,50.0,0.0,0.0,0.0,0.0,0.0,50.0,0.0,0.0,-1,0.0,G2_TRADEABLE,tradeable_sell=False,-1,0.0,0.0,
BTC/USDT,1089,2026-04-24 06:00:00,short,0.54326,55.41,0.6,77789.75,467.82,med_med_flat,True,True,False,False,False,0.0,0.0,50.0,0.0,0.0,0.0,0.0,0.0,50.0,0.0,0.0,-1,0.0,G2_TRADEABLE,tradeable_sell=False,-1,0.0,0.0,
BTC/USDT,1090,2026-04-24 07:00:00,short,0.55047,63.49,0.6,77644.6,402.627143,med_low_flat,False,True,False,False,False,0.0,0.0,50.0,0.0,0.0,0.0,0.0,0.0,50.0,0.0,0.0,-1,0.0,G2_TRADEABLE,tradeable_sell=False,-1,0.0,0.0,
BTC/USDT,1091,2026-04-24 08:00:00,short,0.5324,61.98,0.6,77785.71,401.282143,med_low_flat,False,True,False,False,False,0.0,0.0,50.0,0.0,0.0,0.0,0.0,0.0,50.0,0.0,0.0,-1,0.0,G2_TRADEABLE,tradeable_sell=False,-1,0.0,0.0,
BTC/USDT,1092,2026-04-24 09:00:00,short,0.53758,63.45,0.6,77527.69,409.015,med_med_flat,True,True,False,False,False,0.0,0.0,50.0,0.0,0.0,0.0,0.0,0.0,50.0,0.0,0.0,-1,0.0,G2_TRADEABLE,tradeable_sell=False,-1,0.0,0.0,
BTC/USDT,1093,2026-04-24 10:00:00,short,0.51675,57.99,0.6,77752.36,403.768571,low_low_flat,False,False,False,False,False,0.0,0.0,50.0,0.0,0.0,0.0,0.0,0.0,50.0,0.0,0.0,-1,0.0,G2_TRADEABLE,tradeable_sell=False,-1,0.0,0.0,
BTC/USDT,1094,2026-04-24 11:00:00,short,0.51534,84.2,0.6,78240.26,428.784286,med_med_up,False,True,False,False,False,0.0,0.0,50.0,0.0,0.0,0.0,0.0,0.0,50.0,0.0,0.0,-1,0.0,G2_TRADEABLE,tradeable_sell=False,-1,0.0,0.0,
BTC/USDT,1095,2026-04-24 12:00:00,short,0.55702,65.6,0.6,78275.66,418.960714,med_med_flat,True,True,False,False,False,0.0,0.0,50.0,0.0,0.0,0.0,0.0,0.0,50.0,0.0,0.0,-1,0.0,G2_TRADEABLE,tradeable_sell=False,-1,0.0,0.0,
BTC/USDT,1096,2026-04-24 13:00:00,short,0.57442,65.43,0.6,78093.79,440.252857,med_med_up,False,True,False,False,False,0.0,0.0,50.0,0.0,0.0,0.0,0.0,0.0,50.0,0.0,0.0,-1,0.0,G2_TRADEABLE,tradeable_sell=False,-1,0.0,0.0,
BTC/USDT,1097,2026-04-24 14:00:00,short,0.56579,62.53,0.6,78037.64,446.912857,med_med_flat,True,True,False,False,False,0.0,0.0,50.0,0.0,0.0,0.0,0.0,0.0,50.0,0.0,0.0,-1,0.0,G2_TRADEABLE,tradeable_sell=False,-1,0.0,0.0,
BTC/USDT,1098,2026-04-24 15:00:00,short,0.56483,60.04,0.6,78038.62,458.207143,low_med_flat,False,False,False,False,False,0.0,0.0,50.0,0.0,0.0,0.0,0.0,0.0,50.0,0.0,0.0,-1,0.0,G2_TRADEABLE,tradeable_sell=False,-1,0.0,0.0,
BTC/USDT,1099,2026-04-24 16:00:00,short,0.54587,61.01,0.6,77777.28,455.255,low_med_flat,False,False,False,False,False,0.0,0.0,50.0,0.0,0.0,0.0,0.0,0.0,50.0,0.0,0.0,-1,0.0,G2_TRADEABLE,tradeable_sell=False,-1,0.0,0.0,
BTC/USDT,1100,2026-04-24 17:00:00,short,0.53585,61.47,0.6,77681.71,434.981429,low_med_flat,False,False,False,False,False,0.0,0.0,50.0,0.0,0.0,0.0,0.0,0.0,50.0,0.0,0.0,-1,0.0,G2_TRADEABLE,tradeable_sell=False,-1,0.0,0.0,
BTC/USDT,1101,2026-04-24 18:00:00,short,0.5418,57.92,0.6,77618.24,433.650714,low_med_flat,False,False,False,False,False,0.0,0.0,50.0,0.0,0.0,0.0,0.0,0.0,50.0,0.0,0.0,-1,0.0,G2_TRADEABLE,tradeable_sell=False,-1,0.0,0.0,
BTC/USDT,1102,2026-04-24 19:00:00,short,0.54425,55.8,0.6,77628.85,406.19,low_low_flat,False,False,False,False,False,0.0,0.0,50.0,0.0,0.0,0.0,0.0,0.0,50.0,0.0,0.0,-1,0.0,G2_TRADEABLE,tradeable_sell=False,-1,0.0,0.0,
BTC/USDT,1103,2026-04-24 20:00:00,short,0.54441,57.92,0.6,77718.31,411.961429,low_med_flat,False,False,False,False,False,0.0,0.0,50.0,0.0,0.0,0.0,0.0,0.0,50.0,0.0,0.0,-1,0.0,G2_TRADEABLE,tradeable_sell=False,-1,0.0,0.0,
BTC/USDT,1104,2026-04-24 21:00:00,short,0.5462,58.22,0.6,77536.48,405.355714,low_low_flat,False,False,False,False,False,0.0,0.0,50.0,0.0,0.0,0.0,0.0,0.0,50.0,0.0,0.0,-1,0.0,G2_TRADEABLE,tradeable_sell=False,-1,0.0,0.0,
BTC/USDT,1105,2026-04-24 22:00:00,short,0.55913,49.23,0.6,77328.91,398.457857,low_low_down,True,True,False,False,False,0.0,0.0,50.0,0.0,0.0,0.0,0.0,0.0,50.0,0.0,0.0,-1,0.0,G2_TRADEABLE,tradeable_sell=False,-1,0.0,0.0,
BTC/USDT,1106,2026-04-24 23:00:00,short,0.53996,55.97,0.6,77437.13,378.867857,low_low_flat,False,False,False,False,False,0.0,0.0,50.0,0.0,0.0,0.0,0.0,0.0,50.0,0.0,0.0,-1,0.0,G2_TRADEABLE,tradeable_sell=False,-1,0.0,0.0,
BTC/USDT,1107,2026-04-25 00:00:00,short,0.52882,59.26,0.6,77456.88,368.440714,low_low_down,True,True,False,False,False,0.0,0.0,50.0,0.0,0.0,0.0,0.0,0.0,50.0,0.0,0.0,-1,0.0,G2_TRADEABLE,tradeable_sell=False,-1,0.0,0.0,
BTC/USDT,1108,2026-04-25 01:00:00,short,0.53069,45.63,0.6,77541.63,336.976429,low_low_down,True,True,False,False,False,0.0,0.0,50.0,0.0,0.0,0.0,0.0,0.0,50.0,0.0,0.0,-1,0.0,G2_TRADEABLE,tradeable_sell=False,-1,0.0,0.0,
BTC/USDT,1109,2026-04-25 02:00:00,short,0.52792,44.93,0.6,77607.8,323.474286,low_low_flat,False,False,False,False,False,0.0,0.0,50.0,0.0,0.0,0.0,0.0,0.0,50.0,0.0,0.0,-1,0.0,G2_TRADEABLE,tradeable_sell=False,-1,0.0,0.0,
BTC/USDT,1110,2026-04-25 03:00:00,short,0.50805,52.84,0.6,77679.07,294.581429,low_low_flat,False,False,False,False,False,0.0,0.0,50.0,0.0,0.0,0.0,0.0,0.0,50.0,0.0,0.0,-1,0.0,G2_TRADEABLE,tradeable_sell=False,-1,0.0,0.0,
BTC/USDT,1111,2026-04-25 04:00:00,short,0.50723,57.21,0.6,77619.05,271.924286,low_low_flat,False,False,False,False,False,0.0,0.0,50.0,0.0,0.0,0.0,0.0,0.0,50.0,0.0,0.0,-1,0.0,G2_TRADEABLE,tradeable_sell=False,-1,0.0,0.0,
BTC/USDT,1112,2026-04-25 05:00:00,long,0.51389,47.03,0.6,77510.28,234.608571,low_low_flat,False,False,False,False,False,0.0,0.0,50.0,0.0,0.0,0.0,0.0,0.0,50.0,0.0,0.0,-1,0.0,G2_TRADEABLE,tradeable_buy=False,-1,0.0,0.0,
BTC/USDT,1113,2026-04-25 06:00:00,short,0.50377,58.02,0.6,77503.63,207.43,low_low_flat,False,False,False,False,False,0.0,0.0,50.0,0.0,0.0,0.0,0.0,0.0,50.0,0.0,0.0,-1,0.0,G2_TRADEABLE,tradeable_sell=False,-1,0.0,0.0,
BTC/USDT,1114,2026-04-25 07:00:00,short,0.52348,56.48,0.6,77501.19,191.479286,low_low_flat,False,False,False,False,False,0.0,0.0,50.0,0.0,0.0,0.0,0.0,0.0,50.0,0.0,0.0,-1,0.0,G2_TRADEABLE,tradeable_sell=False,-1,0.0,0.0,
BTC/USDT,1115,2026-04-25 08:00:00,short,0.55517,51.85,0.6,77643.37,177.879286,low_low_flat,False,False,False,False,False,0.0,0.0,50.0,0.0,0.0,0.0,0.0,0.0,50.0,0.0,0.0,-1,0.0,G2_TRADEABLE,tradeable_sell=False,-1,0.0,0.0,
BTC/USDT,1116,2026-04-25 09:00:00,short,0.55555,50.87,0.6,77714.55,176.19,low_low_flat,False,False,False,False,False,0.0,0.0,50.0,0.0,0.0,0.0,0.0,0.0,50.0,0.0,0.0,-1,0.0,G2_TRADEABLE,tradeable_sell=False,-1,0.0,0.0,
BTC/USDT,1117,2026-04-25 10:00:00,short,0.54914,55.47,0.6,77787.77,167.022857,low_low_flat,False,False,False,False,False,0.0,0.0,50.0,0.0,0.0,0.0,0.0,0.0,50.0,0.0,0.0,-1,0.0,G2_TRADEABLE,tradeable_sell=False,-1,0.0,0.0,
BTC/USDT,1118,2026-04-25 11:00:00,short,0.53132,52.2,0.6,77682.3,164.242143,low_low_flat,False,False,False,False,False,0.0,0.0,50.0,0.0,0.0,0.0,0.0,0.0,50.0,0.0,0.0,-1,0.0,G2_TRADEABLE,tradeable_sell=False,-1,0.0,0.0,
BTC/USDT,1119,2026-04-25 12:00:00,short,0.53503,53.34,0.6,77557.14,151.002143,low_low_flat,False,False,False,False,False,0.0,0.0,50.0,0.0,0.0,0.0,0.0,0.0,50.0,0.0,0.0,-1,0.0,G2_TRADEABLE,tradeable_sell=False,-1,0.0,0.0,
BTC/USDT,1120,2026-04-25 13:00:00,short,0.54192,49.03,0.6,77691.69,152.845714,low_low_flat,False,False,False,False,False,0.0,0.0,50.0,0.0,0.0,0.0,0.0,0.0,50.0,0.0,0.0,-1,0.0,G2_TRADEABLE,tradeable_sell=False,-1,0.0,0.0,
BTC/USDT,1121,2026-04-25 14:00:00,short,0.5587,54.3,0.6,77656.75,147.236429,low_low_flat,False,False,False,False,False,0.0,0.0,50.0,0.0,0.0,0.0,0.0,0.0,50.0,0.0,0.0,-1,0.0,G2_TRADEABLE,tradeable_sell=False,-1,0.0,0.0,
BTC/USDT,1122,2026-04-25 15:00:00,short,0.55477,83.18,0.6,77330.26,164.6,low_low_flat,False,False,False,False,False,0.0,0.0,50.0,0.0,0.0,0.0,0.0,0.0,50.0,0.0,0.0,-1,0.0,G2_TRADEABLE,tradeable_sell=False,-1,0.0,0.0,
BTC/USDT,1123,2026-04-25 16:00:00,short,0.53666,82.14,0.6,77397.27,177.062143,low_low_flat,False,False,False,False,False,0.0,0.0,50.0,0.0,0.0,0.0,0.0,0.0,50.0,0.0,0.0,-1,0.0,G2_TRADEABLE,tradeable_sell=False,-1,0.0,0.0,
BTC/USDT,1124,2026-04-25 17:00:00,short,0.53682,59.92,0.6,77245.77,179.524286,low_low_flat,False,False,False,False,False,0.0,0.0,50.0,0.0,0.0,0.0,0.0,0.0,50.0,0.0,0.0,-1,0.0,G2_TRADEABLE,tradeable_sell=False,-1,0.0,0.0,
BTC/USDT,1125,2026-04-25 18:00:00,short,0.56003,87.49,0.6,77313.0,185.085714,low_low_flat,False,False,False,False,False,0.0,0.0,50.0,0.0,0.0,0.0,0.0,0.0,50.0,0.0,0.0,-1,0.0,G2_TRADEABLE,tradeable_sell=False,-1,0.0,0.0,
BTC/USDT,1126,2026-04-25 19:00:00,short,0.55416,85.18,0.6,77330.01,186.262857,low_low_flat,False,False,False,False,False,0.0,0.0,50.0,0.0,0.0,0.0,0.0,0.0,50.0,0.0,0.0,-1,0.0,G2_TRADEABLE,tradeable_sell=False,-1,0.0,0.0,
BTC/USDT,1127,2026-04-25 20:00:00,short,0.55479,54.09,0.6,77479.13,191.814286,low_low_flat,False,False,False,False,False,0.0,0.0,50.0,0.0,0.0,0.0,0.0,0.0,50.0,0.0,0.0,-1,0.0,G2_TRADEABLE,tradeable_sell=False,-1,0.0,0.0,
BTC/USDT,1128,2026-04-25 21:00:00,short,0.56108,55.99,0.6,77525.84,191.71,low_low_flat,False,False,False,False,False,0.0,0.0,50.0,0.0,0.0,0.0,0.0,0.0,50.0,0.0,0.0,-1,0.0,G2_TRADEABLE,tradeable_sell=False,-1,0.0,0.0,
BTC/USDT,1129,2026-04-25 22:00:00,short,0.55821,59.58,0.6,77557.01,189.775,low_low_flat,False,False,False,False,False,0.0,0.0,50.0,0.0,0.0,0.0,0.0,0.0,50.0,0.0,0.0,-1,0.0,G2_TRADEABLE,tradeable_sell=False,-1,0.0,0.0,
BTC/USDT,1130,2026-04-25 23:00:00,short,0.54094,62.75,0.6,77625.0,184.592857,low_low_flat,False,False,False,False,False,0.0,0.0,50.0,0.0,0.0,0.0,0.0,0.0,50.0,0.0,0.0,-1,0.0,G2_TRADEABLE,tradeable_sell=False,-1,0.0,0.0,
BTC/USDT,1131,2026-04-26 00:00:00,short,0.54583,64.91,0.6,77502.4,186.427857,low_low_flat,False,False,False,False,False,0.0,0.0,50.0,0.0,0.0,0.0,0.0,0.0,50.0,0.0,0.0,-1,0.0,G2_TRADEABLE,tradeable_sell=False,-1,0.0,0.0,
BTC/USDT,1132,2026-04-26 01:00:00,short,0.55267,77.52,0.6,77461.16,182.207143,low_low_flat,False,False,False,False,False,0.0,0.0,50.0,0.0,0.0,0.0,0.0,0.0,50.0,0.0,0.0,-1,0.0,G2_TRADEABLE,tradeable_sell=False,-1,0.0,0.0,
BTC/USDT,1133,2026-04-26 02:00:00,short,0.57482,71.71,0.6,77512.67,180.175714,low_low_flat,False,False,False,False,False,0.0,0.0,50.0,0.0,0.0,0.0,0.0,0.0,50.0,0.0,0.0,-1,0.0,G2_TRADEABLE,tradeable_sell=False,-1,0.0,0.0,
BTC/USDT,1134,2026-04-26 03:00:00,short,0.57509,78.78,0.6,77400.21,184.581429,low_low_flat,False,False,False,False,False,0.0,0.0,50.0,0.0,0.0,0.0,0.0,0.0,50.0,0.0,0.0,-1,0.0,G2_TRADEABLE,tradeable_sell=False,-1,0.0,0.0,
BTC/USDT,1135,2026-04-26 04:00:00,short,0.58428,73.28,0.6,77774.29,207.183571,low_low_flat,False,False,False,False,False,0.0,0.0,50.0,0.0,0.0,0.0,0.0,0.0,50.0,0.0,0.0,-1,0.0,G2_TRADEABLE,tradeable_sell=False,-1,0.0,0.0,
BTC/USDT,1136,2026-04-26 05:00:00,short,0.53938,90.15,0.6,77983.31,211.285,low_low_up,True,True,False,False,False,0.0,0.0,50.0,0.0,0.0,0.0,0.0,0.0,50.0,0.0,0.0,-1,0.0,G2_TRADEABLE,tradeable_sell=False,-1,0.0,0.0,
BTC/USDT,1137,2026-04-26 06:00:00,short,0.54599,69.1,0.6,77999.04,199.247143,low_low_up,True,True,False,False,False,0.0,0.0,50.0,0.0,0.0,0.0,0.0,0.0,50.0,0.0,0.0,-1,0.0,G2_TRADEABLE,tradeable_sell=False,-1,0.0,0.0,
BTC/USDT,1138,2026-04-26 07:00:00,short,0.5471,68.06,0.6,78102.53,196.177143,low_low_up,True,True,False,False,False,0.0,0.0,50.0,0.0,0.0,0.0,0.0,0.0,50.0,0.0,0.0,-1,0.0,G2_TRADEABLE,tradeable_sell=False,-1,0.0,0.0,
BTC/USDT,1139,2026-04-26 08:00:00,short,0.54495,71.4,0.6,78032.59,197.436429,low_low_flat,False,False,False,False,False,0.0,0.0,50.0,0.0,0.0,0.0,0.0,0.0,50.0,0.0,0.0,-1,0.0,G2_TRADEABLE,tradeable_sell=False,-1,0.0,0.0,
BTC/USDT,1140,2026-04-26 09:00:00,short,0.5513,68.68,0.6,77999.99,196.139286,low_low_flat,False,False,False,False,False,0.0,0.0,50.0,0.0,0.0,0.0,0.0,0.0,50.0,0.0,0.0,-1,0.0,G2_TRADEABLE,tradeable_sell=False,-1,0.0,0.0,
BTC/USDT,1141,2026-04-26 10:00:00,short,0.55628,68.11,0.6,78002.43,190.820714,low_low_flat,False,False,False,False,False,0.0,0.0,50.0,0.0,0.0,0.0,0.0,0.0,50.0,0.0,0.0,-1,0.0,G2_TRADEABLE,tradeable_sell=False,-1,0.0,0.0,
BTC/USDT,1142,2026-04-26 11:00:00,short,0.54721,67.35,0.6,78101.44,193.161429,low_low_flat,False,False,False,False,False,0.0,0.0,50.0,0.0,0.0,0.0,0.0,0.0,50.0,0.0,0.0,-1,0.0,G2_TRADEABLE,tradeable_sell=False,-1,0.0,0.0,
BTC/USDT,1143,2026-04-26 12:00:00,short,0.53902,75.02,0.6,77833.08,207.128571,low_low_flat,False,False,False,False,False,0.0,0.0,50.0,0.0,0.0,0.0,0.0,0.0,50.0,0.0,0.0,-1,0.0,G2_TRADEABLE,tradeable_sell=False,-1,0.0,0.0,
BTC/USDT,1144,2026-04-26 13:00:00,short,0.52793,71.57,0.6,77977.79,212.811429,low_low_flat,False,False,False,False,False,0.0,0.0,50.0,0.0,0.0,0.0,0.0,0.0,50.0,0.0,0.0,-1,0.0,G2_TRADEABLE,tradeable_sell=False,-1,0.0,0.0,
BTC/USDT,1145,2026-04-26 14:00:00,short,0.54291,76.21,0.6,78095.66,220.297857,low_low_flat,False,False,False,False,False,0.0,0.0,50.0,0.0,0.0,0.0,0.0,0.0,50.0,0.0,0.0,-1,0.0,G2_TRADEABLE,tradeable_sell=False,-1,0.0,0.0,
BTC/USDT,1146,2026-04-26 15:00:00,short,0.54452,70.17,0.6,78049.0,221.110714,low_low_up,True,True,False,False,False,0.0,0.0,50.0,0.0,0.0,0.0,0.0,0.0,50.0,0.0,0.0,-1,0.0,G2_TRADEABLE,tradeable_sell=False,-1,0.0,0.0,
BTC/USDT,1147,2026-04-26 16:00:00,short,0.5488,71.72,0.6,77919.43,223.121429,low_low_up,True,True,False,False,False,0.0,0.0,50.0,0.0,0.0,0.0,0.0,0.0,50.0,0.0,0.0,-1,0.0,G2_TRADEABLE,tradeable_sell=False,-1,0.0,0.0,
BTC/USDT,1148,2026-04-26 17:00:00,short,0.57206,76.2,0.6,78018.57,222.017857,low_low_up,True,True,False,False,False,0.0,0.0,50.0,0.0,0.0,0.0,0.0,0.0,50.0,0.0,0.0,-1,0.0,G2_TRADEABLE,tradeable_sell=False,-1,0.0,0.0,
BTC/USDT,1149,2026-04-26 18:00:00,short,0.54178,75.84,0.6,78283.96,216.861429,low_low_up,True,True,False,False,False,0.0,0.0,50.0,0.0,0.0,0.0,0.0,0.0,50.0,0.0,0.0,-1,0.0,G2_TRADEABLE,tradeable_sell=False,-1,0.0,0.0,
BTC/USDT,1150,2026-04-26 19:00:00,short,0.53673,78.62,0.6,78221.16,217.290714,low_low_up,True,True,False,False,False,0.0,0.0,50.0,0.0,0.0,0.0,0.0,0.0,50.0,0.0,0.0,-1,0.0,G2_TRADEABLE,tradeable_sell=False,-1,0.0,0.0,
BTC/USDT,1151,2026-04-26 20:00:00,short,0.55668,69.58,0.6,78194.22,222.589286,low_low_up,True,True,False,False,False,0.0,0.0,50.0,0.0,0.0,0.0,0.0,0.0,50.0,0.0,0.0,-1,0.0,G2_TRADEABLE,tradeable_sell=False,-1,0.0,0.0,
BTC/USDT,1152,2026-04-26 21:00:00,short,0.56002,91.66,0.6,78417.41,291.457857,low_low_up,True,True,False,False,False,0.0,0.0,50.0,0.0,0.0,0.0,0.0,0.0,50.0,0.0,0.0,-1,0.0,G2_TRADEABLE,tradeable_sell=False,-1,0.0,0.0,
BTC/USDT,1153,2026-04-26 22:00:00,short,0.56934,91.64,0.6,78313.52,341.935714,low_low_up,True,True,False,False,False,0.0,0.0,50.0,0.0,0.0,0.0,0.0,0.0,50.0,0.0,0.0,-1,0.0,G2_TRADEABLE,tradeable_sell=False,-1,0.0,0.0,
BTC/USDT,1154,2026-04-26 23:00:00,short,0.56106,88.72,0.6,78657.55,393.987143,low_low_up,True,True,False,False,False,0.0,0.0,50.0,0.0,0.0,0.0,0.0,0.0,50.0,0.0,0.0,-1,0.0,G2_TRADEABLE,tradeable_sell=False,-1,0.0,0.0,
BTC/USDT,1155,2026-04-27 00:00:00,short,0.54143,100.0,0.6,79308.6,458.0,low_med_up,False,False,False,False,False,0.0,0.0,50.0,0.0,0.0,0.0,0.0,0.0,50.0,0.0,0.0,-1,0.0,G2_TRADEABLE,tradeable_sell=False,-1,0.0,0.0,
BTC/USDT,1156,2026-04-27 01:00:00,short,0.5377,100.0,0.6,79283.66,501.384286,low_med_up,False,False,False,False,False,0.0,0.0,50.0,0.0,0.0,0.0,0.0,0.0,50.0,0.0,0.0,-1,0.0,G2_TRADEABLE,tradeable_sell=False,-1,0.0,0.0,
BTC/USDT,1157,2026-04-27 02:00:00,short,0.52558,81.47,0.6,79130.01,497.212143,low_med_up,False,False,False,False,False,0.0,0.0,50.0,0.0,0.0,0.0,0.0,0.0,50.0,0.0,0.0,-1,0.0,G2_TRADEABLE,tradeable_sell=False,-1,0.0,0.0,
BTC/USDT,1158,2026-04-27 03:00:00,short,0.52317,81.67,0.6,79105.49,500.007143,low_med_up,False,False,False,False,False,0.0,0.0,50.0,0.0,0.0,0.0,0.0,0.0,50.0,0.0,0.0,-1,0.0,G2_TRADEABLE,tradeable_sell=False,-1,0.0,0.0,
BTC/USDT,1159,2026-04-27 04:00:00,short,0.5086,82.11,0.6,78924.22,499.027143,low_med_up,False,False,False,False,False,0.0,0.0,50.0,0.0,0.0,0.0,0.0,0.0,50.0,0.0,0.0,-1,0.0,G2_TRADEABLE,tradeable_sell=False,-1,0.0,0.0,
BTC/USDT,1160,2026-04-27 05:00:00,short,0.52933,91.25,0.6,77785.54,587.765714,low_med_flat,False,False,False,False,False,0.0,0.0,50.0,0.0,0.0,0.0,0.0,0.0,50.0,0.0,0.0,-1,0.0,G2_TRADEABLE,tradeable_sell=False,-1,0.0,0.0,
BTC/USDT,1161,2026-04-27 06:00:00,short,0.52749,72.68,0.6,77700.12,604.894286,low_high_flat,,,True,False,False,0.0,0.0,50.0,0.0,0.0,0.0,0.0,0.0,50.0,0.0,0.0,-1,0.0,G1_REGIME,regime='low_high_flat' skipped=True reg_empty=False,-1,0.0,0.0,
BTC/USDT,1162,2026-04-27 07:00:00,short,0.51696,75.09,0.6,77606.6,602.945,low_high_flat,,,True,False,False,0.0,0.0,50.0,0.0,0.0,0.0,0.0,0.0,50.0,0.0,0.0,-1,0.0,G1_REGIME,regime='low_high_flat' skipped=True reg_empty=False,-1,0.0,0.0,
BTC/USDT,1163,2026-04-27 08:00:00,short,0.50516,69.44,0.6,77804.34,596.1,low_med_flat,False,False,False,False,False,0.0,0.0,50.0,0.0,0.0,0.0,0.0,0.0,50.0,0.0,0.0,-1,0.0,G2_TRADEABLE,tradeable_sell=False,-1,0.0,0.0,
BTC/USDT,1164,2026-04-27 09:00:00,short,0.54572,71.55,0.6,77900.01,581.368571,low_med_flat,False,False,False,False,False,0.0,0.0,50.0,0.0,0.0,0.0,0.0,0.0,50.0,0.0,0.0,-1,0.0,G2_TRADEABLE,tradeable_sell=False,-1,0.0,0.0,
BTC/USDT,1165,2026-04-27 10:00:00,short,0.52831,69.33,0.6,77850.01,575.902143,low_med_flat,False,False,False,False,False,0.0,0.0,50.0,0.0,0.0,0.0,0.0,0.0,50.0,0.0,0.0,-1,0.0,G2_TRADEABLE,tradeable_sell=False,-1,0.0,0.0,
BTC/USDT,1166,2026-04-27 11:00:00,short,0.50544,67.48,0.6,77844.26,506.460714,low_med_flat,False,False,False,False,False,0.0,0.0,50.0,0.0,0.0,0.0,0.0,0.0,50.0,0.0,0.0,-1,0.0,G2_TRADEABLE,tradeable_sell=False,-1,0.0,0.0,
BTC/USDT,1167,2026-04-27 12:00:00,short,0.50896,69.57,0.6,77667.36,460.052857,low_med_flat,False,False,False,False,False,0.0,0.0,50.0,0.0,0.0,0.0,0.0,0.0,50.0,0.0,0.0,-1,0.0,G2_TRADEABLE,tradeable_sell=False,-1,0.0,0.0,
BTC/USDT,1168,2026-04-27 13:00:00,short,0.51528,73.15,0.6,77746.74,426.797857,low_med_flat,False,False,False,False,False,0.0,0.0,50.0,0.0,0.0,0.0,0.0,0.0,50.0,0.0,0.0,-1,0.0,G2_TRADEABLE,tradeable_sell=False,-1,0.0,0.0,
BTC/USDT,1169,2026-04-27 14:00:00,short,0.51888,61.93,0.6,77815.25,397.724286,low_low_flat,False,False,False,False,False,0.0,0.0,50.0,0.0,0.0,0.0,0.0,0.0,50.0,0.0,0.0,-1,0.0,G2_TRADEABLE,tradeable_sell=False,-1,0.0,0.0,
BTC/USDT,1170,2026-04-27 15:00:00,long,0.52255,100.0,0.6,76793.09,434.002143,med_med_down,False,True,False,False,False,0.0,0.0,50.0,0.0,0.0,0.0,0.0,0.0,50.0,0.0,0.0,-1,0.0,G2_TRADEABLE,tradeable_buy=False,-1,0.0,0.0,
BTC/USDT,1171,2026-04-27 16:00:00,long,0.5223,81.33,0.6,76618.59,437.496429,med_med_down,False,True,False,False,False,0.0,0.0,50.0,0.0,0.0,0.0,0.0,0.0,50.0,0.0,0.0,-1,0.0,G2_TRADEABLE,tradeable_buy=False,-1,0.0,0.0,
BTC/USDT,1172,2026-04-27 17:00:00,long,0.50499,82.64,0.6,76743.24,447.007143,med_med_down,False,True,False,False,False,0.0,0.0,50.0,0.0,0.0,0.0,0.0,0.0,50.0,0.0,0.0,-1,0.0,G2_TRADEABLE,tradeable_buy=False,-1,0.0,0.0,
BTC/USDT,1173,2026-04-27 18:00:00,short,0.50236,59.09,0.6,76834.06,442.356429,med_med_down,False,True,False,False,False,0.0,0.0,50.0,0.0,0.0,0.0,0.0,0.0,50.0,0.0,0.0,-1,0.0,G2_TRADEABLE,tradeable_sell=False,-1,0.0,0.0,
BTC/USDT,1174,2026-04-27 19:00:00,short,0.53913,71.89,0.6,76878.07,375.191429,med_low_down,False,True,False,False,False,0.0,0.0,50.0,0.0,0.0,0.0,0.0,0.0,50.0,0.0,0.0,-1,0.0,G2_TRADEABLE,tradeable_sell=False,-1,0.0,0.0,
BTC/USDT,1175,2026-04-27 20:00:00,short,0.53082,68.9,0.6,76960.43,362.105,med_low_down,False,True,False,False,False,0.0,0.0,50.0,0.0,0.0,0.0,0.0,0.0,50.0,0.0,0.0,-1,0.0,G2_TRADEABLE,tradeable_sell=False,-1,0.0,0.0,
BTC/USDT,1176,2026-04-27 21:00:00,short,0.51478,68.86,0.6,76786.81,363.677857,med_low_down,False,True,False,False,False,0.0,0.0,50.0,0.0,0.0,0.0,0.0,0.0,50.0,0.0,0.0,-1,0.0,G2_TRADEABLE,tradeable_sell=False,-1,0.0,0.0,
BTC/USDT,1177,2026-04-27 22:00:00,short,0.5177,68.91,0.6,77066.42,367.686429,med_low_down,False,True,False,False,False,0.0,0.0,50.0,0.0,0.0,0.0,0.0,0.0,50.0,0.0,0.0,-1,0.0,G2_TRADEABLE,tradeable_sell=False,-1,0.0,0.0,
BTC/USDT,1178,2026-04-27 23:00:00,short,0.54686,68.86,0.6,77371.32,378.503571,med_low_down,False,True,False,False,False,0.0,0.0,50.0,0.0,0.0,0.0,0.0,0.0,50.0,0.0,0.0,-1,0.0,G2_TRADEABLE,tradeable_sell=False,-1,0.0,0.0,
BTC/USDT,1179,2026-04-28 00:00:00,short,0.55619,67.33,0.6,77379.62,387.352143,med_low_down,False,True,False,False,False,0.0,0.0,50.0,0.0,0.0,0.0,0.0,0.0,50.0,0.0,0.0,-1,0.0,G2_TRADEABLE,tradeable_sell=False,-1,0.0,0.0,
BTC/USDT,1180,2026-04-28 01:00:00,short,0.53425,70.88,0.6,77084.68,402.418571,low_low_down,True,True,False,False,False,0.0,0.0,50.0,0.0,0.0,0.0,0.0,0.0,50.0,0.0,0.0,-1,0.0,G2_TRADEABLE,tradeable_sell=False,-1,0.0,0.0,
BTC/USDT,1181,2026-04-28 02:00:00,short,0.54104,72.41,0.6,76890.93,424.357143,low_med_down,False,True,False,False,False,0.0,0.0,50.0,0.0,0.0,0.0,0.0,0.0,50.0,0.0,0.0,-1,0.0,G2_TRADEABLE,tradeable_sell=False,-1,0.0,0.0,
BTC/USDT,1182,2026-04-28 03:00:00,short,0.53377,69.93,0.6,76815.18,411.78,low_med_down,False,True,False,False,False,0.0,0.0,50.0,0.0,0.0,0.0,0.0,0.0,50.0,0.0,0.0,-1,0.0,G2_TRADEABLE,tradeable_sell=False,-1,0.0,0.0,
BTC/USDT,1183,2026-04-28 04:00:00,short,0.54911,68.82,0.6,76888.08,387.730714,low_low_down,True,True,False,False,False,0.0,0.0,50.0,0.0,0.0,0.0,0.0,0.0,50.0,0.0,0.0,-1,0.0,G2_TRADEABLE,tradeable_sell=False,-1,0.0,0.0,
BTC/USDT,1184,2026-04-28 05:00:00,short,0.5335,70.66,0.6,76885.98,322.027143,low_low_down,True,True,False,False,False,0.0,0.0,50.0,0.0,0.0,0.0,0.0,0.0,50.0,0.0,0.0,-1,0.0,G2_TRADEABLE,tradeable_sell=False,-1,0.0,0.0,
BTC/USDT,1185,2026-04-28 06:00:00,short,0.51117,70.73,0.6,76720.0,330.448571,low_low_down,True,True,False,False,False,0.0,0.0,50.0,0.0,0.0,0.0,0.0,0.0,50.0,0.0,0.0,-1,0.0,G2_TRADEABLE,tradeable_sell=False,-1,0.0,0.0,
BTC/USDT,1186,2026-04-28 07:00:00,short,0.54712,72.06,0.6,76879.28,339.411429,low_low_flat,False,False,False,False,False,0.0,0.0,50.0,0.0,0.0,0.0,0.0,0.0,50.0,0.0,0.0,-1,0.0,G2_TRADEABLE,tradeable_sell=False,-1,0.0,0.0,
BTC/USDT,1187,2026-04-28 08:00:00,short,0.5373,57.29,0.6,76858.59,342.985714,low_low_down,True,True,False,False,False,0.0,0.0,50.0,0.0,0.0,0.0,0.0,0.0,50.0,0.0,0.0,-1,0.0,G2_TRADEABLE,tradeable_sell=False,-1,0.0,0.0,
BTC/USDT,1188,2026-04-28 09:00:00,long,0.51013,58.26,0.6,76598.0,338.169286,low_low_down,True,True,False,False,False,0.0,0.0,50.0,0.0,0.0,0.0,0.0,0.0,50.0,0.0,0.0,-1,0.0,G2_TRADEABLE,tradeable_buy=False,-1,0.0,0.0,
BTC/USDT,1189,2026-04-28 10:00:00,short,0.51365,50.66,0.6,76618.35,337.015714,low_low_down,True,True,False,False,False,0.0,0.0,50.0,0.0,0.0,0.0,0.0,0.0,50.0,0.0,0.0,-1,0.0,G2_TRADEABLE,tradeable_sell=False,-1,0.0,0.0,
BTC/USDT,1190,2026-04-28 11:00:00,long,0.53946,67.7,0.6,76229.0,360.232143,low_low_down,True,True,False,False,False,0.0,0.0,50.0,0.0,0.0,0.0,0.0,0.0,50.0,0.0,0.0,-1,0.0,G2_TRADEABLE,tradeable_buy=False,-1,0.0,0.0,
BTC/USDT,1191,2026-04-28 12:00:00,long,0.50425,63.0,0.6,76372.05,355.52,med_low_down,False,True,False,False,False,0.0,0.0,50.0,0.0,0.0,0.0,0.0,0.0,50.0,0.0,0.0,-1,0.0,G2_TRADEABLE,tradeable_buy=False,-1,0.0,0.0,
BTC/USDT,1192,2026-04-28 13:00:00,long,0.51443,80.31,0.6,76189.84,359.47,med_low_down,False,True,False,False,False,0.0,0.0,50.0,0.0,0.0,0.0,0.0,0.0,50.0,0.0,0.0,-1,0.0,G2_TRADEABLE,tradeable_buy=False,-1,0.0,0.0,
BTC/USDT,1193,2026-04-28 14:00:00,long,0.5542,100.0,0.6,75949.99,378.492143,med_low_down,False,True,False,False,False,0.0,0.0,50.0,0.0,0.0,0.0,0.0,0.0,50.0,0.0,0.0,-1,0.0,G2_TRADEABLE,tradeable_buy=False,-1,0.0,0.0,
BTC/USDT,1194,2026-04-28 15:00:00,long,0.53711,82.23,0.6,76066.38,370.816429,low_low_flat,False,False,False,False,False,0.0,0.0,50.0,0.0,0.0,0.0,0.0,0.0,50.0,0.0,0.0,-1,0.0,G2_TRADEABLE,tradeable_buy=False,-1,0.0,0.0,
BTC/USDT,1195,2026-04-28 16:00:00,long,0.51477,80.37,0.6,76125.04,355.267143,low_low_flat,False,False,False,False,False,0.0,0.0,50.0,0.0,0.0,0.0,0.0,0.0,50.0,0.0,0.0,-1,0.0,G2_TRADEABLE,tradeable_buy=False,-1,0.0,0.0,
BTC/USDT,1196,2026-04-28 17:00:00,long,0.5205,79.68,0.6,76187.3,361.313571,low_low_flat,False,False,False,False,False,0.0,0.0,50.0,0.0,0.0,0.0,0.0,0.0,50.0,0.0,0.0,-1,0.0,G2_TRADEABLE,tradeable_buy=False,-1,0.0,0.0,
BTC/USDT,1197,2026-04-28 18:00:00,long,0.50917,79.67,0.6,76242.18,353.770714,low_low_flat,False,False,False,False,False,0.0,0.0,50.0,0.0,0.0,0.0,0.0,0.0,50.0,0.0,0.0,-1,0.0,G2_TRADEABLE,tradeable_buy=False,-1,0.0,0.0,
BTC/USDT,1198,2026-04-28 19:00:00,short,0.523,66.34,0.6,76330.97,351.734286,low_low_flat,False,False,False,False,False,0.0,0.0,50.0,0.0,0.0,0.0,0.0,0.0,50.0,0.0,0.0,-1,0.0,G2_TRADEABLE,tradeable_sell=False,-1,0.0,0.0,
BTC/USDT,1199,2026-04-28 20:00:00,short,0.55624,76.31,0.6,76463.95,331.475714,low_low_flat,False,False,False,False,False,0.0,0.0,50.0,0.0,0.0,0.0,0.0,0.0,50.0,0.0,0.0,-1,0.0,G2_TRADEABLE,tradeable_sell=False,-1,0.0,0.0,
BTC/USDT,1200,2026-04-28 21:00:00,short,0.55069,77.94,0.6,76357.15,311.216429,low_low_flat,False,False,False,False,False,0.0,0.0,50.0,0.0,0.0,0.0,0.0,0.0,50.0,0.0,0.0,-1,0.0,G2_TRADEABLE,tradeable_sell=False,-1,0.0,0.0,
BTC/USDT,1201,2026-04-28 22:00:00,short,0.54063,66.67,0.6,76242.17,308.055714,low_low_down,True,True,False,False,False,0.0,0.0,50.0,0.0,0.0,0.0,0.0,0.0,50.0,0.0,0.0,-1,0.0,G2_TRADEABLE,tradeable_sell=False,-1,0.0,0.0,
BTC/USDT,1202,2026-04-28 23:00:00,short,0.55811,75.87,0.6,76342.77,294.152143,low_low_down,True,True,False,False,False,0.0,0.0,50.0,0.0,0.0,0.0,0.0,0.0,50.0,0.0,0.0,-1,0.0,G2_TRADEABLE,tradeable_sell=False,-1,0.0,0.0,
BTC/USDT,1203,2026-04-29 00:00:00,short,0.57722,79.11,0.6,76512.0,299.472143,low_low_down,True,True,False,False,False,0.0,0.0,50.0,0.0,0.0,0.0,0.0,0.0,50.0,0.0,0.0,-1,0.0,G2_TRADEABLE,tradeable_sell=False,-1,0.0,0.0,
BTC/USDT,1204,2026-04-29 01:00:00,short,0.60816,74.68,0.6,76571.0,296.651429,low_low_flat,False,False,False,False,False,0.0,0.0,50.0,0.0,0.0,0.0,0.0,0.0,50.0,0.0,0.0,-1,0.0,G2_TRADEABLE,tradeable_sell=False,-1,0.0,0.0,
BTC/USDT,1205,2026-04-29 02:00:00,short,0.58919,73.99,0.6,76531.29,297.437143,low_low_flat,False,False,False,False,False,0.0,0.0,50.0,0.0,0.0,0.0,0.0,0.0,50.0,0.0,0.0,-1,0.0,G2_TRADEABLE,tradeable_sell=False,-1,0.0,0.0,
BTC/USDT,1206,2026-04-29 03:00:00,short,0.60212,84.5,0.6,76994.78,306.075714,low_low_flat,False,False,False,False,False,0.0,0.0,50.0,0.0,0.0,0.0,0.0,0.0,50.0,0.0,0.0,-1,0.0,G2_TRADEABLE,tradeable_sell=False,-1,0.0,0.0,
BTC/USDT,1207,2026-04-29 04:00:00,short,0.57628,84.43,0.6,77269.76,309.098571,low_low_flat,False,False,False,False,False,0.0,0.0,50.0,0.0,0.0,0.0,0.0,0.0,50.0,0.0,0.0,-1,0.0,G2_TRADEABLE,tradeable_sell=False,-1,0.0,0.0,
BTC/USDT,1208,2026-04-29 05:00:00,short,0.5548,79.97,0.6,77288.38,300.72,low_low_flat,False,False,False,False,False,0.0,0.0,50.0,0.0,0.0,0.0,0.0,0.0,50.0,0.0,0.0,-1,0.0,G2_TRADEABLE,tradeable_sell=False,-1,0.0,0.0,
BTC/USDT,1209,2026-04-29 06:00:00,short,0.57529,90.05,0.6,77031.06,307.414286,low_low_flat,False,False,False,False,False,0.0,0.0,50.0,0.0,0.0,0.0,0.0,0.0,50.0,0.0,0.0,-1,0.0,G2_TRADEABLE,tradeable_sell=False,-1,0.0,0.0,
BTC/USDT,1210,2026-04-29 07:00:00,short,0.55694,88.61,0.6,77053.64,296.576429,low_low_flat,False,False,False,False,False,0.0,0.0,50.0,0.0,0.0,0.0,0.0,0.0,50.0,0.0,0.0,-1,0.0,G2_TRADEABLE,tradeable_sell=False,-1,0.0,0.0,
BTC/USDT,1211,2026-04-29 08:00:00,short,0.57946,84.02,0.6,77046.32,298.963571,low_low_flat,False,False,False,False,False,0.0,0.0,50.0,0.0,0.0,0.0,0.0,0.0,50.0,0.0,0.0,-1,0.0,G2_TRADEABLE,tradeable_sell=False,-1,0.0,0.0,
BTC/USDT,1212,2026-04-29 09:00:00,short,0.53571,85.92,0.6,77642.0,335.620714,low_low_up,True,True,False,False,False,0.0,0.0,50.0,0.0,0.0,0.0,0.0,0.0,50.0,0.0,0.0,-1,0.0,G2_TRADEABLE,tradeable_sell=False,-1,0.0,0.0,
BTC/USDT,1213,2026-04-29 10:00:00,short,0.55142,88.37,0.6,77619.61,349.152857,low_low_up,True,True,False,False,False,0.0,0.0,50.0,0.0,0.0,0.0,0.0,0.0,50.0,0.0,0.0,-1,0.0,G2_TRADEABLE,tradeable_sell=False,-1,0.0,0.0,
BTC/USDT,1214,2026-04-29 11:00:00,short,0.57348,83.9,0.6,77590.03,348.803571,low_low_up,True,True,False,False,False,0.0,0.0,50.0,0.0,0.0,0.0,0.0,0.0,50.0,0.0,0.0,-1,0.0,G2_TRADEABLE,tradeable_sell=False,-1,0.0,0.0,
BTC/USDT,1215,2026-04-29 12:00:00,short,0.5117,100.0,0.6,77143.68,385.812857,low_low_up,True,True,False,False,False,0.0,0.0,50.0,0.0,0.0,0.0,0.0,0.0,50.0,0.0,0.0,-1,0.0,G2_TRADEABLE,tradeable_sell=False,-1,0.0,0.0,
BTC/USDT,1216,2026-04-29 13:00:00,short,0.5233,83.86,0.6,76783.43,431.627143,low_med_up,False,False,False,False,False,0.0,0.0,50.0,0.0,0.0,0.0,0.0,0.0,50.0,0.0,0.0,-1,0.0,G2_TRADEABLE,tradeable_sell=False,-1,0.0,0.0,
BTC/USDT,1217,2026-04-29 14:00:00,long,0.50186,100.0,0.6,76570.0,442.750714,low_med_up,False,False,False,False,False,0.0,0.0,50.0,0.0,0.0,0.0,0.0,0.0,50.0,0.0,0.0,-1,0.0,G2_TRADEABLE,tradeable_buy=False,-1,0.0,0.0,
BTC/USDT,1218,2026-04-29 15:00:00,long,0.54784,87.98,0.6,75924.25,474.823571,med_med_flat,True,True,False,False,False,0.0,0.0,50.0,0.0,0.0,0.0,0.0,0.0,50.0,0.0,0.0,-1,0.0,G2_TRADEABLE,tradeable_buy=False,-1,0.0,0.0,
BTC/USDT,1219,2026-04-29 16:00:00,long,0.55978,86.17,0.6,75803.54,486.626429,med_med_flat,True,True,False,False,False,0.0,0.0,50.0,0.0,0.0,0.0,0.0,0.0,50.0,0.0,0.0,-1,0.0,G2_TRADEABLE,tradeable_buy=False,-1,0.0,0.0,
BTC/USDT,1220,2026-04-29 17:00:00,long,0.5538,81.41,0.6,76184.01,470.397143,med_med_flat,True,True,False,False,False,0.0,0.0,50.0,0.0,0.0,0.0,0.0,0.0,50.0,0.0,0.0,-1,0.0,G2_TRADEABLE,tradeable_buy=False,-1,0.0,0.0,
BTC/USDT,1221,2026-04-29 18:00:00,long,0.54792,100.0,0.6,75513.91,524.795,med_med_flat,True,True,False,False,False,0.0,0.0,50.0,0.0,0.0,0.0,0.0,0.0,50.0,0.0,0.0,-1,0.0,G2_TRADEABLE,tradeable_buy=False,-1,0.0,0.0,
BTC/USDT,1222,2026-04-29 19:00:00,long,0.45277,76.23,0.6,75563.86,536.100714,med_med_flat,True,True,False,False,False,0.0,0.0,50.0,0.0,0.0,0.0,0.0,0.0,50.0,0.0,0.0,-1,0.0,G2_TRADEABLE,tradeable_buy=False,-1,0.0,0.0,
BTC/USDT,1223,2026-04-29 20:00:00,long,0.5299,79.83,0.6,75676.79,531.057143,med_med_flat,True,True,False,False,False,0.0,0.0,50.0,0.0,0.0,0.0,0.0,0.0,50.0,0.0,0.0,-1,0.0,G2_TRADEABLE,tradeable_buy=False,-1,0.0,0.0,
BTC/USDT,1224,2026-04-29 21:00:00,long,0.51475,77.89,0.6,75933.93,554.582143,med_med_flat,True,True,False,False,False,0.0,0.0,50.0,0.0,0.0,0.0,0.0,0.0,50.0,0.0,0.0,-1,0.0,G2_TRADEABLE,tradeable_buy=False,-1,0.0,0.0,
BTC/USDT,1225,2026-04-29 22:00:00,long,0.52506,76.67,0.6,75927.38,555.262857,med_med_flat,True,True,False,False,False,0.0,0.0,50.0,0.0,0.0,0.0,0.0,0.0,50.0,0.0,0.0,-1,0.0,G2_TRADEABLE,tradeable_buy=False,-1,0.0,0.0,
BTC/USDT,1226,2026-04-29 23:00:00,long,0.53194,76.8,0.6,75780.0,517.409286,med_med_flat,True,True,False,False,False,0.0,0.0,50.0,0.0,0.0,0.0,0.0,0.0,50.0,0.0,0.0,-1,0.0,G2_TRADEABLE,tradeable_buy=False,-1,0.0,0.0,
BTC/USDT,1227,2026-04-30 00:00:00,long,0.52315,72.18,0.6,76248.74,541.897857,med_med_flat,True,True,False,False,False,0.0,0.0,50.0,0.0,0.0,0.0,0.0,0.0,50.0,0.0,0.0,-1,0.0,G2_TRADEABLE,tradeable_buy=False,-1,0.0,0.0,
BTC/USDT,1228,2026-04-30 01:00:00,long,0.50802,68.37,0.6,76232.8,548.021429,med_med_flat,True,True,False,False,False,0.0,0.0,50.0,0.0,0.0,0.0,0.0,0.0,50.0,0.0,0.0,-1,0.0,G2_TRADEABLE,tradeable_buy=False,-1,0.0,0.0,
BTC/USDT,1229,2026-04-30 02:00:00,long,0.52797,80.75,0.6,75704.74,555.875,med_med_down,False,True,False,False,False,0.0,0.0,50.0,0.0,0.0,0.0,0.0,0.0,50.0,0.0,0.0,-1,0.0,G2_TRADEABLE,tradeable_buy=False,-1,0.0,0.0,
BTC/USDT,1230,2026-04-30 03:00:00,long,0.51277,78.05,0.6,75928.1,521.591429,med_med_down,False,True,False,False,False,0.0,0.0,50.0,0.0,0.0,0.0,0.0,0.0,50.0,0.0,0.0,-1,0.0,G2_TRADEABLE,tradeable_buy=False,-1,0.0,0.0,
BTC/USDT,1231,2026-04-30 04:00:00,long,0.52547,79.74,0.6,75497.0,529.566429,med_med_down,False,True,False,False,False,0.0,0.0,50.0,0.0,0.0,0.0,0.0,0.0,50.0,0.0,0.0,-1,0.0,G2_TRADEABLE,tradeable_buy=False,-1,0.0,0.0,
BTC/USDT,1232,2026-04-30 05:00:00,long,0.52504,81.03,0.6,75600.09,493.642143,med_med_down,False,True,False,False,False,0.0,0.0,50.0,0.0,0.0,0.0,0.0,0.0,50.0,0.0,0.0,-1,0.0,G2_TRADEABLE,tradeable_buy=False,-1,0.0,0.0,
BTC/USDT,1233,2026-04-30 06:00:00,long,0.52886,81.51,0.6,75753.53,484.254286,med_med_down,False,True,False,False,False,0.0,0.0,50.0,0.0,0.0,0.0,0.0,0.0,50.0,0.0,0.0,-1,0.0,G2_TRADEABLE,tradeable_buy=False,-1,0.0,0.0,
BTC/USDT,1234,2026-04-30 07:00:00,long,0.50746,74.41,0.6,76161.67,490.035714,med_med_down,False,True,False,False,False,0.0,0.0,50.0,0.0,0.0,0.0,0.0,0.0,50.0,0.0,0.0,-1,0.0,G2_TRADEABLE,tradeable_buy=False,-1,0.0,0.0,
BTC/USDT,1235,2026-04-30 08:00:00,short,0.50881,64.77,0.6,76058.17,408.040714,med_med_down,False,True,False,False,False,0.0,0.0,50.0,0.0,0.0,0.0,0.0,0.0,50.0,0.0,0.0,-1,0.0,G2_TRADEABLE,tradeable_sell=False,-1,0.0,0.0,
BTC/USDT,1236,2026-04-30 09:00:00,short,0.50952,74.8,0.6,76097.19,410.702143,med_med_down,False,True,False,False,False,0.0,0.0,50.0,0.0,0.0,0.0,0.0,0.0,50.0,0.0,0.0,-1,0.0,G2_TRADEABLE,tradeable_sell=False,-1,0.0,0.0,
BTC/USDT,1237,2026-04-30 10:00:00,short,0.52131,65.72,0.6,76028.66,398.466429,med_med_down,False,True,False,False,False,0.0,0.0,50.0,0.0,0.0,0.0,0.0,0.0,50.0,0.0,0.0,-1,0.0,G2_TRADEABLE,tradeable_sell=False,-1,0.0,0.0,
BTC/USDT,1238,2026-04-30 11:00:00,short,0.53183,66.38,0.6,76059.43,390.385714,med_low_down,False,True,False,False,False,0.0,0.0,50.0,0.0,0.0,0.0,0.0,0.0,50.0,0.0,0.0,-1,0.0,G2_TRADEABLE,tradeable_sell=False,-1,0.0,0.0,
BTC/USDT,1239,2026-04-30 12:00:00,short,0.52984,94.36,0.6,76308.48,410.562143,med_med_down,False,True,False,False,False,0.0,0.0,50.0,0.0,0.0,0.0,0.0,0.0,50.0,0.0,0.0,-1,0.0,G2_TRADEABLE,tradeable_sell=False,-1,0.0,0.0,
BTC/USDT,1240,2026-04-30 13:00:00,short,0.54082,88.49,0.6,76420.44,428.791429,med_med_flat,True,True,False,False,False,0.0,0.0,50.0,0.0,0.0,0.0,0.0,0.0,50.0,0.0,0.0,-1,0.0,G2_TRADEABLE,tradeable_sell=False,-1,0.0,0.0,
BTC/USDT,1241,2026-04-30 14:00:00,short,0.53716,68.95,0.6,76301.24,415.585714,low_med_flat,False,False,False,False,False,0.0,0.0,50.0,0.0,0.0,0.0,0.0,0.0,50.0,0.0,0.0,-1,0.0,G2_TRADEABLE,tradeable_sell=False,-1,0.0,0.0,
BTC/USDT,1242,2026-04-30 15:00:00,short,0.54655,61.98,0.6,76473.6,429.579286,low_med_up,False,False,False,False,False,0.0,0.0,50.0,0.0,0.0,0.0,0.0,0.0,50.0,0.0,0.0,-1,0.0,G2_TRADEABLE,tradeable_sell=False,-1,0.0,0.0,
BTC/USDT,1243,2026-04-30 16:00:00,short,0.54615,60.13,0.6,76261.03,386.721429,low_low_up,True,True,False,False,False,0.0,0.0,50.0,0.0,0.0,0.0,0.0,0.0,50.0,0.0,0.0,-1,0.0,G2_TRADEABLE,tradeable_sell=False,-1,0.0,0.0,
BTC/USDT,1244,2026-04-30 17:00:00,short,0.54339,61.8,0.6,76250.01,378.385714,low_low_flat,False,False,False,False,False,0.0,0.0,50.0,0.0,0.0,0.0,0.0,0.0,50.0,0.0,0.0,-1,0.0,G2_TRADEABLE,tradeable_sell=False,-1,0.0,0.0,
BTC/USDT,1245,2026-04-30 18:00:00,short,0.58641,60.96,0.6,76350.0,358.035,low_low_up,True,True,False,False,False,0.0,0.0,50.0,0.0,0.0,0.0,0.0,0.0,50.0,0.0,0.0,-1,0.0,G2_TRADEABLE,tradeable_sell=False,-1,0.0,0.0,
BTC/USDT,1246,2026-04-30 19:00:00,short,0.5973,52.04,0.6,76412.8,342.329286,low_low_up,True,True,False,False,False,0.0,0.0,50.0,0.0,0.0,0.0,0.0,0.0,50.0,0.0,0.0,-1,0.0,G2_TRADEABLE,tradeable_sell=False,-1,0.0,0.0,
BTC/USDT,1247,2026-04-30 20:00:00,short,0.60671,62.39,0.6,76492.46,338.949286,low_low_up,True,True,False,False,False,0.0,0.0,50.0,0.0,0.0,0.0,0.0,0.0,50.0,0.0,0.0,-1,0.0,G2_TRADEABLE,tradeable_sell=False,-1,0.0,0.0,
BTC/USDT,1248,2026-04-30 21:00:00,short,0.57212,52.98,0.6,76241.78,327.037143,low_low_flat,False,False,False,False,False,0.0,0.0,50.0,0.0,0.0,0.0,0.0,0.0,50.0,0.0,0.0,-1,0.0,G2_TRADEABLE,tradeable_sell=False,-1,0.0,0.0,
BTC/USDT,1249,2026-04-30 22:00:00,short,0.57641,72.4,0.6,76237.06,330.879286,low_low_flat,False,False,False,False,False,0.0,0.0,50.0,0.0,0.0,0.0,0.0,0.0,50.0,0.0,0.0,-1,0.0,G2_TRADEABLE,tradeable_sell=False,-1,0.0,0.0,
BTC/USDT,1250,2026-04-30 23:00:00,short,0.56171,71.3,0.6,76346.57,319.126429,low_low_up,True,True,False,False,False,0.0,0.0,50.0,0.0,0.0,0.0,0.0,0.0,50.0,0.0,0.0,-1,0.0,G2_TRADEABLE,tradeable_sell=False,-1,0.0,0.0,
BTC/USDT,1251,2026-05-01 00:00:00,short,0.59955,75.18,0.6,76458.05,324.982857,low_low_flat,False,False,False,False,False,0.0,0.0,50.0,0.0,0.0,0.0,0.0,0.0,50.0,0.0,0.0,-1,0.0,G2_TRADEABLE,tradeable_sell=False,-1,0.0,0.0,
BTC/USDT,1252,2026-05-01 01:00:00,short,0.59088,83.88,0.6,76686.13,322.028571,low_low_up,True,True,False,False,False,0.0,0.0,50.0,0.0,0.0,0.0,0.0,0.0,50.0,0.0,0.0,-1,0.0,G2_TRADEABLE,tradeable_sell=False,-1,0.0,0.0,
BTC/USDT,1253,2026-05-01 02:00:00,short,0.60331,81.36,0.6,76592.54,303.627857,low_low_up,True,True,False,False,False,0.0,0.0,50.0,0.0,0.0,0.0,0.0,0.0,50.0,0.0,0.0,-1,0.0,G2_TRADEABLE,tradeable_sell=False,-1,0.0,0.0,
BTC/USDT,1254,2026-05-01 03:00:00,short,0.58019,100.0,0.6,77131.08,328.323571,low_low_up,True,True,False,False,False,0.0,0.0,50.0,0.0,0.0,0.0,0.0,0.0,50.0,0.0,0.0,-1,0.0,G2_TRADEABLE,tradeable_sell=False,-1,0.0,0.0,
BTC/USDT,1255,2026-05-01 04:00:00,short,0.58808,90.11,0.6,77042.44,331.829286,low_low_up,True,True,False,False,False,0.0,0.0,50.0,0.0,0.0,0.0,0.0,0.0,50.0,0.0,0.0,-1,0.0,G2_TRADEABLE,tradeable_sell=False,-1,0.0,0.0,
BTC/USDT,1256,2026-05-01 05:00:00,short,0.58045,79.3,0.6,77165.98,307.587143,low_low_up,True,True,False,False,False,0.0,0.0,50.0,0.0,0.0,0.0,0.0,0.0,50.0,0.0,0.0,-1,0.0,G2_TRADEABLE,tradeable_sell=False,-1,0.0,0.0,
BTC/USDT,1257,2026-05-01 06:00:00,short,0.56761,82.4,0.6,76993.48,310.53,low_low_up,True,True,False,False,False,0.0,0.0,50.0,0.0,0.0,0.0,0.0,0.0,50.0,0.0,0.0,-1,0.0,G2_TRADEABLE,tradeable_sell=False,-1,0.0,0.0,
BTC/USDT,1258,2026-05-01 07:00:00,short,0.57681,83.98,0.6,77130.54,308.073571,low_low_up,True,True,False,False,False,0.0,0.0,50.0,0.0,0.0,0.0,0.0,0.0,50.0,0.0,0.0,-1,0.0,G2_TRADEABLE,tradeable_sell=False,-1,0.0,0.0,
BTC/USDT,1259,2026-05-01 08:00:00,short,0.55643,85.49,0.6,77377.47,321.470714,low_low_up,True,True,False,False,False,0.0,0.0,50.0,0.0,0.0,0.0,0.0,0.0,50.0,0.0,0.0,-1,0.0,G2_TRADEABLE,tradeable_sell=False,-1,0.0,0.0,
BTC/USDT,1260,2026-05-01 09:00:00,short,0.55727,81.62,0.6,77268.55,320.425714,low_low_up,True,True,False,False,False,0.0,0.0,50.0,0.0,0.0,0.0,0.0,0.0,50.0,0.0,0.0,-1,0.0,G2_TRADEABLE,tradeable_sell=False,-1,0.0,0.0,
BTC/USDT,1261,2026-05-01 10:00:00,short,0.55598,80.63,0.6,77304.34,323.043571,low_low_up,True,True,False,False,False,0.0,0.0,50.0,0.0,0.0,0.0,0.0,0.0,50.0,0.0,0.0,-1,0.0,G2_TRADEABLE,tradeable_sell=False,-1,0.0,0.0,
BTC/USDT,1262,2026-05-01 11:00:00,short,0.5578,84.56,0.6,77463.98,326.022143,low_low_up,True,True,False,False,False,0.0,0.0,50.0,0.0,0.0,0.0,0.0,0.0,50.0,0.0,0.0,-1,0.0,G2_TRADEABLE,tradeable_sell=False,-1,0.0,0.0,
BTC/USDT,1263,2026-05-01 12:00:00,short,0.53321,100.0,0.6,77896.01,363.045714,low_low_up,True,True,False,False,False,0.0,0.0,50.0,0.0,0.0,0.0,0.0,0.0,50.0,0.0,0.0,-1,0.0,G2_TRADEABLE,tradeable_sell=False,-1,0.0,0.0,
BTC/USDT,1264,2026-05-01 13:00:00,short,0.51015,99.93,0.6,78737.25,424.18,low_med_up,False,False,False,False,False,0.0,0.0,50.0,0.0,0.0,0.0,0.0,0.0,50.0,0.0,0.0,-1,0.0,G2_TRADEABLE,tradeable_sell=False,-1,0.0,0.0,
BTC/USDT,1265,2026-05-01 14:00:00,short,0.50816,100.0,0.6,78358.75,463.42,low_med_up,False,False,False,False,False,0.0,0.0,50.0,0.0,0.0,0.0,0.0,0.0,50.0,0.0,0.0,-1,0.0,G2_TRADEABLE,tradeable_sell=False,-1,0.0,0.0,
BTC/USDT,1266,2026-05-01 15:00:00,short,0.5103,83.44,0.6,78445.89,480.073571,low_med_up,False,False,False,False,False,0.0,0.0,50.0,0.0,0.0,0.0,0.0,0.0,50.0,0.0,0.0,-1,0.0,G2_TRADEABLE,tradeable_sell=False,-1,0.0,0.0,
BTC/USDT,1267,2026-05-01 16:00:00,short,0.52205,82.86,0.6,78214.36,501.847857,med_med_up,False,True,False,False,False,0.0,0.0,50.0,0.0,0.0,0.0,0.0,0.0,50.0,0.0,0.0,-1,0.0,G2_TRADEABLE,tradeable_sell=False,-1,0.0,0.0,
BTC/USDT,1268,2026-05-01 17:00:00,long,0.51195,61.9,0.6,78552.94,470.055714,med_med_up,False,True,False,False,False,0.0,0.0,50.0,0.0,0.0,0.0,0.0,0.0,50.0,0.0,0.0,-1,0.0,G2_TRADEABLE,tradeable_buy=False,-1,0.0,0.0,
BTC/USDT,1269,2026-05-01 18:00:00,short,0.50505,80.4,0.6,78423.9,448.274286,med_med_up,False,True,False,False,False,0.0,0.0,50.0,0.0,0.0,0.0,0.0,0.0,50.0,0.0,0.0,-1,0.0,G2_TRADEABLE,tradeable_sell=False,-1,0.0,0.0,
BTC/USDT,1270,2026-05-01 19:00:00,short,0.53153,81.35,0.6,78360.0,453.687857,med_med_up,False,True,False,False,False,0.0,0.0,50.0,0.0,0.0,0.0,0.0,0.0,50.0,0.0,0.0,-1,0.0,G2_TRADEABLE,tradeable_sell=False,-1,0.0,0.0,
BTC/USDT,1271,2026-05-01 20:00:00,short,0.51618,85.42,0.6,77880.18,480.350714,med_med_up,False,True,False,False,False,0.0,0.0,50.0,0.0,0.0,0.0,0.0,0.0,50.0,0.0,0.0,-1,0.0,G2_TRADEABLE,tradeable_sell=False,-1,0.0,0.0,
BTC/USDT,1272,2026-05-01 21:00:00,long,0.51726,69.91,0.6,78199.99,491.687143,med_med_up,False,True,False,False,False,0.0,0.0,50.0,0.0,0.0,0.0,0.0,0.0,50.0,0.0,0.0,-1,0.0,G2_TRADEABLE,tradeable_buy=False,-1,0.0,0.0,
BTC/USDT,1273,2026-05-01 22:00:00,long,0.52514,67.74,0.6,78153.38,478.432143,med_med_up,False,True,False,False,False,0.0,0.0,50.0,0.0,0.0,0.0,0.0,0.0,50.0,0.0,0.0,-1,0.0,G2_TRADEABLE,tradeable_buy=False,-1,0.0,0.0,
BTC/USDT,1274,2026-05-01 23:00:00,long,0.51116,67.71,0.6,78231.13,479.466429,med_med_up,False,True,False,False,False,0.0,0.0,50.0,0.0,0.0,0.0,0.0,0.0,50.0,0.0,0.0,-1,0.0,G2_TRADEABLE,tradeable_buy=False,-1,0.0,0.0,
BTC/USDT,1275,2026-05-02 00:00:00,long,0.51354,68.46,0.6,78341.75,475.157143,med_med_up,False,True,False,False,False,0.0,0.0,50.0,0.0,0.0,0.0,0.0,0.0,50.0,0.0,0.0,-1,0.0,G2_TRADEABLE,tradeable_buy=False,-1,0.0,0.0,
BTC/USDT,1276,2026-05-02 01:00:00,long,0.51489,69.15,0.6,78355.0,461.641429,med_med_up,False,True,False,False,False,0.0,0.0,50.0,0.0,0.0,0.0,0.0,0.0,50.0,0.0,0.0,-1,0.0,G2_TRADEABLE,tradeable_buy=False,-1,0.0,0.0,
BTC/USDT,1277,2026-05-02 02:00:00,long,0.51136,67.09,0.6,78353.93,425.304286,med_med_up,False,True,False,False,False,0.0,0.0,50.0,0.0,0.0,0.0,0.0,0.0,50.0,0.0,0.0,-1,0.0,G2_TRADEABLE,tradeable_buy=False,-1,0.0,0.0,
BTC/USDT,1278,2026-05-02 03:00:00,short,0.50117,81.33,0.6,78400.0,372.407857,med_low_up,False,True,False,False,False,0.0,0.0,50.0,0.0,0.0,0.0,0.0,0.0,50.0,0.0,0.0,-1,0.0,G2_TRADEABLE,tradeable_sell=False,-1,0.0,0.0,
BTC/USDT,1279,2026-05-02 04:00:00,short,0.50882,84.21,0.6,78175.5,337.087857,med_low_up,False,True,False,False,False,0.0,0.0,50.0,0.0,0.0,0.0,0.0,0.0,50.0,0.0,0.0,-1,0.0,G2_TRADEABLE,tradeable_sell=False,-1,0.0,0.0,
BTC/USDT,1280,2026-05-02 05:00:00,long,0.51172,65.44,0.6,78174.0,311.044286,med_low_up,False,True,False,False,False,0.0,0.0,50.0,0.0,0.0,0.0,0.0,0.0,50.0,0.0,0.0,-1,0.0,G2_TRADEABLE,tradeable_buy=False,-1,0.0,0.0,
BTC/USDT,1281,2026-05-02 06:00:00,short,0.501,80.67,0.6,78327.8,289.563571,med_low_up,False,True,False,False,False,0.0,0.0,50.0,0.0,0.0,0.0,0.0,0.0,50.0,0.0,0.0,-1,0.0,G2_TRADEABLE,tradeable_sell=False,-1,0.0,0.0,
BTC/USDT,1282,2026-05-02 07:00:00,long,0.50348,63.91,0.6,78220.0,266.805714,med_low_up,False,True,False,False,False,0.0,0.0,50.0,0.0,0.0,0.0,0.0,0.0,50.0,0.0,0.0,-1,0.0,G2_TRADEABLE,tradeable_buy=False,-1,0.0,0.0,
BTC/USDT,1283,2026-05-02 08:00:00,short,0.51096,80.56,0.6,78315.37,262.760714,low_low_up,True,True,False,False,False,0.0,0.0,50.0,0.0,0.0,0.0,0.0,0.0,50.0,0.0,0.0,-1,0.0,G2_TRADEABLE,tradeable_sell=False,-1,0.0,0.0,
BTC/USDT,1284,2026-05-02 09:00:00,short,0.50504,72.06,0.6,78293.57,258.986429,low_low_up,True,True,False,False,False,0.0,0.0,50.0,0.0,0.0,0.0,0.0,0.0,50.0,0.0,0.0,-1,0.0,G2_TRADEABLE,tradeable_sell=False,-1,0.0,0.0,
BTC/USDT,1285,2026-05-02 10:00:00,short,0.51233,69.1,0.6,78249.3,217.267857,low_low_up,True,True,False,False,False,0.0,0.0,50.0,0.0,0.0,0.0,0.0,0.0,50.0,0.0,0.0,-1,0.0,G2_TRADEABLE,tradeable_sell=False,-1,0.0,0.0,
BTC/USDT,1286,2026-05-02 11:00:00,long,0.51006,71.77,0.6,78143.08,203.9,low_low_up,True,True,False,False,False,0.0,0.0,50.0,0.0,0.0,0.0,0.0,0.0,50.0,0.0,0.0,-1,0.0,G2_TRADEABLE,tradeable_buy=False,-1,0.0,0.0,
BTC/USDT,1287,2026-05-02 12:00:00,short,0.50805,51.53,0.6,78211.24,195.866429,low_low_flat,False,False,False,False,False,0.0,0.0,50.0,0.0,0.0,0.0,0.0,0.0,50.0,0.0,0.0,-1,0.0,G2_TRADEABLE,tradeable_sell=False,-1,0.0,0.0,
BTC/USDT,1288,2026-05-02 13:00:00,short,0.50389,49.24,0.6,78367.06,196.315714,low_low_flat,False,False,False,False,False,0.0,0.0,50.0,0.0,0.0,0.0,0.0,0.0,50.0,0.0,0.0,-1,0.0,G2_TRADEABLE,tradeable_sell=False,-1,0.0,0.0,
BTC/USDT,1289,2026-05-02 14:00:00,short,0.51754,47.94,0.6,78423.98,192.577857,low_low_flat,False,False,False,False,False,0.0,0.0,50.0,0.0,0.0,0.0,0.0,0.0,50.0,0.0,0.0,-1,0.0,G2_TRADEABLE,tradeable_sell=False,-1,0.0,0.0,
BTC/USDT,1290,2026-05-02 15:00:00,short,0.50245,43.92,0.6,78487.67,190.763571,low_low_flat,False,False,False,False,False,0.0,0.0,50.0,0.0,0.0,0.0,0.0,0.0,50.0,0.0,0.0,-1,0.0,G2_TRADEABLE,tradeable_sell=False,-1,0.0,0.0,
BTC/USDT,1291,2026-05-02 16:00:00,long,0.50215,58.27,0.6,78455.02,184.605714,low_low_flat,False,False,False,False,False,0.0,0.0,50.0,0.0,0.0,0.0,0.0,0.0,50.0,0.0,0.0,-1,0.0,G2_TRADEABLE,tradeable_buy=False,-1,0.0,0.0,
BTC/USDT,1292,2026-05-02 17:00:00,short,0.50748,50.21,0.6,78398.02,173.157143,low_low_flat,False,False,False,False,False,0.0,0.0,50.0,0.0,0.0,0.0,0.0,0.0,50.0,0.0,0.0,-1,0.0,G2_TRADEABLE,tradeable_sell=False,-1,0.0,0.0,
BTC/USDT,1293,2026-05-02 18:00:00,short,0.51073,43.42,0.6,78466.62,162.965,low_low_flat,False,False,False,False,False,0.0,0.0,50.0,0.0,0.0,0.0,0.0,0.0,50.0,0.0,0.0,-1,0.0,G2_TRADEABLE,tradeable_sell=False,-1,0.0,0.0,
BTC/USDT,1294,2026-05-02 19:00:00,long,0.50134,59.32,0.6,78486.0,154.845,low_low_flat,False,False,False,False,False,0.0,0.0,50.0,0.0,0.0,0.0,0.0,0.0,50.0,0.0,0.0,-1,0.0,G2_TRADEABLE,tradeable_buy=False,-1,0.0,0.0,
BTC/USDT,1295,2026-05-02 20:00:00,short,0.5055,43.51,0.6,78451.38,144.7,low_low_up,True,True,False,False,False,0.0,0.0,50.0,0.0,0.0,0.0,0.0,0.0,50.0,0.0,0.0,-1,0.0,G2_TRADEABLE,tradeable_sell=False,-1,0.0,0.0,
BTC/USDT,1296,2026-05-02 21:00:00,long,0.50802,73.11,0.6,78719.78,189.342143,low_low_up,True,True,False,False,False,0.0,0.0,50.0,0.0,0.0,0.0,0.0,0.0,50.0,0.0,0.0,-1,0.0,G2_TRADEABLE,tradeable_buy=False,-1,0.0,0.0,
BTC/USDT,1297,2026-05-02 22:00:00,short,0.51426,49.47,0.6,78832.98,194.393571,low_low_up,True,True,False,False,False,0.0,0.0,50.0,0.0,0.0,0.0,0.0,0.0,50.0,0.0,0.0,-1,0.0,G2_TRADEABLE,tradeable_sell=False,-1,0.0,0.0,
BTC/USDT,1298,2026-05-02 23:00:00,short,0.50345,46.03,0.6,78686.85,196.327857,low_low_up,True,True,False,False,False,0.0,0.0,50.0,0.0,0.0,0.0,0.0,0.0,50.0,0.0,0.0,-1,0.0,G2_TRADEABLE,tradeable_sell=False,-1,0.0,0.0,
BTC/USDT,1299,2026-05-03 00:00:00,long,0.52177,81.12,0.6,78542.32,208.984286,low_low_flat,False,False,False,False,False,0.0,0.0,50.0,0.0,0.0,0.0,0.0,0.0,50.0,0.0,0.0,-1,0.0,G2_TRADEABLE,tradeable_buy=False,-1,0.0,0.0,
BTC/USDT,1300,2026-05-03 01:00:00,long,0.51291,82.22,0.6,78240.83,225.784286,low_low_flat,False,False,False,False,False,0.0,0.0,50.0,0.0,0.0,0.0,0.0,0.0,50.0,0.0,0.0,-1,0.0,G2_TRADEABLE,tradeable_buy=False,-1,0.0,0.0,
BTC/USDT,1301,2026-05-03 02:00:00,short,0.52026,80.8,0.6,78171.85,229.097143,low_low_flat,False,False,False,False,False,0.0,0.0,50.0,0.0,0.0,0.0,0.0,0.0,50.0,0.0,0.0,-1,0.0,G2_TRADEABLE,tradeable_sell=False,-1,0.0,0.0,
BTC/USDT,1302,2026-05-03 03:00:00,short,0.52247,79.88,0.6,78203.08,221.6,low_low_flat,False,False,False,False,False,0.0,0.0,50.0,0.0,0.0,0.0,0.0,0.0,50.0,0.0,0.0,-1,0.0,G2_TRADEABLE,tradeable_sell=False,-1,0.0,0.0,
BTC/USDT,1303,2026-05-03 04:00:00,short,0.52669,77.52,0.6,78163.19,217.447857,low_low_flat,False,False,False,False,False,0.0,0.0,50.0,0.0,0.0,0.0,0.0,0.0,50.0,0.0,0.0,-1,0.0,G2_TRADEABLE,tradeable_sell=False,-1,0.0,0.0,
BTC/USDT,1304,2026-05-03 05:00:00,long,0.50896,68.4,0.6,78249.42,215.723571,low_low_flat,False,False,False,False,False,0.0,0.0,50.0,0.0,0.0,0.0,0.0,0.0,50.0,0.0,0.0,-1,0.0,G2_TRADEABLE,tradeable_buy=False,-1,0.0,0.0,
BTC/USDT,1305,2026-05-03 06:00:00,long,0.50978,77.3,0.6,78288.3,221.912143,low_low_flat,False,False,False,False,False,0.0,0.0,50.0,0.0,0.0,0.0,0.0,0.0,50.0,0.0,0.0,-1,0.0,G2_TRADEABLE,tradeable_buy=False,-1,0.0,0.0,
BTC/USDT,1306,2026-05-03 07:00:00,short,0.51835,79.87,0.6,78363.25,227.49,low_low_flat,False,False,False,False,False,0.0,0.0,50.0,0.0,0.0,0.0,0.0,0.0,50.0,0.0,0.0,-1,0.0,G2_TRADEABLE,tradeable_sell=False,-1,0.0,0.0,
BTC/USDT,1307,2026-05-03 08:00:00,long,0.50279,71.54,0.6,78387.86,224.626429,low_low_flat,False,False,False,False,False,0.0,0.0,50.0,0.0,0.0,0.0,0.0,0.0,50.0,0.0,0.0,-1,0.0,G2_TRADEABLE,tradeable_buy=False,-1,0.0,0.0,
BTC/USDT,1308,2026-05-03 09:00:00,short,0.52455,77.39,0.6,78529.57,236.667143,low_low_flat,False,False,False,False,False,0.0,0.0,50.0,0.0,0.0,0.0,0.0,0.0,50.0,0.0,0.0,-1,0.0,G2_TRADEABLE,tradeable_sell=False,-1,0.0,0.0,
BTC/USDT,1309,2026-05-03 10:00:00,short,0.52025,75.6,0.6,78408.01,240.559286,low_low_flat,False,False,False,False,False,0.0,0.0,50.0,0.0,0.0,0.0,0.0,0.0,50.0,0.0,0.0,-1,0.0,G2_TRADEABLE,tradeable_sell=False,-1,0.0,0.0,
BTC/USDT,1310,2026-05-03 11:00:00,short,0.52086,59.95,0.6,78656.01,219.791429,low_low_up,True,True,False,False,False,0.0,0.0,50.0,0.0,0.0,0.0,0.0,0.0,50.0,0.0,0.0,-1,0.0,G2_TRADEABLE,tradeable_sell=False,-1,0.0,0.0,
BTC/USDT,1311,2026-05-03 12:00:00,short,0.53865,54.45,0.6,78747.09,216.994286,low_low_up,True,True,False,False,False,0.0,0.0,50.0,0.0,0.0,0.0,0.0,0.0,50.0,0.0,0.0,-1,0.0,G2_TRADEABLE,tradeable_sell=False,-1,0.0,0.0,
BTC/USDT,1312,2026-05-03 13:00:00,short,0.55676,52.85,0.6,78670.01,215.677143,low_low_flat,False,False,False,False,False,0.0,0.0,50.0,0.0,0.0,0.0,0.0,0.0,50.0,0.0,0.0,-1,0.0,G2_TRADEABLE,tradeable_sell=False,-1,0.0,0.0,
BTC/USDT,1313,2026-05-03 14:00:00,short,0.54866,56.62,0.6,78741.0,209.529286,low_low_flat,False,False,False,False,False,0.0,0.0,50.0,0.0,0.0,0.0,0.0,0.0,50.0,0.0,0.0,-1,0.0,G2_TRADEABLE,tradeable_sell=False,-1,0.0,0.0,
BTC/USDT,1314,2026-05-03 15:00:00,short,0.55014,53.1,0.6,78668.36,194.651429,low_low_flat,False,False,False,False,False,0.0,0.0,50.0,0.0,0.0,0.0,0.0,0.0,50.0,0.0,0.0,-1,0.0,G2_TRADEABLE,tradeable_sell=False,-1,0.0,0.0,
BTC/USDT,1315,2026-05-03 16:00:00,short,0.54437,50.43,0.6,78654.0,193.524286,low_low_flat,False,False,False,False,False,0.0,0.0,50.0,0.0,0.0,0.0,0.0,0.0,50.0,0.0,0.0,-1,0.0,G2_TRADEABLE,tradeable_sell=False,-1,0.0,0.0,
BTC/USDT,1316,2026-05-03 17:00:00,short,0.54484,56.99,0.6,78725.76,204.705,low_low_flat,False,False,False,False,False,0.0,0.0,50.0,0.0,0.0,0.0,0.0,0.0,50.0,0.0,0.0,-1,0.0,G2_TRADEABLE,tradeable_sell=False,-1,0.0,0.0,
BTC/USDT,1317,2026-05-03 18:00:00,short,0.54611,48.74,0.6,78739.67,205.812857,low_low_flat,False,False,False,False,False,0.0,0.0,50.0,0.0,0.0,0.0,0.0,0.0,50.0,0.0,0.0,-1,0.0,G2_TRADEABLE,tradeable_sell=False,-1,0.0,0.0,
BTC/USDT,1318,2026-05-03 19:00:00,short,0.54649,72.83,0.6,78760.32,211.460714,low_low_flat,False,False,False,False,False,0.0,0.0,50.0,0.0,0.0,0.0,0.0,0.0,50.0,0.0,0.0,-1,0.0,G2_TRADEABLE,tradeable_sell=False,-1,0.0,0.0,
BTC/USDT,1319,2026-05-03 20:00:00,short,0.55381,91.24,0.6,78915.99,231.659286,low_low_up,True,True,False,False,False,0.0,0.0,50.0,0.0,0.0,0.0,0.0,0.0,50.0,0.0,0.0,-1,0.0,G2_TRADEABLE,tradeable_sell=False,-1,0.0,0.0,
BTC/USDT,1320,2026-05-03 21:00:00,short,0.5597,76.29,0.6,78831.59,246.745714,low_low_flat,False,False,False,False,False,0.0,0.0,50.0,0.0,0.0,0.0,0.0,0.0,50.0,0.0,0.0,-1,0.0,G2_TRADEABLE,tradeable_sell=False,-1,0.0,0.0,
BTC/USDT,1321,2026-05-03 22:00:00,short,0.53122,90.07,0.6,79177.29,280.512143,low_low_flat,False,False,False,False,False,0.0,0.0,50.0,0.0,0.0,0.0,0.0,0.0,50.0,0.0,0.0,-1,0.0,G2_TRADEABLE,tradeable_sell=False,-1,0.0,0.0,
BTC/USDT,1322,2026-05-03 23:00:00,short,0.53618,93.53,0.6,78568.57,320.030714,low_low_flat,False,False,False,False,False,0.0,0.0,50.0,0.0,0.0,0.0,0.0,0.0,50.0,0.0,0.0,-1,0.0,G2_TRADEABLE,tradeable_sell=False,-1,0.0,0.0,
BTC/USDT,1323,2026-05-04 00:00:00,short,0.54624,80.27,0.6,78547.14,331.192143,low_low_flat,False,False,False,False,False,0.0,0.0,50.0,0.0,0.0,0.0,0.0,0.0,50.0,0.0,0.0,-1,0.0,G2_TRADEABLE,tradeable_sell=False,-1,0.0,0.0,
BTC/USDT,1324,2026-05-04 01:00:00,long,0.50108,94.24,0.6,79769.43,400.272857,low_low_up,True,True,False,False,False,0.0,0.0,50.0,0.0,0.0,0.0,0.0,0.0,50.0,0.0,0.0,-1,0.0,G2_TRADEABLE,tradeable_buy=False,-1,0.0,0.0,
BTC/USDT,1325,2026-05-04 02:00:00,short,0.51325,100.0,0.6,80173.3,447.278571,low_med_up,False,False,False,False,False,0.0,0.0,50.0,0.0,0.0,0.0,0.0,0.0,50.0,0.0,0.0,-1,0.0,G2_TRADEABLE,tradeable_sell=False,-1,0.0,0.0,
BTC/USDT,1326,2026-05-04 03:00:00,short,0.52869,85.55,0.6,80316.31,472.168571,low_med_up,False,False,False,False,False,0.0,0.0,50.0,0.0,0.0,0.0,0.0,0.0,50.0,0.0,0.0,-1,0.0,G2_TRADEABLE,tradeable_sell=False,-1,0.0,0.0,
BTC/USDT,1327,2026-05-04 04:00:00,short,0.5284,88.27,0.6,80332.06,488.211429,low_med_up,False,False,False,False,False,0.0,0.0,50.0,0.0,0.0,0.0,0.0,0.0,50.0,0.0,0.0,-1,0.0,G2_TRADEABLE,tradeable_sell=False,-1,0.0,0.0,
BTC/USDT,1328,2026-05-04 05:00:00,short,0.523,83.71,0.6,80027.26,506.634286,low_med_up,False,False,False,False,False,0.0,0.0,50.0,0.0,0.0,0.0,0.0,0.0,50.0,0.0,0.0,-1,0.0,G2_TRADEABLE,tradeable_sell=False,-1,0.0,0.0,
BTC/USDT,1329,2026-05-04 06:00:00,short,0.54837,87.73,0.6,79877.9,532.64,low_med_up,False,False,False,False,False,0.0,0.0,50.0,0.0,0.0,0.0,0.0,0.0,50.0,0.0,0.0,-1,0.0,G2_TRADEABLE,tradeable_sell=False,-1,0.0,0.0,
BTC/USDT,1330,2026-05-04 07:00:00,short,0.53708,81.59,0.6,79696.75,533.365,low_med_up,False,False,False,False,False,0.0,0.0,50.0,0.0,0.0,0.0,0.0,0.0,50.0,0.0,0.0,-1,0.0,G2_TRADEABLE,tradeable_sell=False,-1,0.0,0.0,
BTC/USDT,1331,2026-05-04 08:00:00,short,0.56189,81.71,0.6,79708.3,538.059286,low_med_up,False,False,False,False,False,0.0,0.0,50.0,0.0,0.0,0.0,0.0,0.0,50.0,0.0,0.0,-1,0.0,G2_TRADEABLE,tradeable_sell=False,-1,0.0,0.0,
BTC/USDT,1332,2026-05-04 09:00:00,short,0.55248,81.62,0.6,79838.48,545.593571,low_med_up,False,False,False,False,False,0.0,0.0,50.0,0.0,0.0,0.0,0.0,0.0,50.0,0.0,0.0,-1,0.0,G2_TRADEABLE,tradeable_sell=False,-1,0.0,0.0,
BTC/USDT,1333,2026-05-04 10:00:00,short,0.55389,89.66,0.6,78940.26,627.167857,med_high_up,,,True,False,False,0.0,0.0,50.0,0.0,0.0,0.0,0.0,0.0,50.0,0.0,0.0,-1,0.0,G1_REGIME,regime='med_high_up' skipped=True reg_empty=False,-1,0.0,0.0,
BTC/USDT,1334,2026-05-04 11:00:00,short,0.56542,70.23,0.6,78793.67,627.837143,med_high_flat,,,True,False,False,0.0,0.0,50.0,0.0,0.0,0.0,0.0,0.0,50.0,0.0,0.0,-1,0.0,G1_REGIME,regime='med_high_flat' skipped=True reg_empty=False,-1,0.0,0.0,
BTC/USDT,1335,2026-05-04 12:00:00,short,0.56255,69.23,0.6,78857.18,605.411429,med_med_flat,True,True,False,False,False,0.0,0.0,50.0,0.0,0.0,0.0,0.0,0.0,50.0,0.0,0.0,-1,0.0,G2_TRADEABLE,tradeable_sell=False,-1,0.0,0.0,
BTC/USDT,1336,2026-05-04 13:00:00,short,0.5548,70.28,0.6,78790.0,586.817857,med_med_flat,True,True,False,False,False,0.0,0.0,50.0,0.0,0.0,0.0,0.0,0.0,50.0,0.0,0.0,-1,0.0,G2_TRADEABLE,tradeable_sell=False,-1,0.0,0.0,
BTC/USDT,1337,2026-05-04 14:00:00,long,0.4466,77.36,0.6,80216.16,712.637857,high_high_up,False,False,False,False,False,0.0,0.0,50.0,0.0,0.0,0.0,0.0,0.0,50.0,0.0,0.0,-1,0.0,G2_TRADEABLE,tradeable_buy=False,-1,0.0,0.0,
BTC/USDT,1338,2026-05-04 15:00:00,long,0.44276,76.63,0.6,80028.85,684.873571,high_high_up,False,False,False,False,False,0.0,0.0,50.0,0.0,0.0,0.0,0.0,0.0,50.0,0.0,0.0,-1,0.0,G2_TRADEABLE,tradeable_buy=False,-1,0.0,0.0,
BTC/USDT,1339,2026-05-04 16:00:00,short,0.53721,87.96,0.6,80025.03,677.409286,high_high_up,False,False,False,False,False,0.0,0.0,50.0,0.0,0.0,0.0,0.0,0.0,50.0,0.0,0.0,-1,0.0,G2_TRADEABLE,tradeable_sell=False,-1,0.0,0.0,
BTC/USDT,1340,2026-05-04 17:00:00,short,0.52639,62.97,0.6,80390.81,693.437143,high_high_up,False,False,False,False,False,0.0,0.0,50.0,0.0,0.0,0.0,0.0,0.0,50.0,0.0,0.0,-1,0.0,G2_TRADEABLE,tradeable_sell=False,-1,0.0,0.0,
BTC/USDT,1341,2026-05-04 18:00:00,short,0.53937,63.3,0.6,80114.91,693.536429,high_high_up,False,False,False,False,False,0.0,0.0,50.0,0.0,0.0,0.0,0.0,0.0,50.0,0.0,0.0,-1,0.0,G2_TRADEABLE,tradeable_sell=False,-1,0.0,0.0,
BTC/USDT,1342,2026-05-04 19:00:00,short,0.55574,62.09,0.6,80053.31,679.128571,high_high_up,False,False,False,False,False,0.0,0.0,50.0,0.0,0.0,0.0,0.0,0.0,50.0,0.0,0.0,-1,0.0,G2_TRADEABLE,tradeable_sell=False,-1,0.0,0.0,
BTC/USDT,1343,2026-05-04 20:00:00,short,0.54339,62.04,0.6,79936.7,658.02,high_high_up,False,False,False,False,False,0.0,0.0,50.0,0.0,0.0,0.0,0.0,0.0,50.0,0.0,0.0,-1,0.0,G2_TRADEABLE,tradeable_sell=False,-1,0.0,0.0,
BTC/USDT,1344,2026-05-04 21:00:00,short,0.55452,60.46,0.6,80259.17,670.314286,high_high_up,False,False,False,False,False,0.0,0.0,50.0,0.0,0.0,0.0,0.0,0.0,50.0,0.0,0.0,-1,0.0,G2_TRADEABLE,tradeable_sell=False,-1,0.0,0.0,
BTC/USDT,1345,2026-05-04 22:00:00,short,0.55106,62.46,0.6,80067.23,681.505,high_high_up,False,False,False,False,False,0.0,0.0,50.0,0.0,0.0,0.0,0.0,0.0,50.0,0.0,0.0,-1,0.0,G2_TRADEABLE,tradeable_sell=False,-1,0.0,0.0,
BTC/USDT,1346,2026-05-04 23:00:00,short,0.50255,64.79,0.6,79861.01,684.375714,high_high_up,False,False,False,False,False,0.0,0.0,50.0,0.0,0.0,0.0,0.0,0.0,50.0,0.0,0.0,-1,0.0,G2_TRADEABLE,tradeable_sell=False,-1,0.0,0.0,
BTC/USDT,1347,2026-05-05 00:00:00,long,0.52205,50.29,0.6,80170.66,591.276429,high_med_up,,,True,False,False,0.0,0.0,50.0,0.0,0.0,0.0,0.0,0.0,50.0,0.0,0.0,-1,0.0,G1_REGIME,regime='high_med_up' skipped=True reg_empty=False,-1,0.0,0.0,
BTC/USDT,1348,2026-05-05 01:00:00,short,0.54075,60.1,0.6,80352.0,583.300714,high_med_up,,,True,False,False,0.0,0.0,50.0,0.0,0.0,0.0,0.0,0.0,50.0,0.0,0.0,-1,0.0,G1_REGIME,regime='high_med_up' skipped=True reg_empty=False,-1,0.0,0.0,
BTC/USDT,1349,2026-05-05 02:00:00,short,0.54668,61.66,0.6,80554.68,604.625714,high_med_flat,,,True,False,False,0.0,0.0,50.0,0.0,0.0,0.0,0.0,0.0,50.0,0.0,0.0,-1,0.0,G1_REGIME,regime='high_med_flat' skipped=True reg_empty=False,-1,0.0,0.0,
BTC/USDT,1350,2026-05-05 03:00:00,short,0.5217,80.13,0.6,80893.08,610.551429,high_med_up,,,True,False,False,0.0,0.0,50.0,0.0,0.0,0.0,0.0,0.0,50.0,0.0,0.0,-1,0.0,G1_REGIME,regime='high_med_up' skipped=True reg_empty=False,-1,0.0,0.0,
BTC/USDT,1351,2026-05-05 04:00:00,short,0.50177,78.24,0.6,80902.44,482.867143,high_med_up,,,True,False,False,0.0,0.0,50.0,0.0,0.0,0.0,0.0,0.0,50.0,0.0,0.0,-1,0.0,G1_REGIME,regime='high_med_up' skipped=True reg_empty=False,-1,0.0,0.0,
BTC/USDT,1352,2026-05-05 05:00:00,long,0.50125,73.96,0.6,80970.0,443.282143,high_med_up,,,True,False,False,0.0,0.0,50.0,0.0,0.0,0.0,0.0,0.0,50.0,0.0,0.0,-1,0.0,G1_REGIME,regime='high_med_up' skipped=True reg_empty=False,-1,0.0,0.0,
BTC/USDT,1353,2026-05-05 06:00:00,short,0.51378,77.06,0.6,80976.0,403.287143,high_low_up,,,True,False,False,0.0,0.0,50.0,0.0,0.0,0.0,0.0,0.0,50.0,0.0,0.0,-1,0.0,G1_REGIME,regime='high_low_up' skipped=True reg_empty=False,-1,0.0,0.0,
BTC/USDT,1354,2026-05-05 07:00:00,long,0.50607,73.36,0.6,80855.59,371.508571,high_low_up,,,True,False,False,0.0,0.0,50.0,0.0,0.0,0.0,0.0,0.0,50.0,0.0,0.0,-1,0.0,G1_REGIME,regime='high_low_up' skipped=True reg_empty=False,-1,0.0,0.0,
BTC/USDT,1355,2026-05-05 08:00:00,long,0.50683,69.31,0.6,80815.24,354.968571,high_low_up,,,True,False,False,0.0,0.0,50.0,0.0,0.0,0.0,0.0,0.0,50.0,0.0,0.0,-1,0.0,G1_REGIME,regime='high_low_up' skipped=True reg_empty=False,-1,0.0,0.0,
BTC/USDT,1356,2026-05-05 09:00:00,long,0.5038,71.47,0.6,80586.02,358.502857,high_low_up,,,True,False,False,0.0,0.0,50.0,0.0,0.0,0.0,0.0,0.0,50.0,0.0,0.0,-1,0.0,G1_REGIME,regime='high_low_up' skipped=True reg_empty=False,-1,0.0,0.0,
BTC/USDT,1357,2026-05-05 10:00:00,long,0.52021,70.55,0.6,80823.61,361.926429,med_low_up,False,True,False,False,False,0.0,0.0,50.0,0.0,0.0,0.0,0.0,0.0,50.0,0.0,0.0,-1,0.0,G2_TRADEABLE,tradeable_buy=False,-1,0.0,0.0,
BTC/USDT,1358,2026-05-05 11:00:00,long,0.50436,71.86,0.6,81014.05,352.571429,med_low_up,False,True,False,False,False,0.0,0.0,50.0,0.0,0.0,0.0,0.0,0.0,50.0,0.0,0.0,-1,0.0,G2_TRADEABLE,tradeable_buy=False,-1,0.0,0.0,
BTC/USDT,1359,2026-05-05 12:00:00,long,0.50388,63.73,0.6,81279.41,355.622857,med_low_up,False,True,False,False,False,0.0,0.0,50.0,0.0,0.0,0.0,0.0,0.0,50.0,0.0,0.0,-1,0.0,G2_TRADEABLE,tradeable_buy=False,-1,0.0,0.0,
BTC/USDT,1360,2026-05-05 13:00:00,long,0.50304,83.46,0.6,81330.0,369.48,med_low_up,False,True,False,False,False,0.0,0.0,50.0,0.0,0.0,0.0,0.0,0.0,50.0,0.0,0.0,-1,0.0,G2_TRADEABLE,tradeable_buy=False,-1,0.0,0.0,
BTC/USDT,1361,2026-05-05 14:00:00,short,0.52203,99.06,0.6,81336.59,382.731429,med_low_up,False,True,False,False,False,0.0,0.0,50.0,0.0,0.0,0.0,0.0,0.0,50.0,0.0,0.0,-1,0.0,G2_TRADEABLE,tradeable_sell=False,-1,0.0,0.0,
BTC/USDT,1362,2026-05-05 15:00:00,short,0.53015,83.65,0.6,81525.19,393.438571,med_low_up,False,True,False,False,False,0.0,0.0,50.0,0.0,0.0,0.0,0.0,0.0,50.0,0.0,0.0,-1,0.0,G2_TRADEABLE,tradeable_sell=False,-1,0.0,0.0,
BTC/USDT,1363,2026-05-05 16:00:00,short,0.51803,82.13,0.6,81285.75,390.959286,med_low_up,False,True,False,False,False,0.0,0.0,50.0,0.0,0.0,0.0,0.0,0.0,50.0,0.0,0.0,-1,0.0,G2_TRADEABLE,tradeable_sell=False,-1,0.0,0.0,
BTC/USDT,1364,2026-05-05 17:00:00,short,0.52323,76.58,0.6,81270.6,365.758571,med_low_up,False,True,False,False,False,0.0,0.0,50.0,0.0,0.0,0.0,0.0,0.0,50.0,0.0,0.0,-1,0.0,G2_TRADEABLE,tradeable_sell=False,-1,0.0,0.0,
BTC/USDT,1365,2026-05-05 18:00:00,short,0.50138,76.03,0.6,81515.0,370.816429,med_low_up,False,True,False,False,False,0.0,0.0,50.0,0.0,0.0,0.0,0.0,0.0,50.0,0.0,0.0,-1,0.0,G2_TRADEABLE,tradeable_sell=False,-1,0.0,0.0,
BTC/USDT,1366,2026-05-05 19:00:00,short,0.53227,76.24,0.6,81606.35,355.027857,med_low_up,False,True,False,False,False,0.0,0.0,50.0,0.0,0.0,0.0,0.0,0.0,50.0,0.0,0.0,-1,0.0,G2_TRADEABLE,tradeable_sell=False,-1,0.0,0.0,
BTC/USDT,1367,2026-05-05 20:00:00,short,0.52653,80.9,0.6,81646.38,358.131429,med_low_up,False,True,False,False,False,0.0,0.0,50.0,0.0,0.0,0.0,0.0,0.0,50.0,0.0,0.0,-1,0.0,G2_TRADEABLE,tradeable_sell=False,-1,0.0,0.0,
BTC/USDT,1368,2026-05-05 21:00:00,short,0.52595,83.19,0.6,81407.11,370.675714,med_low_up,False,True,False,False,False,0.0,0.0,50.0,0.0,0.0,0.0,0.0,0.0,50.0,0.0,0.0,-1,0.0,G2_TRADEABLE,tradeable_sell=False,-1,0.0,0.0,
BTC/USDT,1369,2026-05-05 22:00:00,short,0.51533,88.55,0.6,81111.27,414.245714,med_low_up,False,True,False,False,False,0.0,0.0,50.0,0.0,0.0,0.0,0.0,0.0,50.0,0.0,0.0,-1,0.0,G2_TRADEABLE,tradeable_sell=False,-1,0.0,0.0,
BTC/USDT,1370,2026-05-05 23:00:00,short,0.53456,74.8,0.6,80905.52,424.570714,med_med_up,False,True,False,False,False,0.0,0.0,50.0,0.0,0.0,0.0,0.0,0.0,50.0,0.0,0.0,-1,0.0,G2_TRADEABLE,tradeable_sell=False,-1,0.0,0.0,
BTC/USDT,1371,2026-05-06 00:00:00,short,0.51199,89.8,0.6,81030.01,441.005714,med_med_up,False,True,False,False,False,0.0,0.0,50.0,0.0,0.0,0.0,0.0,0.0,50.0,0.0,0.0,-1,0.0,G2_TRADEABLE,tradeable_sell=False,-1,0.0,0.0,
BTC/USDT,1372,2026-05-06 01:00:00,short,0.50401,85.37,0.6,81439.34,456.916429,med_med_up,False,True,False,False,False,0.0,0.0,50.0,0.0,0.0,0.0,0.0,0.0,50.0,0.0,0.0,-1,0.0,G2_TRADEABLE,tradeable_sell=False,-1,0.0,0.0,
BTC/USDT,1373,2026-05-06 02:00:00,short,0.51562,73.65,0.6,81363.54,457.270714,med_med_up,False,True,False,False,False,0.0,0.0,50.0,0.0,0.0,0.0,0.0,0.0,50.0,0.0,0.0,-1,0.0,G2_TRADEABLE,tradeable_sell=False,-1,0.0,0.0,
BTC/USDT,1374,2026-05-06 03:00:00,short,0.51276,54.02,0.6,81581.69,449.152857,med_med_up,False,True,False,False,False,0.0,0.0,50.0,0.0,0.0,0.0,0.0,0.0,50.0,0.0,0.0,-1,0.0,G2_TRADEABLE,tradeable_sell=False,-1,0.0,0.0,
BTC/USDT,1375,2026-05-06 04:00:00,short,0.50245,52.33,0.6,81331.1,436.285714,med_med_flat,True,True,False,False,False,0.0,0.0,50.0,0.0,0.0,0.0,0.0,0.0,50.0,0.0,0.0,-1,0.0,G2_TRADEABLE,tradeable_sell=False,-1,0.0,0.0,
BTC/USDT,1376,2026-05-06 05:00:00,short,0.50849,52.53,0.6,81333.0,425.292857,med_low_flat,False,True,False,False,False,0.0,0.0,50.0,0.0,0.0,0.0,0.0,0.0,50.0,0.0,0.0,-1,0.0,G2_TRADEABLE,tradeable_sell=False,-1,0.0,0.0,
BTC/USDT,1377,2026-05-06 06:00:00,short,0.51332,50.39,0.6,81476.71,406.740714,med_low_up,False,True,False,False,False,0.0,0.0,50.0,0.0,0.0,0.0,0.0,0.0,50.0,0.0,0.0,-1,0.0,G2_TRADEABLE,tradeable_sell=False,-1,0.0,0.0,
BTC/USDT,1378,2026-05-06 07:00:00,short,0.51817,53.19,0.6,81359.82,408.88,med_low_up,False,True,False,False,False,0.0,0.0,50.0,0.0,0.0,0.0,0.0,0.0,50.0,0.0,0.0,-1,0.0,G2_TRADEABLE,tradeable_sell=False,-1,0.0,0.0,
BTC/USDT,1379,2026-05-06 08:00:00,short,0.51445,79.48,0.6,81945.66,432.374286,med_med_up,False,True,False,False,False,0.0,0.0,50.0,0.0,0.0,0.0,0.0,0.0,50.0,0.0,0.0,-1,0.0,G2_TRADEABLE,tradeable_sell=False,-1,0.0,0.0,
BTC/USDT,1380,2026-05-06 09:00:00,short,0.54364,68.34,0.6,81997.0,439.865714,med_med_up,False,True,False,False,False,0.0,0.0,50.0,0.0,0.0,0.0,0.0,0.0,50.0,0.0,0.0,-1,0.0,G2_TRADEABLE,tradeable_sell=False,-1,0.0,0.0,
BTC/USDT,1381,2026-05-06 10:00:00,short,0.53787,80.85,0.6,82290.04,452.5,med_med_up,False,True,False,False,False,0.0,0.0,50.0,0.0,0.0,0.0,0.0,0.0,50.0,0.0,0.0,-1,0.0,G2_TRADEABLE,tradeable_sell=False,-1,0.0,0.0,
BTC/USDT,1382,2026-05-06 11:00:00,short,0.5328,80.81,0.6,82522.89,459.799286,med_med_up,False,True,False,False,False,0.0,0.0,50.0,0.0,0.0,0.0,0.0,0.0,50.0,0.0,0.0,-1,0.0,G2_TRADEABLE,tradeable_sell=False,-1,0.0,0.0,
BTC/USDT,1383,2026-05-06 12:00:00,short,0.51481,62.75,0.6,82220.47,430.687857,med_med_up,False,True,False,False,False,0.0,0.0,50.0,0.0,0.0,0.0,0.0,0.0,50.0,0.0,0.0,-1,0.0,G2_TRADEABLE,tradeable_sell=False,-1,0.0,0.0,
BTC/USDT,1384,2026-05-06 13:00:00,long,0.51276,68.61,0.6,81670.89,444.147857,med_med_flat,True,True,False,False,False,0.0,0.0,50.0,0.0,0.0,0.0,0.0,0.0,50.0,0.0,0.0,-1,0.0,G2_TRADEABLE,tradeable_buy=False,-1,0.0,0.0,
BTC/USDT,1385,2026-05-06 14:00:00,long,0.53105,90.22,0.6,81526.73,466.546429,med_med_flat,True,True,False,False,False,0.0,0.0,50.0,0.0,0.0,0.0,0.0,0.0,50.0,0.0,0.0,-1,0.0,G2_TRADEABLE,tradeable_buy=False,-1,0.0,0.0,
BTC/USDT,1386,2026-05-06 15:00:00,long,0.52017,60.64,0.6,81704.25,464.295714,med_med_flat,True,True,False,False,False,0.0,0.0,50.0,0.0,0.0,0.0,0.0,0.0,50.0,0.0,0.0,-1,0.0,G2_TRADEABLE,tradeable_buy=False,-1,0.0,0.0,
BTC/USDT,1387,2026-05-06 16:00:00,long,0.54655,60.51,0.6,81630.94,469.604286,med_med_flat,True,True,False,False,False,0.0,0.0,50.0,0.0,0.0,0.0,0.0,0.0,50.0,0.0,0.0,-1,0.0,G2_TRADEABLE,tradeable_buy=False,-1,0.0,0.0,
BTC/USDT,1388,2026-05-06 17:00:00,long,0.52208,60.93,0.6,81452.63,463.365,med_med_flat,True,True,False,False,False,0.0,0.0,50.0,0.0,0.0,0.0,0.0,0.0,50.0,0.0,0.0,-1,0.0,G2_TRADEABLE,tradeable_buy=False,-1,0.0,0.0,
BTC/USDT,1389,2026-05-06 18:00:00,short,0.50104,41.77,0.6,81353.14,456.802143,med_med_flat,True,True,False,False,False,0.0,0.0,50.0,0.0,0.0,0.0,0.0,0.0,50.0,0.0,0.0,-1,0.0,G2_TRADEABLE,tradeable_sell=False,-1,0.0,0.0,
BTC/USDT,1390,2026-05-06 19:00:00,short,0.51594,42.31,0.6,81464.87,458.381429,med_med_flat,True,True,False,False,False,0.0,0.0,50.0,0.0,0.0,0.0,0.0,0.0,50.0,0.0,0.0,-1,0.0,G2_TRADEABLE,tradeable_sell=False,-1,0.0,0.0,
BTC/USDT,1391,2026-05-06 20:00:00,short,0.51719,43.34,0.6,81427.52,464.959286,med_med_flat,True,True,False,False,False,0.0,0.0,50.0,0.0,0.0,0.0,0.0,0.0,50.0,0.0,0.0,-1,0.0,G2_TRADEABLE,tradeable_sell=False,-1,0.0,0.0,
BTC/USDT,1392,2026-05-06 21:00:00,short,0.50605,39.9,0.6,81539.16,466.455,med_med_flat,True,True,False,False,False,0.0,0.0,50.0,0.0,0.0,0.0,0.0,0.0,50.0,0.0,0.0,-1,0.0,G2_TRADEABLE,tradeable_sell=False,-1,0.0,0.0,
BTC/USDT,1393,2026-05-06 22:00:00,long,0.51381,57.41,0.6,81342.39,440.997143,med_med_flat,True,True,False,False,False,0.0,0.0,50.0,0.0,0.0,0.0,0.0,0.0,50.0,0.0,0.0,-1,0.0,G2_TRADEABLE,tradeable_buy=False,-1,0.0,0.0,
BTC/USDT,1394,2026-05-06 23:00:00,short,0.50529,44.51,0.6,81447.01,445.997143,med_med_up,False,True,False,False,False,0.0,0.0,50.0,0.0,0.0,0.0,0.0,0.0,50.0,0.0,0.0,-1,0.0,G2_TRADEABLE,tradeable_sell=False,-1,0.0,0.0,
BTC/USDT,1395,2026-05-07 00:00:00,long,0.51563,58.29,0.6,81016.96,451.231429,med_med_flat,True,True,False,False,False,0.0,0.0,50.0,0.0,0.0,0.0,0.0,0.0,50.0,0.0,0.0,-1,0.0,G2_TRADEABLE,tradeable_buy=False,-1,0.0,0.0,
BTC/USDT,1396,2026-05-07 01:00:00,short,0.50935,38.69,0.6,81167.8,441.662857,med_med_flat,True,True,False,False,False,0.0,0.0,50.0,0.0,0.0,0.0,0.0,0.0,50.0,0.0,0.0,-1,0.0,G2_TRADEABLE,tradeable_sell=False,-1,0.0,0.0,
BTC/USDT,1397,2026-05-07 02:00:00,long,0.50085,61.59,0.6,81113.34,436.125714,med_med_flat,True,True,False,False,False,0.0,0.0,50.0,0.0,0.0,0.0,0.0,0.0,50.0,0.0,0.0,-1,0.0,G2_TRADEABLE,tradeable_buy=False,-1,0.0,0.0,
BTC/USDT,1398,2026-05-07 03:00:00,long,0.51119,56.6,0.6,80834.91,411.716429,med_low_flat,False,True,False,False,False,0.0,0.0,50.0,0.0,0.0,0.0,0.0,0.0,50.0,0.0,0.0,-1,0.0,G2_TRADEABLE,tradeable_buy=False,-1,0.0,0.0,
BTC/USDT,1399,2026-05-07 04:00:00,long,0.5169,78.74,0.6,80979.19,370.272143,med_low_flat,False,True,False,False,False,0.0,0.0,50.0,0.0,0.0,0.0,0.0,0.0,50.0,0.0,0.0,-1,0.0,G2_TRADEABLE,tradeable_buy=False,-1,0.0,0.0,
BTC/USDT,1400,2026-05-07 05:00:00,long,0.52453,78.91,0.6,81088.0,348.235714,med_low_flat,False,True,False,False,False,0.0,0.0,50.0,0.0,0.0,0.0,0.0,0.0,50.0,0.0,0.0,-1,0.0,G2_TRADEABLE,tradeable_buy=False,-1,0.0,0.0,
BTC/USDT,1401,2026-05-07 06:00:00,long,0.52999,84.68,0.6,81438.61,354.839286,med_low_flat,False,True,False,False,False,0.0,0.0,50.0,0.0,0.0,0.0,0.0,0.0,50.0,0.0,0.0,-1,0.0,G2_TRADEABLE,tradeable_buy=False,-1,0.0,0.0,
BTC/USDT,1402,2026-05-07 07:00:00,short,0.51221,68.51,0.6,81518.58,355.032143,med_low_flat,False,True,False,False,False,0.0,0.0,50.0,0.0,0.0,0.0,0.0,0.0,50.0,0.0,0.0,-1,0.0,G2_TRADEABLE,tradeable_sell=False,-1,0.0,0.0,
BTC/USDT,1403,2026-05-07 08:00:00,short,0.51752,71.01,0.6,81231.24,362.685714,med_low_flat,False,True,False,False,False,0.0,0.0,50.0,0.0,0.0,0.0,0.0,0.0,50.0,0.0,0.0,-1,0.0,G2_TRADEABLE,tradeable_sell=False,-1,0.0,0.0,
BTC/USDT,1404,2026-05-07 09:00:00,short,0.51102,73.41,0.6,80929.0,366.722143,med_low_down,False,True,False,False,False,0.0,0.0,50.0,0.0,0.0,0.0,0.0,0.0,50.0,0.0,0.0,-1,0.0,G2_TRADEABLE,tradeable_sell=False,-1,0.0,0.0,
BTC/USDT,1405,2026-05-07 10:00:00,short,0.50776,76.24,0.6,80850.75,368.647143,med_low_down,False,True,False,False,False,0.0,0.0,50.0,0.0,0.0,0.0,0.0,0.0,50.0,0.0,0.0,-1,0.0,G2_TRADEABLE,tradeable_sell=False,-1,0.0,0.0,
BTC/USDT,1406,2026-05-07 11:00:00,short,0.50808,67.59,0.6,80866.65,363.684286,low_low_down,True,True,False,False,False,0.0,0.0,50.0,0.0,0.0,0.0,0.0,0.0,50.0,0.0,0.0,-1,0.0,G2_TRADEABLE,tradeable_sell=False,-1,0.0,0.0,
BTC/USDT,1407,2026-05-07 12:00:00,long,0.50831,82.73,0.6,81162.01,365.985714,low_low_down,True,True,False,False,False,0.0,0.0,50.0,0.0,0.0,0.0,0.0,0.0,50.0,0.0,0.0,-1,0.0,G2_TRADEABLE,tradeable_buy=False,-1,0.0,0.0,
BTC/USDT,1408,2026-05-07 13:00:00,short,0.51215,93.37,0.6,80503.68,398.395,low_low_down,True,True,False,False,False,0.0,0.0,50.0,0.0,0.0,0.0,0.0,0.0,50.0,0.0,0.0,-1,0.0,G2_TRADEABLE,tradeable_sell=False,-1,0.0,0.0,
BTC/USDT,1409,2026-05-07 14:00:00,short,0.55408,95.37,0.6,80171.38,407.657143,low_low_down,True,True,False,False,False,0.0,0.0,50.0,0.0,0.0,0.0,0.0,0.0,50.0,0.0,0.0,-1,0.0,G2_TRADEABLE,tradeable_sell=False,-1,0.0,0.0,
BTC/USDT,1410,2026-05-07 15:00:00,short,0.5535,95.61,0.6,79890.63,416.047143,low_low_down,True,True,False,False,False,0.0,0.0,50.0,0.0,0.0,0.0,0.0,0.0,50.0,0.0,0.0,-1,0.0,G2_TRADEABLE,tradeable_sell=False,-1,0.0,0.0,
BTC/USDT,1411,2026-05-07 16:00:00,short,0.54463,93.72,0.6,79801.08,421.476429,med_med_down,False,True,False,False,False,0.0,0.0,50.0,0.0,0.0,0.0,0.0,0.0,50.0,0.0,0.0,-1,0.0,G2_TRADEABLE,tradeable_sell=False,-1,0.0,0.0,
BTC/USDT,1412,2026-05-07 17:00:00,short,0.53293,75.76,0.6,80094.52,446.935714,med_med_down,False,True,False,False,False,0.0,0.0,50.0,0.0,0.0,0.0,0.0,0.0,50.0,0.0,0.0,-1,0.0,G2_TRADEABLE,tradeable_sell=False,-1,0.0,0.0,
BTC/USDT,1413,2026-05-07 18:00:00,short,0.55243,70.95,0.6,80200.59,446.947143,med_med_down,False,True,False,False,False,0.0,0.0,50.0,0.0,0.0,0.0,0.0,0.0,50.0,0.0,0.0,-1,0.0,G2_TRADEABLE,tradeable_sell=False,-1,0.0,0.0,
BTC/USDT,1414,2026-05-07 19:00:00,short,0.53134,70.14,0.6,80146.11,453.482143,med_med_down,False,True,False,False,False,0.0,0.0,50.0,0.0,0.0,0.0,0.0,0.0,50.0,0.0,0.0,-1,0.0,G2_TRADEABLE,tradeable_sell=False,-1,0.0,0.0,
BTC/USDT,1415,2026-05-07 20:00:00,short,0.53835,60.41,0.6,79879.99,449.405,med_med_down,False,True,False,False,False,0.0,0.0,50.0,0.0,0.0,0.0,0.0,0.0,50.0,0.0,0.0,-1,0.0,G2_TRADEABLE,tradeable_sell=False,-1,0.0,0.0,
BTC/USDT,1416,2026-05-07 21:00:00,short,0.53711,60.89,0.6,79735.01,446.326429,med_med_down,False,True,False,False,False,0.0,0.0,50.0,0.0,0.0,0.0,0.0,0.0,50.0,0.0,0.0,-1,0.0,G2_TRADEABLE,tradeable_sell=False,-1,0.0,0.0,
BTC/USDT,1417,2026-05-07 22:00:00,short,0.53483,60.2,0.6,79919.01,447.168571,med_med_down,False,True,False,False,False,0.0,0.0,50.0,0.0,0.0,0.0,0.0,0.0,50.0,0.0,0.0,-1,0.0,G2_TRADEABLE,tradeable_sell=False,-1,0.0,0.0,
BTC/USDT,1418,2026-05-07 23:00:00,short,0.53253,66.94,0.6,80006.0,434.106429,med_med_down,False,True,False,False,False,0.0,0.0,50.0,0.0,0.0,0.0,0.0,0.0,50.0,0.0,0.0,-1,0.0,G2_TRADEABLE,tradeable_sell=False,-1,0.0,0.0,
BTC/USDT,1419,2026-05-08 00:00:00,short,0.53543,76.68,0.6,79831.99,433.286429,med_med_down,False,True,False,False,False,0.0,0.0,50.0,0.0,0.0,0.0,0.0,0.0,50.0,0.0,0.0,-1,0.0,G2_TRADEABLE,tradeable_sell=False,-1,0.0,0.0,
BTC/USDT,1420,2026-05-08 01:00:00,short,0.52216,71.15,0.6,79740.01,435.631429,med_med_down,False,True,False,False,False,0.0,0.0,50.0,0.0,0.0,0.0,0.0,0.0,50.0,0.0,0.0,-1,0.0,G2_TRADEABLE,tradeable_sell=False,-1,0.0,0.0,
BTC/USDT,1421,2026-05-08 02:00:00,short,0.51904,68.5,0.6,79488.46,443.595,med_med_down,False,True,False,False,False,0.0,0.0,50.0,0.0,0.0,0.0,0.0,0.0,50.0,0.0,0.0,-1,0.0,G2_TRADEABLE,tradeable_sell=False,-1,0.0,0.0,
BTC/USDT,1422,2026-05-08 03:00:00,short,0.52145,70.29,0.6,79578.85,413.891429,med_low_down,False,True,False,False,False,0.0,0.0,50.0,0.0,0.0,0.0,0.0,0.0,50.0,0.0,0.0,-1,0.0,G2_TRADEABLE,tradeable_sell=False,-1,0.0,0.0,
BTC/USDT,1423,2026-05-08 04:00:00,short,0.52771,67.34,0.6,79655.23,382.251429,med_low_down,False,True,False,False,False,0.0,0.0,50.0,0.0,0.0,0.0,0.0,0.0,50.0,0.0,0.0,-1,0.0,G2_TRADEABLE,tradeable_sell=False,-1,0.0,0.0,
BTC/USDT,1424,2026-05-08 05:00:00,short,0.52649,68.13,0.6,79600.01,354.183571,med_low_down,False,True,False,False,False,0.0,0.0,50.0,0.0,0.0,0.0,0.0,0.0,50.0,0.0,0.0,-1,0.0,G2_TRADEABLE,tradeable_sell=False,-1,0.0,0.0,
BTC/USDT,1425,2026-05-08 06:00:00,short,0.51451,73.43,0.6,79525.76,344.882857,med_low_down,False,True,False,False,False,0.0,0.0,50.0,0.0,0.0,0.0,0.0,0.0,50.0,0.0,0.0,-1,0.0,G2_TRADEABLE,tradeable_sell=False,-1,0.0,0.0,
BTC/USDT,1426,2026-05-08 07:00:00,short,0.54237,74.38,0.6,79682.4,333.686429,med_low_down,False,True,False,False,False,0.0,0.0,50.0,0.0,0.0,0.0,0.0,0.0,50.0,0.0,0.0,-1,0.0,G2_TRADEABLE,tradeable_sell=False,-1,0.0,0.0,
BTC/USDT,1427,2026-05-08 08:00:00,short,0.5628,69.63,0.6,79886.01,337.726429,med_low_down,False,True,False,False,False,0.0,0.0,50.0,0.0,0.0,0.0,0.0,0.0,50.0,0.0,0.0,-1,0.0,G2_TRADEABLE,tradeable_sell=False,-1,0.0,0.0,
BTC/USDT,1428,2026-05-08 09:00:00,short,0.54846,68.54,0.6,79872.72,336.054286,med_low_down,False,True,False,False,False,0.0,0.0,50.0,0.0,0.0,0.0,0.0,0.0,50.0,0.0,0.0,-1,0.0,G2_TRADEABLE,tradeable_sell=False,-1,0.0,0.0,
BTC/USDT,1429,2026-05-08 10:00:00,short,0.57519,76.2,0.6,80212.56,334.567857,med_low_flat,False,True,False,False,False,0.0,0.0,50.0,0.0,0.0,0.0,0.0,0.0,50.0,0.0,0.0,-1,0.0,G2_TRADEABLE,tradeable_sell=False,-1,0.0,0.0,
BTC/USDT,1430,2026-05-08 11:00:00,short,0.58036,73.57,0.6,80231.22,330.173571,med_low_flat,False,True,False,False,False,0.0,0.0,50.0,0.0,0.0,0.0,0.0,0.0,50.0,0.0,0.0,-1,0.0,G2_TRADEABLE,tradeable_sell=False,-1,0.0,0.0,
BTC/USDT,1431,2026-05-08 12:00:00,short,0.58799,82.77,0.6,80025.82,339.231429,med_low_down,False,True,False,False,False,0.0,0.0,50.0,0.0,0.0,0.0,0.0,0.0,50.0,0.0,0.0,-1,0.0,G2_TRADEABLE,tradeable_sell=False,-1,0.0,0.0,
BTC/USDT,1432,2026-05-08 13:00:00,short,0.54106,91.52,0.6,79647.8,364.26,med_low_flat,False,True,False,False,False,0.0,0.0,50.0,0.0,0.0,0.0,0.0,0.0,50.0,0.0,0.0,-1,0.0,G2_TRADEABLE,tradeable_sell=False,-1,0.0,0.0,
BTC/USDT,1433,2026-05-08 14:00:00,short,0.57666,83.84,0.6,80150.97,391.465,med_low_flat,False,True,False,False,False,0.0,0.0,50.0,0.0,0.0,0.0,0.0,0.0,50.0,0.0,0.0,-1,0.0,G2_TRADEABLE,tradeable_sell=False,-1,0.0,0.0,
BTC/USDT,1434,2026-05-08 15:00:00,short,0.54516,80.39,0.6,80142.14,412.002143,med_low_flat,False,True,False,False,False,0.0,0.0,50.0,0.0,0.0,0.0,0.0,0.0,50.0,0.0,0.0,-1,0.0,G2_TRADEABLE,tradeable_sell=False,-1,0.0,0.0,
BTC/USDT,1435,2026-05-08 16:00:00,short,0.53832,80.2,0.6,79802.34,411.735,med_low_flat,False,True,False,False,False,0.0,0.0,50.0,0.0,0.0,0.0,0.0,0.0,50.0,0.0,0.0,-1,0.0,G2_TRADEABLE,tradeable_sell=False,-1,0.0,0.0,
BTC/USDT,1436,2026-05-08 17:00:00,short,0.56494,96.17,0.6,80060.0,414.445,med_low_flat,False,True,False,False,False,0.0,0.0,50.0,0.0,0.0,0.0,0.0,0.0,50.0,0.0,0.0,-1,0.0,G2_TRADEABLE,tradeable_sell=False,-1,0.0,0.0,
BTC/USDT,1437,2026-05-08 18:00:00,short,0.56813,72.84,0.6,80078.4,417.535,med_low_flat,False,True,False,False,False,0.0,0.0,50.0,0.0,0.0,0.0,0.0,0.0,50.0,0.0,0.0,-1,0.0,G2_TRADEABLE,tradeable_sell=False,-1,0.0,0.0,
BTC/USDT,1438,2026-05-08 19:00:00,short,0.57908,50.11,0.6,80179.94,420.975714,med_med_flat,True,True,False,False,False,0.0,0.0,50.0,0.0,0.0,0.0,0.0,0.0,50.0,0.0,0.0,-1,0.0,G2_TRADEABLE,tradeable_sell=False,-1,0.0,0.0,
BTC/USDT,1439,2026-05-08 20:00:00,short,0.57243,49.92,0.6,80133.09,418.630714,med_low_flat,False,True,False,False,False,0.0,0.0,50.0,0.0,0.0,0.0,0.0,0.0,50.0,0.0,0.0,-1,0.0,G2_TRADEABLE,tradeable_sell=False,-1,0.0,0.0,
BTC/USDT,1440,2026-05-08 21:00:00,short,0.58286,48.25,0.6,80263.99,395.006429,med_low_up,False,True,False,False,False,0.0,0.0,50.0,0.0,0.0,0.0,0.0,0.0,50.0,0.0,0.0,-1,0.0,G2_TRADEABLE,tradeable_sell=False,-1,0.0,0.0,
BTC/USDT,1441,2026-05-08 22:00:00,short,0.59286,50.54,0.6,80262.0,384.252857,med_low_flat,False,True,False,False,False,0.0,0.0,50.0,0.0,0.0,0.0,0.0,0.0,50.0,0.0,0.0,-1,0.0,G2_TRADEABLE,tradeable_sell=False,-1,0.0,0.0,
BTC/USDT,1442,2026-05-08 23:00:00,short,0.588,52.58,0.6,80193.17,378.678571,med_low_flat,False,True,False,False,False,0.0,0.0,50.0,0.0,0.0,0.0,0.0,0.0,50.0,0.0,0.0,-1,0.0,G2_TRADEABLE,tradeable_sell=False,-1,0.0,0.0,
BTC/USDT,1443,2026-05-09 00:00:00,short,0.59333,48.07,0.6,80238.76,351.543571,med_low_flat,False,True,False,False,False,0.0,0.0,50.0,0.0,0.0,0.0,0.0,0.0,50.0,0.0,0.0,-1,0.0,G2_TRADEABLE,tradeable_sell=False,-1,0.0,0.0,
BTC/USDT,1444,2026-05-09 01:00:00,short,0.6144,48.61,0.6,80327.75,352.666429,low_low_up,True,True,False,False,False,0.0,0.0,50.0,0.0,0.0,0.0,0.0,0.0,50.0,0.0,0.0,-1,0.0,G2_TRADEABLE,tradeable_sell=False,-1,0.0,0.0,
BTC/USDT,1445,2026-05-09 02:00:00,short,0.60917,58.36,0.6,80417.87,325.227857,low_low_up,True,True,False,False,False,0.0,0.0,50.0,0.0,0.0,0.0,0.0,0.0,50.0,0.0,0.0,-1,0.0,G2_TRADEABLE,tradeable_sell=False,-1,0.0,0.0,
BTC/USDT,1446,2026-05-09 03:00:00,short,0.62625,52.52,0.6,80383.95,303.546429,low_low_up,True,True,False,False,False,0.0,0.0,50.0,0.0,0.0,0.0,0.0,0.0,50.0,0.0,0.0,-1,0.0,G2_TRADEABLE,tradeable_sell=False,-1,0.0,0.0,
BTC/USDT,1447,2026-05-09 04:00:00,short,0.59088,52.32,0.6,80379.9,267.769286,low_low_up,True,True,False,False,False,0.0,0.0,50.0,0.0,0.0,0.0,0.0,0.0,50.0,0.0,0.0,-1,0.0,G2_TRADEABLE,tradeable_sell=False,-1,0.0,0.0,
BTC/USDT,1448,2026-05-09 05:00:00,short,0.55803,50.65,0.6,80379.49,236.518571,low_low_up,True,True,False,False,False,0.0,0.0,50.0,0.0,0.0,0.0,0.0,0.0,50.0,0.0,0.0,-1,0.0,G2_TRADEABLE,tradeable_sell=False,-1,0.0,0.0,
BTC/USDT,1449,2026-05-09 06:00:00,short,0.5489,50.27,0.6,80263.92,221.199286,low_low_up,True,True,False,False,False,0.0,0.0,50.0,0.0,0.0,0.0,0.0,0.0,50.0,0.0,0.0,-1,0.0,G2_TRADEABLE,tradeable_sell=False,-1,0.0,0.0,
BTC/USDT,1450,2026-05-09 07:00:00,short,0.53801,54.21,0.6,80228.89,196.265714,low_low_up,True,True,False,False,False,0.0,0.0,50.0,0.0,0.0,0.0,0.0,0.0,50.0,0.0,0.0,-1,0.0,G2_TRADEABLE,tradeable_sell=False,-1,0.0,0.0,
BTC/USDT,1451,2026-05-09 08:00:00,short,0.53988,48.45,0.6,80407.12,195.725714,low_low_up,True,True,False,False,False,0.0,0.0,50.0,0.0,0.0,0.0,0.0,0.0,50.0,0.0,0.0,-1,0.0,G2_TRADEABLE,tradeable_sell=False,-1,0.0,0.0,
BTC/USDT,1452,2026-05-09 09:00:00,short,0.53092,70.28,0.6,80242.53,193.919286,low_low_flat,False,False,False,False,False,0.0,0.0,50.0,0.0,0.0,0.0,0.0,0.0,50.0,0.0,0.0,-1,0.0,G2_TRADEABLE,tradeable_sell=False,-1,0.0,0.0,
BTC/USDT,1453,2026-05-09 10:00:00,short,0.54481,70.99,0.6,80264.02,191.812857,low_low_flat,False,False,False,False,False,0.0,0.0,50.0,0.0,0.0,0.0,0.0,0.0,50.0,0.0,0.0,-1,0.0,G2_TRADEABLE,tradeable_sell=False,-1,0.0,0.0,
BTC/USDT,1454,2026-05-09 11:00:00,short,0.5451,70.62,0.6,80345.46,189.058571,low_low_flat,False,False,False,False,False,0.0,0.0,50.0,0.0,0.0,0.0,0.0,0.0,50.0,0.0,0.0,-1,0.0,G2_TRADEABLE,tradeable_sell=False,-1,0.0,0.0,
BTC/USDT,1455,2026-05-09 12:00:00,short,0.56896,72.15,0.6,80397.97,187.023571,low_low_flat,False,False,False,False,False,0.0,0.0,50.0,0.0,0.0,0.0,0.0,0.0,50.0,0.0,0.0,-1,0.0,G2_TRADEABLE,tradeable_sell=False,-1,0.0,0.0,
BTC/USDT,1456,2026-05-09 13:00:00,short,0.53983,74.09,0.6,80391.18,180.955714,low_low_up,True,True,False,False,False,0.0,0.0,50.0,0.0,0.0,0.0,0.0,0.0,50.0,0.0,0.0,-1,0.0,G2_TRADEABLE,tradeable_sell=False,-1,0.0,0.0,
BTC/USDT,1457,2026-05-09 14:00:00,short,0.54553,75.07,0.6,80332.22,185.325,low_low_flat,False,False,False,False,False,0.0,0.0,50.0,0.0,0.0,0.0,0.0,0.0,50.0,0.0,0.0,-1,0.0,G2_TRADEABLE,tradeable_sell=False,-1,0.0,0.0,
BTC/USDT,1458,2026-05-09 15:00:00,short,0.54451,77.54,0.6,80527.92,195.102143,low_low_flat,False,False,False,False,False,0.0,0.0,50.0,0.0,0.0,0.0,0.0,0.0,50.0,0.0,0.0,-1,0.0,G2_TRADEABLE,tradeable_sell=False,-1,0.0,0.0,
BTC/USDT,1459,2026-05-09 16:00:00,short,0.554,90.75,0.6,80625.01,205.093571,low_low_up,True,True,False,False,False,0.0,0.0,50.0,0.0,0.0,0.0,0.0,0.0,50.0,0.0,0.0,-1,0.0,G2_TRADEABLE,tradeable_sell=False,-1,0.0,0.0,
BTC/USDT,1460,2026-05-09 17:00:00,short,0.55298,75.3,0.6,80812.7,209.425714,low_low_up,True,True,False,False,False,0.0,0.0,50.0,0.0,0.0,0.0,0.0,0.0,50.0,0.0,0.0,-1,0.0,G2_TRADEABLE,tradeable_sell=False,-1,0.0,0.0,
BTC/USDT,1461,2026-05-09 18:00:00,short,0.5586,70.58,0.6,80907.65,209.39,low_low_up,True,True,False,False,False,0.0,0.0,50.0,0.0,0.0,0.0,0.0,0.0,50.0,0.0,0.0,-1,0.0,G2_TRADEABLE,tradeable_sell=False,-1,0.0,0.0,
BTC/USDT,1462,2026-05-09 19:00:00,short,0.57208,64.98,0.6,80938.53,212.498571,low_low_up,True,True,False,False,False,0.0,0.0,50.0,0.0,0.0,0.0,0.0,0.0,50.0,0.0,0.0,-1,0.0,G2_TRADEABLE,tradeable_sell=False,-1,0.0,0.0,
BTC/USDT,1463,2026-05-09 20:00:00,short,0.56915,63.05,0.6,80805.5,210.151429,low_low_up,True,True,False,False,False,0.0,0.0,50.0,0.0,0.0,0.0,0.0,0.0,50.0,0.0,0.0,-1,0.0,G2_TRADEABLE,tradeable_sell=False,-1,0.0,0.0,
BTC/USDT,1464,2026-05-09 21:00:00,short,0.5641,64.54,0.6,80780.83,208.506429,low_low_up,True,True,False,False,False,0.0,0.0,50.0,0.0,0.0,0.0,0.0,0.0,50.0,0.0,0.0,-1,0.0,G2_TRADEABLE,tradeable_sell=False,-1,0.0,0.0,
BTC/USDT,1465,2026-05-09 22:00:00,short,0.56813,66.28,0.6,80782.38,202.848571,low_low_up,True,True,False,False,False,0.0,0.0,50.0,0.0,0.0,0.0,0.0,0.0,50.0,0.0,0.0,-1,0.0,G2_TRADEABLE,tradeable_sell=False,-1,0.0,0.0,
BTC/USDT,1466,2026-05-09 23:00:00,short,0.54802,90.66,0.6,80678.4,204.726429,low_low_up,True,True,False,False,False,0.0,0.0,50.0,0.0,0.0,0.0,0.0,0.0,50.0,0.0,0.0,-1,0.0,G2_TRADEABLE,tradeable_sell=False,-1,0.0,0.0,
BTC/USDT,1467,2026-05-10 00:00:00,short,0.58021,74.25,0.6,80680.04,203.24,low_low_flat,False,False,False,False,False,0.0,0.0,50.0,0.0,0.0,0.0,0.0,0.0,50.0,0.0,0.0,-1,0.0,G2_TRADEABLE,tradeable_sell=False,-1,0.0,0.0,
BTC/USDT,1468,2026-05-10 01:00:00,short,0.55018,76.14,0.6,80685.56,203.871429,low_low_flat,False,False,False,False,False,0.0,0.0,50.0,0.0,0.0,0.0,0.0,0.0,50.0,0.0,0.0,-1,0.0,G2_TRADEABLE,tradeable_sell=False,-1,0.0,0.0,
BTC/USDT,1469,2026-05-10 02:00:00,short,0.56156,70.89,0.6,80777.42,206.501429,low_low_flat,False,False,False,False,False,0.0,0.0,50.0,0.0,0.0,0.0,0.0,0.0,50.0,0.0,0.0,-1,0.0,G2_TRADEABLE,tradeable_sell=False,-1,0.0,0.0,
BTC/USDT,1470,2026-05-10 03:00:00,short,0.56453,71.87,0.6,80775.0,211.805714,low_low_flat,False,False,False,False,False,0.0,0.0,50.0,0.0,0.0,0.0,0.0,0.0,50.0,0.0,0.0,-1,0.0,G2_TRADEABLE,tradeable_sell=False,-1,0.0,0.0,
BTC/USDT,1471,2026-05-10 04:00:00,short,0.56338,70.59,0.6,80759.93,207.879286,low_low_flat,False,False,False,False,False,0.0,0.0,50.0,0.0,0.0,0.0,0.0,0.0,50.0,0.0,0.0,-1,0.0,G2_TRADEABLE,tradeable_sell=False,-1,0.0,0.0,
BTC/USDT,1472,2026-05-10 05:00:00,short,0.56776,78.1,0.6,80700.77,191.345,low_low_flat,False,False,False,False,False,0.0,0.0,50.0,0.0,0.0,0.0,0.0,0.0,50.0,0.0,0.0,-1,0.0,G2_TRADEABLE,tradeable_sell=False,-1,0.0,0.0,
BTC/USDT,1473,2026-05-10 06:00:00,short,0.56538,69.68,0.6,80733.75,177.378571,low_low_up,True,True,False,False,False,0.0,0.0,50.0,0.0,0.0,0.0,0.0,0.0,50.0,0.0,0.0,-1,0.0,G2_TRADEABLE,tradeable_sell=False,-1,0.0,0.0,
BTC/USDT,1474,2026-05-10 07:00:00,short,0.54671,78.56,0.6,80736.03,163.341429,low_low_up,True,True,False,False,False,0.0,0.0,50.0,0.0,0.0,0.0,0.0,0.0,50.0,0.0,0.0,-1,0.0,G2_TRADEABLE,tradeable_sell=False,-1,0.0,0.0,
BTC/USDT,1475,2026-05-10 08:00:00,short,0.54458,71.19,0.6,80830.33,156.320714,low_low_flat,False,False,False,False,False,0.0,0.0,50.0,0.0,0.0,0.0,0.0,0.0,50.0,0.0,0.0,-1,0.0,G2_TRADEABLE,tradeable_sell=False,-1,0.0,0.0,
BTC/USDT,1476,2026-05-10 09:00:00,short,0.53759,70.37,0.6,80807.96,154.625,low_low_up,True,True,False,False,False,0.0,0.0,50.0,0.0,0.0,0.0,0.0,0.0,50.0,0.0,0.0,-1,0.0,G2_TRADEABLE,tradeable_sell=False,-1,0.0,0.0,
BTC/USDT,1477,2026-05-10 10:00:00,short,0.53733,70.81,0.6,80873.79,154.548571,low_low_up,True,True,False,False,False,0.0,0.0,50.0,0.0,0.0,0.0,0.0,0.0,50.0,0.0,0.0,-1,0.0,G2_TRADEABLE,tradeable_sell=False,-1,0.0,0.0,
BTC/USDT,1478,2026-05-10 11:00:00,short,0.53388,74.92,0.6,80821.21,159.861429,low_low_up,True,True,False,False,False,0.0,0.0,50.0,0.0,0.0,0.0,0.0,0.0,50.0,0.0,0.0,-1,0.0,G2_TRADEABLE,tradeable_sell=False,-1,0.0,0.0,
BTC/USDT,1479,2026-05-10 12:00:00,short,0.52063,67.44,0.6,80927.72,160.759286,low_low_up,True,True,False,False,False,0.0,0.0,50.0,0.0,0.0,0.0,0.0,0.0,50.0,0.0,0.0,-1,0.0,G2_TRADEABLE,tradeable_sell=False,-1,0.0,0.0,
BTC/USDT,1480,2026-05-10 13:00:00,short,0.57528,69.55,0.6,80971.67,154.077143,low_low_up,True,True,False,False,False,0.0,0.0,50.0,0.0,0.0,0.0,0.0,0.0,50.0,0.0,0.0,-1,0.0,G2_TRADEABLE,tradeable_sell=False,-1,0.0,0.0,
BTC/USDT,1481,2026-05-10 14:00:00,short,0.56837,75.7,0.6,80990.11,155.739286,low_low_up,True,True,False,False,False,0.0,0.0,50.0,0.0,0.0,0.0,0.0,0.0,50.0,0.0,0.0,-1,0.0,G2_TRADEABLE,tradeable_sell=False,-1,0.0,0.0,
BTC/USDT,1482,2026-05-10 15:00:00,short,0.54121,89.34,0.6,81418.01,183.514286,low_low_up,True,True,False,False,False,0.0,0.0,50.0,0.0,0.0,0.0,0.0,0.0,50.0,0.0,0.0,-1,0.0,G2_TRADEABLE,tradeable_sell=False,-1,0.0,0.0,
BTC/USDT,1483,2026-05-10 16:00:00,short,0.55178,89.55,0.6,81378.25,192.157143,low_low_up,True,True,False,False,False,0.0,0.0,50.0,0.0,0.0,0.0,0.0,0.0,50.0,0.0,0.0,-1,0.0,G2_TRADEABLE,tradeable_sell=False,-1,0.0,0.0,
BTC/USDT,1484,2026-05-10 17:00:00,short,0.56218,88.26,0.6,81476.18,205.410714,low_low_up,True,True,False,False,False,0.0,0.0,50.0,0.0,0.0,0.0,0.0,0.0,50.0,0.0,0.0,-1,0.0,G2_TRADEABLE,tradeable_sell=False,-1,0.0,0.0,
BTC/USDT,1485,2026-05-10 18:00:00,short,0.54335,68.74,0.6,81271.96,215.75,low_low_flat,False,False,False,False,False,0.0,0.0,50.0,0.0,0.0,0.0,0.0,0.0,50.0,0.0,0.0,-1,0.0,G2_TRADEABLE,tradeable_sell=False,-1,0.0,0.0,
BTC/USDT,1486,2026-05-10 19:00:00,short,0.5471,69.62,0.6,81437.83,229.992857,low_low_up,True,True,False,False,False,0.0,0.0,50.0,0.0,0.0,0.0,0.0,0.0,50.0,0.0,0.0,-1,0.0,G2_TRADEABLE,tradeable_sell=False,-1,0.0,0.0,
BTC/USDT,1487,2026-05-10 20:00:00,short,0.5319,97.62,0.6,80734.88,307.551429,low_low_flat,False,False,False,False,False,0.0,0.0,50.0,0.0,0.0,0.0,0.0,0.0,50.0,0.0,0.0,-1,0.0,G2_TRADEABLE,tradeable_sell=False,-1,0.0,0.0,
BTC/USDT,1488,2026-05-10 21:00:00,short,0.51252,84.54,0.6,80720.47,326.510714,low_low_flat,False,False,False,False,False,0.0,0.0,50.0,0.0,0.0,0.0,0.0,0.0,50.0,0.0,0.0,-1,0.0,G2_TRADEABLE,tradeable_sell=False,-1,0.0,0.0,
BTC/USDT,1489,2026-05-10 22:00:00,long,0.50451,94.37,0.6,82044.49,420.152143,low_low_up,True,True,False,False,False,0.0,0.0,50.0,0.0,0.0,0.0,0.0,0.0,50.0,0.0,0.0,-1,0.0,G2_TRADEABLE,tradeable_buy=False,-1,0.0,0.0,
BTC/USDT,1490,2026-05-10 23:00:00,short,0.51714,100.0,0.6,82210.07,439.977857,low_med_up,False,False,False,False,False,0.0,0.0,50.0,0.0,0.0,0.0,0.0,0.0,50.0,0.0,0.0,-1,0.0,G2_TRADEABLE,tradeable_sell=False,-1,0.0,0.0,
BTC/USDT,1491,2026-05-11 00:00:00,short,0.54953,92.03,0.6,81471.13,504.800714,low_med_up,False,False,False,False,False,0.0,0.0,50.0,0.0,0.0,0.0,0.0,0.0,50.0,0.0,0.0,-1,0.0,G2_TRADEABLE,tradeable_sell=False,-1,0.0,0.0,
BTC/USDT,1492,2026-05-11 01:00:00,short,0.53548,72.3,0.6,81501.72,521.102143,low_med_up,False,False,False,False,False,0.0,0.0,50.0,0.0,0.0,0.0,0.0,0.0,50.0,0.0,0.0,-1,0.0,G2_TRADEABLE,tradeable_sell=False,-1,0.0,0.0,
BTC/USDT,1493,2026-05-11 02:00:00,short,0.51302,64.54,0.6,81169.08,541.742143,low_med_flat,False,False,False,False,False,0.0,0.0,50.0,0.0,0.0,0.0,0.0,0.0,50.0,0.0,0.0,-1,0.0,G2_TRADEABLE,tradeable_sell=False,-1,0.0,0.0,
BTC/USDT,1494,2026-05-11 03:00:00,short,0.52232,73.44,0.6,80736.01,579.556429,low_med_flat,False,False,False,False,False,0.0,0.0,50.0,0.0,0.0,0.0,0.0,0.0,50.0,0.0,0.0,-1,0.0,G2_TRADEABLE,tradeable_sell=False,-1,0.0,0.0,
BTC/USDT,1495,2026-05-11 04:00:00,short,0.54185,67.88,0.6,80824.61,583.555714,low_med_flat,False,False,False,False,False,0.0,0.0,50.0,0.0,0.0,0.0,0.0,0.0,50.0,0.0,0.0,-1,0.0,G2_TRADEABLE,tradeable_sell=False,-1,0.0,0.0,
BTC/USDT,1496,2026-05-11 05:00:00,short,0.52303,68.09,0.6,80832.33,563.074286,low_med_flat,False,False,False,False,False,0.0,0.0,50.0,0.0,0.0,0.0,0.0,0.0,50.0,0.0,0.0,-1,0.0,G2_TRADEABLE,tradeable_sell=False,-1,0.0,0.0,
BTC/USDT,1497,2026-05-11 06:00:00,short,0.52389,68.6,0.6,80822.86,562.182143,low_med_flat,False,False,False,False,False,0.0,0.0,50.0,0.0,0.0,0.0,0.0,0.0,50.0,0.0,0.0,-1,0.0,G2_TRADEABLE,tradeable_sell=False,-1,0.0,0.0,
BTC/USDT,1498,2026-05-11 07:00:00,short,0.51539,50.71,0.6,80740.4,548.902143,low_med_flat,False,False,False,False,False,0.0,0.0,50.0,0.0,0.0,0.0,0.0,0.0,50.0,0.0,0.0,-1,0.0,G2_TRADEABLE,tradeable_sell=False,-1,0.0,0.0,
BTC/USDT,1499,2026-05-11 08:00:00,short,0.53731,50.21,0.6,80767.97,547.443571,low_med_flat,False,False,False,False,False,0.0,0.0,50.0,0.0,0.0,0.0,0.0,0.0,50.0,0.0,0.0,-1,0.0,G2_TRADEABLE,tradeable_sell=False,-1,0.0,0.0,
BTC/USDT,1500,2026-05-11 09:00:00,short,0.52136,46.48,0.6,80966.57,540.687143,low_med_flat,False,False,False,False,False,0.0,0.0,50.0,0.0,0.0,0.0,0.0,0.0,50.0,0.0,0.0,-1,0.0,G2_TRADEABLE,tradeable_sell=False,-1,0.0,0.0,
BTC/USDT,1501,2026-05-11 10:00:00,short,0.51033,46.49,0.6,80940.0,474.980714,low_med_flat,False,False,False,False,False,0.0,0.0,50.0,0.0,0.0,0.0,0.0,0.0,50.0,0.0,0.0,-1,0.0,G2_TRADEABLE,tradeable_sell=False,-1,0.0,0.0,
BTC/USDT,1502,2026-05-11 11:00:00,long,0.50462,64.65,0.6,81196.94,469.586429,low_med_flat,False,False,False,False,False,0.0,0.0,50.0,0.0,0.0,0.0,0.0,0.0,50.0,0.0,0.0,-1,0.0,G2_TRADEABLE,tradeable_buy=False,-1,0.0,0.0,
BTC/USDT,1503,2026-05-11 12:00:00,long,0.50587,62.87,0.6,81054.65,385.4,low_low_flat,False,False,False,False,False,0.0,0.0,50.0,0.0,0.0,0.0,0.0,0.0,50.0,0.0,0.0,-1,0.0,G2_TRADEABLE,tradeable_buy=False,-1,0.0,0.0,
BTC/USDT,1504,2026-05-11 13:00:00,long,0.5046,66.08,0.6,81072.0,396.673571,med_low_flat,False,True,False,False,False,0.0,0.0,50.0,0.0,0.0,0.0,0.0,0.0,50.0,0.0,0.0,-1,0.0,G2_TRADEABLE,tradeable_buy=False,-1,0.0,0.0,
BTC/USDT,1505,2026-05-11 14:00:00,long,0.50552,64.86,0.6,80953.38,374.512857,med_low_flat,False,True,False,False,False,0.0,0.0,50.0,0.0,0.0,0.0,0.0,0.0,50.0,0.0,0.0,-1,0.0,G2_TRADEABLE,tradeable_buy=False,-1,0.0,0.0,
BTC/USDT,1506,2026-05-11 15:00:00,short,0.52415,54.66,0.6,81445.9,387.252857,med_low_flat,False,True,False,False,False,0.0,0.0,50.0,0.0,0.0,0.0,0.0,0.0,50.0,0.0,0.0,-1,0.0,G2_TRADEABLE,tradeable_sell=False,-1,0.0,0.0,
BTC/USDT,1507,2026-05-11 16:00:00,short,0.53234,67.61,0.6,81575.85,395.172143,med_low_flat,False,True,False,False,False,0.0,0.0,50.0,0.0,0.0,0.0,0.0,0.0,50.0,0.0,0.0,-1,0.0,G2_TRADEABLE,tradeable_sell=False,-1,0.0,0.0,
BTC/USDT,1508,2026-05-11 17:00:00,short,0.52669,59.18,0.6,81941.09,397.913571,med_low_flat,False,True,False,False,False,0.0,0.0,50.0,0.0,0.0,0.0,0.0,0.0,50.0,0.0,0.0,-1,0.0,G2_TRADEABLE,tradeable_sell=False,-1,0.0,0.0,
BTC/USDT,1509,2026-05-11 18:00:00,short,0.53434,62.06,0.6,81858.96,402.340714,med_low_up,False,True,False,False,False,0.0,0.0,50.0,0.0,0.0,0.0,0.0,0.0,50.0,0.0,0.0,-1,0.0,G2_TRADEABLE,tradeable_sell=False,-1,0.0,0.0,
BTC/USDT,1510,2026-05-11 19:00:00,short,0.54469,60.64,0.6,81961.99,411.765714,med_low_up,False,True,False,False,False,0.0,0.0,50.0,0.0,0.0,0.0,0.0,0.0,50.0,0.0,0.0,-1,0.0,G2_TRADEABLE,tradeable_sell=False,-1,0.0,0.0,
BTC/USDT,1511,2026-05-11 20:00:00,short,0.5365,58.29,0.6,81821.02,414.115714,med_low_up,False,True,False,False,False,0.0,0.0,50.0,0.0,0.0,0.0,0.0,0.0,50.0,0.0,0.0,-1,0.0,G2_TRADEABLE,tradeable_sell=False,-1,0.0,0.0,
BTC/USDT,1512,2026-05-11 21:00:00,short,0.54477,56.7,0.6,81821.18,423.341429,med_low_up,False,True,False,False,False,0.0,0.0,50.0,0.0,0.0,0.0,0.0,0.0,50.0,0.0,0.0,-1,0.0,G2_TRADEABLE,tradeable_sell=False,-1,0.0,0.0,
BTC/USDT,1513,2026-05-11 22:00:00,short,0.53771,59.11,0.6,81833.92,423.230714,low_low_flat,False,False,False,False,False,0.0,0.0,50.0,0.0,0.0,0.0,0.0,0.0,50.0,0.0,0.0,-1,0.0,G2_TRADEABLE,tradeable_sell=False,-1,0.0,0.0,
BTC/USDT,1514,2026-05-11 23:00:00,short,0.53429,57.91,0.6,81745.65,423.107857,low_low_flat,False,False,False,False,False,0.0,0.0,50.0,0.0,0.0,0.0,0.0,0.0,50.0,0.0,0.0,-1,0.0,G2_TRADEABLE,tradeable_sell=False,-1,0.0,0.0,
BTC/USDT,1515,2026-05-12 00:00:00,short,0.52259,52.42,0.6,81545.2,426.625714,low_low_flat,False,False,False,False,False,0.0,0.0,50.0,0.0,0.0,0.0,0.0,0.0,50.0,0.0,0.0,-1,0.0,G2_TRADEABLE,tradeable_sell=False,-1,0.0,0.0,
BTC/USDT,1516,2026-05-12 01:00:00,short,0.50018,75.47,0.6,81199.18,469.8,low_med_flat,False,False,False,False,False,0.0,0.0,50.0,0.0,0.0,0.0,0.0,0.0,50.0,0.0,0.0,-1,0.0,G2_TRADEABLE,tradeable_sell=False,-1,0.0,0.0,
BTC/USDT,1517,2026-05-12 02:00:00,short,0.51387,73.63,0.6,81249.93,463.940714,low_med_flat,False,False,False,False,False,0.0,0.0,50.0,0.0,0.0,0.0,0.0,0.0,50.0,0.0,0.0,-1,0.0,G2_TRADEABLE,tradeable_sell=False,-1,0.0,0.0,
BTC/USDT,1518,2026-05-12 03:00:00,short,0.5359,53.59,0.6,81058.8,440.894286,low_med_flat,False,False,False,False,False,0.0,0.0,50.0,0.0,0.0,0.0,0.0,0.0,50.0,0.0,0.0,-1,0.0,G2_TRADEABLE,tradeable_sell=False,-1,0.0,0.0,
BTC/USDT,1519,2026-05-12 04:00:00,short,0.51991,55.3,0.6,81240.01,406.197143,low_low_flat,False,False,False,False,False,0.0,0.0,50.0,0.0,0.0,0.0,0.0,0.0,50.0,0.0,0.0,-1,0.0,G2_TRADEABLE,tradeable_sell=False,-1,0.0,0.0,
BTC/USDT,1520,2026-05-12 05:00:00,short,0.50377,55.24,0.6,81224.03,369.89,low_low_flat,False,False,False,False,False,0.0,0.0,50.0,0.0,0.0,0.0,0.0,0.0,50.0,0.0,0.0,-1,0.0,G2_TRADEABLE,tradeable_sell=False,-1,0.0,0.0,
BTC/USDT,1521,2026-05-12 06:00:00,short,0.50026,79.35,0.6,81022.44,350.201429,low_low_flat,False,False,False,False,False,0.0,0.0,50.0,0.0,0.0,0.0,0.0,0.0,50.0,0.0,0.0,-1,0.0,G2_TRADEABLE,tradeable_sell=False,-1,0.0,0.0,
BTC/USDT,1522,2026-05-12 07:00:00,short,0.50348,64.24,0.6,80865.4,324.069286,low_low_flat,False,False,False,False,False,0.0,0.0,50.0,0.0,0.0,0.0,0.0,0.0,50.0,0.0,0.0,-1,0.0,G2_TRADEABLE,tradeable_sell=False,-1,0.0,0.0,
BTC/USDT,1523,2026-05-12 08:00:00,short,0.50382,61.42,0.6,80843.31,317.104286,low_low_flat,False,False,False,False,False,0.0,0.0,50.0,0.0,0.0,0.0,0.0,0.0,50.0,0.0,0.0,-1,0.0,G2_TRADEABLE,tradeable_sell=False,-1,0.0,0.0,
BTC/USDT,1524,2026-05-12 09:00:00,short,0.52042,62.91,0.6,80837.15,309.342143,low_low_flat,False,False,False,False,False,0.0,0.0,50.0,0.0,0.0,0.0,0.0,0.0,50.0,0.0,0.0,-1,0.0,G2_TRADEABLE,tradeable_sell=False,-1,0.0,0.0,
BTC/USDT,1525,2026-05-12 10:00:00,short,0.5163,63.53,0.6,80666.37,304.098571,low_low_flat,False,False,False,False,False,0.0,0.0,50.0,0.0,0.0,0.0,0.0,0.0,50.0,0.0,0.0,-1,0.0,G2_TRADEABLE,tradeable_sell=False,-1,0.0,0.0,
BTC/USDT,1526,2026-05-12 11:00:00,short,0.53674,62.9,0.6,80784.87,302.845714,low_low_flat,False,False,False,False,False,0.0,0.0,50.0,0.0,0.0,0.0,0.0,0.0,50.0,0.0,0.0,-1,0.0,G2_TRADEABLE,tradeable_sell=False,-1,0.0,0.0,
BTC/USDT,1527,2026-05-12 12:00:00,short,0.51346,66.04,0.6,80881.26,312.832143,low_low_flat,False,False,False,False,False,0.0,0.0,50.0,0.0,0.0,0.0,0.0,0.0,50.0,0.0,0.0,-1,0.0,G2_TRADEABLE,tradeable_sell=False,-1,0.0,0.0,
BTC/USDT,1528,2026-05-12 13:00:00,short,0.52714,84.37,0.6,80466.91,333.802143,low_low_flat,False,False,False,False,False,0.0,0.0,50.0,0.0,0.0,0.0,0.0,0.0,50.0,0.0,0.0,-1,0.0,G2_TRADEABLE,tradeable_sell=False,-1,0.0,0.0,
BTC/USDT,1529,2026-05-12 14:00:00,short,0.50101,82.2,0.6,80540.0,346.722143,low_low_flat,False,False,False,False,False,0.0,0.0,50.0,0.0,0.0,0.0,0.0,0.0,50.0,0.0,0.0,-1,0.0,G2_TRADEABLE,tradeable_sell=False,-1,0.0,0.0,
BTC/USDT,1530,2026-05-12 15:00:00,short,0.55263,85.32,0.6,80336.01,317.203571,low_low_down,True,True,False,False,False,0.0,0.0,50.0,0.0,0.0,0.0,0.0,0.0,50.0,0.0,0.0,-1,0.0,G2_TRADEABLE,tradeable_sell=False,-1,0.0,0.0,
BTC/USDT,1531,2026-05-12 16:00:00,short,0.51364,84.55,0.6,80000.01,342.042143,low_low_down,True,True,False,False,False,0.0,0.0,50.0,0.0,0.0,0.0,0.0,0.0,50.0,0.0,0.0,-1,0.0,G2_TRADEABLE,tradeable_sell=False,-1,0.0,0.0,
BTC/USDT,1532,2026-05-12 17:00:00,short,0.52281,70.49,0.6,80527.69,368.613571,low_low_down,True,True,False,False,False,0.0,0.0,50.0,0.0,0.0,0.0,0.0,0.0,50.0,0.0,0.0,-1,0.0,G2_TRADEABLE,tradeable_sell=False,-1,0.0,0.0,
BTC/USDT,1533,2026-05-12 18:00:00,short,0.56698,68.61,0.6,80679.12,370.743571,low_low_down,True,True,False,False,False,0.0,0.0,50.0,0.0,0.0,0.0,0.0,0.0,50.0,0.0,0.0,-1,0.0,G2_TRADEABLE,tradeable_sell=False,-1,0.0,0.0,
BTC/USDT,1534,2026-05-12 19:00:00,short,0.53623,66.27,0.6,80834.64,375.86,low_low_down,True,True,False,False,False,0.0,0.0,50.0,0.0,0.0,0.0,0.0,0.0,50.0,0.0,0.0,-1,0.0,G2_TRADEABLE,tradeable_sell=False,-1,0.0,0.0,
BTC/USDT,1535,2026-05-12 20:00:00,short,0.56229,66.68,0.6,80696.87,373.246429,low_low_down,True,True,False,False,False,0.0,0.0,50.0,0.0,0.0,0.0,0.0,0.0,50.0,0.0,0.0,-1,0.0,G2_TRADEABLE,tradeable_sell=False,-1,0.0,0.0,
BTC/USDT,1536,2026-05-12 21:00:00,short,0.54461,66.27,0.6,80587.44,366.425,low_low_down,True,True,False,False,False,0.0,0.0,50.0,0.0,0.0,0.0,0.0,0.0,50.0,0.0,0.0,-1,0.0,G2_TRADEABLE,tradeable_sell=False,-1,0.0,0.0,
BTC/USDT,1537,2026-05-12 22:00:00,short,0.55402,64.41,0.6,80656.43,366.489286,low_low_down,True,True,False,False,False,0.0,0.0,50.0,0.0,0.0,0.0,0.0,0.0,50.0,0.0,0.0,-1,0.0,G2_TRADEABLE,tradeable_sell=False,-1,0.0,0.0,
BTC/USDT,1538,2026-05-12 23:00:00,short,0.53208,67.26,0.6,80504.47,368.685,low_low_down,True,True,False,False,False,0.0,0.0,50.0,0.0,0.0,0.0,0.0,0.0,50.0,0.0,0.0,-1,0.0,G2_TRADEABLE,tradeable_sell=False,-1,0.0,0.0,
BTC/USDT,1539,2026-05-13 00:00:00,short,0.52264,72.81,0.6,80718.0,376.527857,low_low_flat,False,False,False,False,False,0.0,0.0,50.0,0.0,0.0,0.0,0.0,0.0,50.0,0.0,0.0,-1,0.0,G2_TRADEABLE,tradeable_sell=False,-1,0.0,0.0,
BTC/USDT,1540,2026-05-13 01:00:00,short,0.54404,77.88,0.6,81006.0,392.510714,low_low_flat,False,False,False,False,False,0.0,0.0,50.0,0.0,0.0,0.0,0.0,0.0,50.0,0.0,0.0,-1,0.0,G2_TRADEABLE,tradeable_sell=False,-1,0.0,0.0,
BTC/USDT,1541,2026-05-13 02:00:00,short,0.55446,72.04,0.6,81050.0,390.165,low_low_flat,False,False,False,False,False,0.0,0.0,50.0,0.0,0.0,0.0,0.0,0.0,50.0,0.0,0.0,-1,0.0,G2_TRADEABLE,tradeable_sell=False,-1,0.0,0.0,
BTC/USDT,1542,2026-05-13 03:00:00,short,0.54738,80.93,0.6,81249.99,375.345714,low_low_flat,False,False,False,False,False,0.0,0.0,50.0,0.0,0.0,0.0,0.0,0.0,50.0,0.0,0.0,-1,0.0,G2_TRADEABLE,tradeable_sell=False,-1,0.0,0.0,
BTC/USDT,1543,2026-05-13 04:00:00,short,0.57138,80.37,0.6,81231.96,351.493571,low_low_flat,False,False,False,False,False,0.0,0.0,50.0,0.0,0.0,0.0,0.0,0.0,50.0,0.0,0.0,-1,0.0,G2_TRADEABLE,tradeable_sell=False,-1,0.0,0.0,
BTC/USDT,1544,2026-05-13 05:00:00,short,0.56494,71.28,0.6,81019.99,334.286429,low_low_flat,False,False,False,False,False,0.0,0.0,50.0,0.0,0.0,0.0,0.0,0.0,50.0,0.0,0.0,-1,0.0,G2_TRADEABLE,tradeable_sell=False,-1,0.0,0.0,
BTC/USDT,1545,2026-05-13 06:00:00,short,0.56838,74.95,0.6,80980.05,305.359286,low_low_flat,False,False,False,False,False,0.0,0.0,50.0,0.0,0.0,0.0,0.0,0.0,50.0,0.0,0.0,-1,0.0,G2_TRADEABLE,tradeable_sell=False,-1,0.0,0.0,
BTC/USDT,1546,2026-05-13 07:00:00,short,0.57587,53.47,0.6,81026.92,270.922143,low_low_flat,False,False,False,False,False,0.0,0.0,50.0,0.0,0.0,0.0,0.0,0.0,50.0,0.0,0.0,-1,0.0,G2_TRADEABLE,tradeable_sell=False,-1,0.0,0.0,
BTC/USDT,1547,2026-05-13 08:00:00,short,0.55834,61.27,0.6,81196.57,265.390714,low_low_flat,False,False,False,False,False,0.0,0.0,50.0,0.0,0.0,0.0,0.0,0.0,50.0,0.0,0.0,-1,0.0,G2_TRADEABLE,tradeable_sell=False,-1,0.0,0.0,
BTC/USDT,1548,2026-05-13 09:00:00,short,0.54662,61.32,0.6,81291.38,264.787857,low_low_flat,False,False,False,False,False,0.0,0.0,50.0,0.0,0.0,0.0,0.0,0.0,50.0,0.0,0.0,-1,0.0,G2_TRADEABLE,tradeable_sell=False,-1,0.0,0.0,
BTC/USDT,1549,2026-05-13 10:00:00,short,0.52223,53.67,0.6,80809.01,281.651429,low_low_flat,False,False,False,False,False,0.0,0.0,50.0,0.0,0.0,0.0,0.0,0.0,50.0,0.0,0.0,-1,0.0,G2_TRADEABLE,tradeable_sell=False,-1,0.0,0.0,
BTC/USDT,1550,2026-05-13 11:00:00,short,0.52687,64.28,0.6,80501.22,289.357857,low_low_flat,False,False,False,False,False,0.0,0.0,50.0,0.0,0.0,0.0,0.0,0.0,50.0,0.0,0.0,-1,0.0,G2_TRADEABLE,tradeable_sell=False,-1,0.0,0.0,
BTC/USDT,1551,2026-05-13 12:00:00,short,0.52461,82.97,0.6,80202.78,327.654286,low_low_flat,False,False,False,False,False,0.0,0.0,50.0,0.0,0.0,0.0,0.0,0.0,50.0,0.0,0.0,-1,0.0,G2_TRADEABLE,tradeable_sell=False,-1,0.0,0.0,
BTC/USDT,1552,2026-05-13 13:00:00,long,0.52813,79.77,0.6,79656.01,363.003571,low_low_flat,False,False,False,False,False,0.0,0.0,50.0,0.0,0.0,0.0,0.0,0.0,50.0,0.0,0.0,-1,0.0,G2_TRADEABLE,tradeable_buy=False,-1,0.0,0.0,
BTC/USDT,1553,2026-05-13 14:00:00,long,0.54071,79.38,0.6,79756.01,367.263571,low_low_flat,False,False,False,False,False,0.0,0.0,50.0,0.0,0.0,0.0,0.0,0.0,50.0,0.0,0.0,-1,0.0,G2_TRADEABLE,tradeable_buy=False,-1,0.0,0.0,
BTC/USDT,1554,2026-05-13 15:00:00,long,0.53485,80.44,0.6,78827.21,405.57,low_low_down,True,True,False,False,False,0.0,0.0,50.0,0.0,0.0,0.0,0.0,0.0,50.0,0.0,0.0,-1,0.0,G2_TRADEABLE,tradeable_buy=False,-1,0.0,0.0,
BTC/USDT,1555,2026-05-13 16:00:00,long,0.52284,100.0,0.6,79108.39,414.184286,low_med_down,False,True,False,False,False,0.0,0.0,50.0,0.0,0.0,0.0,0.0,0.0,50.0,0.0,0.0,-1,0.0,G2_TRADEABLE,tradeable_buy=False,-1,0.0,0.0,
BTC/USDT,1556,2026-05-13 17:00:00,long,0.52329,82.35,0.6,79514.97,423.658571,low_med_down,False,True,False,False,False,0.0,0.0,50.0,0.0,0.0,0.0,0.0,0.0,50.0,0.0,0.0,-1,0.0,G2_TRADEABLE,tradeable_buy=False,-1,0.0,0.0,
BTC/USDT,1557,2026-05-13 18:00:00,long,0.50323,82.85,0.6,79598.15,432.860714,low_med_down,False,True,False,False,False,0.0,0.0,50.0,0.0,0.0,0.0,0.0,0.0,50.0,0.0,0.0,-1,0.0,G2_TRADEABLE,tradeable_buy=False,-1,0.0,0.0,
BTC/USDT,1558,2026-05-13 19:00:00,short,0.5136,70.21,0.6,79642.41,432.793571,low_med_down,False,True,False,False,False,0.0,0.0,50.0,0.0,0.0,0.0,0.0,0.0,50.0,0.0,0.0,-1,0.0,G2_TRADEABLE,tradeable_sell=False,-1,0.0,0.0,
BTC/USDT,1559,2026-05-13 20:00:00,short,0.52078,67.41,0.6,79698.95,429.213571,low_med_down,False,True,False,False,False,0.0,0.0,50.0,0.0,0.0,0.0,0.0,0.0,50.0,0.0,0.0,-1,0.0,G2_TRADEABLE,tradeable_sell=False,-1,0.0,0.0,
BTC/USDT,1560,2026-05-13 21:00:00,short,0.50432,70.71,0.6,79398.54,443.888571,low_med_down,False,True,False,False,False,0.0,0.0,50.0,0.0,0.0,0.0,0.0,0.0,50.0,0.0,0.0,-1,0.0,G2_TRADEABLE,tradeable_sell=False,-1,0.0,0.0,
BTC/USDT,1561,2026-05-13 22:00:00,short,0.50764,58.61,0.6,79428.46,442.862143,low_med_down,False,True,False,False,False,0.0,0.0,50.0,0.0,0.0,0.0,0.0,0.0,50.0,0.0,0.0,-1,0.0,G2_TRADEABLE,tradeable_sell=False,-1,0.0,0.0,
BTC/USDT,1562,2026-05-13 23:00:00,long,0.5097,79.89,0.6,79313.61,448.455714,low_med_down,False,True,False,False,False,0.0,0.0,50.0,0.0,0.0,0.0,0.0,0.0,50.0,0.0,0.0,-1,0.0,G2_TRADEABLE,tradeable_buy=False,-1,0.0,0.0,
BTC/USDT,1563,2026-05-14 00:00:00,short,0.51615,69.1,0.6,79580.0,440.187143,low_med_down,False,True,False,False,False,0.0,0.0,50.0,0.0,0.0,0.0,0.0,0.0,50.0,0.0,0.0,-1,0.0,G2_TRADEABLE,tradeable_sell=False,-1,0.0,0.0,
BTC/USDT,1564,2026-05-14 01:00:00,short,0.55755,68.89,0.6,79604.6,434.717143,low_med_down,False,True,False,False,False,0.0,0.0,50.0,0.0,0.0,0.0,0.0,0.0,50.0,0.0,0.0,-1,0.0,G2_TRADEABLE,tradeable_sell=False,-1,0.0,0.0,
BTC/USDT,1565,2026-05-14 02:00:00,short,0.5384,72.39,0.6,79370.24,414.234286,med_low_down,False,True,False,False,False,0.0,0.0,50.0,0.0,0.0,0.0,0.0,0.0,50.0,0.0,0.0,-1,0.0,G2_TRADEABLE,tradeable_sell=False,-1,0.0,0.0,
BTC/USDT,1566,2026-05-14 03:00:00,long,0.50568,82.01,0.6,79044.85,397.735714,med_low_down,False,True,False,False,False,0.0,0.0,50.0,0.0,0.0,0.0,0.0,0.0,50.0,0.0,0.0,-1,0.0,G2_TRADEABLE,tradeable_buy=False,-1,0.0,0.0,
BTC/USDT,1567,2026-05-14 04:00:00,short,0.52847,66.98,0.6,79451.63,403.157857,med_low_down,False,True,False,False,False,0.0,0.0,50.0,0.0,0.0,0.0,0.0,0.0,50.0,0.0,0.0,-1,0.0,G2_TRADEABLE,tradeable_sell=False,-1,0.0,0.0,
BTC/USDT,1568,2026-05-14 05:00:00,short,0.54373,69.12,0.6,79809.16,373.847143,med_low_down,False,True,False,False,False,0.0,0.0,50.0,0.0,0.0,0.0,0.0,0.0,50.0,0.0,0.0,-1,0.0,G2_TRADEABLE,tradeable_sell=False,-1,0.0,0.0,
BTC/USDT,1569,2026-05-14 06:00:00,short,0.54984,63.03,0.6,79804.71,353.608571,med_low_down,False,True,False,False,False,0.0,0.0,50.0,0.0,0.0,0.0,0.0,0.0,50.0,0.0,0.0,-1,0.0,G2_TRADEABLE,tradeable_sell=False,-1,0.0,0.0,
BTC/USDT,1570,2026-05-14 07:00:00,short,0.55326,65.22,0.6,79745.98,337.835714,med_low_down,False,True,False,False,False,0.0,0.0,50.0,0.0,0.0,0.0,0.0,0.0,50.0,0.0,0.0,-1,0.0,G2_TRADEABLE,tradeable_sell=False,-1,0.0,0.0,
BTC/USDT,1571,2026-05-14 08:00:00,short,0.55962,66.1,0.6,79821.56,338.372143,med_low_down,False,True,False,False,False,0.0,0.0,50.0,0.0,0.0,0.0,0.0,0.0,50.0,0.0,0.0,-1,0.0,G2_TRADEABLE,tradeable_sell=False,-1,0.0,0.0,
BTC/USDT,1572,2026-05-14 09:00:00,short,0.54494,66.78,0.6,79635.52,344.792857,med_low_down,False,True,False,False,False,0.0,0.0,50.0,0.0,0.0,0.0,0.0,0.0,50.0,0.0,0.0,-1,0.0,G2_TRADEABLE,tradeable_sell=False,-1,0.0,0.0,
BTC/USDT,1573,2026-05-14 10:00:00,short,0.53901,67.59,0.6,79570.01,359.811429,med_low_down,False,True,False,False,False,0.0,0.0,50.0,0.0,0.0,0.0,0.0,0.0,50.0,0.0,0.0,-1,0.0,G2_TRADEABLE,tradeable_sell=False,-1,0.0,0.0,
BTC/USDT,1574,2026-05-14 11:00:00,short,0.53618,67.3,0.6,79258.27,359.858571,med_low_down,False,True,False,False,False,0.0,0.0,50.0,0.0,0.0,0.0,0.0,0.0,50.0,0.0,0.0,-1,0.0,G2_TRADEABLE,tradeable_sell=False,-1,0.0,0.0,
BTC/USDT,1575,2026-05-14 12:00:00,short,0.53599,75.21,0.6,79767.11,381.480714,med_low_flat,False,True,False,False,False,0.0,0.0,50.0,0.0,0.0,0.0,0.0,0.0,50.0,0.0,0.0,-1,0.0,G2_TRADEABLE,tradeable_sell=False,-1,0.0,0.0,
BTC/USDT,1576,2026-05-14 13:00:00,short,0.50664,75.03,0.6,79701.73,390.312857,med_low_flat,False,True,False,False,False,0.0,0.0,50.0,0.0,0.0,0.0,0.0,0.0,50.0,0.0,0.0,-1,0.0,G2_TRADEABLE,tradeable_sell=False,-1,0.0,0.0,
BTC/USDT,1577,2026-05-14 14:00:00,short,0.51347,81.23,0.6,80964.85,467.795,med_med_up,False,True,False,False,False,0.0,0.0,50.0,0.0,0.0,0.0,0.0,0.0,50.0,0.0,0.0,-1,0.0,G2_TRADEABLE,tradeable_sell=False,-1,0.0,0.0,
BTC/USDT,1578,2026-05-14 15:00:00,long,0.5008,64.54,0.6,81301.23,485.212143,med_med_up,False,True,False,False,False,0.0,0.0,50.0,0.0,0.0,0.0,0.0,0.0,50.0,0.0,0.0,-1,0.0,G2_TRADEABLE,tradeable_buy=False,-1,0.0,0.0,
BTC/USDT,1579,2026-05-14 16:00:00,short,0.50498,80.47,0.6,81888.4,511.662143,med_med_up,False,True,False,False,False,0.0,0.0,50.0,0.0,0.0,0.0,0.0,0.0,50.0,0.0,0.0,-1,0.0,G2_TRADEABLE,tradeable_sell=False,-1,0.0,0.0,
BTC/USDT,1580,2026-05-14 17:00:00,short,0.50009,78.84,0.6,81668.48,528.742857,med_med_up,False,True,False,False,False,0.0,0.0,50.0,0.0,0.0,0.0,0.0,0.0,50.0,0.0,0.0,-1,0.0,G2_TRADEABLE,tradeable_sell=False,-1,0.0,0.0,
BTC/USDT,1581,2026-05-14 18:00:00,long,0.50332,64.39,0.6,81581.99,529.915714,med_med_up,False,True,False,False,False,0.0,0.0,50.0,0.0,0.0,0.0,0.0,0.0,50.0,0.0,0.0,-1,0.0,G2_TRADEABLE,tradeable_buy=False,-1,0.0,0.0,
BTC/USDT,1582,2026-05-14 19:00:00,short,0.50725,79.97,0.6,81419.74,512.065714,med_med_up,False,True,False,False,False,0.0,0.0,50.0,0.0,0.0,0.0,0.0,0.0,50.0,0.0,0.0,-1,0.0,G2_TRADEABLE,tradeable_sell=False,-1,0.0,0.0,
BTC/USDT,1583,2026-05-14 20:00:00,short,0.5141,79.56,0.6,81412.04,529.19,med_med_up,False,True,False,False,False,0.0,0.0,50.0,0.0,0.0,0.0,0.0,0.0,50.0,0.0,0.0,-1,0.0,G2_TRADEABLE,tradeable_sell=False,-1,0.0,0.0,
BTC/USDT,1584,2026-05-14 21:00:00,short,0.52309,78.72,0.6,81396.61,530.772857,med_med_up,False,True,False,False,False,0.0,0.0,50.0,0.0,0.0,0.0,0.0,0.0,50.0,0.0,0.0,-1,0.0,G2_TRADEABLE,tradeable_sell=False,-1,0.0,0.0,
BTC/USDT,1585,2026-05-14 22:00:00,short,0.52487,78.23,0.6,81456.0,525.893571,med_med_up,False,True,False,False,False,0.0,0.0,50.0,0.0,0.0,0.0,0.0,0.0,50.0,0.0,0.0,-1,0.0,G2_TRADEABLE,tradeable_sell=False,-1,0.0,0.0,
BTC/USDT,1586,2026-05-14 23:00:00,short,0.50099,81.33,0.6,81089.99,530.171429,med_med_up,False,True,False,False,False,0.0,0.0,50.0,0.0,0.0,0.0,0.0,0.0,50.0,0.0,0.0,-1,0.0,G2_TRADEABLE,tradeable_sell=False,-1,0.0,0.0,
BTC/USDT,1587,2026-05-15 00:00:00,long,0.5342,62.01,0.6,81518.67,547.912143,med_med_up,False,True,False,False,False,0.0,0.0,50.0,0.0,0.0,0.0,0.0,0.0,50.0,0.0,0.0,-1,0.0,G2_TRADEABLE,tradeable_buy=False,-1,0.0,0.0,
BTC/USDT,1588,2026-05-15 01:00:00,short,0.50631,81.8,0.6,81131.01,557.95,med_med_up,False,True,False,False,False,0.0,0.0,50.0,0.0,0.0,0.0,0.0,0.0,50.0,0.0,0.0,-1,0.0,G2_TRADEABLE,tradeable_sell=False,-1,0.0,0.0,
BTC/USDT,1589,2026-05-15 02:00:00,short,0.52207,82.89,0.6,81299.14,561.899286,med_med_up,False,True,False,False,False,0.0,0.0,50.0,0.0,0.0,0.0,0.0,0.0,50.0,0.0,0.0,-1,0.0,G2_TRADEABLE,tradeable_sell=False,-1,0.0,0.0,
BTC/USDT,1590,2026-05-15 03:00:00,long,0.50648,67.18,0.6,81059.15,563.410714,med_med_up,False,True,False,False,False,0.0,0.0,50.0,0.0,0.0,0.0,0.0,0.0,50.0,0.0,0.0,-1,0.0,G2_TRADEABLE,tradeable_buy=False,-1,0.0,0.0,
BTC/USDT,1591,2026-05-15 04:00:00,short,0.50404,74.88,0.6,80724.71,487.155714,med_med_up,False,True,False,False,False,0.0,0.0,50.0,0.0,0.0,0.0,0.0,0.0,50.0,0.0,0.0,-1,0.0,G2_TRADEABLE,tradeable_sell=False,-1,0.0,0.0,
BTC/USDT,1592,2026-05-15 05:00:00,long,0.51076,86.25,0.6,80360.01,490.891429,med_med_up,False,True,False,False,False,0.0,0.0,50.0,0.0,0.0,0.0,0.0,0.0,50.0,0.0,0.0,-1,0.0,G2_TRADEABLE,tradeable_buy=False,-1,0.0,0.0,
BTC/USDT,1593,2026-05-15 06:00:00,long,0.50434,75.15,0.6,80580.0,455.627143,med_med_up,False,True,False,False,False,0.0,0.0,50.0,0.0,0.0,0.0,0.0,0.0,50.0,0.0,0.0,-1,0.0,G2_TRADEABLE,tradeable_buy=False,-1,0.0,0.0,
BTC/USDT,1594,2026-05-15 07:00:00,long,0.51263,76.56,0.6,80814.88,431.795714,med_med_up,False,True,False,False,False,0.0,0.0,50.0,0.0,0.0,0.0,0.0,0.0,50.0,0.0,0.0,-1,0.0,G2_TRADEABLE,tradeable_buy=False,-1,0.0,0.0,
BTC/USDT,1595,2026-05-15 08:00:00,long,0.50931,72.6,0.6,80638.0,424.534286,med_med_up,False,True,False,False,False,0.0,0.0,50.0,0.0,0.0,0.0,0.0,0.0,50.0,0.0,0.0,-1,0.0,G2_TRADEABLE,tradeable_buy=False,-1,0.0,0.0,
BTC/USDT,1596,2026-05-15 09:00:00,short,0.5027,76.36,0.6,80489.8,418.312857,med_low_up,False,True,False,False,False,0.0,0.0,50.0,0.0,0.0,0.0,0.0,0.0,50.0,0.0,0.0,-1,0.0,G2_TRADEABLE,tradeable_sell=False,-1,0.0,0.0,
BTC/USDT,1597,2026-05-15 10:00:00,long,0.5229,73.49,0.6,80716.23,414.367143,med_low_up,False,True,False,False,False,0.0,0.0,50.0,0.0,0.0,0.0,0.0,0.0,50.0,0.0,0.0,-1,0.0,G2_TRADEABLE,tradeable_buy=False,-1,0.0,0.0,
BTC/USDT,1598,2026-05-15 11:00:00,long,0.50752,70.32,0.6,80628.53,407.422857,med_low_up,False,True,False,False,False,0.0,0.0,50.0,0.0,0.0,0.0,0.0,0.0,50.0,0.0,0.0,-1,0.0,G2_TRADEABLE,tradeable_buy=False,-1,0.0,0.0,
BTC/USDT,1599,2026-05-15 12:00:00,long,0.51655,81.12,0.6,80385.11,412.45,med_low_up,False,True,False,False,False,0.0,0.0,50.0,0.0,0.0,0.0,0.0,0.0,50.0,0.0,0.0,-1,0.0,G2_TRADEABLE,tradeable_buy=False,-1,0.0,0.0,
BTC/USDT,1600,2026-05-15 13:00:00,long,0.54348,100.0,0.6,78758.59,504.617857,high_med_down,False,True,False,False,False,0.0,0.0,50.0,0.0,0.0,0.0,0.0,0.0,50.0,0.0,0.0,-1,0.0,G2_TRADEABLE,tradeable_buy=False,-1,0.0,0.0,
BTC/USDT,1601,2026-05-15 14:00:00,long,0.51003,100.0,0.6,79150.37,511.645714,high_med_down,False,True,False,False,False,0.0,0.0,50.0,0.0,0.0,0.0,0.0,0.0,50.0,0.0,0.0,-1,0.0,G2_TRADEABLE,tradeable_buy=False,-1,0.0,0.0,
BTC/USDT,1602,2026-05-15 15:00:00,long,0.54601,80.83,0.6,79150.27,500.861429,med_med_down,False,True,False,False,False,0.0,0.0,50.0,0.0,0.0,0.0,0.0,0.0,50.0,0.0,0.0,-1,0.0,G2_TRADEABLE,tradeable_buy=False,-1,0.0,0.0,
BTC/USDT,1603,2026-05-15 16:00:00,long,0.53118,80.7,0.6,79294.31,475.953571,med_med_down,False,True,False,False,False,0.0,0.0,50.0,0.0,0.0,0.0,0.0,0.0,50.0,0.0,0.0,-1,0.0,G2_TRADEABLE,tradeable_buy=False,-1,0.0,0.0,
BTC/USDT,1604,2026-05-15 17:00:00,short,0.50456,70.52,0.6,79460.0,466.727857,med_med_down,False,True,False,False,False,0.0,0.0,50.0,0.0,0.0,0.0,0.0,0.0,50.0,0.0,0.0,-1,0.0,G2_TRADEABLE,tradeable_sell=False,-1,0.0,0.0,
BTC/USDT,1605,2026-05-15 18:00:00,long,0.50834,79.51,0.6,79284.0,466.767857,med_med_down,False,True,False,False,False,0.0,0.0,50.0,0.0,0.0,0.0,0.0,0.0,50.0,0.0,0.0,-1,0.0,G2_TRADEABLE,tradeable_buy=False,-1,0.0,0.0,
BTC/USDT,1606,2026-05-15 19:00:00,long,0.52127,78.88,0.6,79146.5,443.235714,med_med_down,False,True,False,False,False,0.0,0.0,50.0,0.0,0.0,0.0,0.0,0.0,50.0,0.0,0.0,-1,0.0,G2_TRADEABLE,tradeable_buy=False,-1,0.0,0.0,
BTC/USDT,1607,2026-05-15 20:00:00,long,0.52557,78.15,0.6,79123.12,435.134286,med_med_down,False,True,False,False,False,0.0,0.0,50.0,0.0,0.0,0.0,0.0,0.0,50.0,0.0,0.0,-1,0.0,G2_TRADEABLE,tradeable_buy=False,-1,0.0,0.0,
BTC/USDT,1608,2026-05-15 21:00:00,long,0.52664,80.93,0.6,78973.5,424.069286,med_med_down,False,True,False,False,False,0.0,0.0,50.0,0.0,0.0,0.0,0.0,0.0,50.0,0.0,0.0,-1,0.0,G2_TRADEABLE,tradeable_buy=False,-1,0.0,0.0,
BTC/USDT,1609,2026-05-15 22:00:00,long,0.53311,79.85,0.6,79107.38,407.272143,med_low_down,False,True,False,False,False,0.0,0.0,50.0,0.0,0.0,0.0,0.0,0.0,50.0,0.0,0.0,-1,0.0,G2_TRADEABLE,tradeable_buy=False,-1,0.0,0.0,
BTC/USDT,1610,2026-05-15 23:00:00,long,0.5416,82.34,0.6,79113.21,391.728571,med_low_down,False,True,False,False,False,0.0,0.0,50.0,0.0,0.0,0.0,0.0,0.0,50.0,0.0,0.0,-1,0.0,G2_TRADEABLE,tradeable_buy=False,-1,0.0,0.0,
BTC/USDT,1611,2026-05-16 00:00:00,long,0.54011,78.75,0.6,79111.92,376.296429,med_low_down,False,True,False,False,False,0.0,0.0,50.0,0.0,0.0,0.0,0.0,0.0,50.0,0.0,0.0,-1,0.0,G2_TRADEABLE,tradeable_buy=False,-1,0.0,0.0,
BTC/USDT,1612,2026-05-16 01:00:00,long,0.50643,79.46,0.6,79168.0,377.408571,med_low_down,False,True,False,False,False,0.0,0.0,50.0,0.0,0.0,0.0,0.0,0.0,50.0,0.0,0.0,-1,0.0,G2_TRADEABLE,tradeable_buy=False,-1,0.0,0.0,
BTC/USDT,1613,2026-05-16 02:00:00,long,0.54768,80.32,0.6,79155.54,365.77,med_low_down,False,True,False,False,False,0.0,0.0,50.0,0.0,0.0,0.0,0.0,0.0,50.0,0.0,0.0,-1,0.0,G2_TRADEABLE,tradeable_buy=False,-1,0.0,0.0,
BTC/USDT,1614,2026-05-16 03:00:00,long,0.52094,80.42,0.6,79083.18,254.45,med_low_down,False,True,False,False,False,0.0,0.0,50.0,0.0,0.0,0.0,0.0,0.0,50.0,0.0,0.0,-1,0.0,G2_TRADEABLE,tradeable_buy=False,-1,0.0,0.0,
BTC/USDT,1615,2026-05-16 04:00:00,long,0.53769,80.1,0.6,79035.26,224.120714,med_low_down,False,True,False,False,False,0.0,0.0,50.0,0.0,0.0,0.0,0.0,0.0,50.0,0.0,0.0,-1,0.0,G2_TRADEABLE,tradeable_buy=False,-1,0.0,0.0,
BTC/USDT,1616,2026-05-16 05:00:00,long,0.54077,78.56,0.6,79027.37,206.285714,med_low_down,False,True,False,False,False,0.0,0.0,50.0,0.0,0.0,0.0,0.0,0.0,50.0,0.0,0.0,-1,0.0,G2_TRADEABLE,tradeable_buy=False,-1,0.0,0.0,
BTC/USDT,1617,2026-05-16 06:00:00,long,0.55052,80.43,0.6,78648.0,230.341429,low_low_down,True,True,False,False,False,0.0,0.0,50.0,0.0,0.0,0.0,0.0,0.0,50.0,0.0,0.0,-1,0.0,G2_TRADEABLE,tradeable_buy=False,-1,0.0,0.0,
BTC/USDT,1618,2026-05-16 07:00:00,long,0.5463,84.5,0.6,78369.77,252.112857,med_low_down,False,True,False,False,False,0.0,0.0,50.0,0.0,0.0,0.0,0.0,0.0,50.0,0.0,0.0,-1,0.0,G2_TRADEABLE,tradeable_buy=False,-1,0.0,0.0,
BTC/USDT,1619,2026-05-16 08:00:00,long,0.52338,78.59,0.6,78426.56,238.172857,med_low_down,False,True,False,False,False,0.0,0.0,50.0,0.0,0.0,0.0,0.0,0.0,50.0,0.0,0.0,-1,0.0,G2_TRADEABLE,tradeable_buy=False,-1,0.0,0.0,
BTC/USDT,1620,2026-05-16 09:00:00,long,0.51578,86.23,0.6,78083.48,259.295,med_low_down,False,True,False,False,False,0.0,0.0,50.0,0.0,0.0,0.0,0.0,0.0,50.0,0.0,0.0,-1,0.0,G2_TRADEABLE,tradeable_buy=False,-1,0.0,0.0,
BTC/USDT,1621,2026-05-16 10:00:00,long,0.51444,100.0,0.6,77960.0,276.749286,med_low_down,False,True,False,False,False,0.0,0.0,50.0,0.0,0.0,0.0,0.0,0.0,50.0,0.0,0.0,-1,0.0,G2_TRADEABLE,tradeable_buy=False,-1,0.0,0.0,
BTC/USDT,1622,2026-05-16 11:00:00,long,0.5199,81.85,0.6,78081.71,272.842857,med_low_down,False,True,False,False,False,0.0,0.0,50.0,0.0,0.0,0.0,0.0,0.0,50.0,0.0,0.0,-1,0.0,G2_TRADEABLE,tradeable_buy=False,-1,0.0,0.0,
BTC/USDT,1623,2026-05-16 12:00:00,long,0.54863,83.55,0.6,78007.23,275.900714,med_low_down,False,True,False,False,False,0.0,0.0,50.0,0.0,0.0,0.0,0.0,0.0,50.0,0.0,0.0,-1,0.0,G2_TRADEABLE,tradeable_buy=False,-1,0.0,0.0,
BTC/USDT,1624,2026-05-16 13:00:00,long,0.51753,85.01,0.6,78014.6,282.850714,med_low_flat,False,True,False,False,False,0.0,0.0,50.0,0.0,0.0,0.0,0.0,0.0,50.0,0.0,0.0,-1,0.0,G2_TRADEABLE,tradeable_buy=False,-1,0.0,0.0,
BTC/USDT,1625,2026-05-16 14:00:00,long,0.51566,84.22,0.6,78130.55,304.145,low_low_down,True,True,False,False,False,0.0,0.0,50.0,0.0,0.0,0.0,0.0,0.0,50.0,0.0,0.0,-1,0.0,G2_TRADEABLE,tradeable_buy=False,-1,0.0,0.0,
BTC/USDT,1626,2026-05-16 15:00:00,short,0.51199,56.8,0.6,78238.67,306.34,low_low_down,True,True,False,False,False,0.0,0.0,50.0,0.0,0.0,0.0,0.0,0.0,50.0,0.0,0.0,-1,0.0,G2_TRADEABLE,tradeable_sell=False,-1,0.0,0.0,
BTC/USDT,1627,2026-05-16 16:00:00,short,0.51219,57.2,0.6,78205.96,314.43,low_low_down,True,True,False,False,False,0.0,0.0,50.0,0.0,0.0,0.0,0.0,0.0,50.0,0.0,0.0,-1,0.0,G2_TRADEABLE,tradeable_sell=False,-1,0.0,0.0,
BTC/USDT,1628,2026-05-16 17:00:00,short,0.52952,58.29,0.6,78201.5,313.963571,low_low_down,True,True,False,False,False,0.0,0.0,50.0,0.0,0.0,0.0,0.0,0.0,50.0,0.0,0.0,-1,0.0,G2_TRADEABLE,tradeable_sell=False,-1,0.0,0.0,
BTC/USDT,1629,2026-05-16 18:00:00,short,0.53777,56.94,0.6,78229.81,307.895714,low_low_down,True,True,False,False,False,0.0,0.0,50.0,0.0,0.0,0.0,0.0,0.0,50.0,0.0,0.0,-1,0.0,G2_TRADEABLE,tradeable_sell=False,-1,0.0,0.0,
BTC/USDT,1630,2026-05-16 19:00:00,short,0.54708,66.95,0.6,78259.66,308.225,low_low_down,True,True,False,False,False,0.0,0.0,50.0,0.0,0.0,0.0,0.0,0.0,50.0,0.0,0.0,-1,0.0,G2_TRADEABLE,tradeable_sell=False,-1,0.0,0.0,
BTC/USDT,1631,2026-05-16 20:00:00,short,0.53437,74.29,0.6,78261.0,274.614286,low_low_down,True,True,False,False,False,0.0,0.0,50.0,0.0,0.0,0.0,0.0,0.0,50.0,0.0,0.0,-1,0.0,G2_TRADEABLE,tradeable_sell=False,-1,0.0,0.0,
BTC/USDT,1632,2026-05-16 21:00:00,short,0.52385,73.29,0.6,78265.73,240.032143,low_low_flat,False,False,False,False,False,0.0,0.0,50.0,0.0,0.0,0.0,0.0,0.0,50.0,0.0,0.0,-1,0.0,G2_TRADEABLE,tradeable_sell=False,-1,0.0,0.0,
BTC/USDT,1633,2026-05-16 22:00:00,short,0.51062,73.87,0.6,78186.25,233.742857,low_low_down,True,True,False,False,False,0.0,0.0,50.0,0.0,0.0,0.0,0.0,0.0,50.0,0.0,0.0,-1,0.0,G2_TRADEABLE,tradeable_sell=False,-1,0.0,0.0,
BTC/USDT,1634,2026-05-16 23:00:00,short,0.51933,73.82,0.6,78148.05,205.702143,low_low_down,True,True,False,False,False,0.0,0.0,50.0,0.0,0.0,0.0,0.0,0.0,50.0,0.0,0.0,-1,0.0,G2_TRADEABLE,tradeable_sell=False,-1,0.0,0.0,
BTC/USDT,1635,2026-05-17 00:00:00,short,0.51505,66.63,0.6,77945.85,203.542143,low_low_down,True,True,False,False,False,0.0,0.0,50.0,0.0,0.0,0.0,0.0,0.0,50.0,0.0,0.0,-1,0.0,G2_TRADEABLE,tradeable_sell=False,-1,0.0,0.0,
BTC/USDT,1636,2026-05-17 01:00:00,short,0.50938,71.94,0.6,77725.71,214.893571,low_low_down,True,True,False,False,False,0.0,0.0,50.0,0.0,0.0,0.0,0.0,0.0,50.0,0.0,0.0,-1,0.0,G2_TRADEABLE,tradeable_sell=False,-1,0.0,0.0,
BTC/USDT,1637,2026-05-17 02:00:00,short,0.52226,67.09,0.6,77895.51,214.717143,low_low_down,True,True,False,False,False,0.0,0.0,50.0,0.0,0.0,0.0,0.0,0.0,50.0,0.0,0.0,-1,0.0,G2_TRADEABLE,tradeable_sell=False,-1,0.0,0.0,
BTC/USDT,1638,2026-05-17 03:00:00,short,0.52882,75.35,0.6,78028.88,215.438571,low_low_down,True,True,False,False,False,0.0,0.0,50.0,0.0,0.0,0.0,0.0,0.0,50.0,0.0,0.0,-1,0.0,G2_TRADEABLE,tradeable_sell=False,-1,0.0,0.0,
BTC/USDT,1639,2026-05-17 04:00:00,short,0.52165,75.02,0.6,78158.09,197.565714,low_low_down,True,True,False,False,False,0.0,0.0,50.0,0.0,0.0,0.0,0.0,0.0,50.0,0.0,0.0,-1,0.0,G2_TRADEABLE,tradeable_sell=False,-1,0.0,0.0,
BTC/USDT,1640,2026-05-17 05:00:00,short,0.5381,75.64,0.6,78121.41,198.62,low_low_down,True,True,False,False,False,0.0,0.0,50.0,0.0,0.0,0.0,0.0,0.0,50.0,0.0,0.0,-1,0.0,G2_TRADEABLE,tradeable_sell=False,-1,0.0,0.0,
BTC/USDT,1641,2026-05-17 06:00:00,short,0.53408,73.7,0.6,78104.8,194.482857,low_low_flat,False,False,False,False,False,0.0,0.0,50.0,0.0,0.0,0.0,0.0,0.0,50.0,0.0,0.0,-1,0.0,G2_TRADEABLE,tradeable_sell=False,-1,0.0,0.0,
BTC/USDT,1642,2026-05-17 07:00:00,short,0.52697,51.78,0.6,78180.01,196.875,low_low_flat,False,False,False,False,False,0.0,0.0,50.0,0.0,0.0,0.0,0.0,0.0,50.0,0.0,0.0,-1,0.0,G2_TRADEABLE,tradeable_sell=False,-1,0.0,0.0,
BTC/USDT,1643,2026-05-17 08:00:00,short,0.52851,52.18,0.6,78089.8,195.670714,low_low_flat,False,False,False,False,False,0.0,0.0,50.0,0.0,0.0,0.0,0.0,0.0,50.0,0.0,0.0,-1,0.0,G2_TRADEABLE,tradeable_sell=False,-1,0.0,0.0,
BTC/USDT,1644,2026-05-17 09:00:00,short,0.52413,53.18,0.6,78249.33,203.526429,low_low_flat,False,False,False,False,False,0.0,0.0,50.0,0.0,0.0,0.0,0.0,0.0,50.0,0.0,0.0,-1,0.0,G2_TRADEABLE,tradeable_sell=False,-1,0.0,0.0,
BTC/USDT,1645,2026-05-17 10:00:00,short,0.52315,72.93,0.6,78465.99,220.200714,low_low_up,True,True,False,False,False,0.0,0.0,50.0,0.0,0.0,0.0,0.0,0.0,50.0,0.0,0.0,-1,0.0,G2_TRADEABLE,tradeable_sell=False,-1,0.0,0.0,
BTC/USDT,1646,2026-05-17 11:00:00,short,0.53018,54.05,0.6,78415.99,226.153571,low_low_flat,False,False,False,False,False,0.0,0.0,50.0,0.0,0.0,0.0,0.0,0.0,50.0,0.0,0.0,-1,0.0,G2_TRADEABLE,tradeable_sell=False,-1,0.0,0.0,
BTC/USDT,1647,2026-05-17 12:00:00,short,0.53567,54.02,0.6,78364.83,233.863571,low_low_flat,False,False,False,False,False,0.0,0.0,50.0,0.0,0.0,0.0,0.0,0.0,50.0,0.0,0.0,-1,0.0,G2_TRADEABLE,tradeable_sell=False,-1,0.0,0.0,
BTC/USDT,1648,2026-05-17 13:00:00,short,0.5207,55.32,0.6,78202.91,237.402143,low_low_flat,False,False,False,False,False,0.0,0.0,50.0,0.0,0.0,0.0,0.0,0.0,50.0,0.0,0.0,-1,0.0,G2_TRADEABLE,tradeable_sell=False,-1,0.0,0.0,
BTC/USDT,1649,2026-05-17 14:00:00,short,0.51632,64.26,0.6,78051.51,232.840714,low_low_flat,False,False,False,False,False,0.0,0.0,50.0,0.0,0.0,0.0,0.0,0.0,50.0,0.0,0.0,-1,0.0,G2_TRADEABLE,tradeable_sell=False,-1,0.0,0.0,
BTC/USDT,1650,2026-05-17 15:00:00,short,0.51193,56.22,0.6,78051.41,218.972857,low_low_flat,False,False,False,False,False,0.0,0.0,50.0,0.0,0.0,0.0,0.0,0.0,50.0,0.0,0.0,-1,0.0,G2_TRADEABLE,tradeable_sell=False,-1,0.0,0.0,
BTC/USDT,1651,2026-05-17 16:00:00,short,0.51879,54.55,0.6,78034.36,215.84,low_low_flat,False,False,False,False,False,0.0,0.0,50.0,0.0,0.0,0.0,0.0,0.0,50.0,0.0,0.0,-1,0.0,G2_TRADEABLE,tradeable_sell=False,-1,0.0,0.0,
BTC/USDT,1652,2026-05-17 17:00:00,short,0.52061,60.38,0.6,78089.98,219.015,low_low_flat,False,False,False,False,False,0.0,0.0,50.0,0.0,0.0,0.0,0.0,0.0,50.0,0.0,0.0,-1,0.0,G2_TRADEABLE,tradeable_sell=False,-1,0.0,0.0,
BTC/USDT,1653,2026-05-17 18:00:00,short,0.52131,50.47,0.6,78268.05,223.063571,low_low_flat,False,False,False,False,False,0.0,0.0,50.0,0.0,0.0,0.0,0.0,0.0,50.0,0.0,0.0,-1,0.0,G2_TRADEABLE,tradeable_sell=False,-1,0.0,0.0,
BTC/USDT,1654,2026-05-17 19:00:00,short,0.52107,50.6,0.6,78415.3,225.703571,low_low_flat,False,False,False,False,False,0.0,0.0,50.0,0.0,0.0,0.0,0.0,0.0,50.0,0.0,0.0,-1,0.0,G2_TRADEABLE,tradeable_sell=False,-1,0.0,0.0,
BTC/USDT,1655,2026-05-17 20:00:00,short,0.52075,51.64,0.6,78277.36,225.668571,low_low_flat,False,False,False,False,False,0.0,0.0,50.0,0.0,0.0,0.0,0.0,0.0,50.0,0.0,0.0,-1,0.0,G2_TRADEABLE,tradeable_sell=False,-1,0.0,0.0,
BTC/USDT,1656,2026-05-17 21:00:00,short,0.53062,54.69,0.6,78405.72,231.88,low_low_flat,False,False,False,False,False,0.0,0.0,50.0,0.0,0.0,0.0,0.0,0.0,50.0,0.0,0.0,-1,0.0,G2_TRADEABLE,tradeable_sell=False,-1,0.0,0.0,
BTC/USDT,1657,2026-05-17 22:00:00,short,0.5262,80.57,0.6,77997.24,261.612857,low_low_flat,False,False,False,False,False,0.0,0.0,50.0,0.0,0.0,0.0,0.0,0.0,50.0,0.0,0.0,-1,0.0,G2_TRADEABLE,tradeable_sell=False,-1,0.0,0.0,
BTC/USDT,1658,2026-05-17 23:00:00,short,0.51272,84.53,0.6,77457.67,336.796429,low_low_flat,False,False,False,False,False,0.0,0.0,50.0,0.0,0.0,0.0,0.0,0.0,50.0,0.0,0.0,-1,0.0,G2_TRADEABLE,tradeable_sell=False,-1,0.0,0.0,
BTC/USDT,1659,2026-05-18 00:00:00,short,0.50725,61.02,0.6,77209.95,351.827143,low_low_flat,False,False,False,False,False,0.0,0.0,50.0,0.0,0.0,0.0,0.0,0.0,50.0,0.0,0.0,-1,0.0,G2_TRADEABLE,tradeable_sell=False,-1,0.0,0.0,
BTC/USDT,1660,2026-05-18 01:00:00,short,0.50133,47.33,0.6,77109.22,377.667857,low_low_flat,False,False,False,False,False,0.0,0.0,50.0,0.0,0.0,0.0,0.0,0.0,50.0,0.0,0.0,-1,0.0,G2_TRADEABLE,tradeable_sell=False,-1,0.0,0.0,
BTC/USDT,1661,2026-05-18 02:00:00,long,0.50422,61.74,0.6,76835.41,398.969286,low_low_down,True,True,False,False,False,0.0,0.0,50.0,0.0,0.0,0.0,0.0,0.0,50.0,0.0,0.0,-1,0.0,G2_TRADEABLE,tradeable_buy=False,-1,0.0,0.0,
BTC/USDT,1662,2026-05-18 03:00:00,long,0.50031,82.08,0.6,76924.65,400.512143,low_low_down,True,True,False,False,False,0.0,0.0,50.0,0.0,0.0,0.0,0.0,0.0,50.0,0.0,0.0,-1,0.0,G2_TRADEABLE,tradeable_buy=False,-1,0.0,0.0,
BTC/USDT,1663,2026-05-18 04:00:00,long,0.50991,80.73,0.6,77038.49,395.542857,low_low_down,True,True,False,False,False,0.0,0.0,50.0,0.0,0.0,0.0,0.0,0.0,50.0,0.0,0.0,-1,0.0,G2_TRADEABLE,tradeable_buy=False,-1,0.0,0.0,
BTC/USDT,1664,2026-05-18 05:00:00,short,0.50605,64.38,0.6,76931.4,395.395714,low_low_down,True,True,False,False,False,0.0,0.0,50.0,0.0,0.0,0.0,0.0,0.0,50.0,0.0,0.0,-1,0.0,G2_TRADEABLE,tradeable_sell=False,-1,0.0,0.0,
BTC/USDT,1665,2026-05-18 06:00:00,long,0.50567,83.11,0.6,76912.52,410.827143,low_med_down,False,True,False,False,False,0.0,0.0,50.0,0.0,0.0,0.0,0.0,0.0,50.0,0.0,0.0,-1,0.0,G2_TRADEABLE,tradeable_buy=False,-1,0.0,0.0,
BTC/USDT,1666,2026-05-18 07:00:00,long,0.50258,89.43,0.6,77073.69,416.685,low_med_down,False,True,False,False,False,0.0,0.0,50.0,0.0,0.0,0.0,0.0,0.0,50.0,0.0,0.0,-1,0.0,G2_TRADEABLE,tradeable_buy=False,-1,0.0,0.0,
BTC/USDT,1667,2026-05-18 08:00:00,long,0.50748,82.23,0.6,77040.42,419.133571,low_med_down,False,True,False,False,False,0.0,0.0,50.0,0.0,0.0,0.0,0.0,0.0,50.0,0.0,0.0,-1,0.0,G2_TRADEABLE,tradeable_buy=False,-1,0.0,0.0,
BTC/USDT,1668,2026-05-18 09:00:00,long,0.50569,79.84,0.6,76933.16,412.881429,low_med_down,False,True,False,False,False,0.0,0.0,50.0,0.0,0.0,0.0,0.0,0.0,50.0,0.0,0.0,-1,0.0,G2_TRADEABLE,tradeable_buy=False,-1,0.0,0.0,
BTC/USDT,1669,2026-05-18 10:00:00,long,0.518,80.49,0.6,76764.74,416.727143,low_med_down,False,True,False,False,False,0.0,0.0,50.0,0.0,0.0,0.0,0.0,0.0,50.0,0.0,0.0,-1,0.0,G2_TRADEABLE,tradeable_buy=False,-1,0.0,0.0,
BTC/USDT,1670,2026-05-18 11:00:00,short,0.53224,71.94,0.6,77285.83,451.944286,low_med_down,False,True,False,False,False,0.0,0.0,50.0,0.0,0.0,0.0,0.0,0.0,50.0,0.0,0.0,-1,0.0,G2_TRADEABLE,tradeable_sell=False,-1,0.0,0.0,
BTC/USDT,1671,2026-05-18 12:00:00,short,0.55744,83.35,0.6,77639.98,447.65,low_med_flat,False,False,False,False,False,0.0,0.0,50.0,0.0,0.0,0.0,0.0,0.0,50.0,0.0,0.0,-1,0.0,G2_TRADEABLE,tradeable_sell=False,-1,0.0,0.0,
BTC/USDT,1672,2026-05-18 13:00:00,short,0.50697,76.04,0.6,76937.7,424.197143,low_med_down,False,True,False,False,False,0.0,0.0,50.0,0.0,0.0,0.0,0.0,0.0,50.0,0.0,0.0,-1,0.0,G2_TRADEABLE,tradeable_sell=False,-1,0.0,0.0,
BTC/USDT,1673,2026-05-18 14:00:00,long,0.51953,100.0,0.6,76393.65,435.828571,med_med_down,False,True,False,False,False,0.0,0.0,50.0,0.0,0.0,0.0,0.0,0.0,50.0,0.0,0.0,-1,0.0,G2_TRADEABLE,tradeable_buy=False,-1,0.0,0.0,
BTC/USDT,1674,2026-05-18 15:00:00,long,0.51823,100.0,0.6,76409.46,427.807143,med_med_down,False,True,False,False,False,0.0,0.0,50.0,0.0,0.0,0.0,0.0,0.0,50.0,0.0,0.0,-1,0.0,G2_TRADEABLE,tradeable_buy=False,-1,0.0,0.0,
BTC/USDT,1675,2026-05-18 16:00:00,long,0.52147,85.77,0.6,76410.01,423.04,med_med_down,False,True,False,False,False,0.0,0.0,50.0,0.0,0.0,0.0,0.0,0.0,50.0,0.0,0.0,-1,0.0,G2_TRADEABLE,tradeable_buy=False,-1,0.0,0.0,
BTC/USDT,1676,2026-05-18 17:00:00,long,0.53868,80.06,0.6,76706.39,435.74,med_med_down,False,True,False,False,False,0.0,0.0,50.0,0.0,0.0,0.0,0.0,0.0,50.0,0.0,0.0,-1,0.0,G2_TRADEABLE,tradeable_buy=False,-1,0.0,0.0,
BTC/USDT,1677,2026-05-18 18:00:00,long,0.54884,81.34,0.6,76252.5,454.625,med_med_down,False,True,False,False,False,0.0,0.0,50.0,0.0,0.0,0.0,0.0,0.0,50.0,0.0,0.0,-1,0.0,G2_TRADEABLE,tradeable_buy=False,-1,0.0,0.0,
BTC/USDT,1678,2026-05-18 19:00:00,long,0.50655,84.41,0.6,76928.0,494.867857,med_med_down,False,True,False,False,False,0.0,0.0,50.0,0.0,0.0,0.0,0.0,0.0,50.0,0.0,0.0,-1,0.0,G2_TRADEABLE,tradeable_buy=False,-1,0.0,0.0,
BTC/USDT,1679,2026-05-18 20:00:00,long,0.50857,80.83,0.6,76909.92,489.363571,med_med_down,False,True,False,False,False,0.0,0.0,50.0,0.0,0.0,0.0,0.0,0.0,50.0,0.0,0.0,-1,0.0,G2_TRADEABLE,tradeable_buy=False,-1,0.0,0.0,
BTC/USDT,1680,2026-05-18 21:00:00,short,0.50905,64.23,0.6,77103.05,493.397143,med_med_down,False,True,False,False,False,0.0,0.0,50.0,0.0,0.0,0.0,0.0,0.0,50.0,0.0,0.0,-1,0.0,G2_TRADEABLE,tradeable_sell=False,-1,0.0,0.0,
BTC/USDT,1681,2026-05-18 22:00:00,long,0.50709,83.74,0.6,77078.22,492.972857,med_med_down,False,True,False,False,False,0.0,0.0,50.0,0.0,0.0,0.0,0.0,0.0,50.0,0.0,0.0,-1,0.0,G2_TRADEABLE,tradeable_buy=False,-1,0.0,0.0,
BTC/USDT,1682,2026-05-18 23:00:00,short,0.50035,52.95,0.6,77001.87,495.902857,med_med_flat,True,True,False,False,False,0.0,0.0,50.0,0.0,0.0,0.0,0.0,0.0,50.0,0.0,0.0,-1,0.0,G2_TRADEABLE,tradeable_sell=False,-1,0.0,0.0,
BTC/USDT,1683,2026-05-19 00:00:00,long,0.5009,57.32,0.6,77140.87,511.493571,med_med_flat,True,True,False,False,False,0.0,0.0,50.0,0.0,0.0,0.0,0.0,0.0,50.0,0.0,0.0,-1,0.0,G2_TRADEABLE,tradeable_buy=False,-1,0.0,0.0,
BTC/USDT,1684,2026-05-19 01:00:00,long,0.52461,55.31,0.6,76667.01,493.943571,med_med_flat,True,True,False,False,False,0.0,0.0,50.0,0.0,0.0,0.0,0.0,0.0,50.0,0.0,0.0,-1,0.0,G2_TRADEABLE,tradeable_buy=False,-1,0.0,0.0,
BTC/USDT,1685,2026-05-19 02:00:00,long,0.51663,61.38,0.6,76617.47,492.905,med_med_flat,True,True,False,False,False,0.0,0.0,50.0,0.0,0.0,0.0,0.0,0.0,50.0,0.0,0.0,-1,0.0,G2_TRADEABLE,tradeable_buy=False,-1,0.0,0.0,
BTC/USDT,1686,2026-05-19 03:00:00,long,0.51203,50.3,0.6,76787.11,445.507857,med_med_flat,True,True,False,False,False,0.0,0.0,50.0,0.0,0.0,0.0,0.0,0.0,50.0,0.0,0.0,-1,0.0,G2_TRADEABLE,tradeable_buy=False,-1,0.0,0.0,
BTC/USDT,1687,2026-05-19 04:00:00,long,0.5057,53.94,0.6,76927.25,411.187857,med_med_flat,True,True,False,False,False,0.0,0.0,50.0,0.0,0.0,0.0,0.0,0.0,50.0,0.0,0.0,-1,0.0,G2_TRADEABLE,tradeable_buy=False,-1,0.0,0.0,
BTC/USDT,1688,2026-05-19 05:00:00,short,0.50164,53.85,0.6,76911.24,405.525714,med_med_flat,True,True,False,False,False,0.0,0.0,50.0,0.0,0.0,0.0,0.0,0.0,50.0,0.0,0.0,-1,0.0,G2_TRADEABLE,tradeable_sell=False,-1,0.0,0.0,
BTC/USDT,1689,2026-05-19 06:00:00,short,0.52481,50.88,0.6,77029.4,389.445,med_low_flat,False,True,False,False,False,0.0,0.0,50.0,0.0,0.0,0.0,0.0,0.0,50.0,0.0,0.0,-1,0.0,G2_TRADEABLE,tradeable_sell=False,-1,0.0,0.0,
BTC/USDT,1690,2026-05-19 07:00:00,short,0.5295,62.91,0.6,77233.69,383.214286,med_low_flat,False,True,False,False,False,0.0,0.0,50.0,0.0,0.0,0.0,0.0,0.0,50.0,0.0,0.0,-1,0.0,G2_TRADEABLE,tradeable_sell=False,-1,0.0,0.0,
BTC/USDT,1691,2026-05-19 08:00:00,short,0.50294,53.55,0.6,77048.71,367.636429,med_low_flat,False,True,False,False,False,0.0,0.0,50.0,0.0,0.0,0.0,0.0,0.0,50.0,0.0,0.0,-1,0.0,G2_TRADEABLE,tradeable_sell=False,-1,0.0,0.0,
BTC/USDT,1692,2026-05-19 09:00:00,long,0.50976,52.65,0.6,76818.8,339.405,med_low_flat,False,True,False,False,False,0.0,0.0,50.0,0.0,0.0,0.0,0.0,0.0,50.0,0.0,0.0,-1,0.0,G2_TRADEABLE,tradeable_buy=False,-1,0.0,0.0,
BTC/USDT,1693,2026-05-19 10:00:00,short,0.51445,53.4,0.6,77041.87,346.016429,med_low_flat,False,True,False,False,False,0.0,0.0,50.0,0.0,0.0,0.0,0.0,0.0,50.0,0.0,0.0,-1,0.0,G2_TRADEABLE,tradeable_sell=False,-1,0.0,0.0,
BTC/USDT,1694,2026-05-19 11:00:00,long,0.50937,51.39,0.6,76714.62,350.907143,med_low_flat,False,True,False,False,False,0.0,0.0,50.0,0.0,0.0,0.0,0.0,0.0,50.0,0.0,0.0,-1,0.0,G2_TRADEABLE,tradeable_buy=False,-1,0.0,0.0,
BTC/USDT,1695,2026-05-19 12:00:00,short,0.51372,51.63,0.6,76940.21,354.280714,med_low_flat,False,True,False,False,False,0.0,0.0,50.0,0.0,0.0,0.0,0.0,0.0,50.0,0.0,0.0,-1,0.0,G2_TRADEABLE,tradeable_sell=False,-1,0.0,0.0,
BTC/USDT,1696,2026-05-19 13:00:00,short,0.51223,78.95,0.6,76872.75,371.475714,med_low_flat,False,True,False,False,False,0.0,0.0,50.0,0.0,0.0,0.0,0.0,0.0,50.0,0.0,0.0,-1,0.0,G2_TRADEABLE,tradeable_sell=False,-1,0.0,0.0,
BTC/USDT,1697,2026-05-19 14:00:00,long,0.50381,71.58,0.6,76392.43,401.505,low_med_flat,False,False,False,False,False,0.0,0.0,50.0,0.0,0.0,0.0,0.0,0.0,50.0,0.0,0.0,-1,0.0,G2_TRADEABLE,tradeable_buy=False,-1,0.0,0.0,
BTC/USDT,1698,2026-05-19 15:00:00,long,0.50497,56.03,0.6,76521.23,390.69,low_low_flat,False,False,False,False,False,0.0,0.0,50.0,0.0,0.0,0.0,0.0,0.0,50.0,0.0,0.0,-1,0.0,G2_TRADEABLE,tradeable_buy=False,-1,0.0,0.0,
BTC/USDT,1699,2026-05-19 16:00:00,long,0.52613,57.12,0.6,76894.59,390.245714,low_low_up,True,True,False,False,False,0.0,0.0,50.0,0.0,0.0,0.0,0.0,0.0,50.0,0.0,0.0,-1,0.0,G2_TRADEABLE,tradeable_buy=False,-1,0.0,0.0,
BTC/USDT,1700,2026-05-19 17:00:00,long,0.50385,53.38,0.6,76856.76,388.452857,low_low_flat,False,False,False,False,False,0.0,0.0,50.0,0.0,0.0,0.0,0.0,0.0,50.0,0.0,0.0,-1,0.0,G2_TRADEABLE,tradeable_buy=False,-1,0.0,0.0,
BTC/USDT,1701,2026-05-19 18:00:00,short,0.50645,58.13,0.6,76803.28,385.499286,low_low_up,True,True,False,False,False,0.0,0.0,50.0,0.0,0.0,0.0,0.0,0.0,50.0,0.0,0.0,-1,0.0,G2_TRADEABLE,tradeable_sell=False,-1,0.0,0.0,
BTC/USDT,1702,2026-05-19 19:00:00,short,0.51376,57.97,0.6,76818.74,381.616429,low_low_flat,False,False,False,False,False,0.0,0.0,50.0,0.0,0.0,0.0,0.0,0.0,50.0,0.0,0.0,-1,0.0,G2_TRADEABLE,tradeable_sell=False,-1,0.0,0.0,
BTC/USDT,1703,2026-05-19 20:00:00,short,0.51849,52.64,0.6,77022.23,381.542143,low_low_flat,False,False,False,False,False,0.0,0.0,50.0,0.0,0.0,0.0,0.0,0.0,50.0,0.0,0.0,-1,0.0,G2_TRADEABLE,tradeable_sell=False,-1,0.0,0.0,
BTC/USDT,1704,2026-05-19 21:00:00,short,0.52894,54.21,0.6,76982.34,364.629286,low_low_flat,False,False,False,False,False,0.0,0.0,50.0,0.0,0.0,0.0,0.0,0.0,50.0,0.0,0.0,-1,0.0,G2_TRADEABLE,tradeable_sell=False,-1,0.0,0.0,
BTC/USDT,1705,2026-05-19 22:00:00,short,0.50733,55.56,0.6,76712.21,364.295714,low_low_flat,False,False,False,False,False,0.0,0.0,50.0,0.0,0.0,0.0,0.0,0.0,50.0,0.0,0.0,-1,0.0,G2_TRADEABLE,tradeable_sell=False,-1,0.0,0.0,
BTC/USDT,1706,2026-05-19 23:00:00,short,0.52548,52.66,0.6,76834.36,360.352143,low_low_flat,False,False,False,False,False,0.0,0.0,50.0,0.0,0.0,0.0,0.0,0.0,50.0,0.0,0.0,-1,0.0,G2_TRADEABLE,tradeable_sell=False,-1,0.0,0.0,
BTC/USDT,1707,2026-05-20 00:00:00,short,0.52753,56.9,0.6,76788.83,358.908571,low_low_flat,False,False,False,False,False,0.0,0.0,50.0,0.0,0.0,0.0,0.0,0.0,50.0,0.0,0.0,-1,0.0,G2_TRADEABLE,tradeable_sell=False,-1,0.0,0.0,
BTC/USDT,1708,2026-05-20 01:00:00,short,0.54115,57.24,0.6,76820.98,354.849286,low_low_flat,False,False,False,False,False,0.0,0.0,50.0,0.0,0.0,0.0,0.0,0.0,50.0,0.0,0.0,-1,0.0,G2_TRADEABLE,tradeable_sell=False,-1,0.0,0.0,
BTC/USDT,1709,2026-05-20 02:00:00,short,0.53986,59.58,0.6,76690.42,353.191429,low_low_flat,False,False,False,False,False,0.0,0.0,50.0,0.0,0.0,0.0,0.0,0.0,50.0,0.0,0.0,-1,0.0,G2_TRADEABLE,tradeable_sell=False,-1,0.0,0.0,
BTC/USDT,1710,2026-05-20 03:00:00,short,0.53383,64.49,0.6,76723.54,336.898571,low_low_flat,False,False,False,False,False,0.0,0.0,50.0,0.0,0.0,0.0,0.0,0.0,50.0,0.0,0.0,-1,0.0,G2_TRADEABLE,tradeable_sell=False,-1,0.0,0.0,
BTC/USDT,1711,2026-05-20 04:00:00,short,0.56684,59.46,0.6,76780.37,284.454286,low_low_flat,False,False,False,False,False,0.0,0.0,50.0,0.0,0.0,0.0,0.0,0.0,50.0,0.0,0.0,-1,0.0,G2_TRADEABLE,tradeable_sell=False,-1,0.0,0.0,
BTC/USDT,1712,2026-05-20 05:00:00,short,0.55818,70.75,0.6,77196.99,298.871429,low_low_flat,False,False,False,False,False,0.0,0.0,50.0,0.0,0.0,0.0,0.0,0.0,50.0,0.0,0.0,-1,0.0,G2_TRADEABLE,tradeable_sell=False,-1,0.0,0.0,
BTC/USDT,1713,2026-05-20 06:00:00,short,0.57753,63.16,0.6,77414.11,280.213571,low_low_flat,False,False,False,False,False,0.0,0.0,50.0,0.0,0.0,0.0,0.0,0.0,50.0,0.0,0.0,-1,0.0,G2_TRADEABLE,tradeable_sell=False,-1,0.0,0.0,
BTC/USDT,1714,2026-05-20 07:00:00,short,0.55452,51.71,0.6,77282.64,278.432143,low_low_flat,False,False,False,False,False,0.0,0.0,50.0,0.0,0.0,0.0,0.0,0.0,50.0,0.0,0.0,-1,0.0,G2_TRADEABLE,tradeable_sell=False,-1,0.0,0.0,
BTC/USDT,1715,2026-05-20 08:00:00,short,0.56918,63.39,0.6,77458.04,294.345714,low_low_flat,False,False,False,False,False,0.0,0.0,50.0,0.0,0.0,0.0,0.0,0.0,50.0,0.0,0.0,-1,0.0,G2_TRADEABLE,tradeable_sell=False,-1,0.0,0.0,
BTC/USDT,1716,2026-05-20 09:00:00,short,0.56498,60.77,0.6,77485.13,285.559286,low_low_up,True,True,False,False,False,0.0,0.0,50.0,0.0,0.0,0.0,0.0,0.0,50.0,0.0,0.0,-1,0.0,G2_TRADEABLE,tradeable_sell=False,-1,0.0,0.0,
BTC/USDT,1717,2026-05-20 10:00:00,short,0.56875,82.67,0.6,77517.45,282.442143,low_low_up,True,True,False,False,False,0.0,0.0,50.0,0.0,0.0,0.0,0.0,0.0,50.0,0.0,0.0,-1,0.0,G2_TRADEABLE,tradeable_sell=False,-1,0.0,0.0,
BTC/USDT,1718,2026-05-20 11:00:00,short,0.56655,84.15,0.6,77382.49,294.858571,low_low_up,True,True,False,False,False,0.0,0.0,50.0,0.0,0.0,0.0,0.0,0.0,50.0,0.0,0.0,-1,0.0,G2_TRADEABLE,tradeable_sell=False,-1,0.0,0.0,
BTC/USDT,1719,2026-05-20 12:00:00,short,0.5661,81.89,0.6,77617.26,297.94,low_low_up,True,True,False,False,False,0.0,0.0,50.0,0.0,0.0,0.0,0.0,0.0,50.0,0.0,0.0,-1,0.0,G2_TRADEABLE,tradeable_sell=False,-1,0.0,0.0,
BTC/USDT,1720,2026-05-20 13:00:00,short,0.54383,81.53,0.6,77204.61,324.584286,low_low_flat,False,False,False,False,False,0.0,0.0,50.0,0.0,0.0,0.0,0.0,0.0,50.0,0.0,0.0,-1,0.0,G2_TRADEABLE,tradeable_sell=False,-1,0.0,0.0,
BTC/USDT,1721,2026-05-20 14:00:00,short,0.55148,100.0,0.6,77446.08,346.221429,low_low_up,True,True,False,False,False,0.0,0.0,50.0,0.0,0.0,0.0,0.0,0.0,50.0,0.0,0.0,-1,0.0,G2_TRADEABLE,tradeable_sell=False,-1,0.0,0.0,
BTC/USDT,1722,2026-05-20 15:00:00,short,0.54673,78.55,0.6,77455.46,358.162143,low_low_up,True,True,False,False,False,0.0,0.0,50.0,0.0,0.0,0.0,0.0,0.0,50.0,0.0,0.0,-1,0.0,G2_TRADEABLE,tradeable_sell=False,-1,0.0,0.0,
BTC/USDT,1723,2026-05-20 16:00:00,short,0.54777,72.89,0.6,77338.6,374.519286,low_low_flat,False,False,False,False,False,0.0,0.0,50.0,0.0,0.0,0.0,0.0,0.0,50.0,0.0,0.0,-1,0.0,G2_TRADEABLE,tradeable_sell=False,-1,0.0,0.0,
BTC/USDT,1724,2026-05-20 17:00:00,short,0.56832,73.06,0.6,77568.95,392.960714,low_low_up,True,True,False,False,False,0.0,0.0,50.0,0.0,0.0,0.0,0.0,0.0,50.0,0.0,0.0,-1,0.0,G2_TRADEABLE,tradeable_sell=False,-1,0.0,0.0,
BTC/USDT,1725,2026-05-20 18:00:00,short,0.5656,73.05,0.6,77415.09,399.465714,low_low_up,True,True,False,False,False,0.0,0.0,50.0,0.0,0.0,0.0,0.0,0.0,50.0,0.0,0.0,-1,0.0,G2_TRADEABLE,tradeable_sell=False,-1,0.0,0.0,
BTC/USDT,1726,2026-05-20 19:00:00,short,0.55121,69.83,0.6,77667.49,386.561429,low_low_up,True,True,False,False,False,0.0,0.0,50.0,0.0,0.0,0.0,0.0,0.0,50.0,0.0,0.0,-1,0.0,G2_TRADEABLE,tradeable_sell=False,-1,0.0,0.0,
BTC/USDT,1727,2026-05-20 20:00:00,short,0.57635,79.92,0.6,77720.01,389.542857,low_low_up,True,True,False,False,False,0.0,0.0,50.0,0.0,0.0,0.0,0.0,0.0,50.0,0.0,0.0,-1,0.0,G2_TRADEABLE,tradeable_sell=False,-1,0.0,0.0,
BTC/USDT,1728,2026-05-20 21:00:00,short,0.5645,67.71,0.6,77500.01,392.08,low_low_up,True,True,False,False,False,0.0,0.0,50.0,0.0,0.0,0.0,0.0,0.0,50.0,0.0,0.0,-1,0.0,G2_TRADEABLE,tradeable_sell=False,-1,0.0,0.0,
BTC/USDT,1729,2026-05-20 22:00:00,short,0.56539,51.25,0.6,77504.69,381.572143,low_low_up,True,True,False,False,False,0.0,0.0,50.0,0.0,0.0,0.0,0.0,0.0,50.0,0.0,0.0,-1,0.0,G2_TRADEABLE,tradeable_sell=False,-1,0.0,0.0,
BTC/USDT,1730,2026-05-20 23:00:00,short,0.55894,48.12,0.6,77552.23,381.197857,low_low_up,True,True,False,False,False,0.0,0.0,50.0,0.0,0.0,0.0,0.0,0.0,50.0,0.0,0.0,-1,0.0,G2_TRADEABLE,tradeable_sell=False,-1,0.0,0.0,
BTC/USDT,1731,2026-05-21 00:00:00,short,0.53905,62.59,0.6,77967.09,407.522857,low_low_up,True,True,False,False,False,0.0,0.0,50.0,0.0,0.0,0.0,0.0,0.0,50.0,0.0,0.0,-1,0.0,G2_TRADEABLE,tradeable_sell=False,-1,0.0,0.0,
BTC/USDT,1732,2026-05-21 01:00:00,short,0.55789,63.28,0.6,77863.85,416.969286,low_med_up,False,False,False,False,False,0.0,0.0,50.0,0.0,0.0,0.0,0.0,0.0,50.0,0.0,0.0,-1,0.0,G2_TRADEABLE,tradeable_sell=False,-1,0.0,0.0,
BTC/USDT,1733,2026-05-21 02:00:00,short,0.57871,70.36,0.6,77955.78,409.638571,low_med_up,False,False,False,False,False,0.0,0.0,50.0,0.0,0.0,0.0,0.0,0.0,50.0,0.0,0.0,-1,0.0,G2_TRADEABLE,tradeable_sell=False,-1,0.0,0.0,
BTC/USDT,1734,2026-05-21 03:00:00,short,0.57656,61.53,0.6,78078.72,374.515714,low_low_up,True,True,False,False,False,0.0,0.0,50.0,0.0,0.0,0.0,0.0,0.0,50.0,0.0,0.0,-1,0.0,G2_TRADEABLE,tradeable_sell=False,-1,0.0,0.0,
BTC/USDT,1735,2026-05-21 04:00:00,short,0.59211,61.55,0.6,78035.8,341.085,low_low_up,True,True,False,False,False,0.0,0.0,50.0,0.0,0.0,0.0,0.0,0.0,50.0,0.0,0.0,-1,0.0,G2_TRADEABLE,tradeable_sell=False,-1,0.0,0.0,
BTC/USDT,1736,2026-05-21 05:00:00,short,0.58431,52.6,0.6,77828.0,332.448571,low_low_up,True,True,False,False,False,0.0,0.0,50.0,0.0,0.0,0.0,0.0,0.0,50.0,0.0,0.0,-1,0.0,G2_TRADEABLE,tradeable_sell=False,-1,0.0,0.0,
BTC/USDT,1737,2026-05-21 06:00:00,short,0.54691,51.39,0.6,77622.14,318.24,low_low_flat,False,False,False,False,False,0.0,0.0,50.0,0.0,0.0,0.0,0.0,0.0,50.0,0.0,0.0,-1,0.0,G2_TRADEABLE,tradeable_sell=False,-1,0.0,0.0,
BTC/USDT,1738,2026-05-21 07:00:00,short,0.55691,51.35,0.6,77889.01,310.901429,low_low_up,True,True,False,False,False,0.0,0.0,50.0,0.0,0.0,0.0,0.0,0.0,50.0,0.0,0.0,-1,0.0,G2_TRADEABLE,tradeable_sell=False,-1,0.0,0.0,
BTC/USDT,1739,2026-05-21 08:00:00,short,0.55047,53.15,0.6,77924.63,316.514286,low_low_up,True,True,False,False,False,0.0,0.0,50.0,0.0,0.0,0.0,0.0,0.0,50.0,0.0,0.0,-1,0.0,G2_TRADEABLE,tradeable_sell=False,-1,0.0,0.0,
BTC/USDT,1740,2026-05-21 09:00:00,short,0.53892,52.41,0.6,77633.02,315.481429,low_low_flat,False,False,False,False,False,0.0,0.0,50.0,0.0,0.0,0.0,0.0,0.0,50.0,0.0,0.0,-1,0.0,G2_TRADEABLE,tradeable_sell=False,-1,0.0,0.0,
BTC/USDT,1741,2026-05-21 10:00:00,short,0.53174,81.23,0.6,77198.08,330.060714,low_low_flat,False,False,False,False,False,0.0,0.0,50.0,0.0,0.0,0.0,0.0,0.0,50.0,0.0,0.0,-1,0.0,G2_TRADEABLE,tradeable_sell=False,-1,0.0,0.0,
BTC/USDT,1742,2026-05-21 11:00:00,short,0.51851,60.6,0.6,77189.1,327.078571,low_low_flat,False,False,False,False,False,0.0,0.0,50.0,0.0,0.0,0.0,0.0,0.0,50.0,0.0,0.0,-1,0.0,G2_TRADEABLE,tradeable_sell=False,-1,0.0,0.0,
BTC/USDT,1743,2026-05-21 12:00:00,short,0.52915,59.85,0.6,77278.53,327.401429,low_low_flat,False,False,False,False,False,0.0,0.0,50.0,0.0,0.0,0.0,0.0,0.0,50.0,0.0,0.0,-1,0.0,G2_TRADEABLE,tradeable_sell=False,-1,0.0,0.0,
BTC/USDT,1744,2026-05-21 13:00:00,short,0.51114,83.27,0.6,77122.68,360.699286,low_low_flat,False,False,False,False,False,0.0,0.0,50.0,0.0,0.0,0.0,0.0,0.0,50.0,0.0,0.0,-1,0.0,G2_TRADEABLE,tradeable_sell=False,-1,0.0,0.0,
BTC/USDT,1745,2026-05-21 14:00:00,short,0.51223,50.0,0.6,76984.61,353.956429,low_low_flat,False,False,False,False,False,0.0,0.0,50.0,0.0,0.0,0.0,0.0,0.0,50.0,0.0,0.0,-1,0.0,G2_TRADEABLE,tradeable_sell=False,-1,0.0,0.0,
BTC/USDT,1746,2026-05-21 15:00:00,short,0.5061,60.79,0.6,77259.46,363.168571,low_low_flat,False,False,False,False,False,0.0,0.0,50.0,0.0,0.0,0.0,0.0,0.0,50.0,0.0,0.0,-1,0.0,G2_TRADEABLE,tradeable_sell=False,-1,0.0,0.0,
BTC/USDT,1747,2026-05-21 16:00:00,short,0.50212,81.31,0.6,77207.93,367.122857,low_low_flat,False,False,False,False,False,0.0,0.0,50.0,0.0,0.0,0.0,0.0,0.0,50.0,0.0,0.0,-1,0.0,G2_TRADEABLE,tradeable_sell=False,-1,0.0,0.0,
BTC/USDT,1748,2026-05-21 17:00:00,long,0.56944,80.88,0.6,77869.38,418.942857,low_med_flat,False,False,False,False,False,0.0,0.0,50.0,0.0,0.0,0.0,0.0,0.0,50.0,0.0,0.0,-1,0.0,G2_TRADEABLE,tradeable_buy=False,-1,0.0,0.0,
BTC/USDT,1749,2026-05-21 18:00:00,long,0.55864,55.94,0.6,77387.74,453.04,low_med_flat,False,False,False,False,False,0.0,0.0,50.0,0.0,0.0,0.0,0.0,0.0,50.0,0.0,0.0,-1,0.0,G2_TRADEABLE,tradeable_buy=False,-1,0.0,0.0,
BTC/USDT,1750,2026-05-21 19:00:00,long,0.5668,57.88,0.6,77690.56,453.355,low_med_flat,False,False,False,False,False,0.0,0.0,50.0,0.0,0.0,0.0,0.0,0.0,50.0,0.0,0.0,-1,0.0,G2_TRADEABLE,tradeable_buy=False,-1,0.0,0.0,
BTC/USDT,1751,2026-05-21 20:00:00,short,0.50604,48.32,0.6,77705.81,440.305,low_med_flat,False,False,False,False,False,0.0,0.0,50.0,0.0,0.0,0.0,0.0,0.0,50.0,0.0,0.0,-1,0.0,G2_TRADEABLE,tradeable_sell=False,-1,0.0,0.0,
BTC/USDT,1752,2026-05-21 21:00:00,short,0.51119,50.52,0.6,77672.29,425.154286,low_med_flat,False,False,False,False,False,0.0,0.0,50.0,0.0,0.0,0.0,0.0,0.0,50.0,0.0,0.0,-1,0.0,G2_TRADEABLE,tradeable_sell=False,-1,0.0,0.0,
BTC/USDT,1753,2026-05-21 22:00:00,short,0.50479,50.6,0.6,77628.0,416.640714,low_med_flat,False,False,False,False,False,0.0,0.0,50.0,0.0,0.0,0.0,0.0,0.0,50.0,0.0,0.0,-1,0.0,G2_TRADEABLE,tradeable_sell=False,-1,0.0,0.0,
BTC/USDT,1754,2026-05-21 23:00:00,short,0.50546,51.87,0.6,77615.52,407.101429,low_med_flat,False,False,False,False,False,0.0,0.0,50.0,0.0,0.0,0.0,0.0,0.0,50.0,0.0,0.0,-1,0.0,G2_TRADEABLE,tradeable_sell=False,-1,0.0,0.0,
BTC/USDT,1755,2026-05-22 00:00:00,long,0.50774,52.4,0.6,77373.57,390.742143,low_low_flat,False,False,False,False,False,0.0,0.0,50.0,0.0,0.0,0.0,0.0,0.0,50.0,0.0,0.0,-1,0.0,G2_TRADEABLE,tradeable_buy=False,-1,0.0,0.0,
BTC/USDT,1756,2026-05-22 01:00:00,short,0.50561,51.4,0.6,77616.0,399.411429,low_low_flat,False,False,False,False,False,0.0,0.0,50.0,0.0,0.0,0.0,0.0,0.0,50.0,0.0,0.0,-1,0.0,G2_TRADEABLE,tradeable_sell=False,-1,0.0,0.0,
BTC/USDT,1757,2026-05-22 02:00:00,short,0.52992,51.11,0.6,77673.36,388.857857,low_low_flat,False,False,False,False,False,0.0,0.0,50.0,0.0,0.0,0.0,0.0,0.0,50.0,0.0,0.0,-1,0.0,G2_TRADEABLE,tradeable_sell=False,-1,0.0,0.0,
BTC/USDT,1758,2026-05-22 03:00:00,short,0.52248,48.6,0.6,77779.98,353.562143,low_low_flat,False,False,False,False,False,0.0,0.0,50.0,0.0,0.0,0.0,0.0,0.0,50.0,0.0,0.0,-1,0.0,G2_TRADEABLE,tradeable_sell=False,-1,0.0,0.0,
BTC/USDT,1759,2026-05-22 04:00:00,short,0.51601,55.64,0.6,77655.42,339.99,low_low_flat,False,False,False,False,False,0.0,0.0,50.0,0.0,0.0,0.0,0.0,0.0,50.0,0.0,0.0,-1,0.0,G2_TRADEABLE,tradeable_sell=False,-1,0.0,0.0,
BTC/USDT,1760,2026-05-22 05:00:00,short,0.51174,54.55,0.6,77489.0,323.512857,low_low_flat,False,False,False,False,False,0.0,0.0,50.0,0.0,0.0,0.0,0.0,0.0,50.0,0.0,0.0,-1,0.0,G2_TRADEABLE,tradeable_sell=False,-1,0.0,0.0,
BTC/USDT,1761,2026-05-22 06:00:00,short,0.5014,61.14,0.6,77423.41,310.669286,low_low_flat,False,False,False,False,False,0.0,0.0,50.0,0.0,0.0,0.0,0.0,0.0,50.0,0.0,0.0,-1,0.0,G2_TRADEABLE,tradeable_sell=False,-1,0.0,0.0,
BTC/USDT,1762,2026-05-22 07:00:00,short,0.50913,59.59,0.6,77408.06,263.403571,low_low_flat,False,False,False,False,False,0.0,0.0,50.0,0.0,0.0,0.0,0.0,0.0,50.0,0.0,0.0,-1,0.0,G2_TRADEABLE,tradeable_sell=False,-1,0.0,0.0,
BTC/USDT,1763,2026-05-22 08:00:00,short,0.50552,83.87,0.6,77267.38,236.76,low_low_flat,False,False,False,False,False,0.0,0.0,50.0,0.0,0.0,0.0,0.0,0.0,50.0,0.0,0.0,-1,0.0,G2_TRADEABLE,tradeable_sell=False,-1,0.0,0.0,
BTC/USDT,1764,2026-05-22 09:00:00,long,0.50012,69.97,0.6,77307.11,217.007143,low_low_flat,False,False,False,False,False,0.0,0.0,50.0,0.0,0.0,0.0,0.0,0.0,50.0,0.0,0.0,-1,0.0,G2_TRADEABLE,tradeable_buy=False,-1,0.0,0.0,
BTC/USDT,1765,2026-05-22 10:00:00,short,0.50367,78.56,0.6,77312.0,213.027143,low_low_flat,False,False,False,False,False,0.0,0.0,50.0,0.0,0.0,0.0,0.0,0.0,50.0,0.0,0.0,-1,0.0,G2_TRADEABLE,tradeable_sell=False,-1,0.0,0.0,
BTC/USDT,1766,2026-05-22 11:00:00,long,0.51141,74.54,0.6,77428.84,218.609286,low_low_flat,False,False,False,False,False,0.0,0.0,50.0,0.0,0.0,0.0,0.0,0.0,50.0,0.0,0.0,-1,0.0,G2_TRADEABLE,tradeable_buy=False,-1,0.0,0.0,
BTC/USDT,1767,2026-05-22 12:00:00,long,0.51762,74.71,0.6,77533.9,218.195714,low_low_flat,False,False,False,False,False,0.0,0.0,50.0,0.0,0.0,0.0,0.0,0.0,50.0,0.0,0.0,-1,0.0,G2_TRADEABLE,tradeable_buy=False,-1,0.0,0.0,
BTC/USDT,1768,2026-05-22 13:00:00,long,0.51524,73.7,0.6,77290.01,232.882143,low_low_flat,False,False,False,False,False,0.0,0.0,50.0,0.0,0.0,0.0,0.0,0.0,50.0,0.0,0.0,-1,0.0,G2_TRADEABLE,tradeable_buy=False,-1,0.0,0.0,
BTC/USDT,1769,2026-05-22 14:00:00,short,0.526,94.64,0.6,76774.23,252.890714,low_low_flat,False,False,False,False,False,0.0,0.0,50.0,0.0,0.0,0.0,0.0,0.0,50.0,0.0,0.0,-1,0.0,G2_TRADEABLE,tradeable_sell=False,-1,0.0,0.0,
BTC/USDT,1770,2026-05-22 15:00:00,short,0.51616,83.16,0.6,76790.59,261.063571,low_low_flat,False,False,False,False,False,0.0,0.0,50.0,0.0,0.0,0.0,0.0,0.0,50.0,0.0,0.0,-1,0.0,G2_TRADEABLE,tradeable_sell=False,-1,0.0,0.0,
BTC/USDT,1771,2026-05-22 16:00:00,long,0.501,72.66,0.6,76950.68,268.552143,low_low_flat,False,False,False,False,False,0.0,0.0,50.0,0.0,0.0,0.0,0.0,0.0,50.0,0.0,0.0,-1,0.0,G2_TRADEABLE,tradeable_buy=False,-1,0.0,0.0,
BTC/USDT,1772,2026-05-22 17:00:00,short,0.51497,62.48,0.6,76750.0,282.786429,low_low_down,True,True,False,False,False,0.0,0.0,50.0,0.0,0.0,0.0,0.0,0.0,50.0,0.0,0.0,-1,0.0,G2_TRADEABLE,tradeable_sell=False,-1,0.0,0.0,
BTC/USDT,1773,2026-05-22 18:00:00,short,0.52161,82.93,0.6,76537.47,321.0,low_low_down,True,True,False,False,False,0.0,0.0,50.0,0.0,0.0,0.0,0.0,0.0,50.0,0.0,0.0,-1,0.0,G2_TRADEABLE,tradeable_sell=False,-1,0.0,0.0,
BTC/USDT,1774,2026-05-22 19:00:00,long,0.5043,99.55,0.6,75860.44,367.462857,low_low_down,True,True,False,False,False,0.0,0.0,50.0,0.0,0.0,0.0,0.0,0.0,50.0,0.0,0.0,-1,0.0,G2_TRADEABLE,tradeable_buy=False,-1,0.0,0.0,
BTC/USDT,1775,2026-05-22 20:00:00,short,0.52171,62.57,0.6,75984.47,374.57,low_low_down,True,True,False,False,False,0.0,0.0,50.0,0.0,0.0,0.0,0.0,0.0,50.0,0.0,0.0,-1,0.0,G2_TRADEABLE,tradeable_sell=False,-1,0.0,0.0,
BTC/USDT,1776,2026-05-22 21:00:00,long,0.51381,77.8,0.6,75978.83,367.93,low_low_down,True,True,False,False,False,0.0,0.0,50.0,0.0,0.0,0.0,0.0,0.0,50.0,0.0,0.0,-1,0.0,G2_TRADEABLE,tradeable_buy=False,-1,0.0,0.0,
BTC/USDT,1777,2026-05-22 22:00:00,long,0.51078,79.61,0.6,75737.52,375.184286,low_low_down,True,True,False,False,False,0.0,0.0,50.0,0.0,0.0,0.0,0.0,0.0,50.0,0.0,0.0,-1,0.0,G2_TRADEABLE,tradeable_buy=False,-1,0.0,0.0,
BTC/USDT,1778,2026-05-22 23:00:00,long,0.52913,80.78,0.6,75539.5,401.041429,low_med_down,False,True,False,False,False,0.0,0.0,50.0,0.0,0.0,0.0,0.0,0.0,50.0,0.0,0.0,-1,0.0,G2_TRADEABLE,tradeable_buy=False,-1,0.0,0.0,
BTC/USDT,1779,2026-05-23 00:00:00,long,0.54181,86.66,0.6,75352.64,423.492143,low_med_down,False,True,False,False,False,0.0,0.0,50.0,0.0,0.0,0.0,0.0,0.0,50.0,0.0,0.0,-1,0.0,G2_TRADEABLE,tradeable_buy=False,-1,0.0,0.0,
BTC/USDT,1780,2026-05-23 01:00:00,long,0.53588,81.28,0.6,75489.84,416.627857,low_med_down,False,True,False,False,False,0.0,0.0,50.0,0.0,0.0,0.0,0.0,0.0,50.0,0.0,0.0,-1,0.0,G2_TRADEABLE,tradeable_buy=False,-1,0.0,0.0,
BTC/USDT,1781,2026-05-23 02:00:00,long,0.51378,78.51,0.6,75572.07,414.786429,low_med_down,False,True,False,False,False,0.0,0.0,50.0,0.0,0.0,0.0,0.0,0.0,50.0,0.0,0.0,-1,0.0,G2_TRADEABLE,tradeable_buy=False,-1,0.0,0.0,
BTC/USDT,1782,2026-05-23 03:00:00,short,0.51836,58.11,0.6,75635.22,392.266429,low_low_down,True,True,False,False,False,0.0,0.0,50.0,0.0,0.0,0.0,0.0,0.0,50.0,0.0,0.0,-1,0.0,G2_TRADEABLE,tradeable_sell=False,-1,0.0,0.0,
BTC/USDT,1783,2026-05-23 04:00:00,short,0.51297,58.01,0.6,75539.77,364.024286,low_low_down,True,True,False,False,False,0.0,0.0,50.0,0.0,0.0,0.0,0.0,0.0,50.0,0.0,0.0,-1,0.0,G2_TRADEABLE,tradeable_sell=False,-1,0.0,0.0,
BTC/USDT,1784,2026-05-23 05:00:00,short,0.50303,58.84,0.6,75482.68,337.729286,low_low_down,True,True,False,False,False,0.0,0.0,50.0,0.0,0.0,0.0,0.0,0.0,50.0,0.0,0.0,-1,0.0,G2_TRADEABLE,tradeable_sell=False,-1,0.0,0.0,
BTC/USDT,1785,2026-05-23 06:00:00,long,0.50613,74.97,0.6,75398.33,328.219286,low_low_down,True,True,False,False,False,0.0,0.0,50.0,0.0,0.0,0.0,0.0,0.0,50.0,0.0,0.0,-1,0.0,G2_TRADEABLE,tradeable_buy=False,-1,0.0,0.0,
BTC/USDT,1786,2026-05-23 07:00:00,long,0.5312,100.0,0.6,74609.36,386.085,low_low_down,True,True,False,False,False,0.0,0.0,50.0,0.0,0.0,0.0,0.0,0.0,50.0,0.0,0.0,-1,0.0,G2_TRADEABLE,tradeable_buy=False,-1,0.0,0.0,
BTC/USDT,1787,2026-05-23 08:00:00,long,0.5426,86.06,0.6,74684.3,360.807143,low_low_down,True,True,False,False,False,0.0,0.0,50.0,0.0,0.0,0.0,0.0,0.0,50.0,0.0,0.0,-1,0.0,G2_TRADEABLE,tradeable_buy=False,-1,0.0,0.0,
BTC/USDT,1788,2026-05-23 09:00:00,long,0.54167,78.78,0.6,74656.91,304.095,low_low_down,True,True,False,False,False,0.0,0.0,50.0,0.0,0.0,0.0,0.0,0.0,50.0,0.0,0.0,-1,0.0,G2_TRADEABLE,tradeable_buy=False,-1,0.0,0.0,
BTC/USDT,1789,2026-05-23 10:00:00,long,0.53349,82.02,0.6,74705.0,295.891429,low_low_down,True,True,False,False,False,0.0,0.0,50.0,0.0,0.0,0.0,0.0,0.0,50.0,0.0,0.0,-1,0.0,G2_TRADEABLE,tradeable_buy=False,-1,0.0,0.0,
BTC/USDT,1790,2026-05-23 11:00:00,long,0.52798,81.13,0.6,74789.99,296.385,low_low_down,True,True,False,False,False,0.0,0.0,50.0,0.0,0.0,0.0,0.0,0.0,50.0,0.0,0.0,-1,0.0,G2_TRADEABLE,tradeable_buy=False,-1,0.0,0.0,
BTC/USDT,1791,2026-05-23 12:00:00,long,0.52864,81.14,0.6,74753.93,276.227857,low_low_down,True,True,False,False,False,0.0,0.0,50.0,0.0,0.0,0.0,0.0,0.0,50.0,0.0,0.0,-1,0.0,G2_TRADEABLE,tradeable_buy=False,-1,0.0,0.0,
BTC/USDT,1792,2026-05-23 13:00:00,long,0.51096,86.08,0.6,75213.9,275.294286,low_low_down,True,True,False,False,False,0.0,0.0,50.0,0.0,0.0,0.0,0.0,0.0,50.0,0.0,0.0,-1,0.0,G2_TRADEABLE,tradeable_buy=False,-1,0.0,0.0,
BTC/USDT,1793,2026-05-23 14:00:00,short,0.53379,80.01,0.6,75537.72,289.762857,low_low_down,True,True,False,False,False,0.0,0.0,50.0,0.0,0.0,0.0,0.0,0.0,50.0,0.0,0.0,-1,0.0,G2_TRADEABLE,tradeable_sell=False,-1,0.0,0.0,
BTC/USDT,1794,2026-05-23 15:00:00,short,0.51941,77.0,0.6,75520.0,298.377143,low_low_down,True,True,False,False,False,0.0,0.0,50.0,0.0,0.0,0.0,0.0,0.0,50.0,0.0,0.0,-1,0.0,G2_TRADEABLE,tradeable_sell=False,-1,0.0,0.0,
BTC/USDT,1795,2026-05-23 16:00:00,short,0.50121,76.14,0.6,75444.7,302.644286,low_low_down,True,True,False,False,False,0.0,0.0,50.0,0.0,0.0,0.0,0.0,0.0,50.0,0.0,0.0,-1,0.0,G2_TRADEABLE,tradeable_sell=False,-1,0.0,0.0,
BTC/USDT,1796,2026-05-23 17:00:00,short,0.51841,76.23,0.6,75488.18,306.143571,low_low_down,True,True,False,False,False,0.0,0.0,50.0,0.0,0.0,0.0,0.0,0.0,50.0,0.0,0.0,-1,0.0,G2_TRADEABLE,tradeable_sell=False,-1,0.0,0.0,
BTC/USDT,1797,2026-05-23 18:00:00,short,0.52438,81.45,0.6,75845.82,332.613571,low_low_flat,False,False,False,False,False,0.0,0.0,50.0,0.0,0.0,0.0,0.0,0.0,50.0,0.0,0.0,-1,0.0,G2_TRADEABLE,tradeable_sell=False,-1,0.0,0.0,
BTC/USDT,1798,2026-05-23 19:00:00,short,0.55426,81.24,0.6,75983.45,342.528571,low_low_flat,False,False,False,False,False,0.0,0.0,50.0,0.0,0.0,0.0,0.0,0.0,50.0,0.0,0.0,-1,0.0,G2_TRADEABLE,tradeable_sell=False,-1,0.0,0.0,
BTC/USDT,1799,2026-05-23 20:00:00,short,0.5686,90.27,0.6,77287.58,431.065,low_med_up,False,False,False,False,False,0.0,0.0,50.0,0.0,0.0,0.0,0.0,0.0,50.0,0.0,0.0,-1,0.0,G2_TRADEABLE,tradeable_sell=False,-1,0.0,0.0,
BTC/USDT,1800,2026-05-23 21:00:00,short,0.53753,88.7,0.6,76804.99,410.515,med_med_up,False,True,False,False,False,0.0,0.0,50.0,0.0,0.0,0.0,0.0,0.0,50.0,0.0,0.0,-1,0.0,G2_TRADEABLE,tradeable_sell=False,-1,0.0,0.0,
BTC/USDT,1801,2026-05-23 22:00:00,short,0.52836,80.97,0.6,76584.45,413.788571,med_med_up,False,True,False,False,False,0.0,0.0,50.0,0.0,0.0,0.0,0.0,0.0,50.0,0.0,0.0,-1,0.0,G2_TRADEABLE,tradeable_sell=False,-1,0.0,0.0,
BTC/USDT,1802,2026-05-23 23:00:00,short,0.52425,79.31,0.6,76752.01,424.909286,med_med_up,False,True,False,False,False,0.0,0.0,50.0,0.0,0.0,0.0,0.0,0.0,50.0,0.0,0.0,-1,0.0,G2_TRADEABLE,tradeable_sell=False,-1,0.0,0.0,
BTC/USDT,1803,2026-05-24 00:00:00,short,0.5609,80.42,0.6,76835.16,436.447143,low_med_up,False,False,False,False,False,0.0,0.0,50.0,0.0,0.0,0.0,0.0,0.0,50.0,0.0,0.0,-1,0.0,G2_TRADEABLE,tradeable_sell=False,-1,0.0,0.0,
BTC/USDT,1804,2026-05-24 01:00:00,short,0.56632,78.43,0.6,76890.04,436.33,low_med_up,False,False,False,False,False,0.0,0.0,50.0,0.0,0.0,0.0,0.0,0.0,50.0,0.0,0.0,-1,0.0,G2_TRADEABLE,tradeable_sell=False,-1,0.0,0.0,
BTC/USDT,1805,2026-05-24 02:00:00,short,0.5672,78.89,0.6,76830.0,445.284286,low_med_up,False,False,False,False,False,0.0,0.0,50.0,0.0,0.0,0.0,0.0,0.0,50.0,0.0,0.0,-1,0.0,G2_TRADEABLE,tradeable_sell=False,-1,0.0,0.0,
BTC/USDT,1806,2026-05-24 03:00:00,short,0.56754,79.51,0.6,76750.0,428.440714,low_med_up,False,False,False,False,False,0.0,0.0,50.0,0.0,0.0,0.0,0.0,0.0,50.0,0.0,0.0,-1,0.0,G2_TRADEABLE,tradeable_sell=False,-1,0.0,0.0,
BTC/USDT,1807,2026-05-24 04:00:00,short,0.5618,77.5,0.6,76786.5,393.448571,low_low_up,True,True,False,False,False,0.0,0.0,50.0,0.0,0.0,0.0,0.0,0.0,50.0,0.0,0.0,-1,0.0,G2_TRADEABLE,tradeable_sell=False,-1,0.0,0.0,
BTC/USDT,1808,2026-05-24 05:00:00,short,0.5556,77.89,0.6,76822.23,389.133571,low_low_up,True,True,False,False,False,0.0,0.0,50.0,0.0,0.0,0.0,0.0,0.0,50.0,0.0,0.0,-1,0.0,G2_TRADEABLE,tradeable_sell=False,-1,0.0,0.0,
BTC/USDT,1809,2026-05-24 06:00:00,short,0.55648,79.01,0.6,76987.58,398.167143,low_low_up,True,True,False,False,False,0.0,0.0,50.0,0.0,0.0,0.0,0.0,0.0,50.0,0.0,0.0,-1,0.0,G2_TRADEABLE,tradeable_sell=False,-1,0.0,0.0,
BTC/USDT,1810,2026-05-24 07:00:00,short,0.52026,78.78,0.6,76799.99,403.721429,low_med_up,False,False,False,False,False,0.0,0.0,50.0,0.0,0.0,0.0,0.0,0.0,50.0,0.0,0.0,-1,0.0,G2_TRADEABLE,tradeable_sell=False,-1,0.0,0.0,
BTC/USDT,1811,2026-05-24 08:00:00,short,0.54438,79.4,0.6,76830.69,376.089286,low_low_up,True,True,False,False,False,0.0,0.0,50.0,0.0,0.0,0.0,0.0,0.0,50.0,0.0,0.0,-1,0.0,G2_TRADEABLE,tradeable_sell=False,-1,0.0,0.0,
BTC/USDT,1812,2026-05-24 09:00:00,short,0.53747,81.17,0.6,77020.53,375.624286,low_low_up,True,True,False,False,False,0.0,0.0,50.0,0.0,0.0,0.0,0.0,0.0,50.0,0.0,0.0,-1,0.0,G2_TRADEABLE,tradeable_sell=False,-1,0.0,0.0,
BTC/USDT,1813,2026-05-24 10:00:00,short,0.52423,88.75,0.6,77190.74,323.485,low_low_up,True,True,False,False,False,0.0,0.0,50.0,0.0,0.0,0.0,0.0,0.0,50.0,0.0,0.0,-1,0.0,G2_TRADEABLE,tradeable_sell=False,-1,0.0,0.0,
BTC/USDT,1814,2026-05-24 11:00:00,short,0.52413,78.55,0.6,77320.06,273.467143,low_low_up,True,True,False,False,False,0.0,0.0,50.0,0.0,0.0,0.0,0.0,0.0,50.0,0.0,0.0,-1,0.0,G2_TRADEABLE,tradeable_sell=False,-1,0.0,0.0,
BTC/USDT,1815,2026-05-24 12:00:00,short,0.53596,80.43,0.6,77118.73,258.613571,low_low_up,True,True,False,False,False,0.0,0.0,50.0,0.0,0.0,0.0,0.0,0.0,50.0,0.0,0.0,-1,0.0,G2_TRADEABLE,tradeable_sell=False,-1,0.0,0.0,
BTC/USDT,1816,2026-05-24 13:00:00,short,0.5031,84.36,0.6,76802.23,269.685714,low_low_up,True,True,False,False,False,0.0,0.0,50.0,0.0,0.0,0.0,0.0,0.0,50.0,0.0,0.0,-1,0.0,G2_TRADEABLE,tradeable_sell=False,-1,0.0,0.0,
BTC/USDT,1817,2026-05-24 14:00:00,short,0.50638,95.25,0.6,76465.16,294.187143,low_low_up,True,True,False,False,False,0.0,0.0,50.0,0.0,0.0,0.0,0.0,0.0,50.0,0.0,0.0,-1,0.0,G2_TRADEABLE,tradeable_sell=False,-1,0.0,0.0,
BTC/USDT,1818,2026-05-24 15:00:00,short,0.51092,69.56,0.6,76371.59,294.878571,low_low_up,True,True,False,False,False,0.0,0.0,50.0,0.0,0.0,0.0,0.0,0.0,50.0,0.0,0.0,-1,0.0,G2_TRADEABLE,tradeable_sell=False,-1,0.0,0.0,
BTC/USDT,1819,2026-05-24 16:00:00,short,0.50366,89.16,0.6,76671.7,301.949286,low_low_up,True,True,False,False,False,0.0,0.0,50.0,0.0,0.0,0.0,0.0,0.0,50.0,0.0,0.0,-1,0.0,G2_TRADEABLE,tradeable_sell=False,-1,0.0,0.0,
BTC/USDT,1820,2026-05-24 17:00:00,short,0.51853,86.85,0.6,76693.34,299.143571,low_low_up,True,True,False,False,False,0.0,0.0,50.0,0.0,0.0,0.0,0.0,0.0,50.0,0.0,0.0,-1,0.0,G2_TRADEABLE,tradeable_sell=False,-1,0.0,0.0,
BTC/USDT,1821,2026-05-24 18:00:00,short,0.51488,85.21,0.6,76665.73,303.697143,low_low_up,True,True,False,False,False,0.0,0.0,50.0,0.0,0.0,0.0,0.0,0.0,50.0,0.0,0.0,-1,0.0,G2_TRADEABLE,tradeable_sell=False,-1,0.0,0.0,
BTC/USDT,1822,2026-05-24 19:00:00,short,0.51003,71.89,0.6,76773.34,300.993571,low_low_up,True,True,False,False,False,0.0,0.0,50.0,0.0,0.0,0.0,0.0,0.0,50.0,0.0,0.0,-1,0.0,G2_TRADEABLE,tradeable_sell=False,-1,0.0,0.0,
BTC/USDT,1823,2026-05-24 20:00:00,short,0.51517,86.24,0.6,76668.4,290.271429,low_low_flat,False,False,False,False,False,0.0,0.0,50.0,0.0,0.0,0.0,0.0,0.0,50.0,0.0,0.0,-1,0.0,G2_TRADEABLE,tradeable_sell=False,-1,0.0,0.0,
BTC/USDT,1824,2026-05-24 21:00:00,short,0.51066,76.52,0.6,76151.14,319.705714,low_low_flat,False,False,False,False,False,0.0,0.0,50.0,0.0,0.0,0.0,0.0,0.0,50.0,0.0,0.0,-1,0.0,G2_TRADEABLE,tradeable_sell=False,-1,0.0,0.0,
BTC/USDT,1825,2026-05-24 22:00:00,short,0.52557,62.84,0.6,76803.99,373.467143,low_low_flat,False,False,False,False,False,0.0,0.0,50.0,0.0,0.0,0.0,0.0,0.0,50.0,0.0,0.0,-1,0.0,G2_TRADEABLE,tradeable_sell=False,-1,0.0,0.0,
BTC/USDT,1826,2026-05-24 23:00:00,short,0.54971,54.74,0.6,77064.96,387.550714,low_low_flat,False,False,False,False,False,0.0,0.0,50.0,0.0,0.0,0.0,0.0,0.0,50.0,0.0,0.0,-1,0.0,G2_TRADEABLE,tradeable_sell=False,-1,0.0,0.0,
BTC/USDT,1827,2026-05-25 00:00:00,short,0.57287,54.79,0.6,77153.01,359.475,low_low_flat,False,False,False,False,False,0.0,0.0,50.0,0.0,0.0,0.0,0.0,0.0,50.0,0.0,0.0,-1,0.0,G2_TRADEABLE,tradeable_sell=False,-1,0.0,0.0,
BTC/USDT,1828,2026-05-25 01:00:00,short,0.5649,61.04,0.6,76945.27,371.298571,low_low_flat,False,False,False,False,False,0.0,0.0,50.0,0.0,0.0,0.0,0.0,0.0,50.0,0.0,0.0,-1,0.0,G2_TRADEABLE,tradeable_sell=False,-1,0.0,0.0,
BTC/USDT,1829,2026-05-25 02:00:00,short,0.57575,53.81,0.6,77108.77,389.78,low_low_flat,False,False,False,False,False,0.0,0.0,50.0,0.0,0.0,0.0,0.0,0.0,50.0,0.0,0.0,-1,0.0,G2_TRADEABLE,tradeable_sell=False,-1,0.0,0.0,
BTC/USDT,1830,2026-05-25 03:00:00,short,0.56448,50.85,0.6,77026.67,370.417857,low_low_flat,False,False,False,False,False,0.0,0.0,50.0,0.0,0.0,0.0,0.0,0.0,50.0,0.0,0.0,-1,0.0,G2_TRADEABLE,tradeable_sell=False,-1,0.0,0.0,
BTC/USDT,1831,2026-05-25 04:00:00,short,0.56063,59.03,0.6,77391.07,357.172857,low_low_up,True,True,False,False,False,0.0,0.0,50.0,0.0,0.0,0.0,0.0,0.0,50.0,0.0,0.0,-1,0.0,G2_TRADEABLE,tradeable_sell=False,-1,0.0,0.0,
BTC/USDT,1832,2026-05-25 05:00:00,short,0.55672,60.53,0.6,77407.0,356.987143,low_low_up,True,True,False,False,False,0.0,0.0,50.0,0.0,0.0,0.0,0.0,0.0,50.0,0.0,0.0,-1,0.0,G2_TRADEABLE,tradeable_sell=False,-1,0.0,0.0,
BTC/USDT,1833,2026-05-25 06:00:00,short,0.54982,64.33,0.6,77419.87,361.635,low_low_flat,False,False,False,False,False,0.0,0.0,50.0,0.0,0.0,0.0,0.0,0.0,50.0,0.0,0.0,-1,0.0,G2_TRADEABLE,tradeable_sell=False,-1,0.0,0.0,
BTC/USDT,1834,2026-05-25 07:00:00,short,0.55048,64.01,0.6,77401.12,368.887857,low_low_up,True,True,False,False,False,0.0,0.0,50.0,0.0,0.0,0.0,0.0,0.0,50.0,0.0,0.0,-1,0.0,G2_TRADEABLE,tradeable_sell=False,-1,0.0,0.0,
BTC/USDT,1835,2026-05-25 08:00:00,short,0.56937,62.24,0.6,77456.94,368.695714,low_low_up,True,True,False,False,False,0.0,0.0,50.0,0.0,0.0,0.0,0.0,0.0,50.0,0.0,0.0,-1,0.0,G2_TRADEABLE,tradeable_sell=False,-1,0.0,0.0,
BTC/USDT,1836,2026-05-25 09:00:00,short,0.55102,61.85,0.6,77604.56,376.014286,low_low_up,True,True,False,False,False,0.0,0.0,50.0,0.0,0.0,0.0,0.0,0.0,50.0,0.0,0.0,-1,0.0,G2_TRADEABLE,tradeable_sell=False,-1,0.0,0.0,
BTC/USDT,1837,2026-05-25 10:00:00,short,0.55907,81.4,0.6,77545.65,375.385,low_low_flat,False,False,False,False,False,0.0,0.0,50.0,0.0,0.0,0.0,0.0,0.0,50.0,0.0,0.0,-1,0.0,G2_TRADEABLE,tradeable_sell=False,-1,0.0,0.0,
BTC/USDT,1838,2026-05-25 11:00:00,short,0.55682,79.39,0.6,77357.5,344.827857,low_low_flat,False,False,False,False,False,0.0,0.0,50.0,0.0,0.0,0.0,0.0,0.0,50.0,0.0,0.0,-1,0.0,G2_TRADEABLE,tradeable_sell=False,-1,0.0,0.0,
BTC/USDT,1839,2026-05-25 12:00:00,short,0.57744,81.24,0.6,77367.98,292.967143,low_low_flat,False,False,False,False,False,0.0,0.0,50.0,0.0,0.0,0.0,0.0,0.0,50.0,0.0,0.0,-1,0.0,G2_TRADEABLE,tradeable_sell=False,-1,0.0,0.0,
BTC/USDT,1840,2026-05-25 13:00:00,short,0.55115,79.83,0.6,77341.05,274.504286,low_low_up,True,True,False,False,False,0.0,0.0,50.0,0.0,0.0,0.0,0.0,0.0,50.0,0.0,0.0,-1,0.0,G2_TRADEABLE,tradeable_sell=False,-1,0.0,0.0,
BTC/USDT,1841,2026-05-25 14:00:00,short,0.53855,100.0,0.6,77714.0,292.061429,low_low_up,True,True,False,False,False,0.0,0.0,50.0,0.0,0.0,0.0,0.0,0.0,50.0,0.0,0.0,-1,0.0,G2_TRADEABLE,tradeable_sell=False,-1,0.0,0.0,
BTC/USDT,1842,2026-05-25 15:00:00,short,0.54797,87.64,0.6,77628.82,293.282857,low_low_up,True,True,False,False,False,0.0,0.0,50.0,0.0,0.0,0.0,0.0,0.0,50.0,0.0,0.0,-1,0.0,G2_TRADEABLE,tradeable_sell=False,-1,0.0,0.0,
BTC/USDT,1843,2026-05-25 16:00:00,short,0.55085,81.05,0.6,77735.69,276.045714,low_low_up,True,True,False,False,False,0.0,0.0,50.0,0.0,0.0,0.0,0.0,0.0,50.0,0.0,0.0,-1,0.0,G2_TRADEABLE,tradeable_sell=False,-1,0.0,0.0,
BTC/USDT,1844,2026-05-25 17:00:00,short,0.56743,81.11,0.6,77564.01,282.225,low_low_up,True,True,False,False,False,0.0,0.0,50.0,0.0,0.0,0.0,0.0,0.0,50.0,0.0,0.0,-1,0.0,G2_TRADEABLE,tradeable_sell=False,-1,0.0,0.0,
BTC/USDT,1845,2026-05-25 18:00:00,short,0.58247,79.84,0.6,77543.39,257.611429,low_low_up,True,True,False,False,False,0.0,0.0,50.0,0.0,0.0,0.0,0.0,0.0,50.0,0.0,0.0,-1,0.0,G2_TRADEABLE,tradeable_sell=False,-1,0.0,0.0,
BTC/USDT,1846,2026-05-25 19:00:00,short,0.57727,84.83,0.6,77441.86,259.452857,low_low_up,True,True,False,False,False,0.0,0.0,50.0,0.0,0.0,0.0,0.0,0.0,50.0,0.0,0.0,-1,0.0,G2_TRADEABLE,tradeable_sell=False,-1,0.0,0.0,
BTC/USDT,1847,2026-05-25 20:00:00,short,0.57176,89.87,0.6,77273.06,248.897143,low_low_up,True,True,False,False,False,0.0,0.0,50.0,0.0,0.0,0.0,0.0,0.0,50.0,0.0,0.0,-1,0.0,G2_TRADEABLE,tradeable_sell=False,-1,0.0,0.0,
BTC/USDT,1848,2026-05-25 21:00:00,short,0.55274,81.34,0.6,77367.03,233.729286,low_low_up,True,True,False,False,False,0.0,0.0,50.0,0.0,0.0,0.0,0.0,0.0,50.0,0.0,0.0,-1,0.0,G2_TRADEABLE,tradeable_sell=False,-1,0.0,0.0,
BTC/USDT,1849,2026-05-25 22:00:00,short,0.54972,85.16,0.6,77116.21,250.929286,low_low_flat,False,False,False,False,False,0.0,0.0,50.0,0.0,0.0,0.0,0.0,0.0,50.0,0.0,0.0,-1,0.0,G2_TRADEABLE,tradeable_sell=False,-1,0.0,0.0,
BTC/USDT,1850,2026-05-25 23:00:00,short,0.54888,71.71,0.6,77322.01,252.377857,low_low_flat,False,False,False,False,False,0.0,0.0,50.0,0.0,0.0,0.0,0.0,0.0,50.0,0.0,0.0,-1,0.0,G2_TRADEABLE,tradeable_sell=False,-1,0.0,0.0,
BTC/USDT,1851,2026-05-26 00:00:00,long,0.50511,89.82,0.6,76792.71,293.7,low_low_flat,False,False,False,False,False,0.0,0.0,50.0,0.0,0.0,0.0,0.0,0.0,50.0,0.0,0.0,-1,0.0,G2_TRADEABLE,tradeable_buy=False,-1,0.0,0.0,
BTC/USDT,1852,2026-05-26 01:00:00,short,0.50044,83.16,0.6,76756.98,299.756429,low_low_flat,False,False,False,False,False,0.0,0.0,50.0,0.0,0.0,0.0,0.0,0.0,50.0,0.0,0.0,-1,0.0,G2_TRADEABLE,tradeable_sell=False,-1,0.0,0.0,
BTC/USDT,1853,2026-05-26 02:00:00,long,0.52343,100.0,0.6,76660.0,309.975,low_low_flat,False,False,False,False,False,0.0,0.0,50.0,0.0,0.0,0.0,0.0,0.0,50.0,0.0,0.0,-1,0.0,G2_TRADEABLE,tradeable_buy=False,-1,0.0,0.0,
BTC/USDT,1854,2026-05-26 03:00:00,long,0.50959,82.73,0.6,76664.01,314.733571,low_low_flat,False,False,False,False,False,0.0,0.0,50.0,0.0,0.0,0.0,0.0,0.0,50.0,0.0,0.0,-1,0.0,G2_TRADEABLE,tradeable_buy=False,-1,0.0,0.0,
BTC/USDT,1855,2026-05-26 04:00:00,short,0.50056,62.62,0.6,76749.5,296.279286,low_low_flat,False,False,False,False,False,0.0,0.0,50.0,0.0,0.0,0.0,0.0,0.0,50.0,0.0,0.0,-1,0.0,G2_TRADEABLE,tradeable_sell=False,-1,0.0,0.0,
BTC/USDT,1856,2026-05-26 05:00:00,short,0.52246,87.73,0.6,76930.01,291.701429,low_low_flat,False,False,False,False,False,0.0,0.0,50.0,0.0,0.0,0.0,0.0,0.0,50.0,0.0,0.0,-1,0.0,G2_TRADEABLE,tradeable_sell=False,-1,0.0,0.0,
BTC/USDT,1857,2026-05-26 06:00:00,short,0.5119,90.29,0.6,76908.01,290.725,low_low_flat,False,False,False,False,False,0.0,0.0,50.0,0.0,0.0,0.0,0.0,0.0,50.0,0.0,0.0,-1,0.0,G2_TRADEABLE,tradeable_sell=False,-1,0.0,0.0,
BTC/USDT,1858,2026-05-26 07:00:00,short,0.50926,64.06,0.6,76730.84,295.491429,low_low_flat,False,False,False,False,False,0.0,0.0,50.0,0.0,0.0,0.0,0.0,0.0,50.0,0.0,0.0,-1,0.0,G2_TRADEABLE,tradeable_sell=False,-1,0.0,0.0,
BTC/USDT,1859,2026-05-26 08:00:00,long,0.50631,76.44,0.6,76726.37,298.646429,low_low_flat,False,False,False,False,False,0.0,0.0,50.0,0.0,0.0,0.0,0.0,0.0,50.0,0.0,0.0,-1,0.0,G2_TRADEABLE,tradeable_buy=False,-1,0.0,0.0,
BTC/USDT,1860,2026-05-26 09:00:00,long,0.50406,79.24,0.6,76672.19,295.391429,low_low_down,True,True,False,False,False,0.0,0.0,50.0,0.0,0.0,0.0,0.0,0.0,50.0,0.0,0.0,-1,0.0,G2_TRADEABLE,tradeable_buy=False,-1,0.0,0.0,
BTC/USDT,1861,2026-05-26 10:00:00,short,0.53202,96.4,0.6,77430.0,349.306429,low_low_flat,False,False,False,False,False,0.0,0.0,50.0,0.0,0.0,0.0,0.0,0.0,50.0,0.0,0.0,-1,0.0,G2_TRADEABLE,tradeable_sell=False,-1,0.0,0.0,
BTC/USDT,1862,2026-05-26 11:00:00,short,0.50929,77.18,0.6,77183.55,364.946429,low_low_flat,False,False,False,False,False,0.0,0.0,50.0,0.0,0.0,0.0,0.0,0.0,50.0,0.0,0.0,-1,0.0,G2_TRADEABLE,tradeable_sell=False,-1,0.0,0.0,
BTC/USDT,1863,2026-05-26 12:00:00,short,0.51778,76.6,0.6,77132.5,359.550714,low_low_flat,False,False,False,False,False,0.0,0.0,50.0,0.0,0.0,0.0,0.0,0.0,50.0,0.0,0.0,-1,0.0,G2_TRADEABLE,tradeable_sell=False,-1,0.0,0.0,
BTC/USDT,1864,2026-05-26 13:00:00,short,0.51455,81.24,0.6,77231.56,393.625714,low_low_flat,False,False,False,False,False,0.0,0.0,50.0,0.0,0.0,0.0,0.0,0.0,50.0,0.0,0.0,-1,0.0,G2_TRADEABLE,tradeable_sell=False,-1,0.0,0.0,
BTC/USDT,1865,2026-05-26 14:00:00,short,0.52029,99.25,0.6,76908.01,435.472857,low_med_flat,False,False,False,False,False,0.0,0.0,50.0,0.0,0.0,0.0,0.0,0.0,50.0,0.0,0.0,-1,0.0,G2_TRADEABLE,tradeable_sell=False,-1,0.0,0.0,
BTC/USDT,1866,2026-05-26 15:00:00,long,0.52752,100.0,0.6,76518.1,467.062857,low_med_down,False,True,False,False,False,0.0,0.0,50.0,0.0,0.0,0.0,0.0,0.0,50.0,0.0,0.0,-1,0.0,G2_TRADEABLE,tradeable_buy=False,-1,0.0,0.0,
BTC/USDT,1867,2026-05-26 16:00:00,long,0.52754,100.0,0.6,76558.0,481.592143,low_med_down,False,True,False,False,False,0.0,0.0,50.0,0.0,0.0,0.0,0.0,0.0,50.0,0.0,0.0,-1,0.0,G2_TRADEABLE,tradeable_buy=False,-1,0.0,0.0,
BTC/USDT,1868,2026-05-26 17:00:00,long,0.54064,86.28,0.6,75935.08,522.291429,med_med_down,False,True,False,False,False,0.0,0.0,50.0,0.0,0.0,0.0,0.0,0.0,50.0,0.0,0.0,-1,0.0,G2_TRADEABLE,tradeable_buy=False,-1,0.0,0.0,
BTC/USDT,1869,2026-05-26 18:00:00,long,0.52214,82.1,0.6,75840.55,542.567857,med_med_down,False,True,False,False,False,0.0,0.0,50.0,0.0,0.0,0.0,0.0,0.0,50.0,0.0,0.0,-1,0.0,G2_TRADEABLE,tradeable_buy=False,-1,0.0,0.0,
BTC/USDT,1870,2026-05-26 19:00:00,long,0.54873,81.68,0.6,76052.0,543.627143,med_med_down,False,True,False,False,False,0.0,0.0,50.0,0.0,0.0,0.0,0.0,0.0,50.0,0.0,0.0,-1,0.0,G2_TRADEABLE,tradeable_buy=False,-1,0.0,0.0,
BTC/USDT,1871,2026-05-26 20:00:00,long,0.53447,79.17,0.6,76106.86,537.385714,med_med_down,False,True,False,False,False,0.0,0.0,50.0,0.0,0.0,0.0,0.0,0.0,50.0,0.0,0.0,-1,0.0,G2_TRADEABLE,tradeable_buy=False,-1,0.0,0.0,
BTC/USDT,1872,2026-05-26 21:00:00,long,0.51371,56.9,0.6,75890.0,533.563571,med_med_down,False,True,False,False,False,0.0,0.0,50.0,0.0,0.0,0.0,0.0,0.0,50.0,0.0,0.0,-1,0.0,G2_TRADEABLE,tradeable_buy=False,-1,0.0,0.0,
BTC/USDT,1873,2026-05-26 22:00:00,long,0.50443,57.97,0.6,75749.02,545.147143,med_med_down,False,True,False,False,False,0.0,0.0,50.0,0.0,0.0,0.0,0.0,0.0,50.0,0.0,0.0,-1,0.0,G2_TRADEABLE,tradeable_buy=False,-1,0.0,0.0,
BTC/USDT,1874,2026-05-26 23:00:00,long,0.53158,59.78,0.6,75930.01,551.091429,med_med_down,False,True,False,False,False,0.0,0.0,50.0,0.0,0.0,0.0,0.0,0.0,50.0,0.0,0.0,-1,0.0,G2_TRADEABLE,tradeable_buy=False,-1,0.0,0.0,
BTC/USDT,1875,2026-05-27 00:00:00,long,0.57368,65.13,0.6,76085.01,492.675714,med_med_flat,True,True,False,False,False,0.0,0.0,50.0,0.0,0.0,0.0,0.0,0.0,50.0,0.0,0.0,-1,0.0,G2_TRADEABLE,tradeable_buy=False,-1,0.0,0.0,
BTC/USDT,1876,2026-05-27 01:00:00,long,0.55777,61.57,0.6,75877.44,488.249286,med_med_down,False,True,False,False,False,0.0,0.0,50.0,0.0,0.0,0.0,0.0,0.0,50.0,0.0,0.0,-1,0.0,G2_TRADEABLE,tradeable_buy=False,-1,0.0,0.0,
BTC/USDT,1877,2026-05-27 02:00:00,long,0.55743,61.31,0.6,75879.0,477.750714,med_med_flat,True,True,False,False,False,0.0,0.0,50.0,0.0,0.0,0.0,0.0,0.0,50.0,0.0,0.0,-1,0.0,G2_TRADEABLE,tradeable_buy=False,-1,0.0,0.0,
BTC/USDT,1878,2026-05-27 03:00:00,long,0.55361,61.19,0.6,75683.0,448.262143,med_med_down,False,True,False,False,False,0.0,0.0,50.0,0.0,0.0,0.0,0.0,0.0,50.0,0.0,0.0,-1,0.0,G2_TRADEABLE,tradeable_buy=False,-1,0.0,0.0,
BTC/USDT,1879,2026-05-27 04:00:00,long,0.54012,61.54,0.6,75579.01,379.726429,med_low_down,False,True,False,False,False,0.0,0.0,50.0,0.0,0.0,0.0,0.0,0.0,50.0,0.0,0.0,-1,0.0,G2_TRADEABLE,tradeable_buy=False,-1,0.0,0.0,
BTC/USDT,1880,2026-05-27 05:00:00,long,0.53732,59.98,0.6,75697.99,338.368571,med_low_down,False,True,False,False,False,0.0,0.0,50.0,0.0,0.0,0.0,0.0,0.0,50.0,0.0,0.0,-1,0.0,G2_TRADEABLE,tradeable_buy=False,-1,0.0,0.0,
BTC/USDT,1881,2026-05-27 06:00:00,long,0.52459,60.05,0.6,75838.65,317.622857,med_low_down,False,True,False,False,False,0.0,0.0,50.0,0.0,0.0,0.0,0.0,0.0,50.0,0.0,0.0,-1,0.0,G2_TRADEABLE,tradeable_buy=False,-1,0.0,0.0,
BTC/USDT,1882,2026-05-27 07:00:00,short,0.52026,46.5,0.6,75977.17,275.915,med_low_flat,False,True,False,False,False,0.0,0.0,50.0,0.0,0.0,0.0,0.0,0.0,50.0,0.0,0.0,-1,0.0,G2_TRADEABLE,tradeable_sell=False,-1,0.0,0.0,
BTC/USDT,1883,2026-05-27 08:00:00,short,0.52371,45.71,0.6,75873.24,256.917143,med_low_down,False,True,False,False,False,0.0,0.0,50.0,0.0,0.0,0.0,0.0,0.0,50.0,0.0,0.0,-1,0.0,G2_TRADEABLE,tradeable_sell=False,-1,0.0,0.0,
BTC/USDT,1884,2026-05-27 09:00:00,short,0.5077,64.49,0.6,75912.6,254.630714,med_low_flat,False,True,False,False,False,0.0,0.0,50.0,0.0,0.0,0.0,0.0,0.0,50.0,0.0,0.0,-1,0.0,G2_TRADEABLE,tradeable_sell=False,-1,0.0,0.0,
BTC/USDT,1885,2026-05-27 10:00:00,short,0.5245,66.4,0.6,75909.82,252.243571,med_low_down,False,True,False,False,False,0.0,0.0,50.0,0.0,0.0,0.0,0.0,0.0,50.0,0.0,0.0,-1,0.0,G2_TRADEABLE,tradeable_sell=False,-1,0.0,0.0,
BTC/USDT,1886,2026-05-27 11:00:00,short,0.52901,67.79,0.6,75769.18,252.802857,med_low_down,False,True,False,False,False,0.0,0.0,50.0,0.0,0.0,0.0,0.0,0.0,50.0,0.0,0.0,-1,0.0,G2_TRADEABLE,tradeable_sell=False,-1,0.0,0.0,
BTC/USDT,1887,2026-05-27 12:00:00,short,0.52644,74.23,0.6,75688.0,272.619286,med_low_down,False,True,False,False,False,0.0,0.0,50.0,0.0,0.0,0.0,0.0,0.0,50.0,0.0,0.0,-1,0.0,G2_TRADEABLE,tradeable_sell=False,-1,0.0,0.0,
BTC/USDT,1888,2026-05-27 13:00:00,long,0.51901,100.0,0.6,75073.4,319.504286,med_low_down,False,True,False,False,False,0.0,0.0,50.0,0.0,0.0,0.0,0.0,0.0,50.0,0.0,0.0,-1,0.0,G2_TRADEABLE,tradeable_buy=False,-1,0.0,0.0,
BTC/USDT,1889,2026-05-27 14:00:00,long,0.51163,100.0,0.6,75031.92,340.846429,med_low_down,False,True,False,False,False,0.0,0.0,50.0,0.0,0.0,0.0,0.0,0.0,50.0,0.0,0.0,-1,0.0,G2_TRADEABLE,tradeable_buy=False,-1,0.0,0.0,
BTC/USDT,1890,2026-05-27 15:00:00,long,0.52187,83.68,0.6,75326.01,357.882143,med_low_down,False,True,False,False,False,0.0,0.0,50.0,0.0,0.0,0.0,0.0,0.0,50.0,0.0,0.0,-1,0.0,G2_TRADEABLE,tradeable_buy=False,-1,0.0,0.0,
BTC/USDT,1891,2026-05-27 16:00:00,long,0.51517,80.94,0.6,75304.01,372.197143,med_low_down,False,True,False,False,False,0.0,0.0,50.0,0.0,0.0,0.0,0.0,0.0,50.0,0.0,0.0,-1,0.0,G2_TRADEABLE,tradeable_buy=False,-1,0.0,0.0,
BTC/USDT,1892,2026-05-27 17:00:00,long,0.51559,84.86,0.6,74860.42,393.564286,med_med_down,False,True,False,False,False,0.0,0.0,50.0,0.0,0.0,0.0,0.0,0.0,50.0,0.0,0.0,-1,0.0,G2_TRADEABLE,tradeable_buy=False,-1,0.0,0.0,
BTC/USDT,1893,2026-05-27 18:00:00,long,0.50916,80.69,0.6,75026.67,391.613571,med_low_down,False,True,False,False,False,0.0,0.0,50.0,0.0,0.0,0.0,0.0,0.0,50.0,0.0,0.0,-1,0.0,G2_TRADEABLE,tradeable_buy=False,-1,0.0,0.0,
BTC/USDT,1894,2026-05-27 19:00:00,short,0.50009,83.86,0.6,75066.08,391.074286,med_low_down,False,True,False,False,False,0.0,0.0,50.0,0.0,0.0,0.0,0.0,0.0,50.0,0.0,0.0,-1,0.0,G2_TRADEABLE,tradeable_sell=False,-1,0.0,0.0,
BTC/USDT,1895,2026-05-27 20:00:00,long,0.52021,69.7,0.6,75274.58,401.757857,med_med_down,False,True,False,False,False,0.0,0.0,50.0,0.0,0.0,0.0,0.0,0.0,50.0,0.0,0.0,-1,0.0,G2_TRADEABLE,tradeable_buy=False,-1,0.0,0.0,
BTC/USDT,1896,2026-05-27 21:00:00,long,0.55187,81.02,0.6,74473.01,452.959286,med_med_down,False,True,False,False,False,0.0,0.0,50.0,0.0,0.0,0.0,0.0,0.0,50.0,0.0,0.0,-1,0.0,G2_TRADEABLE,tradeable_buy=False,-1,0.0,0.0,
BTC/USDT,1897,2026-05-27 22:00:00,long,0.53957,80.72,0.6,74418.13,473.402143,med_med_down,False,True,False,False,False,0.0,0.0,50.0,0.0,0.0,0.0,0.0,0.0,50.0,0.0,0.0,-1,0.0,G2_TRADEABLE,tradeable_buy=False,-1,0.0,0.0,
BTC/USDT,1898,2026-05-27 23:00:00,long,0.54482,85.17,0.6,74449.3,477.742143,med_med_down,False,True,False,False,False,0.0,0.0,50.0,0.0,0.0,0.0,0.0,0.0,50.0,0.0,0.0,-1,0.0,G2_TRADEABLE,tradeable_buy=False,-1,0.0,0.0,
BTC/USDT,1899,2026-05-28 00:00:00,long,0.54396,81.27,0.6,74570.66,481.254286,med_med_down,False,True,False,False,False,0.0,0.0,50.0,0.0,0.0,0.0,0.0,0.0,50.0,0.0,0.0,-1,0.0,G2_TRADEABLE,tradeable_buy=False,-1,0.0,0.0,
BTC/USDT,1900,2026-05-28 01:00:00,long,0.52544,80.85,0.6,74344.08,492.656429,med_med_down,False,True,False,False,False,0.0,0.0,50.0,0.0,0.0,0.0,0.0,0.0,50.0,0.0,0.0,-1,0.0,G2_TRADEABLE,tradeable_buy=False,-1,0.0,0.0,
BTC/USDT,1901,2026-05-28 02:00:00,long,0.52336,81.38,0.6,74287.42,469.372857,med_med_down,False,True,False,False,False,0.0,0.0,50.0,0.0,0.0,0.0,0.0,0.0,50.0,0.0,0.0,-1,0.0,G2_TRADEABLE,tradeable_buy=False,-1,0.0,0.0,
BTC/USDT,1902,2026-05-28 03:00:00,long,0.54158,100.0,0.6,73258.01,499.8,med_med_down,False,True,False,False,False,0.0,0.0,50.0,0.0,0.0,0.0,0.0,0.0,50.0,0.0,0.0,-1,0.0,G2_TRADEABLE,tradeable_buy=False,-1,0.0,0.0,
BTC/USDT,1903,2026-05-28 04:00:00,long,0.54525,85.87,0.6,73181.95,500.898571,med_med_down,False,True,False,False,False,0.0,0.0,50.0,0.0,0.0,0.0,0.0,0.0,50.0,0.0,0.0,-1,0.0,G2_TRADEABLE,tradeable_buy=False,-1,0.0,0.0,
BTC/USDT,1904,2026-05-28 05:00:00,long,0.52884,80.52,0.6,72990.87,483.381429,med_med_down,False,True,False,False,False,0.0,0.0,50.0,0.0,0.0,0.0,0.0,0.0,50.0,0.0,0.0,-1,0.0,G2_TRADEABLE,tradeable_buy=False,-1,0.0,0.0,
BTC/USDT,1905,2026-05-28 06:00:00,long,0.55199,84.59,0.6,73202.7,486.523571,high_med_down,False,True,False,False,False,0.0,0.0,50.0,0.0,0.0,0.0,0.0,0.0,50.0,0.0,0.0,-1,0.0,G2_TRADEABLE,tradeable_buy=False,-1,0.0,0.0,
BTC/USDT,1906,2026-05-28 07:00:00,long,0.55087,84.09,0.6,73498.0,464.788571,high_med_down,False,True,False,False,False,0.0,0.0,50.0,0.0,0.0,0.0,0.0,0.0,50.0,0.0,0.0,-1,0.0,G2_TRADEABLE,tradeable_buy=False,-1,0.0,0.0,
BTC/USDT,1907,2026-05-28 08:00:00,long,0.52765,79.42,0.6,73325.88,460.382143,high_med_down,False,True,False,False,False,0.0,0.0,50.0,0.0,0.0,0.0,0.0,0.0,50.0,0.0,0.0,-1,0.0,G2_TRADEABLE,tradeable_buy=False,-1,0.0,0.0,
BTC/USDT,1908,2026-05-28 09:00:00,long,0.53532,81.79,0.6,73541.24,470.781429,high_med_down,False,True,False,False,False,0.0,0.0,50.0,0.0,0.0,0.0,0.0,0.0,50.0,0.0,0.0,-1,0.0,G2_TRADEABLE,tradeable_buy=False,-1,0.0,0.0,
BTC/USDT,1909,2026-05-28 10:00:00,long,0.52203,80.46,0.6,73400.01,464.105,high_med_down,False,True,False,False,False,0.0,0.0,50.0,0.0,0.0,0.0,0.0,0.0,50.0,0.0,0.0,-1,0.0,G2_TRADEABLE,tradeable_buy=False,-1,0.0,0.0,
BTC/USDT,1910,2026-05-28 11:00:00,short,0.50257,66.91,0.6,73505.66,412.664286,high_med_down,False,True,False,False,False,0.0,0.0,50.0,0.0,0.0,0.0,0.0,0.0,50.0,0.0,0.0,-1,0.0,G2_TRADEABLE,tradeable_sell=False,-1,0.0,0.0,
BTC/USDT,1911,2026-05-28 12:00:00,short,0.5,67.27,0.6,73518.01,399.85,high_med_down,False,True,False,False,False,0.0,0.0,50.0,0.0,0.0,0.0,0.0,0.0,50.0,0.0,0.0,-1,0.0,G2_TRADEABLE,tradeable_sell=False,-1,0.0,0.0,
BTC/USDT,1912,2026-05-28 13:00:00,long,0.51792,84.54,0.6,73022.02,433.775,high_med_down,False,True,False,False,False,0.0,0.0,50.0,0.0,0.0,0.0,0.0,0.0,50.0,0.0,0.0,-1,0.0,G2_TRADEABLE,tradeable_buy=False,-1,0.0,0.0,
BTC/USDT,1913,2026-05-28 14:00:00,long,0.51635,90.59,0.6,73033.06,489.295,high_med_down,False,True,False,False,False,0.0,0.0,50.0,0.0,0.0,0.0,0.0,0.0,50.0,0.0,0.0,-1,0.0,G2_TRADEABLE,tradeable_buy=False,-1,0.0,0.0,
BTC/USDT,1914,2026-05-28 15:00:00,long,0.51733,80.86,0.6,72928.73,492.526429,high_med_down,False,True,False,False,False,0.0,0.0,50.0,0.0,0.0,0.0,0.0,0.0,50.0,0.0,0.0,-1,0.0,G2_TRADEABLE,tradeable_buy=False,-1,0.0,0.0,
BTC/USDT,1915,2026-05-28 16:00:00,long,0.52062,83.71,0.6,73440.67,523.015,high_med_down,False,True,False,False,False,0.0,0.0,50.0,0.0,0.0,0.0,0.0,0.0,50.0,0.0,0.0,-1,0.0,G2_TRADEABLE,tradeable_buy=False,-1,0.0,0.0,
BTC/USDT,1916,2026-05-28 17:00:00,long,0.51163,85.81,0.6,73554.82,458.63,high_med_down,False,True,False,False,False,0.0,0.0,50.0,0.0,0.0,0.0,0.0,0.0,50.0,0.0,0.0,-1,0.0,G2_TRADEABLE,tradeable_buy=False,-1,0.0,0.0,
BTC/USDT,1917,2026-05-28 18:00:00,short,0.51089,62.87,0.6,73652.88,437.484286,high_med_down,False,True,False,False,False,0.0,0.0,50.0,0.0,0.0,0.0,0.0,0.0,50.0,0.0,0.0,-1,0.0,G2_TRADEABLE,tradeable_sell=False,-1,0.0,0.0,
BTC/USDT,1918,2026-05-28 19:00:00,long,0.5286,84.11,0.6,73419.32,437.326429,high_med_down,False,True,False,False,False,0.0,0.0,50.0,0.0,0.0,0.0,0.0,0.0,50.0,0.0,0.0,-1,0.0,G2_TRADEABLE,tradeable_buy=False,-1,0.0,0.0,
BTC/USDT,1919,2026-05-28 20:00:00,long,0.50199,85.49,0.6,73579.99,439.324286,high_med_down,False,True,False,False,False,0.0,0.0,50.0,0.0,0.0,0.0,0.0,0.0,50.0,0.0,0.0,-1,0.0,G2_TRADEABLE,tradeable_buy=False,-1,0.0,0.0,
BTC/USDT,1920,2026-05-28 21:00:00,short,0.52092,72.64,0.6,73817.31,440.155,high_med_flat,,,True,False,False,0.0,0.0,50.0,0.0,0.0,0.0,0.0,0.0,50.0,0.0,0.0,-1,0.0,G1_REGIME,regime='high_med_flat' skipped=True reg_empty=False,-1,0.0,0.0,
BTC/USDT,1921,2026-05-28 22:00:00,long,0.50459,84.32,0.6,73464.8,453.997857,high_med_down,False,True,False,False,False,0.0,0.0,50.0,0.0,0.0,0.0,0.0,0.0,50.0,0.0,0.0,-1,0.0,G2_TRADEABLE,tradeable_buy=False,-1,0.0,0.0,
BTC/USDT,1922,2026-05-28 23:00:00,short,0.51624,71.29,0.6,73617.51,450.548571,med_med_down,False,True,False,False,False,0.0,0.0,50.0,0.0,0.0,0.0,0.0,0.0,50.0,0.0,0.0,-1,0.0,G2_TRADEABLE,tradeable_sell=False,-1,0.0,0.0,
BTC/USDT,1923,2026-05-29 00:00:00,short,0.53692,83.9,0.6,73716.37,448.489286,med_med_down,False,True,False,False,False,0.0,0.0,50.0,0.0,0.0,0.0,0.0,0.0,50.0,0.0,0.0,-1,0.0,G2_TRADEABLE,tradeable_sell=False,-1,0.0,0.0,
BTC/USDT,1924,2026-05-29 01:00:00,short,0.52931,75.26,0.6,73586.83,462.215,med_med_flat,True,True,False,False,False,0.0,0.0,50.0,0.0,0.0,0.0,0.0,0.0,50.0,0.0,0.0,-1,0.0,G2_TRADEABLE,tradeable_sell=False,-1,0.0,0.0,
BTC/USDT,1925,2026-05-29 02:00:00,short,0.51336,71.18,0.6,73225.06,470.956429,med_med_down,False,True,False,False,False,0.0,0.0,50.0,0.0,0.0,0.0,0.0,0.0,50.0,0.0,0.0,-1,0.0,G2_TRADEABLE,tradeable_sell=False,-1,0.0,0.0,
BTC/USDT,1926,2026-05-29 03:00:00,short,0.55573,54.97,0.6,73301.52,430.142857,med_med_flat,True,True,False,False,False,0.0,0.0,50.0,0.0,0.0,0.0,0.0,0.0,50.0,0.0,0.0,-1,0.0,G2_TRADEABLE,tradeable_sell=False,-1,0.0,0.0,
BTC/USDT,1927,2026-05-29 04:00:00,short,0.56641,55.35,0.6,73507.69,380.740714,med_low_flat,False,True,False,False,False,0.0,0.0,50.0,0.0,0.0,0.0,0.0,0.0,50.0,0.0,0.0,-1,0.0,G2_TRADEABLE,tradeable_sell=False,-1,0.0,0.0,
BTC/USDT,1928,2026-05-29 05:00:00,short,0.5493,67.36,0.6,73706.0,362.125,med_low_up,False,True,False,False,False,0.0,0.0,50.0,0.0,0.0,0.0,0.0,0.0,50.0,0.0,0.0,-1,0.0,G2_TRADEABLE,tradeable_sell=False,-1,0.0,0.0,
BTC/USDT,1929,2026-05-29 06:00:00,short,0.56763,61.03,0.6,73786.32,333.472857,med_low_up,False,True,False,False,False,0.0,0.0,50.0,0.0,0.0,0.0,0.0,0.0,50.0,0.0,0.0,-1,0.0,G2_TRADEABLE,tradeable_sell=False,-1,0.0,0.0,
BTC/USDT,1930,2026-05-29 07:00:00,short,0.5517,62.88,0.6,73528.56,336.203571,med_low_flat,False,True,False,False,False,0.0,0.0,50.0,0.0,0.0,0.0,0.0,0.0,50.0,0.0,0.0,-1,0.0,G2_TRADEABLE,tradeable_sell=False,-1,0.0,0.0,
BTC/USDT,1931,2026-05-29 08:00:00,short,0.5677,55.97,0.6,73653.4,341.665,med_low_flat,False,True,False,False,False,0.0,0.0,50.0,0.0,0.0,0.0,0.0,0.0,50.0,0.0,0.0,-1,0.0,G2_TRADEABLE,tradeable_sell=False,-1,0.0,0.0,
BTC/USDT,1932,2026-05-29 09:00:00,short,0.56103,63.04,0.6,73744.96,340.393571,med_low_flat,False,True,False,False,False,0.0,0.0,50.0,0.0,0.0,0.0,0.0,0.0,50.0,0.0,0.0,-1,0.0,G2_TRADEABLE,tradeable_sell=False,-1,0.0,0.0,
BTC/USDT,1933,2026-05-29 10:00:00,short,0.55774,56.78,0.6,73634.64,317.638571,med_low_flat,False,True,False,False,False,0.0,0.0,50.0,0.0,0.0,0.0,0.0,0.0,50.0,0.0,0.0,-1,0.0,G2_TRADEABLE,tradeable_sell=False,-1,0.0,0.0,
BTC/USDT,1934,2026-05-29 11:00:00,short,0.55473,57.01,0.6,73487.98,317.123571,med_low_flat,False,True,False,False,False,0.0,0.0,50.0,0.0,0.0,0.0,0.0,0.0,50.0,0.0,0.0,-1,0.0,G2_TRADEABLE,tradeable_sell=False,-1,0.0,0.0,
BTC/USDT,1935,2026-05-29 12:00:00,short,0.56505,61.2,0.6,73295.73,301.788571,med_low_flat,False,True,False,False,False,0.0,0.0,50.0,0.0,0.0,0.0,0.0,0.0,50.0,0.0,0.0,-1,0.0,G2_TRADEABLE,tradeable_sell=False,-1,0.0,0.0,
BTC/USDT,1936,2026-05-29 13:00:00,short,0.55235,82.94,0.6,73135.7,315.750714,med_low_flat,False,True,False,False,False,0.0,0.0,50.0,0.0,0.0,0.0,0.0,0.0,50.0,0.0,0.0,-1,0.0,G2_TRADEABLE,tradeable_sell=False,-1,0.0,0.0,
BTC/USDT,1937,2026-05-29 14:00:00,long,0.50204,70.08,0.6,73096.85,347.780714,low_low_flat,False,False,False,False,False,0.0,0.0,50.0,0.0,0.0,0.0,0.0,0.0,50.0,0.0,0.0,-1,0.0,G2_TRADEABLE,tradeable_buy=False,-1,0.0,0.0,
BTC/USDT,1938,2026-05-29 15:00:00,short,0.53851,85.94,0.6,73808.26,403.938571,med_med_up,False,True,False,False,False,0.0,0.0,50.0,0.0,0.0,0.0,0.0,0.0,50.0,0.0,0.0,-1,0.0,G2_TRADEABLE,tradeable_sell=False,-1,0.0,0.0,
BTC/USDT,1939,2026-05-29 16:00:00,short,0.54692,69.55,0.6,74056.5,411.183571,med_med_up,False,True,False,False,False,0.0,0.0,50.0,0.0,0.0,0.0,0.0,0.0,50.0,0.0,0.0,-1,0.0,G2_TRADEABLE,tradeable_sell=False,-1,0.0,0.0,
BTC/USDT,1940,2026-05-29 17:00:00,short,0.51647,84.01,0.6,73980.94,436.697857,med_med_up,False,True,False,False,False,0.0,0.0,50.0,0.0,0.0,0.0,0.0,0.0,50.0,0.0,0.0,-1,0.0,G2_TRADEABLE,tradeable_sell=False,-1,0.0,0.0,
BTC/USDT,1941,2026-05-29 18:00:00,short,0.5,51.95,0.6,73374.52,478.075,med_med_flat,True,True,False,False,False,0.0,0.0,50.0,0.0,0.0,0.0,0.0,0.0,50.0,0.0,0.0,-1,0.0,G2_TRADEABLE,tradeable_sell=False,-1,0.0,0.0,
BTC/USDT,1942,2026-05-29 19:00:00,short,0.51985,56.15,0.6,73520.28,497.303571,med_med_flat,True,True,False,False,False,0.0,0.0,50.0,0.0,0.0,0.0,0.0,0.0,50.0,0.0,0.0,-1,0.0,G2_TRADEABLE,tradeable_sell=False,-1,0.0,0.0,
BTC/USDT,1943,2026-05-29 20:00:00,short,0.50981,62.2,0.6,73673.61,493.579286,med_med_flat,True,True,False,False,False,0.0,0.0,50.0,0.0,0.0,0.0,0.0,0.0,50.0,0.0,0.0,-1,0.0,G2_TRADEABLE,tradeable_sell=False,-1,0.0,0.0,
BTC/USDT,1944,2026-05-29 21:00:00,long,0.50354,61.8,0.6,73409.27,492.047857,med_med_flat,True,True,False,False,False,0.0,0.0,50.0,0.0,0.0,0.0,0.0,0.0,50.0,0.0,0.0,-1,0.0,G2_TRADEABLE,tradeable_buy=False,-1,0.0,0.0,
BTC/USDT,1945,2026-05-29 22:00:00,short,0.51095,58.25,0.6,73483.52,483.507857,med_med_flat,True,True,False,False,False,0.0,0.0,50.0,0.0,0.0,0.0,0.0,0.0,50.0,0.0,0.0,-1,0.0,G2_TRADEABLE,tradeable_sell=False,-1,0.0,0.0,
BTC/USDT,1946,2026-05-29 23:00:00,long,0.50275,51.51,0.6,73460.78,478.988571,med_med_flat,True,True,False,False,False,0.0,0.0,50.0,0.0,0.0,0.0,0.0,0.0,50.0,0.0,0.0,-1,0.0,G2_TRADEABLE,tradeable_buy=False,-1,0.0,0.0,
BTC/USDT,1947,2026-05-30 00:00:00,long,0.50516,53.9,0.6,73498.8,479.688571,med_med_flat,True,True,False,False,False,0.0,0.0,50.0,0.0,0.0,0.0,0.0,0.0,50.0,0.0,0.0,-1,0.0,G2_TRADEABLE,tradeable_buy=False,-1,0.0,0.0,
BTC/USDT,1948,2026-05-30 01:00:00,short,0.51552,62.56,0.6,73657.9,467.668571,med_med_flat,True,True,False,False,False,0.0,0.0,50.0,0.0,0.0,0.0,0.0,0.0,50.0,0.0,0.0,-1,0.0,G2_TRADEABLE,tradeable_sell=False,-1,0.0,0.0,
BTC/USDT,1949,2026-05-30 02:00:00,short,0.5314,60.13,0.6,73786.69,459.587857,med_med_up,False,True,False,False,False,0.0,0.0,50.0,0.0,0.0,0.0,0.0,0.0,50.0,0.0,0.0,-1,0.0,G2_TRADEABLE,tradeable_sell=False,-1,0.0,0.0,
BTC/USDT,1950,2026-05-30 03:00:00,short,0.52818,56.6,0.6,73524.01,447.219286,med_med_flat,True,True,False,False,False,0.0,0.0,50.0,0.0,0.0,0.0,0.0,0.0,50.0,0.0,0.0,-1,0.0,G2_TRADEABLE,tradeable_sell=False,-1,0.0,0.0,
BTC/USDT,1951,2026-05-30 04:00:00,short,0.53045,48.36,0.6,73402.84,423.885,med_med_flat,True,True,False,False,False,0.0,0.0,50.0,0.0,0.0,0.0,0.0,0.0,50.0,0.0,0.0,-1,0.0,G2_TRADEABLE,tradeable_sell=False,-1,0.0,0.0,
BTC/USDT,1952,2026-05-30 05:00:00,short,0.54741,57.55,0.6,73604.99,359.394286,med_low_flat,False,True,False,False,False,0.0,0.0,50.0,0.0,0.0,0.0,0.0,0.0,50.0,0.0,0.0,-1,0.0,G2_TRADEABLE,tradeable_sell=False,-1,0.0,0.0,
BTC/USDT,1953,2026-05-30 06:00:00,short,0.54461,57.81,0.6,73584.99,332.316429,med_low_flat,False,True,False,False,False,0.0,0.0,50.0,0.0,0.0,0.0,0.0,0.0,50.0,0.0,0.0,-1,0.0,G2_TRADEABLE,tradeable_sell=False,-1,0.0,0.0,
BTC/USDT,1954,2026-05-30 07:00:00,short,0.55052,56.06,0.6,73548.6,297.561429,med_low_flat,False,True,False,False,False,0.0,0.0,50.0,0.0,0.0,0.0,0.0,0.0,50.0,0.0,0.0,-1,0.0,G2_TRADEABLE,tradeable_sell=False,-1,0.0,0.0,
BTC/USDT,1955,2026-05-30 08:00:00,short,0.53204,54.58,0.6,73530.07,239.670714,med_low_flat,False,True,False,False,False,0.0,0.0,50.0,0.0,0.0,0.0,0.0,0.0,50.0,0.0,0.0,-1,0.0,G2_TRADEABLE,tradeable_sell=False,-1,0.0,0.0,
BTC/USDT,1956,2026-05-30 09:00:00,short,0.54218,50.27,0.6,73615.46,212.8,med_low_flat,False,True,False,False,False,0.0,0.0,50.0,0.0,0.0,0.0,0.0,0.0,50.0,0.0,0.0,-1,0.0,G2_TRADEABLE,tradeable_sell=False,-1,0.0,0.0,
BTC/USDT,1957,2026-05-30 10:00:00,short,0.57745,63.78,0.6,73655.85,201.527143,med_low_flat,False,True,False,False,False,0.0,0.0,50.0,0.0,0.0,0.0,0.0,0.0,50.0,0.0,0.0,-1,0.0,G2_TRADEABLE,tradeable_sell=False,-1,0.0,0.0,
BTC/USDT,1958,2026-05-30 11:00:00,short,0.54263,55.18,0.6,73602.02,176.958571,med_low_flat,False,True,False,False,False,0.0,0.0,50.0,0.0,0.0,0.0,0.0,0.0,50.0,0.0,0.0,-1,0.0,G2_TRADEABLE,tradeable_sell=False,-1,0.0,0.0,
BTC/USDT,1959,2026-05-30 12:00:00,short,0.55548,63.1,0.6,73698.18,172.005,med_low_flat,False,True,False,False,False,0.0,0.0,50.0,0.0,0.0,0.0,0.0,0.0,50.0,0.0,0.0,-1,0.0,G2_TRADEABLE,tradeable_sell=False,-1,0.0,0.0,
BTC/USDT,1960,2026-05-30 13:00:00,short,0.58949,60.48,0.6,73829.31,169.930714,med_low_up,False,True,False,False,False,0.0,0.0,50.0,0.0,0.0,0.0,0.0,0.0,50.0,0.0,0.0,-1,0.0,G2_TRADEABLE,tradeable_sell=False,-1,0.0,0.0,
BTC/USDT,1961,2026-05-30 14:00:00,short,0.55859,79.74,0.6,73929.11,177.637143,low_low_up,True,True,False,False,False,0.0,0.0,50.0,0.0,0.0,0.0,0.0,0.0,50.0,0.0,0.0,-1,0.0,G2_TRADEABLE,tradeable_sell=False,-1,0.0,0.0,
BTC/USDT,1962,2026-05-30 15:00:00,short,0.56988,50.09,0.6,73930.14,178.772857,low_low_flat,False,False,False,False,False,0.0,0.0,50.0,0.0,0.0,0.0,0.0,0.0,50.0,0.0,0.0,-1,0.0,G2_TRADEABLE,tradeable_sell=False,-1,0.0,0.0,
BTC/USDT,1963,2026-05-30 16:00:00,short,0.5757,45.99,0.6,73934.99,173.979286,low_low_flat,False,False,False,False,False,0.0,0.0,50.0,0.0,0.0,0.0,0.0,0.0,50.0,0.0,0.0,-1,0.0,G2_TRADEABLE,tradeable_sell=False,-1,0.0,0.0,
BTC/USDT,1964,2026-05-30 17:00:00,short,0.58357,50.63,0.6,74020.07,171.375,low_low_flat,False,False,False,False,False,0.0,0.0,50.0,0.0,0.0,0.0,0.0,0.0,50.0,0.0,0.0,-1,0.0,G2_TRADEABLE,tradeable_sell=False,-1,0.0,0.0,
BTC/USDT,1965,2026-05-30 18:00:00,short,0.59404,46.24,0.6,74043.38,159.929286,low_low_up,True,True,False,False,False,0.0,0.0,50.0,0.0,0.0,0.0,0.0,0.0,50.0,0.0,0.0,-1,0.0,G2_TRADEABLE,tradeable_sell=False,-1,0.0,0.0,
BTC/USDT,1966,2026-05-30 19:00:00,short,0.59116,66.35,0.6,74016.65,146.54,low_low_up,True,True,False,False,False,0.0,0.0,50.0,0.0,0.0,0.0,0.0,0.0,50.0,0.0,0.0,-1,0.0,G2_TRADEABLE,tradeable_sell=False,-1,0.0,0.0,
BTC/USDT,1967,2026-05-30 20:00:00,short,0.58469,65.24,0.6,73979.84,140.115714,low_low_flat,False,False,False,False,False,0.0,0.0,50.0,0.0,0.0,0.0,0.0,0.0,50.0,0.0,0.0,-1,0.0,G2_TRADEABLE,tradeable_sell=False,-1,0.0,0.0,
BTC/USDT,1968,2026-05-30 21:00:00,short,0.57079,69.66,0.6,73981.99,141.739286,low_low_up,True,True,False,False,False,0.0,0.0,50.0,0.0,0.0,0.0,0.0,0.0,50.0,0.0,0.0,-1,0.0,G2_TRADEABLE,tradeable_sell=False,-1,0.0,0.0,
BTC/USDT,1969,2026-05-30 22:00:00,short,0.56906,78.68,0.6,73883.3,150.197857,low_low_flat,False,False,False,False,False,0.0,0.0,50.0,0.0,0.0,0.0,0.0,0.0,50.0,0.0,0.0,-1,0.0,G2_TRADEABLE,tradeable_sell=False,-1,0.0,0.0,
BTC/USDT,1970,2026-05-30 23:00:00,short,0.56797,76.89,0.6,73884.38,157.503571,low_low_flat,False,False,False,False,False,0.0,0.0,50.0,0.0,0.0,0.0,0.0,0.0,50.0,0.0,0.0,-1,0.0,G2_TRADEABLE,tradeable_sell=False,-1,0.0,0.0,
BTC/USDT,1971,2026-05-31 00:00:00,short,0.55611,70.07,0.6,74038.2,164.287857,low_low_up,True,True,False,False,False,0.0,0.0,50.0,0.0,0.0,0.0,0.0,0.0,50.0,0.0,0.0,-1,0.0,G2_TRADEABLE,tradeable_sell=False,-1,0.0,0.0,
BTC/USDT,1972,2026-05-31 01:00:00,short,0.55318,75.42,0.6,74058.01,175.415,low_low_flat,False,False,False,False,False,0.0,0.0,50.0,0.0,0.0,0.0,0.0,0.0,50.0,0.0,0.0,-1,0.0,G2_TRADEABLE,tradeable_sell=False,-1,0.0,0.0,
BTC/USDT,1973,2026-05-31 02:00:00,short,0.55442,72.7,0.6,74090.84,191.899286,low_low_flat,False,False,False,False,False,0.0,0.0,50.0,0.0,0.0,0.0,0.0,0.0,50.0,0.0,0.0,-1,0.0,G2_TRADEABLE,tradeable_sell=False,-1,0.0,0.0,
BTC/USDT,1974,2026-05-31 03:00:00,short,0.53783,66.6,0.6,74150.64,191.311429,low_low_up,True,True,False,False,False,0.0,0.0,50.0,0.0,0.0,0.0,0.0,0.0,50.0,0.0,0.0,-1,0.0,G2_TRADEABLE,tradeable_sell=False,-1,0.0,0.0,
BTC/USDT,1975,2026-05-31 04:00:00,short,0.52699,66.59,0.6,74178.4,179.4,low_low_up,True,True,False,False,False,0.0,0.0,50.0,0.0,0.0,0.0,0.0,0.0,50.0,0.0,0.0,-1,0.0,G2_TRADEABLE,tradeable_sell=False,-1,0.0,0.0,
BTC/USDT,1976,2026-05-31 05:00:00,short,0.53985,70.86,0.6,74055.98,175.532857,low_low_up,True,True,False,False,False,0.0,0.0,50.0,0.0,0.0,0.0,0.0,0.0,50.0,0.0,0.0,-1,0.0,G2_TRADEABLE,tradeable_sell=False,-1,0.0,0.0,
BTC/USDT,1977,2026-05-31 06:00:00,short,0.52538,66.35,0.6,74054.87,176.840714,low_low_up,True,True,False,False,False,0.0,0.0,50.0,0.0,0.0,0.0,0.0,0.0,50.0,0.0,0.0,-1,0.0,G2_TRADEABLE,tradeable_sell=False,-1,0.0,0.0,
BTC/USDT,1978,2026-05-31 07:00:00,long,0.52384,77.86,0.6,73871.24,175.62,low_low_flat,False,False,False,False,False,0.0,0.0,50.0,0.0,0.0,0.0,0.0,0.0,50.0,0.0,0.0,-1,0.0,G2_TRADEABLE,tradeable_buy=False,-1,0.0,0.0,
BTC/USDT,1979,2026-05-31 08:00:00,long,0.51002,81.01,0.6,73937.61,170.705,low_low_flat,False,False,False,False,False,0.0,0.0,50.0,0.0,0.0,0.0,0.0,0.0,50.0,0.0,0.0,-1,0.0,G2_TRADEABLE,tradeable_buy=False,-1,0.0,0.0,
BTC/USDT,1980,2026-05-31 09:00:00,long,0.51078,75.88,0.6,73841.79,178.552143,low_low_flat,False,False,False,False,False,0.0,0.0,50.0,0.0,0.0,0.0,0.0,0.0,50.0,0.0,0.0,-1,0.0,G2_TRADEABLE,tradeable_buy=False,-1,0.0,0.0,
BTC/USDT,1981,2026-05-31 10:00:00,short,0.50022,95.45,0.6,73900.0,186.468571,low_low_flat,False,False,False,False,False,0.0,0.0,50.0,0.0,0.0,0.0,0.0,0.0,50.0,0.0,0.0,-1,0.0,G2_TRADEABLE,tradeable_sell=False,-1,0.0,0.0,
BTC/USDT,1982,2026-05-31 11:00:00,long,0.5105,71.18,0.6,73937.79,182.688571,low_low_flat,False,False,False,False,False,0.0,0.0,50.0,0.0,0.0,0.0,0.0,0.0,50.0,0.0,0.0,-1,0.0,G2_TRADEABLE,tradeable_buy=False,-1,0.0,0.0,
BTC/USDT,1983,2026-05-31 12:00:00,long,0.51863,72.73,0.6,73920.0,178.109286,low_low_flat,False,False,False,False,False,0.0,0.0,50.0,0.0,0.0,0.0,0.0,0.0,50.0,0.0,0.0,-1,0.0,G2_TRADEABLE,tradeable_buy=False,-1,0.0,0.0,
BTC/USDT,1984,2026-05-31 13:00:00,long,0.5154,48.73,0.6,73872.8,178.243571,low_low_flat,False,False,False,False,False,0.0,0.0,50.0,0.0,0.0,0.0,0.0,0.0,50.0,0.0,0.0,-1,0.0,G2_TRADEABLE,tradeable_buy=False,-1,0.0,0.0,
BTC/USDT,1985,2026-05-31 14:00:00,long,0.50061,69.99,0.6,73602.17,193.0,low_low_flat,False,False,False,False,False,0.0,0.0,50.0,0.0,0.0,0.0,0.0,0.0,50.0,0.0,0.0,-1,0.0,G2_TRADEABLE,tradeable_buy=False,-1,0.0,0.0,
BTC/USDT,1986,2026-05-31 15:00:00,short,0.50089,80.32,0.6,73655.21,188.712143,low_low_flat,False,False,False,False,False,0.0,0.0,50.0,0.0,0.0,0.0,0.0,0.0,50.0,0.0,0.0,-1,0.0,G2_TRADEABLE,tradeable_sell=False,-1,0.0,0.0,
BTC/USDT,1987,2026-05-31 16:00:00,short,0.50636,73.64,0.6,73526.14,187.037143,low_low_flat,False,False,False,False,False,0.0,0.0,50.0,0.0,0.0,0.0,0.0,0.0,50.0,0.0,0.0,-1,0.0,G2_TRADEABLE,tradeable_sell=False,-1,0.0,0.0,
BTC/USDT,1988,2026-05-31 17:00:00,long,0.50011,67.83,0.6,73709.44,195.222857,low_low_flat,False,False,False,False,False,0.0,0.0,50.0,0.0,0.0,0.0,0.0,0.0,50.0,0.0,0.0,-1,0.0,G2_TRADEABLE,tradeable_buy=False,-1,0.0,0.0,
BTC/USDT,1989,2026-05-31 18:00:00,short,0.50578,69.52,0.6,73603.69,196.331429,low_low_flat,False,False,False,False,False,0.0,0.0,50.0,0.0,0.0,0.0,0.0,0.0,50.0,0.0,0.0,-1,0.0,G2_TRADEABLE,tradeable_sell=False,-1,0.0,0.0,
BTC/USDT,1990,2026-05-31 19:00:00,short,0.51583,81.9,0.6,73563.42,199.289286,low_low_flat,False,False,False,False,False,0.0,0.0,50.0,0.0,0.0,0.0,0.0,0.0,50.0,0.0,0.0,-1,0.0,G2_TRADEABLE,tradeable_sell=False,-1,0.0,0.0,
BTC/USDT,1991,2026-05-31 20:00:00,short,0.5074,84.26,0.6,73739.66,204.470714,low_low_flat,False,False,False,False,False,0.0,0.0,50.0,0.0,0.0,0.0,0.0,0.0,50.0,0.0,0.0,-1,0.0,G2_TRADEABLE,tradeable_sell=False,-1,0.0,0.0,
BTC/USDT,1992,2026-05-31 21:00:00,short,0.52032,80.77,0.6,73892.52,210.075,low_low_flat,False,False,False,False,False,0.0,0.0,50.0,0.0,0.0,0.0,0.0,0.0,50.0,0.0,0.0,-1,0.0,G2_TRADEABLE,tradeable_sell=False,-1,0.0,0.0,
BTC/USDT,1993,2026-05-31 22:00:00,short,0.55905,77.65,0.6,73944.62,223.047143,low_low_flat,False,False,False,False,False,0.0,0.0,50.0,0.0,0.0,0.0,0.0,0.0,50.0,0.0,0.0,-1,0.0,G2_TRADEABLE,tradeable_sell=False,-1,0.0,0.0,
BTC/USDT,1994,2026-05-31 23:00:00,short,0.52504,84.34,0.6,73674.39,257.864286,low_low_flat,False,False,False,False,False,0.0,0.0,50.0,0.0,0.0,0.0,0.0,0.0,50.0,0.0,0.0,-1,0.0,G2_TRADEABLE,tradeable_sell=False,-1,0.0,0.0,
BTC/USDT,1995,2026-06-01 00:00:00,short,0.54747,79.99,0.6,73885.0,274.802857,low_low_flat,False,False,False,False,False,0.0,0.0,50.0,0.0,0.0,0.0,0.0,0.0,50.0,0.0,0.0,-1,0.0,G2_TRADEABLE,tradeable_sell=False,-1,0.0,0.0,
BTC/USDT,1996,2026-06-01 01:00:00,short,0.51988,90.22,0.6,73292.92,315.23,low_low_flat,False,False,False,False,False,0.0,0.0,50.0,0.0,0.0,0.0,0.0,0.0,50.0,0.0,0.0,-1,0.0,G2_TRADEABLE,tradeable_sell=False,-1,0.0,0.0,
BTC/USDT,1997,2026-06-01 02:00:00,short,0.50501,85.15,0.6,73790.0,354.418571,low_low_flat,False,False,False,False,False,0.0,0.0,50.0,0.0,0.0,0.0,0.0,0.0,50.0,0.0,0.0,-1,0.0,G2_TRADEABLE,tradeable_sell=False,-1,0.0,0.0,
BTC/USDT,1998,2026-06-01 03:00:00,short,0.51852,84.04,0.6,73769.06,359.243571,low_low_flat,False,False,False,False,False,0.0,0.0,50.0,0.0,0.0,0.0,0.0,0.0,50.0,0.0,0.0,-1,0.0,G2_TRADEABLE,tradeable_sell=False,-1,0.0,0.0,
BTC/USDT,1999,2026-06-01 04:00:00,short,0.50353,80.66,0.6,73536.01,366.592143,low_low_flat,False,False,False,False,False,0.0,0.0,50.0,0.0,0.0,0.0,0.0,0.0,50.0,0.0,0.0,-1,0.0,G2_TRADEABLE,tradeable_sell=False,-1,0.0,0.0,
BTC/USDT,2000,2026-06-01 05:00:00,short,0.51194,84.88,0.6,73350.0,368.461429,low_low_flat,False,False,False,False,False,0.0,0.0,50.0,0.0,0.0,0.0,0.0,0.0,50.0,0.0,0.0,-1,0.0,G2_TRADEABLE,tradeable_sell=False,-1,0.0,0.0,
BTC/USDT,2001,2026-06-01 06:00:00,short,0.53386,100.0,0.6,73135.74,374.746429,low_low_down,True,True,False,False,False,0.0,0.0,50.0,0.0,0.0,0.0,0.0,0.0,50.0,0.0,0.0,-1,0.0,G2_TRADEABLE,tradeable_sell=False,-1,0.0,0.0,
BTC/USDT,2002,2026-06-01 07:00:00,short,0.51114,94.79,0.6,72818.0,391.355,low_med_down,False,True,False,False,False,0.0,0.0,50.0,0.0,0.0,0.0,0.0,0.0,50.0,0.0,0.0,-1,0.0,G2_TRADEABLE,tradeable_sell=False,-1,0.0,0.0,
BTC/USDT,2003,2026-06-01 08:00:00,short,0.52802,92.68,0.6,72902.65,404.462143,low_med_down,False,True,False,False,False,0.0,0.0,50.0,0.0,0.0,0.0,0.0,0.0,50.0,0.0,0.0,-1,0.0,G2_TRADEABLE,tradeable_sell=False,-1,0.0,0.0,
BTC/USDT,2004,2026-06-01 09:00:00,long,0.52157,100.0,0.6,72880.0,426.047143,low_med_down,False,True,False,False,False,0.0,0.0,50.0,0.0,0.0,0.0,0.0,0.0,50.0,0.0,0.0,-1,0.0,G2_TRADEABLE,tradeable_buy=False,-1,0.0,0.0,
BTC/USDT,2005,2026-06-01 10:00:00,long,0.51925,81.73,0.6,72748.88,434.037857,low_med_down,False,True,False,False,False,0.0,0.0,50.0,0.0,0.0,0.0,0.0,0.0,50.0,0.0,0.0,-1,0.0,G2_TRADEABLE,tradeable_buy=False,-1,0.0,0.0,
BTC/USDT,2006,2026-06-01 11:00:00,long,0.51537,83.49,0.6,72479.99,446.950714,low_med_down,False,True,False,False,False,0.0,0.0,50.0,0.0,0.0,0.0,0.0,0.0,50.0,0.0,0.0,-1,0.0,G2_TRADEABLE,tradeable_buy=False,-1,0.0,0.0,
BTC/USDT,2007,2026-06-01 12:00:00,long,0.53794,100.0,0.6,72221.73,475.197857,low_med_down,False,True,False,False,False,0.0,0.0,50.0,0.0,0.0,0.0,0.0,0.0,50.0,0.0,0.0,-1,0.0,G2_TRADEABLE,tradeable_buy=False,-1,0.0,0.0,
BTC/USDT,2008,2026-06-01 13:00:00,long,0.54738,100.0,0.6,71711.89,486.315,med_med_down,False,True,False,False,False,0.0,0.0,50.0,0.0,0.0,0.0,0.0,0.0,50.0,0.0,0.0,-1,0.0,G2_TRADEABLE,tradeable_buy=False,-1,0.0,0.0,
BTC/USDT,2009,2026-06-01 14:00:00,long,0.53205,99.47,0.6,71567.91,492.474286,med_med_down,False,True,False,False,False,0.0,0.0,50.0,0.0,0.0,0.0,0.0,0.0,50.0,0.0,0.0,-1,0.0,G2_TRADEABLE,tradeable_buy=False,-1,0.0,0.0,
BTC/USDT,2010,2026-06-01 15:00:00,long,0.54282,86.28,0.6,71129.62,490.562143,med_med_down,False,True,False,False,False,0.0,0.0,50.0,0.0,0.0,0.0,0.0,0.0,50.0,0.0,0.0,-1,0.0,G2_TRADEABLE,tradeable_buy=False,-1,0.0,0.0,
BTC/USDT,2011,2026-06-01 16:00:00,long,0.51966,100.0,0.6,71564.01,507.901429,med_med_down,False,True,False,False,False,0.0,0.0,50.0,0.0,0.0,0.0,0.0,0.0,50.0,0.0,0.0,-1,0.0,G2_TRADEABLE,tradeable_buy=False,-1,0.0,0.0,
BTC/USDT,2012,2026-06-01 17:00:00,long,0.512,82.52,0.6,71646.01,511.257143,high_med_down,False,True,False,False,False,0.0,0.0,50.0,0.0,0.0,0.0,0.0,0.0,50.0,0.0,0.0,-1,0.0,G2_TRADEABLE,tradeable_buy=False,-1,0.0,0.0,
BTC/USDT,2013,2026-06-01 18:00:00,long,0.50757,79.35,0.6,71498.64,497.875,high_med_down,False,True,False,False,False,0.0,0.0,50.0,0.0,0.0,0.0,0.0,0.0,50.0,0.0,0.0,-1,0.0,G2_TRADEABLE,tradeable_buy=False,-1,0.0,0.0,
BTC/USDT,2014,2026-06-01 19:00:00,long,0.5056,78.97,0.6,71595.24,502.649286,high_med_down,False,True,False,False,False,0.0,0.0,50.0,0.0,0.0,0.0,0.0,0.0,50.0,0.0,0.0,-1,0.0,G2_TRADEABLE,tradeable_buy=False,-1,0.0,0.0,
BTC/USDT,2015,2026-06-01 20:00:00,long,0.53253,78.18,0.6,71446.0,492.104286,high_med_down,False,True,False,False,False,0.0,0.0,50.0,0.0,0.0,0.0,0.0,0.0,50.0,0.0,0.0,-1,0.0,G2_TRADEABLE,tradeable_buy=False,-1,0.0,0.0,
BTC/USDT,2016,2026-06-01 21:00:00,long,0.51374,78.67,0.6,71038.01,492.688571,high_med_down,False,True,False,False,False,0.0,0.0,50.0,0.0,0.0,0.0,0.0,0.0,50.0,0.0,0.0,-1,0.0,G2_TRADEABLE,tradeable_buy=False,-1,0.0,0.0,
BTC/USDT,2017,2026-06-01 22:00:00,long,0.5116,81.84,0.6,71408.0,514.670714,high_med_down,False,True,False,False,False,0.0,0.0,50.0,0.0,0.0,0.0,0.0,0.0,50.0,0.0,0.0,-1,0.0,G2_TRADEABLE,tradeable_buy=False,-1,0.0,0.0,
BTC/USDT,2018,2026-06-01 23:00:00,long,0.51954,81.05,0.6,71408.9,504.839286,high_med_down,False,True,False,False,False,0.0,0.0,50.0,0.0,0.0,0.0,0.0,0.0,50.0,0.0,0.0,-1,0.0,G2_TRADEABLE,tradeable_buy=False,-1,0.0,0.0,
BTC/USDT,2019,2026-06-02 00:00:00,long,0.55869,82.07,0.6,71289.23,504.870714,high_med_down,False,True,False,False,False,0.0,0.0,50.0,0.0,0.0,0.0,0.0,0.0,50.0,0.0,0.0,-1,0.0,G2_TRADEABLE,tradeable_buy=False,-1,0.0,0.0,
BTC/USDT,2020,2026-06-02 01:00:00,long,0.50161,80.16,0.6,70652.47,525.322143,high_med_down,False,True,False,False,False,0.0,0.0,50.0,0.0,0.0,0.0,0.0,0.0,50.0,0.0,0.0,-1,0.0,G2_TRADEABLE,tradeable_buy=False,-1,0.0,0.0,
BTC/USDT,2021,2026-06-02 02:00:00,long,0.47529,83.19,0.6,70846.49,529.794286,high_med_down,False,True,False,False,False,0.0,0.0,50.0,0.0,0.0,0.0,0.0,0.0,50.0,0.0,0.0,-1,0.0,G2_TRADEABLE,tradeable_buy=False,-1,0.0,0.0,
BTC/USDT,2022,2026-06-02 03:00:00,long,0.55441,80.77,0.6,70953.69,485.608571,high_med_down,False,True,False,False,False,0.0,0.0,50.0,0.0,0.0,0.0,0.0,0.0,50.0,0.0,0.0,-1,0.0,G2_TRADEABLE,tradeable_buy=False,-1,0.0,0.0,
BTC/USDT,2023,2026-06-02 04:00:00,long,0.56257,79.54,0.6,70810.0,472.057857,high_med_down,False,True,False,False,False,0.0,0.0,50.0,0.0,0.0,0.0,0.0,0.0,50.0,0.0,0.0,-1,0.0,G2_TRADEABLE,tradeable_buy=False,-1,0.0,0.0,
BTC/USDT,2024,2026-06-02 05:00:00,long,0.55634,80.75,0.6,70268.96,469.818571,high_med_down,False,True,False,False,False,0.0,0.0,50.0,0.0,0.0,0.0,0.0,0.0,50.0,0.0,0.0,-1,0.0,G2_TRADEABLE,tradeable_buy=False,-1,0.0,0.0,
BTC/USDT,2025,2026-06-02 06:00:00,long,0.55188,84.16,0.6,70106.31,439.121429,high_med_down,False,True,False,False,False,0.0,0.0,50.0,0.0,0.0,0.0,0.0,0.0,50.0,0.0,0.0,-1,0.0,G2_TRADEABLE,tradeable_buy=False,-1,0.0,0.0,
BTC/USDT,2026,2026-06-02 07:00:00,long,0.558,84.73,0.6,70118.42,454.247857,high_med_down,False,True,False,False,False,0.0,0.0,50.0,0.0,0.0,0.0,0.0,0.0,50.0,0.0,0.0,-1,0.0,G2_TRADEABLE,tradeable_buy=False,-1,0.0,0.0,
BTC/USDT,2027,2026-06-02 08:00:00,long,0.54576,80.65,0.6,69821.99,465.777857,high_med_down,False,True,False,False,False,0.0,0.0,50.0,0.0,0.0,0.0,0.0,0.0,50.0,0.0,0.0,-1,0.0,G2_TRADEABLE,tradeable_buy=False,-1,0.0,0.0,
BTC/USDT,2028,2026-06-02 09:00:00,long,0.53639,84.9,0.6,69426.01,483.231429,high_med_down,False,True,False,False,False,0.0,0.0,50.0,0.0,0.0,0.0,0.0,0.0,50.0,0.0,0.0,-1,0.0,G2_TRADEABLE,tradeable_buy=False,-1,0.0,0.0,
BTC/USDT,2029,2026-06-02 10:00:00,long,0.52524,82.3,0.6,69652.19,493.85,high_med_down,False,True,False,False,False,0.0,0.0,50.0,0.0,0.0,0.0,0.0,0.0,50.0,0.0,0.0,-1,0.0,G2_TRADEABLE,tradeable_buy=False,-1,0.0,0.0,
BTC/USDT,2030,2026-06-02 11:00:00,long,0.52577,77.52,0.6,69461.72,476.250714,high_med_down,False,True,False,False,False,0.0,0.0,50.0,0.0,0.0,0.0,0.0,0.0,50.0,0.0,0.0,-1,0.0,G2_TRADEABLE,tradeable_buy=False,-1,0.0,0.0,
BTC/USDT,2031,2026-06-02 12:00:00,long,0.5231,87.63,0.6,69010.42,471.923571,high_med_down,False,True,False,False,False,0.0,0.0,50.0,0.0,0.0,0.0,0.0,0.0,50.0,0.0,0.0,-1,0.0,G2_TRADEABLE,tradeable_buy=False,-1,0.0,0.0,
BTC/USDT,2032,2026-06-02 13:00:00,long,0.5166,100.0,0.6,68811.91,476.564286,high_med_down,False,True,False,False,False,0.0,0.0,50.0,0.0,0.0,0.0,0.0,0.0,50.0,0.0,0.0,-1,0.0,G2_TRADEABLE,tradeable_buy=False,-1,0.0,0.0,
BTC/USDT,2033,2026-06-02 14:00:00,long,0.53435,100.0,0.6,68019.3,541.510714,high_high_down,False,True,False,False,False,0.0,0.0,50.0,0.0,0.0,0.0,0.0,0.0,50.0,0.0,0.0,-1,0.0,G2_TRADEABLE,tradeable_buy=False,-1,0.0,0.0,
BTC/USDT,2034,2026-06-02 15:00:00,long,0.535,100.0,0.6,67304.28,559.665714,high_high_down,False,True,False,False,False,0.0,0.0,50.0,0.0,0.0,0.0,0.0,0.0,50.0,0.0,0.0,-1,0.0,G2_TRADEABLE,tradeable_buy=False,-1,0.0,0.0,
BTC/USDT,2035,2026-06-02 16:00:00,long,0.55068,86.88,0.6,67413.44,570.252857,high_high_down,False,True,False,False,False,0.0,0.0,50.0,0.0,0.0,0.0,0.0,0.0,50.0,0.0,0.0,-1,0.0,G2_TRADEABLE,tradeable_buy=False,-1,0.0,0.0,
BTC/USDT,2036,2026-06-02 17:00:00,long,0.55615,81.78,0.6,67492.34,586.287857,high_high_down,False,True,False,False,False,0.0,0.0,50.0,0.0,0.0,0.0,0.0,0.0,50.0,0.0,0.0,-1,0.0,G2_TRADEABLE,tradeable_buy=False,-1,0.0,0.0,
BTC/USDT,2037,2026-06-02 18:00:00,long,0.45518,78.1,0.6,67341.99,600.790714,high_high_down,False,True,False,False,False,0.0,0.0,50.0,0.0,0.0,0.0,0.0,0.0,50.0,0.0,0.0,-1,0.0,G2_TRADEABLE,tradeable_buy=False,-1,0.0,0.0,
BTC/USDT,2038,2026-06-02 19:00:00,long,0.53991,89.52,0.6,67315.14,635.514286,high_high_down,False,True,False,False,False,0.0,0.0,50.0,0.0,0.0,0.0,0.0,0.0,50.0,0.0,0.0,-1,0.0,G2_TRADEABLE,tradeable_buy=False,-1,0.0,0.0,
BTC/USDT,2039,2026-06-02 20:00:00,long,0.52786,75.89,0.6,67587.77,656.581429,high_high_down,False,True,False,False,False,0.0,0.0,50.0,0.0,0.0,0.0,0.0,0.0,50.0,0.0,0.0,-1,0.0,G2_TRADEABLE,tradeable_buy=False,-1,0.0,0.0,
BTC/USDT,2040,2026-06-02 21:00:00,long,0.50698,69.4,0.6,67566.01,654.322857,high_high_down,False,True,False,False,False,0.0,0.0,50.0,0.0,0.0,0.0,0.0,0.0,50.0,0.0,0.0,-1,0.0,G2_TRADEABLE,tradeable_buy=False,-1,0.0,0.0,
BTC/USDT,2041,2026-06-02 22:00:00,long,0.53647,85.62,0.6,66385.2,715.415,high_high_down,False,True,False,False,False,0.0,0.0,50.0,0.0,0.0,0.0,0.0,0.0,50.0,0.0,0.0,-1,0.0,G2_TRADEABLE,tradeable_buy=False,-1,0.0,0.0,
BTC/USDT,2042,2026-06-02 23:00:00,long,0.53243,85.78,0.6,66760.83,726.22,high_high_down,False,True,False,False,False,0.0,0.0,50.0,0.0,0.0,0.0,0.0,0.0,50.0,0.0,0.0,-1,0.0,G2_TRADEABLE,tradeable_buy=False,-1,0.0,0.0,
BTC/USDT,2043,2026-06-03 00:00:00,long,0.48212,82.03,0.6,66938.01,735.586429,high_high_down,False,True,False,False,False,0.0,0.0,50.0,0.0,0.0,0.0,0.0,0.0,50.0,0.0,0.0,-1,0.0,G2_TRADEABLE,tradeable_buy=False,-1,0.0,0.0,
BTC/USDT,2044,2026-06-03 01:00:00,long,0.46078,79.06,0.6,66920.0,758.137143,high_high_down,False,True,False,False,False,0.0,0.0,50.0,0.0,0.0,0.0,0.0,0.0,50.0,0.0,0.0,-1,0.0,G2_TRADEABLE,tradeable_buy=False,-1,0.0,0.0,
BTC/USDT,2045,2026-06-03 02:00:00,long,0.53093,79.88,0.6,66620.01,742.088571,high_high_down,False,True,False,False,False,0.0,0.0,50.0,0.0,0.0,0.0,0.0,0.0,50.0,0.0,0.0,-1,0.0,G2_TRADEABLE,tradeable_buy=False,-1,0.0,0.0,
BTC/USDT,2046,2026-06-03 03:00:00,long,0.49637,100.0,0.6,65849.9,799.542857,high_high_down,False,True,False,False,False,0.0,0.0,50.0,0.0,0.0,0.0,0.0,0.0,50.0,0.0,0.0,-1,0.0,G2_TRADEABLE,tradeable_buy=False,-1,0.0,0.0,
BTC/USDT,2047,2026-06-03 04:00:00,long,0.49995,72.82,0.6,66465.98,768.920714,high_high_down,False,True,False,False,False,0.0,0.0,50.0,0.0,0.0,0.0,0.0,0.0,50.0,0.0,0.0,-1,0.0,G2_TRADEABLE,tradeable_buy=False,-1,0.0,0.0,
BTC/USDT,2048,2026-06-03 05:00:00,long,0.50619,78.6,0.6,67330.01,762.756429,high_high_down,False,True,False,False,False,0.0,0.0,50.0,0.0,0.0,0.0,0.0,0.0,50.0,0.0,0.0,-1,0.0,G2_TRADEABLE,tradeable_buy=False,-1,0.0,0.0,
BTC/USDT,2049,2026-06-03 06:00:00,long,0.51098,75.92,0.6,66983.27,736.699286,high_high_down,False,True,False,False,False,0.0,0.0,50.0,0.0,0.0,0.0,0.0,0.0,50.0,0.0,0.0,-1,0.0,G2_TRADEABLE,tradeable_buy=False,-1,0.0,0.0,
BTC/USDT,2050,2026-06-03 07:00:00,long,0.50761,72.61,0.6,67220.03,736.903571,high_high_down,False,True,False,False,False,0.0,0.0,50.0,0.0,0.0,0.0,0.0,0.0,50.0,0.0,0.0,-1,0.0,G2_TRADEABLE,tradeable_buy=False,-1,0.0,0.0,
BTC/USDT,2051,2026-06-03 08:00:00,long,0.51237,73.33,0.6,67028.0,719.249286,high_high_down,False,True,False,False,False,0.0,0.0,50.0,0.0,0.0,0.0,0.0,0.0,50.0,0.0,0.0,-1,0.0,G2_TRADEABLE,tradeable_buy=False,-1,0.0,0.0,
BTC/USDT,2052,2026-06-03 09:00:00,long,0.51555,76.12,0.6,67075.17,690.643571,high_high_down,False,True,False,False,False,0.0,0.0,50.0,0.0,0.0,0.0,0.0,0.0,50.0,0.0,0.0,-1,0.0,G2_TRADEABLE,tradeable_buy=False,-1,0.0,0.0,
BTC/USDT,2053,2026-06-03 10:00:00,long,0.51287,71.28,0.6,67294.52,664.195714,high_high_down,False,True,False,False,False,0.0,0.0,50.0,0.0,0.0,0.0,0.0,0.0,50.0,0.0,0.0,-1,0.0,G2_TRADEABLE,tradeable_buy=False,-1,0.0,0.0,
BTC/USDT,2054,2026-06-03 11:00:00,long,0.53588,70.08,0.6,67067.37,649.838571,high_high_down,False,True,False,False,False,0.0,0.0,50.0,0.0,0.0,0.0,0.0,0.0,50.0,0.0,0.0,-1,0.0,G2_TRADEABLE,tradeable_buy=False,-1,0.0,0.0,
BTC/USDT,2055,2026-06-03 12:00:00,long,0.52785,76.06,0.6,67078.72,582.637143,high_high_down,False,True,False,False,False,0.0,0.0,50.0,0.0,0.0,0.0,0.0,0.0,50.0,0.0,0.0,-1,0.0,G2_TRADEABLE,tradeable_buy=False,-1,0.0,0.0,
BTC/USDT,2056,2026-06-03 13:00:00,long,0.51852,75.74,0.6,66906.01,577.922857,high_high_down,False,True,False,False,False,0.0,0.0,50.0,0.0,0.0,0.0,0.0,0.0,50.0,0.0,0.0,-1,0.0,G2_TRADEABLE,tradeable_buy=False,-1,0.0,0.0,
BTC/USDT,2057,2026-06-03 14:00:00,long,0.51794,72.57,0.6,66864.95,563.390714,high_high_down,False,True,False,False,False,0.0,0.0,50.0,0.0,0.0,0.0,0.0,0.0,50.0,0.0,0.0,-1,0.0,G2_TRADEABLE,tradeable_buy=False,-1,0.0,0.0,
BTC/USDT,2058,2026-06-03 15:00:00,long,0.50927,86.04,0.6,66076.01,580.865714,high_high_down,False,True,False,False,False,0.0,0.0,50.0,0.0,0.0,0.0,0.0,0.0,50.0,0.0,0.0,-1,0.0,G2_TRADEABLE,tradeable_buy=False,-1,0.0,0.0,
BTC/USDT,2059,2026-06-03 16:00:00,long,0.51644,86.19,0.6,66061.83,615.461429,high_high_down,False,True,False,False,False,0.0,0.0,50.0,0.0,0.0,0.0,0.0,0.0,50.0,0.0,0.0,-1,0.0,G2_TRADEABLE,tradeable_buy=False,-1,0.0,0.0,
BTC/USDT,2060,2026-06-03 17:00:00,long,0.50841,78.57,0.6,65964.08,562.437857,high_high_down,False,True,False,False,False,0.0,0.0,50.0,0.0,0.0,0.0,0.0,0.0,50.0,0.0,0.0,-1,0.0,G2_TRADEABLE,tradeable_buy=False,-1,0.0,0.0,
BTC/USDT,2061,2026-06-03 18:00:00,long,0.50882,77.8,0.6,66036.57,535.851429,high_high_down,False,True,False,False,False,0.0,0.0,50.0,0.0,0.0,0.0,0.0,0.0,50.0,0.0,0.0,-1,0.0,G2_TRADEABLE,tradeable_buy=False,-1,0.0,0.0,
BTC/USDT,2062,2026-06-03 19:00:00,long,0.54511,82.26,0.6,65462.0,526.615714,high_high_down,False,True,False,False,False,0.0,0.0,50.0,0.0,0.0,0.0,0.0,0.0,50.0,0.0,0.0,-1,0.0,G2_TRADEABLE,tradeable_buy=False,-1,0.0,0.0,
BTC/USDT,2063,2026-06-03 20:00:00,long,0.5724,88.85,0.6,65007.27,547.736429,high_high_down,False,True,False,False,False,0.0,0.0,50.0,0.0,0.0,0.0,0.0,0.0,50.0,0.0,0.0,-1,0.0,G2_TRADEABLE,tradeable_buy=False,-1,0.0,0.0,
BTC/USDT,2064,2026-06-03 21:00:00,long,0.57559,75.79,0.6,65768.88,578.932143,high_high_down,False,True,False,False,False,0.0,0.0,50.0,0.0,0.0,0.0,0.0,0.0,50.0,0.0,0.0,-1,0.0,G2_TRADEABLE,tradeable_buy=False,-1,0.0,0.0,
BTC/USDT,2065,2026-06-03 22:00:00,long,0.56205,80.85,0.6,64912.98,634.127857,high_high_down,False,True,False,False,False,0.0,0.0,50.0,0.0,0.0,0.0,0.0,0.0,50.0,0.0,0.0,-1,0.0,G2_TRADEABLE,tradeable_buy=False,-1,0.0,0.0,
BTC/USDT,2066,2026-06-03 23:00:00,long,0.54512,90.07,0.6,64142.75,649.983571,high_high_down,False,True,False,False,False,0.0,0.0,50.0,0.0,0.0,0.0,0.0,0.0,50.0,0.0,0.0,-1,0.0,G2_TRADEABLE,tradeable_buy=False,-1,0.0,0.0,
BTC/USDT,2067,2026-06-04 00:00:00,long,0.54153,100.0,0.6,63344.97,722.827857,high_high_down,False,True,False,False,False,0.0,0.0,50.0,0.0,0.0,0.0,0.0,0.0,50.0,0.0,0.0,-1,0.0,G2_TRADEABLE,tradeable_buy=False,-1,0.0,0.0,
BTC/USDT,2068,2026-06-04 01:00:00,long,0.52221,100.0,0.6,62178.1,800.667143,high_high_down,False,True,False,False,False,0.0,0.0,50.0,0.0,0.0,0.0,0.0,0.0,50.0,0.0,0.0,-1,0.0,G2_TRADEABLE,tradeable_buy=False,-1,0.0,0.0,
BTC/USDT,2069,2026-06-04 02:00:00,long,0.55625,96.98,0.6,63231.99,933.379286,high_high_down,False,True,False,False,False,0.0,0.0,50.0,0.0,0.0,0.0,0.0,0.0,50.0,0.0,0.0,-1,0.0,G2_TRADEABLE,tradeable_buy=False,-1,0.0,0.0,
BTC/USDT,2070,2026-06-04 03:00:00,long,0.59807,82.3,0.6,64363.49,984.250714,high_high_down,False,True,False,False,False,0.0,0.0,50.0,0.0,0.0,0.0,0.0,0.0,50.0,0.0,0.0,-1,0.0,G2_TRADEABLE,tradeable_buy=False,-1,0.0,0.0,
BTC/USDT,2071,2026-06-04 04:00:00,long,0.56784,78.6,0.6,64399.99,995.1,high_high_down,False,True,False,False,False,0.0,0.0,50.0,0.0,0.0,0.0,0.0,0.0,50.0,0.0,0.0,-1,0.0,G2_TRADEABLE,tradeable_buy=False,-1,0.0,0.0,
BTC/USDT,2072,2026-06-04 05:00:00,long,0.55322,76.56,0.6,63955.47,990.099286,high_high_down,False,True,False,False,False,0.0,0.0,50.0,0.0,0.0,0.0,0.0,0.0,50.0,0.0,0.0,-1,0.0,G2_TRADEABLE,tradeable_buy=False,-1,0.0,0.0,
BTC/USDT,2073,2026-06-04 06:00:00,long,0.51917,74.79,0.6,64027.99,973.745,high_high_down,False,True,False,False,False,0.0,0.0,50.0,0.0,0.0,0.0,0.0,0.0,50.0,0.0,0.0,-1,0.0,G2_TRADEABLE,tradeable_buy=False,-1,0.0,0.0,
BTC/USDT,2074,2026-06-04 07:00:00,long,0.51342,75.9,0.6,63603.15,979.810714,high_high_down,False,True,False,False,False,0.0,0.0,50.0,0.0,0.0,0.0,0.0,0.0,50.0,0.0,0.0,-1,0.0,G2_TRADEABLE,tradeable_buy=False,-1,0.0,0.0,
BTC/USDT,2075,2026-06-04 08:00:00,long,0.50443,76.98,0.6,63629.99,997.060714,high_high_down,False,True,False,False,False,0.0,0.0,50.0,0.0,0.0,0.0,0.0,0.0,50.0,0.0,0.0,-1,0.0,G2_TRADEABLE,tradeable_buy=False,-1,0.0,0.0,
BTC/USDT,2076,2026-06-04 09:00:00,long,0.508,78.13,0.6,63266.0,1006.894286,high_high_down,False,True,False,False,False,0.0,0.0,50.0,0.0,0.0,0.0,0.0,0.0,50.0,0.0,0.0,-1,0.0,G2_TRADEABLE,tradeable_buy=False,-1,0.0,0.0,
BTC/USDT,2077,2026-06-04 10:00:00,long,0.53893,79.9,0.6,62420.0,1015.897857,high_high_down,False,True,False,False,False,0.0,0.0,50.0,0.0,0.0,0.0,0.0,0.0,50.0,0.0,0.0,-1,0.0,G2_TRADEABLE,tradeable_buy=False,-1,0.0,0.0,
BTC/USDT,2078,2026-06-04 11:00:00,long,0.53502,75.57,0.6,62545.99,996.59,high_high_down,False,True,False,False,False,0.0,0.0,50.0,0.0,0.0,0.0,0.0,0.0,50.0,0.0,0.0,-1,0.0,G2_TRADEABLE,tradeable_buy=False,-1,0.0,0.0,
BTC/USDT,2079,2026-06-04 12:00:00,long,0.50603,77.55,0.6,63766.82,1033.118571,high_high_down,False,True,False,False,False,0.0,0.0,50.0,0.0,0.0,0.0,0.0,0.0,50.0,0.0,0.0,-1,0.0,G2_TRADEABLE,tradeable_buy=False,-1,0.0,0.0,
BTC/USDT,2080,2026-06-04 13:00:00,short,0.50364,80.55,0.6,64230.0,1053.696429,high_high_down,False,True,False,False,False,0.0,0.0,50.0,0.0,0.0,0.0,0.0,0.0,50.0,0.0,0.0,-1,0.0,G2_TRADEABLE,tradeable_sell=False,-1,0.0,0.0,
BTC/USDT,2081,2026-06-04 14:00:00,long,0.51267,78.8,0.6,63958.97,1002.381429,high_high_down,False,True,False,False,False,0.0,0.0,50.0,0.0,0.0,0.0,0.0,0.0,50.0,0.0,0.0,-1,0.0,G2_TRADEABLE,tradeable_buy=False,-1,0.0,0.0,
BTC/USDT,2082,2026-06-04 15:00:00,long,0.52226,77.19,0.6,63896.17,953.260714,high_high_down,False,True,False,False,False,0.0,0.0,50.0,0.0,0.0,0.0,0.0,0.0,50.0,0.0,0.0,-1,0.0,G2_TRADEABLE,tradeable_buy=False,-1,0.0,0.0,
BTC/USDT,2083,2026-06-04 16:00:00,long,0.52339,73.5,0.6,63563.51,826.465,high_high_down,False,True,False,False,False,0.0,0.0,50.0,0.0,0.0,0.0,0.0,0.0,50.0,0.0,0.0,-1,0.0,G2_TRADEABLE,tradeable_buy=False,-1,0.0,0.0,
BTC/USDT,2084,2026-06-04 17:00:00,long,0.54259,74.0,0.6,63540.97,787.555714,high_high_down,False,True,False,False,False,0.0,0.0,50.0,0.0,0.0,0.0,0.0,0.0,50.0,0.0,0.0,-1,0.0,G2_TRADEABLE,tradeable_buy=False,-1,0.0,0.0,
BTC/USDT,2085,2026-06-04 18:00:00,long,0.53769,77.33,0.6,63819.62,820.550714,high_high_down,False,True,False,False,False,0.0,0.0,50.0,0.0,0.0,0.0,0.0,0.0,50.0,0.0,0.0,-1,0.0,G2_TRADEABLE,tradeable_buy=False,-1,0.0,0.0,
BTC/USDT,2086,2026-06-04 19:00:00,long,0.52344,74.26,0.6,63629.38,811.117857,high_high_down,False,True,False,False,False,0.0,0.0,50.0,0.0,0.0,0.0,0.0,0.0,50.0,0.0,0.0,-1,0.0,G2_TRADEABLE,tradeable_buy=False,-1,0.0,0.0,
BTC/USDT,2087,2026-06-04 20:00:00,long,0.51581,76.7,0.6,63638.4,802.627857,high_high_down,False,True,False,False,False,0.0,0.0,50.0,0.0,0.0,0.0,0.0,0.0,50.0,0.0,0.0,-1,0.0,G2_TRADEABLE,tradeable_buy=False,-1,0.0,0.0,
BTC/USDT,2088,2026-06-04 21:00:00,long,0.52645,75.96,0.6,63286.21,816.916429,high_high_down,False,True,False,False,False,0.0,0.0,50.0,0.0,0.0,0.0,0.0,0.0,50.0,0.0,0.0,-1,0.0,G2_TRADEABLE,tradeable_buy=False,-1,0.0,0.0,
BTC/USDT,2089,2026-06-04 22:00:00,long,0.52109,77.68,0.6,63735.43,811.15,high_high_down,False,True,False,False,False,0.0,0.0,50.0,0.0,0.0,0.0,0.0,0.0,50.0,0.0,0.0,-1,0.0,G2_TRADEABLE,tradeable_buy=False,-1,0.0,0.0,
BTC/USDT,2090,2026-06-04 23:00:00,long,0.51149,55.46,0.6,63885.99,782.673571,high_high_flat,False,False,False,False,False,0.0,0.0,50.0,0.0,0.0,0.0,0.0,0.0,50.0,0.0,0.0,-1,0.0,G2_TRADEABLE,tradeable_buy=False,-1,0.0,0.0,
BTC/USDT,2091,2026-06-05 00:00:00,long,0.53966,55.99,0.6,63426.72,754.576429,high_high_flat,False,False,False,False,False,0.0,0.0,50.0,0.0,0.0,0.0,0.0,0.0,50.0,0.0,0.0,-1,0.0,G2_TRADEABLE,tradeable_buy=False,-1,0.0,0.0,
BTC/USDT,2092,2026-06-05 01:00:00,long,0.52093,55.81,0.6,63374.67,746.375,high_high_up,False,False,False,False,False,0.0,0.0,50.0,0.0,0.0,0.0,0.0,0.0,50.0,0.0,0.0,-1,0.0,G2_TRADEABLE,tradeable_buy=False,-1,0.0,0.0,
BTC/USDT,2093,2026-06-05 02:00:00,short,0.50555,64.63,0.6,62617.72,694.428571,high_high_flat,False,False,False,False,False,0.0,0.0,50.0,0.0,0.0,0.0,0.0,0.0,50.0,0.0,0.0,-1,0.0,G2_TRADEABLE,tradeable_sell=False,-1,0.0,0.0,
BTC/USDT,2094,2026-06-05 03:00:00,long,0.50295,64.03,0.6,62730.0,649.672143,high_high_down,False,True,False,False,False,0.0,0.0,50.0,0.0,0.0,0.0,0.0,0.0,50.0,0.0,0.0,-1,0.0,G2_TRADEABLE,tradeable_buy=False,-1,0.0,0.0,
BTC/USDT,2095,2026-06-05 04:00:00,long,0.51048,56.57,0.6,63615.23,681.755714,high_high_down,False,True,False,False,False,0.0,0.0,50.0,0.0,0.0,0.0,0.0,0.0,50.0,0.0,0.0,-1,0.0,G2_TRADEABLE,tradeable_buy=False,-1,0.0,0.0,
BTC/USDT,2096,2026-06-05 05:00:00,long,0.52615,66.81,0.6,62329.35,731.591429,high_high_down,False,True,False,False,False,0.0,0.0,50.0,0.0,0.0,0.0,0.0,0.0,50.0,0.0,0.0,-1,0.0,G2_TRADEABLE,tradeable_buy=False,-1,0.0,0.0,
BTC/USDT,2097,2026-06-05 06:00:00,long,0.52545,84.21,0.6,61946.57,806.2,high_high_down,False,True,False,False,False,0.0,0.0,50.0,0.0,0.0,0.0,0.0,0.0,50.0,0.0,0.0,-1,0.0,G2_TRADEABLE,tradeable_buy=False,-1,0.0,0.0,
BTC/USDT,2098,2026-06-05 07:00:00,long,0.54541,67.07,0.6,63115.99,874.809286,high_high_flat,False,False,False,False,False,0.0,0.0,50.0,0.0,0.0,0.0,0.0,0.0,50.0,0.0,0.0,-1,0.0,G2_TRADEABLE,tradeable_buy=False,-1,0.0,0.0,
BTC/USDT,2099,2026-06-05 08:00:00,long,0.55251,56.97,0.6,62454.64,865.636429,high_high_down,False,True,False,False,False,0.0,0.0,50.0,0.0,0.0,0.0,0.0,0.0,50.0,0.0,0.0,-1,0.0,G2_TRADEABLE,tradeable_buy=False,-1,0.0,0.0,
BTC/USDT,2100,2026-06-05 09:00:00,long,0.52196,57.07,0.6,62860.09,879.777143,high_high_flat,False,False,False,False,False,0.0,0.0,50.0,0.0,0.0,0.0,0.0,0.0,50.0,0.0,0.0,-1,0.0,G2_TRADEABLE,tradeable_buy=False,-1,0.0,0.0,
BTC/USDT,2101,2026-06-05 10:00:00,long,0.52066,54.72,0.6,62536.87,885.952143,high_high_flat,False,False,False,False,False,0.0,0.0,50.0,0.0,0.0,0.0,0.0,0.0,50.0,0.0,0.0,-1,0.0,G2_TRADEABLE,tradeable_buy=False,-1,0.0,0.0,
BTC/USDT,2102,2026-06-05 11:00:00,long,0.548,65.98,0.6,61964.99,879.490714,high_high_flat,False,False,False,False,False,0.0,0.0,50.0,0.0,0.0,0.0,0.0,0.0,50.0,0.0,0.0,-1,0.0,G2_TRADEABLE,tradeable_buy=False,-1,0.0,0.0,
BTC/USDT,2103,2026-06-05 12:00:00,long,0.55515,69.03,0.6,61959.73,898.018571,high_high_down,False,True,False,False,False,0.0,0.0,50.0,0.0,0.0,0.0,0.0,0.0,50.0,0.0,0.0,-1,0.0,G2_TRADEABLE,tradeable_buy=False,-1,0.0,0.0,
BTC/USDT,2104,2026-06-05 13:00:00,long,0.53926,100.0,0.6,60732.36,973.136429,high_high_down,False,True,False,False,False,0.0,0.0,50.0,0.0,0.0,0.0,0.0,0.0,50.0,0.0,0.0,-1,0.0,G2_TRADEABLE,tradeable_buy=False,-1,0.0,0.0,
BTC/USDT,2105,2026-06-05 14:00:00,long,0.54194,100.0,0.6,60868.97,995.392143,high_high_down,False,True,False,False,False,0.0,0.0,50.0,0.0,0.0,0.0,0.0,0.0,50.0,0.0,0.0,-1,0.0,G2_TRADEABLE,tradeable_buy=False,-1,0.0,0.0,
BTC/USDT,2106,2026-06-05 15:00:00,long,0.53792,100.0,0.6,60438.01,1039.106429,high_high_down,False,True,False,False,False,0.0,0.0,50.0,0.0,0.0,0.0,0.0,0.0,50.0,0.0,0.0,-1,0.0,G2_TRADEABLE,tradeable_buy=False,-1,0.0,0.0,
BTC/USDT,2107,2026-06-05 16:00:00,long,0.53249,98.56,0.6,61394.39,1104.392857,high_high_down,False,True,False,False,False,0.0,0.0,50.0,0.0,0.0,0.0,0.0,0.0,50.0,0.0,0.0,-1,0.0,G2_TRADEABLE,tradeable_buy=False,-1,0.0,0.0,
BTC/USDT,2108,2026-06-05 17:00:00,long,0.53336,76.55,0.6,60813.99,1125.810714,high_high_down,False,True,False,False,False,0.0,0.0,50.0,0.0,0.0,0.0,0.0,0.0,50.0,0.0,0.0,-1,0.0,G2_TRADEABLE,tradeable_buy=False,-1,0.0,0.0,
BTC/USDT,2109,2026-06-05 18:00:00,long,0.50957,90.36,0.6,59395.99,1172.256429,high_high_down,False,True,False,False,False,0.0,0.0,50.0,0.0,0.0,0.0,0.0,0.0,50.0,0.0,0.0,-1,0.0,G2_TRADEABLE,tradeable_buy=False,-1,0.0,0.0,
BTC/USDT,2110,2026-06-05 19:00:00,long,0.52803,78.64,0.6,60300.24,1166.435,high_high_down,False,True,False,False,False,0.0,0.0,50.0,0.0,0.0,0.0,0.0,0.0,50.0,0.0,0.0,-1,0.0,G2_TRADEABLE,tradeable_buy=False,-1,0.0,0.0,
BTC/USDT,2111,2026-06-05 20:00:00,long,0.53172,82.52,0.6,61620.01,1190.612143,high_high_down,False,True,False,False,False,0.0,0.0,50.0,0.0,0.0,0.0,0.0,0.0,50.0,0.0,0.0,-1,0.0,G2_TRADEABLE,tradeable_buy=False,-1,0.0,0.0,
BTC/USDT,2112,2026-06-05 21:00:00,long,0.51475,79.13,0.6,61670.38,1106.196429,high_high_down,False,True,False,False,False,0.0,0.0,50.0,0.0,0.0,0.0,0.0,0.0,50.0,0.0,0.0,-1,0.0,G2_TRADEABLE,tradeable_buy=False,-1,0.0,0.0,
BTC/USDT,2113,2026-06-05 22:00:00,long,0.52415,78.25,0.6,61584.49,1100.916429,high_high_down,False,True,False,False,False,0.0,0.0,50.0,0.0,0.0,0.0,0.0,0.0,50.0,0.0,0.0,-1,0.0,G2_TRADEABLE,tradeable_buy=False,-1,0.0,0.0,
BTC/USDT,2114,2026-06-05 23:00:00,long,0.519,75.03,0.6,61056.47,1132.352143,high_high_down,False,True,False,False,False,0.0,0.0,50.0,0.0,0.0,0.0,0.0,0.0,50.0,0.0,0.0,-1,0.0,G2_TRADEABLE,tradeable_buy=False,-1,0.0,0.0,
BTC/USDT,2115,2026-06-06 00:00:00,long,0.50638,74.7,0.6,61273.29,1127.225714,high_high_down,False,True,False,False,False,0.0,0.0,50.0,0.0,0.0,0.0,0.0,0.0,50.0,0.0,0.0,-1,0.0,G2_TRADEABLE,tradeable_buy=False,-1,0.0,0.0,
BTC/USDT,2116,2026-06-06 01:00:00,long,0.51457,74.9,0.6,61058.95,1109.092857,high_high_down,False,True,False,False,False,0.0,0.0,50.0,0.0,0.0,0.0,0.0,0.0,50.0,0.0,0.0,-1,0.0,G2_TRADEABLE,tradeable_buy=False,-1,0.0,0.0,
BTC/USDT,2117,2026-06-06 02:00:00,long,0.51246,74.97,0.6,60951.64,1084.850714,high_high_down,False,True,False,False,False,0.0,0.0,50.0,0.0,0.0,0.0,0.0,0.0,50.0,0.0,0.0,-1,0.0,G2_TRADEABLE,tradeable_buy=False,-1,0.0,0.0,
BTC/USDT,2118,2026-06-06 03:00:00,long,0.52543,74.44,0.6,60687.04,1002.937143,high_high_down,False,True,False,False,False,0.0,0.0,50.0,0.0,0.0,0.0,0.0,0.0,50.0,0.0,0.0,-1,0.0,G2_TRADEABLE,tradeable_buy=False,-1,0.0,0.0,
BTC/USDT,2119,2026-06-06 04:00:00,long,0.50915,76.92,0.6,60101.27,1036.722143,high_high_down,False,True,False,False,False,0.0,0.0,50.0,0.0,0.0,0.0,0.0,0.0,50.0,0.0,0.0,-1,0.0,G2_TRADEABLE,tradeable_buy=False,-1,0.0,0.0,
BTC/USDT,2120,2026-06-06 05:00:00,long,0.51946,80.91,0.6,60942.38,1059.206429,high_high_down,False,True,False,False,False,0.0,0.0,50.0,0.0,0.0,0.0,0.0,0.0,50.0,0.0,0.0,-1,0.0,G2_TRADEABLE,tradeable_buy=False,-1,0.0,0.0,
BTC/USDT,2121,2026-06-06 06:00:00,long,0.51197,77.72,0.6,60786.96,975.971429,high_high_down,False,True,False,False,False,0.0,0.0,50.0,0.0,0.0,0.0,0.0,0.0,50.0,0.0,0.0,-1,0.0,G2_TRADEABLE,tradeable_buy=False,-1,0.0,0.0,
BTC/USDT,2122,2026-06-06 07:00:00,long,0.52464,75.5,0.6,61004.95,950.77,high_high_down,False,True,False,False,False,0.0,0.0,50.0,0.0,0.0,0.0,0.0,0.0,50.0,0.0,0.0,-1,0.0,G2_TRADEABLE,tradeable_buy=False,-1,0.0,0.0,
BTC/USDT,2123,2026-06-06 08:00:00,short,0.50714,75.15,0.6,61264.0,865.555714,high_high_down,False,True,False,False,False,0.0,0.0,50.0,0.0,0.0,0.0,0.0,0.0,50.0,0.0,0.0,-1,0.0,G2_TRADEABLE,tradeable_sell=False,-1,0.0,0.0,
BTC/USDT,2124,2026-06-06 09:00:00,long,0.50816,75.96,0.6,60981.24,802.552143,high_high_down,False,True,False,False,False,0.0,0.0,50.0,0.0,0.0,0.0,0.0,0.0,50.0,0.0,0.0,-1,0.0,G2_TRADEABLE,tradeable_buy=False,-1,0.0,0.0,
BTC/USDT,2125,2026-06-06 10:00:00,short,0.50379,82.98,0.6,60593.0,726.569286,high_high_down,False,True,False,False,False,0.0,0.0,50.0,0.0,0.0,0.0,0.0,0.0,50.0,0.0,0.0,-1,0.0,G2_TRADEABLE,tradeable_sell=False,-1,0.0,0.0,
BTC/USDT,2126,2026-06-06 11:00:00,long,0.50327,73.4,0.6,60802.91,716.515714,high_high_down,False,True,False,False,False,0.0,0.0,50.0,0.0,0.0,0.0,0.0,0.0,50.0,0.0,0.0,-1,0.0,G2_TRADEABLE,tradeable_buy=False,-1,0.0,0.0,
BTC/USDT,2127,2026-06-06 12:00:00,short,0.50433,76.7,0.6,61030.63,701.221429,high_high_down,False,True,False,False,False,0.0,0.0,50.0,0.0,0.0,0.0,0.0,0.0,50.0,0.0,0.0,-1,0.0,G2_TRADEABLE,tradeable_sell=False,-1,0.0,0.0,
BTC/USDT,2128,2026-06-06 13:00:00,long,0.50024,71.54,0.6,60801.2,639.835,high_high_flat,False,False,False,False,False,0.0,0.0,50.0,0.0,0.0,0.0,0.0,0.0,50.0,0.0,0.0,-1,0.0,G2_TRADEABLE,tradeable_buy=False,-1,0.0,0.0,
BTC/USDT,2129,2026-06-06 14:00:00,short,0.52056,75.68,0.6,60791.05,622.903571,high_high_flat,False,False,False,False,False,0.0,0.0,50.0,0.0,0.0,0.0,0.0,0.0,50.0,0.0,0.0,-1,0.0,G2_TRADEABLE,tradeable_sell=False,-1,0.0,0.0,
BTC/USDT,2130,2026-06-06 15:00:00,short,0.53025,77.78,0.6,60784.0,630.586429,high_high_flat,False,False,False,False,False,0.0,0.0,50.0,0.0,0.0,0.0,0.0,0.0,50.0,0.0,0.0,-1,0.0,G2_TRADEABLE,tradeable_sell=False,-1,0.0,0.0,
BTC/USDT,2131,2026-06-06 16:00:00,short,0.54374,78.48,0.6,60774.0,631.063571,high_high_flat,False,False,False,False,False,0.0,0.0,50.0,0.0,0.0,0.0,0.0,0.0,50.0,0.0,0.0,-1,0.0,G2_TRADEABLE,tradeable_sell=False,-1,0.0,0.0,
BTC/USDT,2132,2026-06-06 17:00:00,short,0.52787,81.13,0.6,60576.2,623.645,high_high_flat,False,False,False,False,False,0.0,0.0,50.0,0.0,0.0,0.0,0.0,0.0,50.0,0.0,0.0,-1,0.0,G2_TRADEABLE,tradeable_sell=False,-1,0.0,0.0,
BTC/USDT,2133,2026-06-06 18:00:00,short,0.53753,82.25,0.6,60637.21,551.843571,high_high_up,False,False,False,False,False,0.0,0.0,50.0,0.0,0.0,0.0,0.0,0.0,50.0,0.0,0.0,-1,0.0,G2_TRADEABLE,tradeable_sell=False,-1,0.0,0.0,
BTC/USDT,2134,2026-06-06 19:00:00,short,0.53481,78.76,0.6,60600.01,466.787857,high_med_flat,,,True,False,False,0.0,0.0,50.0,0.0,0.0,0.0,0.0,0.0,50.0,0.0,0.0,-1,0.0,G1_REGIME,regime='high_med_flat' skipped=True reg_empty=False,-1,0.0,0.0,
BTC/USDT,2135,2026-06-06 20:00:00,short,0.54018,78.31,0.6,60711.69,440.934286,high_med_down,False,True,False,False,False,0.0,0.0,50.0,0.0,0.0,0.0,0.0,0.0,50.0,0.0,0.0,-1,0.0,G2_TRADEABLE,tradeable_sell=False,-1,0.0,0.0,
BTC/USDT,2136,2026-06-06 21:00:00,short,0.52579,76.76,0.6,60751.21,426.365714,med_med_down,False,True,False,False,False,0.0,0.0,50.0,0.0,0.0,0.0,0.0,0.0,50.0,0.0,0.0,-1,0.0,G2_TRADEABLE,tradeable_sell=False,-1,0.0,0.0,
BTC/USDT,2137,2026-06-06 22:00:00,short,0.53204,80.65,0.6,60543.53,410.145,med_med_down,False,True,False,False,False,0.0,0.0,50.0,0.0,0.0,0.0,0.0,0.0,50.0,0.0,0.0,-1,0.0,G2_TRADEABLE,tradeable_sell=False,-1,0.0,0.0,
BTC/USDT,2138,2026-06-06 23:00:00,short,0.52087,86.81,0.6,60884.62,406.772143,med_med_flat,True,True,False,False,False,0.0,0.0,50.0,0.0,0.0,0.0,0.0,0.0,50.0,0.0,0.0,-1,0.0,G2_TRADEABLE,tradeable_sell=False,-1,0.0,0.0,
BTC/USDT,2139,2026-06-07 00:00:00,short,0.53186,87.42,0.6,60782.01,368.111429,med_med_flat,True,True,False,False,False,0.0,0.0,50.0,0.0,0.0,0.0,0.0,0.0,50.0,0.0,0.0,-1,0.0,G2_TRADEABLE,tradeable_sell=False,-1,0.0,0.0,
BTC/USDT,2140,2026-06-07 01:00:00,short,0.51462,90.08,0.6,61479.75,403.188571,med_med_up,False,True,False,False,False,0.0,0.0,50.0,0.0,0.0,0.0,0.0,0.0,50.0,0.0,0.0,-1,0.0,G2_TRADEABLE,tradeable_sell=False,-1,0.0,0.0,
BTC/USDT,2141,2026-06-07 02:00:00,short,0.52395,81.28,0.6,61506.74,391.755714,med_med_up,False,True,False,False,False,0.0,0.0,50.0,0.0,0.0,0.0,0.0,0.0,50.0,0.0,0.0,-1,0.0,G2_TRADEABLE,tradeable_sell=False,-1,0.0,0.0,
BTC/USDT,2142,2026-06-07 03:00:00,short,0.54047,79.45,0.6,61701.07,389.158571,med_med_up,False,True,False,False,False,0.0,0.0,50.0,0.0,0.0,0.0,0.0,0.0,50.0,0.0,0.0,-1,0.0,G2_TRADEABLE,tradeable_sell=False,-1,0.0,0.0,
BTC/USDT,2143,2026-06-07 04:00:00,short,0.56865,80.79,0.6,61890.92,401.773571,med_med_up,False,True,False,False,False,0.0,0.0,50.0,0.0,0.0,0.0,0.0,0.0,50.0,0.0,0.0,-1,0.0,G2_TRADEABLE,tradeable_sell=False,-1,0.0,0.0,
BTC/USDT,2144,2026-06-07 05:00:00,short,0.53328,100.0,0.6,61748.1,400.259286,med_med_up,False,True,False,False,False,0.0,0.0,50.0,0.0,0.0,0.0,0.0,0.0,50.0,0.0,0.0,-1,0.0,G2_TRADEABLE,tradeable_sell=False,-1,0.0,0.0,
BTC/USDT,2145,2026-06-07 06:00:00,short,0.54967,100.0,0.6,62101.0,410.825,med_med_up,False,True,False,False,False,0.0,0.0,50.0,0.0,0.0,0.0,0.0,0.0,50.0,0.0,0.0,-1,0.0,G2_TRADEABLE,tradeable_sell=False,-1,0.0,0.0,
BTC/USDT,2146,2026-06-07 07:00:00,short,0.55623,100.0,0.6,62404.73,417.239286,med_med_up,False,True,False,False,False,0.0,0.0,50.0,0.0,0.0,0.0,0.0,0.0,50.0,0.0,0.0,-1,0.0,G2_TRADEABLE,tradeable_sell=False,-1,0.0,0.0,
BTC/USDT,2147,2026-06-07 08:00:00,short,0.54034,100.0,0.6,62855.01,441.514286,med_med_up,False,True,False,False,False,0.0,0.0,50.0,0.0,0.0,0.0,0.0,0.0,50.0,0.0,0.0,-1,0.0,G2_TRADEABLE,tradeable_sell=False,-1,0.0,0.0,
BTC/USDT,2148,2026-06-07 09:00:00,short,0.53884,88.03,0.6,62530.0,461.183571,med_med_up,False,True,False,False,False,0.0,0.0,50.0,0.0,0.0,0.0,0.0,0.0,50.0,0.0,0.0,-1,0.0,G2_TRADEABLE,tradeable_sell=False,-1,0.0,0.0,
BTC/USDT,2149,2026-06-07 10:00:00,short,0.54107,83.02,0.6,62370.52,463.892143,med_med_up,False,True,False,False,False,0.0,0.0,50.0,0.0,0.0,0.0,0.0,0.0,50.0,0.0,0.0,-1,0.0,G2_TRADEABLE,tradeable_sell=False,-1,0.0,0.0,
BTC/USDT,2150,2026-06-07 11:00:00,short,0.54194,83.11,0.6,62621.96,471.245,med_med_up,False,True,False,False,False,0.0,0.0,50.0,0.0,0.0,0.0,0.0,0.0,50.0,0.0,0.0,-1,0.0,G2_TRADEABLE,tradeable_sell=False,-1,0.0,0.0,
BTC/USDT,2151,2026-06-07 12:00:00,short,0.53522,95.74,0.6,61900.67,519.669286,med_high_up,,,True,False,False,0.0,0.0,50.0,0.0,0.0,0.0,0.0,0.0,50.0,0.0,0.0,-1,0.0,G1_REGIME,regime='med_high_up' skipped=True reg_empty=False,-1,0.0,0.0,
BTC/USDT,2152,2026-06-07 13:00:00,short,0.54473,80.41,0.6,61700.13,509.618571,med_high_up,,,True,False,False,0.0,0.0,50.0,0.0,0.0,0.0,0.0,0.0,50.0,0.0,0.0,-1,0.0,G1_REGIME,regime='med_high_up' skipped=True reg_empty=False,-1,0.0,0.0,
BTC/USDT,2153,2026-06-07 14:00:00,short,0.55772,76.5,0.6,61905.49,536.311429,med_high_up,,,True,False,False,0.0,0.0,50.0,0.0,0.0,0.0,0.0,0.0,50.0,0.0,0.0,-1,0.0,G1_REGIME,regime='med_high_up' skipped=True reg_empty=False,-1,0.0,0.0,
BTC/USDT,2154,2026-06-07 15:00:00,short,0.54517,82.34,0.6,62093.99,510.545714,med_high_up,,,True,False,False,0.0,0.0,50.0,0.0,0.0,0.0,0.0,0.0,50.0,0.0,0.0,-1,0.0,G1_REGIME,regime='med_high_up' skipped=True reg_empty=False,-1,0.0,0.0,
BTC/USDT,2155,2026-06-07 16:00:00,short,0.52706,82.38,0.6,62083.64,509.26,med_high_up,,,True,False,False,0.0,0.0,50.0,0.0,0.0,0.0,0.0,0.0,50.0,0.0,0.0,-1,0.0,G1_REGIME,regime='med_high_up' skipped=True reg_empty=False,-1,0.0,0.0,
BTC/USDT,2156,2026-06-07 17:00:00,short,0.529,82.57,0.6,62160.01,503.627857,med_high_up,,,True,False,False,0.0,0.0,50.0,0.0,0.0,0.0,0.0,0.0,50.0,0.0,0.0,-1,0.0,G1_REGIME,regime='med_high_up' skipped=True reg_empty=False,-1,0.0,0.0,
BTC/USDT,2157,2026-06-07 18:00:00,short,0.51346,81.91,0.6,62030.14,492.87,med_high_up,,,True,False,False,0.0,0.0,50.0,0.0,0.0,0.0,0.0,0.0,50.0,0.0,0.0,-1,0.0,G1_REGIME,regime='med_high_up' skipped=True reg_empty=False,-1,0.0,0.0,
BTC/USDT,2158,2026-06-07 19:00:00,short,0.52209,71.63,0.6,61328.0,517.211429,med_high_up,,,True,False,False,0.0,0.0,50.0,0.0,0.0,0.0,0.0,0.0,50.0,0.0,0.0,-1,0.0,G1_REGIME,regime='med_high_up' skipped=True reg_empty=False,-1,0.0,0.0,
BTC/USDT,2159,2026-06-07 20:00:00,short,0.51242,74.86,0.6,61878.01,523.832857,med_high_up,,,True,False,False,0.0,0.0,50.0,0.0,0.0,0.0,0.0,0.0,50.0,0.0,0.0,-1,0.0,G1_REGIME,regime='med_high_up' skipped=True reg_empty=False,-1,0.0,0.0,
BTC/USDT,2160,2026-06-07 21:00:00,short,0.51404,76.19,0.6,61778.41,519.04,med_high_up,,,True,False,False,0.0,0.0,50.0,0.0,0.0,0.0,0.0,0.0,50.0,0.0,0.0,-1,0.0,G1_REGIME,regime='med_high_up' skipped=True reg_empty=False,-1,0.0,0.0,
BTC/USDT,2161,2026-06-07 22:00:00,short,0.52426,100.0,0.6,62865.87,648.035714,high_high_up,False,False,False,False,False,0.0,0.0,50.0,0.0,0.0,0.0,0.0,0.0,50.0,0.0,0.0,-1,0.0,G2_TRADEABLE,tradeable_sell=False,-1,0.0,0.0,
BTC/USDT,2162,2026-06-07 23:00:00,short,0.52199,83.36,0.6,63332.01,656.272857,high_high_up,False,False,False,False,False,0.0,0.0,50.0,0.0,0.0,0.0,0.0,0.0,50.0,0.0,0.0,-1,0.0,G2_TRADEABLE,tradeable_sell=False,-1,0.0,0.0,
BTC/USDT,2163,2026-06-08 00:00:00,short,0.56473,85.03,0.6,63631.42,688.613571,high_high_up,False,False,False,False,False,0.0,0.0,50.0,0.0,0.0,0.0,0.0,0.0,50.0,0.0,0.0,-1,0.0,G2_TRADEABLE,tradeable_sell=False,-1,0.0,0.0,
BTC/USDT,2164,2026-06-08 01:00:00,short,0.56634,75.59,0.6,63211.41,726.336429,high_high_up,False,False,False,False,False,0.0,0.0,50.0,0.0,0.0,0.0,0.0,0.0,50.0,0.0,0.0,-1,0.0,G2_TRADEABLE,tradeable_sell=False,-1,0.0,0.0,
BTC/USDT,2165,2026-06-08 02:00:00,short,0.56157,72.33,0.6,63129.93,674.561429,high_high_up,False,False,False,False,False,0.0,0.0,50.0,0.0,0.0,0.0,0.0,0.0,50.0,0.0,0.0,-1,0.0,G2_TRADEABLE,tradeable_sell=False,-1,0.0,0.0,
BTC/USDT,2166,2026-06-08 03:00:00,short,0.55864,72.55,0.6,63130.12,690.355714,high_high_up,False,False,False,False,False,0.0,0.0,50.0,0.0,0.0,0.0,0.0,0.0,50.0,0.0,0.0,-1,0.0,G2_TRADEABLE,tradeable_sell=False,-1,0.0,0.0,
BTC/USDT,2167,2026-06-08 04:00:00,short,0.53239,75.1,0.6,62684.61,683.094286,high_high_up,False,False,False,False,False,0.0,0.0,50.0,0.0,0.0,0.0,0.0,0.0,50.0,0.0,0.0,-1,0.0,G2_TRADEABLE,tradeable_sell=False,-1,0.0,0.0,
BTC/USDT,2168,2026-06-08 05:00:00,short,0.54235,74.51,0.6,62764.0,673.941429,high_high_up,False,False,False,False,False,0.0,0.0,50.0,0.0,0.0,0.0,0.0,0.0,50.0,0.0,0.0,-1,0.0,G2_TRADEABLE,tradeable_sell=False,-1,0.0,0.0,
BTC/USDT,2169,2026-06-08 06:00:00,short,0.54353,73.93,0.6,62988.03,677.084286,high_high_up,False,False,False,False,False,0.0,0.0,50.0,0.0,0.0,0.0,0.0,0.0,50.0,0.0,0.0,-1,0.0,G2_TRADEABLE,tradeable_sell=False,-1,0.0,0.0,
BTC/USDT,2170,2026-06-08 07:00:00,short,0.56435,75.91,0.6,63283.99,695.271429,high_high_up,False,False,False,False,False,0.0,0.0,50.0,0.0,0.0,0.0,0.0,0.0,50.0,0.0,0.0,-1,0.0,G2_TRADEABLE,tradeable_sell=False,-1,0.0,0.0,
BTC/USDT,2171,2026-06-08 08:00:00,short,0.564,74.92,0.6,63132.83,696.556429,high_high_flat,False,False,False,False,False,0.0,0.0,50.0,0.0,0.0,0.0,0.0,0.0,50.0,0.0,0.0,-1,0.0,G2_TRADEABLE,tradeable_sell=False,-1,0.0,0.0,
BTC/USDT,2172,2026-06-08 09:00:00,short,0.54941,83.36,0.6,63502.0,667.742857,high_high_up,False,False,False,False,False,0.0,0.0,50.0,0.0,0.0,0.0,0.0,0.0,50.0,0.0,0.0,-1,0.0,G2_TRADEABLE,tradeable_sell=False,-1,0.0,0.0,
BTC/USDT,2173,2026-06-08 10:00:00,short,0.54559,76.12,0.6,63172.3,648.172143,high_high_up,False,False,False,False,False,0.0,0.0,50.0,0.0,0.0,0.0,0.0,0.0,50.0,0.0,0.0,-1,0.0,G2_TRADEABLE,tradeable_sell=False,-1,0.0,0.0,
BTC/USDT,2174,2026-06-08 11:00:00,short,0.55123,88.6,0.6,63479.61,680.270714,high_high_up,False,False,False,False,False,0.0,0.0,50.0,0.0,0.0,0.0,0.0,0.0,50.0,0.0,0.0,-1,0.0,G2_TRADEABLE,tradeable_sell=False,-1,0.0,0.0,
BTC/USDT,2175,2026-06-08 12:00:00,short,0.54387,90.83,0.6,63872.0,588.007143,high_high_up,False,False,False,False,False,0.0,0.0,50.0,0.0,0.0,0.0,0.0,0.0,50.0,0.0,0.0,-1,0.0,G2_TRADEABLE,tradeable_sell=False,-1,0.0,0.0,
BTC/USDT,2176,2026-06-08 13:00:00,short,0.54456,85.71,0.6,63758.0,583.776429,high_high_up,False,False,False,False,False,0.0,0.0,50.0,0.0,0.0,0.0,0.0,0.0,50.0,0.0,0.0,-1,0.0,G2_TRADEABLE,tradeable_sell=False,-1,0.0,0.0,
BTC/USDT,2177,2026-06-08 14:00:00,short,0.55315,88.12,0.6,63964.08,568.933571,high_high_up,False,False,False,False,False,0.0,0.0,50.0,0.0,0.0,0.0,0.0,0.0,50.0,0.0,0.0,-1,0.0,G2_TRADEABLE,tradeable_sell=False,-1,0.0,0.0,
BTC/USDT,2178,2026-06-08 15:00:00,short,0.55479,90.33,0.6,63774.48,537.924286,high_high_up,False,False,False,False,False,0.0,0.0,50.0,0.0,0.0,0.0,0.0,0.0,50.0,0.0,0.0,-1,0.0,G2_TRADEABLE,tradeable_sell=False,-1,0.0,0.0,
BTC/USDT,2179,2026-06-08 16:00:00,short,0.56121,84.12,0.6,63532.01,554.557143,high_high_up,False,False,False,False,False,0.0,0.0,50.0,0.0,0.0,0.0,0.0,0.0,50.0,0.0,0.0,-1,0.0,G2_TRADEABLE,tradeable_sell=False,-1,0.0,0.0,
BTC/USDT,2180,2026-06-08 17:00:00,short,0.54719,84.19,0.6,63550.0,547.296429,high_high_up,False,False,False,False,False,0.0,0.0,50.0,0.0,0.0,0.0,0.0,0.0,50.0,0.0,0.0,-1,0.0,G2_TRADEABLE,tradeable_sell=False,-1,0.0,0.0,
BTC/USDT,2181,2026-06-08 18:00:00,short,0.56246,81.34,0.6,63466.83,535.581429,high_high_up,False,False,False,False,False,0.0,0.0,50.0,0.0,0.0,0.0,0.0,0.0,50.0,0.0,0.0,-1,0.0,G2_TRADEABLE,tradeable_sell=False,-1,0.0,0.0,
BTC/USDT,2182,2026-06-08 19:00:00,short,0.54132,81.37,0.6,63372.01,522.919286,high_high_up,False,False,False,False,False,0.0,0.0,50.0,0.0,0.0,0.0,0.0,0.0,50.0,0.0,0.0,-1,0.0,G2_TRADEABLE,tradeable_sell=False,-1,0.0,0.0,
BTC/USDT,2183,2026-06-08 20:00:00,short,0.53941,84.09,0.6,63485.49,516.860714,high_high_up,False,False,False,False,False,0.0,0.0,50.0,0.0,0.0,0.0,0.0,0.0,50.0,0.0,0.0,-1,0.0,G2_TRADEABLE,tradeable_sell=False,-1,0.0,0.0,
BTC/USDT,2184,2026-06-08 21:00:00,short,0.54804,59.95,0.6,63728.96,504.617143,high_high_up,False,False,False,False,False,0.0,0.0,50.0,0.0,0.0,0.0,0.0,0.0,50.0,0.0,0.0,-1,0.0,G2_TRADEABLE,tradeable_sell=False,-1,0.0,0.0,
BTC/USDT,2185,2026-06-08 22:00:00,short,0.54627,64.57,0.6,63440.01,520.829286,high_high_up,False,False,False,False,False,0.0,0.0,50.0,0.0,0.0,0.0,0.0,0.0,50.0,0.0,0.0,-1,0.0,G2_TRADEABLE,tradeable_sell=False,-1,0.0,0.0,
BTC/USDT,2186,2026-06-08 23:00:00,short,0.53088,48.11,0.6,63085.99,532.682857,high_high_flat,False,False,False,False,False,0.0,0.0,50.0,0.0,0.0,0.0,0.0,0.0,50.0,0.0,0.0,-1,0.0,G2_TRADEABLE,tradeable_sell=False,-1,0.0,0.0,
BTC/USDT,2187,2026-06-09 00:00:00,short,0.5022,59.26,0.6,62562.0,553.37,high_high_down,False,True,False,False,False,0.0,0.0,50.0,0.0,0.0,0.0,0.0,0.0,50.0,0.0,0.0,-1,0.0,G2_TRADEABLE,tradeable_sell=False,-1,0.0,0.0,
BTC/USDT,2188,2026-06-09 01:00:00,long,0.50347,63.92,0.6,62764.01,518.898571,high_high_flat,False,False,False,False,False,0.0,0.0,50.0,0.0,0.0,0.0,0.0,0.0,50.0,0.0,0.0,-1,0.0,G2_TRADEABLE,tradeable_buy=False,-1,0.0,0.0,
BTC/USDT,2189,2026-06-09 02:00:00,short,0.50552,45.43,0.6,62868.0,455.685,high_med_flat,,,True,False,False,0.0,0.0,50.0,0.0,0.0,0.0,0.0,0.0,50.0,0.0,0.0,-1,0.0,G1_REGIME,regime='high_med_flat' skipped=True reg_empty=False,-1,0.0,0.0,
BTC/USDT,2190,2026-06-09 03:00:00,short,0.50784,48.92,0.6,62875.17,434.005,high_med_flat,,,True,False,False,0.0,0.0,50.0,0.0,0.0,0.0,0.0,0.0,50.0,0.0,0.0,-1,0.0,G1_REGIME,regime='high_med_flat' skipped=True reg_empty=False,-1,0.0,0.0,
BTC/USDT,2191,2026-06-09 04:00:00,short,0.50845,48.92,0.6,63242.36,445.37,high_med_up,,,True,False,False,0.0,0.0,50.0,0.0,0.0,0.0,0.0,0.0,50.0,0.0,0.0,-1,0.0,G1_REGIME,regime='high_med_up' skipped=True reg_empty=False,-1,0.0,0.0,
BTC/USDT,2192,2026-06-09 05:00:00,short,0.5239,58.92,0.6,63338.68,439.425,high_med_up,,,True,False,False,0.0,0.0,50.0,0.0,0.0,0.0,0.0,0.0,50.0,0.0,0.0,-1,0.0,G1_REGIME,regime='high_med_up' skipped=True reg_empty=False,-1,0.0,0.0,
BTC/USDT,2193,2026-06-09 06:00:00,long,0.51396,56.38,0.6,63300.0,418.077857,high_med_flat,,,True,False,False,0.0,0.0,50.0,0.0,0.0,0.0,0.0,0.0,50.0,0.0,0.0,-1,0.0,G1_REGIME,regime='high_med_flat' skipped=True reg_empty=False,-1,0.0,0.0,
BTC/USDT,2194,2026-06-09 07:00:00,long,0.52149,64.01,0.6,63198.44,421.907143,high_med_flat,,,True,False,False,0.0,0.0,50.0,0.0,0.0,0.0,0.0,0.0,50.0,0.0,0.0,-1,0.0,G1_REGIME,regime='high_med_flat' skipped=True reg_empty=False,-1,0.0,0.0,
BTC/USDT,2195,2026-06-09 08:00:00,long,0.52314,62.55,0.6,62849.75,428.287143,high_med_flat,,,True,False,False,0.0,0.0,50.0,0.0,0.0,0.0,0.0,0.0,50.0,0.0,0.0,-1,0.0,G1_REGIME,regime='high_med_flat' skipped=True reg_empty=False,-1,0.0,0.0,
BTC/USDT,2196,2026-06-09 09:00:00,short,0.50303,51.62,0.6,62715.37,436.460714,high_med_down,False,True,False,False,False,0.0,0.0,50.0,0.0,0.0,0.0,0.0,0.0,50.0,0.0,0.0,-1,0.0,G2_TRADEABLE,tradeable_sell=False,-1,0.0,0.0,
BTC/USDT,2197,2026-06-09 10:00:00,short,0.5267,69.83,0.6,62786.01,430.331429,high_med_flat,,,True,False,False,0.0,0.0,50.0,0.0,0.0,0.0,0.0,0.0,50.0,0.0,0.0,-1,0.0,G1_REGIME,regime='high_med_flat' skipped=True reg_empty=False,-1,0.0,0.0,
BTC/USDT,2198,2026-06-09 11:00:00,short,0.5195,70.02,0.6,62711.12,426.95,high_med_down,False,True,False,False,False,0.0,0.0,50.0,0.0,0.0,0.0,0.0,0.0,50.0,0.0,0.0,-1,0.0,G2_TRADEABLE,tradeable_sell=False,-1,0.0,0.0,
BTC/USDT,2199,2026-06-09 12:00:00,short,0.51216,73.47,0.6,62645.15,423.734286,med_med_down,False,True,False,False,False,0.0,0.0,50.0,0.0,0.0,0.0,0.0,0.0,50.0,0.0,0.0,-1,0.0,G2_TRADEABLE,tradeable_sell=False,-1,0.0,0.0,
BTC/USDT,2200,2026-06-09 13:00:00,short,0.50627,80.6,0.6,62273.61,422.495714,med_med_down,False,True,False,False,False,0.0,0.0,50.0,0.0,0.0,0.0,0.0,0.0,50.0,0.0,0.0,-1,0.0,G2_TRADEABLE,tradeable_sell=False,-1,0.0,0.0,
BTC/USDT,2201,2026-06-09 14:00:00,short,0.53383,96.37,0.6,61541.95,457.210714,high_med_down,False,True,False,False,False,0.0,0.0,50.0,0.0,0.0,0.0,0.0,0.0,50.0,0.0,0.0,-1,0.0,G2_TRADEABLE,tradeable_sell=False,-1,0.0,0.0,
BTC/USDT,2202,2026-06-09 15:00:00,short,0.53406,72.36,0.6,61131.84,481.309286,med_high_down,,,True,False,False,0.0,0.0,50.0,0.0,0.0,0.0,0.0,0.0,50.0,0.0,0.0,-1,0.0,G1_REGIME,regime='med_high_down' skipped=True reg_empty=False,-1,0.0,0.0,
BTC/USDT,2203,2026-06-09 16:00:00,short,0.51412,83.68,0.6,61390.51,508.079286,high_high_down,False,True,False,False,False,0.0,0.0,50.0,0.0,0.0,0.0,0.0,0.0,50.0,0.0,0.0,-1,0.0,G2_TRADEABLE,tradeable_sell=False,-1,0.0,0.0,
BTC/USDT,2204,2026-06-09 17:00:00,long,0.501,82.45,0.6,61692.01,523.832857,high_high_down,False,True,False,False,False,0.0,0.0,50.0,0.0,0.0,0.0,0.0,0.0,50.0,0.0,0.0,-1,0.0,G2_TRADEABLE,tradeable_buy=False,-1,0.0,0.0,
BTC/USDT,2205,2026-06-09 18:00:00,long,0.52901,70.24,0.6,61792.01,501.404286,high_high_down,False,True,False,False,False,0.0,0.0,50.0,0.0,0.0,0.0,0.0,0.0,50.0,0.0,0.0,-1,0.0,G2_TRADEABLE,tradeable_buy=False,-1,0.0,0.0,
BTC/USDT,2206,2026-06-09 19:00:00,long,0.54534,70.71,0.6,62098.09,499.662857,high_high_down,False,True,False,False,False,0.0,0.0,50.0,0.0,0.0,0.0,0.0,0.0,50.0,0.0,0.0,-1,0.0,G2_TRADEABLE,tradeable_buy=False,-1,0.0,0.0,
BTC/USDT,2207,2026-06-09 20:00:00,long,0.50625,70.37,0.6,62160.0,502.635,high_high_down,False,True,False,False,False,0.0,0.0,50.0,0.0,0.0,0.0,0.0,0.0,50.0,0.0,0.0,-1,0.0,G2_TRADEABLE,tradeable_buy=False,-1,0.0,0.0,
BTC/USDT,2208,2026-06-09 21:00:00,long,0.50722,68.96,0.6,61761.2,506.010714,high_high_down,False,True,False,False,False,0.0,0.0,50.0,0.0,0.0,0.0,0.0,0.0,50.0,0.0,0.0,-1,0.0,G2_TRADEABLE,tradeable_buy=False,-1,0.0,0.0,
BTC/USDT,2209,2026-06-09 22:00:00,short,0.50889,78.45,0.6,61717.5,496.725,med_high_down,,,True,False,False,0.0,0.0,50.0,0.0,0.0,0.0,0.0,0.0,50.0,0.0,0.0,-1,0.0,G1_REGIME,regime='med_high_down' skipped=True reg_empty=False,-1,0.0,0.0,
BTC/USDT,2210,2026-06-09 23:00:00,long,0.50376,69.71,0.6,61730.0,494.408571,med_high_down,,,True,False,False,0.0,0.0,50.0,0.0,0.0,0.0,0.0,0.0,50.0,0.0,0.0,-1,0.0,G1_REGIME,regime='med_high_down' skipped=True reg_empty=False,-1,0.0,0.0,
BTC/USDT,2211,2026-06-10 00:00:00,short,0.50455,78.93,0.6,61923.16,512.310714,med_high_flat,,,True,False,False,0.0,0.0,50.0,0.0,0.0,0.0,0.0,0.0,50.0,0.0,0.0,-1,0.0,G1_REGIME,regime='med_high_flat' skipped=True reg_empty=False,-1,0.0,0.0,
BTC/USDT,2212,2026-06-10 01:00:00,short,0.50633,79.84,0.6,61714.0,516.985714,med_high_down,,,True,False,False,0.0,0.0,50.0,0.0,0.0,0.0,0.0,0.0,50.0,0.0,0.0,-1,0.0,G1_REGIME,regime='med_high_down' skipped=True reg_empty=False,-1,0.0,0.0,
BTC/USDT,2213,2026-06-10 02:00:00,short,0.50074,71.46,0.6,61302.36,526.16,med_high_down,,,True,False,False,0.0,0.0,50.0,0.0,0.0,0.0,0.0,0.0,50.0,0.0,0.0,-1,0.0,G1_REGIME,regime='med_high_down' skipped=True reg_empty=False,-1,0.0,0.0,
BTC/USDT,2214,2026-06-10 03:00:00,long,0.50987,81.47,0.6,61549.64,505.445714,med_high_down,,,True,False,False,0.0,0.0,50.0,0.0,0.0,0.0,0.0,0.0,50.0,0.0,0.0,-1,0.0,G1_REGIME,regime='med_high_down' skipped=True reg_empty=False,-1,0.0,0.0,
BTC/USDT,2215,2026-06-10 04:00:00,short,0.50067,69.84,0.6,61295.99,443.332143,med_med_down,False,True,False,False,False,0.0,0.0,50.0,0.0,0.0,0.0,0.0,0.0,50.0,0.0,0.0,-1,0.0,G2_TRADEABLE,tradeable_sell=False,-1,0.0,0.0,
BTC/USDT,2216,2026-06-10 05:00:00,short,0.50388,69.42,0.6,61361.17,418.342857,med_med_down,False,True,False,False,False,0.0,0.0,50.0,0.0,0.0,0.0,0.0,0.0,50.0,0.0,0.0,-1,0.0,G2_TRADEABLE,tradeable_sell=False,-1,0.0,0.0,
BTC/USDT,2217,2026-06-10 06:00:00,short,0.51251,68.15,0.6,61472.89,394.901429,med_med_down,False,True,False,False,False,0.0,0.0,50.0,0.0,0.0,0.0,0.0,0.0,50.0,0.0,0.0,-1,0.0,G2_TRADEABLE,tradeable_sell=False,-1,0.0,0.0,
BTC/USDT,2218,2026-06-10 07:00:00,short,0.53257,71.59,0.6,61687.56,385.962143,med_med_down,False,True,False,False,False,0.0,0.0,50.0,0.0,0.0,0.0,0.0,0.0,50.0,0.0,0.0,-1,0.0,G2_TRADEABLE,tradeable_sell=False,-1,0.0,0.0,
BTC/USDT,2219,2026-06-10 08:00:00,short,0.53585,73.73,0.6,61261.55,400.676429,med_med_down,False,True,False,False,False,0.0,0.0,50.0,0.0,0.0,0.0,0.0,0.0,50.0,0.0,0.0,-1,0.0,G2_TRADEABLE,tradeable_sell=False,-1,0.0,0.0,
BTC/USDT,2220,2026-06-10 09:00:00,short,0.52471,73.95,0.6,61334.94,421.038571,med_med_down,False,True,False,False,False,0.0,0.0,50.0,0.0,0.0,0.0,0.0,0.0,50.0,0.0,0.0,-1,0.0,G2_TRADEABLE,tradeable_sell=False,-1,0.0,0.0,
BTC/USDT,2221,2026-06-10 10:00:00,short,0.52555,69.48,0.6,61386.09,420.109286,med_med_down,False,True,False,False,False,0.0,0.0,50.0,0.0,0.0,0.0,0.0,0.0,50.0,0.0,0.0,-1,0.0,G2_TRADEABLE,tradeable_sell=False,-1,0.0,0.0,
BTC/USDT,2222,2026-06-10 11:00:00,short,0.53242,77.58,0.6,61034.04,426.105714,med_med_down,False,True,False,False,False,0.0,0.0,50.0,0.0,0.0,0.0,0.0,0.0,50.0,0.0,0.0,-1,0.0,G2_TRADEABLE,tradeable_sell=False,-1,0.0,0.0,
BTC/USDT,2223,2026-06-10 12:00:00,short,0.5268,89.56,0.6,61564.01,474.724286,med_med_down,False,True,False,False,False,0.0,0.0,50.0,0.0,0.0,0.0,0.0,0.0,50.0,0.0,0.0,-1,0.0,G2_TRADEABLE,tradeable_sell=False,-1,0.0,0.0,
BTC/USDT,2224,2026-06-10 13:00:00,long,0.5009,91.61,0.6,62146.42,523.233571,med_high_flat,,,True,False,False,0.0,0.0,50.0,0.0,0.0,0.0,0.0,0.0,50.0,0.0,0.0,-1,0.0,G1_REGIME,regime='med_high_flat' skipped=True reg_empty=False,-1,0.0,0.0,
BTC/USDT,2225,2026-06-10 14:00:00,short,0.52175,88.74,0.6,62195.99,519.892143,med_high_up,,,True,False,False,0.0,0.0,50.0,0.0,0.0,0.0,0.0,0.0,50.0,0.0,0.0,-1,0.0,G1_REGIME,regime='med_high_up' skipped=True reg_empty=False,-1,0.0,0.0,
BTC/USDT,2226,2026-06-10 15:00:00,short,0.51462,100.0,0.6,62639.23,564.27,med_high_up,,,True,False,False,0.0,0.0,50.0,0.0,0.0,0.0,0.0,0.0,50.0,0.0,0.0,-1,0.0,G1_REGIME,regime='med_high_up' skipped=True reg_empty=False,-1,0.0,0.0,
BTC/USDT,2227,2026-06-10 16:00:00,short,0.50837,85.71,0.6,62219.33,572.385714,med_high_up,,,True,False,False,0.0,0.0,50.0,0.0,0.0,0.0,0.0,0.0,50.0,0.0,0.0,-1,0.0,G1_REGIME,regime='med_high_up' skipped=True reg_empty=False,-1,0.0,0.0,
BTC/USDT,2228,2026-06-10 17:00:00,short,0.50908,68.97,0.6,61969.99,600.775714,med_high_flat,,,True,False,False,0.0,0.0,50.0,0.0,0.0,0.0,0.0,0.0,50.0,0.0,0.0,-1,0.0,G1_REGIME,regime='med_high_flat' skipped=True reg_empty=False,-1,0.0,0.0,
BTC/USDT,2229,2026-06-10 18:00:00,long,0.50182,60.81,0.6,61882.0,614.829286,med_high_flat,,,True,False,False,0.0,0.0,50.0,0.0,0.0,0.0,0.0,0.0,50.0,0.0,0.0,-1,0.0,G1_REGIME,regime='med_high_flat' skipped=True reg_empty=False,-1,0.0,0.0,
BTC/USDT,2230,2026-06-10 19:00:00,short,0.50831,61.1,0.6,61942.44,619.770714,med_high_flat,,,True,False,False,0.0,0.0,50.0,0.0,0.0,0.0,0.0,0.0,50.0,0.0,0.0,-1,0.0,G1_REGIME,regime='med_high_flat' skipped=True reg_empty=False,-1,0.0,0.0,
BTC/USDT,2231,2026-06-10 20:00:00,long,0.50256,73.89,0.6,61805.51,611.536429,med_high_flat,,,True,False,False,0.0,0.0,50.0,0.0,0.0,0.0,0.0,0.0,50.0,0.0,0.0,-1,0.0,G1_REGIME,regime='med_high_flat' skipped=True reg_empty=False,-1,0.0,0.0,
BTC/USDT,2232,2026-06-10 21:00:00,short,0.50554,50.9,0.6,61356.18,629.606429,med_high_flat,,,True,False,False,0.0,0.0,50.0,0.0,0.0,0.0,0.0,0.0,50.0,0.0,0.0,-1,0.0,G1_REGIME,regime='med_high_flat' skipped=True reg_empty=False,-1,0.0,0.0,
BTC/USDT,2233,2026-06-10 22:00:00,long,0.51979,66.92,0.6,61381.46,622.589286,med_high_flat,,,True,False,False,0.0,0.0,50.0,0.0,0.0,0.0,0.0,0.0,50.0,0.0,0.0,-1,0.0,G1_REGIME,regime='med_high_flat' skipped=True reg_empty=False,-1,0.0,0.0,
BTC/USDT,2234,2026-06-10 23:00:00,long,0.51045,62.41,0.6,61510.99,606.270714,med_high_flat,,,True,False,False,0.0,0.0,50.0,0.0,0.0,0.0,0.0,0.0,50.0,0.0,0.0,-1,0.0,G1_REGIME,regime='med_high_flat' skipped=True reg_empty=False,-1,0.0,0.0,
BTC/USDT,2235,2026-06-11 00:00:00,long,0.51309,58.68,0.6,61812.0,617.635714,med_high_flat,,,True,False,False,0.0,0.0,50.0,0.0,0.0,0.0,0.0,0.0,50.0,0.0,0.0,-1,0.0,G1_REGIME,regime='med_high_flat' skipped=True reg_empty=False,-1,0.0,0.0,
BTC/USDT,2236,2026-06-11 01:00:00,short,0.51672,67.78,0.6,62206.01,617.863571,med_high_up,,,True,False,False,0.0,0.0,50.0,0.0,0.0,0.0,0.0,0.0,50.0,0.0,0.0,-1,0.0,G1_REGIME,regime='med_high_up' skipped=True reg_empty=False,-1,0.0,0.0,
BTC/USDT,2237,2026-06-11 02:00:00,short,0.52619,61.65,0.6,62148.0,572.85,med_high_up,,,True,False,False,0.0,0.0,50.0,0.0,0.0,0.0,0.0,0.0,50.0,0.0,0.0,-1,0.0,G1_REGIME,regime='med_high_up' skipped=True reg_empty=False,-1,0.0,0.0,
BTC/USDT,2238,2026-06-11 03:00:00,short,0.52662,68.04,0.6,62689.48,561.055,med_high_up,,,True,False,False,0.0,0.0,50.0,0.0,0.0,0.0,0.0,0.0,50.0,0.0,0.0,-1,0.0,G1_REGIME,regime='med_high_up' skipped=True reg_empty=False,-1,0.0,0.0,
BTC/USDT,2239,2026-06-11 04:00:00,short,0.54097,61.21,0.6,62726.86,551.372143,med_high_up,,,True,False,False,0.0,0.0,50.0,0.0,0.0,0.0,0.0,0.0,50.0,0.0,0.0,-1,0.0,G1_REGIME,regime='med_high_up' skipped=True reg_empty=False,-1,0.0,0.0,
BTC/USDT,2240,2026-06-11 05:00:00,short,0.53024,58.25,0.6,62610.0,491.66,med_high_up,,,True,False,False,0.0,0.0,50.0,0.0,0.0,0.0,0.0,0.0,50.0,0.0,0.0,-1,0.0,G1_REGIME,regime='med_high_up' skipped=True reg_empty=False,-1,0.0,0.0,
BTC/USDT,2241,2026-06-11 06:00:00,short,0.53451,69.35,0.6,62772.0,472.848571,med_med_up,False,True,False,False,False,0.0,0.0,50.0,0.0,0.0,0.0,0.0,0.0,50.0,0.0,0.0,-1,0.0,G2_TRADEABLE,tradeable_sell=False,-1,0.0,0.0,
BTC/USDT,2242,2026-06-11 07:00:00,short,0.54217,58.84,0.6,62719.39,438.952143,med_med_up,False,True,False,False,False,0.0,0.0,50.0,0.0,0.0,0.0,0.0,0.0,50.0,0.0,0.0,-1,0.0,G2_TRADEABLE,tradeable_sell=False,-1,0.0,0.0,
BTC/USDT,2243,2026-06-11 08:00:00,short,0.51933,79.42,0.6,62957.99,421.560714,med_med_up,False,True,False,False,False,0.0,0.0,50.0,0.0,0.0,0.0,0.0,0.0,50.0,0.0,0.0,-1,0.0,G2_TRADEABLE,tradeable_sell=False,-1,0.0,0.0,
BTC/USDT,2244,2026-06-11 09:00:00,short,0.53801,79.29,0.6,62927.49,408.045,med_med_up,False,True,False,False,False,0.0,0.0,50.0,0.0,0.0,0.0,0.0,0.0,50.0,0.0,0.0,-1,0.0,G2_TRADEABLE,tradeable_sell=False,-1,0.0,0.0,
BTC/USDT,2245,2026-06-11 10:00:00,short,0.53382,82.29,0.6,63148.0,419.769286,med_med_up,False,True,False,False,False,0.0,0.0,50.0,0.0,0.0,0.0,0.0,0.0,50.0,0.0,0.0,-1,0.0,G2_TRADEABLE,tradeable_sell=False,-1,0.0,0.0,
BTC/USDT,2246,2026-06-11 11:00:00,short,0.53065,82.51,0.6,63108.0,390.546429,med_med_up,False,True,False,False,False,0.0,0.0,50.0,0.0,0.0,0.0,0.0,0.0,50.0,0.0,0.0,-1,0.0,G2_TRADEABLE,tradeable_sell=False,-1,0.0,0.0,
BTC/USDT,2247,2026-06-11 12:00:00,short,0.5244,100.0,0.6,63010.01,406.277857,med_med_up,False,True,False,False,False,0.0,0.0,50.0,0.0,0.0,0.0,0.0,0.0,50.0,0.0,0.0,-1,0.0,G2_TRADEABLE,tradeable_sell=False,-1,0.0,0.0,
BTC/USDT,2248,2026-06-11 13:00:00,short,0.5375,88.65,0.6,63077.57,415.105714,med_med_up,False,True,False,False,False,0.0,0.0,50.0,0.0,0.0,0.0,0.0,0.0,50.0,0.0,0.0,-1,0.0,G2_TRADEABLE,tradeable_sell=False,-1,0.0,0.0,
BTC/USDT,2249,2026-06-11 14:00:00,short,0.51809,86.64,0.6,62734.02,408.226429,med_med_up,False,True,False,False,False,0.0,0.0,50.0,0.0,0.0,0.0,0.0,0.0,50.0,0.0,0.0,-1,0.0,G2_TRADEABLE,tradeable_sell=False,-1,0.0,0.0,
BTC/USDT,2250,2026-06-11 15:00:00,short,0.53108,83.91,0.6,62749.44,394.210714,med_med_flat,True,True,False,False,False,0.0,0.0,50.0,0.0,0.0,0.0,0.0,0.0,50.0,0.0,0.0,-1,0.0,G2_TRADEABLE,tradeable_sell=False,-1,0.0,0.0,
BTC/USDT,2251,2026-06-11 16:00:00,short,0.50291,83.85,0.6,62582.45,389.453571,med_med_up,False,True,False,False,False,0.0,0.0,50.0,0.0,0.0,0.0,0.0,0.0,50.0,0.0,0.0,-1,0.0,G2_TRADEABLE,tradeable_sell=False,-1,0.0,0.0,
BTC/USDT,2252,2026-06-11 17:00:00,short,0.54106,100.0,0.6,63644.19,423.155714,med_med_up,False,True,False,False,False,0.0,0.0,50.0,0.0,0.0,0.0,0.0,0.0,50.0,0.0,0.0,-1,0.0,G2_TRADEABLE,tradeable_sell=False,-1,0.0,0.0,
BTC/USDT,2253,2026-06-11 18:00:00,short,0.53646,83.86,0.6,63461.12,434.297857,med_med_up,False,True,False,False,False,0.0,0.0,50.0,0.0,0.0,0.0,0.0,0.0,50.0,0.0,0.0,-1,0.0,G2_TRADEABLE,tradeable_sell=False,-1,0.0,0.0,
BTC/USDT,2254,2026-06-11 19:00:00,short,0.54069,84.68,0.6,63605.68,460.940714,med_med_up,False,True,False,False,False,0.0,0.0,50.0,0.0,0.0,0.0,0.0,0.0,50.0,0.0,0.0,-1,0.0,G2_TRADEABLE,tradeable_sell=False,-1,0.0,0.0,
BTC/USDT,2255,2026-06-11 20:00:00,short,0.52326,80.81,0.6,63393.67,456.709286,med_med_up,False,True,False,False,False,0.0,0.0,50.0,0.0,0.0,0.0,0.0,0.0,50.0,0.0,0.0,-1,0.0,G2_TRADEABLE,tradeable_sell=False,-1,0.0,0.0,
BTC/USDT,2256,2026-06-11 21:00:00,short,0.53173,77.12,0.6,63519.99,454.953571,med_med_up,False,True,False,False,False,0.0,0.0,50.0,0.0,0.0,0.0,0.0,0.0,50.0,0.0,0.0,-1,0.0,G2_TRADEABLE,tradeable_sell=False,-1,0.0,0.0,
BTC/USDT,2257,2026-06-11 22:00:00,short,0.53058,77.75,0.6,63500.01,446.195,med_med_up,False,True,False,False,False,0.0,0.0,50.0,0.0,0.0,0.0,0.0,0.0,50.0,0.0,0.0,-1,0.0,G2_TRADEABLE,tradeable_sell=False,-1,0.0,0.0,
BTC/USDT,2258,2026-06-11 23:00:00,short,0.53075,78.4,0.6,63625.99,456.054286,med_med_up,False,True,False,False,False,0.0,0.0,50.0,0.0,0.0,0.0,0.0,0.0,50.0,0.0,0.0,-1,0.0,G2_TRADEABLE,tradeable_sell=False,-1,0.0,0.0,
BTC/USDT,2259,2026-06-12 00:00:00,short,0.53903,87.92,0.6,63648.8,446.325714,med_med_up,False,True,False,False,False,0.0,0.0,50.0,0.0,0.0,0.0,0.0,0.0,50.0,0.0,0.0,-1,0.0,G2_TRADEABLE,tradeable_sell=False,-1,0.0,0.0,
BTC/USDT,2260,2026-06-12 01:00:00,short,0.53287,84.87,0.6,63426.2,455.616429,med_med_up,False,True,False,False,False,0.0,0.0,50.0,0.0,0.0,0.0,0.0,0.0,50.0,0.0,0.0,-1,0.0,G2_TRADEABLE,tradeable_sell=False,-1,0.0,0.0,
BTC/USDT,2261,2026-06-12 02:00:00,short,0.55059,79.89,0.6,63624.07,431.538571,med_med_up,False,True,False,False,False,0.0,0.0,50.0,0.0,0.0,0.0,0.0,0.0,50.0,0.0,0.0,-1,0.0,G2_TRADEABLE,tradeable_sell=False,-1,0.0,0.0,
BTC/USDT,2262,2026-06-12 03:00:00,short,0.55648,80.16,0.6,63524.82,412.302857,med_med_up,False,True,False,False,False,0.0,0.0,50.0,0.0,0.0,0.0,0.0,0.0,50.0,0.0,0.0,-1,0.0,G2_TRADEABLE,tradeable_sell=False,-1,0.0,0.0,
BTC/USDT,2263,2026-06-12 04:00:00,short,0.54666,83.49,0.6,63700.0,417.31,med_med_up,False,True,False,False,False,0.0,0.0,50.0,0.0,0.0,0.0,0.0,0.0,50.0,0.0,0.0,-1,0.0,G2_TRADEABLE,tradeable_sell=False,-1,0.0,0.0,
BTC/USDT,2264,2026-06-12 05:00:00,short,0.53567,83.8,0.6,63358.2,420.276429,med_med_up,False,True,False,False,False,0.0,0.0,50.0,0.0,0.0,0.0,0.0,0.0,50.0,0.0,0.0,-1,0.0,G2_TRADEABLE,tradeable_sell=False,-1,0.0,0.0,
BTC/USDT,2265,2026-06-12 06:00:00,short,0.50937,72.35,0.6,62980.45,440.882143,med_med_flat,True,True,False,False,False,0.0,0.0,50.0,0.0,0.0,0.0,0.0,0.0,50.0,0.0,0.0,-1,0.0,G2_TRADEABLE,tradeable_sell=False,-1,0.0,0.0,
BTC/USDT,2266,2026-06-12 07:00:00,short,0.51986,80.57,0.6,63100.8,365.732857,med_med_up,False,True,False,False,False,0.0,0.0,50.0,0.0,0.0,0.0,0.0,0.0,50.0,0.0,0.0,-1,0.0,G2_TRADEABLE,tradeable_sell=False,-1,0.0,0.0,
BTC/USDT,2267,2026-06-12 08:00:00,short,0.52297,84.47,0.6,63470.81,369.403571,med_med_up,False,True,False,False,False,0.0,0.0,50.0,0.0,0.0,0.0,0.0,0.0,50.0,0.0,0.0,-1,0.0,G2_TRADEABLE,tradeable_sell=False,-1,0.0,0.0,
BTC/USDT,2268,2026-06-12 09:00:00,short,0.51881,61.68,0.6,63752.93,367.462143,med_med_up,False,True,False,False,False,0.0,0.0,50.0,0.0,0.0,0.0,0.0,0.0,50.0,0.0,0.0,-1,0.0,G2_TRADEABLE,tradeable_sell=False,-1,0.0,0.0,
BTC/USDT,2269,2026-06-12 10:00:00,short,0.53912,66.93,0.6,63702.01,358.195,med_med_up,False,True,False,False,False,0.0,0.0,50.0,0.0,0.0,0.0,0.0,0.0,50.0,0.0,0.0,-1,0.0,G2_TRADEABLE,tradeable_sell=False,-1,0.0,0.0,
BTC/USDT,2270,2026-06-12 11:00:00,short,0.53429,58.0,0.6,63766.01,357.746429,med_med_up,False,True,False,False,False,0.0,0.0,50.0,0.0,0.0,0.0,0.0,0.0,50.0,0.0,0.0,-1,0.0,G2_TRADEABLE,tradeable_sell=False,-1,0.0,0.0,
BTC/USDT,2271,2026-06-12 12:00:00,short,0.52496,63.51,0.6,63465.51,371.246429,med_med_up,False,True,False,False,False,0.0,0.0,50.0,0.0,0.0,0.0,0.0,0.0,50.0,0.0,0.0,-1,0.0,G2_TRADEABLE,tradeable_sell=False,-1,0.0,0.0,
BTC/USDT,2272,2026-06-12 13:00:00,short,0.50614,63.8,0.6,63229.1,381.910714,med_med_flat,True,True,False,False,False,0.0,0.0,50.0,0.0,0.0,0.0,0.0,0.0,50.0,0.0,0.0,-1,0.0,G2_TRADEABLE,tradeable_sell=False,-1,0.0,0.0,
BTC/USDT,2273,2026-06-12 14:00:00,short,0.55139,70.84,0.6,63999.99,419.114286,med_med_up,False,True,False,False,False,0.0,0.0,50.0,0.0,0.0,0.0,0.0,0.0,50.0,0.0,0.0,-1,0.0,G2_TRADEABLE,tradeable_sell=False,-1,0.0,0.0,
BTC/USDT,2274,2026-06-12 15:00:00,short,0.50679,86.29,0.6,63593.02,454.490714,med_med_up,False,True,False,False,False,0.0,0.0,50.0,0.0,0.0,0.0,0.0,0.0,50.0,0.0,0.0,-1,0.0,G2_TRADEABLE,tradeable_sell=False,-1,0.0,0.0,
BTC/USDT,2275,2026-06-12 16:00:00,short,0.52311,63.49,0.6,63982.48,463.985714,med_med_up,False,True,False,False,False,0.0,0.0,50.0,0.0,0.0,0.0,0.0,0.0,50.0,0.0,0.0,-1,0.0,G2_TRADEABLE,tradeable_sell=False,-1,0.0,0.0,
BTC/USDT,2276,2026-06-12 17:00:00,short,0.546,60.64,0.6,63865.44,469.187143,med_med_flat,True,True,False,False,False,0.0,0.0,50.0,0.0,0.0,0.0,0.0,0.0,50.0,0.0,0.0,-1,0.0,G2_TRADEABLE,tradeable_sell=False,-1,0.0,0.0,
BTC/USDT,2277,2026-06-12 18:00:00,short,0.51512,53.33,0.6,63694.0,455.675714,med_med_flat,True,True,False,False,False,0.0,0.0,50.0,0.0,0.0,0.0,0.0,0.0,50.0,0.0,0.0,-1,0.0,G2_TRADEABLE,tradeable_sell=False,-1,0.0,0.0,
BTC/USDT,2278,2026-06-12 19:00:00,short,0.53406,52.71,0.6,63589.27,443.557857,med_med_flat,True,True,False,False,False,0.0,0.0,50.0,0.0,0.0,0.0,0.0,0.0,50.0,0.0,0.0,-1,0.0,G2_TRADEABLE,tradeable_sell=False,-1,0.0,0.0,
BTC/USDT,2279,2026-06-12 20:00:00,short,0.51196,51.53,0.6,63449.0,423.180714,med_med_flat,True,True,False,False,False,0.0,0.0,50.0,0.0,0.0,0.0,0.0,0.0,50.0,0.0,0.0,-1,0.0,G2_TRADEABLE,tradeable_sell=False,-1,0.0,0.0,
BTC/USDT,2280,2026-06-12 21:00:00,short,0.52553,53.31,0.6,63472.0,418.1,med_med_flat,True,True,False,False,False,0.0,0.0,50.0,0.0,0.0,0.0,0.0,0.0,50.0,0.0,0.0,-1,0.0,G2_TRADEABLE,tradeable_sell=False,-1,0.0,0.0,
BTC/USDT,2281,2026-06-12 22:00:00,short,0.52521,59.37,0.6,63502.0,394.597857,med_med_flat,True,True,False,False,False,0.0,0.0,50.0,0.0,0.0,0.0,0.0,0.0,50.0,0.0,0.0,-1,0.0,G2_TRADEABLE,tradeable_sell=False,-1,0.0,0.0,
BTC/USDT,2282,2026-06-12 23:00:00,short,0.52102,54.32,0.6,63580.01,368.693571,med_med_flat,True,True,False,False,False,0.0,0.0,50.0,0.0,0.0,0.0,0.0,0.0,50.0,0.0,0.0,-1,0.0,G2_TRADEABLE,tradeable_sell=False,-1,0.0,0.0,
BTC/USDT,2283,2026-06-13 00:00:00,short,0.52269,56.17,0.6,63600.01,360.197857,med_med_flat,True,True,False,False,False,0.0,0.0,50.0,0.0,0.0,0.0,0.0,0.0,50.0,0.0,0.0,-1,0.0,G2_TRADEABLE,tradeable_sell=False,-1,0.0,0.0,
BTC/USDT,2284,2026-06-13 01:00:00,short,0.54341,62.04,0.6,63837.89,363.050714,med_med_up,False,True,False,False,False,0.0,0.0,50.0,0.0,0.0,0.0,0.0,0.0,50.0,0.0,0.0,-1,0.0,G2_TRADEABLE,tradeable_sell=False,-1,0.0,0.0,
BTC/USDT,2285,2026-06-13 02:00:00,short,0.52891,53.21,0.6,63646.01,354.685714,med_med_flat,True,True,False,False,False,0.0,0.0,50.0,0.0,0.0,0.0,0.0,0.0,50.0,0.0,0.0,-1,0.0,G2_TRADEABLE,tradeable_sell=False,-1,0.0,0.0,
BTC/USDT,2286,2026-06-13 03:00:00,short,0.53779,53.18,0.6,63532.0,341.465714,med_med_flat,True,True,False,False,False,0.0,0.0,50.0,0.0,0.0,0.0,0.0,0.0,50.0,0.0,0.0,-1,0.0,G2_TRADEABLE,tradeable_sell=False,-1,0.0,0.0,
BTC/USDT,2287,2026-06-13 04:00:00,short,0.53454,53.35,0.6,63512.01,296.459286,low_low_flat,False,False,False,False,False,0.0,0.0,50.0,0.0,0.0,0.0,0.0,0.0,50.0,0.0,0.0,-1,0.0,G2_TRADEABLE,tradeable_sell=False,-1,0.0,0.0,
BTC/USDT,2288,2026-06-13 05:00:00,short,0.50564,57.87,0.6,63584.03,243.623571,low_low_flat,False,False,False,False,False,0.0,0.0,50.0,0.0,0.0,0.0,0.0,0.0,50.0,0.0,0.0,-1,0.0,G2_TRADEABLE,tradeable_sell=False,-1,0.0,0.0,
BTC/USDT,2289,2026-06-13 06:00:00,short,0.51347,50.85,0.6,63735.74,222.455714,low_low_up,True,True,False,False,False,0.0,0.0,50.0,0.0,0.0,0.0,0.0,0.0,50.0,0.0,0.0,-1,0.0,G2_TRADEABLE,tradeable_sell=False,-1,0.0,0.0,
BTC/USDT,2290,2026-06-13 07:00:00,short,0.52438,51.35,0.6,63846.0,211.268571,low_low_up,True,True,False,False,False,0.0,0.0,50.0,0.0,0.0,0.0,0.0,0.0,50.0,0.0,0.0,-1,0.0,G2_TRADEABLE,tradeable_sell=False,-1,0.0,0.0,
BTC/USDT,2291,2026-06-13 08:00:00,short,0.54323,49.4,0.6,63806.0,203.802857,low_low_flat,False,False,False,False,False,0.0,0.0,50.0,0.0,0.0,0.0,0.0,0.0,50.0,0.0,0.0,-1,0.0,G2_TRADEABLE,tradeable_sell=False,-1,0.0,0.0,
BTC/USDT,2292,2026-06-13 09:00:00,short,0.53737,50.77,0.6,63743.12,195.475714,low_low_flat,False,False,False,False,False,0.0,0.0,50.0,0.0,0.0,0.0,0.0,0.0,50.0,0.0,0.0,-1,0.0,G2_TRADEABLE,tradeable_sell=False,-1,0.0,0.0,
BTC/USDT,2293,2026-06-13 10:00:00,short,0.5447,48.72,0.6,63843.01,187.297143,low_low_flat,False,False,False,False,False,0.0,0.0,50.0,0.0,0.0,0.0,0.0,0.0,50.0,0.0,0.0,-1,0.0,G2_TRADEABLE,tradeable_sell=False,-1,0.0,0.0,
BTC/USDT,2294,2026-06-13 11:00:00,short,0.54,52.84,0.6,63971.28,184.219286,low_low_flat,False,False,False,False,False,0.0,0.0,50.0,0.0,0.0,0.0,0.0,0.0,50.0,0.0,0.0,-1,0.0,G2_TRADEABLE,tradeable_sell=False,-1,0.0,0.0,
BTC/USDT,2295,2026-06-13 12:00:00,short,0.53059,80.27,0.6,64133.12,191.837857,low_low_up,True,True,False,False,False,0.0,0.0,50.0,0.0,0.0,0.0,0.0,0.0,50.0,0.0,0.0,-1,0.0,G2_TRADEABLE,tradeable_sell=False,-1,0.0,0.0,
BTC/USDT,2296,2026-06-13 13:00:00,short,0.54661,63.82,0.6,64102.69,194.173571,low_low_up,True,True,False,False,False,0.0,0.0,50.0,0.0,0.0,0.0,0.0,0.0,50.0,0.0,0.0,-1,0.0,G2_TRADEABLE,tradeable_sell=False,-1,0.0,0.0,
BTC/USDT,2297,2026-06-13 14:00:00,short,0.53243,74.83,0.6,64220.97,194.096429,low_low_flat,False,False,False,False,False,0.0,0.0,50.0,0.0,0.0,0.0,0.0,0.0,50.0,0.0,0.0,-1,0.0,G2_TRADEABLE,tradeable_sell=False,-1,0.0,0.0,
BTC/USDT,2298,2026-06-13 15:00:00,short,0.52952,74.17,0.6,64296.15,188.599286,low_low_up,True,True,False,False,False,0.0,0.0,50.0,0.0,0.0,0.0,0.0,0.0,50.0,0.0,0.0,-1,0.0,G2_TRADEABLE,tradeable_sell=False,-1,0.0,0.0,
BTC/USDT,2299,2026-06-13 16:00:00,short,0.51052,78.68,0.6,64029.17,196.283571,low_low_flat,False,False,False,False,False,0.0,0.0,50.0,0.0,0.0,0.0,0.0,0.0,50.0,0.0,0.0,-1,0.0,G2_TRADEABLE,tradeable_sell=False,-1,0.0,0.0,
BTC/USDT,2300,2026-06-13 17:00:00,short,0.5395,69.58,0.6,63971.19,187.267857,low_low_flat,False,False,False,False,False,0.0,0.0,50.0,0.0,0.0,0.0,0.0,0.0,50.0,0.0,0.0,-1,0.0,G2_TRADEABLE,tradeable_sell=False,-1,0.0,0.0,
BTC/USDT,2301,2026-06-13 18:00:00,short,0.52771,67.53,0.6,64161.46,196.631429,low_low_up,True,True,False,False,False,0.0,0.0,50.0,0.0,0.0,0.0,0.0,0.0,50.0,0.0,0.0,-1,0.0,G2_TRADEABLE,tradeable_sell=False,-1,0.0,0.0,
BTC/USDT,2302,2026-06-13 19:00:00,short,0.52159,67.55,0.6,64296.59,202.258571,low_low_up,True,True,False,False,False,0.0,0.0,50.0,0.0,0.0,0.0,0.0,0.0,50.0,0.0,0.0,-1,0.0,G2_TRADEABLE,tradeable_sell=False,-1,0.0,0.0,
BTC/USDT,2303,2026-06-13 20:00:00,short,0.53052,65.9,0.6,64278.31,193.707143,low_low_up,True,True,False,False,False,0.0,0.0,50.0,0.0,0.0,0.0,0.0,0.0,50.0,0.0,0.0,-1,0.0,G2_TRADEABLE,tradeable_sell=False,-1,0.0,0.0,
BTC/USDT,2304,2026-06-13 21:00:00,short,0.52952,84.37,0.6,64471.04,217.128571,low_low_up,True,True,False,False,False,0.0,0.0,50.0,0.0,0.0,0.0,0.0,0.0,50.0,0.0,0.0,-1,0.0,G2_TRADEABLE,tradeable_sell=False,-1,0.0,0.0,
BTC/USDT,2305,2026-06-13 22:00:00,short,0.52804,79.99,0.6,64456.47,219.169286,low_low_up,True,True,False,False,False,0.0,0.0,50.0,0.0,0.0,0.0,0.0,0.0,50.0,0.0,0.0,-1,0.0,G2_TRADEABLE,tradeable_sell=False,-1,0.0,0.0,
BTC/USDT,2306,2026-06-13 23:00:00,short,0.54006,86.02,0.6,64458.01,225.561429,low_low_up,True,True,False,False,False,0.0,0.0,50.0,0.0,0.0,0.0,0.0,0.0,50.0,0.0,0.0,-1,0.0,G2_TRADEABLE,tradeable_sell=False,-1,0.0,0.0,
BTC/USDT,2307,2026-06-14 00:00:00,short,0.54811,85.53,0.6,64565.0,226.734286,low_low_up,True,True,False,False,False,0.0,0.0,50.0,0.0,0.0,0.0,0.0,0.0,50.0,0.0,0.0,-1,0.0,G2_TRADEABLE,tradeable_sell=False,-1,0.0,0.0,
BTC/USDT,2308,2026-06-14 01:00:00,short,0.52732,100.0,0.6,64563.0,231.107857,low_low_up,True,True,False,False,False,0.0,0.0,50.0,0.0,0.0,0.0,0.0,0.0,50.0,0.0,0.0,-1,0.0,G2_TRADEABLE,tradeable_sell=False,-1,0.0,0.0,
BTC/USDT,2309,2026-06-14 02:00:00,short,0.53498,78.76,0.6,64490.01,221.630714,low_low_up,True,True,False,False,False,0.0,0.0,50.0,0.0,0.0,0.0,0.0,0.0,50.0,0.0,0.0,-1,0.0,G2_TRADEABLE,tradeable_sell=False,-1,0.0,0.0,
BTC/USDT,2310,2026-06-14 03:00:00,short,0.54379,76.05,0.6,64545.3,214.025,low_low_up,True,True,False,False,False,0.0,0.0,50.0,0.0,0.0,0.0,0.0,0.0,50.0,0.0,0.0,-1,0.0,G2_TRADEABLE,tradeable_sell=False,-1,0.0,0.0,
BTC/USDT,2311,2026-06-14 04:00:00,short,0.53022,70.04,0.6,64339.07,220.755714,low_low_up,True,True,False,False,False,0.0,0.0,50.0,0.0,0.0,0.0,0.0,0.0,50.0,0.0,0.0,-1,0.0,G2_TRADEABLE,tradeable_sell=False,-1,0.0,0.0,
BTC/USDT,2312,2026-06-14 05:00:00,short,0.52608,73.83,0.6,64338.0,217.524286,low_low_up,True,True,False,False,False,0.0,0.0,50.0,0.0,0.0,0.0,0.0,0.0,50.0,0.0,0.0,-1,0.0,G2_TRADEABLE,tradeable_sell=False,-1,0.0,0.0,
BTC/USDT,2313,2026-06-14 06:00:00,short,0.50629,92.98,0.6,64286.1,208.110714,low_low_up,True,True,False,False,False,0.0,0.0,50.0,0.0,0.0,0.0,0.0,0.0,50.0,0.0,0.0,-1,0.0,G2_TRADEABLE,tradeable_sell=False,-1,0.0,0.0,
BTC/USDT,2314,2026-06-14 07:00:00,short,0.51195,68.71,0.6,64429.39,212.107143,low_low_up,True,True,False,False,False,0.0,0.0,50.0,0.0,0.0,0.0,0.0,0.0,50.0,0.0,0.0,-1,0.0,G2_TRADEABLE,tradeable_sell=False,-1,0.0,0.0,
BTC/USDT,2315,2026-06-14 08:00:00,short,0.50494,68.33,0.6,64456.33,198.594286,low_low_up,True,True,False,False,False,0.0,0.0,50.0,0.0,0.0,0.0,0.0,0.0,50.0,0.0,0.0,-1,0.0,G2_TRADEABLE,tradeable_sell=False,-1,0.0,0.0,
BTC/USDT,2316,2026-06-14 09:00:00,short,0.53702,68.41,0.6,64616.0,206.822143,low_low_up,True,True,False,False,False,0.0,0.0,50.0,0.0,0.0,0.0,0.0,0.0,50.0,0.0,0.0,-1,0.0,G2_TRADEABLE,tradeable_sell=False,-1,0.0,0.0,
BTC/USDT,2317,2026-06-14 10:00:00,short,0.51205,68.53,0.6,64521.13,213.695,low_low_up,True,True,False,False,False,0.0,0.0,50.0,0.0,0.0,0.0,0.0,0.0,50.0,0.0,0.0,-1,0.0,G2_TRADEABLE,tradeable_sell=False,-1,0.0,0.0,
BTC/USDT,2318,2026-06-14 11:00:00,short,0.51213,68.42,0.6,64546.0,188.374286,low_low_up,True,True,False,False,False,0.0,0.0,50.0,0.0,0.0,0.0,0.0,0.0,50.0,0.0,0.0,-1,0.0,G2_TRADEABLE,tradeable_sell=False,-1,0.0,0.0,
BTC/USDT,2319,2026-06-14 12:00:00,long,0.50674,73.66,0.6,64327.53,195.032143,low_low_flat,False,False,False,False,False,0.0,0.0,50.0,0.0,0.0,0.0,0.0,0.0,50.0,0.0,0.0,-1,0.0,G2_TRADEABLE,tradeable_buy=False,-1,0.0,0.0,
BTC/USDT,2320,2026-06-14 13:00:00,long,0.50747,72.44,0.6,64317.99,190.715714,low_low_flat,False,False,False,False,False,0.0,0.0,50.0,0.0,0.0,0.0,0.0,0.0,50.0,0.0,0.0,-1,0.0,G2_TRADEABLE,tradeable_buy=False,-1,0.0,0.0,
BTC/USDT,2321,2026-06-14 14:00:00,long,0.51054,89.74,0.6,63983.55,210.461429,low_low_flat,False,False,False,False,False,0.0,0.0,50.0,0.0,0.0,0.0,0.0,0.0,50.0,0.0,0.0,-1,0.0,G2_TRADEABLE,tradeable_buy=False,-1,0.0,0.0,
BTC/USDT,2322,2026-06-14 15:00:00,short,0.50032,80.59,0.6,64025.07,208.365,low_low_flat,False,False,False,False,False,0.0,0.0,50.0,0.0,0.0,0.0,0.0,0.0,50.0,0.0,0.0,-1,0.0,G2_TRADEABLE,tradeable_sell=False,-1,0.0,0.0,
BTC/USDT,2323,2026-06-14 16:00:00,short,0.51304,79.57,0.6,63942.63,216.431429,low_low_flat,False,False,False,False,False,0.0,0.0,50.0,0.0,0.0,0.0,0.0,0.0,50.0,0.0,0.0,-1,0.0,G2_TRADEABLE,tradeable_sell=False,-1,0.0,0.0,
BTC/USDT,2324,2026-06-14 17:00:00,short,0.52967,69.14,0.6,63732.64,233.993571,low_low_flat,False,False,False,False,False,0.0,0.0,50.0,0.0,0.0,0.0,0.0,0.0,50.0,0.0,0.0,-1,0.0,G2_TRADEABLE,tradeable_sell=False,-1,0.0,0.0,
BTC/USDT,2325,2026-06-14 18:00:00,short,0.51897,79.48,0.6,63813.3,226.607857,low_low_flat,False,False,False,False,False,0.0,0.0,50.0,0.0,0.0,0.0,0.0,0.0,50.0,0.0,0.0,-1,0.0,G2_TRADEABLE,tradeable_sell=False,-1,0.0,0.0,
BTC/USDT,2326,2026-06-14 19:00:00,short,0.54591,68.23,0.6,63802.0,227.276429,low_low_flat,False,False,False,False,False,0.0,0.0,50.0,0.0,0.0,0.0,0.0,0.0,50.0,0.0,0.0,-1,0.0,G2_TRADEABLE,tradeable_sell=False,-1,0.0,0.0,
BTC/USDT,2327,2026-06-14 20:00:00,short,0.52309,78.53,0.6,64008.64,230.321429,low_low_flat,False,False,False,False,False,0.0,0.0,50.0,0.0,0.0,0.0,0.0,0.0,50.0,0.0,0.0,-1,0.0,G2_TRADEABLE,tradeable_sell=False,-1,0.0,0.0,
BTC/USDT,2328,2026-06-14 21:00:00,short,0.50746,100.0,0.6,65311.59,332.236429,low_low_up,True,True,False,False,False,0.0,0.0,50.0,0.0,0.0,0.0,0.0,0.0,50.0,0.0,0.0,-1,0.0,G2_TRADEABLE,tradeable_sell=False,-1,0.0,0.0,
BTC/USDT,2329,2026-06-14 22:00:00,short,0.53753,99.16,0.6,65426.78,368.812143,low_med_up,False,False,False,False,False,0.0,0.0,50.0,0.0,0.0,0.0,0.0,0.0,50.0,0.0,0.0,-1,0.0,G2_TRADEABLE,tradeable_sell=False,-1,0.0,0.0,
BTC/USDT,2330,2026-06-14 23:00:00,short,0.50221,82.86,0.6,65746.45,386.453571,low_med_up,False,False,False,False,False,0.0,0.0,50.0,0.0,0.0,0.0,0.0,0.0,50.0,0.0,0.0,-1,0.0,G2_TRADEABLE,tradeable_sell=False,-1,0.0,0.0,
BTC/USDT,2331,2026-06-15 00:00:00,short,0.5226,85.24,0.6,65625.99,406.190714,low_med_up,False,False,False,False,False,0.0,0.0,50.0,0.0,0.0,0.0,0.0,0.0,50.0,0.0,0.0,-1,0.0,G2_TRADEABLE,tradeable_sell=False,-1,0.0,0.0,
BTC/USDT,2332,2026-06-15 01:00:00,short,0.52228,84.0,0.6,65525.0,420.402857,low_med_up,False,False,False,False,False,0.0,0.0,50.0,0.0,0.0,0.0,0.0,0.0,50.0,0.0,0.0,-1,0.0,G2_TRADEABLE,tradeable_sell=False,-1,0.0,0.0,
BTC/USDT,2333,2026-06-15 02:00:00,short,0.53034,82.42,0.6,65472.01,427.155,low_med_up,False,False,False,False,False,0.0,0.0,50.0,0.0,0.0,0.0,0.0,0.0,50.0,0.0,0.0,-1,0.0,G2_TRADEABLE,tradeable_sell=False,-1,0.0,0.0,
BTC/USDT,2334,2026-06-15 03:00:00,short,0.50374,81.35,0.6,65927.1,457.014286,low_med_up,False,False,False,False,False,0.0,0.0,50.0,0.0,0.0,0.0,0.0,0.0,50.0,0.0,0.0,-1,0.0,G2_TRADEABLE,tradeable_sell=False,-1,0.0,0.0,
BTC/USDT,2335,2026-06-15 04:00:00,long,0.50101,62.41,0.6,65644.01,444.09,low_med_up,False,False,False,False,False,0.0,0.0,50.0,0.0,0.0,0.0,0.0,0.0,50.0,0.0,0.0,-1,0.0,G2_TRADEABLE,tradeable_buy=False,-1,0.0,0.0,
BTC/USDT,2336,2026-06-15 05:00:00,long,0.50018,62.82,0.6,65858.01,450.346429,low_med_up,False,False,False,False,False,0.0,0.0,50.0,0.0,0.0,0.0,0.0,0.0,50.0,0.0,0.0,-1,0.0,G2_TRADEABLE,tradeable_buy=False,-1,0.0,0.0,
BTC/USDT,2337,2026-06-15 06:00:00,short,0.50479,79.91,0.6,65812.01,444.553571,low_med_up,False,False,False,False,False,0.0,0.0,50.0,0.0,0.0,0.0,0.0,0.0,50.0,0.0,0.0,-1,0.0,G2_TRADEABLE,tradeable_sell=False,-1,0.0,0.0,
BTC/USDT,2338,2026-06-15 07:00:00,long,0.50056,61.9,0.6,65674.76,447.859286,low_med_up,False,False,False,False,False,0.0,0.0,50.0,0.0,0.0,0.0,0.0,0.0,50.0,0.0,0.0,-1,0.0,G2_TRADEABLE,tradeable_buy=False,-1,0.0,0.0,
BTC/USDT,2339,2026-06-15 08:00:00,short,0.50259,79.96,0.6,65662.01,451.111429,low_med_up,False,False,False,False,False,0.0,0.0,50.0,0.0,0.0,0.0,0.0,0.0,50.0,0.0,0.0,-1,0.0,G2_TRADEABLE,tradeable_sell=False,-1,0.0,0.0,
BTC/USDT,2340,2026-06-15 09:00:00,long,0.5022,59.91,0.6,65596.86,461.136429,med_med_up,False,True,False,False,False,0.0,0.0,50.0,0.0,0.0,0.0,0.0,0.0,50.0,0.0,0.0,-1,0.0,G2_TRADEABLE,tradeable_buy=False,-1,0.0,0.0,
BTC/USDT,2341,2026-06-15 10:00:00,long,0.52253,63.54,0.6,65917.37,467.598571,med_med_up,False,True,False,False,False,0.0,0.0,50.0,0.0,0.0,0.0,0.0,0.0,50.0,0.0,0.0,-1,0.0,G2_TRADEABLE,tradeable_buy=False,-1,0.0,0.0,
BTC/USDT,2342,2026-06-15 11:00:00,long,0.52187,79.43,0.6,66233.9,388.568571,med_med_up,False,True,False,False,False,0.0,0.0,50.0,0.0,0.0,0.0,0.0,0.0,50.0,0.0,0.0,-1,0.0,G2_TRADEABLE,tradeable_buy=False,-1,0.0,0.0,
BTC/USDT,2343,2026-06-15 12:00:00,long,0.51176,66.43,0.6,66563.49,378.642143,med_med_up,False,True,False,False,False,0.0,0.0,50.0,0.0,0.0,0.0,0.0,0.0,50.0,0.0,0.0,-1,0.0,G2_TRADEABLE,tradeable_buy=False,-1,0.0,0.0,
BTC/USDT,2344,2026-06-15 13:00:00,long,0.50739,91.07,0.6,66447.05,378.172857,med_med_up,False,True,False,False,False,0.0,0.0,50.0,0.0,0.0,0.0,0.0,0.0,50.0,0.0,0.0,-1,0.0,G2_TRADEABLE,tradeable_buy=False,-1,0.0,0.0,
BTC/USDT,2345,2026-06-15 14:00:00,short,0.50055,81.12,0.6,66591.55,376.882857,med_med_up,False,True,False,False,False,0.0,0.0,50.0,0.0,0.0,0.0,0.0,0.0,50.0,0.0,0.0,-1,0.0,G2_TRADEABLE,tradeable_sell=False,-1,0.0,0.0,
BTC/USDT,2346,2026-06-15 15:00:00,short,0.53543,85.14,0.6,67292.14,400.515714,med_med_up,False,True,False,False,False,0.0,0.0,50.0,0.0,0.0,0.0,0.0,0.0,50.0,0.0,0.0,-1,0.0,G2_TRADEABLE,tradeable_sell=False,-1,0.0,0.0,
BTC/USDT,2347,2026-06-15 16:00:00,long,0.51647,64.94,0.6,67157.99,389.315,med_med_up,False,True,False,False,False,0.0,0.0,50.0,0.0,0.0,0.0,0.0,0.0,50.0,0.0,0.0,-1,0.0,G2_TRADEABLE,tradeable_buy=False,-1,0.0,0.0,
BTC/USDT,2348,2026-06-15 17:00:00,long,0.50502,77.96,0.6,66851.79,389.355714,med_med_up,False,True,False,False,False,0.0,0.0,50.0,0.0,0.0,0.0,0.0,0.0,50.0,0.0,0.0,-1,0.0,G2_TRADEABLE,tradeable_buy=False,-1,0.0,0.0,
BTC/USDT,2349,2026-06-15 18:00:00,short,0.52134,79.7,0.6,66766.12,383.957143,high_med_up,,,True,False,False,0.0,0.0,50.0,0.0,0.0,0.0,0.0,0.0,50.0,0.0,0.0,-1,0.0,G1_REGIME,regime='high_med_up' skipped=True reg_empty=False,-1,0.0,0.0,
BTC/USDT,2350,2026-06-15 19:00:00,short,0.53232,83.49,0.6,66614.35,404.018571,high_med_up,,,True,False,False,0.0,0.0,50.0,0.0,0.0,0.0,0.0,0.0,50.0,0.0,0.0,-1,0.0,G1_REGIME,regime='high_med_up' skipped=True reg_empty=False,-1,0.0,0.0,
BTC/USDT,2351,2026-06-15 20:00:00,short,0.48928,78.51,0.6,66519.98,403.991429,high_med_up,,,True,False,False,0.0,0.0,50.0,0.0,0.0,0.0,0.0,0.0,50.0,0.0,0.0,-1,0.0,G1_REGIME,regime='high_med_up' skipped=True reg_empty=False,-1,0.0,0.0,
BTC/USDT,2352,2026-06-15 21:00:00,long,0.50434,64.75,0.6,66368.15,395.526429,med_med_up,False,True,False,False,False,0.0,0.0,50.0,0.0,0.0,0.0,0.0,0.0,50.0,0.0,0.0,-1,0.0,G2_TRADEABLE,tradeable_buy=False,-1,0.0,0.0,
BTC/USDT,2353,2026-06-15 22:00:00,short,0.51729,73.95,0.6,66206.34,411.246429,med_med_up,False,True,False,False,False,0.0,0.0,50.0,0.0,0.0,0.0,0.0,0.0,50.0,0.0,0.0,-1,0.0,G2_TRADEABLE,tradeable_sell=False,-1,0.0,0.0,
BTC/USDT,2354,2026-06-15 23:00:00,short,0.53921,82.34,0.6,66328.74,410.097143,med_med_up,False,True,False,False,False,0.0,0.0,50.0,0.0,0.0,0.0,0.0,0.0,50.0,0.0,0.0,-1,0.0,G2_TRADEABLE,tradeable_sell=False,-1,0.0,0.0,
BTC/USDT,2355,2026-06-16 00:00:00,short,0.51479,64.44,0.6,66250.0,398.131429,med_med_up,False,True,False,False,False,0.0,0.0,50.0,0.0,0.0,0.0,0.0,0.0,50.0,0.0,0.0,-1,0.0,G2_TRADEABLE,tradeable_sell=False,-1,0.0,0.0,
BTC/USDT,2356,2026-06-16 01:00:00,long,0.50304,73.35,0.6,66346.52,370.755714,med_med_up,False,True,False,False,False,0.0,0.0,50.0,0.0,0.0,0.0,0.0,0.0,50.0,0.0,0.0,-1,0.0,G2_TRADEABLE,tradeable_buy=False,-1,0.0,0.0,
BTC/USDT,2357,2026-06-16 02:00:00,long,0.57062,86.98,0.6,65741.99,384.658571,med_med_flat,True,True,False,False,False,0.0,0.0,50.0,0.0,0.0,0.0,0.0,0.0,50.0,0.0,0.0,-1,0.0,G2_TRADEABLE,tradeable_buy=False,-1,0.0,0.0,
BTC/USDT,2358,2026-06-16 03:00:00,long,0.52699,87.09,0.6,66165.21,383.186429,med_med_flat,True,True,False,False,False,0.0,0.0,50.0,0.0,0.0,0.0,0.0,0.0,50.0,0.0,0.0,-1,0.0,G2_TRADEABLE,tradeable_buy=False,-1,0.0,0.0,
BTC/USDT,2359,2026-06-16 04:00:00,long,0.53316,83.76,0.6,65840.09,388.585,med_med_flat,True,True,False,False,False,0.0,0.0,50.0,0.0,0.0,0.0,0.0,0.0,50.0,0.0,0.0,-1,0.0,G2_TRADEABLE,tradeable_buy=False,-1,0.0,0.0,
BTC/USDT,2360,2026-06-16 05:00:00,long,0.52506,85.31,0.6,66045.0,359.899286,med_med_flat,True,True,False,False,False,0.0,0.0,50.0,0.0,0.0,0.0,0.0,0.0,50.0,0.0,0.0,-1,0.0,G2_TRADEABLE,tradeable_buy=False,-1,0.0,0.0,
BTC/USDT,2361,2026-06-16 06:00:00,long,0.50894,75.45,0.6,66446.0,383.090714,med_med_up,False,True,False,False,False,0.0,0.0,50.0,0.0,0.0,0.0,0.0,0.0,50.0,0.0,0.0,-1,0.0,G2_TRADEABLE,tradeable_buy=False,-1,0.0,0.0,
BTC/USDT,2362,2026-06-16 07:00:00,short,0.50999,73.75,0.6,66372.0,358.404286,med_med_up,False,True,False,False,False,0.0,0.0,50.0,0.0,0.0,0.0,0.0,0.0,50.0,0.0,0.0,-1,0.0,G2_TRADEABLE,tradeable_sell=False,-1,0.0,0.0,
BTC/USDT,2363,2026-06-16 08:00:00,long,0.51397,70.39,0.6,66899.61,389.025,med_med_up,False,True,False,False,False,0.0,0.0,50.0,0.0,0.0,0.0,0.0,0.0,50.0,0.0,0.0,-1,0.0,G2_TRADEABLE,tradeable_buy=False,-1,0.0,0.0,
BTC/USDT,2364,2026-06-16 09:00:00,long,0.51688,68.74,0.6,66510.0,382.410714,med_med_up,False,True,False,False,False,0.0,0.0,50.0,0.0,0.0,0.0,0.0,0.0,50.0,0.0,0.0,-1,0.0,G2_TRADEABLE,tradeable_buy=False,-1,0.0,0.0,
BTC/USDT,2365,2026-06-16 10:00:00,short,0.52062,50.33,0.6,66514.0,389.566429,med_med_up,False,True,False,False,False,0.0,0.0,50.0,0.0,0.0,0.0,0.0,0.0,50.0,0.0,0.0,-1,0.0,G2_TRADEABLE,tradeable_sell=False,-1,0.0,0.0,
BTC/USDT,2366,2026-06-16 11:00:00,short,0.52903,53.34,0.6,66481.73,391.125714,med_med_flat,True,True,False,False,False,0.0,0.0,50.0,0.0,0.0,0.0,0.0,0.0,50.0,0.0,0.0,-1,0.0,G2_TRADEABLE,tradeable_sell=False,-1,0.0,0.0,
BTC/USDT,2367,2026-06-16 12:00:00,short,0.50826,75.57,0.6,66429.83,394.691429,med_med_flat,True,True,False,False,False,0.0,0.0,50.0,0.0,0.0,0.0,0.0,0.0,50.0,0.0,0.0,-1,0.0,G2_TRADEABLE,tradeable_sell=False,-1,0.0,0.0,
BTC/USDT,2368,2026-06-16 13:00:00,long,0.56063,100.0,0.6,66052.0,414.945714,med_med_flat,True,True,False,False,False,0.0,0.0,50.0,0.0,0.0,0.0,0.0,0.0,50.0,0.0,0.0,-1,0.0,G2_TRADEABLE,tradeable_buy=False,-1,0.0,0.0,
BTC/USDT,2369,2026-06-16 14:00:00,long,0.54313,100.0,0.6,65654.9,463.775714,med_med_down,False,True,False,False,False,0.0,0.0,50.0,0.0,0.0,0.0,0.0,0.0,50.0,0.0,0.0,-1,0.0,G2_TRADEABLE,tradeable_buy=False,-1,0.0,0.0,
BTC/USDT,2370,2026-06-16 15:00:00,long,0.54478,88.18,0.6,65859.76,479.232857,med_med_down,False,True,False,False,False,0.0,0.0,50.0,0.0,0.0,0.0,0.0,0.0,50.0,0.0,0.0,-1,0.0,G2_TRADEABLE,tradeable_buy=False,-1,0.0,0.0,
BTC/USDT,2371,2026-06-16 16:00:00,long,0.53898,59.48,0.6,65758.07,447.691429,med_med_down,False,True,False,False,False,0.0,0.0,50.0,0.0,0.0,0.0,0.0,0.0,50.0,0.0,0.0,-1,0.0,G2_TRADEABLE,tradeable_buy=False,-1,0.0,0.0,
BTC/USDT,2372,2026-06-16 17:00:00,long,0.57768,62.4,0.6,65978.79,432.3,med_med_down,False,True,False,False,False,0.0,0.0,50.0,0.0,0.0,0.0,0.0,0.0,50.0,0.0,0.0,-1,0.0,G2_TRADEABLE,tradeable_buy=False,-1,0.0,0.0,
BTC/USDT,2373,2026-06-16 18:00:00,long,0.5434,62.78,0.6,65847.99,428.504286,low_med_down,False,True,False,False,False,0.0,0.0,50.0,0.0,0.0,0.0,0.0,0.0,50.0,0.0,0.0,-1,0.0,G2_TRADEABLE,tradeable_buy=False,-1,0.0,0.0,
BTC/USDT,2374,2026-06-16 19:00:00,long,0.54643,62.98,0.6,65675.88,426.923571,low_med_down,False,True,False,False,False,0.0,0.0,50.0,0.0,0.0,0.0,0.0,0.0,50.0,0.0,0.0,-1,0.0,G2_TRADEABLE,tradeable_buy=False,-1,0.0,0.0,
BTC/USDT,2375,2026-06-16 20:00:00,long,0.54459,58.65,0.6,65854.0,408.775,low_med_flat,False,False,False,False,False,0.0,0.0,50.0,0.0,0.0,0.0,0.0,0.0,50.0,0.0,0.0,-1,0.0,G2_TRADEABLE,tradeable_buy=False,-1,0.0,0.0,
BTC/USDT,2376,2026-06-16 21:00:00,long,0.53679,58.76,0.6,65776.97,412.772857,low_med_flat,False,False,False,False,False,0.0,0.0,50.0,0.0,0.0,0.0,0.0,0.0,50.0,0.0,0.0,-1,0.0,G2_TRADEABLE,tradeable_buy=False,-1,0.0,0.0,
BTC/USDT,2377,2026-06-16 22:00:00,long,0.56614,59.7,0.6,65780.0,380.991429,low_med_flat,False,False,False,False,False,0.0,0.0,50.0,0.0,0.0,0.0,0.0,0.0,50.0,0.0,0.0,-1,0.0,G2_TRADEABLE,tradeable_buy=False,-1,0.0,0.0,
BTC/USDT,2378,2026-06-16 23:00:00,long,0.5569,57.62,0.6,65675.01,363.708571,low_med_flat,False,False,False,False,False,0.0,0.0,50.0,0.0,0.0,0.0,0.0,0.0,50.0,0.0,0.0,-1,0.0,G2_TRADEABLE,tradeable_buy=False,-1,0.0,0.0,
BTC/USDT,2379,2026-06-17 00:00:00,long,0.55656,60.6,0.6,65700.0,355.235,low_med_flat,False,False,False,False,False,0.0,0.0,50.0,0.0,0.0,0.0,0.0,0.0,50.0,0.0,0.0,-1,0.0,G2_TRADEABLE,tradeable_buy=False,-1,0.0,0.0,
BTC/USDT,2380,2026-06-17 01:00:00,long,0.54318,65.37,0.6,65940.0,369.82,low_med_flat,False,False,False,False,False,0.0,0.0,50.0,0.0,0.0,0.0,0.0,0.0,50.0,0.0,0.0,-1,0.0,G2_TRADEABLE,tradeable_buy=False,-1,0.0,0.0,
BTC/USDT,2381,2026-06-17 02:00:00,long,0.52682,70.29,0.6,65904.0,367.105714,low_med_flat,False,False,False,False,False,0.0,0.0,50.0,0.0,0.0,0.0,0.0,0.0,50.0,0.0,0.0,-1,0.0,G2_TRADEABLE,tradeable_buy=False,-1,0.0,0.0,
BTC/USDT,2382,2026-06-17 03:00:00,long,0.50509,64.56,0.6,65851.99,343.218571,low_low_flat,False,False,False,False,False,0.0,0.0,50.0,0.0,0.0,0.0,0.0,0.0,50.0,0.0,0.0,-1,0.0,G2_TRADEABLE,tradeable_buy=False,-1,0.0,0.0,
BTC/USDT,2383,2026-06-17 04:00:00,short,0.50421,45.16,0.6,65892.0,297.147143,low_low_flat,False,False,False,False,False,0.0,0.0,50.0,0.0,0.0,0.0,0.0,0.0,50.0,0.0,0.0,-1,0.0,G2_TRADEABLE,tradeable_sell=False,-1,0.0,0.0,
BTC/USDT,2384,2026-06-17 05:00:00,short,0.51505,48.49,0.6,65836.3,286.147857,low_low_flat,False,False,False,False,False,0.0,0.0,50.0,0.0,0.0,0.0,0.0,0.0,50.0,0.0,0.0,-1,0.0,G2_TRADEABLE,tradeable_sell=False,-1,0.0,0.0,
BTC/USDT,2385,2026-06-17 06:00:00,long,0.52036,59.95,0.6,65624.0,290.851429,low_low_down,True,True,False,False,False,0.0,0.0,50.0,0.0,0.0,0.0,0.0,0.0,50.0,0.0,0.0,-1,0.0,G2_TRADEABLE,tradeable_buy=False,-1,0.0,0.0,
BTC/USDT,2386,2026-06-17 07:00:00,long,0.50815,63.42,0.6,65539.5,302.127857,low_low_down,True,True,False,False,False,0.0,0.0,50.0,0.0,0.0,0.0,0.0,0.0,50.0,0.0,0.0,-1,0.0,G2_TRADEABLE,tradeable_buy=False,-1,0.0,0.0,
BTC/USDT,2387,2026-06-17 08:00:00,short,0.50409,69.58,0.6,64926.02,323.145,low_low_down,True,True,False,False,False,0.0,0.0,50.0,0.0,0.0,0.0,0.0,0.0,50.0,0.0,0.0,-1,0.0,G2_TRADEABLE,tradeable_sell=False,-1,0.0,0.0,
BTC/USDT,2388,2026-06-17 09:00:00,short,0.52263,68.76,0.6,64909.44,319.341429,low_low_down,True,True,False,False,False,0.0,0.0,50.0,0.0,0.0,0.0,0.0,0.0,50.0,0.0,0.0,-1,0.0,G2_TRADEABLE,tradeable_sell=False,-1,0.0,0.0,
BTC/USDT,2389,2026-06-17 10:00:00,short,0.52656,66.56,0.6,64798.0,315.916429,low_low_down,True,True,False,False,False,0.0,0.0,50.0,0.0,0.0,0.0,0.0,0.0,50.0,0.0,0.0,-1,0.0,G2_TRADEABLE,tradeable_sell=False,-1,0.0,0.0,
BTC/USDT,2390,2026-06-17 11:00:00,short,0.51758,66.12,0.6,64810.01,317.352857,low_low_down,True,True,False,False,False,0.0,0.0,50.0,0.0,0.0,0.0,0.0,0.0,50.0,0.0,0.0,-1,0.0,G2_TRADEABLE,tradeable_sell=False,-1,0.0,0.0,
BTC/USDT,2391,2026-06-17 12:00:00,long,0.50046,82.94,0.6,65040.88,339.886429,low_low_down,True,True,False,False,False,0.0,0.0,50.0,0.0,0.0,0.0,0.0,0.0,50.0,0.0,0.0,-1,0.0,G2_TRADEABLE,tradeable_buy=False,-1,0.0,0.0,
BTC/USDT,2392,2026-06-17 13:00:00,long,0.52494,100.0,0.6,65278.0,362.189286,low_med_down,False,True,False,False,False,0.0,0.0,50.0,0.0,0.0,0.0,0.0,0.0,50.0,0.0,0.0,-1,0.0,G2_TRADEABLE,tradeable_buy=False,-1,0.0,0.0,
BTC/USDT,2393,2026-06-17 14:00:00,long,0.50665,86.71,0.6,65101.45,399.022857,low_med_flat,False,False,False,False,False,0.0,0.0,50.0,0.0,0.0,0.0,0.0,0.0,50.0,0.0,0.0,-1,0.0,G2_TRADEABLE,tradeable_buy=False,-1,0.0,0.0,
BTC/USDT,2394,2026-06-17 15:00:00,long,0.52411,89.63,0.6,65752.0,426.798571,low_med_flat,False,False,False,False,False,0.0,0.0,50.0,0.0,0.0,0.0,0.0,0.0,50.0,0.0,0.0,-1,0.0,G2_TRADEABLE,tradeable_buy=False,-1,0.0,0.0,
BTC/USDT,2395,2026-06-17 16:00:00,long,0.50645,89.88,0.6,65864.12,449.079286,low_med_flat,False,False,False,False,False,0.0,0.0,50.0,0.0,0.0,0.0,0.0,0.0,50.0,0.0,0.0,-1,0.0,G2_TRADEABLE,tradeable_buy=False,-1,0.0,0.0,
BTC/USDT,2396,2026-06-17 17:00:00,long,0.50154,68.14,0.6,66104.08,462.752857,low_med_flat,False,False,False,False,False,0.0,0.0,50.0,0.0,0.0,0.0,0.0,0.0,50.0,0.0,0.0,-1,0.0,G2_TRADEABLE,tradeable_buy=False,-1,0.0,0.0,
BTC/USDT,2397,2026-06-17 18:00:00,short,0.52343,99.81,0.6,65516.0,537.617857,med_high_flat,,,True,False,False,0.0,0.0,50.0,0.0,0.0,0.0,0.0,0.0,50.0,0.0,0.0,-1,0.0,G1_REGIME,regime='med_high_flat' skipped=True reg_empty=False,-1,0.0,0.0,
BTC/USDT,2398,2026-06-17 19:00:00,long,0.52961,100.0,0.6,64301.85,640.200714,med_high_down,,,True,False,False,0.0,0.0,50.0,0.0,0.0,0.0,0.0,0.0,50.0,0.0,0.0,-1,0.0,G1_REGIME,regime='med_high_down' skipped=True reg_empty=False,-1,0.0,0.0,
BTC/USDT,2399,2026-06-17 20:00:00,long,0.53237,82.14,0.6,64434.36,639.758571,med_high_down,,,True,False,False,0.0,0.0,50.0,0.0,0.0,0.0,0.0,0.0,50.0,0.0,0.0,-1,0.0,G1_REGIME,regime='med_high_down' skipped=True reg_empty=False,-1,0.0,0.0,
BTC/USDT,2400,2026-06-17 21:00:00,long,0.54075,79.38,0.6,64257.77,629.115714,med_high_down,,,True,False,False,0.0,0.0,50.0,0.0,0.0,0.0,0.0,0.0,50.0,0.0,0.0,-1,0.0,G1_REGIME,regime='med_high_down' skipped=True reg_empty=False,-1,0.0,0.0,
BTC/USDT,2401,2026-06-17 22:00:00,long,0.52996,80.75,0.6,64300.01,613.268571,med_high_down,,,True,False,False,0.0,0.0,50.0,0.0,0.0,0.0,0.0,0.0,50.0,0.0,0.0,-1,0.0,G1_REGIME,regime='med_high_down' skipped=True reg_empty=False,-1,0.0,0.0,
BTC/USDT,2402,2026-06-17 23:00:00,long,0.54182,79.88,0.6,64509.4,616.586429,med_high_down,,,True,False,False,0.0,0.0,50.0,0.0,0.0,0.0,0.0,0.0,50.0,0.0,0.0,-1,0.0,G1_REGIME,regime='med_high_down' skipped=True reg_empty=False,-1,0.0,0.0,
BTC/USDT,2403,2026-06-18 00:00:00,long,0.52241,59.11,0.6,64468.01,617.897857,med_high_down,,,True,False,False,0.0,0.0,50.0,0.0,0.0,0.0,0.0,0.0,50.0,0.0,0.0,-1,0.0,G1_REGIME,regime='med_high_down' skipped=True reg_empty=False,-1,0.0,0.0,
BTC/USDT,2404,2026-06-18 01:00:00,long,0.51224,60.1,0.6,64548.74,620.504286,med_high_down,,,True,False,False,0.0,0.0,50.0,0.0,0.0,0.0,0.0,0.0,50.0,0.0,0.0,-1,0.0,G1_REGIME,regime='med_high_down' skipped=True reg_empty=False,-1,0.0,0.0,
BTC/USDT,2405,2026-06-18 02:00:00,short,0.52062,49.47,0.6,64689.5,604.160714,med_high_down,,,True,False,False,0.0,0.0,50.0,0.0,0.0,0.0,0.0,0.0,50.0,0.0,0.0,-1,0.0,G1_REGIME,regime='med_high_down' skipped=True reg_empty=False,-1,0.0,0.0,
BTC/USDT,2406,2026-06-18 03:00:00,short,0.50641,52.85,0.6,64282.82,597.168571,med_high_down,,,True,False,False,0.0,0.0,50.0,0.0,0.0,0.0,0.0,0.0,50.0,0.0,0.0,-1,0.0,G1_REGIME,regime='med_high_down' skipped=True reg_empty=False,-1,0.0,0.0,
BTC/USDT,2407,2026-06-18 04:00:00,short,0.51324,56.68,0.6,63883.41,585.132857,med_high_down,,,True,False,False,0.0,0.0,50.0,0.0,0.0,0.0,0.0,0.0,50.0,0.0,0.0,-1,0.0,G1_REGIME,regime='med_high_down' skipped=True reg_empty=False,-1,0.0,0.0,
BTC/USDT,2408,2026-06-18 05:00:00,long,0.50052,60.83,0.6,63994.0,546.260714,med_high_down,,,True,False,False,0.0,0.0,50.0,0.0,0.0,0.0,0.0,0.0,50.0,0.0,0.0,-1,0.0,G1_REGIME,regime='med_high_down' skipped=True reg_empty=False,-1,0.0,0.0,
BTC/USDT,2409,2026-06-18 06:00:00,short,0.50216,62.8,0.6,64083.41,514.860714,med_high_down,,,True,False,False,0.0,0.0,50.0,0.0,0.0,0.0,0.0,0.0,50.0,0.0,0.0,-1,0.0,G1_REGIME,regime='med_high_down' skipped=True reg_empty=False,-1,0.0,0.0,
BTC/USDT,2410,2026-06-18 07:00:00,short,0.50522,69.84,0.6,64510.44,522.225,med_high_down,,,True,False,False,0.0,0.0,50.0,0.0,0.0,0.0,0.0,0.0,50.0,0.0,0.0,-1,0.0,G1_REGIME,regime='med_high_down' skipped=True reg_empty=False,-1,0.0,0.0,
BTC/USDT,2411,2026-06-18 08:00:00,short,0.52401,73.04,0.6,64399.92,447.975714,med_med_flat,True,True,False,False,False,0.0,0.0,50.0,0.0,0.0,0.0,0.0,0.0,50.0,0.0,0.0,-1,0.0,G2_TRADEABLE,tradeable_sell=False,-1,0.0,0.0,
BTC/USDT,2412,2026-06-18 09:00:00,short,0.53149,68.63,0.6,64199.53,348.990714,med_med_down,False,True,False,False,False,0.0,0.0,50.0,0.0,0.0,0.0,0.0,0.0,50.0,0.0,0.0,-1,0.0,G2_TRADEABLE,tradeable_sell=False,-1,0.0,0.0,
BTC/USDT,2413,2026-06-18 10:00:00,short,0.53451,71.67,0.6,64078.61,349.430714,med_med_down,False,True,False,False,False,0.0,0.0,50.0,0.0,0.0,0.0,0.0,0.0,50.0,0.0,0.0,-1,0.0,G2_TRADEABLE,tradeable_sell=False,-1,0.0,0.0,
BTC/USDT,2414,2026-06-18 11:00:00,short,0.50897,70.61,0.6,63974.4,349.992143,med_med_down,False,True,False,False,False,0.0,0.0,50.0,0.0,0.0,0.0,0.0,0.0,50.0,0.0,0.0,-1,0.0,G2_TRADEABLE,tradeable_sell=False,-1,0.0,0.0,
BTC/USDT,2415,2026-06-18 12:00:00,short,0.50577,67.22,0.6,64378.07,347.202143,med_med_flat,True,True,False,False,False,0.0,0.0,50.0,0.0,0.0,0.0,0.0,0.0,50.0,0.0,0.0,-1,0.0,G2_TRADEABLE,tradeable_sell=False,-1,0.0,0.0,
BTC/USDT,2416,2026-06-18 13:00:00,short,0.50445,76.22,0.6,63984.0,373.201429,med_med_down,False,True,False,False,False,0.0,0.0,50.0,0.0,0.0,0.0,0.0,0.0,50.0,0.0,0.0,-1,0.0,G2_TRADEABLE,tradeable_sell=False,-1,0.0,0.0,
BTC/USDT,2417,2026-06-18 14:00:00,short,0.50755,78.64,0.6,63816.61,399.775,med_med_down,False,True,False,False,False,0.0,0.0,50.0,0.0,0.0,0.0,0.0,0.0,50.0,0.0,0.0,-1,0.0,G2_TRADEABLE,tradeable_sell=False,-1,0.0,0.0,
BTC/USDT,2418,2026-06-18 15:00:00,long,0.53509,100.0,0.6,62369.44,484.955714,med_high_down,,,True,False,False,0.0,0.0,50.0,0.0,0.0,0.0,0.0,0.0,50.0,0.0,0.0,-1,0.0,G1_REGIME,regime='med_high_down' skipped=True reg_empty=False,-1,0.0,0.0,
BTC/USDT,2419,2026-06-18 16:00:00,long,0.52878,87.97,0.6,62688.0,497.521429,med_high_down,,,True,False,False,0.0,0.0,50.0,0.0,0.0,0.0,0.0,0.0,50.0,0.0,0.0,-1,0.0,G1_REGIME,regime='med_high_down' skipped=True reg_empty=False,-1,0.0,0.0,
BTC/USDT,2420,2026-06-18 17:00:00,long,0.52394,84.45,0.6,62606.0,501.542143,med_high_down,,,True,False,False,0.0,0.0,50.0,0.0,0.0,0.0,0.0,0.0,50.0,0.0,0.0,-1,0.0,G1_REGIME,regime='med_high_down' skipped=True reg_empty=False,-1,0.0,0.0,
BTC/USDT,2421,2026-06-18 18:00:00,long,0.50351,82.03,0.6,62708.92,491.512143,med_high_down,,,True,False,False,0.0,0.0,50.0,0.0,0.0,0.0,0.0,0.0,50.0,0.0,0.0,-1,0.0,G1_REGIME,regime='med_high_down' skipped=True reg_empty=False,-1,0.0,0.0,
BTC/USDT,2422,2026-06-18 19:00:00,long,0.54379,82.71,0.6,62950.79,494.985,med_high_down,,,True,False,False,0.0,0.0,50.0,0.0,0.0,0.0,0.0,0.0,50.0,0.0,0.0,-1,0.0,G1_REGIME,regime='med_high_down' skipped=True reg_empty=False,-1,0.0,0.0,
BTC/USDT,2423,2026-06-18 20:00:00,long,0.52653,82.99,0.6,63086.0,497.775714,med_high_down,,,True,False,False,0.0,0.0,50.0,0.0,0.0,0.0,0.0,0.0,50.0,0.0,0.0,-1,0.0,G1_REGIME,regime='med_high_down' skipped=True reg_empty=False,-1,0.0,0.0,
BTC/USDT,2424,2026-06-18 21:00:00,long,0.53203,80.13,0.6,62971.32,480.371429,med_med_down,False,True,False,False,False,0.0,0.0,50.0,0.0,0.0,0.0,0.0,0.0,50.0,0.0,0.0,-1,0.0,G2_TRADEABLE,tradeable_buy=False,-1,0.0,0.0,
BTC/USDT,2425,2026-06-18 22:00:00,long,0.52444,78.51,0.6,62885.85,478.907143,med_med_down,False,True,False,False,False,0.0,0.0,50.0,0.0,0.0,0.0,0.0,0.0,50.0,0.0,0.0,-1,0.0,G2_TRADEABLE,tradeable_buy=False,-1,0.0,0.0,
BTC/USDT,2426,2026-06-18 23:00:00,long,0.54069,82.2,0.6,62958.01,475.097143,med_med_down,False,True,False,False,False,0.0,0.0,50.0,0.0,0.0,0.0,0.0,0.0,50.0,0.0,0.0,-1,0.0,G2_TRADEABLE,tradeable_buy=False,-1,0.0,0.0,
BTC/USDT,2427,2026-06-19 00:00:00,long,0.51133,84.74,0.6,63020.0,470.255,med_med_down,False,True,False,False,False,0.0,0.0,50.0,0.0,0.0,0.0,0.0,0.0,50.0,0.0,0.0,-1,0.0,G2_TRADEABLE,tradeable_buy=False,-1,0.0,0.0,
BTC/USDT,2428,2026-06-19 01:00:00,short,0.50513,69.89,0.6,63021.86,465.264286,med_med_down,False,True,False,False,False,0.0,0.0,50.0,0.0,0.0,0.0,0.0,0.0,50.0,0.0,0.0,-1,0.0,G2_TRADEABLE,tradeable_sell=False,-1,0.0,0.0,
BTC/USDT,2429,2026-06-19 02:00:00,short,0.50515,58.68,0.6,63006.0,446.447857,med_med_down,False,True,False,False,False,0.0,0.0,50.0,0.0,0.0,0.0,0.0,0.0,50.0,0.0,0.0,-1,0.0,G2_TRADEABLE,tradeable_sell=False,-1,0.0,0.0,
BTC/USDT,2430,2026-06-19 03:00:00,short,0.50715,73.31,0.6,62773.51,446.272857,med_med_down,False,True,False,False,False,0.0,0.0,50.0,0.0,0.0,0.0,0.0,0.0,50.0,0.0,0.0,-1,0.0,G2_TRADEABLE,tradeable_sell=False,-1,0.0,0.0,
BTC/USDT,2431,2026-06-19 04:00:00,short,0.50496,59.74,0.6,62452.01,438.469286,med_med_down,False,True,False,False,False,0.0,0.0,50.0,0.0,0.0,0.0,0.0,0.0,50.0,0.0,0.0,-1,0.0,G2_TRADEABLE,tradeable_sell=False,-1,0.0,0.0,
BTC/USDT,2432,2026-06-19 05:00:00,short,0.50743,66.81,0.6,62739.2,349.947143,med_med_down,False,True,False,False,False,0.0,0.0,50.0,0.0,0.0,0.0,0.0,0.0,50.0,0.0,0.0,-1,0.0,G2_TRADEABLE,tradeable_sell=False,-1,0.0,0.0,
BTC/USDT,2433,2026-06-19 06:00:00,short,0.51176,65.01,0.6,62894.08,330.100714,med_med_down,False,True,False,False,False,0.0,0.0,50.0,0.0,0.0,0.0,0.0,0.0,50.0,0.0,0.0,-1,0.0,G2_TRADEABLE,tradeable_sell=False,-1,0.0,0.0,
BTC/USDT,2434,2026-06-19 07:00:00,long,0.50341,82.27,0.6,62629.99,325.466429,med_low_down,False,True,False,False,False,0.0,0.0,50.0,0.0,0.0,0.0,0.0,0.0,50.0,0.0,0.0,-1,0.0,G2_TRADEABLE,tradeable_buy=False,-1,0.0,0.0,
BTC/USDT,2435,2026-06-19 08:00:00,short,0.51282,69.15,0.6,62603.99,316.104286,med_low_down,False,True,False,False,False,0.0,0.0,50.0,0.0,0.0,0.0,0.0,0.0,50.0,0.0,0.0,-1,0.0,G2_TRADEABLE,tradeable_sell=False,-1,0.0,0.0,
BTC/USDT,2436,2026-06-19 09:00:00,long,0.51185,82.63,0.6,62390.0,313.620714,med_low_down,False,True,False,False,False,0.0,0.0,50.0,0.0,0.0,0.0,0.0,0.0,50.0,0.0,0.0,-1,0.0,G2_TRADEABLE,tradeable_buy=False,-1,0.0,0.0,
BTC/USDT,2437,2026-06-19 10:00:00,short,0.50042,72.71,0.6,62533.25,305.057143,med_low_down,False,True,False,False,False,0.0,0.0,50.0,0.0,0.0,0.0,0.0,0.0,50.0,0.0,0.0,-1,0.0,G2_TRADEABLE,tradeable_sell=False,-1,0.0,0.0,
BTC/USDT,2438,2026-06-19 11:00:00,short,0.52297,75.8,0.6,62626.0,303.632857,med_low_down,False,True,False,False,False,0.0,0.0,50.0,0.0,0.0,0.0,0.0,0.0,50.0,0.0,0.0,-1,0.0,G2_TRADEABLE,tradeable_sell=False,-1,0.0,0.0,
BTC/USDT,2439,2026-06-19 12:00:00,short,0.53974,69.43,0.6,62830.01,323.060714,med_low_down,False,True,False,False,False,0.0,0.0,50.0,0.0,0.0,0.0,0.0,0.0,50.0,0.0,0.0,-1,0.0,G2_TRADEABLE,tradeable_sell=False,-1,0.0,0.0,
BTC/USDT,2440,2026-06-19 13:00:00,short,0.54287,84.95,0.6,63210.0,360.237857,med_med_down,False,True,False,False,False,0.0,0.0,50.0,0.0,0.0,0.0,0.0,0.0,50.0,0.0,0.0,-1,0.0,G2_TRADEABLE,tradeable_sell=False,-1,0.0,0.0,
BTC/USDT,2441,2026-06-19 14:00:00,short,0.54473,66.35,0.6,63203.53,371.9,med_med_flat,True,True,False,False,False,0.0,0.0,50.0,0.0,0.0,0.0,0.0,0.0,50.0,0.0,0.0,-1,0.0,G2_TRADEABLE,tradeable_sell=False,-1,0.0,0.0,
BTC/USDT,2442,2026-06-19 15:00:00,short,0.561,73.16,0.6,63214.01,373.086429,med_med_up,False,True,False,False,False,0.0,0.0,50.0,0.0,0.0,0.0,0.0,0.0,50.0,0.0,0.0,-1,0.0,G2_TRADEABLE,tradeable_sell=False,-1,0.0,0.0,
BTC/USDT,2443,2026-06-19 16:00:00,short,0.54261,76.16,0.6,62971.99,391.103571,med_med_flat,True,True,False,False,False,0.0,0.0,50.0,0.0,0.0,0.0,0.0,0.0,50.0,0.0,0.0,-1,0.0,G2_TRADEABLE,tradeable_sell=False,-1,0.0,0.0,
BTC/USDT,2444,2026-06-19 17:00:00,short,0.55127,58.13,0.6,63198.01,373.515,med_med_up,False,True,False,False,False,0.0,0.0,50.0,0.0,0.0,0.0,0.0,0.0,50.0,0.0,0.0,-1,0.0,G2_TRADEABLE,tradeable_sell=False,-1,0.0,0.0,
BTC/USDT,2445,2026-06-19 18:00:00,short,0.55767,50.33,0.6,63110.01,352.334286,low_med_up,False,False,False,False,False,0.0,0.0,50.0,0.0,0.0,0.0,0.0,0.0,50.0,0.0,0.0,-1,0.0,G2_TRADEABLE,tradeable_sell=False,-1,0.0,0.0,
BTC/USDT,2446,2026-06-19 19:00:00,short,0.55629,49.86,0.6,63021.6,345.554286,low_med_flat,False,False,False,False,False,0.0,0.0,50.0,0.0,0.0,0.0,0.0,0.0,50.0,0.0,0.0,-1,0.0,G2_TRADEABLE,tradeable_sell=False,-1,0.0,0.0,
BTC/USDT,2447,2026-06-19 20:00:00,short,0.54539,66.99,0.6,63250.01,354.745714,low_med_flat,False,False,False,False,False,0.0,0.0,50.0,0.0,0.0,0.0,0.0,0.0,50.0,0.0,0.0,-1,0.0,G2_TRADEABLE,tradeable_sell=False,-1,0.0,0.0,
BTC/USDT,2448,2026-06-19 21:00:00,short,0.54497,69.42,0.6,63075.98,340.645,low_med_flat,False,False,False,False,False,0.0,0.0,50.0,0.0,0.0,0.0,0.0,0.0,50.0,0.0,0.0,-1,0.0,G2_TRADEABLE,tradeable_sell=False,-1,0.0,0.0,
BTC/USDT,2449,2026-06-19 22:00:00,short,0.55625,83.4,0.6,63315.28,345.845714,low_med_up,False,False,False,False,False,0.0,0.0,50.0,0.0,0.0,0.0,0.0,0.0,50.0,0.0,0.0,-1,0.0,G2_TRADEABLE,tradeable_sell=False,-1,0.0,0.0,
BTC/USDT,2450,2026-06-19 23:00:00,short,0.57364,84.97,0.6,63543.91,349.591429,low_med_up,False,False,False,False,False,0.0,0.0,50.0,0.0,0.0,0.0,0.0,0.0,50.0,0.0,0.0,-1,0.0,G2_TRADEABLE,tradeable_sell=False,-1,0.0,0.0,
BTC/USDT,2451,2026-06-20 00:00:00,short,0.5661,85.09,0.6,63530.01,356.983571,low_med_up,False,False,False,False,False,0.0,0.0,50.0,0.0,0.0,0.0,0.0,0.0,50.0,0.0,0.0,-1,0.0,G2_TRADEABLE,tradeable_sell=False,-1,0.0,0.0,
BTC/USDT,2452,2026-06-20 01:00:00,short,0.57556,78.98,0.6,63586.28,355.608571,low_med_up,False,False,False,False,False,0.0,0.0,50.0,0.0,0.0,0.0,0.0,0.0,50.0,0.0,0.0,-1,0.0,G2_TRADEABLE,tradeable_sell=False,-1,0.0,0.0,
BTC/USDT,2453,2026-06-20 02:00:00,short,0.5523,80.57,0.6,63340.57,336.342857,low_med_flat,False,False,False,False,False,0.0,0.0,50.0,0.0,0.0,0.0,0.0,0.0,50.0,0.0,0.0,-1,0.0,G2_TRADEABLE,tradeable_sell=False,-1,0.0,0.0,
BTC/USDT,2454,2026-06-20 03:00:00,short,0.56372,77.68,0.6,63476.79,296.404286,low_low_up,True,True,False,False,False,0.0,0.0,50.0,0.0,0.0,0.0,0.0,0.0,50.0,0.0,0.0,-1,0.0,G2_TRADEABLE,tradeable_sell=False,-1,0.0,0.0,
BTC/USDT,2455,2026-06-20 04:00:00,short,0.5679,76.96,0.6,63583.53,282.284286,low_low_up,True,True,False,False,False,0.0,0.0,50.0,0.0,0.0,0.0,0.0,0.0,50.0,0.0,0.0,-1,0.0,G2_TRADEABLE,tradeable_sell=False,-1,0.0,0.0,
BTC/USDT,2456,2026-06-20 05:00:00,short,0.58557,82.11,0.6,63678.07,289.356429,low_low_up,True,True,False,False,False,0.0,0.0,50.0,0.0,0.0,0.0,0.0,0.0,50.0,0.0,0.0,-1,0.0,G2_TRADEABLE,tradeable_sell=False,-1,0.0,0.0,
BTC/USDT,2457,2026-06-20 06:00:00,short,0.59055,77.28,0.6,63744.61,264.557143,low_low_up,True,True,False,False,False,0.0,0.0,50.0,0.0,0.0,0.0,0.0,0.0,50.0,0.0,0.0,-1,0.0,G2_TRADEABLE,tradeable_sell=False,-1,0.0,0.0,
BTC/USDT,2458,2026-06-20 07:00:00,short,0.57243,83.31,0.6,63655.21,250.923571,low_low_up,True,True,False,False,False,0.0,0.0,50.0,0.0,0.0,0.0,0.0,0.0,50.0,0.0,0.0,-1,0.0,G2_TRADEABLE,tradeable_sell=False,-1,0.0,0.0,
BTC/USDT,2459,2026-06-20 08:00:00,short,0.55538,86.41,0.6,63417.97,255.309286,low_low_up,True,True,False,False,False,0.0,0.0,50.0,0.0,0.0,0.0,0.0,0.0,50.0,0.0,0.0,-1,0.0,G2_TRADEABLE,tradeable_sell=False,-1,0.0,0.0,
BTC/USDT,2460,2026-06-20 09:00:00,short,0.58563,80.84,0.6,63741.16,267.578571,low_low_up,True,True,False,False,False,0.0,0.0,50.0,0.0,0.0,0.0,0.0,0.0,50.0,0.0,0.0,-1,0.0,G2_TRADEABLE,tradeable_sell=False,-1,0.0,0.0,
BTC/USDT,2461,2026-06-20 10:00:00,short,0.59525,81.31,0.6,63674.7,258.267857,low_low_up,True,True,False,False,False,0.0,0.0,50.0,0.0,0.0,0.0,0.0,0.0,50.0,0.0,0.0,-1,0.0,G2_TRADEABLE,tradeable_sell=False,-1,0.0,0.0,
BTC/USDT,2462,2026-06-20 11:00:00,short,0.60773,82.7,0.6,63688.0,255.580714,low_low_up,True,True,False,False,False,0.0,0.0,50.0,0.0,0.0,0.0,0.0,0.0,50.0,0.0,0.0,-1,0.0,G2_TRADEABLE,tradeable_sell=False,-1,0.0,0.0,
BTC/USDT,2463,2026-06-20 12:00:00,short,0.57976,82.1,0.6,63655.09,250.315714,low_low_up,True,True,False,False,False,0.0,0.0,50.0,0.0,0.0,0.0,0.0,0.0,50.0,0.0,0.0,-1,0.0,G2_TRADEABLE,tradeable_sell=False,-1,0.0,0.0,
BTC/USDT,2464,2026-06-20 13:00:00,short,0.5286,78.6,0.6,63397.78,249.394286,low_low_flat,False,False,False,False,False,0.0,0.0,50.0,0.0,0.0,0.0,0.0,0.0,50.0,0.0,0.0,-1,0.0,G2_TRADEABLE,tradeable_sell=False,-1,0.0,0.0,
BTC/USDT,2465,2026-06-20 14:00:00,short,0.59776,100.0,0.6,63949.9,296.450714,low_low_up,True,True,False,False,False,0.0,0.0,50.0,0.0,0.0,0.0,0.0,0.0,50.0,0.0,0.0,-1,0.0,G2_TRADEABLE,tradeable_sell=False,-1,0.0,0.0,
BTC/USDT,2466,2026-06-20 15:00:00,short,0.58399,100.0,0.6,64160.04,320.72,low_low_up,True,True,False,False,False,0.0,0.0,50.0,0.0,0.0,0.0,0.0,0.0,50.0,0.0,0.0,-1,0.0,G2_TRADEABLE,tradeable_sell=False,-1,0.0,0.0,
BTC/USDT,2467,2026-06-20 16:00:00,short,0.59287,83.55,0.6,64034.31,321.749286,low_low_up,True,True,False,False,False,0.0,0.0,50.0,0.0,0.0,0.0,0.0,0.0,50.0,0.0,0.0,-1,0.0,G2_TRADEABLE,tradeable_sell=False,-1,0.0,0.0,
BTC/USDT,2468,2026-06-20 17:00:00,short,0.58764,85.72,0.6,63834.7,330.392143,low_low_up,True,True,False,False,False,0.0,0.0,50.0,0.0,0.0,0.0,0.0,0.0,50.0,0.0,0.0,-1,0.0,G2_TRADEABLE,tradeable_sell=False,-1,0.0,0.0,
BTC/USDT,2469,2026-06-20 18:00:00,short,0.58296,68.93,0.6,63805.89,325.307143,low_low_up,True,True,False,False,False,0.0,0.0,50.0,0.0,0.0,0.0,0.0,0.0,50.0,0.0,0.0,-1,0.0,G2_TRADEABLE,tradeable_sell=False,-1,0.0,0.0,
BTC/USDT,2470,2026-06-20 19:00:00,short,0.58017,79.99,0.6,63936.0,311.477857,low_low_up,True,True,False,False,False,0.0,0.0,50.0,0.0,0.0,0.0,0.0,0.0,50.0,0.0,0.0,-1,0.0,G2_TRADEABLE,tradeable_sell=False,-1,0.0,0.0,
BTC/USDT,2471,2026-06-20 20:00:00,short,0.58615,81.82,0.6,63925.99,311.917143,low_low_up,True,True,False,False,False,0.0,0.0,50.0,0.0,0.0,0.0,0.0,0.0,50.0,0.0,0.0,-1,0.0,G2_TRADEABLE,tradeable_sell=False,-1,0.0,0.0,
BTC/USDT,2472,2026-06-20 21:00:00,short,0.60339,81.81,0.6,64012.4,309.702143,low_low_up,True,True,False,False,False,0.0,0.0,50.0,0.0,0.0,0.0,0.0,0.0,50.0,0.0,0.0,-1,0.0,G2_TRADEABLE,tradeable_sell=False,-1,0.0,0.0,
BTC/USDT,2473,2026-06-20 22:00:00,short,0.58811,83.71,0.6,64272.01,316.837857,low_low_up,True,True,False,False,False,0.0,0.0,50.0,0.0,0.0,0.0,0.0,0.0,50.0,0.0,0.0,-1,0.0,G2_TRADEABLE,tradeable_sell=False,-1,0.0,0.0,
BTC/USDT,2474,2026-06-20 23:00:00,short,0.59579,79.81,0.6,64298.01,296.632143,low_low_up,True,True,False,False,False,0.0,0.0,50.0,0.0,0.0,0.0,0.0,0.0,50.0,0.0,0.0,-1,0.0,G2_TRADEABLE,tradeable_sell=False,-1,0.0,0.0,
BTC/USDT,2475,2026-06-21 00:00:00,short,0.57149,83.35,0.6,64294.0,289.527857,low_low_up,True,True,False,False,False,0.0,0.0,50.0,0.0,0.0,0.0,0.0,0.0,50.0,0.0,0.0,-1,0.0,G2_TRADEABLE,tradeable_sell=False,-1,0.0,0.0,
BTC/USDT,2476,2026-06-21 01:00:00,short,0.58714,85.42,0.6,64248.0,285.205714,low_low_up,True,True,False,False,False,0.0,0.0,50.0,0.0,0.0,0.0,0.0,0.0,50.0,0.0,0.0,-1,0.0,G2_TRADEABLE,tradeable_sell=False,-1,0.0,0.0,
BTC/USDT,2477,2026-06-21 02:00:00,short,0.5916,80.43,0.6,64241.25,271.727143,low_low_up,True,True,False,False,False,0.0,0.0,50.0,0.0,0.0,0.0,0.0,0.0,50.0,0.0,0.0,-1,0.0,G2_TRADEABLE,tradeable_sell=False,-1,0.0,0.0,
BTC/USDT,2478,2026-06-21 03:00:00,short,0.56307,81.37,0.6,64426.0,261.862143,low_low_up,True,True,False,False,False,0.0,0.0,50.0,0.0,0.0,0.0,0.0,0.0,50.0,0.0,0.0,-1,0.0,G2_TRADEABLE,tradeable_sell=False,-1,0.0,0.0,
BTC/USDT,2479,2026-06-21 04:00:00,short,0.56877,83.01,0.6,64276.12,215.630714,low_low_up,True,True,False,False,False,0.0,0.0,50.0,0.0,0.0,0.0,0.0,0.0,50.0,0.0,0.0,-1,0.0,G2_TRADEABLE,tradeable_sell=False,-1,0.0,0.0,
BTC/USDT,2480,2026-06-21 05:00:00,short,0.56188,79.91,0.6,64256.55,186.19,low_low_up,True,True,False,False,False,0.0,0.0,50.0,0.0,0.0,0.0,0.0,0.0,50.0,0.0,0.0,-1,0.0,G2_TRADEABLE,tradeable_sell=False,-1,0.0,0.0,
BTC/USDT,2481,2026-06-21 06:00:00,short,0.55666,77.27,0.6,64303.46,176.140714,low_low_up,True,True,False,False,False,0.0,0.0,50.0,0.0,0.0,0.0,0.0,0.0,50.0,0.0,0.0,-1,0.0,G2_TRADEABLE,tradeable_sell=False,-1,0.0,0.0,
BTC/USDT,2482,2026-06-21 07:00:00,short,0.53018,81.48,0.6,64191.07,163.25,low_low_up,True,True,False,False,False,0.0,0.0,50.0,0.0,0.0,0.0,0.0,0.0,50.0,0.0,0.0,-1,0.0,G2_TRADEABLE,tradeable_sell=False,-1,0.0,0.0,
BTC/USDT,2483,2026-06-21 08:00:00,short,0.5417,74.26,0.6,64014.0,176.637857,low_low_up,True,True,False,False,False,0.0,0.0,50.0,0.0,0.0,0.0,0.0,0.0,50.0,0.0,0.0,-1,0.0,G2_TRADEABLE,tradeable_sell=False,-1,0.0,0.0,
BTC/USDT,2484,2026-06-21 09:00:00,short,0.54171,80.1,0.6,64209.16,184.832143,low_low_up,True,True,False,False,False,0.0,0.0,50.0,0.0,0.0,0.0,0.0,0.0,50.0,0.0,0.0,-1,0.0,G2_TRADEABLE,tradeable_sell=False,-1,0.0,0.0,
BTC/USDT,2485,2026-06-21 10:00:00,short,0.54147,81.44,0.6,64365.99,190.276429,low_low_up,True,True,False,False,False,0.0,0.0,50.0,0.0,0.0,0.0,0.0,0.0,50.0,0.0,0.0,-1,0.0,G2_TRADEABLE,tradeable_sell=False,-1,0.0,0.0,
BTC/USDT,2486,2026-06-21 11:00:00,short,0.54018,92.04,0.6,64176.0,204.370714,low_low_up,True,True,False,False,False,0.0,0.0,50.0,0.0,0.0,0.0,0.0,0.0,50.0,0.0,0.0,-1,0.0,G2_TRADEABLE,tradeable_sell=False,-1,0.0,0.0,
BTC/USDT,2487,2026-06-21 12:00:00,short,0.545,89.29,0.6,64200.0,198.031429,low_low_up,True,True,False,False,False,0.0,0.0,50.0,0.0,0.0,0.0,0.0,0.0,50.0,0.0,0.0,-1,0.0,G2_TRADEABLE,tradeable_sell=False,-1,0.0,0.0,
BTC/USDT,2488,2026-06-21 13:00:00,short,0.53796,72.26,0.6,64146.0,204.681429,low_low_up,True,True,False,False,False,0.0,0.0,50.0,0.0,0.0,0.0,0.0,0.0,50.0,0.0,0.0,-1,0.0,G2_TRADEABLE,tradeable_sell=False,-1,0.0,0.0,
BTC/USDT,2489,2026-06-21 14:00:00,short,0.51819,73.41,0.6,64145.97,209.281429,low_low_flat,False,False,False,False,False,0.0,0.0,50.0,0.0,0.0,0.0,0.0,0.0,50.0,0.0,0.0,-1,0.0,G2_TRADEABLE,tradeable_sell=False,-1,0.0,0.0,
BTC/USDT,2490,2026-06-21 15:00:00,short,0.52608,79.35,0.6,64224.0,217.736429,low_low_flat,False,False,False,False,False,0.0,0.0,50.0,0.0,0.0,0.0,0.0,0.0,50.0,0.0,0.0,-1,0.0,G2_TRADEABLE,tradeable_sell=False,-1,0.0,0.0,
BTC/USDT,2491,2026-06-21 16:00:00,short,0.52052,75.39,0.6,64145.31,228.401429,low_low_flat,False,False,False,False,False,0.0,0.0,50.0,0.0,0.0,0.0,0.0,0.0,50.0,0.0,0.0,-1,0.0,G2_TRADEABLE,tradeable_sell=False,-1,0.0,0.0,
BTC/USDT,2492,2026-06-21 17:00:00,short,0.50593,72.83,0.6,64151.46,221.433571,low_low_flat,False,False,False,False,False,0.0,0.0,50.0,0.0,0.0,0.0,0.0,0.0,50.0,0.0,0.0,-1,0.0,G2_TRADEABLE,tradeable_sell=False,-1,0.0,0.0,
BTC/USDT,2493,2026-06-21 18:00:00,long,0.50183,76.23,0.6,64213.81,220.575,low_low_up,True,True,False,False,False,0.0,0.0,50.0,0.0,0.0,0.0,0.0,0.0,50.0,0.0,0.0,-1,0.0,G2_TRADEABLE,tradeable_buy=False,-1,0.0,0.0,
BTC/USDT,2494,2026-06-21 19:00:00,short,0.51648,72.12,0.6,64207.12,219.880714,low_low_flat,False,False,False,False,False,0.0,0.0,50.0,0.0,0.0,0.0,0.0,0.0,50.0,0.0,0.0,-1,0.0,G2_TRADEABLE,tradeable_sell=False,-1,0.0,0.0,
BTC/USDT,2495,2026-06-21 20:00:00,short,0.54263,90.56,0.6,63848.0,251.825,low_low_flat,False,False,False,False,False,0.0,0.0,50.0,0.0,0.0,0.0,0.0,0.0,50.0,0.0,0.0,-1,0.0,G2_TRADEABLE,tradeable_sell=False,-1,0.0,0.0,
BTC/USDT,2496,2026-06-21 21:00:00,short,0.5324,83.3,0.6,63808.01,275.339286,low_low_flat,False,False,False,False,False,0.0,0.0,50.0,0.0,0.0,0.0,0.0,0.0,50.0,0.0,0.0,-1,0.0,G2_TRADEABLE,tradeable_sell=False,-1,0.0,0.0,
BTC/USDT,2497,2026-06-21 22:00:00,short,0.52606,87.53,0.6,63801.59,272.562857,low_low_flat,False,False,False,False,False,0.0,0.0,50.0,0.0,0.0,0.0,0.0,0.0,50.0,0.0,0.0,-1,0.0,G2_TRADEABLE,tradeable_sell=False,-1,0.0,0.0,
BTC/USDT,2498,2026-06-21 23:00:00,long,0.52331,99.47,0.6,63311.99,290.197143,low_low_down,True,True,False,False,False,0.0,0.0,50.0,0.0,0.0,0.0,0.0,0.0,50.0,0.0,0.0,-1,0.0,G2_TRADEABLE,tradeable_buy=False,-1,0.0,0.0,
BTC/USDT,2499,2026-06-22 00:00:00,short,0.52174,100.0,0.6,63896.01,331.483571,low_low_flat,False,False,False,False,False,0.0,0.0,50.0,0.0,0.0,0.0,0.0,0.0,50.0,0.0,0.0,-1,0.0,G2_TRADEABLE,tradeable_sell=False,-1,0.0,0.0,
BTC/USDT,2500,2026-06-22 01:00:00,short,0.53841,100.0,0.6,64606.0,374.396429,low_med_flat,False,False,False,False,False,0.0,0.0,50.0,0.0,0.0,0.0,0.0,0.0,50.0,0.0,0.0,-1,0.0,G2_TRADEABLE,tradeable_sell=False,-1,0.0,0.0,
BTC/USDT,2501,2026-06-22 02:00:00,short,0.54048,85.4,0.6,64257.99,383.743571,low_med_flat,False,False,False,False,False,0.0,0.0,50.0,0.0,0.0,0.0,0.0,0.0,50.0,0.0,0.0,-1,0.0,G2_TRADEABLE,tradeable_sell=False,-1,0.0,0.0,
BTC/USDT,2502,2026-06-22 03:00:00,short,0.51127,85.01,0.6,63974.01,411.205714,low_med_flat,False,False,False,False,False,0.0,0.0,50.0,0.0,0.0,0.0,0.0,0.0,50.0,0.0,0.0,-1,0.0,G2_TRADEABLE,tradeable_sell=False,-1,0.0,0.0,
BTC/USDT,2503,2026-06-22 04:00:00,short,0.54528,74.32,0.6,64100.02,418.207857,low_med_flat,False,False,False,False,False,0.0,0.0,50.0,0.0,0.0,0.0,0.0,0.0,50.0,0.0,0.0,-1,0.0,G2_TRADEABLE,tradeable_sell=False,-1,0.0,0.0,
BTC/USDT,2504,2026-06-22 05:00:00,short,0.52365,100.0,0.6,64247.74,419.611429,low_med_flat,False,False,False,False,False,0.0,0.0,50.0,0.0,0.0,0.0,0.0,0.0,50.0,0.0,0.0,-1,0.0,G2_TRADEABLE,tradeable_sell=False,-1,0.0,0.0,
BTC/USDT,2505,2026-06-22 06:00:00,short,0.52198,77.82,0.6,63989.95,431.87,low_med_flat,False,False,False,False,False,0.0,0.0,50.0,0.0,0.0,0.0,0.0,0.0,50.0,0.0,0.0,-1,0.0,G2_TRADEABLE,tradeable_sell=False,-1,0.0,0.0,
BTC/USDT,2506,2026-06-22 07:00:00,short,0.52737,71.72,0.6,64211.19,452.434286,low_med_flat,False,False,False,False,False,0.0,0.0,50.0,0.0,0.0,0.0,0.0,0.0,50.0,0.0,0.0,-1,0.0,G2_TRADEABLE,tradeable_sell=False,-1,0.0,0.0,
BTC/USDT,2507,2026-06-22 08:00:00,short,0.55178,55.5,0.6,64165.99,452.437857,low_med_flat,False,False,False,False,False,0.0,0.0,50.0,0.0,0.0,0.0,0.0,0.0,50.0,0.0,0.0,-1,0.0,G2_TRADEABLE,tradeable_sell=False,-1,0.0,0.0,
BTC/USDT,2508,2026-06-22 09:00:00,short,0.55469,53.34,0.6,64145.39,457.717857,low_med_flat,False,False,False,False,False,0.0,0.0,50.0,0.0,0.0,0.0,0.0,0.0,50.0,0.0,0.0,-1,0.0,G2_TRADEABLE,tradeable_sell=False,-1,0.0,0.0,
BTC/USDT,2509,2026-06-22 10:00:00,short,0.55184,52.6,0.6,64139.21,431.69,low_med_flat,False,False,False,False,False,0.0,0.0,50.0,0.0,0.0,0.0,0.0,0.0,50.0,0.0,0.0,-1,0.0,G2_TRADEABLE,tradeable_sell=False,-1,0.0,0.0,
BTC/USDT,2510,2026-06-22 11:00:00,long,0.52147,73.7,0.6,64657.22,446.817857,low_med_up,False,False,False,False,False,0.0,0.0,50.0,0.0,0.0,0.0,0.0,0.0,50.0,0.0,0.0,-1,0.0,G2_TRADEABLE,tradeable_buy=False,-1,0.0,0.0,
BTC/USDT,2511,2026-06-22 12:00:00,long,0.5172,74.26,0.6,65149.57,472.132857,low_med_up,False,False,False,False,False,0.0,0.0,50.0,0.0,0.0,0.0,0.0,0.0,50.0,0.0,0.0,-1,0.0,G2_TRADEABLE,tradeable_buy=False,-1,0.0,0.0,
BTC/USDT,2512,2026-06-22 13:00:00,short,0.51112,80.3,0.6,65578.0,480.177857,low_med_up,False,False,False,False,False,0.0,0.0,50.0,0.0,0.0,0.0,0.0,0.0,50.0,0.0,0.0,-1,0.0,G2_TRADEABLE,tradeable_sell=False,-1,0.0,0.0,
BTC/USDT,2513,2026-06-22 14:00:00,long,0.51681,59.67,0.6,64980.39,480.593571,low_med_up,False,False,False,False,False,0.0,0.0,50.0,0.0,0.0,0.0,0.0,0.0,50.0,0.0,0.0,-1,0.0,G2_TRADEABLE,tradeable_buy=False,-1,0.0,0.0,
BTC/USDT,2514,2026-06-22 15:00:00,short,0.5103,61.71,0.6,64836.95,438.891429,low_med_up,False,False,False,False,False,0.0,0.0,50.0,0.0,0.0,0.0,0.0,0.0,50.0,0.0,0.0,-1,0.0,G2_TRADEABLE,tradeable_sell=False,-1,0.0,0.0,
BTC/USDT,2515,2026-06-22 16:00:00,long,0.50108,51.39,0.6,64719.77,433.820714,low_med_up,False,False,False,False,False,0.0,0.0,50.0,0.0,0.0,0.0,0.0,0.0,50.0,0.0,0.0,-1,0.0,G2_TRADEABLE,tradeable_buy=False,-1,0.0,0.0,
BTC/USDT,2516,2026-06-22 17:00:00,short,0.51677,71.41,0.6,64602.0,420.775,med_med_up,False,True,False,False,False,0.0,0.0,50.0,0.0,0.0,0.0,0.0,0.0,50.0,0.0,0.0,-1,0.0,G2_TRADEABLE,tradeable_sell=False,-1,0.0,0.0,
BTC/USDT,2517,2026-06-22 18:00:00,short,0.51052,73.67,0.6,64334.01,432.997857,med_med_flat,True,True,False,False,False,0.0,0.0,50.0,0.0,0.0,0.0,0.0,0.0,50.0,0.0,0.0,-1,0.0,G2_TRADEABLE,tradeable_sell=False,-1,0.0,0.0,
BTC/USDT,2518,2026-06-22 19:00:00,long,0.51585,79.82,0.6,64472.0,430.694286,med_med_flat,True,True,False,False,False,0.0,0.0,50.0,0.0,0.0,0.0,0.0,0.0,50.0,0.0,0.0,-1,0.0,G2_TRADEABLE,tradeable_buy=False,-1,0.0,0.0,
BTC/USDT,2519,2026-06-22 20:00:00,short,0.50963,72.1,0.6,64433.8,425.157143,med_med_up,False,True,False,False,False,0.0,0.0,50.0,0.0,0.0,0.0,0.0,0.0,50.0,0.0,0.0,-1,0.0,G2_TRADEABLE,tradeable_sell=False,-1,0.0,0.0,
BTC/USDT,2520,2026-06-22 21:00:00,short,0.53216,74.44,0.6,64320.57,419.176429,med_med_up,False,True,False,False,False,0.0,0.0,50.0,0.0,0.0,0.0,0.0,0.0,50.0,0.0,0.0,-1,0.0,G2_TRADEABLE,tradeable_sell=False,-1,0.0,0.0,
BTC/USDT,2521,2026-06-22 22:00:00,short,0.51978,71.21,0.6,63971.12,439.553571,med_med_flat,True,True,False,False,False,0.0,0.0,50.0,0.0,0.0,0.0,0.0,0.0,50.0,0.0,0.0,-1,0.0,G2_TRADEABLE,tradeable_sell=False,-1,0.0,0.0,
BTC/USDT,2522,2026-06-22 23:00:00,short,0.53296,69.03,0.6,64020.01,437.531429,med_med_up,False,True,False,False,False,0.0,0.0,50.0,0.0,0.0,0.0,0.0,0.0,50.0,0.0,0.0,-1,0.0,G2_TRADEABLE,tradeable_sell=False,-1,0.0,0.0,
BTC/USDT,2523,2026-06-23 00:00:00,long,0.51375,86.87,0.6,64154.99,446.550714,med_med_flat,True,True,False,False,False,0.0,0.0,50.0,0.0,0.0,0.0,0.0,0.0,50.0,0.0,0.0,-1,0.0,G2_TRADEABLE,tradeable_buy=False,-1,0.0,0.0,
BTC/USDT,2524,2026-06-23 01:00:00,long,0.53432,84.39,0.6,64156.0,425.720714,low_med_flat,False,False,False,False,False,0.0,0.0,50.0,0.0,0.0,0.0,0.0,0.0,50.0,0.0,0.0,-1,0.0,G2_TRADEABLE,tradeable_buy=False,-1,0.0,0.0,
BTC/USDT,2525,2026-06-23 02:00:00,long,0.52082,81.74,0.6,64204.01,396.435,low_med_flat,False,False,False,False,False,0.0,0.0,50.0,0.0,0.0,0.0,0.0,0.0,50.0,0.0,0.0,-1,0.0,G2_TRADEABLE,tradeable_buy=False,-1,0.0,0.0,
BTC/USDT,2526,2026-06-23 03:00:00,long,0.53737,78.18,0.6,64065.35,367.246429,low_med_flat,False,False,False,False,False,0.0,0.0,50.0,0.0,0.0,0.0,0.0,0.0,50.0,0.0,0.0,-1,0.0,G2_TRADEABLE,tradeable_buy=False,-1,0.0,0.0,
BTC/USDT,2527,2026-06-23 04:00:00,long,0.54972,79.36,0.6,63623.02,345.467857,low_med_flat,False,False,False,False,False,0.0,0.0,50.0,0.0,0.0,0.0,0.0,0.0,50.0,0.0,0.0,-1,0.0,G2_TRADEABLE,tradeable_buy=False,-1,0.0,0.0,
BTC/USDT,2528,2026-06-23 05:00:00,long,0.5281,84.71,0.6,63400.0,345.237143,low_med_down,False,True,False,False,False,0.0,0.0,50.0,0.0,0.0,0.0,0.0,0.0,50.0,0.0,0.0,-1,0.0,G2_TRADEABLE,tradeable_buy=False,-1,0.0,0.0,
BTC/USDT,2529,2026-06-23 06:00:00,long,0.55985,100.0,0.6,62936.01,380.101429,low_med_down,False,True,False,False,False,0.0,0.0,50.0,0.0,0.0,0.0,0.0,0.0,50.0,0.0,0.0,-1,0.0,G2_TRADEABLE,tradeable_buy=False,-1,0.0,0.0,
BTC/USDT,2530,2026-06-23 07:00:00,long,0.55795,86.92,0.6,62886.03,368.757143,med_med_down,False,True,False,False,False,0.0,0.0,50.0,0.0,0.0,0.0,0.0,0.0,50.0,0.0,0.0,-1,0.0,G2_TRADEABLE,tradeable_buy=False,-1,0.0,0.0,
BTC/USDT,2531,2026-06-23 08:00:00,long,0.55834,100.0,0.6,62385.99,410.752143,med_med_down,False,True,False,False,False,0.0,0.0,50.0,0.0,0.0,0.0,0.0,0.0,50.0,0.0,0.0,-1,0.0,G2_TRADEABLE,tradeable_buy=False,-1,0.0,0.0,
BTC/USDT,2532,2026-06-23 09:00:00,long,0.57869,82.12,0.6,62386.0,407.495714,med_med_down,False,True,False,False,False,0.0,0.0,50.0,0.0,0.0,0.0,0.0,0.0,50.0,0.0,0.0,-1,0.0,G2_TRADEABLE,tradeable_buy=False,-1,0.0,0.0,
BTC/USDT,2533,2026-06-23 10:00:00,long,0.57448,80.75,0.6,62328.01,410.09,med_med_down,False,True,False,False,False,0.0,0.0,50.0,0.0,0.0,0.0,0.0,0.0,50.0,0.0,0.0,-1,0.0,G2_TRADEABLE,tradeable_buy=False,-1,0.0,0.0,
BTC/USDT,2534,2026-06-23 11:00:00,long,0.5614,82.2,0.6,62507.06,407.974286,med_med_down,False,True,False,False,False,0.0,0.0,50.0,0.0,0.0,0.0,0.0,0.0,50.0,0.0,0.0,-1,0.0,G2_TRADEABLE,tradeable_buy=False,-1,0.0,0.0,
BTC/USDT,2535,2026-06-23 12:00:00,long,0.54553,82.6,0.6,62256.6,392.025714,med_med_down,False,True,False,False,False,0.0,0.0,50.0,0.0,0.0,0.0,0.0,0.0,50.0,0.0,0.0,-1,0.0,G2_TRADEABLE,tradeable_buy=False,-1,0.0,0.0,
BTC/USDT,2536,2026-06-23 13:00:00,long,0.51582,84.97,0.6,62475.99,420.811429,med_med_down,False,True,False,False,False,0.0,0.0,50.0,0.0,0.0,0.0,0.0,0.0,50.0,0.0,0.0,-1,0.0,G2_TRADEABLE,tradeable_buy=False,-1,0.0,0.0,
BTC/USDT,2537,2026-06-23 14:00:00,long,0.50571,84.67,0.6,62493.63,429.142857,med_med_down,False,True,False,False,False,0.0,0.0,50.0,0.0,0.0,0.0,0.0,0.0,50.0,0.0,0.0,-1,0.0,G2_TRADEABLE,tradeable_buy=False,-1,0.0,0.0,
BTC/USDT,2538,2026-06-23 15:00:00,long,0.50926,81.02,0.6,62487.79,424.159286,med_med_down,False,True,False,False,False,0.0,0.0,50.0,0.0,0.0,0.0,0.0,0.0,50.0,0.0,0.0,-1,0.0,G2_TRADEABLE,tradeable_buy=False,-1,0.0,0.0,
BTC/USDT,2539,2026-06-23 16:00:00,long,0.52484,83.3,0.6,62558.0,437.346429,med_med_down,False,True,False,False,False,0.0,0.0,50.0,0.0,0.0,0.0,0.0,0.0,50.0,0.0,0.0,-1,0.0,G2_TRADEABLE,tradeable_buy=False,-1,0.0,0.0,
BTC/USDT,2540,2026-06-23 17:00:00,long,0.53018,81.28,0.6,62358.02,446.627857,med_med_down,False,True,False,False,False,0.0,0.0,50.0,0.0,0.0,0.0,0.0,0.0,50.0,0.0,0.0,-1,0.0,G2_TRADEABLE,tradeable_buy=False,-1,0.0,0.0,
BTC/USDT,2541,2026-06-23 18:00:00,long,0.51202,80.12,0.6,62241.99,436.455,med_med_down,False,True,False,False,False,0.0,0.0,50.0,0.0,0.0,0.0,0.0,0.0,50.0,0.0,0.0,-1,0.0,G2_TRADEABLE,tradeable_buy=False,-1,0.0,0.0,
BTC/USDT,2542,2026-06-23 19:00:00,long,0.5279,82.76,0.6,62388.49,426.765,med_med_down,False,True,False,False,False,0.0,0.0,50.0,0.0,0.0,0.0,0.0,0.0,50.0,0.0,0.0,-1,0.0,G2_TRADEABLE,tradeable_buy=False,-1,0.0,0.0,
BTC/USDT,2543,2026-06-23 20:00:00,short,0.50029,69.14,0.6,62470.7,378.187857,med_med_down,False,True,False,False,False,0.0,0.0,50.0,0.0,0.0,0.0,0.0,0.0,50.0,0.0,0.0,-1,0.0,G2_TRADEABLE,tradeable_sell=False,-1,0.0,0.0,
BTC/USDT,2544,2026-06-23 21:00:00,long,0.50485,83.3,0.6,62599.77,375.704286,med_med_down,False,True,False,False,False,0.0,0.0,50.0,0.0,0.0,0.0,0.0,0.0,50.0,0.0,0.0,-1,0.0,G2_TRADEABLE,tradeable_buy=False,-1,0.0,0.0,
BTC/USDT,2545,2026-06-23 22:00:00,short,0.52557,66.32,0.6,62590.0,321.9,med_low_down,False,True,False,False,False,0.0,0.0,50.0,0.0,0.0,0.0,0.0,0.0,50.0,0.0,0.0,-1,0.0,G2_TRADEABLE,tradeable_sell=False,-1,0.0,0.0,
BTC/USDT,2546,2026-06-23 23:00:00,short,0.52,63.4,0.6,62734.57,332.036429,med_med_down,False,True,False,False,False,0.0,0.0,50.0,0.0,0.0,0.0,0.0,0.0,50.0,0.0,0.0,-1,0.0,G2_TRADEABLE,tradeable_sell=False,-1,0.0,0.0,
BTC/USDT,2547,2026-06-24 00:00:00,short,0.54781,75.67,0.6,63014.0,328.63,med_low_down,False,True,False,False,False,0.0,0.0,50.0,0.0,0.0,0.0,0.0,0.0,50.0,0.0,0.0,-1,0.0,G2_TRADEABLE,tradeable_sell=False,-1,0.0,0.0,
BTC/USDT,2548,2026-06-24 01:00:00,short,0.52152,75.06,0.6,62932.19,330.866429,med_med_down,False,True,False,False,False,0.0,0.0,50.0,0.0,0.0,0.0,0.0,0.0,50.0,0.0,0.0,-1,0.0,G2_TRADEABLE,tradeable_sell=False,-1,0.0,0.0,
BTC/USDT,2549,2026-06-24 02:00:00,short,0.51814,67.02,0.6,62630.0,333.612857,med_med_down,False,True,False,False,False,0.0,0.0,50.0,0.0,0.0,0.0,0.0,0.0,50.0,0.0,0.0,-1,0.0,G2_TRADEABLE,tradeable_sell=False,-1,0.0,0.0,
BTC/USDT,2550,2026-06-24 03:00:00,short,0.52342,66.09,0.6,62729.78,318.570714,med_low_down,False,True,False,False,False,0.0,0.0,50.0,0.0,0.0,0.0,0.0,0.0,50.0,0.0,0.0,-1,0.0,G2_TRADEABLE,tradeable_sell=False,-1,0.0,0.0,
BTC/USDT,2551,2026-06-24 04:00:00,short,0.55034,65.91,0.6,62744.42,306.027857,med_low_down,False,True,False,False,False,0.0,0.0,50.0,0.0,0.0,0.0,0.0,0.0,50.0,0.0,0.0,-1,0.0,G2_TRADEABLE,tradeable_sell=False,-1,0.0,0.0,
BTC/USDT,2552,2026-06-24 05:00:00,short,0.58323,80.93,0.6,62890.0,310.131429,med_low_flat,False,True,False,False,False,0.0,0.0,50.0,0.0,0.0,0.0,0.0,0.0,50.0,0.0,0.0,-1,0.0,G2_TRADEABLE,tradeable_sell=False,-1,0.0,0.0,
BTC/USDT,2553,2026-06-24 06:00:00,short,0.57108,69.52,0.6,62780.0,293.221429,med_low_flat,False,True,False,False,False,0.0,0.0,50.0,0.0,0.0,0.0,0.0,0.0,50.0,0.0,0.0,-1,0.0,G2_TRADEABLE,tradeable_sell=False,-1,0.0,0.0,
BTC/USDT,2554,2026-06-24 07:00:00,short,0.56109,56.11,0.6,62657.99,283.818571,med_low_flat,False,True,False,False,False,0.0,0.0,50.0,0.0,0.0,0.0,0.0,0.0,50.0,0.0,0.0,-1,0.0,G2_TRADEABLE,tradeable_sell=False,-1,0.0,0.0,
BTC/USDT,2555,2026-06-24 08:00:00,short,0.55533,53.05,0.6,62800.0,273.937857,low_low_up,True,True,False,False,False,0.0,0.0,50.0,0.0,0.0,0.0,0.0,0.0,50.0,0.0,0.0,-1,0.0,G2_TRADEABLE,tradeable_sell=False,-1,0.0,0.0,
BTC/USDT,2556,2026-06-24 09:00:00,short,0.53737,55.08,0.6,62681.7,267.718571,low_low_flat,False,False,False,False,False,0.0,0.0,50.0,0.0,0.0,0.0,0.0,0.0,50.0,0.0,0.0,-1,0.0,G2_TRADEABLE,tradeable_sell=False,-1,0.0,0.0,
BTC/USDT,2557,2026-06-24 10:00:00,short,0.53361,61.41,0.6,62445.99,276.192143,low_low_flat,False,False,False,False,False,0.0,0.0,50.0,0.0,0.0,0.0,0.0,0.0,50.0,0.0,0.0,-1,0.0,G2_TRADEABLE,tradeable_sell=False,-1,0.0,0.0,
BTC/USDT,2558,2026-06-24 11:00:00,short,0.56235,84.26,0.6,62921.19,328.474286,low_low_up,True,True,False,False,False,0.0,0.0,50.0,0.0,0.0,0.0,0.0,0.0,50.0,0.0,0.0,-1,0.0,G2_TRADEABLE,tradeable_sell=False,-1,0.0,0.0,
BTC/USDT,2559,2026-06-24 12:00:00,short,0.53554,59.67,0.6,62618.31,338.058571,low_med_up,False,False,False,False,False,0.0,0.0,50.0,0.0,0.0,0.0,0.0,0.0,50.0,0.0,0.0,-1,0.0,G2_TRADEABLE,tradeable_sell=False,-1,0.0,0.0,
BTC/USDT,2560,2026-06-24 13:00:00,long,0.54302,81.07,0.6,61338.01,413.302143,med_med_down,False,True,False,False,False,0.0,0.0,50.0,0.0,0.0,0.0,0.0,0.0,50.0,0.0,0.0,-1,0.0,G2_TRADEABLE,tradeable_buy=False,-1,0.0,0.0,
BTC/USDT,2561,2026-06-24 14:00:00,long,0.52469,81.12,0.6,61113.1,433.08,med_med_down,False,True,False,False,False,0.0,0.0,50.0,0.0,0.0,0.0,0.0,0.0,50.0,0.0,0.0,-1,0.0,G2_TRADEABLE,tradeable_buy=False,-1,0.0,0.0,
BTC/USDT,2562,2026-06-24 15:00:00,long,0.5392,81.73,0.6,60250.0,472.580714,med_high_down,,,True,False,False,0.0,0.0,50.0,0.0,0.0,0.0,0.0,0.0,50.0,0.0,0.0,-1,0.0,G1_REGIME,regime='med_high_down' skipped=True reg_empty=False,-1,0.0,0.0,
BTC/USDT,2563,2026-06-24 16:00:00,long,0.5262,100.0,0.6,59850.0,518.942857,high_high_down,False,True,False,False,False,0.0,0.0,50.0,0.0,0.0,0.0,0.0,0.0,50.0,0.0,0.0,-1,0.0,G2_TRADEABLE,tradeable_buy=False,-1,0.0,0.0,
BTC/USDT,2564,2026-06-24 17:00:00,long,0.52878,100.0,0.6,59404.0,560.825,high_high_down,False,True,False,False,False,0.0,0.0,50.0,0.0,0.0,0.0,0.0,0.0,50.0,0.0,0.0,-1,0.0,G2_TRADEABLE,tradeable_buy=False,-1,0.0,0.0,
BTC/USDT,2565,2026-06-24 18:00:00,long,0.52386,84.48,0.6,59599.99,585.469286,high_high_down,False,True,False,False,False,0.0,0.0,50.0,0.0,0.0,0.0,0.0,0.0,50.0,0.0,0.0,-1,0.0,G2_TRADEABLE,tradeable_buy=False,-1,0.0,0.0,
BTC/USDT,2566,2026-06-24 19:00:00,long,0.56104,84.71,0.6,59958.3,592.795,high_high_down,False,True,False,False,False,0.0,0.0,50.0,0.0,0.0,0.0,0.0,0.0,50.0,0.0,0.0,-1,0.0,G2_TRADEABLE,tradeable_buy=False,-1,0.0,0.0,
BTC/USDT,2567,2026-06-24 20:00:00,long,0.57687,78.75,0.6,60956.0,676.597143,high_high_down,False,True,False,False,False,0.0,0.0,50.0,0.0,0.0,0.0,0.0,0.0,50.0,0.0,0.0,-1,0.0,G2_TRADEABLE,tradeable_buy=False,-1,0.0,0.0,
BTC/USDT,2568,2026-06-24 21:00:00,long,0.56307,76.08,0.6,61110.0,694.096429,high_high_down,False,True,False,False,False,0.0,0.0,50.0,0.0,0.0,0.0,0.0,0.0,50.0,0.0,0.0,-1,0.0,G2_TRADEABLE,tradeable_buy=False,-1,0.0,0.0,
BTC/USDT,2569,2026-06-24 22:00:00,long,0.53057,72.81,0.6,60873.99,713.465,high_high_down,False,True,False,False,False,0.0,0.0,50.0,0.0,0.0,0.0,0.0,0.0,50.0,0.0,0.0,-1,0.0,G2_TRADEABLE,tradeable_buy=False,-1,0.0,0.0,
BTC/USDT,2570,2026-06-24 23:00:00,short,0.50419,78.08,0.6,61077.99,721.969286,high_high_down,False,True,False,False,False,0.0,0.0,50.0,0.0,0.0,0.0,0.0,0.0,50.0,0.0,0.0,-1,0.0,G2_TRADEABLE,tradeable_sell=False,-1,0.0,0.0,
BTC/USDT,2571,2026-06-25 00:00:00,long,0.50327,73.32,0.6,60832.0,733.879286,high_high_down,False,True,False,False,False,0.0,0.0,50.0,0.0,0.0,0.0,0.0,0.0,50.0,0.0,0.0,-1,0.0,G2_TRADEABLE,tradeable_buy=False,-1,0.0,0.0,
BTC/USDT,2572,2026-06-25 01:00:00,short,0.52316,79.32,0.6,60928.0,687.278571,high_high_down,False,True,False,False,False,0.0,0.0,50.0,0.0,0.0,0.0,0.0,0.0,50.0,0.0,0.0,-1,0.0,G2_TRADEABLE,tradeable_sell=False,-1,0.0,0.0,
BTC/USDT,2573,2026-06-25 02:00:00,short,0.51852,79.52,0.6,60799.08,678.563571,high_high_down,False,True,False,False,False,0.0,0.0,50.0,0.0,0.0,0.0,0.0,0.0,50.0,0.0,0.0,-1,0.0,G2_TRADEABLE,tradeable_sell=False,-1,0.0,0.0,
BTC/USDT,2574,2026-06-25 03:00:00,short,0.51684,76.13,0.6,60883.65,596.612143,high_high_down,False,True,False,False,False,0.0,0.0,50.0,0.0,0.0,0.0,0.0,0.0,50.0,0.0,0.0,-1,0.0,G2_TRADEABLE,tradeable_sell=False,-1,0.0,0.0,
BTC/USDT,2575,2026-06-25 04:00:00,short,0.51625,74.95,0.6,61357.63,600.183571,high_high_down,False,True,False,False,False,0.0,0.0,50.0,0.0,0.0,0.0,0.0,0.0,50.0,0.0,0.0,-1,0.0,G2_TRADEABLE,tradeable_sell=False,-1,0.0,0.0,
BTC/USDT,2576,2026-06-25 05:00:00,short,0.52815,76.6,0.6,61600.01,573.521429,high_high_down,False,True,False,False,False,0.0,0.0,50.0,0.0,0.0,0.0,0.0,0.0,50.0,0.0,0.0,-1,0.0,G2_TRADEABLE,tradeable_sell=False,-1,0.0,0.0,
BTC/USDT,2577,2026-06-25 06:00:00,short,0.53573,72.69,0.6,61732.06,517.300714,high_high_down,False,True,False,False,False,0.0,0.0,50.0,0.0,0.0,0.0,0.0,0.0,50.0,0.0,0.0,-1,0.0,G2_TRADEABLE,tradeable_sell=False,-1,0.0,0.0,
BTC/USDT,2578,2026-06-25 07:00:00,short,0.53314,73.48,0.6,61911.04,470.009286,high_med_down,False,True,False,False,False,0.0,0.0,50.0,0.0,0.0,0.0,0.0,0.0,50.0,0.0,0.0,-1,0.0,G2_TRADEABLE,tradeable_sell=False,-1,0.0,0.0,
BTC/USDT,2579,2026-06-25 08:00:00,short,0.54188,72.38,0.6,61712.35,442.579286,high_med_down,False,True,False,False,False,0.0,0.0,50.0,0.0,0.0,0.0,0.0,0.0,50.0,0.0,0.0,-1,0.0,G2_TRADEABLE,tradeable_sell=False,-1,0.0,0.0,
BTC/USDT,2580,2026-06-25 09:00:00,short,0.54108,70.99,0.6,61739.29,421.699286,high_med_down,False,True,False,False,False,0.0,0.0,50.0,0.0,0.0,0.0,0.0,0.0,50.0,0.0,0.0,-1,0.0,G2_TRADEABLE,tradeable_sell=False,-1,0.0,0.0,
BTC/USDT,2581,2026-06-25 10:00:00,short,0.50448,73.26,0.6,61269.94,360.185,high_med_down,False,True,False,False,False,0.0,0.0,50.0,0.0,0.0,0.0,0.0,0.0,50.0,0.0,0.0,-1,0.0,G2_TRADEABLE,tradeable_sell=False,-1,0.0,0.0,
BTC/USDT,2582,2026-06-25 11:00:00,short,0.51609,72.84,0.6,61282.01,351.445,high_med_down,False,True,False,False,False,0.0,0.0,50.0,0.0,0.0,0.0,0.0,0.0,50.0,0.0,0.0,-1,0.0,G2_TRADEABLE,tradeable_sell=False,-1,0.0,0.0,
BTC/USDT,2583,2026-06-25 12:00:00,short,0.51176,76.85,0.6,61244.01,366.302857,high_med_down,False,True,False,False,False,0.0,0.0,50.0,0.0,0.0,0.0,0.0,0.0,50.0,0.0,0.0,-1,0.0,G2_TRADEABLE,tradeable_sell=False,-1,0.0,0.0,
BTC/USDT,2584,2026-06-25 13:00:00,long,0.51417,100.0,0.6,58290.17,578.601429,high_high_down,False,True,False,False,False,0.0,0.0,50.0,0.0,0.0,0.0,0.0,0.0,50.0,0.0,0.0,-1,0.0,G2_TRADEABLE,tradeable_buy=False,-1,0.0,0.0,
BTC/USDT,2585,2026-06-25 14:00:00,long,0.5201,94.87,0.6,59471.5,704.240714,high_high_down,False,True,False,False,False,0.0,0.0,50.0,0.0,0.0,0.0,0.0,0.0,50.0,0.0,0.0,-1,0.0,G2_TRADEABLE,tradeable_buy=False,-1,0.0,0.0,
BTC/USDT,2586,2026-06-25 15:00:00,long,0.54363,78.46,0.6,59557.99,740.900714,high_high_down,False,True,False,False,False,0.0,0.0,50.0,0.0,0.0,0.0,0.0,0.0,50.0,0.0,0.0,-1,0.0,G2_TRADEABLE,tradeable_buy=False,-1,0.0,0.0,
BTC/USDT,2587,2026-06-25 16:00:00,long,0.53898,76.15,0.6,59312.64,786.856429,high_high_flat,False,False,False,False,False,0.0,0.0,50.0,0.0,0.0,0.0,0.0,0.0,50.0,0.0,0.0,-1,0.0,G2_TRADEABLE,tradeable_buy=False,-1,0.0,0.0,
BTC/USDT,2588,2026-06-25 17:00:00,long,0.53431,75.8,0.6,59676.01,813.66,high_high_flat,False,False,False,False,False,0.0,0.0,50.0,0.0,0.0,0.0,0.0,0.0,50.0,0.0,0.0,-1,0.0,G2_TRADEABLE,tradeable_buy=False,-1,0.0,0.0,
BTC/USDT,2589,2026-06-25 18:00:00,long,0.53942,74.52,0.6,59512.71,800.184286,high_high_flat,False,False,False,False,False,0.0,0.0,50.0,0.0,0.0,0.0,0.0,0.0,50.0,0.0,0.0,-1,0.0,G2_TRADEABLE,tradeable_buy=False,-1,0.0,0.0,
BTC/USDT,2590,2026-06-25 19:00:00,long,0.47077,72.05,0.6,59320.0,787.337143,high_high_flat,False,False,False,False,False,0.0,0.0,50.0,0.0,0.0,0.0,0.0,0.0,50.0,0.0,0.0,-1,0.0,G2_TRADEABLE,tradeable_buy=False,-1,0.0,0.0,
BTC/USDT,2591,2026-06-25 20:00:00,long,0.53945,74.65,0.6,59456.62,798.262143,high_high_down,False,True,False,False,False,0.0,0.0,50.0,0.0,0.0,0.0,0.0,0.0,50.0,0.0,0.0,-1,0.0,G2_TRADEABLE,tradeable_buy=False,-1,0.0,0.0,
BTC/USDT,2592,2026-06-25 21:00:00,long,0.51983,76.97,0.6,60211.87,836.076429,high_high_down,False,True,False,False,False,0.0,0.0,50.0,0.0,0.0,0.0,0.0,0.0,50.0,0.0,0.0,-1,0.0,G2_TRADEABLE,tradeable_buy=False,-1,0.0,0.0,
BTC/USDT,2593,2026-06-25 22:00:00,long,0.52848,74.19,0.6,59851.27,852.986429,high_high_down,False,True,False,False,False,0.0,0.0,50.0,0.0,0.0,0.0,0.0,0.0,50.0,0.0,0.0,-1,0.0,G2_TRADEABLE,tradeable_buy=False,-1,0.0,0.0,
BTC/USDT,2594,2026-06-25 23:00:00,short,0.51055,82.81,0.6,59794.0,872.549286,high_high_down,False,True,False,False,False,0.0,0.0,50.0,0.0,0.0,0.0,0.0,0.0,50.0,0.0,0.0,-1,0.0,G2_TRADEABLE,tradeable_sell=False,-1,0.0,0.0,
BTC/USDT,2595,2026-06-26 00:00:00,long,0.50895,74.47,0.6,59667.09,856.167857,high_high_down,False,True,False,False,False,0.0,0.0,50.0,0.0,0.0,0.0,0.0,0.0,50.0,0.0,0.0,-1,0.0,G2_TRADEABLE,tradeable_buy=False,-1,0.0,0.0,
BTC/USDT,2596,2026-06-26 01:00:00,short,0.5043,83.82,0.6,59431.5,870.778571,high_high_down,False,True,False,False,False,0.0,0.0,50.0,0.0,0.0,0.0,0.0,0.0,50.0,0.0,0.0,-1,0.0,G2_TRADEABLE,tradeable_sell=False,-1,0.0,0.0,
BTC/USDT,2597,2026-06-26 02:00:00,long,0.53251,89.89,0.6,58561.99,900.484286,high_high_down,False,True,False,False,False,0.0,0.0,50.0,0.0,0.0,0.0,0.0,0.0,50.0,0.0,0.0,-1,0.0,G2_TRADEABLE,tradeable_buy=False,-1,0.0,0.0,
BTC/USDT,2598,2026-06-26 03:00:00,long,0.50276,82.1,0.6,60036.01,796.212857,high_high_down,False,True,False,False,False,0.0,0.0,50.0,0.0,0.0,0.0,0.0,0.0,50.0,0.0,0.0,-1,0.0,G2_TRADEABLE,tradeable_buy=False,-1,0.0,0.0,
BTC/USDT,2599,2026-06-26 04:00:00,long,0.51545,76.12,0.6,59920.47,668.16,high_high_down,False,True,False,False,False,0.0,0.0,50.0,0.0,0.0,0.0,0.0,0.0,50.0,0.0,0.0,-1,0.0,G2_TRADEABLE,tradeable_buy=False,-1,0.0,0.0,
BTC/USDT,2600,2026-06-26 05:00:00,long,0.5175,78.39,0.6,59953.3,634.636429,high_high_down,False,True,False,False,False,0.0,0.0,50.0,0.0,0.0,0.0,0.0,0.0,50.0,0.0,0.0,-1,0.0,G2_TRADEABLE,tradeable_buy=False,-1,0.0,0.0,
BTC/USDT,2601,2026-06-26 06:00:00,long,0.50345,80.4,0.6,60324.0,623.792143,high_high_down,False,True,False,False,False,0.0,0.0,50.0,0.0,0.0,0.0,0.0,0.0,50.0,0.0,0.0,-1,0.0,G2_TRADEABLE,tradeable_buy=False,-1,0.0,0.0,
BTC/USDT,2602,2026-06-26 07:00:00,short,0.51178,79.19,0.6,60532.0,614.932857,high_high_down,False,True,False,False,False,0.0,0.0,50.0,0.0,0.0,0.0,0.0,0.0,50.0,0.0,0.0,-1,0.0,G2_TRADEABLE,tradeable_sell=False,-1,0.0,0.0,
BTC/USDT,2603,2026-06-26 08:00:00,long,0.50052,76.31,0.6,60245.67,614.94,high_high_down,False,True,False,False,False,0.0,0.0,50.0,0.0,0.0,0.0,0.0,0.0,50.0,0.0,0.0,-1,0.0,G2_TRADEABLE,tradeable_buy=False,-1,0.0,0.0,
BTC/USDT,2604,2026-06-26 09:00:00,long,0.5142,77.31,0.6,59736.01,638.43,high_high_down,False,True,False,False,False,0.0,0.0,50.0,0.0,0.0,0.0,0.0,0.0,50.0,0.0,0.0,-1,0.0,G2_TRADEABLE,tradeable_buy=False,-1,0.0,0.0,
BTC/USDT,2605,2026-06-26 10:00:00,long,0.51369,54.96,0.6,59313.26,652.515,high_high_down,False,True,False,False,False,0.0,0.0,50.0,0.0,0.0,0.0,0.0,0.0,50.0,0.0,0.0,-1,0.0,G2_TRADEABLE,tradeable_buy=False,-1,0.0,0.0,
BTC/USDT,2606,2026-06-26 11:00:00,long,0.50598,54.5,0.6,59413.24,617.259286,high_high_down,False,True,False,False,False,0.0,0.0,50.0,0.0,0.0,0.0,0.0,0.0,50.0,0.0,0.0,-1,0.0,G2_TRADEABLE,tradeable_buy=False,-1,0.0,0.0,
BTC/USDT,2607,2026-06-26 12:00:00,long,0.53368,59.67,0.6,59185.02,657.697857,high_high_down,False,True,False,False,False,0.0,0.0,50.0,0.0,0.0,0.0,0.0,0.0,50.0,0.0,0.0,-1,0.0,G2_TRADEABLE,tradeable_buy=False,-1,0.0,0.0,
BTC/USDT,2608,2026-06-26 13:00:00,long,0.50842,81.18,0.6,60175.43,748.017857,high_high_up,False,False,False,False,False,0.0,0.0,50.0,0.0,0.0,0.0,0.0,0.0,50.0,0.0,0.0,-1,0.0,G2_TRADEABLE,tradeable_buy=False,-1,0.0,0.0,
BTC/USDT,2609,2026-06-26 14:00:00,long,0.51487,62.16,0.6,59590.73,793.736429,high_high_flat,False,False,False,False,False,0.0,0.0,50.0,0.0,0.0,0.0,0.0,0.0,50.0,0.0,0.0,-1,0.0,G2_TRADEABLE,tradeable_buy=False,-1,0.0,0.0,
BTC/USDT,2610,2026-06-26 15:00:00,short,0.50387,69.21,0.6,60328.32,819.087857,high_high_up,False,False,False,False,False,0.0,0.0,50.0,0.0,0.0,0.0,0.0,0.0,50.0,0.0,0.0,-1,0.0,G2_TRADEABLE,tradeable_sell=False,-1,0.0,0.0,
BTC/USDT,2611,2026-06-26 16:00:00,short,0.51307,68.26,0.6,60041.75,784.5,high_high_up,False,False,False,False,False,0.0,0.0,50.0,0.0,0.0,0.0,0.0,0.0,50.0,0.0,0.0,-1,0.0,G2_TRADEABLE,tradeable_sell=False,-1,0.0,0.0,
BTC/USDT,2612,2026-06-26 17:00:00,short,0.51727,64.92,0.6,60023.97,680.323571,high_high_up,False,False,False,False,False,0.0,0.0,50.0,0.0,0.0,0.0,0.0,0.0,50.0,0.0,0.0,-1,0.0,G2_TRADEABLE,tradeable_sell=False,-1,0.0,0.0,
BTC/USDT,2613,2026-06-26 18:00:00,short,0.50621,57.09,0.6,59668.01,694.566429,high_high_flat,False,False,False,False,False,0.0,0.0,50.0,0.0,0.0,0.0,0.0,0.0,50.0,0.0,0.0,-1,0.0,G2_TRADEABLE,tradeable_sell=False,-1,0.0,0.0,
BTC/USDT,2614,2026-06-26 19:00:00,short,0.50666,56.56,0.6,59751.97,706.634286,high_high_up,False,False,False,False,False,0.0,0.0,50.0,0.0,0.0,0.0,0.0,0.0,50.0,0.0,0.0,-1,0.0,G2_TRADEABLE,tradeable_sell=False,-1,0.0,0.0,
BTC/USDT,2615,2026-06-26 20:00:00,short,0.50809,56.94,0.6,59718.0,682.715714,high_high_flat,False,False,False,False,False,0.0,0.0,50.0,0.0,0.0,0.0,0.0,0.0,50.0,0.0,0.0,-1,0.0,G2_TRADEABLE,tradeable_sell=False,-1,0.0,0.0,
BTC/USDT,2616,2026-06-26 21:00:00,short,0.51614,62.03,0.6,59918.7,675.222143,high_high_flat,False,False,False,False,False,0.0,0.0,50.0,0.0,0.0,0.0,0.0,0.0,50.0,0.0,0.0,-1,0.0,G2_TRADEABLE,tradeable_sell=False,-1,0.0,0.0,
BTC/USDT,2617,2026-06-26 22:00:00,short,0.5276,62.31,0.6,60048.0,667.833571,high_high_flat,False,False,False,False,False,0.0,0.0,50.0,0.0,0.0,0.0,0.0,0.0,50.0,0.0,0.0,-1,0.0,G2_TRADEABLE,tradeable_sell=False,-1,0.0,0.0,
BTC/USDT,2618,2026-06-26 23:00:00,short,0.52608,61.6,0.6,60097.27,633.428571,high_high_flat,False,False,False,False,False,0.0,0.0,50.0,0.0,0.0,0.0,0.0,0.0,50.0,0.0,0.0,-1,0.0,G2_TRADEABLE,tradeable_sell=False,-1,0.0,0.0,
BTC/USDT,2619,2026-06-27 00:00:00,short,0.52647,62.13,0.6,60059.07,612.116429,high_high_up,False,False,False,False,False,0.0,0.0,50.0,0.0,0.0,0.0,0.0,0.0,50.0,0.0,0.0,-1,0.0,G2_TRADEABLE,tradeable_sell=False,-1,0.0,0.0,
BTC/USDT,2620,2026-06-27 01:00:00,short,0.51517,63.41,0.6,59945.53,598.095714,high_high_up,False,False,False,False,False,0.0,0.0,50.0,0.0,0.0,0.0,0.0,0.0,50.0,0.0,0.0,-1,0.0,G2_TRADEABLE,tradeable_sell=False,-1,0.0,0.0,
BTC/USDT,2621,2026-06-27 02:00:00,short,0.53501,63.98,0.6,60290.01,556.562857,high_high_up,False,False,False,False,False,0.0,0.0,50.0,0.0,0.0,0.0,0.0,0.0,50.0,0.0,0.0,-1,0.0,G2_TRADEABLE,tradeable_sell=False,-1,0.0,0.0,
BTC/USDT,2622,2026-06-27 03:00:00,short,0.55418,62.64,0.6,60305.73,451.995,high_med_flat,,,True,False,False,0.0,0.0,50.0,0.0,0.0,0.0,0.0,0.0,50.0,0.0,0.0,-1,0.0,G1_REGIME,regime='high_med_flat' skipped=True reg_empty=False,-1,0.0,0.0,
BTC/USDT,2623,2026-06-27 04:00:00,short,0.5689,63.29,0.6,60239.99,406.333571,high_med_flat,,,True,False,False,0.0,0.0,50.0,0.0,0.0,0.0,0.0,0.0,50.0,0.0,0.0,-1,0.0,G1_REGIME,regime='high_med_flat' skipped=True reg_empty=False,-1,0.0,0.0,
BTC/USDT,2624,2026-06-27 05:00:00,short,0.56935,64.24,0.6,60236.76,353.405714,high_med_flat,,,True,False,False,0.0,0.0,50.0,0.0,0.0,0.0,0.0,0.0,50.0,0.0,0.0,-1,0.0,G1_REGIME,regime='high_med_flat' skipped=True reg_empty=False,-1,0.0,0.0,
BTC/USDT,2625,2026-06-27 06:00:00,short,0.55218,61.82,0.6,60370.62,338.667857,med_med_flat,True,True,False,False,False,0.0,0.0,50.0,0.0,0.0,0.0,0.0,0.0,50.0,0.0,0.0,-1,0.0,G2_TRADEABLE,tradeable_sell=False,-1,0.0,0.0,
BTC/USDT,2626,2026-06-27 07:00:00,short,0.54439,62.37,0.6,60548.07,334.246429,med_med_flat,True,True,False,False,False,0.0,0.0,50.0,0.0,0.0,0.0,0.0,0.0,50.0,0.0,0.0,-1,0.0,G2_TRADEABLE,tradeable_sell=False,-1,0.0,0.0,
BTC/USDT,2627,2026-06-27 08:00:00,short,0.55459,61.2,0.6,60456.0,303.897857,med_low_flat,False,True,False,False,False,0.0,0.0,50.0,0.0,0.0,0.0,0.0,0.0,50.0,0.0,0.0,-1,0.0,G2_TRADEABLE,tradeable_sell=False,-1,0.0,0.0,
BTC/USDT,2628,2026-06-27 09:00:00,short,0.55131,80.48,0.6,60414.62,285.455714,med_low_up,False,True,False,False,False,0.0,0.0,50.0,0.0,0.0,0.0,0.0,0.0,50.0,0.0,0.0,-1,0.0,G2_TRADEABLE,tradeable_sell=False,-1,0.0,0.0,
BTC/USDT,2629,2026-06-27 10:00:00,short,0.54321,76.65,0.6,60420.28,262.928571,med_low_up,False,True,False,False,False,0.0,0.0,50.0,0.0,0.0,0.0,0.0,0.0,50.0,0.0,0.0,-1,0.0,G2_TRADEABLE,tradeable_sell=False,-1,0.0,0.0,
BTC/USDT,2630,2026-06-27 11:00:00,short,0.54298,79.91,0.6,60363.65,254.132857,med_low_up,False,True,False,False,False,0.0,0.0,50.0,0.0,0.0,0.0,0.0,0.0,50.0,0.0,0.0,-1,0.0,G2_TRADEABLE,tradeable_sell=False,-1,0.0,0.0,
BTC/USDT,2631,2026-06-27 12:00:00,short,0.54612,80.06,0.6,60430.0,243.202857,med_low_up,False,True,False,False,False,0.0,0.0,50.0,0.0,0.0,0.0,0.0,0.0,50.0,0.0,0.0,-1,0.0,G2_TRADEABLE,tradeable_sell=False,-1,0.0,0.0,
BTC/USDT,2632,2026-06-27 13:00:00,short,0.54653,81.85,0.6,60588.35,248.729286,low_low_up,True,True,False,False,False,0.0,0.0,50.0,0.0,0.0,0.0,0.0,0.0,50.0,0.0,0.0,-1,0.0,G2_TRADEABLE,tradeable_sell=False,-1,0.0,0.0,
BTC/USDT,2633,2026-06-27 14:00:00,short,0.56931,79.46,0.6,60611.5,241.387857,low_low_up,True,True,False,False,False,0.0,0.0,50.0,0.0,0.0,0.0,0.0,0.0,50.0,0.0,0.0,-1,0.0,G2_TRADEABLE,tradeable_sell=False,-1,0.0,0.0,
BTC/USDT,2634,2026-06-27 15:00:00,short,0.5473,87.32,0.6,60840.06,258.476429,low_low_up,True,True,False,False,False,0.0,0.0,50.0,0.0,0.0,0.0,0.0,0.0,50.0,0.0,0.0,-1,0.0,G2_TRADEABLE,tradeable_sell=False,-1,0.0,0.0,
BTC/USDT,2635,2026-06-27 16:00:00,short,0.55461,77.96,0.6,60807.99,238.822143,low_low_up,True,True,False,False,False,0.0,0.0,50.0,0.0,0.0,0.0,0.0,0.0,50.0,0.0,0.0,-1,0.0,G2_TRADEABLE,tradeable_sell=False,-1,0.0,0.0,
BTC/USDT,2636,2026-06-27 17:00:00,short,0.53817,87.7,0.6,60524.88,249.787857,low_low_up,True,True,False,False,False,0.0,0.0,50.0,0.0,0.0,0.0,0.0,0.0,50.0,0.0,0.0,-1,0.0,G2_TRADEABLE,tradeable_sell=False,-1,0.0,0.0,
BTC/USDT,2637,2026-06-27 18:00:00,short,0.55588,78.04,0.6,60570.86,240.147857,low_low_up,True,True,False,False,False,0.0,0.0,50.0,0.0,0.0,0.0,0.0,0.0,50.0,0.0,0.0,-1,0.0,G2_TRADEABLE,tradeable_sell=False,-1,0.0,0.0,
BTC/USDT,2638,2026-06-27 19:00:00,short,0.52579,78.54,0.6,60175.95,264.757143,low_low_up,True,True,False,False,False,0.0,0.0,50.0,0.0,0.0,0.0,0.0,0.0,50.0,0.0,0.0,-1,0.0,G2_TRADEABLE,tradeable_sell=False,-1,0.0,0.0,
BTC/USDT,2639,2026-06-27 20:00:00,short,0.51724,73.28,0.6,60300.0,245.204286,low_low_up,True,True,False,False,False,0.0,0.0,50.0,0.0,0.0,0.0,0.0,0.0,50.0,0.0,0.0,-1,0.0,G2_TRADEABLE,tradeable_sell=False,-1,0.0,0.0,
BTC/USDT,2640,2026-06-27 21:00:00,short,0.52173,76.86,0.6,60203.82,249.931429,low_low_flat,False,False,False,False,False,0.0,0.0,50.0,0.0,0.0,0.0,0.0,0.0,50.0,0.0,0.0,-1,0.0,G2_TRADEABLE,tradeable_sell=False,-1,0.0,0.0,
BTC/USDT,2641,2026-06-27 22:00:00,short,0.51055,79.02,0.6,60228.95,265.951429,low_low_flat,False,False,False,False,False,0.0,0.0,50.0,0.0,0.0,0.0,0.0,0.0,50.0,0.0,0.0,-1,0.0,G2_TRADEABLE,tradeable_sell=False,-1,0.0,0.0,
BTC/USDT,2642,2026-06-27 23:00:00,short,0.50539,75.24,0.6,60029.0,276.348571,low_low_flat,False,False,False,False,False,0.0,0.0,50.0,0.0,0.0,0.0,0.0,0.0,50.0,0.0,0.0,-1,0.0,G2_TRADEABLE,tradeable_sell=False,-1,0.0,0.0,
BTC/USDT,2643,2026-06-28 00:00:00,short,0.51134,82.59,0.6,60146.0,280.969286,low_low_flat,False,False,False,False,False,0.0,0.0,50.0,0.0,0.0,0.0,0.0,0.0,50.0,0.0,0.0,-1,0.0,G2_TRADEABLE,tradeable_sell=False,-1,0.0,0.0,
BTC/USDT,2644,2026-06-28 01:00:00,short,0.51873,76.18,0.6,60222.22,283.720714,low_low_flat,False,False,False,False,False,0.0,0.0,50.0,0.0,0.0,0.0,0.0,0.0,50.0,0.0,0.0,-1,0.0,G2_TRADEABLE,tradeable_sell=False,-1,0.0,0.0,
BTC/USDT,2645,2026-06-28 02:00:00,short,0.51084,61.67,0.6,60150.45,291.792857,low_low_flat,False,False,False,False,False,0.0,0.0,50.0,0.0,0.0,0.0,0.0,0.0,50.0,0.0,0.0,-1,0.0,G2_TRADEABLE,tradeable_sell=False,-1,0.0,0.0,
BTC/USDT,2646,2026-06-28 03:00:00,short,0.51273,55.85,0.6,60197.04,281.279286,low_low_flat,False,False,False,False,False,0.0,0.0,50.0,0.0,0.0,0.0,0.0,0.0,50.0,0.0,0.0,-1,0.0,G2_TRADEABLE,tradeable_sell=False,-1,0.0,0.0,
BTC/USDT,2647,2026-06-28 04:00:00,short,0.51176,56.04,0.6,60133.0,275.978571,low_low_flat,False,False,False,False,False,0.0,0.0,50.0,0.0,0.0,0.0,0.0,0.0,50.0,0.0,0.0,-1,0.0,G2_TRADEABLE,tradeable_sell=False,-1,0.0,0.0,
BTC/USDT,2648,2026-06-28 05:00:00,short,0.50668,42.34,0.6,59989.17,277.075,low_low_flat,False,False,False,False,False,0.0,0.0,50.0,0.0,0.0,0.0,0.0,0.0,50.0,0.0,0.0,-1,0.0,G2_TRADEABLE,tradeable_sell=False,-1,0.0,0.0,
BTC/USDT,2649,2026-06-28 06:00:00,short,0.5057,35.76,0.6,60002.82,279.975714,low_low_flat,False,False,False,False,False,0.0,0.0,50.0,0.0,0.0,0.0,0.0,0.0,50.0,0.0,0.0,-1,0.0,G2_TRADEABLE,tradeable_sell=False,-1,0.0,0.0,
BTC/USDT,2650,2026-06-28 07:00:00,short,0.51203,60.19,0.6,60219.99,269.552143,low_low_flat,False,False,False,False,False,0.0,0.0,50.0,0.0,0.0,0.0,0.0,0.0,50.0,0.0,0.0,-1,0.0,G2_TRADEABLE,tradeable_sell=False,-1,0.0,0.0,
BTC/USDT,2651,2026-06-28 08:00:00,short,0.53125,62.73,0.6,60370.0,289.201429,low_low_flat,False,False,False,False,False,0.0,0.0,50.0,0.0,0.0,0.0,0.0,0.0,50.0,0.0,0.0,-1,0.0,G2_TRADEABLE,tradeable_sell=False,-1,0.0,0.0,
BTC/USDT,2652,2026-06-28 09:00:00,short,0.51995,52.64,0.6,60258.84,267.177143,low_low_flat,False,False,False,False,False,0.0,0.0,50.0,0.0,0.0,0.0,0.0,0.0,50.0,0.0,0.0,-1,0.0,G2_TRADEABLE,tradeable_sell=False,-1,0.0,0.0,
BTC/USDT,2653,2026-06-28 10:00:00,short,0.51542,52.48,0.6,60166.71,273.716429,low_low_flat,False,False,False,False,False,0.0,0.0,50.0,0.0,0.0,0.0,0.0,0.0,50.0,0.0,0.0,-1,0.0,G2_TRADEABLE,tradeable_sell=False,-1,0.0,0.0,
BTC/USDT,2654,2026-06-28 11:00:00,short,0.51867,50.31,0.6,60342.0,268.992857,low_low_flat,False,False,False,False,False,0.0,0.0,50.0,0.0,0.0,0.0,0.0,0.0,50.0,0.0,0.0,-1,0.0,G2_TRADEABLE,tradeable_sell=False,-1,0.0,0.0,
BTC/USDT,2655,2026-06-28 12:00:00,short,0.51299,51.42,0.6,60293.51,259.394286,low_low_flat,False,False,False,False,False,0.0,0.0,50.0,0.0,0.0,0.0,0.0,0.0,50.0,0.0,0.0,-1,0.0,G2_TRADEABLE,tradeable_sell=False,-1,0.0,0.0,
BTC/USDT,2656,2026-06-28 13:00:00,long,0.50864,57.95,0.6,60071.88,256.655,low_low_flat,False,False,False,False,False,0.0,0.0,50.0,0.0,0.0,0.0,0.0,0.0,50.0,0.0,0.0,-1,0.0,G2_TRADEABLE,tradeable_buy=False,-1,0.0,0.0,
BTC/USDT,2657,2026-06-28 14:00:00,short,0.50296,51.06,0.6,60033.0,260.940714,low_low_flat,False,False,False,False,False,0.0,0.0,50.0,0.0,0.0,0.0,0.0,0.0,50.0,0.0,0.0,-1,0.0,G2_TRADEABLE,tradeable_sell=False,-1,0.0,0.0,
BTC/USDT,2658,2026-06-28 15:00:00,short,0.51449,60.78,0.6,59890.0,262.750714,low_low_down,True,True,False,False,False,0.0,0.0,50.0,0.0,0.0,0.0,0.0,0.0,50.0,0.0,0.0,-1,0.0,G2_TRADEABLE,tradeable_sell=False,-1,0.0,0.0,
BTC/USDT,2659,2026-06-28 16:00:00,short,0.51497,74.38,0.6,59690.62,268.148571,low_low_down,True,True,False,False,False,0.0,0.0,50.0,0.0,0.0,0.0,0.0,0.0,50.0,0.0,0.0,-1,0.0,G2_TRADEABLE,tradeable_sell=False,-1,0.0,0.0,
BTC/USDT,2660,2026-06-28 17:00:00,short,0.51552,61.54,0.6,59586.01,290.982857,low_low_down,True,True,False,False,False,0.0,0.0,50.0,0.0,0.0,0.0,0.0,0.0,50.0,0.0,0.0,-1,0.0,G2_TRADEABLE,tradeable_sell=False,-1,0.0,0.0,
BTC/USDT,2661,2026-06-28 18:00:00,short,0.52735,51.02,0.6,59614.46,294.855,low_low_down,True,True,False,False,False,0.0,0.0,50.0,0.0,0.0,0.0,0.0,0.0,50.0,0.0,0.0,-1,0.0,G2_TRADEABLE,tradeable_sell=False,-1,0.0,0.0,
BTC/USDT,2662,2026-06-28 19:00:00,short,0.51905,53.3,0.6,59481.79,296.656429,low_low_down,True,True,False,False,False,0.0,0.0,50.0,0.0,0.0,0.0,0.0,0.0,50.0,0.0,0.0,-1,0.0,G2_TRADEABLE,tradeable_sell=False,-1,0.0,0.0,
BTC/USDT,2663,2026-06-28 20:00:00,short,0.50243,58.47,0.6,59660.0,301.629286,low_low_flat,False,False,False,False,False,0.0,0.0,50.0,0.0,0.0,0.0,0.0,0.0,50.0,0.0,0.0,-1,0.0,G2_TRADEABLE,tradeable_sell=False,-1,0.0,0.0,
BTC/USDT,2664,2026-06-28 21:00:00,short,0.50104,62.01,0.6,59445.95,316.175714,low_med_down,False,True,False,False,False,0.0,0.0,50.0,0.0,0.0,0.0,0.0,0.0,50.0,0.0,0.0,-1,0.0,G2_TRADEABLE,tradeable_sell=False,-1,0.0,0.0,
BTC/USDT,2665,2026-06-28 22:00:00,long,0.51437,80.36,0.6,59067.01,358.756429,low_med_down,False,True,False,False,False,0.0,0.0,50.0,0.0,0.0,0.0,0.0,0.0,50.0,0.0,0.0,-1,0.0,G2_TRADEABLE,tradeable_buy=False,-1,0.0,0.0,
BTC/USDT,2666,2026-06-28 23:00:00,long,0.52543,87.11,0.6,59577.01,403.386429,low_med_flat,False,False,False,False,False,0.0,0.0,50.0,0.0,0.0,0.0,0.0,0.0,50.0,0.0,0.0,-1,0.0,G2_TRADEABLE,tradeable_buy=False,-1,0.0,0.0,
BTC/USDT,2667,2026-06-29 00:00:00,short,0.51452,86.73,0.6,59667.01,437.351429,low_med_flat,False,False,False,False,False,0.0,0.0,50.0,0.0,0.0,0.0,0.0,0.0,50.0,0.0,0.0,-1,0.0,G2_TRADEABLE,tradeable_sell=False,-1,0.0,0.0,
BTC/USDT,2668,2026-06-29 01:00:00,short,0.50397,80.1,0.6,59440.95,452.847857,low_med_down,False,True,False,False,False,0.0,0.0,50.0,0.0,0.0,0.0,0.0,0.0,50.0,0.0,0.0,-1,0.0,G2_TRADEABLE,tradeable_sell=False,-1,0.0,0.0,
BTC/USDT,2669,2026-06-29 02:00:00,short,0.54053,100.0,0.6,59757.46,498.917143,low_high_flat,,,True,False,False,0.0,0.0,50.0,0.0,0.0,0.0,0.0,0.0,50.0,0.0,0.0,-1,0.0,G1_REGIME,regime='low_high_flat' skipped=True reg_empty=False,-1,0.0,0.0,
BTC/USDT,2670,2026-06-29 03:00:00,short,0.55833,95.51,0.6,60049.46,509.337857,low_high_flat,,,True,False,False,0.0,0.0,50.0,0.0,0.0,0.0,0.0,0.0,50.0,0.0,0.0,-1,0.0,G1_REGIME,regime='low_high_flat' skipped=True reg_empty=False,-1,0.0,0.0,
BTC/USDT,2671,2026-06-29 04:00:00,short,0.54738,89.44,0.6,59830.0,514.765714,low_high_flat,,,True,False,False,0.0,0.0,50.0,0.0,0.0,0.0,0.0,0.0,50.0,0.0,0.0,-1,0.0,G1_REGIME,regime='low_high_flat' skipped=True reg_empty=False,-1,0.0,0.0,
BTC/USDT,2672,2026-06-29 05:00:00,short,0.54205,88.48,0.6,60102.8,543.198571,low_high_flat,,,True,False,False,0.0,0.0,50.0,0.0,0.0,0.0,0.0,0.0,50.0,0.0,0.0,-1,0.0,G1_REGIME,regime='low_high_flat' skipped=True reg_empty=False,-1,0.0,0.0,
