symbol,bar_index,timestamp,direction,meta_conf,edge_score,thr,price,atr,regime_str,reg_buy_ok,reg_sell_ok,reg_skipped,at_res,at_sup,trend_1d,total_conf,choppiness,bos,ev,ev_floor,prior_frac,rev_frac,rsi_val,rsi_slope,rsi_accel,bars_since_exit,atr_pct,blocked_at,block_reason,trade_exit_bar,trade_exit_price,trade_pnl,trade_outcome
SOL/USDT,6,2026-03-10 03:00:00,short,0.66324,82.24,60.0,85.55,1.035714,high_high_flat,,,True,False,False,0.0,0.0,50.0,0.0,0.0,0.0,0.0,0.0,50.0,0.0,0.0,-1,0.0,G1_REGIME,regime='high_high_flat' skipped=True reg_empty=False,-1,0.0,0.0,
SOL/USDT,7,2026-03-10 04:00:00,short,0.60588,83.51,60.0,86.54,1.06125,med_high_flat,,,True,False,False,0.0,0.0,50.0,0.0,0.0,0.0,0.0,0.0,50.0,0.0,0.0,-1,0.0,G1_REGIME,regime='med_high_flat' skipped=True reg_empty=False,-1,0.0,0.0,
SOL/USDT,8,2026-03-10 05:00:00,short,0.62239,85.82,60.0,86.4,1.015556,med_high_flat,,,True,False,False,0.0,0.0,50.0,0.0,0.0,0.0,0.0,0.0,50.0,0.0,0.0,-1,0.0,G1_REGIME,regime='med_high_flat' skipped=True reg_empty=False,-1,0.0,0.0,
SOL/USDT,9,2026-03-10 06:00:00,short,0.6241,83.01,60.0,86.35,0.984,med_high_flat,,,True,False,False,0.0,0.0,50.0,0.0,0.0,0.0,0.0,0.0,50.0,0.0,0.0,-1,0.0,G1_REGIME,regime='med_high_flat' skipped=True reg_empty=False,-1,0.0,0.0,
SOL/USDT,10,2026-03-10 07:00:00,short,0.61342,88.05,60.0,86.7,0.958182,med_med_flat,False,True,False,True,False,0.0,0.6694726876506251,67.1737535268701,0.0,0.017823,0.006,0.75,1.0,62.3277180899558,-1.0841262816829955,-0.1363866453992828,-1,0.011052,TRADE,edge=88.1 meta_conf=0.6134,58,85.82,0.88,TIMEOUT
SOL/USDT,59,2026-03-12 08:00:00,short,0.61291,51.23,60.0,85.96,0.681429,med_med_flat,False,True,False,False,False,0.0,0.0,50.0,0.0,0.0,0.0,0.0,0.0,50.0,0.0,0.0,-1,0.0,G2_EDGE,edge=51.2 < thr=60.0,-1,0.0,0.0,
SOL/USDT,60,2026-03-12 09:00:00,short,0.6208,61.45,60.0,86.18,0.710714,med_med_up,False,True,False,False,False,0.0,-0.08281368135929468,53.91434003141592,0.0,0.012714,0.006,0.75,0.0,50.0,0.0,0.0,-1,0.0,G4_5_MTF,prior(bullish)=0.75<0.6 OR rev(bearish)=0.00<0.5,-1,0.0,0.0,
SOL/USDT,61,2026-03-12 10:00:00,short,0.62092,62.09,60.0,86.76,0.752143,med_med_up,False,True,False,False,False,0.0,0.21362674819658842,52.77079984874106,0.0,0.013577,0.006,1.0,0.0,50.0,0.0,0.0,-1,0.0,G4_5_MTF,prior(bullish)=1.00<0.6 OR rev(bearish)=0.00<0.5,-1,0.0,0.0,
SOL/USDT,62,2026-03-12 11:00:00,short,0.61105,68.06,60.0,86.79,0.754286,med_med_up,False,True,False,True,False,0.0,0.2790573506194675,51.714256098484405,0.0,0.013016,0.006,1.0,0.0,50.0,0.0,0.0,-1,0.0,G4_5_MTF,prior(bullish)=1.00<0.6 OR rev(bearish)=0.00<0.5,-1,0.0,0.0,
SOL/USDT,63,2026-03-12 12:00:00,short,0.6001,69.65,60.0,87.25,0.744286,med_med_up,False,True,False,True,False,0.0,0.5898037495904641,55.89945620117538,0.0,0.012043,0.006,1.0,0.0,50.0,0.0,0.0,-1,0.0,G4_5_MTF,prior(bullish)=1.00<0.6 OR rev(bearish)=0.00<0.5,-1,0.0,0.0,
SOL/USDT,64,2026-03-12 13:00:00,short,0.59074,77.43,60.0,86.74,0.786429,med_med_flat,False,True,False,False,False,0.0,0.3917538028952495,52.40439406717358,0.0,0.012453,0.006,1.0,0.0,50.0,0.0,0.0,-1,0.0,G4_5_MTF,prior(bullish)=1.00<0.6 OR rev(bearish)=0.00<0.5,-1,0.0,0.0,
SOL/USDT,65,2026-03-12 14:00:00,short,0.65986,76.92,60.0,85.54,0.932857,med_med_flat,False,True,False,False,True,0.0,-0.2765470929151983,51.78910709983157,0.0,0.021105,0.006,1.0,0.5,39.85765114626205,-0.3912529543660584,0.3106457048169296,-1,0.0,G5_RSI_ACCEL,rsi_accel=0.3106>0.08 (RSI recovering),-1,0.0,0.0,
SOL/USDT,66,2026-03-12 15:00:00,short,0.61016,78.9,60.0,86.58,1.015,med_high_up,False,False,False,False,False,0.0,0.0,50.0,0.0,0.0,0.0,0.0,0.0,50.0,0.0,0.0,-1,0.0,G2_EDGE,reg.sell_ok=False  regime='med_high_up',-1,0.0,0.0,
SOL/USDT,67,2026-03-12 16:00:00,short,0.60353,72.21,60.0,86.79,1.036429,med_high_flat,,,True,False,False,0.0,0.0,50.0,0.0,0.0,0.0,0.0,0.0,50.0,0.0,0.0,-1,0.0,G1_REGIME,regime='med_high_flat' skipped=True reg_empty=False,-1,0.0,0.0,
SOL/USDT,68,2026-03-12 17:00:00,short,0.62642,61.1,60.0,86.59,1.032857,med_high_flat,,,True,False,False,0.0,0.0,50.0,0.0,0.0,0.0,0.0,0.0,50.0,0.0,0.0,-1,0.0,G1_REGIME,regime='med_high_flat' skipped=True reg_empty=False,-1,0.0,0.0,
SOL/USDT,69,2026-03-12 18:00:00,short,0.65704,52.92,60.0,85.86,1.067857,med_high_down,,,True,False,False,0.0,0.0,50.0,0.0,0.0,0.0,0.0,0.0,50.0,0.0,0.0,-1,0.0,G1_REGIME,regime='med_high_down' skipped=True reg_empty=False,-1,0.0,0.0,
SOL/USDT,70,2026-03-12 19:00:00,short,0.63646,68.31,60.0,86.8,1.126429,med_high_flat,,,True,False,False,0.0,0.0,50.0,0.0,0.0,0.0,0.0,0.0,50.0,0.0,0.0,-1,0.0,G1_REGIME,regime='med_high_flat' skipped=True reg_empty=False,-1,0.0,0.0,
SOL/USDT,71,2026-03-12 20:00:00,short,0.63354,57.27,60.0,86.45,1.132857,med_high_flat,,,True,False,False,0.0,0.0,50.0,0.0,0.0,0.0,0.0,0.0,50.0,0.0,0.0,-1,0.0,G1_REGIME,regime='med_high_flat' skipped=True reg_empty=False,-1,0.0,0.0,
SOL/USDT,72,2026-03-12 21:00:00,short,0.63778,54.0,60.0,86.54,1.104286,med_high_flat,,,True,False,False,0.0,0.0,50.0,0.0,0.0,0.0,0.0,0.0,50.0,0.0,0.0,-1,0.0,G1_REGIME,regime='med_high_flat' skipped=True reg_empty=False,-1,0.0,0.0,
SOL/USDT,73,2026-03-12 22:00:00,short,0.63452,58.45,60.0,86.3,1.095,med_high_flat,,,True,False,False,0.0,0.0,50.0,0.0,0.0,0.0,0.0,0.0,50.0,0.0,0.0,-1,0.0,G1_REGIME,regime='med_high_flat' skipped=True reg_empty=False,-1,0.0,0.0,
SOL/USDT,74,2026-03-12 23:00:00,short,0.63089,69.08,60.0,86.84,1.073571,med_high_flat,,,True,False,False,0.0,0.0,50.0,0.0,0.0,0.0,0.0,0.0,50.0,0.0,0.0,-1,0.0,G1_REGIME,regime='med_high_flat' skipped=True reg_empty=False,-1,0.0,0.0,
SOL/USDT,75,2026-03-13 00:00:00,short,0.59954,86.38,60.0,89.78,1.318571,high_high_up,,,True,False,False,0.0,0.0,50.0,0.0,0.0,0.0,0.0,0.0,50.0,0.0,0.0,-1,0.0,G1_REGIME,regime='high_high_up' skipped=True reg_empty=False,-1,0.0,0.0,
SOL/USDT,76,2026-03-13 01:00:00,short,0.5827,69.93,60.0,90.45,1.352143,high_high_up,,,True,False,False,0.0,0.0,50.0,0.0,0.0,0.0,0.0,0.0,50.0,0.0,0.0,-1,0.0,G1_REGIME,regime='high_high_up' skipped=True reg_empty=False,-1,0.0,0.0,
SOL/USDT,77,2026-03-13 02:00:00,short,0.6104,59.42,60.0,89.09,1.402143,high_high_up,,,True,False,False,0.0,0.0,50.0,0.0,0.0,0.0,0.0,0.0,50.0,0.0,0.0,-1,0.0,G1_REGIME,regime='high_high_up' skipped=True reg_empty=False,-1,0.0,0.0,
SOL/USDT,78,2026-03-13 03:00:00,short,0.61489,56.23,60.0,89.69,1.383571,high_high_up,,,True,False,False,0.0,0.0,50.0,0.0,0.0,0.0,0.0,0.0,50.0,0.0,0.0,-1,0.0,G1_REGIME,regime='high_high_up' skipped=True reg_empty=False,-1,0.0,0.0,
SOL/USDT,79,2026-03-13 04:00:00,short,0.61491,54.7,60.0,89.35,1.247143,high_high_up,,,True,False,False,0.0,0.0,50.0,0.0,0.0,0.0,0.0,0.0,50.0,0.0,0.0,-1,0.0,G1_REGIME,regime='high_high_up' skipped=True reg_empty=False,-1,0.0,0.0,
SOL/USDT,80,2026-03-13 05:00:00,short,0.61342,56.4,60.0,89.09,1.153571,high_high_up,,,True,False,False,0.0,0.0,50.0,0.0,0.0,0.0,0.0,0.0,50.0,0.0,0.0,-1,0.0,G1_REGIME,regime='high_high_up' skipped=True reg_empty=False,-1,0.0,0.0,
SOL/USDT,81,2026-03-13 06:00:00,short,0.61369,56.79,60.0,88.4,1.129286,high_high_up,,,True,False,False,0.0,0.0,50.0,0.0,0.0,0.0,0.0,0.0,50.0,0.0,0.0,-1,0.0,G1_REGIME,regime='high_high_up' skipped=True reg_empty=False,-1,0.0,0.0,
SOL/USDT,82,2026-03-13 07:00:00,short,0.61002,56.87,60.0,88.68,1.140714,high_high_up,,,True,False,False,0.0,0.0,50.0,0.0,0.0,0.0,0.0,0.0,50.0,0.0,0.0,-1,0.0,G1_REGIME,regime='high_high_up' skipped=True reg_empty=False,-1,0.0,0.0,
SOL/USDT,83,2026-03-13 08:00:00,short,0.61369,56.97,60.0,89.16,1.165,high_high_up,,,True,False,False,0.0,0.0,50.0,0.0,0.0,0.0,0.0,0.0,50.0,0.0,0.0,-1,0.0,G1_REGIME,regime='high_high_up' skipped=True reg_empty=False,-1,0.0,0.0,
SOL/USDT,84,2026-03-13 09:00:00,short,0.61006,74.66,60.0,89.5,1.136429,high_high_up,,,True,False,False,0.0,0.0,50.0,0.0,0.0,0.0,0.0,0.0,50.0,0.0,0.0,-1,0.0,G1_REGIME,regime='high_high_up' skipped=True reg_empty=False,-1,0.0,0.0,
SOL/USDT,85,2026-03-13 10:00:00,short,0.59712,87.74,60.0,90.19,1.158571,high_high_up,,,True,False,False,0.0,0.0,50.0,0.0,0.0,0.0,0.0,0.0,50.0,0.0,0.0,-1,0.0,G1_REGIME,regime='high_high_up' skipped=True reg_empty=False,-1,0.0,0.0,
SOL/USDT,86,2026-03-13 11:00:00,short,0.59452,84.66,60.0,90.33,1.157143,high_high_up,,,True,False,False,0.0,0.0,50.0,0.0,0.0,0.0,0.0,0.0,50.0,0.0,0.0,-1,0.0,G1_REGIME,regime='high_high_up' skipped=True reg_empty=False,-1,0.0,0.0,
SOL/USDT,87,2026-03-13 12:00:00,short,0.59457,87.96,60.0,91.0,1.2,high_high_up,,,True,False,False,0.0,0.0,50.0,0.0,0.0,0.0,0.0,0.0,50.0,0.0,0.0,-1,0.0,G1_REGIME,regime='high_high_up' skipped=True reg_empty=False,-1,0.0,0.0,
SOL/USDT,88,2026-03-13 13:00:00,short,0.59819,92.25,60.0,91.87,1.231429,high_high_up,,,True,False,False,0.0,0.0,50.0,0.0,0.0,0.0,0.0,0.0,50.0,0.0,0.0,-1,0.0,G1_REGIME,regime='high_high_up' skipped=True reg_empty=False,-1,0.0,0.0,
SOL/USDT,89,2026-03-13 14:00:00,short,0.59538,97.85,60.0,90.69,1.095,high_high_up,,,True,False,False,0.0,0.0,50.0,0.0,0.0,0.0,0.0,0.0,50.0,0.0,0.0,-1,0.0,G1_REGIME,regime='high_high_up' skipped=True reg_empty=False,-1,0.0,0.0,
SOL/USDT,90,2026-03-13 15:00:00,short,0.61757,83.43,60.0,89.49,1.164286,high_high_up,,,True,False,False,0.0,0.0,50.0,0.0,0.0,0.0,0.0,0.0,50.0,0.0,0.0,-1,0.0,G1_REGIME,regime='high_high_up' skipped=True reg_empty=False,-1,0.0,0.0,
SOL/USDT,91,2026-03-13 16:00:00,short,0.61751,79.21,60.0,89.61,1.125714,high_high_up,,,True,False,False,0.0,0.0,50.0,0.0,0.0,0.0,0.0,0.0,50.0,0.0,0.0,-1,0.0,G1_REGIME,regime='high_high_up' skipped=True reg_empty=False,-1,0.0,0.0,
SOL/USDT,92,2026-03-13 17:00:00,short,0.62871,83.64,60.0,88.87,1.16,high_high_up,,,True,False,False,0.0,0.0,50.0,0.0,0.0,0.0,0.0,0.0,50.0,0.0,0.0,-1,0.0,G1_REGIME,regime='high_high_up' skipped=True reg_empty=False,-1,0.0,0.0,
SOL/USDT,93,2026-03-13 18:00:00,short,0.63612,82.46,60.0,88.82,1.175714,high_high_up,,,True,False,False,0.0,0.0,50.0,0.0,0.0,0.0,0.0,0.0,50.0,0.0,0.0,-1,0.0,G1_REGIME,regime='high_high_up' skipped=True reg_empty=False,-1,0.0,0.0,
SOL/USDT,94,2026-03-13 19:00:00,short,0.63323,81.33,60.0,88.92,1.18,high_high_up,,,True,False,False,0.0,0.0,50.0,0.0,0.0,0.0,0.0,0.0,50.0,0.0,0.0,-1,0.0,G1_REGIME,regime='high_high_up' skipped=True reg_empty=False,-1,0.0,0.0,
SOL/USDT,95,2026-03-13 20:00:00,short,0.62498,82.54,60.0,88.91,1.152857,high_high_up,,,True,False,False,0.0,0.0,50.0,0.0,0.0,0.0,0.0,0.0,50.0,0.0,0.0,-1,0.0,G1_REGIME,regime='high_high_up' skipped=True reg_empty=False,-1,0.0,0.0,
SOL/USDT,96,2026-03-13 21:00:00,short,0.62395,82.94,60.0,88.56,1.152857,high_high_up,,,True,False,False,0.0,0.0,50.0,0.0,0.0,0.0,0.0,0.0,50.0,0.0,0.0,-1,0.0,G1_REGIME,regime='high_high_up' skipped=True reg_empty=False,-1,0.0,0.0,
SOL/USDT,97,2026-03-13 22:00:00,short,0.60699,87.46,60.0,88.01,1.122857,high_high_up,,,True,False,False,0.0,0.0,50.0,0.0,0.0,0.0,0.0,0.0,50.0,0.0,0.0,-1,0.0,G1_REGIME,regime='high_high_up' skipped=True reg_empty=False,-1,0.0,0.0,
SOL/USDT,98,2026-03-13 23:00:00,short,0.61067,82.71,60.0,88.18,1.094286,high_high_up,,,True,False,False,0.0,0.0,50.0,0.0,0.0,0.0,0.0,0.0,50.0,0.0,0.0,-1,0.0,G1_REGIME,regime='high_high_up' skipped=True reg_empty=False,-1,0.0,0.0,
SOL/USDT,99,2026-03-14 00:00:00,short,0.57159,73.19,60.0,87.94,1.072857,high_high_down,False,True,False,False,True,0.0,-0.5495529339530616,42.42647824783001,0.0,0.016492,0.006,0.25,0.5,50.0,0.0,0.0,-1,0.0,G4_5_MTF,prior(bullish)=0.25<0.6 OR rev(bearish)=0.50<0.5,-1,0.0,0.0,
SOL/USDT,100,2026-03-14 01:00:00,short,0.57921,53.35,60.0,88.23,1.080714,high_high_down,False,True,False,False,False,0.0,0.0,50.0,0.0,0.0,0.0,0.0,0.0,50.0,0.0,0.0,-1,0.0,G2_EDGE,edge=53.3 < thr=60.0,-1,0.0,0.0,
SOL/USDT,101,2026-03-14 02:00:00,short,0.5941,41.84,60.0,88.23,1.015,high_high_flat,,,True,False,False,0.0,0.0,50.0,0.0,0.0,0.0,0.0,0.0,50.0,0.0,0.0,-1,0.0,G1_REGIME,regime='high_high_flat' skipped=True reg_empty=False,-1,0.0,0.0,
SOL/USDT,102,2026-03-14 03:00:00,short,0.58747,40.92,60.0,88.4,0.943571,high_med_flat,False,False,False,False,False,0.0,0.0,50.0,0.0,0.0,0.0,0.0,0.0,50.0,0.0,0.0,-1,0.0,G2_EDGE,reg.sell_ok=False  regime='high_med_flat',-1,0.0,0.0,
SOL/USDT,103,2026-03-14 04:00:00,short,0.58335,42.26,60.0,88.25,0.799286,high_med_flat,False,False,False,False,False,0.0,0.0,50.0,0.0,0.0,0.0,0.0,0.0,50.0,0.0,0.0,-1,0.0,G2_EDGE,reg.sell_ok=False  regime='high_med_flat',-1,0.0,0.0,
SOL/USDT,104,2026-03-14 05:00:00,short,0.57211,41.73,60.0,88.08,0.697857,high_med_flat,False,False,False,False,False,0.0,0.0,50.0,0.0,0.0,0.0,0.0,0.0,50.0,0.0,0.0,-1,0.0,G2_EDGE,reg.sell_ok=False  regime='high_med_flat',-1,0.0,0.0,
SOL/USDT,105,2026-03-14 06:00:00,short,0.60581,66.97,60.0,87.25,0.702143,high_med_flat,False,False,False,False,False,0.0,0.0,50.0,0.0,0.0,0.0,0.0,0.0,50.0,0.0,0.0,-1,0.0,G2_EDGE,reg.sell_ok=False  regime='high_med_flat',-1,0.0,0.0,
SOL/USDT,106,2026-03-14 07:00:00,short,0.59871,62.56,60.0,87.33,0.609286,high_low_flat,,,True,False,False,0.0,0.0,50.0,0.0,0.0,0.0,0.0,0.0,50.0,0.0,0.0,-1,0.0,G1_REGIME,regime='high_low_flat' skipped=True reg_empty=False,-1,0.0,0.0,
SOL/USDT,107,2026-03-14 08:00:00,short,0.61253,64.64,60.0,87.15,0.587857,high_low_down,,,True,False,False,0.0,0.0,50.0,0.0,0.0,0.0,0.0,0.0,50.0,0.0,0.0,-1,0.0,G1_REGIME,regime='high_low_down' skipped=True reg_empty=False,-1,0.0,0.0,
SOL/USDT,108,2026-03-14 09:00:00,short,0.6097,65.49,60.0,86.85,0.587857,high_low_down,,,True,False,False,0.0,0.0,50.0,0.0,0.0,0.0,0.0,0.0,50.0,0.0,0.0,-1,0.0,G1_REGIME,regime='high_low_down' skipped=True reg_empty=False,-1,0.0,0.0,
SOL/USDT,109,2026-03-14 10:00:00,short,0.61821,64.52,60.0,86.65,0.577143,high_low_down,,,True,False,False,0.0,0.0,50.0,0.0,0.0,0.0,0.0,0.0,50.0,0.0,0.0,-1,0.0,G1_REGIME,regime='high_low_down' skipped=True reg_empty=False,-1,0.0,0.0,
SOL/USDT,110,2026-03-14 11:00:00,short,0.62105,63.32,60.0,86.96,0.545,med_low_down,False,False,False,False,False,0.0,0.0,50.0,0.0,0.0,0.0,0.0,0.0,50.0,0.0,0.0,-1,0.0,G2_EDGE,reg.sell_ok=False  regime='med_low_down',-1,0.0,0.0,
SOL/USDT,111,2026-03-14 12:00:00,short,0.62568,72.91,60.0,87.11,0.501429,med_low_down,False,False,False,False,False,0.0,0.0,50.0,0.0,0.0,0.0,0.0,0.0,50.0,0.0,0.0,-1,0.0,G2_EDGE,reg.sell_ok=False  regime='med_low_down',-1,0.0,0.0,
SOL/USDT,112,2026-03-14 13:00:00,short,0.61776,69.37,60.0,87.11,0.492143,med_low_down,False,False,False,False,False,0.0,0.0,50.0,0.0,0.0,0.0,0.0,0.0,50.0,0.0,0.0,-1,0.0,G2_EDGE,reg.sell_ok=False  regime='med_low_down',-1,0.0,0.0,
SOL/USDT,113,2026-03-14 14:00:00,short,0.62276,77.4,60.0,86.72,0.496429,low_low_down,False,True,False,False,True,0.0,-0.5893902992847008,55.96767664744015,0.0,0.007681,0.006,0.25,0.0,50.0,0.0,0.0,-1,0.0,G4_5_MTF,prior(bullish)=0.25<0.6 OR rev(bearish)=0.00<0.5,-1,0.0,0.0,
SOL/USDT,114,2026-03-14 15:00:00,short,0.63222,61.46,60.0,86.72,0.475,low_low_down,False,True,False,False,True,0.0,-0.5295711907511378,53.50755327531837,0.0,0.007542,0.006,0.5,0.5,50.0,0.0,0.0,-1,0.0,G4_5_MTF,prior(bullish)=0.50<0.6 OR rev(bearish)=0.50<0.5,-1,0.0,0.0,
SOL/USDT,115,2026-03-14 16:00:00,short,0.64313,69.35,60.0,87.07,0.488571,low_low_down,False,True,False,False,True,0.0,-0.3989422713544889,51.23150858931537,0.0,0.008255,0.006,0.75,0.5,32.317073032792734,0.9591396628479455,0.2479042390473144,-1,0.0,G5_RSI_ACCEL,rsi_accel=0.2479>0.08 (RSI recovering),-1,0.0,0.0,
SOL/USDT,116,2026-03-14 17:00:00,short,0.64447,58.84,60.0,86.9,0.478571,low_low_down,False,True,False,False,False,0.0,0.0,50.0,0.0,0.0,0.0,0.0,0.0,50.0,0.0,0.0,-1,0.0,G2_EDGE,edge=58.8 < thr=60.0,-1,0.0,0.0,
SOL/USDT,117,2026-03-14 18:00:00,short,0.64537,67.97,60.0,87.04,0.465714,low_low_down,False,True,False,False,True,0.0,-0.40304226077861055,53.049835877474955,0.0,0.007771,0.006,0.5,0.5,50.0,0.0,0.0,-1,0.0,G4_5_MTF,prior(bullish)=0.50<0.6 OR rev(bearish)=0.50<0.5,-1,0.0,0.0,
SOL/USDT,118,2026-03-14 19:00:00,short,0.65492,71.12,60.0,87.0,0.442857,low_low_down,False,True,False,False,True,0.0,-0.47195141575716376,58.52392815413239,0.0,0.007541,0.006,0.5,0.5,50.0,0.0,0.0,-1,0.0,G4_5_MTF,prior(bullish)=0.50<0.6 OR rev(bearish)=0.50<0.5,-1,0.0,0.0,
SOL/USDT,119,2026-03-14 20:00:00,short,0.63689,68.2,60.0,87.08,0.380714,low_low_down,False,True,False,False,True,0.0,-0.2823270264007456,72.93854960960499,0.0,0.005356,0.006,0.0,0.0,50.0,0.0,0.0,-1,0.0,G4_EV,ev=0.00536 <= floor=0.00600  meta_conf=0.6369,-1,0.0,0.0,
SOL/USDT,120,2026-03-14 21:00:00,short,0.64172,66.96,60.0,87.28,0.395714,low_low_flat,False,True,False,False,True,0.0,-0.044387569705567405,71.78594529729654,0.0,0.005857,0.006,0.0,0.0,50.0,0.0,0.0,-1,0.0,G4_EV,ev=0.00586 <= floor=0.00600  meta_conf=0.6417,-1,0.0,0.0,
SOL/USDT,121,2026-03-14 22:00:00,short,0.64644,68.94,60.0,87.31,0.379286,low_low_flat,False,True,False,False,True,0.0,0.14310563105130691,74.05522517675068,0.0,0.005589,0.006,0.0,0.0,50.0,0.0,0.0,-1,0.0,G4_EV,ev=0.00559 <= floor=0.00600  meta_conf=0.6464,-1,0.0,0.0,
SOL/USDT,122,2026-03-14 23:00:00,short,0.61136,100.0,60.0,88.03,0.392857,low_low_flat,False,True,False,True,False,0.0,0.33291396162088455,52.017952427119475,0.0,0.004747,0.006,0.0,0.0,50.0,0.0,0.0,-1,0.0,G4_EV,ev=0.00475 <= floor=0.00600  meta_conf=0.6114,-1,0.0,0.0,
SOL/USDT,123,2026-03-15 00:00:00,short,0.62489,77.65,60.0,87.76,0.401429,low_low_flat,False,True,False,True,True,0.0,0.20314573204159433,52.384937883890224,0.0,0.005402,0.006,0.0,0.0,50.0,0.0,0.0,-1,0.0,G4_EV,ev=0.00540 <= floor=0.00600  meta_conf=0.6249,-1,0.0,0.0,
SOL/USDT,124,2026-03-15 01:00:00,short,0.62514,74.3,60.0,87.69,0.399286,low_low_flat,False,True,False,True,True,0.0,0.19839608488359634,51.50327939384284,0.0,0.005367,0.006,0.0,0.0,50.0,0.0,0.0,-1,0.0,G4_EV,ev=0.00537 <= floor=0.00600  meta_conf=0.6251,-1,0.0,0.0,
SOL/USDT,125,2026-03-15 02:00:00,short,0.6169,100.0,60.0,88.3,0.445714,low_low_flat,False,True,False,True,False,0.0,0.6361833612108121,41.90351749615945,1.0,0.006091,0.006,1.0,1.0,69.38110717546076,3.7750991571374932,0.5299657172882091,-1,0.0,G5_RSI_ACCEL,rsi_accel=0.5300>0.08 (RSI recovering),-1,0.0,0.0,
SOL/USDT,126,2026-03-15 03:00:00,short,0.63213,89.12,60.0,87.86,0.474286,low_low_flat,False,True,False,True,False,0.0,0.3162054008805629,41.79305062832128,0.0,0.007371,0.006,0.75,0.5,60.683760441717226,3.7936960436575538,0.01859688652006053,68,0.005398,TRADE,edge=89.1 meta_conf=0.6321,143,88.974571,-1.1146,LOSS
SOL/USDT,144,2026-03-15 21:00:00,short,0.61838,100.0,60.0,90.0,0.697857,low_low_up,False,True,False,True,False,0.0,0.6756360397767822,36.35285033812935,1.0,0.011582,0.006,0.25,0.0,50.0,0.0,0.0,-1,0.0,G4_5_MTF,prior(bullish)=0.25<0.6 OR rev(bearish)=0.00<0.5,-1,0.0,0.0,
SOL/USDT,145,2026-03-15 22:00:00,short,0.56024,100.0,60.0,92.64,0.891429,low_med_up,False,False,False,False,False,0.0,0.0,50.0,0.0,0.0,0.0,0.0,0.0,50.0,0.0,0.0,-1,0.0,G2_EDGE,reg.sell_ok=False  regime='low_med_up',-1,0.0,0.0,
SOL/USDT,146,2026-03-15 23:00:00,short,0.5556,100.0,60.0,92.3,0.974286,med_med_up,False,True,False,True,False,0.0,0.6290455788158642,14.12675579565528,0.0,0.012541,0.006,0.75,0.0,50.0,0.0,0.0,-1,0.0,G4_5_MTF,prior(bullish)=0.75<0.6 OR rev(bearish)=0.00<0.5,-1,0.0,0.0,
SOL/USDT,147,2026-03-16 00:00:00,short,0.5502,89.14,60.0,92.01,1.035,med_high_up,False,False,False,False,False,0.0,0.0,50.0,0.0,0.0,0.0,0.0,0.0,50.0,0.0,0.0,-1,0.0,G2_EDGE,reg.sell_ok=False  regime='med_high_up',-1,0.0,0.0,
SOL/USDT,148,2026-03-16 01:00:00,short,0.54956,85.64,60.0,92.11,1.057857,med_high_up,False,False,False,False,False,0.0,0.0,50.0,0.0,0.0,0.0,0.0,0.0,50.0,0.0,0.0,-1,0.0,G2_EDGE,reg.sell_ok=False  regime='med_high_up',-1,0.0,0.0,
SOL/USDT,149,2026-03-16 02:00:00,short,0.54942,75.25,60.0,91.48,1.11,med_high_up,False,False,False,False,False,0.0,0.0,50.0,0.0,0.0,0.0,0.0,0.0,50.0,0.0,0.0,-1,0.0,G2_EDGE,reg.sell_ok=False  regime='med_high_up',-1,0.0,0.0,
SOL/USDT,150,2026-03-16 03:00:00,short,0.55827,100.0,60.0,93.16,1.230714,high_high_up,,,True,False,False,0.0,0.0,50.0,0.0,0.0,0.0,0.0,0.0,50.0,0.0,0.0,-1,0.0,G1_REGIME,regime='high_high_up' skipped=True reg_empty=False,-1,0.0,0.0,
SOL/USDT,151,2026-03-16 04:00:00,short,0.55127,89.25,60.0,93.62,1.292857,high_high_up,,,True,False,False,0.0,0.0,50.0,0.0,0.0,0.0,0.0,0.0,50.0,0.0,0.0,-1,0.0,G1_REGIME,regime='high_high_up' skipped=True reg_empty=False,-1,0.0,0.0,
SOL/USDT,152,2026-03-16 05:00:00,short,0.55319,88.51,60.0,94.04,1.347143,high_high_up,,,True,False,False,0.0,0.0,50.0,0.0,0.0,0.0,0.0,0.0,50.0,0.0,0.0,-1,0.0,G1_REGIME,regime='high_high_up' skipped=True reg_empty=False,-1,0.0,0.0,
SOL/USDT,153,2026-03-16 06:00:00,short,0.55587,88.27,60.0,93.4,1.368571,high_high_up,,,True,False,False,0.0,0.0,50.0,0.0,0.0,0.0,0.0,0.0,50.0,0.0,0.0,-1,0.0,G1_REGIME,regime='high_high_up' skipped=True reg_empty=False,-1,0.0,0.0,
SOL/USDT,154,2026-03-16 07:00:00,short,0.55332,84.55,60.0,93.56,1.314286,high_high_up,,,True,False,False,0.0,0.0,50.0,0.0,0.0,0.0,0.0,0.0,50.0,0.0,0.0,-1,0.0,G1_REGIME,regime='high_high_up' skipped=True reg_empty=False,-1,0.0,0.0,
SOL/USDT,155,2026-03-16 08:00:00,short,0.5588,76.33,60.0,92.86,1.357857,high_high_up,,,True,False,False,0.0,0.0,50.0,0.0,0.0,0.0,0.0,0.0,50.0,0.0,0.0,-1,0.0,G1_REGIME,regime='high_high_up' skipped=True reg_empty=False,-1,0.0,0.0,
SOL/USDT,156,2026-03-16 09:00:00,short,0.54994,83.27,60.0,93.29,1.377143,high_high_up,,,True,False,False,0.0,0.0,50.0,0.0,0.0,0.0,0.0,0.0,50.0,0.0,0.0,-1,0.0,G1_REGIME,regime='high_high_up' skipped=True reg_empty=False,-1,0.0,0.0,
SOL/USDT,157,2026-03-16 10:00:00,short,0.55225,83.21,60.0,93.9,1.354286,high_high_up,,,True,False,False,0.0,0.0,50.0,0.0,0.0,0.0,0.0,0.0,50.0,0.0,0.0,-1,0.0,G1_REGIME,regime='high_high_up' skipped=True reg_empty=False,-1,0.0,0.0,
SOL/USDT,158,2026-03-16 11:00:00,short,0.55685,82.93,60.0,93.75,1.262857,high_high_up,,,True,False,False,0.0,0.0,50.0,0.0,0.0,0.0,0.0,0.0,50.0,0.0,0.0,-1,0.0,G1_REGIME,regime='high_high_up' skipped=True reg_empty=False,-1,0.0,0.0,
SOL/USDT,159,2026-03-16 12:00:00,short,0.55037,86.0,60.0,93.77,1.099286,high_high_up,,,True,False,False,0.0,0.0,50.0,0.0,0.0,0.0,0.0,0.0,50.0,0.0,0.0,-1,0.0,G1_REGIME,regime='high_high_up' skipped=True reg_empty=False,-1,0.0,0.0,
SOL/USDT,160,2026-03-16 13:00:00,short,0.55948,92.03,60.0,93.68,1.105,high_high_up,,,True,False,False,0.0,0.0,50.0,0.0,0.0,0.0,0.0,0.0,50.0,0.0,0.0,-1,0.0,G1_REGIME,regime='high_high_up' skipped=True reg_empty=False,-1,0.0,0.0,
SOL/USDT,161,2026-03-16 14:00:00,short,0.57718,96.23,60.0,93.6,1.175714,high_high_up,,,True,False,False,0.0,0.0,50.0,0.0,0.0,0.0,0.0,0.0,50.0,0.0,0.0,-1,0.0,G1_REGIME,regime='high_high_up' skipped=True reg_empty=False,-1,0.0,0.0,
SOL/USDT,162,2026-03-16 15:00:00,short,0.60547,82.96,60.0,93.2,1.211429,high_high_up,,,True,False,False,0.0,0.0,50.0,0.0,0.0,0.0,0.0,0.0,50.0,0.0,0.0,-1,0.0,G1_REGIME,regime='high_high_up' skipped=True reg_empty=False,-1,0.0,0.0,
SOL/USDT,163,2026-03-16 16:00:00,short,0.59676,88.08,60.0,93.81,1.199286,high_high_up,,,True,False,False,0.0,0.0,50.0,0.0,0.0,0.0,0.0,0.0,50.0,0.0,0.0,-1,0.0,G1_REGIME,regime='high_high_up' skipped=True reg_empty=False,-1,0.0,0.0,
SOL/USDT,164,2026-03-16 17:00:00,short,0.57268,82.96,60.0,94.08,1.054286,high_high_up,,,True,False,False,0.0,0.0,50.0,0.0,0.0,0.0,0.0,0.0,50.0,0.0,0.0,-1,0.0,G1_REGIME,regime='high_high_up' skipped=True reg_empty=False,-1,0.0,0.0,
SOL/USDT,165,2026-03-16 18:00:00,short,0.56022,84.62,60.0,94.38,1.035714,high_med_up,False,False,False,False,False,0.0,0.0,50.0,0.0,0.0,0.0,0.0,0.0,50.0,0.0,0.0,-1,0.0,G2_EDGE,reg.sell_ok=False  regime='high_med_up',-1,0.0,0.0,
SOL/USDT,166,2026-03-16 19:00:00,short,0.55489,83.31,60.0,95.21,1.050714,high_med_up,False,False,False,False,False,0.0,0.0,50.0,0.0,0.0,0.0,0.0,0.0,50.0,0.0,0.0,-1,0.0,G2_EDGE,reg.sell_ok=False  regime='high_med_up',-1,0.0,0.0,
SOL/USDT,167,2026-03-16 20:00:00,short,0.54767,80.47,60.0,95.78,1.051429,high_med_up,False,False,False,False,False,0.0,0.0,50.0,0.0,0.0,0.0,0.0,0.0,50.0,0.0,0.0,-1,0.0,G2_EDGE,reg.sell_ok=False  regime='high_med_up',-1,0.0,0.0,
SOL/USDT,168,2026-03-16 21:00:00,short,0.54501,83.95,60.0,96.17,1.111429,high_high_up,,,True,False,False,0.0,0.0,50.0,0.0,0.0,0.0,0.0,0.0,50.0,0.0,0.0,-1,0.0,G1_REGIME,regime='high_high_up' skipped=True reg_empty=False,-1,0.0,0.0,
SOL/USDT,169,2026-03-16 22:00:00,short,0.53896,84.54,60.0,96.37,1.115714,high_high_up,,,True,False,False,0.0,0.0,50.0,0.0,0.0,0.0,0.0,0.0,50.0,0.0,0.0,-1,0.0,G1_REGIME,regime='high_high_up' skipped=True reg_empty=False,-1,0.0,0.0,
SOL/USDT,170,2026-03-16 23:00:00,short,0.53819,73.04,60.0,96.2,1.138571,high_high_up,,,True,False,False,0.0,0.0,50.0,0.0,0.0,0.0,0.0,0.0,50.0,0.0,0.0,-1,0.0,G1_REGIME,regime='high_high_up' skipped=True reg_empty=False,-1,0.0,0.0,
SOL/USDT,171,2026-03-17 00:00:00,short,0.56664,79.95,60.0,95.49,1.218571,high_high_up,,,True,False,False,0.0,0.0,50.0,0.0,0.0,0.0,0.0,0.0,50.0,0.0,0.0,-1,0.0,G1_REGIME,regime='high_high_up' skipped=True reg_empty=False,-1,0.0,0.0,
SOL/USDT,172,2026-03-17 01:00:00,short,0.56819,77.18,60.0,95.72,1.267143,high_high_up,,,True,False,False,0.0,0.0,50.0,0.0,0.0,0.0,0.0,0.0,50.0,0.0,0.0,-1,0.0,G1_REGIME,regime='high_high_up' skipped=True reg_empty=False,-1,0.0,0.0,
SOL/USDT,173,2026-03-17 02:00:00,short,0.57065,74.66,60.0,95.15,1.273571,high_high_up,,,True,False,False,0.0,0.0,50.0,0.0,0.0,0.0,0.0,0.0,50.0,0.0,0.0,-1,0.0,G1_REGIME,regime='high_high_up' skipped=True reg_empty=False,-1,0.0,0.0,
SOL/USDT,174,2026-03-17 03:00:00,short,0.58229,82.03,60.0,94.07,1.265,high_high_up,,,True,False,False,0.0,0.0,50.0,0.0,0.0,0.0,0.0,0.0,50.0,0.0,0.0,-1,0.0,G1_REGIME,regime='high_high_up' skipped=True reg_empty=False,-1,0.0,0.0,
SOL/USDT,175,2026-03-17 04:00:00,short,0.57345,78.67,60.0,93.8,1.187143,high_high_flat,,,True,False,False,0.0,0.0,50.0,0.0,0.0,0.0,0.0,0.0,50.0,0.0,0.0,-1,0.0,G1_REGIME,regime='high_high_flat' skipped=True reg_empty=False,-1,0.0,0.0,
SOL/USDT,176,2026-03-17 05:00:00,short,0.57078,76.73,60.0,93.8,1.15,high_high_flat,,,True,False,False,0.0,0.0,50.0,0.0,0.0,0.0,0.0,0.0,50.0,0.0,0.0,-1,0.0,G1_REGIME,regime='high_high_flat' skipped=True reg_empty=False,-1,0.0,0.0,
SOL/USDT,177,2026-03-17 06:00:00,short,0.57479,77.74,60.0,93.89,1.142857,high_high_flat,,,True,False,False,0.0,0.0,50.0,0.0,0.0,0.0,0.0,0.0,50.0,0.0,0.0,-1,0.0,G1_REGIME,regime='high_high_flat' skipped=True reg_empty=False,-1,0.0,0.0,
SOL/USDT,178,2026-03-17 07:00:00,short,0.57575,75.42,60.0,94.44,1.149286,high_high_up,,,True,False,False,0.0,0.0,50.0,0.0,0.0,0.0,0.0,0.0,50.0,0.0,0.0,-1,0.0,G1_REGIME,regime='high_high_up' skipped=True reg_empty=False,-1,0.0,0.0,
SOL/USDT,179,2026-03-17 08:00:00,short,0.57139,77.25,60.0,94.41,1.122143,high_high_up,,,True,False,False,0.0,0.0,50.0,0.0,0.0,0.0,0.0,0.0,50.0,0.0,0.0,-1,0.0,G1_REGIME,regime='high_high_up' skipped=True reg_empty=False,-1,0.0,0.0,
SOL/USDT,180,2026-03-17 09:00:00,short,0.59274,83.63,60.0,93.9,1.127857,high_high_flat,,,True,False,False,0.0,0.0,50.0,0.0,0.0,0.0,0.0,0.0,50.0,0.0,0.0,-1,0.0,G1_REGIME,regime='high_high_flat' skipped=True reg_empty=False,-1,0.0,0.0,
SOL/USDT,181,2026-03-17 10:00:00,short,0.59763,61.76,60.0,93.57,1.120714,high_high_flat,,,True,False,False,0.0,0.0,50.0,0.0,0.0,0.0,0.0,0.0,50.0,0.0,0.0,-1,0.0,G1_REGIME,regime='high_high_flat' skipped=True reg_empty=False,-1,0.0,0.0,
SOL/USDT,182,2026-03-17 11:00:00,short,0.59607,58.34,60.0,93.66,1.058571,high_high_flat,,,True,False,False,0.0,0.0,50.0,0.0,0.0,0.0,0.0,0.0,50.0,0.0,0.0,-1,0.0,G1_REGIME,regime='high_high_flat' skipped=True reg_empty=False,-1,0.0,0.0,
SOL/USDT,183,2026-03-17 12:00:00,short,0.60264,61.26,60.0,93.42,1.017143,high_med_flat,False,False,False,False,False,0.0,0.0,50.0,0.0,0.0,0.0,0.0,0.0,50.0,0.0,0.0,-1,0.0,G2_EDGE,reg.sell_ok=False  regime='high_med_flat',-1,0.0,0.0,
SOL/USDT,184,2026-03-17 13:00:00,short,0.59781,74.88,60.0,93.8,1.027857,high_med_flat,False,False,False,False,False,0.0,0.0,50.0,0.0,0.0,0.0,0.0,0.0,50.0,0.0,0.0,-1,0.0,G2_EDGE,reg.sell_ok=False  regime='high_med_flat',-1,0.0,0.0,
SOL/USDT,185,2026-03-17 14:00:00,short,0.57449,80.14,60.0,94.5,0.982143,high_med_up,False,False,False,False,False,0.0,0.0,50.0,0.0,0.0,0.0,0.0,0.0,50.0,0.0,0.0,-1,0.0,G2_EDGE,reg.sell_ok=False  regime='high_med_up',-1,0.0,0.0,
SOL/USDT,186,2026-03-17 15:00:00,short,0.604,57.45,60.0,93.82,1.035,high_med_flat,False,False,False,False,False,0.0,0.0,50.0,0.0,0.0,0.0,0.0,0.0,50.0,0.0,0.0,-1,0.0,G2_EDGE,reg.sell_ok=False  regime='high_med_flat',-1,0.0,0.0,
SOL/USDT,187,2026-03-17 16:00:00,short,0.5764,49.24,60.0,94.39,1.047857,high_med_flat,False,False,False,False,False,0.0,0.0,50.0,0.0,0.0,0.0,0.0,0.0,50.0,0.0,0.0,-1,0.0,G2_EDGE,reg.sell_ok=False  regime='high_med_flat',-1,0.0,0.0,
SOL/USDT,188,2026-03-17 17:00:00,short,0.57765,54.26,60.0,94.57,0.975714,high_med_flat,False,False,False,False,False,0.0,0.0,50.0,0.0,0.0,0.0,0.0,0.0,50.0,0.0,0.0,-1,0.0,G2_EDGE,reg.sell_ok=False  regime='high_med_flat',-1,0.0,0.0,
SOL/USDT,189,2026-03-17 18:00:00,short,0.56783,55.3,60.0,95.32,0.98,high_med_up,False,False,False,False,False,0.0,0.0,50.0,0.0,0.0,0.0,0.0,0.0,50.0,0.0,0.0,-1,0.0,G2_EDGE,reg.sell_ok=False  regime='high_med_up',-1,0.0,0.0,
SOL/USDT,190,2026-03-17 19:00:00,short,0.58023,57.09,60.0,94.67,0.995714,high_med_flat,False,False,False,False,False,0.0,0.0,50.0,0.0,0.0,0.0,0.0,0.0,50.0,0.0,0.0,-1,0.0,G2_EDGE,reg.sell_ok=False  regime='high_med_flat',-1,0.0,0.0,
SOL/USDT,191,2026-03-17 20:00:00,short,0.57716,50.7,60.0,94.9,0.980714,med_med_flat,False,True,False,False,False,0.0,0.0,50.0,0.0,0.0,0.0,0.0,0.0,50.0,0.0,0.0,-1,0.0,G2_EDGE,edge=50.7 < thr=60.0,-1,0.0,0.0,
SOL/USDT,192,2026-03-17 21:00:00,short,0.57653,69.25,60.0,95.26,0.968571,med_med_flat,False,True,False,False,False,0.0,0.47127998191643705,67.37269682614075,0.0,0.013433,0.006,0.75,0.5,57.19298231566642,2.391144164069658,0.7787128750118597,-1,0.0,G5_RSI_ACCEL,rsi_accel=0.7787>0.08 (RSI recovering),-1,0.0,0.0,
SOL/USDT,193,2026-03-17 22:00:00,short,0.58286,57.34,60.0,95.33,0.995,med_med_flat,False,True,False,False,False,0.0,0.0,50.0,0.0,0.0,0.0,0.0,0.0,50.0,0.0,0.0,-1,0.0,G2_EDGE,edge=57.3 < thr=60.0,-1,0.0,0.0,
SOL/USDT,194,2026-03-17 23:00:00,short,0.61121,73.87,60.0,94.62,0.956429,med_med_down,False,True,False,False,False,0.0,0.33372194626239576,66.11794731590926,0.0,0.015802,0.006,0.75,0.0,50.0,0.0,0.0,-1,0.0,G4_5_MTF,prior(bullish)=0.75<0.6 OR rev(bearish)=0.00<0.5,-1,0.0,0.0,
SOL/USDT,195,2026-03-18 00:00:00,short,0.61966,67.28,60.0,94.53,0.957857,med_med_flat,False,True,False,False,True,0.0,0.3116575420147667,65.67903524834462,0.0,0.016454,0.006,0.75,0.5,58.421052488088726,3.147832316197919,-0.12853733106244247,52,0.010133,TRADE,edge=67.3 meta_conf=0.6197,208,90.028071,4.5019,WIN
SOL/USDT,209,2026-03-18 14:00:00,short,0.69884,91.74,60.0,88.96,0.953571,med_med_down,False,True,False,False,True,0.0,-0.7489503930326812,21.68203457546436,-1.0,0.023621,0.006,0.5,1.0,50.0,0.0,0.0,-1,0.0,G4_5_MTF,prior(bullish)=0.50<0.6 OR rev(bearish)=1.00<0.5,-1,0.0,0.0,
SOL/USDT,210,2026-03-18 15:00:00,short,0.70609,77.07,60.0,89.37,0.977143,med_med_down,False,True,False,False,True,0.0,-0.6060149155502904,20.084303731816494,0.0,0.024733,0.006,0.25,1.0,50.0,0.0,0.0,-1,0.0,G4_5_MTF,prior(bullish)=0.25<0.6 OR rev(bearish)=1.00<0.5,-1,0.0,0.0,
SOL/USDT,211,2026-03-18 16:00:00,short,0.70657,73.28,60.0,88.97,0.972857,med_med_down,False,True,False,False,True,0.0,-0.6967890907193374,20.13363393582003,0.0,0.024773,0.006,0.0,0.5,50.0,0.0,0.0,-1,0.0,G4_5_MTF,prior(bullish)=0.00<0.6 OR rev(bearish)=0.50<0.5,-1,0.0,0.0,
SOL/USDT,212,2026-03-18 17:00:00,short,0.72928,85.65,60.0,89.94,1.022857,med_high_down,,,True,False,False,0.0,0.0,50.0,0.0,0.0,0.0,0.0,0.0,50.0,0.0,0.0,-1,0.0,G1_REGIME,regime='med_high_down' skipped=True reg_empty=False,-1,0.0,0.0,
SOL/USDT,213,2026-03-18 18:00:00,short,0.71071,74.07,60.0,89.58,1.048571,med_high_down,,,True,False,False,0.0,0.0,50.0,0.0,0.0,0.0,0.0,0.0,50.0,0.0,0.0,-1,0.0,G1_REGIME,regime='med_high_down' skipped=True reg_empty=False,-1,0.0,0.0,
SOL/USDT,214,2026-03-18 19:00:00,short,0.71751,68.02,60.0,89.71,1.045714,med_high_down,,,True,False,False,0.0,0.0,50.0,0.0,0.0,0.0,0.0,0.0,50.0,0.0,0.0,-1,0.0,G1_REGIME,regime='med_high_down' skipped=True reg_empty=False,-1,0.0,0.0,
SOL/USDT,215,2026-03-18 20:00:00,short,0.72654,79.88,60.0,89.99,1.075714,med_high_down,,,True,False,False,0.0,0.0,50.0,0.0,0.0,0.0,0.0,0.0,50.0,0.0,0.0,-1,0.0,G1_REGIME,regime='med_high_down' skipped=True reg_empty=False,-1,0.0,0.0,
SOL/USDT,216,2026-03-18 21:00:00,short,0.73103,76.04,60.0,90.47,1.090714,med_high_down,,,True,False,False,0.0,0.0,50.0,0.0,0.0,0.0,0.0,0.0,50.0,0.0,0.0,-1,0.0,G1_REGIME,regime='med_high_down' skipped=True reg_empty=False,-1,0.0,0.0,
SOL/USDT,217,2026-03-18 22:00:00,short,0.71838,78.91,60.0,90.02,1.107857,med_high_down,,,True,False,False,0.0,0.0,50.0,0.0,0.0,0.0,0.0,0.0,50.0,0.0,0.0,-1,0.0,G1_REGIME,regime='med_high_down' skipped=True reg_empty=False,-1,0.0,0.0,
SOL/USDT,218,2026-03-18 23:00:00,short,0.72158,75.61,60.0,90.08,1.106429,med_high_down,,,True,False,False,0.0,0.0,50.0,0.0,0.0,0.0,0.0,0.0,50.0,0.0,0.0,-1,0.0,G1_REGIME,regime='med_high_down' skipped=True reg_empty=False,-1,0.0,0.0,
SOL/USDT,219,2026-03-19 00:00:00,short,0.72762,75.43,60.0,90.11,1.075,med_high_down,,,True,False,False,0.0,0.0,50.0,0.0,0.0,0.0,0.0,0.0,50.0,0.0,0.0,-1,0.0,G1_REGIME,regime='med_high_down' skipped=True reg_empty=False,-1,0.0,0.0,
SOL/USDT,220,2026-03-19 01:00:00,short,0.72867,83.95,60.0,90.19,0.946429,med_med_down,False,True,False,False,False,0.0,-0.22765090243025457,53.35880746491699,0.0,0.025248,0.006,0.75,0.0,50.0,0.0,0.0,-1,0.0,G4_5_MTF,prior(bullish)=0.75<0.6 OR rev(bearish)=0.00<0.5,-1,0.0,0.0,
SOL/USDT,221,2026-03-19 02:00:00,short,0.72161,83.58,60.0,89.99,0.866429,med_med_down,False,True,False,False,False,0.0,-0.29984883023129044,68.78935956734031,0.0,0.022356,0.006,0.75,0.0,50.0,0.0,0.0,-1,0.0,G4_5_MTF,prior(bullish)=0.75<0.6 OR rev(bearish)=0.00<0.5,-1,0.0,0.0,
SOL/USDT,222,2026-03-19 03:00:00,short,0.72507,85.39,60.0,90.74,0.912143,med_med_down,False,True,False,False,False,0.0,-0.006975150482991442,60.72323325469244,0.0,0.023762,0.006,0.75,0.5,53.523489807159585,2.319766544138303,0.562871085020191,-1,0.0,G5_RSI_ACCEL,rsi_accel=0.5629>0.08 (RSI recovering),-1,0.0,0.0,
SOL/USDT,223,2026-03-19 04:00:00,short,0.72924,86.57,60.0,89.91,0.872143,med_med_down,False,True,False,False,False,0.0,-0.25170386694603325,60.505339878936056,0.0,0.023074,0.006,0.75,0.5,58.74769782274994,2.781902493343522,0.4621359492052193,-1,0.0,G5_RSI_ACCEL,rsi_accel=0.4621>0.08 (RSI recovering),-1,0.0,0.0,
SOL/USDT,224,2026-03-19 05:00:00,short,0.72613,73.98,60.0,89.76,0.837143,med_med_down,False,True,False,False,True,0.0,-0.25564136397998843,60.931162852070095,0.0,0.021827,0.006,0.75,0.5,53.7717600091287,3.0541957986012256,0.27229330525770346,-1,0.0,G5_RSI_ACCEL,rsi_accel=0.2723>0.08 (RSI recovering),-1,0.0,0.0,
SOL/USDT,225,2026-03-19 06:00:00,short,0.72325,73.28,60.0,89.86,0.825714,med_med_down,False,True,False,False,True,0.0,-0.1312001797262876,63.63095247695207,0.0,0.02126,0.006,0.75,1.0,59.137576832048055,3.135073452566495,0.08087765396526958,-1,0.0,G5_RSI_ACCEL,rsi_accel=0.0809>0.08 (RSI recovering),-1,0.0,0.0,
SOL/USDT,226,2026-03-19 07:00:00,short,0.70906,84.11,60.0,89.42,0.817857,high_med_down,,,True,False,False,0.0,0.0,50.0,0.0,0.0,0.0,0.0,0.0,50.0,0.0,0.0,-1,0.0,G1_REGIME,regime='high_med_down' skipped=True reg_empty=False,-1,0.0,0.0,
SOL/USDT,227,2026-03-19 08:00:00,short,0.70046,77.56,60.0,89.34,0.751429,high_med_down,,,True,False,False,0.0,0.0,50.0,0.0,0.0,0.0,0.0,0.0,50.0,0.0,0.0,-1,0.0,G1_REGIME,regime='high_med_down' skipped=True reg_empty=False,-1,0.0,0.0,
SOL/USDT,228,2026-03-19 09:00:00,short,0.70539,87.5,60.0,90.2,0.793571,high_med_down,,,True,False,False,0.0,0.0,50.0,0.0,0.0,0.0,0.0,0.0,50.0,0.0,0.0,-1,0.0,G1_REGIME,regime='high_med_down' skipped=True reg_empty=False,-1,0.0,0.0,
SOL/USDT,229,2026-03-19 10:00:00,short,0.70288,74.91,60.0,89.81,0.762143,high_med_down,,,True,False,False,0.0,0.0,50.0,0.0,0.0,0.0,0.0,0.0,50.0,0.0,0.0,-1,0.0,G1_REGIME,regime='high_med_down' skipped=True reg_empty=False,-1,0.0,0.0,
SOL/USDT,230,2026-03-19 11:00:00,short,0.69641,74.76,60.0,89.62,0.753571,med_med_down,False,True,False,False,True,0.0,-0.4846794971415856,56.7433511889423,0.0,0.017523,0.006,0.25,0.5,50.0,0.0,0.0,-1,0.0,G4_5_MTF,prior(bullish)=0.25<0.6 OR rev(bearish)=0.50<0.5,-1,0.0,0.0,
SOL/USDT,231,2026-03-19 12:00:00,short,0.66979,86.85,60.0,88.11,0.827143,med_med_down,False,True,False,False,True,0.0,-0.7507514274192133,48.47254594268698,-1.0,0.018268,0.006,0.5,1.0,50.0,0.0,0.0,-1,0.0,G4_5_MTF,prior(bullish)=0.50<0.6 OR rev(bearish)=1.00<0.5,-1,0.0,0.0,
SOL/USDT,232,2026-03-19 13:00:00,short,0.68461,80.54,60.0,88.52,0.878571,med_med_down,False,True,False,False,True,0.0,-0.6031492775931058,42.72323075952731,0.0,0.02058,0.006,0.25,1.0,50.0,0.0,0.0,-1,0.0,G4_5_MTF,prior(bullish)=0.25<0.6 OR rev(bearish)=1.00<0.5,-1,0.0,0.0,
SOL/USDT,233,2026-03-19 14:00:00,short,0.68812,63.84,60.0,88.23,0.947857,med_med_flat,False,True,False,False,True,0.0,-0.6356141974216155,41.347696859798326,0.0,0.022871,0.006,0.25,0.5,50.0,0.0,0.0,-1,0.0,G4_5_MTF,prior(bullish)=0.25<0.6 OR rev(bearish)=0.50<0.5,-1,0.0,0.0,
SOL/USDT,234,2026-03-19 15:00:00,short,0.70372,67.21,60.0,87.63,1.03,med_high_down,,,True,False,False,0.0,0.0,50.0,0.0,0.0,0.0,0.0,0.0,50.0,0.0,0.0,-1,0.0,G1_REGIME,regime='med_high_down' skipped=True reg_empty=False,-1,0.0,0.0,
SOL/USDT,235,2026-03-19 16:00:00,short,0.70343,64.57,60.0,87.69,1.044286,med_high_flat,,,True,False,False,0.0,0.0,50.0,0.0,0.0,0.0,0.0,0.0,50.0,0.0,0.0,-1,0.0,G1_REGIME,regime='med_high_flat' skipped=True reg_empty=False,-1,0.0,0.0,
SOL/USDT,236,2026-03-19 17:00:00,short,0.70227,71.32,60.0,88.14,1.029286,med_high_down,,,True,False,False,0.0,0.0,50.0,0.0,0.0,0.0,0.0,0.0,50.0,0.0,0.0,-1,0.0,G1_REGIME,regime='med_high_down' skipped=True reg_empty=False,-1,0.0,0.0,
SOL/USDT,237,2026-03-19 18:00:00,short,0.70509,77.76,60.0,88.13,1.005714,med_high_flat,,,True,False,False,0.0,0.0,50.0,0.0,0.0,0.0,0.0,0.0,50.0,0.0,0.0,-1,0.0,G1_REGIME,regime='med_high_flat' skipped=True reg_empty=False,-1,0.0,0.0,
SOL/USDT,238,2026-03-19 19:00:00,short,0.71905,73.91,60.0,88.72,1.055,med_high_flat,,,True,False,False,0.0,0.0,50.0,0.0,0.0,0.0,0.0,0.0,50.0,0.0,0.0,-1,0.0,G1_REGIME,regime='med_high_flat' skipped=True reg_empty=False,-1,0.0,0.0,
SOL/USDT,239,2026-03-19 20:00:00,short,0.72017,64.11,60.0,88.99,1.051429,med_high_flat,,,True,False,False,0.0,0.0,50.0,0.0,0.0,0.0,0.0,0.0,50.0,0.0,0.0,-1,0.0,G1_REGIME,regime='med_high_flat' skipped=True reg_empty=False,-1,0.0,0.0,
SOL/USDT,240,2026-03-19 21:00:00,short,0.71374,60.86,60.0,89.11,0.981429,med_med_flat,False,True,False,False,False,0.0,-0.01832050559176911,49.67988175706736,0.0,0.025537,0.006,0.5,0.0,50.0,0.0,0.0,-1,0.0,G4_5_MTF,prior(bullish)=0.50<0.6 OR rev(bearish)=0.00<0.5,-1,0.0,0.0,
SOL/USDT,241,2026-03-19 22:00:00,short,0.70437,64.93,60.0,88.76,0.999286,med_high_flat,,,True,False,False,0.0,0.0,50.0,0.0,0.0,0.0,0.0,0.0,50.0,0.0,0.0,-1,0.0,G1_REGIME,regime='med_high_flat' skipped=True reg_empty=False,-1,0.0,0.0,
SOL/USDT,242,2026-03-19 23:00:00,short,0.71026,65.36,60.0,88.89,0.955,med_med_flat,False,True,False,False,False,0.0,-0.21185522129802917,50.862403767865274,0.0,0.024549,0.006,0.75,0.5,37.8026069777958,0.2631567541846953,0.46402077479175574,-1,0.0,G5_RSI_ACCEL,rsi_accel=0.4640>0.08 (RSI recovering),-1,0.0,0.0,
SOL/USDT,243,2026-03-20 00:00:00,short,0.69548,63.51,60.0,89.41,0.945,med_med_flat,False,True,False,False,False,0.0,0.14578411174920264,56.62596125140774,0.0,0.022984,0.006,0.75,0.5,46.36363624561979,0.8187037993881071,0.5555470452034118,-1,0.0,G5_RSI_ACCEL,rsi_accel=0.5555>0.08 (RSI recovering),-1,0.0,0.0,
SOL/USDT,244,2026-03-20 01:00:00,short,0.69982,61.45,60.0,89.47,0.938571,med_med_flat,False,True,False,False,False,0.0,0.12036213535398904,60.1329060590252,0.0,0.023104,0.006,0.75,0.0,50.0,0.0,0.0,-1,0.0,G4_5_MTF,prior(bullish)=0.75<0.6 OR rev(bearish)=0.00<0.5,-1,0.0,0.0,
SOL/USDT,245,2026-03-20 02:00:00,short,0.69016,59.84,60.0,89.31,0.876429,med_med_flat,False,True,False,False,False,0.0,0.0,50.0,0.0,0.0,0.0,0.0,0.0,50.0,0.0,0.0,-1,0.0,G2_EDGE,edge=59.8 < thr=60.0,-1,0.0,0.0,
SOL/USDT,246,2026-03-20 03:00:00,short,0.6998,55.43,60.0,89.57,0.825,med_med_flat,False,True,False,False,False,0.0,0.0,50.0,0.0,0.0,0.0,0.0,0.0,50.0,0.0,0.0,-1,0.0,G2_EDGE,edge=55.4 < thr=60.0,-1,0.0,0.0,
SOL/USDT,247,2026-03-20 04:00:00,short,0.7022,58.77,60.0,89.28,0.794286,med_med_flat,False,True,False,False,False,0.0,0.0,50.0,0.0,0.0,0.0,0.0,0.0,50.0,0.0,0.0,-1,0.0,G2_EDGE,edge=58.8 < thr=60.0,-1,0.0,0.0,
SOL/USDT,248,2026-03-20 05:00:00,short,0.71016,70.01,60.0,89.36,0.727857,med_med_flat,False,True,False,True,False,0.0,0.2805943290200037,58.83765985807109,0.0,0.017639,0.006,0.75,0.5,75.82089520552483,3.0422965594887406,0.4290558750580189,-1,0.0,G5_RSI_ACCEL,rsi_accel=0.4291>0.08 (RSI recovering),-1,0.0,0.0,
SOL/USDT,249,2026-03-20 06:00:00,short,0.71495,59.54,60.0,89.09,0.700714,med_med_flat,False,True,False,False,False,0.0,0.0,50.0,0.0,0.0,0.0,0.0,0.0,50.0,0.0,0.0,-1,0.0,G2_EDGE,edge=59.5 < thr=60.0,-1,0.0,0.0,
SOL/USDT,250,2026-03-20 07:00:00,short,0.72105,71.06,60.0,89.37,0.680714,med_low_flat,False,True,False,True,False,0.0,0.20273957348345298,66.98728528497018,0.0,0.01682,0.006,0.5,0.5,50.0,0.0,0.0,-1,0.0,G4_5_MTF,prior(bullish)=0.50<0.6 OR rev(bearish)=0.50<0.5,-1,0.0,0.0,
SOL/USDT,251,2026-03-20 08:00:00,short,0.72419,76.46,60.0,89.78,0.714286,med_med_flat,False,True,False,True,False,0.0,0.4372090711195053,62.87280703520126,0.0,0.017923,0.006,0.5,0.5,50.0,0.0,0.0,-1,0.0,G4_5_MTF,prior(bullish)=0.50<0.6 OR rev(bearish)=0.50<0.5,-1,0.0,0.0,
SOL/USDT,252,2026-03-20 09:00:00,short,0.72868,83.71,60.0,88.97,0.713571,med_med_flat,False,True,False,False,False,0.0,0.07169109601889848,66.10203428960051,0.0,0.018354,0.006,0.5,0.0,50.0,0.0,0.0,-1,0.0,G4_5_MTF,prior(bullish)=0.50<0.6 OR rev(bearish)=0.00<0.5,-1,0.0,0.0,
SOL/USDT,253,2026-03-20 10:00:00,short,0.72994,69.89,60.0,89.33,0.737143,med_med_flat,False,True,False,True,False,0.0,0.2144495290417682,65.08813251227723,0.0,0.019073,0.006,0.5,0.5,50.0,0.0,0.0,-1,0.0,G4_5_MTF,prior(bullish)=0.50<0.6 OR rev(bearish)=0.50<0.5,-1,0.0,0.0,
SOL/USDT,254,2026-03-20 11:00:00,short,0.71854,72.92,60.0,89.15,0.757143,med_med_flat,False,True,False,True,False,0.0,0.04428277431133505,64.34761928260504,0.0,0.019064,0.006,0.75,0.5,50.4807690608821,1.137131621407973,-0.5577394469563155,46,0.008493,TRADE,edge=72.9 meta_conf=0.7185,302,86.85,2.3,TIMEOUT
SOL/USDT,303,2026-03-22 12:00:00,short,0.66265,78.03,60.0,87.27,0.907857,low_med_down,False,True,False,False,True,0.0,-0.47723828807260826,41.678505300952494,0.0,0.020152,0.006,0.0,0.5,50.0,0.0,0.0,-1,0.0,G4_5_MTF,prior(bullish)=0.00<0.6 OR rev(bearish)=0.50<0.5,-1,0.0,0.0,
SOL/USDT,304,2026-03-22 13:00:00,short,0.66391,75.93,60.0,87.33,0.762857,low_med_down,False,True,False,False,True,0.0,-0.4578848838582719,50.514021074977634,0.0,0.016359,0.006,0.25,0.5,50.0,0.0,0.0,-1,0.0,G4_5_MTF,prior(bullish)=0.25<0.6 OR rev(bearish)=0.50<0.5,-1,0.0,0.0,
SOL/USDT,305,2026-03-22 14:00:00,short,0.66038,73.54,60.0,87.21,0.694286,low_med_down,False,True,False,False,True,0.0,-0.3861282190724357,58.73884066378396,0.0,0.014355,0.006,0.25,0.0,50.0,0.0,0.0,-1,0.0,G4_5_MTF,prior(bullish)=0.25<0.6 OR rev(bearish)=0.00<0.5,-1,0.0,0.0,
SOL/USDT,306,2026-03-22 15:00:00,short,0.66413,71.01,60.0,87.57,0.67,low_low_down,False,True,False,False,True,0.0,-0.1203004813443213,58.738840663783954,0.0,0.013843,0.006,0.5,0.5,50.0,0.0,0.0,-1,0.0,G4_5_MTF,prior(bullish)=0.50<0.6 OR rev(bearish)=0.50<0.5,-1,0.0,0.0,
SOL/USDT,307,2026-03-22 16:00:00,short,0.65591,73.3,60.0,87.48,0.622143,low_low_down,False,True,False,False,True,0.0,-0.3556434182691504,58.3824041356694,0.0,0.012173,0.006,0.75,0.5,41.78743947221653,0.5351560068122039,-0.0876719384461846,5,0.007112,TRADE,edge=73.3 meta_conf=0.6559,326,88.942036,-1.462,LOSS
SOL/USDT,327,2026-03-23 12:00:00,short,0.56862,77.74,60.0,90.23,1.349286,med_high_up,False,False,False,False,False,0.0,0.0,50.0,0.0,0.0,0.0,0.0,0.0,50.0,0.0,0.0,-1,0.0,G2_EDGE,reg.sell_ok=False  regime='med_high_up',-1,0.0,0.0,
SOL/USDT,328,2026-03-23 13:00:00,short,0.57518,88.56,60.0,91.34,1.390714,med_high_up,False,False,False,False,False,0.0,0.0,50.0,0.0,0.0,0.0,0.0,0.0,50.0,0.0,0.0,-1,0.0,G2_EDGE,reg.sell_ok=False  regime='med_high_up',-1,0.0,0.0,
SOL/USDT,329,2026-03-23 14:00:00,short,0.57868,87.77,60.0,91.51,1.358571,high_high_up,,,True,False,False,0.0,0.0,50.0,0.0,0.0,0.0,0.0,0.0,50.0,0.0,0.0,-1,0.0,G1_REGIME,regime='high_high_up' skipped=True reg_empty=False,-1,0.0,0.0,
SOL/USDT,330,2026-03-23 15:00:00,short,0.58267,81.6,60.0,89.95,1.472143,high_high_up,,,True,False,False,0.0,0.0,50.0,0.0,0.0,0.0,0.0,0.0,50.0,0.0,0.0,-1,0.0,G1_REGIME,regime='high_high_up' skipped=True reg_empty=False,-1,0.0,0.0,
SOL/USDT,331,2026-03-23 16:00:00,short,0.58104,77.86,60.0,90.35,1.482143,high_high_up,,,True,False,False,0.0,0.0,50.0,0.0,0.0,0.0,0.0,0.0,50.0,0.0,0.0,-1,0.0,G1_REGIME,regime='high_high_up' skipped=True reg_empty=False,-1,0.0,0.0,
SOL/USDT,332,2026-03-23 17:00:00,short,0.57812,89.31,60.0,91.28,1.546429,high_high_up,,,True,False,False,0.0,0.0,50.0,0.0,0.0,0.0,0.0,0.0,50.0,0.0,0.0,-1,0.0,G1_REGIME,regime='high_high_up' skipped=True reg_empty=False,-1,0.0,0.0,
SOL/USDT,333,2026-03-23 18:00:00,short,0.57334,85.92,60.0,91.62,1.565714,high_high_up,,,True,False,False,0.0,0.0,50.0,0.0,0.0,0.0,0.0,0.0,50.0,0.0,0.0,-1,0.0,G1_REGIME,regime='high_high_up' skipped=True reg_empty=False,-1,0.0,0.0,
SOL/USDT,334,2026-03-23 19:00:00,short,0.57497,86.55,60.0,91.39,1.578571,high_high_up,,,True,False,False,0.0,0.0,50.0,0.0,0.0,0.0,0.0,0.0,50.0,0.0,0.0,-1,0.0,G1_REGIME,regime='high_high_up' skipped=True reg_empty=False,-1,0.0,0.0,
SOL/USDT,335,2026-03-23 20:00:00,short,0.58119,85.25,60.0,91.79,1.509286,high_high_up,,,True,False,False,0.0,0.0,50.0,0.0,0.0,0.0,0.0,0.0,50.0,0.0,0.0,-1,0.0,G1_REGIME,regime='high_high_up' skipped=True reg_empty=False,-1,0.0,0.0,
SOL/USDT,336,2026-03-23 21:00:00,short,0.58981,85.93,60.0,91.62,1.462143,high_high_up,,,True,False,False,0.0,0.0,50.0,0.0,0.0,0.0,0.0,0.0,50.0,0.0,0.0,-1,0.0,G1_REGIME,regime='high_high_up' skipped=True reg_empty=False,-1,0.0,0.0,
SOL/USDT,337,2026-03-23 22:00:00,short,0.5928,86.84,60.0,91.52,1.470714,high_high_up,,,True,False,False,0.0,0.0,50.0,0.0,0.0,0.0,0.0,0.0,50.0,0.0,0.0,-1,0.0,G1_REGIME,regime='high_high_up' skipped=True reg_empty=False,-1,0.0,0.0,
SOL/USDT,338,2026-03-23 23:00:00,short,0.58983,85.79,60.0,91.43,1.453571,high_high_up,,,True,False,False,0.0,0.0,50.0,0.0,0.0,0.0,0.0,0.0,50.0,0.0,0.0,-1,0.0,G1_REGIME,regime='high_high_up' skipped=True reg_empty=False,-1,0.0,0.0,
SOL/USDT,339,2026-03-24 00:00:00,short,0.6067,87.78,60.0,91.0,1.483571,high_high_up,,,True,False,False,0.0,0.0,50.0,0.0,0.0,0.0,0.0,0.0,50.0,0.0,0.0,-1,0.0,G1_REGIME,regime='high_high_up' skipped=True reg_empty=False,-1,0.0,0.0,
SOL/USDT,340,2026-03-24 01:00:00,short,0.59218,75.98,60.0,90.41,1.128571,high_high_up,,,True,False,False,0.0,0.0,50.0,0.0,0.0,0.0,0.0,0.0,50.0,0.0,0.0,-1,0.0,G1_REGIME,regime='high_high_up' skipped=True reg_empty=False,-1,0.0,0.0,
SOL/USDT,341,2026-03-24 02:00:00,short,0.6006,79.14,60.0,90.16,1.019286,high_high_up,,,True,False,False,0.0,0.0,50.0,0.0,0.0,0.0,0.0,0.0,50.0,0.0,0.0,-1,0.0,G1_REGIME,regime='high_high_up' skipped=True reg_empty=False,-1,0.0,0.0,
SOL/USDT,342,2026-03-24 03:00:00,short,0.59902,78.21,60.0,90.35,0.933571,high_med_up,False,False,False,False,False,0.0,0.0,50.0,0.0,0.0,0.0,0.0,0.0,50.0,0.0,0.0,-1,0.0,G2_EDGE,reg.sell_ok=False  regime='high_med_up',-1,0.0,0.0,
SOL/USDT,343,2026-03-24 04:00:00,short,0.5941,78.69,60.0,90.34,0.932857,high_med_up,False,False,False,False,False,0.0,0.0,50.0,0.0,0.0,0.0,0.0,0.0,50.0,0.0,0.0,-1,0.0,G2_EDGE,reg.sell_ok=False  regime='high_med_up',-1,0.0,0.0,
SOL/USDT,344,2026-03-24 05:00:00,short,0.58023,78.33,60.0,90.13,0.787143,high_med_up,False,False,False,False,False,0.0,0.0,50.0,0.0,0.0,0.0,0.0,0.0,50.0,0.0,0.0,-1,0.0,G2_EDGE,reg.sell_ok=False  regime='high_med_up',-1,0.0,0.0,
SOL/USDT,345,2026-03-24 06:00:00,short,0.57703,75.22,60.0,90.47,0.744286,high_med_up,False,False,False,False,False,0.0,0.0,50.0,0.0,0.0,0.0,0.0,0.0,50.0,0.0,0.0,-1,0.0,G2_EDGE,reg.sell_ok=False  regime='high_med_up',-1,0.0,0.0,
SOL/USDT,346,2026-03-24 07:00:00,short,0.57858,85.06,60.0,91.72,0.726429,high_med_up,False,False,False,False,False,0.0,0.0,50.0,0.0,0.0,0.0,0.0,0.0,50.0,0.0,0.0,-1,0.0,G2_EDGE,reg.sell_ok=False  regime='high_med_up',-1,0.0,0.0,
SOL/USDT,347,2026-03-24 08:00:00,short,0.58097,86.59,60.0,91.58,0.713571,high_low_up,,,True,False,False,0.0,0.0,50.0,0.0,0.0,0.0,0.0,0.0,50.0,0.0,0.0,-1,0.0,G1_REGIME,regime='high_low_up' skipped=True reg_empty=False,-1,0.0,0.0,
SOL/USDT,348,2026-03-24 09:00:00,short,0.57411,84.55,60.0,92.11,0.74,high_med_up,False,False,False,False,False,0.0,0.0,50.0,0.0,0.0,0.0,0.0,0.0,50.0,0.0,0.0,-1,0.0,G2_EDGE,reg.sell_ok=False  regime='high_med_up',-1,0.0,0.0,
SOL/USDT,349,2026-03-24 10:00:00,short,0.57817,83.83,60.0,91.86,0.718571,high_low_up,,,True,False,False,0.0,0.0,50.0,0.0,0.0,0.0,0.0,0.0,50.0,0.0,0.0,-1,0.0,G1_REGIME,regime='high_low_up' skipped=True reg_empty=False,-1,0.0,0.0,
SOL/USDT,350,2026-03-24 11:00:00,short,0.58625,69.52,60.0,91.77,0.743571,high_med_up,False,False,False,False,False,0.0,0.0,50.0,0.0,0.0,0.0,0.0,0.0,50.0,0.0,0.0,-1,0.0,G2_EDGE,reg.sell_ok=False  regime='high_med_up',-1,0.0,0.0,
SOL/USDT,351,2026-03-24 12:00:00,short,0.58874,64.42,60.0,91.59,0.727143,med_med_up,False,True,False,True,False,0.0,0.37292307236805633,65.86237151869274,0.0,0.010295,0.006,0.75,1.0,50.76923061301783,-1.2165529871575422,0.5406568473407618,-1,0.0,G5_RSI_ACCEL,rsi_accel=0.5407>0.08 (RSI recovering),-1,0.0,0.0,
SOL/USDT,352,2026-03-24 13:00:00,short,0.59968,74.94,60.0,89.86,0.842857,high_med_flat,False,False,False,False,False,0.0,0.0,50.0,0.0,0.0,0.0,0.0,0.0,50.0,0.0,0.0,-1,0.0,G2_EDGE,reg.sell_ok=False  regime='high_med_flat',-1,0.0,0.0,
SOL/USDT,353,2026-03-24 14:00:00,short,0.63423,77.13,60.0,89.57,0.875,high_med_down,,,True,False,False,0.0,0.0,50.0,0.0,0.0,0.0,0.0,0.0,50.0,0.0,0.0,-1,0.0,G1_REGIME,regime='high_med_down' skipped=True reg_empty=False,-1,0.0,0.0,
SOL/USDT,354,2026-03-24 15:00:00,short,0.62636,57.23,60.0,89.74,0.866429,med_med_flat,False,True,False,False,False,0.0,0.0,50.0,0.0,0.0,0.0,0.0,0.0,50.0,0.0,0.0,-1,0.0,G2_EDGE,edge=57.2 < thr=60.0,-1,0.0,0.0,
SOL/USDT,355,2026-03-24 16:00:00,short,0.64354,57.1,60.0,89.28,0.884286,med_med_flat,False,True,False,False,False,0.0,0.0,50.0,0.0,0.0,0.0,0.0,0.0,50.0,0.0,0.0,-1,0.0,G2_EDGE,edge=57.1 < thr=60.0,-1,0.0,0.0,
SOL/USDT,356,2026-03-24 17:00:00,short,0.64172,58.81,60.0,89.18,0.905,med_med_down,False,True,False,False,False,0.0,0.0,50.0,0.0,0.0,0.0,0.0,0.0,50.0,0.0,0.0,-1,0.0,G2_EDGE,edge=58.8 < thr=60.0,-1,0.0,0.0,
SOL/USDT,357,2026-03-24 18:00:00,short,0.65185,59.05,60.0,88.9,0.913571,med_med_down,False,True,False,False,False,0.0,0.0,50.0,0.0,0.0,0.0,0.0,0.0,50.0,0.0,0.0,-1,0.0,G2_EDGE,edge=59.0 < thr=60.0,-1,0.0,0.0,
SOL/USDT,358,2026-03-24 19:00:00,short,0.65244,59.53,60.0,88.52,0.947143,med_med_down,False,True,False,False,False,0.0,0.0,50.0,0.0,0.0,0.0,0.0,0.0,50.0,0.0,0.0,-1,0.0,G2_EDGE,edge=59.5 < thr=60.0,-1,0.0,0.0,
SOL/USDT,359,2026-03-24 20:00:00,short,0.63193,68.16,60.0,90.04,1.037143,med_high_down,,,True,False,False,0.0,0.0,50.0,0.0,0.0,0.0,0.0,0.0,50.0,0.0,0.0,-1,0.0,G1_REGIME,regime='med_high_down' skipped=True reg_empty=False,-1,0.0,0.0,
SOL/USDT,360,2026-03-24 21:00:00,short,0.6364,62.46,60.0,90.39,0.995714,med_med_flat,False,True,False,False,False,0.0,-0.18439715048752864,43.28732474099965,0.0,0.019536,0.006,0.25,0.5,50.0,0.0,0.0,-1,0.0,G4_5_MTF,prior(bullish)=0.25<0.6 OR rev(bearish)=0.50<0.5,-1,0.0,0.0,
SOL/USDT,361,2026-03-24 22:00:00,short,0.64296,62.0,60.0,90.32,0.996429,med_med_flat,False,True,False,False,False,0.0,-0.17097217667158818,44.176730081100764,0.0,0.020082,0.006,0.0,0.0,50.0,0.0,0.0,-1,0.0,G4_5_MTF,prior(bullish)=0.00<0.6 OR rev(bearish)=0.00<0.5,-1,0.0,0.0,
SOL/USDT,362,2026-03-24 23:00:00,short,0.6365,61.16,60.0,90.8,0.987143,med_med_flat,False,True,False,False,False,0.0,0.09234858753441778,44.93710716350474,0.0,0.019236,0.006,0.25,0.5,50.0,0.0,0.0,-1,0.0,G4_5_MTF,prior(bullish)=0.25<0.6 OR rev(bearish)=0.50<0.5,-1,0.0,0.0,
SOL/USDT,363,2026-03-25 00:00:00,short,0.63032,69.32,60.0,91.32,1.017857,med_med_flat,False,True,False,True,False,0.0,0.18002477659414415,46.33983234153323,0.0,0.019337,0.006,0.5,0.5,50.0,0.0,0.0,-1,0.0,G4_5_MTF,prior(bullish)=0.50<0.6 OR rev(bearish)=0.50<0.5,-1,0.0,0.0,
SOL/USDT,364,2026-03-25 01:00:00,short,0.63213,88.53,60.0,90.94,0.997857,med_med_flat,False,True,False,True,False,0.0,0.1723517403595005,50.3582564527543,0.0,0.019114,0.006,0.5,0.0,50.0,0.0,0.0,-1,0.0,G4_5_MTF,prior(bullish)=0.50<0.6 OR rev(bearish)=0.00<0.5,-1,0.0,0.0,
SOL/USDT,365,2026-03-25 02:00:00,short,0.62618,86.05,60.0,91.13,1.010714,med_med_up,False,True,False,True,False,0.0,0.31699100993629425,52.40779178186707,0.0,0.018898,0.006,0.75,0.5,46.676300483602816,0.43902323397302623,0.4393748293362357,-1,0.0,G5_RSI_ACCEL,rsi_accel=0.4394>0.08 (RSI recovering),-1,0.0,0.0,
SOL/USDT,366,2026-03-25 03:00:00,short,0.61579,86.95,60.0,91.69,0.935714,med_med_up,False,True,False,True,False,0.0,0.44521625056898745,50.46178819008477,0.0,0.016322,0.006,0.75,0.5,65.91304331777688,1.0025714378099981,0.5635482038369719,-1,0.0,G5_RSI_ACCEL,rsi_accel=0.5635>0.08 (RSI recovering),-1,0.0,0.0,
SOL/USDT,367,2026-03-25 04:00:00,short,0.60857,82.66,60.0,92.05,0.863571,med_med_up,False,True,False,True,False,0.0,0.6034476167241292,48.74967135542157,0.0,0.014204,0.006,0.5,0.0,50.0,0.0,0.0,-1,0.0,G4_5_MTF,prior(bullish)=0.50<0.6 OR rev(bearish)=0.00<0.5,-1,0.0,0.0,
SOL/USDT,368,2026-03-25 05:00:00,short,0.59279,87.98,60.0,92.42,0.877857,med_med_up,False,True,False,True,False,0.0,0.6197290211871426,40.92697671701565,1.0,0.013375,0.006,0.75,0.0,50.0,0.0,0.0,-1,0.0,G4_5_MTF,prior(bullish)=0.75<0.6 OR rev(bearish)=0.00<0.5,-1,0.0,0.0,
SOL/USDT,369,2026-03-25 06:00:00,short,0.60927,89.35,60.0,92.39,0.861429,high_med_up,False,False,False,False,False,0.0,0.0,50.0,0.0,0.0,0.0,0.0,0.0,50.0,0.0,0.0,-1,0.0,G2_EDGE,reg.sell_ok=False  regime='high_med_up',-1,0.0,0.0,
SOL/USDT,370,2026-03-25 07:00:00,short,0.62249,91.18,60.0,91.81,0.865714,high_med_flat,False,False,False,False,False,0.0,0.0,50.0,0.0,0.0,0.0,0.0,0.0,50.0,0.0,0.0,-1,0.0,G2_EDGE,reg.sell_ok=False  regime='high_med_flat',-1,0.0,0.0,
SOL/USDT,371,2026-03-25 08:00:00,short,0.62457,89.99,60.0,92.36,0.875,high_med_flat,False,False,False,False,False,0.0,0.0,50.0,0.0,0.0,0.0,0.0,0.0,50.0,0.0,0.0,-1,0.0,G2_EDGE,reg.sell_ok=False  regime='high_med_flat',-1,0.0,0.0,
SOL/USDT,372,2026-03-25 09:00:00,short,0.61712,83.76,60.0,92.55,0.85,high_med_flat,False,False,False,False,False,0.0,0.0,50.0,0.0,0.0,0.0,0.0,0.0,50.0,0.0,0.0,-1,0.0,G2_EDGE,reg.sell_ok=False  regime='high_med_flat',-1,0.0,0.0,
SOL/USDT,373,2026-03-25 10:00:00,short,0.61136,80.36,60.0,92.65,0.748571,high_med_flat,False,False,False,False,False,0.0,0.0,50.0,0.0,0.0,0.0,0.0,0.0,50.0,0.0,0.0,-1,0.0,G2_EDGE,reg.sell_ok=False  regime='high_med_flat',-1,0.0,0.0,
SOL/USDT,374,2026-03-25 11:00:00,short,0.59264,88.15,60.0,92.99,0.756429,high_med_up,False,False,False,False,False,0.0,0.0,50.0,0.0,0.0,0.0,0.0,0.0,50.0,0.0,0.0,-1,0.0,G2_EDGE,reg.sell_ok=False  regime='high_med_up',-1,0.0,0.0,
SOL/USDT,375,2026-03-25 12:00:00,short,0.59099,84.6,60.0,93.04,0.784286,high_med_up,False,False,False,False,False,0.0,0.0,50.0,0.0,0.0,0.0,0.0,0.0,50.0,0.0,0.0,-1,0.0,G2_EDGE,reg.sell_ok=False  regime='high_med_up',-1,0.0,0.0,
SOL/USDT,376,2026-03-25 13:00:00,short,0.6006,86.51,60.0,92.74,0.771429,med_med_up,False,True,False,True,False,0.0,0.39347928489283074,56.36675464802532,0.0,0.011674,0.006,0.75,0.0,50.0,0.0,0.0,-1,0.0,G4_5_MTF,prior(bullish)=0.75<0.6 OR rev(bearish)=0.00<0.5,-1,0.0,0.0,
SOL/USDT,377,2026-03-25 14:00:00,short,0.63807,97.15,60.0,91.95,0.777143,med_med_up,False,True,False,False,False,0.0,0.3004847970964492,56.72722520646449,0.0,0.014158,0.006,1.0,0.5,56.57620025217822,1.4157564089834496,-1.094396142343158,51,0.008452,TRADE,edge=97.2 meta_conf=0.6381,396,88.297429,3.6526,WIN
SOL/USDT,397,2026-03-26 10:00:00,short,0.67771,71.05,60.0,87.94,0.701429,med_med_down,False,True,False,False,True,0.0,-0.7066126201940386,33.2954058458263,0.0,0.015365,0.006,0.25,1.0,50.0,0.0,0.0,-1,0.0,G4_5_MTF,prior(bullish)=0.25<0.6 OR rev(bearish)=1.00<0.5,-1,0.0,0.0,
SOL/USDT,398,2026-03-26 11:00:00,short,0.67996,71.58,60.0,87.58,0.717143,med_med_down,False,True,False,False,True,0.0,-0.7353055067334361,30.62032605955006,-1.0,0.01601,0.006,0.25,1.0,50.0,0.0,0.0,-1,0.0,G4_5_MTF,prior(bullish)=0.25<0.6 OR rev(bearish)=1.00<0.5,-1,0.0,0.0,
SOL/USDT,399,2026-03-26 12:00:00,short,0.68034,70.53,60.0,87.56,0.679286,med_low_down,False,False,False,False,False,0.0,0.0,50.0,0.0,0.0,0.0,0.0,0.0,50.0,0.0,0.0,-1,0.0,G2_EDGE,reg.sell_ok=False  regime='med_low_down',-1,0.0,0.0,
SOL/USDT,400,2026-03-26 13:00:00,short,0.69308,74.19,60.0,87.92,0.717857,med_med_down,False,True,False,False,True,0.0,-0.5380651760439339,29.014825278212356,0.0,0.016708,0.006,0.25,1.0,50.0,0.0,0.0,-1,0.0,G4_5_MTF,prior(bullish)=0.25<0.6 OR rev(bearish)=1.00<0.5,-1,0.0,0.0,
SOL/USDT,401,2026-03-26 14:00:00,short,0.69735,70.7,60.0,87.54,0.755714,med_med_down,False,True,False,False,True,0.0,-0.6516108514570709,27.771540498461658,0.0,0.018154,0.006,0.0,0.5,50.0,0.0,0.0,-1,0.0,G4_5_MTF,prior(bullish)=0.00<0.6 OR rev(bearish)=0.50<0.5,-1,0.0,0.0,
SOL/USDT,402,2026-03-26 15:00:00,short,0.7041,73.66,60.0,87.54,0.807143,med_med_down,False,True,False,False,True,0.0,-0.5781653286853984,25.501367945270307,0.0,0.020101,0.006,0.0,0.5,50.0,0.0,0.0,-1,0.0,G4_5_MTF,prior(bullish)=0.00<0.6 OR rev(bearish)=0.50<0.5,-1,0.0,0.0,
SOL/USDT,403,2026-03-26 16:00:00,short,0.70313,68.46,60.0,87.2,0.765,med_med_down,False,True,False,False,True,0.0,-0.6426617058680134,31.056521181176233,0.0,0.018872,0.006,0.25,0.5,50.0,0.0,0.0,-1,0.0,G4_5_MTF,prior(bullish)=0.25<0.6 OR rev(bearish)=0.50<0.5,-1,0.0,0.0,
SOL/USDT,404,2026-03-26 17:00:00,short,0.71571,74.28,60.0,86.63,0.795714,med_med_down,False,True,False,False,True,0.0,-0.7251323426258864,30.10835992711364,-1.0,0.020761,0.006,0.25,0.5,50.0,0.0,0.0,-1,0.0,G4_5_MTF,prior(bullish)=0.25<0.6 OR rev(bearish)=0.50<0.5,-1,0.0,0.0,
SOL/USDT,405,2026-03-26 18:00:00,short,0.71761,76.27,60.0,86.06,0.845,med_med_down,False,True,False,False,True,0.0,-0.7254692521324134,26.37053260660967,-1.0,0.0226,0.006,0.25,1.0,50.0,0.0,0.0,-1,0.0,G4_5_MTF,prior(bullish)=0.25<0.6 OR rev(bearish)=1.00<0.5,-1,0.0,0.0,
SOL/USDT,406,2026-03-26 19:00:00,short,0.70953,71.2,60.0,85.48,0.766429,med_med_down,False,True,False,False,True,0.0,-0.7388534165018901,36.6869766246857,-1.0,0.01978,0.006,0.25,1.0,50.0,0.0,0.0,-1,0.0,G4_5_MTF,prior(bullish)=0.25<0.6 OR rev(bearish)=1.00<0.5,-1,0.0,0.0,
SOL/USDT,407,2026-03-26 20:00:00,short,0.70709,90.05,60.0,86.34,0.85,high_med_down,,,True,False,False,0.0,0.0,50.0,0.0,0.0,0.0,0.0,0.0,50.0,0.0,0.0,-1,0.0,G1_REGIME,regime='high_med_down' skipped=True reg_empty=False,-1,0.0,0.0,
SOL/USDT,408,2026-03-26 21:00:00,short,0.68526,86.98,60.0,86.84,0.876429,high_med_down,,,True,False,False,0.0,0.0,50.0,0.0,0.0,0.0,0.0,0.0,50.0,0.0,0.0,-1,0.0,G1_REGIME,regime='high_med_down' skipped=True reg_empty=False,-1,0.0,0.0,
SOL/USDT,409,2026-03-26 22:00:00,short,0.69135,85.05,60.0,86.81,0.891429,high_med_down,,,True,False,False,0.0,0.0,50.0,0.0,0.0,0.0,0.0,0.0,50.0,0.0,0.0,-1,0.0,G1_REGIME,regime='high_med_down' skipped=True reg_empty=False,-1,0.0,0.0,
SOL/USDT,410,2026-03-26 23:00:00,short,0.69527,78.51,60.0,86.53,0.854286,high_med_down,,,True,False,False,0.0,0.0,50.0,0.0,0.0,0.0,0.0,0.0,50.0,0.0,0.0,-1,0.0,G1_REGIME,regime='high_med_down' skipped=True reg_empty=False,-1,0.0,0.0,
SOL/USDT,411,2026-03-27 00:00:00,short,0.69992,73.37,60.0,86.55,0.858571,high_med_down,,,True,False,False,0.0,0.0,50.0,0.0,0.0,0.0,0.0,0.0,50.0,0.0,0.0,-1,0.0,G1_REGIME,regime='high_med_down' skipped=True reg_empty=False,-1,0.0,0.0,
SOL/USDT,412,2026-03-27 01:00:00,short,0.69755,80.71,60.0,86.88,0.842857,high_med_down,,,True,False,False,0.0,0.0,50.0,0.0,0.0,0.0,0.0,0.0,50.0,0.0,0.0,-1,0.0,G1_REGIME,regime='high_med_down' skipped=True reg_empty=False,-1,0.0,0.0,
SOL/USDT,413,2026-03-27 02:00:00,short,0.69481,72.11,60.0,86.7,0.850714,high_med_down,,,True,False,False,0.0,0.0,50.0,0.0,0.0,0.0,0.0,0.0,50.0,0.0,0.0,-1,0.0,G1_REGIME,regime='high_med_down' skipped=True reg_empty=False,-1,0.0,0.0,
SOL/USDT,414,2026-03-27 03:00:00,short,0.69874,73.57,60.0,86.42,0.817143,high_med_down,,,True,False,False,0.0,0.0,50.0,0.0,0.0,0.0,0.0,0.0,50.0,0.0,0.0,-1,0.0,G1_REGIME,regime='high_med_down' skipped=True reg_empty=False,-1,0.0,0.0,
SOL/USDT,415,2026-03-27 04:00:00,short,0.69706,77.13,60.0,86.17,0.794286,high_med_down,,,True,False,False,0.0,0.0,50.0,0.0,0.0,0.0,0.0,0.0,50.0,0.0,0.0,-1,0.0,G1_REGIME,regime='high_med_down' skipped=True reg_empty=False,-1,0.0,0.0,
SOL/USDT,416,2026-03-27 05:00:00,short,0.69485,76.79,60.0,86.1,0.775714,high_med_down,,,True,False,False,0.0,0.0,50.0,0.0,0.0,0.0,0.0,0.0,50.0,0.0,0.0,-1,0.0,G1_REGIME,regime='high_med_down' skipped=True reg_empty=False,-1,0.0,0.0,
SOL/USDT,417,2026-03-27 06:00:00,short,0.69355,79.1,60.0,86.07,0.769286,med_med_down,False,True,False,False,True,0.0,-0.545133259238293,65.81925765568583,0.0,0.018698,0.006,0.5,1.0,50.0,0.0,0.0,-1,0.0,G4_5_MTF,prior(bullish)=0.50<0.6 OR rev(bearish)=1.00<0.5,-1,0.0,0.0,
SOL/USDT,418,2026-03-27 07:00:00,short,0.69653,81.99,60.0,85.92,0.745714,med_med_down,False,True,False,False,True,0.0,-0.5535804027281924,72.78754437152577,0.0,0.018223,0.006,0.25,1.0,50.0,0.0,0.0,-1,0.0,G4_5_MTF,prior(bullish)=0.25<0.6 OR rev(bearish)=1.00<0.5,-1,0.0,0.0,
SOL/USDT,419,2026-03-27 08:00:00,short,0.69989,100.0,60.0,85.12,0.793571,high_med_down,,,True,False,False,0.0,0.0,50.0,0.0,0.0,0.0,0.0,0.0,50.0,0.0,0.0,-1,0.0,G1_REGIME,regime='high_med_down' skipped=True reg_empty=False,-1,0.0,0.0,
SOL/USDT,420,2026-03-27 09:00:00,short,0.6946,80.79,60.0,85.08,0.808571,med_med_down,False,True,False,False,True,0.0,-0.6390395023730328,54.17077265000631,0.0,0.020205,0.006,0.0,1.0,50.0,0.0,0.0,-1,0.0,G4_5_MTF,prior(bullish)=0.00<0.6 OR rev(bearish)=1.00<0.5,-1,0.0,0.0,
SOL/USDT,421,2026-03-27 10:00:00,short,0.71375,92.93,60.0,83.02,0.867143,high_med_down,,,True,False,False,0.0,0.0,50.0,0.0,0.0,0.0,0.0,0.0,50.0,0.0,0.0,-1,0.0,G1_REGIME,regime='high_med_down' skipped=True reg_empty=False,-1,0.0,0.0,
SOL/USDT,422,2026-03-27 11:00:00,short,0.71439,71.69,60.0,83.39,0.873571,high_med_down,,,True,False,False,0.0,0.0,50.0,0.0,0.0,0.0,0.0,0.0,50.0,0.0,0.0,-1,0.0,G1_REGIME,regime='high_med_down' skipped=True reg_empty=False,-1,0.0,0.0,
SOL/USDT,423,2026-03-27 12:00:00,short,0.72206,72.25,60.0,83.1,0.852857,high_med_down,,,True,False,False,0.0,0.0,50.0,0.0,0.0,0.0,0.0,0.0,50.0,0.0,0.0,-1,0.0,G1_REGIME,regime='high_med_down' skipped=True reg_empty=False,-1,0.0,0.0,
SOL/USDT,424,2026-03-27 13:00:00,short,0.71733,73.25,60.0,82.95,0.873571,high_med_down,,,True,False,False,0.0,0.0,50.0,0.0,0.0,0.0,0.0,0.0,50.0,0.0,0.0,-1,0.0,G1_REGIME,regime='high_med_down' skipped=True reg_empty=False,-1,0.0,0.0,
SOL/USDT,425,2026-03-27 14:00:00,short,0.7193,72.28,60.0,83.18,0.884286,high_med_down,,,True,False,False,0.0,0.0,50.0,0.0,0.0,0.0,0.0,0.0,50.0,0.0,0.0,-1,0.0,G1_REGIME,regime='high_med_down' skipped=True reg_empty=False,-1,0.0,0.0,
SOL/USDT,426,2026-03-27 15:00:00,short,0.72346,71.97,60.0,83.35,0.926429,high_med_down,,,True,False,False,0.0,0.0,50.0,0.0,0.0,0.0,0.0,0.0,50.0,0.0,0.0,-1,0.0,G1_REGIME,regime='high_med_down' skipped=True reg_empty=False,-1,0.0,0.0,
SOL/USDT,427,2026-03-27 16:00:00,short,0.73028,71.93,60.0,83.03,0.941429,high_high_down,False,True,False,False,True,0.0,-0.6538507777087493,38.09370575902278,0.0,0.02773,0.006,0.25,0.0,50.0,0.0,0.0,-1,0.0,G4_5_MTF,prior(bullish)=0.25<0.6 OR rev(bearish)=0.00<0.5,-1,0.0,0.0,
SOL/USDT,428,2026-03-27 17:00:00,short,0.74459,75.29,60.0,82.23,1.006429,high_high_down,False,True,False,False,True,0.0,-0.7345759050827044,35.56583595810985,-1.0,0.031486,0.006,0.5,0.5,50.0,0.0,0.0,-1,0.0,G4_5_MTF,prior(bullish)=0.50<0.6 OR rev(bearish)=0.50<0.5,-1,0.0,0.0,
SOL/USDT,429,2026-03-27 18:00:00,short,0.74777,70.09,60.0,82.39,1.002143,high_high_down,False,True,False,False,True,0.0,-0.5490460983760012,34.39575182743504,0.0,0.031539,0.006,0.5,1.0,50.0,0.0,0.0,-1,0.0,G4_5_MTF,prior(bullish)=0.50<0.6 OR rev(bearish)=1.00<0.5,-1,0.0,0.0,
SOL/USDT,430,2026-03-27 19:00:00,short,0.74417,68.28,60.0,82.81,1.002857,med_high_down,,,True,False,False,0.0,0.0,50.0,0.0,0.0,0.0,0.0,0.0,50.0,0.0,0.0,-1,0.0,G1_REGIME,regime='med_high_down' skipped=True reg_empty=False,-1,0.0,0.0,
SOL/USDT,431,2026-03-27 20:00:00,short,0.74634,69.12,60.0,82.77,1.01,med_high_down,,,True,False,False,0.0,0.0,50.0,0.0,0.0,0.0,0.0,0.0,50.0,0.0,0.0,-1,0.0,G1_REGIME,regime='med_high_down' skipped=True reg_empty=False,-1,0.0,0.0,
SOL/USDT,432,2026-03-27 21:00:00,short,0.73397,67.77,60.0,82.76,0.990714,med_high_down,,,True,False,False,0.0,0.0,50.0,0.0,0.0,0.0,0.0,0.0,50.0,0.0,0.0,-1,0.0,G1_REGIME,regime='med_high_down' skipped=True reg_empty=False,-1,0.0,0.0,
SOL/USDT,433,2026-03-27 22:00:00,short,0.7169,65.16,60.0,82.73,0.886429,med_med_down,False,True,False,False,True,0.0,-0.5526046001475018,50.605134460467276,0.0,0.024974,0.006,0.5,1.0,50.0,0.0,0.0,-1,0.0,G4_5_MTF,prior(bullish)=0.50<0.6 OR rev(bearish)=1.00<0.5,-1,0.0,0.0,
SOL/USDT,434,2026-03-27 23:00:00,short,0.71808,83.5,60.0,83.11,0.873571,med_med_down,False,True,False,False,False,0.0,-0.33074509118635437,52.041394434600804,0.0,0.024511,0.006,0.5,1.0,50.0,0.0,0.0,-1,0.0,G4_5_MTF,prior(bullish)=0.50<0.6 OR rev(bearish)=1.00<0.5,-1,0.0,0.0,
SOL/USDT,435,2026-03-28 00:00:00,short,0.68227,74.02,60.0,82.86,0.723571,med_med_down,False,True,False,False,True,0.0,-0.44884839128833687,67.38958832587014,0.0,0.017482,0.006,0.5,0.5,50.0,0.0,0.0,-1,0.0,G4_5_MTF,prior(bullish)=0.50<0.6 OR rev(bearish)=0.50<0.5,-1,0.0,0.0,
SOL/USDT,436,2026-03-28 01:00:00,short,0.67642,73.1,60.0,82.66,0.695714,med_med_down,False,True,False,False,True,0.0,-0.44270062589057846,66.86136775123012,0.0,0.016358,0.006,0.25,0.5,50.0,0.0,0.0,-1,0.0,G4_5_MTF,prior(bullish)=0.25<0.6 OR rev(bearish)=0.50<0.5,-1,0.0,0.0,
SOL/USDT,437,2026-03-28 02:00:00,short,0.67747,74.12,60.0,82.56,0.706429,med_med_down,False,True,False,False,True,0.0,-0.5283591222941595,66.42089185342292,0.0,0.016759,0.006,0.25,1.0,50.0,0.0,0.0,-1,0.0,G4_5_MTF,prior(bullish)=0.25<0.6 OR rev(bearish)=1.00<0.5,-1,0.0,0.0,
SOL/USDT,438,2026-03-28 03:00:00,short,0.67375,72.2,60.0,82.6,0.645714,med_low_down,False,False,False,False,False,0.0,0.0,50.0,0.0,0.0,0.0,0.0,0.0,50.0,0.0,0.0,-1,0.0,G2_EDGE,reg.sell_ok=False  regime='med_low_down',-1,0.0,0.0,
SOL/USDT,439,2026-03-28 04:00:00,short,0.67617,75.1,60.0,82.58,0.619286,med_low_down,False,False,False,False,False,0.0,0.0,50.0,0.0,0.0,0.0,0.0,0.0,50.0,0.0,0.0,-1,0.0,G2_EDGE,reg.sell_ok=False  regime='med_low_down',-1,0.0,0.0,
SOL/USDT,440,2026-03-28 05:00:00,short,0.67274,72.4,60.0,82.75,0.573571,med_low_down,False,False,False,False,False,0.0,0.0,50.0,0.0,0.0,0.0,0.0,0.0,50.0,0.0,0.0,-1,0.0,G2_EDGE,reg.sell_ok=False  regime='med_low_down',-1,0.0,0.0,
SOL/USDT,441,2026-03-28 06:00:00,short,0.66974,78.89,60.0,83.18,0.565714,med_low_down,False,False,False,False,False,0.0,0.0,50.0,0.0,0.0,0.0,0.0,0.0,50.0,0.0,0.0,-1,0.0,G2_EDGE,reg.sell_ok=False  regime='med_low_down',-1,0.0,0.0,
SOL/USDT,442,2026-03-28 07:00:00,short,0.64895,74.18,60.0,83.62,0.505,med_low_down,False,False,False,False,False,0.0,0.0,50.0,0.0,0.0,0.0,0.0,0.0,50.0,0.0,0.0,-1,0.0,G2_EDGE,reg.sell_ok=False  regime='med_low_down',-1,0.0,0.0,
SOL/USDT,443,2026-03-28 08:00:00,short,0.65128,79.54,60.0,83.4,0.484286,low_low_down,False,True,False,False,False,0.0,0.3014986349257839,69.33168311822035,0.0,0.009016,0.006,0.5,0.0,50.0,0.0,0.0,-1,0.0,G4_5_MTF,prior(bullish)=0.50<0.6 OR rev(bearish)=0.00<0.5,-1,0.0,0.0,
SOL/USDT,444,2026-03-28 09:00:00,short,0.64933,66.81,60.0,83.06,0.457857,low_low_down,False,True,False,False,True,0.0,0.17407033115254478,71.38833165877982,0.0,0.00828,0.006,0.75,0.5,54.68164765335469,3.228238891831104,-0.22689584972843324,48,0.005512,TRADE,edge=66.8 meta_conf=0.6493,450,84.135964,-1.076,LOSS
SOL/USDT,451,2026-03-28 16:00:00,short,0.64415,68.84,60.0,83.57,0.563571,low_low_flat,False,True,False,True,False,0.0,0.27292968511446475,51.38625396743234,0.0,0.010777,0.006,0.25,0.5,50.0,0.0,0.0,-1,0.0,G4_5_MTF,prior(bullish)=0.25<0.6 OR rev(bearish)=0.50<0.5,-1,0.0,0.0,
SOL/USDT,452,2026-03-28 17:00:00,short,0.64173,66.77,60.0,83.32,0.591429,low_low_up,False,True,False,True,False,0.0,0.18041172668451871,51.10774051038572,0.0,0.011433,0.006,0.25,0.5,50.0,0.0,0.0,-1,0.0,G4_5_MTF,prior(bullish)=0.25<0.6 OR rev(bearish)=0.50<0.5,-1,0.0,0.0,
SOL/USDT,453,2026-03-28 18:00:00,short,0.6462,64.07,60.0,83.39,0.580714,low_low_up,False,True,False,True,False,0.0,0.2878769114066997,50.90859794193965,0.0,0.01136,0.006,0.5,1.0,50.0,0.0,0.0,-1,0.0,G4_5_MTF,prior(bullish)=0.50<0.6 OR rev(bearish)=1.00<0.5,-1,0.0,0.0,
SOL/USDT,454,2026-03-28 19:00:00,short,0.64339,56.19,60.0,83.28,0.579286,low_low_flat,False,True,False,False,False,0.0,0.0,50.0,0.0,0.0,0.0,0.0,0.0,50.0,0.0,0.0,-1,0.0,G2_EDGE,edge=56.2 < thr=60.0,-1,0.0,0.0,
SOL/USDT,455,2026-03-28 20:00:00,short,0.64781,56.19,60.0,83.42,0.552857,low_low_flat,False,True,False,False,False,0.0,0.0,50.0,0.0,0.0,0.0,0.0,0.0,50.0,0.0,0.0,-1,0.0,G2_EDGE,edge=56.2 < thr=60.0,-1,0.0,0.0,
SOL/USDT,456,2026-03-28 21:00:00,short,0.65389,56.76,60.0,82.72,0.595,low_low_flat,False,True,False,False,False,0.0,0.0,50.0,0.0,0.0,0.0,0.0,0.0,50.0,0.0,0.0,-1,0.0,G2_EDGE,edge=56.8 < thr=60.0,-1,0.0,0.0,
SOL/USDT,457,2026-03-28 22:00:00,short,0.65465,52.08,60.0,82.8,0.601429,low_low_flat,False,True,False,False,False,0.0,0.0,50.0,0.0,0.0,0.0,0.0,0.0,50.0,0.0,0.0,-1,0.0,G2_EDGE,edge=52.1 < thr=60.0,-1,0.0,0.0,
SOL/USDT,458,2026-03-28 23:00:00,short,0.65498,60.14,60.0,82.09,0.647857,low_med_flat,False,True,False,False,True,0.0,-0.7216209501447585,41.18920532589038,-1.0,0.013896,0.006,0.5,0.5,50.0,0.0,0.0,-1,0.0,G4_5_MTF,prior(bullish)=0.50<0.6 OR rev(bearish)=0.50<0.5,-1,0.0,0.0,
SOL/USDT,459,2026-03-29 00:00:00,short,0.65974,55.89,60.0,82.21,0.631429,low_low_flat,False,True,False,False,False,0.0,0.0,50.0,0.0,0.0,0.0,0.0,0.0,50.0,0.0,0.0,-1,0.0,G2_EDGE,edge=55.9 < thr=60.0,-1,0.0,0.0,
SOL/USDT,460,2026-03-29 01:00:00,short,0.65881,54.79,60.0,82.48,0.650714,low_med_flat,False,True,False,False,False,0.0,0.0,50.0,0.0,0.0,0.0,0.0,0.0,50.0,0.0,0.0,-1,0.0,G2_EDGE,edge=54.8 < thr=60.0,-1,0.0,0.0,
SOL/USDT,461,2026-03-29 02:00:00,short,0.65305,51.4,60.0,82.78,0.637857,low_low_flat,False,True,False,False,False,0.0,0.0,50.0,0.0,0.0,0.0,0.0,0.0,50.0,0.0,0.0,-1,0.0,G2_EDGE,edge=51.4 < thr=60.0,-1,0.0,0.0,
SOL/USDT,462,2026-03-29 03:00:00,short,0.65789,62.33,60.0,83.0,0.572857,low_low_flat,False,True,False,False,False,0.0,-0.2676990796813037,44.01913714746766,0.0,0.011792,0.006,0.5,0.0,50.0,0.0,0.0,-1,0.0,G4_5_MTF,prior(bullish)=0.50<0.6 OR rev(bearish)=0.00<0.5,-1,0.0,0.0,
SOL/USDT,463,2026-03-29 04:00:00,short,0.65234,52.66,60.0,82.79,0.555714,low_low_flat,False,True,False,False,False,0.0,0.0,50.0,0.0,0.0,0.0,0.0,0.0,50.0,0.0,0.0,-1,0.0,G2_EDGE,edge=52.7 < thr=60.0,-1,0.0,0.0,
SOL/USDT,464,2026-03-29 05:00:00,short,0.65011,56.3,60.0,82.73,0.510714,low_low_flat,False,True,False,False,False,0.0,0.0,50.0,0.0,0.0,0.0,0.0,0.0,50.0,0.0,0.0,-1,0.0,G2_EDGE,edge=56.3 < thr=60.0,-1,0.0,0.0,
SOL/USDT,465,2026-03-29 06:00:00,short,0.65039,57.69,60.0,82.5,0.516429,low_low_flat,False,True,False,False,False,0.0,0.0,50.0,0.0,0.0,0.0,0.0,0.0,50.0,0.0,0.0,-1,0.0,G2_EDGE,edge=57.7 < thr=60.0,-1,0.0,0.0,
SOL/USDT,466,2026-03-29 07:00:00,short,0.6539,53.19,60.0,82.45,0.501429,low_low_flat,False,True,False,False,False,0.0,0.0,50.0,0.0,0.0,0.0,0.0,0.0,50.0,0.0,0.0,-1,0.0,G2_EDGE,edge=53.2 < thr=60.0,-1,0.0,0.0,
SOL/USDT,467,2026-03-29 08:00:00,short,0.65803,52.29,60.0,82.47,0.503571,low_low_flat,False,True,False,False,False,0.0,0.0,50.0,0.0,0.0,0.0,0.0,0.0,50.0,0.0,0.0,-1,0.0,G2_EDGE,edge=52.3 < thr=60.0,-1,0.0,0.0,
SOL/USDT,468,2026-03-29 09:00:00,short,0.65442,54.86,60.0,82.36,0.502143,low_low_flat,False,True,False,False,False,0.0,0.0,50.0,0.0,0.0,0.0,0.0,0.0,50.0,0.0,0.0,-1,0.0,G2_EDGE,edge=54.9 < thr=60.0,-1,0.0,0.0,
SOL/USDT,469,2026-03-29 10:00:00,short,0.66194,81.8,60.0,82.12,0.512143,low_low_flat,False,True,False,False,True,0.0,-0.5512427350296518,57.08513734320177,0.0,0.010448,0.006,0.0,0.5,50.0,0.0,0.0,-1,0.0,G4_5_MTF,prior(bullish)=0.00<0.6 OR rev(bearish)=0.50<0.5,-1,0.0,0.0,
SOL/USDT,470,2026-03-29 11:00:00,short,0.6594,72.28,60.0,82.58,0.485714,low_low_flat,False,True,False,False,True,0.0,-0.24348573632512852,61.3744749024657,0.0,0.009521,0.006,0.25,1.0,50.0,0.0,0.0,-1,0.0,G4_5_MTF,prior(bullish)=0.25<0.6 OR rev(bearish)=1.00<0.5,-1,0.0,0.0,
SOL/USDT,471,2026-03-29 12:00:00,short,0.64953,48.63,60.0,82.44,0.484286,low_low_flat,False,True,False,False,False,0.0,0.0,50.0,0.0,0.0,0.0,0.0,0.0,50.0,0.0,0.0,-1,0.0,G2_EDGE,edge=48.6 < thr=60.0,-1,0.0,0.0,
SOL/USDT,472,2026-03-29 13:00:00,short,0.65134,62.33,60.0,81.92,0.46,low_low_down,False,True,False,False,True,0.0,-0.5090096890578385,60.11420728746887,0.0,0.008589,0.006,0.25,0.5,50.0,0.0,0.0,-1,0.0,G4_5_MTF,prior(bullish)=0.25<0.6 OR rev(bearish)=0.50<0.5,-1,0.0,0.0,
SOL/USDT,473,2026-03-29 14:00:00,short,0.65277,62.27,60.0,81.93,0.482143,low_low_flat,False,True,False,False,True,0.0,-0.4231595126462905,59.35491871219506,0.0,0.009253,0.006,0.5,1.0,50.0,0.0,0.0,-1,0.0,G4_5_MTF,prior(bullish)=0.50<0.6 OR rev(bearish)=1.00<0.5,-1,0.0,0.0,
SOL/USDT,474,2026-03-29 15:00:00,short,0.65234,63.29,60.0,81.81,0.507857,low_low_down,False,True,False,False,True,0.0,-0.5645108867058781,51.05468321710022,0.0,0.009961,0.006,0.25,0.5,50.0,0.0,0.0,-1,0.0,G4_5_MTF,prior(bullish)=0.25<0.6 OR rev(bearish)=0.50<0.5,-1,0.0,0.0,
SOL/USDT,475,2026-03-29 16:00:00,short,0.65049,44.76,60.0,81.71,0.512857,low_low_down,False,True,False,False,False,0.0,0.0,50.0,0.0,0.0,0.0,0.0,0.0,50.0,0.0,0.0,-1,0.0,G2_EDGE,edge=44.8 < thr=60.0,-1,0.0,0.0,
SOL/USDT,476,2026-03-29 17:00:00,short,0.65398,68.32,60.0,81.56,0.527143,low_low_down,False,True,False,False,True,0.0,-0.5807275699396721,49.35183957989788,0.0,0.010611,0.006,0.5,1.0,50.0,0.0,0.0,-1,0.0,G4_5_MTF,prior(bullish)=0.50<0.6 OR rev(bearish)=1.00<0.5,-1,0.0,0.0,
SOL/USDT,477,2026-03-29 18:00:00,short,0.65309,74.13,60.0,81.81,0.542143,low_low_down,False,True,False,False,True,0.0,-0.4004657969645471,52.576014050817996,0.0,0.010939,0.006,0.25,1.0,50.0,0.0,0.0,-1,0.0,G4_5_MTF,prior(bullish)=0.25<0.6 OR rev(bearish)=1.00<0.5,-1,0.0,0.0,
SOL/USDT,478,2026-03-29 19:00:00,short,0.65302,61.83,60.0,81.62,0.531429,low_low_down,False,True,False,False,True,0.0,-0.5662614684511947,53.55833452442073,0.0,0.010674,0.006,0.25,0.5,50.0,0.0,0.0,-1,0.0,G4_5_MTF,prior(bullish)=0.25<0.6 OR rev(bearish)=0.50<0.5,-1,0.0,0.0,
SOL/USDT,479,2026-03-29 20:00:00,short,0.66129,73.47,60.0,81.94,0.537857,low_low_down,False,True,False,False,True,0.0,-0.42317089518753837,53.67302080497501,0.0,0.011177,0.006,0.25,0.5,50.0,0.0,0.0,-1,0.0,G4_5_MTF,prior(bullish)=0.25<0.6 OR rev(bearish)=0.50<0.5,-1,0.0,0.0,
SOL/USDT,480,2026-03-29 21:00:00,short,0.6551,72.9,60.0,82.16,0.536429,low_low_flat,False,True,False,False,True,0.0,-0.3030226512634888,53.85959844066692,0.0,0.010811,0.006,0.25,0.5,50.0,0.0,0.0,-1,0.0,G4_5_MTF,prior(bullish)=0.25<0.6 OR rev(bearish)=0.50<0.5,-1,0.0,0.0,
SOL/USDT,481,2026-03-29 22:00:00,short,0.65689,99.72,60.0,80.94,0.745714,low_med_down,False,True,False,False,True,0.0,-0.6323672136167243,24.300031257849863,-1.0,0.017016,0.006,0.25,0.0,50.0,0.0,0.0,-1,0.0,G4_5_MTF,prior(bullish)=0.25<0.6 OR rev(bearish)=0.00<0.5,-1,0.0,0.0,
SOL/USDT,482,2026-03-29 23:00:00,short,0.65614,93.04,60.0,81.44,0.777143,low_med_flat,False,True,False,False,False,0.0,-0.4472654728038989,25.688579908666306,0.0,0.017717,0.006,0.5,0.5,50.0,0.0,0.0,-1,0.0,G4_5_MTF,prior(bullish)=0.50<0.6 OR rev(bearish)=0.50<0.5,-1,0.0,0.0,
SOL/USDT,483,2026-03-30 00:00:00,short,0.63093,91.31,60.0,81.89,0.883571,low_med_flat,False,True,False,False,False,0.0,-0.132046134258459,25.768393963329753,0.0,0.018638,0.006,0.75,0.5,47.52688157733837,-0.39264213834394807,0.0980456359789395,-1,0.0,G5_RSI_ACCEL,rsi_accel=0.0980>0.08 (RSI recovering),-1,0.0,0.0,
SOL/USDT,484,2026-03-30 01:00:00,short,0.61531,93.1,60.0,82.71,0.903571,low_med_flat,False,True,False,True,False,0.0,0.05791889760188421,27.694281281978327,0.0,0.017717,0.006,0.5,0.0,50.0,0.0,0.0,-1,0.0,G4_5_MTF,prior(bullish)=0.50<0.6 OR rev(bearish)=0.00<0.5,-1,0.0,0.0,
SOL/USDT,485,2026-03-30 02:00:00,short,0.62395,92.91,60.0,83.35,0.979286,low_high_flat,,,True,False,False,0.0,0.0,50.0,0.0,0.0,0.0,0.0,0.0,50.0,0.0,0.0,-1,0.0,G1_REGIME,regime='low_high_flat' skipped=True reg_empty=False,-1,0.0,0.0,
SOL/USDT,486,2026-03-30 03:00:00,short,0.61676,94.33,60.0,83.27,0.97,low_high_flat,,,True,False,False,0.0,0.0,50.0,0.0,0.0,0.0,0.0,0.0,50.0,0.0,0.0,-1,0.0,G1_REGIME,regime='low_high_flat' skipped=True reg_empty=False,-1,0.0,0.0,
SOL/USDT,487,2026-03-30 04:00:00,short,0.62089,87.7,60.0,83.77,0.961429,low_high_up,,,True,False,False,0.0,0.0,50.0,0.0,0.0,0.0,0.0,0.0,50.0,0.0,0.0,-1,0.0,G1_REGIME,regime='low_high_up' skipped=True reg_empty=False,-1,0.0,0.0,
SOL/USDT,488,2026-03-30 05:00:00,short,0.613,90.41,60.0,83.64,0.955714,low_high_up,,,True,False,False,0.0,0.0,50.0,0.0,0.0,0.0,0.0,0.0,50.0,0.0,0.0,-1,0.0,G1_REGIME,regime='low_high_up' skipped=True reg_empty=False,-1,0.0,0.0,
SOL/USDT,489,2026-03-30 06:00:00,short,0.60799,87.29,60.0,83.47,0.953571,low_high_up,,,True,False,False,0.0,0.0,50.0,0.0,0.0,0.0,0.0,0.0,50.0,0.0,0.0,-1,0.0,G1_REGIME,regime='low_high_up' skipped=True reg_empty=False,-1,0.0,0.0,
SOL/USDT,490,2026-03-30 07:00:00,short,0.62201,85.74,60.0,84.02,0.966429,med_high_up,False,False,False,False,False,0.0,0.0,50.0,0.0,0.0,0.0,0.0,0.0,50.0,0.0,0.0,-1,0.0,G2_EDGE,reg.sell_ok=False  regime='med_high_up',-1,0.0,0.0,
SOL/USDT,491,2026-03-30 08:00:00,short,0.62881,90.53,60.0,84.52,0.992143,med_high_up,False,False,False,False,False,0.0,0.0,50.0,0.0,0.0,0.0,0.0,0.0,50.0,0.0,0.0,-1,0.0,G2_EDGE,reg.sell_ok=False  regime='med_high_up',-1,0.0,0.0,
SOL/USDT,492,2026-03-30 09:00:00,short,0.63623,87.61,60.0,84.14,0.998571,med_high_up,False,False,False,False,False,0.0,0.0,50.0,0.0,0.0,0.0,0.0,0.0,50.0,0.0,0.0,-1,0.0,G2_EDGE,reg.sell_ok=False  regime='med_high_up',-1,0.0,0.0,
SOL/USDT,493,2026-03-30 10:00:00,short,0.64106,68.74,60.0,83.92,1.000714,med_high_up,False,False,False,False,False,0.0,0.0,50.0,0.0,0.0,0.0,0.0,0.0,50.0,0.0,0.0,-1,0.0,G2_EDGE,reg.sell_ok=False  regime='med_high_up',-1,0.0,0.0,
SOL/USDT,494,2026-03-30 11:00:00,short,0.65673,68.9,60.0,84.24,1.033571,med_high_up,False,False,False,False,False,0.0,0.0,50.0,0.0,0.0,0.0,0.0,0.0,50.0,0.0,0.0,-1,0.0,G2_EDGE,reg.sell_ok=False  regime='med_high_up',-1,0.0,0.0,
SOL/USDT,495,2026-03-30 12:00:00,short,0.64274,64.74,60.0,84.49,0.84,med_med_up,False,True,False,True,False,0.0,0.584663295971171,45.475509937303094,0.0,0.017686,0.006,0.5,0.5,50.0,0.0,0.0,-1,0.0,G4_5_MTF,prior(bullish)=0.50<0.6 OR rev(bearish)=0.50<0.5,-1,0.0,0.0,
SOL/USDT,496,2026-03-30 13:00:00,short,0.63929,70.93,60.0,84.01,0.857857,med_med_up,False,True,False,True,False,0.0,0.4355016253131521,47.06313462407761,0.0,0.018026,0.006,0.5,0.0,50.0,0.0,0.0,-1,0.0,G4_5_MTF,prior(bullish)=0.50<0.6 OR rev(bearish)=0.00<0.5,-1,0.0,0.0,
SOL/USDT,497,2026-03-30 14:00:00,short,0.64575,89.56,60.0,84.39,0.795,med_med_up,False,True,False,True,False,0.0,0.5618761418797341,54.92149649516183,0.0,0.016749,0.006,0.5,0.5,50.0,0.0,0.0,-1,0.0,G4_5_MTF,prior(bullish)=0.50<0.6 OR rev(bearish)=0.50<0.5,-1,0.0,0.0,
SOL/USDT,498,2026-03-30 15:00:00,short,0.64017,84.71,60.0,84.51,0.786429,med_med_up,False,True,False,True,False,0.0,0.5433392970001548,62.282991132271775,0.0,0.01613,0.006,0.5,0.5,50.0,0.0,0.0,-1,0.0,G4_5_MTF,prior(bullish)=0.50<0.6 OR rev(bearish)=0.50<0.5,-1,0.0,0.0,
SOL/USDT,499,2026-03-30 16:00:00,short,0.62913,83.74,60.0,84.22,0.725,med_med_up,False,True,False,True,False,0.0,0.43532225648326484,69.14357193726933,0.0,0.013952,0.006,0.5,0.0,50.0,0.0,0.0,-1,0.0,G4_5_MTF,prior(bullish)=0.50<0.6 OR rev(bearish)=0.00<0.5,-1,0.0,0.0,
SOL/USDT,500,2026-03-30 17:00:00,short,0.64048,82.86,60.0,83.26,0.775,med_med_up,False,True,False,False,False,0.0,0.002453014287495202,71.6117887411475,0.0,0.016156,0.006,0.75,0.5,49.90476177168262,-0.41607461260552536,-0.7177143801460024,50,0.009308,TRADE,edge=82.9 meta_conf=0.6405,547,85.08125,-1.8213,LOSS
SOL/USDT,548,2026-04-01 17:00:00,short,0.65825,100.0,60.0,84.44,0.983571,high_high_up,,,True,False,False,0.0,0.0,50.0,0.0,0.0,0.0,0.0,0.0,50.0,0.0,0.0,-1,0.0,G1_REGIME,regime='high_high_up' skipped=True reg_empty=False,-1,0.0,0.0,
SOL/USDT,549,2026-04-01 18:00:00,short,0.68378,85.97,60.0,83.66,1.007857,high_high_up,,,True,False,False,0.0,0.0,50.0,0.0,0.0,0.0,0.0,0.0,50.0,0.0,0.0,-1,0.0,G1_REGIME,regime='high_high_up' skipped=True reg_empty=False,-1,0.0,0.0,
SOL/USDT,550,2026-04-01 19:00:00,short,0.66857,80.48,60.0,83.82,0.995714,high_high_up,,,True,False,False,0.0,0.0,50.0,0.0,0.0,0.0,0.0,0.0,50.0,0.0,0.0,-1,0.0,G1_REGIME,regime='high_high_up' skipped=True reg_empty=False,-1,0.0,0.0,
SOL/USDT,551,2026-04-01 20:00:00,short,0.67709,63.94,60.0,82.57,1.057143,high_high_flat,,,True,False,False,0.0,0.0,50.0,0.0,0.0,0.0,0.0,0.0,50.0,0.0,0.0,-1,0.0,G1_REGIME,regime='high_high_flat' skipped=True reg_empty=False,-1,0.0,0.0,
SOL/USDT,552,2026-04-01 21:00:00,short,0.67592,66.62,60.0,81.86,1.116429,high_high_flat,,,True,False,False,0.0,0.0,50.0,0.0,0.0,0.0,0.0,0.0,50.0,0.0,0.0,-1,0.0,G1_REGIME,regime='high_high_flat' skipped=True reg_empty=False,-1,0.0,0.0,
SOL/USDT,553,2026-04-01 22:00:00,short,0.69013,82.23,60.0,81.17,1.155,high_high_down,False,True,False,False,True,0.0,-0.703841033695599,27.329280568775296,-1.0,0.031793,0.006,0.5,1.0,50.0,0.0,0.0,-1,0.0,G4_5_MTF,prior(bullish)=0.50<0.6 OR rev(bearish)=1.00<0.5,-1,0.0,0.0,
SOL/USDT,554,2026-04-01 23:00:00,short,0.69713,60.06,60.0,81.18,1.140714,high_high_down,False,True,False,False,True,0.0,-0.5880715250493357,28.698382737846085,0.0,0.03204,0.006,0.25,1.0,50.0,0.0,0.0,-1,0.0,G4_5_MTF,prior(bullish)=0.25<0.6 OR rev(bearish)=1.00<0.5,-1,0.0,0.0,
SOL/USDT,555,2026-04-02 00:00:00,short,0.71139,61.14,60.0,81.63,1.170714,high_high_down,False,True,False,False,True,0.0,-0.48018691799242846,30.181972952655624,0.0,0.034225,0.006,0.25,0.5,50.0,0.0,0.0,-1,0.0,G4_5_MTF,prior(bullish)=0.25<0.6 OR rev(bearish)=0.50<0.5,-1,0.0,0.0,
SOL/USDT,556,2026-04-02 01:00:00,short,0.72847,86.1,60.0,79.34,1.331429,high_high_down,False,True,False,False,True,0.0,-0.7535401002522607,21.966719575389284,-1.0,0.042748,0.006,0.25,0.0,50.0,0.0,0.0,-1,0.0,G4_5_MTF,prior(bullish)=0.25<0.6 OR rev(bearish)=0.00<0.5,-1,0.0,0.0,
SOL/USDT,557,2026-04-02 02:00:00,short,0.72327,67.33,60.0,78.87,1.339286,high_high_down,False,True,False,False,True,0.0,-0.7394239888429839,20.565374753610794,-1.0,0.042681,0.006,0.25,0.5,50.0,0.0,0.0,-1,0.0,G4_5_MTF,prior(bullish)=0.25<0.6 OR rev(bearish)=0.50<0.5,-1,0.0,0.0,
SOL/USDT,558,2026-04-02 03:00:00,short,0.72255,63.42,60.0,79.01,1.316429,high_high_down,False,True,False,False,True,0.0,-0.6251482977269126,22.11560541802944,0.0,0.041719,0.006,0.5,1.0,50.0,0.0,0.0,-1,0.0,G4_5_MTF,prior(bullish)=0.50<0.6 OR rev(bearish)=1.00<0.5,-1,0.0,0.0,
SOL/USDT,559,2026-04-02 04:00:00,short,0.73863,53.11,60.0,78.82,1.272857,high_high_down,False,True,False,False,False,0.0,0.0,50.0,0.0,0.0,0.0,0.0,0.0,50.0,0.0,0.0,-1,0.0,G2_EDGE,edge=53.1 < thr=60.0,-1,0.0,0.0,
SOL/USDT,560,2026-04-02 05:00:00,short,0.7452,51.32,60.0,79.26,1.274286,high_high_down,False,True,False,False,False,0.0,0.0,50.0,0.0,0.0,0.0,0.0,0.0,50.0,0.0,0.0,-1,0.0,G2_EDGE,edge=51.3 < thr=60.0,-1,0.0,0.0,
SOL/USDT,561,2026-04-02 06:00:00,short,0.74628,49.54,60.0,79.12,1.147857,high_high_down,False,True,False,False,False,0.0,0.0,50.0,0.0,0.0,0.0,0.0,0.0,50.0,0.0,0.0,-1,0.0,G2_EDGE,edge=49.5 < thr=60.0,-1,0.0,0.0,
SOL/USDT,562,2026-04-02 07:00:00,short,0.74512,78.34,60.0,79.65,1.024286,high_high_down,False,True,False,False,False,0.0,-0.5460061320104966,36.80453621016296,0.0,0.033333,0.006,0.25,0.5,50.0,0.0,0.0,-1,0.0,G4_5_MTF,prior(bullish)=0.25<0.6 OR rev(bearish)=0.50<0.5,-1,0.0,0.0,
SOL/USDT,563,2026-04-02 08:00:00,short,0.74581,69.03,60.0,79.12,1.000714,high_high_down,False,True,False,False,True,0.0,-0.63793530227615,37.15706243949196,0.0,0.03278,0.006,0.5,0.5,50.0,0.0,0.0,-1,0.0,G4_5_MTF,prior(bullish)=0.50<0.6 OR rev(bearish)=0.50<0.5,-1,0.0,0.0,
SOL/USDT,564,2026-04-02 09:00:00,short,0.74716,68.0,60.0,79.26,0.975,high_high_down,False,True,False,False,True,0.0,-0.5074127606794266,40.671108384810886,0.0,0.031889,0.006,0.5,0.5,50.0,0.0,0.0,-1,0.0,G4_5_MTF,prior(bullish)=0.50<0.6 OR rev(bearish)=0.50<0.5,-1,0.0,0.0,
SOL/USDT,565,2026-04-02 10:00:00,short,0.73803,68.4,60.0,78.9,0.899286,high_high_down,False,True,False,False,True,0.0,-0.6404986476561731,45.3820759979042,0.0,0.028519,0.006,0.5,0.5,50.0,0.0,0.0,-1,0.0,G4_5_MTF,prior(bullish)=0.50<0.6 OR rev(bearish)=0.50<0.5,-1,0.0,0.0,
SOL/USDT,566,2026-04-02 11:00:00,short,0.73008,69.85,60.0,78.31,0.83,high_med_down,,,True,False,False,0.0,0.0,50.0,0.0,0.0,0.0,0.0,0.0,50.0,0.0,0.0,-1,0.0,G1_REGIME,regime='high_med_down' skipped=True reg_empty=False,-1,0.0,0.0,
SOL/USDT,567,2026-04-02 12:00:00,short,0.72821,71.99,60.0,77.97,0.795714,high_med_down,,,True,False,False,0.0,0.0,50.0,0.0,0.0,0.0,0.0,0.0,50.0,0.0,0.0,-1,0.0,G1_REGIME,regime='high_med_down' skipped=True reg_empty=False,-1,0.0,0.0,
SOL/USDT,568,2026-04-02 13:00:00,short,0.72769,78.4,60.0,77.74,0.875714,high_high_down,False,True,False,False,True,0.0,-0.7000955242345452,41.73735968185538,-1.0,0.027318,0.006,0.5,1.0,50.0,0.0,0.0,-1,0.0,G4_5_MTF,prior(bullish)=0.50<0.6 OR rev(bearish)=1.00<0.5,-1,0.0,0.0,
SOL/USDT,569,2026-04-02 14:00:00,short,0.73515,95.1,60.0,79.07,0.973571,high_high_down,False,True,False,False,False,0.0,-0.3986598274359956,42.30548714536166,0.0,0.03088,0.006,0.25,1.0,50.0,0.0,0.0,-1,0.0,G4_5_MTF,prior(bullish)=0.25<0.6 OR rev(bearish)=1.00<0.5,-1,0.0,0.0,
SOL/USDT,570,2026-04-02 15:00:00,short,0.69685,87.13,60.0,79.03,0.847857,high_med_down,,,True,False,False,0.0,0.0,50.0,0.0,0.0,0.0,0.0,0.0,50.0,0.0,0.0,-1,0.0,G1_REGIME,regime='high_med_down' skipped=True reg_empty=False,-1,0.0,0.0,
SOL/USDT,571,2026-04-02 16:00:00,short,0.69425,83.16,60.0,79.43,0.857143,high_med_down,,,True,False,False,0.0,0.0,50.0,0.0,0.0,0.0,0.0,0.0,50.0,0.0,0.0,-1,0.0,G1_REGIME,regime='high_med_down' skipped=True reg_empty=False,-1,0.0,0.0,
SOL/USDT,572,2026-04-02 17:00:00,short,0.69644,87.35,60.0,78.59,0.885714,high_high_down,False,True,False,False,False,0.0,-0.4372648047559858,55.23148893656637,0.0,0.02485,0.006,0.25,0.5,50.0,0.0,0.0,-1,0.0,G4_5_MTF,prior(bullish)=0.25<0.6 OR rev(bearish)=0.50<0.5,-1,0.0,0.0,
SOL/USDT,573,2026-04-02 18:00:00,short,0.69444,83.46,60.0,79.13,0.915,high_high_down,False,True,False,False,False,0.0,-0.11617183263174466,54.225572372474204,0.0,0.025438,0.006,0.25,0.5,50.0,0.0,0.0,-1,0.0,G4_5_MTF,prior(bullish)=0.25<0.6 OR rev(bearish)=0.50<0.5,-1,0.0,0.0,
SOL/USDT,574,2026-04-02 19:00:00,short,0.69094,84.92,60.0,78.98,0.896429,high_high_down,False,True,False,False,False,0.0,-0.32547179201958937,53.133630032971475,0.0,0.024615,0.006,0.5,0.5,50.0,0.0,0.0,-1,0.0,G4_5_MTF,prior(bullish)=0.50<0.6 OR rev(bearish)=0.50<0.5,-1,0.0,0.0,
SOL/USDT,575,2026-04-02 20:00:00,short,0.69079,83.38,60.0,79.16,0.905,high_high_down,False,True,False,False,False,0.0,-0.15106793245908195,52.41482984835449,0.0,0.02481,0.006,0.5,0.5,50.0,0.0,0.0,-1,0.0,G4_5_MTF,prior(bullish)=0.50<0.6 OR rev(bearish)=0.50<0.5,-1,0.0,0.0,
SOL/USDT,576,2026-04-02 21:00:00,short,0.68434,81.93,60.0,78.97,0.900714,high_high_down,False,True,False,False,False,0.0,-0.21857056942147168,52.04378564724565,0.0,0.024225,0.006,0.5,0.5,50.0,0.0,0.0,-1,0.0,G4_5_MTF,prior(bullish)=0.50<0.6 OR rev(bearish)=0.50<0.5,-1,0.0,0.0,
SOL/USDT,577,2026-04-02 22:00:00,short,0.6814,80.75,60.0,78.99,0.886429,high_high_down,False,True,False,False,False,0.0,-0.08716072389637021,51.69735897814547,0.0,0.023538,0.006,0.5,0.5,50.0,0.0,0.0,-1,0.0,G4_5_MTF,prior(bullish)=0.50<0.6 OR rev(bearish)=0.50<0.5,-1,0.0,0.0,
SOL/USDT,578,2026-04-02 23:00:00,short,0.67553,81.37,60.0,78.94,0.880714,high_med_down,,,True,False,False,0.0,0.0,50.0,0.0,0.0,0.0,0.0,0.0,50.0,0.0,0.0,-1,0.0,G1_REGIME,regime='high_med_down' skipped=True reg_empty=False,-1,0.0,0.0,
SOL/USDT,579,2026-04-03 00:00:00,short,0.6915,58.72,60.0,79.23,0.88,high_med_down,,,True,False,False,0.0,0.0,50.0,0.0,0.0,0.0,0.0,0.0,50.0,0.0,0.0,-1,0.0,G1_REGIME,regime='high_med_down' skipped=True reg_empty=False,-1,0.0,0.0,
SOL/USDT,580,2026-04-03 01:00:00,short,0.6738,60.94,60.0,79.17,0.88,high_med_flat,False,False,False,False,False,0.0,0.0,50.0,0.0,0.0,0.0,0.0,0.0,50.0,0.0,0.0,-1,0.0,G2_EDGE,reg.sell_ok=False  regime='high_med_flat',-1,0.0,0.0,
SOL/USDT,581,2026-04-03 02:00:00,short,0.66652,68.82,60.0,79.34,0.884286,med_med_flat,False,True,False,True,False,0.0,0.3805523722390761,51.77341090813462,0.0,0.02218,0.006,0.5,0.5,50.0,0.0,0.0,-1,0.0,G4_5_MTF,prior(bullish)=0.50<0.6 OR rev(bearish)=0.50<0.5,-1,0.0,0.0,
SOL/USDT,582,2026-04-03 03:00:00,short,0.65479,72.0,60.0,79.0,0.806429,med_med_flat,False,True,False,True,False,0.0,-0.01949959262797236,62.702272251791655,0.0,0.019134,0.006,0.5,0.5,50.0,0.0,0.0,-1,0.0,G4_5_MTF,prior(bullish)=0.50<0.6 OR rev(bearish)=0.50<0.5,-1,0.0,0.0,
SOL/USDT,583,2026-04-03 04:00:00,short,0.65896,68.29,60.0,79.32,0.686429,med_med_flat,False,True,False,True,False,0.0,0.3728139350432675,78.39696137057634,0.0,0.015867,0.006,0.5,0.5,50.0,0.0,0.0,-1,0.0,G4_5_MTF,prior(bullish)=0.50<0.6 OR rev(bearish)=0.50<0.5,-1,0.0,0.0,
SOL/USDT,584,2026-04-03 05:00:00,short,0.65257,65.85,60.0,79.33,0.664286,med_med_flat,False,True,False,True,False,0.0,0.33292633359208057,79.85324540056864,0.0,0.014846,0.006,0.5,0.5,50.0,0.0,0.0,-1,0.0,G4_5_MTF,prior(bullish)=0.50<0.6 OR rev(bearish)=0.50<0.5,-1,0.0,0.0,
SOL/USDT,585,2026-04-03 06:00:00,short,0.64214,63.47,60.0,79.65,0.617143,med_low_flat,False,True,False,True,False,0.0,0.4522213420797124,81.51118351325442,0.0,0.012869,0.006,0.5,0.0,50.0,0.0,0.0,-1,0.0,G4_5_MTF,prior(bullish)=0.50<0.6 OR rev(bearish)=0.00<0.5,-1,0.0,0.0,
SOL/USDT,586,2026-04-03 07:00:00,short,0.6474,67.31,60.0,79.96,0.587857,med_low_flat,False,True,False,True,False,0.0,0.5345932010650912,71.41478348754433,1.0,0.012278,0.006,0.5,0.0,50.0,0.0,0.0,-1,0.0,G4_5_MTF,prior(bullish)=0.50<0.6 OR rev(bearish)=0.00<0.5,-1,0.0,0.0,
SOL/USDT,587,2026-04-03 08:00:00,short,0.64781,86.4,60.0,79.77,0.565,med_low_flat,False,True,False,True,False,0.0,0.38865368383827725,74.64056575691176,0.0,0.011703,0.006,0.75,0.0,50.0,0.0,0.0,-1,0.0,G4_5_MTF,prior(bullish)=0.75<0.6 OR rev(bearish)=0.00<0.5,-1,0.0,0.0,
SOL/USDT,588,2026-04-03 09:00:00,short,0.64668,87.74,60.0,79.96,0.565714,med_low_flat,False,True,False,True,False,0.0,0.4985792421737034,72.51653896684667,0.0,0.011629,0.006,0.75,0.5,68.560605697027,1.5077199423069214,0.12248216913848275,-1,0.0,G5_RSI_ACCEL,rsi_accel=0.1225>0.08 (RSI recovering),-1,0.0,0.0,
SOL/USDT,589,2026-04-03 10:00:00,short,0.63827,85.57,60.0,80.15,0.559286,med_low_up,True,False,False,False,False,0.0,0.0,50.0,0.0,0.0,0.0,0.0,0.0,50.0,0.0,0.0,-1,0.0,G2_EDGE,reg.sell_ok=False  regime='med_low_up',-1,0.0,0.0,
SOL/USDT,590,2026-04-03 11:00:00,short,0.64528,86.33,60.0,80.18,0.557143,med_low_up,True,False,False,False,False,0.0,0.0,50.0,0.0,0.0,0.0,0.0,0.0,50.0,0.0,0.0,-1,0.0,G2_EDGE,reg.sell_ok=False  regime='med_low_up',-1,0.0,0.0,
SOL/USDT,591,2026-04-03 12:00:00,short,0.65653,100.0,60.0,79.34,0.647857,med_med_up,False,True,False,True,False,0.0,0.08770321762518231,58.12191349232795,0.0,0.014606,0.006,0.75,0.0,50.0,0.0,0.0,-1,0.0,G4_5_MTF,prior(bullish)=0.75<0.6 OR rev(bearish)=0.00<0.5,-1,0.0,0.0,
SOL/USDT,592,2026-04-03 13:00:00,short,0.65586,82.02,60.0,79.6,0.655,med_med_up,False,True,False,False,False,0.0,0.307648726074847,58.14606891495814,0.0,0.014711,0.006,0.75,0.5,59.37499976384935,0.6004193458078954,-0.4984667024069863,45,0.008229,TRADE,edge=82.0 meta_conf=0.6559,618,81.13925,-1.5392,LOSS
SOL/USDT,619,2026-04-04 16:00:00,short,0.64139,62.23,60.0,80.74,0.407143,low_low_flat,False,True,False,True,True,0.0,0.4760062841329229,31.969366828564038,0.0,0.006952,0.006,0.25,0.0,50.0,0.0,0.0,-1,0.0,G4_5_MTF,prior(bullish)=0.25<0.6 OR rev(bearish)=0.00<0.5,-1,0.0,0.0,
SOL/USDT,620,2026-04-04 17:00:00,short,0.63198,65.1,60.0,80.93,0.427857,low_low_up,False,True,False,True,False,0.0,0.5703478183808001,31.94082270806621,0.0,0.007131,0.006,0.25,0.5,50.0,0.0,0.0,-1,0.0,G4_5_MTF,prior(bullish)=0.25<0.6 OR rev(bearish)=0.50<0.5,-1,0.0,0.0,
SOL/USDT,621,2026-04-04 18:00:00,short,0.63226,65.56,60.0,80.84,0.446429,low_low_flat,False,True,False,True,False,0.0,0.5098080450026917,32.47388715741111,0.0,0.007638,0.006,0.5,0.5,50.0,0.0,0.0,-1,0.0,G4_5_MTF,prior(bullish)=0.50<0.6 OR rev(bearish)=0.50<0.5,-1,0.0,0.0,
SOL/USDT,622,2026-04-04 19:00:00,short,0.63221,67.48,60.0,80.85,0.473571,low_low_flat,False,True,False,True,False,0.0,0.5252371000615456,33.38632886252725,0.0,0.008342,0.006,0.5,0.5,50.0,0.0,0.0,-1,0.0,G4_5_MTF,prior(bullish)=0.50<0.6 OR rev(bearish)=0.50<0.5,-1,0.0,0.0,
SOL/USDT,623,2026-04-04 20:00:00,short,0.63738,66.29,60.0,80.81,0.462857,low_low_flat,False,True,False,True,False,0.0,0.35128211941076387,34.21820453908677,0.0,0.008278,0.006,0.75,0.5,56.50557591409758,1.2345201173074962,-0.08794998545259114,5,0.005728,TRADE,edge=66.3 meta_conf=0.6374,640,78.634571,2.1754,WIN
SOL/USDT,641,2026-04-05 14:00:00,short,0.67772,65.41,60.0,79.29,0.427857,low_low_flat,False,True,False,False,True,0.0,-0.5346800920206503,32.86826882924271,0.0,0.009101,0.006,1.0,0.5,24.548736338020987,-3.1087839346758788,0.5644056412539844,-1,0.0,G5_RSI_ACCEL,rsi_accel=0.5644>0.08 (RSI recovering),-1,0.0,0.0,
SOL/USDT,642,2026-04-05 15:00:00,short,0.64185,93.63,60.0,79.6,0.501429,low_low_down,False,True,False,False,True,0.0,-0.35476546596620684,35.76797485104081,0.0,0.009701,0.006,0.75,0.0,50.0,0.0,0.0,-1,0.0,G4_5_MTF,prior(bullish)=0.75<0.6 OR rev(bearish)=0.00<0.5,-1,0.0,0.0,
SOL/USDT,643,2026-04-05 16:00:00,short,0.65744,76.89,60.0,79.46,0.512857,low_low_flat,False,True,False,False,True,0.0,-0.565935105710708,36.49789152873245,0.0,0.010748,0.006,0.75,0.0,50.0,0.0,0.0,-1,0.0,G4_5_MTF,prior(bullish)=0.75<0.6 OR rev(bearish)=0.00<0.5,-1,0.0,0.0,
SOL/USDT,644,2026-04-05 17:00:00,short,0.62057,82.54,60.0,79.9,0.537857,low_low_flat,False,True,False,False,False,0.0,-0.2823269477802054,37.82204749085877,0.0,0.009632,0.006,0.75,0.5,40.29850729427505,0.17589018956761165,1.4140998341508726,-1,0.0,G5_RSI_ACCEL,rsi_accel=1.4141>0.08 (RSI recovering),-1,0.0,0.0,
SOL/USDT,645,2026-04-05 18:00:00,short,0.61961,83.99,60.0,79.95,0.547857,low_low_flat,False,True,False,False,False,0.0,-0.24813379388395035,41.581701400940496,0.0,0.00983,0.006,0.75,0.5,44.025157038883044,1.428747185620604,1.2528569960529923,-1,0.0,G5_RSI_ACCEL,rsi_accel=1.2529>0.08 (RSI recovering),-1,0.0,0.0,
SOL/USDT,646,2026-04-05 19:00:00,short,0.62442,82.67,60.0,79.83,0.576429,low_low_flat,False,True,False,False,False,0.0,-0.29313543762434363,44.12537688161096,0.0,0.010818,0.006,0.75,0.0,50.0,0.0,0.0,-1,0.0,G4_5_MTF,prior(bullish)=0.75<0.6 OR rev(bearish)=0.00<0.5,-1,0.0,0.0,
SOL/USDT,647,2026-04-05 20:00:00,short,0.5937,86.19,60.0,80.16,0.536429,low_low_flat,False,True,False,True,False,0.0,0.19367097264491606,46.250105439848085,0.0,0.008284,0.006,0.75,0.5,59.861591405514616,2.708190461366033,0.7738954538893978,-1,0.0,G5_RSI_ACCEL,rsi_accel=0.7739>0.08 (RSI recovering),-1,0.0,0.0,
SOL/USDT,648,2026-04-05 21:00:00,short,0.61791,82.36,60.0,79.75,0.558571,low_low_flat,False,True,False,False,False,0.0,-0.1300372122468892,47.465820285353466,0.0,0.010052,0.006,0.75,0.5,52.279635035892206,2.8603619112216125,0.1521714498555795,-1,0.0,G5_RSI_ACCEL,rsi_accel=0.1522>0.08 (RSI recovering),-1,0.0,0.0,
SOL/USDT,649,2026-04-05 22:00:00,short,0.58245,100.0,60.0,80.58,0.66,low_med_flat,False,True,False,True,False,0.0,0.48003845971745407,42.459628853574,0.0,0.010385,0.006,0.5,0.5,50.0,0.0,0.0,-1,0.0,G4_5_MTF,prior(bullish)=0.50<0.6 OR rev(bearish)=0.50<0.5,-1,0.0,0.0,
SOL/USDT,650,2026-04-05 23:00:00,short,0.56038,100.0,60.0,81.89,0.760714,low_med_up,False,False,False,False,False,0.0,0.0,50.0,0.0,0.0,0.0,0.0,0.0,50.0,0.0,0.0,-1,0.0,G2_EDGE,reg.sell_ok=False  regime='low_med_up',-1,0.0,0.0,
SOL/USDT,651,2026-04-06 00:00:00,short,0.55548,100.0,60.0,82.32,0.805,low_med_up,False,False,False,False,False,0.0,0.0,50.0,0.0,0.0,0.0,0.0,0.0,50.0,0.0,0.0,-1,0.0,G2_EDGE,reg.sell_ok=False  regime='low_med_up',-1,0.0,0.0,
SOL/USDT,652,2026-04-06 01:00:00,short,0.56601,77.19,60.0,81.69,0.845714,low_med_up,False,False,False,False,False,0.0,0.0,50.0,0.0,0.0,0.0,0.0,0.0,50.0,0.0,0.0,-1,0.0,G2_EDGE,reg.sell_ok=False  regime='low_med_up',-1,0.0,0.0,
SOL/USDT,653,2026-04-06 02:00:00,short,0.55761,85.59,60.0,82.41,0.845,low_med_up,False,False,False,False,False,0.0,0.0,50.0,0.0,0.0,0.0,0.0,0.0,50.0,0.0,0.0,-1,0.0,G2_EDGE,reg.sell_ok=False  regime='low_med_up',-1,0.0,0.0,
SOL/USDT,654,2026-04-06 03:00:00,short,0.56925,86.0,60.0,82.11,0.831429,low_med_up,False,False,False,False,False,0.0,0.0,50.0,0.0,0.0,0.0,0.0,0.0,50.0,0.0,0.0,-1,0.0,G2_EDGE,reg.sell_ok=False  regime='low_med_up',-1,0.0,0.0,
SOL/USDT,655,2026-04-06 04:00:00,short,0.5738,83.35,60.0,82.0,0.845714,low_med_up,False,False,False,False,False,0.0,0.0,50.0,0.0,0.0,0.0,0.0,0.0,50.0,0.0,0.0,-1,0.0,G2_EDGE,reg.sell_ok=False  regime='low_med_up',-1,0.0,0.0,
SOL/USDT,656,2026-04-06 05:00:00,short,0.58369,82.46,60.0,81.91,0.767857,low_med_up,False,False,False,False,False,0.0,0.0,50.0,0.0,0.0,0.0,0.0,0.0,50.0,0.0,0.0,-1,0.0,G2_EDGE,reg.sell_ok=False  regime='low_med_up',-1,0.0,0.0,
SOL/USDT,657,2026-04-06 06:00:00,short,0.58802,79.47,60.0,81.5,0.820714,low_med_up,False,False,False,False,False,0.0,0.0,50.0,0.0,0.0,0.0,0.0,0.0,50.0,0.0,0.0,-1,0.0,G2_EDGE,reg.sell_ok=False  regime='low_med_up',-1,0.0,0.0,
SOL/USDT,658,2026-04-06 07:00:00,short,0.59068,85.47,60.0,81.82,0.825,low_med_up,False,False,False,False,False,0.0,0.0,50.0,0.0,0.0,0.0,0.0,0.0,50.0,0.0,0.0,-1,0.0,G2_EDGE,reg.sell_ok=False  regime='low_med_up',-1,0.0,0.0,
SOL/USDT,659,2026-04-06 08:00:00,short,0.59214,84.54,60.0,82.0,0.833571,low_med_up,False,False,False,False,False,0.0,0.0,50.0,0.0,0.0,0.0,0.0,0.0,50.0,0.0,0.0,-1,0.0,G2_EDGE,reg.sell_ok=False  regime='low_med_up',-1,0.0,0.0,
SOL/USDT,660,2026-04-06 09:00:00,short,0.58106,92.38,60.0,82.47,0.878571,med_med_up,False,True,False,True,False,0.0,0.6621145494085764,36.75104085652127,0.0,0.014605,0.006,0.0,0.0,50.0,0.0,0.0,-1,0.0,G4_5_MTF,prior(bullish)=0.00<0.6 OR rev(bearish)=0.00<0.5,-1,0.0,0.0,
SOL/USDT,661,2026-04-06 10:00:00,short,0.58659,85.41,60.0,82.68,0.88,med_med_up,False,True,False,True,False,0.0,0.665233458357225,37.93615777264863,0.0,0.015003,0.006,0.25,0.0,50.0,0.0,0.0,-1,0.0,G4_5_MTF,prior(bullish)=0.25<0.6 OR rev(bearish)=0.00<0.5,-1,0.0,0.0,
SOL/USDT,662,2026-04-06 11:00:00,short,0.59168,83.25,60.0,82.45,0.857857,med_med_up,False,True,False,True,False,0.0,0.523019247646414,38.939146199328846,0.0,0.01495,0.006,0.5,0.0,50.0,0.0,0.0,-1,0.0,G4_5_MTF,prior(bullish)=0.50<0.6 OR rev(bearish)=0.00<0.5,-1,0.0,0.0,
SOL/USDT,663,2026-04-06 12:00:00,short,0.5911,84.05,60.0,82.3,0.767143,med_med_up,False,True,False,True,False,0.0,0.4866519937572081,54.563559273390794,0.0,0.012939,0.006,0.75,0.5,65.46762573443402,-0.2836656127331934,-0.3682301237991475,23,0.009321,TRADE,edge=84.0 meta_conf=0.5911,687,78.694429,3.6056,WIN
SOL/USDT,688,2026-04-07 13:00:00,short,0.69857,80.54,60.0,78.87,0.557857,med_low_down,False,False,False,False,False,0.0,0.0,50.0,0.0,0.0,0.0,0.0,0.0,50.0,0.0,0.0,-1,0.0,G2_EDGE,reg.sell_ok=False  regime='med_low_down',-1,0.0,0.0,
SOL/USDT,689,2026-04-07 14:00:00,short,0.7074,83.56,60.0,78.59,0.56,med_low_down,False,False,False,False,False,0.0,0.0,50.0,0.0,0.0,0.0,0.0,0.0,50.0,0.0,0.0,-1,0.0,G2_EDGE,reg.sell_ok=False  regime='med_low_down',-1,0.0,0.0,
SOL/USDT,690,2026-04-07 15:00:00,short,0.70104,80.88,60.0,78.86,0.549286,med_low_down,False,False,False,False,False,0.0,0.0,50.0,0.0,0.0,0.0,0.0,0.0,50.0,0.0,0.0,-1,0.0,G2_EDGE,reg.sell_ok=False  regime='med_low_down',-1,0.0,0.0,
SOL/USDT,691,2026-04-07 16:00:00,short,0.69694,75.95,60.0,78.89,0.557143,med_low_down,False,False,False,False,False,0.0,0.0,50.0,0.0,0.0,0.0,0.0,0.0,50.0,0.0,0.0,-1,0.0,G2_EDGE,reg.sell_ok=False  regime='med_low_down',-1,0.0,0.0,
SOL/USDT,692,2026-04-07 17:00:00,short,0.60905,100.0,60.0,80.07,0.697143,med_med_down,False,True,False,False,False,0.0,0.11963961026026423,43.437707421081384,0.0,0.012924,0.006,0.0,0.0,50.0,0.0,0.0,-1,0.0,G4_5_MTF,prior(bullish)=0.00<0.6 OR rev(bearish)=0.00<0.5,-1,0.0,0.0,
SOL/USDT,693,2026-04-07 18:00:00,short,0.60928,82.47,60.0,79.94,0.712857,med_med_down,False,True,False,False,False,0.0,-0.07716979499902876,43.89456143459764,0.0,0.013348,0.006,0.25,0.0,50.0,0.0,0.0,-1,0.0,G4_5_MTF,prior(bullish)=0.25<0.6 OR rev(bearish)=0.00<0.5,-1,0.0,0.0,
SOL/USDT,694,2026-04-07 19:00:00,short,0.59637,100.0,60.0,81.63,0.815,med_med_flat,False,True,False,True,False,0.0,0.6865369142490503,34.35777125388707,1.0,0.014514,0.006,0.5,0.5,50.0,0.0,0.0,-1,0.0,G4_5_MTF,prior(bullish)=0.50<0.6 OR rev(bearish)=0.50<0.5,-1,0.0,0.0,
SOL/USDT,695,2026-04-07 20:00:00,short,0.58915,100.0,60.0,81.93,0.846429,med_med_flat,False,True,False,True,False,0.0,0.634393069491326,29.648666937962105,1.0,0.014632,0.006,0.75,0.5,69.16932891879071,3.0857015662954375,0.4481394659690414,-1,0.0,G5_RSI_ACCEL,rsi_accel=0.4481>0.08 (RSI recovering),-1,0.0,0.0,
SOL/USDT,696,2026-04-07 21:00:00,short,0.58256,90.37,60.0,82.91,0.909286,high_med_up,False,False,False,False,False,0.0,0.0,50.0,0.0,0.0,0.0,0.0,0.0,50.0,0.0,0.0,-1,0.0,G2_EDGE,reg.sell_ok=False  regime='high_med_up',-1,0.0,0.0,
SOL/USDT,697,2026-04-07 22:00:00,short,0.56104,100.0,60.0,85.24,1.037143,high_high_up,,,True,False,False,0.0,0.0,50.0,0.0,0.0,0.0,0.0,0.0,50.0,0.0,0.0,-1,0.0,G1_REGIME,regime='high_high_up' skipped=True reg_empty=False,-1,0.0,0.0,
SOL/USDT,698,2026-04-07 23:00:00,short,0.55431,100.0,60.0,85.56,1.142143,high_high_up,,,True,False,False,0.0,0.0,50.0,0.0,0.0,0.0,0.0,0.0,50.0,0.0,0.0,-1,0.0,G1_REGIME,regime='high_high_up' skipped=True reg_empty=False,-1,0.0,0.0,
SOL/USDT,699,2026-04-08 00:00:00,short,0.57304,77.66,60.0,84.76,1.170714,high_high_up,,,True,False,False,0.0,0.0,50.0,0.0,0.0,0.0,0.0,0.0,50.0,0.0,0.0,-1,0.0,G1_REGIME,regime='high_high_up' skipped=True reg_empty=False,-1,0.0,0.0,
SOL/USDT,700,2026-04-08 01:00:00,short,0.57422,73.69,60.0,84.69,1.165714,high_high_up,,,True,False,False,0.0,0.0,50.0,0.0,0.0,0.0,0.0,0.0,50.0,0.0,0.0,-1,0.0,G1_REGIME,regime='high_high_up' skipped=True reg_empty=False,-1,0.0,0.0,
SOL/USDT,701,2026-04-08 02:00:00,short,0.57077,73.72,60.0,84.61,1.156429,high_high_up,,,True,False,False,0.0,0.0,50.0,0.0,0.0,0.0,0.0,0.0,50.0,0.0,0.0,-1,0.0,G1_REGIME,regime='high_high_up' skipped=True reg_empty=False,-1,0.0,0.0,
SOL/USDT,702,2026-04-08 03:00:00,short,0.56639,73.82,60.0,84.56,1.149286,high_high_up,,,True,False,False,0.0,0.0,50.0,0.0,0.0,0.0,0.0,0.0,50.0,0.0,0.0,-1,0.0,G1_REGIME,regime='high_high_up' skipped=True reg_empty=False,-1,0.0,0.0,
SOL/USDT,703,2026-04-08 04:00:00,short,0.57132,74.83,60.0,84.49,1.140714,high_high_up,,,True,False,False,0.0,0.0,50.0,0.0,0.0,0.0,0.0,0.0,50.0,0.0,0.0,-1,0.0,G1_REGIME,regime='high_high_up' skipped=True reg_empty=False,-1,0.0,0.0,
SOL/USDT,704,2026-04-08 05:00:00,short,0.60119,75.08,60.0,84.22,1.14,high_high_up,,,True,False,False,0.0,0.0,50.0,0.0,0.0,0.0,0.0,0.0,50.0,0.0,0.0,-1,0.0,G1_REGIME,regime='high_high_up' skipped=True reg_empty=False,-1,0.0,0.0,
SOL/USDT,705,2026-04-08 06:00:00,short,0.58894,74.65,60.0,84.55,1.16,high_high_up,,,True,False,False,0.0,0.0,50.0,0.0,0.0,0.0,0.0,0.0,50.0,0.0,0.0,-1,0.0,G1_REGIME,regime='high_high_up' skipped=True reg_empty=False,-1,0.0,0.0,
SOL/USDT,706,2026-04-08 07:00:00,short,0.58904,75.14,60.0,84.5,1.040714,high_high_up,,,True,False,False,0.0,0.0,50.0,0.0,0.0,0.0,0.0,0.0,50.0,0.0,0.0,-1,0.0,G1_REGIME,regime='high_high_up' skipped=True reg_empty=False,-1,0.0,0.0,
SOL/USDT,707,2026-04-08 08:00:00,short,0.57864,72.91,60.0,84.86,1.021429,high_high_up,,,True,False,False,0.0,0.0,50.0,0.0,0.0,0.0,0.0,0.0,50.0,0.0,0.0,-1,0.0,G1_REGIME,regime='high_high_up' skipped=True reg_empty=False,-1,0.0,0.0,
SOL/USDT,708,2026-04-08 09:00:00,short,0.58831,73.02,60.0,84.66,0.915,high_med_up,False,False,False,False,False,0.0,0.0,50.0,0.0,0.0,0.0,0.0,0.0,50.0,0.0,0.0,-1,0.0,G2_EDGE,reg.sell_ok=False  regime='high_med_up',-1,0.0,0.0,
SOL/USDT,709,2026-04-08 10:00:00,short,0.59951,74.91,60.0,84.5,0.881429,high_med_up,False,False,False,False,False,0.0,0.0,50.0,0.0,0.0,0.0,0.0,0.0,50.0,0.0,0.0,-1,0.0,G2_EDGE,reg.sell_ok=False  regime='high_med_up',-1,0.0,0.0,
SOL/USDT,710,2026-04-08 11:00:00,short,0.60846,78.87,60.0,84.45,0.835,high_med_up,False,False,False,False,False,0.0,0.0,50.0,0.0,0.0,0.0,0.0,0.0,50.0,0.0,0.0,-1,0.0,G2_EDGE,reg.sell_ok=False  regime='high_med_up',-1,0.0,0.0,
SOL/USDT,711,2026-04-08 12:00:00,short,0.61222,77.59,60.0,84.54,0.711429,high_med_up,False,False,False,False,False,0.0,0.0,50.0,0.0,0.0,0.0,0.0,0.0,50.0,0.0,0.0,-1,0.0,G2_EDGE,reg.sell_ok=False  regime='high_med_up',-1,0.0,0.0,
SOL/USDT,712,2026-04-08 13:00:00,short,0.60229,73.98,60.0,84.05,0.65,high_low_up,,,True,False,False,0.0,0.0,50.0,0.0,0.0,0.0,0.0,0.0,50.0,0.0,0.0,-1,0.0,G1_REGIME,regime='high_low_up' skipped=True reg_empty=False,-1,0.0,0.0,
SOL/USDT,713,2026-04-08 14:00:00,short,0.60709,77.87,60.0,82.9,0.650714,high_med_up,False,False,False,False,False,0.0,0.0,50.0,0.0,0.0,0.0,0.0,0.0,50.0,0.0,0.0,-1,0.0,G2_EDGE,reg.sell_ok=False  regime='high_med_up',-1,0.0,0.0,
SOL/USDT,714,2026-04-08 15:00:00,short,0.60887,82.76,60.0,83.34,0.66,high_med_up,False,False,False,False,False,0.0,0.0,50.0,0.0,0.0,0.0,0.0,0.0,50.0,0.0,0.0,-1,0.0,G2_EDGE,reg.sell_ok=False  regime='high_med_up',-1,0.0,0.0,
SOL/USDT,715,2026-04-08 16:00:00,short,0.60543,80.04,60.0,83.48,0.658571,high_med_up,False,False,False,False,False,0.0,0.0,50.0,0.0,0.0,0.0,0.0,0.0,50.0,0.0,0.0,-1,0.0,G2_EDGE,reg.sell_ok=False  regime='high_med_up',-1,0.0,0.0,
SOL/USDT,716,2026-04-08 17:00:00,short,0.61075,80.23,60.0,83.97,0.699286,high_med_up,False,False,False,False,False,0.0,0.0,50.0,0.0,0.0,0.0,0.0,0.0,50.0,0.0,0.0,-1,0.0,G2_EDGE,reg.sell_ok=False  regime='high_med_up',-1,0.0,0.0,
SOL/USDT,717,2026-04-08 18:00:00,short,0.60927,84.89,60.0,82.93,0.747143,high_med_up,False,False,False,False,False,0.0,0.0,50.0,0.0,0.0,0.0,0.0,0.0,50.0,0.0,0.0,-1,0.0,G2_EDGE,reg.sell_ok=False  regime='high_med_up',-1,0.0,0.0,
SOL/USDT,718,2026-04-08 19:00:00,short,0.60526,80.38,60.0,83.19,0.737857,high_med_up,False,False,False,False,False,0.0,0.0,50.0,0.0,0.0,0.0,0.0,0.0,50.0,0.0,0.0,-1,0.0,G2_EDGE,reg.sell_ok=False  regime='high_med_up',-1,0.0,0.0,
SOL/USDT,719,2026-04-08 20:00:00,short,0.60406,79.14,60.0,83.28,0.705,high_med_up,False,False,False,False,False,0.0,0.0,50.0,0.0,0.0,0.0,0.0,0.0,50.0,0.0,0.0,-1,0.0,G2_EDGE,reg.sell_ok=False  regime='high_med_up',-1,0.0,0.0,
SOL/USDT,720,2026-04-08 21:00:00,short,0.59297,78.53,60.0,83.4,0.7,high_med_flat,False,False,False,False,False,0.0,0.0,50.0,0.0,0.0,0.0,0.0,0.0,50.0,0.0,0.0,-1,0.0,G2_EDGE,reg.sell_ok=False  regime='high_med_flat',-1,0.0,0.0,
SOL/USDT,721,2026-04-08 22:00:00,short,0.6092,64.04,60.0,82.63,0.727857,high_med_down,,,True,False,False,0.0,0.0,50.0,0.0,0.0,0.0,0.0,0.0,50.0,0.0,0.0,-1,0.0,G1_REGIME,regime='high_med_down' skipped=True reg_empty=False,-1,0.0,0.0,
SOL/USDT,722,2026-04-08 23:00:00,short,0.62852,80.04,60.0,82.57,0.751429,med_med_down,False,True,False,False,True,0.0,-0.5517997816529512,49.492375523113026,0.0,0.014939,0.006,0.75,0.5,30.467289639898624,-1.5803445529580424,0.7346290895700027,-1,0.0,G5_RSI_ACCEL,rsi_accel=0.7346>0.08 (RSI recovering),-1,0.0,0.0,
SOL/USDT,723,2026-04-09 00:00:00,short,0.68836,71.72,60.0,82.21,0.771429,med_med_down,False,True,False,False,True,0.0,-0.633876169205485,46.92757550688105,-1.0,0.019486,0.006,0.75,1.0,29.369369295284415,-0.790357216614717,0.7899873363433254,-1,0.0,G5_RSI_ACCEL,rsi_accel=0.7900>0.08 (RSI recovering),-1,0.0,0.0,
SOL/USDT,724,2026-04-09 01:00:00,short,0.6624,72.86,60.0,82.22,0.766429,med_med_down,False,True,False,False,True,0.0,-0.4975707336071705,42.001214043024724,0.0,0.017626,0.006,0.75,1.0,29.76406526012758,-0.009392849874815116,0.7809643667399019,-1,0.0,G5_RSI_ACCEL,rsi_accel=0.7810>0.08 (RSI recovering),-1,0.0,0.0,
SOL/USDT,725,2026-04-09 02:00:00,short,0.66132,65.5,60.0,82.12,0.750714,med_med_down,False,True,False,False,True,0.0,-0.5955780434923973,42.15072300697844,0.0,0.017138,0.006,0.5,0.5,50.0,0.0,0.0,-1,0.0,G4_5_MTF,prior(bullish)=0.50<0.6 OR rev(bearish)=0.50<0.5,-1,0.0,0.0,
SOL/USDT,726,2026-04-09 03:00:00,short,0.66127,76.86,60.0,82.03,0.697143,med_med_down,False,True,False,False,True,0.0,-0.5857400643274754,52.92347710276096,0.0,0.015648,0.006,0.25,0.5,50.0,0.0,0.0,-1,0.0,G4_5_MTF,prior(bullish)=0.25<0.6 OR rev(bearish)=0.50<0.5,-1,0.0,0.0,
SOL/USDT,727,2026-04-09 04:00:00,short,0.67833,75.99,60.0,81.84,0.594286,med_low_down,False,False,False,False,False,0.0,0.0,50.0,0.0,0.0,0.0,0.0,0.0,50.0,0.0,0.0,-1,0.0,G2_EDGE,reg.sell_ok=False  regime='med_low_down',-1,0.0,0.0,
SOL/USDT,728,2026-04-09 05:00:00,short,0.67147,74.42,60.0,82.17,0.589286,med_low_down,False,False,False,False,False,0.0,0.0,50.0,0.0,0.0,0.0,0.0,0.0,50.0,0.0,0.0,-1,0.0,G2_EDGE,reg.sell_ok=False  regime='med_low_down',-1,0.0,0.0,
SOL/USDT,729,2026-04-09 06:00:00,short,0.65955,72.82,60.0,82.18,0.587143,med_low_down,False,False,False,False,False,0.0,0.0,50.0,0.0,0.0,0.0,0.0,0.0,50.0,0.0,0.0,-1,0.0,G2_EDGE,reg.sell_ok=False  regime='med_low_down',-1,0.0,0.0,
SOL/USDT,730,2026-04-09 07:00:00,short,0.6549,62.19,60.0,82.29,0.545714,med_low_down,False,False,False,False,False,0.0,0.0,50.0,0.0,0.0,0.0,0.0,0.0,50.0,0.0,0.0,-1,0.0,G2_EDGE,reg.sell_ok=False  regime='med_low_down',-1,0.0,0.0,
SOL/USDT,731,2026-04-09 08:00:00,short,0.65258,71.75,60.0,82.48,0.494286,med_low_down,False,False,False,False,False,0.0,0.0,50.0,0.0,0.0,0.0,0.0,0.0,50.0,0.0,0.0,-1,0.0,G2_EDGE,reg.sell_ok=False  regime='med_low_down',-1,0.0,0.0,
SOL/USDT,732,2026-04-09 09:00:00,short,0.64843,72.48,60.0,82.61,0.502143,med_low_down,False,False,False,False,False,0.0,0.0,50.0,0.0,0.0,0.0,0.0,0.0,50.0,0.0,0.0,-1,0.0,G2_EDGE,reg.sell_ok=False  regime='med_low_down',-1,0.0,0.0,
SOL/USDT,733,2026-04-09 10:00:00,short,0.64017,70.49,60.0,82.58,0.497143,med_low_down,False,False,False,False,False,0.0,0.0,50.0,0.0,0.0,0.0,0.0,0.0,50.0,0.0,0.0,-1,0.0,G2_EDGE,reg.sell_ok=False  regime='med_low_down',-1,0.0,0.0,
SOL/USDT,734,2026-04-09 11:00:00,short,0.67229,65.88,60.0,82.18,0.515,med_low_down,False,False,False,False,False,0.0,0.0,50.0,0.0,0.0,0.0,0.0,0.0,50.0,0.0,0.0,-1,0.0,G2_EDGE,reg.sell_ok=False  regime='med_low_down',-1,0.0,0.0,
SOL/USDT,735,2026-04-09 12:00:00,short,0.65876,74.09,60.0,82.28,0.487143,med_low_down,False,False,False,False,False,0.0,0.0,50.0,0.0,0.0,0.0,0.0,0.0,50.0,0.0,0.0,-1,0.0,G2_EDGE,reg.sell_ok=False  regime='med_low_down',-1,0.0,0.0,
SOL/USDT,736,2026-04-09 13:00:00,short,0.68247,78.58,60.0,81.87,0.492143,low_low_down,False,True,False,False,True,0.0,-0.5236997397742958,75.17918173277624,0.0,0.010796,0.006,0.75,0.5,35.77235751999483,0.5992152568726907,-0.024197259525685633,49,0.006011,TRADE,edge=78.6 meta_conf=0.6825,738,83.026536,-1.1565,LOSS
SOL/USDT,739,2026-04-09 16:00:00,short,0.60555,100.0,60.0,83.68,0.681429,low_med_flat,False,True,False,True,False,0.0,0.5173517159274433,38.34576325500582,0.0,0.011628,0.006,0.25,0.0,50.0,0.0,0.0,-1,0.0,G4_5_MTF,prior(bullish)=0.25<0.6 OR rev(bearish)=0.00<0.5,-1,0.0,0.0,
SOL/USDT,740,2026-04-09 17:00:00,short,0.60525,100.0,60.0,84.65,0.732857,low_med_flat,False,True,False,True,False,0.0,0.6949517766930081,32.94524740989013,1.0,0.012596,0.006,0.5,0.5,50.0,0.0,0.0,-1,0.0,G4_5_MTF,prior(bullish)=0.50<0.6 OR rev(bearish)=0.50<0.5,-1,0.0,0.0,
SOL/USDT,741,2026-04-09 18:00:00,short,0.61392,92.07,60.0,83.83,0.807143,med_med_up,False,True,False,True,False,0.0,0.5368086305970619,33.84421793824713,0.0,0.015046,0.006,0.75,0.5,68.25688055860621,3.426784119833712,0.4524694712178352,-1,0.0,G5_RSI_ACCEL,rsi_accel=0.4525>0.08 (RSI recovering),-1,0.0,0.0,
SOL/USDT,742,2026-04-09 19:00:00,short,0.60376,89.33,60.0,84.17,0.829286,med_med_up,False,True,False,True,False,0.0,0.5949389979041259,34.95585859026138,0.0,0.014784,0.006,0.5,0.5,50.0,0.0,0.0,-1,0.0,G4_5_MTF,prior(bullish)=0.50<0.6 OR rev(bearish)=0.50<0.5,-1,0.0,0.0,
SOL/USDT,743,2026-04-09 20:00:00,short,0.60252,83.44,60.0,84.27,0.823571,med_med_up,False,True,False,True,False,0.0,0.6554861522905804,36.019967313015954,0.0,0.014547,0.006,0.75,0.5,68.82882865520656,3.7504120937570797,0.06192694103784424,5,0.009773,TRADE,edge=83.4 meta_conf=0.6025,790,86.205393,-1.9354,LOSS
SOL/USDT,791,2026-04-11 20:00:00,short,0.57647,86.75,60.0,85.4,0.600714,low_low_flat,False,True,False,True,False,0.0,0.5194273913732452,36.200618833062975,0.0,0.008057,0.006,0.75,0.0,50.0,0.0,0.0,-1,0.0,G4_5_MTF,prior(bullish)=0.75<0.6 OR rev(bearish)=0.00<0.5,-1,0.0,0.0,
SOL/USDT,792,2026-04-11 21:00:00,short,0.58229,81.48,60.0,85.34,0.605,low_low_flat,False,True,False,True,False,0.0,0.46981576785244145,37.26890161611721,0.0,0.008443,0.006,0.75,0.5,62.80193215477606,3.8445576427816306,0.2615229278656197,-1,0.0,G5_RSI_ACCEL,rsi_accel=0.2615>0.08 (RSI recovering),-1,0.0,0.0,
SOL/USDT,793,2026-04-11 22:00:00,short,0.58067,91.75,60.0,85.28,0.667857,low_med_flat,False,True,False,True,False,0.0,0.5037006303781891,38.81294351807632,0.0,0.009656,0.006,0.75,1.0,63.56968193399124,3.6307531488938074,-0.2138044938878232,3,0.007831,TRADE,edge=91.8 meta_conf=0.5807,796,82.141071,3.1389,WIN
SOL/USDT,797,2026-04-12 02:00:00,short,0.69092,87.77,60.0,82.67,0.879286,low_med_down,False,True,False,False,True,0.0,-0.5749476607987067,23.627902339863617,0.0,0.022814,0.006,0.0,1.0,50.0,0.0,0.0,-1,0.0,G4_5_MTF,prior(bullish)=0.00<0.6 OR rev(bearish)=1.00<0.5,-1,0.0,0.0,
SOL/USDT,798,2026-04-12 03:00:00,short,0.70039,82.12,60.0,82.33,0.878571,low_med_down,False,True,False,False,True,0.0,-0.6823210854512759,25.6600461742683,0.0,0.023615,0.006,0.0,0.5,50.0,0.0,0.0,-1,0.0,G4_5_MTF,prior(bullish)=0.00<0.6 OR rev(bearish)=0.50<0.5,-1,0.0,0.0,
SOL/USDT,799,2026-04-12 04:00:00,short,0.6849,79.7,60.0,82.21,0.872143,low_med_down,False,True,False,False,True,0.0,-0.7138505710950874,27.541396309661476,0.0,0.022294,0.006,0.0,0.5,50.0,0.0,0.0,-1,0.0,G4_5_MTF,prior(bullish)=0.00<0.6 OR rev(bearish)=0.50<0.5,-1,0.0,0.0,
SOL/USDT,800,2026-04-12 05:00:00,short,0.68422,78.99,60.0,82.4,0.855,low_med_down,False,True,False,False,True,0.0,-0.5988246551938221,29.175288574337095,0.0,0.021668,0.006,0.25,1.0,50.0,0.0,0.0,-1,0.0,G4_5_MTF,prior(bullish)=0.25<0.6 OR rev(bearish)=1.00<0.5,-1,0.0,0.0,
SOL/USDT,801,2026-04-12 06:00:00,short,0.70615,69.19,60.0,82.27,0.819286,low_med_down,False,True,False,False,True,0.0,-0.6980825417663826,30.479550649291603,0.0,0.022175,0.006,0.25,0.5,50.0,0.0,0.0,-1,0.0,G4_5_MTF,prior(bullish)=0.25<0.6 OR rev(bearish)=0.50<0.5,-1,0.0,0.0,
SOL/USDT,802,2026-04-12 07:00:00,short,0.70687,66.89,60.0,82.27,0.811429,low_med_down,False,True,False,False,True,0.0,-0.6134000009534533,31.780135891753638,0.0,0.021974,0.006,0.25,0.5,50.0,0.0,0.0,-1,0.0,G4_5_MTF,prior(bullish)=0.25<0.6 OR rev(bearish)=0.50<0.5,-1,0.0,0.0,
SOL/USDT,803,2026-04-12 08:00:00,short,0.70391,66.64,60.0,82.29,0.74,low_med_down,False,True,False,False,True,0.0,-0.5460904214531854,32.58677593101217,0.0,0.019494,0.006,0.5,0.5,50.0,0.0,0.0,-1,0.0,G4_5_MTF,prior(bullish)=0.50<0.6 OR rev(bearish)=0.50<0.5,-1,0.0,0.0,
SOL/USDT,804,2026-04-12 09:00:00,short,0.70062,68.29,60.0,82.21,0.7,low_med_down,False,True,False,False,True,0.0,-0.6414679326846321,33.71409572267801,0.0,0.018048,0.006,0.25,0.0,50.0,0.0,0.0,-1,0.0,G4_5_MTF,prior(bullish)=0.25<0.6 OR rev(bearish)=0.00<0.5,-1,0.0,0.0,
SOL/USDT,805,2026-04-12 10:00:00,short,0.69643,67.75,60.0,82.04,0.660714,low_med_down,False,True,False,False,True,0.0,-0.6525624841181185,33.9281771857337,0.0,0.016616,0.006,0.25,0.5,50.0,0.0,0.0,-1,0.0,G4_5_MTF,prior(bullish)=0.25<0.6 OR rev(bearish)=0.50<0.5,-1,0.0,0.0,
SOL/USDT,806,2026-04-12 11:00:00,short,0.71398,70.39,60.0,82.22,0.667857,low_med_down,False,True,False,False,True,0.0,-0.5168308856279961,34.151163251118206,0.0,0.017798,0.006,0.5,1.0,50.0,0.0,0.0,-1,0.0,G4_5_MTF,prior(bullish)=0.50<0.6 OR rev(bearish)=1.00<0.5,-1,0.0,0.0,
SOL/USDT,807,2026-04-12 12:00:00,short,0.70175,73.23,60.0,82.02,0.635,low_low_down,False,True,False,False,True,0.0,-0.6342112704474642,42.928258857537095,0.0,0.016109,0.006,0.25,0.5,50.0,0.0,0.0,-1,0.0,G4_5_MTF,prior(bullish)=0.25<0.6 OR rev(bearish)=0.50<0.5,-1,0.0,0.0,
SOL/USDT,808,2026-04-12 13:00:00,short,0.69179,71.56,60.0,81.89,0.613571,low_low_down,False,True,False,False,True,0.0,-0.6391132992796339,45.0964948272355,0.0,0.014935,0.006,0.25,0.5,50.0,0.0,0.0,-1,0.0,G4_5_MTF,prior(bullish)=0.25<0.6 OR rev(bearish)=0.50<0.5,-1,0.0,0.0,
SOL/USDT,809,2026-04-12 14:00:00,short,0.69036,77.36,60.0,81.56,0.65,med_med_down,False,True,False,False,True,0.0,-0.697243718597884,40.033501185197224,-1.0,0.01606,0.006,0.5,1.0,50.0,0.0,0.0,-1,0.0,G4_5_MTF,prior(bullish)=0.50<0.6 OR rev(bearish)=1.00<0.5,-1,0.0,0.0,
SOL/USDT,810,2026-04-12 15:00:00,short,0.68594,77.5,60.0,81.59,0.479286,low_low_down,False,True,False,False,True,0.0,-0.5365739575999912,66.80975983368151,0.0,0.010603,0.006,0.25,1.0,50.0,0.0,0.0,-1,0.0,G4_5_MTF,prior(bullish)=0.25<0.6 OR rev(bearish)=1.00<0.5,-1,0.0,0.0,
SOL/USDT,811,2026-04-12 16:00:00,short,0.66611,72.61,60.0,81.88,0.419286,low_low_down,False,True,False,False,True,0.0,-0.4744323286909748,70.62713887393753,0.0,0.008014,0.006,0.25,0.5,50.0,0.0,0.0,-1,0.0,G4_5_MTF,prior(bullish)=0.25<0.6 OR rev(bearish)=0.50<0.5,-1,0.0,0.0,
SOL/USDT,812,2026-04-12 17:00:00,short,0.67013,72.85,60.0,82.18,0.425,low_low_down,False,True,False,False,True,0.0,-0.36817274932907956,75.04881769200297,0.0,0.008279,0.006,0.25,0.0,50.0,0.0,0.0,-1,0.0,G4_5_MTF,prior(bullish)=0.25<0.6 OR rev(bearish)=0.00<0.5,-1,0.0,0.0,
SOL/USDT,813,2026-04-12 18:00:00,short,0.66926,72.68,60.0,82.13,0.422857,low_low_down,False,True,False,False,True,0.0,-0.41207426959230004,73.18252528558352,0.0,0.008193,0.006,0.25,0.0,50.0,0.0,0.0,-1,0.0,G4_5_MTF,prior(bullish)=0.25<0.6 OR rev(bearish)=0.00<0.5,-1,0.0,0.0,
SOL/USDT,814,2026-04-12 19:00:00,short,0.65746,71.94,60.0,81.99,0.420714,low_low_down,False,True,False,False,True,0.0,-0.47797134896454263,71.28673467319432,0.0,0.007725,0.006,0.5,0.5,50.0,0.0,0.0,-1,0.0,G4_5_MTF,prior(bullish)=0.50<0.6 OR rev(bearish)=0.50<0.5,-1,0.0,0.0,
SOL/USDT,815,2026-04-12 20:00:00,short,0.66703,81.79,60.0,82.67,0.466429,low_low_down,False,True,False,False,False,0.0,-0.026858527952616763,61.27672406065393,0.0,0.009273,0.006,0.75,1.0,57.69230738165685,2.8291923449585967,0.9667754140111022,-1,0.0,G5_RSI_ACCEL,rsi_accel=0.9668>0.08 (RSI recovering),-1,0.0,0.0,
SOL/USDT,816,2026-04-12 21:00:00,short,0.66874,78.64,60.0,82.8,0.482143,low_low_down,False,True,False,False,False,0.0,0.1812997587458514,59.7065215479107,0.0,0.009769,0.006,0.75,0.5,59.70695940077013,3.751823321543111,0.9226309765845144,-1,0.0,G5_RSI_ACCEL,rsi_accel=0.9226>0.08 (RSI recovering),-1,0.0,0.0,
SOL/USDT,817,2026-04-12 22:00:00,short,0.67226,95.69,60.0,81.98,0.574286,low_low_down,False,True,False,False,True,0.0,-0.3653434080859266,58.89099676604145,0.0,0.012738,0.006,0.5,0.0,50.0,0.0,0.0,-1,0.0,G4_5_MTF,prior(bullish)=0.50<0.6 OR rev(bearish)=0.00<0.5,-1,0.0,0.0,
SOL/USDT,818,2026-04-12 23:00:00,short,0.66899,77.08,60.0,81.53,0.605,low_low_down,False,True,False,False,True,0.0,-0.5152502829198812,58.41543701456846,0.0,0.01356,0.006,0.5,0.5,50.0,0.0,0.0,-1,0.0,G4_5_MTF,prior(bullish)=0.50<0.6 OR rev(bearish)=0.50<0.5,-1,0.0,0.0,
SOL/USDT,819,2026-04-13 00:00:00,short,0.653,75.84,60.0,82.15,0.634286,low_low_down,False,True,False,False,True,0.0,-0.2649824237780324,58.28207033494223,0.0,0.0134,0.006,0.5,1.0,50.0,0.0,0.0,-1,0.0,G4_5_MTF,prior(bullish)=0.50<0.6 OR rev(bearish)=1.00<0.5,-1,0.0,0.0,
SOL/USDT,820,2026-04-13 01:00:00,short,0.63782,70.15,60.0,82.33,0.63,low_low_flat,False,True,False,False,True,0.0,0.05877676521795642,58.09021008621907,0.0,0.012427,0.006,0.5,0.5,50.0,0.0,0.0,-1,0.0,G4_5_MTF,prior(bullish)=0.50<0.6 OR rev(bearish)=0.50<0.5,-1,0.0,0.0,
SOL/USDT,821,2026-04-13 02:00:00,short,0.64523,83.8,60.0,81.94,0.620714,low_low_flat,False,True,False,True,True,0.0,-0.3969001801155746,58.01755678399002,0.0,0.012657,0.006,0.5,0.0,50.0,0.0,0.0,-1,0.0,G4_5_MTF,prior(bullish)=0.50<0.6 OR rev(bearish)=0.00<0.5,-1,0.0,0.0,
SOL/USDT,822,2026-04-13 03:00:00,short,0.63955,61.23,60.0,81.91,0.612143,low_low_flat,False,True,False,True,True,0.0,-0.3648792986018596,58.01028378623849,0.0,0.012134,0.006,0.5,0.5,50.0,0.0,0.0,-1,0.0,G4_5_MTF,prior(bullish)=0.50<0.6 OR rev(bearish)=0.50<0.5,-1,0.0,0.0,
SOL/USDT,823,2026-04-13 04:00:00,short,0.62759,59.07,60.0,81.9,0.582857,low_low_flat,False,True,False,False,False,0.0,0.0,50.0,0.0,0.0,0.0,0.0,0.0,50.0,0.0,0.0,-1,0.0,G2_EDGE,edge=59.1 < thr=60.0,-1,0.0,0.0,
SOL/USDT,824,2026-04-13 05:00:00,short,0.61835,61.14,60.0,81.85,0.575714,low_low_flat,False,True,False,True,True,0.0,-0.4289112091553709,58.15910193287958,0.0,0.010133,0.006,0.5,0.5,50.0,0.0,0.0,-1,0.0,G4_5_MTF,prior(bullish)=0.50<0.6 OR rev(bearish)=0.50<0.5,-1,0.0,0.0,
SOL/USDT,825,2026-04-13 06:00:00,short,0.63284,61.4,60.0,82.36,0.607143,low_low_flat,False,True,False,True,True,0.0,0.2083264090570166,59.10006324973176,0.0,0.011566,0.006,0.5,0.5,50.0,0.0,0.0,-1,0.0,G4_5_MTF,prior(bullish)=0.50<0.6 OR rev(bearish)=0.50<0.5,-1,0.0,0.0,
SOL/USDT,826,2026-04-13 07:00:00,short,0.61589,60.87,60.0,82.17,0.607143,low_low_flat,False,True,False,True,True,0.0,-0.14833399214909165,59.99061998853194,0.0,0.010719,0.006,0.25,0.5,50.0,0.0,0.0,-1,0.0,G4_5_MTF,prior(bullish)=0.25<0.6 OR rev(bearish)=0.50<0.5,-1,0.0,0.0,
SOL/USDT,827,2026-04-13 08:00:00,short,0.62122,69.76,60.0,81.86,0.628571,low_low_flat,False,True,False,True,True,0.0,-0.5363416607284727,60.971882125364715,0.0,0.011585,0.006,0.0,0.5,50.0,0.0,0.0,-1,0.0,G4_5_MTF,prior(bullish)=0.00<0.6 OR rev(bearish)=0.50<0.5,-1,0.0,0.0,
SOL/USDT,828,2026-04-13 09:00:00,short,0.6236,69.79,60.0,81.86,0.632857,low_low_flat,False,True,False,True,True,0.0,-0.553668030278802,61.95787831356029,0.0,0.011821,0.006,0.25,1.0,50.0,0.0,0.0,-1,0.0,G4_5_MTF,prior(bullish)=0.25<0.6 OR rev(bearish)=1.00<0.5,-1,0.0,0.0,
SOL/USDT,829,2026-04-13 10:00:00,short,0.6305,64.68,60.0,81.73,0.589286,low_low_flat,False,True,False,True,True,0.0,-0.49960812942689015,62.51737673712485,0.0,0.011106,0.006,0.25,1.0,50.0,0.0,0.0,-1,0.0,G4_5_MTF,prior(bullish)=0.25<0.6 OR rev(bearish)=1.00<0.5,-1,0.0,0.0,
SOL/USDT,830,2026-04-13 11:00:00,short,0.62127,62.81,60.0,81.86,0.583571,low_low_flat,False,True,False,True,True,0.0,-0.37308647580110665,64.4122645430514,0.0,0.010471,0.006,0.25,1.0,50.0,0.0,0.0,-1,0.0,G4_5_MTF,prior(bullish)=0.25<0.6 OR rev(bearish)=1.00<0.5,-1,0.0,0.0,
SOL/USDT,831,2026-04-13 12:00:00,short,0.6107,73.74,60.0,82.54,0.549286,low_low_flat,False,True,False,True,False,0.0,0.2871362859204947,65.04102592657652,0.0,0.009013,0.006,0.25,0.5,50.0,0.0,0.0,-1,0.0,G4_5_MTF,prior(bullish)=0.25<0.6 OR rev(bearish)=0.50<0.5,-1,0.0,0.0,
SOL/USDT,832,2026-04-13 13:00:00,short,0.62889,85.09,60.0,83.6,0.597143,low_low_up,False,True,False,True,False,0.0,0.6633468131856787,49.808358536421075,1.0,0.010883,0.006,0.0,0.0,50.0,0.0,0.0,-1,0.0,G4_5_MTF,prior(bullish)=0.00<0.6 OR rev(bearish)=0.00<0.5,-1,0.0,0.0,
SOL/USDT,833,2026-04-13 14:00:00,short,0.61836,84.44,60.0,83.77,0.613571,low_low_up,False,True,False,True,False,0.0,0.7037695008316099,49.7153633366197,1.0,0.010718,0.006,0.25,0.0,50.0,0.0,0.0,-1,0.0,G4_5_MTF,prior(bullish)=0.25<0.6 OR rev(bearish)=0.00<0.5,-1,0.0,0.0,
SOL/USDT,834,2026-04-13 15:00:00,short,0.67599,75.44,60.0,82.65,0.691429,low_med_up,False,False,False,False,False,0.0,0.0,50.0,0.0,0.0,0.0,0.0,0.0,50.0,0.0,0.0,-1,0.0,G2_EDGE,reg.sell_ok=False  regime='low_med_up',-1,0.0,0.0,
SOL/USDT,835,2026-04-13 16:00:00,short,0.65559,71.88,60.0,83.35,0.743571,low_med_up,False,False,False,False,False,0.0,0.0,50.0,0.0,0.0,0.0,0.0,0.0,50.0,0.0,0.0,-1,0.0,G2_EDGE,reg.sell_ok=False  regime='low_med_up',-1,0.0,0.0,
SOL/USDT,836,2026-04-13 17:00:00,short,0.66356,87.87,60.0,83.05,0.778571,low_med_up,False,False,False,False,False,0.0,0.0,50.0,0.0,0.0,0.0,0.0,0.0,50.0,0.0,0.0,-1,0.0,G2_EDGE,reg.sell_ok=False  regime='low_med_up',-1,0.0,0.0,
SOL/USDT,837,2026-04-13 18:00:00,short,0.64936,86.17,60.0,83.22,0.799286,low_med_up,False,False,False,False,False,0.0,0.0,50.0,0.0,0.0,0.0,0.0,0.0,50.0,0.0,0.0,-1,0.0,G2_EDGE,reg.sell_ok=False  regime='low_med_up',-1,0.0,0.0,
SOL/USDT,838,2026-04-13 19:00:00,short,0.60657,100.0,60.0,84.09,0.849286,low_med_up,False,False,False,False,False,0.0,0.0,50.0,0.0,0.0,0.0,0.0,0.0,50.0,0.0,0.0,-1,0.0,G2_EDGE,reg.sell_ok=False  regime='low_med_up',-1,0.0,0.0,
SOL/USDT,839,2026-04-13 20:00:00,short,0.62724,91.11,60.0,83.93,0.832143,low_med_up,False,False,False,False,False,0.0,0.0,50.0,0.0,0.0,0.0,0.0,0.0,50.0,0.0,0.0,-1,0.0,G2_EDGE,reg.sell_ok=False  regime='low_med_up',-1,0.0,0.0,
SOL/USDT,840,2026-04-13 21:00:00,short,0.62215,83.54,60.0,83.95,0.815,med_med_up,False,True,False,True,False,0.0,0.6604009240109125,48.19380432963021,0.0,0.015767,0.006,0.5,0.5,50.0,0.0,0.0,-1,0.0,G4_5_MTF,prior(bullish)=0.50<0.6 OR rev(bearish)=0.50<0.5,-1,0.0,0.0,
SOL/USDT,841,2026-04-13 22:00:00,short,0.55657,100.0,60.0,86.22,0.954286,med_med_up,False,True,False,True,False,0.0,0.7637275315153134,27.686511711600076,1.0,0.013419,0.006,0.75,0.5,78.02056541230246,1.9879417341939623,0.22018300342423736,-1,0.0,G5_RSI_ACCEL,rsi_accel=0.2202>0.08 (RSI recovering),-1,0.0,0.0,
SOL/USDT,842,2026-04-13 23:00:00,short,0.5628,100.0,60.0,86.51,0.985714,med_high_up,False,False,False,False,False,0.0,0.0,50.0,0.0,0.0,0.0,0.0,0.0,50.0,0.0,0.0,-1,0.0,G2_EDGE,reg.sell_ok=False  regime='med_high_up',-1,0.0,0.0,
SOL/USDT,843,2026-04-14 00:00:00,short,0.56788,100.0,60.0,85.91,1.060714,med_high_up,False,False,False,False,False,0.0,0.0,50.0,0.0,0.0,0.0,0.0,0.0,50.0,0.0,0.0,-1,0.0,G2_EDGE,reg.sell_ok=False  regime='med_high_up',-1,0.0,0.0,
SOL/USDT,844,2026-04-14 01:00:00,short,0.55824,83.39,60.0,85.95,1.067143,med_high_up,False,False,False,False,False,0.0,0.0,50.0,0.0,0.0,0.0,0.0,0.0,50.0,0.0,0.0,-1,0.0,G2_EDGE,reg.sell_ok=False  regime='med_high_up',-1,0.0,0.0,
SOL/USDT,845,2026-04-14 02:00:00,short,0.56526,84.75,60.0,86.22,1.04,high_high_up,,,True,False,False,0.0,0.0,50.0,0.0,0.0,0.0,0.0,0.0,50.0,0.0,0.0,-1,0.0,G1_REGIME,regime='high_high_up' skipped=True reg_empty=False,-1,0.0,0.0,
SOL/USDT,846,2026-04-14 03:00:00,short,0.56205,81.65,60.0,86.05,0.962143,high_med_up,False,False,False,False,False,0.0,0.0,50.0,0.0,0.0,0.0,0.0,0.0,50.0,0.0,0.0,-1,0.0,G2_EDGE,reg.sell_ok=False  regime='high_med_up',-1,0.0,0.0,
SOL/USDT,847,2026-04-14 04:00:00,short,0.56713,82.96,60.0,85.89,0.922857,high_med_up,False,False,False,False,False,0.0,0.0,50.0,0.0,0.0,0.0,0.0,0.0,50.0,0.0,0.0,-1,0.0,G2_EDGE,reg.sell_ok=False  regime='high_med_up',-1,0.0,0.0,
SOL/USDT,848,2026-04-14 05:00:00,short,0.58591,72.37,60.0,85.5,0.852857,high_med_up,False,False,False,False,False,0.0,0.0,50.0,0.0,0.0,0.0,0.0,0.0,50.0,0.0,0.0,-1,0.0,G2_EDGE,reg.sell_ok=False  regime='high_med_up',-1,0.0,0.0,
SOL/USDT,849,2026-04-14 06:00:00,short,0.565,81.46,60.0,85.94,0.803571,high_med_up,False,False,False,False,False,0.0,0.0,50.0,0.0,0.0,0.0,0.0,0.0,50.0,0.0,0.0,-1,0.0,G2_EDGE,reg.sell_ok=False  regime='high_med_up',-1,0.0,0.0,
SOL/USDT,850,2026-04-14 07:00:00,short,0.56614,84.88,60.0,85.88,0.773571,high_med_up,False,False,False,False,False,0.0,0.0,50.0,0.0,0.0,0.0,0.0,0.0,50.0,0.0,0.0,-1,0.0,G2_EDGE,reg.sell_ok=False  regime='high_med_up',-1,0.0,0.0,
SOL/USDT,851,2026-04-14 08:00:00,short,0.56955,82.05,60.0,86.12,0.771429,high_med_up,False,False,False,False,False,0.0,0.0,50.0,0.0,0.0,0.0,0.0,0.0,50.0,0.0,0.0,-1,0.0,G2_EDGE,reg.sell_ok=False  regime='high_med_up',-1,0.0,0.0,
SOL/USDT,852,2026-04-14 09:00:00,short,0.5693,81.97,60.0,86.08,0.71,high_med_up,False,False,False,False,False,0.0,0.0,50.0,0.0,0.0,0.0,0.0,0.0,50.0,0.0,0.0,-1,0.0,G2_EDGE,reg.sell_ok=False  regime='high_med_up',-1,0.0,0.0,
SOL/USDT,853,2026-04-14 10:00:00,short,0.5738,84.38,60.0,86.01,0.710714,high_med_up,False,False,False,False,False,0.0,0.0,50.0,0.0,0.0,0.0,0.0,0.0,50.0,0.0,0.0,-1,0.0,G2_EDGE,reg.sell_ok=False  regime='high_med_up',-1,0.0,0.0,
SOL/USDT,854,2026-04-14 11:00:00,short,0.60166,90.01,60.0,85.78,0.725,high_med_up,False,False,False,False,False,0.0,0.0,50.0,0.0,0.0,0.0,0.0,0.0,50.0,0.0,0.0,-1,0.0,G2_EDGE,reg.sell_ok=False  regime='high_med_up',-1,0.0,0.0,
SOL/USDT,855,2026-04-14 12:00:00,short,0.58824,85.41,60.0,85.96,0.572857,high_low_up,,,True,False,False,0.0,0.0,50.0,0.0,0.0,0.0,0.0,0.0,50.0,0.0,0.0,-1,0.0,G1_REGIME,regime='high_low_up' skipped=True reg_empty=False,-1,0.0,0.0,
SOL/USDT,856,2026-04-14 13:00:00,short,0.56565,89.15,60.0,87.29,0.615,high_low_up,,,True,False,False,0.0,0.0,50.0,0.0,0.0,0.0,0.0,0.0,50.0,0.0,0.0,-1,0.0,G1_REGIME,regime='high_low_up' skipped=True reg_empty=False,-1,0.0,0.0,
SOL/USDT,857,2026-04-14 14:00:00,short,0.60829,95.59,60.0,86.02,0.635,high_low_up,,,True,False,False,0.0,0.0,50.0,0.0,0.0,0.0,0.0,0.0,50.0,0.0,0.0,-1,0.0,G1_REGIME,regime='high_low_up' skipped=True reg_empty=False,-1,0.0,0.0,
SOL/USDT,858,2026-04-14 15:00:00,short,0.63111,82.79,60.0,85.95,0.679286,high_med_up,False,False,False,False,False,0.0,0.0,50.0,0.0,0.0,0.0,0.0,0.0,50.0,0.0,0.0,-1,0.0,G2_EDGE,reg.sell_ok=False  regime='high_med_up',-1,0.0,0.0,
SOL/USDT,859,2026-04-14 16:00:00,short,0.64033,84.63,60.0,85.04,0.737143,high_med_up,False,False,False,False,False,0.0,0.0,50.0,0.0,0.0,0.0,0.0,0.0,50.0,0.0,0.0,-1,0.0,G2_EDGE,reg.sell_ok=False  regime='high_med_up',-1,0.0,0.0,
SOL/USDT,860,2026-04-14 17:00:00,short,0.64638,81.1,60.0,85.24,0.77,high_med_up,False,False,False,False,False,0.0,0.0,50.0,0.0,0.0,0.0,0.0,0.0,50.0,0.0,0.0,-1,0.0,G2_EDGE,reg.sell_ok=False  regime='high_med_up',-1,0.0,0.0,
SOL/USDT,861,2026-04-14 18:00:00,short,0.66952,88.24,60.0,84.08,0.843571,high_med_up,False,False,False,False,False,0.0,0.0,50.0,0.0,0.0,0.0,0.0,0.0,50.0,0.0,0.0,-1,0.0,G2_EDGE,reg.sell_ok=False  regime='high_med_up',-1,0.0,0.0,
SOL/USDT,862,2026-04-14 19:00:00,short,0.67372,79.51,60.0,83.95,0.852143,high_med_flat,False,False,False,False,False,0.0,0.0,50.0,0.0,0.0,0.0,0.0,0.0,50.0,0.0,0.0,-1,0.0,G2_EDGE,reg.sell_ok=False  regime='high_med_flat',-1,0.0,0.0,
SOL/USDT,863,2026-04-14 20:00:00,short,0.67328,79.33,60.0,83.61,0.862143,high_med_flat,False,False,False,False,False,0.0,0.0,50.0,0.0,0.0,0.0,0.0,0.0,50.0,0.0,0.0,-1,0.0,G2_EDGE,reg.sell_ok=False  regime='high_med_flat',-1,0.0,0.0,
SOL/USDT,864,2026-04-14 21:00:00,short,0.68417,75.75,60.0,83.82,0.862143,high_med_flat,False,False,False,False,False,0.0,0.0,50.0,0.0,0.0,0.0,0.0,0.0,50.0,0.0,0.0,-1,0.0,G2_EDGE,reg.sell_ok=False  regime='high_med_flat',-1,0.0,0.0,
SOL/USDT,865,2026-04-14 22:00:00,short,0.68144,51.89,60.0,83.51,0.860714,high_med_down,,,True,False,False,0.0,0.0,50.0,0.0,0.0,0.0,0.0,0.0,50.0,0.0,0.0,-1,0.0,G1_REGIME,regime='high_med_down' skipped=True reg_empty=False,-1,0.0,0.0,
SOL/USDT,866,2026-04-14 23:00:00,short,0.68535,57.5,60.0,83.72,0.882857,high_med_down,,,True,False,False,0.0,0.0,50.0,0.0,0.0,0.0,0.0,0.0,50.0,0.0,0.0,-1,0.0,G1_REGIME,regime='high_med_down' skipped=True reg_empty=False,-1,0.0,0.0,
SOL/USDT,867,2026-04-15 00:00:00,short,0.68225,62.06,60.0,83.78,0.880714,high_med_down,,,True,False,False,0.0,0.0,50.0,0.0,0.0,0.0,0.0,0.0,50.0,0.0,0.0,-1,0.0,G1_REGIME,regime='high_med_down' skipped=True reg_empty=False,-1,0.0,0.0,
SOL/USDT,868,2026-04-15 01:00:00,short,0.69969,58.48,60.0,83.91,0.878571,high_med_down,,,True,False,False,0.0,0.0,50.0,0.0,0.0,0.0,0.0,0.0,50.0,0.0,0.0,-1,0.0,G1_REGIME,regime='high_med_down' skipped=True reg_empty=False,-1,0.0,0.0,
SOL/USDT,869,2026-04-15 02:00:00,short,0.70624,60.42,60.0,83.4,0.913571,high_med_down,,,True,False,False,0.0,0.0,50.0,0.0,0.0,0.0,0.0,0.0,50.0,0.0,0.0,-1,0.0,G1_REGIME,regime='high_med_down' skipped=True reg_empty=False,-1,0.0,0.0,
SOL/USDT,870,2026-04-15 03:00:00,short,0.6939,42.65,60.0,83.45,0.823571,high_med_down,,,True,False,False,0.0,0.0,50.0,0.0,0.0,0.0,0.0,0.0,50.0,0.0,0.0,-1,0.0,G1_REGIME,regime='high_med_down' skipped=True reg_empty=False,-1,0.0,0.0,
SOL/USDT,871,2026-04-15 04:00:00,short,0.7098,63.62,60.0,83.61,0.729286,med_med_down,False,True,False,False,True,0.0,-0.46418614625026905,48.838968969840174,0.0,0.01915,0.006,0.75,0.5,22.92134824249426,-1.6425561842557022,0.14290331657351474,-1,0.0,G5_RSI_ACCEL,rsi_accel=0.1429>0.08 (RSI recovering),-1,0.0,0.0,
SOL/USDT,872,2026-04-15 05:00:00,short,0.70516,69.63,60.0,83.14,0.712857,high_med_down,,,True,False,False,0.0,0.0,50.0,0.0,0.0,0.0,0.0,0.0,50.0,0.0,0.0,-1,0.0,G1_REGIME,regime='high_med_down' skipped=True reg_empty=False,-1,0.0,0.0,
SOL/USDT,873,2026-04-15 06:00:00,short,0.69728,65.51,60.0,83.01,0.632857,high_low_down,,,True,False,False,0.0,0.0,50.0,0.0,0.0,0.0,0.0,0.0,50.0,0.0,0.0,-1,0.0,G1_REGIME,regime='high_low_down' skipped=True reg_empty=False,-1,0.0,0.0,
SOL/USDT,874,2026-04-15 07:00:00,short,0.68886,68.42,60.0,82.92,0.62,med_low_down,False,False,False,False,False,0.0,0.0,50.0,0.0,0.0,0.0,0.0,0.0,50.0,0.0,0.0,-1,0.0,G2_EDGE,reg.sell_ok=False  regime='med_low_down',-1,0.0,0.0,
SOL/USDT,875,2026-04-15 08:00:00,short,0.68712,74.42,60.0,83.14,0.552143,med_low_down,False,False,False,False,False,0.0,0.0,50.0,0.0,0.0,0.0,0.0,0.0,50.0,0.0,0.0,-1,0.0,G2_EDGE,reg.sell_ok=False  regime='med_low_down',-1,0.0,0.0,
SOL/USDT,876,2026-04-15 09:00:00,short,0.67572,73.67,60.0,83.16,0.535,med_low_down,False,False,False,False,False,0.0,0.0,50.0,0.0,0.0,0.0,0.0,0.0,50.0,0.0,0.0,-1,0.0,G2_EDGE,reg.sell_ok=False  regime='med_low_down',-1,0.0,0.0,
SOL/USDT,877,2026-04-15 10:00:00,short,0.67066,74.73,60.0,83.15,0.537143,med_low_down,False,False,False,False,False,0.0,0.0,50.0,0.0,0.0,0.0,0.0,0.0,50.0,0.0,0.0,-1,0.0,G2_EDGE,reg.sell_ok=False  regime='med_low_down',-1,0.0,0.0,
SOL/USDT,878,2026-04-15 11:00:00,short,0.65793,73.34,60.0,83.61,0.552143,med_low_down,False,False,False,False,False,0.0,0.0,50.0,0.0,0.0,0.0,0.0,0.0,50.0,0.0,0.0,-1,0.0,G2_EDGE,reg.sell_ok=False  regime='med_low_down',-1,0.0,0.0,
SOL/USDT,879,2026-04-15 12:00:00,short,0.67361,71.95,60.0,83.72,0.542857,med_low_down,False,False,False,False,False,0.0,0.0,50.0,0.0,0.0,0.0,0.0,0.0,50.0,0.0,0.0,-1,0.0,G2_EDGE,reg.sell_ok=False  regime='med_low_down',-1,0.0,0.0,
SOL/USDT,880,2026-04-15 13:00:00,short,0.65616,75.99,60.0,83.63,0.542857,med_low_down,False,False,False,False,False,0.0,0.0,50.0,0.0,0.0,0.0,0.0,0.0,50.0,0.0,0.0,-1,0.0,G2_EDGE,reg.sell_ok=False  regime='med_low_down',-1,0.0,0.0,
SOL/USDT,881,2026-04-15 14:00:00,short,0.65327,83.47,60.0,84.3,0.582143,med_low_down,False,False,False,False,False,0.0,0.0,50.0,0.0,0.0,0.0,0.0,0.0,50.0,0.0,0.0,-1,0.0,G2_EDGE,reg.sell_ok=False  regime='med_low_down',-1,0.0,0.0,
SOL/USDT,882,2026-04-15 15:00:00,short,0.639,83.45,60.0,84.0,0.617143,med_low_down,False,False,False,False,False,0.0,0.0,50.0,0.0,0.0,0.0,0.0,0.0,50.0,0.0,0.0,-1,0.0,G2_EDGE,reg.sell_ok=False  regime='med_low_down',-1,0.0,0.0,
SOL/USDT,883,2026-04-15 16:00:00,short,0.62821,78.96,60.0,84.54,0.610714,med_low_flat,False,True,False,False,False,0.0,0.5172590953941355,54.29370843861272,1.0,0.011018,0.006,0.5,0.5,50.0,0.0,0.0,-1,0.0,G4_5_MTF,prior(bullish)=0.50<0.6 OR rev(bearish)=0.50<0.5,-1,0.0,0.0,
SOL/USDT,884,2026-04-15 17:00:00,short,0.6321,88.45,60.0,84.69,0.644286,med_low_flat,False,True,False,True,False,0.0,0.5789963017783548,46.12664533000335,0.0,0.012024,0.006,0.75,0.5,68.12865469187108,3.7848461098025767,0.07185701640331299,88,0.007608,TRADE,edge=88.5 meta_conf=0.6321,904,86.204071,-1.5141,LOSS
SOL/USDT,905,2026-04-16 14:00:00,short,0.69495,100.0,60.0,85.39,0.722857,med_med_up,False,True,False,True,False,0.0,0.38498562707827566,48.52481803691169,0.0,0.017581,0.006,0.5,0.5,50.0,0.0,0.0,-1,0.0,G4_5_MTF,prior(bullish)=0.50<0.6 OR rev(bearish)=0.50<0.5,-1,0.0,0.0,
SOL/USDT,906,2026-04-16 15:00:00,short,0.58809,100.0,60.0,86.62,0.82,med_med_up,False,True,False,True,False,0.0,0.7187470337422834,37.80361836858398,1.0,0.013003,0.006,0.75,0.5,70.92198558087304,-0.823820898889,0.5325877725728053,-1,0.0,G5_RSI_ACCEL,rsi_accel=0.5326>0.08 (RSI recovering),-1,0.0,0.0,
SOL/USDT,907,2026-04-16 16:00:00,short,0.60991,90.68,60.0,85.94,0.862143,med_med_up,False,True,False,True,False,0.0,0.5660504238905666,38.312687297716636,0.0,0.015561,0.006,0.5,0.0,50.0,0.0,0.0,-1,0.0,G4_5_MTF,prior(bullish)=0.50<0.6 OR rev(bearish)=0.00<0.5,-1,0.0,0.0,
SOL/USDT,908,2026-04-16 17:00:00,short,0.6102,67.29,60.0,86.64,0.91,med_med_up,False,True,False,True,False,0.0,0.7122387271867221,39.06224298933872,0.0,0.016502,0.006,0.75,0.5,63.12741295679851,-0.15350450661897733,0.46019168478481187,-1,0.0,G5_RSI_ACCEL,rsi_accel=0.4602>0.08 (RSI recovering),-1,0.0,0.0,
SOL/USDT,909,2026-04-16 18:00:00,short,0.59698,85.08,60.0,89.01,1.054286,high_high_up,,,True,False,False,0.0,0.0,50.0,0.0,0.0,0.0,0.0,0.0,50.0,0.0,0.0,-1,0.0,G1_REGIME,regime='high_high_up' skipped=True reg_empty=False,-1,0.0,0.0,
SOL/USDT,910,2026-04-16 19:00:00,short,0.58548,71.32,60.0,90.1,1.128571,high_high_up,,,True,False,False,0.0,0.0,50.0,0.0,0.0,0.0,0.0,0.0,50.0,0.0,0.0,-1,0.0,G1_REGIME,regime='high_high_up' skipped=True reg_empty=False,-1,0.0,0.0,
SOL/USDT,911,2026-04-16 20:00:00,short,0.58582,89.59,60.0,89.59,1.195,high_high_up,,,True,False,False,0.0,0.0,50.0,0.0,0.0,0.0,0.0,0.0,50.0,0.0,0.0,-1,0.0,G1_REGIME,regime='high_high_up' skipped=True reg_empty=False,-1,0.0,0.0,
SOL/USDT,912,2026-04-16 21:00:00,short,0.59041,76.63,60.0,88.93,1.227143,high_high_up,,,True,False,False,0.0,0.0,50.0,0.0,0.0,0.0,0.0,0.0,50.0,0.0,0.0,-1,0.0,G1_REGIME,regime='high_high_up' skipped=True reg_empty=False,-1,0.0,0.0,
SOL/USDT,913,2026-04-16 22:00:00,short,0.59679,75.34,60.0,89.0,1.24,high_high_up,,,True,False,False,0.0,0.0,50.0,0.0,0.0,0.0,0.0,0.0,50.0,0.0,0.0,-1,0.0,G1_REGIME,regime='high_high_up' skipped=True reg_empty=False,-1,0.0,0.0,
SOL/USDT,914,2026-04-16 23:00:00,short,0.60088,73.95,60.0,89.05,1.23,high_high_up,,,True,False,False,0.0,0.0,50.0,0.0,0.0,0.0,0.0,0.0,50.0,0.0,0.0,-1,0.0,G1_REGIME,regime='high_high_up' skipped=True reg_empty=False,-1,0.0,0.0,
SOL/USDT,915,2026-04-17 00:00:00,short,0.60316,75.02,60.0,88.82,1.23,high_high_up,,,True,False,False,0.0,0.0,50.0,0.0,0.0,0.0,0.0,0.0,50.0,0.0,0.0,-1,0.0,G1_REGIME,regime='high_high_up' skipped=True reg_empty=False,-1,0.0,0.0,
SOL/USDT,916,2026-04-17 01:00:00,short,0.61049,76.64,60.0,88.24,1.292143,high_high_up,,,True,False,False,0.0,0.0,50.0,0.0,0.0,0.0,0.0,0.0,50.0,0.0,0.0,-1,0.0,G1_REGIME,regime='high_high_up' skipped=True reg_empty=False,-1,0.0,0.0,
SOL/USDT,917,2026-04-17 02:00:00,short,0.60286,77.04,60.0,87.86,1.318571,high_high_up,,,True,False,False,0.0,0.0,50.0,0.0,0.0,0.0,0.0,0.0,50.0,0.0,0.0,-1,0.0,G1_REGIME,regime='high_high_up' skipped=True reg_empty=False,-1,0.0,0.0,
SOL/USDT,918,2026-04-17 03:00:00,short,0.61971,75.9,60.0,87.72,1.176429,high_high_up,,,True,False,False,0.0,0.0,50.0,0.0,0.0,0.0,0.0,0.0,50.0,0.0,0.0,-1,0.0,G1_REGIME,regime='high_high_up' skipped=True reg_empty=False,-1,0.0,0.0,
SOL/USDT,919,2026-04-17 04:00:00,short,0.62042,74.81,60.0,88.0,1.101429,high_high_up,,,True,False,False,0.0,0.0,50.0,0.0,0.0,0.0,0.0,0.0,50.0,0.0,0.0,-1,0.0,G1_REGIME,regime='high_high_up' skipped=True reg_empty=False,-1,0.0,0.0,
SOL/USDT,920,2026-04-17 05:00:00,short,0.61472,79.18,60.0,87.41,1.012857,high_high_up,,,True,False,False,0.0,0.0,50.0,0.0,0.0,0.0,0.0,0.0,50.0,0.0,0.0,-1,0.0,G1_REGIME,regime='high_high_up' skipped=True reg_empty=False,-1,0.0,0.0,
SOL/USDT,921,2026-04-17 06:00:00,short,0.62036,75.91,60.0,88.0,0.961429,high_med_up,False,False,False,False,False,0.0,0.0,50.0,0.0,0.0,0.0,0.0,0.0,50.0,0.0,0.0,-1,0.0,G2_EDGE,reg.sell_ok=False  regime='high_med_up',-1,0.0,0.0,
SOL/USDT,922,2026-04-17 07:00:00,short,0.61978,76.95,60.0,88.12,0.92,high_med_up,False,False,False,False,False,0.0,0.0,50.0,0.0,0.0,0.0,0.0,0.0,50.0,0.0,0.0,-1,0.0,G2_EDGE,reg.sell_ok=False  regime='high_med_up',-1,0.0,0.0,
SOL/USDT,923,2026-04-17 08:00:00,short,0.61222,78.02,60.0,88.93,0.804286,high_med_up,False,False,False,False,False,0.0,0.0,50.0,0.0,0.0,0.0,0.0,0.0,50.0,0.0,0.0,-1,0.0,G2_EDGE,reg.sell_ok=False  regime='high_med_up',-1,0.0,0.0,
SOL/USDT,924,2026-04-17 09:00:00,short,0.61513,80.19,60.0,88.72,0.785,high_med_up,False,False,False,False,False,0.0,0.0,50.0,0.0,0.0,0.0,0.0,0.0,50.0,0.0,0.0,-1,0.0,G2_EDGE,reg.sell_ok=False  regime='high_med_up',-1,0.0,0.0,
SOL/USDT,925,2026-04-17 10:00:00,short,0.62447,85.42,60.0,87.67,0.792857,high_med_up,False,False,False,False,False,0.0,0.0,50.0,0.0,0.0,0.0,0.0,0.0,50.0,0.0,0.0,-1,0.0,G2_EDGE,reg.sell_ok=False  regime='high_med_up',-1,0.0,0.0,
SOL/USDT,926,2026-04-17 11:00:00,short,0.62409,77.39,60.0,88.21,0.768571,high_med_up,False,False,False,False,False,0.0,0.0,50.0,0.0,0.0,0.0,0.0,0.0,50.0,0.0,0.0,-1,0.0,G2_EDGE,reg.sell_ok=False  regime='high_med_up',-1,0.0,0.0,
SOL/USDT,927,2026-04-17 12:00:00,short,0.61088,78.41,60.0,88.89,0.798571,high_med_up,False,False,False,False,False,0.0,0.0,50.0,0.0,0.0,0.0,0.0,0.0,50.0,0.0,0.0,-1,0.0,G2_EDGE,reg.sell_ok=False  regime='high_med_up',-1,0.0,0.0,
SOL/USDT,928,2026-04-17 13:00:00,short,0.60146,100.0,60.0,90.12,0.907857,high_med_up,False,False,False,False,False,0.0,0.0,50.0,0.0,0.0,0.0,0.0,0.0,50.0,0.0,0.0,-1,0.0,G2_EDGE,reg.sell_ok=False  regime='high_med_up',-1,0.0,0.0,
SOL/USDT,929,2026-04-17 14:00:00,short,0.60091,88.91,60.0,90.03,0.942857,high_med_up,False,False,False,False,False,0.0,0.0,50.0,0.0,0.0,0.0,0.0,0.0,50.0,0.0,0.0,-1,0.0,G2_EDGE,reg.sell_ok=False  regime='high_med_up',-1,0.0,0.0,
SOL/USDT,930,2026-04-17 15:00:00,short,0.59212,87.08,60.0,89.95,0.914286,high_med_up,False,False,False,False,False,0.0,0.0,50.0,0.0,0.0,0.0,0.0,0.0,50.0,0.0,0.0,-1,0.0,G2_EDGE,reg.sell_ok=False  regime='high_med_up',-1,0.0,0.0,
SOL/USDT,931,2026-04-17 16:00:00,short,0.58788,83.71,60.0,90.42,0.906429,high_med_up,False,False,False,False,False,0.0,0.0,50.0,0.0,0.0,0.0,0.0,0.0,50.0,0.0,0.0,-1,0.0,G2_EDGE,reg.sell_ok=False  regime='high_med_up',-1,0.0,0.0,
SOL/USDT,932,2026-04-17 17:00:00,short,0.59318,86.02,60.0,89.74,0.967857,high_med_up,False,False,False,False,False,0.0,0.0,50.0,0.0,0.0,0.0,0.0,0.0,50.0,0.0,0.0,-1,0.0,G2_EDGE,reg.sell_ok=False  regime='high_med_up',-1,0.0,0.0,
SOL/USDT,933,2026-04-17 18:00:00,short,0.6086,77.43,60.0,89.17,0.993571,high_med_flat,False,False,False,False,False,0.0,0.0,50.0,0.0,0.0,0.0,0.0,0.0,50.0,0.0,0.0,-1,0.0,G2_EDGE,reg.sell_ok=False  regime='high_med_flat',-1,0.0,0.0,
SOL/USDT,934,2026-04-17 19:00:00,short,0.60513,75.89,60.0,89.23,0.992857,high_med_flat,False,False,False,False,False,0.0,0.0,50.0,0.0,0.0,0.0,0.0,0.0,50.0,0.0,0.0,-1,0.0,G2_EDGE,reg.sell_ok=False  regime='high_med_flat',-1,0.0,0.0,
SOL/USDT,935,2026-04-17 20:00:00,short,0.60324,78.22,60.0,89.0,1.001429,high_high_flat,,,True,False,False,0.0,0.0,50.0,0.0,0.0,0.0,0.0,0.0,50.0,0.0,0.0,-1,0.0,G1_REGIME,regime='high_high_flat' skipped=True reg_empty=False,-1,0.0,0.0,
SOL/USDT,936,2026-04-17 21:00:00,short,0.60384,56.32,60.0,89.13,0.998571,high_med_flat,False,False,False,False,False,0.0,0.0,50.0,0.0,0.0,0.0,0.0,0.0,50.0,0.0,0.0,-1,0.0,G2_EDGE,reg.sell_ok=False  regime='high_med_flat',-1,0.0,0.0,
SOL/USDT,937,2026-04-17 22:00:00,short,0.60899,75.62,60.0,89.22,0.967143,high_med_flat,False,False,False,False,False,0.0,0.0,50.0,0.0,0.0,0.0,0.0,0.0,50.0,0.0,0.0,-1,0.0,G2_EDGE,reg.sell_ok=False  regime='high_med_flat',-1,0.0,0.0,
SOL/USDT,938,2026-04-17 23:00:00,short,0.59825,78.04,60.0,88.76,0.930714,high_med_flat,False,False,False,False,False,0.0,0.0,50.0,0.0,0.0,0.0,0.0,0.0,50.0,0.0,0.0,-1,0.0,G2_EDGE,reg.sell_ok=False  regime='high_med_flat',-1,0.0,0.0,
SOL/USDT,939,2026-04-18 00:00:00,short,0.56991,56.47,60.0,88.96,0.865,high_med_flat,False,False,False,False,False,0.0,0.0,50.0,0.0,0.0,0.0,0.0,0.0,50.0,0.0,0.0,-1,0.0,G2_EDGE,reg.sell_ok=False  regime='high_med_flat',-1,0.0,0.0,
SOL/USDT,940,2026-04-18 01:00:00,short,0.57188,57.42,60.0,88.86,0.847857,high_med_flat,False,False,False,False,False,0.0,0.0,50.0,0.0,0.0,0.0,0.0,0.0,50.0,0.0,0.0,-1,0.0,G2_EDGE,reg.sell_ok=False  regime='high_med_flat',-1,0.0,0.0,
SOL/USDT,941,2026-04-18 02:00:00,short,0.57214,76.31,60.0,88.94,0.806429,high_med_up,False,False,False,False,False,0.0,0.0,50.0,0.0,0.0,0.0,0.0,0.0,50.0,0.0,0.0,-1,0.0,G2_EDGE,reg.sell_ok=False  regime='high_med_up',-1,0.0,0.0,
SOL/USDT,942,2026-04-18 03:00:00,short,0.59869,62.08,60.0,88.33,0.718571,high_med_flat,False,False,False,False,False,0.0,0.0,50.0,0.0,0.0,0.0,0.0,0.0,50.0,0.0,0.0,-1,0.0,G2_EDGE,reg.sell_ok=False  regime='high_med_flat',-1,0.0,0.0,
SOL/USDT,943,2026-04-18 04:00:00,short,0.58757,61.55,60.0,88.36,0.662143,high_low_flat,,,True,False,False,0.0,0.0,50.0,0.0,0.0,0.0,0.0,0.0,50.0,0.0,0.0,-1,0.0,G1_REGIME,regime='high_low_flat' skipped=True reg_empty=False,-1,0.0,0.0,
SOL/USDT,944,2026-04-18 05:00:00,short,0.59489,62.77,60.0,88.4,0.646429,high_low_up,,,True,False,False,0.0,0.0,50.0,0.0,0.0,0.0,0.0,0.0,50.0,0.0,0.0,-1,0.0,G1_REGIME,regime='high_low_up' skipped=True reg_empty=False,-1,0.0,0.0,
SOL/USDT,945,2026-04-18 06:00:00,short,0.60753,60.49,60.0,88.5,0.619286,high_low_flat,,,True,False,False,0.0,0.0,50.0,0.0,0.0,0.0,0.0,0.0,50.0,0.0,0.0,-1,0.0,G1_REGIME,regime='high_low_flat' skipped=True reg_empty=False,-1,0.0,0.0,
SOL/USDT,946,2026-04-18 07:00:00,short,0.59232,60.21,60.0,88.45,0.540714,high_low_flat,,,True,False,False,0.0,0.0,50.0,0.0,0.0,0.0,0.0,0.0,50.0,0.0,0.0,-1,0.0,G1_REGIME,regime='high_low_flat' skipped=True reg_empty=False,-1,0.0,0.0,
SOL/USDT,947,2026-04-18 08:00:00,short,0.61124,67.8,60.0,87.56,0.572857,high_low_flat,,,True,False,False,0.0,0.0,50.0,0.0,0.0,0.0,0.0,0.0,50.0,0.0,0.0,-1,0.0,G1_REGIME,regime='high_low_flat' skipped=True reg_empty=False,-1,0.0,0.0,
SOL/USDT,948,2026-04-18 09:00:00,short,0.61086,64.75,60.0,87.62,0.569286,high_low_flat,,,True,False,False,0.0,0.0,50.0,0.0,0.0,0.0,0.0,0.0,50.0,0.0,0.0,-1,0.0,G1_REGIME,regime='high_low_flat' skipped=True reg_empty=False,-1,0.0,0.0,
SOL/USDT,949,2026-04-18 10:00:00,short,0.60873,71.42,60.0,86.97,0.569286,high_low_flat,,,True,False,False,0.0,0.0,50.0,0.0,0.0,0.0,0.0,0.0,50.0,0.0,0.0,-1,0.0,G1_REGIME,regime='high_low_flat' skipped=True reg_empty=False,-1,0.0,0.0,
SOL/USDT,950,2026-04-18 11:00:00,short,0.61274,72.92,60.0,86.53,0.585,high_low_down,,,True,False,False,0.0,0.0,50.0,0.0,0.0,0.0,0.0,0.0,50.0,0.0,0.0,-1,0.0,G1_REGIME,regime='high_low_down' skipped=True reg_empty=False,-1,0.0,0.0,
SOL/USDT,951,2026-04-18 12:00:00,short,0.60912,66.88,60.0,86.91,0.579286,high_low_down,,,True,False,False,0.0,0.0,50.0,0.0,0.0,0.0,0.0,0.0,50.0,0.0,0.0,-1,0.0,G1_REGIME,regime='high_low_down' skipped=True reg_empty=False,-1,0.0,0.0,
SOL/USDT,952,2026-04-18 13:00:00,short,0.61405,66.49,60.0,86.74,0.568571,med_low_down,False,False,False,False,False,0.0,0.0,50.0,0.0,0.0,0.0,0.0,0.0,50.0,0.0,0.0,-1,0.0,G2_EDGE,reg.sell_ok=False  regime='med_low_down',-1,0.0,0.0,
SOL/USDT,953,2026-04-18 14:00:00,short,0.6186,62.97,60.0,86.82,0.565,med_low_down,False,False,False,False,False,0.0,0.0,50.0,0.0,0.0,0.0,0.0,0.0,50.0,0.0,0.0,-1,0.0,G2_EDGE,reg.sell_ok=False  regime='med_low_down',-1,0.0,0.0,
SOL/USDT,954,2026-04-18 15:00:00,short,0.6223,64.18,60.0,86.75,0.559286,low_low_down,False,True,False,False,True,0.0,-0.5746739805887233,42.083724170593705,0.0,0.009134,0.006,0.5,0.5,50.0,0.0,0.0,-1,0.0,G4_5_MTF,prior(bullish)=0.50<0.6 OR rev(bearish)=0.50<0.5,-1,0.0,0.0,
SOL/USDT,955,2026-04-18 16:00:00,short,0.60882,65.55,60.0,86.7,0.567857,low_low_down,False,True,False,False,True,0.0,-0.5780865501674228,43.36896238481039,0.0,0.008721,0.006,0.25,0.5,50.0,0.0,0.0,-1,0.0,G4_5_MTF,prior(bullish)=0.25<0.6 OR rev(bearish)=0.50<0.5,-1,0.0,0.0,
SOL/USDT,956,2026-04-18 17:00:00,short,0.6106,60.9,60.0,86.74,0.541429,low_low_down,False,True,False,False,True,0.0,-0.47200303716342495,46.94547502818026,0.0,0.008201,0.006,0.5,1.0,50.0,0.0,0.0,-1,0.0,G4_5_MTF,prior(bullish)=0.50<0.6 OR rev(bearish)=1.00<0.5,-1,0.0,0.0,
SOL/USDT,957,2026-04-18 18:00:00,short,0.62111,71.75,60.0,85.95,0.588571,low_low_down,False,True,False,False,True,0.0,-0.6810192473029287,39.3203219861961,-1.0,0.009893,0.006,0.5,0.5,50.0,0.0,0.0,-1,0.0,G4_5_MTF,prior(bullish)=0.50<0.6 OR rev(bearish)=0.50<0.5,-1,0.0,0.0,
SOL/USDT,958,2026-04-18 19:00:00,short,0.6256,62.24,60.0,86.13,0.58,low_low_down,False,True,False,False,True,0.0,-0.4991527990565149,39.27314220353136,0.0,0.009875,0.006,0.25,0.5,50.0,0.0,0.0,-1,0.0,G4_5_MTF,prior(bullish)=0.25<0.6 OR rev(bearish)=0.50<0.5,-1,0.0,0.0,
SOL/USDT,959,2026-04-18 20:00:00,short,0.62872,61.46,60.0,86.18,0.578571,low_low_down,False,True,False,False,True,0.0,-0.48381923905913227,40.02562903742203,0.0,0.009981,0.006,0.5,0.5,50.0,0.0,0.0,-1,0.0,G4_5_MTF,prior(bullish)=0.50<0.6 OR rev(bearish)=0.50<0.5,-1,0.0,0.0,
SOL/USDT,960,2026-04-18 21:00:00,short,0.63231,61.2,60.0,86.23,0.577857,low_low_down,False,True,False,False,True,0.0,-0.446163025373606,40.89212947330803,0.0,0.010125,0.006,0.25,0.0,50.0,0.0,0.0,-1,0.0,G4_5_MTF,prior(bullish)=0.25<0.6 OR rev(bearish)=0.00<0.5,-1,0.0,0.0,
SOL/USDT,961,2026-04-18 22:00:00,short,0.63472,64.68,60.0,86.3,0.509286,low_low_down,False,True,False,False,True,0.0,-0.4340007574718564,54.1848563897892,0.0,0.008539,0.006,0.5,0.0,50.0,0.0,0.0,-1,0.0,G4_5_MTF,prior(bullish)=0.50<0.6 OR rev(bearish)=0.00<0.5,-1,0.0,0.0,
SOL/USDT,962,2026-04-18 23:00:00,short,0.62991,61.64,60.0,86.16,0.494286,low_low_down,False,True,False,False,True,0.0,-0.5038194579750259,54.83571949130717,0.0,0.007995,0.006,0.75,0.0,50.0,0.0,0.0,-1,0.0,G4_5_MTF,prior(bullish)=0.75<0.6 OR rev(bearish)=0.00<0.5,-1,0.0,0.0,
SOL/USDT,963,2026-04-19 00:00:00,short,0.6304,73.45,60.0,86.01,0.47,low_low_down,False,True,False,False,True,0.0,-0.49807689051869775,70.75651135042183,0.0,0.007445,0.006,0.75,0.5,31.9548870498613,0.7097794010183297,0.26287096431684154,-1,0.0,G5_RSI_ACCEL,rsi_accel=0.2629>0.08 (RSI recovering),-1,0.0,0.0,
SOL/USDT,964,2026-04-19 01:00:00,short,0.62989,74.36,60.0,85.76,0.465714,low_low_down,False,True,False,False,True,0.0,-0.6372477104798887,64.87398919524412,-1.0,0.007354,0.006,1.0,1.0,34.41295527053366,0.8253260740752989,0.1155466730569692,-1,0.0,G5_RSI_ACCEL,rsi_accel=0.1155>0.08 (RSI recovering),-1,0.0,0.0,
SOL/USDT,965,2026-04-19 02:00:00,short,0.64734,68.7,60.0,85.53,0.477857,low_low_down,False,True,False,False,True,0.0,-0.6838197324669857,55.584442497739474,-1.0,0.008368,0.006,0.75,1.0,20.25862056740452,0.6514451603918857,-0.17388091368341319,-1,0.0,G5_RSI_LEVEL,rsi=20.3<=28.0 slope=0.6514>=0 (bottom),-1,0.0,0.0,
SOL/USDT,966,2026-04-19 03:00:00,short,0.6502,63.57,60.0,85.6,0.472143,low_low_down,False,True,False,False,True,0.0,-0.5810828416204729,55.0969935009736,0.0,0.008322,0.006,0.5,1.0,50.0,0.0,0.0,-1,0.0,G4_5_MTF,prior(bullish)=0.50<0.6 OR rev(bearish)=1.00<0.5,-1,0.0,0.0,
SOL/USDT,967,2026-04-19 04:00:00,short,0.67453,69.89,60.0,85.58,0.5,low_low_down,False,True,False,False,True,0.0,-0.6041741184321004,52.64740264120046,0.0,0.010054,0.006,0.25,0.5,50.0,0.0,0.0,-1,0.0,G4_5_MTF,prior(bullish)=0.25<0.6 OR rev(bearish)=0.50<0.5,-1,0.0,0.0,
SOL/USDT,968,2026-04-19 05:00:00,short,0.67287,68.56,60.0,85.48,0.500714,low_low_down,False,True,False,False,True,0.0,-0.6814856666031759,52.34558753512626,0.0,0.010022,0.006,0.0,0.5,50.0,0.0,0.0,-1,0.0,G4_5_MTF,prior(bullish)=0.00<0.6 OR rev(bearish)=0.50<0.5,-1,0.0,0.0,
SOL/USDT,969,2026-04-19 06:00:00,short,0.67269,71.14,60.0,85.45,0.498571,low_low_down,False,True,False,False,True,0.0,-0.6047013388920668,54.984127036652495,0.0,0.009959,0.006,0.25,1.0,50.0,0.0,0.0,-1,0.0,G4_5_MTF,prior(bullish)=0.25<0.6 OR rev(bearish)=1.00<0.5,-1,0.0,0.0,
SOL/USDT,970,2026-04-19 07:00:00,short,0.67271,89.54,60.0,84.88,0.547143,low_low_down,False,True,False,False,True,0.0,-0.6779650931369229,43.23176353717849,-1.0,0.011423,0.006,0.25,1.0,50.0,0.0,0.0,-1,0.0,G4_5_MTF,prior(bullish)=0.25<0.6 OR rev(bearish)=1.00<0.5,-1,0.0,0.0,
SOL/USDT,971,2026-04-19 08:00:00,short,0.6635,75.44,60.0,84.8,0.515,low_low_down,False,True,False,False,True,0.0,-0.7007226696891122,47.905663424368456,0.0,0.010136,0.006,0.25,1.0,50.0,0.0,0.0,-1,0.0,G4_5_MTF,prior(bullish)=0.25<0.6 OR rev(bearish)=1.00<0.5,-1,0.0,0.0,
SOL/USDT,972,2026-04-19 09:00:00,short,0.65691,76.38,60.0,84.59,0.525714,low_low_down,False,True,False,False,True,0.0,-0.7221091329895044,47.61836993113408,0.0,0.010177,0.006,0.25,1.0,50.0,0.0,0.0,-1,0.0,G4_5_MTF,prior(bullish)=0.25<0.6 OR rev(bearish)=1.00<0.5,-1,0.0,0.0,
SOL/USDT,973,2026-04-19 10:00:00,short,0.67884,67.28,60.0,84.79,0.537143,low_low_down,False,True,False,False,True,0.0,-0.5863464629549744,47.39764474601805,0.0,0.011431,0.006,0.0,1.0,50.0,0.0,0.0,-1,0.0,G4_5_MTF,prior(bullish)=0.00<0.6 OR rev(bearish)=1.00<0.5,-1,0.0,0.0,
SOL/USDT,974,2026-04-19 11:00:00,short,0.69084,83.16,60.0,85.6,0.587857,low_low_flat,False,True,False,False,True,0.0,-0.24721577753218268,47.45104107638046,0.0,0.013309,0.006,0.0,0.5,50.0,0.0,0.0,-1,0.0,G4_5_MTF,prior(bullish)=0.00<0.6 OR rev(bearish)=0.50<0.5,-1,0.0,0.0,
SOL/USDT,975,2026-04-19 12:00:00,short,0.66521,95.94,60.0,85.79,0.585714,low_low_flat,False,True,False,True,False,0.0,-0.14249934290020466,47.85667528804428,0.0,0.011974,0.006,0.0,0.0,50.0,0.0,0.0,-1,0.0,G4_5_MTF,prior(bullish)=0.00<0.6 OR rev(bearish)=0.00<0.5,-1,0.0,0.0,
SOL/USDT,976,2026-04-19 13:00:00,short,0.63357,99.7,60.0,86.33,0.647857,low_low_flat,False,True,False,True,False,0.0,-0.0387068166404339,40.3155731259749,0.0,0.011884,0.006,0.25,0.0,50.0,0.0,0.0,-1,0.0,G4_5_MTF,prior(bullish)=0.25<0.6 OR rev(bearish)=0.00<0.5,-1,0.0,0.0,
SOL/USDT,977,2026-04-19 14:00:00,short,0.62231,100.0,60.0,86.53,0.692143,low_med_flat,False,True,False,True,False,0.0,0.38624882620272616,39.12303392348645,0.0,0.012296,0.006,0.5,0.0,50.0,0.0,0.0,-1,0.0,G4_5_MTF,prior(bullish)=0.50<0.6 OR rev(bearish)=0.00<0.5,-1,0.0,0.0,
SOL/USDT,978,2026-04-19 15:00:00,short,0.64167,94.53,60.0,86.36,0.724286,low_med_flat,False,True,False,True,False,0.0,0.3016460089273795,40.398444315031604,0.0,0.014231,0.006,0.75,0.0,50.0,0.0,0.0,-1,0.0,G4_5_MTF,prior(bullish)=0.75<0.6 OR rev(bearish)=0.00<0.5,-1,0.0,0.0,
SOL/USDT,979,2026-04-19 16:00:00,short,0.65957,90.47,60.0,85.86,0.735714,low_med_flat,False,True,False,True,False,0.0,0.04338115440597402,41.62896637249353,0.0,0.015708,0.006,1.0,0.5,54.47154450878004,3.388488175797317,0.3598037345154097,-1,0.0,G5_RSI_ACCEL,rsi_accel=0.3598>0.08 (RSI recovering),-1,0.0,0.0,
SOL/USDT,980,2026-04-19 17:00:00,short,0.67166,80.24,60.0,85.13,0.771429,low_med_down,False,True,False,False,True,0.0,-0.4033543982119198,43.008817403931964,0.0,0.017614,0.006,1.0,1.0,44.59770100589246,3.449829801812838,0.06134162601552129,76,0.009062,TRADE,edge=80.2 meta_conf=0.6717,1028,85.31,-0.18,TIMEOUT
SOL/USDT,1029,2026-04-21 18:00:00,short,0.64358,58.28,60.0,85.25,0.697857,low_med_flat,False,True,False,False,False,0.0,0.0,50.0,0.0,0.0,0.0,0.0,0.0,50.0,0.0,0.0,-1,0.0,G2_EDGE,edge=58.3 < thr=60.0,-1,0.0,0.0,
SOL/USDT,1030,2026-04-21 19:00:00,short,0.64355,61.69,60.0,84.57,0.768571,low_med_flat,False,True,False,False,True,0.0,-0.6597123455237348,43.74059055160587,-1.0,0.015876,0.006,0.5,1.0,50.0,0.0,0.0,-1,0.0,G4_5_MTF,prior(bullish)=0.50<0.6 OR rev(bearish)=1.00<0.5,-1,0.0,0.0,
SOL/USDT,1031,2026-04-21 20:00:00,short,0.63568,76.26,60.0,85.42,0.808571,low_med_flat,False,True,False,False,True,0.0,-0.3402752822222643,45.031372152743856,0.0,0.016177,0.006,0.25,1.0,50.0,0.0,0.0,-1,0.0,G4_5_MTF,prior(bullish)=0.25<0.6 OR rev(bearish)=1.00<0.5,-1,0.0,0.0,
SOL/USDT,1032,2026-04-21 21:00:00,short,0.65439,54.37,60.0,85.16,0.809286,low_med_flat,False,True,False,False,False,0.0,0.0,50.0,0.0,0.0,0.0,0.0,0.0,50.0,0.0,0.0,-1,0.0,G2_EDGE,edge=54.4 < thr=60.0,-1,0.0,0.0,
SOL/USDT,1033,2026-04-21 22:00:00,short,0.65134,50.93,60.0,85.36,0.788571,low_med_flat,False,True,False,False,False,0.0,0.0,50.0,0.0,0.0,0.0,0.0,0.0,50.0,0.0,0.0,-1,0.0,G2_EDGE,edge=50.9 < thr=60.0,-1,0.0,0.0,
SOL/USDT,1034,2026-04-21 23:00:00,short,0.66727,70.7,60.0,86.03,0.817143,low_med_flat,False,True,False,True,False,0.0,0.31920271820291696,48.73461388762559,0.0,0.018361,0.006,0.25,0.5,50.0,0.0,0.0,-1,0.0,G4_5_MTF,prior(bullish)=0.25<0.6 OR rev(bearish)=0.50<0.5,-1,0.0,0.0,
SOL/USDT,1035,2026-04-22 00:00:00,short,0.65497,72.14,60.0,86.48,0.818571,low_med_up,False,False,False,False,False,0.0,0.0,50.0,0.0,0.0,0.0,0.0,0.0,50.0,0.0,0.0,-1,0.0,G2_EDGE,reg.sell_ok=False  regime='low_med_up',-1,0.0,0.0,
SOL/USDT,1036,2026-04-22 01:00:00,short,0.64863,64.81,60.0,86.27,0.817857,low_med_up,False,False,False,False,False,0.0,0.0,50.0,0.0,0.0,0.0,0.0,0.0,50.0,0.0,0.0,-1,0.0,G2_EDGE,reg.sell_ok=False  regime='low_med_up',-1,0.0,0.0,
SOL/USDT,1037,2026-04-22 02:00:00,short,0.62516,85.14,60.0,87.42,0.853571,med_med_up,False,True,False,True,False,0.0,0.7525400143433482,43.44979013825377,1.0,0.016089,0.006,0.75,0.5,66.10169475840272,-0.11073273421573676,0.3386241087213077,-1,0.0,G5_RSI_ACCEL,rsi_accel=0.3386>0.08 (RSI recovering),-1,0.0,0.0,
SOL/USDT,1038,2026-04-22 03:00:00,short,0.615,68.8,60.0,87.24,0.867857,med_med_up,False,True,False,True,False,0.0,0.611510334696034,41.305740155203694,0.0,0.015754,0.006,0.75,0.5,62.34887722402675,0.45108168750015015,0.5618144217158869,-1,0.0,G5_RSI_ACCEL,rsi_accel=0.5618>0.08 (RSI recovering),-1,0.0,0.0,
SOL/USDT,1039,2026-04-22 04:00:00,short,0.60321,61.49,60.0,87.08,0.802143,med_med_up,False,True,False,True,False,0.0,0.5922374376869686,42.04984244862138,0.0,0.013526,0.006,0.75,0.5,61.186440532777816,0.7210316485000875,0.26994996099993734,-1,0.0,G5_RSI_ACCEL,rsi_accel=0.2699>0.08 (RSI recovering),-1,0.0,0.0,
SOL/USDT,1040,2026-04-22 05:00:00,short,0.62256,84.98,60.0,88.02,0.833571,med_med_up,False,True,False,True,False,0.0,0.7488750662600961,38.18472019795853,1.0,0.015311,0.006,0.75,1.0,65.03816779991831,1.3993346146894718,0.6783029661893843,-1,0.0,G5_RSI_ACCEL,rsi_accel=0.6783>0.08 (RSI recovering),-1,0.0,0.0,
SOL/USDT,1041,2026-04-22 06:00:00,short,0.6181,67.86,60.0,87.96,0.816429,med_med_up,False,True,False,True,False,0.0,0.620522492465841,38.76763415147295,0.0,0.014634,0.006,0.5,0.5,50.0,0.0,0.0,-1,0.0,G4_5_MTF,prior(bullish)=0.50<0.6 OR rev(bearish)=0.50<0.5,-1,0.0,0.0,
SOL/USDT,1042,2026-04-22 07:00:00,short,0.61357,66.11,60.0,88.05,0.780714,med_med_up,False,True,False,True,False,0.0,0.7013421954474592,39.09777376975143,0.0,0.013518,0.006,0.25,0.5,50.0,0.0,0.0,-1,0.0,G4_5_MTF,prior(bullish)=0.25<0.6 OR rev(bearish)=0.50<0.5,-1,0.0,0.0,
SOL/USDT,1043,2026-04-22 08:00:00,short,0.61414,86.61,60.0,88.01,0.782857,med_med_up,False,True,False,True,False,0.0,0.5702724825558991,39.38222146171755,0.0,0.013609,0.006,0.5,0.5,50.0,0.0,0.0,-1,0.0,G4_5_MTF,prior(bullish)=0.50<0.6 OR rev(bearish)=0.50<0.5,-1,0.0,0.0,
SOL/USDT,1044,2026-04-22 09:00:00,short,0.59548,87.81,60.0,88.3,0.757143,med_med_up,False,True,False,True,False,0.0,0.6598940946343095,35.49339992405516,0.0,0.011847,0.006,0.25,0.5,50.0,0.0,0.0,-1,0.0,G4_5_MTF,prior(bullish)=0.25<0.6 OR rev(bearish)=0.50<0.5,-1,0.0,0.0,
SOL/USDT,1045,2026-04-22 10:00:00,short,0.60174,79.26,60.0,88.33,0.684286,med_low_up,True,False,False,False,False,0.0,0.0,50.0,0.0,0.0,0.0,0.0,0.0,50.0,0.0,0.0,-1,0.0,G2_EDGE,reg.sell_ok=False  regime='med_low_up',-1,0.0,0.0,
SOL/USDT,1046,2026-04-22 11:00:00,short,0.60238,80.02,60.0,88.31,0.667143,med_low_up,True,False,False,False,False,0.0,0.0,50.0,0.0,0.0,0.0,0.0,0.0,50.0,0.0,0.0,-1,0.0,G2_EDGE,reg.sell_ok=False  regime='med_low_up',-1,0.0,0.0,
SOL/USDT,1047,2026-04-22 12:00:00,short,0.58011,84.37,60.0,88.58,0.666429,med_low_up,True,False,False,False,False,0.0,0.0,50.0,0.0,0.0,0.0,0.0,0.0,50.0,0.0,0.0,-1,0.0,G2_EDGE,reg.sell_ok=False  regime='med_low_up',-1,0.0,0.0,
SOL/USDT,1048,2026-04-22 13:00:00,short,0.56618,100.0,60.0,89.1,0.662857,med_low_up,True,False,False,False,False,0.0,0.0,50.0,0.0,0.0,0.0,0.0,0.0,50.0,0.0,0.0,-1,0.0,G2_EDGE,reg.sell_ok=False  regime='med_low_up',-1,0.0,0.0,
SOL/USDT,1049,2026-04-22 14:00:00,short,0.57875,100.0,60.0,88.75,0.687857,med_low_up,True,False,False,False,False,0.0,0.0,50.0,0.0,0.0,0.0,0.0,0.0,50.0,0.0,0.0,-1,0.0,G2_EDGE,reg.sell_ok=False  regime='med_low_up',-1,0.0,0.0,
SOL/USDT,1050,2026-04-22 15:00:00,short,0.62634,93.12,60.0,88.18,0.715,med_med_up,False,True,False,True,False,0.0,0.42922089854539486,46.263862917682296,0.0,0.01275,0.006,0.75,0.5,70.44967858965859,1.501352083602355,-0.6819873609416387,22,0.008108,TRADE,edge=93.1 meta_conf=0.6263,1076,84.8195,3.3605,WIN
SOL/USDT,1077,2026-04-23 18:00:00,short,0.67005,81.07,60.0,85.26,0.573571,med_low_down,False,False,False,False,False,0.0,0.0,50.0,0.0,0.0,0.0,0.0,0.0,50.0,0.0,0.0,-1,0.0,G2_EDGE,reg.sell_ok=False  regime='med_low_down',-1,0.0,0.0,
SOL/USDT,1078,2026-04-23 19:00:00,short,0.68235,81.97,60.0,85.3,0.56,med_low_down,False,False,False,False,False,0.0,0.0,50.0,0.0,0.0,0.0,0.0,0.0,50.0,0.0,0.0,-1,0.0,G2_EDGE,reg.sell_ok=False  regime='med_low_down',-1,0.0,0.0,
SOL/USDT,1079,2026-04-23 20:00:00,short,0.67332,76.17,60.0,85.61,0.572143,med_low_down,False,False,False,False,False,0.0,0.0,50.0,0.0,0.0,0.0,0.0,0.0,50.0,0.0,0.0,-1,0.0,G2_EDGE,reg.sell_ok=False  regime='med_low_down',-1,0.0,0.0,
SOL/USDT,1080,2026-04-23 21:00:00,short,0.66748,82.31,60.0,85.79,0.58,med_low_down,False,False,False,False,False,0.0,0.0,50.0,0.0,0.0,0.0,0.0,0.0,50.0,0.0,0.0,-1,0.0,G2_EDGE,reg.sell_ok=False  regime='med_low_down',-1,0.0,0.0,
SOL/USDT,1081,2026-04-23 22:00:00,short,0.6669,79.84,60.0,85.97,0.584286,med_low_down,False,False,False,False,False,0.0,0.0,50.0,0.0,0.0,0.0,0.0,0.0,50.0,0.0,0.0,-1,0.0,G2_EDGE,reg.sell_ok=False  regime='med_low_down',-1,0.0,0.0,
SOL/USDT,1082,2026-04-23 23:00:00,short,0.6651,75.9,60.0,86.12,0.597143,med_low_flat,False,True,False,False,False,0.0,0.3131840648210902,48.32242986122032,0.0,0.012218,0.006,0.5,0.0,50.0,0.0,0.0,-1,0.0,G4_5_MTF,prior(bullish)=0.50<0.6 OR rev(bearish)=0.00<0.5,-1,0.0,0.0,
SOL/USDT,1083,2026-04-24 00:00:00,short,0.676,85.68,60.0,86.19,0.591429,med_low_flat,False,True,False,True,False,0.0,0.3388160642786086,48.457456767187736,0.0,0.012577,0.006,0.75,0.0,50.0,0.0,0.0,-1,0.0,G4_5_MTF,prior(bullish)=0.75<0.6 OR rev(bearish)=0.00<0.5,-1,0.0,0.0,
SOL/USDT,1084,2026-04-24 01:00:00,short,0.67696,65.19,60.0,86.28,0.588571,med_low_flat,False,True,False,True,False,0.0,0.3179918134749705,48.58167136158268,0.0,0.012526,0.006,1.0,0.0,50.0,0.0,0.0,-1,0.0,G4_5_MTF,prior(bullish)=1.00<0.6 OR rev(bearish)=0.00<0.5,-1,0.0,0.0,
SOL/USDT,1085,2026-04-24 02:00:00,short,0.68288,70.42,60.0,85.89,0.600714,med_low_flat,False,True,False,True,False,0.0,-0.2339728314424222,48.76723309825835,0.0,0.013236,0.006,1.0,0.0,50.0,0.0,0.0,-1,0.0,G4_5_MTF,prior(bullish)=1.00<0.6 OR rev(bearish)=0.00<0.5,-1,0.0,0.0,
SOL/USDT,1086,2026-04-24 03:00:00,short,0.67597,65.18,60.0,85.69,0.605714,med_low_flat,False,True,False,True,True,0.0,-0.36232831394838827,49.040479771201824,0.0,0.013075,0.006,1.0,0.5,48.78048759666867,1.0641700353307468,-0.4530901259792901,10,0.007069,TRADE,edge=65.2 meta_conf=0.6760,1134,85.99,-0.3,TIMEOUT
SOL/USDT,1135,2026-04-26 04:00:00,short,0.65523,76.35,60.0,86.45,0.394286,low_low_flat,False,True,False,True,True,0.0,0.27633930594248596,51.443109393829076,0.0,0.00635,0.006,0.5,0.5,50.0,0.0,0.0,-1,0.0,G4_5_MTF,prior(bullish)=0.50<0.6 OR rev(bearish)=0.50<0.5,-1,0.0,0.0,
SOL/USDT,1136,2026-04-26 05:00:00,short,0.65765,77.54,60.0,86.45,0.395,low_low_flat,False,True,False,True,True,0.0,0.4013689507179365,52.22986912483534,0.0,0.006447,0.006,0.5,0.5,50.0,0.0,0.0,-1,0.0,G4_5_MTF,prior(bullish)=0.50<0.6 OR rev(bearish)=0.50<0.5,-1,0.0,0.0,
SOL/USDT,1137,2026-04-26 06:00:00,short,0.66463,52.62,60.0,86.5,0.358571,low_low_flat,False,True,False,False,False,0.0,0.0,50.0,0.0,0.0,0.0,0.0,0.0,50.0,0.0,0.0,-1,0.0,G2_EDGE,edge=52.6 < thr=60.0,-1,0.0,0.0,
SOL/USDT,1138,2026-04-26 07:00:00,short,0.66285,71.62,60.0,86.62,0.348571,low_low_flat,False,True,False,True,True,0.0,0.5991894290026658,52.52426781844845,0.0,0.005348,0.006,0.0,0.0,50.0,0.0,0.0,-1,0.0,G4_EV,ev=0.00535 <= floor=0.00600  meta_conf=0.6628,-1,0.0,0.0,
SOL/USDT,1139,2026-04-26 08:00:00,short,0.66744,74.48,60.0,86.57,0.345714,low_low_flat,False,True,False,True,True,0.0,0.5236364245229858,52.22672189722907,0.0,0.005406,0.006,0.0,0.0,50.0,0.0,0.0,-1,0.0,G4_EV,ev=0.00541 <= floor=0.00600  meta_conf=0.6674,-1,0.0,0.0,
SOL/USDT,1140,2026-04-26 09:00:00,short,0.65981,74.06,60.0,86.55,0.342857,low_low_flat,False,True,False,True,True,0.0,0.3396803729357765,54.182040046321774,0.0,0.005118,0.006,0.0,0.0,50.0,0.0,0.0,-1,0.0,G4_EV,ev=0.00512 <= floor=0.00600  meta_conf=0.6598,-1,0.0,0.0,
SOL/USDT,1141,2026-04-26 10:00:00,short,0.6603,74.28,60.0,86.48,0.334286,low_low_flat,False,True,False,True,True,0.0,0.46275179113717013,58.77823852611708,0.0,0.00491,0.006,0.0,0.0,50.0,0.0,0.0,-1,0.0,G4_EV,ev=0.00491 <= floor=0.00600  meta_conf=0.6603,-1,0.0,0.0,
SOL/USDT,1142,2026-04-26 11:00:00,short,0.66112,72.97,60.0,86.48,0.320714,low_low_flat,False,True,False,True,True,0.0,0.5485718567025238,62.5698116776726,0.0,0.00457,0.006,0.0,0.0,50.0,0.0,0.0,-1,0.0,G4_EV,ev=0.00457 <= floor=0.00600  meta_conf=0.6611,-1,0.0,0.0,
SOL/USDT,1143,2026-04-26 12:00:00,short,0.68373,90.36,60.0,86.09,0.34,low_low_flat,False,True,False,True,True,0.0,-0.10677574795122573,62.70500070705978,0.0,0.005756,0.006,0.0,0.0,50.0,0.0,0.0,-1,0.0,G4_EV,ev=0.00576 <= floor=0.00600  meta_conf=0.6837,-1,0.0,0.0,
SOL/USDT,1144,2026-04-26 13:00:00,short,0.68134,87.66,60.0,86.12,0.35,low_low_flat,False,True,False,True,True,0.0,-0.027748271991100085,62.95718744248366,0.0,0.005971,0.006,0.0,0.0,50.0,0.0,0.0,-1,0.0,G4_EV,ev=0.00597 <= floor=0.00600  meta_conf=0.6813,-1,0.0,0.0,
SOL/USDT,1145,2026-04-26 14:00:00,short,0.66466,78.66,60.0,86.42,0.360714,low_low_flat,False,True,False,True,True,0.0,0.42766799964538627,63.2188027239189,0.0,0.00575,0.006,0.0,0.0,50.0,0.0,0.0,-1,0.0,G4_EV,ev=0.00575 <= floor=0.00600  meta_conf=0.6647,-1,0.0,0.0,
SOL/USDT,1146,2026-04-26 15:00:00,short,0.63656,76.28,60.0,86.56,0.365714,low_low_flat,False,True,False,True,True,0.0,0.551328101944191,63.643540921491656,0.0,0.005032,0.006,0.0,0.0,50.0,0.0,0.0,-1,0.0,G4_EV,ev=0.00503 <= floor=0.00600  meta_conf=0.6366,-1,0.0,0.0,
SOL/USDT,1147,2026-04-26 16:00:00,short,0.6486,75.67,60.0,86.41,0.350714,low_low_flat,False,True,False,True,True,0.0,0.3227231367261061,63.82412419338703,0.0,0.005021,0.006,0.0,0.0,50.0,0.0,0.0,-1,0.0,G4_EV,ev=0.00502 <= floor=0.00600  meta_conf=0.6486,-1,0.0,0.0,
SOL/USDT,1148,2026-04-26 17:00:00,short,0.63595,72.28,60.0,86.53,0.329286,low_low_up,False,True,False,True,True,0.0,0.4496495831779599,66.2154996577735,0.0,0.004119,0.006,0.0,0.0,50.0,0.0,0.0,-1,0.0,G4_EV,ev=0.00412 <= floor=0.00600  meta_conf=0.6359,-1,0.0,0.0,
SOL/USDT,1149,2026-04-26 18:00:00,short,0.6216,76.9,60.0,86.82,0.311429,low_low_up,False,True,False,True,True,0.0,0.727649460430728,56.59358351419972,1.0,0.00329,0.006,0.0,0.0,50.0,0.0,0.0,-1,0.0,G4_EV,ev=0.00329 <= floor=0.00600  meta_conf=0.6216,-1,0.0,0.0,
SOL/USDT,1150,2026-04-26 19:00:00,short,0.62234,84.66,60.0,86.88,0.309286,low_low_up,False,True,False,True,False,0.0,0.6844663303423584,49.24230663143027,0.0,0.003253,0.006,0.0,0.0,50.0,0.0,0.0,-1,0.0,G4_EV,ev=0.00325 <= floor=0.00600  meta_conf=0.6223,-1,0.0,0.0,
SOL/USDT,1151,2026-04-26 20:00:00,short,0.62713,72.59,60.0,86.68,0.318571,low_low_flat,False,True,False,True,True,0.0,0.539291612083395,48.92306752074539,0.0,0.003613,0.006,0.0,0.0,50.0,0.0,0.0,-1,0.0,G4_EV,ev=0.00361 <= floor=0.00600  meta_conf=0.6271,-1,0.0,0.0,
SOL/USDT,1152,2026-04-26 21:00:00,short,0.61597,74.6,60.0,86.83,0.372857,low_low_up,False,True,False,True,True,0.0,0.559954346961821,49.11721182998296,0.0,0.004556,0.006,0.0,0.0,50.0,0.0,0.0,-1,0.0,G4_EV,ev=0.00456 <= floor=0.00600  meta_conf=0.6160,-1,0.0,0.0,
SOL/USDT,1153,2026-04-26 22:00:00,short,0.61518,60.71,60.0,86.73,0.425714,low_low_flat,False,True,False,True,True,0.0,0.4608139244657553,46.404189061807486,0.0,0.005753,0.006,0.0,0.0,50.0,0.0,0.0,-1,0.0,G4_EV,ev=0.00575 <= floor=0.00600  meta_conf=0.6152,-1,0.0,0.0,
SOL/USDT,1154,2026-04-26 23:00:00,short,0.58394,52.91,60.0,86.93,0.462143,low_low_flat,False,True,False,False,False,0.0,0.0,50.0,0.0,0.0,0.0,0.0,0.0,50.0,0.0,0.0,-1,0.0,G2_EDGE,edge=52.9 < thr=60.0,-1,0.0,0.0,
SOL/USDT,1155,2026-04-27 00:00:00,short,0.54888,81.37,60.0,87.35,0.510714,low_low_up,False,True,False,True,False,0.0,0.743361027593791,46.57809962686588,1.0,0.004885,0.006,0.0,0.0,50.0,0.0,0.0,-1,0.0,G4_EV,ev=0.00488 <= floor=0.00600  meta_conf=0.5489,-1,0.0,0.0,
SOL/USDT,1156,2026-04-27 01:00:00,short,0.52785,65.44,60.0,87.82,0.542143,low_low_up,False,True,False,True,False,0.0,0.7503951525080815,37.85175434343963,1.0,0.004466,0.006,0.0,0.0,50.0,0.0,0.0,-1,0.0,G4_EV,ev=0.00447 <= floor=0.00600  meta_conf=0.5278,-1,0.0,0.0,
SOL/USDT,1157,2026-04-27 02:00:00,short,0.53161,63.17,60.0,87.81,0.551429,low_low_up,False,True,False,True,False,0.0,0.632712773083445,36.71911973371618,0.0,0.004778,0.006,0.0,0.0,50.0,0.0,0.0,-1,0.0,G4_EV,ev=0.00478 <= floor=0.00600  meta_conf=0.5316,-1,0.0,0.0,
SOL/USDT,1158,2026-04-27 03:00:00,short,0.5406,61.83,60.0,87.72,0.557143,low_low_up,False,True,False,True,False,0.0,0.5905927694234259,39.75673846889512,0.0,0.005281,0.006,0.0,0.0,50.0,0.0,0.0,-1,0.0,G4_EV,ev=0.00528 <= floor=0.00600  meta_conf=0.5406,-1,0.0,0.0,
SOL/USDT,1159,2026-04-27 04:00:00,short,0.56136,62.01,60.0,87.51,0.556429,low_low_up,False,True,False,True,False,0.0,0.5217072305979749,43.54178638315226,0.0,0.006222,0.006,0.75,1.0,70.88122567343444,1.5850487006863554,0.06883053119265048,25,0.006358,TRADE,edge=62.0 meta_conf=0.5614,1168,84.894786,2.6152,WIN
SOL/USDT,1169,2026-04-27 14:00:00,short,0.67666,67.64,60.0,85.23,0.607143,med_low_flat,False,True,False,False,True,0.0,-0.4704752451554302,36.76809475682476,0.0,0.013242,0.006,0.5,0.5,50.0,0.0,0.0,-1,0.0,G4_5_MTF,prior(bullish)=0.50<0.6 OR rev(bearish)=0.50<0.5,-1,0.0,0.0,
SOL/USDT,1170,2026-04-27 15:00:00,short,0.72091,78.42,60.0,84.17,0.677857,med_med_down,False,True,False,False,True,0.0,-0.68854125383669,26.697356663107815,-1.0,0.018005,0.006,0.25,0.0,50.0,0.0,0.0,-1,0.0,G4_5_MTF,prior(bullish)=0.25<0.6 OR rev(bearish)=0.00<0.5,-1,0.0,0.0,
SOL/USDT,1171,2026-04-27 16:00:00,short,0.72583,67.36,60.0,84.29,0.652143,med_low_down,False,False,False,False,False,0.0,0.0,50.0,0.0,0.0,0.0,0.0,0.0,50.0,0.0,0.0,-1,0.0,G2_EDGE,reg.sell_ok=False  regime='med_low_down',-1,0.0,0.0,
SOL/USDT,1172,2026-04-27 17:00:00,short,0.72698,66.2,60.0,84.47,0.655,med_low_down,False,False,False,False,False,0.0,0.0,50.0,0.0,0.0,0.0,0.0,0.0,50.0,0.0,0.0,-1,0.0,G2_EDGE,reg.sell_ok=False  regime='med_low_down',-1,0.0,0.0,
SOL/USDT,1173,2026-04-27 18:00:00,short,0.72207,64.42,60.0,84.57,0.644286,med_low_down,False,False,False,False,False,0.0,0.0,50.0,0.0,0.0,0.0,0.0,0.0,50.0,0.0,0.0,-1,0.0,G2_EDGE,reg.sell_ok=False  regime='med_low_down',-1,0.0,0.0,
SOL/USDT,1174,2026-04-27 19:00:00,short,0.71628,68.1,60.0,84.19,0.579286,med_low_down,False,False,False,False,False,0.0,0.0,50.0,0.0,0.0,0.0,0.0,0.0,50.0,0.0,0.0,-1,0.0,G2_EDGE,reg.sell_ok=False  regime='med_low_down',-1,0.0,0.0,
SOL/USDT,1175,2026-04-27 20:00:00,short,0.71691,64.36,60.0,84.29,0.548571,med_low_down,False,False,False,False,False,0.0,0.0,50.0,0.0,0.0,0.0,0.0,0.0,50.0,0.0,0.0,-1,0.0,G2_EDGE,reg.sell_ok=False  regime='med_low_down',-1,0.0,0.0,
SOL/USDT,1176,2026-04-27 21:00:00,short,0.71207,74.79,60.0,84.27,0.539286,med_low_down,False,False,False,False,False,0.0,0.0,50.0,0.0,0.0,0.0,0.0,0.0,50.0,0.0,0.0,-1,0.0,G2_EDGE,reg.sell_ok=False  regime='med_low_down',-1,0.0,0.0,
SOL/USDT,1177,2026-04-27 22:00:00,short,0.71038,73.66,60.0,84.54,0.535,med_low_down,False,False,False,False,False,0.0,0.0,50.0,0.0,0.0,0.0,0.0,0.0,50.0,0.0,0.0,-1,0.0,G2_EDGE,reg.sell_ok=False  regime='med_low_down',-1,0.0,0.0,
SOL/USDT,1178,2026-04-27 23:00:00,short,0.69925,73.51,60.0,84.82,0.532143,med_low_down,False,False,False,False,False,0.0,0.0,50.0,0.0,0.0,0.0,0.0,0.0,50.0,0.0,0.0,-1,0.0,G2_EDGE,reg.sell_ok=False  regime='med_low_down',-1,0.0,0.0,
SOL/USDT,1179,2026-04-28 00:00:00,short,0.70145,71.73,60.0,84.83,0.525714,med_low_down,False,False,False,False,False,0.0,0.0,50.0,0.0,0.0,0.0,0.0,0.0,50.0,0.0,0.0,-1,0.0,G2_EDGE,reg.sell_ok=False  regime='med_low_down',-1,0.0,0.0,
SOL/USDT,1180,2026-04-28 01:00:00,short,0.70591,73.66,60.0,84.4,0.545,med_low_down,False,False,False,False,False,0.0,0.0,50.0,0.0,0.0,0.0,0.0,0.0,50.0,0.0,0.0,-1,0.0,G2_EDGE,reg.sell_ok=False  regime='med_low_down',-1,0.0,0.0,
SOL/USDT,1181,2026-04-28 02:00:00,short,0.7147,78.83,60.0,84.18,0.572857,med_low_down,False,False,False,False,False,0.0,0.0,50.0,0.0,0.0,0.0,0.0,0.0,50.0,0.0,0.0,-1,0.0,G2_EDGE,reg.sell_ok=False  regime='med_low_down',-1,0.0,0.0,
SOL/USDT,1182,2026-04-28 03:00:00,short,0.70643,73.88,60.0,84.17,0.538571,med_low_down,False,False,False,False,False,0.0,0.0,50.0,0.0,0.0,0.0,0.0,0.0,50.0,0.0,0.0,-1,0.0,G2_EDGE,reg.sell_ok=False  regime='med_low_down',-1,0.0,0.0,
SOL/USDT,1183,2026-04-28 04:00:00,short,0.67943,99.14,60.0,84.06,0.525,med_low_down,False,False,False,False,False,0.0,0.0,50.0,0.0,0.0,0.0,0.0,0.0,50.0,0.0,0.0,-1,0.0,G2_EDGE,reg.sell_ok=False  regime='med_low_down',-1,0.0,0.0,
SOL/USDT,1184,2026-04-28 05:00:00,short,0.6694,76.23,60.0,84.2,0.439286,med_low_down,False,False,False,False,False,0.0,0.0,50.0,0.0,0.0,0.0,0.0,0.0,50.0,0.0,0.0,-1,0.0,G2_EDGE,reg.sell_ok=False  regime='med_low_down',-1,0.0,0.0,
SOL/USDT,1185,2026-04-28 06:00:00,short,0.66701,76.91,60.0,83.95,0.458571,low_low_down,False,True,False,False,True,0.0,-0.6401069147316324,68.58763648211477,0.0,0.00885,0.006,0.25,0.5,50.0,0.0,0.0,-1,0.0,G4_5_MTF,prior(bullish)=0.25<0.6 OR rev(bearish)=0.50<0.5,-1,0.0,0.0,
SOL/USDT,1186,2026-04-28 07:00:00,short,0.66856,75.68,60.0,84.02,0.457857,low_low_flat,False,True,False,False,True,0.0,-0.5258809746624967,66.69816317501626,0.0,0.008879,0.006,0.0,0.5,50.0,0.0,0.0,-1,0.0,G4_5_MTF,prior(bullish)=0.00<0.6 OR rev(bearish)=0.50<0.5,-1,0.0,0.0,
SOL/USDT,1187,2026-04-28 08:00:00,short,0.66724,75.48,60.0,83.95,0.468571,low_low_down,False,True,False,False,True,0.0,-0.6245245681557944,65.79267955800783,0.0,0.009139,0.006,0.25,0.5,50.0,0.0,0.0,-1,0.0,G4_5_MTF,prior(bullish)=0.25<0.6 OR rev(bearish)=0.50<0.5,-1,0.0,0.0,
SOL/USDT,1188,2026-04-28 09:00:00,short,0.66124,76.72,60.0,83.64,0.448571,low_low_down,False,True,False,False,True,0.0,-0.6704775486557036,58.84307938342923,0.0,0.008398,0.006,0.25,0.5,50.0,0.0,0.0,-1,0.0,G4_5_MTF,prior(bullish)=0.25<0.6 OR rev(bearish)=0.50<0.5,-1,0.0,0.0,
SOL/USDT,1189,2026-04-28 10:00:00,short,0.6648,74.19,60.0,83.82,0.447143,low_low_flat,False,True,False,False,True,0.0,-0.5540876397817661,58.30055053709929,0.0,0.008466,0.006,0.5,1.0,50.0,0.0,0.0,-1,0.0,G4_5_MTF,prior(bullish)=0.50<0.6 OR rev(bearish)=1.00<0.5,-1,0.0,0.0,
SOL/USDT,1190,2026-04-28 11:00:00,short,0.67443,78.44,60.0,83.42,0.457857,low_low_down,False,True,False,False,True,0.0,-0.665260544396396,54.96166775590406,0.0,0.009198,0.006,0.5,0.5,50.0,0.0,0.0,-1,0.0,G4_5_MTF,prior(bullish)=0.50<0.6 OR rev(bearish)=0.50<0.5,-1,0.0,0.0,
SOL/USDT,1191,2026-04-28 12:00:00,short,0.67251,78.35,60.0,83.69,0.462857,low_low_down,False,True,False,False,True,0.0,-0.45659520998143,53.4215320794255,0.0,0.009225,0.006,0.25,0.5,50.0,0.0,0.0,-1,0.0,G4_5_MTF,prior(bullish)=0.25<0.6 OR rev(bearish)=0.50<0.5,-1,0.0,0.0,
SOL/USDT,1192,2026-04-28 13:00:00,short,0.68887,70.35,60.0,83.55,0.488571,low_low_down,False,True,False,False,True,0.0,-0.5993588797348933,52.069503458083936,0.0,0.010657,0.006,0.5,0.5,50.0,0.0,0.0,-1,0.0,G4_5_MTF,prior(bullish)=0.50<0.6 OR rev(bearish)=0.50<0.5,-1,0.0,0.0,
SOL/USDT,1193,2026-04-28 14:00:00,short,0.68647,73.96,60.0,83.4,0.505,low_low_down,False,True,False,False,True,0.0,-0.6184725912709321,48.60273501747108,0.0,0.011075,0.006,0.25,0.5,50.0,0.0,0.0,-1,0.0,G4_5_MTF,prior(bullish)=0.25<0.6 OR rev(bearish)=0.50<0.5,-1,0.0,0.0,
SOL/USDT,1194,2026-04-28 15:00:00,short,0.68236,76.73,60.0,83.46,0.491429,low_low_flat,False,True,False,False,True,0.0,-0.4514811895850841,53.22060312192783,0.0,0.010489,0.006,0.5,1.0,50.0,0.0,0.0,-1,0.0,G4_5_MTF,prior(bullish)=0.50<0.6 OR rev(bearish)=1.00<0.5,-1,0.0,0.0,
SOL/USDT,1195,2026-04-28 16:00:00,short,0.67226,74.57,60.0,83.59,0.465,low_low_flat,False,True,False,False,True,0.0,-0.34637240278121273,57.736432671619106,0.0,0.009292,0.006,0.5,0.5,50.0,0.0,0.0,-1,0.0,G4_5_MTF,prior(bullish)=0.50<0.6 OR rev(bearish)=0.50<0.5,-1,0.0,0.0,
SOL/USDT,1196,2026-04-28 17:00:00,short,0.6821,73.26,60.0,83.61,0.483571,low_low_flat,False,True,False,False,True,0.0,-0.29187702839206797,57.42193789955227,0.0,0.010221,0.006,0.25,0.0,50.0,0.0,0.0,-1,0.0,G4_5_MTF,prior(bullish)=0.25<0.6 OR rev(bearish)=0.00<0.5,-1,0.0,0.0,
SOL/USDT,1197,2026-04-28 18:00:00,short,0.66925,80.5,60.0,83.81,0.455,low_low_flat,False,True,False,True,True,0.0,-0.10924059842954827,57.01785929552733,0.0,0.008857,0.006,0.5,0.0,50.0,0.0,0.0,-1,0.0,G4_5_MTF,prior(bullish)=0.50<0.6 OR rev(bearish)=0.00<0.5,-1,0.0,0.0,
SOL/USDT,1198,2026-04-28 19:00:00,short,0.65996,79.96,60.0,83.89,0.448571,low_low_flat,False,True,False,True,True,0.0,-0.10806327771070443,60.345023382150956,0.0,0.008313,0.006,0.5,0.0,50.0,0.0,0.0,-1,0.0,G4_5_MTF,prior(bullish)=0.50<0.6 OR rev(bearish)=0.00<0.5,-1,0.0,0.0,
SOL/USDT,1199,2026-04-28 20:00:00,short,0.65531,79.59,60.0,83.79,0.418571,low_low_flat,False,True,False,True,True,0.0,-0.14591306438575452,63.69554739216563,0.0,0.007339,0.006,0.75,0.0,50.0,0.0,0.0,-1,0.0,G4_5_MTF,prior(bullish)=0.75<0.6 OR rev(bearish)=0.00<0.5,-1,0.0,0.0,
SOL/USDT,1200,2026-04-28 21:00:00,short,0.65415,79.47,60.0,83.73,0.412857,low_low_flat,False,True,False,True,True,0.0,-0.051307453977837265,63.43224560536305,0.0,0.007152,0.006,1.0,0.5,43.31797207075968,0.7331057770020143,0.3166109961130253,-1,0.0,G5_RSI_ACCEL,rsi_accel=0.3166>0.08 (RSI recovering),-1,0.0,0.0,
SOL/USDT,1201,2026-04-28 22:00:00,short,0.65285,82.1,60.0,83.72,0.411429,low_low_flat,False,True,False,True,True,0.0,-0.08458620824643558,68.83211912040855,0.0,0.00707,0.006,1.0,1.0,44.549762737584345,0.9502186923918281,0.2171129153898138,-1,0.0,G5_RSI_ACCEL,rsi_accel=0.2171>0.08 (RSI recovering),-1,0.0,0.0,
SOL/USDT,1202,2026-04-28 23:00:00,short,0.63717,78.91,60.0,84.06,0.407857,low_low_flat,False,True,False,True,True,0.0,0.3203069528438398,64.12708534622817,0.0,0.006393,0.006,0.75,1.0,59.81308372084916,1.6067939246253473,0.6565752322335192,-1,0.0,G5_RSI_ACCEL,rsi_accel=0.6566>0.08 (RSI recovering),-1,0.0,0.0,
SOL/USDT,1203,2026-04-29 00:00:00,short,0.65894,95.51,60.0,84.07,0.420714,low_low_flat,False,True,False,True,True,0.0,0.39189864941684244,62.695380257240295,0.0,0.007488,0.006,0.5,0.5,50.0,0.0,0.0,-1,0.0,G4_5_MTF,prior(bullish)=0.50<0.6 OR rev(bearish)=0.50<0.5,-1,0.0,0.0,
SOL/USDT,1204,2026-04-29 01:00:00,short,0.65972,73.36,60.0,84.1,0.410714,low_low_flat,False,True,False,True,True,0.0,0.3459386654587028,61.484066410238476,0.0,0.007237,0.006,0.25,0.0,50.0,0.0,0.0,-1,0.0,G4_5_MTF,prior(bullish)=0.25<0.6 OR rev(bearish)=0.00<0.5,-1,0.0,0.0,
SOL/USDT,1205,2026-04-29 02:00:00,short,0.6684,73.08,60.0,84.06,0.396429,low_low_flat,False,True,False,True,True,0.0,0.31245861644409567,61.08125235342587,0.0,0.00714,0.006,0.25,0.0,50.0,0.0,0.0,-1,0.0,G4_5_MTF,prior(bullish)=0.25<0.6 OR rev(bearish)=0.00<0.5,-1,0.0,0.0,
SOL/USDT,1206,2026-04-29 03:00:00,short,0.64268,87.42,60.0,84.59,0.388571,low_low_flat,False,True,False,True,False,0.0,0.5719896940225505,47.19669207280483,1.0,0.006018,0.006,0.5,0.5,50.0,0.0,0.0,-1,0.0,G4_5_MTF,prior(bullish)=0.50<0.6 OR rev(bearish)=0.50<0.5,-1,0.0,0.0,
SOL/USDT,1207,2026-04-29 04:00:00,short,0.64108,87.67,60.0,84.95,0.391429,low_low_up,False,True,False,True,False,0.0,0.6524216319629492,44.80201937609521,1.0,0.005997,0.006,0.0,0.0,50.0,0.0,0.0,-1,0.0,G4_EV,ev=0.00600 <= floor=0.00600  meta_conf=0.6411,-1,0.0,0.0,
SOL/USDT,1208,2026-04-29 05:00:00,short,0.63414,86.46,60.0,84.85,0.391429,low_low_flat,False,True,False,True,False,0.0,0.5220853776639939,46.28282809887813,0.0,0.005783,0.006,0.0,0.0,50.0,0.0,0.0,-1,0.0,G4_EV,ev=0.00578 <= floor=0.00600  meta_conf=0.6341,-1,0.0,0.0,
SOL/USDT,1209,2026-04-29 06:00:00,short,0.64365,88.47,60.0,84.63,0.397857,low_low_flat,False,True,False,True,False,0.0,0.450023708328853,46.95410449429188,0.0,0.006285,0.006,0.75,0.5,74.76190426349194,3.8286700213678913,-0.16394477410819874,41,0.004701,TRADE,edge=88.5 meta_conf=0.6436,1220,82.760071,1.8699,WIN
SOL/USDT,1221,2026-04-29 18:00:00,short,0.71244,91.84,60.0,82.3,0.774286,med_med_down,False,True,False,False,True,0.0,-0.6707918693860889,23.909551888323172,-1.0,0.021145,0.006,0.0,0.5,50.0,0.0,0.0,-1,0.0,G4_5_MTF,prior(bullish)=0.00<0.6 OR rev(bearish)=0.50<0.5,-1,0.0,0.0,
SOL/USDT,1222,2026-04-29 19:00:00,short,0.69619,70.55,60.0,82.19,0.779286,med_med_down,False,True,False,False,True,0.0,-0.6979153349329111,25.744144968442427,0.0,0.020255,0.006,0.0,0.5,50.0,0.0,0.0,-1,0.0,G4_5_MTF,prior(bullish)=0.00<0.6 OR rev(bearish)=0.50<0.5,-1,0.0,0.0,
SOL/USDT,1223,2026-04-29 20:00:00,short,0.70384,78.68,60.0,82.62,0.792143,med_med_flat,False,True,False,False,True,0.0,-0.5390862507308705,27.52233434357419,0.0,0.021044,0.006,0.25,1.0,50.0,0.0,0.0,-1,0.0,G4_5_MTF,prior(bullish)=0.25<0.6 OR rev(bearish)=1.00<0.5,-1,0.0,0.0,
SOL/USDT,1224,2026-04-29 21:00:00,short,0.70949,87.92,60.0,82.91,0.823571,med_med_flat,False,True,False,False,False,0.0,-0.541275131394266,29.406905039666512,0.0,0.022342,0.006,0.25,0.5,50.0,0.0,0.0,-1,0.0,G4_5_MTF,prior(bullish)=0.25<0.6 OR rev(bearish)=0.50<0.5,-1,0.0,0.0,
SOL/USDT,1225,2026-04-29 22:00:00,short,0.69866,85.33,60.0,83.07,0.818571,med_med_flat,False,True,False,False,False,0.0,-0.5177896726078965,31.139293237224255,0.0,0.021379,0.006,0.25,0.0,50.0,0.0,0.0,-1,0.0,G4_5_MTF,prior(bullish)=0.25<0.6 OR rev(bearish)=0.00<0.5,-1,0.0,0.0,
SOL/USDT,1226,2026-04-29 23:00:00,short,0.71075,75.71,60.0,83.04,0.670714,med_med_flat,False,True,False,False,False,0.0,-0.5785620764438435,31.744725611365993,0.0,0.017491,0.006,0.5,0.0,50.0,0.0,0.0,-1,0.0,G4_5_MTF,prior(bullish)=0.50<0.6 OR rev(bearish)=0.00<0.5,-1,0.0,0.0,
SOL/USDT,1227,2026-04-30 00:00:00,short,0.73725,88.22,60.0,83.81,0.71,med_med_flat,False,True,False,False,False,0.0,-0.17804936656645542,36.08619504414495,0.0,0.020124,0.006,0.5,0.5,50.0,0.0,0.0,-1,0.0,G4_5_MTF,prior(bullish)=0.50<0.6 OR rev(bearish)=0.50<0.5,-1,0.0,0.0,
SOL/USDT,1228,2026-04-30 01:00:00,short,0.73807,85.85,60.0,83.75,0.708571,med_med_flat,False,True,False,False,False,0.0,-0.37353789043013635,39.164309829946525,0.0,0.020141,0.006,0.75,0.5,38.21138200508957,-1.4428486654830948,0.9896251997668799,-1,0.0,G5_RSI_ACCEL,rsi_accel=0.9896>0.08 (RSI recovering),-1,0.0,0.0,
SOL/USDT,1229,2026-04-30 02:00:00,short,0.72147,88.07,60.0,82.98,0.727857,med_med_flat,False,True,False,False,False,0.0,-0.4804903660968332,47.25467273935073,0.0,0.020002,0.006,0.75,0.5,37.45019909874451,-0.7436257206238711,0.6992229448592236,-1,0.0,G5_RSI_ACCEL,rsi_accel=0.6992>0.08 (RSI recovering),-1,0.0,0.0,
SOL/USDT,1230,2026-04-30 03:00:00,short,0.73292,82.9,60.0,83.06,0.71,med_med_down,False,True,False,False,False,0.0,-0.24024679222460593,50.78733433136403,0.0,0.02008,0.006,0.75,1.0,40.32921799082117,-0.13399465916040104,0.6096310614634701,-1,0.0,G5_RSI_ACCEL,rsi_accel=0.6096>0.08 (RSI recovering),-1,0.0,0.0,
SOL/USDT,1231,2026-04-30 04:00:00,short,0.71359,77.22,60.0,82.39,0.732857,med_med_down,False,True,False,False,True,0.0,-0.5459379805354875,51.81545488337213,0.0,0.019846,0.006,0.5,0.5,50.0,0.0,0.0,-1,0.0,G4_5_MTF,prior(bullish)=0.50<0.6 OR rev(bearish)=0.50<0.5,-1,0.0,0.0,
SOL/USDT,1232,2026-04-30 05:00:00,short,0.73271,76.31,60.0,82.57,0.711429,med_med_down,False,True,False,False,True,0.0,-0.4330717729627354,52.04722901246073,0.0,0.020259,0.006,0.25,0.5,50.0,0.0,0.0,-1,0.0,G4_5_MTF,prior(bullish)=0.25<0.6 OR rev(bearish)=0.50<0.5,-1,0.0,0.0,
SOL/USDT,1233,2026-04-30 06:00:00,short,0.71233,84.2,60.0,82.94,0.7,med_med_down,False,True,False,False,False,0.0,-0.3430589727537616,52.13378011425937,0.0,0.018551,0.006,0.5,0.5,50.0,0.0,0.0,-1,0.0,G4_5_MTF,prior(bullish)=0.50<0.6 OR rev(bearish)=0.50<0.5,-1,0.0,0.0,
SOL/USDT,1234,2026-04-30 07:00:00,short,0.70977,85.29,60.0,83.35,0.69,med_med_flat,False,True,False,False,False,0.0,-0.11587659487056633,52.199217767673915,0.0,0.017969,0.006,0.25,0.0,50.0,0.0,0.0,-1,0.0,G4_5_MTF,prior(bullish)=0.25<0.6 OR rev(bearish)=0.00<0.5,-1,0.0,0.0,
SOL/USDT,1235,2026-04-30 08:00:00,short,0.69662,82.34,60.0,83.13,0.566429,med_low_down,False,False,False,False,False,0.0,0.0,50.0,0.0,0.0,0.0,0.0,0.0,50.0,0.0,0.0,-1,0.0,G2_EDGE,reg.sell_ok=False  regime='med_low_down',-1,0.0,0.0,
SOL/USDT,1236,2026-04-30 09:00:00,short,0.69424,79.71,60.0,83.15,0.575714,med_low_down,False,False,False,False,False,0.0,0.0,50.0,0.0,0.0,0.0,0.0,0.0,50.0,0.0,0.0,-1,0.0,G2_EDGE,reg.sell_ok=False  regime='med_low_down',-1,0.0,0.0,
SOL/USDT,1237,2026-04-30 10:00:00,short,0.69387,83.47,60.0,83.0,0.551429,low_low_down,False,True,False,False,False,0.0,-0.333528693147739,62.77414412673829,0.0,0.012887,0.006,0.75,0.5,54.54545436276639,2.2329339420820387,0.024400045838864237,17,0.006644,TRADE,edge=83.5 meta_conf=0.6939,1254,84.295857,-1.2959,LOSS
SOL/USDT,1255,2026-05-01 04:00:00,short,0.67827,87.24,60.0,83.82,0.401429,low_low_up,False,True,False,True,False,0.0,0.39927584847582226,53.515045867339595,0.0,0.007646,0.006,0.75,0.0,50.0,0.0,0.0,-1,0.0,G4_5_MTF,prior(bullish)=0.75<0.6 OR rev(bearish)=0.00<0.5,-1,0.0,0.0,
SOL/USDT,1256,2026-05-01 05:00:00,short,0.67866,92.75,60.0,84.05,0.379286,low_low_up,False,True,False,True,False,0.0,0.5574235384307472,52.21992159091549,0.0,0.006986,0.006,1.0,0.5,66.82926783628778,1.1857672823025147,-0.004987809917164077,2,0.0,G6_COOLDOWN,bars_since_exit=2 < cooldown=3,-1,0.0,0.0,
SOL/USDT,1257,2026-05-01 06:00:00,short,0.68266,84.83,60.0,83.85,0.379286,low_low_up,False,True,False,True,False,0.0,0.42019027883898163,51.21758087511067,0.0,0.00714,0.006,1.0,0.5,71.72774816534618,1.441570692528872,0.25580341022635733,-1,0.0,G5_RSI_ACCEL,rsi_accel=0.2558>0.08 (RSI recovering),-1,0.0,0.0,
SOL/USDT,1258,2026-05-01 07:00:00,short,0.67344,100.0,60.0,83.96,0.381429,low_low_flat,False,True,False,True,False,0.0,0.5818769954330555,50.25093293008852,0.0,0.006893,0.006,0.75,0.5,72.99999948899969,1.6060095524431959,0.16443885991432383,-1,0.0,G5_RSI_ACCEL,rsi_accel=0.1644>0.08 (RSI recovering),-1,0.0,0.0,
SOL/USDT,1259,2026-05-01 08:00:00,short,0.67424,85.05,60.0,84.18,0.386429,low_low_up,False,True,False,True,False,0.0,0.6426542267469952,49.47046243104465,0.0,0.007033,0.006,0.75,0.5,75.34246527178334,2.275345633441704,0.6693360809985083,-1,0.0,G5_RSI_ACCEL,rsi_accel=0.6693>0.08 (RSI recovering),-1,0.0,0.0,
SOL/USDT,1260,2026-05-01 09:00:00,short,0.68235,88.98,60.0,83.97,0.387143,low_low_up,False,True,False,True,False,0.0,0.4675526716352939,48.83709837906712,0.0,0.007345,0.006,0.5,0.0,50.0,0.0,0.0,-1,0.0,G4_5_MTF,prior(bullish)=0.50<0.6 OR rev(bearish)=0.00<0.5,-1,0.0,0.0,
SOL/USDT,1261,2026-05-01 10:00:00,short,0.68348,88.64,60.0,83.95,0.399286,low_low_up,False,True,False,True,False,0.0,0.47145961741183606,48.415182769877234,0.0,0.007741,0.006,0.5,0.5,50.0,0.0,0.0,-1,0.0,G4_5_MTF,prior(bullish)=0.50<0.6 OR rev(bearish)=0.50<0.5,-1,0.0,0.0,
SOL/USDT,1262,2026-05-01 11:00:00,short,0.68099,83.25,60.0,84.01,0.402143,low_low_up,False,True,False,True,False,0.0,0.5453128567929375,48.09325709097869,0.0,0.007732,0.006,0.75,1.0,76.85185135373776,2.112924306852994,-0.5086325367112319,8,0.004787,TRADE,edge=83.2 meta_conf=0.6810,1296,84.955036,-0.945,LOSS
SOL/USDT,1297,2026-05-02 22:00:00,short,0.62067,59.55,60.0,84.46,0.307857,low_low_flat,False,True,False,False,False,0.0,0.0,50.0,0.0,0.0,0.0,0.0,0.0,50.0,0.0,0.0,-1,0.0,G2_EDGE,edge=59.6 < thr=60.0,-1,0.0,0.0,
SOL/USDT,1298,2026-05-02 23:00:00,short,0.6234,63.22,60.0,84.26,0.304286,low_low_flat,False,True,False,True,True,0.0,0.398054321958826,36.7128755761819,0.0,0.003385,0.006,0.0,0.0,50.0,0.0,0.0,-1,0.0,G4_EV,ev=0.00338 <= floor=0.00600  meta_conf=0.6234,-1,0.0,0.0,
SOL/USDT,1299,2026-05-03 00:00:00,short,0.63346,76.97,60.0,84.08,0.328571,low_low_flat,False,True,False,True,True,0.0,0.32991805596833756,37.1495576816504,0.0,0.004268,0.006,0.0,0.0,50.0,0.0,0.0,-1,0.0,G4_EV,ev=0.00427 <= floor=0.00600  meta_conf=0.6335,-1,0.0,0.0,
SOL/USDT,1300,2026-05-03 01:00:00,short,0.6398,63.8,60.0,83.75,0.323571,low_low_flat,False,True,False,True,True,0.0,-0.11646331168915998,41.64284378595881,0.0,0.004347,0.006,0.0,0.0,50.0,0.0,0.0,-1,0.0,G4_EV,ev=0.00435 <= floor=0.00600  meta_conf=0.6398,-1,0.0,0.0,
SOL/USDT,1301,2026-05-03 02:00:00,short,0.63572,56.96,60.0,83.66,0.307143,low_low_flat,False,True,False,False,False,0.0,0.0,50.0,0.0,0.0,0.0,0.0,0.0,50.0,0.0,0.0,-1,0.0,G2_EDGE,edge=57.0 < thr=60.0,-1,0.0,0.0,
SOL/USDT,1302,2026-05-03 03:00:00,short,0.64442,52.93,60.0,83.67,0.302857,low_low_flat,False,True,False,False,False,0.0,0.0,50.0,0.0,0.0,0.0,0.0,0.0,50.0,0.0,0.0,-1,0.0,G2_EDGE,edge=52.9 < thr=60.0,-1,0.0,0.0,
SOL/USDT,1303,2026-05-03 04:00:00,short,0.64885,52.47,60.0,83.7,0.302143,low_low_flat,False,True,False,False,False,0.0,0.0,50.0,0.0,0.0,0.0,0.0,0.0,50.0,0.0,0.0,-1,0.0,G2_EDGE,edge=52.5 < thr=60.0,-1,0.0,0.0,
SOL/USDT,1304,2026-05-03 05:00:00,short,0.63829,60.88,60.0,83.76,0.305714,low_low_flat,False,True,False,True,True,0.0,-0.5015772652193004,40.112674103873644,0.0,0.003847,0.006,0.0,0.0,50.0,0.0,0.0,-1,0.0,G4_EV,ev=0.00385 <= floor=0.00600  meta_conf=0.6383,-1,0.0,0.0,
SOL/USDT,1305,2026-05-03 06:00:00,short,0.63983,59.96,60.0,83.76,0.307143,low_low_flat,False,True,False,False,False,0.0,0.0,50.0,0.0,0.0,0.0,0.0,0.0,50.0,0.0,0.0,-1,0.0,G2_EDGE,edge=60.0 < thr=60.0,-1,0.0,0.0,
SOL/USDT,1306,2026-05-03 07:00:00,short,0.63494,67.08,60.0,83.88,0.311429,low_low_flat,False,True,False,True,True,0.0,-0.3577907604321402,41.15873507345616,0.0,0.003894,0.006,0.0,0.0,50.0,0.0,0.0,-1,0.0,G4_EV,ev=0.00389 <= floor=0.00600  meta_conf=0.6349,-1,0.0,0.0,
SOL/USDT,1307,2026-05-03 08:00:00,short,0.63984,58.42,60.0,83.9,0.306429,low_low_flat,False,True,False,False,False,0.0,0.0,50.0,0.0,0.0,0.0,0.0,0.0,50.0,0.0,0.0,-1,0.0,G2_EDGE,edge=58.4 < thr=60.0,-1,0.0,0.0,
SOL/USDT,1308,2026-05-03 09:00:00,short,0.64451,60.94,60.0,84.06,0.312857,low_low_flat,False,True,False,True,True,0.0,-0.0760924610397586,42.272533428478795,0.0,0.004165,0.006,0.0,0.0,50.0,0.0,0.0,-1,0.0,G4_EV,ev=0.00417 <= floor=0.00600  meta_conf=0.6445,-1,0.0,0.0,
SOL/USDT,1309,2026-05-03 10:00:00,short,0.62696,62.64,60.0,83.83,0.32,low_low_flat,False,True,False,True,True,0.0,-0.5218274333301223,43.01188836573334,0.0,0.003902,0.006,0.0,0.0,50.0,0.0,0.0,-1,0.0,G4_EV,ev=0.00390 <= floor=0.00600  meta_conf=0.6270,-1,0.0,0.0,
SOL/USDT,1310,2026-05-03 11:00:00,short,0.64244,68.34,60.0,83.96,0.293571,low_low_flat,False,True,False,True,True,0.0,-0.3556013464294527,53.35704865027931,0.0,0.00362,0.006,0.0,0.0,50.0,0.0,0.0,-1,0.0,G4_EV,ev=0.00362 <= floor=0.00600  meta_conf=0.6424,-1,0.0,0.0,
SOL/USDT,1311,2026-05-03 12:00:00,short,0.62747,59.92,60.0,84.11,0.273571,low_low_flat,False,True,False,False,False,0.0,0.0,50.0,0.0,0.0,0.0,0.0,0.0,50.0,0.0,0.0,-1,0.0,G2_EDGE,edge=59.9 < thr=60.0,-1,0.0,0.0,
SOL/USDT,1312,2026-05-03 13:00:00,short,0.63065,55.75,60.0,84.1,0.269286,low_low_flat,False,True,False,False,False,0.0,0.0,50.0,0.0,0.0,0.0,0.0,0.0,50.0,0.0,0.0,-1,0.0,G2_EDGE,edge=55.7 < thr=60.0,-1,0.0,0.0,
SOL/USDT,1313,2026-05-03 14:00:00,short,0.61359,56.99,60.0,84.37,0.26,low_low_flat,False,True,False,False,False,0.0,0.0,50.0,0.0,0.0,0.0,0.0,0.0,50.0,0.0,0.0,-1,0.0,G2_EDGE,edge=57.0 < thr=60.0,-1,0.0,0.0,
SOL/USDT,1314,2026-05-03 15:00:00,short,0.6241,57.56,60.0,84.16,0.257857,low_low_flat,False,True,False,False,False,0.0,0.0,50.0,0.0,0.0,0.0,0.0,0.0,50.0,0.0,0.0,-1,0.0,G2_EDGE,edge=57.6 < thr=60.0,-1,0.0,0.0,
SOL/USDT,1315,2026-05-03 16:00:00,short,0.6287,53.29,60.0,84.14,0.262857,low_low_flat,False,True,False,False,False,0.0,0.0,50.0,0.0,0.0,0.0,0.0,0.0,50.0,0.0,0.0,-1,0.0,G2_EDGE,edge=53.3 < thr=60.0,-1,0.0,0.0,
SOL/USDT,1316,2026-05-03 17:00:00,short,0.62011,52.12,60.0,84.2,0.275,low_low_flat,False,True,False,False,False,0.0,0.0,50.0,0.0,0.0,0.0,0.0,0.0,50.0,0.0,0.0,-1,0.0,G2_EDGE,edge=52.1 < thr=60.0,-1,0.0,0.0,
SOL/USDT,1317,2026-05-03 18:00:00,short,0.61818,71.51,60.0,84.26,0.277143,low_low_flat,False,True,False,True,True,0.0,0.43349942102818956,58.99811285109047,0.0,0.002605,0.006,0.0,0.0,50.0,0.0,0.0,-1,0.0,G4_EV,ev=0.00261 <= floor=0.00600  meta_conf=0.6182,-1,0.0,0.0,
SOL/USDT,1318,2026-05-03 19:00:00,short,0.61158,70.92,60.0,84.38,0.282143,low_low_flat,False,True,False,True,True,0.0,0.5724936956232044,56.61012351343526,0.0,0.002559,0.006,0.0,0.0,50.0,0.0,0.0,-1,0.0,G4_EV,ev=0.00256 <= floor=0.00600  meta_conf=0.6116,-1,0.0,0.0,
SOL/USDT,1319,2026-05-03 20:00:00,short,0.61285,93.67,60.0,84.34,0.296429,low_low_flat,False,True,False,True,True,0.0,0.40128513572807467,53.28189899437159,0.0,0.002926,0.006,0.0,0.0,50.0,0.0,0.0,-1,0.0,G4_EV,ev=0.00293 <= floor=0.00600  meta_conf=0.6129,-1,0.0,0.0,
SOL/USDT,1320,2026-05-03 21:00:00,short,0.62647,95.19,60.0,84.14,0.318571,low_low_flat,False,True,False,True,True,0.0,0.2801907388520738,53.349527636576475,0.0,0.003825,0.006,0.0,0.0,50.0,0.0,0.0,-1,0.0,G4_EV,ev=0.00382 <= floor=0.00600  meta_conf=0.6265,-1,0.0,0.0,
SOL/USDT,1321,2026-05-03 22:00:00,short,0.58762,92.04,60.0,84.68,0.363571,low_low_flat,False,True,False,True,True,0.0,0.730453634085436,45.585807584190825,0.0,0.003697,0.006,0.0,0.0,50.0,0.0,0.0,-1,0.0,G4_EV,ev=0.00370 <= floor=0.00600  meta_conf=0.5876,-1,0.0,0.0,
SOL/USDT,1322,2026-05-03 23:00:00,short,0.60931,98.31,60.0,83.91,0.412857,low_low_flat,False,True,False,True,True,0.0,-0.017570891353599242,46.50716672099908,0.0,0.005573,0.006,0.0,0.0,50.0,0.0,0.0,-1,0.0,G4_EV,ev=0.00557 <= floor=0.00600  meta_conf=0.6093,-1,0.0,0.0,
SOL/USDT,1323,2026-05-04 00:00:00,short,0.61885,100.0,60.0,83.78,0.435714,low_low_flat,False,True,False,True,True,0.0,-0.17373222152941464,36.80075513123311,0.0,0.006468,0.006,0.5,0.5,50.0,0.0,0.0,-1,0.0,G4_5_MTF,prior(bullish)=0.50<0.6 OR rev(bearish)=0.50<0.5,-1,0.0,0.0,
SOL/USDT,1324,2026-05-04 01:00:00,short,0.57041,100.0,60.0,84.77,0.510714,low_low_up,False,True,False,True,False,0.0,0.616664976112934,38.676628988133125,0.0,0.00607,0.006,0.5,1.0,50.0,0.0,0.0,-1,0.0,G4_5_MTF,prior(bullish)=0.50<0.6 OR rev(bearish)=1.00<0.5,-1,0.0,0.0,
SOL/USDT,1325,2026-05-04 02:00:00,short,0.55998,100.0,60.0,85.26,0.556429,low_low_up,False,True,False,True,False,0.0,0.7141676144647066,27.38002101360238,1.0,0.006428,0.006,0.25,0.5,50.0,0.0,0.0,-1,0.0,G4_5_MTF,prior(bullish)=0.25<0.6 OR rev(bearish)=0.50<0.5,-1,0.0,0.0,
SOL/USDT,1326,2026-05-04 03:00:00,short,0.56632,83.76,60.0,85.41,0.573571,low_low_up,False,True,False,True,False,0.0,0.7057702660616305,29.71918564525709,0.0,0.007031,0.006,0.25,0.0,50.0,0.0,0.0,-1,0.0,G4_5_MTF,prior(bullish)=0.25<0.6 OR rev(bearish)=0.00<0.5,-1,0.0,0.0,
SOL/USDT,1327,2026-05-04 04:00:00,short,0.56842,85.34,60.0,85.76,0.585714,low_low_up,False,True,False,True,False,0.0,0.7461757044772805,28.49091714400107,1.0,0.007319,0.006,0.5,0.0,50.0,0.0,0.0,-1,0.0,G4_5_MTF,prior(bullish)=0.50<0.6 OR rev(bearish)=0.00<0.5,-1,0.0,0.0,
SOL/USDT,1328,2026-05-04 05:00:00,short,0.57648,87.66,60.0,85.38,0.599286,low_low_up,False,True,False,True,False,0.0,0.5745933541079288,30.810490023166967,0.0,0.008032,0.006,0.5,0.0,50.0,0.0,0.0,-1,0.0,G4_5_MTF,prior(bullish)=0.50<0.6 OR rev(bearish)=0.00<0.5,-1,0.0,0.0,
SOL/USDT,1329,2026-05-04 06:00:00,short,0.59452,89.63,60.0,84.88,0.643571,med_low_up,True,False,False,False,False,0.0,0.0,50.0,0.0,0.0,0.0,0.0,0.0,50.0,0.0,0.0,-1,0.0,G2_EDGE,reg.sell_ok=False  regime='med_low_up',-1,0.0,0.0,
SOL/USDT,1330,2026-05-04 07:00:00,short,0.59104,82.66,60.0,84.87,0.643571,med_low_up,True,False,False,False,False,0.0,0.0,50.0,0.0,0.0,0.0,0.0,0.0,50.0,0.0,0.0,-1,0.0,G2_EDGE,reg.sell_ok=False  regime='med_low_up',-1,0.0,0.0,
SOL/USDT,1331,2026-05-04 08:00:00,short,0.59622,83.52,60.0,84.77,0.649286,med_low_up,True,False,False,False,False,0.0,0.0,50.0,0.0,0.0,0.0,0.0,0.0,50.0,0.0,0.0,-1,0.0,G2_EDGE,reg.sell_ok=False  regime='med_low_up',-1,0.0,0.0,
SOL/USDT,1332,2026-05-04 09:00:00,short,0.58848,83.29,60.0,85.03,0.667857,med_med_up,False,True,False,True,False,0.0,0.5527981220154303,39.63130449004329,0.0,0.010129,0.006,0.5,1.0,50.0,0.0,0.0,-1,0.0,G4_5_MTF,prior(bullish)=0.50<0.6 OR rev(bearish)=1.00<0.5,-1,0.0,0.0,
SOL/USDT,1333,2026-05-04 10:00:00,short,0.69246,97.17,60.0,84.04,0.765,med_med_flat,False,True,False,False,True,0.0,-0.27514234471183063,40.25967143531518,0.0,0.019047,0.006,0.25,0.5,50.0,0.0,0.0,-1,0.0,G4_5_MTF,prior(bullish)=0.25<0.6 OR rev(bearish)=0.50<0.5,-1,0.0,0.0,
SOL/USDT,1334,2026-05-04 11:00:00,short,0.70351,75.94,60.0,83.95,0.746429,med_med_flat,False,True,False,False,True,0.0,-0.33439755146347844,42.30213410091436,0.0,0.019204,0.006,0.0,0.5,50.0,0.0,0.0,-1,0.0,G4_5_MTF,prior(bullish)=0.00<0.6 OR rev(bearish)=0.50<0.5,-1,0.0,0.0,
SOL/USDT,1335,2026-05-04 12:00:00,short,0.69687,56.01,60.0,83.9,0.709286,med_med_flat,False,True,False,False,False,0.0,0.0,50.0,0.0,0.0,0.0,0.0,0.0,50.0,0.0,0.0,-1,0.0,G2_EDGE,edge=56.0 < thr=60.0,-1,0.0,0.0,
SOL/USDT,1336,2026-05-04 13:00:00,short,0.71124,56.12,60.0,84.0,0.697143,med_med_flat,False,True,False,False,False,0.0,0.0,50.0,0.0,0.0,0.0,0.0,0.0,50.0,0.0,0.0,-1,0.0,G2_EDGE,edge=56.1 < thr=60.0,-1,0.0,0.0,
SOL/USDT,1337,2026-05-04 14:00:00,short,0.62219,72.1,60.0,84.99,0.767143,med_med_flat,False,True,False,True,False,0.0,0.36298459338002625,46.525815167605316,0.0,0.014381,0.006,0.25,0.5,50.0,0.0,0.0,-1,0.0,G4_5_MTF,prior(bullish)=0.25<0.6 OR rev(bearish)=0.50<0.5,-1,0.0,0.0,
SOL/USDT,1338,2026-05-04 15:00:00,short,0.71131,60.95,60.0,84.47,0.745,high_med_flat,False,False,False,False,False,0.0,0.0,50.0,0.0,0.0,0.0,0.0,0.0,50.0,0.0,0.0,-1,0.0,G2_EDGE,reg.sell_ok=False  regime='high_med_flat',-1,0.0,0.0,
SOL/USDT,1339,2026-05-04 16:00:00,short,0.70393,53.75,60.0,84.49,0.737143,high_med_flat,False,False,False,False,False,0.0,0.0,50.0,0.0,0.0,0.0,0.0,0.0,50.0,0.0,0.0,-1,0.0,G2_EDGE,reg.sell_ok=False  regime='high_med_flat',-1,0.0,0.0,
SOL/USDT,1340,2026-05-04 17:00:00,short,0.67037,71.2,60.0,84.93,0.754286,high_med_flat,False,False,False,False,False,0.0,0.0,50.0,0.0,0.0,0.0,0.0,0.0,50.0,0.0,0.0,-1,0.0,G2_EDGE,reg.sell_ok=False  regime='high_med_flat',-1,0.0,0.0,
SOL/USDT,1341,2026-05-04 18:00:00,short,0.67882,69.16,60.0,84.74,0.75,high_med_flat,False,False,False,False,False,0.0,0.0,50.0,0.0,0.0,0.0,0.0,0.0,50.0,0.0,0.0,-1,0.0,G2_EDGE,reg.sell_ok=False  regime='high_med_flat',-1,0.0,0.0,
SOL/USDT,1342,2026-05-04 19:00:00,short,0.68307,50.01,60.0,84.44,0.741429,high_med_flat,False,False,False,False,False,0.0,0.0,50.0,0.0,0.0,0.0,0.0,0.0,50.0,0.0,0.0,-1,0.0,G2_EDGE,reg.sell_ok=False  regime='high_med_flat',-1,0.0,0.0,
SOL/USDT,1343,2026-05-04 20:00:00,short,0.70758,53.31,60.0,84.09,0.706429,high_med_flat,False,False,False,False,False,0.0,0.0,50.0,0.0,0.0,0.0,0.0,0.0,50.0,0.0,0.0,-1,0.0,G2_EDGE,reg.sell_ok=False  regime='high_med_flat',-1,0.0,0.0,
SOL/USDT,1344,2026-05-04 21:00:00,short,0.68757,50.59,60.0,84.43,0.713571,high_med_flat,False,False,False,False,False,0.0,0.0,50.0,0.0,0.0,0.0,0.0,0.0,50.0,0.0,0.0,-1,0.0,G2_EDGE,reg.sell_ok=False  regime='high_med_flat',-1,0.0,0.0,
SOL/USDT,1345,2026-05-04 22:00:00,short,0.70108,55.82,60.0,84.22,0.72,high_med_flat,False,False,False,False,False,0.0,0.0,50.0,0.0,0.0,0.0,0.0,0.0,50.0,0.0,0.0,-1,0.0,G2_EDGE,reg.sell_ok=False  regime='high_med_flat',-1,0.0,0.0,
SOL/USDT,1346,2026-05-04 23:00:00,short,0.71011,55.06,60.0,84.1,0.697857,high_med_flat,False,False,False,False,False,0.0,0.0,50.0,0.0,0.0,0.0,0.0,0.0,50.0,0.0,0.0,-1,0.0,G2_EDGE,reg.sell_ok=False  regime='high_med_flat',-1,0.0,0.0,
SOL/USDT,1347,2026-05-05 00:00:00,short,0.69984,52.67,60.0,84.33,0.590714,high_low_flat,,,True,False,False,0.0,0.0,50.0,0.0,0.0,0.0,0.0,0.0,50.0,0.0,0.0,-1,0.0,G1_REGIME,regime='high_low_flat' skipped=True reg_empty=False,-1,0.0,0.0,
SOL/USDT,1348,2026-05-05 01:00:00,short,0.68491,51.69,60.0,84.41,0.591429,med_low_flat,False,True,False,False,False,0.0,0.0,50.0,0.0,0.0,0.0,0.0,0.0,50.0,0.0,0.0,-1,0.0,G2_EDGE,edge=51.7 < thr=60.0,-1,0.0,0.0,
SOL/USDT,1349,2026-05-05 02:00:00,short,0.66259,60.79,60.0,84.51,0.602143,med_low_flat,False,True,False,False,False,0.0,0.013250613788379915,65.77036510754084,0.0,0.012539,0.006,0.25,0.0,50.0,0.0,0.0,-1,0.0,G4_5_MTF,prior(bullish)=0.25<0.6 OR rev(bearish)=0.00<0.5,-1,0.0,0.0,
SOL/USDT,1350,2026-05-05 03:00:00,short,0.63678,68.71,60.0,84.78,0.588571,med_low_flat,False,True,False,True,False,0.0,0.20030774385806868,69.75719609966279,0.0,0.010852,0.006,0.5,0.0,50.0,0.0,0.0,-1,0.0,G4_5_MTF,prior(bullish)=0.50<0.6 OR rev(bearish)=0.00<0.5,-1,0.0,0.0,
SOL/USDT,1351,2026-05-05 04:00:00,short,0.63613,69.12,60.0,84.78,0.500714,med_low_flat,False,True,False,True,False,0.0,0.17920081372878985,77.84067166511436,0.0,0.008608,0.006,0.5,0.0,50.0,0.0,0.0,-1,0.0,G4_5_MTF,prior(bullish)=0.50<0.6 OR rev(bearish)=0.00<0.5,-1,0.0,0.0,
SOL/USDT,1352,2026-05-05 05:00:00,short,0.61538,88.02,60.0,84.92,0.444286,med_low_flat,False,True,False,True,False,0.0,0.4985398938807676,76.61386099052297,0.0,0.006403,0.006,0.75,0.0,50.0,0.0,0.0,-1,0.0,G4_5_MTF,prior(bullish)=0.75<0.6 OR rev(bearish)=0.00<0.5,-1,0.0,0.0,
SOL/USDT,1353,2026-05-05 06:00:00,short,0.60497,83.38,60.0,84.98,0.418571,med_low_flat,False,True,False,True,False,0.0,0.6624960748255061,76.54316932360184,0.0,0.005433,0.006,0.0,0.0,50.0,0.0,0.0,-1,0.0,G4_EV,ev=0.00543 <= floor=0.00600  meta_conf=0.6050,-1,0.0,0.0,
SOL/USDT,1354,2026-05-05 07:00:00,short,0.60779,85.29,60.0,84.87,0.387857,med_low_flat,False,True,False,True,False,0.0,0.4449831707273243,77.27300209611633,0.0,0.004842,0.006,0.0,0.0,50.0,0.0,0.0,-1,0.0,G4_EV,ev=0.00484 <= floor=0.00600  meta_conf=0.6078,-1,0.0,0.0,
SOL/USDT,1355,2026-05-05 08:00:00,short,0.6022,61.25,60.0,84.78,0.370714,med_low_flat,False,True,False,True,False,0.0,0.458706504090968,75.53357047905429,0.0,0.004289,0.006,0.0,0.0,50.0,0.0,0.0,-1,0.0,G4_EV,ev=0.00429 <= floor=0.00600  meta_conf=0.6022,-1,0.0,0.0,
SOL/USDT,1356,2026-05-05 09:00:00,short,0.60381,65.1,60.0,84.53,0.367143,med_low_flat,False,True,False,True,False,0.0,0.27200932786438836,73.73504646183278,0.0,0.004282,0.006,0.0,0.0,50.0,0.0,0.0,-1,0.0,G4_EV,ev=0.00428 <= floor=0.00600  meta_conf=0.6038,-1,0.0,0.0,
SOL/USDT,1357,2026-05-05 10:00:00,short,0.59743,61.98,60.0,84.9,0.373571,low_low_up,False,True,False,True,False,0.0,0.5203069234871727,72.06057090739205,0.0,0.004192,0.006,0.0,0.0,50.0,0.0,0.0,-1,0.0,G4_EV,ev=0.00419 <= floor=0.00600  meta_conf=0.5974,-1,0.0,0.0,
SOL/USDT,1358,2026-05-05 11:00:00,short,0.6054,81.29,60.0,84.97,0.365,low_low_up,False,True,False,True,False,0.0,0.654023108275806,70.22392032241302,0.0,0.004239,0.006,0.0,0.0,50.0,0.0,0.0,-1,0.0,G4_EV,ev=0.00424 <= floor=0.00600  meta_conf=0.6054,-1,0.0,0.0,
SOL/USDT,1359,2026-05-05 12:00:00,short,0.60098,84.78,60.0,85.31,0.37,low_low_up,False,True,False,True,False,0.0,0.7423391999346965,61.09100765963819,1.0,0.004184,0.006,0.0,0.0,50.0,0.0,0.0,-1,0.0,G4_EV,ev=0.00418 <= floor=0.00600  meta_conf=0.6010,-1,0.0,0.0,
SOL/USDT,1360,2026-05-05 13:00:00,short,0.55438,100.0,60.0,85.63,0.411429,med_low_up,True,False,False,False,False,0.0,0.0,50.0,0.0,0.0,0.0,0.0,0.0,50.0,0.0,0.0,-1,0.0,G2_EDGE,reg.sell_ok=False  regime='med_low_up',-1,0.0,0.0,
SOL/USDT,1361,2026-05-05 14:00:00,short,0.57521,85.72,60.0,85.48,0.427143,med_low_flat,False,True,False,True,False,0.0,0.5913066433054841,43.75030886216444,0.0,0.004521,0.006,0.0,0.0,50.0,0.0,0.0,-1,0.0,G4_EV,ev=0.00452 <= floor=0.00600  meta_conf=0.5752,-1,0.0,0.0,
SOL/USDT,1362,2026-05-05 15:00:00,short,0.5787,83.33,60.0,85.5,0.441429,low_low_up,False,True,False,True,False,0.0,0.6539483947843815,46.90346830929165,0.0,0.004931,0.006,0.0,0.0,50.0,0.0,0.0,-1,0.0,G4_EV,ev=0.00493 <= floor=0.00600  meta_conf=0.5787,-1,0.0,0.0,
SOL/USDT,1363,2026-05-05 16:00:00,short,0.58854,86.73,60.0,85.31,0.458571,low_low_up,False,True,False,True,False,0.0,0.5048134476744243,47.53410027956383,0.0,0.005671,0.006,0.0,0.0,50.0,0.0,0.0,-1,0.0,G4_EV,ev=0.00567 <= floor=0.00600  meta_conf=0.5885,-1,0.0,0.0,
SOL/USDT,1364,2026-05-05 17:00:00,short,0.58016,78.6,60.0,85.45,0.447857,low_low_flat,False,True,False,True,False,0.0,0.6091705032678667,47.0744322232064,0.0,0.00512,0.006,0.0,0.0,50.0,0.0,0.0,-1,0.0,G4_EV,ev=0.00512 <= floor=0.00600  meta_conf=0.5802,-1,0.0,0.0,
SOL/USDT,1365,2026-05-05 18:00:00,short,0.56124,80.8,60.0,85.87,0.457857,low_low_up,False,True,False,True,False,0.0,0.7054221956606783,46.792633813618814,0.0,0.004567,0.006,0.0,0.0,50.0,0.0,0.0,-1,0.0,G4_EV,ev=0.00457 <= floor=0.00600  meta_conf=0.5612,-1,0.0,0.0,
SOL/USDT,1366,2026-05-05 19:00:00,short,0.55645,87.41,60.0,86.49,0.483571,low_low_up,False,True,False,True,False,0.0,0.7550086152508891,37.831890292701175,1.0,0.004795,0.006,0.0,0.0,50.0,0.0,0.0,-1,0.0,G4_EV,ev=0.00479 <= floor=0.00600  meta_conf=0.5564,-1,0.0,0.0,
SOL/USDT,1367,2026-05-05 20:00:00,short,0.56258,83.12,60.0,86.64,0.485,low_low_up,False,True,False,True,False,0.0,0.7409598213987318,32.65313643375386,1.0,0.005047,0.006,0.0,0.0,50.0,0.0,0.0,-1,0.0,G4_EV,ev=0.00505 <= floor=0.00600  meta_conf=0.5626,-1,0.0,0.0,
SOL/USDT,1368,2026-05-05 21:00:00,short,0.56201,82.83,60.0,86.72,0.512857,med_low_up,True,False,False,False,False,0.0,0.0,50.0,0.0,0.0,0.0,0.0,0.0,50.0,0.0,0.0,-1,0.0,G2_EDGE,reg.sell_ok=False  regime='med_low_up',-1,0.0,0.0,
SOL/USDT,1369,2026-05-05 22:00:00,short,0.56027,84.78,60.0,86.58,0.552857,med_low_up,True,False,False,False,False,0.0,0.0,50.0,0.0,0.0,0.0,0.0,0.0,50.0,0.0,0.0,-1,0.0,G2_EDGE,reg.sell_ok=False  regime='med_low_up',-1,0.0,0.0,
SOL/USDT,1370,2026-05-05 23:00:00,short,0.56964,81.05,60.0,86.29,0.563571,med_low_up,True,False,False,False,False,0.0,0.0,50.0,0.0,0.0,0.0,0.0,0.0,50.0,0.0,0.0,-1,0.0,G2_EDGE,reg.sell_ok=False  regime='med_low_up',-1,0.0,0.0,
SOL/USDT,1371,2026-05-06 00:00:00,short,0.57016,83.12,60.0,86.38,0.56,med_low_up,True,False,False,False,False,0.0,0.0,50.0,0.0,0.0,0.0,0.0,0.0,50.0,0.0,0.0,-1,0.0,G2_EDGE,reg.sell_ok=False  regime='med_low_up',-1,0.0,0.0,
SOL/USDT,1372,2026-05-06 01:00:00,short,0.56252,80.26,60.0,86.86,0.587143,med_low_up,True,False,False,False,False,0.0,0.0,50.0,0.0,0.0,0.0,0.0,0.0,50.0,0.0,0.0,-1,0.0,G2_EDGE,reg.sell_ok=False  regime='med_low_up',-1,0.0,0.0,
SOL/USDT,1373,2026-05-06 02:00:00,short,0.56034,80.55,60.0,86.88,0.593571,med_low_up,True,False,False,False,False,0.0,0.0,50.0,0.0,0.0,0.0,0.0,0.0,50.0,0.0,0.0,-1,0.0,G2_EDGE,reg.sell_ok=False  regime='med_low_up',-1,0.0,0.0,
SOL/USDT,1374,2026-05-06 03:00:00,short,0.55688,88.73,60.0,87.33,0.582143,med_low_up,True,False,False,False,False,0.0,0.0,50.0,0.0,0.0,0.0,0.0,0.0,50.0,0.0,0.0,-1,0.0,G2_EDGE,reg.sell_ok=False  regime='med_low_up',-1,0.0,0.0,
SOL/USDT,1375,2026-05-06 04:00:00,short,0.57109,83.74,60.0,86.81,0.596429,med_low_up,True,False,False,False,False,0.0,0.0,50.0,0.0,0.0,0.0,0.0,0.0,50.0,0.0,0.0,-1,0.0,G2_EDGE,reg.sell_ok=False  regime='med_low_up',-1,0.0,0.0,
SOL/USDT,1376,2026-05-06 05:00:00,short,0.57346,84.53,60.0,87.41,0.609286,med_low_up,True,False,False,False,False,0.0,0.0,50.0,0.0,0.0,0.0,0.0,0.0,50.0,0.0,0.0,-1,0.0,G2_EDGE,reg.sell_ok=False  regime='med_low_up',-1,0.0,0.0,
SOL/USDT,1377,2026-05-06 06:00:00,short,0.56892,81.2,60.0,87.49,0.585714,med_low_up,True,False,False,False,False,0.0,0.0,50.0,0.0,0.0,0.0,0.0,0.0,50.0,0.0,0.0,-1,0.0,G2_EDGE,reg.sell_ok=False  regime='med_low_up',-1,0.0,0.0,
SOL/USDT,1378,2026-05-06 07:00:00,short,0.56413,80.56,60.0,87.7,0.587143,med_low_up,True,False,False,False,False,0.0,0.0,50.0,0.0,0.0,0.0,0.0,0.0,50.0,0.0,0.0,-1,0.0,G2_EDGE,reg.sell_ok=False  regime='med_low_up',-1,0.0,0.0,
SOL/USDT,1379,2026-05-06 08:00:00,short,0.57007,100.0,60.0,89.02,0.667857,med_low_up,True,False,False,False,False,0.0,0.0,50.0,0.0,0.0,0.0,0.0,0.0,50.0,0.0,0.0,-1,0.0,G2_EDGE,reg.sell_ok=False  regime='med_low_up',-1,0.0,0.0,
SOL/USDT,1380,2026-05-06 09:00:00,short,0.56284,100.0,60.0,89.48,0.681429,med_low_up,True,False,False,False,False,0.0,0.0,50.0,0.0,0.0,0.0,0.0,0.0,50.0,0.0,0.0,-1,0.0,G2_EDGE,reg.sell_ok=False  regime='med_low_up',-1,0.0,0.0,
SOL/USDT,1381,2026-05-06 10:00:00,short,0.55679,87.69,60.0,89.38,0.681429,med_low_up,True,False,False,False,False,0.0,0.0,50.0,0.0,0.0,0.0,0.0,0.0,50.0,0.0,0.0,-1,0.0,G2_EDGE,reg.sell_ok=False  regime='med_low_up',-1,0.0,0.0,
SOL/USDT,1382,2026-05-06 11:00:00,short,0.55386,85.03,60.0,89.87,0.685,high_low_up,,,True,False,False,0.0,0.0,50.0,0.0,0.0,0.0,0.0,0.0,50.0,0.0,0.0,-1,0.0,G1_REGIME,regime='high_low_up' skipped=True reg_empty=False,-1,0.0,0.0,
SOL/USDT,1383,2026-05-06 12:00:00,short,0.55244,85.29,60.0,89.66,0.662857,high_low_up,,,True,False,False,0.0,0.0,50.0,0.0,0.0,0.0,0.0,0.0,50.0,0.0,0.0,-1,0.0,G1_REGIME,regime='high_low_up' skipped=True reg_empty=False,-1,0.0,0.0,
SOL/USDT,1384,2026-05-06 13:00:00,short,0.57108,96.44,60.0,88.33,0.740714,high_med_up,False,False,False,False,False,0.0,0.0,50.0,0.0,0.0,0.0,0.0,0.0,50.0,0.0,0.0,-1,0.0,G2_EDGE,reg.sell_ok=False  regime='high_med_up',-1,0.0,0.0,
SOL/USDT,1385,2026-05-06 14:00:00,short,0.5812,83.02,60.0,88.4,0.807143,high_med_up,False,False,False,False,False,0.0,0.0,50.0,0.0,0.0,0.0,0.0,0.0,50.0,0.0,0.0,-1,0.0,G2_EDGE,reg.sell_ok=False  regime='high_med_up',-1,0.0,0.0,
SOL/USDT,1386,2026-05-06 15:00:00,short,0.5821,84.5,60.0,88.97,0.812143,high_med_up,False,False,False,False,False,0.0,0.0,50.0,0.0,0.0,0.0,0.0,0.0,50.0,0.0,0.0,-1,0.0,G2_EDGE,reg.sell_ok=False  regime='high_med_up',-1,0.0,0.0,
SOL/USDT,1387,2026-05-06 16:00:00,short,0.58747,84.82,60.0,89.18,0.839286,high_med_up,False,False,False,False,False,0.0,0.0,50.0,0.0,0.0,0.0,0.0,0.0,50.0,0.0,0.0,-1,0.0,G2_EDGE,reg.sell_ok=False  regime='high_med_up',-1,0.0,0.0,
SOL/USDT,1388,2026-05-06 17:00:00,short,0.59908,85.28,60.0,88.83,0.859286,high_med_up,False,False,False,False,False,0.0,0.0,50.0,0.0,0.0,0.0,0.0,0.0,50.0,0.0,0.0,-1,0.0,G2_EDGE,reg.sell_ok=False  regime='high_med_up',-1,0.0,0.0,
SOL/USDT,1389,2026-05-06 18:00:00,short,0.60188,82.76,60.0,88.99,0.851429,high_med_up,False,False,False,False,False,0.0,0.0,50.0,0.0,0.0,0.0,0.0,0.0,50.0,0.0,0.0,-1,0.0,G2_EDGE,reg.sell_ok=False  regime='high_med_up',-1,0.0,0.0,
SOL/USDT,1390,2026-05-06 19:00:00,short,0.60518,81.71,60.0,89.27,0.830714,high_med_up,False,False,False,False,False,0.0,0.0,50.0,0.0,0.0,0.0,0.0,0.0,50.0,0.0,0.0,-1,0.0,G2_EDGE,reg.sell_ok=False  regime='high_med_up',-1,0.0,0.0,
SOL/USDT,1391,2026-05-06 20:00:00,short,0.60382,83.12,60.0,89.19,0.854286,high_med_up,False,False,False,False,False,0.0,0.0,50.0,0.0,0.0,0.0,0.0,0.0,50.0,0.0,0.0,-1,0.0,G2_EDGE,reg.sell_ok=False  regime='high_med_up',-1,0.0,0.0,
SOL/USDT,1392,2026-05-06 21:00:00,short,0.60365,83.6,60.0,89.47,0.861429,high_med_up,False,False,False,False,False,0.0,0.0,50.0,0.0,0.0,0.0,0.0,0.0,50.0,0.0,0.0,-1,0.0,G2_EDGE,reg.sell_ok=False  regime='high_med_up',-1,0.0,0.0,
SOL/USDT,1393,2026-05-06 22:00:00,short,0.59535,83.21,60.0,89.07,0.788571,high_med_up,False,False,False,False,False,0.0,0.0,50.0,0.0,0.0,0.0,0.0,0.0,50.0,0.0,0.0,-1,0.0,G2_EDGE,reg.sell_ok=False  regime='high_med_up',-1,0.0,0.0,
SOL/USDT,1394,2026-05-06 23:00:00,short,0.5893,85.2,60.0,89.16,0.758571,high_med_up,False,False,False,False,False,0.0,0.0,50.0,0.0,0.0,0.0,0.0,0.0,50.0,0.0,0.0,-1,0.0,G2_EDGE,reg.sell_ok=False  regime='high_med_up',-1,0.0,0.0,
SOL/USDT,1395,2026-05-07 00:00:00,short,0.62302,81.15,60.0,88.32,0.8,high_med_up,False,False,False,False,False,0.0,0.0,50.0,0.0,0.0,0.0,0.0,0.0,50.0,0.0,0.0,-1,0.0,G2_EDGE,reg.sell_ok=False  regime='high_med_up',-1,0.0,0.0,
SOL/USDT,1396,2026-05-07 01:00:00,short,0.62615,80.4,60.0,88.31,0.793571,high_med_up,False,False,False,False,False,0.0,0.0,50.0,0.0,0.0,0.0,0.0,0.0,50.0,0.0,0.0,-1,0.0,G2_EDGE,reg.sell_ok=False  regime='high_med_up',-1,0.0,0.0,
SOL/USDT,1397,2026-05-07 02:00:00,short,0.62506,80.35,60.0,88.15,0.800714,high_med_up,False,False,False,False,False,0.0,0.0,50.0,0.0,0.0,0.0,0.0,0.0,50.0,0.0,0.0,-1,0.0,G2_EDGE,reg.sell_ok=False  regime='high_med_up',-1,0.0,0.0,
SOL/USDT,1398,2026-05-07 03:00:00,short,0.64095,71.17,60.0,87.75,0.724286,high_med_flat,False,False,False,False,False,0.0,0.0,50.0,0.0,0.0,0.0,0.0,0.0,50.0,0.0,0.0,-1,0.0,G2_EDGE,reg.sell_ok=False  regime='high_med_flat',-1,0.0,0.0,
SOL/USDT,1399,2026-05-07 04:00:00,short,0.61529,79.15,60.0,88.36,0.675,med_low_up,True,False,False,False,False,0.0,0.0,50.0,0.0,0.0,0.0,0.0,0.0,50.0,0.0,0.0,-1,0.0,G2_EDGE,reg.sell_ok=False  regime='med_low_up',-1,0.0,0.0,
SOL/USDT,1400,2026-05-07 05:00:00,short,0.60329,61.76,60.0,88.65,0.662857,med_low_up,True,False,False,False,False,0.0,0.0,50.0,0.0,0.0,0.0,0.0,0.0,50.0,0.0,0.0,-1,0.0,G2_EDGE,reg.sell_ok=False  regime='med_low_up',-1,0.0,0.0,
SOL/USDT,1401,2026-05-07 06:00:00,short,0.60838,70.01,60.0,89.27,0.672857,med_low_up,True,False,False,False,False,0.0,0.0,50.0,0.0,0.0,0.0,0.0,0.0,50.0,0.0,0.0,-1,0.0,G2_EDGE,reg.sell_ok=False  regime='med_low_up',-1,0.0,0.0,
SOL/USDT,1402,2026-05-07 07:00:00,short,0.60851,82.98,60.0,90.16,0.700714,high_low_up,,,True,False,False,0.0,0.0,50.0,0.0,0.0,0.0,0.0,0.0,50.0,0.0,0.0,-1,0.0,G1_REGIME,regime='high_low_up' skipped=True reg_empty=False,-1,0.0,0.0,
SOL/USDT,1403,2026-05-07 08:00:00,short,0.61022,68.38,60.0,89.58,0.710714,med_med_flat,False,True,False,True,False,0.0,0.42224907850295157,50.43084074309359,0.0,0.011487,0.006,0.5,0.0,50.0,0.0,0.0,-1,0.0,G4_5_MTF,prior(bullish)=0.50<0.6 OR rev(bearish)=0.00<0.5,-1,0.0,0.0,
SOL/USDT,1404,2026-05-07 09:00:00,short,0.60226,65.87,60.0,89.46,0.709286,med_med_flat,False,True,False,True,False,0.0,0.47920541470388833,49.99567456816184,0.0,0.011032,0.006,0.75,0.5,51.769087388311476,-0.09560666577009785,0.5377795524995683,-1,0.0,G5_RSI_ACCEL,rsi_accel=0.5378>0.08 (RSI recovering),-1,0.0,0.0,
SOL/USDT,1405,2026-05-07 10:00:00,short,0.60049,69.94,60.0,89.17,0.714286,med_med_flat,False,True,False,True,False,0.0,0.2609681476654705,49.48767144917287,0.0,0.011087,0.006,1.0,1.0,49.82078840546759,0.403569168141784,0.49917583391188186,-1,0.0,G5_RSI_ACCEL,rsi_accel=0.4992>0.08 (RSI recovering),-1,0.0,0.0,
SOL/USDT,1406,2026-05-07 11:00:00,short,0.59988,66.44,60.0,89.57,0.713571,med_med_flat,False,True,False,True,False,0.0,0.5340543274796654,48.94365892444043,0.0,0.01097,0.006,0.75,1.0,50.87719285749457,1.0115332247821474,0.6079640566403633,-1,0.0,G5_RSI_ACCEL,rsi_accel=0.6080>0.08 (RSI recovering),-1,0.0,0.0,
SOL/USDT,1407,2026-05-07 12:00:00,short,0.5998,70.79,60.0,89.77,0.715,med_med_flat,False,True,False,True,False,0.0,0.6114333151895212,48.670028628112206,0.0,0.010962,0.006,0.5,0.5,50.0,0.0,0.0,-1,0.0,G4_5_MTF,prior(bullish)=0.50<0.6 OR rev(bearish)=0.50<0.5,-1,0.0,0.0,
SOL/USDT,1408,2026-05-07 13:00:00,short,0.65196,74.45,60.0,88.68,0.776429,med_med_flat,False,True,False,False,True,0.0,-0.1391097796177119,48.73662556987263,0.0,0.015667,0.006,0.25,0.0,50.0,0.0,0.0,-1,0.0,G4_5_MTF,prior(bullish)=0.25<0.6 OR rev(bearish)=0.00<0.5,-1,0.0,0.0,
SOL/USDT,1409,2026-05-07 14:00:00,short,0.66622,74.18,60.0,88.15,0.777857,med_med_flat,False,True,False,False,True,0.0,-0.23944316486524553,48.654027930498565,0.0,0.016709,0.006,0.25,0.5,50.0,0.0,0.0,-1,0.0,G4_5_MTF,prior(bullish)=0.25<0.6 OR rev(bearish)=0.50<0.5,-1,0.0,0.0,
SOL/USDT,1410,2026-05-07 15:00:00,short,0.67276,55.33,60.0,88.32,0.789286,med_med_flat,False,True,False,False,False,0.0,0.0,50.0,0.0,0.0,0.0,0.0,0.0,50.0,0.0,0.0,-1,0.0,G2_EDGE,edge=55.3 < thr=60.0,-1,0.0,0.0,
SOL/USDT,1411,2026-05-07 16:00:00,short,0.66943,56.94,60.0,88.43,0.799286,med_med_flat,False,True,False,False,False,0.0,0.0,50.0,0.0,0.0,0.0,0.0,0.0,50.0,0.0,0.0,-1,0.0,G2_EDGE,edge=56.9 < thr=60.0,-1,0.0,0.0,
SOL/USDT,1412,2026-05-07 17:00:00,short,0.66945,50.49,60.0,88.8,0.826429,med_med_flat,False,True,False,False,False,0.0,0.0,50.0,0.0,0.0,0.0,0.0,0.0,50.0,0.0,0.0,-1,0.0,G2_EDGE,edge=50.5 < thr=60.0,-1,0.0,0.0,
SOL/USDT,1413,2026-05-07 18:00:00,short,0.68613,53.46,60.0,88.58,0.835,med_med_flat,False,True,False,False,False,0.0,0.0,50.0,0.0,0.0,0.0,0.0,0.0,50.0,0.0,0.0,-1,0.0,G2_EDGE,edge=53.5 < thr=60.0,-1,0.0,0.0,
SOL/USDT,1414,2026-05-07 19:00:00,short,0.67299,52.06,60.0,88.45,0.83,med_med_flat,False,True,False,False,False,0.0,0.0,50.0,0.0,0.0,0.0,0.0,0.0,50.0,0.0,0.0,-1,0.0,G2_EDGE,edge=52.1 < thr=60.0,-1,0.0,0.0,
SOL/USDT,1415,2026-05-07 20:00:00,short,0.67524,54.11,60.0,88.07,0.814286,med_med_flat,False,True,False,False,False,0.0,0.0,50.0,0.0,0.0,0.0,0.0,0.0,50.0,0.0,0.0,-1,0.0,G2_EDGE,edge=54.1 < thr=60.0,-1,0.0,0.0,
SOL/USDT,1416,2026-05-07 21:00:00,short,0.68123,46.25,60.0,87.97,0.761429,med_med_down,False,True,False,False,False,0.0,0.0,50.0,0.0,0.0,0.0,0.0,0.0,50.0,0.0,0.0,-1,0.0,G2_EDGE,edge=46.2 < thr=60.0,-1,0.0,0.0,
SOL/USDT,1417,2026-05-07 22:00:00,short,0.67364,58.09,60.0,88.1,0.743571,med_med_flat,False,True,False,False,False,0.0,0.0,50.0,0.0,0.0,0.0,0.0,0.0,50.0,0.0,0.0,-1,0.0,G2_EDGE,edge=58.1 < thr=60.0,-1,0.0,0.0,
SOL/USDT,1418,2026-05-07 23:00:00,short,0.68698,47.98,60.0,88.42,0.745,med_med_flat,False,True,False,False,False,0.0,0.0,50.0,0.0,0.0,0.0,0.0,0.0,50.0,0.0,0.0,-1,0.0,G2_EDGE,edge=48.0 < thr=60.0,-1,0.0,0.0,
SOL/USDT,1419,2026-05-08 00:00:00,short,0.6922,52.31,60.0,88.27,0.729286,med_med_flat,False,True,False,False,False,0.0,0.0,50.0,0.0,0.0,0.0,0.0,0.0,50.0,0.0,0.0,-1,0.0,G2_EDGE,edge=52.3 < thr=60.0,-1,0.0,0.0,
SOL/USDT,1420,2026-05-08 01:00:00,short,0.6964,52.58,60.0,88.13,0.724286,med_med_flat,False,True,False,False,False,0.0,0.0,50.0,0.0,0.0,0.0,0.0,0.0,50.0,0.0,0.0,-1,0.0,G2_EDGE,edge=52.6 < thr=60.0,-1,0.0,0.0,
SOL/USDT,1421,2026-05-08 02:00:00,short,0.71189,47.08,60.0,88.06,0.736429,med_med_flat,False,True,False,False,False,0.0,0.0,50.0,0.0,0.0,0.0,0.0,0.0,50.0,0.0,0.0,-1,0.0,G2_EDGE,edge=47.1 < thr=60.0,-1,0.0,0.0,
SOL/USDT,1422,2026-05-08 03:00:00,short,0.70527,54.63,60.0,88.22,0.69,med_low_flat,False,True,False,False,False,0.0,0.0,50.0,0.0,0.0,0.0,0.0,0.0,50.0,0.0,0.0,-1,0.0,G2_EDGE,edge=54.6 < thr=60.0,-1,0.0,0.0,
SOL/USDT,1423,2026-05-08 04:00:00,short,0.69539,70.5,60.0,88.18,0.638571,med_low_flat,False,True,False,False,True,0.0,-0.14487117096566657,75.60286121758897,0.0,0.014484,0.006,0.5,0.5,50.0,0.0,0.0,-1,0.0,G4_5_MTF,prior(bullish)=0.50<0.6 OR rev(bearish)=0.50<0.5,-1,0.0,0.0,
SOL/USDT,1424,2026-05-08 05:00:00,short,0.69265,72.87,60.0,88.05,0.608571,med_low_flat,False,True,False,False,True,0.0,-0.37913743251312826,74.95515727425253,0.0,0.013508,0.006,0.25,0.5,50.0,0.0,0.0,-1,0.0,G4_5_MTF,prior(bullish)=0.25<0.6 OR rev(bearish)=0.50<0.5,-1,0.0,0.0,
SOL/USDT,1425,2026-05-08 06:00:00,short,0.69129,75.62,60.0,88.05,0.590714,med_low_flat,False,True,False,False,True,0.0,-0.3789536838928249,74.19358184855543,0.0,0.01293,0.006,0.25,1.0,50.0,0.0,0.0,-1,0.0,G4_5_MTF,prior(bullish)=0.25<0.6 OR rev(bearish)=1.00<0.5,-1,0.0,0.0,
SOL/USDT,1426,2026-05-08 07:00:00,short,0.67497,79.3,60.0,88.22,0.567857,med_low_down,False,False,False,False,False,0.0,0.0,50.0,0.0,0.0,0.0,0.0,0.0,50.0,0.0,0.0,-1,0.0,G2_EDGE,reg.sell_ok=False  regime='med_low_down',-1,0.0,0.0,
SOL/USDT,1427,2026-05-08 08:00:00,short,0.66259,77.62,60.0,88.38,0.554286,med_low_flat,False,True,False,False,True,0.0,-0.002731873619321098,76.87571473714453,0.0,0.010558,0.006,0.25,0.0,50.0,0.0,0.0,-1,0.0,G4_5_MTF,prior(bullish)=0.25<0.6 OR rev(bearish)=0.00<0.5,-1,0.0,0.0,
SOL/USDT,1428,2026-05-08 09:00:00,short,0.66632,68.49,60.0,88.44,0.552143,med_low_flat,False,True,False,False,True,0.0,0.1739908474941856,75.77837287502507,0.0,0.010656,0.006,0.25,0.0,50.0,0.0,0.0,-1,0.0,G4_5_MTF,prior(bullish)=0.25<0.6 OR rev(bearish)=0.00<0.5,-1,0.0,0.0,
SOL/USDT,1429,2026-05-08 10:00:00,short,0.66842,67.61,60.0,88.63,0.550714,med_low_flat,False,True,False,False,True,0.0,0.5522403114808334,68.69732066321949,0.0,0.010679,0.006,0.25,0.0,50.0,0.0,0.0,-1,0.0,G4_5_MTF,prior(bullish)=0.25<0.6 OR rev(bearish)=0.00<0.5,-1,0.0,0.0,
SOL/USDT,1430,2026-05-08 11:00:00,short,0.66595,63.99,60.0,88.64,0.53,med_low_flat,False,True,False,False,True,0.0,0.5343596792038452,67.73117522759908,0.0,0.010021,0.006,0.5,0.0,50.0,0.0,0.0,-1,0.0,G4_5_MTF,prior(bullish)=0.50<0.6 OR rev(bearish)=0.00<0.5,-1,0.0,0.0,
SOL/USDT,1431,2026-05-08 12:00:00,short,0.67042,67.68,60.0,88.46,0.527143,med_low_flat,False,True,False,False,True,0.0,0.3433903479760848,66.80480108981797,0.0,0.010162,0.006,0.75,0.0,50.0,0.0,0.0,-1,0.0,G4_5_MTF,prior(bullish)=0.75<0.6 OR rev(bearish)=0.00<0.5,-1,0.0,0.0,
SOL/USDT,1432,2026-05-08 13:00:00,short,0.66925,53.33,60.0,88.34,0.536429,low_low_flat,False,True,False,False,False,0.0,0.0,50.0,0.0,0.0,0.0,0.0,0.0,50.0,0.0,0.0,-1,0.0,G2_EDGE,edge=53.3 < thr=60.0,-1,0.0,0.0,
SOL/USDT,1433,2026-05-08 14:00:00,short,0.65078,71.98,60.0,89.15,0.571429,low_low_up,False,True,False,True,False,0.0,0.6906554548792986,58.69762827032689,1.0,0.010345,0.006,0.75,1.0,69.64285670758954,2.4799261139642246,0.4235957731656361,-1,0.0,G5_RSI_ACCEL,rsi_accel=0.4236>0.08 (RSI recovering),-1,0.0,0.0,
SOL/USDT,1434,2026-05-08 15:00:00,short,0.61351,65.46,60.0,89.59,0.622857,low_low_up,False,True,False,True,False,0.0,0.7138666066183894,53.82037920460848,1.0,0.009732,0.006,0.5,0.5,50.0,0.0,0.0,-1,0.0,G4_5_MTF,prior(bullish)=0.50<0.6 OR rev(bearish)=0.50<0.5,-1,0.0,0.0,
SOL/USDT,1435,2026-05-08 16:00:00,short,0.61237,65.77,60.0,89.59,0.601429,low_low_up,False,True,False,True,False,0.0,0.6137112085999235,50.2810287061039,0.0,0.009206,0.006,0.25,0.0,50.0,0.0,0.0,-1,0.0,G4_5_MTF,prior(bullish)=0.25<0.6 OR rev(bearish)=0.00<0.5,-1,0.0,0.0,
SOL/USDT,1436,2026-05-08 17:00:00,short,0.57376,100.0,60.0,91.65,0.719286,med_med_up,False,True,False,True,False,0.0,0.7539643106082113,24.327956774321546,1.0,0.009303,0.006,0.25,0.5,50.0,0.0,0.0,-1,0.0,G4_5_MTF,prior(bullish)=0.25<0.6 OR rev(bearish)=0.50<0.5,-1,0.0,0.0,
SOL/USDT,1437,2026-05-08 18:00:00,short,0.58046,90.18,60.0,92.32,0.758571,med_med_up,False,True,False,True,False,0.0,0.7496451464948625,19.853617087847198,1.0,0.010315,0.006,0.5,0.5,50.0,0.0,0.0,-1,0.0,G4_5_MTF,prior(bullish)=0.50<0.6 OR rev(bearish)=0.50<0.5,-1,0.0,0.0,
SOL/USDT,1438,2026-05-08 19:00:00,short,0.58306,86.68,60.0,92.6,0.786429,med_med_up,False,True,False,True,False,0.0,0.7496632205210805,18.84951317285038,1.0,0.010952,0.006,0.5,0.0,50.0,0.0,0.0,-1,0.0,G4_5_MTF,prior(bullish)=0.50<0.6 OR rev(bearish)=0.00<0.5,-1,0.0,0.0,
SOL/USDT,1439,2026-05-08 20:00:00,short,0.59059,84.75,60.0,92.11,0.800714,med_med_up,False,True,False,True,False,0.0,0.5962007666595518,19.77761201237469,0.0,0.011766,0.006,0.75,0.0,50.0,0.0,0.0,-1,0.0,G4_5_MTF,prior(bullish)=0.75<0.6 OR rev(bearish)=0.00<0.5,-1,0.0,0.0,
SOL/USDT,1440,2026-05-08 21:00:00,short,0.59469,81.99,60.0,92.3,0.805,med_med_up,False,True,False,True,False,0.0,0.704509509498163,23.544962947307226,0.0,0.01207,0.006,0.75,0.5,86.04240261402948,3.512838172028695,-0.5769174739902234,144,0.008722,TRADE,edge=82.0 meta_conf=0.5947,1476,94.19175,-1.8917,LOSS
SOL/USDT,1477,2026-05-10 10:00:00,short,0.57853,70.59,60.0,93.87,0.422857,low_low_flat,False,True,False,True,False,0.0,0.4490205544719457,38.95310304416462,0.0,0.003787,0.006,0.0,0.0,50.0,0.0,0.0,-1,0.0,G4_EV,ev=0.00379 <= floor=0.00600  meta_conf=0.5785,-1,0.0,0.0,
SOL/USDT,1478,2026-05-10 11:00:00,short,0.57658,74.85,60.0,93.55,0.48,low_low_flat,False,True,False,True,True,0.0,0.300628728353635,38.85174538439443,0.0,0.004799,0.006,0.0,0.0,50.0,0.0,0.0,-1,0.0,G4_EV,ev=0.00480 <= floor=0.00600  meta_conf=0.5766,-1,0.0,0.0,
SOL/USDT,1479,2026-05-10 12:00:00,short,0.58021,47.47,60.0,93.32,0.487857,low_low_flat,False,True,False,False,False,0.0,0.0,50.0,0.0,0.0,0.0,0.0,0.0,50.0,0.0,0.0,-1,0.0,G2_EDGE,edge=47.5 < thr=60.0,-1,0.0,0.0,
SOL/USDT,1480,2026-05-10 13:00:00,short,0.58628,57.8,60.0,93.77,0.506429,low_low_flat,False,True,False,False,False,0.0,0.0,50.0,0.0,0.0,0.0,0.0,0.0,50.0,0.0,0.0,-1,0.0,G2_EDGE,edge=57.8 < thr=60.0,-1,0.0,0.0,
SOL/USDT,1481,2026-05-10 14:00:00,short,0.57719,64.84,60.0,93.89,0.508571,low_low_up,False,True,False,True,False,0.0,0.504863246175776,39.15063077992219,0.0,0.005312,0.006,0.0,0.0,50.0,0.0,0.0,-1,0.0,G4_EV,ev=0.00531 <= floor=0.00600  meta_conf=0.5772,-1,0.0,0.0,
SOL/USDT,1482,2026-05-10 15:00:00,short,0.57063,68.8,60.0,94.53,0.537857,low_low_up,False,True,False,True,False,0.0,0.6544394267366146,43.30506693877085,0.0,0.005519,0.006,0.0,0.0,50.0,0.0,0.0,-1,0.0,G4_EV,ev=0.00552 <= floor=0.00600  meta_conf=0.5706,-1,0.0,0.0,
SOL/USDT,1483,2026-05-10 16:00:00,short,0.55626,68.14,60.0,94.84,0.573571,low_low_up,False,True,False,True,False,0.0,0.6946783202450428,42.44815181085555,1.0,0.005505,0.006,0.0,0.0,50.0,0.0,0.0,-1,0.0,G4_EV,ev=0.00551 <= floor=0.00600  meta_conf=0.5563,-1,0.0,0.0,
SOL/USDT,1484,2026-05-10 17:00:00,short,0.54693,81.54,60.0,96.49,0.654286,low_low_up,False,True,False,True,False,0.0,0.7576986517311446,22.65267590182594,1.0,0.006211,0.006,0.5,0.0,50.0,0.0,0.0,-1,0.0,G4_5_MTF,prior(bullish)=0.50<0.6 OR rev(bearish)=0.00<0.5,-1,0.0,0.0,
SOL/USDT,1485,2026-05-10 18:00:00,short,0.5534,88.39,60.0,96.44,0.698571,low_low_up,False,True,False,True,False,0.0,0.6346957044821462,19.175939739069047,0.0,0.007238,0.006,0.75,0.0,50.0,0.0,0.0,-1,0.0,G4_5_MTF,prior(bullish)=0.75<0.6 OR rev(bearish)=0.00<0.5,-1,0.0,0.0,
SOL/USDT,1486,2026-05-10 19:00:00,short,0.55351,83.65,60.0,96.47,0.760714,low_med_up,False,False,False,False,False,0.0,0.0,50.0,0.0,0.0,0.0,0.0,0.0,50.0,0.0,0.0,-1,0.0,G2_EDGE,reg.sell_ok=False  regime='low_med_up',-1,0.0,0.0,
SOL/USDT,1487,2026-05-10 20:00:00,short,0.61298,99.74,60.0,94.52,0.972143,low_med_up,False,False,False,False,False,0.0,0.0,50.0,0.0,0.0,0.0,0.0,0.0,50.0,0.0,0.0,-1,0.0,G2_EDGE,reg.sell_ok=False  regime='low_med_up',-1,0.0,0.0,
SOL/USDT,1488,2026-05-10 21:00:00,short,0.6005,77.73,60.0,95.08,1.034286,low_med_up,False,False,False,False,False,0.0,0.0,50.0,0.0,0.0,0.0,0.0,0.0,50.0,0.0,0.0,-1,0.0,G2_EDGE,reg.sell_ok=False  regime='low_med_up',-1,0.0,0.0,
SOL/USDT,1489,2026-05-10 22:00:00,short,0.5718,86.51,60.0,96.23,1.091429,med_high_up,False,False,False,False,False,0.0,0.0,50.0,0.0,0.0,0.0,0.0,0.0,50.0,0.0,0.0,-1,0.0,G2_EDGE,reg.sell_ok=False  regime='med_high_up',-1,0.0,0.0,
SOL/USDT,1490,2026-05-10 23:00:00,short,0.56163,87.69,60.0,96.47,1.100714,med_high_up,False,False,False,False,False,0.0,0.0,50.0,0.0,0.0,0.0,0.0,0.0,50.0,0.0,0.0,-1,0.0,G2_EDGE,reg.sell_ok=False  regime='med_high_up',-1,0.0,0.0,
SOL/USDT,1491,2026-05-11 00:00:00,short,0.55879,74.01,60.0,95.79,1.140714,med_high_up,False,False,False,False,False,0.0,0.0,50.0,0.0,0.0,0.0,0.0,0.0,50.0,0.0,0.0,-1,0.0,G2_EDGE,reg.sell_ok=False  regime='med_high_up',-1,0.0,0.0,
SOL/USDT,1492,2026-05-11 01:00:00,short,0.55687,88.35,60.0,96.05,1.138571,med_high_up,False,False,False,False,False,0.0,0.0,50.0,0.0,0.0,0.0,0.0,0.0,50.0,0.0,0.0,-1,0.0,G2_EDGE,reg.sell_ok=False  regime='med_high_up',-1,0.0,0.0,
SOL/USDT,1493,2026-05-11 02:00:00,short,0.60521,80.39,60.0,95.3,1.176429,med_high_up,False,False,False,False,False,0.0,0.0,50.0,0.0,0.0,0.0,0.0,0.0,50.0,0.0,0.0,-1,0.0,G2_EDGE,reg.sell_ok=False  regime='med_high_up',-1,0.0,0.0,
SOL/USDT,1494,2026-05-11 03:00:00,short,0.64141,84.93,60.0,94.76,1.189286,med_high_up,False,False,False,False,False,0.0,0.0,50.0,0.0,0.0,0.0,0.0,0.0,50.0,0.0,0.0,-1,0.0,G2_EDGE,reg.sell_ok=False  regime='med_high_up',-1,0.0,0.0,
SOL/USDT,1495,2026-05-11 04:00:00,short,0.63812,57.16,60.0,94.97,1.212857,med_high_up,False,False,False,False,False,0.0,0.0,50.0,0.0,0.0,0.0,0.0,0.0,50.0,0.0,0.0,-1,0.0,G2_EDGE,reg.sell_ok=False  regime='med_high_up',-1,0.0,0.0,
SOL/USDT,1496,2026-05-11 05:00:00,short,0.60817,65.88,60.0,95.71,1.22,med_high_up,False,False,False,False,False,0.0,0.0,50.0,0.0,0.0,0.0,0.0,0.0,50.0,0.0,0.0,-1,0.0,G2_EDGE,reg.sell_ok=False  regime='med_high_up',-1,0.0,0.0,
SOL/USDT,1497,2026-05-11 06:00:00,short,0.62663,57.05,60.0,95.49,1.215714,med_high_up,False,False,False,False,False,0.0,0.0,50.0,0.0,0.0,0.0,0.0,0.0,50.0,0.0,0.0,-1,0.0,G2_EDGE,reg.sell_ok=False  regime='med_high_up',-1,0.0,0.0,
SOL/USDT,1498,2026-05-11 07:00:00,short,0.65663,60.02,60.0,95.33,1.126429,med_high_up,False,False,False,False,False,0.0,0.0,50.0,0.0,0.0,0.0,0.0,0.0,50.0,0.0,0.0,-1,0.0,G2_EDGE,reg.sell_ok=False  regime='med_high_up',-1,0.0,0.0,
SOL/USDT,1499,2026-05-11 08:00:00,short,0.65488,67.84,60.0,94.79,1.12,med_high_flat,,,True,False,False,0.0,0.0,50.0,0.0,0.0,0.0,0.0,0.0,50.0,0.0,0.0,-1,0.0,G1_REGIME,regime='med_high_flat' skipped=True reg_empty=False,-1,0.0,0.0,
SOL/USDT,1500,2026-05-11 09:00:00,short,0.65062,56.94,60.0,95.3,1.081429,med_high_up,False,False,False,False,False,0.0,0.0,50.0,0.0,0.0,0.0,0.0,0.0,50.0,0.0,0.0,-1,0.0,G2_EDGE,reg.sell_ok=False  regime='med_high_up',-1,0.0,0.0,
SOL/USDT,1501,2026-05-11 10:00:00,short,0.64377,58.49,60.0,95.07,0.892143,med_med_up,False,True,False,False,False,0.0,0.0,50.0,0.0,0.0,0.0,0.0,0.0,50.0,0.0,0.0,-1,0.0,G2_EDGE,edge=58.5 < thr=60.0,-1,0.0,0.0,
SOL/USDT,1502,2026-05-11 11:00:00,short,0.64148,57.03,60.0,95.25,0.854286,med_med_up,False,True,False,False,False,0.0,0.0,50.0,0.0,0.0,0.0,0.0,0.0,50.0,0.0,0.0,-1,0.0,G2_EDGE,edge=57.0 < thr=60.0,-1,0.0,0.0,
SOL/USDT,1503,2026-05-11 12:00:00,short,0.64708,63.7,60.0,94.81,0.800714,med_med_up,False,True,False,False,False,0.0,-0.3105921444315327,69.64426512022395,0.0,0.01468,0.006,0.25,0.5,50.0,0.0,0.0,-1,0.0,G4_5_MTF,prior(bullish)=0.25<0.6 OR rev(bearish)=0.50<0.5,-1,0.0,0.0,
SOL/USDT,1504,2026-05-11 13:00:00,short,0.63077,67.21,60.0,95.23,0.804286,med_med_up,False,True,False,False,False,0.0,-0.11718898102241991,71.98643055209259,0.0,0.01371,0.006,0.25,0.5,50.0,0.0,0.0,-1,0.0,G4_5_MTF,prior(bullish)=0.25<0.6 OR rev(bearish)=0.50<0.5,-1,0.0,0.0,
SOL/USDT,1505,2026-05-11 14:00:00,short,0.6484,84.93,60.0,95.17,0.820714,med_med_up,False,True,False,False,False,0.0,-0.2137986087822675,73.61333064870003,0.0,0.015155,0.006,0.5,0.5,50.0,0.0,0.0,-1,0.0,G4_5_MTF,prior(bullish)=0.50<0.6 OR rev(bearish)=0.50<0.5,-1,0.0,0.0,
SOL/USDT,1506,2026-05-11 15:00:00,short,0.57931,84.15,60.0,96.8,0.879286,high_med_up,False,False,False,False,False,0.0,0.0,50.0,0.0,0.0,0.0,0.0,0.0,50.0,0.0,0.0,-1,0.0,G2_EDGE,reg.sell_ok=False  regime='high_med_up',-1,0.0,0.0,
SOL/USDT,1507,2026-05-11 16:00:00,short,0.55937,83.15,60.0,97.35,0.918571,high_med_up,False,False,False,False,False,0.0,0.0,50.0,0.0,0.0,0.0,0.0,0.0,50.0,0.0,0.0,-1,0.0,G2_EDGE,reg.sell_ok=False  regime='high_med_up',-1,0.0,0.0,
SOL/USDT,1508,2026-05-11 17:00:00,short,0.56046,62.25,60.0,97.77,0.932143,high_med_up,False,False,False,False,False,0.0,0.0,50.0,0.0,0.0,0.0,0.0,0.0,50.0,0.0,0.0,-1,0.0,G2_EDGE,reg.sell_ok=False  regime='high_med_up',-1,0.0,0.0,
SOL/USDT,1509,2026-05-11 18:00:00,short,0.56635,63.99,60.0,97.29,0.936429,high_med_flat,False,False,False,False,False,0.0,0.0,50.0,0.0,0.0,0.0,0.0,0.0,50.0,0.0,0.0,-1,0.0,G2_EDGE,reg.sell_ok=False  regime='high_med_flat',-1,0.0,0.0,
SOL/USDT,1510,2026-05-11 19:00:00,short,0.56327,81.58,60.0,98.19,0.967857,high_med_up,False,False,False,False,False,0.0,0.0,50.0,0.0,0.0,0.0,0.0,0.0,50.0,0.0,0.0,-1,0.0,G2_EDGE,reg.sell_ok=False  regime='high_med_up',-1,0.0,0.0,
SOL/USDT,1511,2026-05-11 20:00:00,short,0.55722,81.48,60.0,97.63,0.972143,med_med_up,False,True,False,True,False,0.0,0.583321070300901,43.9429564002392,0.0,0.011717,0.006,0.75,0.5,65.11299422152806,2.4242986426864475,0.3890644920648785,-1,0.0,G5_RSI_ACCEL,rsi_accel=0.3891>0.08 (RSI recovering),-1,0.0,0.0,
SOL/USDT,1512,2026-05-11 21:00:00,short,0.55959,79.87,60.0,97.41,0.977143,med_med_up,False,True,False,True,False,0.0,0.5269710709769952,43.50887593191166,0.0,0.012001,0.006,0.75,0.5,64.5658262039326,2.3748746270822187,-0.04942401560422871,36,0.010031,TRADE,edge=79.9 meta_conf=0.5596,1551,92.817429,4.5926,WIN
SOL/USDT,1552,2026-05-13 13:00:00,short,0.68867,79.24,60.0,92.28,0.797857,med_med_down,False,True,False,False,True,0.0,-0.6850282638271746,28.96981147212404,0.0,0.01766,0.006,0.5,1.0,50.0,0.0,0.0,-1,0.0,G4_5_MTF,prior(bullish)=0.50<0.6 OR rev(bearish)=1.00<0.5,-1,0.0,0.0,
SOL/USDT,1553,2026-05-13 14:00:00,short,0.69555,59.28,60.0,91.78,0.823571,med_med_down,False,True,False,False,False,0.0,0.0,50.0,0.0,0.0,0.0,0.0,0.0,50.0,0.0,0.0,-1,0.0,G2_EDGE,edge=59.3 < thr=60.0,-1,0.0,0.0,
SOL/USDT,1554,2026-05-13 15:00:00,short,0.69769,89.89,60.0,90.43,0.874286,med_med_down,False,True,False,False,True,0.0,-0.7548928927876495,17.135796484858957,-1.0,0.020835,0.006,0.25,1.0,50.0,0.0,0.0,-1,0.0,G4_5_MTF,prior(bullish)=0.25<0.6 OR rev(bearish)=1.00<0.5,-1,0.0,0.0,
SOL/USDT,1555,2026-05-13 16:00:00,short,0.70888,74.9,60.0,90.87,0.895714,med_med_down,False,True,False,False,True,0.0,-0.6242720725151919,18.09002883887981,0.0,0.022097,0.006,0.0,1.0,50.0,0.0,0.0,-1,0.0,G4_5_MTF,prior(bullish)=0.00<0.6 OR rev(bearish)=1.00<0.5,-1,0.0,0.0,
SOL/USDT,1556,2026-05-13 17:00:00,short,0.70515,73.71,60.0,90.89,0.891429,med_med_down,False,True,False,False,True,0.0,-0.620408725305529,19.10093679937065,0.0,0.021709,0.006,0.0,0.5,50.0,0.0,0.0,-1,0.0,G4_5_MTF,prior(bullish)=0.00<0.6 OR rev(bearish)=0.50<0.5,-1,0.0,0.0,
SOL/USDT,1557,2026-05-13 18:00:00,short,0.71616,69.44,60.0,90.93,0.897143,med_med_down,False,True,False,False,True,0.0,-0.5758544308300239,20.85956821301441,0.0,0.022628,0.006,0.0,0.0,50.0,0.0,0.0,-1,0.0,G4_5_MTF,prior(bullish)=0.00<0.6 OR rev(bearish)=0.00<0.5,-1,0.0,0.0,
SOL/USDT,1558,2026-05-13 19:00:00,short,0.72263,67.9,60.0,90.96,0.905714,med_med_down,False,True,False,False,True,0.0,-0.5496170360335112,22.172401097973236,0.0,0.023328,0.006,0.25,0.0,50.0,0.0,0.0,-1,0.0,G4_5_MTF,prior(bullish)=0.25<0.6 OR rev(bearish)=0.00<0.5,-1,0.0,0.0,
SOL/USDT,1559,2026-05-13 20:00:00,short,0.72781,67.53,60.0,91.24,0.894286,med_med_down,False,True,False,False,True,0.0,-0.5387029576317619,23.436079093393957,0.0,0.023259,0.006,0.5,0.0,50.0,0.0,0.0,-1,0.0,G4_5_MTF,prior(bullish)=0.50<0.6 OR rev(bearish)=0.00<0.5,-1,0.0,0.0,
SOL/USDT,1560,2026-05-13 21:00:00,short,0.72824,68.83,60.0,90.89,0.902143,med_med_down,False,True,False,False,True,0.0,-0.645226693463404,24.79439039587195,0.0,0.023634,0.006,0.75,0.0,50.0,0.0,0.0,-1,0.0,G4_5_MTF,prior(bullish)=0.75<0.6 OR rev(bearish)=0.00<0.5,-1,0.0,0.0,
SOL/USDT,1561,2026-05-13 22:00:00,short,0.73446,67.1,60.0,91.18,0.892143,med_med_down,False,True,False,False,True,0.0,-0.502320089522166,26.05003297580496,0.0,0.023669,0.006,1.0,0.5,18.234442799525098,-3.0755737437872757,0.744863323918509,-1,0.0,G5_RSI_ACCEL,rsi_accel=0.7449>0.08 (RSI recovering),-1,0.0,0.0,
SOL/USDT,1562,2026-05-13 23:00:00,short,0.73491,67.25,60.0,91.17,0.888571,med_med_down,False,True,False,False,True,0.0,-0.5308411219792631,28.030830514642517,0.0,0.023593,0.006,1.0,0.5,16.27218931541256,-2.2524350497763725,0.8231386940109031,-1,0.0,G5_RSI_ACCEL,rsi_accel=0.8231>0.08 (RSI recovering),-1,0.0,0.0,
SOL/USDT,1563,2026-05-14 00:00:00,short,0.74999,68.48,60.0,91.21,0.839286,med_med_down,False,True,False,False,True,0.0,-0.4822876835492867,36.08215051917939,0.0,0.023029,0.006,0.75,0.0,50.0,0.0,0.0,-1,0.0,G4_5_MTF,prior(bullish)=0.75<0.6 OR rev(bearish)=0.00<0.5,-1,0.0,0.0,
SOL/USDT,1564,2026-05-14 01:00:00,short,0.7395,67.34,60.0,91.16,0.824286,med_med_down,False,True,False,False,True,0.0,-0.5559135387283628,38.44996055636033,0.0,0.021892,0.006,0.75,0.0,50.0,0.0,0.0,-1,0.0,G4_5_MTF,prior(bullish)=0.75<0.6 OR rev(bearish)=0.00<0.5,-1,0.0,0.0,
SOL/USDT,1565,2026-05-14 02:00:00,short,0.71441,67.17,60.0,90.58,0.71,med_med_down,False,True,False,False,True,0.0,-0.6380101681057441,50.55616497679712,0.0,0.017059,0.006,0.5,0.5,50.0,0.0,0.0,-1,0.0,G4_5_MTF,prior(bullish)=0.50<0.6 OR rev(bearish)=0.50<0.5,-1,0.0,0.0,
SOL/USDT,1566,2026-05-14 03:00:00,short,0.71203,74.41,60.0,89.93,0.672143,med_low_down,False,False,False,False,False,0.0,0.0,50.0,0.0,0.0,0.0,0.0,0.0,50.0,0.0,0.0,-1,0.0,G2_EDGE,reg.sell_ok=False  regime='med_low_down',-1,0.0,0.0,
SOL/USDT,1567,2026-05-14 04:00:00,short,0.71,75.63,60.0,90.48,0.658571,med_low_down,False,False,False,False,False,0.0,0.0,50.0,0.0,0.0,0.0,0.0,0.0,50.0,0.0,0.0,-1,0.0,G2_EDGE,reg.sell_ok=False  regime='med_low_down',-1,0.0,0.0,
SOL/USDT,1568,2026-05-14 05:00:00,short,0.72787,82.27,60.0,91.29,0.615714,med_low_down,False,False,False,False,False,0.0,0.0,50.0,0.0,0.0,0.0,0.0,0.0,50.0,0.0,0.0,-1,0.0,G2_EDGE,reg.sell_ok=False  regime='med_low_down',-1,0.0,0.0,
SOL/USDT,1569,2026-05-14 06:00:00,short,0.72566,81.47,60.0,91.41,0.577143,med_low_down,False,False,False,False,False,0.0,0.0,50.0,0.0,0.0,0.0,0.0,0.0,50.0,0.0,0.0,-1,0.0,G2_EDGE,reg.sell_ok=False  regime='med_low_down',-1,0.0,0.0,
SOL/USDT,1570,2026-05-14 07:00:00,short,0.71717,80.86,60.0,90.88,0.64,high_low_down,,,True,False,False,0.0,0.0,50.0,0.0,0.0,0.0,0.0,0.0,50.0,0.0,0.0,-1,0.0,G1_REGIME,regime='high_low_down' skipped=True reg_empty=False,-1,0.0,0.0,
SOL/USDT,1571,2026-05-14 08:00:00,short,0.72443,74.09,60.0,91.06,0.639286,high_low_down,,,True,False,False,0.0,0.0,50.0,0.0,0.0,0.0,0.0,0.0,50.0,0.0,0.0,-1,0.0,G1_REGIME,regime='high_low_down' skipped=True reg_empty=False,-1,0.0,0.0,
SOL/USDT,1572,2026-05-14 09:00:00,short,0.71514,73.97,60.0,90.86,0.641429,high_low_down,,,True,False,False,0.0,0.0,50.0,0.0,0.0,0.0,0.0,0.0,50.0,0.0,0.0,-1,0.0,G1_REGIME,regime='high_low_down' skipped=True reg_empty=False,-1,0.0,0.0,
SOL/USDT,1573,2026-05-14 10:00:00,short,0.71424,72.95,60.0,91.05,0.645714,med_low_down,False,False,False,False,False,0.0,0.0,50.0,0.0,0.0,0.0,0.0,0.0,50.0,0.0,0.0,-1,0.0,G2_EDGE,reg.sell_ok=False  regime='med_low_down',-1,0.0,0.0,
SOL/USDT,1574,2026-05-14 11:00:00,short,0.69945,73.85,60.0,90.64,0.641429,med_low_down,False,False,False,False,False,0.0,0.0,50.0,0.0,0.0,0.0,0.0,0.0,50.0,0.0,0.0,-1,0.0,G2_EDGE,reg.sell_ok=False  regime='med_low_down',-1,0.0,0.0,
SOL/USDT,1575,2026-05-14 12:00:00,short,0.71001,81.68,60.0,91.22,0.651429,med_low_down,False,False,False,False,False,0.0,0.0,50.0,0.0,0.0,0.0,0.0,0.0,50.0,0.0,0.0,-1,0.0,G2_EDGE,reg.sell_ok=False  regime='med_low_down',-1,0.0,0.0,
SOL/USDT,1576,2026-05-14 13:00:00,short,0.69604,82.91,60.0,90.78,0.686429,med_low_flat,False,True,False,False,True,0.0,-0.34038637234720887,55.201575980764886,0.0,0.015335,0.006,0.5,0.5,50.0,0.0,0.0,-1,0.0,G4_5_MTF,prior(bullish)=0.50<0.6 OR rev(bearish)=0.50<0.5,-1,0.0,0.0,
SOL/USDT,1577,2026-05-14 14:00:00,short,0.68456,100.0,60.0,92.28,0.784286,med_med_flat,False,True,False,True,False,0.0,0.5670795518900841,49.684322618907636,1.0,0.017045,0.006,0.5,0.5,50.0,0.0,0.0,-1,0.0,G4_5_MTF,prior(bullish)=0.50<0.6 OR rev(bearish)=0.50<0.5,-1,0.0,0.0,
SOL/USDT,1578,2026-05-14 15:00:00,short,0.67254,87.44,60.0,93.16,0.85,med_med_up,False,True,False,True,False,0.0,0.6381914917647853,38.25578717982346,1.0,0.017819,0.006,0.5,0.5,50.0,0.0,0.0,-1,0.0,G4_5_MTF,prior(bullish)=0.50<0.6 OR rev(bearish)=0.50<0.5,-1,0.0,0.0,
SOL/USDT,1579,2026-05-14 16:00:00,short,0.67597,86.35,60.0,93.33,0.888571,med_med_up,False,True,False,True,False,0.0,0.6310133547286834,34.49251052741335,1.0,0.018998,0.006,0.5,0.0,50.0,0.0,0.0,-1,0.0,G4_5_MTF,prior(bullish)=0.50<0.6 OR rev(bearish)=0.00<0.5,-1,0.0,0.0,
SOL/USDT,1580,2026-05-14 17:00:00,short,0.68563,96.15,60.0,93.02,0.912857,med_med_up,False,True,False,True,False,0.0,0.5476421480974,35.826395806738084,0.0,0.020374,0.006,0.5,0.0,50.0,0.0,0.0,-1,0.0,G4_5_MTF,prior(bullish)=0.50<0.6 OR rev(bearish)=0.00<0.5,-1,0.0,0.0,
SOL/USDT,1581,2026-05-14 18:00:00,short,0.68983,87.8,60.0,93.43,0.925714,med_med_up,False,True,False,True,False,0.0,0.6568279886067316,42.617187149558816,0.0,0.020902,0.006,0.75,0.5,71.91679034073775,1.3562146303984977,-0.08811817262765986,30,0.009908,TRADE,edge=87.8 meta_conf=0.6898,1600,89.079143,4.3509,WIN
SOL/USDT,1601,2026-05-15 14:00:00,short,0.73465,90.28,60.0,89.06,0.827857,med_med_down,False,True,False,False,True,0.0,-0.6298779343045482,37.754216473327375,0.0,0.0223,0.006,0.25,1.0,50.0,0.0,0.0,-1,0.0,G4_5_MTF,prior(bullish)=0.25<0.6 OR rev(bearish)=1.00<0.5,-1,0.0,0.0,
SOL/USDT,1602,2026-05-15 15:00:00,short,0.72158,83.18,60.0,89.04,0.807857,med_med_down,False,True,False,False,True,0.0,-0.6976515794870329,38.26908266853389,0.0,0.020834,0.006,0.25,0.5,50.0,0.0,0.0,-1,0.0,G4_5_MTF,prior(bullish)=0.25<0.6 OR rev(bearish)=0.50<0.5,-1,0.0,0.0,
SOL/USDT,1603,2026-05-15 16:00:00,short,0.71947,71.97,60.0,89.5,0.802143,med_med_down,False,True,False,False,True,0.0,-0.5771760444850134,37.9407243038348,0.0,0.020398,0.006,0.25,0.5,50.0,0.0,0.0,-1,0.0,G4_5_MTF,prior(bullish)=0.25<0.6 OR rev(bearish)=0.50<0.5,-1,0.0,0.0,
SOL/USDT,1604,2026-05-15 17:00:00,short,0.70974,77.62,60.0,89.82,0.789286,med_med_down,False,True,False,False,True,0.0,-0.5099784615760818,41.90122306967177,0.0,0.019319,0.006,0.25,0.5,50.0,0.0,0.0,-1,0.0,G4_5_MTF,prior(bullish)=0.25<0.6 OR rev(bearish)=0.50<0.5,-1,0.0,0.0,
SOL/USDT,1605,2026-05-15 18:00:00,short,0.70955,77.42,60.0,89.8,0.777143,med_med_down,False,True,False,False,True,0.0,-0.5545035822124249,45.51273057971648,0.0,0.018953,0.006,0.25,0.0,50.0,0.0,0.0,-1,0.0,G4_5_MTF,prior(bullish)=0.25<0.6 OR rev(bearish)=0.00<0.5,-1,0.0,0.0,
SOL/USDT,1606,2026-05-15 19:00:00,short,0.70151,76.92,60.0,89.42,0.717857,med_med_down,False,True,False,False,True,0.0,-0.5768919584061639,45.15916100681727,0.0,0.016837,0.006,0.5,0.5,50.0,0.0,0.0,-1,0.0,G4_5_MTF,prior(bullish)=0.50<0.6 OR rev(bearish)=0.50<0.5,-1,0.0,0.0,
SOL/USDT,1607,2026-05-15 20:00:00,short,0.69983,75.11,60.0,89.28,0.704286,med_med_down,False,True,False,False,True,0.0,-0.5418544979505678,44.9433386763756,0.0,0.016382,0.006,0.75,1.0,33.82899619449694,-0.09045425166248562,-0.11665135532666854,7,0.007889,TRADE,edge=75.1 meta_conf=0.6998,1620,85.969857,3.3101,WIN
SOL/USDT,1621,2026-05-16 10:00:00,short,0.68508,73.88,60.0,86.01,0.617857,med_low_down,False,False,False,False,False,0.0,0.0,50.0,0.0,0.0,0.0,0.0,0.0,50.0,0.0,0.0,-1,0.0,G2_EDGE,reg.sell_ok=False  regime='med_low_down',-1,0.0,0.0,
SOL/USDT,1622,2026-05-16 11:00:00,short,0.69254,67.93,60.0,86.11,0.61,med_low_down,False,False,False,False,False,0.0,0.0,50.0,0.0,0.0,0.0,0.0,0.0,50.0,0.0,0.0,-1,0.0,G2_EDGE,reg.sell_ok=False  regime='med_low_down',-1,0.0,0.0,
SOL/USDT,1623,2026-05-16 12:00:00,short,0.69429,67.1,60.0,86.26,0.618571,med_low_down,False,False,False,False,False,0.0,0.0,50.0,0.0,0.0,0.0,0.0,0.0,50.0,0.0,0.0,-1,0.0,G2_EDGE,reg.sell_ok=False  regime='med_low_down',-1,0.0,0.0,
SOL/USDT,1624,2026-05-16 13:00:00,short,0.69509,66.46,60.0,86.26,0.622857,med_low_down,False,False,False,False,False,0.0,0.0,50.0,0.0,0.0,0.0,0.0,0.0,50.0,0.0,0.0,-1,0.0,G2_EDGE,reg.sell_ok=False  regime='med_low_down',-1,0.0,0.0,
SOL/USDT,1625,2026-05-16 14:00:00,short,0.69843,67.6,60.0,86.4,0.647143,low_low_down,False,True,False,False,True,0.0,-0.5043322771113703,26.930477836336483,0.0,0.015279,0.006,0.5,0.0,50.0,0.0,0.0,-1,0.0,G4_5_MTF,prior(bullish)=0.50<0.6 OR rev(bearish)=0.00<0.5,-1,0.0,0.0,
SOL/USDT,1626,2026-05-16 15:00:00,short,0.69518,66.6,60.0,86.5,0.647143,low_low_down,False,True,False,False,True,0.0,-0.4908899653416391,27.067669579861693,0.0,0.015085,0.006,0.5,0.0,50.0,0.0,0.0,-1,0.0,G4_5_MTF,prior(bullish)=0.50<0.6 OR rev(bearish)=0.00<0.5,-1,0.0,0.0,
SOL/USDT,1627,2026-05-16 16:00:00,short,0.6986,66.78,60.0,86.63,0.646429,low_low_down,False,True,False,False,True,0.0,-0.4530036529163737,28.48991628191521,0.0,0.015215,0.006,0.5,0.0,50.0,0.0,0.0,-1,0.0,G4_5_MTF,prior(bullish)=0.50<0.6 OR rev(bearish)=0.00<0.5,-1,0.0,0.0,
SOL/USDT,1628,2026-05-16 17:00:00,short,0.69644,63.82,60.0,86.81,0.650714,low_low_down,False,True,False,False,True,0.0,-0.3778799738580185,31.171881883881404,0.0,0.015189,0.006,0.75,0.0,50.0,0.0,0.0,-1,0.0,G4_5_MTF,prior(bullish)=0.75<0.6 OR rev(bearish)=0.00<0.5,-1,0.0,0.0,
SOL/USDT,1629,2026-05-16 18:00:00,short,0.68633,63.55,60.0,86.81,0.612857,low_low_down,False,True,False,False,True,0.0,-0.41130018965516696,33.56964653648031,0.0,0.013569,0.006,0.75,0.0,50.0,0.0,0.0,-1,0.0,G4_5_MTF,prior(bullish)=0.75<0.6 OR rev(bearish)=0.00<0.5,-1,0.0,0.0,
SOL/USDT,1630,2026-05-16 19:00:00,short,0.67898,64.46,60.0,86.69,0.580714,low_low_down,False,True,False,False,True,0.0,-0.4553638803159843,37.17666723917714,0.0,0.012324,0.006,0.75,0.0,50.0,0.0,0.0,-1,0.0,G4_5_MTF,prior(bullish)=0.75<0.6 OR rev(bearish)=0.00<0.5,-1,0.0,0.0,
SOL/USDT,1631,2026-05-16 20:00:00,short,0.67751,62.85,60.0,86.68,0.535714,low_low_down,False,True,False,False,True,0.0,-0.39188573132755733,46.251930545115655,0.0,0.010996,0.006,1.0,0.5,27.45762698833674,1.2381325569499275,0.6705134226930796,-1,0.0,G5_RSI_LEVEL,rsi=27.5<=28.0 slope=1.2381>=0 (bottom),-1,0.0,0.0,
SOL/USDT,1632,2026-05-16 21:00:00,short,0.67757,71.28,60.0,86.59,0.463571,low_low_down,False,True,False,False,True,0.0,-0.2526889957962983,52.38463274818365,0.0,0.008993,0.006,0.75,1.0,32.39999981856009,1.6340436069256252,0.3959110499756977,-1,0.0,G5_RSI_ACCEL,rsi_accel=0.3959>0.08 (RSI recovering),-1,0.0,0.0,
SOL/USDT,1633,2026-05-16 22:00:00,short,0.67613,71.05,60.0,86.54,0.46,low_low_down,False,True,False,False,True,0.0,-0.3154127343075611,54.189738477687385,0.0,0.008846,0.006,0.5,1.0,50.0,0.0,0.0,-1,0.0,G4_5_MTF,prior(bullish)=0.50<0.6 OR rev(bearish)=1.00<0.5,-1,0.0,0.0,
SOL/USDT,1634,2026-05-16 23:00:00,short,0.66942,68.7,60.0,86.54,0.351429,low_low_down,False,True,False,False,True,0.0,-0.08091386379064483,65.02208706110979,0.0,0.005622,0.006,0.0,0.0,50.0,0.0,0.0,-1,0.0,G4_EV,ev=0.00562 <= floor=0.00600  meta_conf=0.6694,-1,0.0,0.0,
SOL/USDT,1635,2026-05-17 00:00:00,short,0.6718,72.64,60.0,86.13,0.36,low_low_down,False,True,False,False,True,0.0,-0.17965624492295207,77.87019408429575,0.0,0.005974,0.006,0.0,0.0,50.0,0.0,0.0,-1,0.0,G4_EV,ev=0.00597 <= floor=0.00600  meta_conf=0.6718,-1,0.0,0.0,
SOL/USDT,1636,2026-05-17 01:00:00,short,0.66966,77.06,60.0,85.75,0.390714,low_low_down,False,True,False,False,True,0.0,-0.4951763384767257,64.58615757056727,0.0,0.006804,0.006,0.0,0.5,50.0,0.0,0.0,-1,0.0,G4_5_MTF,prior(bullish)=0.00<0.6 OR rev(bearish)=0.50<0.5,-1,0.0,0.0,
SOL/USDT,1637,2026-05-17 02:00:00,short,0.66796,76.89,60.0,86.0,0.397143,low_low_down,False,True,False,False,True,0.0,-0.33100724296696143,63.46393009443047,0.0,0.006894,0.006,0.25,1.0,50.0,0.0,0.0,-1,0.0,G4_5_MTF,prior(bullish)=0.25<0.6 OR rev(bearish)=1.00<0.5,-1,0.0,0.0,
SOL/USDT,1638,2026-05-17 03:00:00,short,0.67126,71.37,60.0,86.53,0.425714,low_low_down,False,True,False,False,True,0.0,-0.0445256182986559,62.43602629719755,0.0,0.007721,0.006,0.25,0.5,50.0,0.0,0.0,-1,0.0,G4_5_MTF,prior(bullish)=0.25<0.6 OR rev(bearish)=0.50<0.5,-1,0.0,0.0,
SOL/USDT,1639,2026-05-17 04:00:00,short,0.66723,79.46,60.0,86.86,0.416429,low_low_down,False,True,False,False,False,0.0,0.11465958652110274,60.92297205512811,0.0,0.007286,0.006,0.25,0.0,50.0,0.0,0.0,-1,0.0,G4_5_MTF,prior(bullish)=0.25<0.6 OR rev(bearish)=0.00<0.5,-1,0.0,0.0,
SOL/USDT,1640,2026-05-17 05:00:00,short,0.6554,80.38,60.0,86.91,0.419286,low_low_down,False,True,False,False,False,0.0,0.1881473484475532,52.02907603352388,0.0,0.006954,0.006,0.5,0.0,50.0,0.0,0.0,-1,0.0,G4_5_MTF,prior(bullish)=0.50<0.6 OR rev(bearish)=0.00<0.5,-1,0.0,0.0,
SOL/USDT,1641,2026-05-17 06:00:00,short,0.65769,74.48,60.0,86.85,0.411429,low_low_flat,False,True,False,False,False,0.0,0.20703656474849352,50.678348258619195,0.0,0.006833,0.006,0.5,0.0,50.0,0.0,0.0,-1,0.0,G4_5_MTF,prior(bullish)=0.50<0.6 OR rev(bearish)=0.00<0.5,-1,0.0,0.0,
SOL/USDT,1642,2026-05-17 07:00:00,short,0.65237,64.62,60.0,86.97,0.410714,low_low_flat,False,True,False,True,False,0.0,0.32820787372183857,49.24731520589455,0.0,0.006622,0.006,0.75,0.5,53.33333302222215,2.707108449863255,-0.3936217226731449,22,0.004722,TRADE,edge=64.6 meta_conf=0.6524,1658,85.039643,1.9304,WIN
SOL/USDT,1659,2026-05-18 00:00:00,short,0.63935,63.97,60.0,85.36,0.644286,low_low_flat,False,True,False,False,False,0.0,-0.5144260198899571,21.80236180215155,0.0,0.012284,0.006,0.75,1.0,28.421052526869786,-1.902943487815218,-0.31758384537046935,1,0.0,G6_COOLDOWN,bars_since_exit=1 < cooldown=3,-1,0.0,0.0,
SOL/USDT,1660,2026-05-18 01:00:00,short,0.63844,60.91,60.0,84.98,0.693571,low_med_flat,False,True,False,False,False,0.0,-0.6497609813714401,23.332416649848554,0.0,0.013556,0.006,0.5,0.5,50.0,0.0,0.0,-1,0.0,G4_5_MTF,prior(bullish)=0.50<0.6 OR rev(bearish)=0.50<0.5,-1,0.0,0.0,
SOL/USDT,1661,2026-05-18 02:00:00,short,0.63975,58.38,60.0,84.89,0.717143,low_med_flat,False,True,False,False,False,0.0,0.0,50.0,0.0,0.0,0.0,0.0,0.0,50.0,0.0,0.0,-1,0.0,G2_EDGE,edge=58.4 < thr=60.0,-1,0.0,0.0,
SOL/USDT,1662,2026-05-18 03:00:00,short,0.63533,79.19,60.0,84.85,0.722857,low_med_down,False,True,False,False,False,0.0,-0.644324148186013,26.895378634978254,0.0,0.014138,0.006,0.5,1.0,50.0,0.0,0.0,-1,0.0,G4_5_MTF,prior(bullish)=0.50<0.6 OR rev(bearish)=1.00<0.5,-1,0.0,0.0,
SOL/USDT,1663,2026-05-18 04:00:00,short,0.63133,85.38,60.0,85.26,0.737857,low_med_down,False,True,False,False,False,0.0,-0.43990553443095626,28.45096289688097,0.0,0.014182,0.006,0.25,1.0,50.0,0.0,0.0,-1,0.0,G4_5_MTF,prior(bullish)=0.25<0.6 OR rev(bearish)=1.00<0.5,-1,0.0,0.0,
SOL/USDT,1664,2026-05-18 05:00:00,short,0.64038,90.39,60.0,84.86,0.766429,low_med_down,False,True,False,False,False,0.0,-0.6331550973483998,30.23780269745838,0.0,0.015551,0.006,0.25,0.5,50.0,0.0,0.0,-1,0.0,G4_5_MTF,prior(bullish)=0.25<0.6 OR rev(bearish)=0.50<0.5,-1,0.0,0.0,
SOL/USDT,1665,2026-05-18 06:00:00,short,0.64048,81.0,60.0,84.74,0.775714,low_med_down,False,True,False,False,True,0.0,-0.5590016817135929,31.967656439864847,0.0,0.015822,0.006,0.25,0.5,50.0,0.0,0.0,-1,0.0,G4_5_MTF,prior(bullish)=0.25<0.6 OR rev(bearish)=0.50<0.5,-1,0.0,0.0,
SOL/USDT,1666,2026-05-18 07:00:00,short,0.63633,75.86,60.0,84.76,0.792857,med_med_down,False,True,False,False,True,0.0,-0.47373679363053506,33.788619394750754,0.0,0.015982,0.006,0.25,1.0,50.0,0.0,0.0,-1,0.0,G4_5_MTF,prior(bullish)=0.25<0.6 OR rev(bearish)=1.00<0.5,-1,0.0,0.0,
SOL/USDT,1667,2026-05-18 08:00:00,short,0.64155,86.24,60.0,84.91,0.792143,med_med_down,False,True,False,False,False,0.0,-0.46608346337151424,35.55049852820254,0.0,0.016272,0.006,0.25,0.5,50.0,0.0,0.0,-1,0.0,G4_5_MTF,prior(bullish)=0.25<0.6 OR rev(bearish)=0.50<0.5,-1,0.0,0.0,
SOL/USDT,1668,2026-05-18 09:00:00,short,0.65066,66.79,60.0,84.49,0.789286,med_med_down,False,True,False,False,True,0.0,-0.5786834067469486,37.20195187429716,0.0,0.016899,0.006,0.25,0.0,50.0,0.0,0.0,-1,0.0,G4_5_MTF,prior(bullish)=0.25<0.6 OR rev(bearish)=0.00<0.5,-1,0.0,0.0,
SOL/USDT,1669,2026-05-18 10:00:00,short,0.65452,68.98,60.0,84.26,0.790714,low_med_down,False,True,False,False,True,0.0,-0.6279304266884567,38.79563518715738,0.0,0.017249,0.006,0.5,0.5,50.0,0.0,0.0,-1,0.0,G4_5_MTF,prior(bullish)=0.50<0.6 OR rev(bearish)=0.50<0.5,-1,0.0,0.0,
SOL/USDT,1670,2026-05-18 11:00:00,short,0.64155,78.54,60.0,84.96,0.852857,med_med_down,False,True,False,False,False,0.0,-0.4292285890534132,40.984347706433994,0.0,0.017813,0.006,0.5,1.0,50.0,0.0,0.0,-1,0.0,G4_5_MTF,prior(bullish)=0.50<0.6 OR rev(bearish)=1.00<0.5,-1,0.0,0.0,
SOL/USDT,1671,2026-05-18 12:00:00,short,0.61273,85.47,60.0,85.57,0.845714,med_med_flat,False,True,False,False,False,0.0,-0.10686341150767113,50.87269470563338,0.0,0.015468,0.006,0.5,0.5,50.0,0.0,0.0,-1,0.0,G4_5_MTF,prior(bullish)=0.50<0.6 OR rev(bearish)=0.50<0.5,-1,0.0,0.0,
SOL/USDT,1672,2026-05-18 13:00:00,short,0.65118,79.38,60.0,84.69,0.737857,med_med_down,False,True,False,False,True,0.0,-0.33045538491880333,69.11964732449724,0.0,0.015523,0.006,0.5,0.0,50.0,0.0,0.0,-1,0.0,G4_5_MTF,prior(bullish)=0.50<0.6 OR rev(bearish)=0.00<0.5,-1,0.0,0.0,
SOL/USDT,1673,2026-05-18 14:00:00,short,0.65224,81.98,60.0,83.98,0.738571,med_med_down,False,True,False,False,True,0.0,-0.5859468872587412,62.2521539294487,0.0,0.015773,0.006,0.5,0.5,50.0,0.0,0.0,-1,0.0,G4_5_MTF,prior(bullish)=0.50<0.6 OR rev(bearish)=0.50<0.5,-1,0.0,0.0,
SOL/USDT,1674,2026-05-18 15:00:00,short,0.65242,77.98,60.0,84.2,0.727857,med_med_down,False,True,False,False,True,0.0,-0.47201729160473616,60.5934652407271,0.0,0.015446,0.006,0.5,1.0,50.0,0.0,0.0,-1,0.0,G4_5_MTF,prior(bullish)=0.50<0.6 OR rev(bearish)=1.00<0.5,-1,0.0,0.0,
SOL/USDT,1675,2026-05-18 16:00:00,short,0.65043,76.18,60.0,84.33,0.722857,med_med_down,False,True,False,False,True,0.0,-0.46564255873562926,60.61353133938575,0.0,0.015163,0.006,0.5,0.5,50.0,0.0,0.0,-1,0.0,G4_5_MTF,prior(bullish)=0.50<0.6 OR rev(bearish)=0.50<0.5,-1,0.0,0.0,
SOL/USDT,1676,2026-05-18 17:00:00,short,0.65464,72.64,60.0,84.41,0.715,med_med_down,False,True,False,False,True,0.0,-0.38740333685090916,60.58593771333708,0.0,0.015187,0.006,0.5,0.0,50.0,0.0,0.0,-1,0.0,G4_5_MTF,prior(bullish)=0.50<0.6 OR rev(bearish)=0.00<0.5,-1,0.0,0.0,
SOL/USDT,1677,2026-05-18 18:00:00,short,0.66052,78.27,60.0,83.53,0.73,med_med_down,False,True,False,False,True,0.0,-0.6350208197708052,58.52789267619279,0.0,0.016159,0.006,0.5,0.0,50.0,0.0,0.0,-1,0.0,G4_5_MTF,prior(bullish)=0.50<0.6 OR rev(bearish)=0.00<0.5,-1,0.0,0.0,
SOL/USDT,1678,2026-05-18 19:00:00,short,0.63108,89.21,60.0,84.99,0.801429,med_med_down,False,True,False,False,False,0.0,-0.09461634890367725,58.65074477641355,0.0,0.015794,0.006,0.5,0.5,50.0,0.0,0.0,-1,0.0,G4_5_MTF,prior(bullish)=0.50<0.6 OR rev(bearish)=0.50<0.5,-1,0.0,0.0,
SOL/USDT,1679,2026-05-18 20:00:00,short,0.63275,80.73,60.0,84.93,0.790714,med_med_down,False,True,False,False,False,0.0,-0.12935981262045337,58.703273991120234,0.0,0.015653,0.006,0.75,0.5,51.45038156941914,1.7487818721507045,0.26510912361428063,-1,0.0,G5_RSI_ACCEL,rsi_accel=0.2651>0.08 (RSI recovering),-1,0.0,0.0,
SOL/USDT,1680,2026-05-18 21:00:00,short,0.62974,76.69,60.0,85.57,0.810714,med_med_flat,False,True,False,False,False,0.0,0.3103782080513318,58.76571397191182,0.0,0.015798,0.006,0.75,0.5,55.64853545619531,2.0722216907920132,0.3234398186413088,-1,0.0,G5_RSI_ACCEL,rsi_accel=0.3234>0.08 (RSI recovering),-1,0.0,0.0,
SOL/USDT,1681,2026-05-18 22:00:00,short,0.63503,74.84,60.0,85.46,0.817143,med_med_flat,False,True,False,False,False,0.0,0.29516495659223035,58.85295744931769,0.0,0.016337,0.006,0.75,0.5,53.856942390743754,2.2207634359108437,0.14854174511883045,-1,0.0,G5_RSI_ACCEL,rsi_accel=0.1485>0.08 (RSI recovering),-1,0.0,0.0,
SOL/USDT,1682,2026-05-18 23:00:00,short,0.63394,62.71,60.0,85.38,0.810714,med_med_flat,False,True,False,True,False,0.0,0.2450749583260698,58.9275780291025,0.0,0.016123,0.006,0.5,0.5,50.0,0.0,0.0,-1,0.0,G4_5_MTF,prior(bullish)=0.50<0.6 OR rev(bearish)=0.50<0.5,-1,0.0,0.0,
SOL/USDT,1683,2026-05-19 00:00:00,short,0.64503,66.98,60.0,85.58,0.835714,med_med_flat,False,True,False,True,False,0.0,0.39806270411957323,56.381740189841544,0.0,0.017459,0.006,0.5,1.0,50.0,0.0,0.0,-1,0.0,G4_5_MTF,prior(bullish)=0.50<0.6 OR rev(bearish)=1.00<0.5,-1,0.0,0.0,
SOL/USDT,1684,2026-05-19 01:00:00,short,0.65479,69.81,60.0,84.9,0.797143,med_med_flat,False,True,False,True,False,0.0,-0.012374822120012362,56.18822174283051,0.0,0.017278,0.006,0.5,0.5,50.0,0.0,0.0,-1,0.0,G4_5_MTF,prior(bullish)=0.50<0.6 OR rev(bearish)=0.50<0.5,-1,0.0,0.0,
SOL/USDT,1685,2026-05-19 02:00:00,short,0.65748,70.32,60.0,84.86,0.785714,med_med_flat,False,True,False,True,False,0.0,-0.1318285203904517,55.97870602169894,0.0,0.017159,0.006,0.25,0.5,50.0,0.0,0.0,-1,0.0,G4_5_MTF,prior(bullish)=0.25<0.6 OR rev(bearish)=0.50<0.5,-1,0.0,0.0,
SOL/USDT,1686,2026-05-19 03:00:00,short,0.65501,64.73,60.0,85.07,0.732857,med_med_flat,False,True,False,True,False,0.0,0.18082665188207886,55.96119397390546,0.0,0.015537,0.006,0.5,1.0,50.0,0.0,0.0,-1,0.0,G4_5_MTF,prior(bullish)=0.50<0.6 OR rev(bearish)=1.00<0.5,-1,0.0,0.0,
SOL/USDT,1687,2026-05-19 04:00:00,short,0.64962,65.13,60.0,85.15,0.700714,med_med_flat,False,True,False,True,False,0.0,0.2654085483881213,55.828339482439276,0.0,0.014349,0.006,0.25,0.5,50.0,0.0,0.0,-1,0.0,G4_5_MTF,prior(bullish)=0.25<0.6 OR rev(bearish)=0.50<0.5,-1,0.0,0.0,
SOL/USDT,1688,2026-05-19 05:00:00,short,0.66219,69.08,60.0,85.19,0.702857,med_med_flat,False,True,False,True,False,0.0,0.2718726642868227,55.740349319436675,0.0,0.015128,0.006,0.25,0.0,50.0,0.0,0.0,-1,0.0,G4_5_MTF,prior(bullish)=0.25<0.6 OR rev(bearish)=0.00<0.5,-1,0.0,0.0,
SOL/USDT,1689,2026-05-19 06:00:00,short,0.66893,68.01,60.0,85.26,0.698571,low_med_flat,False,True,False,True,False,0.0,0.2772841660890734,55.654677064711166,0.0,0.015385,0.006,0.5,0.0,50.0,0.0,0.0,-1,0.0,G4_5_MTF,prior(bullish)=0.50<0.6 OR rev(bearish)=0.00<0.5,-1,0.0,0.0,
SOL/USDT,1690,2026-05-19 07:00:00,short,0.6615,64.8,60.0,85.51,0.702857,low_med_flat,False,True,False,True,False,0.0,0.35609259807489235,55.61176819025932,0.0,0.015017,0.006,0.5,0.0,50.0,0.0,0.0,-1,0.0,G4_5_MTF,prior(bullish)=0.50<0.6 OR rev(bearish)=0.00<0.5,-1,0.0,0.0,
SOL/USDT,1691,2026-05-19 08:00:00,short,0.65426,70.36,60.0,85.25,0.675714,low_med_flat,False,True,False,True,False,0.0,0.16491557364061663,55.573065453141,0.0,0.013933,0.006,0.75,0.0,50.0,0.0,0.0,-1,0.0,G4_5_MTF,prior(bullish)=0.75<0.6 OR rev(bearish)=0.00<0.5,-1,0.0,0.0,
SOL/USDT,1692,2026-05-19 09:00:00,short,0.65018,67.69,60.0,84.77,0.610714,med_low_flat,False,True,False,True,True,0.0,-0.2685217283192146,73.63438223766762,0.0,0.012093,0.006,1.0,0.5,46.562499796289075,0.5362940406094585,-0.4620792408181974,34,0.007204,TRADE,edge=67.7 meta_conf=0.6502,1722,86.205179,-1.4352,LOSS
SOL/USDT,1723,2026-05-20 16:00:00,short,0.608,100.0,60.0,86.49,0.672143,low_low_up,False,True,False,True,False,0.0,0.6985850298974715,33.55482305903068,1.0,0.011049,0.006,0.5,0.0,50.0,0.0,0.0,-1,0.0,G4_5_MTF,prior(bullish)=0.50<0.6 OR rev(bearish)=0.00<0.5,-1,0.0,0.0,
SOL/USDT,1724,2026-05-20 17:00:00,short,0.59977,88.04,60.0,86.52,0.697143,low_med_up,False,False,False,False,False,0.0,0.0,50.0,0.0,0.0,0.0,0.0,0.0,50.0,0.0,0.0,-1,0.0,G2_EDGE,reg.sell_ok=False  regime='low_med_up',-1,0.0,0.0,
SOL/USDT,1725,2026-05-20 18:00:00,short,0.62249,93.0,60.0,85.83,0.747143,low_med_up,False,False,False,False,False,0.0,0.0,50.0,0.0,0.0,0.0,0.0,0.0,50.0,0.0,0.0,-1,0.0,G2_EDGE,reg.sell_ok=False  regime='low_med_up',-1,0.0,0.0,
SOL/USDT,1726,2026-05-20 19:00:00,short,0.63818,84.76,60.0,86.16,0.743571,low_med_up,False,False,False,False,False,0.0,0.0,50.0,0.0,0.0,0.0,0.0,0.0,50.0,0.0,0.0,-1,0.0,G2_EDGE,reg.sell_ok=False  regime='low_med_up',-1,0.0,0.0,
SOL/USDT,1727,2026-05-20 20:00:00,short,0.63005,85.57,60.0,86.18,0.771429,low_med_up,False,False,False,False,False,0.0,0.0,50.0,0.0,0.0,0.0,0.0,0.0,50.0,0.0,0.0,-1,0.0,G2_EDGE,reg.sell_ok=False  regime='low_med_up',-1,0.0,0.0,
SOL/USDT,1728,2026-05-20 21:00:00,short,0.63059,85.6,60.0,85.99,0.767857,low_med_up,False,False,False,False,False,0.0,0.0,50.0,0.0,0.0,0.0,0.0,0.0,50.0,0.0,0.0,-1,0.0,G2_EDGE,reg.sell_ok=False  regime='low_med_up',-1,0.0,0.0,
SOL/USDT,1729,2026-05-20 22:00:00,short,0.62998,88.85,60.0,86.04,0.777143,low_med_up,False,False,False,False,False,0.0,0.0,50.0,0.0,0.0,0.0,0.0,0.0,50.0,0.0,0.0,-1,0.0,G2_EDGE,reg.sell_ok=False  regime='low_med_up',-1,0.0,0.0,
SOL/USDT,1730,2026-05-20 23:00:00,short,0.62699,83.85,60.0,86.17,0.780714,med_med_up,False,True,False,True,False,0.0,0.5108478027320339,43.30252419250953,0.0,0.014757,0.006,0.75,0.5,64.3990927660799,0.34000723306290204,-0.17883956898732456,8,0.00906,TRADE,edge=83.9 meta_conf=0.6270,1778,84.4,1.77,TIMEOUT
SOL/USDT,1779,2026-05-23 00:00:00,short,0.69612,73.97,60.0,84.44,0.806429,low_med_down,False,True,False,False,True,0.0,-0.5484923769123998,31.679876660267496,0.0,0.020427,0.006,0.5,1.0,50.0,0.0,0.0,-1,0.0,G4_5_MTF,prior(bullish)=0.50<0.6 OR rev(bearish)=1.00<0.5,-1,0.0,0.0,
SOL/USDT,1780,2026-05-23 01:00:00,short,0.69807,65.23,60.0,84.53,0.786429,low_med_down,False,True,False,False,True,0.0,-0.49774701929031717,33.09436849070859,0.0,0.019923,0.006,0.5,0.5,50.0,0.0,0.0,-1,0.0,G4_5_MTF,prior(bullish)=0.50<0.6 OR rev(bearish)=0.50<0.5,-1,0.0,0.0,
SOL/USDT,1781,2026-05-23 02:00:00,short,0.69303,66.62,60.0,84.54,0.795714,low_med_down,False,True,False,False,True,0.0,-0.49243303104500796,34.452289433666465,0.0,0.019868,0.006,0.5,0.0,50.0,0.0,0.0,-1,0.0,G4_5_MTF,prior(bullish)=0.50<0.6 OR rev(bearish)=0.00<0.5,-1,0.0,0.0,
SOL/USDT,1782,2026-05-23 03:00:00,short,0.69158,63.45,60.0,84.68,0.760714,low_med_down,False,True,False,False,True,0.0,-0.46596699676745845,40.343256728115705,0.0,0.018689,0.006,0.5,0.0,50.0,0.0,0.0,-1,0.0,G4_5_MTF,prior(bullish)=0.50<0.6 OR rev(bearish)=0.00<0.5,-1,0.0,0.0,
SOL/USDT,1783,2026-05-23 04:00:00,short,0.70007,65.78,60.0,84.42,0.713571,low_med_down,False,True,False,False,True,0.0,-0.5875568284320966,43.38091746060276,0.0,0.017854,0.006,0.5,0.0,50.0,0.0,0.0,-1,0.0,G4_5_MTF,prior(bullish)=0.50<0.6 OR rev(bearish)=0.00<0.5,-1,0.0,0.0,
SOL/USDT,1784,2026-05-23 05:00:00,short,0.70206,64.73,60.0,84.46,0.683571,low_med_down,False,True,False,False,True,0.0,-0.4662369553746713,43.935821782107794,0.0,0.017039,0.006,0.75,0.5,24.27616918933937,-1.5911738183812176,0.20584769621679078,-1,0.0,G5_RSI_ACCEL,rsi_accel=0.2058>0.08 (RSI recovering),-1,0.0,0.0,
SOL/USDT,1785,2026-05-23 06:00:00,short,0.70069,65.79,60.0,84.27,0.681429,low_med_down,False,True,False,False,True,0.0,-0.5738434853667267,44.45647769312158,0.0,0.016942,0.006,1.0,0.5,20.750551812249896,-1.3620258385949944,0.22914797978622325,-1,0.0,G5_RSI_ACCEL,rsi_accel=0.2291>0.08 (RSI recovering),-1,0.0,0.0,
SOL/USDT,1786,2026-05-23 07:00:00,short,0.7327,93.53,60.0,82.25,0.834286,med_med_down,False,True,False,False,True,0.0,-0.7487159440986307,27.000900216851043,-1.0,0.024559,0.006,0.75,0.5,15.015974407312498,-1.2465515442033348,0.11547429439165957,-1,0.0,G5_RSI_ACCEL,rsi_accel=0.1155>0.08 (RSI recovering),-1,0.0,0.0,
SOL/USDT,1787,2026-05-23 08:00:00,short,0.72773,76.86,60.0,82.13,0.738571,med_med_down,False,True,False,False,True,0.0,-0.6989089614421908,35.874392635239786,0.0,0.021004,0.006,0.75,1.0,18.04222643904197,-1.2588709732598562,-0.012319429056521392,9,0.008993,TRADE,edge=76.9 meta_conf=0.7277,1793,83.865643,-1.7356,LOSS
SOL/USDT,1794,2026-05-23 15:00:00,short,0.69515,86.43,60.0,84.1,0.716429,med_med_down,False,True,False,False,False,0.0,-0.09530777113843855,40.28431204950038,0.0,0.01773,0.006,0.75,0.0,50.0,0.0,0.0,-1,0.0,G4_5_MTF,prior(bullish)=0.75<0.6 OR rev(bearish)=0.00<0.5,-1,0.0,0.0,
SOL/USDT,1795,2026-05-23 16:00:00,short,0.69625,82.87,60.0,84.11,0.697143,med_med_down,False,True,False,False,False,0.0,-0.016512258443783775,41.15970566350124,0.0,0.017207,0.006,1.0,0.5,45.742574130614564,1.8207500554418068,0.4235994509509722,-1,0.0,G5_RSI_ACCEL,rsi_accel=0.4236>0.08 (RSI recovering),-1,0.0,0.0,
SOL/USDT,1796,2026-05-23 17:00:00,short,0.68619,80.84,60.0,84.21,0.704286,med_med_down,False,True,False,False,False,0.0,0.0638757624047984,41.288415896865914,0.0,0.016806,0.006,1.0,0.5,45.30938111091176,2.236422929999249,0.41567287455744206,-1,0.0,G5_RSI_ACCEL,rsi_accel=0.4157>0.08 (RSI recovering),-1,0.0,0.0,
SOL/USDT,1797,2026-05-23 18:00:00,short,0.65849,81.74,60.0,84.71,0.747143,med_med_flat,False,True,False,False,False,0.0,0.1999650770368845,36.775373411260844,0.0,0.016218,0.006,0.75,0.0,50.0,0.0,0.0,-1,0.0,G4_5_MTF,prior(bullish)=0.75<0.6 OR rev(bearish)=0.00<0.5,-1,0.0,0.0,
SOL/USDT,1798,2026-05-23 19:00:00,short,0.65455,88.18,60.0,84.96,0.761429,med_med_flat,False,True,False,True,False,0.0,0.3855491780675886,37.081218507604426,0.0,0.016296,0.006,0.75,0.0,50.0,0.0,0.0,-1,0.0,G4_5_MTF,prior(bullish)=0.75<0.6 OR rev(bearish)=0.00<0.5,-1,0.0,0.0,
SOL/USDT,1799,2026-05-23 20:00:00,short,0.62974,100.0,60.0,87.08,0.902857,med_med_up,False,True,False,True,False,0.0,0.6778672010394681,21.68215912878656,1.0,0.017666,0.006,0.75,0.0,50.0,0.0,0.0,-1,0.0,G4_5_MTF,prior(bullish)=0.75<0.6 OR rev(bearish)=0.00<0.5,-1,0.0,0.0,
SOL/USDT,1800,2026-05-23 21:00:00,short,0.66758,91.36,60.0,86.28,0.807857,med_med_up,False,True,False,True,False,0.0,0.5144175246531796,19.728933960874514,0.0,0.018064,0.006,0.75,0.0,50.0,0.0,0.0,-1,0.0,G4_5_MTF,prior(bullish)=0.75<0.6 OR rev(bearish)=0.00<0.5,-1,0.0,0.0,
SOL/USDT,1801,2026-05-23 22:00:00,short,0.68322,78.3,60.0,85.81,0.833571,med_med_up,False,True,False,False,False,0.0,0.46671717628325005,22.48974786448244,0.0,0.019962,0.006,1.0,0.5,78.22085872774676,4.9772131039101035,0.32207711151228313,-1,0.0,G5_RSI_ACCEL,rsi_accel=0.3221>0.08 (RSI recovering),-1,0.0,0.0,
SOL/USDT,1802,2026-05-23 23:00:00,short,0.68098,77.16,60.0,85.75,0.834286,med_med_up,False,True,False,False,False,0.0,0.4582658366895951,23.35581983787388,0.0,0.019846,0.006,1.0,1.0,78.94736824995925,5.161836339603004,0.18462323569290007,-1,0.0,G5_RSI_ACCEL,rsi_accel=0.1846>0.08 (RSI recovering),-1,0.0,0.0,
SOL/USDT,1803,2026-05-24 00:00:00,short,0.6879,75.82,60.0,85.89,0.836429,med_med_up,False,True,False,False,False,0.0,0.5481438024740253,25.093568389156275,0.0,0.020343,0.006,0.75,1.0,78.58267699210117,4.959485650617131,-0.20235068898587283,10,0.009738,TRADE,edge=75.8 meta_conf=0.6879,1851,84.4,1.49,TIMEOUT
SOL/USDT,1852,2026-05-26 01:00:00,short,0.65737,75.46,60.0,84.11,0.525714,low_low_flat,False,True,False,False,True,0.0,-0.7169027550768298,33.59274511683854,0.0,0.010279,0.006,0.0,0.5,50.0,0.0,0.0,-1,0.0,G4_5_MTF,prior(bullish)=0.00<0.6 OR rev(bearish)=0.50<0.5,-1,0.0,0.0,
SOL/USDT,1853,2026-05-26 02:00:00,short,0.66097,67.18,60.0,84.03,0.52,low_low_flat,False,True,False,False,True,0.0,-0.7105936908658729,33.55094904137989,0.0,0.010294,0.006,0.25,1.0,50.0,0.0,0.0,-1,0.0,G4_5_MTF,prior(bullish)=0.25<0.6 OR rev(bearish)=1.00<0.5,-1,0.0,0.0,
SOL/USDT,1854,2026-05-26 03:00:00,short,0.66151,64.89,60.0,84.22,0.531429,low_low_flat,False,True,False,False,True,0.0,-0.5946544693197613,33.68870149268512,0.0,0.010599,0.006,0.25,1.0,50.0,0.0,0.0,-1,0.0,G4_5_MTF,prior(bullish)=0.25<0.6 OR rev(bearish)=1.00<0.5,-1,0.0,0.0,
SOL/USDT,1855,2026-05-26 04:00:00,short,0.66194,65.33,60.0,84.37,0.528571,low_low_down,False,True,False,False,True,0.0,-0.5340192919575862,33.75115107804879,0.0,0.010514,0.006,0.25,0.5,50.0,0.0,0.0,-1,0.0,G4_5_MTF,prior(bullish)=0.25<0.6 OR rev(bearish)=0.50<0.5,-1,0.0,0.0,
SOL/USDT,1856,2026-05-26 05:00:00,short,0.65913,68.88,60.0,84.67,0.545,low_low_flat,False,True,False,False,True,0.0,-0.45999399664525037,35.18567901870803,0.0,0.010785,0.006,0.25,0.0,50.0,0.0,0.0,-1,0.0,G4_5_MTF,prior(bullish)=0.25<0.6 OR rev(bearish)=0.00<0.5,-1,0.0,0.0,
SOL/USDT,1857,2026-05-26 06:00:00,short,0.65156,65.32,60.0,84.6,0.542857,low_low_flat,False,True,False,False,True,0.0,-0.5241006099518455,36.553866415911585,0.0,0.010396,0.006,0.25,0.0,50.0,0.0,0.0,-1,0.0,G4_5_MTF,prior(bullish)=0.25<0.6 OR rev(bearish)=0.00<0.5,-1,0.0,0.0,
SOL/USDT,1858,2026-05-26 07:00:00,short,0.66003,71.14,60.0,84.35,0.557857,low_low_down,False,True,False,False,True,0.0,-0.6135313544437281,38.35399179697792,0.0,0.011233,0.006,0.5,0.5,50.0,0.0,0.0,-1,0.0,G4_5_MTF,prior(bullish)=0.50<0.6 OR rev(bearish)=0.50<0.5,-1,0.0,0.0,
SOL/USDT,1859,2026-05-26 08:00:00,short,0.66803,65.51,60.0,84.44,0.544286,low_low_down,False,True,False,False,True,0.0,-0.4718050333098348,45.468029494170736,0.0,0.01121,0.006,0.75,1.0,28.571428454810558,-1.0563907239969765,0.6819647427741651,-1,0.0,G5_RSI_ACCEL,rsi_accel=0.6820>0.08 (RSI recovering),-1,0.0,0.0,
SOL/USDT,1860,2026-05-26 09:00:00,short,0.65794,74.24,60.0,84.48,0.546429,low_low_down,False,True,False,False,True,0.0,-0.4209044443059426,47.12783496954638,0.0,0.010802,0.006,0.75,0.5,31.87499986054702,-0.5299816919762855,0.526409032020691,-1,0.0,G5_RSI_ACCEL,rsi_accel=0.5264>0.08 (RSI recovering),-1,0.0,0.0,
SOL/USDT,1861,2026-05-26 10:00:00,short,0.65195,100.0,60.0,85.56,0.608571,low_low_flat,False,True,False,True,False,0.0,0.07558304120281002,49.500662213827795,0.0,0.011977,0.006,0.5,0.0,50.0,0.0,0.0,-1,0.0,G4_5_MTF,prior(bullish)=0.50<0.6 OR rev(bearish)=0.00<0.5,-1,0.0,0.0,
SOL/USDT,1862,2026-05-26 11:00:00,short,0.6361,84.76,60.0,85.21,0.62,low_low_flat,False,True,False,False,False,0.0,-0.03561622323470346,50.710271295834865,0.0,0.011531,0.006,0.5,0.0,50.0,0.0,0.0,-1,0.0,G4_5_MTF,prior(bullish)=0.50<0.6 OR rev(bearish)=0.00<0.5,-1,0.0,0.0,
SOL/USDT,1863,2026-05-26 12:00:00,short,0.6463,100.0,60.0,85.32,0.602857,low_low_flat,False,True,False,True,False,0.0,0.22263111856196416,51.6203493562321,0.0,0.01159,0.006,0.5,0.5,50.0,0.0,0.0,-1,0.0,G4_5_MTF,prior(bullish)=0.50<0.6 OR rev(bearish)=0.50<0.5,-1,0.0,0.0,
SOL/USDT,1864,2026-05-26 13:00:00,short,0.61907,100.0,60.0,85.5,0.645714,low_low_flat,False,True,False,True,False,0.0,0.3491447453452665,52.65116250961886,0.0,0.011214,0.006,0.75,0.5,55.72916646348734,2.7409472898491587,0.7813502392762433,-1,0.0,G5_RSI_ACCEL,rsi_accel=0.7814>0.08 (RSI recovering),-1,0.0,0.0,
SOL/USDT,1865,2026-05-26 14:00:00,short,0.65114,100.0,60.0,85.24,0.657857,low_low_flat,False,True,False,False,False,0.0,0.22516697354590223,47.45652365863686,0.0,0.013292,0.006,0.75,0.0,50.0,0.0,0.0,-1,0.0,G4_5_MTF,prior(bullish)=0.75<0.6 OR rev(bearish)=0.00<0.5,-1,0.0,0.0,
SOL/USDT,1866,2026-05-26 15:00:00,short,0.67456,94.68,60.0,84.49,0.701429,low_med_down,False,True,False,False,True,0.0,-0.2378784445743129,48.28212626491582,0.0,0.015971,0.006,0.75,0.5,54.8717946748191,3.4947597255717877,0.1940185011891784,-1,0.0,G5_RSI_ACCEL,rsi_accel=0.1940>0.08 (RSI recovering),-1,0.0,0.0,
SOL/USDT,1867,2026-05-26 16:00:00,short,0.66744,79.35,60.0,84.23,0.722143,low_med_down,False,True,False,False,True,0.0,-0.21818835942684503,49.210174560010024,0.0,0.016194,0.006,0.75,1.0,52.45098021217803,3.3869674058757884,-0.10779231969599934,16,0.008573,TRADE,edge=79.4 meta_conf=0.6674,1902,80.835929,3.3941,WIN
SOL/USDT,1903,2026-05-28 04:00:00,short,0.71789,78.8,60.0,80.9,0.837857,med_med_down,False,True,False,False,True,0.0,-0.6137726096627428,28.915771024547276,0.0,0.024079,0.006,0.25,1.0,50.0,0.0,0.0,-1,0.0,G4_5_MTF,prior(bullish)=0.25<0.6 OR rev(bearish)=1.00<0.5,-1,0.0,0.0,
SOL/USDT,1904,2026-05-28 05:00:00,short,0.71673,70.22,60.0,80.7,0.810714,med_med_down,False,True,False,False,True,0.0,-0.697679026350357,30.355188348345745,0.0,0.023154,0.006,0.25,0.5,50.0,0.0,0.0,-1,0.0,G4_5_MTF,prior(bullish)=0.25<0.6 OR rev(bearish)=0.50<0.5,-1,0.0,0.0,
SOL/USDT,1905,2026-05-28 06:00:00,short,0.71431,67.49,60.0,80.97,0.79,med_med_down,False,True,False,False,True,0.0,-0.5467529420034924,35.54144203649915,0.0,0.022205,0.006,0.25,0.5,50.0,0.0,0.0,-1,0.0,G4_5_MTF,prior(bullish)=0.25<0.6 OR rev(bearish)=0.50<0.5,-1,0.0,0.0,
SOL/USDT,1906,2026-05-28 07:00:00,short,0.72963,78.7,60.0,81.26,0.747143,med_med_down,False,True,False,False,False,0.0,-0.5397696041724047,36.340579960361794,0.0,0.021688,0.006,0.25,0.5,50.0,0.0,0.0,-1,0.0,G4_5_MTF,prior(bullish)=0.25<0.6 OR rev(bearish)=0.50<0.5,-1,0.0,0.0,
SOL/USDT,1907,2026-05-28 08:00:00,short,0.74014,66.79,60.0,80.99,0.724286,med_med_down,False,True,False,False,True,0.0,-0.6254004114456256,36.520555686802155,0.0,0.021648,0.006,0.25,0.0,50.0,0.0,0.0,-1,0.0,G4_5_MTF,prior(bullish)=0.25<0.6 OR rev(bearish)=0.00<0.5,-1,0.0,0.0,
SOL/USDT,1908,2026-05-28 09:00:00,short,0.73949,78.53,60.0,81.22,0.74,med_med_down,False,True,False,False,False,0.0,-0.534452389902007,36.77654385557386,0.0,0.022089,0.006,0.5,0.5,50.0,0.0,0.0,-1,0.0,G4_5_MTF,prior(bullish)=0.50<0.6 OR rev(bearish)=0.50<0.5,-1,0.0,0.0,
SOL/USDT,1909,2026-05-28 10:00:00,short,0.74603,68.62,60.0,80.75,0.755714,med_med_down,False,True,False,False,True,0.0,-0.6236787825820683,40.12087902197853,0.0,0.023229,0.006,0.75,0.5,22.54025039077584,-1.0974807470134713,0.36554782008783326,-1,0.0,G5_RSI_ACCEL,rsi_accel=0.3655>0.08 (RSI recovering),-1,0.0,0.0,
SOL/USDT,1910,2026-05-28 11:00:00,short,0.73268,75.45,60.0,80.88,0.656429,med_med_down,False,True,False,False,True,0.0,-0.5170327087566843,48.5072689430245,0.0,0.01885,0.006,0.5,0.5,50.0,0.0,0.0,-1,0.0,G4_5_MTF,prior(bullish)=0.50<0.6 OR rev(bearish)=0.50<0.5,-1,0.0,0.0,
SOL/USDT,1911,2026-05-28 12:00:00,short,0.71897,75.48,60.0,81.13,0.645714,med_med_down,False,True,False,False,True,0.0,-0.4378184201705933,51.53886076535535,0.0,0.017639,0.006,0.75,0.5,35.497835390266275,-0.4318124297473897,0.4186247356522133,-1,0.0,G5_RSI_ACCEL,rsi_accel=0.4186>0.08 (RSI recovering),-1,0.0,0.0,
SOL/USDT,1912,2026-05-28 13:00:00,short,0.73085,80.84,60.0,80.79,0.669286,med_med_down,False,True,False,False,True,0.0,-0.578939535010945,51.07550300034686,0.0,0.019217,0.006,0.5,0.0,50.0,0.0,0.0,-1,0.0,G4_5_MTF,prior(bullish)=0.50<0.6 OR rev(bearish)=0.00<0.5,-1,0.0,0.0,
SOL/USDT,1913,2026-05-28 14:00:00,short,0.7267,86.75,60.0,81.19,0.759286,med_med_down,False,True,False,False,True,0.0,-0.375399021728777,50.94024150881834,0.0,0.021935,0.006,0.5,0.5,50.0,0.0,0.0,-1,0.0,G4_5_MTF,prior(bullish)=0.50<0.6 OR rev(bearish)=0.50<0.5,-1,0.0,0.0,
SOL/USDT,1914,2026-05-28 15:00:00,short,0.71598,76.31,60.0,81.14,0.758571,med_med_down,False,True,False,False,True,0.0,-0.3439377456199008,55.34040676256494,0.0,0.02122,0.006,0.75,0.5,37.90149881571286,0.8925428071760738,0.4654051743977289,-1,0.0,G5_RSI_ACCEL,rsi_accel=0.4654>0.08 (RSI recovering),-1,0.0,0.0,
SOL/USDT,1915,2026-05-28 16:00:00,short,0.70763,83.68,60.0,82.07,0.817857,med_med_down,False,True,False,False,False,0.0,0.1888048402803892,58.5330822462718,0.0,0.022296,0.006,0.5,0.5,50.0,0.0,0.0,-1,0.0,G4_5_MTF,prior(bullish)=0.50<0.6 OR rev(bearish)=0.50<0.5,-1,0.0,0.0,
SOL/USDT,1916,2026-05-28 17:00:00,short,0.69571,78.3,60.0,82.3,0.75,med_med_flat,False,True,False,False,False,0.0,0.30921215528188317,52.179717271043124,0.0,0.019282,0.006,0.75,0.5,68.77934249696926,2.6557307559274568,1.0224044304715605,-1,0.0,G5_RSI_ACCEL,rsi_accel=1.0224>0.08 (RSI recovering),-1,0.0,0.0,
SOL/USDT,1917,2026-05-28 18:00:00,short,0.68942,89.48,60.0,82.9,0.734286,med_med_flat,False,True,False,True,False,0.0,0.5457792224757924,47.085369699073944,0.0,0.018236,0.006,0.5,0.0,50.0,0.0,0.0,-1,0.0,G4_5_MTF,prior(bullish)=0.50<0.6 OR rev(bearish)=0.00<0.5,-1,0.0,0.0,
SOL/USDT,1918,2026-05-28 19:00:00,short,0.70468,78.28,60.0,82.19,0.745,med_med_down,False,True,False,False,False,0.0,0.23923079902097782,46.84423356874152,0.0,0.01973,0.006,0.5,0.0,50.0,0.0,0.0,-1,0.0,G4_5_MTF,prior(bullish)=0.50<0.6 OR rev(bearish)=0.00<0.5,-1,0.0,0.0,
SOL/USDT,1919,2026-05-28 20:00:00,short,0.70767,77.01,60.0,82.3,0.761429,med_med_down,False,True,False,False,False,0.0,0.3417000292944321,46.738911235159634,0.0,0.020416,0.006,0.75,0.5,63.273452917000306,3.8867612510780973,0.13308661021918233,-1,0.0,G5_RSI_ACCEL,rsi_accel=0.1331>0.08 (RSI recovering),-1,0.0,0.0,
SOL/USDT,1920,2026-05-28 21:00:00,short,0.71199,76.92,60.0,82.44,0.764286,med_med_flat,False,True,False,False,False,0.0,0.4744162861854312,46.80213975821234,0.0,0.020749,0.006,0.75,0.5,62.1399175164693,4.0541543867797065,0.16739313570160919,-1,0.0,G5_RSI_ACCEL,rsi_accel=0.1674>0.08 (RSI recovering),-1,0.0,0.0,
SOL/USDT,1921,2026-05-28 22:00:00,short,0.7114,89.5,60.0,82.04,0.782143,low_med_flat,False,True,False,True,False,0.0,0.17311467043882345,47.014760438119076,0.0,0.021411,0.006,0.75,0.0,50.0,0.0,0.0,-1,0.0,G4_5_MTF,prior(bullish)=0.75<0.6 OR rev(bearish)=0.00<0.5,-1,0.0,0.0,
SOL/USDT,1922,2026-05-28 23:00:00,short,0.72284,86.45,60.0,82.11,0.767143,low_med_flat,False,True,False,True,False,0.0,0.39640661019447276,47.11409875582177,0.0,0.021655,0.006,0.75,0.5,59.2132503459658,3.3206585373367643,-0.41350059281025375,20,0.009343,TRADE,edge=86.4 meta_conf=0.7228,1970,82.73,-0.62,TIMEOUT
SOL/USDT,1971,2026-05-31 00:00:00,short,0.60772,50.54,60.0,82.93,0.332857,low_low_flat,False,True,False,False,False,0.0,0.0,50.0,0.0,0.0,0.0,0.0,0.0,50.0,0.0,0.0,-1,0.0,G2_EDGE,edge=50.5 < thr=60.0,-1,0.0,0.0,
SOL/USDT,1972,2026-05-31 01:00:00,short,0.59864,77.87,60.0,83.02,0.332857,low_low_flat,False,True,False,True,True,0.0,0.5934745478461686,59.12140102961646,0.0,0.003499,0.006,0.0,0.0,50.0,0.0,0.0,-1,0.0,G4_EV,ev=0.00350 <= floor=0.00600  meta_conf=0.5986,-1,0.0,0.0,
SOL/USDT,1973,2026-05-31 02:00:00,short,0.59517,89.07,60.0,83.15,0.357857,low_low_flat,False,True,False,True,False,0.0,0.6189163586056282,52.86959576089499,0.0,0.003944,0.006,0.0,0.0,50.0,0.0,0.0,-1,0.0,G4_EV,ev=0.00394 <= floor=0.00600  meta_conf=0.5952,-1,0.0,0.0,
SOL/USDT,1974,2026-05-31 03:00:00,short,0.60603,80.88,60.0,83.25,0.352857,low_low_flat,False,True,False,True,False,0.0,0.6264254028505057,58.87153837333708,0.0,0.004149,0.006,0.0,0.0,50.0,0.0,0.0,-1,0.0,G4_EV,ev=0.00415 <= floor=0.00600  meta_conf=0.6060,-1,0.0,0.0,
SOL/USDT,1975,2026-05-31 04:00:00,short,0.60741,79.07,60.0,83.22,0.342143,low_low_up,False,True,False,True,False,0.0,0.5369169804714369,59.25552001143774,0.0,0.003944,0.006,0.0,0.0,50.0,0.0,0.0,-1,0.0,G4_EV,ev=0.00394 <= floor=0.00600  meta_conf=0.6074,-1,0.0,0.0,
SOL/USDT,1976,2026-05-31 05:00:00,short,0.60771,71.68,60.0,83.03,0.326429,low_low_flat,False,True,False,True,True,0.0,0.44948092612466833,58.93288047425519,0.0,0.003605,0.006,0.0,0.0,50.0,0.0,0.0,-1,0.0,G4_EV,ev=0.00360 <= floor=0.00600  meta_conf=0.6077,-1,0.0,0.0,
SOL/USDT,1977,2026-05-31 06:00:00,short,0.60934,75.14,60.0,82.95,0.319286,low_low_flat,False,True,False,True,True,0.0,0.39507342417629215,58.53014494888963,0.0,0.00349,0.006,0.0,0.0,50.0,0.0,0.0,-1,0.0,G4_EV,ev=0.00349 <= floor=0.00600  meta_conf=0.6093,-1,0.0,0.0,
SOL/USDT,1978,2026-05-31 07:00:00,short,0.62907,81.46,60.0,82.66,0.32,low_low_flat,False,True,False,True,True,0.0,-0.11625473708118622,58.159176609907604,0.0,0.004071,0.006,0.0,0.0,50.0,0.0,0.0,-1,0.0,G4_EV,ev=0.00407 <= floor=0.00600  meta_conf=0.6291,-1,0.0,0.0,
SOL/USDT,1979,2026-05-31 08:00:00,short,0.6257,76.59,60.0,82.81,0.32,low_low_flat,False,True,False,True,True,0.0,0.05447456681711127,58.18922841429742,0.0,0.003965,0.006,0.0,0.0,50.0,0.0,0.0,-1,0.0,G4_EV,ev=0.00396 <= floor=0.00600  meta_conf=0.6257,-1,0.0,0.0,
SOL/USDT,1980,2026-05-31 09:00:00,short,0.62481,79.15,60.0,82.75,0.33,low_low_flat,False,True,False,True,True,0.0,-0.13634405503786323,58.48248164931083,0.0,0.004195,0.006,0.0,0.0,50.0,0.0,0.0,-1,0.0,G4_EV,ev=0.00419 <= floor=0.00600  meta_conf=0.6248,-1,0.0,0.0,
SOL/USDT,1981,2026-05-31 10:00:00,short,0.62631,81.49,60.0,82.71,0.332857,low_low_flat,False,True,False,True,True,0.0,-0.1280962796915019,58.873922444360126,0.0,0.004312,0.006,0.0,0.0,50.0,0.0,0.0,-1,0.0,G4_EV,ev=0.00431 <= floor=0.00600  meta_conf=0.6263,-1,0.0,0.0,
SOL/USDT,1982,2026-05-31 11:00:00,short,0.61802,52.78,60.0,82.76,0.327143,low_low_flat,False,True,False,False,False,0.0,0.0,50.0,0.0,0.0,0.0,0.0,0.0,50.0,0.0,0.0,-1,0.0,G2_EDGE,edge=52.8 < thr=60.0,-1,0.0,0.0,
SOL/USDT,1983,2026-05-31 12:00:00,short,0.61283,55.44,60.0,82.82,0.312857,low_low_flat,False,True,False,False,False,0.0,0.0,50.0,0.0,0.0,0.0,0.0,0.0,50.0,0.0,0.0,-1,0.0,G2_EDGE,edge=55.4 < thr=60.0,-1,0.0,0.0,
SOL/USDT,1984,2026-05-31 13:00:00,short,0.61284,58.28,60.0,82.77,0.319286,low_low_flat,False,True,False,False,False,0.0,0.0,50.0,0.0,0.0,0.0,0.0,0.0,50.0,0.0,0.0,-1,0.0,G2_EDGE,edge=58.3 < thr=60.0,-1,0.0,0.0,
SOL/USDT,1985,2026-05-31 14:00:00,short,0.67992,69.28,60.0,81.96,0.365,low_low_flat,False,True,False,False,True,0.0,-0.7101555242102328,39.791815567221555,-1.0,0.006882,0.006,0.5,0.5,50.0,0.0,0.0,-1,0.0,G4_5_MTF,prior(bullish)=0.50<0.6 OR rev(bearish)=0.50<0.5,-1,0.0,0.0,
SOL/USDT,1986,2026-05-31 15:00:00,short,0.67976,49.72,60.0,81.88,0.374286,low_low_flat,False,True,False,False,False,0.0,0.0,50.0,0.0,0.0,0.0,0.0,0.0,50.0,0.0,0.0,-1,0.0,G2_EDGE,edge=49.7 < thr=60.0,-1,0.0,0.0,
SOL/USDT,1987,2026-05-31 16:00:00,short,0.66598,55.38,60.0,81.59,0.38,low_low_flat,False,True,False,False,False,0.0,0.0,50.0,0.0,0.0,0.0,0.0,0.0,50.0,0.0,0.0,-1,0.0,G2_EDGE,edge=55.4 < thr=60.0,-1,0.0,0.0,
SOL/USDT,1988,2026-05-31 17:00:00,short,0.68088,67.55,60.0,81.87,0.393571,low_low_flat,False,True,False,False,True,0.0,-0.5729519165857724,35.22378769350498,0.0,0.007779,0.006,0.5,1.0,50.0,0.0,0.0,-1,0.0,G4_5_MTF,prior(bullish)=0.50<0.6 OR rev(bearish)=1.00<0.5,-1,0.0,0.0,
SOL/USDT,1989,2026-05-31 18:00:00,short,0.67499,65.36,60.0,81.76,0.397143,low_low_flat,False,True,False,False,True,0.0,-0.6686019957809094,37.306600979538544,0.0,0.0077,0.006,0.25,0.5,50.0,0.0,0.0,-1,0.0,G4_5_MTF,prior(bullish)=0.25<0.6 OR rev(bearish)=0.50<0.5,-1,0.0,0.0,
SOL/USDT,1990,2026-05-31 19:00:00,short,0.66776,66.53,60.0,81.58,0.415,low_low_down,False,True,False,False,True,0.0,-0.6860378116581286,38.207986877882796,0.0,0.007994,0.006,0.0,0.5,50.0,0.0,0.0,-1,0.0,G4_5_MTF,prior(bullish)=0.00<0.6 OR rev(bearish)=0.50<0.5,-1,0.0,0.0,
SOL/USDT,1991,2026-05-31 20:00:00,short,0.6645,74.03,60.0,81.97,0.432143,low_low_flat,False,True,False,False,True,0.0,-0.48724558429774295,39.0697088542535,0.0,0.008309,0.006,0.25,1.0,50.0,0.0,0.0,-1,0.0,G4_5_MTF,prior(bullish)=0.25<0.6 OR rev(bearish)=1.00<0.5,-1,0.0,0.0,
SOL/USDT,1992,2026-05-31 21:00:00,short,0.66807,83.35,60.0,82.3,0.435714,low_low_flat,False,True,False,True,True,0.0,-0.3284862551261242,39.933358443669476,0.0,0.008494,0.006,0.25,0.5,50.0,0.0,0.0,-1,0.0,G4_5_MTF,prior(bullish)=0.25<0.6 OR rev(bearish)=0.50<0.5,-1,0.0,0.0,
SOL/USDT,1993,2026-05-31 22:00:00,short,0.66485,86.32,60.0,82.53,0.462857,low_low_flat,False,True,False,True,True,0.0,-0.13955750746375795,40.97313607550959,0.0,0.009108,0.006,0.25,0.0,50.0,0.0,0.0,-1,0.0,G4_5_MTF,prior(bullish)=0.25<0.6 OR rev(bearish)=0.00<0.5,-1,0.0,0.0,
SOL/USDT,1994,2026-05-31 23:00:00,short,0.63932,86.4,60.0,82.44,0.502857,low_low_flat,False,True,False,True,True,0.0,-0.20855320570067942,42.19427250704307,0.0,0.009158,0.006,0.5,0.0,50.0,0.0,0.0,-1,0.0,G4_5_MTF,prior(bullish)=0.50<0.6 OR rev(bearish)=0.00<0.5,-1,0.0,0.0,
SOL/USDT,1995,2026-06-01 00:00:00,short,0.60815,96.2,60.0,82.83,0.536429,low_low_flat,False,True,False,True,False,0.0,0.13518190565991992,43.58367504185534,0.0,0.008548,0.006,0.5,0.5,50.0,0.0,0.0,-1,0.0,G4_5_MTF,prior(bullish)=0.50<0.6 OR rev(bearish)=0.50<0.5,-1,0.0,0.0,
SOL/USDT,1996,2026-06-01 01:00:00,short,0.65414,81.69,60.0,81.76,0.603571,low_low_flat,False,True,False,False,True,0.0,-0.46614502759001586,45.392308261147065,0.0,0.012696,0.006,0.75,0.5,38.53210996801612,0.5946370297924535,0.32598713814064967,-1,0.0,G5_RSI_ACCEL,rsi_accel=0.3260>0.08 (RSI recovering),-1,0.0,0.0,
SOL/USDT,1997,2026-06-01 02:00:00,short,0.63736,92.77,60.0,82.68,0.667857,low_med_flat,False,True,False,True,False,0.0,0.1249309109212224,47.59517159237841,0.0,0.013314,0.006,0.75,0.5,48.65900370091468,1.6408520247527536,1.0462149949603001,-1,0.0,G5_RSI_ACCEL,rsi_accel=1.0462>0.08 (RSI recovering),-1,0.0,0.0,
SOL/USDT,1998,2026-06-01 03:00:00,short,0.63013,95.92,60.0,82.63,0.665714,low_med_flat,False,True,False,True,False,0.0,0.01802627943051995,50.05379747568149,0.0,0.012858,0.006,0.75,0.5,48.65900370091455,2.5796571549833547,0.9388051302306011,-1,0.0,G5_RSI_ACCEL,rsi_accel=0.9388>0.08 (RSI recovering),-1,0.0,0.0,
SOL/USDT,1999,2026-06-01 04:00:00,short,0.64579,77.07,60.0,82.04,0.667857,low_med_flat,False,True,False,False,True,0.0,-0.2432202460307717,51.74580678075592,0.0,0.013932,0.006,0.5,0.5,50.0,0.0,0.0,-1,0.0,G4_5_MTF,prior(bullish)=0.50<0.6 OR rev(bearish)=0.50<0.5,-1,0.0,0.0,
SOL/USDT,2000,2026-06-01 05:00:00,short,0.64666,75.63,60.0,81.82,0.669286,low_med_flat,False,True,False,False,True,0.0,-0.4305775465145022,53.32432430428211,0.0,0.014069,0.006,0.5,1.0,50.0,0.0,0.0,-1,0.0,G4_5_MTF,prior(bullish)=0.50<0.6 OR rev(bearish)=1.00<0.5,-1,0.0,0.0,
SOL/USDT,2001,2026-06-01 06:00:00,short,0.6456,80.4,60.0,81.45,0.677857,low_med_down,False,True,False,False,True,0.0,-0.47303233024880886,50.797565745512514,0.0,0.014322,0.006,0.5,1.0,50.0,0.0,0.0,-1,0.0,G4_5_MTF,prior(bullish)=0.50<0.6 OR rev(bearish)=1.00<0.5,-1,0.0,0.0,
SOL/USDT,2002,2026-06-01 07:00:00,short,0.65676,82.34,60.0,80.74,0.714286,low_med_down,False,True,False,False,True,0.0,-0.67782807863074,43.80781605588007,-1.0,0.016172,0.006,0.25,1.0,50.0,0.0,0.0,-1,0.0,G4_5_MTF,prior(bullish)=0.25<0.6 OR rev(bearish)=1.00<0.5,-1,0.0,0.0,
SOL/USDT,2003,2026-06-01 08:00:00,short,0.65457,82.11,60.0,80.99,0.737857,low_med_down,False,True,False,False,True,0.0,-0.5759523862414916,42.89591398594902,0.0,0.016632,0.006,0.25,1.0,50.0,0.0,0.0,-1,0.0,G4_5_MTF,prior(bullish)=0.25<0.6 OR rev(bearish)=1.00<0.5,-1,0.0,0.0,
SOL/USDT,2004,2026-06-01 09:00:00,short,0.68069,61.6,60.0,81.08,0.725714,low_med_down,False,True,False,False,True,0.0,-0.5349933242644875,44.30700435483635,0.0,0.017919,0.006,0.0,0.5,50.0,0.0,0.0,-1,0.0,G4_5_MTF,prior(bullish)=0.00<0.6 OR rev(bearish)=0.50<0.5,-1,0.0,0.0,
SOL/USDT,2005,2026-06-01 10:00:00,short,0.68104,60.94,60.0,81.1,0.720714,low_med_down,False,True,False,False,True,0.0,-0.5595277211763549,45.572077768405265,0.0,0.017784,0.006,0.0,0.0,50.0,0.0,0.0,-1,0.0,G4_5_MTF,prior(bullish)=0.00<0.6 OR rev(bearish)=0.00<0.5,-1,0.0,0.0,
SOL/USDT,2006,2026-06-01 11:00:00,short,0.67898,100.0,60.0,80.81,0.732857,low_med_down,False,True,False,False,True,0.0,-0.6993779212534158,46.83204073986279,0.0,0.018099,0.006,0.25,0.0,50.0,0.0,0.0,-1,0.0,G4_5_MTF,prior(bullish)=0.25<0.6 OR rev(bearish)=0.00<0.5,-1,0.0,0.0,
SOL/USDT,2007,2026-06-01 12:00:00,short,0.68855,99.71,60.0,80.82,0.746429,low_med_down,False,True,False,False,True,0.0,-0.5356330840673625,44.83134257126293,0.0,0.019129,0.006,0.5,0.5,50.0,0.0,0.0,-1,0.0,G4_5_MTF,prior(bullish)=0.50<0.6 OR rev(bearish)=0.50<0.5,-1,0.0,0.0,
SOL/USDT,2008,2026-06-01 13:00:00,short,0.69617,92.29,60.0,79.84,0.79,low_med_down,False,True,False,False,True,0.0,-0.7444655376707882,35.14032959700786,-1.0,0.021311,0.006,0.75,0.5,28.18791939687398,-1.2779662605116826,-0.4477022181352479,38,0.009895,TRADE,edge=92.3 meta_conf=0.6962,2034,76.127,3.713,WIN
SOL/USDT,2035,2026-06-02 16:00:00,short,0.73392,77.44,60.0,76.71,0.875,med_high_down,,,True,False,False,0.0,0.0,50.0,0.0,0.0,0.0,0.0,0.0,50.0,0.0,0.0,-1,0.0,G1_REGIME,regime='med_high_down' skipped=True reg_empty=False,-1,0.0,0.0,
SOL/USDT,2036,2026-06-02 17:00:00,short,0.72563,84.31,60.0,76.84,0.896429,med_high_down,,,True,False,False,0.0,0.0,50.0,0.0,0.0,0.0,0.0,0.0,50.0,0.0,0.0,-1,0.0,G1_REGIME,regime='med_high_down' skipped=True reg_empty=False,-1,0.0,0.0,
SOL/USDT,2037,2026-06-02 18:00:00,short,0.72587,72.16,60.0,76.15,0.941429,med_high_down,,,True,False,False,0.0,0.0,50.0,0.0,0.0,0.0,0.0,0.0,50.0,0.0,0.0,-1,0.0,G1_REGIME,regime='med_high_down' skipped=True reg_empty=False,-1,0.0,0.0,
SOL/USDT,2038,2026-06-02 19:00:00,short,0.73205,93.02,60.0,75.53,0.995,med_high_down,,,True,False,False,0.0,0.0,50.0,0.0,0.0,0.0,0.0,0.0,50.0,0.0,0.0,-1,0.0,G1_REGIME,regime='med_high_down' skipped=True reg_empty=False,-1,0.0,0.0,
SOL/USDT,2039,2026-06-02 20:00:00,short,0.72539,73.06,60.0,75.44,1.044286,med_high_down,,,True,False,False,0.0,0.0,50.0,0.0,0.0,0.0,0.0,0.0,50.0,0.0,0.0,-1,0.0,G1_REGIME,regime='med_high_down' skipped=True reg_empty=False,-1,0.0,0.0,
SOL/USDT,2040,2026-06-02 21:00:00,short,0.73768,81.38,60.0,75.67,1.042143,med_high_down,,,True,False,False,0.0,0.0,50.0,0.0,0.0,0.0,0.0,0.0,50.0,0.0,0.0,-1,0.0,G1_REGIME,regime='med_high_down' skipped=True reg_empty=False,-1,0.0,0.0,
SOL/USDT,2041,2026-06-02 22:00:00,short,0.72016,81.18,60.0,73.67,1.181429,high_high_down,False,True,False,False,True,0.0,-0.7527997035530801,25.07667930141715,-1.0,0.039735,0.006,0.5,0.5,50.0,0.0,0.0,-1,0.0,G4_5_MTF,prior(bullish)=0.50<0.6 OR rev(bearish)=0.50<0.5,-1,0.0,0.0,
SOL/USDT,2042,2026-06-02 23:00:00,short,0.72115,80.94,60.0,74.23,1.233571,high_high_down,False,True,False,False,True,0.0,-0.5964893986410634,23.87126354619532,0.0,0.041436,0.006,0.25,0.5,50.0,0.0,0.0,-1,0.0,G4_5_MTF,prior(bullish)=0.25<0.6 OR rev(bearish)=0.50<0.5,-1,0.0,0.0,
SOL/USDT,2043,2026-06-03 00:00:00,short,0.72449,85.17,60.0,74.85,1.277857,high_high_down,False,True,False,False,False,0.0,-0.5452612966129553,25.64570125390709,0.0,0.043079,0.006,0.25,0.5,50.0,0.0,0.0,-1,0.0,G4_5_MTF,prior(bullish)=0.25<0.6 OR rev(bearish)=0.50<0.5,-1,0.0,0.0,
SOL/USDT,2044,2026-06-03 01:00:00,short,0.71406,81.8,60.0,74.75,1.299286,high_high_down,False,True,False,False,False,0.0,-0.6027796053917192,28.57246291459298,0.0,0.042655,0.006,0.25,0.0,50.0,0.0,0.0,-1,0.0,G4_5_MTF,prior(bullish)=0.25<0.6 OR rev(bearish)=0.00<0.5,-1,0.0,0.0,
SOL/USDT,2045,2026-06-03 02:00:00,short,0.71999,81.13,60.0,74.4,1.306429,high_high_down,False,True,False,False,False,0.0,-0.6277805522256279,30.25709915871187,0.0,0.043867,0.006,0.5,0.5,50.0,0.0,0.0,-1,0.0,G4_5_MTF,prior(bullish)=0.50<0.6 OR rev(bearish)=0.50<0.5,-1,0.0,0.0,
SOL/USDT,2046,2026-06-03 03:00:00,short,0.71782,79.54,60.0,72.71,1.437857,high_high_down,False,True,False,False,True,0.0,-0.7180403621320285,30.96482280275843,-1.0,0.049604,0.006,0.75,1.0,18.73747492361477,0.30017454719204495,0.23302890904118073,-1,0.0,G5_RSI_LEVEL,rsi=18.7<=28.0 slope=0.3002>=0 (bottom),-1,0.0,0.0,
SOL/USDT,2047,2026-06-03 04:00:00,short,0.7113,92.09,60.0,74.06,1.379286,high_high_down,False,True,False,False,False,0.0,-0.5093438267578895,40.69012562340589,0.0,0.045627,0.006,0.5,1.0,50.0,0.0,0.0,-1,0.0,G4_5_MTF,prior(bullish)=0.50<0.6 OR rev(bearish)=1.00<0.5,-1,0.0,0.0,
SOL/USDT,2048,2026-06-03 05:00:00,short,0.7229,91.49,60.0,74.75,1.305,high_high_down,False,True,False,False,False,0.0,-0.3644696159879689,41.73427163908616,0.0,0.043948,0.006,0.5,0.5,50.0,0.0,0.0,-1,0.0,G4_5_MTF,prior(bullish)=0.50<0.6 OR rev(bearish)=0.50<0.5,-1,0.0,0.0,
SOL/USDT,2049,2026-06-03 06:00:00,short,0.72471,90.19,60.0,74.86,1.243571,high_high_down,False,True,False,False,False,0.0,-0.31474764703895564,46.120202720361775,0.0,0.041835,0.006,0.25,0.0,50.0,0.0,0.0,-1,0.0,G4_5_MTF,prior(bullish)=0.25<0.6 OR rev(bearish)=0.00<0.5,-1,0.0,0.0,
SOL/USDT,2050,2026-06-03 07:00:00,short,0.72241,86.68,60.0,75.27,1.238571,high_high_down,False,True,False,False,False,0.0,-0.28358816212584786,47.752585312944866,0.0,0.041136,0.006,0.25,0.0,50.0,0.0,0.0,-1,0.0,G4_5_MTF,prior(bullish)=0.25<0.6 OR rev(bearish)=0.00<0.5,-1,0.0,0.0,
SOL/USDT,2051,2026-06-03 08:00:00,short,0.71219,86.45,60.0,75.01,1.181429,high_high_down,False,True,False,False,False,0.0,-0.38639066592143123,55.289545681102524,0.0,0.038068,0.006,0.5,0.0,50.0,0.0,0.0,-1,0.0,G4_5_MTF,prior(bullish)=0.50<0.6 OR rev(bearish)=0.00<0.5,-1,0.0,0.0,
SOL/USDT,2052,2026-06-03 09:00:00,short,0.71427,86.13,60.0,75.01,1.103571,high_high_down,False,True,False,False,False,0.0,-0.13523512153921735,57.37722848488477,0.0,0.035511,0.006,0.75,0.5,46.92671387033407,2.663922294037318,0.2296163586424016,-1,0.0,G5_RSI_ACCEL,rsi_accel=0.2296>0.08 (RSI recovering),-1,0.0,0.0,
SOL/USDT,2053,2026-06-03 10:00:00,short,0.72098,83.2,60.0,75.55,1.064286,high_high_down,False,True,False,False,False,0.0,0.05278041206159477,57.42107446501181,0.0,0.034499,0.006,1.0,0.5,50.61728387108395,2.8565302002559583,0.19260790621864032,-1,0.0,G5_RSI_ACCEL,rsi_accel=0.1926>0.08 (RSI recovering),-1,0.0,0.0,
SOL/USDT,2054,2026-06-03 11:00:00,short,0.71653,83.3,60.0,75.12,1.061429,high_high_down,False,True,False,False,False,0.0,-0.13989384809788377,61.34502611847922,0.0,0.034172,0.006,0.75,0.0,50.0,0.0,0.0,-1,0.0,G4_5_MTF,prior(bullish)=0.75<0.6 OR rev(bearish)=0.00<0.5,-1,0.0,0.0,
SOL/USDT,2055,2026-06-03 12:00:00,short,0.71221,81.82,60.0,75.18,0.939286,high_high_down,False,True,False,False,False,0.0,0.023223334818803853,60.811333760635875,0.0,0.029372,0.006,0.75,0.5,60.52998593480903,2.9796064442527364,0.12116571890315164,-1,0.0,G5_RSI_ACCEL,rsi_accel=0.1212>0.08 (RSI recovering),-1,0.0,0.0,
SOL/USDT,2056,2026-06-03 13:00:00,short,0.70091,86.33,60.0,74.57,0.895714,high_high_down,False,True,False,False,False,0.0,-0.21118714376708125,60.05389452790305,0.0,0.027127,0.006,0.75,0.5,52.35457053560049,2.883726382396811,-0.09588006185592546,22,0.012012,TRADE,edge=86.3 meta_conf=0.7009,2067,70.360143,4.2099,WIN
SOL/USDT,2068,2026-06-04 01:00:00,short,0.75837,98.14,60.0,68.63,1.343571,high_high_down,False,True,False,False,True,0.0,-0.7553032433455992,26.99966383732984,-1.0,0.054663,0.006,0.25,1.0,50.0,0.0,0.0,-1,0.0,G4_5_MTF,prior(bullish)=0.25<0.6 OR rev(bearish)=1.00<0.5,-1,0.0,0.0,
SOL/USDT,2069,2026-06-04 02:00:00,short,0.74247,100.0,60.0,70.07,1.563571,high_high_down,False,True,False,False,False,0.0,-0.5998492604700211,20.693681037288933,0.0,0.060364,0.006,0.25,1.0,50.0,0.0,0.0,-1,0.0,G4_5_MTF,prior(bullish)=0.25<0.6 OR rev(bearish)=1.00<0.5,-1,0.0,0.0,
SOL/USDT,2070,2026-06-04 03:00:00,short,0.7265,97.46,60.0,71.48,1.608571,high_high_down,False,True,False,False,False,0.0,-0.3906751640280193,25.995417045782826,0.0,0.058377,0.006,0.25,0.5,50.0,0.0,0.0,-1,0.0,G4_5_MTF,prior(bullish)=0.25<0.6 OR rev(bearish)=0.50<0.5,-1,0.0,0.0,
SOL/USDT,2071,2026-06-04 04:00:00,short,0.72667,94.03,60.0,70.9,1.625,high_high_down,False,True,False,False,False,0.0,-0.5295984843646642,28.432580366643165,0.0,0.059557,0.006,0.0,0.0,50.0,0.0,0.0,-1,0.0,G4_5_MTF,prior(bullish)=0.00<0.6 OR rev(bearish)=0.00<0.5,-1,0.0,0.0,
SOL/USDT,2072,2026-06-04 05:00:00,short,0.72686,93.87,60.0,70.35,1.607143,high_high_down,False,True,False,False,False,0.0,-0.5524370958468732,31.98087225224494,0.0,0.05938,0.006,0.25,0.5,50.0,0.0,0.0,-1,0.0,G4_5_MTF,prior(bullish)=0.25<0.6 OR rev(bearish)=0.50<0.5,-1,0.0,0.0,
SOL/USDT,2073,2026-06-04 06:00:00,short,0.7282,91.96,60.0,70.35,1.570714,high_high_down,False,True,False,False,False,0.0,-0.46173161438646754,33.32925039679512,0.0,0.058155,0.006,0.5,1.0,50.0,0.0,0.0,-1,0.0,G4_5_MTF,prior(bullish)=0.50<0.6 OR rev(bearish)=1.00<0.5,-1,0.0,0.0,
SOL/USDT,2074,2026-06-04 07:00:00,short,0.73189,95.14,60.0,69.15,1.539286,high_high_down,False,True,False,False,False,0.0,-0.6545305862558682,37.955627500390655,0.0,0.058546,0.006,0.5,0.5,50.0,0.0,0.0,-1,0.0,G4_5_MTF,prior(bullish)=0.50<0.6 OR rev(bearish)=0.50<0.5,-1,0.0,0.0,
SOL/USDT,2075,2026-06-04 08:00:00,short,0.73242,95.6,60.0,69.25,1.545,high_high_down,False,True,False,False,False,0.0,-0.5116763744021684,41.09636612099007,0.0,0.058771,0.006,0.5,0.5,50.0,0.0,0.0,-1,0.0,G4_5_MTF,prior(bullish)=0.50<0.6 OR rev(bearish)=0.50<0.5,-1,0.0,0.0,
SOL/USDT,2076,2026-06-04 09:00:00,short,0.74058,96.73,60.0,68.86,1.55,high_high_down,False,True,False,False,False,0.0,-0.6116879246942432,42.321172338776826,0.0,0.060627,0.006,0.5,0.5,50.0,0.0,0.0,-1,0.0,G4_5_MTF,prior(bullish)=0.50<0.6 OR rev(bearish)=0.50<0.5,-1,0.0,0.0,
SOL/USDT,2077,2026-06-04 10:00:00,short,0.74581,98.07,60.0,67.89,1.545,high_high_down,False,True,False,False,False,0.0,-0.7136750550710013,43.38496788269753,0.0,0.062178,0.006,0.25,0.5,50.0,0.0,0.0,-1,0.0,G4_5_MTF,prior(bullish)=0.25<0.6 OR rev(bearish)=0.50<0.5,-1,0.0,0.0,
SOL/USDT,2078,2026-06-04 11:00:00,short,0.73544,95.43,60.0,68.7,1.51,high_high_down,False,True,False,False,False,0.0,-0.5229917456984501,44.19836540747007,0.0,0.058309,0.006,0.5,1.0,50.0,0.0,0.0,-1,0.0,G4_5_MTF,prior(bullish)=0.50<0.6 OR rev(bearish)=1.00<0.5,-1,0.0,0.0,
SOL/USDT,2079,2026-06-04 12:00:00,short,0.73299,96.21,60.0,70.12,1.568571,high_high_down,False,True,False,False,False,0.0,-0.40945802691535144,50.76315728507991,0.0,0.059028,0.006,0.5,0.5,50.0,0.0,0.0,-1,0.0,G4_5_MTF,prior(bullish)=0.50<0.6 OR rev(bearish)=0.50<0.5,-1,0.0,0.0,
SOL/USDT,2080,2026-06-04 13:00:00,short,0.73089,92.02,60.0,70.38,1.629286,high_high_down,False,True,False,False,False,0.0,-0.2542464592630874,52.990138095868076,0.0,0.060884,0.006,0.25,0.0,50.0,0.0,0.0,-1,0.0,G4_5_MTF,prior(bullish)=0.25<0.6 OR rev(bearish)=0.00<0.5,-1,0.0,0.0,
SOL/USDT,2081,2026-06-04 14:00:00,short,0.73592,95.37,60.0,69.77,1.580714,high_high_down,False,True,False,False,False,0.0,-0.4812987495102043,55.7717827570043,0.0,0.060304,0.006,0.5,0.0,50.0,0.0,0.0,-1,0.0,G4_5_MTF,prior(bullish)=0.50<0.6 OR rev(bearish)=0.00<0.5,-1,0.0,0.0,
SOL/USDT,2082,2026-06-04 15:00:00,short,0.7273,95.12,60.0,69.64,1.479286,high_high_down,False,True,False,False,False,0.0,-0.31808517808279113,56.0070933724097,0.0,0.054999,0.006,0.5,0.5,50.0,0.0,0.0,-1,0.0,G4_5_MTF,prior(bullish)=0.50<0.6 OR rev(bearish)=0.50<0.5,-1,0.0,0.0,
SOL/USDT,2083,2026-06-04 16:00:00,short,0.71246,88.2,60.0,69.41,1.266429,high_high_down,False,True,False,False,False,0.0,-0.3931853471732061,60.07639359491693,0.0,0.044768,0.006,0.75,1.0,46.18937636874698,1.0231995143999584,-0.1427604529086881,16,0.018246,TRADE,edge=88.2 meta_conf=0.7125,2107,63.457786,5.9522,WIN
SOL/USDT,2108,2026-06-05 17:00:00,short,0.7387,95.62,60.0,65.09,1.697857,high_high_down,False,True,False,False,False,0.0,-0.4560992265436684,52.48036375689507,0.0,0.070547,0.006,0.25,0.5,50.0,0.0,0.0,-1,0.0,G4_5_MTF,prior(bullish)=0.25<0.6 OR rev(bearish)=0.50<0.5,-1,0.0,0.0,
SOL/USDT,2109,2026-06-05 18:00:00,short,0.7198,92.6,60.0,62.91,1.788571,high_high_down,False,True,False,False,True,0.0,-0.7007992219004769,49.824222840918075,-1.0,0.073462,0.006,0.25,0.5,50.0,0.0,0.0,-1,0.0,G4_5_MTF,prior(bullish)=0.25<0.6 OR rev(bearish)=0.50<0.5,-1,0.0,0.0,
SOL/USDT,2110,2026-06-05 19:00:00,short,0.71851,94.88,60.0,63.44,1.812143,high_high_down,False,True,False,False,True,0.0,-0.5113140803053178,51.902477287381075,0.0,0.073568,0.006,0.5,1.0,50.0,0.0,0.0,-1,0.0,G4_5_MTF,prior(bullish)=0.50<0.6 OR rev(bearish)=1.00<0.5,-1,0.0,0.0,
SOL/USDT,2111,2026-06-05 20:00:00,short,0.7398,95.96,60.0,64.64,1.772857,high_high_down,False,True,False,False,False,0.0,-0.33042392780859753,52.78201916237974,0.0,0.074593,0.006,0.5,0.5,50.0,0.0,0.0,-1,0.0,G4_5_MTF,prior(bullish)=0.50<0.6 OR rev(bearish)=0.50<0.5,-1,0.0,0.0,
SOL/USDT,2112,2026-06-05 21:00:00,short,0.73941,91.18,60.0,64.89,1.666429,high_high_down,False,True,False,False,False,0.0,-0.2641513733568258,53.319684818643125,0.0,0.06952,0.006,0.25,0.0,50.0,0.0,0.0,-1,0.0,G4_5_MTF,prior(bullish)=0.25<0.6 OR rev(bearish)=0.00<0.5,-1,0.0,0.0,
SOL/USDT,2113,2026-06-05 22:00:00,short,0.74616,93.28,60.0,64.41,1.668571,high_high_down,False,True,False,False,False,0.0,-0.38961256761168633,53.87058722185584,0.0,0.071397,0.006,0.5,0.0,50.0,0.0,0.0,-1,0.0,G4_5_MTF,prior(bullish)=0.50<0.6 OR rev(bearish)=0.00<0.5,-1,0.0,0.0,
SOL/USDT,2114,2026-06-05 23:00:00,short,0.75516,94.57,60.0,63.64,1.728571,high_high_down,False,True,False,False,False,0.0,-0.5201736391579229,54.43885845157004,0.0,0.076775,0.006,0.5,0.5,50.0,0.0,0.0,-1,0.0,G4_5_MTF,prior(bullish)=0.50<0.6 OR rev(bearish)=0.50<0.5,-1,0.0,0.0,
SOL/USDT,2115,2026-06-06 00:00:00,short,0.70186,89.53,60.0,64.68,1.772857,high_high_down,False,True,False,False,False,0.0,-0.30269123576780016,55.08750302183566,0.0,0.067214,0.006,0.75,1.0,43.26625382308614,0.619362726652427,0.09199705038406092,-1,0.0,G5_RSI_ACCEL,rsi_accel=0.0920>0.08 (RSI recovering),-1,0.0,0.0,
SOL/USDT,2116,2026-06-06 01:00:00,short,0.71037,91.76,60.0,63.85,1.781429,high_high_down,False,True,False,False,False,0.0,-0.4826545395840995,55.79607587915731,0.0,0.070163,0.006,0.75,0.5,41.68530942702506,0.7320321616708557,0.11266943501842874,-1,0.0,G5_RSI_ACCEL,rsi_accel=0.1127>0.08 (RSI recovering),-1,0.0,0.0,
SOL/USDT,2117,2026-06-06 02:00:00,short,0.70179,91.83,60.0,63.53,1.747143,high_high_down,False,True,False,False,False,0.0,-0.4994556465597364,56.4186620244832,0.0,0.067437,0.006,0.5,0.5,50.0,0.0,0.0,-1,0.0,G4_5_MTF,prior(bullish)=0.50<0.6 OR rev(bearish)=0.50<0.5,-1,0.0,0.0,
SOL/USDT,2118,2026-06-06 03:00:00,short,0.69796,92.83,60.0,62.84,1.635,high_high_down,False,True,False,False,False,0.0,-0.5468612145032367,62.56185162359639,0.0,0.062884,0.006,0.5,1.0,50.0,0.0,0.0,-1,0.0,G4_5_MTF,prior(bullish)=0.50<0.6 OR rev(bearish)=1.00<0.5,-1,0.0,0.0,
SOL/USDT,2119,2026-06-06 04:00:00,short,0.71858,94.18,60.0,60.88,1.696429,high_high_down,False,True,False,False,True,0.0,-0.6769809711577222,54.43416560594323,-1.0,0.071681,0.006,0.25,1.0,50.0,0.0,0.0,-1,0.0,G4_5_MTF,prior(bullish)=0.25<0.6 OR rev(bearish)=1.00<0.5,-1,0.0,0.0,
SOL/USDT,2120,2026-06-06 05:00:00,short,0.72492,98.59,60.0,62.62,1.77,high_high_down,False,True,False,False,False,0.0,-0.5020718921841292,53.30805243631583,0.0,0.074033,0.006,0.25,1.0,50.0,0.0,0.0,-1,0.0,G4_5_MTF,prior(bullish)=0.25<0.6 OR rev(bearish)=1.00<0.5,-1,0.0,0.0,
SOL/USDT,2121,2026-06-06 06:00:00,short,0.68784,93.09,60.0,62.22,1.660714,high_high_down,False,True,False,False,False,0.0,-0.580716528511021,53.28680701944911,0.0,0.062709,0.006,0.25,0.5,50.0,0.0,0.0,-1,0.0,G4_5_MTF,prior(bullish)=0.25<0.6 OR rev(bearish)=0.50<0.5,-1,0.0,0.0,
SOL/USDT,2122,2026-06-06 07:00:00,short,0.68101,89.86,60.0,62.78,1.649286,high_high_down,False,True,False,False,False,0.0,-0.39674624430009514,57.53820187986258,0.0,0.060393,0.006,0.0,0.5,50.0,0.0,0.0,-1,0.0,G4_5_MTF,prior(bullish)=0.00<0.6 OR rev(bearish)=0.50<0.5,-1,0.0,0.0,
SOL/USDT,2123,2026-06-06 08:00:00,short,0.6755,86.97,60.0,63.18,1.527857,high_high_down,False,True,False,False,False,0.0,-0.20879878291318618,57.12690660303714,0.0,0.054335,0.006,0.25,0.5,50.0,0.0,0.0,-1,0.0,G4_5_MTF,prior(bullish)=0.25<0.6 OR rev(bearish)=0.50<0.5,-1,0.0,0.0,
SOL/USDT,2124,2026-06-06 09:00:00,short,0.6693,87.2,60.0,62.71,1.435714,high_high_down,False,True,False,False,False,0.0,-0.3447254751104665,56.52507511683708,0.0,0.050226,0.006,0.25,0.0,50.0,0.0,0.0,-1,0.0,G4_5_MTF,prior(bullish)=0.25<0.6 OR rev(bearish)=0.00<0.5,-1,0.0,0.0,
SOL/USDT,2125,2026-06-06 10:00:00,short,0.67784,93.96,60.0,61.84,1.390714,high_high_down,False,True,False,False,False,0.0,-0.5394195016980818,55.904170572763185,0.0,0.050621,0.006,0.5,0.5,50.0,0.0,0.0,-1,0.0,G4_5_MTF,prior(bullish)=0.50<0.6 OR rev(bearish)=0.50<0.5,-1,0.0,0.0,
SOL/USDT,2126,2026-06-06 11:00:00,short,0.66126,89.04,60.0,62.46,1.392857,high_high_down,False,True,False,False,False,0.0,-0.35685065077728667,59.294775521003054,0.0,0.047555,0.006,0.75,1.0,39.103138964354805,-0.04867478026494036,0.005461234766020194,19,0.0223,TRADE,edge=89.0 meta_conf=0.6613,2147,65.733214,-3.2732,LOSS
SOL/USDT,2148,2026-06-07 09:00:00,short,0.64351,89.1,60.0,65.02,0.837857,med_high_up,False,False,False,False,False,0.0,0.0,50.0,0.0,0.0,0.0,0.0,0.0,50.0,0.0,0.0,-1,0.0,G2_EDGE,reg.sell_ok=False  regime='med_high_up',-1,0.0,0.0,
SOL/USDT,2149,2026-06-07 10:00:00,short,0.64236,78.08,60.0,64.67,0.842857,med_high_up,False,False,False,False,False,0.0,0.0,50.0,0.0,0.0,0.0,0.0,0.0,50.0,0.0,0.0,-1,0.0,G2_EDGE,reg.sell_ok=False  regime='med_high_up',-1,0.0,0.0,
SOL/USDT,2150,2026-06-07 11:00:00,short,0.64082,72.57,60.0,65.04,0.853571,med_high_up,False,False,False,False,False,0.0,0.0,50.0,0.0,0.0,0.0,0.0,0.0,50.0,0.0,0.0,-1,0.0,G2_EDGE,reg.sell_ok=False  regime='med_high_up',-1,0.0,0.0,
SOL/USDT,2151,2026-06-07 12:00:00,short,0.64547,100.0,60.0,64.33,0.92,med_high_up,False,False,False,False,False,0.0,0.0,50.0,0.0,0.0,0.0,0.0,0.0,50.0,0.0,0.0,-1,0.0,G2_EDGE,reg.sell_ok=False  regime='med_high_up',-1,0.0,0.0,
SOL/USDT,2152,2026-06-07 13:00:00,short,0.65069,77.24,60.0,64.34,0.900714,med_high_up,False,False,False,False,False,0.0,0.0,50.0,0.0,0.0,0.0,0.0,0.0,50.0,0.0,0.0,-1,0.0,G2_EDGE,reg.sell_ok=False  regime='med_high_up',-1,0.0,0.0,
SOL/USDT,2153,2026-06-07 14:00:00,short,0.64467,80.49,60.0,64.92,0.925,med_high_up,False,False,False,False,False,0.0,0.0,50.0,0.0,0.0,0.0,0.0,0.0,50.0,0.0,0.0,-1,0.0,G2_EDGE,reg.sell_ok=False  regime='med_high_up',-1,0.0,0.0,
SOL/USDT,2154,2026-06-07 15:00:00,short,0.6446,75.75,60.0,64.99,0.838571,med_high_up,False,False,False,False,False,0.0,0.0,50.0,0.0,0.0,0.0,0.0,0.0,50.0,0.0,0.0,-1,0.0,G2_EDGE,reg.sell_ok=False  regime='med_high_up',-1,0.0,0.0,
SOL/USDT,2155,2026-06-07 16:00:00,short,0.65817,84.71,60.0,65.15,0.828571,med_high_up,False,False,False,False,False,0.0,0.0,50.0,0.0,0.0,0.0,0.0,0.0,50.0,0.0,0.0,-1,0.0,G2_EDGE,reg.sell_ok=False  regime='med_high_up',-1,0.0,0.0,
SOL/USDT,2156,2026-06-07 17:00:00,short,0.65896,83.7,60.0,65.32,0.813571,med_high_up,False,False,False,False,False,0.0,0.0,50.0,0.0,0.0,0.0,0.0,0.0,50.0,0.0,0.0,-1,0.0,G2_EDGE,reg.sell_ok=False  regime='med_high_up',-1,0.0,0.0,
SOL/USDT,2157,2026-06-07 18:00:00,short,0.65688,74.09,60.0,64.95,0.802857,med_high_up,False,False,False,False,False,0.0,0.0,50.0,0.0,0.0,0.0,0.0,0.0,50.0,0.0,0.0,-1,0.0,G2_EDGE,reg.sell_ok=False  regime='med_high_up',-1,0.0,0.0,
SOL/USDT,2158,2026-06-07 19:00:00,short,0.68282,90.99,60.0,63.95,0.855714,med_high_up,False,False,False,False,False,0.0,0.0,50.0,0.0,0.0,0.0,0.0,0.0,50.0,0.0,0.0,-1,0.0,G2_EDGE,reg.sell_ok=False  regime='med_high_up',-1,0.0,0.0,
SOL/USDT,2159,2026-06-07 20:00:00,short,0.66506,81.34,60.0,64.7,0.861429,med_high_up,False,False,False,False,False,0.0,0.0,50.0,0.0,0.0,0.0,0.0,0.0,50.0,0.0,0.0,-1,0.0,G2_EDGE,reg.sell_ok=False  regime='med_high_up',-1,0.0,0.0,
SOL/USDT,2160,2026-06-07 21:00:00,short,0.66088,78.37,60.0,64.63,0.876429,med_high_up,False,False,False,False,False,0.0,0.0,50.0,0.0,0.0,0.0,0.0,0.0,50.0,0.0,0.0,-1,0.0,G2_EDGE,reg.sell_ok=False  regime='med_high_up',-1,0.0,0.0,
SOL/USDT,2161,2026-06-07 22:00:00,short,0.62907,100.0,60.0,65.83,1.013571,med_high_up,False,False,False,False,False,0.0,0.0,50.0,0.0,0.0,0.0,0.0,0.0,50.0,0.0,0.0,-1,0.0,G2_EDGE,reg.sell_ok=False  regime='med_high_up',-1,0.0,0.0,
SOL/USDT,2162,2026-06-07 23:00:00,short,0.61097,81.24,60.0,66.5,0.987857,med_high_up,False,False,False,False,False,0.0,0.0,50.0,0.0,0.0,0.0,0.0,0.0,50.0,0.0,0.0,-1,0.0,G2_EDGE,reg.sell_ok=False  regime='med_high_up',-1,0.0,0.0,
SOL/USDT,2163,2026-06-08 00:00:00,short,0.59432,80.61,60.0,66.71,1.020714,med_high_up,False,False,False,False,False,0.0,0.0,50.0,0.0,0.0,0.0,0.0,0.0,50.0,0.0,0.0,-1,0.0,G2_EDGE,reg.sell_ok=False  regime='med_high_up',-1,0.0,0.0,
SOL/USDT,2164,2026-06-08 01:00:00,short,0.59249,81.62,60.0,66.19,1.071429,med_high_up,False,False,False,False,False,0.0,0.0,50.0,0.0,0.0,0.0,0.0,0.0,50.0,0.0,0.0,-1,0.0,G2_EDGE,reg.sell_ok=False  regime='med_high_up',-1,0.0,0.0,
SOL/USDT,2165,2026-06-08 02:00:00,short,0.57995,74.99,60.0,66.46,1.010714,med_high_up,False,False,False,False,False,0.0,0.0,50.0,0.0,0.0,0.0,0.0,0.0,50.0,0.0,0.0,-1,0.0,G2_EDGE,reg.sell_ok=False  regime='med_high_up',-1,0.0,0.0,
SOL/USDT,2166,2026-06-08 03:00:00,short,0.5857,75.07,60.0,66.37,1.026429,med_high_up,False,False,False,False,False,0.0,0.0,50.0,0.0,0.0,0.0,0.0,0.0,50.0,0.0,0.0,-1,0.0,G2_EDGE,reg.sell_ok=False  regime='med_high_up',-1,0.0,0.0,
SOL/USDT,2167,2026-06-08 04:00:00,short,0.587,79.14,60.0,65.44,1.028571,med_high_up,False,False,False,False,False,0.0,0.0,50.0,0.0,0.0,0.0,0.0,0.0,50.0,0.0,0.0,-1,0.0,G2_EDGE,reg.sell_ok=False  regime='med_high_up',-1,0.0,0.0,
SOL/USDT,2168,2026-06-08 05:00:00,short,0.5963,79.9,60.0,65.34,1.032857,med_high_up,False,False,False,False,False,0.0,0.0,50.0,0.0,0.0,0.0,0.0,0.0,50.0,0.0,0.0,-1,0.0,G2_EDGE,reg.sell_ok=False  regime='med_high_up',-1,0.0,0.0,
SOL/USDT,2169,2026-06-08 06:00:00,short,0.5912,58.23,60.0,65.68,1.035714,med_high_up,False,False,False,False,False,0.0,0.0,50.0,0.0,0.0,0.0,0.0,0.0,50.0,0.0,0.0,-1,0.0,G2_EDGE,reg.sell_ok=False  regime='med_high_up',-1,0.0,0.0,
SOL/USDT,2170,2026-06-08 07:00:00,short,0.58359,56.77,60.0,66.11,1.058571,med_high_up,False,False,False,False,False,0.0,0.0,50.0,0.0,0.0,0.0,0.0,0.0,50.0,0.0,0.0,-1,0.0,G2_EDGE,reg.sell_ok=False  regime='med_high_up',-1,0.0,0.0,
SOL/USDT,2171,2026-06-08 08:00:00,short,0.59337,59.02,60.0,65.63,1.057857,med_high_flat,,,True,False,False,0.0,0.0,50.0,0.0,0.0,0.0,0.0,0.0,50.0,0.0,0.0,-1,0.0,G1_REGIME,regime='med_high_flat' skipped=True reg_empty=False,-1,0.0,0.0,
SOL/USDT,2172,2026-06-08 09:00:00,short,0.57811,57.13,60.0,66.38,1.018571,med_high_up,False,False,False,False,False,0.0,0.0,50.0,0.0,0.0,0.0,0.0,0.0,50.0,0.0,0.0,-1,0.0,G2_EDGE,reg.sell_ok=False  regime='med_high_up',-1,0.0,0.0,
SOL/USDT,2173,2026-06-08 10:00:00,short,0.58357,58.47,60.0,66.21,0.990714,med_high_up,False,False,False,False,False,0.0,0.0,50.0,0.0,0.0,0.0,0.0,0.0,50.0,0.0,0.0,-1,0.0,G2_EDGE,reg.sell_ok=False  regime='med_high_up',-1,0.0,0.0,
SOL/USDT,2174,2026-06-08 11:00:00,short,0.57561,96.33,60.0,66.68,1.019286,med_high_up,False,False,False,False,False,0.0,0.0,50.0,0.0,0.0,0.0,0.0,0.0,50.0,0.0,0.0,-1,0.0,G2_EDGE,reg.sell_ok=False  regime='med_high_up',-1,0.0,0.0,
SOL/USDT,2175,2026-06-08 12:00:00,short,0.56167,93.52,60.0,67.26,0.872143,med_high_up,False,False,False,False,False,0.0,0.0,50.0,0.0,0.0,0.0,0.0,0.0,50.0,0.0,0.0,-1,0.0,G2_EDGE,reg.sell_ok=False  regime='med_high_up',-1,0.0,0.0,
SOL/USDT,2176,2026-06-08 13:00:00,short,0.57169,79.59,60.0,66.78,0.87,med_high_up,False,False,False,False,False,0.0,0.0,50.0,0.0,0.0,0.0,0.0,0.0,50.0,0.0,0.0,-1,0.0,G2_EDGE,reg.sell_ok=False  regime='med_high_up',-1,0.0,0.0,
SOL/USDT,2177,2026-06-08 14:00:00,short,0.54737,85.84,60.0,67.28,0.853571,med_high_up,False,False,False,False,False,0.0,0.0,50.0,0.0,0.0,0.0,0.0,0.0,50.0,0.0,0.0,-1,0.0,G2_EDGE,reg.sell_ok=False  regime='med_high_up',-1,0.0,0.0,
SOL/USDT,2178,2026-06-08 15:00:00,short,0.54892,70.13,60.0,67.18,0.807143,med_high_up,False,False,False,False,False,0.0,0.0,50.0,0.0,0.0,0.0,0.0,0.0,50.0,0.0,0.0,-1,0.0,G2_EDGE,reg.sell_ok=False  regime='med_high_up',-1,0.0,0.0,
SOL/USDT,2179,2026-06-08 16:00:00,short,0.55025,66.68,60.0,66.96,0.825714,med_high_up,False,False,False,False,False,0.0,0.0,50.0,0.0,0.0,0.0,0.0,0.0,50.0,0.0,0.0,-1,0.0,G2_EDGE,reg.sell_ok=False  regime='med_high_up',-1,0.0,0.0,
SOL/USDT,2180,2026-06-08 17:00:00,short,0.54415,65.24,60.0,67.38,0.844286,med_high_up,False,False,False,False,False,0.0,0.0,50.0,0.0,0.0,0.0,0.0,0.0,50.0,0.0,0.0,-1,0.0,G2_EDGE,reg.sell_ok=False  regime='med_high_up',-1,0.0,0.0,
SOL/USDT,2181,2026-06-08 18:00:00,short,0.5433,60.38,60.0,67.43,0.802143,high_high_up,,,True,False,False,0.0,0.0,50.0,0.0,0.0,0.0,0.0,0.0,50.0,0.0,0.0,-1,0.0,G1_REGIME,regime='high_high_up' skipped=True reg_empty=False,-1,0.0,0.0,
SOL/USDT,2182,2026-06-08 19:00:00,short,0.54784,84.17,60.0,67.46,0.792857,med_high_up,False,False,False,False,False,0.0,0.0,50.0,0.0,0.0,0.0,0.0,0.0,50.0,0.0,0.0,-1,0.0,G2_EDGE,reg.sell_ok=False  regime='med_high_up',-1,0.0,0.0,
SOL/USDT,2183,2026-06-08 20:00:00,short,0.54889,81.43,60.0,67.48,0.790714,med_high_up,False,False,False,False,False,0.0,0.0,50.0,0.0,0.0,0.0,0.0,0.0,50.0,0.0,0.0,-1,0.0,G2_EDGE,reg.sell_ok=False  regime='med_high_up',-1,0.0,0.0,
SOL/USDT,2184,2026-06-08 21:00:00,short,0.54983,84.4,60.0,67.48,0.783571,high_high_up,,,True,False,False,0.0,0.0,50.0,0.0,0.0,0.0,0.0,0.0,50.0,0.0,0.0,-1,0.0,G1_REGIME,regime='high_high_up' skipped=True reg_empty=False,-1,0.0,0.0,
SOL/USDT,2185,2026-06-08 22:00:00,short,0.54282,82.44,60.0,67.2,0.782143,med_high_up,False,False,False,False,False,0.0,0.0,50.0,0.0,0.0,0.0,0.0,0.0,50.0,0.0,0.0,-1,0.0,G2_EDGE,reg.sell_ok=False  regime='med_high_up',-1,0.0,0.0,
SOL/USDT,2186,2026-06-08 23:00:00,short,0.54239,73.11,60.0,66.82,0.780714,med_high_flat,,,True,False,False,0.0,0.0,50.0,0.0,0.0,0.0,0.0,0.0,50.0,0.0,0.0,-1,0.0,G1_REGIME,regime='med_high_flat' skipped=True reg_empty=False,-1,0.0,0.0,
SOL/USDT,2187,2026-06-09 00:00:00,short,0.59856,95.54,60.0,65.42,0.847857,med_high_down,,,True,False,False,0.0,0.0,50.0,0.0,0.0,0.0,0.0,0.0,50.0,0.0,0.0,-1,0.0,G1_REGIME,regime='med_high_down' skipped=True reg_empty=False,-1,0.0,0.0,
SOL/USDT,2188,2026-06-09 01:00:00,short,0.60198,81.97,60.0,65.99,0.824286,med_high_flat,,,True,False,False,0.0,0.0,50.0,0.0,0.0,0.0,0.0,0.0,50.0,0.0,0.0,-1,0.0,G1_REGIME,regime='med_high_flat' skipped=True reg_empty=False,-1,0.0,0.0,
SOL/USDT,2189,2026-06-09 02:00:00,short,0.6046,70.77,60.0,65.91,0.768571,med_high_flat,,,True,False,False,0.0,0.0,50.0,0.0,0.0,0.0,0.0,0.0,50.0,0.0,0.0,-1,0.0,G1_REGIME,regime='med_high_flat' skipped=True reg_empty=False,-1,0.0,0.0,
SOL/USDT,2190,2026-06-09 03:00:00,short,0.60853,79.94,60.0,66.01,0.736429,med_med_flat,False,True,False,False,False,0.0,-0.26772629279202453,51.59753578255861,0.0,0.017645,0.006,0.0,0.5,50.0,0.0,0.0,-1,0.0,G4_5_MTF,prior(bullish)=0.00<0.6 OR rev(bearish)=0.50<0.5,-1,0.0,0.0,
SOL/USDT,2191,2026-06-09 04:00:00,short,0.58549,84.49,60.0,67.02,0.787857,med_high_up,False,False,False,False,False,0.0,0.0,50.0,0.0,0.0,0.0,0.0,0.0,50.0,0.0,0.0,-1,0.0,G2_EDGE,reg.sell_ok=False  regime='med_high_up',-1,0.0,0.0,
SOL/USDT,2192,2026-06-09 05:00:00,short,0.58797,100.0,60.0,67.18,0.782857,med_high_up,False,False,False,False,False,0.0,0.0,50.0,0.0,0.0,0.0,0.0,0.0,50.0,0.0,0.0,-1,0.0,G2_EDGE,reg.sell_ok=False  regime='med_high_up',-1,0.0,0.0,
SOL/USDT,2193,2026-06-09 06:00:00,short,0.58678,75.75,60.0,67.05,0.757143,med_high_up,False,False,False,False,False,0.0,0.0,50.0,0.0,0.0,0.0,0.0,0.0,50.0,0.0,0.0,-1,0.0,G2_EDGE,reg.sell_ok=False  regime='med_high_up',-1,0.0,0.0,
SOL/USDT,2194,2026-06-09 07:00:00,short,0.57784,78.37,60.0,66.89,0.749286,med_med_up,False,True,False,False,False,0.0,0.07890287025293981,50.732905091856175,0.0,0.015309,0.006,0.75,0.5,44.39359253512358,-2.3229925160583633,-0.18320883402353205,47,0.011202,TRADE,edge=78.4 meta_conf=0.5778,2220,63.368357,3.5216,WIN
SOL/USDT,2221,2026-06-10 10:00:00,short,0.66602,70.19,60.0,63.68,0.651429,med_med_down,False,True,False,False,True,0.0,-0.5225384449858727,51.91117840028468,0.0,0.019993,0.006,0.5,0.5,50.0,0.0,0.0,-1,0.0,G4_5_MTF,prior(bullish)=0.50<0.6 OR rev(bearish)=0.50<0.5,-1,0.0,0.0,
SOL/USDT,2222,2026-06-10 11:00:00,short,0.68765,90.48,60.0,63.49,0.655,med_med_down,False,True,False,False,True,0.0,-0.6219072115856993,54.14164964106572,0.0,0.02177,0.006,0.5,0.0,50.0,0.0,0.0,-1,0.0,G4_5_MTF,prior(bullish)=0.50<0.6 OR rev(bearish)=0.00<0.5,-1,0.0,0.0,
SOL/USDT,2223,2026-06-10 12:00:00,short,0.65881,100.0,60.0,64.13,0.715714,med_med_down,False,True,False,False,False,0.0,-0.33562772495800586,54.3389597157901,0.0,0.021609,0.006,0.75,0.5,40.30612230502909,-0.590207766592998,0.013590939577867611,3,0.01116,TRADE,edge=100.0 meta_conf=0.6588,2246,65.811929,-1.6819,LOSS
SOL/USDT,2247,2026-06-11 12:00:00,short,0.59909,100.0,60.0,65.26,0.695,med_med_up,False,True,False,True,False,0.0,0.4232624473754568,42.682636723502505,0.0,0.015953,0.006,0.75,0.0,50.0,0.0,0.0,-1,0.0,G4_5_MTF,prior(bullish)=0.75<0.6 OR rev(bearish)=0.00<0.5,-1,0.0,0.0,
SOL/USDT,2248,2026-06-11 13:00:00,short,0.59466,88.43,60.0,65.53,0.682857,med_med_flat,False,True,False,True,False,0.0,0.5542467339453178,50.16477381380661,0.0,0.015199,0.006,0.75,0.5,72.94117627035762,2.214177043565592,-0.04933694649105913,2,0.0,G6_COOLDOWN,bars_since_exit=2 < cooldown=3,-1,0.0,0.0,
SOL/USDT,2249,2026-06-11 14:00:00,short,0.60451,87.67,60.0,65.35,0.697857,med_med_flat,False,True,False,True,False,0.0,0.4475745520780291,56.01521721766475,0.0,0.016416,0.006,1.0,0.5,67.49999980312494,2.019218468120894,-0.19495857544469786,3,0.010679,TRADE,edge=87.7 meta_conf=0.6045,2252,66.989964,-1.64,LOSS
SOL/USDT,2253,2026-06-11 18:00:00,short,0.60122,88.19,60.0,66.8,0.733571,med_med_up,False,True,False,True,False,0.0,0.5563409523479684,51.479188418827974,0.0,0.01674,0.006,0.5,0.5,50.0,0.0,0.0,-1,0.0,G4_5_MTF,prior(bullish)=0.50<0.6 OR rev(bearish)=0.50<0.5,-1,0.0,0.0,
SOL/USDT,2254,2026-06-11 19:00:00,short,0.60542,90.05,60.0,66.93,0.77,med_high_up,False,False,False,False,False,0.0,0.0,50.0,0.0,0.0,0.0,0.0,0.0,50.0,0.0,0.0,-1,0.0,G2_EDGE,reg.sell_ok=False  regime='med_high_up',-1,0.0,0.0,
SOL/USDT,2255,2026-06-11 20:00:00,short,0.60718,83.19,60.0,66.6,0.774286,med_high_up,False,False,False,False,False,0.0,0.0,50.0,0.0,0.0,0.0,0.0,0.0,50.0,0.0,0.0,-1,0.0,G2_EDGE,reg.sell_ok=False  regime='med_high_up',-1,0.0,0.0,
SOL/USDT,2256,2026-06-11 21:00:00,short,0.60688,80.12,60.0,66.91,0.782143,med_high_up,False,False,False,False,False,0.0,0.0,50.0,0.0,0.0,0.0,0.0,0.0,50.0,0.0,0.0,-1,0.0,G2_EDGE,reg.sell_ok=False  regime='med_high_up',-1,0.0,0.0,
SOL/USDT,2257,2026-06-11 22:00:00,short,0.60944,82.52,60.0,66.9,0.765714,med_high_up,False,False,False,False,False,0.0,0.0,50.0,0.0,0.0,0.0,0.0,0.0,50.0,0.0,0.0,-1,0.0,G2_EDGE,reg.sell_ok=False  regime='med_high_up',-1,0.0,0.0,
SOL/USDT,2258,2026-06-11 23:00:00,short,0.61153,82.49,60.0,66.93,0.757857,med_high_up,False,False,False,False,False,0.0,0.0,50.0,0.0,0.0,0.0,0.0,0.0,50.0,0.0,0.0,-1,0.0,G2_EDGE,reg.sell_ok=False  regime='med_high_up',-1,0.0,0.0,
SOL/USDT,2259,2026-06-12 00:00:00,short,0.61127,84.35,60.0,66.87,0.756429,med_high_up,False,False,False,False,False,0.0,0.0,50.0,0.0,0.0,0.0,0.0,0.0,50.0,0.0,0.0,-1,0.0,G2_EDGE,reg.sell_ok=False  regime='med_high_up',-1,0.0,0.0,
SOL/USDT,2260,2026-06-12 01:00:00,short,0.61347,85.74,60.0,66.7,0.73,med_med_up,False,True,False,True,False,0.0,0.3855954556928413,52.668726405494034,0.0,0.017615,0.006,0.5,0.5,50.0,0.0,0.0,-1,0.0,G4_5_MTF,prior(bullish)=0.50<0.6 OR rev(bearish)=0.50<0.5,-1,0.0,0.0,
SOL/USDT,2261,2026-06-12 02:00:00,short,0.60207,84.32,60.0,67.14,0.7,med_med_up,False,True,False,True,False,0.0,0.5429861052000884,54.215497982092934,0.0,0.015753,0.006,0.5,1.0,50.0,0.0,0.0,-1,0.0,G4_5_MTF,prior(bullish)=0.50<0.6 OR rev(bearish)=1.00<0.5,-1,0.0,0.0,
SOL/USDT,2262,2026-06-12 03:00:00,short,0.61471,84.64,60.0,67.04,0.687143,med_med_up,False,True,False,True,False,0.0,0.4569111434393808,54.231475066589226,0.0,0.016332,0.006,0.5,0.5,50.0,0.0,0.0,-1,0.0,G4_5_MTF,prior(bullish)=0.50<0.6 OR rev(bearish)=0.50<0.5,-1,0.0,0.0,
SOL/USDT,2263,2026-06-12 04:00:00,short,0.60835,83.57,60.0,67.07,0.658571,med_med_up,False,True,False,True,False,0.0,0.5278026101401281,54.24102288973325,0.0,0.015038,0.006,0.25,0.5,50.0,0.0,0.0,-1,0.0,G4_5_MTF,prior(bullish)=0.25<0.6 OR rev(bearish)=0.50<0.5,-1,0.0,0.0,
SOL/USDT,2264,2026-06-12 05:00:00,short,0.61154,85.0,60.0,66.74,0.628571,med_med_up,False,True,False,True,False,0.0,0.3415932403380137,54.9384658521056,0.0,0.014473,0.006,0.5,0.5,50.0,0.0,0.0,-1,0.0,G4_5_MTF,prior(bullish)=0.50<0.6 OR rev(bearish)=0.50<0.5,-1,0.0,0.0,
SOL/USDT,2265,2026-06-12 06:00:00,short,0.60515,84.3,60.0,66.11,0.655714,med_med_up,False,True,False,False,False,0.0,-0.07039754407054437,54.98398537203909,0.0,0.015007,0.006,0.25,0.5,50.0,0.0,0.0,-1,0.0,G4_5_MTF,prior(bullish)=0.25<0.6 OR rev(bearish)=0.50<0.5,-1,0.0,0.0,
SOL/USDT,2266,2026-06-12 07:00:00,short,0.61605,78.99,60.0,66.32,0.53,med_med_up,False,True,False,False,False,0.0,0.052084698900980865,72.3856225156224,0.0,0.011928,0.006,0.5,1.0,50.0,0.0,0.0,-1,0.0,G4_5_MTF,prior(bullish)=0.50<0.6 OR rev(bearish)=1.00<0.5,-1,0.0,0.0,
SOL/USDT,2267,2026-06-12 08:00:00,short,0.62572,87.25,60.0,66.92,0.535,med_med_up,False,True,False,True,False,0.0,0.3336119163543464,71.62020635390333,0.0,0.012479,0.006,0.5,0.5,50.0,0.0,0.0,-1,0.0,G4_5_MTF,prior(bullish)=0.50<0.6 OR rev(bearish)=0.50<0.5,-1,0.0,0.0,
SOL/USDT,2268,2026-06-12 09:00:00,short,0.62142,94.24,60.0,67.17,0.522143,med_low_up,True,False,False,False,False,0.0,0.0,50.0,0.0,0.0,0.0,0.0,0.0,50.0,0.0,0.0,-1,0.0,G2_EDGE,reg.sell_ok=False  regime='med_low_up',-1,0.0,0.0,
SOL/USDT,2269,2026-06-12 10:00:00,short,0.62546,87.63,60.0,66.79,0.527857,med_med_up,False,True,False,True,False,0.0,0.2856255255243885,67.88220119599528,0.0,0.012277,0.006,0.5,0.0,50.0,0.0,0.0,-1,0.0,G4_5_MTF,prior(bullish)=0.50<0.6 OR rev(bearish)=0.00<0.5,-1,0.0,0.0,
SOL/USDT,2270,2026-06-12 11:00:00,short,0.62327,84.74,60.0,66.93,0.513571,med_low_up,True,False,False,False,False,0.0,0.0,50.0,0.0,0.0,0.0,0.0,0.0,50.0,0.0,0.0,-1,0.0,G2_EDGE,reg.sell_ok=False  regime='med_low_up',-1,0.0,0.0,
SOL/USDT,2271,2026-06-12 12:00:00,short,0.62714,91.87,60.0,66.77,0.520714,med_low_up,True,False,False,False,False,0.0,0.0,50.0,0.0,0.0,0.0,0.0,0.0,50.0,0.0,0.0,-1,0.0,G2_EDGE,reg.sell_ok=False  regime='med_low_up',-1,0.0,0.0,
SOL/USDT,2272,2026-06-12 13:00:00,short,0.62805,93.32,60.0,66.72,0.535,med_med_up,False,True,False,True,False,0.0,-0.1804142809912709,64.73401533695606,0.0,0.01266,0.006,0.75,0.5,47.04225333560789,-1.7184493319180538,-0.06097413781822225,20,0.008019,TRADE,edge=93.3 meta_conf=0.6280,2273,67.97725,-1.2572,LOSS
SOL/USDT,2274,2026-06-12 15:00:00,short,0.66675,90.45,60.0,67.25,0.69,med_med_up,False,True,False,True,False,0.0,0.3658671326638058,40.28186914182862,0.0,0.020118,0.006,0.5,0.5,50.0,0.0,0.0,-1,0.0,G4_5_MTF,prior(bullish)=0.50<0.6 OR rev(bearish)=0.50<0.5,-1,0.0,0.0,
SOL/USDT,2275,2026-06-12 16:00:00,short,0.64863,68.67,60.0,68.01,0.711429,med_med_up,False,True,False,True,False,0.0,0.649772640934138,40.333950336412244,0.0,0.019252,0.006,0.25,0.5,50.0,0.0,0.0,-1,0.0,G4_5_MTF,prior(bullish)=0.25<0.6 OR rev(bearish)=0.50<0.5,-1,0.0,0.0,
SOL/USDT,2276,2026-06-12 17:00:00,short,0.64427,59.03,60.0,67.4,0.743571,med_med_flat,False,True,False,False,False,0.0,0.0,50.0,0.0,0.0,0.0,0.0,0.0,50.0,0.0,0.0,-1,0.0,G2_EDGE,edge=59.0 < thr=60.0,-1,0.0,0.0,
SOL/USDT,2277,2026-06-12 18:00:00,short,0.64676,61.17,60.0,67.07,0.749286,med_med_flat,False,True,False,False,False,0.0,0.09897320757360455,40.99817918445638,0.0,0.020686,0.006,0.25,0.5,50.0,0.0,0.0,-1,0.0,G4_5_MTF,prior(bullish)=0.25<0.6 OR rev(bearish)=0.50<0.5,-1,0.0,0.0,
SOL/USDT,2278,2026-06-12 19:00:00,short,0.63753,52.97,60.0,66.78,0.77,med_high_flat,,,True,False,False,0.0,0.0,50.0,0.0,0.0,0.0,0.0,0.0,50.0,0.0,0.0,-1,0.0,G1_REGIME,regime='med_high_flat' skipped=True reg_empty=False,-1,0.0,0.0,
SOL/USDT,2279,2026-06-12 20:00:00,short,0.62506,52.34,60.0,66.68,0.737143,med_med_flat,False,True,False,False,False,0.0,0.0,50.0,0.0,0.0,0.0,0.0,0.0,50.0,0.0,0.0,-1,0.0,G2_EDGE,edge=52.3 < thr=60.0,-1,0.0,0.0,
SOL/USDT,2280,2026-06-12 21:00:00,short,0.62658,51.47,60.0,66.57,0.744286,med_med_flat,False,True,False,False,False,0.0,0.0,50.0,0.0,0.0,0.0,0.0,0.0,50.0,0.0,0.0,-1,0.0,G2_EDGE,edge=51.5 < thr=60.0,-1,0.0,0.0,
SOL/USDT,2281,2026-06-12 22:00:00,short,0.61809,50.92,60.0,66.63,0.715,med_med_flat,False,True,False,False,False,0.0,0.0,50.0,0.0,0.0,0.0,0.0,0.0,50.0,0.0,0.0,-1,0.0,G2_EDGE,edge=50.9 < thr=60.0,-1,0.0,0.0,
SOL/USDT,2282,2026-06-12 23:00:00,short,0.63953,51.32,60.0,66.82,0.694286,med_med_flat,False,True,False,False,False,0.0,0.0,50.0,0.0,0.0,0.0,0.0,0.0,50.0,0.0,0.0,-1,0.0,G2_EDGE,edge=51.3 < thr=60.0,-1,0.0,0.0,
SOL/USDT,2283,2026-06-13 00:00:00,short,0.60829,58.8,60.0,66.99,0.661429,med_med_flat,False,True,False,False,False,0.0,0.0,50.0,0.0,0.0,0.0,0.0,0.0,50.0,0.0,0.0,-1,0.0,G2_EDGE,edge=58.8 < thr=60.0,-1,0.0,0.0,
SOL/USDT,2284,2026-06-13 01:00:00,short,0.60753,55.8,60.0,67.45,0.676429,med_med_up,False,True,False,False,False,0.0,0.0,50.0,0.0,0.0,0.0,0.0,0.0,50.0,0.0,0.0,-1,0.0,G2_EDGE,edge=55.8 < thr=60.0,-1,0.0,0.0,
SOL/USDT,2285,2026-06-13 02:00:00,short,0.61122,79.8,60.0,66.97,0.695714,med_med_flat,False,True,False,False,False,0.0,-0.023419616621906145,52.25271249929202,0.0,0.016352,0.006,0.5,0.0,50.0,0.0,0.0,-1,0.0,G4_5_MTF,prior(bullish)=0.50<0.6 OR rev(bearish)=0.00<0.5,-1,0.0,0.0,
SOL/USDT,2286,2026-06-13 03:00:00,short,0.61553,69.78,60.0,66.88,0.675,med_med_flat,False,True,False,False,True,0.0,-0.039913784550370875,53.57543205242624,0.0,0.016079,0.006,0.75,0.5,51.43884879134099,-0.5014762602370388,-0.2080905721180259,13,0.010093,TRADE,edge=69.8 meta_conf=0.6155,2298,68.46625,-1.5862,LOSS
SOL/USDT,2299,2026-06-13 16:00:00,short,0.63623,100.0,60.0,68.1,0.436429,low_low_flat,False,True,False,True,False,0.0,0.4719443814377975,42.0731955851199,0.0,0.009685,0.006,1.0,0.0,50.0,0.0,0.0,-1,0.0,G4_5_MTF,prior(bullish)=1.00<0.6 OR rev(bearish)=0.00<0.5,-1,0.0,0.0,
SOL/USDT,2300,2026-06-13 17:00:00,short,0.63449,85.44,60.0,68.0,0.442857,low_low_flat,False,True,False,True,False,0.0,0.4132908060289446,40.68096263735692,0.0,0.009827,0.006,1.0,0.5,69.85815568155539,2.8574079549072136,0.0498749717981295,2,0.0,G6_COOLDOWN,bars_since_exit=2 < cooldown=3,-1,0.0,0.0,
SOL/USDT,2301,2026-06-13 18:00:00,short,0.62617,80.28,60.0,68.13,0.449286,low_low_up,False,True,False,True,False,0.0,0.5449051552225507,39.73548323938871,0.0,0.009615,0.006,1.0,1.0,76.64233537482012,2.512628705513416,-0.34477924939379756,3,0.006595,TRADE,edge=80.3 meta_conf=0.6262,2304,69.185821,-1.0558,LOSS
SOL/USDT,2305,2026-06-13 22:00:00,short,0.58514,87.37,60.0,68.91,0.5,low_low_up,False,True,False,True,False,0.0,0.5242875888286324,36.72350009682164,0.0,0.008881,0.006,0.5,0.0,50.0,0.0,0.0,-1,0.0,G4_5_MTF,prior(bullish)=0.50<0.6 OR rev(bearish)=0.00<0.5,-1,0.0,0.0,
SOL/USDT,2306,2026-06-13 23:00:00,short,0.58245,81.77,60.0,68.94,0.51,low_low_up,False,True,False,True,False,0.0,0.6063092505881337,38.22896800206461,0.0,0.008992,0.006,0.75,0.5,72.49283638541559,0.49630720634498504,-0.3239598535787742,2,0.0,G6_COOLDOWN,bars_since_exit=2 < cooldown=3,-1,0.0,0.0,
SOL/USDT,2307,2026-06-14 00:00:00,short,0.59589,84.57,60.0,68.75,0.511429,low_low_up,False,True,False,True,False,0.0,0.43918557408065056,39.638476037671346,0.0,0.00977,0.006,1.0,0.5,68.14404405705922,0.10931503796446296,-0.3869921683805221,3,0.007439,TRADE,edge=84.6 meta_conf=0.5959,2328,69.951857,-1.2019,LOSS
SOL/USDT,2329,2026-06-14 22:00:00,short,0.54543,100.0,60.0,70.45,0.658571,low_med_up,False,False,False,False,False,0.0,0.0,50.0,0.0,0.0,0.0,0.0,0.0,50.0,0.0,0.0,-1,0.0,G2_EDGE,reg.sell_ok=False  regime='low_med_up',-1,0.0,0.0,
SOL/USDT,2330,2026-06-14 23:00:00,short,0.54514,89.75,60.0,71.28,0.698571,low_med_up,False,False,False,False,False,0.0,0.0,50.0,0.0,0.0,0.0,0.0,0.0,50.0,0.0,0.0,-1,0.0,G2_EDGE,reg.sell_ok=False  regime='low_med_up',-1,0.0,0.0,
SOL/USDT,2331,2026-06-15 00:00:00,short,0.53239,90.4,60.0,71.12,0.728571,low_med_up,False,False,False,False,False,0.0,0.0,50.0,0.0,0.0,0.0,0.0,0.0,50.0,0.0,0.0,-1,0.0,G2_EDGE,reg.sell_ok=False  regime='low_med_up',-1,0.0,0.0,
SOL/USDT,2332,2026-06-15 01:00:00,short,0.54058,84.74,60.0,71.01,0.754286,low_med_up,False,False,False,False,False,0.0,0.0,50.0,0.0,0.0,0.0,0.0,0.0,50.0,0.0,0.0,-1,0.0,G2_EDGE,reg.sell_ok=False  regime='low_med_up',-1,0.0,0.0,
SOL/USDT,2333,2026-06-15 02:00:00,short,0.54761,84.14,60.0,70.99,0.77,low_med_up,False,False,False,False,False,0.0,0.0,50.0,0.0,0.0,0.0,0.0,0.0,50.0,0.0,0.0,-1,0.0,G2_EDGE,reg.sell_ok=False  regime='low_med_up',-1,0.0,0.0,
SOL/USDT,2334,2026-06-15 03:00:00,short,0.53491,82.44,60.0,71.24,0.777143,low_med_up,False,False,False,False,False,0.0,0.0,50.0,0.0,0.0,0.0,0.0,0.0,50.0,0.0,0.0,-1,0.0,G2_EDGE,reg.sell_ok=False  regime='low_med_up',-1,0.0,0.0,
SOL/USDT,2335,2026-06-15 04:00:00,short,0.54547,82.5,60.0,70.93,0.741429,low_med_up,False,False,False,False,False,0.0,0.0,50.0,0.0,0.0,0.0,0.0,0.0,50.0,0.0,0.0,-1,0.0,G2_EDGE,reg.sell_ok=False  regime='low_med_up',-1,0.0,0.0,
SOL/USDT,2336,2026-06-15 05:00:00,short,0.54311,81.64,60.0,71.22,0.756429,low_med_up,False,False,False,False,False,0.0,0.0,50.0,0.0,0.0,0.0,0.0,0.0,50.0,0.0,0.0,-1,0.0,G2_EDGE,reg.sell_ok=False  regime='low_med_up',-1,0.0,0.0,
SOL/USDT,2337,2026-06-15 06:00:00,short,0.55466,82.37,60.0,71.36,0.759286,low_med_up,False,False,False,False,False,0.0,0.0,50.0,0.0,0.0,0.0,0.0,0.0,50.0,0.0,0.0,-1,0.0,G2_EDGE,reg.sell_ok=False  regime='low_med_up',-1,0.0,0.0,
SOL/USDT,2338,2026-06-15 07:00:00,short,0.5652,85.66,60.0,71.28,0.755,low_med_up,False,False,False,False,False,0.0,0.0,50.0,0.0,0.0,0.0,0.0,0.0,50.0,0.0,0.0,-1,0.0,G2_EDGE,reg.sell_ok=False  regime='low_med_up',-1,0.0,0.0,
SOL/USDT,2339,2026-06-15 08:00:00,short,0.56226,84.67,60.0,71.3,0.765,low_med_up,False,False,False,False,False,0.0,0.0,50.0,0.0,0.0,0.0,0.0,0.0,50.0,0.0,0.0,-1,0.0,G2_EDGE,reg.sell_ok=False  regime='low_med_up',-1,0.0,0.0,
SOL/USDT,2340,2026-06-15 09:00:00,short,0.58198,86.52,60.0,71.23,0.785,low_med_up,False,False,False,False,False,0.0,0.0,50.0,0.0,0.0,0.0,0.0,0.0,50.0,0.0,0.0,-1,0.0,G2_EDGE,reg.sell_ok=False  regime='low_med_up',-1,0.0,0.0,
SOL/USDT,2341,2026-06-15 10:00:00,short,0.57325,88.04,60.0,71.88,0.806429,low_high_up,,,True,False,False,0.0,0.0,50.0,0.0,0.0,0.0,0.0,0.0,50.0,0.0,0.0,-1,0.0,G1_REGIME,regime='low_high_up' skipped=True reg_empty=False,-1,0.0,0.0,
SOL/USDT,2342,2026-06-15 11:00:00,short,0.5449,89.36,60.0,72.61,0.693571,low_med_up,False,False,False,False,False,0.0,0.0,50.0,0.0,0.0,0.0,0.0,0.0,50.0,0.0,0.0,-1,0.0,G2_EDGE,reg.sell_ok=False  regime='low_med_up',-1,0.0,0.0,
SOL/USDT,2343,2026-06-15 12:00:00,short,0.54223,84.2,60.0,72.86,0.667857,med_med_up,False,True,False,True,False,0.0,0.7237869392134155,49.26391198031849,1.0,0.009499,0.006,0.5,0.0,50.0,0.0,0.0,-1,0.0,G4_5_MTF,prior(bullish)=0.50<0.6 OR rev(bearish)=0.00<0.5,-1,0.0,0.0,
SOL/USDT,2344,2026-06-15 13:00:00,short,0.53596,100.0,60.0,73.64,0.694286,med_med_up,False,True,False,True,False,0.0,0.7089871601754621,40.71326539240916,1.0,0.009468,0.006,0.5,0.0,50.0,0.0,0.0,-1,0.0,G4_5_MTF,prior(bullish)=0.50<0.6 OR rev(bearish)=0.00<0.5,-1,0.0,0.0,
SOL/USDT,2345,2026-06-15 14:00:00,short,0.53073,84.39,60.0,73.82,0.693571,med_med_up,False,True,False,True,False,0.0,0.7065474749228587,40.58619251622527,0.0,0.009075,0.006,0.75,0.0,50.0,0.0,0.0,-1,0.0,G4_5_MTF,prior(bullish)=0.75<0.6 OR rev(bearish)=0.00<0.5,-1,0.0,0.0,
SOL/USDT,2346,2026-06-15 15:00:00,short,0.53149,87.78,60.0,75.25,0.749286,med_med_up,False,True,False,True,False,0.0,0.7553970520339683,32.13381210732328,1.0,0.009911,0.006,0.75,0.0,50.0,0.0,0.0,-1,0.0,G4_5_MTF,prior(bullish)=0.75<0.6 OR rev(bearish)=0.00<0.5,-1,0.0,0.0,
SOL/USDT,2347,2026-06-15 16:00:00,short,0.53254,88.63,60.0,75.48,0.78,med_med_up,False,True,False,True,False,0.0,0.7374234596769588,25.703117361298926,1.0,0.010513,0.006,1.0,0.0,50.0,0.0,0.0,-1,0.0,G4_5_MTF,prior(bullish)=1.00<0.6 OR rev(bearish)=0.00<0.5,-1,0.0,0.0,
SOL/USDT,2348,2026-06-15 17:00:00,short,0.53759,89.82,60.0,75.28,0.806429,med_med_up,False,True,False,True,False,0.0,0.6403222531473981,25.809421789358847,0.0,0.011426,0.006,1.0,0.0,50.0,0.0,0.0,-1,0.0,G4_5_MTF,prior(bullish)=1.00<0.6 OR rev(bearish)=0.00<0.5,-1,0.0,0.0,
SOL/USDT,2349,2026-06-15 18:00:00,short,0.53718,80.58,60.0,75.3,0.820714,high_med_up,False,False,False,False,False,0.0,0.0,50.0,0.0,0.0,0.0,0.0,0.0,50.0,0.0,0.0,-1,0.0,G2_EDGE,reg.sell_ok=False  regime='high_med_up',-1,0.0,0.0,
SOL/USDT,2350,2026-06-15 19:00:00,short,0.53927,83.35,60.0,75.28,0.872857,high_high_up,,,True,False,False,0.0,0.0,50.0,0.0,0.0,0.0,0.0,0.0,50.0,0.0,0.0,-1,0.0,G1_REGIME,regime='high_high_up' skipped=True reg_empty=False,-1,0.0,0.0,
SOL/USDT,2351,2026-06-15 20:00:00,short,0.54294,72.0,60.0,74.95,0.894286,high_high_up,,,True,False,False,0.0,0.0,50.0,0.0,0.0,0.0,0.0,0.0,50.0,0.0,0.0,-1,0.0,G1_REGIME,regime='high_high_up' skipped=True reg_empty=False,-1,0.0,0.0,
SOL/USDT,2352,2026-06-15 21:00:00,short,0.55064,74.0,60.0,74.45,0.912143,med_high_up,False,False,False,False,False,0.0,0.0,50.0,0.0,0.0,0.0,0.0,0.0,50.0,0.0,0.0,-1,0.0,G2_EDGE,reg.sell_ok=False  regime='med_high_up',-1,0.0,0.0,
SOL/USDT,2353,2026-06-15 22:00:00,short,0.55985,80.09,60.0,73.78,0.950714,med_high_up,False,False,False,False,False,0.0,0.0,50.0,0.0,0.0,0.0,0.0,0.0,50.0,0.0,0.0,-1,0.0,G2_EDGE,reg.sell_ok=False  regime='med_high_up',-1,0.0,0.0,
SOL/USDT,2354,2026-06-15 23:00:00,short,0.565,74.69,60.0,73.98,0.934286,med_high_up,False,False,False,False,False,0.0,0.0,50.0,0.0,0.0,0.0,0.0,0.0,50.0,0.0,0.0,-1,0.0,G2_EDGE,reg.sell_ok=False  regime='med_high_up',-1,0.0,0.0,
SOL/USDT,2355,2026-06-16 00:00:00,short,0.57715,74.53,60.0,74.04,0.908571,med_high_up,False,False,False,False,False,0.0,0.0,50.0,0.0,0.0,0.0,0.0,0.0,50.0,0.0,0.0,-1,0.0,G2_EDGE,reg.sell_ok=False  regime='med_high_up',-1,0.0,0.0,
SOL/USDT,2356,2026-06-16 01:00:00,short,0.58105,75.31,60.0,73.88,0.860714,med_high_up,False,False,False,False,False,0.0,0.0,50.0,0.0,0.0,0.0,0.0,0.0,50.0,0.0,0.0,-1,0.0,G2_EDGE,reg.sell_ok=False  regime='med_high_up',-1,0.0,0.0,
SOL/USDT,2357,2026-06-16 02:00:00,short,0.60592,83.42,60.0,73.01,0.891429,med_high_up,False,False,False,False,False,0.0,0.0,50.0,0.0,0.0,0.0,0.0,0.0,50.0,0.0,0.0,-1,0.0,G2_EDGE,reg.sell_ok=False  regime='med_high_up',-1,0.0,0.0,
SOL/USDT,2358,2026-06-16 03:00:00,short,0.58524,77.35,60.0,73.74,0.850714,med_high_up,False,False,False,False,False,0.0,0.0,50.0,0.0,0.0,0.0,0.0,0.0,50.0,0.0,0.0,-1,0.0,G2_EDGE,reg.sell_ok=False  regime='med_high_up',-1,0.0,0.0,
SOL/USDT,2359,2026-06-16 04:00:00,short,0.59263,79.22,60.0,73.36,0.848571,med_high_up,False,False,False,False,False,0.0,0.0,50.0,0.0,0.0,0.0,0.0,0.0,50.0,0.0,0.0,-1,0.0,G2_EDGE,reg.sell_ok=False  regime='med_high_up',-1,0.0,0.0,
SOL/USDT,2360,2026-06-16 05:00:00,short,0.58666,77.22,60.0,73.67,0.777857,med_med_up,False,True,False,False,False,0.0,-0.0804988671931,49.03295487156579,0.0,0.014857,0.006,0.5,0.5,50.0,0.0,0.0,-1,0.0,G4_5_MTF,prior(bullish)=0.50<0.6 OR rev(bearish)=0.50<0.5,-1,0.0,0.0,
SOL/USDT,2361,2026-06-16 06:00:00,short,0.58256,76.76,60.0,74.19,0.744286,med_med_up,False,True,False,False,False,0.0,0.12105571435034189,52.259621385368405,0.0,0.013627,0.006,0.5,0.5,50.0,0.0,0.0,-1,0.0,G4_5_MTF,prior(bullish)=0.50<0.6 OR rev(bearish)=0.50<0.5,-1,0.0,0.0,
SOL/USDT,2362,2026-06-16 07:00:00,short,0.57878,76.7,60.0,74.46,0.714286,med_med_up,False,True,False,False,False,0.0,0.17890374804658615,51.969326350097695,0.0,0.012599,0.006,0.25,0.0,50.0,0.0,0.0,-1,0.0,G4_5_MTF,prior(bullish)=0.25<0.6 OR rev(bearish)=0.00<0.5,-1,0.0,0.0,
SOL/USDT,2363,2026-06-16 08:00:00,short,0.56982,88.19,60.0,75.4,0.765,med_med_up,False,True,False,True,False,0.0,0.3138150307542486,51.79271409029507,0.0,0.012915,0.006,0.5,0.0,50.0,0.0,0.0,-1,0.0,G4_5_MTF,prior(bullish)=0.50<0.6 OR rev(bearish)=0.00<0.5,-1,0.0,0.0,
SOL/USDT,2364,2026-06-16 09:00:00,short,0.58051,75.46,60.0,74.85,0.723571,med_med_up,False,True,False,False,False,0.0,0.3074752002424863,53.36411773472395,0.0,0.012845,0.006,0.75,0.0,50.0,0.0,0.0,-1,0.0,G4_5_MTF,prior(bullish)=0.75<0.6 OR rev(bearish)=0.00<0.5,-1,0.0,0.0,
SOL/USDT,2365,2026-06-16 10:00:00,short,0.57938,74.18,60.0,74.7,0.705,med_med_up,False,True,False,False,False,0.0,0.29458083084430603,52.75011644914933,0.0,0.012371,0.006,0.75,0.5,48.01901732610678,-2.7251656278186185,0.7000905839467801,-1,0.0,G5_RSI_ACCEL,rsi_accel=0.7001>0.08 (RSI recovering),-1,0.0,0.0,
SOL/USDT,2366,2026-06-16 11:00:00,short,0.57567,56.82,60.0,74.66,0.697143,med_med_up,False,True,False,False,False,0.0,0.0,50.0,0.0,0.0,0.0,0.0,0.0,50.0,0.0,0.0,-1,0.0,G2_EDGE,edge=56.8 < thr=60.0,-1,0.0,0.0,
SOL/USDT,2367,2026-06-16 12:00:00,short,0.55889,60.7,60.0,74.94,0.700714,med_med_up,False,True,False,False,False,0.0,0.42979529961983853,51.19811773622876,0.0,0.010869,0.006,0.75,1.0,60.62271046726773,-1.1338029066892468,0.8365979460078281,-1,0.0,G5_RSI_ACCEL,rsi_accel=0.8366>0.08 (RSI recovering),-1,0.0,0.0,
SOL/USDT,2368,2026-06-16 13:00:00,short,0.59794,82.22,60.0,73.99,0.747143,med_med_flat,False,True,False,False,False,0.0,-0.02432984163568343,50.55511089742631,0.0,0.014837,0.006,0.5,0.5,50.0,0.0,0.0,-1,0.0,G4_5_MTF,prior(bullish)=0.50<0.6 OR rev(bearish)=0.50<0.5,-1,0.0,0.0,
SOL/USDT,2369,2026-06-16 14:00:00,short,0.63655,77.1,60.0,72.98,0.85,med_high_flat,,,True,False,False,0.0,0.0,50.0,0.0,0.0,0.0,0.0,0.0,50.0,0.0,0.0,-1,0.0,G1_REGIME,regime='med_high_flat' skipped=True reg_empty=False,-1,0.0,0.0,
SOL/USDT,2370,2026-06-16 15:00:00,short,0.63578,57.28,60.0,73.29,0.87,med_high_down,,,True,False,False,0.0,0.0,50.0,0.0,0.0,0.0,0.0,0.0,50.0,0.0,0.0,-1,0.0,G1_REGIME,regime='med_high_down' skipped=True reg_empty=False,-1,0.0,0.0,
SOL/USDT,2371,2026-06-16 16:00:00,short,0.63041,53.64,60.0,73.1,0.823571,med_high_down,,,True,False,False,0.0,0.0,50.0,0.0,0.0,0.0,0.0,0.0,50.0,0.0,0.0,-1,0.0,G1_REGIME,regime='med_high_down' skipped=True reg_empty=False,-1,0.0,0.0,
SOL/USDT,2372,2026-06-16 17:00:00,short,0.61734,63.32,60.0,73.67,0.812143,med_med_down,False,True,False,False,False,0.0,-0.20313268127977963,44.17051936163933,0.0,0.018073,0.006,0.25,0.5,50.0,0.0,0.0,-1,0.0,G4_5_MTF,prior(bullish)=0.25<0.6 OR rev(bearish)=0.50<0.5,-1,0.0,0.0,
SOL/USDT,2373,2026-06-16 18:00:00,short,0.61589,63.35,60.0,74.0,0.812857,med_med_down,False,True,False,False,False,0.0,0.07694273856171419,44.04476483838233,0.0,0.017882,0.006,0.5,0.5,50.0,0.0,0.0,-1,0.0,G4_5_MTF,prior(bullish)=0.50<0.6 OR rev(bearish)=0.50<0.5,-1,0.0,0.0,
SOL/USDT,2374,2026-06-16 19:00:00,short,0.62354,63.7,60.0,73.84,0.832143,med_high_down,,,True,False,False,0.0,0.0,50.0,0.0,0.0,0.0,0.0,0.0,50.0,0.0,0.0,-1,0.0,G1_REGIME,regime='med_high_down' skipped=True reg_empty=False,-1,0.0,0.0,
SOL/USDT,2375,2026-06-16 20:00:00,short,0.61864,58.15,60.0,74.14,0.827857,med_med_flat,False,True,False,False,False,0.0,0.0,50.0,0.0,0.0,0.0,0.0,0.0,50.0,0.0,0.0,-1,0.0,G2_EDGE,edge=58.2 < thr=60.0,-1,0.0,0.0,
SOL/USDT,2376,2026-06-16 21:00:00,short,0.62748,60.76,60.0,73.94,0.833571,low_high_flat,,,True,False,False,0.0,0.0,50.0,0.0,0.0,0.0,0.0,0.0,50.0,0.0,0.0,-1,0.0,G1_REGIME,regime='low_high_flat' skipped=True reg_empty=False,-1,0.0,0.0,
SOL/USDT,2377,2026-06-16 22:00:00,short,0.6357,60.0,60.0,73.84,0.775,low_med_flat,False,True,False,False,False,0.0,-0.23648153162501823,46.353502096233925,0.0,0.018374,0.006,0.5,0.5,50.0,0.0,0.0,-1,0.0,G4_5_MTF,prior(bullish)=0.50<0.6 OR rev(bearish)=0.50<0.5,-1,0.0,0.0,
SOL/USDT,2378,2026-06-16 23:00:00,short,0.63931,61.17,60.0,73.52,0.767857,low_med_flat,False,True,False,False,False,0.0,-0.3786609853620664,46.50560146700031,0.0,0.018529,0.006,0.75,1.0,36.45621170867887,-0.8913128929781828,-0.41841220929603423,50,0.010444,TRADE,edge=61.2 meta_conf=0.6393,2418,69.911071,3.6089,WIN
SOL/USDT,2419,2026-06-18 16:00:00,short,0.7148,76.94,60.0,69.06,0.874286,med_high_down,,,True,False,False,0.0,0.0,50.0,0.0,0.0,0.0,0.0,0.0,50.0,0.0,0.0,-1,0.0,G1_REGIME,regime='med_high_down' skipped=True reg_empty=False,-1,0.0,0.0,
SOL/USDT,2420,2026-06-18 17:00:00,short,0.71934,74.06,60.0,68.64,0.848571,med_high_down,,,True,False,False,0.0,0.0,50.0,0.0,0.0,0.0,0.0,0.0,50.0,0.0,0.0,-1,0.0,G1_REGIME,regime='med_high_down' skipped=True reg_empty=False,-1,0.0,0.0,
SOL/USDT,2421,2026-06-18 18:00:00,short,0.7207,85.12,60.0,68.66,0.844286,med_high_down,,,True,False,False,0.0,0.0,50.0,0.0,0.0,0.0,0.0,0.0,50.0,0.0,0.0,-1,0.0,G1_REGIME,regime='med_high_down' skipped=True reg_empty=False,-1,0.0,0.0,
SOL/USDT,2422,2026-06-18 19:00:00,short,0.74434,92.19,60.0,69.37,0.877143,low_high_down,,,True,False,False,0.0,0.0,50.0,0.0,0.0,0.0,0.0,0.0,50.0,0.0,0.0,-1,0.0,G1_REGIME,regime='low_high_down' skipped=True reg_empty=False,-1,0.0,0.0,
SOL/USDT,2423,2026-06-18 20:00:00,short,0.75326,91.54,60.0,69.82,0.889286,low_high_down,,,True,False,False,0.0,0.0,50.0,0.0,0.0,0.0,0.0,0.0,50.0,0.0,0.0,-1,0.0,G1_REGIME,regime='low_high_down' skipped=True reg_empty=False,-1,0.0,0.0,
SOL/USDT,2424,2026-06-18 21:00:00,short,0.74864,91.54,60.0,69.57,0.875,low_high_down,,,True,False,False,0.0,0.0,50.0,0.0,0.0,0.0,0.0,0.0,50.0,0.0,0.0,-1,0.0,G1_REGIME,regime='low_high_down' skipped=True reg_empty=False,-1,0.0,0.0,
SOL/USDT,2425,2026-06-18 22:00:00,short,0.74206,90.74,60.0,69.52,0.874286,low_high_down,,,True,False,False,0.0,0.0,50.0,0.0,0.0,0.0,0.0,0.0,50.0,0.0,0.0,-1,0.0,G1_REGIME,regime='low_high_down' skipped=True reg_empty=False,-1,0.0,0.0,
SOL/USDT,2426,2026-06-18 23:00:00,short,0.74037,88.5,60.0,69.71,0.882143,low_high_down,,,True,False,False,0.0,0.0,50.0,0.0,0.0,0.0,0.0,0.0,50.0,0.0,0.0,-1,0.0,G1_REGIME,regime='low_high_down' skipped=True reg_empty=False,-1,0.0,0.0,
SOL/USDT,2427,2026-06-19 00:00:00,short,0.7362,88.57,60.0,69.81,0.853571,low_high_down,,,True,False,False,0.0,0.0,50.0,0.0,0.0,0.0,0.0,0.0,50.0,0.0,0.0,-1,0.0,G1_REGIME,regime='low_high_down' skipped=True reg_empty=False,-1,0.0,0.0,
SOL/USDT,2428,2026-06-19 01:00:00,short,0.7406,87.93,60.0,69.94,0.828571,low_high_down,,,True,False,False,0.0,0.0,50.0,0.0,0.0,0.0,0.0,0.0,50.0,0.0,0.0,-1,0.0,G1_REGIME,regime='low_high_down' skipped=True reg_empty=False,-1,0.0,0.0,
SOL/USDT,2429,2026-06-19 02:00:00,short,0.73624,88.84,60.0,69.66,0.823571,low_high_down,,,True,False,False,0.0,0.0,50.0,0.0,0.0,0.0,0.0,0.0,50.0,0.0,0.0,-1,0.0,G1_REGIME,regime='low_high_down' skipped=True reg_empty=False,-1,0.0,0.0,
SOL/USDT,2430,2026-06-19 03:00:00,short,0.72265,83.68,60.0,69.05,0.825714,med_high_down,,,True,False,False,0.0,0.0,50.0,0.0,0.0,0.0,0.0,0.0,50.0,0.0,0.0,-1,0.0,G1_REGIME,regime='med_high_down' skipped=True reg_empty=False,-1,0.0,0.0,
SOL/USDT,2431,2026-06-19 04:00:00,short,0.72729,83.1,60.0,68.33,0.836429,med_high_down,,,True,False,False,0.0,0.0,50.0,0.0,0.0,0.0,0.0,0.0,50.0,0.0,0.0,-1,0.0,G1_REGIME,regime='med_high_down' skipped=True reg_empty=False,-1,0.0,0.0,
SOL/USDT,2432,2026-06-19 05:00:00,short,0.7049,77.82,60.0,68.7,0.670714,med_med_down,False,True,False,False,True,0.0,-0.3601685890608273,67.45846291020737,0.0,0.021574,0.006,0.75,1.0,52.642276272969184,0.851534725209438,0.21192970531384137,-1,0.0,G5_RSI_ACCEL,rsi_accel=0.2119>0.08 (RSI recovering),-1,0.0,0.0,
SOL/USDT,2433,2026-06-19 06:00:00,short,0.70355,79.76,60.0,68.75,0.644286,med_med_down,False,True,False,False,True,0.0,-0.49214779402032693,66.71281880319759,0.0,0.02046,0.006,0.5,0.5,50.0,0.0,0.0,-1,0.0,G4_5_MTF,prior(bullish)=0.50<0.6 OR rev(bearish)=0.50<0.5,-1,0.0,0.0,
SOL/USDT,2434,2026-06-19 07:00:00,short,0.7069,80.7,60.0,68.38,0.654286,med_med_down,False,True,False,False,True,0.0,-0.6634273702540575,63.85259968010258,0.0,0.021199,0.006,0.25,0.0,50.0,0.0,0.0,-1,0.0,G4_5_MTF,prior(bullish)=0.25<0.6 OR rev(bearish)=0.00<0.5,-1,0.0,0.0,
SOL/USDT,2435,2026-06-19 08:00:00,short,0.69943,75.98,60.0,68.68,0.637143,med_med_down,False,True,False,False,True,0.0,-0.3229778770013847,63.156471381088636,0.0,0.019944,0.006,0.25,0.5,50.0,0.0,0.0,-1,0.0,G4_5_MTF,prior(bullish)=0.25<0.6 OR rev(bearish)=0.50<0.5,-1,0.0,0.0,
SOL/USDT,2436,2026-06-19 09:00:00,short,0.70101,79.04,60.0,68.33,0.607143,med_med_down,False,True,False,False,True,0.0,-0.6787498859569064,62.229470952390656,0.0,0.019032,0.006,0.5,0.5,50.0,0.0,0.0,-1,0.0,G4_5_MTF,prior(bullish)=0.50<0.6 OR rev(bearish)=0.50<0.5,-1,0.0,0.0,
SOL/USDT,2437,2026-06-19 10:00:00,short,0.69824,69.75,60.0,68.3,0.594286,med_med_down,False,True,False,False,True,0.0,-0.6786028953499514,61.19001897169892,0.0,0.018385,0.006,0.5,0.5,50.0,0.0,0.0,-1,0.0,G4_5_MTF,prior(bullish)=0.50<0.6 OR rev(bearish)=0.50<0.5,-1,0.0,0.0,
SOL/USDT,2438,2026-06-19 11:00:00,short,0.69388,76.72,60.0,68.25,0.586429,med_med_down,False,True,False,False,True,0.0,-0.5897166724759244,60.14486147130941,0.0,0.01784,0.006,0.75,1.0,31.66666654351873,0.14988105160856313,-0.3670445540965803,20,0.008592,TRADE,edge=76.7 meta_conf=0.6939,2450,69.628107,-1.3781,LOSS
SOL/USDT,2451,2026-06-20 00:00:00,short,0.6438,91.98,60.0,69.63,0.635714,low_med_flat,False,True,False,True,False,0.0,0.33234381962871645,53.67204917272951,0.0,0.015984,0.006,0.25,0.0,50.0,0.0,0.0,-1,0.0,G4_5_MTF,prior(bullish)=0.25<0.6 OR rev(bearish)=0.00<0.5,-1,0.0,0.0,
SOL/USDT,2452,2026-06-20 01:00:00,short,0.63548,81.33,60.0,69.8,0.637857,low_med_flat,False,True,False,True,False,0.0,0.4576519769291072,53.88631558109564,0.0,0.015466,0.006,0.5,0.5,50.0,0.0,0.0,-1,0.0,G4_5_MTF,prior(bullish)=0.50<0.6 OR rev(bearish)=0.50<0.5,-1,0.0,0.0,
SOL/USDT,2453,2026-06-20 02:00:00,short,0.63554,83.84,60.0,69.65,0.608571,low_med_flat,False,True,False,True,False,0.0,0.31612992372697857,63.19802763175199,0.0,0.014616,0.006,0.75,0.5,62.29116924294122,2.0146274863098945,-0.22967736113891757,3,0.008738,TRADE,edge=83.8 meta_conf=0.6355,2455,71.080143,-1.4301,LOSS
SOL/USDT,2456,2026-06-20 05:00:00,short,0.64246,100.0,60.0,71.8,0.679286,low_med_up,False,False,False,False,False,0.0,0.0,50.0,0.0,0.0,0.0,0.0,0.0,50.0,0.0,0.0,-1,0.0,G2_EDGE,reg.sell_ok=False  regime='low_med_up',-1,0.0,0.0,
SOL/USDT,2457,2026-06-20 06:00:00,short,0.64603,89.77,60.0,72.12,0.665,low_med_up,False,False,False,False,False,0.0,0.0,50.0,0.0,0.0,0.0,0.0,0.0,50.0,0.0,0.0,-1,0.0,G2_EDGE,reg.sell_ok=False  regime='low_med_up',-1,0.0,0.0,
SOL/USDT,2458,2026-06-20 07:00:00,short,0.64724,87.25,60.0,71.6,0.651429,low_med_up,False,False,False,False,False,0.0,0.0,50.0,0.0,0.0,0.0,0.0,0.0,50.0,0.0,0.0,-1,0.0,G2_EDGE,reg.sell_ok=False  regime='low_med_up',-1,0.0,0.0,
SOL/USDT,2459,2026-06-20 08:00:00,short,0.6536,76.56,60.0,71.34,0.637857,low_med_up,False,False,False,False,False,0.0,0.0,50.0,0.0,0.0,0.0,0.0,0.0,50.0,0.0,0.0,-1,0.0,G2_EDGE,reg.sell_ok=False  regime='low_med_up',-1,0.0,0.0,
SOL/USDT,2460,2026-06-20 09:00:00,short,0.65633,84.94,60.0,71.57,0.640714,low_med_up,False,False,False,False,False,0.0,0.0,50.0,0.0,0.0,0.0,0.0,0.0,50.0,0.0,0.0,-1,0.0,G2_EDGE,reg.sell_ok=False  regime='low_med_up',-1,0.0,0.0,
SOL/USDT,2461,2026-06-20 10:00:00,short,0.65692,82.71,60.0,71.69,0.620714,low_med_up,False,False,False,False,False,0.0,0.0,50.0,0.0,0.0,0.0,0.0,0.0,50.0,0.0,0.0,-1,0.0,G2_EDGE,reg.sell_ok=False  regime='low_med_up',-1,0.0,0.0,
SOL/USDT,2462,2026-06-20 11:00:00,short,0.65616,85.71,60.0,71.78,0.638571,low_med_up,False,False,False,False,False,0.0,0.0,50.0,0.0,0.0,0.0,0.0,0.0,50.0,0.0,0.0,-1,0.0,G2_EDGE,reg.sell_ok=False  regime='low_med_up',-1,0.0,0.0,
SOL/USDT,2463,2026-06-20 12:00:00,short,0.6545,88.69,60.0,71.56,0.647143,low_med_up,False,False,False,False,False,0.0,0.0,50.0,0.0,0.0,0.0,0.0,0.0,50.0,0.0,0.0,-1,0.0,G2_EDGE,reg.sell_ok=False  regime='low_med_up',-1,0.0,0.0,
SOL/USDT,2464,2026-06-20 13:00:00,short,0.66328,82.68,60.0,71.19,0.661429,low_med_up,False,False,False,False,False,0.0,0.0,50.0,0.0,0.0,0.0,0.0,0.0,50.0,0.0,0.0,-1,0.0,G2_EDGE,reg.sell_ok=False  regime='low_med_up',-1,0.0,0.0,
SOL/USDT,2465,2026-06-20 14:00:00,short,0.65247,100.0,60.0,71.93,0.747143,low_med_up,False,False,False,False,False,0.0,0.0,50.0,0.0,0.0,0.0,0.0,0.0,50.0,0.0,0.0,-1,0.0,G2_EDGE,reg.sell_ok=False  regime='low_med_up',-1,0.0,0.0,
SOL/USDT,2466,2026-06-20 15:00:00,short,0.62987,100.0,60.0,72.02,0.798571,low_med_up,False,False,False,False,False,0.0,0.0,50.0,0.0,0.0,0.0,0.0,0.0,50.0,0.0,0.0,-1,0.0,G2_EDGE,reg.sell_ok=False  regime='low_med_up',-1,0.0,0.0,
SOL/USDT,2467,2026-06-20 16:00:00,short,0.64794,91.9,60.0,71.67,0.823571,low_high_up,,,True,False,False,0.0,0.0,50.0,0.0,0.0,0.0,0.0,0.0,50.0,0.0,0.0,-1,0.0,G1_REGIME,regime='low_high_up' skipped=True reg_empty=False,-1,0.0,0.0,
SOL/USDT,2468,2026-06-20 17:00:00,short,0.66395,87.33,60.0,71.55,0.830714,low_high_up,,,True,False,False,0.0,0.0,50.0,0.0,0.0,0.0,0.0,0.0,50.0,0.0,0.0,-1,0.0,G1_REGIME,regime='low_high_up' skipped=True reg_empty=False,-1,0.0,0.0,
SOL/USDT,2469,2026-06-20 18:00:00,short,0.66158,88.51,60.0,71.75,0.777857,low_med_up,False,False,False,False,False,0.0,0.0,50.0,0.0,0.0,0.0,0.0,0.0,50.0,0.0,0.0,-1,0.0,G2_EDGE,reg.sell_ok=False  regime='low_med_up',-1,0.0,0.0,
SOL/USDT,2470,2026-06-20 19:00:00,short,0.64755,85.5,60.0,71.86,0.676429,low_med_up,False,False,False,False,False,0.0,0.0,50.0,0.0,0.0,0.0,0.0,0.0,50.0,0.0,0.0,-1,0.0,G2_EDGE,reg.sell_ok=False  regime='low_med_up',-1,0.0,0.0,
SOL/USDT,2471,2026-06-20 20:00:00,short,0.64791,85.6,60.0,72.01,0.654286,low_med_up,False,False,False,False,False,0.0,0.0,50.0,0.0,0.0,0.0,0.0,0.0,50.0,0.0,0.0,-1,0.0,G2_EDGE,reg.sell_ok=False  regime='low_med_up',-1,0.0,0.0,
SOL/USDT,2472,2026-06-20 21:00:00,short,0.63924,83.11,60.0,72.41,0.639286,low_med_up,False,False,False,False,False,0.0,0.0,50.0,0.0,0.0,0.0,0.0,0.0,50.0,0.0,0.0,-1,0.0,G2_EDGE,reg.sell_ok=False  regime='low_med_up',-1,0.0,0.0,
SOL/USDT,2473,2026-06-20 22:00:00,short,0.63592,100.0,60.0,73.56,0.750714,low_med_up,False,False,False,False,False,0.0,0.0,50.0,0.0,0.0,0.0,0.0,0.0,50.0,0.0,0.0,-1,0.0,G2_EDGE,reg.sell_ok=False  regime='low_med_up',-1,0.0,0.0,
SOL/USDT,2474,2026-06-20 23:00:00,short,0.62732,84.65,60.0,73.22,0.752143,low_med_up,False,False,False,False,False,0.0,0.0,50.0,0.0,0.0,0.0,0.0,0.0,50.0,0.0,0.0,-1,0.0,G2_EDGE,reg.sell_ok=False  regime='low_med_up',-1,0.0,0.0,
SOL/USDT,2475,2026-06-21 00:00:00,short,0.62543,73.42,60.0,73.2,0.748571,low_med_up,False,False,False,False,False,0.0,0.0,50.0,0.0,0.0,0.0,0.0,0.0,50.0,0.0,0.0,-1,0.0,G2_EDGE,reg.sell_ok=False  regime='low_med_up',-1,0.0,0.0,
SOL/USDT,2476,2026-06-21 01:00:00,short,0.61918,73.89,60.0,73.19,0.733571,low_med_up,False,False,False,False,False,0.0,0.0,50.0,0.0,0.0,0.0,0.0,0.0,50.0,0.0,0.0,-1,0.0,G2_EDGE,reg.sell_ok=False  regime='low_med_up',-1,0.0,0.0,
SOL/USDT,2477,2026-06-21 02:00:00,short,0.61075,81.57,60.0,73.34,0.715714,low_med_up,False,False,False,False,False,0.0,0.0,50.0,0.0,0.0,0.0,0.0,0.0,50.0,0.0,0.0,-1,0.0,G2_EDGE,reg.sell_ok=False  regime='low_med_up',-1,0.0,0.0,
SOL/USDT,2478,2026-06-21 03:00:00,short,0.60503,86.39,60.0,73.63,0.708571,low_med_up,False,False,False,False,False,0.0,0.0,50.0,0.0,0.0,0.0,0.0,0.0,50.0,0.0,0.0,-1,0.0,G2_EDGE,reg.sell_ok=False  regime='low_med_up',-1,0.0,0.0,
SOL/USDT,2479,2026-06-21 04:00:00,short,0.60836,83.34,60.0,73.44,0.618571,low_med_up,False,False,False,False,False,0.0,0.0,50.0,0.0,0.0,0.0,0.0,0.0,50.0,0.0,0.0,-1,0.0,G2_EDGE,reg.sell_ok=False  regime='low_med_up',-1,0.0,0.0,
SOL/USDT,2480,2026-06-21 05:00:00,short,0.61475,73.74,60.0,73.09,0.574286,low_med_up,False,False,False,False,False,0.0,0.0,50.0,0.0,0.0,0.0,0.0,0.0,50.0,0.0,0.0,-1,0.0,G2_EDGE,reg.sell_ok=False  regime='low_med_up',-1,0.0,0.0,
SOL/USDT,2481,2026-06-21 06:00:00,short,0.61873,82.81,60.0,73.24,0.545,low_low_up,False,True,False,True,False,0.0,0.5618447131992987,42.00372554687796,0.0,0.010972,0.006,0.5,1.0,50.0,0.0,0.0,-1,0.0,G4_5_MTF,prior(bullish)=0.50<0.6 OR rev(bearish)=1.00<0.5,-1,0.0,0.0,
SOL/USDT,2482,2026-06-21 07:00:00,short,0.62171,91.2,60.0,73.21,0.53,low_low_up,False,True,False,True,False,0.0,0.4667409334647412,46.399841300618526,0.0,0.010718,0.006,0.5,0.5,50.0,0.0,0.0,-1,0.0,G4_5_MTF,prior(bullish)=0.50<0.6 OR rev(bearish)=0.50<0.5,-1,0.0,0.0,
SOL/USDT,2483,2026-06-21 08:00:00,short,0.62288,77.08,60.0,73.15,0.532857,low_low_up,False,True,False,False,False,0.0,0.44559023111940765,46.37168800839043,0.0,0.01087,0.006,0.5,0.5,50.0,0.0,0.0,-1,0.0,G4_5_MTF,prior(bullish)=0.50<0.6 OR rev(bearish)=0.50<0.5,-1,0.0,0.0,
SOL/USDT,2484,2026-06-21 09:00:00,short,0.61165,86.2,60.0,74.05,0.582857,low_med_up,False,False,False,False,False,0.0,0.0,50.0,0.0,0.0,0.0,0.0,0.0,50.0,0.0,0.0,-1,0.0,G2_EDGE,reg.sell_ok=False  regime='low_med_up',-1,0.0,0.0,
SOL/USDT,2485,2026-06-21 10:00:00,short,0.61392,86.62,60.0,73.9,0.594286,low_med_up,False,False,False,False,False,0.0,0.0,50.0,0.0,0.0,0.0,0.0,0.0,50.0,0.0,0.0,-1,0.0,G2_EDGE,reg.sell_ok=False  regime='low_med_up',-1,0.0,0.0,
SOL/USDT,2486,2026-06-21 11:00:00,short,0.62982,77.87,60.0,73.21,0.628571,low_med_up,False,False,False,False,False,0.0,0.0,50.0,0.0,0.0,0.0,0.0,0.0,50.0,0.0,0.0,-1,0.0,G2_EDGE,reg.sell_ok=False  regime='low_med_up',-1,0.0,0.0,
SOL/USDT,2487,2026-06-21 12:00:00,short,0.62545,91.64,60.0,73.65,0.544286,med_low_up,True,False,False,False,False,0.0,0.0,50.0,0.0,0.0,0.0,0.0,0.0,50.0,0.0,0.0,-1,0.0,G2_EDGE,reg.sell_ok=False  regime='med_low_up',-1,0.0,0.0,
SOL/USDT,2488,2026-06-21 13:00:00,short,0.62022,88.65,60.0,73.91,0.545714,med_low_up,True,False,False,False,False,0.0,0.0,50.0,0.0,0.0,0.0,0.0,0.0,50.0,0.0,0.0,-1,0.0,G2_EDGE,reg.sell_ok=False  regime='med_low_up',-1,0.0,0.0,
SOL/USDT,2489,2026-06-21 14:00:00,short,0.62327,88.08,60.0,74.11,0.564286,med_low_up,True,False,False,False,False,0.0,0.0,50.0,0.0,0.0,0.0,0.0,0.0,50.0,0.0,0.0,-1,0.0,G2_EDGE,reg.sell_ok=False  regime='med_low_up',-1,0.0,0.0,
SOL/USDT,2490,2026-06-21 15:00:00,short,0.62114,83.08,60.0,74.14,0.56,low_low_up,False,True,False,True,False,0.0,0.638192591155705,60.962361425000175,0.0,0.011326,0.006,0.5,0.0,50.0,0.0,0.0,-1,0.0,G4_5_MTF,prior(bullish)=0.50<0.6 OR rev(bearish)=0.00<0.5,-1,0.0,0.0,
SOL/USDT,2491,2026-06-21 16:00:00,short,0.61648,85.05,60.0,74.34,0.600714,low_med_up,False,False,False,False,False,0.0,0.0,50.0,0.0,0.0,0.0,0.0,0.0,50.0,0.0,0.0,-1,0.0,G2_EDGE,reg.sell_ok=False  regime='low_med_up',-1,0.0,0.0,
SOL/USDT,2492,2026-06-21 17:00:00,short,0.61417,86.67,60.0,74.24,0.591429,low_med_up,False,False,False,False,False,0.0,0.0,50.0,0.0,0.0,0.0,0.0,0.0,50.0,0.0,0.0,-1,0.0,G2_EDGE,reg.sell_ok=False  regime='low_med_up',-1,0.0,0.0,
SOL/USDT,2493,2026-06-21 18:00:00,short,0.60392,88.51,60.0,74.22,0.600714,low_med_up,False,False,False,False,False,0.0,0.0,50.0,0.0,0.0,0.0,0.0,0.0,50.0,0.0,0.0,-1,0.0,G2_EDGE,reg.sell_ok=False  regime='low_med_up',-1,0.0,0.0,
SOL/USDT,2494,2026-06-21 19:00:00,short,0.59976,78.08,60.0,74.42,0.59,low_med_up,False,False,False,False,False,0.0,0.0,50.0,0.0,0.0,0.0,0.0,0.0,50.0,0.0,0.0,-1,0.0,G2_EDGE,reg.sell_ok=False  regime='low_med_up',-1,0.0,0.0,
SOL/USDT,2495,2026-06-21 20:00:00,short,0.62698,80.13,60.0,73.42,0.653571,low_med_up,False,False,False,False,False,0.0,0.0,50.0,0.0,0.0,0.0,0.0,0.0,50.0,0.0,0.0,-1,0.0,G2_EDGE,reg.sell_ok=False  regime='low_med_up',-1,0.0,0.0,
SOL/USDT,2496,2026-06-21 21:00:00,short,0.63192,81.67,60.0,73.15,0.701429,low_med_up,False,False,False,False,False,0.0,0.0,50.0,0.0,0.0,0.0,0.0,0.0,50.0,0.0,0.0,-1,0.0,G2_EDGE,reg.sell_ok=False  regime='low_med_up',-1,0.0,0.0,
SOL/USDT,2497,2026-06-21 22:00:00,short,0.62686,52.24,60.0,73.06,0.710714,low_med_flat,False,True,False,False,False,0.0,0.0,50.0,0.0,0.0,0.0,0.0,0.0,50.0,0.0,0.0,-1,0.0,G2_EDGE,edge=52.2 < thr=60.0,-1,0.0,0.0,
SOL/USDT,2498,2026-06-21 23:00:00,short,0.65035,60.45,60.0,72.46,0.694286,low_med_flat,False,True,False,False,True,0.0,-0.5027859704023696,48.75013299231561,0.0,0.017415,0.006,0.25,1.0,50.0,0.0,0.0,-1,0.0,G4_5_MTF,prior(bullish)=0.25<0.6 OR rev(bearish)=1.00<0.5,-1,0.0,0.0,
SOL/USDT,2499,2026-06-22 00:00:00,short,0.62698,55.61,60.0,73.36,0.737143,low_med_flat,False,True,False,False,False,0.0,0.0,50.0,0.0,0.0,0.0,0.0,0.0,50.0,0.0,0.0,-1,0.0,G2_EDGE,edge=55.6 < thr=60.0,-1,0.0,0.0,
SOL/USDT,2500,2026-06-22 01:00:00,short,0.58993,87.55,60.0,74.37,0.790714,low_med_up,False,False,False,False,False,0.0,0.0,50.0,0.0,0.0,0.0,0.0,0.0,50.0,0.0,0.0,-1,0.0,G2_EDGE,reg.sell_ok=False  regime='low_med_up',-1,0.0,0.0,
SOL/USDT,2501,2026-06-22 02:00:00,short,0.61629,56.13,60.0,73.83,0.785714,low_med_flat,False,True,False,False,False,0.0,0.0,50.0,0.0,0.0,0.0,0.0,0.0,50.0,0.0,0.0,-1,0.0,G2_EDGE,edge=56.1 < thr=60.0,-1,0.0,0.0,
SOL/USDT,2502,2026-06-22 03:00:00,short,0.63519,61.46,60.0,73.52,0.807857,low_med_flat,False,True,False,False,False,0.0,0.09356199753085792,47.50470310550739,0.0,0.019384,0.006,0.25,0.5,50.0,0.0,0.0,-1,0.0,G4_5_MTF,prior(bullish)=0.25<0.6 OR rev(bearish)=0.50<0.5,-1,0.0,0.0,
SOL/USDT,2503,2026-06-22 04:00:00,short,0.60817,58.63,60.0,73.86,0.81,med_med_flat,False,True,False,False,False,0.0,0.0,50.0,0.0,0.0,0.0,0.0,0.0,50.0,0.0,0.0,-1,0.0,G2_EDGE,edge=58.6 < thr=60.0,-1,0.0,0.0,
SOL/USDT,2504,2026-06-22 05:00:00,short,0.5992,65.54,60.0,73.95,0.807857,med_med_up,False,True,False,True,False,0.0,0.10134365088784693,49.44616272932661,0.0,0.016476,0.006,0.5,0.5,50.0,0.0,0.0,-1,0.0,G4_5_MTF,prior(bullish)=0.50<0.6 OR rev(bearish)=0.50<0.5,-1,0.0,0.0,
SOL/USDT,2505,2026-06-22 06:00:00,short,0.61143,58.26,60.0,73.71,0.791429,med_med_flat,False,True,False,False,False,0.0,0.0,50.0,0.0,0.0,0.0,0.0,0.0,50.0,0.0,0.0,-1,0.0,G2_EDGE,edge=58.3 < thr=60.0,-1,0.0,0.0,
SOL/USDT,2506,2026-06-22 07:00:00,short,0.59628,68.05,60.0,74.1,0.806429,low_med_up,False,False,False,False,False,0.0,0.0,50.0,0.0,0.0,0.0,0.0,0.0,50.0,0.0,0.0,-1,0.0,G2_EDGE,reg.sell_ok=False  regime='low_med_up',-1,0.0,0.0,
SOL/USDT,2507,2026-06-22 08:00:00,short,0.59433,68.65,60.0,73.9,0.809286,low_med_up,False,False,False,False,False,0.0,0.0,50.0,0.0,0.0,0.0,0.0,0.0,50.0,0.0,0.0,-1,0.0,G2_EDGE,reg.sell_ok=False  regime='low_med_up',-1,0.0,0.0,
SOL/USDT,2508,2026-06-22 09:00:00,short,0.59677,57.85,60.0,73.8,0.816429,low_med_flat,False,True,False,False,False,0.0,0.0,50.0,0.0,0.0,0.0,0.0,0.0,50.0,0.0,0.0,-1,0.0,G2_EDGE,edge=57.8 < thr=60.0,-1,0.0,0.0,
SOL/USDT,2509,2026-06-22 10:00:00,short,0.59704,54.65,60.0,73.78,0.759286,low_med_flat,False,True,False,False,False,0.0,0.0,50.0,0.0,0.0,0.0,0.0,0.0,50.0,0.0,0.0,-1,0.0,G2_EDGE,edge=54.7 < thr=60.0,-1,0.0,0.0,
SOL/USDT,2510,2026-06-22 11:00:00,short,0.57473,85.35,60.0,74.17,0.741429,med_med_up,False,True,False,True,False,0.0,0.5888536408653655,53.05146116284018,0.0,0.013012,0.006,0.5,1.0,50.0,0.0,0.0,-1,0.0,G4_5_MTF,prior(bullish)=0.50<0.6 OR rev(bearish)=1.00<0.5,-1,0.0,0.0,
SOL/USDT,2511,2026-06-22 12:00:00,short,0.56673,71.53,60.0,74.41,0.736429,med_med_up,False,True,False,True,False,0.0,0.6315427543972029,53.141005871314825,0.0,0.012285,0.006,0.25,0.5,50.0,0.0,0.0,-1,0.0,G4_5_MTF,prior(bullish)=0.25<0.6 OR rev(bearish)=0.50<0.5,-1,0.0,0.0,
SOL/USDT,2512,2026-06-22 13:00:00,short,0.55078,80.81,60.0,74.98,0.732857,med_med_up,False,True,False,True,False,0.0,0.723645937757313,55.457429901501946,0.0,0.010984,0.006,0.25,0.0,50.0,0.0,0.0,-1,0.0,G4_5_MTF,prior(bullish)=0.25<0.6 OR rev(bearish)=0.00<0.5,-1,0.0,0.0,
SOL/USDT,2513,2026-06-22 14:00:00,short,0.59431,80.23,60.0,73.44,0.781429,med_med_flat,False,True,False,False,False,0.0,0.06685554241682164,68.30046178942244,0.0,0.015577,0.006,0.25,0.0,50.0,0.0,0.0,-1,0.0,G4_5_MTF,prior(bullish)=0.25<0.6 OR rev(bearish)=0.00<0.5,-1,0.0,0.0,
SOL/USDT,2514,2026-06-22 15:00:00,short,0.60296,55.15,60.0,73.14,0.717143,med_med_flat,False,True,False,False,False,0.0,0.0,50.0,0.0,0.0,0.0,0.0,0.0,50.0,0.0,0.0,-1,0.0,G2_EDGE,edge=55.2 < thr=60.0,-1,0.0,0.0,
SOL/USDT,2515,2026-06-22 16:00:00,short,0.60679,55.79,60.0,72.95,0.715,med_med_down,False,True,False,False,False,0.0,0.0,50.0,0.0,0.0,0.0,0.0,0.0,50.0,0.0,0.0,-1,0.0,G2_EDGE,edge=55.8 < thr=60.0,-1,0.0,0.0,
SOL/USDT,2516,2026-06-22 17:00:00,short,0.58598,47.54,60.0,73.28,0.710714,med_med_flat,False,True,False,False,False,0.0,0.0,50.0,0.0,0.0,0.0,0.0,0.0,50.0,0.0,0.0,-1,0.0,G2_EDGE,edge=47.5 < thr=60.0,-1,0.0,0.0,
SOL/USDT,2517,2026-06-22 18:00:00,short,0.62746,56.79,60.0,72.64,0.742143,med_med_down,False,True,False,False,False,0.0,0.0,50.0,0.0,0.0,0.0,0.0,0.0,50.0,0.0,0.0,-1,0.0,G2_EDGE,edge=56.8 < thr=60.0,-1,0.0,0.0,
SOL/USDT,2518,2026-06-22 19:00:00,short,0.63424,53.64,60.0,72.71,0.742857,med_med_down,False,True,False,False,False,0.0,0.0,50.0,0.0,0.0,0.0,0.0,0.0,50.0,0.0,0.0,-1,0.0,G2_EDGE,edge=53.6 < thr=60.0,-1,0.0,0.0,
SOL/USDT,2519,2026-06-22 20:00:00,short,0.62428,50.59,60.0,72.83,0.730714,med_med_flat,False,True,False,False,False,0.0,0.0,50.0,0.0,0.0,0.0,0.0,0.0,50.0,0.0,0.0,-1,0.0,G2_EDGE,edge=50.6 < thr=60.0,-1,0.0,0.0,
SOL/USDT,2520,2026-06-22 21:00:00,short,0.62997,52.96,60.0,72.73,0.716429,med_med_flat,False,True,False,False,False,0.0,0.0,50.0,0.0,0.0,0.0,0.0,0.0,50.0,0.0,0.0,-1,0.0,G2_EDGE,edge=53.0 < thr=60.0,-1,0.0,0.0,
SOL/USDT,2521,2026-06-22 22:00:00,short,0.66933,62.9,60.0,72.11,0.785714,med_med_flat,False,True,False,False,True,0.0,-0.6228169798086989,39.98839402608551,-1.0,0.02181,0.006,0.5,0.5,50.0,0.0,0.0,-1,0.0,G4_5_MTF,prior(bullish)=0.50<0.6 OR rev(bearish)=0.50<0.5,-1,0.0,0.0,
SOL/USDT,2522,2026-06-22 23:00:00,short,0.67414,55.17,60.0,71.95,0.777857,med_med_flat,False,True,False,False,False,0.0,0.0,50.0,0.0,0.0,0.0,0.0,0.0,50.0,0.0,0.0,-1,0.0,G2_EDGE,edge=55.2 < thr=60.0,-1,0.0,0.0,
SOL/USDT,2523,2026-06-23 00:00:00,short,0.69099,77.99,60.0,71.88,0.787857,med_med_down,False,True,False,False,True,0.0,-0.5638629877734004,39.952041494388546,0.0,0.023638,0.006,0.5,1.0,50.0,0.0,0.0,-1,0.0,G4_5_MTF,prior(bullish)=0.50<0.6 OR rev(bearish)=1.00<0.5,-1,0.0,0.0,
SOL/USDT,2524,2026-06-23 01:00:00,short,0.6888,67.7,60.0,71.72,0.782857,med_med_down,False,True,False,False,True,0.0,-0.5719498401011309,39.48121886633065,0.0,0.023355,0.006,0.5,1.0,50.0,0.0,0.0,-1,0.0,G4_5_MTF,prior(bullish)=0.50<0.6 OR rev(bearish)=1.00<0.5,-1,0.0,0.0,
SOL/USDT,2525,2026-06-23 02:00:00,short,0.68571,65.16,60.0,72.0,0.78,med_med_down,False,True,False,False,True,0.0,-0.3921401382519472,39.638732562653956,0.0,0.022913,0.006,0.25,1.0,50.0,0.0,0.0,-1,0.0,G4_5_MTF,prior(bullish)=0.25<0.6 OR rev(bearish)=1.00<0.5,-1,0.0,0.0,
SOL/USDT,2526,2026-06-23 03:00:00,short,0.68801,64.28,60.0,72.0,0.747143,low_med_down,False,True,False,False,True,0.0,-0.4032706052379062,39.69023419228662,0.0,0.021948,0.006,0.0,0.5,50.0,0.0,0.0,-1,0.0,G4_5_MTF,prior(bullish)=0.00<0.6 OR rev(bearish)=0.50<0.5,-1,0.0,0.0,
SOL/USDT,2527,2026-06-23 04:00:00,short,0.6955,67.08,60.0,71.45,0.665,low_med_down,False,True,False,False,True,0.0,-0.6372027656201025,54.17314858717049,0.0,0.019764,0.006,0.0,0.0,50.0,0.0,0.0,-1,0.0,G4_5_MTF,prior(bullish)=0.00<0.6 OR rev(bearish)=0.00<0.5,-1,0.0,0.0,
SOL/USDT,2528,2026-06-23 05:00:00,short,0.69329,69.64,60.0,71.02,0.656429,low_med_down,False,True,False,False,True,0.0,-0.6670604248322641,51.306595676017686,-1.0,0.019456,0.006,0.25,0.5,50.0,0.0,0.0,-1,0.0,G4_5_MTF,prior(bullish)=0.25<0.6 OR rev(bearish)=0.50<0.5,-1,0.0,0.0,
SOL/USDT,2529,2026-06-23 06:00:00,short,0.68839,89.92,60.0,70.33,0.708571,med_med_down,False,True,False,False,True,0.0,-0.674486647353659,37.022989558308,-1.0,0.021219,0.006,0.5,1.0,50.0,0.0,0.0,-1,0.0,G4_5_MTF,prior(bullish)=0.50<0.6 OR rev(bearish)=1.00<0.5,-1,0.0,0.0,
SOL/USDT,2530,2026-06-23 07:00:00,short,0.68018,75.04,60.0,70.01,0.7,med_med_down,False,True,False,False,True,0.0,-0.7132053549005822,36.98368352992028,0.0,0.020449,0.006,0.5,1.0,50.0,0.0,0.0,-1,0.0,G4_5_MTF,prior(bullish)=0.50<0.6 OR rev(bearish)=1.00<0.5,-1,0.0,0.0,
SOL/USDT,2531,2026-06-23 08:00:00,short,0.69595,92.85,60.0,68.7,0.768571,med_med_down,False,True,False,False,True,0.0,-0.7492330586124964,29.03648309517869,-1.0,0.0246,0.006,0.5,1.0,50.0,0.0,0.0,-1,0.0,G4_5_MTF,prior(bullish)=0.50<0.6 OR rev(bearish)=1.00<0.5,-1,0.0,0.0,
SOL/USDT,2532,2026-06-23 09:00:00,short,0.71596,72.45,60.0,68.93,0.77,med_med_down,False,True,False,False,True,0.0,-0.6202579702491372,29.135725559408442,0.0,0.026133,0.006,0.25,1.0,50.0,0.0,0.0,-1,0.0,G4_5_MTF,prior(bullish)=0.25<0.6 OR rev(bearish)=1.00<0.5,-1,0.0,0.0,
SOL/USDT,2533,2026-06-23 10:00:00,short,0.72089,70.81,60.0,68.82,0.779286,med_high_down,,,True,False,False,0.0,0.0,50.0,0.0,0.0,0.0,0.0,0.0,50.0,0.0,0.0,-1,0.0,G1_REGIME,regime='med_high_down' skipped=True reg_empty=False,-1,0.0,0.0,
SOL/USDT,2534,2026-06-23 11:00:00,short,0.72861,81.16,60.0,69.33,0.775714,med_med_down,False,True,False,False,False,0.0,-0.5606587175202861,29.606395339111984,0.0,0.027179,0.006,0.0,0.5,50.0,0.0,0.0,-1,0.0,G4_5_MTF,prior(bullish)=0.00<0.6 OR rev(bearish)=0.50<0.5,-1,0.0,0.0,
SOL/USDT,2535,2026-06-23 12:00:00,short,0.71489,70.55,60.0,68.98,0.698571,med_med_down,False,True,False,False,True,0.0,-0.6481861529012564,36.10412281313959,0.0,0.023242,0.006,0.25,0.5,50.0,0.0,0.0,-1,0.0,G4_5_MTF,prior(bullish)=0.25<0.6 OR rev(bearish)=0.50<0.5,-1,0.0,0.0,
SOL/USDT,2536,2026-06-23 13:00:00,short,0.7264,84.54,60.0,69.2,0.725714,med_med_down,False,True,False,False,False,0.0,-0.5579606142126811,36.96758652955821,0.0,0.025061,0.006,0.25,0.5,50.0,0.0,0.0,-1,0.0,G4_5_MTF,prior(bullish)=0.25<0.6 OR rev(bearish)=0.50<0.5,-1,0.0,0.0,
SOL/USDT,2537,2026-06-23 14:00:00,short,0.71257,82.21,60.0,69.2,0.730714,med_med_down,False,True,False,False,False,0.0,-0.5458586859004112,36.75771438867624,0.0,0.024232,0.006,0.5,0.5,50.0,0.0,0.0,-1,0.0,G4_5_MTF,prior(bullish)=0.50<0.6 OR rev(bearish)=0.50<0.5,-1,0.0,0.0,
SOL/USDT,2538,2026-06-23 15:00:00,short,0.71132,70.03,60.0,68.92,0.735714,med_med_down,False,True,False,False,True,0.0,-0.543687503159072,36.58369049368877,0.0,0.024446,0.006,0.5,0.0,50.0,0.0,0.0,-1,0.0,G4_5_MTF,prior(bullish)=0.50<0.6 OR rev(bearish)=0.00<0.5,-1,0.0,0.0,
SOL/USDT,2539,2026-06-23 16:00:00,short,0.71097,70.49,60.0,68.9,0.741429,med_med_down,False,True,False,False,True,0.0,-0.5436663999367931,36.73331666319755,0.0,0.024649,0.006,0.5,0.5,50.0,0.0,0.0,-1,0.0,G4_5_MTF,prior(bullish)=0.50<0.6 OR rev(bearish)=0.50<0.5,-1,0.0,0.0,
SOL/USDT,2540,2026-06-23 17:00:00,short,0.71554,66.94,60.0,68.78,0.760714,med_med_down,False,True,False,False,True,0.0,-0.5602865775619263,36.78368600249321,0.0,0.025802,0.006,0.5,1.0,50.0,0.0,0.0,-1,0.0,G4_5_MTF,prior(bullish)=0.50<0.6 OR rev(bearish)=1.00<0.5,-1,0.0,0.0,
SOL/USDT,2541,2026-06-23 18:00:00,short,0.70901,66.36,60.0,68.91,0.739286,low_med_down,False,True,False,False,True,0.0,-0.45798432033066744,41.52128409585807,0.0,0.024414,0.006,0.25,1.0,50.0,0.0,0.0,-1,0.0,G4_5_MTF,prior(bullish)=0.25<0.6 OR rev(bearish)=1.00<0.5,-1,0.0,0.0,
SOL/USDT,2542,2026-06-23 19:00:00,short,0.70102,66.91,60.0,68.84,0.716429,low_med_down,False,True,False,False,True,0.0,-0.5252603551659972,48.08165531972432,0.0,0.022977,0.006,0.25,0.5,50.0,0.0,0.0,-1,0.0,G4_5_MTF,prior(bullish)=0.25<0.6 OR rev(bearish)=0.50<0.5,-1,0.0,0.0,
SOL/USDT,2543,2026-06-23 20:00:00,short,0.69515,74.36,60.0,69.01,0.633571,low_med_down,False,True,False,False,True,0.0,-0.4169565381358453,55.10734915582154,0.0,0.019418,0.006,0.0,0.5,50.0,0.0,0.0,-1,0.0,G4_5_MTF,prior(bullish)=0.00<0.6 OR rev(bearish)=0.50<0.5,-1,0.0,0.0,
SOL/USDT,2544,2026-06-23 21:00:00,short,0.69262,82.61,60.0,69.27,0.615714,low_med_down,False,True,False,False,False,0.0,-0.1795866062810091,62.66319565054861,0.0,0.018515,0.006,0.25,0.5,50.0,0.0,0.0,-1,0.0,G4_5_MTF,prior(bullish)=0.25<0.6 OR rev(bearish)=0.50<0.5,-1,0.0,0.0,
SOL/USDT,2545,2026-06-23 22:00:00,short,0.68347,80.17,60.0,69.56,0.517857,low_low_down,False,True,False,False,False,0.0,0.07176703999902735,73.20779817298663,0.0,0.014377,0.006,0.25,0.0,50.0,0.0,0.0,-1,0.0,G4_5_MTF,prior(bullish)=0.25<0.6 OR rev(bearish)=0.00<0.5,-1,0.0,0.0,
SOL/USDT,2546,2026-06-23 23:00:00,short,0.67786,77.76,60.0,69.71,0.527143,low_low_down,False,True,False,False,False,0.0,0.17515936456136058,72.27057223469382,0.0,0.014367,0.006,0.5,0.0,50.0,0.0,0.0,-1,0.0,G4_5_MTF,prior(bullish)=0.50<0.6 OR rev(bearish)=0.00<0.5,-1,0.0,0.0,
SOL/USDT,2547,2026-06-24 00:00:00,short,0.67555,78.92,60.0,69.99,0.522857,low_low_down,False,True,False,False,False,0.0,0.19605971952128168,64.08432919009219,0.0,0.014023,0.006,0.75,0.0,50.0,0.0,0.0,-1,0.0,G4_5_MTF,prior(bullish)=0.75<0.6 OR rev(bearish)=0.00<0.5,-1,0.0,0.0,
SOL/USDT,2548,2026-06-24 01:00:00,short,0.66045,79.18,60.0,70.09,0.535714,low_low_down,False,True,False,False,False,0.0,0.2509569375620534,57.64270491072533,0.0,0.013627,0.006,0.75,0.0,50.0,0.0,0.0,-1,0.0,G4_5_MTF,prior(bullish)=0.75<0.6 OR rev(bearish)=0.00<0.5,-1,0.0,0.0,
SOL/USDT,2549,2026-06-24 02:00:00,short,0.66562,83.13,60.0,69.46,0.550714,low_med_down,False,True,False,False,False,0.0,-0.13649344621593895,57.02887062733694,0.0,0.014573,0.006,1.0,0.0,50.0,0.0,0.0,-1,0.0,G4_5_MTF,prior(bullish)=1.00<0.6 OR rev(bearish)=0.00<0.5,-1,0.0,0.0,
SOL/USDT,2550,2026-06-24 03:00:00,short,0.65432,79.8,60.0,69.56,0.546429,low_med_down,False,True,False,False,False,0.0,0.034674649218672894,56.27096880359079,0.0,0.013777,0.006,1.0,0.5,56.92307661656802,4.25000666169521,-0.03243266640856035,95,0.007855,TRADE,edge=79.8 meta_conf=0.6543,2563,66.991786,2.5682,WIN
SOL/USDT,2564,2026-06-24 17:00:00,short,0.70179,94.38,60.0,64.98,0.939286,med_high_down,,,True,False,False,0.0,0.0,50.0,0.0,0.0,0.0,0.0,0.0,50.0,0.0,0.0,-1,0.0,G1_REGIME,regime='med_high_down' skipped=True reg_empty=False,-1,0.0,0.0,
SOL/USDT,2565,2026-06-24 18:00:00,short,0.71286,87.16,60.0,66.03,1.008571,med_high_down,,,True,False,False,0.0,0.0,50.0,0.0,0.0,0.0,0.0,0.0,50.0,0.0,0.0,-1,0.0,G1_REGIME,regime='med_high_down' skipped=True reg_empty=False,-1,0.0,0.0,
SOL/USDT,2566,2026-06-24 19:00:00,short,0.69635,82.64,60.0,66.13,1.019286,med_high_down,,,True,False,False,0.0,0.0,50.0,0.0,0.0,0.0,0.0,0.0,50.0,0.0,0.0,-1,0.0,G1_REGIME,regime='med_high_down' skipped=True reg_empty=False,-1,0.0,0.0,
SOL/USDT,2567,2026-06-24 20:00:00,short,0.70382,96.48,60.0,67.68,1.14,med_high_down,,,True,False,False,0.0,0.0,50.0,0.0,0.0,0.0,0.0,0.0,50.0,0.0,0.0,-1,0.0,G1_REGIME,regime='med_high_down' skipped=True reg_empty=False,-1,0.0,0.0,
SOL/USDT,2568,2026-06-24 21:00:00,short,0.69703,89.67,60.0,68.09,1.167857,high_high_down,False,True,False,False,False,0.0,-0.30804342025112413,24.90404001271556,0.0,0.039977,0.006,0.25,0.0,50.0,0.0,0.0,-1,0.0,G4_5_MTF,prior(bullish)=0.25<0.6 OR rev(bearish)=0.00<0.5,-1,0.0,0.0,
SOL/USDT,2569,2026-06-24 22:00:00,short,0.70161,87.65,60.0,67.83,1.202143,high_high_down,False,True,False,False,False,0.0,-0.267676199376775,27.1565785916482,0.0,0.042015,0.006,0.5,0.0,50.0,0.0,0.0,-1,0.0,G4_5_MTF,prior(bullish)=0.50<0.6 OR rev(bearish)=0.00<0.5,-1,0.0,0.0,
SOL/USDT,2570,2026-06-24 23:00:00,short,0.69431,85.35,60.0,68.11,1.208571,high_high_down,False,True,False,False,False,0.0,-0.15565705440590955,29.308856175824552,0.0,0.041157,0.006,0.75,0.5,43.69747892733561,-0.8255087633694197,0.7923997671426052,-1,0.0,G5_RSI_ACCEL,rsi_accel=0.7924>0.08 (RSI recovering),-1,0.0,0.0,
SOL/USDT,2571,2026-06-25 00:00:00,short,0.71324,88.84,60.0,67.72,1.234286,high_high_down,False,True,False,False,False,0.0,-0.3612938308696157,31.38671344398978,0.0,0.044816,0.006,1.0,0.5,43.10880822761416,-0.21141252896180676,0.614096234407613,-1,0.0,G5_RSI_ACCEL,rsi_accel=0.6141>0.08 (RSI recovering),-1,0.0,0.0,
SOL/USDT,2572,2026-06-25 01:00:00,short,0.70009,86.81,60.0,67.89,1.158571,high_high_down,False,True,False,False,False,0.0,-0.19534680604719645,36.41774320568173,0.0,0.040125,0.006,0.75,0.5,39.33701651373283,0.5458441879913463,0.757256716953153,-1,0.0,G5_RSI_ACCEL,rsi_accel=0.7573>0.08 (RSI recovering),-1,0.0,0.0,
SOL/USDT,2573,2026-06-25 02:00:00,short,0.70637,86.09,60.0,67.74,1.145,med_high_down,,,True,False,False,0.0,0.0,50.0,0.0,0.0,0.0,0.0,0.0,50.0,0.0,0.0,-1,0.0,G1_REGIME,regime='med_high_down' skipped=True reg_empty=False,-1,0.0,0.0,
SOL/USDT,2574,2026-06-25 03:00:00,short,0.70626,85.91,60.0,67.7,1.092857,med_high_down,,,True,False,False,0.0,0.0,50.0,0.0,0.0,0.0,0.0,0.0,50.0,0.0,0.0,-1,0.0,G1_REGIME,regime='med_high_down' skipped=True reg_empty=False,-1,0.0,0.0,
SOL/USDT,2575,2026-06-25 04:00:00,short,0.69875,83.8,60.0,68.46,1.105,high_high_flat,,,True,False,False,0.0,0.0,50.0,0.0,0.0,0.0,0.0,0.0,50.0,0.0,0.0,-1,0.0,G1_REGIME,regime='high_high_flat' skipped=True reg_empty=False,-1,0.0,0.0,
SOL/USDT,2576,2026-06-25 05:00:00,short,0.68063,84.96,60.0,69.04,1.055,high_high_flat,,,True,False,False,0.0,0.0,50.0,0.0,0.0,0.0,0.0,0.0,50.0,0.0,0.0,-1,0.0,G1_REGIME,regime='high_high_flat' skipped=True reg_empty=False,-1,0.0,0.0,
SOL/USDT,2577,2026-06-25 06:00:00,short,0.6755,89.98,60.0,69.47,0.976429,high_high_flat,,,True,False,False,0.0,0.0,50.0,0.0,0.0,0.0,0.0,0.0,50.0,0.0,0.0,-1,0.0,G1_REGIME,regime='high_high_flat' skipped=True reg_empty=False,-1,0.0,0.0,
SOL/USDT,2578,2026-06-25 07:00:00,short,0.66241,88.84,60.0,69.45,0.842857,high_high_flat,,,True,False,False,0.0,0.0,50.0,0.0,0.0,0.0,0.0,0.0,50.0,0.0,0.0,-1,0.0,G1_REGIME,regime='high_high_flat' skipped=True reg_empty=False,-1,0.0,0.0,
SOL/USDT,2579,2026-06-25 08:00:00,short,0.65296,78.64,60.0,69.05,0.756429,high_med_flat,False,False,False,False,False,0.0,0.0,50.0,0.0,0.0,0.0,0.0,0.0,50.0,0.0,0.0,-1,0.0,G2_EDGE,reg.sell_ok=False  regime='high_med_flat',-1,0.0,0.0,
SOL/USDT,2580,2026-06-25 09:00:00,short,0.66628,78.05,60.0,68.83,0.723571,high_med_flat,False,False,False,False,False,0.0,0.0,50.0,0.0,0.0,0.0,0.0,0.0,50.0,0.0,0.0,-1,0.0,G2_EDGE,reg.sell_ok=False  regime='high_med_flat',-1,0.0,0.0,
SOL/USDT,2581,2026-06-25 10:00:00,short,0.64736,80.33,60.0,68.29,0.632143,high_med_flat,False,False,False,False,False,0.0,0.0,50.0,0.0,0.0,0.0,0.0,0.0,50.0,0.0,0.0,-1,0.0,G2_EDGE,reg.sell_ok=False  regime='high_med_flat',-1,0.0,0.0,
SOL/USDT,2582,2026-06-25 11:00:00,short,0.65644,80.53,60.0,68.18,0.599286,high_med_down,,,True,False,False,0.0,0.0,50.0,0.0,0.0,0.0,0.0,0.0,50.0,0.0,0.0,-1,0.0,G1_REGIME,regime='high_med_down' skipped=True reg_empty=False,-1,0.0,0.0,
SOL/USDT,2583,2026-06-25 12:00:00,short,0.64781,82.63,60.0,68.29,0.618571,high_med_down,,,True,False,False,0.0,0.0,50.0,0.0,0.0,0.0,0.0,0.0,50.0,0.0,0.0,-1,0.0,G1_REGIME,regime='high_med_down' skipped=True reg_empty=False,-1,0.0,0.0,
SOL/USDT,2584,2026-06-25 13:00:00,short,0.70739,94.76,60.0,64.23,0.902143,high_high_down,False,True,False,False,True,0.0,-0.7916967828801239,31.314231038697876,-1.0,0.033039,0.006,0.0,0.5,50.0,0.0,0.0,-1,0.0,G4_5_MTF,prior(bullish)=0.00<0.6 OR rev(bearish)=0.50<0.5,-1,0.0,0.0,
SOL/USDT,2585,2026-06-25 14:00:00,short,0.72102,100.0,60.0,66.36,1.063571,high_high_down,False,True,False,False,False,0.0,-0.3805055311126637,30.807139619631375,0.0,0.039805,0.006,0.0,0.5,50.0,0.0,0.0,-1,0.0,G4_5_MTF,prior(bullish)=0.00<0.6 OR rev(bearish)=0.50<0.5,-1,0.0,0.0,
SOL/USDT,2586,2026-06-25 15:00:00,short,0.7168,94.22,60.0,66.32,1.102143,high_high_flat,,,True,False,False,0.0,0.0,50.0,0.0,0.0,0.0,0.0,0.0,50.0,0.0,0.0,-1,0.0,G1_REGIME,regime='high_high_flat' skipped=True reg_empty=False,-1,0.0,0.0,
SOL/USDT,2587,2026-06-25 16:00:00,short,0.72483,95.72,60.0,65.98,1.178571,high_high_flat,,,True,False,False,0.0,0.0,50.0,0.0,0.0,0.0,0.0,0.0,50.0,0.0,0.0,-1,0.0,G1_REGIME,regime='high_high_flat' skipped=True reg_empty=False,-1,0.0,0.0,
SOL/USDT,2588,2026-06-25 17:00:00,short,0.70968,91.75,60.0,67.13,1.259286,high_high_up,,,True,False,False,0.0,0.0,50.0,0.0,0.0,0.0,0.0,0.0,50.0,0.0,0.0,-1,0.0,G1_REGIME,regime='high_high_up' skipped=True reg_empty=False,-1,0.0,0.0,
SOL/USDT,2589,2026-06-25 18:00:00,short,0.72115,96.27,60.0,66.18,1.276429,high_high_flat,,,True,False,False,0.0,0.0,50.0,0.0,0.0,0.0,0.0,0.0,50.0,0.0,0.0,-1,0.0,G1_REGIME,regime='high_high_flat' skipped=True reg_empty=False,-1,0.0,0.0,
SOL/USDT,2590,2026-06-25 19:00:00,short,0.72502,91.53,60.0,66.2,1.248571,high_high_flat,,,True,False,False,0.0,0.0,50.0,0.0,0.0,0.0,0.0,0.0,50.0,0.0,0.0,-1,0.0,G1_REGIME,regime='high_high_flat' skipped=True reg_empty=False,-1,0.0,0.0,
SOL/USDT,2591,2026-06-25 20:00:00,short,0.72494,91.31,60.0,66.27,1.253571,high_high_down,False,True,False,False,False,0.0,-0.418366445173661,33.630020902831106,0.0,0.048224,0.006,0.5,0.5,50.0,0.0,0.0,-1,0.0,G4_5_MTF,prior(bullish)=0.50<0.6 OR rev(bearish)=0.50<0.5,-1,0.0,0.0,
SOL/USDT,2592,2026-06-25 21:00:00,short,0.71379,88.23,60.0,67.28,1.303571,high_high_flat,,,True,False,False,0.0,0.0,50.0,0.0,0.0,0.0,0.0,0.0,50.0,0.0,0.0,-1,0.0,G1_REGIME,regime='high_high_flat' skipped=True reg_empty=False,-1,0.0,0.0,
SOL/USDT,2593,2026-06-25 22:00:00,short,0.71624,88.49,60.0,67.15,1.3,high_high_flat,,,True,False,False,0.0,0.0,50.0,0.0,0.0,0.0,0.0,0.0,50.0,0.0,0.0,-1,0.0,G1_REGIME,regime='high_high_flat' skipped=True reg_empty=False,-1,0.0,0.0,
SOL/USDT,2594,2026-06-25 23:00:00,short,0.69341,88.68,60.0,67.72,1.401429,high_high_flat,,,True,False,False,0.0,0.0,50.0,0.0,0.0,0.0,0.0,0.0,50.0,0.0,0.0,-1,0.0,G1_REGIME,regime='high_high_flat' skipped=True reg_empty=False,-1,0.0,0.0,
SOL/USDT,2595,2026-06-26 00:00:00,short,0.70667,85.1,60.0,67.74,1.382143,high_high_flat,,,True,False,False,0.0,0.0,50.0,0.0,0.0,0.0,0.0,0.0,50.0,0.0,0.0,-1,0.0,G1_REGIME,regime='high_high_flat' skipped=True reg_empty=False,-1,0.0,0.0,
SOL/USDT,2596,2026-06-26 01:00:00,short,0.72424,88.38,60.0,67.32,1.405714,high_high_flat,,,True,False,False,0.0,0.0,50.0,0.0,0.0,0.0,0.0,0.0,50.0,0.0,0.0,-1,0.0,G1_REGIME,regime='high_high_flat' skipped=True reg_empty=False,-1,0.0,0.0,
SOL/USDT,2597,2026-06-26 02:00:00,short,0.70637,94.26,60.0,66.2,1.427143,high_high_down,False,True,False,False,False,0.0,-0.3195368207431686,49.26378177565724,0.0,0.052695,0.006,0.75,0.5,41.31338316056625,0.6262635826591896,0.4380168904870474,-1,0.0,G5_RSI_ACCEL,rsi_accel=0.4380>0.08 (RSI recovering),-1,0.0,0.0,
SOL/USDT,2598,2026-06-26 03:00:00,short,0.69074,88.0,60.0,68.21,1.297143,high_high_flat,,,True,False,False,0.0,0.0,50.0,0.0,0.0,0.0,0.0,0.0,50.0,0.0,0.0,-1,0.0,G1_REGIME,regime='high_high_flat' skipped=True reg_empty=False,-1,0.0,0.0,
SOL/USDT,2599,2026-06-26 04:00:00,short,0.66857,82.56,60.0,68.06,1.112143,high_high_flat,,,True,False,False,0.0,0.0,50.0,0.0,0.0,0.0,0.0,0.0,50.0,0.0,0.0,-1,0.0,G1_REGIME,regime='high_high_flat' skipped=True reg_empty=False,-1,0.0,0.0,
SOL/USDT,2600,2026-06-26 05:00:00,short,0.67661,80.23,60.0,68.38,1.065714,high_high_flat,,,True,False,False,0.0,0.0,50.0,0.0,0.0,0.0,0.0,0.0,50.0,0.0,0.0,-1,0.0,G1_REGIME,regime='high_high_flat' skipped=True reg_empty=False,-1,0.0,0.0,
SOL/USDT,2601,2026-06-26 06:00:00,short,0.68244,94.33,60.0,69.99,1.108571,high_high_flat,,,True,False,False,0.0,0.0,50.0,0.0,0.0,0.0,0.0,0.0,50.0,0.0,0.0,-1,0.0,G1_REGIME,regime='high_high_flat' skipped=True reg_empty=False,-1,0.0,0.0,
SOL/USDT,2602,2026-06-26 07:00:00,short,0.69279,93.49,60.0,70.77,1.075,high_high_up,,,True,False,False,0.0,0.0,50.0,0.0,0.0,0.0,0.0,0.0,50.0,0.0,0.0,-1,0.0,G1_REGIME,regime='high_high_up' skipped=True reg_empty=False,-1,0.0,0.0,
SOL/USDT,2603,2026-06-26 08:00:00,short,0.69784,80.79,60.0,69.94,1.068571,high_high_up,,,True,False,False,0.0,0.0,50.0,0.0,0.0,0.0,0.0,0.0,50.0,0.0,0.0,-1,0.0,G1_REGIME,regime='high_high_up' skipped=True reg_empty=False,-1,0.0,0.0,
SOL/USDT,2604,2026-06-26 09:00:00,short,0.69798,81.47,60.0,69.01,1.106429,high_high_flat,,,True,False,False,0.0,0.0,50.0,0.0,0.0,0.0,0.0,0.0,50.0,0.0,0.0,-1,0.0,G1_REGIME,regime='high_high_flat' skipped=True reg_empty=False,-1,0.0,0.0,
SOL/USDT,2605,2026-06-26 10:00:00,short,0.68994,76.67,60.0,68.78,1.098571,high_high_flat,,,True,False,False,0.0,0.0,50.0,0.0,0.0,0.0,0.0,0.0,50.0,0.0,0.0,-1,0.0,G1_REGIME,regime='high_high_flat' skipped=True reg_empty=False,-1,0.0,0.0,
SOL/USDT,2606,2026-06-26 11:00:00,short,0.68768,77.35,60.0,68.61,1.075,high_high_flat,,,True,False,False,0.0,0.0,50.0,0.0,0.0,0.0,0.0,0.0,50.0,0.0,0.0,-1,0.0,G1_REGIME,regime='high_high_flat' skipped=True reg_empty=False,-1,0.0,0.0,
SOL/USDT,2607,2026-06-26 12:00:00,short,0.69837,80.97,60.0,68.87,1.143571,high_high_flat,,,True,False,False,0.0,0.0,50.0,0.0,0.0,0.0,0.0,0.0,50.0,0.0,0.0,-1,0.0,G1_REGIME,regime='high_high_flat' skipped=True reg_empty=False,-1,0.0,0.0,
SOL/USDT,2608,2026-06-26 13:00:00,short,0.69887,96.94,60.0,70.71,1.210714,high_high_up,,,True,False,False,0.0,0.0,50.0,0.0,0.0,0.0,0.0,0.0,50.0,0.0,0.0,-1,0.0,G1_REGIME,regime='high_high_up' skipped=True reg_empty=False,-1,0.0,0.0,
SOL/USDT,2609,2026-06-26 14:00:00,short,0.69428,100.0,60.0,70.46,1.301429,high_high_up,,,True,False,False,0.0,0.0,50.0,0.0,0.0,0.0,0.0,0.0,50.0,0.0,0.0,-1,0.0,G1_REGIME,regime='high_high_up' skipped=True reg_empty=False,-1,0.0,0.0,
SOL/USDT,2610,2026-06-26 15:00:00,short,0.69356,95.16,60.0,72.07,1.384286,high_high_up,,,True,False,False,0.0,0.0,50.0,0.0,0.0,0.0,0.0,0.0,50.0,0.0,0.0,-1,0.0,G1_REGIME,regime='high_high_up' skipped=True reg_empty=False,-1,0.0,0.0,
SOL/USDT,2611,2026-06-26 16:00:00,short,0.68874,98.0,60.0,72.48,1.390714,high_high_up,,,True,False,False,0.0,0.0,50.0,0.0,0.0,0.0,0.0,0.0,50.0,0.0,0.0,-1,0.0,G1_REGIME,regime='high_high_up' skipped=True reg_empty=False,-1,0.0,0.0,
SOL/USDT,2612,2026-06-26 17:00:00,short,0.66831,87.63,60.0,72.56,1.255714,high_high_up,,,True,False,False,0.0,0.0,50.0,0.0,0.0,0.0,0.0,0.0,50.0,0.0,0.0,-1,0.0,G1_REGIME,regime='high_high_up' skipped=True reg_empty=False,-1,0.0,0.0,
SOL/USDT,2613,2026-06-26 18:00:00,short,0.65694,86.19,60.0,72.6,1.277857,high_high_up,,,True,False,False,0.0,0.0,50.0,0.0,0.0,0.0,0.0,0.0,50.0,0.0,0.0,-1,0.0,G1_REGIME,regime='high_high_up' skipped=True reg_empty=False,-1,0.0,0.0,
SOL/USDT,2614,2026-06-26 19:00:00,short,0.62222,90.3,60.0,73.01,1.345714,high_high_up,,,True,False,False,0.0,0.0,50.0,0.0,0.0,0.0,0.0,0.0,50.0,0.0,0.0,-1,0.0,G1_REGIME,regime='high_high_up' skipped=True reg_empty=False,-1,0.0,0.0,
SOL/USDT,2615,2026-06-26 20:00:00,short,0.65776,84.39,60.0,72.17,1.319286,high_high_up,,,True,False,False,0.0,0.0,50.0,0.0,0.0,0.0,0.0,0.0,50.0,0.0,0.0,-1,0.0,G1_REGIME,regime='high_high_up' skipped=True reg_empty=False,-1,0.0,0.0,
SOL/USDT,2616,2026-06-26 21:00:00,short,0.64863,77.06,60.0,71.99,1.286429,high_high_up,,,True,False,False,0.0,0.0,50.0,0.0,0.0,0.0,0.0,0.0,50.0,0.0,0.0,-1,0.0,G1_REGIME,regime='high_high_up' skipped=True reg_empty=False,-1,0.0,0.0,
SOL/USDT,2617,2026-06-26 22:00:00,short,0.66752,77.06,60.0,71.83,1.252143,high_high_up,,,True,False,False,0.0,0.0,50.0,0.0,0.0,0.0,0.0,0.0,50.0,0.0,0.0,-1,0.0,G1_REGIME,regime='high_high_up' skipped=True reg_empty=False,-1,0.0,0.0,
SOL/USDT,2618,2026-06-26 23:00:00,short,0.6543,74.44,60.0,71.9,1.197857,high_high_up,,,True,False,False,0.0,0.0,50.0,0.0,0.0,0.0,0.0,0.0,50.0,0.0,0.0,-1,0.0,G1_REGIME,regime='high_high_up' skipped=True reg_empty=False,-1,0.0,0.0,
SOL/USDT,2619,2026-06-27 00:00:00,short,0.63873,78.86,60.0,71.82,1.22,high_high_up,,,True,False,False,0.0,0.0,50.0,0.0,0.0,0.0,0.0,0.0,50.0,0.0,0.0,-1,0.0,G1_REGIME,regime='high_high_up' skipped=True reg_empty=False,-1,0.0,0.0,
SOL/USDT,2620,2026-06-27 01:00:00,short,0.63721,76.75,60.0,71.44,1.202857,high_high_up,,,True,False,False,0.0,0.0,50.0,0.0,0.0,0.0,0.0,0.0,50.0,0.0,0.0,-1,0.0,G1_REGIME,regime='high_high_up' skipped=True reg_empty=False,-1,0.0,0.0,
SOL/USDT,2621,2026-06-27 02:00:00,short,0.62659,75.9,60.0,72.12,1.167143,high_high_up,,,True,False,False,0.0,0.0,50.0,0.0,0.0,0.0,0.0,0.0,50.0,0.0,0.0,-1,0.0,G1_REGIME,regime='high_high_up' skipped=True reg_empty=False,-1,0.0,0.0,
SOL/USDT,2622,2026-06-27 03:00:00,short,0.6078,76.93,60.0,72.27,1.012857,high_high_up,,,True,False,False,0.0,0.0,50.0,0.0,0.0,0.0,0.0,0.0,50.0,0.0,0.0,-1,0.0,G1_REGIME,regime='high_high_up' skipped=True reg_empty=False,-1,0.0,0.0,
SOL/USDT,2623,2026-06-27 04:00:00,short,0.60669,77.4,60.0,71.94,0.937143,high_high_up,,,True,False,False,0.0,0.0,50.0,0.0,0.0,0.0,0.0,0.0,50.0,0.0,0.0,-1,0.0,G1_REGIME,regime='high_high_up' skipped=True reg_empty=False,-1,0.0,0.0,
SOL/USDT,2624,2026-06-27 05:00:00,short,0.62406,80.98,60.0,71.81,0.836429,high_high_up,,,True,False,False,0.0,0.0,50.0,0.0,0.0,0.0,0.0,0.0,50.0,0.0,0.0,-1,0.0,G1_REGIME,regime='high_high_up' skipped=True reg_empty=False,-1,0.0,0.0,
SOL/USDT,2625,2026-06-27 06:00:00,short,0.61914,76.83,60.0,72.13,0.778571,high_med_up,False,False,False,False,False,0.0,0.0,50.0,0.0,0.0,0.0,0.0,0.0,50.0,0.0,0.0,-1,0.0,G2_EDGE,reg.sell_ok=False  regime='high_med_up',-1,0.0,0.0,
SOL/USDT,2626,2026-06-27 07:00:00,short,0.60486,74.76,60.0,72.31,0.752857,high_med_up,False,False,False,False,False,0.0,0.0,50.0,0.0,0.0,0.0,0.0,0.0,50.0,0.0,0.0,-1,0.0,G2_EDGE,reg.sell_ok=False  regime='high_med_up',-1,0.0,0.0,
SOL/USDT,2627,2026-06-27 08:00:00,short,0.60525,77.1,60.0,72.03,0.732857,high_med_up,False,False,False,False,False,0.0,0.0,50.0,0.0,0.0,0.0,0.0,0.0,50.0,0.0,0.0,-1,0.0,G2_EDGE,reg.sell_ok=False  regime='high_med_up',-1,0.0,0.0,
SOL/USDT,2628,2026-06-27 09:00:00,short,0.6093,76.66,60.0,71.86,0.657143,med_med_up,False,True,False,False,False,0.0,0.05042891965108056,69.05615822436043,0.0,0.013791,0.006,0.5,0.5,50.0,0.0,0.0,-1,0.0,G4_5_MTF,prior(bullish)=0.50<0.6 OR rev(bearish)=0.50<0.5,-1,0.0,0.0,
SOL/USDT,2629,2026-06-27 10:00:00,short,0.58885,73.18,60.0,72.04,0.556429,med_low_up,True,False,False,False,False,0.0,0.0,50.0,0.0,0.0,0.0,0.0,0.0,50.0,0.0,0.0,-1,0.0,G2_EDGE,reg.sell_ok=False  regime='med_low_up',-1,0.0,0.0,
SOL/USDT,2630,2026-06-27 11:00:00,short,0.58198,77.51,60.0,71.81,0.553571,med_low_up,True,False,False,False,False,0.0,0.0,50.0,0.0,0.0,0.0,0.0,0.0,50.0,0.0,0.0,-1,0.0,G2_EDGE,reg.sell_ok=False  regime='med_low_up',-1,0.0,0.0,
SOL/USDT,2631,2026-06-27 12:00:00,short,0.57891,77.38,60.0,72.17,0.543571,med_low_up,True,False,False,False,False,0.0,0.0,50.0,0.0,0.0,0.0,0.0,0.0,50.0,0.0,0.0,-1,0.0,G2_EDGE,reg.sell_ok=False  regime='med_low_up',-1,0.0,0.0,
SOL/USDT,2632,2026-06-27 13:00:00,short,0.57091,75.77,60.0,72.36,0.553571,med_low_up,True,False,False,False,False,0.0,0.0,50.0,0.0,0.0,0.0,0.0,0.0,50.0,0.0,0.0,-1,0.0,G2_EDGE,reg.sell_ok=False  regime='med_low_up',-1,0.0,0.0,
SOL/USDT,2633,2026-06-27 14:00:00,short,0.59264,74.1,60.0,72.7,0.537143,med_low_up,True,False,False,False,False,0.0,0.0,50.0,0.0,0.0,0.0,0.0,0.0,50.0,0.0,0.0,-1,0.0,G2_EDGE,reg.sell_ok=False  regime='med_low_up',-1,0.0,0.0,
SOL/USDT,2634,2026-06-27 15:00:00,short,0.55829,86.85,60.0,72.84,0.544286,med_low_up,True,False,False,False,False,0.0,0.0,50.0,0.0,0.0,0.0,0.0,0.0,50.0,0.0,0.0,-1,0.0,G2_EDGE,reg.sell_ok=False  regime='med_low_up',-1,0.0,0.0,
SOL/USDT,2635,2026-06-27 16:00:00,short,0.56098,52.48,60.0,72.64,0.509286,low_low_flat,False,True,False,False,False,0.0,0.0,50.0,0.0,0.0,0.0,0.0,0.0,50.0,0.0,0.0,-1,0.0,G2_EDGE,edge=52.5 < thr=60.0,-1,0.0,0.0,
SOL/USDT,2636,2026-06-27 17:00:00,short,0.58976,69.92,60.0,72.06,0.520714,low_low_flat,False,True,False,False,True,0.0,0.04581191824396717,63.656729438464794,0.0,0.009064,0.006,0.75,0.5,47.10743783484744,0.7608625347088798,0.2200881718565122,-1,0.0,G5_RSI_ACCEL,rsi_accel=0.2201>0.08 (RSI recovering),-1,0.0,0.0,
SOL/USDT,2637,2026-06-27 18:00:00,short,0.60107,48.85,60.0,71.92,0.501429,low_low_flat,False,True,False,False,False,0.0,0.0,50.0,0.0,0.0,0.0,0.0,0.0,50.0,0.0,0.0,-1,0.0,G2_EDGE,edge=48.9 < thr=60.0,-1,0.0,0.0,
SOL/USDT,2638,2026-06-27 19:00:00,short,0.62517,77.16,60.0,71.11,0.540714,low_low_down,False,True,False,False,True,0.0,-0.5764390690690756,49.380189767059555,-1.0,0.011645,0.006,0.75,1.0,41.504854227896125,0.7086827174119912,-0.39208945582726407,75,0.007604,TRADE,edge=77.2 meta_conf=0.6252,2655,72.380679,-1.2707,LOSS
SOL/USDT,2656,2026-06-28 13:00:00,short,0.63084,77.19,60.0,71.74,0.580714,low_med_flat,False,True,False,False,False,0.0,0.34179847791180235,48.72982455060801,0.0,0.012978,0.006,0.5,0.5,50.0,0.0,0.0,-1,0.0,G4_5_MTF,prior(bullish)=0.50<0.6 OR rev(bearish)=0.50<0.5,-1,0.0,0.0,
SOL/USDT,2657,2026-06-28 14:00:00,short,0.63912,76.08,60.0,71.65,0.593571,low_med_flat,False,True,False,False,False,0.0,0.26343756043755573,48.667162623693805,0.0,0.01386,0.006,0.5,1.0,50.0,0.0,0.0,-1,0.0,G4_5_MTF,prior(bullish)=0.50<0.6 OR rev(bearish)=1.00<0.5,-1,0.0,0.0,
SOL/USDT,2658,2026-06-28 15:00:00,short,0.62001,76.19,60.0,72.09,0.606429,low_med_flat,False,True,False,False,False,0.0,0.6196867657164873,48.68696179761931,0.0,0.013002,0.006,0.25,1.0,50.0,0.0,0.0,-1,0.0,G4_5_MTF,prior(bullish)=0.25<0.6 OR rev(bearish)=1.00<0.5,-1,0.0,0.0,
SOL/USDT,2659,2026-06-28 16:00:00,short,0.62778,85.36,60.0,71.56,0.638571,low_med_flat,False,True,False,False,False,0.0,0.39438932857133135,48.86140665407481,0.0,0.014524,0.006,0.25,0.5,50.0,0.0,0.0,-1,0.0,G4_5_MTF,prior(bullish)=0.25<0.6 OR rev(bearish)=0.50<0.5,-1,0.0,0.0,
SOL/USDT,2660,2026-06-28 17:00:00,short,0.63276,79.4,60.0,71.55,0.692143,low_med_flat,False,True,False,False,False,0.0,0.3639984249243212,49.35080967947197,0.0,0.01642,0.006,0.25,0.5,50.0,0.0,0.0,-1,0.0,G4_5_MTF,prior(bullish)=0.25<0.6 OR rev(bearish)=0.50<0.5,-1,0.0,0.0,
SOL/USDT,2661,2026-06-28 18:00:00,short,0.65886,69.42,60.0,71.18,0.712857,low_med_flat,False,True,False,False,True,0.0,0.11422159239890553,50.006413592479696,0.0,0.018984,0.006,0.25,1.0,50.0,0.0,0.0,-1,0.0,G4_5_MTF,prior(bullish)=0.25<0.6 OR rev(bearish)=1.00<0.5,-1,0.0,0.0,
SOL/USDT,2662,2026-06-28 19:00:00,short,0.64058,76.92,60.0,70.74,0.744286,low_med_flat,False,True,False,False,True,0.0,-0.20568875510092244,51.27382876677589,0.0,0.01879,0.006,0.25,1.0,50.0,0.0,0.0,-1,0.0,G4_5_MTF,prior(bullish)=0.25<0.6 OR rev(bearish)=1.00<0.5,-1,0.0,0.0,
SOL/USDT,2663,2026-06-28 20:00:00,short,0.63816,53.64,60.0,70.92,0.761429,low_med_flat,False,True,False,False,False,0.0,0.0,50.0,0.0,0.0,0.0,0.0,0.0,50.0,0.0,0.0,-1,0.0,G2_EDGE,edge=53.6 < thr=60.0,-1,0.0,0.0,
SOL/USDT,2664,2026-06-28 21:00:00,short,0.62828,58.5,60.0,70.46,0.772857,low_med_flat,False,True,False,False,False,0.0,0.0,50.0,0.0,0.0,0.0,0.0,0.0,50.0,0.0,0.0,-1,0.0,G2_EDGE,edge=58.5 < thr=60.0,-1,0.0,0.0,
SOL/USDT,2665,2026-06-28 22:00:00,short,0.62909,69.43,60.0,70.24,0.819286,low_high_flat,,,True,False,False,0.0,0.0,50.0,0.0,0.0,0.0,0.0,0.0,50.0,0.0,0.0,-1,0.0,G1_REGIME,regime='low_high_flat' skipped=True reg_empty=False,-1,0.0,0.0,
SOL/USDT,2666,2026-06-28 23:00:00,short,0.61637,99.28,60.0,71.38,0.896429,low_high_up,,,True,False,False,0.0,0.0,50.0,0.0,0.0,0.0,0.0,0.0,50.0,0.0,0.0,-1,0.0,G1_REGIME,regime='low_high_up' skipped=True reg_empty=False,-1,0.0,0.0,
SOL/USDT,2667,2026-06-29 00:00:00,short,0.6182,100.0,60.0,71.66,0.957857,low_high_up,,,True,False,False,0.0,0.0,50.0,0.0,0.0,0.0,0.0,0.0,50.0,0.0,0.0,-1,0.0,G1_REGIME,regime='low_high_up' skipped=True reg_empty=False,-1,0.0,0.0,
SOL/USDT,2668,2026-06-29 01:00:00,short,0.6071,94.35,60.0,71.49,0.967143,low_high_up,,,True,False,False,0.0,0.0,50.0,0.0,0.0,0.0,0.0,0.0,50.0,0.0,0.0,-1,0.0,G1_REGIME,regime='low_high_up' skipped=True reg_empty=False,-1,0.0,0.0,
SOL/USDT,2669,2026-06-29 02:00:00,short,0.61897,97.42,60.0,72.18,1.034286,low_high_up,,,True,False,False,0.0,0.0,50.0,0.0,0.0,0.0,0.0,0.0,50.0,0.0,0.0,-1,0.0,G1_REGIME,regime='low_high_up' skipped=True reg_empty=False,-1,0.0,0.0,
SOL/USDT,2670,2026-06-29 03:00:00,short,0.592,100.0,60.0,72.68,1.061429,low_high_up,,,True,False,False,0.0,0.0,50.0,0.0,0.0,0.0,0.0,0.0,50.0,0.0,0.0,-1,0.0,G1_REGIME,regime='low_high_up' skipped=True reg_empty=False,-1,0.0,0.0,
SOL/USDT,2671,2026-06-29 04:00:00,short,0.61752,79.51,60.0,71.68,1.097143,low_high_up,,,True,False,False,0.0,0.0,50.0,0.0,0.0,0.0,0.0,0.0,50.0,0.0,0.0,-1,0.0,G1_REGIME,regime='low_high_up' skipped=True reg_empty=False,-1,0.0,0.0,
SOL/USDT,2672,2026-06-29 05:00:00,short,0.58411,90.55,60.0,72.32,1.143571,low_high_up,,,True,False,False,0.0,0.0,50.0,0.0,0.0,0.0,0.0,0.0,50.0,0.0,0.0,-1,0.0,G1_REGIME,regime='low_high_up' skipped=True reg_empty=False,-1,0.0,0.0,
