symbol,bar_index,timestamp,direction,meta_conf,edge_score,thr,price,atr,regime_str,reg_buy_ok,reg_sell_ok,reg_skipped,at_res,at_sup,trend_1d,total_conf,choppiness,bos,ev,ev_floor,prior_frac,rev_frac,rsi_val,rsi_slope,rsi_accel,bars_since_exit,atr_pct,blocked_at,block_reason,trade_exit_bar,trade_exit_price,trade_pnl,trade_outcome
XRP/USDT,6,2026-03-10 03:00:00,long,0.55692,74.67,60.0,1.375,0.012686,unknown,,,,False,False,0.0,0.0,50.0,0.0,0.0,0.0,0.0,0.0,50.0,0.0,0.0,-1,0.0,G1_REGIME,regime='unknown' skipped=None reg_empty=True,-1,0.0,0.0,
XRP/USDT,7,2026-03-10 04:00:00,long,0.54013,72.35,60.0,1.3819,0.0124,unknown,,,,False,False,0.0,0.0,50.0,0.0,0.0,0.0,0.0,0.0,50.0,0.0,0.0,-1,0.0,G1_REGIME,regime='unknown' skipped=None reg_empty=True,-1,0.0,0.0,
XRP/USDT,8,2026-03-10 05:00:00,long,0.55951,74.61,60.0,1.3842,0.012,unknown,,,,False,False,0.0,0.0,50.0,0.0,0.0,0.0,0.0,0.0,50.0,0.0,0.0,-1,0.0,G1_REGIME,regime='unknown' skipped=None reg_empty=True,-1,0.0,0.0,
XRP/USDT,9,2026-03-10 06:00:00,long,0.55348,79.13,60.0,1.3802,0.01146,unknown,,,,False,False,0.0,0.0,50.0,0.0,0.0,0.0,0.0,0.0,50.0,0.0,0.0,-1,0.0,G1_REGIME,regime='unknown' skipped=None reg_empty=True,-1,0.0,0.0,
XRP/USDT,10,2026-03-10 07:00:00,long,0.55641,83.22,60.0,1.3875,0.011545,unknown,,,,False,False,0.0,0.0,50.0,0.0,0.0,0.0,0.0,0.0,50.0,0.0,0.0,-1,0.0,G1_REGIME,regime='unknown' skipped=None reg_empty=True,-1,0.0,0.0,
XRP/USDT,11,2026-03-10 08:00:00,long,0.56301,74.94,60.0,1.4015,0.012592,unknown,,,,False,False,0.0,0.0,50.0,0.0,0.0,0.0,0.0,0.0,50.0,0.0,0.0,-1,0.0,G1_REGIME,regime='unknown' skipped=None reg_empty=True,-1,0.0,0.0,
XRP/USDT,12,2026-03-10 09:00:00,long,0.56621,70.85,60.0,1.4165,0.013008,unknown,,,,False,False,0.0,0.0,50.0,0.0,0.0,0.0,0.0,0.0,50.0,0.0,0.0,-1,0.0,G1_REGIME,regime='unknown' skipped=None reg_empty=True,-1,0.0,0.0,
XRP/USDT,13,2026-03-10 10:00:00,long,0.55863,95.05,60.0,1.4055,0.013014,unknown,,,,False,False,0.0,0.0,50.0,0.0,0.0,0.0,0.0,0.0,50.0,0.0,0.0,-1,0.0,G1_REGIME,regime='unknown' skipped=None reg_empty=True,-1,0.0,0.0,
XRP/USDT,14,2026-03-10 11:00:00,long,0.54752,88.69,60.0,1.3909,0.013679,unknown,,,,False,False,0.0,0.0,50.0,0.0,0.0,0.0,0.0,0.0,50.0,0.0,0.0,-1,0.0,G1_REGIME,regime='unknown' skipped=None reg_empty=True,-1,0.0,0.0,
XRP/USDT,15,2026-03-10 12:00:00,long,0.55056,82.61,60.0,1.3889,0.01345,unknown,,,,False,False,0.0,0.0,50.0,0.0,0.0,0.0,0.0,0.0,50.0,0.0,0.0,-1,0.0,G1_REGIME,regime='unknown' skipped=None reg_empty=True,-1,0.0,0.0,
XRP/USDT,16,2026-03-10 13:00:00,long,0.5467,91.03,60.0,1.393,0.014421,unknown,,,,False,False,0.0,0.0,50.0,0.0,0.0,0.0,0.0,0.0,50.0,0.0,0.0,-1,0.0,G1_REGIME,regime='unknown' skipped=None reg_empty=True,-1,0.0,0.0,
XRP/USDT,17,2026-03-10 14:00:00,long,0.58719,90.12,60.0,1.4343,0.017464,unknown,,,,False,False,0.0,0.0,50.0,0.0,0.0,0.0,0.0,0.0,50.0,0.0,0.0,-1,0.0,G1_REGIME,regime='unknown' skipped=None reg_empty=True,-1,0.0,0.0,
XRP/USDT,18,2026-03-10 15:00:00,long,0.57227,98.55,60.0,1.4308,0.018479,unknown,,,,False,False,0.0,0.0,50.0,0.0,0.0,0.0,0.0,0.0,50.0,0.0,0.0,-1,0.0,G1_REGIME,regime='unknown' skipped=None reg_empty=True,-1,0.0,0.0,
XRP/USDT,19,2026-03-10 16:00:00,long,0.56824,80.27,60.0,1.4271,0.017857,unknown,,,,False,False,0.0,0.0,50.0,0.0,0.0,0.0,0.0,0.0,50.0,0.0,0.0,-1,0.0,G1_REGIME,regime='unknown' skipped=None reg_empty=True,-1,0.0,0.0,
XRP/USDT,20,2026-03-10 17:00:00,long,0.57223,88.3,60.0,1.4124,0.01825,unknown,,,,False,False,0.0,0.0,50.0,0.0,0.0,0.0,0.0,0.0,50.0,0.0,0.0,-1,0.0,G1_REGIME,regime='unknown' skipped=None reg_empty=True,-1,0.0,0.0,
XRP/USDT,21,2026-03-10 18:00:00,long,0.57739,89.25,60.0,1.3937,0.019121,unknown,,,,False,False,0.0,0.0,50.0,0.0,0.0,0.0,0.0,0.0,50.0,0.0,0.0,-1,0.0,G1_REGIME,regime='unknown' skipped=None reg_empty=True,-1,0.0,0.0,
XRP/USDT,22,2026-03-10 19:00:00,long,0.58344,81.99,60.0,1.3849,0.0196,unknown,,,,False,False,0.0,0.0,50.0,0.0,0.0,0.0,0.0,0.0,50.0,0.0,0.0,-1,0.0,G1_REGIME,regime='unknown' skipped=None reg_empty=True,-1,0.0,0.0,
XRP/USDT,23,2026-03-10 20:00:00,long,0.57786,78.72,60.0,1.3899,0.019886,unknown,,,,False,False,0.0,0.0,50.0,0.0,0.0,0.0,0.0,0.0,50.0,0.0,0.0,-1,0.0,G1_REGIME,regime='unknown' skipped=None reg_empty=True,-1,0.0,0.0,
XRP/USDT,24,2026-03-10 21:00:00,long,0.57933,76.27,60.0,1.3836,0.020171,unknown,,,,False,False,0.0,0.0,50.0,0.0,0.0,0.0,0.0,0.0,50.0,0.0,0.0,-1,0.0,G1_REGIME,regime='unknown' skipped=None reg_empty=True,-1,0.0,0.0,
XRP/USDT,25,2026-03-10 22:00:00,long,0.5727,74.01,60.0,1.3841,0.019107,unknown,,,,False,False,0.0,0.0,50.0,0.0,0.0,0.0,0.0,0.0,50.0,0.0,0.0,-1,0.0,G1_REGIME,regime='unknown' skipped=None reg_empty=True,-1,0.0,0.0,
XRP/USDT,26,2026-03-10 23:00:00,long,0.57059,75.03,60.0,1.3863,0.018129,unknown,,,,False,False,0.0,0.0,50.0,0.0,0.0,0.0,0.0,0.0,50.0,0.0,0.0,-1,0.0,G1_REGIME,regime='unknown' skipped=None reg_empty=True,-1,0.0,0.0,
XRP/USDT,27,2026-03-11 00:00:00,long,0.56923,76.48,60.0,1.3884,0.017957,unknown,,,,False,False,0.0,0.0,50.0,0.0,0.0,0.0,0.0,0.0,50.0,0.0,0.0,-1,0.0,G1_REGIME,regime='unknown' skipped=None reg_empty=True,-1,0.0,0.0,
XRP/USDT,28,2026-03-11 01:00:00,long,0.5689,74.59,60.0,1.3902,0.017193,unknown,,,,False,False,0.0,0.0,50.0,0.0,0.0,0.0,0.0,0.0,50.0,0.0,0.0,-1,0.0,G1_REGIME,regime='unknown' skipped=None reg_empty=True,-1,0.0,0.0,
XRP/USDT,29,2026-03-11 02:00:00,long,0.57402,84.8,60.0,1.3826,0.017386,unknown,,,,False,False,0.0,0.0,50.0,0.0,0.0,0.0,0.0,0.0,50.0,0.0,0.0,-1,0.0,G1_REGIME,regime='unknown' skipped=None reg_empty=True,-1,0.0,0.0,
XRP/USDT,30,2026-03-11 03:00:00,long,0.57624,62.94,60.0,1.3792,0.016414,unknown,,,,False,False,0.0,0.0,50.0,0.0,0.0,0.0,0.0,0.0,50.0,0.0,0.0,-1,0.0,G1_REGIME,regime='unknown' skipped=None reg_empty=True,-1,0.0,0.0,
XRP/USDT,31,2026-03-11 04:00:00,long,0.56425,64.33,60.0,1.3878,0.013314,unknown,,,,False,False,0.0,0.0,50.0,0.0,0.0,0.0,0.0,0.0,50.0,0.0,0.0,-1,0.0,G1_REGIME,regime='unknown' skipped=None reg_empty=True,-1,0.0,0.0,
XRP/USDT,32,2026-03-11 05:00:00,long,0.56443,61.46,60.0,1.3765,0.012821,unknown,,,,False,False,0.0,0.0,50.0,0.0,0.0,0.0,0.0,0.0,50.0,0.0,0.0,-1,0.0,G1_REGIME,regime='unknown' skipped=None reg_empty=True,-1,0.0,0.0,
XRP/USDT,33,2026-03-11 06:00:00,long,0.56885,84.82,60.0,1.3825,0.012421,unknown,,,,False,False,0.0,0.0,50.0,0.0,0.0,0.0,0.0,0.0,50.0,0.0,0.0,-1,0.0,G1_REGIME,regime='unknown' skipped=None reg_empty=True,-1,0.0,0.0,
XRP/USDT,34,2026-03-11 07:00:00,long,0.55169,80.84,60.0,1.3784,0.011571,unknown,,,,False,False,0.0,0.0,50.0,0.0,0.0,0.0,0.0,0.0,50.0,0.0,0.0,-1,0.0,G1_REGIME,regime='unknown' skipped=None reg_empty=True,-1,0.0,0.0,
XRP/USDT,35,2026-03-11 08:00:00,long,0.53874,79.98,60.0,1.3759,0.010457,unknown,,,,False,False,0.0,0.0,50.0,0.0,0.0,0.0,0.0,0.0,50.0,0.0,0.0,-1,0.0,G1_REGIME,regime='unknown' skipped=None reg_empty=True,-1,0.0,0.0,
XRP/USDT,36,2026-03-11 09:00:00,long,0.53,80.67,60.0,1.3743,0.009921,unknown,,,,False,False,0.0,0.0,50.0,0.0,0.0,0.0,0.0,0.0,50.0,0.0,0.0,-1,0.0,G1_REGIME,regime='unknown' skipped=None reg_empty=True,-1,0.0,0.0,
XRP/USDT,37,2026-03-11 10:00:00,long,0.54075,82.38,60.0,1.3787,0.009779,unknown,,,,False,False,0.0,0.0,50.0,0.0,0.0,0.0,0.0,0.0,50.0,0.0,0.0,-1,0.0,G1_REGIME,regime='unknown' skipped=None reg_empty=True,-1,0.0,0.0,
XRP/USDT,38,2026-03-11 11:00:00,long,0.52138,80.3,60.0,1.3736,0.009221,unknown,,,,False,False,0.0,0.0,50.0,0.0,0.0,0.0,0.0,0.0,50.0,0.0,0.0,-1,0.0,G1_REGIME,regime='unknown' skipped=None reg_empty=True,-1,0.0,0.0,
XRP/USDT,39,2026-03-11 12:00:00,long,0.53831,94.86,60.0,1.3852,0.009771,unknown,,,,False,False,0.0,0.0,50.0,0.0,0.0,0.0,0.0,0.0,50.0,0.0,0.0,-1,0.0,G1_REGIME,regime='unknown' skipped=None reg_empty=True,-1,0.0,0.0,
XRP/USDT,40,2026-03-11 13:00:00,long,0.53969,100.0,60.0,1.3924,0.011464,unknown,,,,False,False,0.0,0.0,50.0,0.0,0.0,0.0,0.0,0.0,50.0,0.0,0.0,-1,0.0,G1_REGIME,regime='unknown' skipped=None reg_empty=True,-1,0.0,0.0,
XRP/USDT,41,2026-03-11 14:00:00,long,0.53931,100.0,60.0,1.3921,0.011907,unknown,,,,False,False,0.0,0.0,50.0,0.0,0.0,0.0,0.0,0.0,50.0,0.0,0.0,-1,0.0,G1_REGIME,regime='unknown' skipped=None reg_empty=True,-1,0.0,0.0,
XRP/USDT,42,2026-03-11 15:00:00,long,0.5622,93.35,60.0,1.3824,0.012943,unknown,,,,False,False,0.0,0.0,50.0,0.0,0.0,0.0,0.0,0.0,50.0,0.0,0.0,-1,0.0,G1_REGIME,regime='unknown' skipped=None reg_empty=True,-1,0.0,0.0,
XRP/USDT,43,2026-03-11 16:00:00,long,0.55937,93.16,60.0,1.3873,0.012807,unknown,,,,False,False,0.0,0.0,50.0,0.0,0.0,0.0,0.0,0.0,50.0,0.0,0.0,-1,0.0,G1_REGIME,regime='unknown' skipped=None reg_empty=True,-1,0.0,0.0,
XRP/USDT,44,2026-03-11 17:00:00,long,0.55768,100.0,60.0,1.3981,0.013329,unknown,,,,False,False,0.0,0.0,50.0,0.0,0.0,0.0,0.0,0.0,50.0,0.0,0.0,-1,0.0,G1_REGIME,regime='unknown' skipped=None reg_empty=True,-1,0.0,0.0,
XRP/USDT,45,2026-03-11 18:00:00,long,0.57098,97.07,60.0,1.4044,0.013214,unknown,,,,False,False,0.0,0.0,50.0,0.0,0.0,0.0,0.0,0.0,50.0,0.0,0.0,-1,0.0,G1_REGIME,regime='unknown' skipped=None reg_empty=True,-1,0.0,0.0,
XRP/USDT,46,2026-03-11 19:00:00,long,0.57397,99.44,60.0,1.3901,0.013271,unknown,,,,False,False,0.0,0.0,50.0,0.0,0.0,0.0,0.0,0.0,50.0,0.0,0.0,-1,0.0,G1_REGIME,regime='unknown' skipped=None reg_empty=True,-1,0.0,0.0,
XRP/USDT,47,2026-03-11 20:00:00,long,0.57404,70.49,60.0,1.3916,0.01315,unknown,,,,False,False,0.0,0.0,50.0,0.0,0.0,0.0,0.0,0.0,50.0,0.0,0.0,-1,0.0,G1_REGIME,regime='unknown' skipped=None reg_empty=True,-1,0.0,0.0,
XRP/USDT,48,2026-03-11 21:00:00,long,0.56083,69.61,60.0,1.3923,0.012821,unknown,,,,False,False,0.0,0.0,50.0,0.0,0.0,0.0,0.0,0.0,50.0,0.0,0.0,-1,0.0,G1_REGIME,regime='unknown' skipped=None reg_empty=True,-1,0.0,0.0,
XRP/USDT,49,2026-03-11 22:00:00,long,0.57053,91.43,60.0,1.3903,0.013057,unknown,,,,False,False,0.0,0.0,50.0,0.0,0.0,0.0,0.0,0.0,50.0,0.0,0.0,-1,0.0,G1_REGIME,regime='unknown' skipped=None reg_empty=True,-1,0.0,0.0,
XRP/USDT,50,2026-03-11 23:00:00,long,0.57128,87.88,60.0,1.3847,0.0132,unknown,,,,False,False,0.0,0.0,50.0,0.0,0.0,0.0,0.0,0.0,50.0,0.0,0.0,-1,0.0,G1_REGIME,regime='unknown' skipped=None reg_empty=True,-1,0.0,0.0,
XRP/USDT,51,2026-03-12 00:00:00,long,0.6253,88.15,60.0,1.384,0.012936,unknown,,,,False,False,0.0,0.0,50.0,0.0,0.0,0.0,0.0,0.0,50.0,0.0,0.0,-1,0.0,G1_REGIME,regime='unknown' skipped=None reg_empty=True,-1,0.0,0.0,
XRP/USDT,52,2026-03-12 01:00:00,long,0.61446,87.5,60.0,1.3789,0.012836,unknown,,,,False,False,0.0,0.0,50.0,0.0,0.0,0.0,0.0,0.0,50.0,0.0,0.0,-1,0.0,G1_REGIME,regime='unknown' skipped=None reg_empty=True,-1,0.0,0.0,
XRP/USDT,53,2026-03-12 02:00:00,long,0.57985,84.88,60.0,1.3726,0.0124,unknown,,,,False,False,0.0,0.0,50.0,0.0,0.0,0.0,0.0,0.0,50.0,0.0,0.0,-1,0.0,G1_REGIME,regime='unknown' skipped=None reg_empty=True,-1,0.0,0.0,
XRP/USDT,54,2026-03-12 03:00:00,long,0.58423,83.03,60.0,1.3738,0.01085,unknown,,,,False,False,0.0,0.0,50.0,0.0,0.0,0.0,0.0,0.0,50.0,0.0,0.0,-1,0.0,G1_REGIME,regime='unknown' skipped=None reg_empty=True,-1,0.0,0.0,
XRP/USDT,55,2026-03-12 04:00:00,long,0.5855,81.52,60.0,1.3704,0.010279,unknown,,,,False,False,0.0,0.0,50.0,0.0,0.0,0.0,0.0,0.0,50.0,0.0,0.0,-1,0.0,G1_REGIME,regime='unknown' skipped=None reg_empty=True,-1,0.0,0.0,
XRP/USDT,56,2026-03-12 05:00:00,long,0.58057,84.87,60.0,1.3708,0.009286,unknown,,,,False,False,0.0,0.0,50.0,0.0,0.0,0.0,0.0,0.0,50.0,0.0,0.0,-1,0.0,G1_REGIME,regime='unknown' skipped=None reg_empty=True,-1,0.0,0.0,
XRP/USDT,57,2026-03-12 06:00:00,long,0.58268,82.81,60.0,1.3725,0.008993,unknown,,,,False,False,0.0,0.0,50.0,0.0,0.0,0.0,0.0,0.0,50.0,0.0,0.0,-1,0.0,G1_REGIME,regime='unknown' skipped=None reg_empty=True,-1,0.0,0.0,
XRP/USDT,58,2026-03-12 07:00:00,long,0.58979,83.41,60.0,1.3765,0.008543,unknown,,,,False,False,0.0,0.0,50.0,0.0,0.0,0.0,0.0,0.0,50.0,0.0,0.0,-1,0.0,G1_REGIME,regime='unknown' skipped=None reg_empty=True,-1,0.0,0.0,
XRP/USDT,59,2026-03-12 08:00:00,long,0.56598,83.84,60.0,1.3802,0.008336,unknown,,,,False,False,0.0,0.0,50.0,0.0,0.0,0.0,0.0,0.0,50.0,0.0,0.0,-1,0.0,G1_REGIME,regime='unknown' skipped=None reg_empty=True,-1,0.0,0.0,
XRP/USDT,60,2026-03-12 09:00:00,long,0.57419,67.58,60.0,1.382,0.008064,unknown,,,,False,False,0.0,0.0,50.0,0.0,0.0,0.0,0.0,0.0,50.0,0.0,0.0,-1,0.0,G1_REGIME,regime='unknown' skipped=None reg_empty=True,-1,0.0,0.0,
XRP/USDT,61,2026-03-12 10:00:00,long,0.57081,58.11,60.0,1.3901,0.008486,unknown,,,,False,False,0.0,0.0,50.0,0.0,0.0,0.0,0.0,0.0,50.0,0.0,0.0,-1,0.0,G1_REGIME,regime='unknown' skipped=None reg_empty=True,-1,0.0,0.0,
XRP/USDT,62,2026-03-12 11:00:00,long,0.59458,62.77,60.0,1.3878,0.008586,unknown,,,,False,False,0.0,0.0,50.0,0.0,0.0,0.0,0.0,0.0,50.0,0.0,0.0,-1,0.0,G1_REGIME,regime='unknown' skipped=None reg_empty=True,-1,0.0,0.0,
XRP/USDT,63,2026-03-12 12:00:00,long,0.57945,58.74,60.0,1.388,0.008357,unknown,,,,False,False,0.0,0.0,50.0,0.0,0.0,0.0,0.0,0.0,50.0,0.0,0.0,-1,0.0,G1_REGIME,regime='unknown' skipped=None reg_empty=True,-1,0.0,0.0,
XRP/USDT,64,2026-03-12 13:00:00,long,0.60507,73.39,60.0,1.382,0.008736,unknown,,,,False,False,0.0,0.0,50.0,0.0,0.0,0.0,0.0,0.0,50.0,0.0,0.0,-1,0.0,G1_REGIME,regime='unknown' skipped=None reg_empty=True,-1,0.0,0.0,
XRP/USDT,65,2026-03-12 14:00:00,long,0.58843,85.69,60.0,1.3693,0.010314,unknown,,,,False,False,0.0,0.0,50.0,0.0,0.0,0.0,0.0,0.0,50.0,0.0,0.0,-1,0.0,G1_REGIME,regime='unknown' skipped=None reg_empty=True,-1,0.0,0.0,
XRP/USDT,66,2026-03-12 15:00:00,long,0.60108,74.67,60.0,1.3791,0.011064,unknown,,,,False,False,0.0,0.0,50.0,0.0,0.0,0.0,0.0,0.0,50.0,0.0,0.0,-1,0.0,G1_REGIME,regime='unknown' skipped=None reg_empty=True,-1,0.0,0.0,
XRP/USDT,67,2026-03-12 16:00:00,long,0.60574,71.49,60.0,1.382,0.011386,unknown,,,,False,False,0.0,0.0,50.0,0.0,0.0,0.0,0.0,0.0,50.0,0.0,0.0,-1,0.0,G1_REGIME,regime='unknown' skipped=None reg_empty=True,-1,0.0,0.0,
XRP/USDT,68,2026-03-12 17:00:00,long,0.60053,64.2,60.0,1.3801,0.011457,unknown,,,,False,False,0.0,0.0,50.0,0.0,0.0,0.0,0.0,0.0,50.0,0.0,0.0,-1,0.0,G1_REGIME,regime='unknown' skipped=None reg_empty=True,-1,0.0,0.0,
XRP/USDT,69,2026-03-12 18:00:00,long,0.58207,63.29,60.0,1.372,0.011507,unknown,,,,False,False,0.0,0.0,50.0,0.0,0.0,0.0,0.0,0.0,50.0,0.0,0.0,-1,0.0,G1_REGIME,regime='unknown' skipped=None reg_empty=True,-1,0.0,0.0,
XRP/USDT,70,2026-03-12 19:00:00,long,0.60421,65.09,60.0,1.3786,0.011886,unknown,,,,False,False,0.0,0.0,50.0,0.0,0.0,0.0,0.0,0.0,50.0,0.0,0.0,-1,0.0,G1_REGIME,regime='unknown' skipped=None reg_empty=True,-1,0.0,0.0,
XRP/USDT,71,2026-03-12 20:00:00,long,0.57968,60.48,60.0,1.3721,0.012071,unknown,,,,False,False,0.0,0.0,50.0,0.0,0.0,0.0,0.0,0.0,50.0,0.0,0.0,-1,0.0,G1_REGIME,regime='unknown' skipped=None reg_empty=True,-1,0.0,0.0,
XRP/USDT,72,2026-03-12 21:00:00,long,0.58043,60.5,60.0,1.3743,0.011821,unknown,,,,False,False,0.0,0.0,50.0,0.0,0.0,0.0,0.0,0.0,50.0,0.0,0.0,-1,0.0,G1_REGIME,regime='unknown' skipped=None reg_empty=True,-1,0.0,0.0,
XRP/USDT,73,2026-03-12 22:00:00,long,0.60049,55.34,60.0,1.3791,0.011743,unknown,,,,False,False,0.0,0.0,50.0,0.0,0.0,0.0,0.0,0.0,50.0,0.0,0.0,-1,0.0,G1_REGIME,regime='unknown' skipped=None reg_empty=True,-1,0.0,0.0,
XRP/USDT,74,2026-03-12 23:00:00,long,0.59851,69.31,60.0,1.3846,0.011564,unknown,,,,False,False,0.0,0.0,50.0,0.0,0.0,0.0,0.0,0.0,50.0,0.0,0.0,-1,0.0,G1_REGIME,regime='unknown' skipped=None reg_empty=True,-1,0.0,0.0,
XRP/USDT,75,2026-03-13 00:00:00,long,0.63783,80.02,60.0,1.4064,0.0136,unknown,,,,False,False,0.0,0.0,50.0,0.0,0.0,0.0,0.0,0.0,50.0,0.0,0.0,-1,0.0,G1_REGIME,regime='unknown' skipped=None reg_empty=True,-1,0.0,0.0,
XRP/USDT,76,2026-03-13 01:00:00,long,0.65916,68.03,60.0,1.4137,0.014014,unknown,,,,False,False,0.0,0.0,50.0,0.0,0.0,0.0,0.0,0.0,50.0,0.0,0.0,-1,0.0,G1_REGIME,regime='unknown' skipped=None reg_empty=True,-1,0.0,0.0,
XRP/USDT,77,2026-03-13 02:00:00,long,0.65223,71.23,60.0,1.4015,0.014536,unknown,,,,False,False,0.0,0.0,50.0,0.0,0.0,0.0,0.0,0.0,50.0,0.0,0.0,-1,0.0,G1_REGIME,regime='unknown' skipped=None reg_empty=True,-1,0.0,0.0,
XRP/USDT,78,2026-03-13 03:00:00,long,0.6396,59.14,60.0,1.4124,0.01445,unknown,,,,False,False,0.0,0.0,50.0,0.0,0.0,0.0,0.0,0.0,50.0,0.0,0.0,-1,0.0,G1_REGIME,regime='unknown' skipped=None reg_empty=True,-1,0.0,0.0,
XRP/USDT,79,2026-03-13 04:00:00,long,0.60545,47.04,60.0,1.4114,0.013007,unknown,,,,False,False,0.0,0.0,50.0,0.0,0.0,0.0,0.0,0.0,50.0,0.0,0.0,-1,0.0,G1_REGIME,regime='unknown' skipped=None reg_empty=True,-1,0.0,0.0,
XRP/USDT,80,2026-03-13 05:00:00,long,0.62716,73.01,60.0,1.4233,0.013136,unknown,,,,False,False,0.0,0.0,50.0,0.0,0.0,0.0,0.0,0.0,50.0,0.0,0.0,-1,0.0,G1_REGIME,regime='unknown' skipped=None reg_empty=True,-1,0.0,0.0,
XRP/USDT,81,2026-03-13 06:00:00,long,0.6037,78.36,60.0,1.4133,0.013043,unknown,,,,False,False,0.0,0.0,50.0,0.0,0.0,0.0,0.0,0.0,50.0,0.0,0.0,-1,0.0,G1_REGIME,regime='unknown' skipped=None reg_empty=True,-1,0.0,0.0,
XRP/USDT,82,2026-03-13 07:00:00,long,0.61775,78.62,60.0,1.4153,0.013193,unknown,,,,False,False,0.0,0.0,50.0,0.0,0.0,0.0,0.0,0.0,50.0,0.0,0.0,-1,0.0,G1_REGIME,regime='unknown' skipped=None reg_empty=True,-1,0.0,0.0,
XRP/USDT,83,2026-03-13 08:00:00,long,0.65124,75.08,60.0,1.4264,0.013993,unknown,,,,False,False,0.0,0.0,50.0,0.0,0.0,0.0,0.0,0.0,50.0,0.0,0.0,-1,0.0,G1_REGIME,regime='unknown' skipped=None reg_empty=True,-1,0.0,0.0,
XRP/USDT,84,2026-03-13 09:00:00,long,0.64169,69.82,60.0,1.4285,0.013886,unknown,,,,False,False,0.0,0.0,50.0,0.0,0.0,0.0,0.0,0.0,50.0,0.0,0.0,-1,0.0,G1_REGIME,regime='unknown' skipped=None reg_empty=True,-1,0.0,0.0,
XRP/USDT,85,2026-03-13 10:00:00,long,0.64625,71.03,60.0,1.434,0.013979,unknown,,,,False,False,0.0,0.0,50.0,0.0,0.0,0.0,0.0,0.0,50.0,0.0,0.0,-1,0.0,G1_REGIME,regime='unknown' skipped=None reg_empty=True,-1,0.0,0.0,
XRP/USDT,86,2026-03-13 11:00:00,long,0.63395,79.35,60.0,1.4202,0.014714,unknown,,,,False,False,0.0,0.0,50.0,0.0,0.0,0.0,0.0,0.0,50.0,0.0,0.0,-1,0.0,G1_REGIME,regime='unknown' skipped=None reg_empty=True,-1,0.0,0.0,
XRP/USDT,87,2026-03-13 12:00:00,long,0.62354,69.82,60.0,1.4336,0.015657,unknown,,,,False,False,0.0,0.0,50.0,0.0,0.0,0.0,0.0,0.0,50.0,0.0,0.0,-1,0.0,G1_REGIME,regime='unknown' skipped=None reg_empty=True,-1,0.0,0.0,
XRP/USDT,88,2026-03-13 13:00:00,long,0.65753,90.47,60.0,1.4436,0.016207,unknown,,,,False,False,0.0,0.0,50.0,0.0,0.0,0.0,0.0,0.0,50.0,0.0,0.0,-1,0.0,G1_REGIME,regime='unknown' skipped=None reg_empty=True,-1,0.0,0.0,
XRP/USDT,89,2026-03-13 14:00:00,long,0.62921,100.0,60.0,1.4229,0.015529,unknown,,,,False,False,0.0,0.0,50.0,0.0,0.0,0.0,0.0,0.0,50.0,0.0,0.0,-1,0.0,G1_REGIME,regime='unknown' skipped=None reg_empty=True,-1,0.0,0.0,
XRP/USDT,90,2026-03-13 15:00:00,long,0.61521,85.37,60.0,1.409,0.016236,unknown,,,,False,False,0.0,0.0,50.0,0.0,0.0,0.0,0.0,0.0,50.0,0.0,0.0,-1,0.0,G1_REGIME,regime='unknown' skipped=None reg_empty=True,-1,0.0,0.0,
XRP/USDT,91,2026-03-13 16:00:00,long,0.61283,82.48,60.0,1.4098,0.016279,unknown,,,,False,False,0.0,0.0,50.0,0.0,0.0,0.0,0.0,0.0,50.0,0.0,0.0,-1,0.0,G1_REGIME,regime='unknown' skipped=None reg_empty=True,-1,0.0,0.0,
XRP/USDT,92,2026-03-13 17:00:00,long,0.61844,77.67,60.0,1.3941,0.016757,unknown,,,,False,False,0.0,0.0,50.0,0.0,0.0,0.0,0.0,0.0,50.0,0.0,0.0,-1,0.0,G1_REGIME,regime='unknown' skipped=None reg_empty=True,-1,0.0,0.0,
XRP/USDT,93,2026-03-13 18:00:00,long,0.61799,75.24,60.0,1.3975,0.017086,unknown,,,,False,False,0.0,0.0,50.0,0.0,0.0,0.0,0.0,0.0,50.0,0.0,0.0,-1,0.0,G1_REGIME,regime='unknown' skipped=None reg_empty=True,-1,0.0,0.0,
XRP/USDT,94,2026-03-13 19:00:00,long,0.61866,75.46,60.0,1.4014,0.016171,unknown,,,,False,False,0.0,0.0,50.0,0.0,0.0,0.0,0.0,0.0,50.0,0.0,0.0,-1,0.0,G1_REGIME,regime='unknown' skipped=None reg_empty=True,-1,0.0,0.0,
XRP/USDT,95,2026-03-13 20:00:00,long,0.61832,73.08,60.0,1.4024,0.01565,unknown,,,,False,False,0.0,0.0,50.0,0.0,0.0,0.0,0.0,0.0,50.0,0.0,0.0,-1,0.0,G1_REGIME,regime='unknown' skipped=None reg_empty=True,-1,0.0,0.0,
XRP/USDT,96,2026-03-13 21:00:00,long,0.61474,73.54,60.0,1.4009,0.015621,unknown,,,,False,False,0.0,0.0,50.0,0.0,0.0,0.0,0.0,0.0,50.0,0.0,0.0,-1,0.0,G1_REGIME,regime='unknown' skipped=None reg_empty=True,-1,0.0,0.0,
XRP/USDT,97,2026-03-13 22:00:00,long,0.60249,75.56,60.0,1.3948,0.014957,unknown,,,,False,False,0.0,0.0,50.0,0.0,0.0,0.0,0.0,0.0,50.0,0.0,0.0,-1,0.0,G1_REGIME,regime='unknown' skipped=None reg_empty=True,-1,0.0,0.0,
XRP/USDT,98,2026-03-13 23:00:00,long,0.61119,83.34,60.0,1.3989,0.014693,unknown,,,,False,False,0.0,0.0,50.0,0.0,0.0,0.0,0.0,0.0,50.0,0.0,0.0,-1,0.0,G1_REGIME,regime='unknown' skipped=None reg_empty=True,-1,0.0,0.0,
XRP/USDT,99,2026-03-14 00:00:00,long,0.62876,81.74,60.0,1.3943,0.0145,unknown,,,,False,False,0.0,0.0,50.0,0.0,0.0,0.0,0.0,0.0,50.0,0.0,0.0,-1,0.0,G1_REGIME,regime='unknown' skipped=None reg_empty=True,-1,0.0,0.0,
XRP/USDT,100,2026-03-14 01:00:00,long,0.62663,83.82,60.0,1.4001,0.014043,unknown,,,,False,False,0.0,0.0,50.0,0.0,0.0,0.0,0.0,0.0,50.0,0.0,0.0,-1,0.0,G1_REGIME,regime='unknown' skipped=None reg_empty=True,-1,0.0,0.0,
XRP/USDT,101,2026-03-14 02:00:00,long,0.61719,82.09,60.0,1.3984,0.012964,unknown,,,,False,False,0.0,0.0,50.0,0.0,0.0,0.0,0.0,0.0,50.0,0.0,0.0,-1,0.0,G1_REGIME,regime='unknown' skipped=None reg_empty=True,-1,0.0,0.0,
XRP/USDT,102,2026-03-14 03:00:00,long,0.61657,84.38,60.0,1.4009,0.012114,unknown,,,,False,False,0.0,0.0,50.0,0.0,0.0,0.0,0.0,0.0,50.0,0.0,0.0,-1,0.0,G1_REGIME,regime='unknown' skipped=None reg_empty=True,-1,0.0,0.0,
XRP/USDT,103,2026-03-14 04:00:00,long,0.61026,82.51,60.0,1.3981,0.010429,unknown,,,,False,False,0.0,0.0,50.0,0.0,0.0,0.0,0.0,0.0,50.0,0.0,0.0,-1,0.0,G1_REGIME,regime='unknown' skipped=None reg_empty=True,-1,0.0,0.0,
XRP/USDT,104,2026-03-14 05:00:00,long,0.61743,81.66,60.0,1.3953,0.009221,unknown,,,,False,False,0.0,0.0,50.0,0.0,0.0,0.0,0.0,0.0,50.0,0.0,0.0,-1,0.0,G1_REGIME,regime='unknown' skipped=None reg_empty=True,-1,0.0,0.0,
XRP/USDT,105,2026-03-14 06:00:00,long,0.61136,82.95,60.0,1.3926,0.009,unknown,,,,False,False,0.0,0.0,50.0,0.0,0.0,0.0,0.0,0.0,50.0,0.0,0.0,-1,0.0,G1_REGIME,regime='unknown' skipped=None reg_empty=True,-1,0.0,0.0,
XRP/USDT,106,2026-03-14 07:00:00,long,0.58795,84.24,60.0,1.394,0.007936,unknown,,,,False,False,0.0,0.0,50.0,0.0,0.0,0.0,0.0,0.0,50.0,0.0,0.0,-1,0.0,G1_REGIME,regime='unknown' skipped=None reg_empty=True,-1,0.0,0.0,
XRP/USDT,107,2026-03-14 08:00:00,long,0.59178,80.49,60.0,1.3934,0.00745,unknown,,,,False,False,0.0,0.0,50.0,0.0,0.0,0.0,0.0,0.0,50.0,0.0,0.0,-1,0.0,G1_REGIME,regime='unknown' skipped=None reg_empty=True,-1,0.0,0.0,
XRP/USDT,108,2026-03-14 09:00:00,long,0.59573,80.15,60.0,1.39,0.007579,unknown,,,,False,False,0.0,0.0,50.0,0.0,0.0,0.0,0.0,0.0,50.0,0.0,0.0,-1,0.0,G1_REGIME,regime='unknown' skipped=None reg_empty=True,-1,0.0,0.0,
XRP/USDT,109,2026-03-14 10:00:00,long,0.59436,81.3,60.0,1.3895,0.007343,unknown,,,,False,False,0.0,0.0,50.0,0.0,0.0,0.0,0.0,0.0,50.0,0.0,0.0,-1,0.0,G1_REGIME,regime='unknown' skipped=None reg_empty=True,-1,0.0,0.0,
XRP/USDT,110,2026-03-14 11:00:00,long,0.58945,79.0,60.0,1.3925,0.006971,unknown,,,,False,False,0.0,0.0,50.0,0.0,0.0,0.0,0.0,0.0,50.0,0.0,0.0,-1,0.0,G1_REGIME,regime='unknown' skipped=None reg_empty=True,-1,0.0,0.0,
XRP/USDT,111,2026-03-14 12:00:00,long,0.59401,80.98,60.0,1.3893,0.006579,unknown,,,,False,False,0.0,0.0,50.0,0.0,0.0,0.0,0.0,0.0,50.0,0.0,0.0,-1,0.0,G1_REGIME,regime='unknown' skipped=None reg_empty=True,-1,0.0,0.0,
XRP/USDT,112,2026-03-14 13:00:00,long,0.58874,80.18,60.0,1.3916,0.006543,unknown,,,,False,False,0.0,0.0,50.0,0.0,0.0,0.0,0.0,0.0,50.0,0.0,0.0,-1,0.0,G1_REGIME,regime='unknown' skipped=None reg_empty=True,-1,0.0,0.0,
XRP/USDT,113,2026-03-14 14:00:00,long,0.5988,79.7,60.0,1.3891,0.006414,unknown,,,,False,False,0.0,0.0,50.0,0.0,0.0,0.0,0.0,0.0,50.0,0.0,0.0,-1,0.0,G1_REGIME,regime='unknown' skipped=None reg_empty=True,-1,0.0,0.0,
XRP/USDT,114,2026-03-14 15:00:00,long,0.59154,81.55,60.0,1.3903,0.006057,unknown,,,,False,False,0.0,0.0,50.0,0.0,0.0,0.0,0.0,0.0,50.0,0.0,0.0,-1,0.0,G1_REGIME,regime='unknown' skipped=None reg_empty=True,-1,0.0,0.0,
XRP/USDT,115,2026-03-14 16:00:00,long,0.59142,79.29,60.0,1.393,0.006114,unknown,,,,False,False,0.0,0.0,50.0,0.0,0.0,0.0,0.0,0.0,50.0,0.0,0.0,-1,0.0,G1_REGIME,regime='unknown' skipped=None reg_empty=True,-1,0.0,0.0,
XRP/USDT,116,2026-03-14 17:00:00,long,0.58769,79.55,60.0,1.3898,0.006014,unknown,,,,False,False,0.0,0.0,50.0,0.0,0.0,0.0,0.0,0.0,50.0,0.0,0.0,-1,0.0,G1_REGIME,regime='unknown' skipped=None reg_empty=True,-1,0.0,0.0,
XRP/USDT,117,2026-03-14 18:00:00,long,0.59125,67.01,60.0,1.3913,0.005743,unknown,,,,False,False,0.0,0.0,50.0,0.0,0.0,0.0,0.0,0.0,50.0,0.0,0.0,-1,0.0,G1_REGIME,regime='unknown' skipped=None reg_empty=True,-1,0.0,0.0,
XRP/USDT,118,2026-03-14 19:00:00,long,0.59056,66.73,60.0,1.3903,0.005479,unknown,,,,False,False,0.0,0.0,50.0,0.0,0.0,0.0,0.0,0.0,50.0,0.0,0.0,-1,0.0,G1_REGIME,regime='unknown' skipped=None reg_empty=True,-1,0.0,0.0,
XRP/USDT,119,2026-03-14 20:00:00,long,0.58656,72.32,60.0,1.3934,0.005,unknown,,,,False,False,0.0,0.0,50.0,0.0,0.0,0.0,0.0,0.0,50.0,0.0,0.0,-1,0.0,G1_REGIME,regime='unknown' skipped=None reg_empty=True,-1,0.0,0.0,
XRP/USDT,120,2026-03-14 21:00:00,long,0.59504,82.22,60.0,1.3956,0.005093,unknown,,,,False,False,0.0,0.0,50.0,0.0,0.0,0.0,0.0,0.0,50.0,0.0,0.0,-1,0.0,G1_REGIME,regime='unknown' skipped=None reg_empty=True,-1,0.0,0.0,
XRP/USDT,121,2026-03-14 22:00:00,long,0.59843,82.28,60.0,1.3967,0.005,unknown,,,,False,False,0.0,0.0,50.0,0.0,0.0,0.0,0.0,0.0,50.0,0.0,0.0,-1,0.0,G1_REGIME,regime='unknown' skipped=None reg_empty=True,-1,0.0,0.0,
XRP/USDT,122,2026-03-14 23:00:00,long,0.63623,86.87,60.0,1.4063,0.005229,unknown,,,,False,False,0.0,0.0,50.0,0.0,0.0,0.0,0.0,0.0,50.0,0.0,0.0,-1,0.0,G1_REGIME,regime='unknown' skipped=None reg_empty=True,-1,0.0,0.0,
XRP/USDT,123,2026-03-15 00:00:00,long,0.64214,70.23,60.0,1.4053,0.0055,unknown,,,,False,False,0.0,0.0,50.0,0.0,0.0,0.0,0.0,0.0,50.0,0.0,0.0,-1,0.0,G1_REGIME,regime='unknown' skipped=None reg_empty=True,-1,0.0,0.0,
XRP/USDT,124,2026-03-15 01:00:00,long,0.63672,73.4,60.0,1.405,0.005643,unknown,,,,False,False,0.0,0.0,50.0,0.0,0.0,0.0,0.0,0.0,50.0,0.0,0.0,-1,0.0,G1_REGIME,regime='unknown' skipped=None reg_empty=True,-1,0.0,0.0,
XRP/USDT,125,2026-03-15 02:00:00,long,0.65709,87.1,60.0,1.4158,0.006271,unknown,,,,False,False,0.0,0.0,50.0,0.0,0.0,0.0,0.0,0.0,50.0,0.0,0.0,-1,0.0,G1_REGIME,regime='unknown' skipped=None reg_empty=True,-1,0.0,0.0,
XRP/USDT,126,2026-03-15 03:00:00,long,0.64935,66.35,60.0,1.4121,0.006421,unknown,,,,False,False,0.0,0.0,50.0,0.0,0.0,0.0,0.0,0.0,50.0,0.0,0.0,-1,0.0,G1_REGIME,regime='unknown' skipped=None reg_empty=True,-1,0.0,0.0,
XRP/USDT,127,2026-03-15 04:00:00,long,0.65449,67.86,60.0,1.417,0.006464,unknown,,,,False,False,0.0,0.0,50.0,0.0,0.0,0.0,0.0,0.0,50.0,0.0,0.0,-1,0.0,G1_REGIME,regime='unknown' skipped=None reg_empty=True,-1,0.0,0.0,
XRP/USDT,128,2026-03-15 05:00:00,long,0.64165,66.39,60.0,1.4141,0.006707,unknown,,,,False,False,0.0,0.0,50.0,0.0,0.0,0.0,0.0,0.0,50.0,0.0,0.0,-1,0.0,G1_REGIME,regime='unknown' skipped=None reg_empty=True,-1,0.0,0.0,
XRP/USDT,129,2026-03-15 06:00:00,long,0.61329,76.48,60.0,1.4103,0.007021,unknown,,,,False,False,0.0,0.0,50.0,0.0,0.0,0.0,0.0,0.0,50.0,0.0,0.0,-1,0.0,G1_REGIME,regime='unknown' skipped=None reg_empty=True,-1,0.0,0.0,
XRP/USDT,130,2026-03-15 07:00:00,long,0.61337,82.33,60.0,1.4076,0.007079,unknown,,,,False,False,0.0,0.0,50.0,0.0,0.0,0.0,0.0,0.0,50.0,0.0,0.0,-1,0.0,G1_REGIME,regime='unknown' skipped=None reg_empty=True,-1,0.0,0.0,
XRP/USDT,131,2026-03-15 08:00:00,long,0.60449,66.86,60.0,1.4132,0.007179,unknown,,,,False,False,0.0,0.0,50.0,0.0,0.0,0.0,0.0,0.0,50.0,0.0,0.0,-1,0.0,G1_REGIME,regime='unknown' skipped=None reg_empty=True,-1,0.0,0.0,
XRP/USDT,132,2026-03-15 09:00:00,long,0.63512,67.86,60.0,1.4148,0.00745,unknown,,,,False,False,0.0,0.0,50.0,0.0,0.0,0.0,0.0,0.0,50.0,0.0,0.0,-1,0.0,G1_REGIME,regime='unknown' skipped=None reg_empty=True,-1,0.0,0.0,
XRP/USDT,133,2026-03-15 10:00:00,long,0.63008,63.91,60.0,1.4164,0.007343,unknown,,,,False,False,0.0,0.0,50.0,0.0,0.0,0.0,0.0,0.0,50.0,0.0,0.0,-1,0.0,G1_REGIME,regime='unknown' skipped=None reg_empty=True,-1,0.0,0.0,
XRP/USDT,134,2026-03-15 11:00:00,long,0.64504,67.08,60.0,1.4195,0.0073,unknown,,,,False,False,0.0,0.0,50.0,0.0,0.0,0.0,0.0,0.0,50.0,0.0,0.0,-1,0.0,G1_REGIME,regime='unknown' skipped=None reg_empty=True,-1,0.0,0.0,
XRP/USDT,135,2026-03-15 12:00:00,long,0.662,75.96,60.0,1.4237,0.007786,unknown,,,,False,False,0.0,0.0,50.0,0.0,0.0,0.0,0.0,0.0,50.0,0.0,0.0,-1,0.0,G1_REGIME,regime='unknown' skipped=None reg_empty=True,-1,0.0,0.0,
XRP/USDT,136,2026-03-15 13:00:00,long,0.63613,97.1,60.0,1.4233,0.007971,unknown,,,,False,False,0.0,0.0,50.0,0.0,0.0,0.0,0.0,0.0,50.0,0.0,0.0,-1,0.0,G1_REGIME,regime='unknown' skipped=None reg_empty=True,-1,0.0,0.0,
XRP/USDT,137,2026-03-15 14:00:00,long,0.64156,76.71,60.0,1.4172,0.008329,unknown,,,,False,False,0.0,0.0,50.0,0.0,0.0,0.0,0.0,0.0,50.0,0.0,0.0,-1,0.0,G1_REGIME,regime='unknown' skipped=None reg_empty=True,-1,0.0,0.0,
XRP/USDT,138,2026-03-15 15:00:00,long,0.63887,72.83,60.0,1.4156,0.00845,unknown,,,,False,False,0.0,0.0,50.0,0.0,0.0,0.0,0.0,0.0,50.0,0.0,0.0,-1,0.0,G1_REGIME,regime='unknown' skipped=None reg_empty=True,-1,0.0,0.0,
XRP/USDT,139,2026-03-15 16:00:00,long,0.62507,73.99,60.0,1.4126,0.008029,unknown,,,,False,False,0.0,0.0,50.0,0.0,0.0,0.0,0.0,0.0,50.0,0.0,0.0,-1,0.0,G1_REGIME,regime='unknown' skipped=None reg_empty=True,-1,0.0,0.0,
XRP/USDT,140,2026-03-15 17:00:00,long,0.62573,77.07,60.0,1.4192,0.008286,unknown,,,,False,False,0.0,0.0,50.0,0.0,0.0,0.0,0.0,0.0,50.0,0.0,0.0,-1,0.0,G1_REGIME,regime='unknown' skipped=None reg_empty=True,-1,0.0,0.0,
XRP/USDT,141,2026-03-15 18:00:00,long,0.6227,69.2,60.0,1.4109,0.008686,unknown,,,,False,False,0.0,0.0,50.0,0.0,0.0,0.0,0.0,0.0,50.0,0.0,0.0,-1,0.0,G1_REGIME,regime='unknown' skipped=None reg_empty=True,-1,0.0,0.0,
XRP/USDT,142,2026-03-15 19:00:00,long,0.62278,67.88,60.0,1.4128,0.008557,unknown,,,,False,False,0.0,0.0,50.0,0.0,0.0,0.0,0.0,0.0,50.0,0.0,0.0,-1,0.0,G1_REGIME,regime='unknown' skipped=None reg_empty=True,-1,0.0,0.0,
XRP/USDT,143,2026-03-15 20:00:00,long,0.62261,73.55,60.0,1.4177,0.008721,unknown,,,,False,False,0.0,0.0,50.0,0.0,0.0,0.0,0.0,0.0,50.0,0.0,0.0,-1,0.0,G1_REGIME,regime='unknown' skipped=None reg_empty=True,-1,0.0,0.0,
XRP/USDT,144,2026-03-15 21:00:00,long,0.62888,77.86,60.0,1.4273,0.009407,unknown,,,,False,False,0.0,0.0,50.0,0.0,0.0,0.0,0.0,0.0,50.0,0.0,0.0,-1,0.0,G1_REGIME,regime='unknown' skipped=None reg_empty=True,-1,0.0,0.0,
XRP/USDT,145,2026-03-15 22:00:00,long,0.68427,91.33,60.0,1.4551,0.012,unknown,,,,False,False,0.0,0.0,50.0,0.0,0.0,0.0,0.0,0.0,50.0,0.0,0.0,-1,0.0,G1_REGIME,regime='unknown' skipped=None reg_empty=True,-1,0.0,0.0,
XRP/USDT,146,2026-03-15 23:00:00,long,0.66926,87.25,60.0,1.4487,0.012936,unknown,,,,False,False,0.0,0.0,50.0,0.0,0.0,0.0,0.0,0.0,50.0,0.0,0.0,-1,0.0,G1_REGIME,regime='unknown' skipped=None reg_empty=True,-1,0.0,0.0,
XRP/USDT,147,2026-03-16 00:00:00,long,0.6948,82.16,60.0,1.4467,0.013657,unknown,,,,False,False,0.0,0.0,50.0,0.0,0.0,0.0,0.0,0.0,50.0,0.0,0.0,-1,0.0,G1_REGIME,regime='unknown' skipped=None reg_empty=True,-1,0.0,0.0,
XRP/USDT,148,2026-03-16 01:00:00,long,0.69734,82.01,60.0,1.447,0.014036,unknown,,,,False,False,0.0,0.0,50.0,0.0,0.0,0.0,0.0,0.0,50.0,0.0,0.0,-1,0.0,G1_REGIME,regime='unknown' skipped=None reg_empty=True,-1,0.0,0.0,
XRP/USDT,149,2026-03-16 02:00:00,long,0.69633,91.05,60.0,1.4427,0.014279,unknown,,,,False,False,0.0,0.0,50.0,0.0,0.0,0.0,0.0,0.0,50.0,0.0,0.0,-1,0.0,G1_REGIME,regime='unknown' skipped=None reg_empty=True,-1,0.0,0.0,
XRP/USDT,150,2026-03-16 03:00:00,long,0.70659,93.04,60.0,1.4674,0.016107,unknown,,,,False,False,0.0,0.0,50.0,0.0,0.0,0.0,0.0,0.0,50.0,0.0,0.0,-1,0.0,G1_REGIME,regime='unknown' skipped=None reg_empty=True,-1,0.0,0.0,
XRP/USDT,151,2026-03-16 04:00:00,long,0.71203,79.99,60.0,1.4801,0.016557,unknown,,,,False,False,0.0,0.0,50.0,0.0,0.0,0.0,0.0,0.0,50.0,0.0,0.0,-1,0.0,G1_REGIME,regime='unknown' skipped=None reg_empty=True,-1,0.0,0.0,
XRP/USDT,152,2026-03-16 05:00:00,long,0.71999,75.26,60.0,1.4811,0.016786,unknown,,,,False,False,0.0,0.0,50.0,0.0,0.0,0.0,0.0,0.0,50.0,0.0,0.0,-1,0.0,G1_REGIME,regime='unknown' skipped=None reg_empty=True,-1,0.0,0.0,
XRP/USDT,153,2026-03-16 06:00:00,long,0.70743,71.01,60.0,1.4768,0.016729,unknown,,,,False,False,0.0,0.0,50.0,0.0,0.0,0.0,0.0,0.0,50.0,0.0,0.0,-1,0.0,G1_REGIME,regime='unknown' skipped=None reg_empty=True,-1,0.0,0.0,
XRP/USDT,154,2026-03-16 07:00:00,long,0.70336,74.24,60.0,1.483,0.016771,unknown,,,,False,False,0.0,0.0,50.0,0.0,0.0,0.0,0.0,0.0,50.0,0.0,0.0,-1,0.0,G1_REGIME,regime='unknown' skipped=None reg_empty=True,-1,0.0,0.0,
XRP/USDT,155,2026-03-16 08:00:00,long,0.68888,72.79,60.0,1.4684,0.017686,unknown,,,,False,False,0.0,0.0,50.0,0.0,0.0,0.0,0.0,0.0,50.0,0.0,0.0,-1,0.0,G1_REGIME,regime='unknown' skipped=None reg_empty=True,-1,0.0,0.0,
XRP/USDT,156,2026-03-16 09:00:00,long,0.68413,70.34,60.0,1.4741,0.018,unknown,,,,False,False,0.0,0.0,50.0,0.0,0.0,0.0,0.0,0.0,50.0,0.0,0.0,-1,0.0,G1_REGIME,regime='unknown' skipped=None reg_empty=True,-1,0.0,0.0,
XRP/USDT,157,2026-03-16 10:00:00,long,0.68881,69.76,60.0,1.4749,0.017771,unknown,,,,False,False,0.0,0.0,50.0,0.0,0.0,0.0,0.0,0.0,50.0,0.0,0.0,-1,0.0,G1_REGIME,regime='unknown' skipped=None reg_empty=True,-1,0.0,0.0,
XRP/USDT,158,2026-03-16 11:00:00,long,0.68957,76.77,60.0,1.4698,0.0173,unknown,,,,False,False,0.0,0.0,50.0,0.0,0.0,0.0,0.0,0.0,50.0,0.0,0.0,-1,0.0,G1_REGIME,regime='unknown' skipped=None reg_empty=True,-1,0.0,0.0,
XRP/USDT,159,2026-03-16 12:00:00,long,0.66637,79.23,60.0,1.4762,0.015107,unknown,,,,False,False,0.0,0.0,50.0,0.0,0.0,0.0,0.0,0.0,50.0,0.0,0.0,-1,0.0,G1_REGIME,regime='unknown' skipped=None reg_empty=True,-1,0.0,0.0,
XRP/USDT,160,2026-03-16 13:00:00,long,0.67111,83.47,60.0,1.4828,0.015064,unknown,,,,False,False,0.0,0.0,50.0,0.0,0.0,0.0,0.0,0.0,50.0,0.0,0.0,-1,0.0,G1_REGIME,regime='unknown' skipped=None reg_empty=True,-1,0.0,0.0,
XRP/USDT,161,2026-03-16 14:00:00,long,0.70572,79.9,60.0,1.5093,0.016807,unknown,,,,False,False,0.0,0.0,50.0,0.0,0.0,0.0,0.0,0.0,50.0,0.0,0.0,-1,0.0,G1_REGIME,regime='unknown' skipped=None reg_empty=True,-1,0.0,0.0,
XRP/USDT,162,2026-03-16 15:00:00,long,0.6898,88.51,60.0,1.4932,0.0177,unknown,,,,False,False,0.0,0.0,50.0,0.0,0.0,0.0,0.0,0.0,50.0,0.0,0.0,-1,0.0,G1_REGIME,regime='unknown' skipped=None reg_empty=True,-1,0.0,0.0,
XRP/USDT,163,2026-03-16 16:00:00,long,0.6954,69.94,60.0,1.5087,0.018136,unknown,,,,False,False,0.0,0.0,50.0,0.0,0.0,0.0,0.0,0.0,50.0,0.0,0.0,-1,0.0,G1_REGIME,regime='unknown' skipped=None reg_empty=True,-1,0.0,0.0,
XRP/USDT,164,2026-03-16 17:00:00,long,0.70542,80.02,60.0,1.5185,0.016236,unknown,,,,False,False,0.0,0.0,50.0,0.0,0.0,0.0,0.0,0.0,50.0,0.0,0.0,-1,0.0,G1_REGIME,regime='unknown' skipped=None reg_empty=True,-1,0.0,0.0,
XRP/USDT,165,2026-03-16 18:00:00,long,0.70602,93.05,60.0,1.5356,0.016907,unknown,,,,False,False,0.0,0.0,50.0,0.0,0.0,0.0,0.0,0.0,50.0,0.0,0.0,-1,0.0,G1_REGIME,regime='unknown' skipped=None reg_empty=True,-1,0.0,0.0,
XRP/USDT,166,2026-03-16 19:00:00,long,0.68828,81.79,60.0,1.5298,0.017686,unknown,,,,False,False,0.0,0.0,50.0,0.0,0.0,0.0,0.0,0.0,50.0,0.0,0.0,-1,0.0,G1_REGIME,regime='unknown' skipped=None reg_empty=True,-1,0.0,0.0,
XRP/USDT,167,2026-03-16 20:00:00,long,0.68842,76.2,60.0,1.5285,0.017657,unknown,,,,False,False,0.0,0.0,50.0,0.0,0.0,0.0,0.0,0.0,50.0,0.0,0.0,-1,0.0,G1_REGIME,regime='unknown' skipped=None reg_empty=True,-1,0.0,0.0,
XRP/USDT,168,2026-03-16 21:00:00,long,0.69308,77.56,60.0,1.528,0.017786,unknown,,,,False,False,0.0,0.0,50.0,0.0,0.0,0.0,0.0,0.0,50.0,0.0,0.0,-1,0.0,G1_REGIME,regime='unknown' skipped=None reg_empty=True,-1,0.0,0.0,
XRP/USDT,169,2026-03-16 22:00:00,long,0.7267,73.41,60.0,1.5514,0.017757,unknown,,,,False,False,0.0,0.0,50.0,0.0,0.0,0.0,0.0,0.0,50.0,0.0,0.0,-1,0.0,G1_REGIME,regime='unknown' skipped=None reg_empty=True,-1,0.0,0.0,
XRP/USDT,170,2026-03-16 23:00:00,long,0.69715,67.35,60.0,1.543,0.018114,unknown,,,,False,False,0.0,0.0,50.0,0.0,0.0,0.0,0.0,0.0,50.0,0.0,0.0,-1,0.0,G1_REGIME,regime='unknown' skipped=None reg_empty=True,-1,0.0,0.0,
XRP/USDT,171,2026-03-17 00:00:00,long,0.60328,73.91,60.0,1.5454,0.018907,unknown,,,,False,False,0.0,0.0,50.0,0.0,0.0,0.0,0.0,0.0,50.0,0.0,0.0,-1,0.0,G1_REGIME,regime='unknown' skipped=None reg_empty=True,-1,0.0,0.0,
XRP/USDT,172,2026-03-17 01:00:00,long,0.61147,91.16,60.0,1.5709,0.020714,unknown,,,,False,False,0.0,0.0,50.0,0.0,0.0,0.0,0.0,0.0,50.0,0.0,0.0,-1,0.0,G1_REGIME,regime='unknown' skipped=None reg_empty=True,-1,0.0,0.0,
XRP/USDT,173,2026-03-17 02:00:00,long,0.62263,91.99,60.0,1.5941,0.0232,unknown,,,,False,False,0.0,0.0,50.0,0.0,0.0,0.0,0.0,0.0,50.0,0.0,0.0,-1,0.0,G1_REGIME,regime='unknown' skipped=None reg_empty=True,-1,0.0,0.0,
XRP/USDT,174,2026-03-17 03:00:00,long,0.61358,100.0,60.0,1.5443,0.026271,unknown,,,,False,False,0.0,0.0,50.0,0.0,0.0,0.0,0.0,0.0,50.0,0.0,0.0,-1,0.0,G1_REGIME,regime='unknown' skipped=None reg_empty=True,-1,0.0,0.0,
XRP/USDT,175,2026-03-17 04:00:00,long,0.59557,90.91,60.0,1.5301,0.025607,unknown,,,,False,False,0.0,0.0,50.0,0.0,0.0,0.0,0.0,0.0,50.0,0.0,0.0,-1,0.0,G1_REGIME,regime='unknown' skipped=None reg_empty=True,-1,0.0,0.0,
XRP/USDT,176,2026-03-17 05:00:00,long,0.60319,82.68,60.0,1.5153,0.0254,unknown,,,,False,False,0.0,0.0,50.0,0.0,0.0,0.0,0.0,0.0,50.0,0.0,0.0,-1,0.0,G1_REGIME,regime='unknown' skipped=None reg_empty=True,-1,0.0,0.0,
XRP/USDT,177,2026-03-17 06:00:00,long,0.60007,81.79,60.0,1.5168,0.025364,unknown,,,,False,False,0.0,0.0,50.0,0.0,0.0,0.0,0.0,0.0,50.0,0.0,0.0,-1,0.0,G1_REGIME,regime='unknown' skipped=None reg_empty=True,-1,0.0,0.0,
XRP/USDT,178,2026-03-17 07:00:00,long,0.5965,82.34,60.0,1.53,0.026357,unknown,,,,False,False,0.0,0.0,50.0,0.0,0.0,0.0,0.0,0.0,50.0,0.0,0.0,-1,0.0,G1_REGIME,regime='unknown' skipped=None reg_empty=True,-1,0.0,0.0,
XRP/USDT,179,2026-03-17 08:00:00,long,0.5944,77.91,60.0,1.5206,0.025307,unknown,,,,False,False,0.0,0.0,50.0,0.0,0.0,0.0,0.0,0.0,50.0,0.0,0.0,-1,0.0,G1_REGIME,regime='unknown' skipped=None reg_empty=True,-1,0.0,0.0,
XRP/USDT,180,2026-03-17 09:00:00,long,0.59172,78.32,60.0,1.5125,0.024843,unknown,,,,False,False,0.0,0.0,50.0,0.0,0.0,0.0,0.0,0.0,50.0,0.0,0.0,-1,0.0,G1_REGIME,regime='unknown' skipped=None reg_empty=True,-1,0.0,0.0,
XRP/USDT,181,2026-03-17 10:00:00,long,0.59267,76.25,60.0,1.5089,0.025014,unknown,,,,False,False,0.0,0.0,50.0,0.0,0.0,0.0,0.0,0.0,50.0,0.0,0.0,-1,0.0,G1_REGIME,regime='unknown' skipped=None reg_empty=True,-1,0.0,0.0,
XRP/USDT,182,2026-03-17 11:00:00,long,0.59155,78.26,60.0,1.5097,0.024793,unknown,,,,False,False,0.0,0.0,50.0,0.0,0.0,0.0,0.0,0.0,50.0,0.0,0.0,-1,0.0,G1_REGIME,regime='unknown' skipped=None reg_empty=True,-1,0.0,0.0,
XRP/USDT,183,2026-03-17 12:00:00,long,0.5964,76.8,60.0,1.5049,0.023964,unknown,,,,False,False,0.0,0.0,50.0,0.0,0.0,0.0,0.0,0.0,50.0,0.0,0.0,-1,0.0,G1_REGIME,regime='unknown' skipped=None reg_empty=True,-1,0.0,0.0,
XRP/USDT,184,2026-03-17 13:00:00,long,0.59645,85.68,60.0,1.5039,0.024471,unknown,,,,False,False,0.0,0.0,50.0,0.0,0.0,0.0,0.0,0.0,50.0,0.0,0.0,-1,0.0,G1_REGIME,regime='unknown' skipped=None reg_empty=True,-1,0.0,0.0,
XRP/USDT,185,2026-03-17 14:00:00,long,0.5895,78.5,60.0,1.5125,0.024393,unknown,,,,False,False,0.0,0.0,50.0,0.0,0.0,0.0,0.0,0.0,50.0,0.0,0.0,-1,0.0,G1_REGIME,regime='unknown' skipped=None reg_empty=True,-1,0.0,0.0,
XRP/USDT,186,2026-03-17 15:00:00,long,0.59498,90.82,60.0,1.5135,0.023314,unknown,,,,False,False,0.0,0.0,50.0,0.0,0.0,0.0,0.0,0.0,50.0,0.0,0.0,-1,0.0,G1_REGIME,regime='unknown' skipped=None reg_empty=True,-1,0.0,0.0,
XRP/USDT,187,2026-03-17 16:00:00,long,0.59565,69.33,60.0,1.5187,0.022771,unknown,,,,False,False,0.0,0.0,50.0,0.0,0.0,0.0,0.0,0.0,50.0,0.0,0.0,-1,0.0,G1_REGIME,regime='unknown' skipped=None reg_empty=True,-1,0.0,0.0,
XRP/USDT,188,2026-03-17 17:00:00,long,0.58152,57.41,60.0,1.5309,0.01945,unknown,,,,False,False,0.0,0.0,50.0,0.0,0.0,0.0,0.0,0.0,50.0,0.0,0.0,-1,0.0,G1_REGIME,regime='unknown' skipped=None reg_empty=True,-1,0.0,0.0,
XRP/USDT,189,2026-03-17 18:00:00,long,0.57451,59.89,60.0,1.5365,0.018307,unknown,,,,False,False,0.0,0.0,50.0,0.0,0.0,0.0,0.0,0.0,50.0,0.0,0.0,-1,0.0,G1_REGIME,regime='unknown' skipped=None reg_empty=True,-1,0.0,0.0,
XRP/USDT,190,2026-03-17 19:00:00,long,0.57834,58.91,60.0,1.5335,0.017543,unknown,,,,False,False,0.0,0.0,50.0,0.0,0.0,0.0,0.0,0.0,50.0,0.0,0.0,-1,0.0,G1_REGIME,regime='unknown' skipped=None reg_empty=True,-1,0.0,0.0,
XRP/USDT,191,2026-03-17 20:00:00,long,0.58161,58.15,60.0,1.5331,0.016721,unknown,,,,False,False,0.0,0.0,50.0,0.0,0.0,0.0,0.0,0.0,50.0,0.0,0.0,-1,0.0,G1_REGIME,regime='unknown' skipped=None reg_empty=True,-1,0.0,0.0,
XRP/USDT,192,2026-03-17 21:00:00,long,0.59238,57.36,60.0,1.5299,0.015429,unknown,,,,False,False,0.0,0.0,50.0,0.0,0.0,0.0,0.0,0.0,50.0,0.0,0.0,-1,0.0,G1_REGIME,regime='unknown' skipped=None reg_empty=True,-1,0.0,0.0,
XRP/USDT,193,2026-03-17 22:00:00,long,0.60754,58.25,60.0,1.5278,0.015629,unknown,,,,False,False,0.0,0.0,50.0,0.0,0.0,0.0,0.0,0.0,50.0,0.0,0.0,-1,0.0,G1_REGIME,regime='unknown' skipped=None reg_empty=True,-1,0.0,0.0,
XRP/USDT,194,2026-03-17 23:00:00,long,0.58842,57.61,60.0,1.5182,0.015479,unknown,,,,False,False,0.0,0.0,50.0,0.0,0.0,0.0,0.0,0.0,50.0,0.0,0.0,-1,0.0,G1_REGIME,regime='unknown' skipped=None reg_empty=True,-1,0.0,0.0,
XRP/USDT,195,2026-03-18 00:00:00,long,0.58416,66.5,60.0,1.5155,0.015643,unknown,,,,False,False,0.0,0.0,50.0,0.0,0.0,0.0,0.0,0.0,50.0,0.0,0.0,-1,0.0,G1_REGIME,regime='unknown' skipped=None reg_empty=True,-1,0.0,0.0,
XRP/USDT,196,2026-03-18 01:00:00,long,0.58629,68.67,60.0,1.5155,0.0155,unknown,,,,False,False,0.0,0.0,50.0,0.0,0.0,0.0,0.0,0.0,50.0,0.0,0.0,-1,0.0,G1_REGIME,regime='unknown' skipped=None reg_empty=True,-1,0.0,0.0,
XRP/USDT,197,2026-03-18 02:00:00,long,0.57689,61.67,60.0,1.5269,0.015779,unknown,,,,False,False,0.0,0.0,50.0,0.0,0.0,0.0,0.0,0.0,50.0,0.0,0.0,-1,0.0,G1_REGIME,regime='unknown' skipped=None reg_empty=True,-1,0.0,0.0,
XRP/USDT,198,2026-03-18 03:00:00,long,0.58359,54.39,60.0,1.5389,0.015236,unknown,,,,False,False,0.0,0.0,50.0,0.0,0.0,0.0,0.0,0.0,50.0,0.0,0.0,-1,0.0,G1_REGIME,regime='unknown' skipped=None reg_empty=True,-1,0.0,0.0,
XRP/USDT,199,2026-03-18 04:00:00,long,0.57469,61.63,60.0,1.5268,0.015107,unknown,,,,False,False,0.0,0.0,50.0,0.0,0.0,0.0,0.0,0.0,50.0,0.0,0.0,-1,0.0,G1_REGIME,regime='unknown' skipped=None reg_empty=True,-1,0.0,0.0,
XRP/USDT,200,2026-03-18 05:00:00,long,0.57707,49.33,60.0,1.5235,0.014864,unknown,,,,False,False,0.0,0.0,50.0,0.0,0.0,0.0,0.0,0.0,50.0,0.0,0.0,-1,0.0,G1_REGIME,regime='unknown' skipped=None reg_empty=True,-1,0.0,0.0,
XRP/USDT,201,2026-03-18 06:00:00,long,0.54637,47.05,60.0,1.5249,0.012629,unknown,,,,False,False,0.0,0.0,50.0,0.0,0.0,0.0,0.0,0.0,50.0,0.0,0.0,-1,0.0,G1_REGIME,regime='unknown' skipped=None reg_empty=True,-1,0.0,0.0,
XRP/USDT,202,2026-03-18 07:00:00,long,0.54623,54.58,60.0,1.5201,0.0123,unknown,,,,False,False,0.0,0.0,50.0,0.0,0.0,0.0,0.0,0.0,50.0,0.0,0.0,-1,0.0,G1_REGIME,regime='unknown' skipped=None reg_empty=True,-1,0.0,0.0,
XRP/USDT,203,2026-03-18 08:00:00,long,0.55477,44.66,60.0,1.5224,0.0118,unknown,,,,False,False,0.0,0.0,50.0,0.0,0.0,0.0,0.0,0.0,50.0,0.0,0.0,-1,0.0,G1_REGIME,regime='unknown' skipped=None reg_empty=True,-1,0.0,0.0,
XRP/USDT,204,2026-03-18 09:00:00,long,0.56336,45.68,60.0,1.5238,0.011493,unknown,,,,False,False,0.0,0.0,50.0,0.0,0.0,0.0,0.0,0.0,50.0,0.0,0.0,-1,0.0,G1_REGIME,regime='unknown' skipped=None reg_empty=True,-1,0.0,0.0,
XRP/USDT,205,2026-03-18 10:00:00,long,0.55573,64.51,60.0,1.5111,0.012029,unknown,,,,False,False,0.0,0.0,50.0,0.0,0.0,0.0,0.0,0.0,50.0,0.0,0.0,-1,0.0,G1_REGIME,regime='unknown' skipped=None reg_empty=True,-1,0.0,0.0,
XRP/USDT,206,2026-03-18 11:00:00,long,0.56237,83.09,60.0,1.4895,0.013393,unknown,,,,False,False,0.0,0.0,50.0,0.0,0.0,0.0,0.0,0.0,50.0,0.0,0.0,-1,0.0,G1_REGIME,regime='unknown' skipped=None reg_empty=True,-1,0.0,0.0,
XRP/USDT,207,2026-03-18 12:00:00,long,0.58422,100.0,60.0,1.464,0.014621,unknown,,,,False,False,0.0,0.0,50.0,0.0,0.0,0.0,0.0,0.0,50.0,0.0,0.0,-1,0.0,G1_REGIME,regime='unknown' skipped=None reg_empty=True,-1,0.0,0.0,
XRP/USDT,208,2026-03-18 13:00:00,long,0.59312,91.14,60.0,1.4664,0.014979,unknown,,,,False,False,0.0,0.0,50.0,0.0,0.0,0.0,0.0,0.0,50.0,0.0,0.0,-1,0.0,G1_REGIME,regime='unknown' skipped=None reg_empty=True,-1,0.0,0.0,
XRP/USDT,209,2026-03-18 14:00:00,long,0.59926,91.89,60.0,1.446,0.015821,unknown,,,,False,False,0.0,0.0,50.0,0.0,0.0,0.0,0.0,0.0,50.0,0.0,0.0,-1,0.0,G1_REGIME,regime='unknown' skipped=None reg_empty=True,-1,0.0,0.0,
XRP/USDT,210,2026-03-18 15:00:00,long,0.61535,92.26,60.0,1.4408,0.016157,unknown,,,,False,False,0.0,0.0,50.0,0.0,0.0,0.0,0.0,0.0,50.0,0.0,0.0,-1,0.0,G1_REGIME,regime='unknown' skipped=None reg_empty=True,-1,0.0,0.0,
XRP/USDT,211,2026-03-18 16:00:00,long,0.6274,88.72,60.0,1.4424,0.015793,unknown,,,,False,False,0.0,0.0,50.0,0.0,0.0,0.0,0.0,0.0,50.0,0.0,0.0,-1,0.0,G1_REGIME,regime='unknown' skipped=None reg_empty=True,-1,0.0,0.0,
XRP/USDT,212,2026-03-18 17:00:00,long,0.6013,89.26,60.0,1.4566,0.016157,unknown,,,,False,False,0.0,0.0,50.0,0.0,0.0,0.0,0.0,0.0,50.0,0.0,0.0,-1,0.0,G1_REGIME,regime='unknown' skipped=None reg_empty=True,-1,0.0,0.0,
XRP/USDT,213,2026-03-18 18:00:00,long,0.62291,92.57,60.0,1.4524,0.016221,unknown,,,,False,False,0.0,0.0,50.0,0.0,0.0,0.0,0.0,0.0,50.0,0.0,0.0,-1,0.0,G1_REGIME,regime='unknown' skipped=None reg_empty=True,-1,0.0,0.0,
XRP/USDT,214,2026-03-18 19:00:00,long,0.62989,83.29,60.0,1.4493,0.01595,unknown,,,,False,False,0.0,0.0,50.0,0.0,0.0,0.0,0.0,0.0,50.0,0.0,0.0,-1,0.0,G1_REGIME,regime='unknown' skipped=None reg_empty=True,-1,0.0,0.0,
XRP/USDT,215,2026-03-18 20:00:00,long,0.62159,76.0,60.0,1.4592,0.016871,unknown,,,,False,False,0.0,0.0,50.0,0.0,0.0,0.0,0.0,0.0,50.0,0.0,0.0,-1,0.0,G1_REGIME,regime='unknown' skipped=None reg_empty=True,-1,0.0,0.0,
XRP/USDT,216,2026-03-18 21:00:00,long,0.58467,80.92,60.0,1.4675,0.017136,unknown,,,,False,False,0.0,0.0,50.0,0.0,0.0,0.0,0.0,0.0,50.0,0.0,0.0,-1,0.0,G1_REGIME,regime='unknown' skipped=None reg_empty=True,-1,0.0,0.0,
XRP/USDT,217,2026-03-18 22:00:00,long,0.58967,73.53,60.0,1.4625,0.017314,unknown,,,,False,False,0.0,0.0,50.0,0.0,0.0,0.0,0.0,0.0,50.0,0.0,0.0,-1,0.0,G1_REGIME,regime='unknown' skipped=None reg_empty=True,-1,0.0,0.0,
XRP/USDT,218,2026-03-18 23:00:00,long,0.59619,74.4,60.0,1.4647,0.017421,unknown,,,,False,False,0.0,0.0,50.0,0.0,0.0,0.0,0.0,0.0,50.0,0.0,0.0,-1,0.0,G1_REGIME,regime='unknown' skipped=None reg_empty=True,-1,0.0,0.0,
XRP/USDT,219,2026-03-19 00:00:00,long,0.6835,76.13,60.0,1.4611,0.016757,unknown,,,,False,False,0.0,0.0,50.0,0.0,0.0,0.0,0.0,0.0,50.0,0.0,0.0,-1,0.0,G1_REGIME,regime='unknown' skipped=None reg_empty=True,-1,0.0,0.0,
XRP/USDT,220,2026-03-19 01:00:00,long,0.66602,77.78,60.0,1.4618,0.015493,unknown,,,,False,False,0.0,0.0,50.0,0.0,0.0,0.0,0.0,0.0,50.0,0.0,0.0,-1,0.0,G1_REGIME,regime='unknown' skipped=None reg_empty=True,-1,0.0,0.0,
XRP/USDT,221,2026-03-19 02:00:00,long,0.6682,86.33,60.0,1.4575,0.01375,unknown,,,,False,False,0.0,0.0,50.0,0.0,0.0,0.0,0.0,0.0,50.0,0.0,0.0,-1,0.0,G1_REGIME,regime='unknown' skipped=None reg_empty=True,-1,0.0,0.0,
XRP/USDT,222,2026-03-19 03:00:00,long,0.63325,83.78,60.0,1.4743,0.014,unknown,,,,False,False,0.0,0.0,50.0,0.0,0.0,0.0,0.0,0.0,50.0,0.0,0.0,-1,0.0,G1_REGIME,regime='unknown' skipped=None reg_empty=True,-1,0.0,0.0,
XRP/USDT,223,2026-03-19 04:00:00,long,0.63447,78.97,60.0,1.4665,0.013043,unknown,,,,False,False,0.0,0.0,50.0,0.0,0.0,0.0,0.0,0.0,50.0,0.0,0.0,-1,0.0,G1_REGIME,regime='unknown' skipped=None reg_empty=True,-1,0.0,0.0,
XRP/USDT,224,2026-03-19 05:00:00,long,0.65645,79.77,60.0,1.4668,0.012621,unknown,,,,False,False,0.0,0.0,50.0,0.0,0.0,0.0,0.0,0.0,50.0,0.0,0.0,-1,0.0,G1_REGIME,regime='unknown' skipped=None reg_empty=True,-1,0.0,0.0,
XRP/USDT,225,2026-03-19 06:00:00,long,0.662,86.45,60.0,1.4688,0.013086,unknown,,,,False,False,0.0,0.0,50.0,0.0,0.0,0.0,0.0,0.0,50.0,0.0,0.0,-1,0.0,G1_REGIME,regime='unknown' skipped=None reg_empty=True,-1,0.0,0.0,
XRP/USDT,226,2026-03-19 07:00:00,long,0.66909,86.56,60.0,1.4614,0.013114,unknown,,,,False,False,0.0,0.0,50.0,0.0,0.0,0.0,0.0,0.0,50.0,0.0,0.0,-1,0.0,G1_REGIME,regime='unknown' skipped=None reg_empty=True,-1,0.0,0.0,
XRP/USDT,227,2026-03-19 08:00:00,long,0.67493,92.9,60.0,1.4556,0.012636,unknown,,,,False,False,0.0,0.0,50.0,0.0,0.0,0.0,0.0,0.0,50.0,0.0,0.0,-1,0.0,G1_REGIME,regime='unknown' skipped=None reg_empty=True,-1,0.0,0.0,
XRP/USDT,228,2026-03-19 09:00:00,long,0.65452,84.48,60.0,1.4693,0.012886,unknown,,,,False,False,0.0,0.0,50.0,0.0,0.0,0.0,0.0,0.0,50.0,0.0,0.0,-1,0.0,G1_REGIME,regime='unknown' skipped=None reg_empty=True,-1,0.0,0.0,
XRP/USDT,229,2026-03-19 10:00:00,long,0.64793,76.91,60.0,1.4629,0.012014,unknown,,,,False,False,0.0,0.0,50.0,0.0,0.0,0.0,0.0,0.0,50.0,0.0,0.0,-1,0.0,G1_REGIME,regime='unknown' skipped=None reg_empty=True,-1,0.0,0.0,
XRP/USDT,230,2026-03-19 11:00:00,long,0.64414,77.62,60.0,1.4585,0.011643,unknown,,,,False,False,0.0,0.0,50.0,0.0,0.0,0.0,0.0,0.0,50.0,0.0,0.0,-1,0.0,G1_REGIME,regime='unknown' skipped=None reg_empty=True,-1,0.0,0.0,
XRP/USDT,231,2026-03-19 12:00:00,long,0.67388,92.52,60.0,1.437,0.012686,unknown,,,,False,False,0.0,0.0,50.0,0.0,0.0,0.0,0.0,0.0,50.0,0.0,0.0,-1,0.0,G1_REGIME,regime='unknown' skipped=None reg_empty=True,-1,0.0,0.0,
XRP/USDT,232,2026-03-19 13:00:00,long,0.64567,100.0,60.0,1.452,0.013643,unknown,,,,False,False,0.0,0.0,50.0,0.0,0.0,0.0,0.0,0.0,50.0,0.0,0.0,-1,0.0,G1_REGIME,regime='unknown' skipped=None reg_empty=True,-1,0.0,0.0,
XRP/USDT,233,2026-03-19 14:00:00,long,0.65148,68.13,60.0,1.4443,0.014529,unknown,,,,False,False,0.0,0.0,50.0,0.0,0.0,0.0,0.0,0.0,50.0,0.0,0.0,-1,0.0,G1_REGIME,regime='unknown' skipped=None reg_empty=True,-1,0.0,0.0,
XRP/USDT,234,2026-03-19 15:00:00,long,0.67278,74.84,60.0,1.4319,0.015586,unknown,,,,False,False,0.0,0.0,50.0,0.0,0.0,0.0,0.0,0.0,50.0,0.0,0.0,-1,0.0,G1_REGIME,regime='unknown' skipped=None reg_empty=True,-1,0.0,0.0,
XRP/USDT,235,2026-03-19 16:00:00,long,0.69882,91.49,60.0,1.4271,0.01605,unknown,,,,False,False,0.0,0.0,50.0,0.0,0.0,0.0,0.0,0.0,50.0,0.0,0.0,-1,0.0,G1_REGIME,regime='unknown' skipped=None reg_empty=True,-1,0.0,0.0,
XRP/USDT,236,2026-03-19 17:00:00,long,0.69471,87.72,60.0,1.4388,0.015764,unknown,,,,False,False,0.0,0.0,50.0,0.0,0.0,0.0,0.0,0.0,50.0,0.0,0.0,-1,0.0,G1_REGIME,regime='unknown' skipped=None reg_empty=True,-1,0.0,0.0,
XRP/USDT,237,2026-03-19 18:00:00,long,0.69467,85.13,60.0,1.4371,0.015579,unknown,,,,False,False,0.0,0.0,50.0,0.0,0.0,0.0,0.0,0.0,50.0,0.0,0.0,-1,0.0,G1_REGIME,regime='unknown' skipped=None reg_empty=True,-1,0.0,0.0,
XRP/USDT,238,2026-03-19 19:00:00,long,0.70942,82.46,60.0,1.4449,0.016171,unknown,,,,False,False,0.0,0.0,50.0,0.0,0.0,0.0,0.0,0.0,50.0,0.0,0.0,-1,0.0,G1_REGIME,regime='unknown' skipped=None reg_empty=True,-1,0.0,0.0,
XRP/USDT,239,2026-03-19 20:00:00,long,0.72286,56.86,60.0,1.4497,0.015679,unknown,,,,False,False,0.0,0.0,50.0,0.0,0.0,0.0,0.0,0.0,50.0,0.0,0.0,-1,0.0,G1_REGIME,regime='unknown' skipped=None reg_empty=True,-1,0.0,0.0,
XRP/USDT,240,2026-03-19 21:00:00,long,0.72838,60.57,60.0,1.4546,0.014779,unknown,,,,False,False,0.0,0.0,50.0,0.0,0.0,0.0,0.0,0.0,50.0,0.0,0.0,-1,0.0,G1_REGIME,regime='unknown' skipped=None reg_empty=True,-1,0.0,0.0,
XRP/USDT,241,2026-03-19 22:00:00,long,0.73104,79.22,60.0,1.4493,0.014736,unknown,,,,False,False,0.0,0.0,50.0,0.0,0.0,0.0,0.0,0.0,50.0,0.0,0.0,-1,0.0,G1_REGIME,regime='unknown' skipped=None reg_empty=True,-1,0.0,0.0,
XRP/USDT,242,2026-03-19 23:00:00,long,0.73002,77.63,60.0,1.4475,0.014443,unknown,,,,False,False,0.0,0.0,50.0,0.0,0.0,0.0,0.0,0.0,50.0,0.0,0.0,-1,0.0,G1_REGIME,regime='unknown' skipped=None reg_empty=True,-1,0.0,0.0,
XRP/USDT,243,2026-03-20 00:00:00,long,0.74184,84.64,60.0,1.45,0.01445,unknown,,,,False,False,0.0,0.0,50.0,0.0,0.0,0.0,0.0,0.0,50.0,0.0,0.0,-1,0.0,G1_REGIME,regime='unknown' skipped=None reg_empty=True,-1,0.0,0.0,
XRP/USDT,244,2026-03-20 01:00:00,long,0.74207,84.66,60.0,1.4564,0.014621,unknown,,,,False,False,0.0,0.0,50.0,0.0,0.0,0.0,0.0,0.0,50.0,0.0,0.0,-1,0.0,G1_REGIME,regime='unknown' skipped=None reg_empty=True,-1,0.0,0.0,
XRP/USDT,245,2026-03-20 02:00:00,long,0.71058,84.26,60.0,1.4524,0.013757,unknown,,,,False,False,0.0,0.0,50.0,0.0,0.0,0.0,0.0,0.0,50.0,0.0,0.0,-1,0.0,G1_REGIME,regime='unknown' skipped=None reg_empty=True,-1,0.0,0.0,
XRP/USDT,246,2026-03-20 03:00:00,long,0.73556,83.95,60.0,1.453,0.012721,unknown,,,,False,False,0.0,0.0,50.0,0.0,0.0,0.0,0.0,0.0,50.0,0.0,0.0,-1,0.0,G1_REGIME,regime='unknown' skipped=None reg_empty=True,-1,0.0,0.0,
XRP/USDT,247,2026-03-20 04:00:00,long,0.73125,83.59,60.0,1.4535,0.0121,unknown,,,,False,False,0.0,0.0,50.0,0.0,0.0,0.0,0.0,0.0,50.0,0.0,0.0,-1,0.0,G1_REGIME,regime='unknown' skipped=None reg_empty=True,-1,0.0,0.0,
XRP/USDT,248,2026-03-20 05:00:00,long,0.70774,83.43,60.0,1.4549,0.0109,unknown,,,,False,False,0.0,0.0,50.0,0.0,0.0,0.0,0.0,0.0,50.0,0.0,0.0,-1,0.0,G1_REGIME,regime='unknown' skipped=None reg_empty=True,-1,0.0,0.0,
XRP/USDT,249,2026-03-20 06:00:00,long,0.71245,73.66,60.0,1.4504,0.01075,unknown,,,,False,False,0.0,0.0,50.0,0.0,0.0,0.0,0.0,0.0,50.0,0.0,0.0,-1,0.0,G1_REGIME,regime='unknown' skipped=None reg_empty=True,-1,0.0,0.0,
XRP/USDT,250,2026-03-20 07:00:00,long,0.71338,73.6,60.0,1.4546,0.010443,unknown,,,,False,False,0.0,0.0,50.0,0.0,0.0,0.0,0.0,0.0,50.0,0.0,0.0,-1,0.0,G1_REGIME,regime='unknown' skipped=None reg_empty=True,-1,0.0,0.0,
XRP/USDT,251,2026-03-20 08:00:00,long,0.71176,68.9,60.0,1.46,0.010771,unknown,,,,False,False,0.0,0.0,50.0,0.0,0.0,0.0,0.0,0.0,50.0,0.0,0.0,-1,0.0,G1_REGIME,regime='unknown' skipped=None reg_empty=True,-1,0.0,0.0,
XRP/USDT,252,2026-03-20 09:00:00,long,0.70331,68.44,60.0,1.4482,0.010643,unknown,,,,False,False,0.0,0.0,50.0,0.0,0.0,0.0,0.0,0.0,50.0,0.0,0.0,-1,0.0,G1_REGIME,regime='unknown' skipped=None reg_empty=True,-1,0.0,0.0,
XRP/USDT,253,2026-03-20 10:00:00,long,0.7052,54.3,60.0,1.4506,0.010557,unknown,,,,False,False,0.0,0.0,50.0,0.0,0.0,0.0,0.0,0.0,50.0,0.0,0.0,-1,0.0,G1_REGIME,regime='unknown' skipped=None reg_empty=True,-1,0.0,0.0,
XRP/USDT,254,2026-03-20 11:00:00,long,0.69953,52.43,60.0,1.4491,0.010879,unknown,,,,False,False,0.0,0.0,50.0,0.0,0.0,0.0,0.0,0.0,50.0,0.0,0.0,-1,0.0,G1_REGIME,regime='unknown' skipped=None reg_empty=True,-1,0.0,0.0,
XRP/USDT,255,2026-03-20 12:00:00,long,0.68494,68.6,60.0,1.4424,0.010843,unknown,,,,False,False,0.0,0.0,50.0,0.0,0.0,0.0,0.0,0.0,50.0,0.0,0.0,-1,0.0,G1_REGIME,regime='unknown' skipped=None reg_empty=True,-1,0.0,0.0,
XRP/USDT,256,2026-03-20 13:00:00,long,0.71069,87.67,60.0,1.438,0.010921,unknown,,,,False,False,0.0,0.0,50.0,0.0,0.0,0.0,0.0,0.0,50.0,0.0,0.0,-1,0.0,G1_REGIME,regime='unknown' skipped=None reg_empty=True,-1,0.0,0.0,
XRP/USDT,257,2026-03-20 14:00:00,long,0.71053,86.85,60.0,1.4366,0.01115,unknown,,,,False,False,0.0,0.0,50.0,0.0,0.0,0.0,0.0,0.0,50.0,0.0,0.0,-1,0.0,G1_REGIME,regime='unknown' skipped=None reg_empty=True,-1,0.0,0.0,
XRP/USDT,258,2026-03-20 15:00:00,long,0.71188,75.83,60.0,1.4375,0.01135,unknown,,,,False,False,0.0,0.0,50.0,0.0,0.0,0.0,0.0,0.0,50.0,0.0,0.0,-1,0.0,G1_REGIME,regime='unknown' skipped=None reg_empty=True,-1,0.0,0.0,
XRP/USDT,259,2026-03-20 16:00:00,long,0.71096,70.2,60.0,1.4373,0.011314,unknown,,,,False,False,0.0,0.0,50.0,0.0,0.0,0.0,0.0,0.0,50.0,0.0,0.0,-1,0.0,G1_REGIME,regime='unknown' skipped=None reg_empty=True,-1,0.0,0.0,
XRP/USDT,260,2026-03-20 17:00:00,long,0.70264,63.29,60.0,1.4391,0.011664,unknown,,,,False,False,0.0,0.0,50.0,0.0,0.0,0.0,0.0,0.0,50.0,0.0,0.0,-1,0.0,G1_REGIME,regime='unknown' skipped=None reg_empty=True,-1,0.0,0.0,
XRP/USDT,261,2026-03-20 18:00:00,long,0.71896,60.87,60.0,1.4312,0.011757,unknown,,,,False,False,0.0,0.0,50.0,0.0,0.0,0.0,0.0,0.0,50.0,0.0,0.0,-1,0.0,G1_REGIME,regime='unknown' skipped=None reg_empty=True,-1,0.0,0.0,
XRP/USDT,262,2026-03-20 19:00:00,long,0.70083,65.13,60.0,1.436,0.012057,unknown,,,,False,False,0.0,0.0,50.0,0.0,0.0,0.0,0.0,0.0,50.0,0.0,0.0,-1,0.0,G1_REGIME,regime='unknown' skipped=None reg_empty=True,-1,0.0,0.0,
XRP/USDT,263,2026-03-20 20:00:00,long,0.70411,63.03,60.0,1.4365,0.011714,unknown,,,,False,False,0.0,0.0,50.0,0.0,0.0,0.0,0.0,0.0,50.0,0.0,0.0,-1,0.0,G1_REGIME,regime='unknown' skipped=None reg_empty=True,-1,0.0,0.0,
XRP/USDT,264,2026-03-20 21:00:00,long,0.7199,68.55,60.0,1.4432,0.011857,unknown,,,,False,False,0.0,0.0,50.0,0.0,0.0,0.0,0.0,0.0,50.0,0.0,0.0,-1,0.0,G1_REGIME,regime='unknown' skipped=None reg_empty=True,-1,0.0,0.0,
XRP/USDT,265,2026-03-20 22:00:00,long,0.72303,47.93,60.0,1.4477,0.011586,unknown,,,,False,False,0.0,0.0,50.0,0.0,0.0,0.0,0.0,0.0,50.0,0.0,0.0,-1,0.0,G1_REGIME,regime='unknown' skipped=None reg_empty=True,-1,0.0,0.0,
XRP/USDT,266,2026-03-20 23:00:00,long,0.72321,54.88,60.0,1.4452,0.011129,unknown,,,,False,False,0.0,0.0,50.0,0.0,0.0,0.0,0.0,0.0,50.0,0.0,0.0,-1,0.0,G1_REGIME,regime='unknown' skipped=None reg_empty=True,-1,0.0,0.0,
XRP/USDT,267,2026-03-21 00:00:00,long,0.73759,49.55,60.0,1.4476,0.010893,unknown,,,,False,False,0.0,0.0,50.0,0.0,0.0,0.0,0.0,0.0,50.0,0.0,0.0,-1,0.0,G1_REGIME,regime='unknown' skipped=None reg_empty=True,-1,0.0,0.0,
XRP/USDT,268,2026-03-21 01:00:00,long,0.72981,88.85,60.0,1.4434,0.010579,unknown,,,,False,False,0.0,0.0,50.0,0.0,0.0,0.0,0.0,0.0,50.0,0.0,0.0,-1,0.0,G1_REGIME,regime='unknown' skipped=None reg_empty=True,-1,0.0,0.0,
XRP/USDT,269,2026-03-21 02:00:00,long,0.71056,69.22,60.0,1.4468,0.010264,unknown,,,,False,False,0.0,0.0,50.0,0.0,0.0,0.0,0.0,0.0,50.0,0.0,0.0,-1,0.0,G1_REGIME,regime='unknown' skipped=None reg_empty=True,-1,0.0,0.0,
XRP/USDT,270,2026-03-21 03:00:00,long,0.71602,79.35,60.0,1.4458,0.009579,unknown,,,,False,False,0.0,0.0,50.0,0.0,0.0,0.0,0.0,0.0,50.0,0.0,0.0,-1,0.0,G1_REGIME,regime='unknown' skipped=None reg_empty=True,-1,0.0,0.0,
XRP/USDT,271,2026-03-21 04:00:00,long,0.71885,90.41,60.0,1.4443,0.009057,unknown,,,,False,False,0.0,0.0,50.0,0.0,0.0,0.0,0.0,0.0,50.0,0.0,0.0,-1,0.0,G1_REGIME,regime='unknown' skipped=None reg_empty=True,-1,0.0,0.0,
XRP/USDT,272,2026-03-21 05:00:00,long,0.70782,74.98,60.0,1.4512,0.008593,unknown,,,,False,False,0.0,0.0,50.0,0.0,0.0,0.0,0.0,0.0,50.0,0.0,0.0,-1,0.0,G1_REGIME,regime='unknown' skipped=None reg_empty=True,-1,0.0,0.0,
XRP/USDT,273,2026-03-21 06:00:00,long,0.70635,57.37,60.0,1.4488,0.008229,unknown,,,,False,False,0.0,0.0,50.0,0.0,0.0,0.0,0.0,0.0,50.0,0.0,0.0,-1,0.0,G1_REGIME,regime='unknown' skipped=None reg_empty=True,-1,0.0,0.0,
XRP/USDT,274,2026-03-21 07:00:00,long,0.69881,67.98,60.0,1.444,0.007807,unknown,,,,False,False,0.0,0.0,50.0,0.0,0.0,0.0,0.0,0.0,50.0,0.0,0.0,-1,0.0,G1_REGIME,regime='unknown' skipped=None reg_empty=True,-1,0.0,0.0,
XRP/USDT,275,2026-03-21 08:00:00,long,0.67374,66.35,60.0,1.4412,0.007414,unknown,,,,False,False,0.0,0.0,50.0,0.0,0.0,0.0,0.0,0.0,50.0,0.0,0.0,-1,0.0,G1_REGIME,regime='unknown' skipped=None reg_empty=True,-1,0.0,0.0,
XRP/USDT,276,2026-03-21 09:00:00,long,0.66531,61.17,60.0,1.4403,0.00695,unknown,,,,False,False,0.0,0.0,50.0,0.0,0.0,0.0,0.0,0.0,50.0,0.0,0.0,-1,0.0,G1_REGIME,regime='unknown' skipped=None reg_empty=True,-1,0.0,0.0,
XRP/USDT,277,2026-03-21 10:00:00,long,0.6712,55.47,60.0,1.4403,0.006564,unknown,,,,False,False,0.0,0.0,50.0,0.0,0.0,0.0,0.0,0.0,50.0,0.0,0.0,-1,0.0,G1_REGIME,regime='unknown' skipped=None reg_empty=True,-1,0.0,0.0,
XRP/USDT,278,2026-03-21 11:00:00,long,0.67615,60.24,60.0,1.4425,0.00575,unknown,,,,False,False,0.0,0.0,50.0,0.0,0.0,0.0,0.0,0.0,50.0,0.0,0.0,-1,0.0,G1_REGIME,regime='unknown' skipped=None reg_empty=True,-1,0.0,0.0,
XRP/USDT,279,2026-03-21 12:00:00,long,0.68194,57.01,60.0,1.4448,0.005557,unknown,,,,False,False,0.0,0.0,50.0,0.0,0.0,0.0,0.0,0.0,50.0,0.0,0.0,-1,0.0,G1_REGIME,regime='unknown' skipped=None reg_empty=True,-1,0.0,0.0,
XRP/USDT,280,2026-03-21 13:00:00,long,0.66003,76.64,60.0,1.4398,0.005743,unknown,,,,False,False,0.0,0.0,50.0,0.0,0.0,0.0,0.0,0.0,50.0,0.0,0.0,-1,0.0,G1_REGIME,regime='unknown' skipped=None reg_empty=True,-1,0.0,0.0,
XRP/USDT,281,2026-03-21 14:00:00,long,0.66773,60.21,60.0,1.4367,0.006,unknown,,,,False,False,0.0,0.0,50.0,0.0,0.0,0.0,0.0,0.0,50.0,0.0,0.0,-1,0.0,G1_REGIME,regime='unknown' skipped=None reg_empty=True,-1,0.0,0.0,
XRP/USDT,282,2026-03-21 15:00:00,long,0.66933,55.03,60.0,1.4381,0.005921,unknown,,,,False,False,0.0,0.0,50.0,0.0,0.0,0.0,0.0,0.0,50.0,0.0,0.0,-1,0.0,G1_REGIME,regime='unknown' skipped=None reg_empty=True,-1,0.0,0.0,
XRP/USDT,283,2026-03-21 16:00:00,long,0.66863,50.43,60.0,1.4369,0.005771,unknown,,,,False,False,0.0,0.0,50.0,0.0,0.0,0.0,0.0,0.0,50.0,0.0,0.0,-1,0.0,G1_REGIME,regime='unknown' skipped=None reg_empty=True,-1,0.0,0.0,
XRP/USDT,284,2026-03-21 17:00:00,long,0.66904,51.59,60.0,1.4398,0.006107,unknown,,,,False,False,0.0,0.0,50.0,0.0,0.0,0.0,0.0,0.0,50.0,0.0,0.0,-1,0.0,G1_REGIME,regime='unknown' skipped=None reg_empty=True,-1,0.0,0.0,
XRP/USDT,285,2026-03-21 18:00:00,long,0.65313,50.57,60.0,1.4374,0.006179,unknown,,,,False,False,0.0,0.0,50.0,0.0,0.0,0.0,0.0,0.0,50.0,0.0,0.0,-1,0.0,G1_REGIME,regime='unknown' skipped=None reg_empty=True,-1,0.0,0.0,
XRP/USDT,286,2026-03-21 19:00:00,long,0.64476,48.24,60.0,1.4373,0.00585,unknown,,,,False,False,0.0,0.0,50.0,0.0,0.0,0.0,0.0,0.0,50.0,0.0,0.0,-1,0.0,G1_REGIME,regime='unknown' skipped=None reg_empty=True,-1,0.0,0.0,
XRP/USDT,287,2026-03-21 20:00:00,long,0.6569,51.72,60.0,1.4414,0.005879,unknown,,,,False,False,0.0,0.0,50.0,0.0,0.0,0.0,0.0,0.0,50.0,0.0,0.0,-1,0.0,G1_REGIME,regime='unknown' skipped=None reg_empty=True,-1,0.0,0.0,
XRP/USDT,288,2026-03-21 21:00:00,long,0.65882,53.15,60.0,1.4402,0.0057,unknown,,,,False,False,0.0,0.0,50.0,0.0,0.0,0.0,0.0,0.0,50.0,0.0,0.0,-1,0.0,G1_REGIME,regime='unknown' skipped=None reg_empty=True,-1,0.0,0.0,
XRP/USDT,289,2026-03-21 22:00:00,long,0.66317,54.19,60.0,1.4393,0.005593,unknown,,,,False,False,0.0,0.0,50.0,0.0,0.0,0.0,0.0,0.0,50.0,0.0,0.0,-1,0.0,G1_REGIME,regime='unknown' skipped=None reg_empty=True,-1,0.0,0.0,
XRP/USDT,290,2026-03-21 23:00:00,long,0.74225,87.01,60.0,1.4086,0.00795,unknown,,,,False,False,0.0,0.0,50.0,0.0,0.0,0.0,0.0,0.0,50.0,0.0,0.0,-1,0.0,G1_REGIME,regime='unknown' skipped=None reg_empty=True,-1,0.0,0.0,
XRP/USDT,291,2026-03-22 00:00:00,long,0.76314,89.43,60.0,1.4111,0.00945,unknown,,,,False,False,0.0,0.0,50.0,0.0,0.0,0.0,0.0,0.0,50.0,0.0,0.0,-1,0.0,G1_REGIME,regime='unknown' skipped=None reg_empty=True,-1,0.0,0.0,
XRP/USDT,292,2026-03-22 01:00:00,long,0.76974,69.75,60.0,1.4101,0.00995,unknown,,,,False,False,0.0,0.0,50.0,0.0,0.0,0.0,0.0,0.0,50.0,0.0,0.0,-1,0.0,G1_REGIME,regime='unknown' skipped=None reg_empty=True,-1,0.0,0.0,
XRP/USDT,293,2026-03-22 02:00:00,long,0.7499,78.41,60.0,1.4166,0.010407,unknown,,,,False,False,0.0,0.0,50.0,0.0,0.0,0.0,0.0,0.0,50.0,0.0,0.0,-1,0.0,G1_REGIME,regime='unknown' skipped=None reg_empty=True,-1,0.0,0.0,
XRP/USDT,294,2026-03-22 03:00:00,long,0.75479,80.0,60.0,1.4171,0.010571,unknown,,,,False,False,0.0,0.0,50.0,0.0,0.0,0.0,0.0,0.0,50.0,0.0,0.0,-1,0.0,G1_REGIME,regime='unknown' skipped=None reg_empty=True,-1,0.0,0.0,
XRP/USDT,295,2026-03-22 04:00:00,long,0.74955,79.82,60.0,1.4175,0.010579,unknown,,,,False,False,0.0,0.0,50.0,0.0,0.0,0.0,0.0,0.0,50.0,0.0,0.0,-1,0.0,G1_REGIME,regime='unknown' skipped=None reg_empty=True,-1,0.0,0.0,
XRP/USDT,296,2026-03-22 05:00:00,long,0.77037,88.64,60.0,1.4116,0.010579,unknown,,,,False,False,0.0,0.0,50.0,0.0,0.0,0.0,0.0,0.0,50.0,0.0,0.0,-1,0.0,G1_REGIME,regime='unknown' skipped=None reg_empty=True,-1,0.0,0.0,
XRP/USDT,297,2026-03-22 06:00:00,long,0.77101,89.45,60.0,1.4108,0.010486,unknown,,,,False,False,0.0,0.0,50.0,0.0,0.0,0.0,0.0,0.0,50.0,0.0,0.0,-1,0.0,G1_REGIME,regime='unknown' skipped=None reg_empty=True,-1,0.0,0.0,
XRP/USDT,298,2026-03-22 07:00:00,long,0.75485,88.72,60.0,1.4034,0.010657,unknown,,,,False,False,0.0,0.0,50.0,0.0,0.0,0.0,0.0,0.0,50.0,0.0,0.0,-1,0.0,G1_REGIME,regime='unknown' skipped=None reg_empty=True,-1,0.0,0.0,
XRP/USDT,299,2026-03-22 08:00:00,long,0.76723,92.46,60.0,1.3991,0.011071,unknown,,,,False,False,0.0,0.0,50.0,0.0,0.0,0.0,0.0,0.0,50.0,0.0,0.0,-1,0.0,G1_REGIME,regime='unknown' skipped=None reg_empty=True,-1,0.0,0.0,
XRP/USDT,300,2026-03-22 09:00:00,long,0.76429,87.3,60.0,1.3958,0.011493,unknown,,,,False,False,0.0,0.0,50.0,0.0,0.0,0.0,0.0,0.0,50.0,0.0,0.0,-1,0.0,G1_REGIME,regime='unknown' skipped=None reg_empty=True,-1,0.0,0.0,
XRP/USDT,301,2026-03-22 10:00:00,long,0.71534,88.06,60.0,1.3884,0.011779,unknown,,,,False,False,0.0,0.0,50.0,0.0,0.0,0.0,0.0,0.0,50.0,0.0,0.0,-1,0.0,G1_REGIME,regime='unknown' skipped=None reg_empty=True,-1,0.0,0.0,
XRP/USDT,302,2026-03-22 11:00:00,long,0.72632,88.74,60.0,1.3909,0.012257,unknown,,,,False,False,0.0,0.0,50.0,0.0,0.0,0.0,0.0,0.0,50.0,0.0,0.0,-1,0.0,G1_REGIME,regime='unknown' skipped=None reg_empty=True,-1,0.0,0.0,
XRP/USDT,303,2026-03-22 12:00:00,long,0.70526,87.96,60.0,1.3995,0.012793,unknown,,,,False,False,0.0,0.0,50.0,0.0,0.0,0.0,0.0,0.0,50.0,0.0,0.0,-1,0.0,G1_REGIME,regime='unknown' skipped=None reg_empty=True,-1,0.0,0.0,
XRP/USDT,304,2026-03-22 13:00:00,long,0.75753,89.17,60.0,1.3983,0.010779,unknown,,,,False,False,0.0,0.0,50.0,0.0,0.0,0.0,0.0,0.0,50.0,0.0,0.0,-1,0.0,G1_REGIME,regime='unknown' skipped=None reg_empty=True,-1,0.0,0.0,
XRP/USDT,305,2026-03-22 14:00:00,long,0.76232,88.06,60.0,1.3972,0.00965,unknown,,,,False,False,0.0,0.0,50.0,0.0,0.0,0.0,0.0,0.0,50.0,0.0,0.0,-1,0.0,G1_REGIME,regime='unknown' skipped=None reg_empty=True,-1,0.0,0.0,
XRP/USDT,306,2026-03-22 15:00:00,long,0.74503,87.99,60.0,1.3926,0.009557,unknown,,,,False,False,0.0,0.0,50.0,0.0,0.0,0.0,0.0,0.0,50.0,0.0,0.0,-1,0.0,G1_REGIME,regime='unknown' skipped=None reg_empty=True,-1,0.0,0.0,
XRP/USDT,307,2026-03-22 16:00:00,long,0.73497,87.78,60.0,1.3945,0.008993,unknown,,,,False,False,0.0,0.0,50.0,0.0,0.0,0.0,0.0,0.0,50.0,0.0,0.0,-1,0.0,G1_REGIME,regime='unknown' skipped=None reg_empty=True,-1,0.0,0.0,
XRP/USDT,308,2026-03-22 17:00:00,long,0.73482,85.73,60.0,1.3927,0.00835,unknown,,,,False,False,0.0,0.0,50.0,0.0,0.0,0.0,0.0,0.0,50.0,0.0,0.0,-1,0.0,G1_REGIME,regime='unknown' skipped=None reg_empty=True,-1,0.0,0.0,
XRP/USDT,309,2026-03-22 18:00:00,long,0.7131,85.58,60.0,1.3882,0.008429,unknown,,,,False,False,0.0,0.0,50.0,0.0,0.0,0.0,0.0,0.0,50.0,0.0,0.0,-1,0.0,G1_REGIME,regime='unknown' skipped=None reg_empty=True,-1,0.0,0.0,
XRP/USDT,310,2026-03-22 19:00:00,long,0.694,85.54,60.0,1.3847,0.008514,unknown,,,,False,False,0.0,0.0,50.0,0.0,0.0,0.0,0.0,0.0,50.0,0.0,0.0,-1,0.0,G1_REGIME,regime='unknown' skipped=None reg_empty=True,-1,0.0,0.0,
XRP/USDT,311,2026-03-22 20:00:00,long,0.74134,82.15,60.0,1.3867,0.008707,unknown,,,,False,False,0.0,0.0,50.0,0.0,0.0,0.0,0.0,0.0,50.0,0.0,0.0,-1,0.0,G1_REGIME,regime='unknown' skipped=None reg_empty=True,-1,0.0,0.0,
XRP/USDT,312,2026-03-22 21:00:00,long,0.68958,100.0,60.0,1.3793,0.009193,unknown,,,,False,False,0.0,0.0,50.0,0.0,0.0,0.0,0.0,0.0,50.0,0.0,0.0,-1,0.0,G1_REGIME,regime='unknown' skipped=None reg_empty=True,-1,0.0,0.0,
XRP/USDT,313,2026-03-22 22:00:00,long,0.74244,100.0,60.0,1.3909,0.009936,unknown,,,,False,False,0.0,0.0,50.0,0.0,0.0,0.0,0.0,0.0,50.0,0.0,0.0,-1,0.0,G1_REGIME,regime='unknown' skipped=None reg_empty=True,-1,0.0,0.0,
XRP/USDT,314,2026-03-22 23:00:00,long,0.74734,87.36,60.0,1.3848,0.010007,unknown,,,,False,False,0.0,0.0,50.0,0.0,0.0,0.0,0.0,0.0,50.0,0.0,0.0,-1,0.0,G1_REGIME,regime='unknown' skipped=None reg_empty=True,-1,0.0,0.0,
XRP/USDT,315,2026-03-23 00:00:00,long,0.70898,87.24,60.0,1.3789,0.0105,unknown,,,,False,False,0.0,0.0,50.0,0.0,0.0,0.0,0.0,0.0,50.0,0.0,0.0,-1,0.0,G1_REGIME,regime='unknown' skipped=None reg_empty=True,-1,0.0,0.0,
XRP/USDT,316,2026-03-23 01:00:00,long,0.71451,89.92,60.0,1.3817,0.010807,unknown,,,,False,False,0.0,0.0,50.0,0.0,0.0,0.0,0.0,0.0,50.0,0.0,0.0,-1,0.0,G1_REGIME,regime='unknown' skipped=None reg_empty=True,-1,0.0,0.0,
XRP/USDT,317,2026-03-23 02:00:00,long,0.75026,96.23,60.0,1.3851,0.010814,unknown,,,,False,False,0.0,0.0,50.0,0.0,0.0,0.0,0.0,0.0,50.0,0.0,0.0,-1,0.0,G1_REGIME,regime='unknown' skipped=None reg_empty=True,-1,0.0,0.0,
XRP/USDT,318,2026-03-23 03:00:00,long,0.7501,93.28,60.0,1.3814,0.010993,unknown,,,,False,False,0.0,0.0,50.0,0.0,0.0,0.0,0.0,0.0,50.0,0.0,0.0,-1,0.0,G1_REGIME,regime='unknown' skipped=None reg_empty=True,-1,0.0,0.0,
XRP/USDT,319,2026-03-23 04:00:00,long,0.75963,96.56,60.0,1.3904,0.011286,unknown,,,,False,False,0.0,0.0,50.0,0.0,0.0,0.0,0.0,0.0,50.0,0.0,0.0,-1,0.0,G1_REGIME,regime='unknown' skipped=None reg_empty=True,-1,0.0,0.0,
XRP/USDT,320,2026-03-23 05:00:00,long,0.74204,100.0,60.0,1.3911,0.011314,unknown,,,,False,False,0.0,0.0,50.0,0.0,0.0,0.0,0.0,0.0,50.0,0.0,0.0,-1,0.0,G1_REGIME,regime='unknown' skipped=None reg_empty=True,-1,0.0,0.0,
XRP/USDT,321,2026-03-23 06:00:00,long,0.68733,100.0,60.0,1.3719,0.012614,unknown,,,,False,False,0.0,0.0,50.0,0.0,0.0,0.0,0.0,0.0,50.0,0.0,0.0,-1,0.0,G1_REGIME,regime='unknown' skipped=None reg_empty=True,-1,0.0,0.0,
XRP/USDT,322,2026-03-23 07:00:00,long,0.69617,95.05,60.0,1.3728,0.013279,unknown,,,,False,False,0.0,0.0,50.0,0.0,0.0,0.0,0.0,0.0,50.0,0.0,0.0,-1,0.0,G1_REGIME,regime='unknown' skipped=None reg_empty=True,-1,0.0,0.0,
XRP/USDT,323,2026-03-23 08:00:00,long,0.69838,89.39,60.0,1.3686,0.013393,unknown,,,,False,False,0.0,0.0,50.0,0.0,0.0,0.0,0.0,0.0,50.0,0.0,0.0,-1,0.0,G1_REGIME,regime='unknown' skipped=None reg_empty=True,-1,0.0,0.0,
XRP/USDT,324,2026-03-23 09:00:00,long,0.73951,91.74,60.0,1.3694,0.013579,unknown,,,,False,False,0.0,0.0,50.0,0.0,0.0,0.0,0.0,0.0,50.0,0.0,0.0,-1,0.0,G1_REGIME,regime='unknown' skipped=None reg_empty=True,-1,0.0,0.0,
XRP/USDT,325,2026-03-23 10:00:00,long,0.73843,93.37,60.0,1.3723,0.014043,unknown,,,,False,False,0.0,0.0,50.0,0.0,0.0,0.0,0.0,0.0,50.0,0.0,0.0,-1,0.0,G1_REGIME,regime='unknown' skipped=None reg_empty=True,-1,0.0,0.0,
XRP/USDT,326,2026-03-23 11:00:00,long,0.68892,100.0,60.0,1.4115,0.018043,unknown,,,,False,False,0.0,0.0,50.0,0.0,0.0,0.0,0.0,0.0,50.0,0.0,0.0,-1,0.0,G1_REGIME,regime='unknown' skipped=None reg_empty=True,-1,0.0,0.0,
XRP/USDT,327,2026-03-23 12:00:00,long,0.70839,83.83,60.0,1.4251,0.01835,unknown,,,,False,False,0.0,0.0,50.0,0.0,0.0,0.0,0.0,0.0,50.0,0.0,0.0,-1,0.0,G1_REGIME,regime='unknown' skipped=None reg_empty=True,-1,0.0,0.0,
XRP/USDT,328,2026-03-23 13:00:00,long,0.6631,73.94,60.0,1.4422,0.019307,unknown,,,,False,False,0.0,0.0,50.0,0.0,0.0,0.0,0.0,0.0,50.0,0.0,0.0,-1,0.0,G1_REGIME,regime='unknown' skipped=None reg_empty=True,-1,0.0,0.0,
XRP/USDT,329,2026-03-23 14:00:00,long,0.66798,74.93,60.0,1.4554,0.019179,unknown,,,,False,False,0.0,0.0,50.0,0.0,0.0,0.0,0.0,0.0,50.0,0.0,0.0,-1,0.0,G1_REGIME,regime='unknown' skipped=None reg_empty=True,-1,0.0,0.0,
XRP/USDT,330,2026-03-23 15:00:00,long,0.6549,95.4,60.0,1.4314,0.020679,unknown,,,,False,False,0.0,0.0,50.0,0.0,0.0,0.0,0.0,0.0,50.0,0.0,0.0,-1,0.0,G1_REGIME,regime='unknown' skipped=None reg_empty=True,-1,0.0,0.0,
XRP/USDT,331,2026-03-23 16:00:00,long,0.6691,92.98,60.0,1.4342,0.020957,unknown,,,,False,False,0.0,0.0,50.0,0.0,0.0,0.0,0.0,0.0,50.0,0.0,0.0,-1,0.0,G1_REGIME,regime='unknown' skipped=None reg_empty=True,-1,0.0,0.0,
XRP/USDT,332,2026-03-23 17:00:00,long,0.67022,92.53,60.0,1.4441,0.0214,unknown,,,,False,False,0.0,0.0,50.0,0.0,0.0,0.0,0.0,0.0,50.0,0.0,0.0,-1,0.0,G1_REGIME,regime='unknown' skipped=None reg_empty=True,-1,0.0,0.0,
XRP/USDT,333,2026-03-23 18:00:00,long,0.66324,88.66,60.0,1.4418,0.021207,unknown,,,,False,False,0.0,0.0,50.0,0.0,0.0,0.0,0.0,0.0,50.0,0.0,0.0,-1,0.0,G1_REGIME,regime='unknown' skipped=None reg_empty=True,-1,0.0,0.0,
XRP/USDT,334,2026-03-23 19:00:00,long,0.66186,87.87,60.0,1.4346,0.0215,unknown,,,,False,False,0.0,0.0,50.0,0.0,0.0,0.0,0.0,0.0,50.0,0.0,0.0,-1,0.0,G1_REGIME,regime='unknown' skipped=None reg_empty=True,-1,0.0,0.0,
XRP/USDT,335,2026-03-23 20:00:00,long,0.68406,79.05,60.0,1.4381,0.0205,unknown,,,,False,False,0.0,0.0,50.0,0.0,0.0,0.0,0.0,0.0,50.0,0.0,0.0,-1,0.0,G1_REGIME,regime='unknown' skipped=None reg_empty=True,-1,0.0,0.0,
XRP/USDT,336,2026-03-23 21:00:00,long,0.68502,77.68,60.0,1.4359,0.019929,unknown,,,,False,False,0.0,0.0,50.0,0.0,0.0,0.0,0.0,0.0,50.0,0.0,0.0,-1,0.0,G1_REGIME,regime='unknown' skipped=None reg_empty=True,-1,0.0,0.0,
XRP/USDT,337,2026-03-23 22:00:00,long,0.69173,77.89,60.0,1.4296,0.019821,unknown,,,,False,False,0.0,0.0,50.0,0.0,0.0,0.0,0.0,0.0,50.0,0.0,0.0,-1,0.0,G1_REGIME,regime='unknown' skipped=None reg_empty=True,-1,0.0,0.0,
XRP/USDT,338,2026-03-23 23:00:00,long,0.69535,79.07,60.0,1.4323,0.019914,unknown,,,,False,False,0.0,0.0,50.0,0.0,0.0,0.0,0.0,0.0,50.0,0.0,0.0,-1,0.0,G1_REGIME,regime='unknown' skipped=None reg_empty=True,-1,0.0,0.0,
XRP/USDT,339,2026-03-24 00:00:00,long,0.54932,82.33,60.0,1.4198,0.020379,unknown,,,,False,False,0.0,0.0,50.0,0.0,0.0,0.0,0.0,0.0,50.0,0.0,0.0,-1,0.0,G1_REGIME,regime='unknown' skipped=None reg_empty=True,-1,0.0,0.0,
XRP/USDT,340,2026-03-24 01:00:00,long,0.5369,77.65,60.0,1.4136,0.016136,unknown,,,,False,False,0.0,0.0,50.0,0.0,0.0,0.0,0.0,0.0,50.0,0.0,0.0,-1,0.0,G1_REGIME,regime='unknown' skipped=None reg_empty=True,-1,0.0,0.0,
XRP/USDT,341,2026-03-24 02:00:00,long,0.54239,76.26,60.0,1.4092,0.0149,unknown,,,,False,False,0.0,0.0,50.0,0.0,0.0,0.0,0.0,0.0,50.0,0.0,0.0,-1,0.0,G1_REGIME,regime='unknown' skipped=None reg_empty=True,-1,0.0,0.0,
XRP/USDT,342,2026-03-24 03:00:00,long,0.53615,75.82,60.0,1.4144,0.013786,unknown,,,,False,False,0.0,0.0,50.0,0.0,0.0,0.0,0.0,0.0,50.0,0.0,0.0,-1,0.0,G1_REGIME,regime='unknown' skipped=None reg_empty=True,-1,0.0,0.0,
XRP/USDT,343,2026-03-24 04:00:00,long,0.54865,75.17,60.0,1.4085,0.013443,unknown,,,,False,False,0.0,0.0,50.0,0.0,0.0,0.0,0.0,0.0,50.0,0.0,0.0,-1,0.0,G1_REGIME,regime='unknown' skipped=None reg_empty=True,-1,0.0,0.0,
XRP/USDT,344,2026-03-24 05:00:00,long,0.52159,75.25,60.0,1.414,0.011643,unknown,,,,False,False,0.0,0.0,50.0,0.0,0.0,0.0,0.0,0.0,50.0,0.0,0.0,-1,0.0,G1_REGIME,regime='unknown' skipped=None reg_empty=True,-1,0.0,0.0,
XRP/USDT,345,2026-03-24 06:00:00,long,0.51336,76.04,60.0,1.4158,0.011043,unknown,,,,False,False,0.0,0.0,50.0,0.0,0.0,0.0,0.0,0.0,50.0,0.0,0.0,-1,0.0,G1_REGIME,regime='unknown' skipped=None reg_empty=True,-1,0.0,0.0,
XRP/USDT,346,2026-03-24 07:00:00,long,0.53136,80.86,60.0,1.4313,0.010914,unknown,,,,False,False,0.0,0.0,50.0,0.0,0.0,0.0,0.0,0.0,50.0,0.0,0.0,-1,0.0,G1_REGIME,regime='unknown' skipped=None reg_empty=True,-1,0.0,0.0,
XRP/USDT,347,2026-03-24 08:00:00,long,0.51324,78.67,60.0,1.4173,0.011586,unknown,,,,False,False,0.0,0.0,50.0,0.0,0.0,0.0,0.0,0.0,50.0,0.0,0.0,-1,0.0,G1_REGIME,regime='unknown' skipped=None reg_empty=True,-1,0.0,0.0,
XRP/USDT,348,2026-03-24 09:00:00,long,0.53172,76.3,60.0,1.4234,0.011364,unknown,,,,False,False,0.0,0.0,50.0,0.0,0.0,0.0,0.0,0.0,50.0,0.0,0.0,-1,0.0,G1_REGIME,regime='unknown' skipped=None reg_empty=True,-1,0.0,0.0,
XRP/USDT,349,2026-03-24 10:00:00,long,0.51093,72.96,60.0,1.4216,0.0112,unknown,,,,False,False,0.0,0.0,50.0,0.0,0.0,0.0,0.0,0.0,50.0,0.0,0.0,-1,0.0,G1_REGIME,regime='unknown' skipped=None reg_empty=True,-1,0.0,0.0,
XRP/USDT,350,2026-03-24 11:00:00,long,0.51399,79.42,60.0,1.4233,0.011579,unknown,,,,False,False,0.0,0.0,50.0,0.0,0.0,0.0,0.0,0.0,50.0,0.0,0.0,-1,0.0,G1_REGIME,regime='unknown' skipped=None reg_empty=True,-1,0.0,0.0,
XRP/USDT,351,2026-03-24 12:00:00,short,0.50298,65.89,60.0,1.4164,0.011421,unknown,,,,False,False,0.0,0.0,50.0,0.0,0.0,0.0,0.0,0.0,50.0,0.0,0.0,-1,0.0,G1_REGIME,regime='unknown' skipped=None reg_empty=True,-1,0.0,0.0,
XRP/USDT,352,2026-03-24 13:00:00,long,0.5357,100.0,60.0,1.4027,0.011871,unknown,,,,False,False,0.0,0.0,50.0,0.0,0.0,0.0,0.0,0.0,50.0,0.0,0.0,-1,0.0,G1_REGIME,regime='unknown' skipped=None reg_empty=True,-1,0.0,0.0,
XRP/USDT,353,2026-03-24 14:00:00,long,0.5308,100.0,60.0,1.4021,0.0115,unknown,,,,False,False,0.0,0.0,50.0,0.0,0.0,0.0,0.0,0.0,50.0,0.0,0.0,-1,0.0,G1_REGIME,regime='unknown' skipped=None reg_empty=True,-1,0.0,0.0,
XRP/USDT,354,2026-03-24 15:00:00,long,0.54384,83.22,60.0,1.4009,0.011143,unknown,,,,False,False,0.0,0.0,50.0,0.0,0.0,0.0,0.0,0.0,50.0,0.0,0.0,-1,0.0,G1_REGIME,regime='unknown' skipped=None reg_empty=True,-1,0.0,0.0,
XRP/USDT,355,2026-03-24 16:00:00,long,0.56593,85.0,60.0,1.391,0.011593,unknown,,,,False,False,0.0,0.0,50.0,0.0,0.0,0.0,0.0,0.0,50.0,0.0,0.0,-1,0.0,G1_REGIME,regime='unknown' skipped=None reg_empty=True,-1,0.0,0.0,
XRP/USDT,356,2026-03-24 17:00:00,long,0.56913,85.02,60.0,1.3883,0.011821,unknown,,,,False,False,0.0,0.0,50.0,0.0,0.0,0.0,0.0,0.0,50.0,0.0,0.0,-1,0.0,G1_REGIME,regime='unknown' skipped=None reg_empty=True,-1,0.0,0.0,
XRP/USDT,357,2026-03-24 18:00:00,long,0.56629,83.35,60.0,1.389,0.011657,unknown,,,,False,False,0.0,0.0,50.0,0.0,0.0,0.0,0.0,0.0,50.0,0.0,0.0,-1,0.0,G1_REGIME,regime='unknown' skipped=None reg_empty=True,-1,0.0,0.0,
XRP/USDT,358,2026-03-24 19:00:00,long,0.56622,77.33,60.0,1.3882,0.011371,unknown,,,,False,False,0.0,0.0,50.0,0.0,0.0,0.0,0.0,0.0,50.0,0.0,0.0,-1,0.0,G1_REGIME,regime='unknown' skipped=None reg_empty=True,-1,0.0,0.0,
XRP/USDT,359,2026-03-24 20:00:00,long,0.53521,76.35,60.0,1.4099,0.012786,unknown,,,,False,False,0.0,0.0,50.0,0.0,0.0,0.0,0.0,0.0,50.0,0.0,0.0,-1,0.0,G1_REGIME,regime='unknown' skipped=None reg_empty=True,-1,0.0,0.0,
XRP/USDT,360,2026-03-24 21:00:00,long,0.52045,52.56,60.0,1.4131,0.012171,unknown,,,,False,False,0.0,0.0,50.0,0.0,0.0,0.0,0.0,0.0,50.0,0.0,0.0,-1,0.0,G1_REGIME,regime='unknown' skipped=None reg_empty=True,-1,0.0,0.0,
XRP/USDT,361,2026-03-24 22:00:00,long,0.51963,53.55,60.0,1.4111,0.011279,unknown,,,,False,False,0.0,0.0,50.0,0.0,0.0,0.0,0.0,0.0,50.0,0.0,0.0,-1,0.0,G1_REGIME,regime='unknown' skipped=None reg_empty=True,-1,0.0,0.0,
XRP/USDT,362,2026-03-24 23:00:00,long,0.5156,45.98,60.0,1.416,0.011143,unknown,,,,False,False,0.0,0.0,50.0,0.0,0.0,0.0,0.0,0.0,50.0,0.0,0.0,-1,0.0,G1_REGIME,regime='unknown' skipped=None reg_empty=True,-1,0.0,0.0,
XRP/USDT,363,2026-03-25 00:00:00,long,0.5355,50.22,60.0,1.4204,0.011579,unknown,,,,False,False,0.0,0.0,50.0,0.0,0.0,0.0,0.0,0.0,50.0,0.0,0.0,-1,0.0,G1_REGIME,regime='unknown' skipped=None reg_empty=True,-1,0.0,0.0,
XRP/USDT,364,2026-03-25 01:00:00,long,0.51718,48.27,60.0,1.4169,0.011279,unknown,,,,False,False,0.0,0.0,50.0,0.0,0.0,0.0,0.0,0.0,50.0,0.0,0.0,-1,0.0,G1_REGIME,regime='unknown' skipped=None reg_empty=True,-1,0.0,0.0,
XRP/USDT,365,2026-03-25 02:00:00,long,0.51943,56.86,60.0,1.4106,0.0111,unknown,,,,False,False,0.0,0.0,50.0,0.0,0.0,0.0,0.0,0.0,50.0,0.0,0.0,-1,0.0,G1_REGIME,regime='unknown' skipped=None reg_empty=True,-1,0.0,0.0,
XRP/USDT,366,2026-03-25 03:00:00,long,0.52806,46.08,60.0,1.4132,0.010407,unknown,,,,False,False,0.0,0.0,50.0,0.0,0.0,0.0,0.0,0.0,50.0,0.0,0.0,-1,0.0,G1_REGIME,regime='unknown' skipped=None reg_empty=True,-1,0.0,0.0,
XRP/USDT,367,2026-03-25 04:00:00,long,0.51623,48.81,60.0,1.4162,0.009879,unknown,,,,False,False,0.0,0.0,50.0,0.0,0.0,0.0,0.0,0.0,50.0,0.0,0.0,-1,0.0,G1_REGIME,regime='unknown' skipped=None reg_empty=True,-1,0.0,0.0,
XRP/USDT,368,2026-03-25 05:00:00,long,0.54743,52.15,60.0,1.4176,0.009886,unknown,,,,False,False,0.0,0.0,50.0,0.0,0.0,0.0,0.0,0.0,50.0,0.0,0.0,-1,0.0,G1_REGIME,regime='unknown' skipped=None reg_empty=True,-1,0.0,0.0,
XRP/USDT,369,2026-03-25 06:00:00,long,0.53033,41.86,60.0,1.4179,0.009371,unknown,,,,False,False,0.0,0.0,50.0,0.0,0.0,0.0,0.0,0.0,50.0,0.0,0.0,-1,0.0,G1_REGIME,regime='unknown' skipped=None reg_empty=True,-1,0.0,0.0,
XRP/USDT,370,2026-03-25 07:00:00,long,0.54348,44.87,60.0,1.42,0.009321,unknown,,,,False,False,0.0,0.0,50.0,0.0,0.0,0.0,0.0,0.0,50.0,0.0,0.0,-1,0.0,G1_REGIME,regime='unknown' skipped=None reg_empty=True,-1,0.0,0.0,
XRP/USDT,371,2026-03-25 08:00:00,long,0.54176,44.28,60.0,1.4197,0.009314,unknown,,,,False,False,0.0,0.0,50.0,0.0,0.0,0.0,0.0,0.0,50.0,0.0,0.0,-1,0.0,G1_REGIME,regime='unknown' skipped=None reg_empty=True,-1,0.0,0.0,
XRP/USDT,372,2026-03-25 09:00:00,long,0.54465,63.22,60.0,1.4179,0.009493,unknown,,,,False,False,0.0,0.0,50.0,0.0,0.0,0.0,0.0,0.0,50.0,0.0,0.0,-1,0.0,G1_REGIME,regime='unknown' skipped=None reg_empty=True,-1,0.0,0.0,
XRP/USDT,373,2026-03-25 10:00:00,long,0.55921,70.96,60.0,1.4228,0.008114,unknown,,,,False,False,0.0,0.0,50.0,0.0,0.0,0.0,0.0,0.0,50.0,0.0,0.0,-1,0.0,G1_REGIME,regime='unknown' skipped=None reg_empty=True,-1,0.0,0.0,
XRP/USDT,374,2026-03-25 11:00:00,long,0.54503,94.63,60.0,1.429,0.008536,unknown,,,,False,False,0.0,0.0,50.0,0.0,0.0,0.0,0.0,0.0,50.0,0.0,0.0,-1,0.0,G1_REGIME,regime='unknown' skipped=None reg_empty=True,-1,0.0,0.0,
XRP/USDT,375,2026-03-25 12:00:00,long,0.54547,78.56,60.0,1.4223,0.009393,unknown,,,,False,False,0.0,0.0,50.0,0.0,0.0,0.0,0.0,0.0,50.0,0.0,0.0,-1,0.0,G1_REGIME,regime='unknown' skipped=None reg_empty=True,-1,0.0,0.0,
XRP/USDT,376,2026-03-25 13:00:00,long,0.54141,70.55,60.0,1.4207,0.00955,unknown,,,,False,False,0.0,0.0,50.0,0.0,0.0,0.0,0.0,0.0,50.0,0.0,0.0,-1,0.0,G1_REGIME,regime='unknown' skipped=None reg_empty=True,-1,0.0,0.0,
XRP/USDT,377,2026-03-25 14:00:00,long,0.52657,76.6,60.0,1.4155,0.00915,unknown,,,,False,False,0.0,0.0,50.0,0.0,0.0,0.0,0.0,0.0,50.0,0.0,0.0,-1,0.0,G1_REGIME,regime='unknown' skipped=None reg_empty=True,-1,0.0,0.0,
XRP/USDT,378,2026-03-25 15:00:00,long,0.53191,79.02,60.0,1.4075,0.00975,unknown,,,,False,False,0.0,0.0,50.0,0.0,0.0,0.0,0.0,0.0,50.0,0.0,0.0,-1,0.0,G1_REGIME,regime='unknown' skipped=None reg_empty=True,-1,0.0,0.0,
XRP/USDT,379,2026-03-25 16:00:00,long,0.52095,80.23,60.0,1.4159,0.010429,unknown,,,,False,False,0.0,0.0,50.0,0.0,0.0,0.0,0.0,0.0,50.0,0.0,0.0,-1,0.0,G1_REGIME,regime='unknown' skipped=None reg_empty=True,-1,0.0,0.0,
XRP/USDT,380,2026-03-25 17:00:00,long,0.52285,71.43,60.0,1.4115,0.010393,unknown,,,,False,False,0.0,0.0,50.0,0.0,0.0,0.0,0.0,0.0,50.0,0.0,0.0,-1,0.0,G1_REGIME,regime='unknown' skipped=None reg_empty=True,-1,0.0,0.0,
XRP/USDT,381,2026-03-25 18:00:00,long,0.52504,69.39,60.0,1.4129,0.010579,unknown,,,,False,False,0.0,0.0,50.0,0.0,0.0,0.0,0.0,0.0,50.0,0.0,0.0,-1,0.0,G1_REGIME,regime='unknown' skipped=None reg_empty=True,-1,0.0,0.0,
XRP/USDT,382,2026-03-25 19:00:00,long,0.51253,67.77,60.0,1.4121,0.010457,unknown,,,,False,False,0.0,0.0,50.0,0.0,0.0,0.0,0.0,0.0,50.0,0.0,0.0,-1,0.0,G1_REGIME,regime='unknown' skipped=None reg_empty=True,-1,0.0,0.0,
XRP/USDT,383,2026-03-25 20:00:00,long,0.51615,68.78,60.0,1.4147,0.010329,unknown,,,,False,False,0.0,0.0,50.0,0.0,0.0,0.0,0.0,0.0,50.0,0.0,0.0,-1,0.0,G1_REGIME,regime='unknown' skipped=None reg_empty=True,-1,0.0,0.0,
XRP/USDT,384,2026-03-25 21:00:00,long,0.52191,58.31,60.0,1.4137,0.010014,unknown,,,,False,False,0.0,0.0,50.0,0.0,0.0,0.0,0.0,0.0,50.0,0.0,0.0,-1,0.0,G1_REGIME,regime='unknown' skipped=None reg_empty=True,-1,0.0,0.0,
XRP/USDT,385,2026-03-25 22:00:00,long,0.51769,54.51,60.0,1.418,0.010179,unknown,,,,False,False,0.0,0.0,50.0,0.0,0.0,0.0,0.0,0.0,50.0,0.0,0.0,-1,0.0,G1_REGIME,regime='unknown' skipped=None reg_empty=True,-1,0.0,0.0,
XRP/USDT,386,2026-03-25 23:00:00,long,0.51757,61.06,60.0,1.4145,0.010036,unknown,,,,False,False,0.0,0.0,50.0,0.0,0.0,0.0,0.0,0.0,50.0,0.0,0.0,-1,0.0,G1_REGIME,regime='unknown' skipped=None reg_empty=True,-1,0.0,0.0,
XRP/USDT,387,2026-03-26 00:00:00,long,0.57212,61.97,60.0,1.4135,0.009879,unknown,,,,False,False,0.0,0.0,50.0,0.0,0.0,0.0,0.0,0.0,50.0,0.0,0.0,-1,0.0,G1_REGIME,regime='unknown' skipped=None reg_empty=True,-1,0.0,0.0,
XRP/USDT,388,2026-03-26 01:00:00,long,0.56674,61.58,60.0,1.4109,0.009136,unknown,,,,False,False,0.0,0.0,50.0,0.0,0.0,0.0,0.0,0.0,50.0,0.0,0.0,-1,0.0,G1_REGIME,regime='unknown' skipped=None reg_empty=True,-1,0.0,0.0,
XRP/USDT,389,2026-03-26 02:00:00,long,0.59959,62.63,60.0,1.4036,0.00865,unknown,,,,False,False,0.0,0.0,50.0,0.0,0.0,0.0,0.0,0.0,50.0,0.0,0.0,-1,0.0,G1_REGIME,regime='unknown' skipped=None reg_empty=True,-1,0.0,0.0,
XRP/USDT,390,2026-03-26 03:00:00,long,0.60044,63.06,60.0,1.4017,0.008371,unknown,,,,False,False,0.0,0.0,50.0,0.0,0.0,0.0,0.0,0.0,50.0,0.0,0.0,-1,0.0,G1_REGIME,regime='unknown' skipped=None reg_empty=True,-1,0.0,0.0,
XRP/USDT,391,2026-03-26 04:00:00,long,0.60183,62.88,60.0,1.4027,0.008421,unknown,,,,False,False,0.0,0.0,50.0,0.0,0.0,0.0,0.0,0.0,50.0,0.0,0.0,-1,0.0,G1_REGIME,regime='unknown' skipped=None reg_empty=True,-1,0.0,0.0,
XRP/USDT,392,2026-03-26 05:00:00,long,0.6207,66.91,60.0,1.3889,0.008407,unknown,,,,False,False,0.0,0.0,50.0,0.0,0.0,0.0,0.0,0.0,50.0,0.0,0.0,-1,0.0,G1_REGIME,regime='unknown' skipped=None reg_empty=True,-1,0.0,0.0,
XRP/USDT,393,2026-03-26 06:00:00,long,0.59837,65.15,60.0,1.3856,0.007786,unknown,,,,False,False,0.0,0.0,50.0,0.0,0.0,0.0,0.0,0.0,50.0,0.0,0.0,-1,0.0,G1_REGIME,regime='unknown' skipped=None reg_empty=True,-1,0.0,0.0,
XRP/USDT,394,2026-03-26 07:00:00,long,0.59795,70.55,60.0,1.3856,0.007821,unknown,,,,False,False,0.0,0.0,50.0,0.0,0.0,0.0,0.0,0.0,50.0,0.0,0.0,-1,0.0,G1_REGIME,regime='unknown' skipped=None reg_empty=True,-1,0.0,0.0,
XRP/USDT,395,2026-03-26 08:00:00,long,0.58695,83.6,60.0,1.3821,0.00765,unknown,,,,False,False,0.0,0.0,50.0,0.0,0.0,0.0,0.0,0.0,50.0,0.0,0.0,-1,0.0,G1_REGIME,regime='unknown' skipped=None reg_empty=True,-1,0.0,0.0,
XRP/USDT,396,2026-03-26 09:00:00,long,0.61118,100.0,60.0,1.3731,0.008293,unknown,,,,False,False,0.0,0.0,50.0,0.0,0.0,0.0,0.0,0.0,50.0,0.0,0.0,-1,0.0,G1_REGIME,regime='unknown' skipped=None reg_empty=True,-1,0.0,0.0,
XRP/USDT,397,2026-03-26 10:00:00,long,0.61832,85.19,60.0,1.3737,0.008457,unknown,,,,False,False,0.0,0.0,50.0,0.0,0.0,0.0,0.0,0.0,50.0,0.0,0.0,-1,0.0,G1_REGIME,regime='unknown' skipped=None reg_empty=True,-1,0.0,0.0,
XRP/USDT,398,2026-03-26 11:00:00,long,0.62486,82.82,60.0,1.3715,0.008621,unknown,,,,False,False,0.0,0.0,50.0,0.0,0.0,0.0,0.0,0.0,50.0,0.0,0.0,-1,0.0,G1_REGIME,regime='unknown' skipped=None reg_empty=True,-1,0.0,0.0,
XRP/USDT,399,2026-03-26 12:00:00,long,0.62069,84.61,60.0,1.3745,0.008343,unknown,,,,False,False,0.0,0.0,50.0,0.0,0.0,0.0,0.0,0.0,50.0,0.0,0.0,-1,0.0,G1_REGIME,regime='unknown' skipped=None reg_empty=True,-1,0.0,0.0,
XRP/USDT,400,2026-03-26 13:00:00,long,0.61867,93.42,60.0,1.3786,0.008707,unknown,,,,False,False,0.0,0.0,50.0,0.0,0.0,0.0,0.0,0.0,50.0,0.0,0.0,-1,0.0,G1_REGIME,regime='unknown' skipped=None reg_empty=True,-1,0.0,0.0,
XRP/USDT,401,2026-03-26 14:00:00,long,0.62081,89.1,60.0,1.3685,0.009529,unknown,,,,False,False,0.0,0.0,50.0,0.0,0.0,0.0,0.0,0.0,50.0,0.0,0.0,-1,0.0,G1_REGIME,regime='unknown' skipped=None reg_empty=True,-1,0.0,0.0,
XRP/USDT,402,2026-03-26 15:00:00,long,0.62619,100.0,60.0,1.3604,0.010314,unknown,,,,False,False,0.0,0.0,50.0,0.0,0.0,0.0,0.0,0.0,50.0,0.0,0.0,-1,0.0,G1_REGIME,regime='unknown' skipped=None reg_empty=True,-1,0.0,0.0,
XRP/USDT,403,2026-03-26 16:00:00,long,0.63065,88.16,60.0,1.361,0.010029,unknown,,,,False,False,0.0,0.0,50.0,0.0,0.0,0.0,0.0,0.0,50.0,0.0,0.0,-1,0.0,G1_REGIME,regime='unknown' skipped=None reg_empty=True,-1,0.0,0.0,
XRP/USDT,404,2026-03-26 17:00:00,long,0.62833,84.26,60.0,1.3541,0.010436,unknown,,,,False,False,0.0,0.0,50.0,0.0,0.0,0.0,0.0,0.0,50.0,0.0,0.0,-1,0.0,G1_REGIME,regime='unknown' skipped=None reg_empty=True,-1,0.0,0.0,
XRP/USDT,405,2026-03-26 18:00:00,long,0.63199,100.0,60.0,1.3476,0.011279,unknown,,,,False,False,0.0,0.0,50.0,0.0,0.0,0.0,0.0,0.0,50.0,0.0,0.0,-1,0.0,G1_REGIME,regime='unknown' skipped=None reg_empty=True,-1,0.0,0.0,
XRP/USDT,406,2026-03-26 19:00:00,long,0.64079,84.54,60.0,1.3444,0.010771,unknown,,,,False,False,0.0,0.0,50.0,0.0,0.0,0.0,0.0,0.0,50.0,0.0,0.0,-1,0.0,G1_REGIME,regime='unknown' skipped=None reg_empty=True,-1,0.0,0.0,
XRP/USDT,407,2026-03-26 20:00:00,long,0.61601,80.88,60.0,1.3594,0.011707,unknown,,,,False,False,0.0,0.0,50.0,0.0,0.0,0.0,0.0,0.0,50.0,0.0,0.0,-1,0.0,G1_REGIME,regime='unknown' skipped=None reg_empty=True,-1,0.0,0.0,
XRP/USDT,408,2026-03-26 21:00:00,long,0.61863,78.44,60.0,1.3669,0.01205,unknown,,,,False,False,0.0,0.0,50.0,0.0,0.0,0.0,0.0,0.0,50.0,0.0,0.0,-1,0.0,G1_REGIME,regime='unknown' skipped=None reg_empty=True,-1,0.0,0.0,
XRP/USDT,409,2026-03-26 22:00:00,long,0.62764,82.56,60.0,1.3635,0.012407,unknown,,,,False,False,0.0,0.0,50.0,0.0,0.0,0.0,0.0,0.0,50.0,0.0,0.0,-1,0.0,G1_REGIME,regime='unknown' skipped=None reg_empty=True,-1,0.0,0.0,
XRP/USDT,410,2026-03-26 23:00:00,long,0.61108,72.23,60.0,1.3609,0.011764,unknown,,,,False,False,0.0,0.0,50.0,0.0,0.0,0.0,0.0,0.0,50.0,0.0,0.0,-1,0.0,G1_REGIME,regime='unknown' skipped=None reg_empty=True,-1,0.0,0.0,
XRP/USDT,411,2026-03-27 00:00:00,long,0.61458,74.53,60.0,1.3617,0.011607,unknown,,,,False,False,0.0,0.0,50.0,0.0,0.0,0.0,0.0,0.0,50.0,0.0,0.0,-1,0.0,G1_REGIME,regime='unknown' skipped=None reg_empty=True,-1,0.0,0.0,
XRP/USDT,412,2026-03-27 01:00:00,long,0.6156,80.56,60.0,1.369,0.011729,unknown,,,,False,False,0.0,0.0,50.0,0.0,0.0,0.0,0.0,0.0,50.0,0.0,0.0,-1,0.0,G1_REGIME,regime='unknown' skipped=None reg_empty=True,-1,0.0,0.0,
XRP/USDT,413,2026-03-27 02:00:00,long,0.61796,78.0,60.0,1.3704,0.011714,unknown,,,,False,False,0.0,0.0,50.0,0.0,0.0,0.0,0.0,0.0,50.0,0.0,0.0,-1,0.0,G1_REGIME,regime='unknown' skipped=None reg_empty=True,-1,0.0,0.0,
XRP/USDT,414,2026-03-27 03:00:00,long,0.62251,74.97,60.0,1.3639,0.011393,unknown,,,,False,False,0.0,0.0,50.0,0.0,0.0,0.0,0.0,0.0,50.0,0.0,0.0,-1,0.0,G1_REGIME,regime='unknown' skipped=None reg_empty=True,-1,0.0,0.0,
XRP/USDT,415,2026-03-27 04:00:00,long,0.63889,75.24,60.0,1.3634,0.010821,unknown,,,,False,False,0.0,0.0,50.0,0.0,0.0,0.0,0.0,0.0,50.0,0.0,0.0,-1,0.0,G1_REGIME,regime='unknown' skipped=None reg_empty=True,-1,0.0,0.0,
XRP/USDT,416,2026-03-27 05:00:00,long,0.65664,76.47,60.0,1.3623,0.010264,unknown,,,,False,False,0.0,0.0,50.0,0.0,0.0,0.0,0.0,0.0,50.0,0.0,0.0,-1,0.0,G1_REGIME,regime='unknown' skipped=None reg_empty=True,-1,0.0,0.0,
XRP/USDT,417,2026-03-27 06:00:00,long,0.66811,74.23,60.0,1.3599,0.010043,unknown,,,,False,False,0.0,0.0,50.0,0.0,0.0,0.0,0.0,0.0,50.0,0.0,0.0,-1,0.0,G1_REGIME,regime='unknown' skipped=None reg_empty=True,-1,0.0,0.0,
XRP/USDT,418,2026-03-27 07:00:00,long,0.66771,77.26,60.0,1.359,0.009643,unknown,,,,False,False,0.0,0.0,50.0,0.0,0.0,0.0,0.0,0.0,50.0,0.0,0.0,-1,0.0,G1_REGIME,regime='unknown' skipped=None reg_empty=True,-1,0.0,0.0,
XRP/USDT,419,2026-03-27 08:00:00,long,0.69162,92.7,60.0,1.3505,0.009486,unknown,,,,False,False,0.0,0.0,50.0,0.0,0.0,0.0,0.0,0.0,50.0,0.0,0.0,-1,0.0,G1_REGIME,regime='unknown' skipped=None reg_empty=True,-1,0.0,0.0,
XRP/USDT,420,2026-03-27 09:00:00,long,0.70687,64.76,60.0,1.3462,0.009707,unknown,,,,False,False,0.0,0.0,50.0,0.0,0.0,0.0,0.0,0.0,50.0,0.0,0.0,-1,0.0,G1_REGIME,regime='unknown' skipped=None reg_empty=True,-1,0.0,0.0,
XRP/USDT,421,2026-03-27 10:00:00,long,0.69215,73.41,60.0,1.333,0.009757,unknown,,,,False,False,0.0,0.0,50.0,0.0,0.0,0.0,0.0,0.0,50.0,0.0,0.0,-1,0.0,G1_REGIME,regime='unknown' skipped=None reg_empty=True,-1,0.0,0.0,
XRP/USDT,422,2026-03-27 11:00:00,long,0.73148,68.43,60.0,1.335,0.009514,unknown,,,,False,False,0.0,0.0,50.0,0.0,0.0,0.0,0.0,0.0,50.0,0.0,0.0,-1,0.0,G1_REGIME,regime='unknown' skipped=None reg_empty=True,-1,0.0,0.0,
XRP/USDT,423,2026-03-27 12:00:00,long,0.73242,74.39,60.0,1.3325,0.009357,unknown,,,,False,False,0.0,0.0,50.0,0.0,0.0,0.0,0.0,0.0,50.0,0.0,0.0,-1,0.0,G1_REGIME,regime='unknown' skipped=None reg_empty=True,-1,0.0,0.0,
XRP/USDT,424,2026-03-27 13:00:00,long,0.7006,71.8,60.0,1.3406,0.009986,unknown,,,,False,False,0.0,0.0,50.0,0.0,0.0,0.0,0.0,0.0,50.0,0.0,0.0,-1,0.0,G1_REGIME,regime='unknown' skipped=None reg_empty=True,-1,0.0,0.0,
XRP/USDT,425,2026-03-27 14:00:00,long,0.72119,71.06,60.0,1.3323,0.010764,unknown,,,,False,False,0.0,0.0,50.0,0.0,0.0,0.0,0.0,0.0,50.0,0.0,0.0,-1,0.0,G1_REGIME,regime='unknown' skipped=None reg_empty=True,-1,0.0,0.0,
XRP/USDT,426,2026-03-27 15:00:00,long,0.72602,100.0,60.0,1.336,0.011107,unknown,,,,False,False,0.0,0.0,50.0,0.0,0.0,0.0,0.0,0.0,50.0,0.0,0.0,-1,0.0,G1_REGIME,regime='unknown' skipped=None reg_empty=True,-1,0.0,0.0,
XRP/USDT,427,2026-03-27 16:00:00,long,0.7308,87.88,60.0,1.3307,0.0112,unknown,,,,False,False,0.0,0.0,50.0,0.0,0.0,0.0,0.0,0.0,50.0,0.0,0.0,-1,0.0,G1_REGIME,regime='unknown' skipped=None reg_empty=True,-1,0.0,0.0,
XRP/USDT,428,2026-03-27 17:00:00,long,0.70325,84.49,60.0,1.324,0.011671,unknown,,,,False,False,0.0,0.0,50.0,0.0,0.0,0.0,0.0,0.0,50.0,0.0,0.0,-1,0.0,G1_REGIME,regime='unknown' skipped=None reg_empty=True,-1,0.0,0.0,
XRP/USDT,429,2026-03-27 18:00:00,long,0.69713,84.95,60.0,1.3236,0.0116,unknown,,,,False,False,0.0,0.0,50.0,0.0,0.0,0.0,0.0,0.0,50.0,0.0,0.0,-1,0.0,G1_REGIME,regime='unknown' skipped=None reg_empty=True,-1,0.0,0.0,
XRP/USDT,430,2026-03-27 19:00:00,long,0.6971,84.15,60.0,1.3253,0.011729,unknown,,,,False,False,0.0,0.0,50.0,0.0,0.0,0.0,0.0,0.0,50.0,0.0,0.0,-1,0.0,G1_REGIME,regime='unknown' skipped=None reg_empty=True,-1,0.0,0.0,
XRP/USDT,431,2026-03-27 20:00:00,long,0.69555,84.64,60.0,1.3262,0.011829,unknown,,,,False,False,0.0,0.0,50.0,0.0,0.0,0.0,0.0,0.0,50.0,0.0,0.0,-1,0.0,G1_REGIME,regime='unknown' skipped=None reg_empty=True,-1,0.0,0.0,
XRP/USDT,432,2026-03-27 21:00:00,long,0.71896,85.45,60.0,1.3287,0.011764,unknown,,,,False,False,0.0,0.0,50.0,0.0,0.0,0.0,0.0,0.0,50.0,0.0,0.0,-1,0.0,G1_REGIME,regime='unknown' skipped=None reg_empty=True,-1,0.0,0.0,
XRP/USDT,433,2026-03-27 22:00:00,long,0.71785,84.98,60.0,1.3247,0.011,unknown,,,,False,False,0.0,0.0,50.0,0.0,0.0,0.0,0.0,0.0,50.0,0.0,0.0,-1,0.0,G1_REGIME,regime='unknown' skipped=None reg_empty=True,-1,0.0,0.0,
XRP/USDT,434,2026-03-27 23:00:00,long,0.73128,87.29,60.0,1.3257,0.01065,unknown,,,,False,False,0.0,0.0,50.0,0.0,0.0,0.0,0.0,0.0,50.0,0.0,0.0,-1,0.0,G1_REGIME,regime='unknown' skipped=None reg_empty=True,-1,0.0,0.0,
XRP/USDT,435,2026-03-28 00:00:00,long,0.72333,88.26,60.0,1.3265,0.009464,unknown,,,,False,False,0.0,0.0,50.0,0.0,0.0,0.0,0.0,0.0,50.0,0.0,0.0,-1,0.0,G1_REGIME,regime='unknown' skipped=None reg_empty=True,-1,0.0,0.0,
XRP/USDT,436,2026-03-28 01:00:00,long,0.72119,84.68,60.0,1.3237,0.009421,unknown,,,,False,False,0.0,0.0,50.0,0.0,0.0,0.0,0.0,0.0,50.0,0.0,0.0,-1,0.0,G1_REGIME,regime='unknown' skipped=None reg_empty=True,-1,0.0,0.0,
XRP/USDT,437,2026-03-28 02:00:00,long,0.73674,85.38,60.0,1.324,0.009179,unknown,,,,False,False,0.0,0.0,50.0,0.0,0.0,0.0,0.0,0.0,50.0,0.0,0.0,-1,0.0,G1_REGIME,regime='unknown' skipped=None reg_empty=True,-1,0.0,0.0,
XRP/USDT,438,2026-03-28 03:00:00,long,0.73569,87.07,60.0,1.3271,0.008386,unknown,,,,False,False,0.0,0.0,50.0,0.0,0.0,0.0,0.0,0.0,50.0,0.0,0.0,-1,0.0,G1_REGIME,regime='unknown' skipped=None reg_empty=True,-1,0.0,0.0,
XRP/USDT,439,2026-03-28 04:00:00,long,0.72559,90.25,60.0,1.3307,0.007571,unknown,,,,False,False,0.0,0.0,50.0,0.0,0.0,0.0,0.0,0.0,50.0,0.0,0.0,-1,0.0,G1_REGIME,regime='unknown' skipped=None reg_empty=True,-1,0.0,0.0,
XRP/USDT,440,2026-03-28 05:00:00,long,0.73458,95.51,60.0,1.3374,0.007536,unknown,,,,False,False,0.0,0.0,50.0,0.0,0.0,0.0,0.0,0.0,50.0,0.0,0.0,-1,0.0,G1_REGIME,regime='unknown' skipped=None reg_empty=True,-1,0.0,0.0,
XRP/USDT,441,2026-03-28 06:00:00,long,0.72706,93.38,60.0,1.3359,0.007443,unknown,,,,False,False,0.0,0.0,50.0,0.0,0.0,0.0,0.0,0.0,50.0,0.0,0.0,-1,0.0,G1_REGIME,regime='unknown' skipped=None reg_empty=True,-1,0.0,0.0,
XRP/USDT,442,2026-03-28 07:00:00,long,0.70101,73.2,60.0,1.3411,0.006886,unknown,,,,False,False,0.0,0.0,50.0,0.0,0.0,0.0,0.0,0.0,50.0,0.0,0.0,-1,0.0,G1_REGIME,regime='unknown' skipped=None reg_empty=True,-1,0.0,0.0,
XRP/USDT,443,2026-03-28 08:00:00,long,0.7132,94.02,60.0,1.3379,0.006714,unknown,,,,False,False,0.0,0.0,50.0,0.0,0.0,0.0,0.0,0.0,50.0,0.0,0.0,-1,0.0,G1_REGIME,regime='unknown' skipped=None reg_empty=True,-1,0.0,0.0,
XRP/USDT,444,2026-03-28 09:00:00,long,0.69048,60.44,60.0,1.3372,0.006179,unknown,,,,False,False,0.0,0.0,50.0,0.0,0.0,0.0,0.0,0.0,50.0,0.0,0.0,-1,0.0,G1_REGIME,regime='unknown' skipped=None reg_empty=True,-1,0.0,0.0,
XRP/USDT,445,2026-03-28 10:00:00,long,0.69032,62.34,60.0,1.3379,0.006357,unknown,,,,False,False,0.0,0.0,50.0,0.0,0.0,0.0,0.0,0.0,50.0,0.0,0.0,-1,0.0,G1_REGIME,regime='unknown' skipped=None reg_empty=True,-1,0.0,0.0,
XRP/USDT,446,2026-03-28 11:00:00,long,0.71141,55.01,60.0,1.3403,0.006229,unknown,,,,False,False,0.0,0.0,50.0,0.0,0.0,0.0,0.0,0.0,50.0,0.0,0.0,-1,0.0,G1_REGIME,regime='unknown' skipped=None reg_empty=True,-1,0.0,0.0,
XRP/USDT,447,2026-03-28 12:00:00,long,0.69457,40.55,60.0,1.3386,0.006143,unknown,,,,False,False,0.0,0.0,50.0,0.0,0.0,0.0,0.0,0.0,50.0,0.0,0.0,-1,0.0,G1_REGIME,regime='unknown' skipped=None reg_empty=True,-1,0.0,0.0,
XRP/USDT,448,2026-03-28 13:00:00,long,0.73556,90.17,60.0,1.3504,0.007093,unknown,,,,False,False,0.0,0.0,50.0,0.0,0.0,0.0,0.0,0.0,50.0,0.0,0.0,-1,0.0,G1_REGIME,regime='unknown' skipped=None reg_empty=True,-1,0.0,0.0,
XRP/USDT,449,2026-03-28 14:00:00,long,0.73816,71.0,60.0,1.3479,0.007193,unknown,,,,False,False,0.0,0.0,50.0,0.0,0.0,0.0,0.0,0.0,50.0,0.0,0.0,-1,0.0,G1_REGIME,regime='unknown' skipped=None reg_empty=True,-1,0.0,0.0,
XRP/USDT,450,2026-03-28 15:00:00,long,0.70686,74.45,60.0,1.3533,0.007436,unknown,,,,False,False,0.0,0.0,50.0,0.0,0.0,0.0,0.0,0.0,50.0,0.0,0.0,-1,0.0,G1_REGIME,regime='unknown' skipped=None reg_empty=True,-1,0.0,0.0,
XRP/USDT,451,2026-03-28 16:00:00,long,0.69534,65.43,60.0,1.35,0.007386,unknown,,,,False,False,0.0,0.0,50.0,0.0,0.0,0.0,0.0,0.0,50.0,0.0,0.0,-1,0.0,G1_REGIME,regime='unknown' skipped=None reg_empty=True,-1,0.0,0.0,
XRP/USDT,452,2026-03-28 17:00:00,long,0.70964,73.0,60.0,1.3457,0.007629,unknown,,,,False,False,0.0,0.0,50.0,0.0,0.0,0.0,0.0,0.0,50.0,0.0,0.0,-1,0.0,G1_REGIME,regime='unknown' skipped=None reg_empty=True,-1,0.0,0.0,
XRP/USDT,453,2026-03-28 18:00:00,long,0.71017,72.88,60.0,1.3459,0.007443,unknown,,,,False,False,0.0,0.0,50.0,0.0,0.0,0.0,0.0,0.0,50.0,0.0,0.0,-1,0.0,G1_REGIME,regime='unknown' skipped=None reg_empty=True,-1,0.0,0.0,
XRP/USDT,454,2026-03-28 19:00:00,long,0.74052,71.57,60.0,1.3449,0.006807,unknown,,,,False,False,0.0,0.0,50.0,0.0,0.0,0.0,0.0,0.0,50.0,0.0,0.0,-1,0.0,G1_REGIME,regime='unknown' skipped=None reg_empty=True,-1,0.0,0.0,
XRP/USDT,455,2026-03-28 20:00:00,long,0.70305,75.15,60.0,1.3469,0.00665,unknown,,,,False,False,0.0,0.0,50.0,0.0,0.0,0.0,0.0,0.0,50.0,0.0,0.0,-1,0.0,G1_REGIME,regime='unknown' skipped=None reg_empty=True,-1,0.0,0.0,
XRP/USDT,456,2026-03-28 21:00:00,long,0.68331,71.96,60.0,1.3414,0.006671,unknown,,,,False,False,0.0,0.0,50.0,0.0,0.0,0.0,0.0,0.0,50.0,0.0,0.0,-1,0.0,G1_REGIME,regime='unknown' skipped=None reg_empty=True,-1,0.0,0.0,
XRP/USDT,457,2026-03-28 22:00:00,long,0.68658,70.05,60.0,1.3412,0.006664,unknown,,,,False,False,0.0,0.0,50.0,0.0,0.0,0.0,0.0,0.0,50.0,0.0,0.0,-1,0.0,G1_REGIME,regime='unknown' skipped=None reg_empty=True,-1,0.0,0.0,
XRP/USDT,458,2026-03-28 23:00:00,long,0.73154,94.02,60.0,1.3333,0.007236,unknown,,,,False,False,0.0,0.0,50.0,0.0,0.0,0.0,0.0,0.0,50.0,0.0,0.0,-1,0.0,G1_REGIME,regime='unknown' skipped=None reg_empty=True,-1,0.0,0.0,
XRP/USDT,459,2026-03-29 00:00:00,long,0.71217,90.09,60.0,1.3326,0.007029,unknown,,,,False,False,0.0,0.0,50.0,0.0,0.0,0.0,0.0,0.0,50.0,0.0,0.0,-1,0.0,G1_REGIME,regime='unknown' skipped=None reg_empty=True,-1,0.0,0.0,
XRP/USDT,460,2026-03-29 01:00:00,long,0.71835,87.64,60.0,1.3357,0.007036,unknown,,,,False,False,0.0,0.0,50.0,0.0,0.0,0.0,0.0,0.0,50.0,0.0,0.0,-1,0.0,G1_REGIME,regime='unknown' skipped=None reg_empty=True,-1,0.0,0.0,
XRP/USDT,461,2026-03-29 02:00:00,long,0.72294,86.79,60.0,1.3367,0.006943,unknown,,,,False,False,0.0,0.0,50.0,0.0,0.0,0.0,0.0,0.0,50.0,0.0,0.0,-1,0.0,G1_REGIME,regime='unknown' skipped=None reg_empty=True,-1,0.0,0.0,
XRP/USDT,462,2026-03-29 03:00:00,long,0.69382,76.95,60.0,1.3384,0.006029,unknown,,,,False,False,0.0,0.0,50.0,0.0,0.0,0.0,0.0,0.0,50.0,0.0,0.0,-1,0.0,G1_REGIME,regime='unknown' skipped=None reg_empty=True,-1,0.0,0.0,
XRP/USDT,463,2026-03-29 04:00:00,long,0.6949,85.89,60.0,1.3363,0.005864,unknown,,,,False,False,0.0,0.0,50.0,0.0,0.0,0.0,0.0,0.0,50.0,0.0,0.0,-1,0.0,G1_REGIME,regime='unknown' skipped=None reg_empty=True,-1,0.0,0.0,
XRP/USDT,464,2026-03-29 05:00:00,long,0.66929,89.35,60.0,1.3336,0.005571,unknown,,,,False,False,0.0,0.0,50.0,0.0,0.0,0.0,0.0,0.0,50.0,0.0,0.0,-1,0.0,G1_REGIME,regime='unknown' skipped=None reg_empty=True,-1,0.0,0.0,
XRP/USDT,465,2026-03-29 06:00:00,long,0.67514,91.45,60.0,1.3345,0.005907,unknown,,,,False,False,0.0,0.0,50.0,0.0,0.0,0.0,0.0,0.0,50.0,0.0,0.0,-1,0.0,G1_REGIME,regime='unknown' skipped=None reg_empty=True,-1,0.0,0.0,
XRP/USDT,466,2026-03-29 07:00:00,long,0.67133,85.22,60.0,1.3341,0.005686,unknown,,,,False,False,0.0,0.0,50.0,0.0,0.0,0.0,0.0,0.0,50.0,0.0,0.0,-1,0.0,G1_REGIME,regime='unknown' skipped=None reg_empty=True,-1,0.0,0.0,
XRP/USDT,467,2026-03-29 08:00:00,long,0.7127,89.7,60.0,1.3373,0.006071,unknown,,,,False,False,0.0,0.0,50.0,0.0,0.0,0.0,0.0,0.0,50.0,0.0,0.0,-1,0.0,G1_REGIME,regime='unknown' skipped=None reg_empty=True,-1,0.0,0.0,
XRP/USDT,468,2026-03-29 09:00:00,long,0.69813,63.29,60.0,1.3355,0.005993,unknown,,,,False,False,0.0,0.0,50.0,0.0,0.0,0.0,0.0,0.0,50.0,0.0,0.0,-1,0.0,G1_REGIME,regime='unknown' skipped=None reg_empty=True,-1,0.0,0.0,
XRP/USDT,469,2026-03-29 10:00:00,long,0.68784,63.21,60.0,1.3336,0.006057,unknown,,,,False,False,0.0,0.0,50.0,0.0,0.0,0.0,0.0,0.0,50.0,0.0,0.0,-1,0.0,G1_REGIME,regime='unknown' skipped=None reg_empty=True,-1,0.0,0.0,
XRP/USDT,470,2026-03-29 11:00:00,long,0.73128,60.63,60.0,1.3382,0.006136,unknown,,,,False,False,0.0,0.0,50.0,0.0,0.0,0.0,0.0,0.0,50.0,0.0,0.0,-1,0.0,G1_REGIME,regime='unknown' skipped=None reg_empty=True,-1,0.0,0.0,
XRP/USDT,471,2026-03-29 12:00:00,long,0.69331,64.14,60.0,1.3347,0.0061,unknown,,,,False,False,0.0,0.0,50.0,0.0,0.0,0.0,0.0,0.0,50.0,0.0,0.0,-1,0.0,G1_REGIME,regime='unknown' skipped=None reg_empty=True,-1,0.0,0.0,
XRP/USDT,472,2026-03-29 13:00:00,long,0.69427,86.01,60.0,1.3266,0.006064,unknown,,,,False,False,0.0,0.0,50.0,0.0,0.0,0.0,0.0,0.0,50.0,0.0,0.0,-1,0.0,G1_REGIME,regime='unknown' skipped=None reg_empty=True,-1,0.0,0.0,
XRP/USDT,473,2026-03-29 14:00:00,long,0.71532,67.29,60.0,1.3262,0.006264,unknown,,,,False,False,0.0,0.0,50.0,0.0,0.0,0.0,0.0,0.0,50.0,0.0,0.0,-1,0.0,G1_REGIME,regime='unknown' skipped=None reg_empty=True,-1,0.0,0.0,
XRP/USDT,474,2026-03-29 15:00:00,long,0.71468,86.23,60.0,1.3257,0.006421,unknown,,,,False,False,0.0,0.0,50.0,0.0,0.0,0.0,0.0,0.0,50.0,0.0,0.0,-1,0.0,G1_REGIME,regime='unknown' skipped=None reg_empty=True,-1,0.0,0.0,
XRP/USDT,475,2026-03-29 16:00:00,long,0.71659,64.33,60.0,1.3252,0.0065,unknown,,,,False,False,0.0,0.0,50.0,0.0,0.0,0.0,0.0,0.0,50.0,0.0,0.0,-1,0.0,G1_REGIME,regime='unknown' skipped=None reg_empty=True,-1,0.0,0.0,
XRP/USDT,476,2026-03-29 17:00:00,long,0.71594,68.49,60.0,1.3235,0.00665,unknown,,,,False,False,0.0,0.0,50.0,0.0,0.0,0.0,0.0,0.0,50.0,0.0,0.0,-1,0.0,G1_REGIME,regime='unknown' skipped=None reg_empty=True,-1,0.0,0.0,
XRP/USDT,477,2026-03-29 18:00:00,long,0.71886,65.06,60.0,1.3236,0.006707,unknown,,,,False,False,0.0,0.0,50.0,0.0,0.0,0.0,0.0,0.0,50.0,0.0,0.0,-1,0.0,G1_REGIME,regime='unknown' skipped=None reg_empty=True,-1,0.0,0.0,
XRP/USDT,478,2026-03-29 19:00:00,long,0.72229,73.39,60.0,1.3182,0.0067,unknown,,,,False,False,0.0,0.0,50.0,0.0,0.0,0.0,0.0,0.0,50.0,0.0,0.0,-1,0.0,G1_REGIME,regime='unknown' skipped=None reg_empty=True,-1,0.0,0.0,
XRP/USDT,479,2026-03-29 20:00:00,long,0.70788,67.37,60.0,1.3241,0.006671,unknown,,,,False,False,0.0,0.0,50.0,0.0,0.0,0.0,0.0,0.0,50.0,0.0,0.0,-1,0.0,G1_REGIME,regime='unknown' skipped=None reg_empty=True,-1,0.0,0.0,
XRP/USDT,480,2026-03-29 21:00:00,long,0.70628,57.33,60.0,1.3278,0.006686,unknown,,,,False,False,0.0,0.0,50.0,0.0,0.0,0.0,0.0,0.0,50.0,0.0,0.0,-1,0.0,G1_REGIME,regime='unknown' skipped=None reg_empty=True,-1,0.0,0.0,
XRP/USDT,481,2026-03-29 22:00:00,long,0.72788,88.73,60.0,1.319,0.008443,unknown,,,,False,False,0.0,0.0,50.0,0.0,0.0,0.0,0.0,0.0,50.0,0.0,0.0,-1,0.0,G1_REGIME,regime='unknown' skipped=None reg_empty=True,-1,0.0,0.0,
XRP/USDT,482,2026-03-29 23:00:00,long,0.69014,55.93,60.0,1.3278,0.009171,unknown,,,,False,False,0.0,0.0,50.0,0.0,0.0,0.0,0.0,0.0,50.0,0.0,0.0,-1,0.0,G1_REGIME,regime='unknown' skipped=None reg_empty=True,-1,0.0,0.0,
XRP/USDT,483,2026-03-30 00:00:00,long,0.71483,59.98,60.0,1.3314,0.010707,unknown,,,,False,False,0.0,0.0,50.0,0.0,0.0,0.0,0.0,0.0,50.0,0.0,0.0,-1,0.0,G1_REGIME,regime='unknown' skipped=None reg_empty=True,-1,0.0,0.0,
XRP/USDT,484,2026-03-30 01:00:00,long,0.71629,57.44,60.0,1.3403,0.010957,unknown,,,,False,False,0.0,0.0,50.0,0.0,0.0,0.0,0.0,0.0,50.0,0.0,0.0,-1,0.0,G1_REGIME,regime='unknown' skipped=None reg_empty=True,-1,0.0,0.0,
XRP/USDT,485,2026-03-30 02:00:00,long,0.72023,60.12,60.0,1.3486,0.01175,unknown,,,,False,False,0.0,0.0,50.0,0.0,0.0,0.0,0.0,0.0,50.0,0.0,0.0,-1,0.0,G1_REGIME,regime='unknown' skipped=None reg_empty=True,-1,0.0,0.0,
XRP/USDT,486,2026-03-30 03:00:00,long,0.70453,49.14,60.0,1.352,0.01175,unknown,,,,False,False,0.0,0.0,50.0,0.0,0.0,0.0,0.0,0.0,50.0,0.0,0.0,-1,0.0,G1_REGIME,regime='unknown' skipped=None reg_empty=True,-1,0.0,0.0,
XRP/USDT,487,2026-03-30 04:00:00,long,0.69943,51.42,60.0,1.3509,0.011879,unknown,,,,False,False,0.0,0.0,50.0,0.0,0.0,0.0,0.0,0.0,50.0,0.0,0.0,-1,0.0,G1_REGIME,regime='unknown' skipped=None reg_empty=True,-1,0.0,0.0,
XRP/USDT,488,2026-03-30 05:00:00,long,0.70822,56.23,60.0,1.3519,0.012129,unknown,,,,False,False,0.0,0.0,50.0,0.0,0.0,0.0,0.0,0.0,50.0,0.0,0.0,-1,0.0,G1_REGIME,regime='unknown' skipped=None reg_empty=True,-1,0.0,0.0,
XRP/USDT,489,2026-03-30 06:00:00,long,0.70655,47.96,60.0,1.3507,0.012207,unknown,,,,False,False,0.0,0.0,50.0,0.0,0.0,0.0,0.0,0.0,50.0,0.0,0.0,-1,0.0,G1_REGIME,regime='unknown' skipped=None reg_empty=True,-1,0.0,0.0,
XRP/USDT,490,2026-03-30 07:00:00,long,0.754,52.04,60.0,1.3584,0.012243,unknown,,,,False,False,0.0,0.0,50.0,0.0,0.0,0.0,0.0,0.0,50.0,0.0,0.0,-1,0.0,G1_REGIME,regime='unknown' skipped=None reg_empty=True,-1,0.0,0.0,
XRP/USDT,491,2026-03-30 08:00:00,long,0.74963,52.47,60.0,1.3612,0.012629,unknown,,,,False,False,0.0,0.0,50.0,0.0,0.0,0.0,0.0,0.0,50.0,0.0,0.0,-1,0.0,G1_REGIME,regime='unknown' skipped=None reg_empty=True,-1,0.0,0.0,
XRP/USDT,492,2026-03-30 09:00:00,long,0.7082,49.71,60.0,1.3499,0.012907,unknown,,,,False,False,0.0,0.0,50.0,0.0,0.0,0.0,0.0,0.0,50.0,0.0,0.0,-1,0.0,G1_REGIME,regime='unknown' skipped=None reg_empty=True,-1,0.0,0.0,
XRP/USDT,493,2026-03-30 10:00:00,long,0.70382,57.4,60.0,1.3479,0.0126,unknown,,,,False,False,0.0,0.0,50.0,0.0,0.0,0.0,0.0,0.0,50.0,0.0,0.0,-1,0.0,G1_REGIME,regime='unknown' skipped=None reg_empty=True,-1,0.0,0.0,
XRP/USDT,494,2026-03-30 11:00:00,long,0.71467,63.44,60.0,1.3499,0.013207,unknown,,,,False,False,0.0,0.0,50.0,0.0,0.0,0.0,0.0,0.0,50.0,0.0,0.0,-1,0.0,G1_REGIME,regime='unknown' skipped=None reg_empty=True,-1,0.0,0.0,
XRP/USDT,495,2026-03-30 12:00:00,long,0.72472,48.3,60.0,1.3515,0.011336,unknown,,,,False,False,0.0,0.0,50.0,0.0,0.0,0.0,0.0,0.0,50.0,0.0,0.0,-1,0.0,G1_REGIME,regime='unknown' skipped=None reg_empty=True,-1,0.0,0.0,
XRP/USDT,496,2026-03-30 13:00:00,long,0.70597,67.46,60.0,1.3459,0.011229,unknown,,,,False,False,0.0,0.0,50.0,0.0,0.0,0.0,0.0,0.0,50.0,0.0,0.0,-1,0.0,G1_REGIME,regime='unknown' skipped=None reg_empty=True,-1,0.0,0.0,
XRP/USDT,497,2026-03-30 14:00:00,long,0.73937,59.69,60.0,1.3481,0.010407,unknown,,,,False,False,0.0,0.0,50.0,0.0,0.0,0.0,0.0,0.0,50.0,0.0,0.0,-1,0.0,G1_REGIME,regime='unknown' skipped=None reg_empty=True,-1,0.0,0.0,
XRP/USDT,498,2026-03-30 15:00:00,long,0.74267,63.35,60.0,1.3454,0.010464,unknown,,,,False,False,0.0,0.0,50.0,0.0,0.0,0.0,0.0,0.0,50.0,0.0,0.0,-1,0.0,G1_REGIME,regime='unknown' skipped=None reg_empty=True,-1,0.0,0.0,
XRP/USDT,499,2026-03-30 16:00:00,long,0.71961,57.41,60.0,1.342,0.009886,unknown,,,,False,False,0.0,0.0,50.0,0.0,0.0,0.0,0.0,0.0,50.0,0.0,0.0,-1,0.0,G1_REGIME,regime='unknown' skipped=None reg_empty=True,-1,0.0,0.0,
XRP/USDT,500,2026-03-30 17:00:00,long,0.7003,57.67,60.0,1.3342,0.010143,unknown,,,,False,False,0.0,0.0,50.0,0.0,0.0,0.0,0.0,0.0,50.0,0.0,0.0,-1,0.0,G1_REGIME,regime='unknown' skipped=None reg_empty=True,-1,0.0,0.0,
XRP/USDT,501,2026-03-30 18:00:00,long,0.68104,57.5,60.0,1.3255,0.010236,unknown,,,,False,False,0.0,0.0,50.0,0.0,0.0,0.0,0.0,0.0,50.0,0.0,0.0,-1,0.0,G1_REGIME,regime='unknown' skipped=None reg_empty=True,-1,0.0,0.0,
XRP/USDT,502,2026-03-30 19:00:00,long,0.68263,58.06,60.0,1.323,0.010179,unknown,,,,False,False,0.0,0.0,50.0,0.0,0.0,0.0,0.0,0.0,50.0,0.0,0.0,-1,0.0,G1_REGIME,regime='unknown' skipped=None reg_empty=True,-1,0.0,0.0,
XRP/USDT,503,2026-03-30 20:00:00,long,0.71085,52.77,60.0,1.3274,0.010171,unknown,,,,False,False,0.0,0.0,50.0,0.0,0.0,0.0,0.0,0.0,50.0,0.0,0.0,-1,0.0,G1_REGIME,regime='unknown' skipped=None reg_empty=True,-1,0.0,0.0,
XRP/USDT,504,2026-03-30 21:00:00,long,0.71691,78.0,60.0,1.3309,0.010214,unknown,,,,False,False,0.0,0.0,50.0,0.0,0.0,0.0,0.0,0.0,50.0,0.0,0.0,-1,0.0,G1_REGIME,regime='unknown' skipped=None reg_empty=True,-1,0.0,0.0,
XRP/USDT,505,2026-03-30 22:00:00,long,0.71848,70.6,60.0,1.3289,0.009921,unknown,,,,False,False,0.0,0.0,50.0,0.0,0.0,0.0,0.0,0.0,50.0,0.0,0.0,-1,0.0,G1_REGIME,regime='unknown' skipped=None reg_empty=True,-1,0.0,0.0,
XRP/USDT,506,2026-03-30 23:00:00,long,0.72174,84.75,60.0,1.3242,0.009729,unknown,,,,False,False,0.0,0.0,50.0,0.0,0.0,0.0,0.0,0.0,50.0,0.0,0.0,-1,0.0,G1_REGIME,regime='unknown' skipped=None reg_empty=True,-1,0.0,0.0,
XRP/USDT,507,2026-03-31 00:00:00,long,0.69413,84.3,60.0,1.326,0.010093,unknown,,,,False,False,0.0,0.0,50.0,0.0,0.0,0.0,0.0,0.0,50.0,0.0,0.0,-1,0.0,G1_REGIME,regime='unknown' skipped=None reg_empty=True,-1,0.0,0.0,
XRP/USDT,508,2026-03-31 01:00:00,long,0.64634,85.79,60.0,1.3394,0.010893,unknown,,,,False,False,0.0,0.0,50.0,0.0,0.0,0.0,0.0,0.0,50.0,0.0,0.0,-1,0.0,G1_REGIME,regime='unknown' skipped=None reg_empty=True,-1,0.0,0.0,
XRP/USDT,509,2026-03-31 02:00:00,long,0.66178,73.46,60.0,1.3368,0.010829,unknown,,,,False,False,0.0,0.0,50.0,0.0,0.0,0.0,0.0,0.0,50.0,0.0,0.0,-1,0.0,G1_REGIME,regime='unknown' skipped=None reg_empty=True,-1,0.0,0.0,
XRP/USDT,510,2026-03-31 03:00:00,long,0.68383,84.14,60.0,1.3259,0.01075,unknown,,,,False,False,0.0,0.0,50.0,0.0,0.0,0.0,0.0,0.0,50.0,0.0,0.0,-1,0.0,G1_REGIME,regime='unknown' skipped=None reg_empty=True,-1,0.0,0.0,
XRP/USDT,511,2026-03-31 04:00:00,long,0.67637,89.65,60.0,1.3239,0.010207,unknown,,,,False,False,0.0,0.0,50.0,0.0,0.0,0.0,0.0,0.0,50.0,0.0,0.0,-1,0.0,G1_REGIME,regime='unknown' skipped=None reg_empty=True,-1,0.0,0.0,
XRP/USDT,512,2026-03-31 05:00:00,long,0.66885,88.78,60.0,1.3226,0.01005,unknown,,,,False,False,0.0,0.0,50.0,0.0,0.0,0.0,0.0,0.0,50.0,0.0,0.0,-1,0.0,G1_REGIME,regime='unknown' skipped=None reg_empty=True,-1,0.0,0.0,
XRP/USDT,513,2026-03-31 06:00:00,long,0.6768,100.0,60.0,1.3241,0.010493,unknown,,,,False,False,0.0,0.0,50.0,0.0,0.0,0.0,0.0,0.0,50.0,0.0,0.0,-1,0.0,G1_REGIME,regime='unknown' skipped=None reg_empty=True,-1,0.0,0.0,
XRP/USDT,514,2026-03-31 07:00:00,long,0.66327,92.27,60.0,1.3196,0.010336,unknown,,,,False,False,0.0,0.0,50.0,0.0,0.0,0.0,0.0,0.0,50.0,0.0,0.0,-1,0.0,G1_REGIME,regime='unknown' skipped=None reg_empty=True,-1,0.0,0.0,
XRP/USDT,515,2026-03-31 08:00:00,long,0.65584,84.87,60.0,1.3141,0.010493,unknown,,,,False,False,0.0,0.0,50.0,0.0,0.0,0.0,0.0,0.0,50.0,0.0,0.0,-1,0.0,G1_REGIME,regime='unknown' skipped=None reg_empty=True,-1,0.0,0.0,
XRP/USDT,516,2026-03-31 09:00:00,long,0.65663,93.29,60.0,1.3073,0.010729,unknown,,,,False,False,0.0,0.0,50.0,0.0,0.0,0.0,0.0,0.0,50.0,0.0,0.0,-1,0.0,G1_REGIME,regime='unknown' skipped=None reg_empty=True,-1,0.0,0.0,
XRP/USDT,517,2026-03-31 10:00:00,long,0.67466,87.45,60.0,1.3108,0.010757,unknown,,,,False,False,0.0,0.0,50.0,0.0,0.0,0.0,0.0,0.0,50.0,0.0,0.0,-1,0.0,G1_REGIME,regime='unknown' skipped=None reg_empty=True,-1,0.0,0.0,
XRP/USDT,518,2026-03-31 11:00:00,long,0.66771,94.14,60.0,1.315,0.010829,unknown,,,,False,False,0.0,0.0,50.0,0.0,0.0,0.0,0.0,0.0,50.0,0.0,0.0,-1,0.0,G1_REGIME,regime='unknown' skipped=None reg_empty=True,-1,0.0,0.0,
XRP/USDT,519,2026-03-31 12:00:00,long,0.6669,65.4,60.0,1.3156,0.010943,unknown,,,,False,False,0.0,0.0,50.0,0.0,0.0,0.0,0.0,0.0,50.0,0.0,0.0,-1,0.0,G1_REGIME,regime='unknown' skipped=None reg_empty=True,-1,0.0,0.0,
XRP/USDT,520,2026-03-31 13:00:00,long,0.67069,61.15,60.0,1.3265,0.011264,unknown,,,,False,False,0.0,0.0,50.0,0.0,0.0,0.0,0.0,0.0,50.0,0.0,0.0,-1,0.0,G1_REGIME,regime='unknown' skipped=None reg_empty=True,-1,0.0,0.0,
XRP/USDT,521,2026-03-31 14:00:00,long,0.66291,89.07,60.0,1.3147,0.0125,unknown,,,,False,False,0.0,0.0,50.0,0.0,0.0,0.0,0.0,0.0,50.0,0.0,0.0,-1,0.0,G1_REGIME,regime='unknown' skipped=None reg_empty=True,-1,0.0,0.0,
XRP/USDT,522,2026-03-31 15:00:00,long,0.65552,73.74,60.0,1.3151,0.011771,unknown,,,,False,False,0.0,0.0,50.0,0.0,0.0,0.0,0.0,0.0,50.0,0.0,0.0,-1,0.0,G1_REGIME,regime='unknown' skipped=None reg_empty=True,-1,0.0,0.0,
XRP/USDT,523,2026-03-31 16:00:00,long,0.67512,58.72,60.0,1.3305,0.013021,unknown,,,,False,False,0.0,0.0,50.0,0.0,0.0,0.0,0.0,0.0,50.0,0.0,0.0,-1,0.0,G1_REGIME,regime='unknown' skipped=None reg_empty=True,-1,0.0,0.0,
XRP/USDT,524,2026-03-31 17:00:00,long,0.69208,63.8,60.0,1.331,0.013471,unknown,,,,False,False,0.0,0.0,50.0,0.0,0.0,0.0,0.0,0.0,50.0,0.0,0.0,-1,0.0,G1_REGIME,regime='unknown' skipped=None reg_empty=True,-1,0.0,0.0,
XRP/USDT,525,2026-03-31 18:00:00,long,0.63872,49.22,60.0,1.3405,0.013814,unknown,,,,False,False,0.0,0.0,50.0,0.0,0.0,0.0,0.0,0.0,50.0,0.0,0.0,-1,0.0,G1_REGIME,regime='unknown' skipped=None reg_empty=True,-1,0.0,0.0,
XRP/USDT,526,2026-03-31 19:00:00,long,0.62071,54.17,60.0,1.345,0.013586,unknown,,,,False,False,0.0,0.0,50.0,0.0,0.0,0.0,0.0,0.0,50.0,0.0,0.0,-1,0.0,G1_REGIME,regime='unknown' skipped=None reg_empty=True,-1,0.0,0.0,
XRP/USDT,527,2026-03-31 20:00:00,long,0.623,52.79,60.0,1.3445,0.013171,unknown,,,,False,False,0.0,0.0,50.0,0.0,0.0,0.0,0.0,0.0,50.0,0.0,0.0,-1,0.0,G1_REGIME,regime='unknown' skipped=None reg_empty=True,-1,0.0,0.0,
XRP/USDT,528,2026-03-31 21:00:00,long,0.64037,70.41,60.0,1.3409,0.012864,unknown,,,,False,False,0.0,0.0,50.0,0.0,0.0,0.0,0.0,0.0,50.0,0.0,0.0,-1,0.0,G1_REGIME,regime='unknown' skipped=None reg_empty=True,-1,0.0,0.0,
XRP/USDT,529,2026-03-31 22:00:00,long,0.67339,70.79,60.0,1.3357,0.012543,unknown,,,,False,False,0.0,0.0,50.0,0.0,0.0,0.0,0.0,0.0,50.0,0.0,0.0,-1,0.0,G1_REGIME,regime='unknown' skipped=None reg_empty=True,-1,0.0,0.0,
XRP/USDT,530,2026-03-31 23:00:00,long,0.65274,60.91,60.0,1.3411,0.012164,unknown,,,,False,False,0.0,0.0,50.0,0.0,0.0,0.0,0.0,0.0,50.0,0.0,0.0,-1,0.0,G1_REGIME,regime='unknown' skipped=None reg_empty=True,-1,0.0,0.0,
XRP/USDT,531,2026-04-01 00:00:00,long,0.61784,62.45,60.0,1.3452,0.012229,unknown,,,,False,False,0.0,0.0,50.0,0.0,0.0,0.0,0.0,0.0,50.0,0.0,0.0,-1,0.0,G1_REGIME,regime='unknown' skipped=None reg_empty=True,-1,0.0,0.0,
XRP/USDT,532,2026-04-01 01:00:00,long,0.67574,73.0,60.0,1.3351,0.012314,unknown,,,,False,False,0.0,0.0,50.0,0.0,0.0,0.0,0.0,0.0,50.0,0.0,0.0,-1,0.0,G1_REGIME,regime='unknown' skipped=None reg_empty=True,-1,0.0,0.0,
XRP/USDT,533,2026-04-01 02:00:00,long,0.68001,74.43,60.0,1.3345,0.01225,unknown,,,,False,False,0.0,0.0,50.0,0.0,0.0,0.0,0.0,0.0,50.0,0.0,0.0,-1,0.0,G1_REGIME,regime='unknown' skipped=None reg_empty=True,-1,0.0,0.0,
XRP/USDT,534,2026-04-01 03:00:00,long,0.54704,80.62,60.0,1.3481,0.012521,unknown,,,,False,False,0.0,0.0,50.0,0.0,0.0,0.0,0.0,0.0,50.0,0.0,0.0,-1,0.0,G1_REGIME,regime='unknown' skipped=None reg_empty=True,-1,0.0,0.0,
XRP/USDT,535,2026-04-01 04:00:00,long,0.55132,72.72,60.0,1.3391,0.011321,unknown,,,,False,False,0.0,0.0,50.0,0.0,0.0,0.0,0.0,0.0,50.0,0.0,0.0,-1,0.0,G1_REGIME,regime='unknown' skipped=None reg_empty=True,-1,0.0,0.0,
XRP/USDT,536,2026-04-01 05:00:00,long,0.53782,81.82,60.0,1.3467,0.011264,unknown,,,,False,False,0.0,0.0,50.0,0.0,0.0,0.0,0.0,0.0,50.0,0.0,0.0,-1,0.0,G1_REGIME,regime='unknown' skipped=None reg_empty=True,-1,0.0,0.0,
XRP/USDT,537,2026-04-01 06:00:00,long,0.57198,84.81,60.0,1.3624,0.010829,unknown,,,,False,False,0.0,0.0,50.0,0.0,0.0,0.0,0.0,0.0,50.0,0.0,0.0,-1,0.0,G1_REGIME,regime='unknown' skipped=None reg_empty=True,-1,0.0,0.0,
XRP/USDT,538,2026-04-01 07:00:00,long,0.55014,76.35,60.0,1.3566,0.010379,unknown,,,,False,False,0.0,0.0,50.0,0.0,0.0,0.0,0.0,0.0,50.0,0.0,0.0,-1,0.0,G1_REGIME,regime='unknown' skipped=None reg_empty=True,-1,0.0,0.0,
XRP/USDT,539,2026-04-01 08:00:00,long,0.5406,73.13,60.0,1.3527,0.010014,unknown,,,,False,False,0.0,0.0,50.0,0.0,0.0,0.0,0.0,0.0,50.0,0.0,0.0,-1,0.0,G1_REGIME,regime='unknown' skipped=None reg_empty=True,-1,0.0,0.0,
XRP/USDT,540,2026-04-01 09:00:00,long,0.51964,71.65,60.0,1.3512,0.009886,unknown,,,,False,False,0.0,0.0,50.0,0.0,0.0,0.0,0.0,0.0,50.0,0.0,0.0,-1,0.0,G1_REGIME,regime='unknown' skipped=None reg_empty=True,-1,0.0,0.0,
XRP/USDT,541,2026-04-01 10:00:00,long,0.53217,73.48,60.0,1.3528,0.009736,unknown,,,,False,False,0.0,0.0,50.0,0.0,0.0,0.0,0.0,0.0,50.0,0.0,0.0,-1,0.0,G1_REGIME,regime='unknown' skipped=None reg_empty=True,-1,0.0,0.0,
XRP/USDT,542,2026-04-01 11:00:00,long,0.5283,71.9,60.0,1.3544,0.0096,unknown,,,,False,False,0.0,0.0,50.0,0.0,0.0,0.0,0.0,0.0,50.0,0.0,0.0,-1,0.0,G1_REGIME,regime='unknown' skipped=None reg_empty=True,-1,0.0,0.0,
XRP/USDT,543,2026-04-01 12:00:00,long,0.53228,90.5,60.0,1.3539,0.009743,unknown,,,,False,False,0.0,0.0,50.0,0.0,0.0,0.0,0.0,0.0,50.0,0.0,0.0,-1,0.0,G1_REGIME,regime='unknown' skipped=None reg_empty=True,-1,0.0,0.0,
XRP/USDT,544,2026-04-01 13:00:00,long,0.53863,84.75,60.0,1.3468,0.0101,unknown,,,,False,False,0.0,0.0,50.0,0.0,0.0,0.0,0.0,0.0,50.0,0.0,0.0,-1,0.0,G1_REGIME,regime='unknown' skipped=None reg_empty=True,-1,0.0,0.0,
XRP/USDT,545,2026-04-01 14:00:00,long,0.53705,73.52,60.0,1.3559,0.010421,unknown,,,,False,False,0.0,0.0,50.0,0.0,0.0,0.0,0.0,0.0,50.0,0.0,0.0,-1,0.0,G1_REGIME,regime='unknown' skipped=None reg_empty=True,-1,0.0,0.0,
XRP/USDT,546,2026-04-01 15:00:00,long,0.5367,71.65,60.0,1.3575,0.0101,unknown,,,,False,False,0.0,0.0,50.0,0.0,0.0,0.0,0.0,0.0,50.0,0.0,0.0,-1,0.0,G1_REGIME,regime='unknown' skipped=None reg_empty=True,-1,0.0,0.0,
XRP/USDT,547,2026-04-01 16:00:00,long,0.53974,73.15,60.0,1.3585,0.010379,unknown,,,,False,False,0.0,0.0,50.0,0.0,0.0,0.0,0.0,0.0,50.0,0.0,0.0,-1,0.0,G1_REGIME,regime='unknown' skipped=None reg_empty=True,-1,0.0,0.0,
XRP/USDT,548,2026-04-01 17:00:00,long,0.52925,69.56,60.0,1.3518,0.010393,unknown,,,,False,False,0.0,0.0,50.0,0.0,0.0,0.0,0.0,0.0,50.0,0.0,0.0,-1,0.0,G1_REGIME,regime='unknown' skipped=None reg_empty=True,-1,0.0,0.0,
XRP/USDT,549,2026-04-01 18:00:00,long,0.51222,86.86,60.0,1.3475,0.010086,unknown,,,,False,False,0.0,0.0,50.0,0.0,0.0,0.0,0.0,0.0,50.0,0.0,0.0,-1,0.0,G1_REGIME,regime='unknown' skipped=None reg_empty=True,-1,0.0,0.0,
XRP/USDT,550,2026-04-01 19:00:00,long,0.50255,71.9,60.0,1.3505,0.009593,unknown,,,,False,False,0.0,0.0,50.0,0.0,0.0,0.0,0.0,0.0,50.0,0.0,0.0,-1,0.0,G1_REGIME,regime='unknown' skipped=None reg_empty=True,-1,0.0,0.0,
XRP/USDT,551,2026-04-01 20:00:00,short,0.50172,71.68,60.0,1.3484,0.009114,unknown,,,,False,False,0.0,0.0,50.0,0.0,0.0,0.0,0.0,0.0,50.0,0.0,0.0,-1,0.0,G1_REGIME,regime='unknown' skipped=None reg_empty=True,-1,0.0,0.0,
XRP/USDT,552,2026-04-01 21:00:00,long,0.51125,64.93,60.0,1.3551,0.008914,unknown,,,,False,False,0.0,0.0,50.0,0.0,0.0,0.0,0.0,0.0,50.0,0.0,0.0,-1,0.0,G1_REGIME,regime='unknown' skipped=None reg_empty=True,-1,0.0,0.0,
XRP/USDT,553,2026-04-01 22:00:00,short,0.5029,71.64,60.0,1.3488,0.009043,unknown,,,,False,False,0.0,0.0,50.0,0.0,0.0,0.0,0.0,0.0,50.0,0.0,0.0,-1,0.0,G1_REGIME,regime='unknown' skipped=None reg_empty=True,-1,0.0,0.0,
XRP/USDT,554,2026-04-01 23:00:00,short,0.50169,63.28,60.0,1.3478,0.009057,unknown,,,,False,False,0.0,0.0,50.0,0.0,0.0,0.0,0.0,0.0,50.0,0.0,0.0,-1,0.0,G1_REGIME,regime='unknown' skipped=None reg_empty=True,-1,0.0,0.0,
XRP/USDT,555,2026-04-02 00:00:00,long,0.58138,70.57,60.0,1.3569,0.009336,unknown,,,,False,False,0.0,0.0,50.0,0.0,0.0,0.0,0.0,0.0,50.0,0.0,0.0,-1,0.0,G1_REGIME,regime='unknown' skipped=None reg_empty=True,-1,0.0,0.0,
XRP/USDT,556,2026-04-02 01:00:00,long,0.70516,100.0,60.0,1.3282,0.01145,unknown,,,,False,False,0.0,0.0,50.0,0.0,0.0,0.0,0.0,0.0,50.0,0.0,0.0,-1,0.0,G1_REGIME,regime='unknown' skipped=None reg_empty=True,-1,0.0,0.0,
XRP/USDT,557,2026-04-02 02:00:00,long,0.71736,93.62,60.0,1.3182,0.011579,unknown,,,,False,False,0.0,0.0,50.0,0.0,0.0,0.0,0.0,0.0,50.0,0.0,0.0,-1,0.0,G1_REGIME,regime='unknown' skipped=None reg_empty=True,-1,0.0,0.0,
XRP/USDT,558,2026-04-02 03:00:00,long,0.71044,100.0,60.0,1.3129,0.011493,unknown,,,,False,False,0.0,0.0,50.0,0.0,0.0,0.0,0.0,0.0,50.0,0.0,0.0,-1,0.0,G1_REGIME,regime='unknown' skipped=None reg_empty=True,-1,0.0,0.0,
XRP/USDT,559,2026-04-02 04:00:00,long,0.70286,100.0,60.0,1.3082,0.011757,unknown,,,,False,False,0.0,0.0,50.0,0.0,0.0,0.0,0.0,0.0,50.0,0.0,0.0,-1,0.0,G1_REGIME,regime='unknown' skipped=None reg_empty=True,-1,0.0,0.0,
XRP/USDT,560,2026-04-02 05:00:00,long,0.72522,90.7,60.0,1.3152,0.011871,unknown,,,,False,False,0.0,0.0,50.0,0.0,0.0,0.0,0.0,0.0,50.0,0.0,0.0,-1,0.0,G1_REGIME,regime='unknown' skipped=None reg_empty=True,-1,0.0,0.0,
XRP/USDT,561,2026-04-02 06:00:00,long,0.71401,88.98,60.0,1.3157,0.011564,unknown,,,,False,False,0.0,0.0,50.0,0.0,0.0,0.0,0.0,0.0,50.0,0.0,0.0,-1,0.0,G1_REGIME,regime='unknown' skipped=None reg_empty=True,-1,0.0,0.0,
XRP/USDT,562,2026-04-02 07:00:00,long,0.71287,87.59,60.0,1.3176,0.010707,unknown,,,,False,False,0.0,0.0,50.0,0.0,0.0,0.0,0.0,0.0,50.0,0.0,0.0,-1,0.0,G1_REGIME,regime='unknown' skipped=None reg_empty=True,-1,0.0,0.0,
XRP/USDT,563,2026-04-02 08:00:00,long,0.71643,88.16,60.0,1.3119,0.010714,unknown,,,,False,False,0.0,0.0,50.0,0.0,0.0,0.0,0.0,0.0,50.0,0.0,0.0,-1,0.0,G1_REGIME,regime='unknown' skipped=None reg_empty=True,-1,0.0,0.0,
XRP/USDT,564,2026-04-02 09:00:00,long,0.70707,88.93,60.0,1.3118,0.0106,unknown,,,,False,False,0.0,0.0,50.0,0.0,0.0,0.0,0.0,0.0,50.0,0.0,0.0,-1,0.0,G1_REGIME,regime='unknown' skipped=None reg_empty=True,-1,0.0,0.0,
XRP/USDT,565,2026-04-02 10:00:00,long,0.70388,88.11,60.0,1.3086,0.010229,unknown,,,,False,False,0.0,0.0,50.0,0.0,0.0,0.0,0.0,0.0,50.0,0.0,0.0,-1,0.0,G1_REGIME,regime='unknown' skipped=None reg_empty=True,-1,0.0,0.0,
XRP/USDT,566,2026-04-02 11:00:00,long,0.69407,90.95,60.0,1.3002,0.010364,unknown,,,,False,False,0.0,0.0,50.0,0.0,0.0,0.0,0.0,0.0,50.0,0.0,0.0,-1,0.0,G1_REGIME,regime='unknown' skipped=None reg_empty=True,-1,0.0,0.0,
XRP/USDT,567,2026-04-02 12:00:00,long,0.7107,91.36,60.0,1.2908,0.010521,unknown,,,,False,False,0.0,0.0,50.0,0.0,0.0,0.0,0.0,0.0,50.0,0.0,0.0,-1,0.0,G1_REGIME,regime='unknown' skipped=None reg_empty=True,-1,0.0,0.0,
XRP/USDT,568,2026-04-02 13:00:00,long,0.71691,100.0,60.0,1.2889,0.011143,unknown,,,,False,False,0.0,0.0,50.0,0.0,0.0,0.0,0.0,0.0,50.0,0.0,0.0,-1,0.0,G1_REGIME,regime='unknown' skipped=None reg_empty=True,-1,0.0,0.0,
XRP/USDT,569,2026-04-02 14:00:00,long,0.69257,99.21,60.0,1.3001,0.01195,unknown,,,,False,False,0.0,0.0,50.0,0.0,0.0,0.0,0.0,0.0,50.0,0.0,0.0,-1,0.0,G1_REGIME,regime='unknown' skipped=None reg_empty=True,-1,0.0,0.0,
XRP/USDT,570,2026-04-02 15:00:00,long,0.70808,78.28,60.0,1.3001,0.010257,unknown,,,,False,False,0.0,0.0,50.0,0.0,0.0,0.0,0.0,0.0,50.0,0.0,0.0,-1,0.0,G1_REGIME,regime='unknown' skipped=None reg_empty=True,-1,0.0,0.0,
XRP/USDT,571,2026-04-02 16:00:00,long,0.69796,83.84,60.0,1.3044,0.010336,unknown,,,,False,False,0.0,0.0,50.0,0.0,0.0,0.0,0.0,0.0,50.0,0.0,0.0,-1,0.0,G1_REGIME,regime='unknown' skipped=None reg_empty=True,-1,0.0,0.0,
XRP/USDT,572,2026-04-02 17:00:00,long,0.70781,86.66,60.0,1.299,0.010443,unknown,,,,False,False,0.0,0.0,50.0,0.0,0.0,0.0,0.0,0.0,50.0,0.0,0.0,-1,0.0,G1_REGIME,regime='unknown' skipped=None reg_empty=True,-1,0.0,0.0,
XRP/USDT,573,2026-04-02 18:00:00,long,0.71146,76.38,60.0,1.3068,0.0101,unknown,,,,False,False,0.0,0.0,50.0,0.0,0.0,0.0,0.0,0.0,50.0,0.0,0.0,-1,0.0,G1_REGIME,regime='unknown' skipped=None reg_empty=True,-1,0.0,0.0,
XRP/USDT,574,2026-04-02 19:00:00,long,0.68204,76.1,60.0,1.308,0.010093,unknown,,,,False,False,0.0,0.0,50.0,0.0,0.0,0.0,0.0,0.0,50.0,0.0,0.0,-1,0.0,G1_REGIME,regime='unknown' skipped=None reg_empty=True,-1,0.0,0.0,
XRP/USDT,575,2026-04-02 20:00:00,long,0.71849,81.42,60.0,1.3181,0.010921,unknown,,,,False,False,0.0,0.0,50.0,0.0,0.0,0.0,0.0,0.0,50.0,0.0,0.0,-1,0.0,G1_REGIME,regime='unknown' skipped=None reg_empty=True,-1,0.0,0.0,
XRP/USDT,576,2026-04-02 21:00:00,long,0.70739,80.08,60.0,1.3158,0.011036,unknown,,,,False,False,0.0,0.0,50.0,0.0,0.0,0.0,0.0,0.0,50.0,0.0,0.0,-1,0.0,G1_REGIME,regime='unknown' skipped=None reg_empty=True,-1,0.0,0.0,
XRP/USDT,577,2026-04-02 22:00:00,long,0.72119,83.06,60.0,1.3179,0.011029,unknown,,,,False,False,0.0,0.0,50.0,0.0,0.0,0.0,0.0,0.0,50.0,0.0,0.0,-1,0.0,G1_REGIME,regime='unknown' skipped=None reg_empty=True,-1,0.0,0.0,
XRP/USDT,578,2026-04-02 23:00:00,long,0.7351,84.58,60.0,1.32,0.011057,unknown,,,,False,False,0.0,0.0,50.0,0.0,0.0,0.0,0.0,0.0,50.0,0.0,0.0,-1,0.0,G1_REGIME,regime='unknown' skipped=None reg_empty=True,-1,0.0,0.0,
XRP/USDT,579,2026-04-03 00:00:00,long,0.69823,83.78,60.0,1.3159,0.0114,unknown,,,,False,False,0.0,0.0,50.0,0.0,0.0,0.0,0.0,0.0,50.0,0.0,0.0,-1,0.0,G1_REGIME,regime='unknown' skipped=None reg_empty=True,-1,0.0,0.0,
XRP/USDT,580,2026-04-03 01:00:00,long,0.70809,87.6,60.0,1.3137,0.011257,unknown,,,,False,False,0.0,0.0,50.0,0.0,0.0,0.0,0.0,0.0,50.0,0.0,0.0,-1,0.0,G1_REGIME,regime='unknown' skipped=None reg_empty=True,-1,0.0,0.0,
XRP/USDT,581,2026-04-03 02:00:00,long,0.72832,86.26,60.0,1.3077,0.011486,unknown,,,,False,False,0.0,0.0,50.0,0.0,0.0,0.0,0.0,0.0,50.0,0.0,0.0,-1,0.0,G1_REGIME,regime='unknown' skipped=None reg_empty=True,-1,0.0,0.0,
XRP/USDT,582,2026-04-03 03:00:00,long,0.73379,50.95,60.0,1.3217,0.011586,unknown,,,,False,False,0.0,0.0,50.0,0.0,0.0,0.0,0.0,0.0,50.0,0.0,0.0,-1,0.0,G1_REGIME,regime='unknown' skipped=None reg_empty=True,-1,0.0,0.0,
XRP/USDT,583,2026-04-03 04:00:00,long,0.71267,55.76,60.0,1.32,0.010721,unknown,,,,False,False,0.0,0.0,50.0,0.0,0.0,0.0,0.0,0.0,50.0,0.0,0.0,-1,0.0,G1_REGIME,regime='unknown' skipped=None reg_empty=True,-1,0.0,0.0,
XRP/USDT,584,2026-04-03 05:00:00,long,0.70466,53.44,60.0,1.3187,0.010664,unknown,,,,False,False,0.0,0.0,50.0,0.0,0.0,0.0,0.0,0.0,50.0,0.0,0.0,-1,0.0,G1_REGIME,regime='unknown' skipped=None reg_empty=True,-1,0.0,0.0,
XRP/USDT,585,2026-04-03 06:00:00,long,0.70812,53.63,60.0,1.3193,0.01005,unknown,,,,False,False,0.0,0.0,50.0,0.0,0.0,0.0,0.0,0.0,50.0,0.0,0.0,-1,0.0,G1_REGIME,regime='unknown' skipped=None reg_empty=True,-1,0.0,0.0,
XRP/USDT,586,2026-04-03 07:00:00,long,0.70217,73.54,60.0,1.3188,0.009657,unknown,,,,False,False,0.0,0.0,50.0,0.0,0.0,0.0,0.0,0.0,50.0,0.0,0.0,-1,0.0,G1_REGIME,regime='unknown' skipped=None reg_empty=True,-1,0.0,0.0,
XRP/USDT,587,2026-04-03 08:00:00,long,0.69147,73.02,60.0,1.3175,0.009221,unknown,,,,False,False,0.0,0.0,50.0,0.0,0.0,0.0,0.0,0.0,50.0,0.0,0.0,-1,0.0,G1_REGIME,regime='unknown' skipped=None reg_empty=True,-1,0.0,0.0,
XRP/USDT,588,2026-04-03 09:00:00,long,0.69961,70.29,60.0,1.3117,0.009057,unknown,,,,False,False,0.0,0.0,50.0,0.0,0.0,0.0,0.0,0.0,50.0,0.0,0.0,-1,0.0,G1_REGIME,regime='unknown' skipped=None reg_empty=True,-1,0.0,0.0,
XRP/USDT,589,2026-04-03 10:00:00,long,0.68125,75.55,60.0,1.3159,0.008364,unknown,,,,False,False,0.0,0.0,50.0,0.0,0.0,0.0,0.0,0.0,50.0,0.0,0.0,-1,0.0,G1_REGIME,regime='unknown' skipped=None reg_empty=True,-1,0.0,0.0,
XRP/USDT,590,2026-04-03 11:00:00,long,0.67415,75.24,60.0,1.3204,0.008529,unknown,,,,False,False,0.0,0.0,50.0,0.0,0.0,0.0,0.0,0.0,50.0,0.0,0.0,-1,0.0,G1_REGIME,regime='unknown' skipped=None reg_empty=True,-1,0.0,0.0,
XRP/USDT,591,2026-04-03 12:00:00,long,0.69469,97.17,60.0,1.3199,0.009314,unknown,,,,False,False,0.0,0.0,50.0,0.0,0.0,0.0,0.0,0.0,50.0,0.0,0.0,-1,0.0,G1_REGIME,regime='unknown' skipped=None reg_empty=True,-1,0.0,0.0,
XRP/USDT,592,2026-04-03 13:00:00,long,0.68051,75.61,60.0,1.3176,0.009357,unknown,,,,False,False,0.0,0.0,50.0,0.0,0.0,0.0,0.0,0.0,50.0,0.0,0.0,-1,0.0,G1_REGIME,regime='unknown' skipped=None reg_empty=True,-1,0.0,0.0,
XRP/USDT,593,2026-04-03 14:00:00,long,0.67848,74.52,60.0,1.3191,0.0091,unknown,,,,False,False,0.0,0.0,50.0,0.0,0.0,0.0,0.0,0.0,50.0,0.0,0.0,-1,0.0,G1_REGIME,regime='unknown' skipped=None reg_empty=True,-1,0.0,0.0,
XRP/USDT,594,2026-04-03 15:00:00,long,0.69654,71.26,60.0,1.3187,0.008871,unknown,,,,False,False,0.0,0.0,50.0,0.0,0.0,0.0,0.0,0.0,50.0,0.0,0.0,-1,0.0,G1_REGIME,regime='unknown' skipped=None reg_empty=True,-1,0.0,0.0,
XRP/USDT,595,2026-04-03 16:00:00,long,0.70476,74.89,60.0,1.3246,0.008386,unknown,,,,False,False,0.0,0.0,50.0,0.0,0.0,0.0,0.0,0.0,50.0,0.0,0.0,-1,0.0,G1_REGIME,regime='unknown' skipped=None reg_empty=True,-1,0.0,0.0,
XRP/USDT,596,2026-04-03 17:00:00,long,0.68408,69.58,60.0,1.3212,0.007757,unknown,,,,False,False,0.0,0.0,50.0,0.0,0.0,0.0,0.0,0.0,50.0,0.0,0.0,-1,0.0,G1_REGIME,regime='unknown' skipped=None reg_empty=True,-1,0.0,0.0,
XRP/USDT,597,2026-04-03 18:00:00,long,0.68625,69.21,60.0,1.318,0.00745,unknown,,,,False,False,0.0,0.0,50.0,0.0,0.0,0.0,0.0,0.0,50.0,0.0,0.0,-1,0.0,G1_REGIME,regime='unknown' skipped=None reg_empty=True,-1,0.0,0.0,
XRP/USDT,598,2026-04-03 19:00:00,long,0.68359,76.31,60.0,1.3178,0.007086,unknown,,,,False,False,0.0,0.0,50.0,0.0,0.0,0.0,0.0,0.0,50.0,0.0,0.0,-1,0.0,G1_REGIME,regime='unknown' skipped=None reg_empty=True,-1,0.0,0.0,
XRP/USDT,599,2026-04-03 20:00:00,long,0.6637,76.25,60.0,1.3166,0.006879,unknown,,,,False,False,0.0,0.0,50.0,0.0,0.0,0.0,0.0,0.0,50.0,0.0,0.0,-1,0.0,G1_REGIME,regime='unknown' skipped=None reg_empty=True,-1,0.0,0.0,
XRP/USDT,600,2026-04-03 21:00:00,long,0.65931,80.59,60.0,1.3184,0.006779,unknown,,,,False,False,0.0,0.0,50.0,0.0,0.0,0.0,0.0,0.0,50.0,0.0,0.0,-1,0.0,G1_REGIME,regime='unknown' skipped=None reg_empty=True,-1,0.0,0.0,
XRP/USDT,601,2026-04-03 22:00:00,long,0.67882,60.76,60.0,1.3167,0.006879,unknown,,,,False,False,0.0,0.0,50.0,0.0,0.0,0.0,0.0,0.0,50.0,0.0,0.0,-1,0.0,G1_REGIME,regime='unknown' skipped=None reg_empty=True,-1,0.0,0.0,
XRP/USDT,602,2026-04-03 23:00:00,long,0.65226,60.77,60.0,1.3184,0.006886,unknown,,,,False,False,0.0,0.0,50.0,0.0,0.0,0.0,0.0,0.0,50.0,0.0,0.0,-1,0.0,G1_REGIME,regime='unknown' skipped=None reg_empty=True,-1,0.0,0.0,
XRP/USDT,603,2026-04-04 00:00:00,long,0.6575,57.42,60.0,1.3163,0.006521,unknown,,,,False,False,0.0,0.0,50.0,0.0,0.0,0.0,0.0,0.0,50.0,0.0,0.0,-1,0.0,G1_REGIME,regime='unknown' skipped=None reg_empty=True,-1,0.0,0.0,
XRP/USDT,604,2026-04-04 01:00:00,long,0.65395,63.24,60.0,1.315,0.006071,unknown,,,,False,False,0.0,0.0,50.0,0.0,0.0,0.0,0.0,0.0,50.0,0.0,0.0,-1,0.0,G1_REGIME,regime='unknown' skipped=None reg_empty=True,-1,0.0,0.0,
XRP/USDT,605,2026-04-04 02:00:00,long,0.65302,62.3,60.0,1.3146,0.004964,unknown,,,,False,False,0.0,0.0,50.0,0.0,0.0,0.0,0.0,0.0,50.0,0.0,0.0,-1,0.0,G1_REGIME,regime='unknown' skipped=None reg_empty=True,-1,0.0,0.0,
XRP/USDT,606,2026-04-04 03:00:00,long,0.65075,54.46,60.0,1.3159,0.0047,unknown,,,,False,False,0.0,0.0,50.0,0.0,0.0,0.0,0.0,0.0,50.0,0.0,0.0,-1,0.0,G1_REGIME,regime='unknown' skipped=None reg_empty=True,-1,0.0,0.0,
XRP/USDT,607,2026-04-04 04:00:00,long,0.64702,55.69,60.0,1.3164,0.004486,unknown,,,,False,False,0.0,0.0,50.0,0.0,0.0,0.0,0.0,0.0,50.0,0.0,0.0,-1,0.0,G1_REGIME,regime='unknown' skipped=None reg_empty=True,-1,0.0,0.0,
XRP/USDT,608,2026-04-04 05:00:00,long,0.65079,56.14,60.0,1.3171,0.004336,unknown,,,,False,False,0.0,0.0,50.0,0.0,0.0,0.0,0.0,0.0,50.0,0.0,0.0,-1,0.0,G1_REGIME,regime='unknown' skipped=None reg_empty=True,-1,0.0,0.0,
XRP/USDT,609,2026-04-04 06:00:00,long,0.66204,60.21,60.0,1.3198,0.00415,unknown,,,,False,False,0.0,0.0,50.0,0.0,0.0,0.0,0.0,0.0,50.0,0.0,0.0,-1,0.0,G1_REGIME,regime='unknown' skipped=None reg_empty=True,-1,0.0,0.0,
XRP/USDT,610,2026-04-04 07:00:00,long,0.64974,54.91,60.0,1.3161,0.004057,unknown,,,,False,False,0.0,0.0,50.0,0.0,0.0,0.0,0.0,0.0,50.0,0.0,0.0,-1,0.0,G1_REGIME,regime='unknown' skipped=None reg_empty=True,-1,0.0,0.0,
XRP/USDT,611,2026-04-04 08:00:00,long,0.65537,65.04,60.0,1.314,0.003907,unknown,,,,False,False,0.0,0.0,50.0,0.0,0.0,0.0,0.0,0.0,50.0,0.0,0.0,-1,0.0,G1_REGIME,regime='unknown' skipped=None reg_empty=True,-1,0.0,0.0,
XRP/USDT,612,2026-04-04 09:00:00,long,0.65603,62.38,60.0,1.3126,0.003671,unknown,,,,False,False,0.0,0.0,50.0,0.0,0.0,0.0,0.0,0.0,50.0,0.0,0.0,-1,0.0,G1_REGIME,regime='unknown' skipped=None reg_empty=True,-1,0.0,0.0,
XRP/USDT,613,2026-04-04 10:00:00,long,0.64649,85.73,60.0,1.3143,0.004043,unknown,,,,False,False,0.0,0.0,50.0,0.0,0.0,0.0,0.0,0.0,50.0,0.0,0.0,-1,0.0,G1_REGIME,regime='unknown' skipped=None reg_empty=True,-1,0.0,0.0,
XRP/USDT,614,2026-04-04 11:00:00,long,0.639,69.38,60.0,1.3118,0.003993,unknown,,,,False,False,0.0,0.0,50.0,0.0,0.0,0.0,0.0,0.0,50.0,0.0,0.0,-1,0.0,G1_REGIME,regime='unknown' skipped=None reg_empty=True,-1,0.0,0.0,
XRP/USDT,615,2026-04-04 12:00:00,long,0.64278,63.17,60.0,1.3104,0.003743,unknown,,,,False,False,0.0,0.0,50.0,0.0,0.0,0.0,0.0,0.0,50.0,0.0,0.0,-1,0.0,G1_REGIME,regime='unknown' skipped=None reg_empty=True,-1,0.0,0.0,
XRP/USDT,616,2026-04-04 13:00:00,long,0.64245,77.43,60.0,1.3094,0.003514,unknown,,,,False,False,0.0,0.0,50.0,0.0,0.0,0.0,0.0,0.0,50.0,0.0,0.0,-1,0.0,G1_REGIME,regime='unknown' skipped=None reg_empty=True,-1,0.0,0.0,
XRP/USDT,617,2026-04-04 14:00:00,long,0.64014,77.35,60.0,1.3126,0.003736,unknown,,,,False,False,0.0,0.0,50.0,0.0,0.0,0.0,0.0,0.0,50.0,0.0,0.0,-1,0.0,G1_REGIME,regime='unknown' skipped=None reg_empty=True,-1,0.0,0.0,
XRP/USDT,618,2026-04-04 15:00:00,long,0.64122,82.36,60.0,1.3126,0.0039,unknown,,,,False,False,0.0,0.0,50.0,0.0,0.0,0.0,0.0,0.0,50.0,0.0,0.0,-1,0.0,G1_REGIME,regime='unknown' skipped=None reg_empty=True,-1,0.0,0.0,
XRP/USDT,619,2026-04-04 16:00:00,long,0.64301,77.1,60.0,1.3124,0.004136,unknown,,,,False,False,0.0,0.0,50.0,0.0,0.0,0.0,0.0,0.0,50.0,0.0,0.0,-1,0.0,G1_REGIME,regime='unknown' skipped=None reg_empty=True,-1,0.0,0.0,
XRP/USDT,620,2026-04-04 17:00:00,long,0.63987,81.3,60.0,1.3146,0.004264,unknown,,,,False,False,0.0,0.0,50.0,0.0,0.0,0.0,0.0,0.0,50.0,0.0,0.0,-1,0.0,G1_REGIME,regime='unknown' skipped=None reg_empty=True,-1,0.0,0.0,
XRP/USDT,621,2026-04-04 18:00:00,long,0.64239,71.49,60.0,1.3134,0.004221,unknown,,,,False,False,0.0,0.0,50.0,0.0,0.0,0.0,0.0,0.0,50.0,0.0,0.0,-1,0.0,G1_REGIME,regime='unknown' skipped=None reg_empty=True,-1,0.0,0.0,
XRP/USDT,622,2026-04-04 19:00:00,long,0.61831,82.13,60.0,1.3178,0.004664,unknown,,,,False,False,0.0,0.0,50.0,0.0,0.0,0.0,0.0,0.0,50.0,0.0,0.0,-1,0.0,G1_REGIME,regime='unknown' skipped=None reg_empty=True,-1,0.0,0.0,
XRP/USDT,623,2026-04-04 20:00:00,long,0.61491,54.84,60.0,1.3167,0.004529,unknown,,,,False,False,0.0,0.0,50.0,0.0,0.0,0.0,0.0,0.0,50.0,0.0,0.0,-1,0.0,G1_REGIME,regime='unknown' skipped=None reg_empty=True,-1,0.0,0.0,
XRP/USDT,624,2026-04-04 21:00:00,long,0.6111,58.73,60.0,1.317,0.004529,unknown,,,,False,False,0.0,0.0,50.0,0.0,0.0,0.0,0.0,0.0,50.0,0.0,0.0,-1,0.0,G1_REGIME,regime='unknown' skipped=None reg_empty=True,-1,0.0,0.0,
XRP/USDT,625,2026-04-04 22:00:00,long,0.60621,59.09,60.0,1.3169,0.004514,unknown,,,,False,False,0.0,0.0,50.0,0.0,0.0,0.0,0.0,0.0,50.0,0.0,0.0,-1,0.0,G1_REGIME,regime='unknown' skipped=None reg_empty=True,-1,0.0,0.0,
XRP/USDT,626,2026-04-04 23:00:00,long,0.6034,54.82,60.0,1.3153,0.004629,unknown,,,,False,False,0.0,0.0,50.0,0.0,0.0,0.0,0.0,0.0,50.0,0.0,0.0,-1,0.0,G1_REGIME,regime='unknown' skipped=None reg_empty=True,-1,0.0,0.0,
XRP/USDT,627,2026-04-05 00:00:00,long,0.61375,51.79,60.0,1.3127,0.00435,unknown,,,,False,False,0.0,0.0,50.0,0.0,0.0,0.0,0.0,0.0,50.0,0.0,0.0,-1,0.0,G1_REGIME,regime='unknown' skipped=None reg_empty=True,-1,0.0,0.0,
XRP/USDT,628,2026-04-05 01:00:00,long,0.61179,53.25,60.0,1.3129,0.004143,unknown,,,,False,False,0.0,0.0,50.0,0.0,0.0,0.0,0.0,0.0,50.0,0.0,0.0,-1,0.0,G1_REGIME,regime='unknown' skipped=None reg_empty=True,-1,0.0,0.0,
XRP/USDT,629,2026-04-05 02:00:00,long,0.61975,66.76,60.0,1.317,0.004636,unknown,,,,False,False,0.0,0.0,50.0,0.0,0.0,0.0,0.0,0.0,50.0,0.0,0.0,-1,0.0,G1_REGIME,regime='unknown' skipped=None reg_empty=True,-1,0.0,0.0,
XRP/USDT,630,2026-04-05 03:00:00,long,0.61526,52.35,60.0,1.3133,0.004686,unknown,,,,False,False,0.0,0.0,50.0,0.0,0.0,0.0,0.0,0.0,50.0,0.0,0.0,-1,0.0,G1_REGIME,regime='unknown' skipped=None reg_empty=True,-1,0.0,0.0,
XRP/USDT,631,2026-04-05 04:00:00,long,0.61514,75.01,60.0,1.3109,0.004686,unknown,,,,False,False,0.0,0.0,50.0,0.0,0.0,0.0,0.0,0.0,50.0,0.0,0.0,-1,0.0,G1_REGIME,regime='unknown' skipped=None reg_empty=True,-1,0.0,0.0,
XRP/USDT,632,2026-04-05 05:00:00,long,0.67221,84.21,60.0,1.3006,0.005186,unknown,,,,False,False,0.0,0.0,50.0,0.0,0.0,0.0,0.0,0.0,50.0,0.0,0.0,-1,0.0,G1_REGIME,regime='unknown' skipped=None reg_empty=True,-1,0.0,0.0,
XRP/USDT,633,2026-04-05 06:00:00,long,0.66829,85.48,60.0,1.3015,0.005357,unknown,,,,False,False,0.0,0.0,50.0,0.0,0.0,0.0,0.0,0.0,50.0,0.0,0.0,-1,0.0,G1_REGIME,regime='unknown' skipped=None reg_empty=True,-1,0.0,0.0,
XRP/USDT,634,2026-04-05 07:00:00,long,0.68621,85.01,60.0,1.2979,0.005586,unknown,,,,False,False,0.0,0.0,50.0,0.0,0.0,0.0,0.0,0.0,50.0,0.0,0.0,-1,0.0,G1_REGIME,regime='unknown' skipped=None reg_empty=True,-1,0.0,0.0,
XRP/USDT,635,2026-04-05 08:00:00,long,0.685,65.2,60.0,1.2993,0.005614,unknown,,,,False,False,0.0,0.0,50.0,0.0,0.0,0.0,0.0,0.0,50.0,0.0,0.0,-1,0.0,G1_REGIME,regime='unknown' skipped=None reg_empty=True,-1,0.0,0.0,
XRP/USDT,636,2026-04-05 09:00:00,long,0.68936,64.9,60.0,1.3009,0.005171,unknown,,,,False,False,0.0,0.0,50.0,0.0,0.0,0.0,0.0,0.0,50.0,0.0,0.0,-1,0.0,G1_REGIME,regime='unknown' skipped=None reg_empty=True,-1,0.0,0.0,
XRP/USDT,637,2026-04-05 10:00:00,long,0.70812,64.8,60.0,1.299,0.0054,unknown,,,,False,False,0.0,0.0,50.0,0.0,0.0,0.0,0.0,0.0,50.0,0.0,0.0,-1,0.0,G1_REGIME,regime='unknown' skipped=None reg_empty=True,-1,0.0,0.0,
XRP/USDT,638,2026-04-05 11:00:00,long,0.68286,64.71,60.0,1.2987,0.005286,unknown,,,,False,False,0.0,0.0,50.0,0.0,0.0,0.0,0.0,0.0,50.0,0.0,0.0,-1,0.0,G1_REGIME,regime='unknown' skipped=None reg_empty=True,-1,0.0,0.0,
XRP/USDT,639,2026-04-05 12:00:00,long,0.73789,100.0,60.0,1.2825,0.006536,unknown,,,,False,False,0.0,0.0,50.0,0.0,0.0,0.0,0.0,0.0,50.0,0.0,0.0,-1,0.0,G1_REGIME,regime='unknown' skipped=None reg_empty=True,-1,0.0,0.0,
XRP/USDT,640,2026-04-05 13:00:00,long,0.73573,94.0,60.0,1.2891,0.007179,unknown,,,,False,False,0.0,0.0,50.0,0.0,0.0,0.0,0.0,0.0,50.0,0.0,0.0,-1,0.0,G1_REGIME,regime='unknown' skipped=None reg_empty=True,-1,0.0,0.0,
XRP/USDT,641,2026-04-05 14:00:00,long,0.7093,85.39,60.0,1.2863,0.007286,unknown,,,,False,False,0.0,0.0,50.0,0.0,0.0,0.0,0.0,0.0,50.0,0.0,0.0,-1,0.0,G1_REGIME,regime='unknown' skipped=None reg_empty=True,-1,0.0,0.0,
XRP/USDT,642,2026-04-05 15:00:00,long,0.69552,95.18,60.0,1.2967,0.008721,unknown,,,,False,False,0.0,0.0,50.0,0.0,0.0,0.0,0.0,0.0,50.0,0.0,0.0,-1,0.0,G1_REGIME,regime='unknown' skipped=None reg_empty=True,-1,0.0,0.0,
XRP/USDT,643,2026-04-05 16:00:00,long,0.68582,87.14,60.0,1.2977,0.0084,unknown,,,,False,False,0.0,0.0,50.0,0.0,0.0,0.0,0.0,0.0,50.0,0.0,0.0,-1,0.0,G1_REGIME,regime='unknown' skipped=None reg_empty=True,-1,0.0,0.0,
XRP/USDT,644,2026-04-05 17:00:00,long,0.68602,78.77,60.0,1.3024,0.008557,unknown,,,,False,False,0.0,0.0,50.0,0.0,0.0,0.0,0.0,0.0,50.0,0.0,0.0,-1,0.0,G1_REGIME,regime='unknown' skipped=None reg_empty=True,-1,0.0,0.0,
XRP/USDT,645,2026-04-05 18:00:00,long,0.72022,80.84,60.0,1.3028,0.00855,unknown,,,,False,False,0.0,0.0,50.0,0.0,0.0,0.0,0.0,0.0,50.0,0.0,0.0,-1,0.0,G1_REGIME,regime='unknown' skipped=None reg_empty=True,-1,0.0,0.0,
XRP/USDT,646,2026-04-05 19:00:00,long,0.71395,80.68,60.0,1.3006,0.00825,unknown,,,,False,False,0.0,0.0,50.0,0.0,0.0,0.0,0.0,0.0,50.0,0.0,0.0,-1,0.0,G1_REGIME,regime='unknown' skipped=None reg_empty=True,-1,0.0,0.0,
XRP/USDT,647,2026-04-05 20:00:00,long,0.72433,74.79,60.0,1.3042,0.008207,unknown,,,,False,False,0.0,0.0,50.0,0.0,0.0,0.0,0.0,0.0,50.0,0.0,0.0,-1,0.0,G1_REGIME,regime='unknown' skipped=None reg_empty=True,-1,0.0,0.0,
XRP/USDT,648,2026-04-05 21:00:00,long,0.71952,71.0,60.0,1.3008,0.008129,unknown,,,,False,False,0.0,0.0,50.0,0.0,0.0,0.0,0.0,0.0,50.0,0.0,0.0,-1,0.0,G1_REGIME,regime='unknown' skipped=None reg_empty=True,-1,0.0,0.0,
XRP/USDT,649,2026-04-05 22:00:00,long,0.7282,79.88,60.0,1.3123,0.009057,unknown,,,,False,False,0.0,0.0,50.0,0.0,0.0,0.0,0.0,0.0,50.0,0.0,0.0,-1,0.0,G1_REGIME,regime='unknown' skipped=None reg_empty=True,-1,0.0,0.0,
XRP/USDT,650,2026-04-05 23:00:00,long,0.6616,99.4,60.0,1.3263,0.0103,unknown,,,,False,False,0.0,0.0,50.0,0.0,0.0,0.0,0.0,0.0,50.0,0.0,0.0,-1,0.0,G1_REGIME,regime='unknown' skipped=None reg_empty=True,-1,0.0,0.0,
XRP/USDT,651,2026-04-06 00:00:00,long,0.72178,99.82,60.0,1.3315,0.010871,unknown,,,,False,False,0.0,0.0,50.0,0.0,0.0,0.0,0.0,0.0,50.0,0.0,0.0,-1,0.0,G1_REGIME,regime='unknown' skipped=None reg_empty=True,-1,0.0,0.0,
XRP/USDT,652,2026-04-06 01:00:00,long,0.69744,84.03,60.0,1.3296,0.011186,unknown,,,,False,False,0.0,0.0,50.0,0.0,0.0,0.0,0.0,0.0,50.0,0.0,0.0,-1,0.0,G1_REGIME,regime='unknown' skipped=None reg_empty=True,-1,0.0,0.0,
XRP/USDT,653,2026-04-06 02:00:00,long,0.71693,89.48,60.0,1.3404,0.011164,unknown,,,,False,False,0.0,0.0,50.0,0.0,0.0,0.0,0.0,0.0,50.0,0.0,0.0,-1,0.0,G1_REGIME,regime='unknown' skipped=None reg_empty=True,-1,0.0,0.0,
XRP/USDT,654,2026-04-06 03:00:00,long,0.7113,71.56,60.0,1.3381,0.010721,unknown,,,,False,False,0.0,0.0,50.0,0.0,0.0,0.0,0.0,0.0,50.0,0.0,0.0,-1,0.0,G1_REGIME,regime='unknown' skipped=None reg_empty=True,-1,0.0,0.0,
XRP/USDT,655,2026-04-06 04:00:00,long,0.70556,70.91,60.0,1.3397,0.010771,unknown,,,,False,False,0.0,0.0,50.0,0.0,0.0,0.0,0.0,0.0,50.0,0.0,0.0,-1,0.0,G1_REGIME,regime='unknown' skipped=None reg_empty=True,-1,0.0,0.0,
XRP/USDT,656,2026-04-06 05:00:00,long,0.69164,67.99,60.0,1.3402,0.00945,unknown,,,,False,False,0.0,0.0,50.0,0.0,0.0,0.0,0.0,0.0,50.0,0.0,0.0,-1,0.0,G1_REGIME,regime='unknown' skipped=None reg_empty=True,-1,0.0,0.0,
XRP/USDT,657,2026-04-06 06:00:00,long,0.69092,73.08,60.0,1.3414,0.009693,unknown,,,,False,False,0.0,0.0,50.0,0.0,0.0,0.0,0.0,0.0,50.0,0.0,0.0,-1,0.0,G1_REGIME,regime='unknown' skipped=None reg_empty=True,-1,0.0,0.0,
XRP/USDT,658,2026-04-06 07:00:00,long,0.69621,74.22,60.0,1.3443,0.00985,unknown,,,,False,False,0.0,0.0,50.0,0.0,0.0,0.0,0.0,0.0,50.0,0.0,0.0,-1,0.0,G1_REGIME,regime='unknown' skipped=None reg_empty=True,-1,0.0,0.0,
XRP/USDT,659,2026-04-06 08:00:00,long,0.68718,68.6,60.0,1.3389,0.009986,unknown,,,,False,False,0.0,0.0,50.0,0.0,0.0,0.0,0.0,0.0,50.0,0.0,0.0,-1,0.0,G1_REGIME,regime='unknown' skipped=None reg_empty=True,-1,0.0,0.0,
XRP/USDT,660,2026-04-06 09:00:00,long,0.7037,76.5,60.0,1.3525,0.010836,unknown,,,,False,False,0.0,0.0,50.0,0.0,0.0,0.0,0.0,0.0,50.0,0.0,0.0,-1,0.0,G1_REGIME,regime='unknown' skipped=None reg_empty=True,-1,0.0,0.0,
XRP/USDT,661,2026-04-06 10:00:00,long,0.70352,69.94,60.0,1.3531,0.010707,unknown,,,,False,False,0.0,0.0,50.0,0.0,0.0,0.0,0.0,0.0,50.0,0.0,0.0,-1,0.0,G1_REGIME,regime='unknown' skipped=None reg_empty=True,-1,0.0,0.0,
XRP/USDT,662,2026-04-06 11:00:00,long,0.69703,69.23,60.0,1.3499,0.010643,unknown,,,,False,False,0.0,0.0,50.0,0.0,0.0,0.0,0.0,0.0,50.0,0.0,0.0,-1,0.0,G1_REGIME,regime='unknown' skipped=None reg_empty=True,-1,0.0,0.0,
XRP/USDT,663,2026-04-06 12:00:00,long,0.6581,67.15,60.0,1.3433,0.010114,unknown,,,,False,False,0.0,0.0,50.0,0.0,0.0,0.0,0.0,0.0,50.0,0.0,0.0,-1,0.0,G1_REGIME,regime='unknown' skipped=None reg_empty=True,-1,0.0,0.0,
XRP/USDT,664,2026-04-06 13:00:00,long,0.66058,73.63,60.0,1.3469,0.009071,unknown,,,,False,False,0.0,0.0,50.0,0.0,0.0,0.0,0.0,0.0,50.0,0.0,0.0,-1,0.0,G1_REGIME,regime='unknown' skipped=None reg_empty=True,-1,0.0,0.0,
XRP/USDT,665,2026-04-06 14:00:00,long,0.66504,78.24,60.0,1.3478,0.009,unknown,,,,False,False,0.0,0.0,50.0,0.0,0.0,0.0,0.0,0.0,50.0,0.0,0.0,-1,0.0,G1_REGIME,regime='unknown' skipped=None reg_empty=True,-1,0.0,0.0,
XRP/USDT,666,2026-04-06 15:00:00,long,0.67302,73.49,60.0,1.3504,0.008929,unknown,,,,False,False,0.0,0.0,50.0,0.0,0.0,0.0,0.0,0.0,50.0,0.0,0.0,-1,0.0,G1_REGIME,regime='unknown' skipped=None reg_empty=True,-1,0.0,0.0,
XRP/USDT,667,2026-04-06 16:00:00,long,0.66382,69.5,60.0,1.3434,0.008379,unknown,,,,False,False,0.0,0.0,50.0,0.0,0.0,0.0,0.0,0.0,50.0,0.0,0.0,-1,0.0,G1_REGIME,regime='unknown' skipped=None reg_empty=True,-1,0.0,0.0,
XRP/USDT,668,2026-04-06 17:00:00,long,0.65686,73.4,60.0,1.3392,0.008579,unknown,,,,False,False,0.0,0.0,50.0,0.0,0.0,0.0,0.0,0.0,50.0,0.0,0.0,-1,0.0,G1_REGIME,regime='unknown' skipped=None reg_empty=True,-1,0.0,0.0,
XRP/USDT,669,2026-04-06 18:00:00,long,0.66199,69.69,60.0,1.3411,0.008579,unknown,,,,False,False,0.0,0.0,50.0,0.0,0.0,0.0,0.0,0.0,50.0,0.0,0.0,-1,0.0,G1_REGIME,regime='unknown' skipped=None reg_empty=True,-1,0.0,0.0,
XRP/USDT,670,2026-04-06 19:00:00,long,0.65667,66.48,60.0,1.3415,0.008721,unknown,,,,False,False,0.0,0.0,50.0,0.0,0.0,0.0,0.0,0.0,50.0,0.0,0.0,-1,0.0,G1_REGIME,regime='unknown' skipped=None reg_empty=True,-1,0.0,0.0,
XRP/USDT,671,2026-04-06 20:00:00,long,0.65937,64.47,60.0,1.3412,0.008357,unknown,,,,False,False,0.0,0.0,50.0,0.0,0.0,0.0,0.0,0.0,50.0,0.0,0.0,-1,0.0,G1_REGIME,regime='unknown' skipped=None reg_empty=True,-1,0.0,0.0,
XRP/USDT,672,2026-04-06 21:00:00,long,0.6579,72.65,60.0,1.3357,0.0082,unknown,,,,False,False,0.0,0.0,50.0,0.0,0.0,0.0,0.0,0.0,50.0,0.0,0.0,-1,0.0,G1_REGIME,regime='unknown' skipped=None reg_empty=True,-1,0.0,0.0,
XRP/USDT,673,2026-04-06 22:00:00,long,0.67018,74.44,60.0,1.3185,0.008864,unknown,,,,False,False,0.0,0.0,50.0,0.0,0.0,0.0,0.0,0.0,50.0,0.0,0.0,-1,0.0,G1_REGIME,regime='unknown' skipped=None reg_empty=True,-1,0.0,0.0,
XRP/USDT,674,2026-04-06 23:00:00,long,0.65425,88.16,60.0,1.3212,0.008229,unknown,,,,False,False,0.0,0.0,50.0,0.0,0.0,0.0,0.0,0.0,50.0,0.0,0.0,-1,0.0,G1_REGIME,regime='unknown' skipped=None reg_empty=True,-1,0.0,0.0,
XRP/USDT,675,2026-04-07 00:00:00,long,0.54468,78.67,60.0,1.3214,0.008314,unknown,,,,False,False,0.0,0.0,50.0,0.0,0.0,0.0,0.0,0.0,50.0,0.0,0.0,-1,0.0,G1_REGIME,regime='unknown' skipped=None reg_empty=True,-1,0.0,0.0,
XRP/USDT,676,2026-04-07 01:00:00,long,0.55372,78.16,60.0,1.3146,0.008686,unknown,,,,False,False,0.0,0.0,50.0,0.0,0.0,0.0,0.0,0.0,50.0,0.0,0.0,-1,0.0,G1_REGIME,regime='unknown' skipped=None reg_empty=True,-1,0.0,0.0,
XRP/USDT,677,2026-04-07 02:00:00,long,0.54646,78.54,60.0,1.3172,0.008586,unknown,,,,False,False,0.0,0.0,50.0,0.0,0.0,0.0,0.0,0.0,50.0,0.0,0.0,-1,0.0,G1_REGIME,regime='unknown' skipped=None reg_empty=True,-1,0.0,0.0,
XRP/USDT,678,2026-04-07 03:00:00,long,0.55864,77.69,60.0,1.317,0.008457,unknown,,,,False,False,0.0,0.0,50.0,0.0,0.0,0.0,0.0,0.0,50.0,0.0,0.0,-1,0.0,G1_REGIME,regime='unknown' skipped=None reg_empty=True,-1,0.0,0.0,
XRP/USDT,679,2026-04-07 04:00:00,long,0.56011,79.51,60.0,1.3183,0.008079,unknown,,,,False,False,0.0,0.0,50.0,0.0,0.0,0.0,0.0,0.0,50.0,0.0,0.0,-1,0.0,G1_REGIME,regime='unknown' skipped=None reg_empty=True,-1,0.0,0.0,
XRP/USDT,680,2026-04-07 05:00:00,long,0.58301,85.23,60.0,1.3114,0.008286,unknown,,,,False,False,0.0,0.0,50.0,0.0,0.0,0.0,0.0,0.0,50.0,0.0,0.0,-1,0.0,G1_REGIME,regime='unknown' skipped=None reg_empty=True,-1,0.0,0.0,
XRP/USDT,681,2026-04-07 06:00:00,long,0.57879,85.99,60.0,1.3114,0.007907,unknown,,,,False,False,0.0,0.0,50.0,0.0,0.0,0.0,0.0,0.0,50.0,0.0,0.0,-1,0.0,G1_REGIME,regime='unknown' skipped=None reg_empty=True,-1,0.0,0.0,
XRP/USDT,682,2026-04-07 07:00:00,long,0.59165,84.05,60.0,1.3127,0.007664,unknown,,,,False,False,0.0,0.0,50.0,0.0,0.0,0.0,0.0,0.0,50.0,0.0,0.0,-1,0.0,G1_REGIME,regime='unknown' skipped=None reg_empty=True,-1,0.0,0.0,
XRP/USDT,683,2026-04-07 08:00:00,long,0.54857,100.0,60.0,1.3196,0.0081,unknown,,,,False,False,0.0,0.0,50.0,0.0,0.0,0.0,0.0,0.0,50.0,0.0,0.0,-1,0.0,G1_REGIME,regime='unknown' skipped=None reg_empty=True,-1,0.0,0.0,
XRP/USDT,684,2026-04-07 09:00:00,long,0.55197,89.15,60.0,1.3203,0.008136,unknown,,,,False,False,0.0,0.0,50.0,0.0,0.0,0.0,0.0,0.0,50.0,0.0,0.0,-1,0.0,G1_REGIME,regime='unknown' skipped=None reg_empty=True,-1,0.0,0.0,
XRP/USDT,685,2026-04-07 10:00:00,long,0.56015,88.85,60.0,1.3072,0.008979,unknown,,,,False,False,0.0,0.0,50.0,0.0,0.0,0.0,0.0,0.0,50.0,0.0,0.0,-1,0.0,G1_REGIME,regime='unknown' skipped=None reg_empty=True,-1,0.0,0.0,
XRP/USDT,686,2026-04-07 11:00:00,long,0.55895,86.12,60.0,1.3063,0.00895,unknown,,,,False,False,0.0,0.0,50.0,0.0,0.0,0.0,0.0,0.0,50.0,0.0,0.0,-1,0.0,G1_REGIME,regime='unknown' skipped=None reg_empty=True,-1,0.0,0.0,
XRP/USDT,687,2026-04-07 12:00:00,long,0.56644,100.0,60.0,1.3087,0.008557,unknown,,,,False,False,0.0,0.0,50.0,0.0,0.0,0.0,0.0,0.0,50.0,0.0,0.0,-1,0.0,G1_REGIME,regime='unknown' skipped=None reg_empty=True,-1,0.0,0.0,
XRP/USDT,688,2026-04-07 13:00:00,long,0.56492,82.64,60.0,1.3048,0.008386,unknown,,,,False,False,0.0,0.0,50.0,0.0,0.0,0.0,0.0,0.0,50.0,0.0,0.0,-1,0.0,G1_REGIME,regime='unknown' skipped=None reg_empty=True,-1,0.0,0.0,
XRP/USDT,689,2026-04-07 14:00:00,long,0.5711,100.0,60.0,1.2966,0.008557,unknown,,,,False,False,0.0,0.0,50.0,0.0,0.0,0.0,0.0,0.0,50.0,0.0,0.0,-1,0.0,G1_REGIME,regime='unknown' skipped=None reg_empty=True,-1,0.0,0.0,
XRP/USDT,690,2026-04-07 15:00:00,long,0.57027,86.93,60.0,1.2976,0.008336,unknown,,,,False,False,0.0,0.0,50.0,0.0,0.0,0.0,0.0,0.0,50.0,0.0,0.0,-1,0.0,G1_REGIME,regime='unknown' skipped=None reg_empty=True,-1,0.0,0.0,
XRP/USDT,691,2026-04-07 16:00:00,long,0.56765,90.61,60.0,1.3007,0.008393,unknown,,,,False,False,0.0,0.0,50.0,0.0,0.0,0.0,0.0,0.0,50.0,0.0,0.0,-1,0.0,G1_REGIME,regime='unknown' skipped=None reg_empty=True,-1,0.0,0.0,
XRP/USDT,692,2026-04-07 17:00:00,long,0.57368,86.95,60.0,1.3085,0.0092,unknown,,,,False,False,0.0,0.0,50.0,0.0,0.0,0.0,0.0,0.0,50.0,0.0,0.0,-1,0.0,G1_REGIME,regime='unknown' skipped=None reg_empty=True,-1,0.0,0.0,
XRP/USDT,693,2026-04-07 18:00:00,long,0.56334,81.43,60.0,1.3021,0.009364,unknown,,,,False,False,0.0,0.0,50.0,0.0,0.0,0.0,0.0,0.0,50.0,0.0,0.0,-1,0.0,G1_REGIME,regime='unknown' skipped=None reg_empty=True,-1,0.0,0.0,
XRP/USDT,694,2026-04-07 19:00:00,long,0.56542,100.0,60.0,1.3142,0.009757,unknown,,,,False,False,0.0,0.0,50.0,0.0,0.0,0.0,0.0,0.0,50.0,0.0,0.0,-1,0.0,G1_REGIME,regime='unknown' skipped=None reg_empty=True,-1,0.0,0.0,
XRP/USDT,695,2026-04-07 20:00:00,long,0.55772,87.97,60.0,1.318,0.009879,unknown,,,,False,False,0.0,0.0,50.0,0.0,0.0,0.0,0.0,0.0,50.0,0.0,0.0,-1,0.0,G1_REGIME,regime='unknown' skipped=None reg_empty=True,-1,0.0,0.0,
XRP/USDT,696,2026-04-07 21:00:00,long,0.60025,98.17,60.0,1.338,0.011093,unknown,,,,False,False,0.0,0.0,50.0,0.0,0.0,0.0,0.0,0.0,50.0,0.0,0.0,-1,0.0,G1_REGIME,regime='unknown' skipped=None reg_empty=True,-1,0.0,0.0,
XRP/USDT,697,2026-04-07 22:00:00,long,0.58409,88.46,60.0,1.3735,0.0129,unknown,,,,False,False,0.0,0.0,50.0,0.0,0.0,0.0,0.0,0.0,50.0,0.0,0.0,-1,0.0,G1_REGIME,regime='unknown' skipped=None reg_empty=True,-1,0.0,0.0,
XRP/USDT,698,2026-04-07 23:00:00,long,0.5655,88.17,60.0,1.3787,0.014507,unknown,,,,False,False,0.0,0.0,50.0,0.0,0.0,0.0,0.0,0.0,50.0,0.0,0.0,-1,0.0,G1_REGIME,regime='unknown' skipped=None reg_empty=True,-1,0.0,0.0,
XRP/USDT,699,2026-04-08 00:00:00,long,0.57357,82.51,60.0,1.3665,0.015121,unknown,,,,False,False,0.0,0.0,50.0,0.0,0.0,0.0,0.0,0.0,50.0,0.0,0.0,-1,0.0,G1_REGIME,regime='unknown' skipped=None reg_empty=True,-1,0.0,0.0,
XRP/USDT,700,2026-04-08 01:00:00,long,0.58469,78.58,60.0,1.3698,0.015371,unknown,,,,False,False,0.0,0.0,50.0,0.0,0.0,0.0,0.0,0.0,50.0,0.0,0.0,-1,0.0,G1_REGIME,regime='unknown' skipped=None reg_empty=True,-1,0.0,0.0,
XRP/USDT,701,2026-04-08 02:00:00,long,0.61057,77.93,60.0,1.3744,0.0151,unknown,,,,False,False,0.0,0.0,50.0,0.0,0.0,0.0,0.0,0.0,50.0,0.0,0.0,-1,0.0,G1_REGIME,regime='unknown' skipped=None reg_empty=True,-1,0.0,0.0,
XRP/USDT,702,2026-04-08 03:00:00,long,0.61535,77.52,60.0,1.37,0.0151,unknown,,,,False,False,0.0,0.0,50.0,0.0,0.0,0.0,0.0,0.0,50.0,0.0,0.0,-1,0.0,G1_REGIME,regime='unknown' skipped=None reg_empty=True,-1,0.0,0.0,
XRP/USDT,703,2026-04-08 04:00:00,long,0.6307,69.3,60.0,1.3761,0.0151,unknown,,,,False,False,0.0,0.0,50.0,0.0,0.0,0.0,0.0,0.0,50.0,0.0,0.0,-1,0.0,G1_REGIME,regime='unknown' skipped=None reg_empty=True,-1,0.0,0.0,
XRP/USDT,704,2026-04-08 05:00:00,long,0.62334,69.12,60.0,1.3845,0.015443,unknown,,,,False,False,0.0,0.0,50.0,0.0,0.0,0.0,0.0,0.0,50.0,0.0,0.0,-1,0.0,G1_REGIME,regime='unknown' skipped=None reg_empty=True,-1,0.0,0.0,
XRP/USDT,705,2026-04-08 06:00:00,long,0.62214,66.0,60.0,1.3799,0.015407,unknown,,,,False,False,0.0,0.0,50.0,0.0,0.0,0.0,0.0,0.0,50.0,0.0,0.0,-1,0.0,G1_REGIME,regime='unknown' skipped=None reg_empty=True,-1,0.0,0.0,
XRP/USDT,706,2026-04-08 07:00:00,long,0.61528,65.3,60.0,1.3797,0.014836,unknown,,,,False,False,0.0,0.0,50.0,0.0,0.0,0.0,0.0,0.0,50.0,0.0,0.0,-1,0.0,G1_REGIME,regime='unknown' skipped=None reg_empty=True,-1,0.0,0.0,
XRP/USDT,707,2026-04-08 08:00:00,long,0.6034,64.85,60.0,1.3812,0.014564,unknown,,,,False,False,0.0,0.0,50.0,0.0,0.0,0.0,0.0,0.0,50.0,0.0,0.0,-1,0.0,G1_REGIME,regime='unknown' skipped=None reg_empty=True,-1,0.0,0.0,
XRP/USDT,708,2026-04-08 09:00:00,long,0.6006,64.53,60.0,1.3809,0.014236,unknown,,,,False,False,0.0,0.0,50.0,0.0,0.0,0.0,0.0,0.0,50.0,0.0,0.0,-1,0.0,G1_REGIME,regime='unknown' skipped=None reg_empty=True,-1,0.0,0.0,
XRP/USDT,709,2026-04-08 10:00:00,long,0.59852,66.03,60.0,1.3835,0.014079,unknown,,,,False,False,0.0,0.0,50.0,0.0,0.0,0.0,0.0,0.0,50.0,0.0,0.0,-1,0.0,G1_REGIME,regime='unknown' skipped=None reg_empty=True,-1,0.0,0.0,
XRP/USDT,710,2026-04-08 11:00:00,long,0.58348,65.01,60.0,1.3781,0.013443,unknown,,,,False,False,0.0,0.0,50.0,0.0,0.0,0.0,0.0,0.0,50.0,0.0,0.0,-1,0.0,G1_REGIME,regime='unknown' skipped=None reg_empty=True,-1,0.0,0.0,
XRP/USDT,711,2026-04-08 12:00:00,long,0.58,74.76,60.0,1.3803,0.011436,unknown,,,,False,False,0.0,0.0,50.0,0.0,0.0,0.0,0.0,0.0,50.0,0.0,0.0,-1,0.0,G1_REGIME,regime='unknown' skipped=None reg_empty=True,-1,0.0,0.0,
XRP/USDT,712,2026-04-08 13:00:00,long,0.57409,82.53,60.0,1.3742,0.010507,unknown,,,,False,False,0.0,0.0,50.0,0.0,0.0,0.0,0.0,0.0,50.0,0.0,0.0,-1,0.0,G1_REGIME,regime='unknown' skipped=None reg_empty=True,-1,0.0,0.0,
XRP/USDT,713,2026-04-08 14:00:00,long,0.57256,82.45,60.0,1.3502,0.010907,unknown,,,,False,False,0.0,0.0,50.0,0.0,0.0,0.0,0.0,0.0,50.0,0.0,0.0,-1,0.0,G1_REGIME,regime='unknown' skipped=None reg_empty=True,-1,0.0,0.0,
XRP/USDT,714,2026-04-08 15:00:00,long,0.56862,76.78,60.0,1.3549,0.010814,unknown,,,,False,False,0.0,0.0,50.0,0.0,0.0,0.0,0.0,0.0,50.0,0.0,0.0,-1,0.0,G1_REGIME,regime='unknown' skipped=None reg_empty=True,-1,0.0,0.0,
XRP/USDT,715,2026-04-08 16:00:00,long,0.56768,74.69,60.0,1.3572,0.010771,unknown,,,,False,False,0.0,0.0,50.0,0.0,0.0,0.0,0.0,0.0,50.0,0.0,0.0,-1,0.0,G1_REGIME,regime='unknown' skipped=None reg_empty=True,-1,0.0,0.0,
XRP/USDT,716,2026-04-08 17:00:00,long,0.58132,75.64,60.0,1.3621,0.010786,unknown,,,,False,False,0.0,0.0,50.0,0.0,0.0,0.0,0.0,0.0,50.0,0.0,0.0,-1,0.0,G1_REGIME,regime='unknown' skipped=None reg_empty=True,-1,0.0,0.0,
XRP/USDT,717,2026-04-08 18:00:00,long,0.57053,71.98,60.0,1.3481,0.011236,unknown,,,,False,False,0.0,0.0,50.0,0.0,0.0,0.0,0.0,0.0,50.0,0.0,0.0,-1,0.0,G1_REGIME,regime='unknown' skipped=None reg_empty=True,-1,0.0,0.0,
XRP/USDT,718,2026-04-08 19:00:00,long,0.5614,71.21,60.0,1.3519,0.010929,unknown,,,,False,False,0.0,0.0,50.0,0.0,0.0,0.0,0.0,0.0,50.0,0.0,0.0,-1,0.0,G1_REGIME,regime='unknown' skipped=None reg_empty=True,-1,0.0,0.0,
XRP/USDT,719,2026-04-08 20:00:00,long,0.56556,68.85,60.0,1.3486,0.010936,unknown,,,,False,False,0.0,0.0,50.0,0.0,0.0,0.0,0.0,0.0,50.0,0.0,0.0,-1,0.0,G1_REGIME,regime='unknown' skipped=None reg_empty=True,-1,0.0,0.0,
XRP/USDT,720,2026-04-08 21:00:00,long,0.5422,71.44,60.0,1.3528,0.011086,unknown,,,,False,False,0.0,0.0,50.0,0.0,0.0,0.0,0.0,0.0,50.0,0.0,0.0,-1,0.0,G1_REGIME,regime='unknown' skipped=None reg_empty=True,-1,0.0,0.0,
XRP/USDT,721,2026-04-08 22:00:00,long,0.54621,80.49,60.0,1.3446,0.011307,unknown,,,,False,False,0.0,0.0,50.0,0.0,0.0,0.0,0.0,0.0,50.0,0.0,0.0,-1,0.0,G1_REGIME,regime='unknown' skipped=None reg_empty=True,-1,0.0,0.0,
XRP/USDT,722,2026-04-08 23:00:00,long,0.53053,81.38,60.0,1.3428,0.011071,unknown,,,,False,False,0.0,0.0,50.0,0.0,0.0,0.0,0.0,0.0,50.0,0.0,0.0,-1,0.0,G1_REGIME,regime='unknown' skipped=None reg_empty=True,-1,0.0,0.0,
XRP/USDT,723,2026-04-09 00:00:00,long,0.61354,83.54,60.0,1.3398,0.011257,unknown,,,,False,False,0.0,0.0,50.0,0.0,0.0,0.0,0.0,0.0,50.0,0.0,0.0,-1,0.0,G1_REGIME,regime='unknown' skipped=None reg_empty=True,-1,0.0,0.0,
XRP/USDT,724,2026-04-09 01:00:00,long,0.62101,92.44,60.0,1.3345,0.011279,unknown,,,,False,False,0.0,0.0,50.0,0.0,0.0,0.0,0.0,0.0,50.0,0.0,0.0,-1,0.0,G1_REGIME,regime='unknown' skipped=None reg_empty=True,-1,0.0,0.0,
XRP/USDT,725,2026-04-09 02:00:00,long,0.62942,81.86,60.0,1.3342,0.010943,unknown,,,,False,False,0.0,0.0,50.0,0.0,0.0,0.0,0.0,0.0,50.0,0.0,0.0,-1,0.0,G1_REGIME,regime='unknown' skipped=None reg_empty=True,-1,0.0,0.0,
XRP/USDT,726,2026-04-09 03:00:00,long,0.60766,85.45,60.0,1.3311,0.010321,unknown,,,,False,False,0.0,0.0,50.0,0.0,0.0,0.0,0.0,0.0,50.0,0.0,0.0,-1,0.0,G1_REGIME,regime='unknown' skipped=None reg_empty=True,-1,0.0,0.0,
XRP/USDT,727,2026-04-09 04:00:00,long,0.58952,87.78,60.0,1.3316,0.008586,unknown,,,,False,False,0.0,0.0,50.0,0.0,0.0,0.0,0.0,0.0,50.0,0.0,0.0,-1,0.0,G1_REGIME,regime='unknown' skipped=None reg_empty=True,-1,0.0,0.0,
XRP/USDT,728,2026-04-09 05:00:00,long,0.60326,90.21,60.0,1.3332,0.00835,unknown,,,,False,False,0.0,0.0,50.0,0.0,0.0,0.0,0.0,0.0,50.0,0.0,0.0,-1,0.0,G1_REGIME,regime='unknown' skipped=None reg_empty=True,-1,0.0,0.0,
XRP/USDT,729,2026-04-09 06:00:00,long,0.60496,83.9,60.0,1.3331,0.008543,unknown,,,,False,False,0.0,0.0,50.0,0.0,0.0,0.0,0.0,0.0,50.0,0.0,0.0,-1,0.0,G1_REGIME,regime='unknown' skipped=None reg_empty=True,-1,0.0,0.0,
XRP/USDT,730,2026-04-09 07:00:00,long,0.5961,80.14,60.0,1.332,0.008164,unknown,,,,False,False,0.0,0.0,50.0,0.0,0.0,0.0,0.0,0.0,50.0,0.0,0.0,-1,0.0,G1_REGIME,regime='unknown' skipped=None reg_empty=True,-1,0.0,0.0,
XRP/USDT,731,2026-04-09 08:00:00,long,0.60276,83.46,60.0,1.3352,0.007514,unknown,,,,False,False,0.0,0.0,50.0,0.0,0.0,0.0,0.0,0.0,50.0,0.0,0.0,-1,0.0,G1_REGIME,regime='unknown' skipped=None reg_empty=True,-1,0.0,0.0,
XRP/USDT,732,2026-04-09 09:00:00,long,0.60839,85.56,60.0,1.3381,0.007329,unknown,,,,False,False,0.0,0.0,50.0,0.0,0.0,0.0,0.0,0.0,50.0,0.0,0.0,-1,0.0,G1_REGIME,regime='unknown' skipped=None reg_empty=True,-1,0.0,0.0,
XRP/USDT,733,2026-04-09 10:00:00,long,0.59885,85.05,60.0,1.3329,0.0072,unknown,,,,False,False,0.0,0.0,50.0,0.0,0.0,0.0,0.0,0.0,50.0,0.0,0.0,-1,0.0,G1_REGIME,regime='unknown' skipped=None reg_empty=True,-1,0.0,0.0,
XRP/USDT,734,2026-04-09 11:00:00,long,0.58744,100.0,60.0,1.3297,0.00725,unknown,,,,False,False,0.0,0.0,50.0,0.0,0.0,0.0,0.0,0.0,50.0,0.0,0.0,-1,0.0,G1_REGIME,regime='unknown' skipped=None reg_empty=True,-1,0.0,0.0,
XRP/USDT,735,2026-04-09 12:00:00,long,0.57504,85.52,60.0,1.3313,0.007071,unknown,,,,False,False,0.0,0.0,50.0,0.0,0.0,0.0,0.0,0.0,50.0,0.0,0.0,-1,0.0,G1_REGIME,regime='unknown' skipped=None reg_empty=True,-1,0.0,0.0,
XRP/USDT,736,2026-04-09 13:00:00,long,0.57683,82.31,60.0,1.3295,0.007021,unknown,,,,False,False,0.0,0.0,50.0,0.0,0.0,0.0,0.0,0.0,50.0,0.0,0.0,-1,0.0,G1_REGIME,regime='unknown' skipped=None reg_empty=True,-1,0.0,0.0,
XRP/USDT,737,2026-04-09 14:00:00,long,0.60901,88.49,60.0,1.3326,0.00725,unknown,,,,False,False,0.0,0.0,50.0,0.0,0.0,0.0,0.0,0.0,50.0,0.0,0.0,-1,0.0,G1_REGIME,regime='unknown' skipped=None reg_empty=True,-1,0.0,0.0,
XRP/USDT,738,2026-04-09 15:00:00,long,0.6375,96.33,60.0,1.3523,0.008064,unknown,,,,False,False,0.0,0.0,50.0,0.0,0.0,0.0,0.0,0.0,50.0,0.0,0.0,-1,0.0,G1_REGIME,regime='unknown' skipped=None reg_empty=True,-1,0.0,0.0,
XRP/USDT,739,2026-04-09 16:00:00,long,0.6141,80.19,60.0,1.3524,0.0087,unknown,,,,False,False,0.0,0.0,50.0,0.0,0.0,0.0,0.0,0.0,50.0,0.0,0.0,-1,0.0,G1_REGIME,regime='unknown' skipped=None reg_empty=True,-1,0.0,0.0,
XRP/USDT,740,2026-04-09 17:00:00,long,0.64313,66.43,60.0,1.3585,0.008786,unknown,,,,False,False,0.0,0.0,50.0,0.0,0.0,0.0,0.0,0.0,50.0,0.0,0.0,-1,0.0,G1_REGIME,regime='unknown' skipped=None reg_empty=True,-1,0.0,0.0,
XRP/USDT,741,2026-04-09 18:00:00,long,0.61551,62.56,60.0,1.3553,0.00905,unknown,,,,False,False,0.0,0.0,50.0,0.0,0.0,0.0,0.0,0.0,50.0,0.0,0.0,-1,0.0,G1_REGIME,regime='unknown' skipped=None reg_empty=True,-1,0.0,0.0,
XRP/USDT,742,2026-04-09 19:00:00,long,0.62016,61.43,60.0,1.3559,0.009329,unknown,,,,False,False,0.0,0.0,50.0,0.0,0.0,0.0,0.0,0.0,50.0,0.0,0.0,-1,0.0,G1_REGIME,regime='unknown' skipped=None reg_empty=True,-1,0.0,0.0,
XRP/USDT,743,2026-04-09 20:00:00,long,0.63889,61.05,60.0,1.3566,0.009036,unknown,,,,False,False,0.0,0.0,50.0,0.0,0.0,0.0,0.0,0.0,50.0,0.0,0.0,-1,0.0,G1_REGIME,regime='unknown' skipped=None reg_empty=True,-1,0.0,0.0,
XRP/USDT,744,2026-04-09 21:00:00,long,0.63052,70.63,60.0,1.3534,0.009507,unknown,,,,False,False,0.0,0.0,50.0,0.0,0.0,0.0,0.0,0.0,50.0,0.0,0.0,-1,0.0,G1_REGIME,regime='unknown' skipped=None reg_empty=True,-1,0.0,0.0,
XRP/USDT,745,2026-04-09 22:00:00,long,0.63817,82.1,60.0,1.3525,0.010364,unknown,,,,False,False,0.0,0.0,50.0,0.0,0.0,0.0,0.0,0.0,50.0,0.0,0.0,-1,0.0,G1_REGIME,regime='unknown' skipped=None reg_empty=True,-1,0.0,0.0,
XRP/USDT,746,2026-04-09 23:00:00,long,0.65327,81.0,60.0,1.3438,0.010814,unknown,,,,False,False,0.0,0.0,50.0,0.0,0.0,0.0,0.0,0.0,50.0,0.0,0.0,-1,0.0,G1_REGIME,regime='unknown' skipped=None reg_empty=True,-1,0.0,0.0,
XRP/USDT,747,2026-04-10 00:00:00,long,0.65218,81.42,60.0,1.3451,0.010921,unknown,,,,False,False,0.0,0.0,50.0,0.0,0.0,0.0,0.0,0.0,50.0,0.0,0.0,-1,0.0,G1_REGIME,regime='unknown' skipped=None reg_empty=True,-1,0.0,0.0,
XRP/USDT,748,2026-04-10 01:00:00,long,0.64942,85.55,60.0,1.3435,0.010929,unknown,,,,False,False,0.0,0.0,50.0,0.0,0.0,0.0,0.0,0.0,50.0,0.0,0.0,-1,0.0,G1_REGIME,regime='unknown' skipped=None reg_empty=True,-1,0.0,0.0,
XRP/USDT,749,2026-04-10 02:00:00,long,0.64764,77.73,60.0,1.3433,0.01085,unknown,,,,False,False,0.0,0.0,50.0,0.0,0.0,0.0,0.0,0.0,50.0,0.0,0.0,-1,0.0,G1_REGIME,regime='unknown' skipped=None reg_empty=True,-1,0.0,0.0,
XRP/USDT,750,2026-04-10 03:00:00,long,0.62579,87.42,60.0,1.3412,0.010757,unknown,,,,False,False,0.0,0.0,50.0,0.0,0.0,0.0,0.0,0.0,50.0,0.0,0.0,-1,0.0,G1_REGIME,regime='unknown' skipped=None reg_empty=True,-1,0.0,0.0,
XRP/USDT,751,2026-04-10 04:00:00,long,0.61203,77.23,60.0,1.3463,0.010443,unknown,,,,False,False,0.0,0.0,50.0,0.0,0.0,0.0,0.0,0.0,50.0,0.0,0.0,-1,0.0,G1_REGIME,regime='unknown' skipped=None reg_empty=True,-1,0.0,0.0,
XRP/USDT,752,2026-04-10 05:00:00,long,0.59762,74.0,60.0,1.3436,0.009064,unknown,,,,False,False,0.0,0.0,50.0,0.0,0.0,0.0,0.0,0.0,50.0,0.0,0.0,-1,0.0,G1_REGIME,regime='unknown' skipped=None reg_empty=True,-1,0.0,0.0,
XRP/USDT,753,2026-04-10 06:00:00,long,0.59153,75.19,60.0,1.3422,0.008629,unknown,,,,False,False,0.0,0.0,50.0,0.0,0.0,0.0,0.0,0.0,50.0,0.0,0.0,-1,0.0,G1_REGIME,regime='unknown' skipped=None reg_empty=True,-1,0.0,0.0,
XRP/USDT,754,2026-04-10 07:00:00,long,0.60539,84.37,60.0,1.337,0.00855,unknown,,,,False,False,0.0,0.0,50.0,0.0,0.0,0.0,0.0,0.0,50.0,0.0,0.0,-1,0.0,G1_REGIME,regime='unknown' skipped=None reg_empty=True,-1,0.0,0.0,
XRP/USDT,755,2026-04-10 08:00:00,long,0.60906,89.79,60.0,1.3395,0.008757,unknown,,,,False,False,0.0,0.0,50.0,0.0,0.0,0.0,0.0,0.0,50.0,0.0,0.0,-1,0.0,G1_REGIME,regime='unknown' skipped=None reg_empty=True,-1,0.0,0.0,
XRP/USDT,756,2026-04-10 09:00:00,long,0.60644,84.75,60.0,1.3387,0.008643,unknown,,,,False,False,0.0,0.0,50.0,0.0,0.0,0.0,0.0,0.0,50.0,0.0,0.0,-1,0.0,G1_REGIME,regime='unknown' skipped=None reg_empty=True,-1,0.0,0.0,
XRP/USDT,757,2026-04-10 10:00:00,long,0.6053,71.23,60.0,1.3374,0.008571,unknown,,,,False,False,0.0,0.0,50.0,0.0,0.0,0.0,0.0,0.0,50.0,0.0,0.0,-1,0.0,G1_REGIME,regime='unknown' skipped=None reg_empty=True,-1,0.0,0.0,
XRP/USDT,758,2026-04-10 11:00:00,long,0.609,65.09,60.0,1.3415,0.008329,unknown,,,,False,False,0.0,0.0,50.0,0.0,0.0,0.0,0.0,0.0,50.0,0.0,0.0,-1,0.0,G1_REGIME,regime='unknown' skipped=None reg_empty=True,-1,0.0,0.0,
XRP/USDT,759,2026-04-10 12:00:00,long,0.5999,63.79,60.0,1.3431,0.007593,unknown,,,,False,False,0.0,0.0,50.0,0.0,0.0,0.0,0.0,0.0,50.0,0.0,0.0,-1,0.0,G1_REGIME,regime='unknown' skipped=None reg_empty=True,-1,0.0,0.0,
XRP/USDT,760,2026-04-10 13:00:00,long,0.59428,55.74,60.0,1.3445,0.0073,unknown,,,,False,False,0.0,0.0,50.0,0.0,0.0,0.0,0.0,0.0,50.0,0.0,0.0,-1,0.0,G1_REGIME,regime='unknown' skipped=None reg_empty=True,-1,0.0,0.0,
XRP/USDT,761,2026-04-10 14:00:00,long,0.61057,62.55,60.0,1.358,0.007864,unknown,,,,False,False,0.0,0.0,50.0,0.0,0.0,0.0,0.0,0.0,50.0,0.0,0.0,-1,0.0,G1_REGIME,regime='unknown' skipped=None reg_empty=True,-1,0.0,0.0,
XRP/USDT,762,2026-04-10 15:00:00,long,0.61766,77.66,60.0,1.3478,0.008271,unknown,,,,False,False,0.0,0.0,50.0,0.0,0.0,0.0,0.0,0.0,50.0,0.0,0.0,-1,0.0,G1_REGIME,regime='unknown' skipped=None reg_empty=True,-1,0.0,0.0,
XRP/USDT,763,2026-04-10 16:00:00,long,0.60705,62.75,60.0,1.3515,0.00835,unknown,,,,False,False,0.0,0.0,50.0,0.0,0.0,0.0,0.0,0.0,50.0,0.0,0.0,-1,0.0,G1_REGIME,regime='unknown' skipped=None reg_empty=True,-1,0.0,0.0,
XRP/USDT,764,2026-04-10 17:00:00,long,0.60738,69.07,60.0,1.3553,0.008507,unknown,,,,False,False,0.0,0.0,50.0,0.0,0.0,0.0,0.0,0.0,50.0,0.0,0.0,-1,0.0,G1_REGIME,regime='unknown' skipped=None reg_empty=True,-1,0.0,0.0,
XRP/USDT,765,2026-04-10 18:00:00,long,0.61487,72.67,60.0,1.3597,0.008464,unknown,,,,False,False,0.0,0.0,50.0,0.0,0.0,0.0,0.0,0.0,50.0,0.0,0.0,-1,0.0,G1_REGIME,regime='unknown' skipped=None reg_empty=True,-1,0.0,0.0,
XRP/USDT,766,2026-04-10 19:00:00,long,0.64512,77.3,60.0,1.3631,0.0084,unknown,,,,False,False,0.0,0.0,50.0,0.0,0.0,0.0,0.0,0.0,50.0,0.0,0.0,-1,0.0,G1_REGIME,regime='unknown' skipped=None reg_empty=True,-1,0.0,0.0,
XRP/USDT,767,2026-04-10 20:00:00,long,0.64912,79.13,60.0,1.3642,0.008314,unknown,,,,False,False,0.0,0.0,50.0,0.0,0.0,0.0,0.0,0.0,50.0,0.0,0.0,-1,0.0,G1_REGIME,regime='unknown' skipped=None reg_empty=True,-1,0.0,0.0,
XRP/USDT,768,2026-04-10 21:00:00,long,0.63363,62.09,60.0,1.3604,0.008257,unknown,,,,False,False,0.0,0.0,50.0,0.0,0.0,0.0,0.0,0.0,50.0,0.0,0.0,-1,0.0,G1_REGIME,regime='unknown' skipped=None reg_empty=True,-1,0.0,0.0,
XRP/USDT,769,2026-04-10 22:00:00,long,0.60993,68.93,60.0,1.3563,0.007871,unknown,,,,False,False,0.0,0.0,50.0,0.0,0.0,0.0,0.0,0.0,50.0,0.0,0.0,-1,0.0,G1_REGIME,regime='unknown' skipped=None reg_empty=True,-1,0.0,0.0,
XRP/USDT,770,2026-04-10 23:00:00,long,0.61394,68.88,60.0,1.3559,0.00755,unknown,,,,False,False,0.0,0.0,50.0,0.0,0.0,0.0,0.0,0.0,50.0,0.0,0.0,-1,0.0,G1_REGIME,regime='unknown' skipped=None reg_empty=True,-1,0.0,0.0,
XRP/USDT,771,2026-04-11 00:00:00,long,0.63683,80.21,60.0,1.3541,0.007436,unknown,,,,False,False,0.0,0.0,50.0,0.0,0.0,0.0,0.0,0.0,50.0,0.0,0.0,-1,0.0,G1_REGIME,regime='unknown' skipped=None reg_empty=True,-1,0.0,0.0,
XRP/USDT,772,2026-04-11 01:00:00,long,0.64322,86.25,60.0,1.3532,0.007329,unknown,,,,False,False,0.0,0.0,50.0,0.0,0.0,0.0,0.0,0.0,50.0,0.0,0.0,-1,0.0,G1_REGIME,regime='unknown' skipped=None reg_empty=True,-1,0.0,0.0,
XRP/USDT,773,2026-04-11 02:00:00,long,0.63958,79.96,60.0,1.355,0.007093,unknown,,,,False,False,0.0,0.0,50.0,0.0,0.0,0.0,0.0,0.0,50.0,0.0,0.0,-1,0.0,G1_REGIME,regime='unknown' skipped=None reg_empty=True,-1,0.0,0.0,
XRP/USDT,774,2026-04-11 03:00:00,long,0.64316,77.21,60.0,1.3506,0.007043,unknown,,,,False,False,0.0,0.0,50.0,0.0,0.0,0.0,0.0,0.0,50.0,0.0,0.0,-1,0.0,G1_REGIME,regime='unknown' skipped=None reg_empty=True,-1,0.0,0.0,
XRP/USDT,775,2026-04-11 04:00:00,long,0.59938,75.08,60.0,1.3509,0.00625,unknown,,,,False,False,0.0,0.0,50.0,0.0,0.0,0.0,0.0,0.0,50.0,0.0,0.0,-1,0.0,G1_REGIME,regime='unknown' skipped=None reg_empty=True,-1,0.0,0.0,
XRP/USDT,776,2026-04-11 05:00:00,long,0.61102,72.53,60.0,1.3476,0.005493,unknown,,,,False,False,0.0,0.0,50.0,0.0,0.0,0.0,0.0,0.0,50.0,0.0,0.0,-1,0.0,G1_REGIME,regime='unknown' skipped=None reg_empty=True,-1,0.0,0.0,
XRP/USDT,777,2026-04-11 06:00:00,long,0.6088,72.23,60.0,1.3464,0.005286,unknown,,,,False,False,0.0,0.0,50.0,0.0,0.0,0.0,0.0,0.0,50.0,0.0,0.0,-1,0.0,G1_REGIME,regime='unknown' skipped=None reg_empty=True,-1,0.0,0.0,
XRP/USDT,778,2026-04-11 07:00:00,long,0.61728,71.71,60.0,1.3464,0.004929,unknown,,,,False,False,0.0,0.0,50.0,0.0,0.0,0.0,0.0,0.0,50.0,0.0,0.0,-1,0.0,G1_REGIME,regime='unknown' skipped=None reg_empty=True,-1,0.0,0.0,
XRP/USDT,779,2026-04-11 08:00:00,long,0.60454,82.0,60.0,1.3455,0.004693,unknown,,,,False,False,0.0,0.0,50.0,0.0,0.0,0.0,0.0,0.0,50.0,0.0,0.0,-1,0.0,G1_REGIME,regime='unknown' skipped=None reg_empty=True,-1,0.0,0.0,
XRP/USDT,780,2026-04-11 09:00:00,long,0.58983,76.78,60.0,1.3479,0.004814,unknown,,,,False,False,0.0,0.0,50.0,0.0,0.0,0.0,0.0,0.0,50.0,0.0,0.0,-1,0.0,G1_REGIME,regime='unknown' skipped=None reg_empty=True,-1,0.0,0.0,
XRP/USDT,781,2026-04-11 10:00:00,long,0.60119,70.46,60.0,1.3472,0.004536,unknown,,,,False,False,0.0,0.0,50.0,0.0,0.0,0.0,0.0,0.0,50.0,0.0,0.0,-1,0.0,G1_REGIME,regime='unknown' skipped=None reg_empty=True,-1,0.0,0.0,
XRP/USDT,782,2026-04-11 11:00:00,long,0.59775,86.28,60.0,1.3457,0.004471,unknown,,,,False,False,0.0,0.0,50.0,0.0,0.0,0.0,0.0,0.0,50.0,0.0,0.0,-1,0.0,G1_REGIME,regime='unknown' skipped=None reg_empty=True,-1,0.0,0.0,
XRP/USDT,783,2026-04-11 12:00:00,long,0.6052,85.85,60.0,1.3446,0.004293,unknown,,,,False,False,0.0,0.0,50.0,0.0,0.0,0.0,0.0,0.0,50.0,0.0,0.0,-1,0.0,G1_REGIME,regime='unknown' skipped=None reg_empty=True,-1,0.0,0.0,
XRP/USDT,784,2026-04-11 13:00:00,long,0.59973,86.26,60.0,1.3449,0.004464,unknown,,,,False,False,0.0,0.0,50.0,0.0,0.0,0.0,0.0,0.0,50.0,0.0,0.0,-1,0.0,G1_REGIME,regime='unknown' skipped=None reg_empty=True,-1,0.0,0.0,
XRP/USDT,785,2026-04-11 14:00:00,long,0.60333,89.79,60.0,1.3424,0.00475,unknown,,,,False,False,0.0,0.0,50.0,0.0,0.0,0.0,0.0,0.0,50.0,0.0,0.0,-1,0.0,G1_REGIME,regime='unknown' skipped=None reg_empty=True,-1,0.0,0.0,
XRP/USDT,786,2026-04-11 15:00:00,long,0.5973,96.37,60.0,1.346,0.004893,unknown,,,,False,False,0.0,0.0,50.0,0.0,0.0,0.0,0.0,0.0,50.0,0.0,0.0,-1,0.0,G1_REGIME,regime='unknown' skipped=None reg_empty=True,-1,0.0,0.0,
XRP/USDT,787,2026-04-11 16:00:00,long,0.59977,83.03,60.0,1.3548,0.0055,unknown,,,,False,False,0.0,0.0,50.0,0.0,0.0,0.0,0.0,0.0,50.0,0.0,0.0,-1,0.0,G1_REGIME,regime='unknown' skipped=None reg_empty=True,-1,0.0,0.0,
XRP/USDT,788,2026-04-11 17:00:00,long,0.60717,81.92,60.0,1.3531,0.005393,unknown,,,,False,False,0.0,0.0,50.0,0.0,0.0,0.0,0.0,0.0,50.0,0.0,0.0,-1,0.0,G1_REGIME,regime='unknown' skipped=None reg_empty=True,-1,0.0,0.0,
XRP/USDT,789,2026-04-11 18:00:00,long,0.66555,99.13,60.0,1.3642,0.006229,unknown,,,,False,False,0.0,0.0,50.0,0.0,0.0,0.0,0.0,0.0,50.0,0.0,0.0,-1,0.0,G1_REGIME,regime='unknown' skipped=None reg_empty=True,-1,0.0,0.0,
XRP/USDT,790,2026-04-11 19:00:00,long,0.67353,89.63,60.0,1.3712,0.00675,unknown,,,,False,False,0.0,0.0,50.0,0.0,0.0,0.0,0.0,0.0,50.0,0.0,0.0,-1,0.0,G1_REGIME,regime='unknown' skipped=None reg_empty=True,-1,0.0,0.0,
XRP/USDT,791,2026-04-11 20:00:00,long,0.66182,95.37,60.0,1.3616,0.007543,unknown,,,,False,False,0.0,0.0,50.0,0.0,0.0,0.0,0.0,0.0,50.0,0.0,0.0,-1,0.0,G1_REGIME,regime='unknown' skipped=None reg_empty=True,-1,0.0,0.0,
XRP/USDT,792,2026-04-11 21:00:00,long,0.65627,77.1,60.0,1.3623,0.00785,unknown,,,,False,False,0.0,0.0,50.0,0.0,0.0,0.0,0.0,0.0,50.0,0.0,0.0,-1,0.0,G1_REGIME,regime='unknown' skipped=None reg_empty=True,-1,0.0,0.0,
XRP/USDT,793,2026-04-11 22:00:00,long,0.65833,79.14,60.0,1.3617,0.008293,unknown,,,,False,False,0.0,0.0,50.0,0.0,0.0,0.0,0.0,0.0,50.0,0.0,0.0,-1,0.0,G1_REGIME,regime='unknown' skipped=None reg_empty=True,-1,0.0,0.0,
XRP/USDT,794,2026-04-11 23:00:00,long,0.65214,94.4,60.0,1.3546,0.00855,unknown,,,,False,False,0.0,0.0,50.0,0.0,0.0,0.0,0.0,0.0,50.0,0.0,0.0,-1,0.0,G1_REGIME,regime='unknown' skipped=None reg_empty=True,-1,0.0,0.0,
XRP/USDT,795,2026-04-12 00:00:00,long,0.64789,89.64,60.0,1.3537,0.008621,unknown,,,,False,False,0.0,0.0,50.0,0.0,0.0,0.0,0.0,0.0,50.0,0.0,0.0,-1,0.0,G1_REGIME,regime='unknown' skipped=None reg_empty=True,-1,0.0,0.0,
XRP/USDT,796,2026-04-12 01:00:00,long,0.75914,100.0,60.0,1.3296,0.010343,unknown,,,,False,False,0.0,0.0,50.0,0.0,0.0,0.0,0.0,0.0,50.0,0.0,0.0,-1,0.0,G1_REGIME,regime='unknown' skipped=None reg_empty=True,-1,0.0,0.0,
XRP/USDT,797,2026-04-12 02:00:00,long,0.75051,92.82,60.0,1.3345,0.010943,unknown,,,,False,False,0.0,0.0,50.0,0.0,0.0,0.0,0.0,0.0,50.0,0.0,0.0,-1,0.0,G1_REGIME,regime='unknown' skipped=None reg_empty=True,-1,0.0,0.0,
XRP/USDT,798,2026-04-12 03:00:00,long,0.73678,88.16,60.0,1.3302,0.011043,unknown,,,,False,False,0.0,0.0,50.0,0.0,0.0,0.0,0.0,0.0,50.0,0.0,0.0,-1,0.0,G1_REGIME,regime='unknown' skipped=None reg_empty=True,-1,0.0,0.0,
XRP/USDT,799,2026-04-12 04:00:00,long,0.74796,88.55,60.0,1.3279,0.010786,unknown,,,,False,False,0.0,0.0,50.0,0.0,0.0,0.0,0.0,0.0,50.0,0.0,0.0,-1,0.0,G1_REGIME,regime='unknown' skipped=None reg_empty=True,-1,0.0,0.0,
XRP/USDT,800,2026-04-12 05:00:00,long,0.73211,68.06,60.0,1.3305,0.010571,unknown,,,,False,False,0.0,0.0,50.0,0.0,0.0,0.0,0.0,0.0,50.0,0.0,0.0,-1,0.0,G1_REGIME,regime='unknown' skipped=None reg_empty=True,-1,0.0,0.0,
XRP/USDT,801,2026-04-12 06:00:00,long,0.73579,85.51,60.0,1.3295,0.009893,unknown,,,,False,False,0.0,0.0,50.0,0.0,0.0,0.0,0.0,0.0,50.0,0.0,0.0,-1,0.0,G1_REGIME,regime='unknown' skipped=None reg_empty=True,-1,0.0,0.0,
XRP/USDT,802,2026-04-12 07:00:00,long,0.71997,84.75,60.0,1.3298,0.009771,unknown,,,,False,False,0.0,0.0,50.0,0.0,0.0,0.0,0.0,0.0,50.0,0.0,0.0,-1,0.0,G1_REGIME,regime='unknown' skipped=None reg_empty=True,-1,0.0,0.0,
XRP/USDT,803,2026-04-12 08:00:00,long,0.7099,83.44,60.0,1.3287,0.008964,unknown,,,,False,False,0.0,0.0,50.0,0.0,0.0,0.0,0.0,0.0,50.0,0.0,0.0,-1,0.0,G1_REGIME,regime='unknown' skipped=None reg_empty=True,-1,0.0,0.0,
XRP/USDT,804,2026-04-12 09:00:00,long,0.70051,85.62,60.0,1.3304,0.008457,unknown,,,,False,False,0.0,0.0,50.0,0.0,0.0,0.0,0.0,0.0,50.0,0.0,0.0,-1,0.0,G1_REGIME,regime='unknown' skipped=None reg_empty=True,-1,0.0,0.0,
XRP/USDT,805,2026-04-12 10:00:00,long,0.7047,85.67,60.0,1.3306,0.00765,unknown,,,,False,False,0.0,0.0,50.0,0.0,0.0,0.0,0.0,0.0,50.0,0.0,0.0,-1,0.0,G1_REGIME,regime='unknown' skipped=None reg_empty=True,-1,0.0,0.0,
XRP/USDT,806,2026-04-12 11:00:00,long,0.70101,85.83,60.0,1.333,0.007457,unknown,,,,False,False,0.0,0.0,50.0,0.0,0.0,0.0,0.0,0.0,50.0,0.0,0.0,-1,0.0,G1_REGIME,regime='unknown' skipped=None reg_empty=True,-1,0.0,0.0,
XRP/USDT,807,2026-04-12 12:00:00,long,0.70663,86.61,60.0,1.3311,0.007243,unknown,,,,False,False,0.0,0.0,50.0,0.0,0.0,0.0,0.0,0.0,50.0,0.0,0.0,-1,0.0,G1_REGIME,regime='unknown' skipped=None reg_empty=True,-1,0.0,0.0,
XRP/USDT,808,2026-04-12 13:00:00,long,0.72768,91.69,60.0,1.3235,0.007186,unknown,,,,False,False,0.0,0.0,50.0,0.0,0.0,0.0,0.0,0.0,50.0,0.0,0.0,-1,0.0,G1_REGIME,regime='unknown' skipped=None reg_empty=True,-1,0.0,0.0,
XRP/USDT,809,2026-04-12 14:00:00,long,0.77223,95.11,60.0,1.3224,0.007371,unknown,,,,False,False,0.0,0.0,50.0,0.0,0.0,0.0,0.0,0.0,50.0,0.0,0.0,-1,0.0,G1_REGIME,regime='unknown' skipped=None reg_empty=True,-1,0.0,0.0,
XRP/USDT,810,2026-04-12 15:00:00,long,0.73406,85.34,60.0,1.3239,0.005664,unknown,,,,False,False,0.0,0.0,50.0,0.0,0.0,0.0,0.0,0.0,50.0,0.0,0.0,-1,0.0,G1_REGIME,regime='unknown' skipped=None reg_empty=True,-1,0.0,0.0,
XRP/USDT,811,2026-04-12 16:00:00,long,0.69865,84.85,60.0,1.3282,0.005129,unknown,,,,False,False,0.0,0.0,50.0,0.0,0.0,0.0,0.0,0.0,50.0,0.0,0.0,-1,0.0,G1_REGIME,regime='unknown' skipped=None reg_empty=True,-1,0.0,0.0,
XRP/USDT,812,2026-04-12 17:00:00,long,0.67708,86.73,60.0,1.3328,0.005157,unknown,,,,False,False,0.0,0.0,50.0,0.0,0.0,0.0,0.0,0.0,50.0,0.0,0.0,-1,0.0,G1_REGIME,regime='unknown' skipped=None reg_empty=True,-1,0.0,0.0,
XRP/USDT,813,2026-04-12 18:00:00,long,0.68882,85.23,60.0,1.331,0.005186,unknown,,,,False,False,0.0,0.0,50.0,0.0,0.0,0.0,0.0,0.0,50.0,0.0,0.0,-1,0.0,G1_REGIME,regime='unknown' skipped=None reg_empty=True,-1,0.0,0.0,
XRP/USDT,814,2026-04-12 19:00:00,long,0.70517,86.97,60.0,1.3311,0.005007,unknown,,,,False,False,0.0,0.0,50.0,0.0,0.0,0.0,0.0,0.0,50.0,0.0,0.0,-1,0.0,G1_REGIME,regime='unknown' skipped=None reg_empty=True,-1,0.0,0.0,
XRP/USDT,815,2026-04-12 20:00:00,long,0.72454,94.16,60.0,1.3367,0.005479,unknown,,,,False,False,0.0,0.0,50.0,0.0,0.0,0.0,0.0,0.0,50.0,0.0,0.0,-1,0.0,G1_REGIME,regime='unknown' skipped=None reg_empty=True,-1,0.0,0.0,
XRP/USDT,816,2026-04-12 21:00:00,long,0.70162,91.72,60.0,1.3365,0.0056,unknown,,,,False,False,0.0,0.0,50.0,0.0,0.0,0.0,0.0,0.0,50.0,0.0,0.0,-1,0.0,G1_REGIME,regime='unknown' skipped=None reg_empty=True,-1,0.0,0.0,
XRP/USDT,817,2026-04-12 22:00:00,long,0.71349,92.05,60.0,1.3283,0.006243,unknown,,,,False,False,0.0,0.0,50.0,0.0,0.0,0.0,0.0,0.0,50.0,0.0,0.0,-1,0.0,G1_REGIME,regime='unknown' skipped=None reg_empty=True,-1,0.0,0.0,
XRP/USDT,818,2026-04-12 23:00:00,long,0.72795,86.66,60.0,1.3247,0.006264,unknown,,,,False,False,0.0,0.0,50.0,0.0,0.0,0.0,0.0,0.0,50.0,0.0,0.0,-1,0.0,G1_REGIME,regime='unknown' skipped=None reg_empty=True,-1,0.0,0.0,
XRP/USDT,819,2026-04-13 00:00:00,long,0.70502,93.28,60.0,1.3317,0.006743,unknown,,,,False,False,0.0,0.0,50.0,0.0,0.0,0.0,0.0,0.0,50.0,0.0,0.0,-1,0.0,G1_REGIME,regime='unknown' skipped=None reg_empty=True,-1,0.0,0.0,
XRP/USDT,820,2026-04-13 01:00:00,long,0.70756,94.77,60.0,1.3322,0.006921,unknown,,,,False,False,0.0,0.0,50.0,0.0,0.0,0.0,0.0,0.0,50.0,0.0,0.0,-1,0.0,G1_REGIME,regime='unknown' skipped=None reg_empty=True,-1,0.0,0.0,
XRP/USDT,821,2026-04-13 02:00:00,long,0.72808,59.44,60.0,1.3255,0.007043,unknown,,,,False,False,0.0,0.0,50.0,0.0,0.0,0.0,0.0,0.0,50.0,0.0,0.0,-1,0.0,G1_REGIME,regime='unknown' skipped=None reg_empty=True,-1,0.0,0.0,
XRP/USDT,822,2026-04-13 03:00:00,long,0.72639,59.86,60.0,1.3254,0.006679,unknown,,,,False,False,0.0,0.0,50.0,0.0,0.0,0.0,0.0,0.0,50.0,0.0,0.0,-1,0.0,G1_REGIME,regime='unknown' skipped=None reg_empty=True,-1,0.0,0.0,
XRP/USDT,823,2026-04-13 04:00:00,long,0.73766,59.24,60.0,1.323,0.006814,unknown,,,,False,False,0.0,0.0,50.0,0.0,0.0,0.0,0.0,0.0,50.0,0.0,0.0,-1,0.0,G1_REGIME,regime='unknown' skipped=None reg_empty=True,-1,0.0,0.0,
XRP/USDT,824,2026-04-13 05:00:00,long,0.71313,62.75,60.0,1.3316,0.007114,unknown,,,,False,False,0.0,0.0,50.0,0.0,0.0,0.0,0.0,0.0,50.0,0.0,0.0,-1,0.0,G1_REGIME,regime='unknown' skipped=None reg_empty=True,-1,0.0,0.0,
XRP/USDT,825,2026-04-13 06:00:00,long,0.70918,83.87,60.0,1.3345,0.007214,unknown,,,,False,False,0.0,0.0,50.0,0.0,0.0,0.0,0.0,0.0,50.0,0.0,0.0,-1,0.0,G1_REGIME,regime='unknown' skipped=None reg_empty=True,-1,0.0,0.0,
XRP/USDT,826,2026-04-13 07:00:00,long,0.72834,56.4,60.0,1.3254,0.00745,unknown,,,,False,False,0.0,0.0,50.0,0.0,0.0,0.0,0.0,0.0,50.0,0.0,0.0,-1,0.0,G1_REGIME,regime='unknown' skipped=None reg_empty=True,-1,0.0,0.0,
XRP/USDT,827,2026-04-13 08:00:00,long,0.74134,62.85,60.0,1.3256,0.007579,unknown,,,,False,False,0.0,0.0,50.0,0.0,0.0,0.0,0.0,0.0,50.0,0.0,0.0,-1,0.0,G1_REGIME,regime='unknown' skipped=None reg_empty=True,-1,0.0,0.0,
XRP/USDT,828,2026-04-13 09:00:00,long,0.7486,82.11,60.0,1.3266,0.007857,unknown,,,,False,False,0.0,0.0,50.0,0.0,0.0,0.0,0.0,0.0,50.0,0.0,0.0,-1,0.0,G1_REGIME,regime='unknown' skipped=None reg_empty=True,-1,0.0,0.0,
XRP/USDT,829,2026-04-13 10:00:00,long,0.73667,58.3,60.0,1.325,0.007386,unknown,,,,False,False,0.0,0.0,50.0,0.0,0.0,0.0,0.0,0.0,50.0,0.0,0.0,-1,0.0,G1_REGIME,regime='unknown' skipped=None reg_empty=True,-1,0.0,0.0,
XRP/USDT,830,2026-04-13 11:00:00,long,0.73928,60.11,60.0,1.3255,0.007236,unknown,,,,False,False,0.0,0.0,50.0,0.0,0.0,0.0,0.0,0.0,50.0,0.0,0.0,-1,0.0,G1_REGIME,regime='unknown' skipped=None reg_empty=True,-1,0.0,0.0,
XRP/USDT,831,2026-04-13 12:00:00,long,0.71718,68.09,60.0,1.332,0.007014,unknown,,,,False,False,0.0,0.0,50.0,0.0,0.0,0.0,0.0,0.0,50.0,0.0,0.0,-1,0.0,G1_REGIME,regime='unknown' skipped=None reg_empty=True,-1,0.0,0.0,
XRP/USDT,832,2026-04-13 13:00:00,long,0.75537,79.01,60.0,1.3396,0.007571,unknown,,,,False,False,0.0,0.0,50.0,0.0,0.0,0.0,0.0,0.0,50.0,0.0,0.0,-1,0.0,G1_REGIME,regime='unknown' skipped=None reg_empty=True,-1,0.0,0.0,
XRP/USDT,833,2026-04-13 14:00:00,long,0.72225,79.34,60.0,1.3459,0.007914,unknown,,,,False,False,0.0,0.0,50.0,0.0,0.0,0.0,0.0,0.0,50.0,0.0,0.0,-1,0.0,G1_REGIME,regime='unknown' skipped=None reg_empty=True,-1,0.0,0.0,
XRP/USDT,834,2026-04-13 15:00:00,long,0.75129,70.92,60.0,1.3345,0.008521,unknown,,,,False,False,0.0,0.0,50.0,0.0,0.0,0.0,0.0,0.0,50.0,0.0,0.0,-1,0.0,G1_REGIME,regime='unknown' skipped=None reg_empty=True,-1,0.0,0.0,
XRP/USDT,835,2026-04-13 16:00:00,long,0.7113,64.14,60.0,1.3397,0.008821,unknown,,,,False,False,0.0,0.0,50.0,0.0,0.0,0.0,0.0,0.0,50.0,0.0,0.0,-1,0.0,G1_REGIME,regime='unknown' skipped=None reg_empty=True,-1,0.0,0.0,
XRP/USDT,836,2026-04-13 17:00:00,long,0.70172,66.69,60.0,1.3379,0.009093,unknown,,,,False,False,0.0,0.0,50.0,0.0,0.0,0.0,0.0,0.0,50.0,0.0,0.0,-1,0.0,G1_REGIME,regime='unknown' skipped=None reg_empty=True,-1,0.0,0.0,
XRP/USDT,837,2026-04-13 18:00:00,long,0.70273,59.35,60.0,1.3404,0.008979,unknown,,,,False,False,0.0,0.0,50.0,0.0,0.0,0.0,0.0,0.0,50.0,0.0,0.0,-1,0.0,G1_REGIME,regime='unknown' skipped=None reg_empty=True,-1,0.0,0.0,
XRP/USDT,838,2026-04-13 19:00:00,long,0.73028,69.22,60.0,1.3533,0.009429,unknown,,,,False,False,0.0,0.0,50.0,0.0,0.0,0.0,0.0,0.0,50.0,0.0,0.0,-1,0.0,G1_REGIME,regime='unknown' skipped=None reg_empty=True,-1,0.0,0.0,
XRP/USDT,839,2026-04-13 20:00:00,long,0.73315,80.15,60.0,1.347,0.009614,unknown,,,,False,False,0.0,0.0,50.0,0.0,0.0,0.0,0.0,0.0,50.0,0.0,0.0,-1,0.0,G1_REGIME,regime='unknown' skipped=None reg_empty=True,-1,0.0,0.0,
XRP/USDT,840,2026-04-13 21:00:00,long,0.70467,76.91,60.0,1.3508,0.009593,unknown,,,,False,False,0.0,0.0,50.0,0.0,0.0,0.0,0.0,0.0,50.0,0.0,0.0,-1,0.0,G1_REGIME,regime='unknown' skipped=None reg_empty=True,-1,0.0,0.0,
XRP/USDT,841,2026-04-13 22:00:00,long,0.70756,92.01,60.0,1.3747,0.0111,unknown,,,,False,False,0.0,0.0,50.0,0.0,0.0,0.0,0.0,0.0,50.0,0.0,0.0,-1,0.0,G1_REGIME,regime='unknown' skipped=None reg_empty=True,-1,0.0,0.0,
XRP/USDT,842,2026-04-13 23:00:00,long,0.71376,90.51,60.0,1.3756,0.011621,unknown,,,,False,False,0.0,0.0,50.0,0.0,0.0,0.0,0.0,0.0,50.0,0.0,0.0,-1,0.0,G1_REGIME,regime='unknown' skipped=None reg_empty=True,-1,0.0,0.0,
XRP/USDT,843,2026-04-14 00:00:00,long,0.58218,91.23,60.0,1.3621,0.012586,unknown,,,,False,False,0.0,0.0,50.0,0.0,0.0,0.0,0.0,0.0,50.0,0.0,0.0,-1,0.0,G1_REGIME,regime='unknown' skipped=None reg_empty=True,-1,0.0,0.0,
XRP/USDT,844,2026-04-14 01:00:00,long,0.58269,75.23,60.0,1.3667,0.012986,unknown,,,,False,False,0.0,0.0,50.0,0.0,0.0,0.0,0.0,0.0,50.0,0.0,0.0,-1,0.0,G1_REGIME,regime='unknown' skipped=None reg_empty=True,-1,0.0,0.0,
XRP/USDT,845,2026-04-14 02:00:00,long,0.58157,74.23,60.0,1.3682,0.012693,unknown,,,,False,False,0.0,0.0,50.0,0.0,0.0,0.0,0.0,0.0,50.0,0.0,0.0,-1,0.0,G1_REGIME,regime='unknown' skipped=None reg_empty=True,-1,0.0,0.0,
XRP/USDT,846,2026-04-14 03:00:00,long,0.57839,71.73,60.0,1.3672,0.011914,unknown,,,,False,False,0.0,0.0,50.0,0.0,0.0,0.0,0.0,0.0,50.0,0.0,0.0,-1,0.0,G1_REGIME,regime='unknown' skipped=None reg_empty=True,-1,0.0,0.0,
XRP/USDT,847,2026-04-14 04:00:00,long,0.56389,73.31,60.0,1.3635,0.011421,unknown,,,,False,False,0.0,0.0,50.0,0.0,0.0,0.0,0.0,0.0,50.0,0.0,0.0,-1,0.0,G1_REGIME,regime='unknown' skipped=None reg_empty=True,-1,0.0,0.0,
XRP/USDT,848,2026-04-14 05:00:00,long,0.5622,80.68,60.0,1.3623,0.01065,unknown,,,,False,False,0.0,0.0,50.0,0.0,0.0,0.0,0.0,0.0,50.0,0.0,0.0,-1,0.0,G1_REGIME,regime='unknown' skipped=None reg_empty=True,-1,0.0,0.0,
XRP/USDT,849,2026-04-14 06:00:00,long,0.58272,75.28,60.0,1.3716,0.010507,unknown,,,,False,False,0.0,0.0,50.0,0.0,0.0,0.0,0.0,0.0,50.0,0.0,0.0,-1,0.0,G1_REGIME,regime='unknown' skipped=None reg_empty=True,-1,0.0,0.0,
XRP/USDT,850,2026-04-14 07:00:00,long,0.56005,74.51,60.0,1.3682,0.010593,unknown,,,,False,False,0.0,0.0,50.0,0.0,0.0,0.0,0.0,0.0,50.0,0.0,0.0,-1,0.0,G1_REGIME,regime='unknown' skipped=None reg_empty=True,-1,0.0,0.0,
XRP/USDT,851,2026-04-14 08:00:00,long,0.55456,74.34,60.0,1.3735,0.010779,unknown,,,,False,False,0.0,0.0,50.0,0.0,0.0,0.0,0.0,0.0,50.0,0.0,0.0,-1,0.0,G1_REGIME,regime='unknown' skipped=None reg_empty=True,-1,0.0,0.0,
XRP/USDT,852,2026-04-14 09:00:00,long,0.55717,72.66,60.0,1.3733,0.009957,unknown,,,,False,False,0.0,0.0,50.0,0.0,0.0,0.0,0.0,0.0,50.0,0.0,0.0,-1,0.0,G1_REGIME,regime='unknown' skipped=None reg_empty=True,-1,0.0,0.0,
XRP/USDT,853,2026-04-14 10:00:00,long,0.55267,72.13,60.0,1.3702,0.009629,unknown,,,,False,False,0.0,0.0,50.0,0.0,0.0,0.0,0.0,0.0,50.0,0.0,0.0,-1,0.0,G1_REGIME,regime='unknown' skipped=None reg_empty=True,-1,0.0,0.0,
XRP/USDT,854,2026-04-14 11:00:00,long,0.55496,70.09,60.0,1.3692,0.009386,unknown,,,,False,False,0.0,0.0,50.0,0.0,0.0,0.0,0.0,0.0,50.0,0.0,0.0,-1,0.0,G1_REGIME,regime='unknown' skipped=None reg_empty=True,-1,0.0,0.0,
XRP/USDT,855,2026-04-14 12:00:00,long,0.5292,70.0,60.0,1.3673,0.007929,unknown,,,,False,False,0.0,0.0,50.0,0.0,0.0,0.0,0.0,0.0,50.0,0.0,0.0,-1,0.0,G1_REGIME,regime='unknown' skipped=None reg_empty=True,-1,0.0,0.0,
XRP/USDT,856,2026-04-14 13:00:00,long,0.57625,96.37,60.0,1.3926,0.008893,unknown,,,,False,False,0.0,0.0,50.0,0.0,0.0,0.0,0.0,0.0,50.0,0.0,0.0,-1,0.0,G1_REGIME,regime='unknown' skipped=None reg_empty=True,-1,0.0,0.0,
XRP/USDT,857,2026-04-14 14:00:00,long,0.57319,100.0,60.0,1.3719,0.009386,unknown,,,,False,False,0.0,0.0,50.0,0.0,0.0,0.0,0.0,0.0,50.0,0.0,0.0,-1,0.0,G1_REGIME,regime='unknown' skipped=None reg_empty=True,-1,0.0,0.0,
XRP/USDT,858,2026-04-14 15:00:00,long,0.5728,84.9,60.0,1.3745,0.009614,unknown,,,,False,False,0.0,0.0,50.0,0.0,0.0,0.0,0.0,0.0,50.0,0.0,0.0,-1,0.0,G1_REGIME,regime='unknown' skipped=None reg_empty=True,-1,0.0,0.0,
XRP/USDT,859,2026-04-14 16:00:00,long,0.56448,78.34,60.0,1.3684,0.010243,unknown,,,,False,False,0.0,0.0,50.0,0.0,0.0,0.0,0.0,0.0,50.0,0.0,0.0,-1,0.0,G1_REGIME,regime='unknown' skipped=None reg_empty=True,-1,0.0,0.0,
XRP/USDT,860,2026-04-14 17:00:00,long,0.56591,76.26,60.0,1.3688,0.010693,unknown,,,,False,False,0.0,0.0,50.0,0.0,0.0,0.0,0.0,0.0,50.0,0.0,0.0,-1,0.0,G1_REGIME,regime='unknown' skipped=None reg_empty=True,-1,0.0,0.0,
XRP/USDT,861,2026-04-14 18:00:00,long,0.56452,83.41,60.0,1.3546,0.011429,unknown,,,,False,False,0.0,0.0,50.0,0.0,0.0,0.0,0.0,0.0,50.0,0.0,0.0,-1,0.0,G1_REGIME,regime='unknown' skipped=None reg_empty=True,-1,0.0,0.0,
XRP/USDT,862,2026-04-14 19:00:00,long,0.5595,72.98,60.0,1.3607,0.011729,unknown,,,,False,False,0.0,0.0,50.0,0.0,0.0,0.0,0.0,0.0,50.0,0.0,0.0,-1,0.0,G1_REGIME,regime='unknown' skipped=None reg_empty=True,-1,0.0,0.0,
XRP/USDT,863,2026-04-14 20:00:00,long,0.56166,81.23,60.0,1.3569,0.011407,unknown,,,,False,False,0.0,0.0,50.0,0.0,0.0,0.0,0.0,0.0,50.0,0.0,0.0,-1,0.0,G1_REGIME,regime='unknown' skipped=None reg_empty=True,-1,0.0,0.0,
XRP/USDT,864,2026-04-14 21:00:00,long,0.56026,82.66,60.0,1.3601,0.011157,unknown,,,,False,False,0.0,0.0,50.0,0.0,0.0,0.0,0.0,0.0,50.0,0.0,0.0,-1,0.0,G1_REGIME,regime='unknown' skipped=None reg_empty=True,-1,0.0,0.0,
XRP/USDT,865,2026-04-14 22:00:00,long,0.55397,87.12,60.0,1.3584,0.011257,unknown,,,,False,False,0.0,0.0,50.0,0.0,0.0,0.0,0.0,0.0,50.0,0.0,0.0,-1,0.0,G1_REGIME,regime='unknown' skipped=None reg_empty=True,-1,0.0,0.0,
XRP/USDT,866,2026-04-14 23:00:00,long,0.55503,66.58,60.0,1.3617,0.011529,unknown,,,,False,False,0.0,0.0,50.0,0.0,0.0,0.0,0.0,0.0,50.0,0.0,0.0,-1,0.0,G1_REGIME,regime='unknown' skipped=None reg_empty=True,-1,0.0,0.0,
XRP/USDT,867,2026-04-15 00:00:00,long,0.54513,71.89,60.0,1.3621,0.011879,unknown,,,,False,False,0.0,0.0,50.0,0.0,0.0,0.0,0.0,0.0,50.0,0.0,0.0,-1,0.0,G1_REGIME,regime='unknown' skipped=None reg_empty=True,-1,0.0,0.0,
XRP/USDT,868,2026-04-15 01:00:00,long,0.55368,68.21,60.0,1.3624,0.011864,unknown,,,,False,False,0.0,0.0,50.0,0.0,0.0,0.0,0.0,0.0,50.0,0.0,0.0,-1,0.0,G1_REGIME,regime='unknown' skipped=None reg_empty=True,-1,0.0,0.0,
XRP/USDT,869,2026-04-15 02:00:00,long,0.58607,65.24,60.0,1.3571,0.012014,unknown,,,,False,False,0.0,0.0,50.0,0.0,0.0,0.0,0.0,0.0,50.0,0.0,0.0,-1,0.0,G1_REGIME,regime='unknown' skipped=None reg_empty=True,-1,0.0,0.0,
XRP/USDT,870,2026-04-15 03:00:00,long,0.57459,63.17,60.0,1.3578,0.010293,unknown,,,,False,False,0.0,0.0,50.0,0.0,0.0,0.0,0.0,0.0,50.0,0.0,0.0,-1,0.0,G1_REGIME,regime='unknown' skipped=None reg_empty=True,-1,0.0,0.0,
XRP/USDT,871,2026-04-15 04:00:00,long,0.57478,61.92,60.0,1.3592,0.008829,unknown,,,,False,False,0.0,0.0,50.0,0.0,0.0,0.0,0.0,0.0,50.0,0.0,0.0,-1,0.0,G1_REGIME,regime='unknown' skipped=None reg_empty=True,-1,0.0,0.0,
XRP/USDT,872,2026-04-15 05:00:00,long,0.55078,61.43,60.0,1.3588,0.008421,unknown,,,,False,False,0.0,0.0,50.0,0.0,0.0,0.0,0.0,0.0,50.0,0.0,0.0,-1,0.0,G1_REGIME,regime='unknown' skipped=None reg_empty=True,-1,0.0,0.0,
XRP/USDT,873,2026-04-15 06:00:00,long,0.55251,59.68,60.0,1.3557,0.007693,unknown,,,,False,False,0.0,0.0,50.0,0.0,0.0,0.0,0.0,0.0,50.0,0.0,0.0,-1,0.0,G1_REGIME,regime='unknown' skipped=None reg_empty=True,-1,0.0,0.0,
XRP/USDT,874,2026-04-15 07:00:00,long,0.55744,62.8,60.0,1.352,0.007514,unknown,,,,False,False,0.0,0.0,50.0,0.0,0.0,0.0,0.0,0.0,50.0,0.0,0.0,-1,0.0,G1_REGIME,regime='unknown' skipped=None reg_empty=True,-1,0.0,0.0,
XRP/USDT,875,2026-04-15 08:00:00,long,0.55798,63.14,60.0,1.3557,0.006657,unknown,,,,False,False,0.0,0.0,50.0,0.0,0.0,0.0,0.0,0.0,50.0,0.0,0.0,-1,0.0,G1_REGIME,regime='unknown' skipped=None reg_empty=True,-1,0.0,0.0,
XRP/USDT,876,2026-04-15 09:00:00,long,0.53581,59.62,60.0,1.3526,0.006457,unknown,,,,False,False,0.0,0.0,50.0,0.0,0.0,0.0,0.0,0.0,50.0,0.0,0.0,-1,0.0,G1_REGIME,regime='unknown' skipped=None reg_empty=True,-1,0.0,0.0,
XRP/USDT,877,2026-04-15 10:00:00,long,0.53778,61.59,60.0,1.3562,0.006571,unknown,,,,False,False,0.0,0.0,50.0,0.0,0.0,0.0,0.0,0.0,50.0,0.0,0.0,-1,0.0,G1_REGIME,regime='unknown' skipped=None reg_empty=True,-1,0.0,0.0,
XRP/USDT,878,2026-04-15 11:00:00,long,0.52967,70.47,60.0,1.3636,0.00675,unknown,,,,False,False,0.0,0.0,50.0,0.0,0.0,0.0,0.0,0.0,50.0,0.0,0.0,-1,0.0,G1_REGIME,regime='unknown' skipped=None reg_empty=True,-1,0.0,0.0,
XRP/USDT,879,2026-04-15 12:00:00,long,0.53016,74.65,60.0,1.3652,0.006571,unknown,,,,False,False,0.0,0.0,50.0,0.0,0.0,0.0,0.0,0.0,50.0,0.0,0.0,-1,0.0,G1_REGIME,regime='unknown' skipped=None reg_empty=True,-1,0.0,0.0,
XRP/USDT,880,2026-04-15 13:00:00,long,0.55171,78.08,60.0,1.3673,0.006414,unknown,,,,False,False,0.0,0.0,50.0,0.0,0.0,0.0,0.0,0.0,50.0,0.0,0.0,-1,0.0,G1_REGIME,regime='unknown' skipped=None reg_empty=True,-1,0.0,0.0,
XRP/USDT,881,2026-04-15 14:00:00,long,0.57829,96.4,60.0,1.3764,0.006843,unknown,,,,False,False,0.0,0.0,50.0,0.0,0.0,0.0,0.0,0.0,50.0,0.0,0.0,-1,0.0,G1_REGIME,regime='unknown' skipped=None reg_empty=True,-1,0.0,0.0,
XRP/USDT,882,2026-04-15 15:00:00,long,0.55232,94.25,60.0,1.3733,0.007243,unknown,,,,False,False,0.0,0.0,50.0,0.0,0.0,0.0,0.0,0.0,50.0,0.0,0.0,-1,0.0,G1_REGIME,regime='unknown' skipped=None reg_empty=True,-1,0.0,0.0,
XRP/USDT,883,2026-04-15 16:00:00,long,0.55322,69.52,60.0,1.3782,0.007357,unknown,,,,False,False,0.0,0.0,50.0,0.0,0.0,0.0,0.0,0.0,50.0,0.0,0.0,-1,0.0,G1_REGIME,regime='unknown' skipped=None reg_empty=True,-1,0.0,0.0,
XRP/USDT,884,2026-04-15 17:00:00,long,0.55848,66.97,60.0,1.3801,0.007764,unknown,,,,False,False,0.0,0.0,50.0,0.0,0.0,0.0,0.0,0.0,50.0,0.0,0.0,-1,0.0,G1_REGIME,regime='unknown' skipped=None reg_empty=True,-1,0.0,0.0,
XRP/USDT,885,2026-04-15 18:00:00,long,0.56294,66.13,60.0,1.3868,0.008143,unknown,,,,False,False,0.0,0.0,50.0,0.0,0.0,0.0,0.0,0.0,50.0,0.0,0.0,-1,0.0,G1_REGIME,regime='unknown' skipped=None reg_empty=True,-1,0.0,0.0,
XRP/USDT,886,2026-04-15 19:00:00,long,0.58743,87.78,60.0,1.4,0.009407,unknown,,,,False,False,0.0,0.0,50.0,0.0,0.0,0.0,0.0,0.0,50.0,0.0,0.0,-1,0.0,G1_REGIME,regime='unknown' skipped=None reg_empty=True,-1,0.0,0.0,
XRP/USDT,887,2026-04-15 20:00:00,long,0.56547,64.98,60.0,1.3883,0.010143,unknown,,,,False,False,0.0,0.0,50.0,0.0,0.0,0.0,0.0,0.0,50.0,0.0,0.0,-1,0.0,G1_REGIME,regime='unknown' skipped=None reg_empty=True,-1,0.0,0.0,
XRP/USDT,888,2026-04-15 21:00:00,long,0.5672,65.71,60.0,1.3887,0.010343,unknown,,,,False,False,0.0,0.0,50.0,0.0,0.0,0.0,0.0,0.0,50.0,0.0,0.0,-1,0.0,G1_REGIME,regime='unknown' skipped=None reg_empty=True,-1,0.0,0.0,
XRP/USDT,889,2026-04-15 22:00:00,long,0.57804,69.43,60.0,1.3942,0.010886,unknown,,,,False,False,0.0,0.0,50.0,0.0,0.0,0.0,0.0,0.0,50.0,0.0,0.0,-1,0.0,G1_REGIME,regime='unknown' skipped=None reg_empty=True,-1,0.0,0.0,
XRP/USDT,890,2026-04-15 23:00:00,long,0.58354,63.44,60.0,1.3922,0.011093,unknown,,,,False,False,0.0,0.0,50.0,0.0,0.0,0.0,0.0,0.0,50.0,0.0,0.0,-1,0.0,G1_REGIME,regime='unknown' skipped=None reg_empty=True,-1,0.0,0.0,
XRP/USDT,891,2026-04-16 00:00:00,long,0.65347,67.16,60.0,1.3971,0.011364,unknown,,,,False,False,0.0,0.0,50.0,0.0,0.0,0.0,0.0,0.0,50.0,0.0,0.0,-1,0.0,G1_REGIME,regime='unknown' skipped=None reg_empty=True,-1,0.0,0.0,
XRP/USDT,892,2026-04-16 01:00:00,long,0.66842,71.15,60.0,1.4002,0.0116,unknown,,,,False,False,0.0,0.0,50.0,0.0,0.0,0.0,0.0,0.0,50.0,0.0,0.0,-1,0.0,G1_REGIME,regime='unknown' skipped=None reg_empty=True,-1,0.0,0.0,
XRP/USDT,893,2026-04-16 02:00:00,long,0.67912,73.86,60.0,1.4067,0.012021,unknown,,,,False,False,0.0,0.0,50.0,0.0,0.0,0.0,0.0,0.0,50.0,0.0,0.0,-1,0.0,G1_REGIME,regime='unknown' skipped=None reg_empty=True,-1,0.0,0.0,
XRP/USDT,894,2026-04-16 03:00:00,long,0.67421,70.68,60.0,1.4063,0.012279,unknown,,,,False,False,0.0,0.0,50.0,0.0,0.0,0.0,0.0,0.0,50.0,0.0,0.0,-1,0.0,G1_REGIME,regime='unknown' skipped=None reg_empty=True,-1,0.0,0.0,
XRP/USDT,895,2026-04-16 04:00:00,long,0.6374,66.14,60.0,1.4038,0.01185,unknown,,,,False,False,0.0,0.0,50.0,0.0,0.0,0.0,0.0,0.0,50.0,0.0,0.0,-1,0.0,G1_REGIME,regime='unknown' skipped=None reg_empty=True,-1,0.0,0.0,
XRP/USDT,896,2026-04-16 05:00:00,long,0.64531,63.99,60.0,1.4057,0.011486,unknown,,,,False,False,0.0,0.0,50.0,0.0,0.0,0.0,0.0,0.0,50.0,0.0,0.0,-1,0.0,G1_REGIME,regime='unknown' skipped=None reg_empty=True,-1,0.0,0.0,
XRP/USDT,897,2026-04-16 06:00:00,long,0.66287,64.71,60.0,1.4099,0.01115,unknown,,,,False,False,0.0,0.0,50.0,0.0,0.0,0.0,0.0,0.0,50.0,0.0,0.0,-1,0.0,G1_REGIME,regime='unknown' skipped=None reg_empty=True,-1,0.0,0.0,
XRP/USDT,898,2026-04-16 07:00:00,long,0.63941,72.99,60.0,1.4058,0.011171,unknown,,,,False,False,0.0,0.0,50.0,0.0,0.0,0.0,0.0,0.0,50.0,0.0,0.0,-1,0.0,G1_REGIME,regime='unknown' skipped=None reg_empty=True,-1,0.0,0.0,
XRP/USDT,899,2026-04-16 08:00:00,long,0.62329,73.02,60.0,1.4052,0.011057,unknown,,,,False,False,0.0,0.0,50.0,0.0,0.0,0.0,0.0,0.0,50.0,0.0,0.0,-1,0.0,G1_REGIME,regime='unknown' skipped=None reg_empty=True,-1,0.0,0.0,
XRP/USDT,900,2026-04-16 09:00:00,long,0.64179,98.28,60.0,1.4174,0.010707,unknown,,,,False,False,0.0,0.0,50.0,0.0,0.0,0.0,0.0,0.0,50.0,0.0,0.0,-1,0.0,G1_REGIME,regime='unknown' skipped=None reg_empty=True,-1,0.0,0.0,
XRP/USDT,901,2026-04-16 10:00:00,long,0.62708,76.8,60.0,1.4087,0.010343,unknown,,,,False,False,0.0,0.0,50.0,0.0,0.0,0.0,0.0,0.0,50.0,0.0,0.0,-1,0.0,G1_REGIME,regime='unknown' skipped=None reg_empty=True,-1,0.0,0.0,
XRP/USDT,902,2026-04-16 11:00:00,long,0.62583,77.49,60.0,1.4095,0.010243,unknown,,,,False,False,0.0,0.0,50.0,0.0,0.0,0.0,0.0,0.0,50.0,0.0,0.0,-1,0.0,G1_REGIME,regime='unknown' skipped=None reg_empty=True,-1,0.0,0.0,
XRP/USDT,903,2026-04-16 12:00:00,long,0.62194,79.81,60.0,1.414,0.010271,unknown,,,,False,False,0.0,0.0,50.0,0.0,0.0,0.0,0.0,0.0,50.0,0.0,0.0,-1,0.0,G1_REGIME,regime='unknown' skipped=None reg_empty=True,-1,0.0,0.0,
XRP/USDT,904,2026-04-16 13:00:00,long,0.63193,95.35,60.0,1.4072,0.012171,unknown,,,,False,False,0.0,0.0,50.0,0.0,0.0,0.0,0.0,0.0,50.0,0.0,0.0,-1,0.0,G1_REGIME,regime='unknown' skipped=None reg_empty=True,-1,0.0,0.0,
XRP/USDT,905,2026-04-16 14:00:00,long,0.62326,100.0,60.0,1.4104,0.012771,unknown,,,,False,False,0.0,0.0,50.0,0.0,0.0,0.0,0.0,0.0,50.0,0.0,0.0,-1,0.0,G1_REGIME,regime='unknown' skipped=None reg_empty=True,-1,0.0,0.0,
XRP/USDT,906,2026-04-16 15:00:00,long,0.61572,84.01,60.0,1.4291,0.013721,unknown,,,,False,False,0.0,0.0,50.0,0.0,0.0,0.0,0.0,0.0,50.0,0.0,0.0,-1,0.0,G1_REGIME,regime='unknown' skipped=None reg_empty=True,-1,0.0,0.0,
XRP/USDT,907,2026-04-16 16:00:00,long,0.61979,83.91,60.0,1.4194,0.014607,unknown,,,,False,False,0.0,0.0,50.0,0.0,0.0,0.0,0.0,0.0,50.0,0.0,0.0,-1,0.0,G1_REGIME,regime='unknown' skipped=None reg_empty=True,-1,0.0,0.0,
XRP/USDT,908,2026-04-16 17:00:00,long,0.62785,76.09,60.0,1.4273,0.014979,unknown,,,,False,False,0.0,0.0,50.0,0.0,0.0,0.0,0.0,0.0,50.0,0.0,0.0,-1,0.0,G1_REGIME,regime='unknown' skipped=None reg_empty=True,-1,0.0,0.0,
XRP/USDT,909,2026-04-16 18:00:00,long,0.62085,70.43,60.0,1.4466,0.01605,unknown,,,,False,False,0.0,0.0,50.0,0.0,0.0,0.0,0.0,0.0,50.0,0.0,0.0,-1,0.0,G1_REGIME,regime='unknown' skipped=None reg_empty=True,-1,0.0,0.0,
XRP/USDT,910,2026-04-16 19:00:00,long,0.6442,77.08,60.0,1.4645,0.017357,unknown,,,,False,False,0.0,0.0,50.0,0.0,0.0,0.0,0.0,0.0,50.0,0.0,0.0,-1,0.0,G1_REGIME,regime='unknown' skipped=None reg_empty=True,-1,0.0,0.0,
XRP/USDT,911,2026-04-16 20:00:00,long,0.63227,81.1,60.0,1.4524,0.01855,unknown,,,,False,False,0.0,0.0,50.0,0.0,0.0,0.0,0.0,0.0,50.0,0.0,0.0,-1,0.0,G1_REGIME,regime='unknown' skipped=None reg_empty=True,-1,0.0,0.0,
XRP/USDT,912,2026-04-16 21:00:00,long,0.63095,73.6,60.0,1.4467,0.018879,unknown,,,,False,False,0.0,0.0,50.0,0.0,0.0,0.0,0.0,0.0,50.0,0.0,0.0,-1,0.0,G1_REGIME,regime='unknown' skipped=None reg_empty=True,-1,0.0,0.0,
XRP/USDT,913,2026-04-16 22:00:00,long,0.63793,75.1,60.0,1.4513,0.018893,unknown,,,,False,False,0.0,0.0,50.0,0.0,0.0,0.0,0.0,0.0,50.0,0.0,0.0,-1,0.0,G1_REGIME,regime='unknown' skipped=None reg_empty=True,-1,0.0,0.0,
XRP/USDT,914,2026-04-16 23:00:00,long,0.6361,75.09,60.0,1.453,0.018229,unknown,,,,False,False,0.0,0.0,50.0,0.0,0.0,0.0,0.0,0.0,50.0,0.0,0.0,-1,0.0,G1_REGIME,regime='unknown' skipped=None reg_empty=True,-1,0.0,0.0,
XRP/USDT,915,2026-04-17 00:00:00,long,0.64607,85.97,60.0,1.4404,0.018607,unknown,,,,False,False,0.0,0.0,50.0,0.0,0.0,0.0,0.0,0.0,50.0,0.0,0.0,-1,0.0,G1_REGIME,regime='unknown' skipped=None reg_empty=True,-1,0.0,0.0,
XRP/USDT,916,2026-04-17 01:00:00,long,0.64803,85.49,60.0,1.4302,0.019114,unknown,,,,False,False,0.0,0.0,50.0,0.0,0.0,0.0,0.0,0.0,50.0,0.0,0.0,-1,0.0,G1_REGIME,regime='unknown' skipped=None reg_empty=True,-1,0.0,0.0,
XRP/USDT,917,2026-04-17 02:00:00,long,0.64691,82.46,60.0,1.4296,0.018729,unknown,,,,False,False,0.0,0.0,50.0,0.0,0.0,0.0,0.0,0.0,50.0,0.0,0.0,-1,0.0,G1_REGIME,regime='unknown' skipped=None reg_empty=True,-1,0.0,0.0,
XRP/USDT,918,2026-04-17 03:00:00,long,0.64295,85.68,60.0,1.4308,0.017086,unknown,,,,False,False,0.0,0.0,50.0,0.0,0.0,0.0,0.0,0.0,50.0,0.0,0.0,-1,0.0,G1_REGIME,regime='unknown' skipped=None reg_empty=True,-1,0.0,0.0,
XRP/USDT,919,2026-04-17 04:00:00,long,0.63371,81.7,60.0,1.4319,0.0162,unknown,,,,False,False,0.0,0.0,50.0,0.0,0.0,0.0,0.0,0.0,50.0,0.0,0.0,-1,0.0,G1_REGIME,regime='unknown' skipped=None reg_empty=True,-1,0.0,0.0,
XRP/USDT,920,2026-04-17 05:00:00,long,0.63891,78.78,60.0,1.4253,0.015243,unknown,,,,False,False,0.0,0.0,50.0,0.0,0.0,0.0,0.0,0.0,50.0,0.0,0.0,-1,0.0,G1_REGIME,regime='unknown' skipped=None reg_empty=True,-1,0.0,0.0,
XRP/USDT,921,2026-04-17 06:00:00,long,0.62699,78.36,60.0,1.4325,0.01405,unknown,,,,False,False,0.0,0.0,50.0,0.0,0.0,0.0,0.0,0.0,50.0,0.0,0.0,-1,0.0,G1_REGIME,regime='unknown' skipped=None reg_empty=True,-1,0.0,0.0,
XRP/USDT,922,2026-04-17 07:00:00,long,0.6257,81.29,60.0,1.4373,0.013493,unknown,,,,False,False,0.0,0.0,50.0,0.0,0.0,0.0,0.0,0.0,50.0,0.0,0.0,-1,0.0,G1_REGIME,regime='unknown' skipped=None reg_empty=True,-1,0.0,0.0,
XRP/USDT,923,2026-04-17 08:00:00,long,0.62476,74.2,60.0,1.4467,0.012643,unknown,,,,False,False,0.0,0.0,50.0,0.0,0.0,0.0,0.0,0.0,50.0,0.0,0.0,-1,0.0,G1_REGIME,regime='unknown' skipped=None reg_empty=True,-1,0.0,0.0,
XRP/USDT,924,2026-04-17 09:00:00,long,0.6169,74.64,60.0,1.4518,0.012036,unknown,,,,False,False,0.0,0.0,50.0,0.0,0.0,0.0,0.0,0.0,50.0,0.0,0.0,-1,0.0,G1_REGIME,regime='unknown' skipped=None reg_empty=True,-1,0.0,0.0,
XRP/USDT,925,2026-04-17 10:00:00,long,0.61668,82.03,60.0,1.4371,0.011914,unknown,,,,False,False,0.0,0.0,50.0,0.0,0.0,0.0,0.0,0.0,50.0,0.0,0.0,-1,0.0,G1_REGIME,regime='unknown' skipped=None reg_empty=True,-1,0.0,0.0,
XRP/USDT,926,2026-04-17 11:00:00,long,0.61226,72.52,60.0,1.4475,0.011821,unknown,,,,False,False,0.0,0.0,50.0,0.0,0.0,0.0,0.0,0.0,50.0,0.0,0.0,-1,0.0,G1_REGIME,regime='unknown' skipped=None reg_empty=True,-1,0.0,0.0,
XRP/USDT,927,2026-04-17 12:00:00,long,0.62272,82.24,60.0,1.4588,0.012507,unknown,,,,False,False,0.0,0.0,50.0,0.0,0.0,0.0,0.0,0.0,50.0,0.0,0.0,-1,0.0,G1_REGIME,regime='unknown' skipped=None reg_empty=True,-1,0.0,0.0,
XRP/USDT,928,2026-04-17 13:00:00,long,0.65812,100.0,60.0,1.4874,0.01435,unknown,,,,False,False,0.0,0.0,50.0,0.0,0.0,0.0,0.0,0.0,50.0,0.0,0.0,-1,0.0,G1_REGIME,regime='unknown' skipped=None reg_empty=True,-1,0.0,0.0,
XRP/USDT,929,2026-04-17 14:00:00,long,0.68382,90.48,60.0,1.4988,0.015171,unknown,,,,False,False,0.0,0.0,50.0,0.0,0.0,0.0,0.0,0.0,50.0,0.0,0.0,-1,0.0,G1_REGIME,regime='unknown' skipped=None reg_empty=True,-1,0.0,0.0,
XRP/USDT,930,2026-04-17 15:00:00,long,0.68685,85.65,60.0,1.4861,0.015957,unknown,,,,False,False,0.0,0.0,50.0,0.0,0.0,0.0,0.0,0.0,50.0,0.0,0.0,-1,0.0,G1_REGIME,regime='unknown' skipped=None reg_empty=True,-1,0.0,0.0,
XRP/USDT,931,2026-04-17 16:00:00,long,0.69491,75.1,60.0,1.4977,0.0164,unknown,,,,False,False,0.0,0.0,50.0,0.0,0.0,0.0,0.0,0.0,50.0,0.0,0.0,-1,0.0,G1_REGIME,regime='unknown' skipped=None reg_empty=True,-1,0.0,0.0,
XRP/USDT,932,2026-04-17 17:00:00,long,0.66122,90.66,60.0,1.4838,0.017029,unknown,,,,False,False,0.0,0.0,50.0,0.0,0.0,0.0,0.0,0.0,50.0,0.0,0.0,-1,0.0,G1_REGIME,regime='unknown' skipped=None reg_empty=True,-1,0.0,0.0,
XRP/USDT,933,2026-04-17 18:00:00,long,0.6673,88.35,60.0,1.4777,0.017329,unknown,,,,False,False,0.0,0.0,50.0,0.0,0.0,0.0,0.0,0.0,50.0,0.0,0.0,-1,0.0,G1_REGIME,regime='unknown' skipped=None reg_empty=True,-1,0.0,0.0,
XRP/USDT,934,2026-04-17 19:00:00,long,0.6676,88.87,60.0,1.4871,0.017621,unknown,,,,False,False,0.0,0.0,50.0,0.0,0.0,0.0,0.0,0.0,50.0,0.0,0.0,-1,0.0,G1_REGIME,regime='unknown' skipped=None reg_empty=True,-1,0.0,0.0,
XRP/USDT,935,2026-04-17 20:00:00,long,0.66538,86.23,60.0,1.4817,0.017964,unknown,,,,False,False,0.0,0.0,50.0,0.0,0.0,0.0,0.0,0.0,50.0,0.0,0.0,-1,0.0,G1_REGIME,regime='unknown' skipped=None reg_empty=True,-1,0.0,0.0,
XRP/USDT,936,2026-04-17 21:00:00,long,0.66587,86.34,60.0,1.4792,0.018093,unknown,,,,False,False,0.0,0.0,50.0,0.0,0.0,0.0,0.0,0.0,50.0,0.0,0.0,-1,0.0,G1_REGIME,regime='unknown' skipped=None reg_empty=True,-1,0.0,0.0,
XRP/USDT,937,2026-04-17 22:00:00,long,0.65811,87.72,60.0,1.4845,0.018,unknown,,,,False,False,0.0,0.0,50.0,0.0,0.0,0.0,0.0,0.0,50.0,0.0,0.0,-1,0.0,G1_REGIME,regime='unknown' skipped=None reg_empty=True,-1,0.0,0.0,
XRP/USDT,938,2026-04-17 23:00:00,long,0.66766,86.9,60.0,1.4757,0.017707,unknown,,,,False,False,0.0,0.0,50.0,0.0,0.0,0.0,0.0,0.0,50.0,0.0,0.0,-1,0.0,G1_REGIME,regime='unknown' skipped=None reg_empty=True,-1,0.0,0.0,
XRP/USDT,939,2026-04-18 00:00:00,long,0.67674,86.35,60.0,1.476,0.016829,unknown,,,,False,False,0.0,0.0,50.0,0.0,0.0,0.0,0.0,0.0,50.0,0.0,0.0,-1,0.0,G1_REGIME,regime='unknown' skipped=None reg_empty=True,-1,0.0,0.0,
XRP/USDT,940,2026-04-18 01:00:00,long,0.67415,84.8,60.0,1.4782,0.01665,unknown,,,,False,False,0.0,0.0,50.0,0.0,0.0,0.0,0.0,0.0,50.0,0.0,0.0,-1,0.0,G1_REGIME,regime='unknown' skipped=None reg_empty=True,-1,0.0,0.0,
XRP/USDT,941,2026-04-18 02:00:00,long,0.64701,82.72,60.0,1.4756,0.016071,unknown,,,,False,False,0.0,0.0,50.0,0.0,0.0,0.0,0.0,0.0,50.0,0.0,0.0,-1,0.0,G1_REGIME,regime='unknown' skipped=None reg_empty=True,-1,0.0,0.0,
XRP/USDT,942,2026-04-18 03:00:00,long,0.63219,76.84,60.0,1.4686,0.01415,unknown,,,,False,False,0.0,0.0,50.0,0.0,0.0,0.0,0.0,0.0,50.0,0.0,0.0,-1,0.0,G1_REGIME,regime='unknown' skipped=None reg_empty=True,-1,0.0,0.0,
XRP/USDT,943,2026-04-18 04:00:00,long,0.61866,77.03,60.0,1.4686,0.01275,unknown,,,,False,False,0.0,0.0,50.0,0.0,0.0,0.0,0.0,0.0,50.0,0.0,0.0,-1,0.0,G1_REGIME,regime='unknown' skipped=None reg_empty=True,-1,0.0,0.0,
XRP/USDT,944,2026-04-18 05:00:00,long,0.60465,76.46,60.0,1.469,0.01155,unknown,,,,False,False,0.0,0.0,50.0,0.0,0.0,0.0,0.0,0.0,50.0,0.0,0.0,-1,0.0,G1_REGIME,regime='unknown' skipped=None reg_empty=True,-1,0.0,0.0,
XRP/USDT,945,2026-04-18 06:00:00,long,0.59836,78.22,60.0,1.4708,0.011136,unknown,,,,False,False,0.0,0.0,50.0,0.0,0.0,0.0,0.0,0.0,50.0,0.0,0.0,-1,0.0,G1_REGIME,regime='unknown' skipped=None reg_empty=True,-1,0.0,0.0,
XRP/USDT,946,2026-04-18 07:00:00,long,0.60432,77.72,60.0,1.4741,0.010136,unknown,,,,False,False,0.0,0.0,50.0,0.0,0.0,0.0,0.0,0.0,50.0,0.0,0.0,-1,0.0,G1_REGIME,regime='unknown' skipped=None reg_empty=True,-1,0.0,0.0,
XRP/USDT,947,2026-04-18 08:00:00,long,0.59433,90.74,60.0,1.4533,0.011429,unknown,,,,False,False,0.0,0.0,50.0,0.0,0.0,0.0,0.0,0.0,50.0,0.0,0.0,-1,0.0,G1_REGIME,regime='unknown' skipped=None reg_empty=True,-1,0.0,0.0,
XRP/USDT,948,2026-04-18 09:00:00,long,0.59745,86.09,60.0,1.4506,0.0109,unknown,,,,False,False,0.0,0.0,50.0,0.0,0.0,0.0,0.0,0.0,50.0,0.0,0.0,-1,0.0,G1_REGIME,regime='unknown' skipped=None reg_empty=True,-1,0.0,0.0,
XRP/USDT,949,2026-04-18 10:00:00,long,0.58598,89.51,60.0,1.4397,0.010957,unknown,,,,False,False,0.0,0.0,50.0,0.0,0.0,0.0,0.0,0.0,50.0,0.0,0.0,-1,0.0,G1_REGIME,regime='unknown' skipped=None reg_empty=True,-1,0.0,0.0,
XRP/USDT,950,2026-04-18 11:00:00,long,0.60111,89.85,60.0,1.4314,0.011386,unknown,,,,False,False,0.0,0.0,50.0,0.0,0.0,0.0,0.0,0.0,50.0,0.0,0.0,-1,0.0,G1_REGIME,regime='unknown' skipped=None reg_empty=True,-1,0.0,0.0,
XRP/USDT,951,2026-04-18 12:00:00,long,0.60669,86.1,60.0,1.4362,0.011121,unknown,,,,False,False,0.0,0.0,50.0,0.0,0.0,0.0,0.0,0.0,50.0,0.0,0.0,-1,0.0,G1_REGIME,regime='unknown' skipped=None reg_empty=True,-1,0.0,0.0,
XRP/USDT,952,2026-04-18 13:00:00,long,0.60966,83.88,60.0,1.4372,0.010879,unknown,,,,False,False,0.0,0.0,50.0,0.0,0.0,0.0,0.0,0.0,50.0,0.0,0.0,-1,0.0,G1_REGIME,regime='unknown' skipped=None reg_empty=True,-1,0.0,0.0,
XRP/USDT,953,2026-04-18 14:00:00,long,0.61814,83.63,60.0,1.435,0.0107,unknown,,,,False,False,0.0,0.0,50.0,0.0,0.0,0.0,0.0,0.0,50.0,0.0,0.0,-1,0.0,G1_REGIME,regime='unknown' skipped=None reg_empty=True,-1,0.0,0.0,
XRP/USDT,954,2026-04-18 15:00:00,long,0.61608,85.21,60.0,1.4362,0.010686,unknown,,,,False,False,0.0,0.0,50.0,0.0,0.0,0.0,0.0,0.0,50.0,0.0,0.0,-1,0.0,G1_REGIME,regime='unknown' skipped=None reg_empty=True,-1,0.0,0.0,
XRP/USDT,955,2026-04-18 16:00:00,long,0.61503,84.14,60.0,1.4336,0.010657,unknown,,,,False,False,0.0,0.0,50.0,0.0,0.0,0.0,0.0,0.0,50.0,0.0,0.0,-1,0.0,G1_REGIME,regime='unknown' skipped=None reg_empty=True,-1,0.0,0.0,
XRP/USDT,956,2026-04-18 17:00:00,long,0.6132,83.66,60.0,1.4318,0.010486,unknown,,,,False,False,0.0,0.0,50.0,0.0,0.0,0.0,0.0,0.0,50.0,0.0,0.0,-1,0.0,G1_REGIME,regime='unknown' skipped=None reg_empty=True,-1,0.0,0.0,
XRP/USDT,957,2026-04-18 18:00:00,long,0.62695,86.65,60.0,1.4256,0.010757,unknown,,,,False,False,0.0,0.0,50.0,0.0,0.0,0.0,0.0,0.0,50.0,0.0,0.0,-1,0.0,G1_REGIME,regime='unknown' skipped=None reg_empty=True,-1,0.0,0.0,
XRP/USDT,958,2026-04-18 19:00:00,long,0.63464,83.93,60.0,1.4271,0.01055,unknown,,,,False,False,0.0,0.0,50.0,0.0,0.0,0.0,0.0,0.0,50.0,0.0,0.0,-1,0.0,G1_REGIME,regime='unknown' skipped=None reg_empty=True,-1,0.0,0.0,
XRP/USDT,959,2026-04-18 20:00:00,long,0.6309,83.25,60.0,1.4281,0.01035,unknown,,,,False,False,0.0,0.0,50.0,0.0,0.0,0.0,0.0,0.0,50.0,0.0,0.0,-1,0.0,G1_REGIME,regime='unknown' skipped=None reg_empty=True,-1,0.0,0.0,
XRP/USDT,960,2026-04-18 21:00:00,long,0.61337,84.34,60.0,1.4362,0.010586,unknown,,,,False,False,0.0,0.0,50.0,0.0,0.0,0.0,0.0,0.0,50.0,0.0,0.0,-1,0.0,G1_REGIME,regime='unknown' skipped=None reg_empty=True,-1,0.0,0.0,
XRP/USDT,961,2026-04-18 22:00:00,long,0.6121,82.68,60.0,1.4344,0.008886,unknown,,,,False,False,0.0,0.0,50.0,0.0,0.0,0.0,0.0,0.0,50.0,0.0,0.0,-1,0.0,G1_REGIME,regime='unknown' skipped=None reg_empty=True,-1,0.0,0.0,
XRP/USDT,962,2026-04-18 23:00:00,long,0.60973,82.0,60.0,1.4323,0.008743,unknown,,,,False,False,0.0,0.0,50.0,0.0,0.0,0.0,0.0,0.0,50.0,0.0,0.0,-1,0.0,G1_REGIME,regime='unknown' skipped=None reg_empty=True,-1,0.0,0.0,
XRP/USDT,963,2026-04-19 00:00:00,long,0.58942,82.75,60.0,1.433,0.008157,unknown,,,,False,False,0.0,0.0,50.0,0.0,0.0,0.0,0.0,0.0,50.0,0.0,0.0,-1,0.0,G1_REGIME,regime='unknown' skipped=None reg_empty=True,-1,0.0,0.0,
XRP/USDT,964,2026-04-19 01:00:00,long,0.59074,84.54,60.0,1.4318,0.007721,unknown,,,,False,False,0.0,0.0,50.0,0.0,0.0,0.0,0.0,0.0,50.0,0.0,0.0,-1,0.0,G1_REGIME,regime='unknown' skipped=None reg_empty=True,-1,0.0,0.0,
XRP/USDT,965,2026-04-19 02:00:00,long,0.58821,83.52,60.0,1.4301,0.008007,unknown,,,,False,False,0.0,0.0,50.0,0.0,0.0,0.0,0.0,0.0,50.0,0.0,0.0,-1,0.0,G1_REGIME,regime='unknown' skipped=None reg_empty=True,-1,0.0,0.0,
XRP/USDT,966,2026-04-19 03:00:00,long,0.62205,81.96,60.0,1.4294,0.007886,unknown,,,,False,False,0.0,0.0,50.0,0.0,0.0,0.0,0.0,0.0,50.0,0.0,0.0,-1,0.0,G1_REGIME,regime='unknown' skipped=None reg_empty=True,-1,0.0,0.0,
XRP/USDT,967,2026-04-19 04:00:00,long,0.61725,82.87,60.0,1.4304,0.008171,unknown,,,,False,False,0.0,0.0,50.0,0.0,0.0,0.0,0.0,0.0,50.0,0.0,0.0,-1,0.0,G1_REGIME,regime='unknown' skipped=None reg_empty=True,-1,0.0,0.0,
XRP/USDT,968,2026-04-19 05:00:00,long,0.61151,88.0,60.0,1.4302,0.0085,unknown,,,,False,False,0.0,0.0,50.0,0.0,0.0,0.0,0.0,0.0,50.0,0.0,0.0,-1,0.0,G1_REGIME,regime='unknown' skipped=None reg_empty=True,-1,0.0,0.0,
XRP/USDT,969,2026-04-19 06:00:00,long,0.62166,100.0,60.0,1.4286,0.008843,unknown,,,,False,False,0.0,0.0,50.0,0.0,0.0,0.0,0.0,0.0,50.0,0.0,0.0,-1,0.0,G1_REGIME,regime='unknown' skipped=None reg_empty=True,-1,0.0,0.0,
XRP/USDT,970,2026-04-19 07:00:00,long,0.63509,100.0,60.0,1.42,0.009443,unknown,,,,False,False,0.0,0.0,50.0,0.0,0.0,0.0,0.0,0.0,50.0,0.0,0.0,-1,0.0,G1_REGIME,regime='unknown' skipped=None reg_empty=True,-1,0.0,0.0,
XRP/USDT,971,2026-04-19 08:00:00,long,0.62515,94.33,60.0,1.4248,0.009629,unknown,,,,False,False,0.0,0.0,50.0,0.0,0.0,0.0,0.0,0.0,50.0,0.0,0.0,-1,0.0,G1_REGIME,regime='unknown' skipped=None reg_empty=True,-1,0.0,0.0,
XRP/USDT,972,2026-04-19 09:00:00,long,0.63891,90.45,60.0,1.4215,0.010093,unknown,,,,False,False,0.0,0.0,50.0,0.0,0.0,0.0,0.0,0.0,50.0,0.0,0.0,-1,0.0,G1_REGIME,regime='unknown' skipped=None reg_empty=True,-1,0.0,0.0,
XRP/USDT,973,2026-04-19 10:00:00,long,0.63493,94.6,60.0,1.4231,0.010486,unknown,,,,False,False,0.0,0.0,50.0,0.0,0.0,0.0,0.0,0.0,50.0,0.0,0.0,-1,0.0,G1_REGIME,regime='unknown' skipped=None reg_empty=True,-1,0.0,0.0,
XRP/USDT,974,2026-04-19 11:00:00,long,0.62848,57.06,60.0,1.4297,0.010371,unknown,,,,False,False,0.0,0.0,50.0,0.0,0.0,0.0,0.0,0.0,50.0,0.0,0.0,-1,0.0,G1_REGIME,regime='unknown' skipped=None reg_empty=True,-1,0.0,0.0,
XRP/USDT,975,2026-04-19 12:00:00,long,0.61387,60.83,60.0,1.4316,0.010471,unknown,,,,False,False,0.0,0.0,50.0,0.0,0.0,0.0,0.0,0.0,50.0,0.0,0.0,-1,0.0,G1_REGIME,regime='unknown' skipped=None reg_empty=True,-1,0.0,0.0,
XRP/USDT,976,2026-04-19 13:00:00,long,0.61331,75.12,60.0,1.4387,0.01115,unknown,,,,False,False,0.0,0.0,50.0,0.0,0.0,0.0,0.0,0.0,50.0,0.0,0.0,-1,0.0,G1_REGIME,regime='unknown' skipped=None reg_empty=True,-1,0.0,0.0,
XRP/USDT,977,2026-04-19 14:00:00,long,0.61877,56.92,60.0,1.4378,0.011364,unknown,,,,False,False,0.0,0.0,50.0,0.0,0.0,0.0,0.0,0.0,50.0,0.0,0.0,-1,0.0,G1_REGIME,regime='unknown' skipped=None reg_empty=True,-1,0.0,0.0,
XRP/USDT,978,2026-04-19 15:00:00,long,0.63539,66.99,60.0,1.4315,0.012007,unknown,,,,False,False,0.0,0.0,50.0,0.0,0.0,0.0,0.0,0.0,50.0,0.0,0.0,-1,0.0,G1_REGIME,regime='unknown' skipped=None reg_empty=True,-1,0.0,0.0,
XRP/USDT,979,2026-04-19 16:00:00,long,0.63406,70.36,60.0,1.4222,0.012071,unknown,,,,False,False,0.0,0.0,50.0,0.0,0.0,0.0,0.0,0.0,50.0,0.0,0.0,-1,0.0,G1_REGIME,regime='unknown' skipped=None reg_empty=True,-1,0.0,0.0,
XRP/USDT,980,2026-04-19 17:00:00,long,0.63501,69.61,60.0,1.4129,0.01245,unknown,,,,False,False,0.0,0.0,50.0,0.0,0.0,0.0,0.0,0.0,50.0,0.0,0.0,-1,0.0,G1_REGIME,regime='unknown' skipped=None reg_empty=True,-1,0.0,0.0,
XRP/USDT,981,2026-04-19 18:00:00,long,0.63572,66.66,60.0,1.4156,0.012236,unknown,,,,False,False,0.0,0.0,50.0,0.0,0.0,0.0,0.0,0.0,50.0,0.0,0.0,-1,0.0,G1_REGIME,regime='unknown' skipped=None reg_empty=True,-1,0.0,0.0,
XRP/USDT,982,2026-04-19 19:00:00,long,0.62673,60.5,60.0,1.4175,0.011679,unknown,,,,False,False,0.0,0.0,50.0,0.0,0.0,0.0,0.0,0.0,50.0,0.0,0.0,-1,0.0,G1_REGIME,regime='unknown' skipped=None reg_empty=True,-1,0.0,0.0,
XRP/USDT,983,2026-04-19 20:00:00,long,0.62567,66.35,60.0,1.4105,0.011357,unknown,,,,False,False,0.0,0.0,50.0,0.0,0.0,0.0,0.0,0.0,50.0,0.0,0.0,-1,0.0,G1_REGIME,regime='unknown' skipped=None reg_empty=True,-1,0.0,0.0,
XRP/USDT,984,2026-04-19 21:00:00,long,0.62944,61.11,60.0,1.4095,0.010857,unknown,,,,False,False,0.0,0.0,50.0,0.0,0.0,0.0,0.0,0.0,50.0,0.0,0.0,-1,0.0,G1_REGIME,regime='unknown' skipped=None reg_empty=True,-1,0.0,0.0,
XRP/USDT,985,2026-04-19 22:00:00,long,0.62082,84.4,60.0,1.3991,0.011221,unknown,,,,False,False,0.0,0.0,50.0,0.0,0.0,0.0,0.0,0.0,50.0,0.0,0.0,-1,0.0,G1_REGIME,regime='unknown' skipped=None reg_empty=True,-1,0.0,0.0,
XRP/USDT,986,2026-04-19 23:00:00,long,0.60689,63.12,60.0,1.3942,0.010771,unknown,,,,False,False,0.0,0.0,50.0,0.0,0.0,0.0,0.0,0.0,50.0,0.0,0.0,-1,0.0,G1_REGIME,regime='unknown' skipped=None reg_empty=True,-1,0.0,0.0,
XRP/USDT,987,2026-04-20 00:00:00,long,0.65957,64.75,60.0,1.4056,0.010971,unknown,,,,False,False,0.0,0.0,50.0,0.0,0.0,0.0,0.0,0.0,50.0,0.0,0.0,-1,0.0,G1_REGIME,regime='unknown' skipped=None reg_empty=True,-1,0.0,0.0,
XRP/USDT,988,2026-04-20 01:00:00,long,0.65439,65.41,60.0,1.408,0.01085,unknown,,,,False,False,0.0,0.0,50.0,0.0,0.0,0.0,0.0,0.0,50.0,0.0,0.0,-1,0.0,G1_REGIME,regime='unknown' skipped=None reg_empty=True,-1,0.0,0.0,
XRP/USDT,989,2026-04-20 02:00:00,long,0.65313,69.54,60.0,1.408,0.010629,unknown,,,,False,False,0.0,0.0,50.0,0.0,0.0,0.0,0.0,0.0,50.0,0.0,0.0,-1,0.0,G1_REGIME,regime='unknown' skipped=None reg_empty=True,-1,0.0,0.0,
XRP/USDT,990,2026-04-20 03:00:00,long,0.65022,75.15,60.0,1.4111,0.0099,unknown,,,,False,False,0.0,0.0,50.0,0.0,0.0,0.0,0.0,0.0,50.0,0.0,0.0,-1,0.0,G1_REGIME,regime='unknown' skipped=None reg_empty=True,-1,0.0,0.0,
XRP/USDT,991,2026-04-20 04:00:00,long,0.64423,63.76,60.0,1.4091,0.0096,unknown,,,,False,False,0.0,0.0,50.0,0.0,0.0,0.0,0.0,0.0,50.0,0.0,0.0,-1,0.0,G1_REGIME,regime='unknown' skipped=None reg_empty=True,-1,0.0,0.0,
XRP/USDT,992,2026-04-20 05:00:00,long,0.64305,63.01,60.0,1.3994,0.009286,unknown,,,,False,False,0.0,0.0,50.0,0.0,0.0,0.0,0.0,0.0,50.0,0.0,0.0,-1,0.0,G1_REGIME,regime='unknown' skipped=None reg_empty=True,-1,0.0,0.0,
XRP/USDT,993,2026-04-20 06:00:00,long,0.65146,56.31,60.0,1.4138,0.009571,unknown,,,,False,False,0.0,0.0,50.0,0.0,0.0,0.0,0.0,0.0,50.0,0.0,0.0,-1,0.0,G1_REGIME,regime='unknown' skipped=None reg_empty=True,-1,0.0,0.0,
XRP/USDT,994,2026-04-20 07:00:00,long,0.65905,80.61,60.0,1.4154,0.010186,unknown,,,,False,False,0.0,0.0,50.0,0.0,0.0,0.0,0.0,0.0,50.0,0.0,0.0,-1,0.0,G1_REGIME,regime='unknown' skipped=None reg_empty=True,-1,0.0,0.0,
XRP/USDT,995,2026-04-20 08:00:00,long,0.66649,68.27,60.0,1.4099,0.010436,unknown,,,,False,False,0.0,0.0,50.0,0.0,0.0,0.0,0.0,0.0,50.0,0.0,0.0,-1,0.0,G1_REGIME,regime='unknown' skipped=None reg_empty=True,-1,0.0,0.0,
XRP/USDT,996,2026-04-20 09:00:00,long,0.66174,65.83,60.0,1.4179,0.010929,unknown,,,,False,False,0.0,0.0,50.0,0.0,0.0,0.0,0.0,0.0,50.0,0.0,0.0,-1,0.0,G1_REGIME,regime='unknown' skipped=None reg_empty=True,-1,0.0,0.0,
XRP/USDT,997,2026-04-20 10:00:00,long,0.66223,64.08,60.0,1.4143,0.011336,unknown,,,,False,False,0.0,0.0,50.0,0.0,0.0,0.0,0.0,0.0,50.0,0.0,0.0,-1,0.0,G1_REGIME,regime='unknown' skipped=None reg_empty=True,-1,0.0,0.0,
XRP/USDT,998,2026-04-20 11:00:00,long,0.66811,66.04,60.0,1.4155,0.011321,unknown,,,,False,False,0.0,0.0,50.0,0.0,0.0,0.0,0.0,0.0,50.0,0.0,0.0,-1,0.0,G1_REGIME,regime='unknown' skipped=None reg_empty=True,-1,0.0,0.0,
XRP/USDT,999,2026-04-20 12:00:00,long,0.67761,64.4,60.0,1.4221,0.010771,unknown,,,,False,False,0.0,0.0,50.0,0.0,0.0,0.0,0.0,0.0,50.0,0.0,0.0,-1,0.0,G1_REGIME,regime='unknown' skipped=None reg_empty=True,-1,0.0,0.0,
XRP/USDT,1000,2026-04-20 13:00:00,long,0.67752,80.47,60.0,1.4246,0.011007,unknown,,,,False,False,0.0,0.0,50.0,0.0,0.0,0.0,0.0,0.0,50.0,0.0,0.0,-1,0.0,G1_REGIME,regime='unknown' skipped=None reg_empty=True,-1,0.0,0.0,
XRP/USDT,1001,2026-04-20 14:00:00,long,0.69936,100.0,60.0,1.4168,0.011179,unknown,,,,False,False,0.0,0.0,50.0,0.0,0.0,0.0,0.0,0.0,50.0,0.0,0.0,-1,0.0,G1_REGIME,regime='unknown' skipped=None reg_empty=True,-1,0.0,0.0,
XRP/USDT,1002,2026-04-20 15:00:00,long,0.66044,100.0,60.0,1.4327,0.012557,unknown,,,,False,False,0.0,0.0,50.0,0.0,0.0,0.0,0.0,0.0,50.0,0.0,0.0,-1,0.0,G1_REGIME,regime='unknown' skipped=None reg_empty=True,-1,0.0,0.0,
XRP/USDT,1003,2026-04-20 16:00:00,long,0.68766,75.48,60.0,1.4236,0.013029,unknown,,,,False,False,0.0,0.0,50.0,0.0,0.0,0.0,0.0,0.0,50.0,0.0,0.0,-1,0.0,G1_REGIME,regime='unknown' skipped=None reg_empty=True,-1,0.0,0.0,
XRP/USDT,1004,2026-04-20 17:00:00,long,0.6998,76.63,60.0,1.4274,0.01335,unknown,,,,False,False,0.0,0.0,50.0,0.0,0.0,0.0,0.0,0.0,50.0,0.0,0.0,-1,0.0,G1_REGIME,regime='unknown' skipped=None reg_empty=True,-1,0.0,0.0,
XRP/USDT,1005,2026-04-20 18:00:00,long,0.69217,80.42,60.0,1.4324,0.013629,unknown,,,,False,False,0.0,0.0,50.0,0.0,0.0,0.0,0.0,0.0,50.0,0.0,0.0,-1,0.0,G1_REGIME,regime='unknown' skipped=None reg_empty=True,-1,0.0,0.0,
XRP/USDT,1006,2026-04-20 19:00:00,long,0.68044,74.65,60.0,1.4303,0.013064,unknown,,,,False,False,0.0,0.0,50.0,0.0,0.0,0.0,0.0,0.0,50.0,0.0,0.0,-1,0.0,G1_REGIME,regime='unknown' skipped=None reg_empty=True,-1,0.0,0.0,
XRP/USDT,1007,2026-04-20 20:00:00,long,0.66496,75.26,60.0,1.4317,0.012521,unknown,,,,False,False,0.0,0.0,50.0,0.0,0.0,0.0,0.0,0.0,50.0,0.0,0.0,-1,0.0,G1_REGIME,regime='unknown' skipped=None reg_empty=True,-1,0.0,0.0,
XRP/USDT,1008,2026-04-20 21:00:00,long,0.67144,73.11,60.0,1.43,0.011629,unknown,,,,False,False,0.0,0.0,50.0,0.0,0.0,0.0,0.0,0.0,50.0,0.0,0.0,-1,0.0,G1_REGIME,regime='unknown' skipped=None reg_empty=True,-1,0.0,0.0,
XRP/USDT,1009,2026-04-20 22:00:00,long,0.67386,71.95,60.0,1.4259,0.011393,unknown,,,,False,False,0.0,0.0,50.0,0.0,0.0,0.0,0.0,0.0,50.0,0.0,0.0,-1,0.0,G1_REGIME,regime='unknown' skipped=None reg_empty=True,-1,0.0,0.0,
XRP/USDT,1010,2026-04-20 23:00:00,long,0.68364,72.92,60.0,1.4243,0.010814,unknown,,,,False,False,0.0,0.0,50.0,0.0,0.0,0.0,0.0,0.0,50.0,0.0,0.0,-1,0.0,G1_REGIME,regime='unknown' skipped=None reg_empty=True,-1,0.0,0.0,
XRP/USDT,1011,2026-04-21 00:00:00,long,0.55913,69.88,60.0,1.4278,0.010179,unknown,,,,False,False,0.0,0.0,50.0,0.0,0.0,0.0,0.0,0.0,50.0,0.0,0.0,-1,0.0,G1_REGIME,regime='unknown' skipped=None reg_empty=True,-1,0.0,0.0,
XRP/USDT,1012,2026-04-21 01:00:00,long,0.56396,72.14,60.0,1.4257,0.010121,unknown,,,,False,False,0.0,0.0,50.0,0.0,0.0,0.0,0.0,0.0,50.0,0.0,0.0,-1,0.0,G1_REGIME,regime='unknown' skipped=None reg_empty=True,-1,0.0,0.0,
XRP/USDT,1013,2026-04-21 02:00:00,long,0.55346,66.42,60.0,1.4224,0.009657,unknown,,,,False,False,0.0,0.0,50.0,0.0,0.0,0.0,0.0,0.0,50.0,0.0,0.0,-1,0.0,G1_REGIME,regime='unknown' skipped=None reg_empty=True,-1,0.0,0.0,
XRP/USDT,1014,2026-04-21 03:00:00,long,0.5491,73.64,60.0,1.4241,0.0094,unknown,,,,False,False,0.0,0.0,50.0,0.0,0.0,0.0,0.0,0.0,50.0,0.0,0.0,-1,0.0,G1_REGIME,regime='unknown' skipped=None reg_empty=True,-1,0.0,0.0,
XRP/USDT,1015,2026-04-21 04:00:00,long,0.54745,69.46,60.0,1.428,0.008507,unknown,,,,False,False,0.0,0.0,50.0,0.0,0.0,0.0,0.0,0.0,50.0,0.0,0.0,-1,0.0,G1_REGIME,regime='unknown' skipped=None reg_empty=True,-1,0.0,0.0,
XRP/USDT,1016,2026-04-21 05:00:00,long,0.51865,69.58,60.0,1.4316,0.007029,unknown,,,,False,False,0.0,0.0,50.0,0.0,0.0,0.0,0.0,0.0,50.0,0.0,0.0,-1,0.0,G1_REGIME,regime='unknown' skipped=None reg_empty=True,-1,0.0,0.0,
XRP/USDT,1017,2026-04-21 06:00:00,long,0.51473,77.6,60.0,1.437,0.007157,unknown,,,,False,False,0.0,0.0,50.0,0.0,0.0,0.0,0.0,0.0,50.0,0.0,0.0,-1,0.0,G1_REGIME,regime='unknown' skipped=None reg_empty=True,-1,0.0,0.0,
XRP/USDT,1018,2026-04-21 07:00:00,long,0.52036,75.38,60.0,1.4393,0.007164,unknown,,,,False,False,0.0,0.0,50.0,0.0,0.0,0.0,0.0,0.0,50.0,0.0,0.0,-1,0.0,G1_REGIME,regime='unknown' skipped=None reg_empty=True,-1,0.0,0.0,
XRP/USDT,1019,2026-04-21 08:00:00,long,0.52179,76.19,60.0,1.4426,0.007386,unknown,,,,False,False,0.0,0.0,50.0,0.0,0.0,0.0,0.0,0.0,50.0,0.0,0.0,-1,0.0,G1_REGIME,regime='unknown' skipped=None reg_empty=True,-1,0.0,0.0,
XRP/USDT,1020,2026-04-21 09:00:00,long,0.52409,73.61,60.0,1.4414,0.007486,unknown,,,,False,False,0.0,0.0,50.0,0.0,0.0,0.0,0.0,0.0,50.0,0.0,0.0,-1,0.0,G1_REGIME,regime='unknown' skipped=None reg_empty=True,-1,0.0,0.0,
XRP/USDT,1021,2026-04-21 10:00:00,long,0.52222,75.81,60.0,1.4445,0.0075,unknown,,,,False,False,0.0,0.0,50.0,0.0,0.0,0.0,0.0,0.0,50.0,0.0,0.0,-1,0.0,G1_REGIME,regime='unknown' skipped=None reg_empty=True,-1,0.0,0.0,
XRP/USDT,1022,2026-04-21 11:00:00,long,0.52535,73.82,60.0,1.4397,0.007464,unknown,,,,False,False,0.0,0.0,50.0,0.0,0.0,0.0,0.0,0.0,50.0,0.0,0.0,-1,0.0,G1_REGIME,regime='unknown' skipped=None reg_empty=True,-1,0.0,0.0,
XRP/USDT,1023,2026-04-21 12:00:00,long,0.55075,79.38,60.0,1.4324,0.008021,unknown,,,,False,False,0.0,0.0,50.0,0.0,0.0,0.0,0.0,0.0,50.0,0.0,0.0,-1,0.0,G1_REGIME,regime='unknown' skipped=None reg_empty=True,-1,0.0,0.0,
XRP/USDT,1024,2026-04-21 13:00:00,long,0.54849,72.75,60.0,1.4332,0.008193,unknown,,,,False,False,0.0,0.0,50.0,0.0,0.0,0.0,0.0,0.0,50.0,0.0,0.0,-1,0.0,G1_REGIME,regime='unknown' skipped=None reg_empty=True,-1,0.0,0.0,
XRP/USDT,1025,2026-04-21 14:00:00,long,0.55011,73.65,60.0,1.4316,0.008871,unknown,,,,False,False,0.0,0.0,50.0,0.0,0.0,0.0,0.0,0.0,50.0,0.0,0.0,-1,0.0,G1_REGIME,regime='unknown' skipped=None reg_empty=True,-1,0.0,0.0,
XRP/USDT,1026,2026-04-21 15:00:00,long,0.55377,73.04,60.0,1.4324,0.008971,unknown,,,,False,False,0.0,0.0,50.0,0.0,0.0,0.0,0.0,0.0,50.0,0.0,0.0,-1,0.0,G1_REGIME,regime='unknown' skipped=None reg_empty=True,-1,0.0,0.0,
XRP/USDT,1027,2026-04-21 16:00:00,long,0.5643,88.85,60.0,1.4285,0.009264,unknown,,,,False,False,0.0,0.0,50.0,0.0,0.0,0.0,0.0,0.0,50.0,0.0,0.0,-1,0.0,G1_REGIME,regime='unknown' skipped=None reg_empty=True,-1,0.0,0.0,
XRP/USDT,1028,2026-04-21 17:00:00,long,0.59847,91.74,60.0,1.4241,0.010043,unknown,,,,False,False,0.0,0.0,50.0,0.0,0.0,0.0,0.0,0.0,50.0,0.0,0.0,-1,0.0,G1_REGIME,regime='unknown' skipped=None reg_empty=True,-1,0.0,0.0,
XRP/USDT,1029,2026-04-21 18:00:00,long,0.56475,100.0,60.0,1.4266,0.010214,unknown,,,,False,False,0.0,0.0,50.0,0.0,0.0,0.0,0.0,0.0,50.0,0.0,0.0,-1,0.0,G1_REGIME,regime='unknown' skipped=None reg_empty=True,-1,0.0,0.0,
XRP/USDT,1030,2026-04-21 19:00:00,long,0.6242,91.89,60.0,1.4136,0.011279,unknown,,,,False,False,0.0,0.0,50.0,0.0,0.0,0.0,0.0,0.0,50.0,0.0,0.0,-1,0.0,G1_REGIME,regime='unknown' skipped=None reg_empty=True,-1,0.0,0.0,
XRP/USDT,1031,2026-04-21 20:00:00,long,0.59614,88.32,60.0,1.4234,0.011557,unknown,,,,False,False,0.0,0.0,50.0,0.0,0.0,0.0,0.0,0.0,50.0,0.0,0.0,-1,0.0,G1_REGIME,regime='unknown' skipped=None reg_empty=True,-1,0.0,0.0,
XRP/USDT,1032,2026-04-21 21:00:00,long,0.59345,80.39,60.0,1.4226,0.01115,unknown,,,,False,False,0.0,0.0,50.0,0.0,0.0,0.0,0.0,0.0,50.0,0.0,0.0,-1,0.0,G1_REGIME,regime='unknown' skipped=None reg_empty=True,-1,0.0,0.0,
XRP/USDT,1033,2026-04-21 22:00:00,long,0.591,76.2,60.0,1.4222,0.010743,unknown,,,,False,False,0.0,0.0,50.0,0.0,0.0,0.0,0.0,0.0,50.0,0.0,0.0,-1,0.0,G1_REGIME,regime='unknown' skipped=None reg_empty=True,-1,0.0,0.0,
XRP/USDT,1034,2026-04-21 23:00:00,long,0.55701,63.16,60.0,1.4334,0.011079,unknown,,,,False,False,0.0,0.0,50.0,0.0,0.0,0.0,0.0,0.0,50.0,0.0,0.0,-1,0.0,G1_REGIME,regime='unknown' skipped=None reg_empty=True,-1,0.0,0.0,
XRP/USDT,1035,2026-04-22 00:00:00,long,0.54857,71.46,60.0,1.4323,0.01075,unknown,,,,False,False,0.0,0.0,50.0,0.0,0.0,0.0,0.0,0.0,50.0,0.0,0.0,-1,0.0,G1_REGIME,regime='unknown' skipped=None reg_empty=True,-1,0.0,0.0,
XRP/USDT,1036,2026-04-22 01:00:00,long,0.54608,68.95,60.0,1.4292,0.010543,unknown,,,,False,False,0.0,0.0,50.0,0.0,0.0,0.0,0.0,0.0,50.0,0.0,0.0,-1,0.0,G1_REGIME,regime='unknown' skipped=None reg_empty=True,-1,0.0,0.0,
XRP/USDT,1037,2026-04-22 02:00:00,long,0.57732,84.31,60.0,1.4487,0.011086,unknown,,,,False,False,0.0,0.0,50.0,0.0,0.0,0.0,0.0,0.0,50.0,0.0,0.0,-1,0.0,G1_REGIME,regime='unknown' skipped=None reg_empty=True,-1,0.0,0.0,
XRP/USDT,1038,2026-04-22 03:00:00,long,0.58145,60.33,60.0,1.4432,0.011286,unknown,,,,False,False,0.0,0.0,50.0,0.0,0.0,0.0,0.0,0.0,50.0,0.0,0.0,-1,0.0,G1_REGIME,regime='unknown' skipped=None reg_empty=True,-1,0.0,0.0,
XRP/USDT,1039,2026-04-22 04:00:00,long,0.58154,51.44,60.0,1.4446,0.010636,unknown,,,,False,False,0.0,0.0,50.0,0.0,0.0,0.0,0.0,0.0,50.0,0.0,0.0,-1,0.0,G1_REGIME,regime='unknown' skipped=None reg_empty=True,-1,0.0,0.0,
XRP/USDT,1040,2026-04-22 05:00:00,long,0.58875,78.3,60.0,1.4545,0.011314,unknown,,,,False,False,0.0,0.0,50.0,0.0,0.0,0.0,0.0,0.0,50.0,0.0,0.0,-1,0.0,G1_REGIME,regime='unknown' skipped=None reg_empty=True,-1,0.0,0.0,
XRP/USDT,1041,2026-04-22 06:00:00,long,0.58952,53.49,60.0,1.4565,0.011129,unknown,,,,False,False,0.0,0.0,50.0,0.0,0.0,0.0,0.0,0.0,50.0,0.0,0.0,-1,0.0,G1_REGIME,regime='unknown' skipped=None reg_empty=True,-1,0.0,0.0,
XRP/USDT,1042,2026-04-22 07:00:00,long,0.57136,53.05,60.0,1.4544,0.010386,unknown,,,,False,False,0.0,0.0,50.0,0.0,0.0,0.0,0.0,0.0,50.0,0.0,0.0,-1,0.0,G1_REGIME,regime='unknown' skipped=None reg_empty=True,-1,0.0,0.0,
XRP/USDT,1043,2026-04-22 08:00:00,long,0.55418,74.51,60.0,1.4525,0.010314,unknown,,,,False,False,0.0,0.0,50.0,0.0,0.0,0.0,0.0,0.0,50.0,0.0,0.0,-1,0.0,G1_REGIME,regime='unknown' skipped=None reg_empty=True,-1,0.0,0.0,
XRP/USDT,1044,2026-04-22 09:00:00,long,0.55144,61.93,60.0,1.4515,0.009264,unknown,,,,False,False,0.0,0.0,50.0,0.0,0.0,0.0,0.0,0.0,50.0,0.0,0.0,-1,0.0,G1_REGIME,regime='unknown' skipped=None reg_empty=True,-1,0.0,0.0,
XRP/USDT,1045,2026-04-22 10:00:00,long,0.556,59.74,60.0,1.4505,0.008379,unknown,,,,False,False,0.0,0.0,50.0,0.0,0.0,0.0,0.0,0.0,50.0,0.0,0.0,-1,0.0,G1_REGIME,regime='unknown' skipped=None reg_empty=True,-1,0.0,0.0,
XRP/USDT,1046,2026-04-22 11:00:00,long,0.56163,63.43,60.0,1.4543,0.008457,unknown,,,,False,False,0.0,0.0,50.0,0.0,0.0,0.0,0.0,0.0,50.0,0.0,0.0,-1,0.0,G1_REGIME,regime='unknown' skipped=None reg_empty=True,-1,0.0,0.0,
XRP/USDT,1047,2026-04-22 12:00:00,long,0.53977,66.27,60.0,1.4506,0.008543,unknown,,,,False,False,0.0,0.0,50.0,0.0,0.0,0.0,0.0,0.0,50.0,0.0,0.0,-1,0.0,G1_REGIME,regime='unknown' skipped=None reg_empty=True,-1,0.0,0.0,
XRP/USDT,1048,2026-04-22 13:00:00,long,0.55744,81.28,60.0,1.459,0.008629,unknown,,,,False,False,0.0,0.0,50.0,0.0,0.0,0.0,0.0,0.0,50.0,0.0,0.0,-1,0.0,G1_REGIME,regime='unknown' skipped=None reg_empty=True,-1,0.0,0.0,
XRP/USDT,1049,2026-04-22 14:00:00,long,0.53734,78.98,60.0,1.4576,0.009093,unknown,,,,False,False,0.0,0.0,50.0,0.0,0.0,0.0,0.0,0.0,50.0,0.0,0.0,-1,0.0,G1_REGIME,regime='unknown' skipped=None reg_empty=True,-1,0.0,0.0,
XRP/USDT,1050,2026-04-22 15:00:00,long,0.53783,68.94,60.0,1.4564,0.009457,unknown,,,,False,False,0.0,0.0,50.0,0.0,0.0,0.0,0.0,0.0,50.0,0.0,0.0,-1,0.0,G1_REGIME,regime='unknown' skipped=None reg_empty=True,-1,0.0,0.0,
XRP/USDT,1051,2026-04-22 16:00:00,long,0.52507,70.71,60.0,1.4468,0.008779,unknown,,,,False,False,0.0,0.0,50.0,0.0,0.0,0.0,0.0,0.0,50.0,0.0,0.0,-1,0.0,G1_REGIME,regime='unknown' skipped=None reg_empty=True,-1,0.0,0.0,
XRP/USDT,1052,2026-04-22 17:00:00,long,0.5211,68.26,60.0,1.4492,0.008557,unknown,,,,False,False,0.0,0.0,50.0,0.0,0.0,0.0,0.0,0.0,50.0,0.0,0.0,-1,0.0,G1_REGIME,regime='unknown' skipped=None reg_empty=True,-1,0.0,0.0,
XRP/USDT,1053,2026-04-22 18:00:00,long,0.52342,66.04,60.0,1.448,0.008514,unknown,,,,False,False,0.0,0.0,50.0,0.0,0.0,0.0,0.0,0.0,50.0,0.0,0.0,-1,0.0,G1_REGIME,regime='unknown' skipped=None reg_empty=True,-1,0.0,0.0,
XRP/USDT,1054,2026-04-22 19:00:00,long,0.53729,68.54,60.0,1.4413,0.008021,unknown,,,,False,False,0.0,0.0,50.0,0.0,0.0,0.0,0.0,0.0,50.0,0.0,0.0,-1,0.0,G1_REGIME,regime='unknown' skipped=None reg_empty=True,-1,0.0,0.0,
XRP/USDT,1055,2026-04-22 20:00:00,long,0.53265,75.26,60.0,1.437,0.008221,unknown,,,,False,False,0.0,0.0,50.0,0.0,0.0,0.0,0.0,0.0,50.0,0.0,0.0,-1,0.0,G1_REGIME,regime='unknown' skipped=None reg_empty=True,-1,0.0,0.0,
XRP/USDT,1056,2026-04-22 21:00:00,long,0.53074,59.79,60.0,1.4418,0.008093,unknown,,,,False,False,0.0,0.0,50.0,0.0,0.0,0.0,0.0,0.0,50.0,0.0,0.0,-1,0.0,G1_REGIME,regime='unknown' skipped=None reg_empty=True,-1,0.0,0.0,
XRP/USDT,1057,2026-04-22 22:00:00,long,0.53142,78.76,60.0,1.438,0.008107,unknown,,,,False,False,0.0,0.0,50.0,0.0,0.0,0.0,0.0,0.0,50.0,0.0,0.0,-1,0.0,G1_REGIME,regime='unknown' skipped=None reg_empty=True,-1,0.0,0.0,
XRP/USDT,1058,2026-04-22 23:00:00,long,0.5324,82.55,60.0,1.4294,0.008386,unknown,,,,False,False,0.0,0.0,50.0,0.0,0.0,0.0,0.0,0.0,50.0,0.0,0.0,-1,0.0,G1_REGIME,regime='unknown' skipped=None reg_empty=True,-1,0.0,0.0,
XRP/USDT,1059,2026-04-23 00:00:00,long,0.57947,88.57,60.0,1.4291,0.009143,unknown,,,,False,False,0.0,0.0,50.0,0.0,0.0,0.0,0.0,0.0,50.0,0.0,0.0,-1,0.0,G1_REGIME,regime='unknown' skipped=None reg_empty=True,-1,0.0,0.0,
XRP/USDT,1060,2026-04-23 01:00:00,long,0.58459,82.27,60.0,1.4259,0.009386,unknown,,,,False,False,0.0,0.0,50.0,0.0,0.0,0.0,0.0,0.0,50.0,0.0,0.0,-1,0.0,G1_REGIME,regime='unknown' skipped=None reg_empty=True,-1,0.0,0.0,
XRP/USDT,1061,2026-04-23 02:00:00,long,0.5899,81.54,60.0,1.419,0.009571,unknown,,,,False,False,0.0,0.0,50.0,0.0,0.0,0.0,0.0,0.0,50.0,0.0,0.0,-1,0.0,G1_REGIME,regime='unknown' skipped=None reg_empty=True,-1,0.0,0.0,
XRP/USDT,1062,2026-04-23 03:00:00,long,0.59178,82.08,60.0,1.4162,0.009371,unknown,,,,False,False,0.0,0.0,50.0,0.0,0.0,0.0,0.0,0.0,50.0,0.0,0.0,-1,0.0,G1_REGIME,regime='unknown' skipped=None reg_empty=True,-1,0.0,0.0,
XRP/USDT,1063,2026-04-23 04:00:00,long,0.58889,78.85,60.0,1.4179,0.008886,unknown,,,,False,False,0.0,0.0,50.0,0.0,0.0,0.0,0.0,0.0,50.0,0.0,0.0,-1,0.0,G1_REGIME,regime='unknown' skipped=None reg_empty=True,-1,0.0,0.0,
XRP/USDT,1064,2026-04-23 05:00:00,long,0.59347,80.67,60.0,1.4196,0.008536,unknown,,,,False,False,0.0,0.0,50.0,0.0,0.0,0.0,0.0,0.0,50.0,0.0,0.0,-1,0.0,G1_REGIME,regime='unknown' skipped=None reg_empty=True,-1,0.0,0.0,
XRP/USDT,1065,2026-04-23 06:00:00,long,0.59167,82.15,60.0,1.4237,0.008007,unknown,,,,False,False,0.0,0.0,50.0,0.0,0.0,0.0,0.0,0.0,50.0,0.0,0.0,-1,0.0,G1_REGIME,regime='unknown' skipped=None reg_empty=True,-1,0.0,0.0,
XRP/USDT,1066,2026-04-23 07:00:00,long,0.58831,79.51,60.0,1.4208,0.007829,unknown,,,,False,False,0.0,0.0,50.0,0.0,0.0,0.0,0.0,0.0,50.0,0.0,0.0,-1,0.0,G1_REGIME,regime='unknown' skipped=None reg_empty=True,-1,0.0,0.0,
XRP/USDT,1067,2026-04-23 08:00:00,long,0.6035,80.31,60.0,1.4184,0.007907,unknown,,,,False,False,0.0,0.0,50.0,0.0,0.0,0.0,0.0,0.0,50.0,0.0,0.0,-1,0.0,G1_REGIME,regime='unknown' skipped=None reg_empty=True,-1,0.0,0.0,
XRP/USDT,1068,2026-04-23 09:00:00,long,0.58867,83.2,60.0,1.4151,0.007614,unknown,,,,False,False,0.0,0.0,50.0,0.0,0.0,0.0,0.0,0.0,50.0,0.0,0.0,-1,0.0,G1_REGIME,regime='unknown' skipped=None reg_empty=True,-1,0.0,0.0,
XRP/USDT,1069,2026-04-23 10:00:00,long,0.58802,84.04,60.0,1.4107,0.007493,unknown,,,,False,False,0.0,0.0,50.0,0.0,0.0,0.0,0.0,0.0,50.0,0.0,0.0,-1,0.0,G1_REGIME,regime='unknown' skipped=None reg_empty=True,-1,0.0,0.0,
XRP/USDT,1070,2026-04-23 11:00:00,long,0.60626,81.84,60.0,1.4165,0.007636,unknown,,,,False,False,0.0,0.0,50.0,0.0,0.0,0.0,0.0,0.0,50.0,0.0,0.0,-1,0.0,G1_REGIME,regime='unknown' skipped=None reg_empty=True,-1,0.0,0.0,
XRP/USDT,1071,2026-04-23 12:00:00,long,0.6103,87.98,60.0,1.4186,0.007593,unknown,,,,False,False,0.0,0.0,50.0,0.0,0.0,0.0,0.0,0.0,50.0,0.0,0.0,-1,0.0,G1_REGIME,regime='unknown' skipped=None reg_empty=True,-1,0.0,0.0,
XRP/USDT,1072,2026-04-23 13:00:00,long,0.60488,87.2,60.0,1.4162,0.007329,unknown,,,,False,False,0.0,0.0,50.0,0.0,0.0,0.0,0.0,0.0,50.0,0.0,0.0,-1,0.0,G1_REGIME,regime='unknown' skipped=None reg_empty=True,-1,0.0,0.0,
XRP/USDT,1073,2026-04-23 14:00:00,long,0.59959,98.68,60.0,1.43,0.007407,unknown,,,,False,False,0.0,0.0,50.0,0.0,0.0,0.0,0.0,0.0,50.0,0.0,0.0,-1,0.0,G1_REGIME,regime='unknown' skipped=None reg_empty=True,-1,0.0,0.0,
XRP/USDT,1074,2026-04-23 15:00:00,long,0.60877,100.0,60.0,1.4315,0.007536,unknown,,,,False,False,0.0,0.0,50.0,0.0,0.0,0.0,0.0,0.0,50.0,0.0,0.0,-1,0.0,G1_REGIME,regime='unknown' skipped=None reg_empty=True,-1,0.0,0.0,
XRP/USDT,1075,2026-04-23 16:00:00,long,0.60546,100.0,60.0,1.4299,0.007221,unknown,,,,False,False,0.0,0.0,50.0,0.0,0.0,0.0,0.0,0.0,50.0,0.0,0.0,-1,0.0,G1_REGIME,regime='unknown' skipped=None reg_empty=True,-1,0.0,0.0,
XRP/USDT,1076,2026-04-23 17:00:00,long,0.61554,95.06,60.0,1.4352,0.007686,unknown,,,,False,False,0.0,0.0,50.0,0.0,0.0,0.0,0.0,0.0,50.0,0.0,0.0,-1,0.0,G1_REGIME,regime='unknown' skipped=None reg_empty=True,-1,0.0,0.0,
XRP/USDT,1077,2026-04-23 18:00:00,long,0.61715,83.11,60.0,1.4314,0.008093,unknown,,,,False,False,0.0,0.0,50.0,0.0,0.0,0.0,0.0,0.0,50.0,0.0,0.0,-1,0.0,G1_REGIME,regime='unknown' skipped=None reg_empty=True,-1,0.0,0.0,
XRP/USDT,1078,2026-04-23 19:00:00,long,0.61305,81.48,60.0,1.4295,0.008186,unknown,,,,False,False,0.0,0.0,50.0,0.0,0.0,0.0,0.0,0.0,50.0,0.0,0.0,-1,0.0,G1_REGIME,regime='unknown' skipped=None reg_empty=True,-1,0.0,0.0,
XRP/USDT,1079,2026-04-23 20:00:00,long,0.60863,73.86,60.0,1.4332,0.008471,unknown,,,,False,False,0.0,0.0,50.0,0.0,0.0,0.0,0.0,0.0,50.0,0.0,0.0,-1,0.0,G1_REGIME,regime='unknown' skipped=None reg_empty=True,-1,0.0,0.0,
XRP/USDT,1080,2026-04-23 21:00:00,long,0.59717,72.67,60.0,1.4334,0.008707,unknown,,,,False,False,0.0,0.0,50.0,0.0,0.0,0.0,0.0,0.0,50.0,0.0,0.0,-1,0.0,G1_REGIME,regime='unknown' skipped=None reg_empty=True,-1,0.0,0.0,
XRP/USDT,1081,2026-04-23 22:00:00,long,0.60456,74.3,60.0,1.4361,0.008693,unknown,,,,False,False,0.0,0.0,50.0,0.0,0.0,0.0,0.0,0.0,50.0,0.0,0.0,-1,0.0,G1_REGIME,regime='unknown' skipped=None reg_empty=True,-1,0.0,0.0,
XRP/USDT,1082,2026-04-23 23:00:00,long,0.63651,65.46,60.0,1.4386,0.008771,unknown,,,,False,False,0.0,0.0,50.0,0.0,0.0,0.0,0.0,0.0,50.0,0.0,0.0,-1,0.0,G1_REGIME,regime='unknown' skipped=None reg_empty=True,-1,0.0,0.0,
XRP/USDT,1083,2026-04-24 00:00:00,long,0.64044,66.68,60.0,1.4402,0.008486,unknown,,,,False,False,0.0,0.0,50.0,0.0,0.0,0.0,0.0,0.0,50.0,0.0,0.0,-1,0.0,G1_REGIME,regime='unknown' skipped=None reg_empty=True,-1,0.0,0.0,
XRP/USDT,1084,2026-04-24 01:00:00,long,0.64348,47.5,60.0,1.4442,0.008886,unknown,,,,False,False,0.0,0.0,50.0,0.0,0.0,0.0,0.0,0.0,50.0,0.0,0.0,-1,0.0,G1_REGIME,regime='unknown' skipped=None reg_empty=True,-1,0.0,0.0,
XRP/USDT,1085,2026-04-24 02:00:00,long,0.63631,54.72,60.0,1.4373,0.009129,unknown,,,,False,False,0.0,0.0,50.0,0.0,0.0,0.0,0.0,0.0,50.0,0.0,0.0,-1,0.0,G1_REGIME,regime='unknown' skipped=None reg_empty=True,-1,0.0,0.0,
XRP/USDT,1086,2026-04-24 03:00:00,long,0.62915,52.58,60.0,1.4307,0.009464,unknown,,,,False,False,0.0,0.0,50.0,0.0,0.0,0.0,0.0,0.0,50.0,0.0,0.0,-1,0.0,G1_REGIME,regime='unknown' skipped=None reg_empty=True,-1,0.0,0.0,
XRP/USDT,1087,2026-04-24 04:00:00,long,0.61103,60.44,60.0,1.4292,0.008679,unknown,,,,False,False,0.0,0.0,50.0,0.0,0.0,0.0,0.0,0.0,50.0,0.0,0.0,-1,0.0,G1_REGIME,regime='unknown' skipped=None reg_empty=True,-1,0.0,0.0,
XRP/USDT,1088,2026-04-24 05:00:00,long,0.61009,50.65,60.0,1.433,0.008471,unknown,,,,False,False,0.0,0.0,50.0,0.0,0.0,0.0,0.0,0.0,50.0,0.0,0.0,-1,0.0,G1_REGIME,regime='unknown' skipped=None reg_empty=True,-1,0.0,0.0,
XRP/USDT,1089,2026-04-24 06:00:00,long,0.60765,58.99,60.0,1.43,0.008264,unknown,,,,False,False,0.0,0.0,50.0,0.0,0.0,0.0,0.0,0.0,50.0,0.0,0.0,-1,0.0,G1_REGIME,regime='unknown' skipped=None reg_empty=True,-1,0.0,0.0,
XRP/USDT,1090,2026-04-24 07:00:00,long,0.60658,48.39,60.0,1.4326,0.007357,unknown,,,,False,False,0.0,0.0,50.0,0.0,0.0,0.0,0.0,0.0,50.0,0.0,0.0,-1,0.0,G1_REGIME,regime='unknown' skipped=None reg_empty=True,-1,0.0,0.0,
XRP/USDT,1091,2026-04-24 08:00:00,long,0.6094,47.86,60.0,1.4315,0.00715,unknown,,,,False,False,0.0,0.0,50.0,0.0,0.0,0.0,0.0,0.0,50.0,0.0,0.0,-1,0.0,G1_REGIME,regime='unknown' skipped=None reg_empty=True,-1,0.0,0.0,
XRP/USDT,1092,2026-04-24 09:00:00,long,0.59771,55.97,60.0,1.4258,0.007157,unknown,,,,False,False,0.0,0.0,50.0,0.0,0.0,0.0,0.0,0.0,50.0,0.0,0.0,-1,0.0,G1_REGIME,regime='unknown' skipped=None reg_empty=True,-1,0.0,0.0,
XRP/USDT,1093,2026-04-24 10:00:00,long,0.58337,68.0,60.0,1.4315,0.0071,unknown,,,,False,False,0.0,0.0,50.0,0.0,0.0,0.0,0.0,0.0,50.0,0.0,0.0,-1,0.0,G1_REGIME,regime='unknown' skipped=None reg_empty=True,-1,0.0,0.0,
XRP/USDT,1094,2026-04-24 11:00:00,long,0.60671,75.53,60.0,1.4383,0.007179,unknown,,,,False,False,0.0,0.0,50.0,0.0,0.0,0.0,0.0,0.0,50.0,0.0,0.0,-1,0.0,G1_REGIME,regime='unknown' skipped=None reg_empty=True,-1,0.0,0.0,
XRP/USDT,1095,2026-04-24 12:00:00,long,0.61753,83.03,60.0,1.4347,0.007357,unknown,,,,False,False,0.0,0.0,50.0,0.0,0.0,0.0,0.0,0.0,50.0,0.0,0.0,-1,0.0,G1_REGIME,regime='unknown' skipped=None reg_empty=True,-1,0.0,0.0,
XRP/USDT,1096,2026-04-24 13:00:00,long,0.61783,73.15,60.0,1.4356,0.007579,unknown,,,,False,False,0.0,0.0,50.0,0.0,0.0,0.0,0.0,0.0,50.0,0.0,0.0,-1,0.0,G1_REGIME,regime='unknown' skipped=None reg_empty=True,-1,0.0,0.0,
XRP/USDT,1097,2026-04-24 14:00:00,long,0.60881,81.43,60.0,1.4338,0.008121,unknown,,,,False,False,0.0,0.0,50.0,0.0,0.0,0.0,0.0,0.0,50.0,0.0,0.0,-1,0.0,G1_REGIME,regime='unknown' skipped=None reg_empty=True,-1,0.0,0.0,
XRP/USDT,1098,2026-04-24 15:00:00,long,0.6146,63.96,60.0,1.4479,0.0086,unknown,,,,False,False,0.0,0.0,50.0,0.0,0.0,0.0,0.0,0.0,50.0,0.0,0.0,-1,0.0,G1_REGIME,regime='unknown' skipped=None reg_empty=True,-1,0.0,0.0,
XRP/USDT,1099,2026-04-24 16:00:00,long,0.60853,66.89,60.0,1.4404,0.008836,unknown,,,,False,False,0.0,0.0,50.0,0.0,0.0,0.0,0.0,0.0,50.0,0.0,0.0,-1,0.0,G1_REGIME,regime='unknown' skipped=None reg_empty=True,-1,0.0,0.0,
XRP/USDT,1100,2026-04-24 17:00:00,long,0.60087,64.3,60.0,1.441,0.008564,unknown,,,,False,False,0.0,0.0,50.0,0.0,0.0,0.0,0.0,0.0,50.0,0.0,0.0,-1,0.0,G1_REGIME,regime='unknown' skipped=None reg_empty=True,-1,0.0,0.0,
XRP/USDT,1101,2026-04-24 18:00:00,long,0.60772,61.02,60.0,1.4387,0.008793,unknown,,,,False,False,0.0,0.0,50.0,0.0,0.0,0.0,0.0,0.0,50.0,0.0,0.0,-1,0.0,G1_REGIME,regime='unknown' skipped=None reg_empty=True,-1,0.0,0.0,
XRP/USDT,1102,2026-04-24 19:00:00,long,0.60677,63.03,60.0,1.4391,0.008621,unknown,,,,False,False,0.0,0.0,50.0,0.0,0.0,0.0,0.0,0.0,50.0,0.0,0.0,-1,0.0,G1_REGIME,regime='unknown' skipped=None reg_empty=True,-1,0.0,0.0,
XRP/USDT,1103,2026-04-24 20:00:00,long,0.59451,63.18,60.0,1.4405,0.008886,unknown,,,,False,False,0.0,0.0,50.0,0.0,0.0,0.0,0.0,0.0,50.0,0.0,0.0,-1,0.0,G1_REGIME,regime='unknown' skipped=None reg_empty=True,-1,0.0,0.0,
XRP/USDT,1104,2026-04-24 21:00:00,long,0.59822,62.24,60.0,1.4376,0.009036,unknown,,,,False,False,0.0,0.0,50.0,0.0,0.0,0.0,0.0,0.0,50.0,0.0,0.0,-1,0.0,G1_REGIME,regime='unknown' skipped=None reg_empty=True,-1,0.0,0.0,
XRP/USDT,1105,2026-04-24 22:00:00,long,0.61296,55.1,60.0,1.4314,0.009179,unknown,,,,False,False,0.0,0.0,50.0,0.0,0.0,0.0,0.0,0.0,50.0,0.0,0.0,-1,0.0,G1_REGIME,regime='unknown' skipped=None reg_empty=True,-1,0.0,0.0,
XRP/USDT,1106,2026-04-24 23:00:00,long,0.60085,56.07,60.0,1.4334,0.008864,unknown,,,,False,False,0.0,0.0,50.0,0.0,0.0,0.0,0.0,0.0,50.0,0.0,0.0,-1,0.0,G1_REGIME,regime='unknown' skipped=None reg_empty=True,-1,0.0,0.0,
XRP/USDT,1107,2026-04-25 00:00:00,long,0.61164,56.63,60.0,1.4334,0.00845,unknown,,,,False,False,0.0,0.0,50.0,0.0,0.0,0.0,0.0,0.0,50.0,0.0,0.0,-1,0.0,G1_REGIME,regime='unknown' skipped=None reg_empty=True,-1,0.0,0.0,
XRP/USDT,1108,2026-04-25 01:00:00,long,0.61142,56.91,60.0,1.436,0.008093,unknown,,,,False,False,0.0,0.0,50.0,0.0,0.0,0.0,0.0,0.0,50.0,0.0,0.0,-1,0.0,G1_REGIME,regime='unknown' skipped=None reg_empty=True,-1,0.0,0.0,
XRP/USDT,1109,2026-04-25 02:00:00,long,0.60425,53.83,60.0,1.4336,0.007793,unknown,,,,False,False,0.0,0.0,50.0,0.0,0.0,0.0,0.0,0.0,50.0,0.0,0.0,-1,0.0,G1_REGIME,regime='unknown' skipped=None reg_empty=True,-1,0.0,0.0,
XRP/USDT,1110,2026-04-25 03:00:00,long,0.61242,57.74,60.0,1.4366,0.007329,unknown,,,,False,False,0.0,0.0,50.0,0.0,0.0,0.0,0.0,0.0,50.0,0.0,0.0,-1,0.0,G1_REGIME,regime='unknown' skipped=None reg_empty=True,-1,0.0,0.0,
XRP/USDT,1111,2026-04-25 04:00:00,long,0.60655,54.89,60.0,1.4341,0.006821,unknown,,,,False,False,0.0,0.0,50.0,0.0,0.0,0.0,0.0,0.0,50.0,0.0,0.0,-1,0.0,G1_REGIME,regime='unknown' skipped=None reg_empty=True,-1,0.0,0.0,
XRP/USDT,1112,2026-04-25 05:00:00,long,0.57095,51.96,60.0,1.4325,0.00565,unknown,,,,False,False,0.0,0.0,50.0,0.0,0.0,0.0,0.0,0.0,50.0,0.0,0.0,-1,0.0,G1_REGIME,regime='unknown' skipped=None reg_empty=True,-1,0.0,0.0,
XRP/USDT,1113,2026-04-25 06:00:00,long,0.58549,52.34,60.0,1.4328,0.005043,unknown,,,,False,False,0.0,0.0,50.0,0.0,0.0,0.0,0.0,0.0,50.0,0.0,0.0,-1,0.0,G1_REGIME,regime='unknown' skipped=None reg_empty=True,-1,0.0,0.0,
XRP/USDT,1114,2026-04-25 07:00:00,long,0.57291,52.0,60.0,1.4335,0.004821,unknown,,,,False,False,0.0,0.0,50.0,0.0,0.0,0.0,0.0,0.0,50.0,0.0,0.0,-1,0.0,G1_REGIME,regime='unknown' skipped=None reg_empty=True,-1,0.0,0.0,
XRP/USDT,1115,2026-04-25 08:00:00,long,0.5928,55.68,60.0,1.4348,0.004443,unknown,,,,False,False,0.0,0.0,50.0,0.0,0.0,0.0,0.0,0.0,50.0,0.0,0.0,-1,0.0,G1_REGIME,regime='unknown' skipped=None reg_empty=True,-1,0.0,0.0,
XRP/USDT,1116,2026-04-25 09:00:00,long,0.60992,56.01,60.0,1.4354,0.004336,unknown,,,,False,False,0.0,0.0,50.0,0.0,0.0,0.0,0.0,0.0,50.0,0.0,0.0,-1,0.0,G1_REGIME,regime='unknown' skipped=None reg_empty=True,-1,0.0,0.0,
XRP/USDT,1117,2026-04-25 10:00:00,long,0.60364,57.12,60.0,1.4356,0.003964,unknown,,,,False,False,0.0,0.0,50.0,0.0,0.0,0.0,0.0,0.0,50.0,0.0,0.0,-1,0.0,G1_REGIME,regime='unknown' skipped=None reg_empty=True,-1,0.0,0.0,
XRP/USDT,1118,2026-04-25 11:00:00,long,0.58024,54.65,60.0,1.4308,0.003943,unknown,,,,False,False,0.0,0.0,50.0,0.0,0.0,0.0,0.0,0.0,50.0,0.0,0.0,-1,0.0,G1_REGIME,regime='unknown' skipped=None reg_empty=True,-1,0.0,0.0,
XRP/USDT,1119,2026-04-25 12:00:00,long,0.5949,56.38,60.0,1.4293,0.003571,unknown,,,,False,False,0.0,0.0,50.0,0.0,0.0,0.0,0.0,0.0,50.0,0.0,0.0,-1,0.0,G1_REGIME,regime='unknown' skipped=None reg_empty=True,-1,0.0,0.0,
XRP/USDT,1120,2026-04-25 13:00:00,long,0.59111,51.82,60.0,1.4311,0.00365,unknown,,,,False,False,0.0,0.0,50.0,0.0,0.0,0.0,0.0,0.0,50.0,0.0,0.0,-1,0.0,G1_REGIME,regime='unknown' skipped=None reg_empty=True,-1,0.0,0.0,
XRP/USDT,1121,2026-04-25 14:00:00,long,0.5854,52.76,60.0,1.4292,0.003679,unknown,,,,False,False,0.0,0.0,50.0,0.0,0.0,0.0,0.0,0.0,50.0,0.0,0.0,-1,0.0,G1_REGIME,regime='unknown' skipped=None reg_empty=True,-1,0.0,0.0,
XRP/USDT,1122,2026-04-25 15:00:00,long,0.59547,69.04,60.0,1.4255,0.003893,unknown,,,,False,False,0.0,0.0,50.0,0.0,0.0,0.0,0.0,0.0,50.0,0.0,0.0,-1,0.0,G1_REGIME,regime='unknown' skipped=None reg_empty=True,-1,0.0,0.0,
XRP/USDT,1123,2026-04-25 16:00:00,long,0.58832,100.0,60.0,1.4242,0.004129,unknown,,,,False,False,0.0,0.0,50.0,0.0,0.0,0.0,0.0,0.0,50.0,0.0,0.0,-1,0.0,G1_REGIME,regime='unknown' skipped=None reg_empty=True,-1,0.0,0.0,
XRP/USDT,1124,2026-04-25 17:00:00,long,0.57613,99.92,60.0,1.4202,0.004229,unknown,,,,False,False,0.0,0.0,50.0,0.0,0.0,0.0,0.0,0.0,50.0,0.0,0.0,-1,0.0,G1_REGIME,regime='unknown' skipped=None reg_empty=True,-1,0.0,0.0,
XRP/USDT,1125,2026-04-25 18:00:00,long,0.58273,87.05,60.0,1.4212,0.0042,unknown,,,,False,False,0.0,0.0,50.0,0.0,0.0,0.0,0.0,0.0,50.0,0.0,0.0,-1,0.0,G1_REGIME,regime='unknown' skipped=None reg_empty=True,-1,0.0,0.0,
XRP/USDT,1126,2026-04-25 19:00:00,long,0.585,86.03,60.0,1.4204,0.004157,unknown,,,,False,False,0.0,0.0,50.0,0.0,0.0,0.0,0.0,0.0,50.0,0.0,0.0,-1,0.0,G1_REGIME,regime='unknown' skipped=None reg_empty=True,-1,0.0,0.0,
XRP/USDT,1127,2026-04-25 20:00:00,long,0.58173,75.13,60.0,1.4222,0.004129,unknown,,,,False,False,0.0,0.0,50.0,0.0,0.0,0.0,0.0,0.0,50.0,0.0,0.0,-1,0.0,G1_REGIME,regime='unknown' skipped=None reg_empty=True,-1,0.0,0.0,
XRP/USDT,1128,2026-04-25 21:00:00,long,0.58354,71.54,60.0,1.4229,0.003971,unknown,,,,False,False,0.0,0.0,50.0,0.0,0.0,0.0,0.0,0.0,50.0,0.0,0.0,-1,0.0,G1_REGIME,regime='unknown' skipped=None reg_empty=True,-1,0.0,0.0,
XRP/USDT,1129,2026-04-25 22:00:00,long,0.5923,69.83,60.0,1.4234,0.003993,unknown,,,,False,False,0.0,0.0,50.0,0.0,0.0,0.0,0.0,0.0,50.0,0.0,0.0,-1,0.0,G1_REGIME,regime='unknown' skipped=None reg_empty=True,-1,0.0,0.0,
XRP/USDT,1130,2026-04-25 23:00:00,long,0.58972,70.07,60.0,1.4238,0.003893,unknown,,,,False,False,0.0,0.0,50.0,0.0,0.0,0.0,0.0,0.0,50.0,0.0,0.0,-1,0.0,G1_REGIME,regime='unknown' skipped=None reg_empty=True,-1,0.0,0.0,
XRP/USDT,1131,2026-04-26 00:00:00,long,0.5793,68.28,60.0,1.4208,0.004043,unknown,,,,False,False,0.0,0.0,50.0,0.0,0.0,0.0,0.0,0.0,50.0,0.0,0.0,-1,0.0,G1_REGIME,regime='unknown' skipped=None reg_empty=True,-1,0.0,0.0,
XRP/USDT,1132,2026-04-26 01:00:00,long,0.57937,67.94,60.0,1.4193,0.003829,unknown,,,,False,False,0.0,0.0,50.0,0.0,0.0,0.0,0.0,0.0,50.0,0.0,0.0,-1,0.0,G1_REGIME,regime='unknown' skipped=None reg_empty=True,-1,0.0,0.0,
XRP/USDT,1133,2026-04-26 02:00:00,long,0.57662,69.6,60.0,1.4218,0.003829,unknown,,,,False,False,0.0,0.0,50.0,0.0,0.0,0.0,0.0,0.0,50.0,0.0,0.0,-1,0.0,G1_REGIME,regime='unknown' skipped=None reg_empty=True,-1,0.0,0.0,
XRP/USDT,1134,2026-04-26 03:00:00,long,0.58926,70.84,60.0,1.4186,0.004007,unknown,,,,False,False,0.0,0.0,50.0,0.0,0.0,0.0,0.0,0.0,50.0,0.0,0.0,-1,0.0,G1_REGIME,regime='unknown' skipped=None reg_empty=True,-1,0.0,0.0,
XRP/USDT,1135,2026-04-26 04:00:00,long,0.57132,73.89,60.0,1.4221,0.00415,unknown,,,,False,False,0.0,0.0,50.0,0.0,0.0,0.0,0.0,0.0,50.0,0.0,0.0,-1,0.0,G1_REGIME,regime='unknown' skipped=None reg_empty=True,-1,0.0,0.0,
XRP/USDT,1136,2026-04-26 05:00:00,long,0.5838,86.87,60.0,1.4256,0.004257,unknown,,,,False,False,0.0,0.0,50.0,0.0,0.0,0.0,0.0,0.0,50.0,0.0,0.0,-1,0.0,G1_REGIME,regime='unknown' skipped=None reg_empty=True,-1,0.0,0.0,
XRP/USDT,1137,2026-04-26 06:00:00,long,0.58928,78.13,60.0,1.4275,0.003921,unknown,,,,False,False,0.0,0.0,50.0,0.0,0.0,0.0,0.0,0.0,50.0,0.0,0.0,-1,0.0,G1_REGIME,regime='unknown' skipped=None reg_empty=True,-1,0.0,0.0,
XRP/USDT,1138,2026-04-26 07:00:00,long,0.59584,80.38,60.0,1.4291,0.003729,unknown,,,,False,False,0.0,0.0,50.0,0.0,0.0,0.0,0.0,0.0,50.0,0.0,0.0,-1,0.0,G1_REGIME,regime='unknown' skipped=None reg_empty=True,-1,0.0,0.0,
XRP/USDT,1139,2026-04-26 08:00:00,long,0.60543,75.23,60.0,1.4265,0.003786,unknown,,,,False,False,0.0,0.0,50.0,0.0,0.0,0.0,0.0,0.0,50.0,0.0,0.0,-1,0.0,G1_REGIME,regime='unknown' skipped=None reg_empty=True,-1,0.0,0.0,
XRP/USDT,1140,2026-04-26 09:00:00,long,0.60338,76.98,60.0,1.4283,0.003829,unknown,,,,False,False,0.0,0.0,50.0,0.0,0.0,0.0,0.0,0.0,50.0,0.0,0.0,-1,0.0,G1_REGIME,regime='unknown' skipped=None reg_empty=True,-1,0.0,0.0,
XRP/USDT,1141,2026-04-26 10:00:00,long,0.6047,73.37,60.0,1.4276,0.003721,unknown,,,,False,False,0.0,0.0,50.0,0.0,0.0,0.0,0.0,0.0,50.0,0.0,0.0,-1,0.0,G1_REGIME,regime='unknown' skipped=None reg_empty=True,-1,0.0,0.0,
XRP/USDT,1142,2026-04-26 11:00:00,long,0.62817,82.43,60.0,1.4305,0.003921,unknown,,,,False,False,0.0,0.0,50.0,0.0,0.0,0.0,0.0,0.0,50.0,0.0,0.0,-1,0.0,G1_REGIME,regime='unknown' skipped=None reg_empty=True,-1,0.0,0.0,
XRP/USDT,1143,2026-04-26 12:00:00,long,0.6067,97.43,60.0,1.4249,0.004236,unknown,,,,False,False,0.0,0.0,50.0,0.0,0.0,0.0,0.0,0.0,50.0,0.0,0.0,-1,0.0,G1_REGIME,regime='unknown' skipped=None reg_empty=True,-1,0.0,0.0,
XRP/USDT,1144,2026-04-26 13:00:00,long,0.60195,85.73,60.0,1.4243,0.004236,unknown,,,,False,False,0.0,0.0,50.0,0.0,0.0,0.0,0.0,0.0,50.0,0.0,0.0,-1,0.0,G1_REGIME,regime='unknown' skipped=None reg_empty=True,-1,0.0,0.0,
XRP/USDT,1145,2026-04-26 14:00:00,long,0.60225,85.74,60.0,1.4272,0.004414,unknown,,,,False,False,0.0,0.0,50.0,0.0,0.0,0.0,0.0,0.0,50.0,0.0,0.0,-1,0.0,G1_REGIME,regime='unknown' skipped=None reg_empty=True,-1,0.0,0.0,
XRP/USDT,1146,2026-04-26 15:00:00,long,0.59485,82.96,60.0,1.4292,0.004407,unknown,,,,False,False,0.0,0.0,50.0,0.0,0.0,0.0,0.0,0.0,50.0,0.0,0.0,-1,0.0,G1_REGIME,regime='unknown' skipped=None reg_empty=True,-1,0.0,0.0,
XRP/USDT,1147,2026-04-26 16:00:00,long,0.6028,82.0,60.0,1.4252,0.004464,unknown,,,,False,False,0.0,0.0,50.0,0.0,0.0,0.0,0.0,0.0,50.0,0.0,0.0,-1,0.0,G1_REGIME,regime='unknown' skipped=None reg_empty=True,-1,0.0,0.0,
XRP/USDT,1148,2026-04-26 17:00:00,long,0.59555,75.77,60.0,1.4248,0.004293,unknown,,,,False,False,0.0,0.0,50.0,0.0,0.0,0.0,0.0,0.0,50.0,0.0,0.0,-1,0.0,G1_REGIME,regime='unknown' skipped=None reg_empty=True,-1,0.0,0.0,
XRP/USDT,1149,2026-04-26 18:00:00,long,0.60315,82.63,60.0,1.429,0.004421,unknown,,,,False,False,0.0,0.0,50.0,0.0,0.0,0.0,0.0,0.0,50.0,0.0,0.0,-1,0.0,G1_REGIME,regime='unknown' skipped=None reg_empty=True,-1,0.0,0.0,
XRP/USDT,1150,2026-04-26 19:00:00,long,0.62755,100.0,60.0,1.4304,0.004471,unknown,,,,False,False,0.0,0.0,50.0,0.0,0.0,0.0,0.0,0.0,50.0,0.0,0.0,-1,0.0,G1_REGIME,regime='unknown' skipped=None reg_empty=True,-1,0.0,0.0,
XRP/USDT,1151,2026-04-26 20:00:00,long,0.63139,78.86,60.0,1.4276,0.00465,unknown,,,,False,False,0.0,0.0,50.0,0.0,0.0,0.0,0.0,0.0,50.0,0.0,0.0,-1,0.0,G1_REGIME,regime='unknown' skipped=None reg_empty=True,-1,0.0,0.0,
XRP/USDT,1152,2026-04-26 21:00:00,long,0.63527,100.0,60.0,1.4285,0.005157,unknown,,,,False,False,0.0,0.0,50.0,0.0,0.0,0.0,0.0,0.0,50.0,0.0,0.0,-1,0.0,G1_REGIME,regime='unknown' skipped=None reg_empty=True,-1,0.0,0.0,
XRP/USDT,1153,2026-04-26 22:00:00,long,0.63903,99.85,60.0,1.4271,0.005736,unknown,,,,False,False,0.0,0.0,50.0,0.0,0.0,0.0,0.0,0.0,50.0,0.0,0.0,-1,0.0,G1_REGIME,regime='unknown' skipped=None reg_empty=True,-1,0.0,0.0,
XRP/USDT,1154,2026-04-26 23:00:00,long,0.64439,84.76,60.0,1.4307,0.006229,unknown,,,,False,False,0.0,0.0,50.0,0.0,0.0,0.0,0.0,0.0,50.0,0.0,0.0,-1,0.0,G1_REGIME,regime='unknown' skipped=None reg_empty=True,-1,0.0,0.0,
XRP/USDT,1155,2026-04-27 00:00:00,long,0.68912,100.0,60.0,1.4393,0.007193,unknown,,,,False,False,0.0,0.0,50.0,0.0,0.0,0.0,0.0,0.0,50.0,0.0,0.0,-1,0.0,G1_REGIME,regime='unknown' skipped=None reg_empty=True,-1,0.0,0.0,
XRP/USDT,1156,2026-04-27 01:00:00,long,0.71343,100.0,60.0,1.4446,0.007693,unknown,,,,False,False,0.0,0.0,50.0,0.0,0.0,0.0,0.0,0.0,50.0,0.0,0.0,-1,0.0,G1_REGIME,regime='unknown' skipped=None reg_empty=True,-1,0.0,0.0,
XRP/USDT,1157,2026-04-27 02:00:00,long,0.7093,72.97,60.0,1.4436,0.007557,unknown,,,,False,False,0.0,0.0,50.0,0.0,0.0,0.0,0.0,0.0,50.0,0.0,0.0,-1,0.0,G1_REGIME,regime='unknown' skipped=None reg_empty=True,-1,0.0,0.0,
XRP/USDT,1158,2026-04-27 03:00:00,long,0.71702,73.1,60.0,1.4425,0.007729,unknown,,,,False,False,0.0,0.0,50.0,0.0,0.0,0.0,0.0,0.0,50.0,0.0,0.0,-1,0.0,G1_REGIME,regime='unknown' skipped=None reg_empty=True,-1,0.0,0.0,
XRP/USDT,1159,2026-04-27 04:00:00,long,0.70739,95.94,60.0,1.4401,0.007564,unknown,,,,False,False,0.0,0.0,50.0,0.0,0.0,0.0,0.0,0.0,50.0,0.0,0.0,-1,0.0,G1_REGIME,regime='unknown' skipped=None reg_empty=True,-1,0.0,0.0,
XRP/USDT,1160,2026-04-27 05:00:00,long,0.73778,100.0,60.0,1.4196,0.009043,unknown,,,,False,False,0.0,0.0,50.0,0.0,0.0,0.0,0.0,0.0,50.0,0.0,0.0,-1,0.0,G1_REGIME,regime='unknown' skipped=None reg_empty=True,-1,0.0,0.0,
XRP/USDT,1161,2026-04-27 06:00:00,long,0.73083,94.45,60.0,1.4181,0.0093,unknown,,,,False,False,0.0,0.0,50.0,0.0,0.0,0.0,0.0,0.0,50.0,0.0,0.0,-1,0.0,G1_REGIME,regime='unknown' skipped=None reg_empty=True,-1,0.0,0.0,
XRP/USDT,1162,2026-04-27 07:00:00,long,0.70827,86.55,60.0,1.4145,0.009386,unknown,,,,False,False,0.0,0.0,50.0,0.0,0.0,0.0,0.0,0.0,50.0,0.0,0.0,-1,0.0,G1_REGIME,regime='unknown' skipped=None reg_empty=True,-1,0.0,0.0,
XRP/USDT,1163,2026-04-27 08:00:00,long,0.74076,86.86,60.0,1.4183,0.009264,unknown,,,,False,False,0.0,0.0,50.0,0.0,0.0,0.0,0.0,0.0,50.0,0.0,0.0,-1,0.0,G1_REGIME,regime='unknown' skipped=None reg_empty=True,-1,0.0,0.0,
XRP/USDT,1164,2026-04-27 09:00:00,long,0.74327,87.03,60.0,1.4168,0.008921,unknown,,,,False,False,0.0,0.0,50.0,0.0,0.0,0.0,0.0,0.0,50.0,0.0,0.0,-1,0.0,G1_REGIME,regime='unknown' skipped=None reg_empty=True,-1,0.0,0.0,
XRP/USDT,1165,2026-04-27 10:00:00,long,0.74283,85.58,60.0,1.4152,0.008721,unknown,,,,False,False,0.0,0.0,50.0,0.0,0.0,0.0,0.0,0.0,50.0,0.0,0.0,-1,0.0,G1_REGIME,regime='unknown' skipped=None reg_empty=True,-1,0.0,0.0,
XRP/USDT,1166,2026-04-27 11:00:00,long,0.76321,88.28,60.0,1.4137,0.008193,unknown,,,,False,False,0.0,0.0,50.0,0.0,0.0,0.0,0.0,0.0,50.0,0.0,0.0,-1,0.0,G1_REGIME,regime='unknown' skipped=None reg_empty=True,-1,0.0,0.0,
XRP/USDT,1167,2026-04-27 12:00:00,long,0.75469,88.74,60.0,1.4108,0.007693,unknown,,,,False,False,0.0,0.0,50.0,0.0,0.0,0.0,0.0,0.0,50.0,0.0,0.0,-1,0.0,G1_REGIME,regime='unknown' skipped=None reg_empty=True,-1,0.0,0.0,
XRP/USDT,1168,2026-04-27 13:00:00,long,0.75797,100.0,60.0,1.4018,0.008029,unknown,,,,False,False,0.0,0.0,50.0,0.0,0.0,0.0,0.0,0.0,50.0,0.0,0.0,-1,0.0,G1_REGIME,regime='unknown' skipped=None reg_empty=True,-1,0.0,0.0,
XRP/USDT,1169,2026-04-27 14:00:00,long,0.71918,100.0,60.0,1.404,0.007779,unknown,,,,False,False,0.0,0.0,50.0,0.0,0.0,0.0,0.0,0.0,50.0,0.0,0.0,-1,0.0,G1_REGIME,regime='unknown' skipped=None reg_empty=True,-1,0.0,0.0,
XRP/USDT,1170,2026-04-27 15:00:00,long,0.68109,100.0,60.0,1.3882,0.008457,unknown,,,,False,False,0.0,0.0,50.0,0.0,0.0,0.0,0.0,0.0,50.0,0.0,0.0,-1,0.0,G1_REGIME,regime='unknown' skipped=None reg_empty=True,-1,0.0,0.0,
XRP/USDT,1171,2026-04-27 16:00:00,long,0.67654,85.93,60.0,1.3888,0.008514,unknown,,,,False,False,0.0,0.0,50.0,0.0,0.0,0.0,0.0,0.0,50.0,0.0,0.0,-1,0.0,G1_REGIME,regime='unknown' skipped=None reg_empty=True,-1,0.0,0.0,
XRP/USDT,1172,2026-04-27 17:00:00,long,0.67563,86.01,60.0,1.3933,0.008621,unknown,,,,False,False,0.0,0.0,50.0,0.0,0.0,0.0,0.0,0.0,50.0,0.0,0.0,-1,0.0,G1_REGIME,regime='unknown' skipped=None reg_empty=True,-1,0.0,0.0,
XRP/USDT,1173,2026-04-27 18:00:00,long,0.67696,83.72,60.0,1.3954,0.00865,unknown,,,,False,False,0.0,0.0,50.0,0.0,0.0,0.0,0.0,0.0,50.0,0.0,0.0,-1,0.0,G1_REGIME,regime='unknown' skipped=None reg_empty=True,-1,0.0,0.0,
XRP/USDT,1174,2026-04-27 19:00:00,long,0.68273,82.99,60.0,1.393,0.007614,unknown,,,,False,False,0.0,0.0,50.0,0.0,0.0,0.0,0.0,0.0,50.0,0.0,0.0,-1,0.0,G1_REGIME,regime='unknown' skipped=None reg_empty=True,-1,0.0,0.0,
XRP/USDT,1175,2026-04-27 20:00:00,long,0.68015,81.86,60.0,1.3927,0.00735,unknown,,,,False,False,0.0,0.0,50.0,0.0,0.0,0.0,0.0,0.0,50.0,0.0,0.0,-1,0.0,G1_REGIME,regime='unknown' skipped=None reg_empty=True,-1,0.0,0.0,
XRP/USDT,1176,2026-04-27 21:00:00,long,0.68029,82.97,60.0,1.3898,0.007279,unknown,,,,False,False,0.0,0.0,50.0,0.0,0.0,0.0,0.0,0.0,50.0,0.0,0.0,-1,0.0,G1_REGIME,regime='unknown' skipped=None reg_empty=True,-1,0.0,0.0,
XRP/USDT,1177,2026-04-27 22:00:00,long,0.70774,86.61,60.0,1.3969,0.007471,unknown,,,,False,False,0.0,0.0,50.0,0.0,0.0,0.0,0.0,0.0,50.0,0.0,0.0,-1,0.0,G1_REGIME,regime='unknown' skipped=None reg_empty=True,-1,0.0,0.0,
XRP/USDT,1178,2026-04-27 23:00:00,long,0.68809,87.1,60.0,1.4007,0.007586,unknown,,,,False,False,0.0,0.0,50.0,0.0,0.0,0.0,0.0,0.0,50.0,0.0,0.0,-1,0.0,G1_REGIME,regime='unknown' skipped=None reg_empty=True,-1,0.0,0.0,
XRP/USDT,1179,2026-04-28 00:00:00,long,0.6899,86.15,60.0,1.3979,0.007807,unknown,,,,False,False,0.0,0.0,50.0,0.0,0.0,0.0,0.0,0.0,50.0,0.0,0.0,-1,0.0,G1_REGIME,regime='unknown' skipped=None reg_empty=True,-1,0.0,0.0,
XRP/USDT,1180,2026-04-28 01:00:00,long,0.68167,85.37,60.0,1.3975,0.007829,unknown,,,,False,False,0.0,0.0,50.0,0.0,0.0,0.0,0.0,0.0,50.0,0.0,0.0,-1,0.0,G1_REGIME,regime='unknown' skipped=None reg_empty=True,-1,0.0,0.0,
XRP/USDT,1181,2026-04-28 02:00:00,long,0.68895,87.52,60.0,1.3934,0.00805,unknown,,,,False,False,0.0,0.0,50.0,0.0,0.0,0.0,0.0,0.0,50.0,0.0,0.0,-1,0.0,G1_REGIME,regime='unknown' skipped=None reg_empty=True,-1,0.0,0.0,
XRP/USDT,1182,2026-04-28 03:00:00,long,0.69704,85.98,60.0,1.393,0.0074,unknown,,,,False,False,0.0,0.0,50.0,0.0,0.0,0.0,0.0,0.0,50.0,0.0,0.0,-1,0.0,G1_REGIME,regime='unknown' skipped=None reg_empty=True,-1,0.0,0.0,
XRP/USDT,1183,2026-04-28 04:00:00,long,0.69474,86.24,60.0,1.3927,0.006836,unknown,,,,False,False,0.0,0.0,50.0,0.0,0.0,0.0,0.0,0.0,50.0,0.0,0.0,-1,0.0,G1_REGIME,regime='unknown' skipped=None reg_empty=True,-1,0.0,0.0,
XRP/USDT,1184,2026-04-28 05:00:00,long,0.68138,87.28,60.0,1.3935,0.005729,unknown,,,,False,False,0.0,0.0,50.0,0.0,0.0,0.0,0.0,0.0,50.0,0.0,0.0,-1,0.0,G1_REGIME,regime='unknown' skipped=None reg_empty=True,-1,0.0,0.0,
XRP/USDT,1185,2026-04-28 06:00:00,long,0.66841,85.13,60.0,1.3891,0.006029,unknown,,,,False,False,0.0,0.0,50.0,0.0,0.0,0.0,0.0,0.0,50.0,0.0,0.0,-1,0.0,G1_REGIME,regime='unknown' skipped=None reg_empty=True,-1,0.0,0.0,
XRP/USDT,1186,2026-04-28 07:00:00,long,0.67074,86.07,60.0,1.3929,0.006157,unknown,,,,False,False,0.0,0.0,50.0,0.0,0.0,0.0,0.0,0.0,50.0,0.0,0.0,-1,0.0,G1_REGIME,regime='unknown' skipped=None reg_empty=True,-1,0.0,0.0,
XRP/USDT,1187,2026-04-28 08:00:00,long,0.66771,82.92,60.0,1.3923,0.006193,unknown,,,,False,False,0.0,0.0,50.0,0.0,0.0,0.0,0.0,0.0,50.0,0.0,0.0,-1,0.0,G1_REGIME,regime='unknown' skipped=None reg_empty=True,-1,0.0,0.0,
XRP/USDT,1188,2026-04-28 09:00:00,long,0.6651,83.07,60.0,1.3873,0.006,unknown,,,,False,False,0.0,0.0,50.0,0.0,0.0,0.0,0.0,0.0,50.0,0.0,0.0,-1,0.0,G1_REGIME,regime='unknown' skipped=None reg_empty=True,-1,0.0,0.0,
XRP/USDT,1189,2026-04-28 10:00:00,long,0.66381,83.43,60.0,1.3881,0.005929,unknown,,,,False,False,0.0,0.0,50.0,0.0,0.0,0.0,0.0,0.0,50.0,0.0,0.0,-1,0.0,G1_REGIME,regime='unknown' skipped=None reg_empty=True,-1,0.0,0.0,
XRP/USDT,1190,2026-04-28 11:00:00,long,0.67334,100.0,60.0,1.3815,0.006321,unknown,,,,False,False,0.0,0.0,50.0,0.0,0.0,0.0,0.0,0.0,50.0,0.0,0.0,-1,0.0,G1_REGIME,regime='unknown' skipped=None reg_empty=True,-1,0.0,0.0,
XRP/USDT,1191,2026-04-28 12:00:00,long,0.66853,91.29,60.0,1.3831,0.006179,unknown,,,,False,False,0.0,0.0,50.0,0.0,0.0,0.0,0.0,0.0,50.0,0.0,0.0,-1,0.0,G1_REGIME,regime='unknown' skipped=None reg_empty=True,-1,0.0,0.0,
XRP/USDT,1192,2026-04-28 13:00:00,long,0.68546,100.0,60.0,1.3781,0.006471,unknown,,,,False,False,0.0,0.0,50.0,0.0,0.0,0.0,0.0,0.0,50.0,0.0,0.0,-1,0.0,G1_REGIME,regime='unknown' skipped=None reg_empty=True,-1,0.0,0.0,
XRP/USDT,1193,2026-04-28 14:00:00,long,0.69109,100.0,60.0,1.3699,0.006807,unknown,,,,False,False,0.0,0.0,50.0,0.0,0.0,0.0,0.0,0.0,50.0,0.0,0.0,-1,0.0,G1_REGIME,regime='unknown' skipped=None reg_empty=True,-1,0.0,0.0,
XRP/USDT,1194,2026-04-28 15:00:00,long,0.69207,89.13,60.0,1.3753,0.007086,unknown,,,,False,False,0.0,0.0,50.0,0.0,0.0,0.0,0.0,0.0,50.0,0.0,0.0,-1,0.0,G1_REGIME,regime='unknown' skipped=None reg_empty=True,-1,0.0,0.0,
XRP/USDT,1195,2026-04-28 16:00:00,long,0.69204,86.29,60.0,1.3767,0.006993,unknown,,,,False,False,0.0,0.0,50.0,0.0,0.0,0.0,0.0,0.0,50.0,0.0,0.0,-1,0.0,G1_REGIME,regime='unknown' skipped=None reg_empty=True,-1,0.0,0.0,
XRP/USDT,1196,2026-04-28 17:00:00,long,0.6911,89.05,60.0,1.3788,0.007093,unknown,,,,False,False,0.0,0.0,50.0,0.0,0.0,0.0,0.0,0.0,50.0,0.0,0.0,-1,0.0,G1_REGIME,regime='unknown' skipped=None reg_empty=True,-1,0.0,0.0,
XRP/USDT,1197,2026-04-28 18:00:00,long,0.68147,76.2,60.0,1.3825,0.0071,unknown,,,,False,False,0.0,0.0,50.0,0.0,0.0,0.0,0.0,0.0,50.0,0.0,0.0,-1,0.0,G1_REGIME,regime='unknown' skipped=None reg_empty=True,-1,0.0,0.0,
XRP/USDT,1198,2026-04-28 19:00:00,long,0.68427,82.86,60.0,1.3826,0.00735,unknown,,,,False,False,0.0,0.0,50.0,0.0,0.0,0.0,0.0,0.0,50.0,0.0,0.0,-1,0.0,G1_REGIME,regime='unknown' skipped=None reg_empty=True,-1,0.0,0.0,
XRP/USDT,1199,2026-04-28 20:00:00,long,0.67884,75.5,60.0,1.383,0.006829,unknown,,,,False,False,0.0,0.0,50.0,0.0,0.0,0.0,0.0,0.0,50.0,0.0,0.0,-1,0.0,G1_REGIME,regime='unknown' skipped=None reg_empty=True,-1,0.0,0.0,
XRP/USDT,1200,2026-04-28 21:00:00,long,0.67676,83.35,60.0,1.3804,0.006614,unknown,,,,False,False,0.0,0.0,50.0,0.0,0.0,0.0,0.0,0.0,50.0,0.0,0.0,-1,0.0,G1_REGIME,regime='unknown' skipped=None reg_empty=True,-1,0.0,0.0,
XRP/USDT,1201,2026-04-28 22:00:00,long,0.67915,87.33,60.0,1.3798,0.00665,unknown,,,,False,False,0.0,0.0,50.0,0.0,0.0,0.0,0.0,0.0,50.0,0.0,0.0,-1,0.0,G1_REGIME,regime='unknown' skipped=None reg_empty=True,-1,0.0,0.0,
XRP/USDT,1202,2026-04-28 23:00:00,long,0.67239,84.07,60.0,1.3805,0.006414,unknown,,,,False,False,0.0,0.0,50.0,0.0,0.0,0.0,0.0,0.0,50.0,0.0,0.0,-1,0.0,G1_REGIME,regime='unknown' skipped=None reg_empty=True,-1,0.0,0.0,
XRP/USDT,1203,2026-04-29 00:00:00,long,0.68797,80.44,60.0,1.3832,0.006636,unknown,,,,False,False,0.0,0.0,50.0,0.0,0.0,0.0,0.0,0.0,50.0,0.0,0.0,-1,0.0,G1_REGIME,regime='unknown' skipped=None reg_empty=True,-1,0.0,0.0,
XRP/USDT,1204,2026-04-29 01:00:00,long,0.69303,79.85,60.0,1.3818,0.006457,unknown,,,,False,False,0.0,0.0,50.0,0.0,0.0,0.0,0.0,0.0,50.0,0.0,0.0,-1,0.0,G1_REGIME,regime='unknown' skipped=None reg_empty=True,-1,0.0,0.0,
XRP/USDT,1205,2026-04-29 02:00:00,long,0.68844,76.03,60.0,1.3798,0.00635,unknown,,,,False,False,0.0,0.0,50.0,0.0,0.0,0.0,0.0,0.0,50.0,0.0,0.0,-1,0.0,G1_REGIME,regime='unknown' skipped=None reg_empty=True,-1,0.0,0.0,
XRP/USDT,1206,2026-04-29 03:00:00,long,0.69384,74.65,60.0,1.3892,0.006421,unknown,,,,False,False,0.0,0.0,50.0,0.0,0.0,0.0,0.0,0.0,50.0,0.0,0.0,-1,0.0,G1_REGIME,regime='unknown' skipped=None reg_empty=True,-1,0.0,0.0,
XRP/USDT,1207,2026-04-29 04:00:00,long,0.7009,86.96,60.0,1.3951,0.006371,unknown,,,,False,False,0.0,0.0,50.0,0.0,0.0,0.0,0.0,0.0,50.0,0.0,0.0,-1,0.0,G1_REGIME,regime='unknown' skipped=None reg_empty=True,-1,0.0,0.0,
XRP/USDT,1208,2026-04-29 05:00:00,long,0.72434,64.97,60.0,1.396,0.006121,unknown,,,,False,False,0.0,0.0,50.0,0.0,0.0,0.0,0.0,0.0,50.0,0.0,0.0,-1,0.0,G1_REGIME,regime='unknown' skipped=None reg_empty=True,-1,0.0,0.0,
XRP/USDT,1209,2026-04-29 06:00:00,long,0.69504,62.83,60.0,1.3922,0.006071,unknown,,,,False,False,0.0,0.0,50.0,0.0,0.0,0.0,0.0,0.0,50.0,0.0,0.0,-1,0.0,G1_REGIME,regime='unknown' skipped=None reg_empty=True,-1,0.0,0.0,
XRP/USDT,1210,2026-04-29 07:00:00,long,0.68162,72.19,60.0,1.3919,0.00595,unknown,,,,False,False,0.0,0.0,50.0,0.0,0.0,0.0,0.0,0.0,50.0,0.0,0.0,-1,0.0,G1_REGIME,regime='unknown' skipped=None reg_empty=True,-1,0.0,0.0,
XRP/USDT,1211,2026-04-29 08:00:00,long,0.68711,73.82,60.0,1.3915,0.005993,unknown,,,,False,False,0.0,0.0,50.0,0.0,0.0,0.0,0.0,0.0,50.0,0.0,0.0,-1,0.0,G1_REGIME,regime='unknown' skipped=None reg_empty=True,-1,0.0,0.0,
XRP/USDT,1212,2026-04-29 09:00:00,long,0.68496,87.99,60.0,1.4037,0.006529,unknown,,,,False,False,0.0,0.0,50.0,0.0,0.0,0.0,0.0,0.0,50.0,0.0,0.0,-1,0.0,G1_REGIME,regime='unknown' skipped=None reg_empty=True,-1,0.0,0.0,
XRP/USDT,1213,2026-04-29 10:00:00,long,0.69,80.3,60.0,1.3978,0.006907,unknown,,,,False,False,0.0,0.0,50.0,0.0,0.0,0.0,0.0,0.0,50.0,0.0,0.0,-1,0.0,G1_REGIME,regime='unknown' skipped=None reg_empty=True,-1,0.0,0.0,
XRP/USDT,1214,2026-04-29 11:00:00,long,0.6787,76.74,60.0,1.3946,0.006907,unknown,,,,False,False,0.0,0.0,50.0,0.0,0.0,0.0,0.0,0.0,50.0,0.0,0.0,-1,0.0,G1_REGIME,regime='unknown' skipped=None reg_empty=True,-1,0.0,0.0,
XRP/USDT,1215,2026-04-29 12:00:00,long,0.63787,100.0,60.0,1.3833,0.007621,unknown,,,,False,False,0.0,0.0,50.0,0.0,0.0,0.0,0.0,0.0,50.0,0.0,0.0,-1,0.0,G1_REGIME,regime='unknown' skipped=None reg_empty=True,-1,0.0,0.0,
XRP/USDT,1216,2026-04-29 13:00:00,long,0.67822,100.0,60.0,1.3758,0.008357,unknown,,,,False,False,0.0,0.0,50.0,0.0,0.0,0.0,0.0,0.0,50.0,0.0,0.0,-1,0.0,G1_REGIME,regime='unknown' skipped=None reg_empty=True,-1,0.0,0.0,
XRP/USDT,1217,2026-04-29 14:00:00,long,0.67326,87.5,60.0,1.3723,0.0085,unknown,,,,False,False,0.0,0.0,50.0,0.0,0.0,0.0,0.0,0.0,50.0,0.0,0.0,-1,0.0,G1_REGIME,regime='unknown' skipped=None reg_empty=True,-1,0.0,0.0,
XRP/USDT,1218,2026-04-29 15:00:00,long,0.68984,100.0,60.0,1.3618,0.009021,unknown,,,,False,False,0.0,0.0,50.0,0.0,0.0,0.0,0.0,0.0,50.0,0.0,0.0,-1,0.0,G1_REGIME,regime='unknown' skipped=None reg_empty=True,-1,0.0,0.0,
XRP/USDT,1219,2026-04-29 16:00:00,long,0.69036,92.14,60.0,1.3638,0.009293,unknown,,,,False,False,0.0,0.0,50.0,0.0,0.0,0.0,0.0,0.0,50.0,0.0,0.0,-1,0.0,G1_REGIME,regime='unknown' skipped=None reg_empty=True,-1,0.0,0.0,
XRP/USDT,1220,2026-04-29 17:00:00,long,0.68458,85.51,60.0,1.3682,0.008929,unknown,,,,False,False,0.0,0.0,50.0,0.0,0.0,0.0,0.0,0.0,50.0,0.0,0.0,-1,0.0,G1_REGIME,regime='unknown' skipped=None reg_empty=True,-1,0.0,0.0,
XRP/USDT,1221,2026-04-29 18:00:00,long,0.69739,100.0,60.0,1.3575,0.009979,unknown,,,,False,False,0.0,0.0,50.0,0.0,0.0,0.0,0.0,0.0,50.0,0.0,0.0,-1,0.0,G1_REGIME,regime='unknown' skipped=None reg_empty=True,-1,0.0,0.0,
XRP/USDT,1222,2026-04-29 19:00:00,long,0.67337,84.04,60.0,1.3534,0.010207,unknown,,,,False,False,0.0,0.0,50.0,0.0,0.0,0.0,0.0,0.0,50.0,0.0,0.0,-1,0.0,G1_REGIME,regime='unknown' skipped=None reg_empty=True,-1,0.0,0.0,
XRP/USDT,1223,2026-04-29 20:00:00,long,0.7026,91.5,60.0,1.3627,0.010636,unknown,,,,False,False,0.0,0.0,50.0,0.0,0.0,0.0,0.0,0.0,50.0,0.0,0.0,-1,0.0,G1_REGIME,regime='unknown' skipped=None reg_empty=True,-1,0.0,0.0,
XRP/USDT,1224,2026-04-29 21:00:00,long,0.69219,77.07,60.0,1.369,0.011043,unknown,,,,False,False,0.0,0.0,50.0,0.0,0.0,0.0,0.0,0.0,50.0,0.0,0.0,-1,0.0,G1_REGIME,regime='unknown' skipped=None reg_empty=True,-1,0.0,0.0,
XRP/USDT,1225,2026-04-29 22:00:00,long,0.68713,75.07,60.0,1.3699,0.010964,unknown,,,,False,False,0.0,0.0,50.0,0.0,0.0,0.0,0.0,0.0,50.0,0.0,0.0,-1,0.0,G1_REGIME,regime='unknown' skipped=None reg_empty=True,-1,0.0,0.0,
XRP/USDT,1226,2026-04-29 23:00:00,long,0.68417,73.9,60.0,1.3691,0.010279,unknown,,,,False,False,0.0,0.0,50.0,0.0,0.0,0.0,0.0,0.0,50.0,0.0,0.0,-1,0.0,G1_REGIME,regime='unknown' skipped=None reg_empty=True,-1,0.0,0.0,
XRP/USDT,1227,2026-04-30 00:00:00,long,0.69986,81.96,60.0,1.3829,0.010764,unknown,,,,False,False,0.0,0.0,50.0,0.0,0.0,0.0,0.0,0.0,50.0,0.0,0.0,-1,0.0,G1_REGIME,regime='unknown' skipped=None reg_empty=True,-1,0.0,0.0,
XRP/USDT,1228,2026-04-30 01:00:00,long,0.6977,79.82,60.0,1.3795,0.010893,unknown,,,,False,False,0.0,0.0,50.0,0.0,0.0,0.0,0.0,0.0,50.0,0.0,0.0,-1,0.0,G1_REGIME,regime='unknown' skipped=None reg_empty=True,-1,0.0,0.0,
XRP/USDT,1229,2026-04-30 02:00:00,long,0.67577,82.17,60.0,1.3731,0.010771,unknown,,,,False,False,0.0,0.0,50.0,0.0,0.0,0.0,0.0,0.0,50.0,0.0,0.0,-1,0.0,G1_REGIME,regime='unknown' skipped=None reg_empty=True,-1,0.0,0.0,
XRP/USDT,1230,2026-04-30 03:00:00,long,0.67927,77.0,60.0,1.3733,0.010129,unknown,,,,False,False,0.0,0.0,50.0,0.0,0.0,0.0,0.0,0.0,50.0,0.0,0.0,-1,0.0,G1_REGIME,regime='unknown' skipped=None reg_empty=True,-1,0.0,0.0,
XRP/USDT,1231,2026-04-30 04:00:00,long,0.68271,88.1,60.0,1.3629,0.010429,unknown,,,,False,False,0.0,0.0,50.0,0.0,0.0,0.0,0.0,0.0,50.0,0.0,0.0,-1,0.0,G1_REGIME,regime='unknown' skipped=None reg_empty=True,-1,0.0,0.0,
XRP/USDT,1232,2026-04-30 05:00:00,long,0.67221,87.29,60.0,1.3647,0.010014,unknown,,,,False,False,0.0,0.0,50.0,0.0,0.0,0.0,0.0,0.0,50.0,0.0,0.0,-1,0.0,G1_REGIME,regime='unknown' skipped=None reg_empty=True,-1,0.0,0.0,
XRP/USDT,1233,2026-04-30 06:00:00,long,0.6795,81.04,60.0,1.3689,0.010221,unknown,,,,False,False,0.0,0.0,50.0,0.0,0.0,0.0,0.0,0.0,50.0,0.0,0.0,-1,0.0,G1_REGIME,regime='unknown' skipped=None reg_empty=True,-1,0.0,0.0,
XRP/USDT,1234,2026-04-30 07:00:00,long,0.69125,79.91,60.0,1.3749,0.010393,unknown,,,,False,False,0.0,0.0,50.0,0.0,0.0,0.0,0.0,0.0,50.0,0.0,0.0,-1,0.0,G1_REGIME,regime='unknown' skipped=None reg_empty=True,-1,0.0,0.0,
XRP/USDT,1235,2026-04-30 08:00:00,long,0.67963,80.62,60.0,1.3727,0.00895,unknown,,,,False,False,0.0,0.0,50.0,0.0,0.0,0.0,0.0,0.0,50.0,0.0,0.0,-1,0.0,G1_REGIME,regime='unknown' skipped=None reg_empty=True,-1,0.0,0.0,
XRP/USDT,1236,2026-04-30 09:00:00,long,0.70027,82.85,60.0,1.3735,0.009043,unknown,,,,False,False,0.0,0.0,50.0,0.0,0.0,0.0,0.0,0.0,50.0,0.0,0.0,-1,0.0,G1_REGIME,regime='unknown' skipped=None reg_empty=True,-1,0.0,0.0,
XRP/USDT,1237,2026-04-30 10:00:00,long,0.70127,81.11,60.0,1.3704,0.008579,unknown,,,,False,False,0.0,0.0,50.0,0.0,0.0,0.0,0.0,0.0,50.0,0.0,0.0,-1,0.0,G1_REGIME,regime='unknown' skipped=None reg_empty=True,-1,0.0,0.0,
XRP/USDT,1238,2026-04-30 11:00:00,long,0.73131,63.99,60.0,1.3697,0.008479,unknown,,,,False,False,0.0,0.0,50.0,0.0,0.0,0.0,0.0,0.0,50.0,0.0,0.0,-1,0.0,G1_REGIME,regime='unknown' skipped=None reg_empty=True,-1,0.0,0.0,
XRP/USDT,1239,2026-04-30 12:00:00,long,0.71431,61.66,60.0,1.3698,0.008721,unknown,,,,False,False,0.0,0.0,50.0,0.0,0.0,0.0,0.0,0.0,50.0,0.0,0.0,-1,0.0,G1_REGIME,regime='unknown' skipped=None reg_empty=True,-1,0.0,0.0,
XRP/USDT,1240,2026-04-30 13:00:00,long,0.69894,53.62,60.0,1.3699,0.008936,unknown,,,,False,False,0.0,0.0,50.0,0.0,0.0,0.0,0.0,0.0,50.0,0.0,0.0,-1,0.0,G1_REGIME,regime='unknown' skipped=None reg_empty=True,-1,0.0,0.0,
XRP/USDT,1241,2026-04-30 14:00:00,long,0.7009,48.64,60.0,1.3682,0.008543,unknown,,,,False,False,0.0,0.0,50.0,0.0,0.0,0.0,0.0,0.0,50.0,0.0,0.0,-1,0.0,G1_REGIME,regime='unknown' skipped=None reg_empty=True,-1,0.0,0.0,
XRP/USDT,1242,2026-04-30 15:00:00,long,0.70522,53.75,60.0,1.3695,0.008757,unknown,,,,False,False,0.0,0.0,50.0,0.0,0.0,0.0,0.0,0.0,50.0,0.0,0.0,-1,0.0,G1_REGIME,regime='unknown' skipped=None reg_empty=True,-1,0.0,0.0,
XRP/USDT,1243,2026-04-30 16:00:00,long,0.70683,59.75,60.0,1.3661,0.0081,unknown,,,,False,False,0.0,0.0,50.0,0.0,0.0,0.0,0.0,0.0,50.0,0.0,0.0,-1,0.0,G1_REGIME,regime='unknown' skipped=None reg_empty=True,-1,0.0,0.0,
XRP/USDT,1244,2026-04-30 17:00:00,long,0.70434,50.62,60.0,1.3681,0.008257,unknown,,,,False,False,0.0,0.0,50.0,0.0,0.0,0.0,0.0,0.0,50.0,0.0,0.0,-1,0.0,G1_REGIME,regime='unknown' skipped=None reg_empty=True,-1,0.0,0.0,
XRP/USDT,1245,2026-04-30 18:00:00,long,0.70281,49.6,60.0,1.37,0.007736,unknown,,,,False,False,0.0,0.0,50.0,0.0,0.0,0.0,0.0,0.0,50.0,0.0,0.0,-1,0.0,G1_REGIME,regime='unknown' skipped=None reg_empty=True,-1,0.0,0.0,
XRP/USDT,1246,2026-04-30 19:00:00,long,0.6974,61.17,60.0,1.3707,0.007507,unknown,,,,False,False,0.0,0.0,50.0,0.0,0.0,0.0,0.0,0.0,50.0,0.0,0.0,-1,0.0,G1_REGIME,regime='unknown' skipped=None reg_empty=True,-1,0.0,0.0,
XRP/USDT,1247,2026-04-30 20:00:00,long,0.69096,52.32,60.0,1.3699,0.006964,unknown,,,,False,False,0.0,0.0,50.0,0.0,0.0,0.0,0.0,0.0,50.0,0.0,0.0,-1,0.0,G1_REGIME,regime='unknown' skipped=None reg_empty=True,-1,0.0,0.0,
XRP/USDT,1248,2026-04-30 21:00:00,long,0.67327,54.61,60.0,1.3659,0.006857,unknown,,,,False,False,0.0,0.0,50.0,0.0,0.0,0.0,0.0,0.0,50.0,0.0,0.0,-1,0.0,G1_REGIME,regime='unknown' skipped=None reg_empty=True,-1,0.0,0.0,
XRP/USDT,1249,2026-04-30 22:00:00,long,0.67749,49.82,60.0,1.365,0.006829,unknown,,,,False,False,0.0,0.0,50.0,0.0,0.0,0.0,0.0,0.0,50.0,0.0,0.0,-1,0.0,G1_REGIME,regime='unknown' skipped=None reg_empty=True,-1,0.0,0.0,
XRP/USDT,1250,2026-04-30 23:00:00,long,0.69131,50.25,60.0,1.3679,0.006536,unknown,,,,False,False,0.0,0.0,50.0,0.0,0.0,0.0,0.0,0.0,50.0,0.0,0.0,-1,0.0,G1_REGIME,regime='unknown' skipped=None reg_empty=True,-1,0.0,0.0,
XRP/USDT,1251,2026-05-01 00:00:00,long,0.70526,81.33,60.0,1.3693,0.006729,unknown,,,,False,False,0.0,0.0,50.0,0.0,0.0,0.0,0.0,0.0,50.0,0.0,0.0,-1,0.0,G1_REGIME,regime='unknown' skipped=None reg_empty=True,-1,0.0,0.0,
XRP/USDT,1252,2026-05-01 01:00:00,long,0.69766,84.74,60.0,1.3714,0.00665,unknown,,,,False,False,0.0,0.0,50.0,0.0,0.0,0.0,0.0,0.0,50.0,0.0,0.0,-1,0.0,G1_REGIME,regime='unknown' skipped=None reg_empty=True,-1,0.0,0.0,
XRP/USDT,1253,2026-05-01 02:00:00,long,0.71357,58.99,60.0,1.3701,0.006393,unknown,,,,False,False,0.0,0.0,50.0,0.0,0.0,0.0,0.0,0.0,50.0,0.0,0.0,-1,0.0,G1_REGIME,regime='unknown' skipped=None reg_empty=True,-1,0.0,0.0,
XRP/USDT,1254,2026-05-01 03:00:00,long,0.72653,75.61,60.0,1.3764,0.006543,unknown,,,,False,False,0.0,0.0,50.0,0.0,0.0,0.0,0.0,0.0,50.0,0.0,0.0,-1,0.0,G1_REGIME,regime='unknown' skipped=None reg_empty=True,-1,0.0,0.0,
XRP/USDT,1255,2026-05-01 04:00:00,long,0.72474,71.05,60.0,1.3759,0.006157,unknown,,,,False,False,0.0,0.0,50.0,0.0,0.0,0.0,0.0,0.0,50.0,0.0,0.0,-1,0.0,G1_REGIME,regime='unknown' skipped=None reg_empty=True,-1,0.0,0.0,
XRP/USDT,1256,2026-05-01 05:00:00,long,0.72882,66.05,60.0,1.3766,0.005679,unknown,,,,False,False,0.0,0.0,50.0,0.0,0.0,0.0,0.0,0.0,50.0,0.0,0.0,-1,0.0,G1_REGIME,regime='unknown' skipped=None reg_empty=True,-1,0.0,0.0,
XRP/USDT,1257,2026-05-01 06:00:00,long,0.71911,62.78,60.0,1.3734,0.005814,unknown,,,,False,False,0.0,0.0,50.0,0.0,0.0,0.0,0.0,0.0,50.0,0.0,0.0,-1,0.0,G1_REGIME,regime='unknown' skipped=None reg_empty=True,-1,0.0,0.0,
XRP/USDT,1258,2026-05-01 07:00:00,long,0.70982,65.14,60.0,1.3749,0.005614,unknown,,,,False,False,0.0,0.0,50.0,0.0,0.0,0.0,0.0,0.0,50.0,0.0,0.0,-1,0.0,G1_REGIME,regime='unknown' skipped=None reg_empty=True,-1,0.0,0.0,
XRP/USDT,1259,2026-05-01 08:00:00,long,0.70533,87.18,60.0,1.3784,0.005721,unknown,,,,False,False,0.0,0.0,50.0,0.0,0.0,0.0,0.0,0.0,50.0,0.0,0.0,-1,0.0,G1_REGIME,regime='unknown' skipped=None reg_empty=True,-1,0.0,0.0,
XRP/USDT,1260,2026-05-01 09:00:00,long,0.71673,82.6,60.0,1.3754,0.005679,unknown,,,,False,False,0.0,0.0,50.0,0.0,0.0,0.0,0.0,0.0,50.0,0.0,0.0,-1,0.0,G1_REGIME,regime='unknown' skipped=None reg_empty=True,-1,0.0,0.0,
XRP/USDT,1261,2026-05-01 10:00:00,long,0.72509,85.29,60.0,1.3766,0.005786,unknown,,,,False,False,0.0,0.0,50.0,0.0,0.0,0.0,0.0,0.0,50.0,0.0,0.0,-1,0.0,G1_REGIME,regime='unknown' skipped=None reg_empty=True,-1,0.0,0.0,
XRP/USDT,1262,2026-05-01 11:00:00,long,0.7076,74.91,60.0,1.3779,0.005636,unknown,,,,False,False,0.0,0.0,50.0,0.0,0.0,0.0,0.0,0.0,50.0,0.0,0.0,-1,0.0,G1_REGIME,regime='unknown' skipped=None reg_empty=True,-1,0.0,0.0,
XRP/USDT,1263,2026-05-01 12:00:00,long,0.71505,87.23,60.0,1.3834,0.0061,unknown,,,,False,False,0.0,0.0,50.0,0.0,0.0,0.0,0.0,0.0,50.0,0.0,0.0,-1,0.0,G1_REGIME,regime='unknown' skipped=None reg_empty=True,-1,0.0,0.0,
XRP/USDT,1264,2026-05-01 13:00:00,long,0.65936,88.11,60.0,1.3984,0.006986,unknown,,,,False,False,0.0,0.0,50.0,0.0,0.0,0.0,0.0,0.0,50.0,0.0,0.0,-1,0.0,G1_REGIME,regime='unknown' skipped=None reg_empty=True,-1,0.0,0.0,
XRP/USDT,1265,2026-05-01 14:00:00,long,0.65437,70.11,60.0,1.3948,0.007129,unknown,,,,False,False,0.0,0.0,50.0,0.0,0.0,0.0,0.0,0.0,50.0,0.0,0.0,-1,0.0,G1_REGIME,regime='unknown' skipped=None reg_empty=True,-1,0.0,0.0,
XRP/USDT,1266,2026-05-01 15:00:00,long,0.66115,70.02,60.0,1.396,0.007164,unknown,,,,False,False,0.0,0.0,50.0,0.0,0.0,0.0,0.0,0.0,50.0,0.0,0.0,-1,0.0,G1_REGIME,regime='unknown' skipped=None reg_empty=True,-1,0.0,0.0,
XRP/USDT,1267,2026-05-01 16:00:00,long,0.60997,65.8,60.0,1.3915,0.007443,unknown,,,,False,False,0.0,0.0,50.0,0.0,0.0,0.0,0.0,0.0,50.0,0.0,0.0,-1,0.0,G1_REGIME,regime='unknown' skipped=None reg_empty=True,-1,0.0,0.0,
XRP/USDT,1268,2026-05-01 17:00:00,long,0.62837,75.08,60.0,1.3949,0.007064,unknown,,,,False,False,0.0,0.0,50.0,0.0,0.0,0.0,0.0,0.0,50.0,0.0,0.0,-1,0.0,G1_REGIME,regime='unknown' skipped=None reg_empty=True,-1,0.0,0.0,
XRP/USDT,1269,2026-05-01 18:00:00,long,0.62605,72.29,60.0,1.3936,0.006936,unknown,,,,False,False,0.0,0.0,50.0,0.0,0.0,0.0,0.0,0.0,50.0,0.0,0.0,-1,0.0,G1_REGIME,regime='unknown' skipped=None reg_empty=True,-1,0.0,0.0,
XRP/USDT,1270,2026-05-01 19:00:00,long,0.63344,71.49,60.0,1.3937,0.006964,unknown,,,,False,False,0.0,0.0,50.0,0.0,0.0,0.0,0.0,0.0,50.0,0.0,0.0,-1,0.0,G1_REGIME,regime='unknown' skipped=None reg_empty=True,-1,0.0,0.0,
XRP/USDT,1271,2026-05-01 20:00:00,long,0.61774,82.34,60.0,1.3846,0.007343,unknown,,,,False,False,0.0,0.0,50.0,0.0,0.0,0.0,0.0,0.0,50.0,0.0,0.0,-1,0.0,G1_REGIME,regime='unknown' skipped=None reg_empty=True,-1,0.0,0.0,
XRP/USDT,1272,2026-05-01 21:00:00,long,0.60723,69.68,60.0,1.3887,0.0074,unknown,,,,False,False,0.0,0.0,50.0,0.0,0.0,0.0,0.0,0.0,50.0,0.0,0.0,-1,0.0,G1_REGIME,regime='unknown' skipped=None reg_empty=True,-1,0.0,0.0,
XRP/USDT,1273,2026-05-01 22:00:00,long,0.60824,79.9,60.0,1.3836,0.0074,unknown,,,,False,False,0.0,0.0,50.0,0.0,0.0,0.0,0.0,0.0,50.0,0.0,0.0,-1,0.0,G1_REGIME,regime='unknown' skipped=None reg_empty=True,-1,0.0,0.0,
XRP/USDT,1274,2026-05-01 23:00:00,long,0.60787,74.1,60.0,1.3858,0.007421,unknown,,,,False,False,0.0,0.0,50.0,0.0,0.0,0.0,0.0,0.0,50.0,0.0,0.0,-1,0.0,G1_REGIME,regime='unknown' skipped=None reg_empty=True,-1,0.0,0.0,
XRP/USDT,1275,2026-05-02 00:00:00,long,0.61005,71.2,60.0,1.3863,0.007457,unknown,,,,False,False,0.0,0.0,50.0,0.0,0.0,0.0,0.0,0.0,50.0,0.0,0.0,-1,0.0,G1_REGIME,regime='unknown' skipped=None reg_empty=True,-1,0.0,0.0,
XRP/USDT,1276,2026-05-02 01:00:00,long,0.60378,77.17,60.0,1.385,0.007457,unknown,,,,False,False,0.0,0.0,50.0,0.0,0.0,0.0,0.0,0.0,50.0,0.0,0.0,-1,0.0,G1_REGIME,regime='unknown' skipped=None reg_empty=True,-1,0.0,0.0,
XRP/USDT,1277,2026-05-02 02:00:00,long,0.59643,79.08,60.0,1.3859,0.007229,unknown,,,,False,False,0.0,0.0,50.0,0.0,0.0,0.0,0.0,0.0,50.0,0.0,0.0,-1,0.0,G1_REGIME,regime='unknown' skipped=None reg_empty=True,-1,0.0,0.0,
XRP/USDT,1278,2026-05-02 03:00:00,long,0.5903,74.99,60.0,1.386,0.006386,unknown,,,,False,False,0.0,0.0,50.0,0.0,0.0,0.0,0.0,0.0,50.0,0.0,0.0,-1,0.0,G1_REGIME,regime='unknown' skipped=None reg_empty=True,-1,0.0,0.0,
XRP/USDT,1279,2026-05-02 04:00:00,long,0.59621,73.87,60.0,1.3849,0.005879,unknown,,,,False,False,0.0,0.0,50.0,0.0,0.0,0.0,0.0,0.0,50.0,0.0,0.0,-1,0.0,G1_REGIME,regime='unknown' skipped=None reg_empty=True,-1,0.0,0.0,
XRP/USDT,1280,2026-05-02 05:00:00,long,0.60405,72.65,60.0,1.3838,0.005436,unknown,,,,False,False,0.0,0.0,50.0,0.0,0.0,0.0,0.0,0.0,50.0,0.0,0.0,-1,0.0,G1_REGIME,regime='unknown' skipped=None reg_empty=True,-1,0.0,0.0,
XRP/USDT,1281,2026-05-02 06:00:00,long,0.60271,73.97,60.0,1.3871,0.005186,unknown,,,,False,False,0.0,0.0,50.0,0.0,0.0,0.0,0.0,0.0,50.0,0.0,0.0,-1,0.0,G1_REGIME,regime='unknown' skipped=None reg_empty=True,-1,0.0,0.0,
XRP/USDT,1282,2026-05-02 07:00:00,long,0.59865,73.29,60.0,1.3853,0.004957,unknown,,,,False,False,0.0,0.0,50.0,0.0,0.0,0.0,0.0,0.0,50.0,0.0,0.0,-1,0.0,G1_REGIME,regime='unknown' skipped=None reg_empty=True,-1,0.0,0.0,
XRP/USDT,1283,2026-05-02 08:00:00,long,0.5817,72.71,60.0,1.3847,0.004886,unknown,,,,False,False,0.0,0.0,50.0,0.0,0.0,0.0,0.0,0.0,50.0,0.0,0.0,-1,0.0,G1_REGIME,regime='unknown' skipped=None reg_empty=True,-1,0.0,0.0,
XRP/USDT,1284,2026-05-02 09:00:00,long,0.58191,78.26,60.0,1.3865,0.004893,unknown,,,,False,False,0.0,0.0,50.0,0.0,0.0,0.0,0.0,0.0,50.0,0.0,0.0,-1,0.0,G1_REGIME,regime='unknown' skipped=None reg_empty=True,-1,0.0,0.0,
XRP/USDT,1285,2026-05-02 10:00:00,long,0.59268,76.46,60.0,1.3878,0.004171,unknown,,,,False,False,0.0,0.0,50.0,0.0,0.0,0.0,0.0,0.0,50.0,0.0,0.0,-1,0.0,G1_REGIME,regime='unknown' skipped=None reg_empty=True,-1,0.0,0.0,
XRP/USDT,1286,2026-05-02 11:00:00,long,0.59691,82.59,60.0,1.3859,0.004257,unknown,,,,False,False,0.0,0.0,50.0,0.0,0.0,0.0,0.0,0.0,50.0,0.0,0.0,-1,0.0,G1_REGIME,regime='unknown' skipped=None reg_empty=True,-1,0.0,0.0,
XRP/USDT,1287,2026-05-02 12:00:00,long,0.5959,84.08,60.0,1.387,0.004014,unknown,,,,False,False,0.0,0.0,50.0,0.0,0.0,0.0,0.0,0.0,50.0,0.0,0.0,-1,0.0,G1_REGIME,regime='unknown' skipped=None reg_empty=True,-1,0.0,0.0,
XRP/USDT,1288,2026-05-02 13:00:00,long,0.60172,86.22,60.0,1.3922,0.004057,unknown,,,,False,False,0.0,0.0,50.0,0.0,0.0,0.0,0.0,0.0,50.0,0.0,0.0,-1,0.0,G1_REGIME,regime='unknown' skipped=None reg_empty=True,-1,0.0,0.0,
XRP/USDT,1289,2026-05-02 14:00:00,long,0.59692,79.66,60.0,1.3918,0.003893,unknown,,,,False,False,0.0,0.0,50.0,0.0,0.0,0.0,0.0,0.0,50.0,0.0,0.0,-1,0.0,G1_REGIME,regime='unknown' skipped=None reg_empty=True,-1,0.0,0.0,
XRP/USDT,1290,2026-05-02 15:00:00,long,0.61322,80.89,60.0,1.3934,0.0038,unknown,,,,False,False,0.0,0.0,50.0,0.0,0.0,0.0,0.0,0.0,50.0,0.0,0.0,-1,0.0,G1_REGIME,regime='unknown' skipped=None reg_empty=True,-1,0.0,0.0,
XRP/USDT,1291,2026-05-02 16:00:00,long,0.61128,84.43,60.0,1.3929,0.003593,unknown,,,,False,False,0.0,0.0,50.0,0.0,0.0,0.0,0.0,0.0,50.0,0.0,0.0,-1,0.0,G1_REGIME,regime='unknown' skipped=None reg_empty=True,-1,0.0,0.0,
XRP/USDT,1292,2026-05-02 17:00:00,long,0.59938,79.13,60.0,1.3916,0.003493,unknown,,,,False,False,0.0,0.0,50.0,0.0,0.0,0.0,0.0,0.0,50.0,0.0,0.0,-1,0.0,G1_REGIME,regime='unknown' skipped=None reg_empty=True,-1,0.0,0.0,
XRP/USDT,1293,2026-05-02 18:00:00,long,0.60589,80.05,60.0,1.3931,0.003564,unknown,,,,False,False,0.0,0.0,50.0,0.0,0.0,0.0,0.0,0.0,50.0,0.0,0.0,-1,0.0,G1_REGIME,regime='unknown' skipped=None reg_empty=True,-1,0.0,0.0,
XRP/USDT,1294,2026-05-02 19:00:00,long,0.64076,70.17,60.0,1.3946,0.003536,unknown,,,,False,False,0.0,0.0,50.0,0.0,0.0,0.0,0.0,0.0,50.0,0.0,0.0,-1,0.0,G1_REGIME,regime='unknown' skipped=None reg_empty=True,-1,0.0,0.0,
XRP/USDT,1295,2026-05-02 20:00:00,long,0.61704,79.23,60.0,1.3932,0.003379,unknown,,,,False,False,0.0,0.0,50.0,0.0,0.0,0.0,0.0,0.0,50.0,0.0,0.0,-1,0.0,G1_REGIME,regime='unknown' skipped=None reg_empty=True,-1,0.0,0.0,
XRP/USDT,1296,2026-05-02 21:00:00,long,0.61956,95.6,60.0,1.3935,0.003857,unknown,,,,False,False,0.0,0.0,50.0,0.0,0.0,0.0,0.0,0.0,50.0,0.0,0.0,-1,0.0,G1_REGIME,regime='unknown' skipped=None reg_empty=True,-1,0.0,0.0,
XRP/USDT,1297,2026-05-02 22:00:00,long,0.62044,80.72,60.0,1.3961,0.004307,unknown,,,,False,False,0.0,0.0,50.0,0.0,0.0,0.0,0.0,0.0,50.0,0.0,0.0,-1,0.0,G1_REGIME,regime='unknown' skipped=None reg_empty=True,-1,0.0,0.0,
XRP/USDT,1298,2026-05-02 23:00:00,long,0.60432,100.0,60.0,1.3937,0.004464,unknown,,,,False,False,0.0,0.0,50.0,0.0,0.0,0.0,0.0,0.0,50.0,0.0,0.0,-1,0.0,G1_REGIME,regime='unknown' skipped=None reg_empty=True,-1,0.0,0.0,
XRP/USDT,1299,2026-05-03 00:00:00,long,0.60922,78.99,60.0,1.3892,0.004793,unknown,,,,False,False,0.0,0.0,50.0,0.0,0.0,0.0,0.0,0.0,50.0,0.0,0.0,-1,0.0,G1_REGIME,regime='unknown' skipped=None reg_empty=True,-1,0.0,0.0,
XRP/USDT,1300,2026-05-03 01:00:00,long,0.60686,74.46,60.0,1.384,0.004793,unknown,,,,False,False,0.0,0.0,50.0,0.0,0.0,0.0,0.0,0.0,50.0,0.0,0.0,-1,0.0,G1_REGIME,regime='unknown' skipped=None reg_empty=True,-1,0.0,0.0,
XRP/USDT,1301,2026-05-03 02:00:00,long,0.61399,71.53,60.0,1.3834,0.004793,unknown,,,,False,False,0.0,0.0,50.0,0.0,0.0,0.0,0.0,0.0,50.0,0.0,0.0,-1,0.0,G1_REGIME,regime='unknown' skipped=None reg_empty=True,-1,0.0,0.0,
XRP/USDT,1302,2026-05-03 03:00:00,long,0.58582,71.56,60.0,1.384,0.004571,unknown,,,,False,False,0.0,0.0,50.0,0.0,0.0,0.0,0.0,0.0,50.0,0.0,0.0,-1,0.0,G1_REGIME,regime='unknown' skipped=None reg_empty=True,-1,0.0,0.0,
XRP/USDT,1303,2026-05-03 04:00:00,long,0.57264,72.56,60.0,1.3838,0.004571,unknown,,,,False,False,0.0,0.0,50.0,0.0,0.0,0.0,0.0,0.0,50.0,0.0,0.0,-1,0.0,G1_REGIME,regime='unknown' skipped=None reg_empty=True,-1,0.0,0.0,
XRP/USDT,1304,2026-05-03 05:00:00,long,0.58096,69.71,60.0,1.385,0.004514,unknown,,,,False,False,0.0,0.0,50.0,0.0,0.0,0.0,0.0,0.0,50.0,0.0,0.0,-1,0.0,G1_REGIME,regime='unknown' skipped=None reg_empty=True,-1,0.0,0.0,
XRP/USDT,1305,2026-05-03 06:00:00,long,0.57271,76.82,60.0,1.3853,0.004464,unknown,,,,False,False,0.0,0.0,50.0,0.0,0.0,0.0,0.0,0.0,50.0,0.0,0.0,-1,0.0,G1_REGIME,regime='unknown' skipped=None reg_empty=True,-1,0.0,0.0,
XRP/USDT,1306,2026-05-03 07:00:00,long,0.57292,72.32,60.0,1.3861,0.0045,unknown,,,,False,False,0.0,0.0,50.0,0.0,0.0,0.0,0.0,0.0,50.0,0.0,0.0,-1,0.0,G1_REGIME,regime='unknown' skipped=None reg_empty=True,-1,0.0,0.0,
XRP/USDT,1307,2026-05-03 08:00:00,long,0.57047,78.86,60.0,1.3882,0.0044,unknown,,,,False,False,0.0,0.0,50.0,0.0,0.0,0.0,0.0,0.0,50.0,0.0,0.0,-1,0.0,G1_REGIME,regime='unknown' skipped=None reg_empty=True,-1,0.0,0.0,
XRP/USDT,1308,2026-05-03 09:00:00,long,0.56998,74.16,60.0,1.3893,0.004493,unknown,,,,False,False,0.0,0.0,50.0,0.0,0.0,0.0,0.0,0.0,50.0,0.0,0.0,-1,0.0,G1_REGIME,regime='unknown' skipped=None reg_empty=True,-1,0.0,0.0,
XRP/USDT,1309,2026-05-03 10:00:00,long,0.57136,72.11,60.0,1.3882,0.004521,unknown,,,,False,False,0.0,0.0,50.0,0.0,0.0,0.0,0.0,0.0,50.0,0.0,0.0,-1,0.0,G1_REGIME,regime='unknown' skipped=None reg_empty=True,-1,0.0,0.0,
XRP/USDT,1310,2026-05-03 11:00:00,long,0.64909,68.53,60.0,1.3952,0.004621,unknown,,,,False,False,0.0,0.0,50.0,0.0,0.0,0.0,0.0,0.0,50.0,0.0,0.0,-1,0.0,G1_REGIME,regime='unknown' skipped=None reg_empty=True,-1,0.0,0.0,
XRP/USDT,1311,2026-05-03 12:00:00,long,0.62903,67.06,60.0,1.3962,0.004271,unknown,,,,False,False,0.0,0.0,50.0,0.0,0.0,0.0,0.0,0.0,50.0,0.0,0.0,-1,0.0,G1_REGIME,regime='unknown' skipped=None reg_empty=True,-1,0.0,0.0,
XRP/USDT,1312,2026-05-03 13:00:00,long,0.61677,63.63,60.0,1.3951,0.004243,unknown,,,,False,False,0.0,0.0,50.0,0.0,0.0,0.0,0.0,0.0,50.0,0.0,0.0,-1,0.0,G1_REGIME,regime='unknown' skipped=None reg_empty=True,-1,0.0,0.0,
XRP/USDT,1313,2026-05-03 14:00:00,long,0.63146,64.58,60.0,1.3969,0.0041,unknown,,,,False,False,0.0,0.0,50.0,0.0,0.0,0.0,0.0,0.0,50.0,0.0,0.0,-1,0.0,G1_REGIME,regime='unknown' skipped=None reg_empty=True,-1,0.0,0.0,
XRP/USDT,1314,2026-05-03 15:00:00,long,0.6254,52.95,60.0,1.3958,0.004,unknown,,,,False,False,0.0,0.0,50.0,0.0,0.0,0.0,0.0,0.0,50.0,0.0,0.0,-1,0.0,G1_REGIME,regime='unknown' skipped=None reg_empty=True,-1,0.0,0.0,
XRP/USDT,1315,2026-05-03 16:00:00,long,0.62405,49.97,60.0,1.3944,0.004064,unknown,,,,False,False,0.0,0.0,50.0,0.0,0.0,0.0,0.0,0.0,50.0,0.0,0.0,-1,0.0,G1_REGIME,regime='unknown' skipped=None reg_empty=True,-1,0.0,0.0,
XRP/USDT,1316,2026-05-03 17:00:00,long,0.61263,53.27,60.0,1.395,0.0042,unknown,,,,False,False,0.0,0.0,50.0,0.0,0.0,0.0,0.0,0.0,50.0,0.0,0.0,-1,0.0,G1_REGIME,regime='unknown' skipped=None reg_empty=True,-1,0.0,0.0,
XRP/USDT,1317,2026-05-03 18:00:00,long,0.61413,49.67,60.0,1.3943,0.004093,unknown,,,,False,False,0.0,0.0,50.0,0.0,0.0,0.0,0.0,0.0,50.0,0.0,0.0,-1,0.0,G1_REGIME,regime='unknown' skipped=None reg_empty=True,-1,0.0,0.0,
XRP/USDT,1318,2026-05-03 19:00:00,long,0.62817,51.85,60.0,1.3952,0.004243,unknown,,,,False,False,0.0,0.0,50.0,0.0,0.0,0.0,0.0,0.0,50.0,0.0,0.0,-1,0.0,G1_REGIME,regime='unknown' skipped=None reg_empty=True,-1,0.0,0.0,
XRP/USDT,1319,2026-05-03 20:00:00,long,0.65538,87.13,60.0,1.3931,0.004529,unknown,,,,False,False,0.0,0.0,50.0,0.0,0.0,0.0,0.0,0.0,50.0,0.0,0.0,-1,0.0,G1_REGIME,regime='unknown' skipped=None reg_empty=True,-1,0.0,0.0,
XRP/USDT,1320,2026-05-03 21:00:00,long,0.63298,100.0,60.0,1.3919,0.004779,unknown,,,,False,False,0.0,0.0,50.0,0.0,0.0,0.0,0.0,0.0,50.0,0.0,0.0,-1,0.0,G1_REGIME,regime='unknown' skipped=None reg_empty=True,-1,0.0,0.0,
XRP/USDT,1321,2026-05-03 22:00:00,long,0.62692,100.0,60.0,1.3978,0.005457,unknown,,,,False,False,0.0,0.0,50.0,0.0,0.0,0.0,0.0,0.0,50.0,0.0,0.0,-1,0.0,G1_REGIME,regime='unknown' skipped=None reg_empty=True,-1,0.0,0.0,
XRP/USDT,1322,2026-05-03 23:00:00,long,0.63777,79.47,60.0,1.388,0.006236,unknown,,,,False,False,0.0,0.0,50.0,0.0,0.0,0.0,0.0,0.0,50.0,0.0,0.0,-1,0.0,G1_REGIME,regime='unknown' skipped=None reg_empty=True,-1,0.0,0.0,
XRP/USDT,1323,2026-05-04 00:00:00,long,0.68181,100.0,60.0,1.3884,0.006686,unknown,,,,False,False,0.0,0.0,50.0,0.0,0.0,0.0,0.0,0.0,50.0,0.0,0.0,-1,0.0,G1_REGIME,regime='unknown' skipped=None reg_empty=True,-1,0.0,0.0,
XRP/USDT,1324,2026-05-04 01:00:00,long,0.69581,98.96,60.0,1.4049,0.007564,unknown,,,,False,False,0.0,0.0,50.0,0.0,0.0,0.0,0.0,0.0,50.0,0.0,0.0,-1,0.0,G1_REGIME,regime='unknown' skipped=None reg_empty=True,-1,0.0,0.0,
XRP/USDT,1325,2026-05-04 02:00:00,long,0.6949,100.0,60.0,1.4104,0.008329,unknown,,,,False,False,0.0,0.0,50.0,0.0,0.0,0.0,0.0,0.0,50.0,0.0,0.0,-1,0.0,G1_REGIME,regime='unknown' skipped=None reg_empty=True,-1,0.0,0.0,
XRP/USDT,1326,2026-05-04 03:00:00,long,0.6971,87.8,60.0,1.4129,0.008429,unknown,,,,False,False,0.0,0.0,50.0,0.0,0.0,0.0,0.0,0.0,50.0,0.0,0.0,-1,0.0,G1_REGIME,regime='unknown' skipped=None reg_empty=True,-1,0.0,0.0,
XRP/USDT,1327,2026-05-04 04:00:00,long,0.6928,84.98,60.0,1.4163,0.008686,unknown,,,,False,False,0.0,0.0,50.0,0.0,0.0,0.0,0.0,0.0,50.0,0.0,0.0,-1,0.0,G1_REGIME,regime='unknown' skipped=None reg_empty=True,-1,0.0,0.0,
XRP/USDT,1328,2026-05-04 05:00:00,long,0.68236,78.58,60.0,1.4116,0.008836,unknown,,,,False,False,0.0,0.0,50.0,0.0,0.0,0.0,0.0,0.0,50.0,0.0,0.0,-1,0.0,G1_REGIME,regime='unknown' skipped=None reg_empty=True,-1,0.0,0.0,
XRP/USDT,1329,2026-05-04 06:00:00,long,0.68578,83.33,60.0,1.409,0.009286,unknown,,,,False,False,0.0,0.0,50.0,0.0,0.0,0.0,0.0,0.0,50.0,0.0,0.0,-1,0.0,G1_REGIME,regime='unknown' skipped=None reg_empty=True,-1,0.0,0.0,
XRP/USDT,1330,2026-05-04 07:00:00,long,0.68359,77.49,60.0,1.4106,0.009457,unknown,,,,False,False,0.0,0.0,50.0,0.0,0.0,0.0,0.0,0.0,50.0,0.0,0.0,-1,0.0,G1_REGIME,regime='unknown' skipped=None reg_empty=True,-1,0.0,0.0,
XRP/USDT,1331,2026-05-04 08:00:00,long,0.68677,77.52,60.0,1.4115,0.009736,unknown,,,,False,False,0.0,0.0,50.0,0.0,0.0,0.0,0.0,0.0,50.0,0.0,0.0,-1,0.0,G1_REGIME,regime='unknown' skipped=None reg_empty=True,-1,0.0,0.0,
XRP/USDT,1332,2026-05-04 09:00:00,long,0.70818,81.42,60.0,1.4174,0.010057,unknown,,,,False,False,0.0,0.0,50.0,0.0,0.0,0.0,0.0,0.0,50.0,0.0,0.0,-1,0.0,G1_REGIME,regime='unknown' skipped=None reg_empty=True,-1,0.0,0.0,
XRP/USDT,1333,2026-05-04 10:00:00,long,0.71694,100.0,60.0,1.3953,0.011836,unknown,,,,False,False,0.0,0.0,50.0,0.0,0.0,0.0,0.0,0.0,50.0,0.0,0.0,-1,0.0,G1_REGIME,regime='unknown' skipped=None reg_empty=True,-1,0.0,0.0,
XRP/USDT,1334,2026-05-04 11:00:00,long,0.7225,92.01,60.0,1.3941,0.011729,unknown,,,,False,False,0.0,0.0,50.0,0.0,0.0,0.0,0.0,0.0,50.0,0.0,0.0,-1,0.0,G1_REGIME,regime='unknown' skipped=None reg_empty=True,-1,0.0,0.0,
XRP/USDT,1335,2026-05-04 12:00:00,long,0.72154,88.76,60.0,1.3934,0.011143,unknown,,,,False,False,0.0,0.0,50.0,0.0,0.0,0.0,0.0,0.0,50.0,0.0,0.0,-1,0.0,G1_REGIME,regime='unknown' skipped=None reg_empty=True,-1,0.0,0.0,
XRP/USDT,1336,2026-05-04 13:00:00,long,0.73059,91.87,60.0,1.3935,0.010921,unknown,,,,False,False,0.0,0.0,50.0,0.0,0.0,0.0,0.0,0.0,50.0,0.0,0.0,-1,0.0,G1_REGIME,regime='unknown' skipped=None reg_empty=True,-1,0.0,0.0,
XRP/USDT,1337,2026-05-04 14:00:00,long,0.6719,80.77,60.0,1.4081,0.012071,unknown,,,,False,False,0.0,0.0,50.0,0.0,0.0,0.0,0.0,0.0,50.0,0.0,0.0,-1,0.0,G1_REGIME,regime='unknown' skipped=None reg_empty=True,-1,0.0,0.0,
XRP/USDT,1338,2026-05-04 15:00:00,long,0.67861,78.11,60.0,1.399,0.01155,unknown,,,,False,False,0.0,0.0,50.0,0.0,0.0,0.0,0.0,0.0,50.0,0.0,0.0,-1,0.0,G1_REGIME,regime='unknown' skipped=None reg_empty=True,-1,0.0,0.0,
XRP/USDT,1339,2026-05-04 16:00:00,long,0.67469,60.94,60.0,1.4007,0.011379,unknown,,,,False,False,0.0,0.0,50.0,0.0,0.0,0.0,0.0,0.0,50.0,0.0,0.0,-1,0.0,G1_REGIME,regime='unknown' skipped=None reg_empty=True,-1,0.0,0.0,
XRP/USDT,1340,2026-05-04 17:00:00,long,0.6766,53.52,60.0,1.4086,0.011736,unknown,,,,False,False,0.0,0.0,50.0,0.0,0.0,0.0,0.0,0.0,50.0,0.0,0.0,-1,0.0,G1_REGIME,regime='unknown' skipped=None reg_empty=True,-1,0.0,0.0,
XRP/USDT,1341,2026-05-04 18:00:00,long,0.68025,61.15,60.0,1.4038,0.011736,unknown,,,,False,False,0.0,0.0,50.0,0.0,0.0,0.0,0.0,0.0,50.0,0.0,0.0,-1,0.0,G1_REGIME,regime='unknown' skipped=None reg_empty=True,-1,0.0,0.0,
XRP/USDT,1342,2026-05-04 19:00:00,long,0.68367,66.9,60.0,1.398,0.011729,unknown,,,,False,False,0.0,0.0,50.0,0.0,0.0,0.0,0.0,0.0,50.0,0.0,0.0,-1,0.0,G1_REGIME,regime='unknown' skipped=None reg_empty=True,-1,0.0,0.0,
XRP/USDT,1343,2026-05-04 20:00:00,long,0.69203,66.06,60.0,1.3931,0.011371,unknown,,,,False,False,0.0,0.0,50.0,0.0,0.0,0.0,0.0,0.0,50.0,0.0,0.0,-1,0.0,G1_REGIME,regime='unknown' skipped=None reg_empty=True,-1,0.0,0.0,
XRP/USDT,1344,2026-05-04 21:00:00,long,0.68695,68.51,60.0,1.3975,0.011314,unknown,,,,False,False,0.0,0.0,50.0,0.0,0.0,0.0,0.0,0.0,50.0,0.0,0.0,-1,0.0,G1_REGIME,regime='unknown' skipped=None reg_empty=True,-1,0.0,0.0,
XRP/USDT,1345,2026-05-04 22:00:00,long,0.68871,65.89,60.0,1.3955,0.011407,unknown,,,,False,False,0.0,0.0,50.0,0.0,0.0,0.0,0.0,0.0,50.0,0.0,0.0,-1,0.0,G1_REGIME,regime='unknown' skipped=None reg_empty=True,-1,0.0,0.0,
XRP/USDT,1346,2026-05-04 23:00:00,long,0.74537,66.69,60.0,1.3918,0.011157,unknown,,,,False,False,0.0,0.0,50.0,0.0,0.0,0.0,0.0,0.0,50.0,0.0,0.0,-1,0.0,G1_REGIME,regime='unknown' skipped=None reg_empty=True,-1,0.0,0.0,
XRP/USDT,1347,2026-05-05 00:00:00,long,0.67703,65.48,60.0,1.3956,0.009243,unknown,,,,False,False,0.0,0.0,50.0,0.0,0.0,0.0,0.0,0.0,50.0,0.0,0.0,-1,0.0,G1_REGIME,regime='unknown' skipped=None reg_empty=True,-1,0.0,0.0,
XRP/USDT,1348,2026-05-05 01:00:00,long,0.6562,66.39,60.0,1.3972,0.009171,unknown,,,,False,False,0.0,0.0,50.0,0.0,0.0,0.0,0.0,0.0,50.0,0.0,0.0,-1,0.0,G1_REGIME,regime='unknown' skipped=None reg_empty=True,-1,0.0,0.0,
XRP/USDT,1349,2026-05-05 02:00:00,long,0.6447,58.75,60.0,1.4008,0.009479,unknown,,,,False,False,0.0,0.0,50.0,0.0,0.0,0.0,0.0,0.0,50.0,0.0,0.0,-1,0.0,G1_REGIME,regime='unknown' skipped=None reg_empty=True,-1,0.0,0.0,
XRP/USDT,1350,2026-05-05 03:00:00,long,0.64659,62.25,60.0,1.4057,0.009436,unknown,,,,False,False,0.0,0.0,50.0,0.0,0.0,0.0,0.0,0.0,50.0,0.0,0.0,-1,0.0,G1_REGIME,regime='unknown' skipped=None reg_empty=True,-1,0.0,0.0,
XRP/USDT,1351,2026-05-05 04:00:00,long,0.645,56.73,60.0,1.4016,0.008136,unknown,,,,False,False,0.0,0.0,50.0,0.0,0.0,0.0,0.0,0.0,50.0,0.0,0.0,-1,0.0,G1_REGIME,regime='unknown' skipped=None reg_empty=True,-1,0.0,0.0,
XRP/USDT,1352,2026-05-05 05:00:00,long,0.64399,64.5,60.0,1.4018,0.007464,unknown,,,,False,False,0.0,0.0,50.0,0.0,0.0,0.0,0.0,0.0,50.0,0.0,0.0,-1,0.0,G1_REGIME,regime='unknown' skipped=None reg_empty=True,-1,0.0,0.0,
XRP/USDT,1353,2026-05-05 06:00:00,long,0.61251,55.98,60.0,1.4071,0.0071,unknown,,,,False,False,0.0,0.0,50.0,0.0,0.0,0.0,0.0,0.0,50.0,0.0,0.0,-1,0.0,G1_REGIME,regime='unknown' skipped=None reg_empty=True,-1,0.0,0.0,
XRP/USDT,1354,2026-05-05 07:00:00,long,0.61497,65.81,60.0,1.4067,0.006793,unknown,,,,False,False,0.0,0.0,50.0,0.0,0.0,0.0,0.0,0.0,50.0,0.0,0.0,-1,0.0,G1_REGIME,regime='unknown' skipped=None reg_empty=True,-1,0.0,0.0,
XRP/USDT,1355,2026-05-05 08:00:00,long,0.61662,56.87,60.0,1.4069,0.006464,unknown,,,,False,False,0.0,0.0,50.0,0.0,0.0,0.0,0.0,0.0,50.0,0.0,0.0,-1,0.0,G1_REGIME,regime='unknown' skipped=None reg_empty=True,-1,0.0,0.0,
XRP/USDT,1356,2026-05-05 09:00:00,long,0.63592,63.13,60.0,1.4035,0.006379,unknown,,,,False,False,0.0,0.0,50.0,0.0,0.0,0.0,0.0,0.0,50.0,0.0,0.0,-1,0.0,G1_REGIME,regime='unknown' skipped=None reg_empty=True,-1,0.0,0.0,
XRP/USDT,1357,2026-05-05 10:00:00,long,0.63561,64.03,60.0,1.4063,0.00635,unknown,,,,False,False,0.0,0.0,50.0,0.0,0.0,0.0,0.0,0.0,50.0,0.0,0.0,-1,0.0,G1_REGIME,regime='unknown' skipped=None reg_empty=True,-1,0.0,0.0,
XRP/USDT,1358,2026-05-05 11:00:00,long,0.63024,88.53,60.0,1.4079,0.006407,unknown,,,,False,False,0.0,0.0,50.0,0.0,0.0,0.0,0.0,0.0,50.0,0.0,0.0,-1,0.0,G1_REGIME,regime='unknown' skipped=None reg_empty=True,-1,0.0,0.0,
XRP/USDT,1359,2026-05-05 12:00:00,long,0.58424,86.72,60.0,1.4129,0.006429,unknown,,,,False,False,0.0,0.0,50.0,0.0,0.0,0.0,0.0,0.0,50.0,0.0,0.0,-1,0.0,G1_REGIME,regime='unknown' skipped=None reg_empty=True,-1,0.0,0.0,
XRP/USDT,1360,2026-05-05 13:00:00,long,0.56068,85.03,60.0,1.4134,0.006729,unknown,,,,False,False,0.0,0.0,50.0,0.0,0.0,0.0,0.0,0.0,50.0,0.0,0.0,-1,0.0,G1_REGIME,regime='unknown' skipped=None reg_empty=True,-1,0.0,0.0,
XRP/USDT,1361,2026-05-05 14:00:00,long,0.60805,83.2,60.0,1.411,0.006979,unknown,,,,False,False,0.0,0.0,50.0,0.0,0.0,0.0,0.0,0.0,50.0,0.0,0.0,-1,0.0,G1_REGIME,regime='unknown' skipped=None reg_empty=True,-1,0.0,0.0,
XRP/USDT,1362,2026-05-05 15:00:00,long,0.61354,64.16,60.0,1.4116,0.007079,unknown,,,,False,False,0.0,0.0,50.0,0.0,0.0,0.0,0.0,0.0,50.0,0.0,0.0,-1,0.0,G1_REGIME,regime='unknown' skipped=None reg_empty=True,-1,0.0,0.0,
XRP/USDT,1363,2026-05-05 16:00:00,long,0.66254,87.7,60.0,1.4081,0.007221,unknown,,,,False,False,0.0,0.0,50.0,0.0,0.0,0.0,0.0,0.0,50.0,0.0,0.0,-1,0.0,G1_REGIME,regime='unknown' skipped=None reg_empty=True,-1,0.0,0.0,
XRP/USDT,1364,2026-05-05 17:00:00,long,0.63264,83.99,60.0,1.4082,0.006807,unknown,,,,False,False,0.0,0.0,50.0,0.0,0.0,0.0,0.0,0.0,50.0,0.0,0.0,-1,0.0,G1_REGIME,regime='unknown' skipped=None reg_empty=True,-1,0.0,0.0,
XRP/USDT,1365,2026-05-05 18:00:00,long,0.60271,84.64,60.0,1.4099,0.006693,unknown,,,,False,False,0.0,0.0,50.0,0.0,0.0,0.0,0.0,0.0,50.0,0.0,0.0,-1,0.0,G1_REGIME,regime='unknown' skipped=None reg_empty=True,-1,0.0,0.0,
XRP/USDT,1366,2026-05-05 19:00:00,long,0.59853,71.78,60.0,1.413,0.006536,unknown,,,,False,False,0.0,0.0,50.0,0.0,0.0,0.0,0.0,0.0,50.0,0.0,0.0,-1,0.0,G1_REGIME,regime='unknown' skipped=None reg_empty=True,-1,0.0,0.0,
XRP/USDT,1367,2026-05-05 20:00:00,long,0.56629,75.7,60.0,1.4169,0.006479,unknown,,,,False,False,0.0,0.0,50.0,0.0,0.0,0.0,0.0,0.0,50.0,0.0,0.0,-1,0.0,G1_REGIME,regime='unknown' skipped=None reg_empty=True,-1,0.0,0.0,
XRP/USDT,1368,2026-05-05 21:00:00,long,0.58688,79.75,60.0,1.4159,0.006571,unknown,,,,False,False,0.0,0.0,50.0,0.0,0.0,0.0,0.0,0.0,50.0,0.0,0.0,-1,0.0,G1_REGIME,regime='unknown' skipped=None reg_empty=True,-1,0.0,0.0,
XRP/USDT,1369,2026-05-05 22:00:00,long,0.60955,80.1,60.0,1.4156,0.007143,unknown,,,,False,False,0.0,0.0,50.0,0.0,0.0,0.0,0.0,0.0,50.0,0.0,0.0,-1,0.0,G1_REGIME,regime='unknown' skipped=None reg_empty=True,-1,0.0,0.0,
XRP/USDT,1370,2026-05-05 23:00:00,long,0.61996,72.57,60.0,1.4126,0.007357,unknown,,,,False,False,0.0,0.0,50.0,0.0,0.0,0.0,0.0,0.0,50.0,0.0,0.0,-1,0.0,G1_REGIME,regime='unknown' skipped=None reg_empty=True,-1,0.0,0.0,
XRP/USDT,1371,2026-05-06 00:00:00,long,0.6199,81.62,60.0,1.4111,0.007543,unknown,,,,False,False,0.0,0.0,50.0,0.0,0.0,0.0,0.0,0.0,50.0,0.0,0.0,-1,0.0,G1_REGIME,regime='unknown' skipped=None reg_empty=True,-1,0.0,0.0,
XRP/USDT,1372,2026-05-06 01:00:00,long,0.58295,72.28,60.0,1.4183,0.007757,unknown,,,,False,False,0.0,0.0,50.0,0.0,0.0,0.0,0.0,0.0,50.0,0.0,0.0,-1,0.0,G1_REGIME,regime='unknown' skipped=None reg_empty=True,-1,0.0,0.0,
XRP/USDT,1373,2026-05-06 02:00:00,long,0.59562,81.57,60.0,1.4164,0.0078,unknown,,,,False,False,0.0,0.0,50.0,0.0,0.0,0.0,0.0,0.0,50.0,0.0,0.0,-1,0.0,G1_REGIME,regime='unknown' skipped=None reg_empty=True,-1,0.0,0.0,
XRP/USDT,1374,2026-05-06 03:00:00,long,0.57172,58.01,60.0,1.4222,0.0077,unknown,,,,False,False,0.0,0.0,50.0,0.0,0.0,0.0,0.0,0.0,50.0,0.0,0.0,-1,0.0,G1_REGIME,regime='unknown' skipped=None reg_empty=True,-1,0.0,0.0,
XRP/USDT,1375,2026-05-06 04:00:00,long,0.56629,67.77,60.0,1.4198,0.007571,unknown,,,,False,False,0.0,0.0,50.0,0.0,0.0,0.0,0.0,0.0,50.0,0.0,0.0,-1,0.0,G1_REGIME,regime='unknown' skipped=None reg_empty=True,-1,0.0,0.0,
XRP/USDT,1376,2026-05-06 05:00:00,long,0.55748,58.56,60.0,1.4224,0.007793,unknown,,,,False,False,0.0,0.0,50.0,0.0,0.0,0.0,0.0,0.0,50.0,0.0,0.0,-1,0.0,G1_REGIME,regime='unknown' skipped=None reg_empty=True,-1,0.0,0.0,
XRP/USDT,1377,2026-05-06 06:00:00,long,0.56762,48.15,60.0,1.4261,0.007507,unknown,,,,False,False,0.0,0.0,50.0,0.0,0.0,0.0,0.0,0.0,50.0,0.0,0.0,-1,0.0,G1_REGIME,regime='unknown' skipped=None reg_empty=True,-1,0.0,0.0,
XRP/USDT,1378,2026-05-06 07:00:00,long,0.58152,74.03,60.0,1.4311,0.00795,unknown,,,,False,False,0.0,0.0,50.0,0.0,0.0,0.0,0.0,0.0,50.0,0.0,0.0,-1,0.0,G1_REGIME,regime='unknown' skipped=None reg_empty=True,-1,0.0,0.0,
XRP/USDT,1379,2026-05-06 08:00:00,long,0.58886,72.27,60.0,1.4429,0.008579,unknown,,,,False,False,0.0,0.0,50.0,0.0,0.0,0.0,0.0,0.0,50.0,0.0,0.0,-1,0.0,G1_REGIME,regime='unknown' skipped=None reg_empty=True,-1,0.0,0.0,
XRP/USDT,1380,2026-05-06 09:00:00,long,0.6075,88.29,60.0,1.4491,0.009164,unknown,,,,False,False,0.0,0.0,50.0,0.0,0.0,0.0,0.0,0.0,50.0,0.0,0.0,-1,0.0,G1_REGIME,regime='unknown' skipped=None reg_empty=True,-1,0.0,0.0,
XRP/USDT,1381,2026-05-06 10:00:00,long,0.60227,71.87,60.0,1.4512,0.009264,unknown,,,,False,False,0.0,0.0,50.0,0.0,0.0,0.0,0.0,0.0,50.0,0.0,0.0,-1,0.0,G1_REGIME,regime='unknown' skipped=None reg_empty=True,-1,0.0,0.0,
XRP/USDT,1382,2026-05-06 11:00:00,long,0.6045,73.77,60.0,1.451,0.009257,unknown,,,,False,False,0.0,0.0,50.0,0.0,0.0,0.0,0.0,0.0,50.0,0.0,0.0,-1,0.0,G1_REGIME,regime='unknown' skipped=None reg_empty=True,-1,0.0,0.0,
XRP/USDT,1383,2026-05-06 12:00:00,long,0.60027,69.2,60.0,1.4451,0.009,unknown,,,,False,False,0.0,0.0,50.0,0.0,0.0,0.0,0.0,0.0,50.0,0.0,0.0,-1,0.0,G1_REGIME,regime='unknown' skipped=None reg_empty=True,-1,0.0,0.0,
XRP/USDT,1384,2026-05-06 13:00:00,long,0.67758,100.0,60.0,1.4226,0.010321,unknown,,,,False,False,0.0,0.0,50.0,0.0,0.0,0.0,0.0,0.0,50.0,0.0,0.0,-1,0.0,G1_REGIME,regime='unknown' skipped=None reg_empty=True,-1,0.0,0.0,
XRP/USDT,1385,2026-05-06 14:00:00,long,0.68294,99.57,60.0,1.4233,0.010957,unknown,,,,False,False,0.0,0.0,50.0,0.0,0.0,0.0,0.0,0.0,50.0,0.0,0.0,-1,0.0,G1_REGIME,regime='unknown' skipped=None reg_empty=True,-1,0.0,0.0,
XRP/USDT,1386,2026-05-06 15:00:00,long,0.6722,83.19,60.0,1.4301,0.011057,unknown,,,,False,False,0.0,0.0,50.0,0.0,0.0,0.0,0.0,0.0,50.0,0.0,0.0,-1,0.0,G1_REGIME,regime='unknown' skipped=None reg_empty=True,-1,0.0,0.0,
XRP/USDT,1387,2026-05-06 16:00:00,long,0.67604,84.26,60.0,1.4293,0.011243,unknown,,,,False,False,0.0,0.0,50.0,0.0,0.0,0.0,0.0,0.0,50.0,0.0,0.0,-1,0.0,G1_REGIME,regime='unknown' skipped=None reg_empty=True,-1,0.0,0.0,
XRP/USDT,1388,2026-05-06 17:00:00,long,0.66055,88.55,60.0,1.4261,0.011136,unknown,,,,False,False,0.0,0.0,50.0,0.0,0.0,0.0,0.0,0.0,50.0,0.0,0.0,-1,0.0,G1_REGIME,regime='unknown' skipped=None reg_empty=True,-1,0.0,0.0,
XRP/USDT,1389,2026-05-06 18:00:00,long,0.66302,87.05,60.0,1.4228,0.011036,unknown,,,,False,False,0.0,0.0,50.0,0.0,0.0,0.0,0.0,0.0,50.0,0.0,0.0,-1,0.0,G1_REGIME,regime='unknown' skipped=None reg_empty=True,-1,0.0,0.0,
XRP/USDT,1390,2026-05-06 19:00:00,long,0.65773,89.75,60.0,1.4279,0.01085,unknown,,,,False,False,0.0,0.0,50.0,0.0,0.0,0.0,0.0,0.0,50.0,0.0,0.0,-1,0.0,G1_REGIME,regime='unknown' skipped=None reg_empty=True,-1,0.0,0.0,
XRP/USDT,1391,2026-05-06 20:00:00,long,0.66159,85.85,60.0,1.4249,0.010929,unknown,,,,False,False,0.0,0.0,50.0,0.0,0.0,0.0,0.0,0.0,50.0,0.0,0.0,-1,0.0,G1_REGIME,regime='unknown' skipped=None reg_empty=True,-1,0.0,0.0,
XRP/USDT,1392,2026-05-06 21:00:00,long,0.65834,86.57,60.0,1.4267,0.010614,unknown,,,,False,False,0.0,0.0,50.0,0.0,0.0,0.0,0.0,0.0,50.0,0.0,0.0,-1,0.0,G1_REGIME,regime='unknown' skipped=None reg_empty=True,-1,0.0,0.0,
XRP/USDT,1393,2026-05-06 22:00:00,long,0.64714,84.84,60.0,1.422,0.010036,unknown,,,,False,False,0.0,0.0,50.0,0.0,0.0,0.0,0.0,0.0,50.0,0.0,0.0,-1,0.0,G1_REGIME,regime='unknown' skipped=None reg_empty=True,-1,0.0,0.0,
XRP/USDT,1394,2026-05-06 23:00:00,long,0.64737,67.17,60.0,1.4249,0.009736,unknown,,,,False,False,0.0,0.0,50.0,0.0,0.0,0.0,0.0,0.0,50.0,0.0,0.0,-1,0.0,G1_REGIME,regime='unknown' skipped=None reg_empty=True,-1,0.0,0.0,
XRP/USDT,1395,2026-05-07 00:00:00,long,0.69921,65.63,60.0,1.418,0.009864,unknown,,,,False,False,0.0,0.0,50.0,0.0,0.0,0.0,0.0,0.0,50.0,0.0,0.0,-1,0.0,G1_REGIME,regime='unknown' skipped=None reg_empty=True,-1,0.0,0.0,
XRP/USDT,1396,2026-05-07 01:00:00,long,0.70613,67.32,60.0,1.4156,0.009721,unknown,,,,False,False,0.0,0.0,50.0,0.0,0.0,0.0,0.0,0.0,50.0,0.0,0.0,-1,0.0,G1_REGIME,regime='unknown' skipped=None reg_empty=True,-1,0.0,0.0,
XRP/USDT,1397,2026-05-07 02:00:00,long,0.7049,86.33,60.0,1.4121,0.0096,unknown,,,,False,False,0.0,0.0,50.0,0.0,0.0,0.0,0.0,0.0,50.0,0.0,0.0,-1,0.0,G1_REGIME,regime='unknown' skipped=None reg_empty=True,-1,0.0,0.0,
XRP/USDT,1398,2026-05-07 03:00:00,long,0.70258,87.88,60.0,1.4052,0.0083,unknown,,,,False,False,0.0,0.0,50.0,0.0,0.0,0.0,0.0,0.0,50.0,0.0,0.0,-1,0.0,G1_REGIME,regime='unknown' skipped=None reg_empty=True,-1,0.0,0.0,
XRP/USDT,1399,2026-05-07 04:00:00,long,0.68134,86.51,60.0,1.4078,0.007529,unknown,,,,False,False,0.0,0.0,50.0,0.0,0.0,0.0,0.0,0.0,50.0,0.0,0.0,-1,0.0,G1_REGIME,regime='unknown' skipped=None reg_empty=True,-1,0.0,0.0,
XRP/USDT,1400,2026-05-07 05:00:00,long,0.68212,89.03,60.0,1.411,0.007229,unknown,,,,False,False,0.0,0.0,50.0,0.0,0.0,0.0,0.0,0.0,50.0,0.0,0.0,-1,0.0,G1_REGIME,regime='unknown' skipped=None reg_empty=True,-1,0.0,0.0,
XRP/USDT,1401,2026-05-07 06:00:00,long,0.67871,89.77,60.0,1.416,0.007293,unknown,,,,False,False,0.0,0.0,50.0,0.0,0.0,0.0,0.0,0.0,50.0,0.0,0.0,-1,0.0,G1_REGIME,regime='unknown' skipped=None reg_empty=True,-1,0.0,0.0,
XRP/USDT,1402,2026-05-07 07:00:00,long,0.68566,89.37,60.0,1.4199,0.007293,unknown,,,,False,False,0.0,0.0,50.0,0.0,0.0,0.0,0.0,0.0,50.0,0.0,0.0,-1,0.0,G1_REGIME,regime='unknown' skipped=None reg_empty=True,-1,0.0,0.0,
XRP/USDT,1403,2026-05-07 08:00:00,long,0.6783,85.52,60.0,1.4163,0.00725,unknown,,,,False,False,0.0,0.0,50.0,0.0,0.0,0.0,0.0,0.0,50.0,0.0,0.0,-1,0.0,G1_REGIME,regime='unknown' skipped=None reg_empty=True,-1,0.0,0.0,
XRP/USDT,1404,2026-05-07 09:00:00,long,0.68282,86.98,60.0,1.4115,0.007207,unknown,,,,False,False,0.0,0.0,50.0,0.0,0.0,0.0,0.0,0.0,50.0,0.0,0.0,-1,0.0,G1_REGIME,regime='unknown' skipped=None reg_empty=True,-1,0.0,0.0,
XRP/USDT,1405,2026-05-07 10:00:00,long,0.68218,91.37,60.0,1.4099,0.007229,unknown,,,,False,False,0.0,0.0,50.0,0.0,0.0,0.0,0.0,0.0,50.0,0.0,0.0,-1,0.0,G1_REGIME,regime='unknown' skipped=None reg_empty=True,-1,0.0,0.0,
XRP/USDT,1406,2026-05-07 11:00:00,long,0.68438,82.37,60.0,1.4096,0.007107,unknown,,,,False,False,0.0,0.0,50.0,0.0,0.0,0.0,0.0,0.0,50.0,0.0,0.0,-1,0.0,G1_REGIME,regime='unknown' skipped=None reg_empty=True,-1,0.0,0.0,
XRP/USDT,1407,2026-05-07 12:00:00,long,0.69044,89.7,60.0,1.4148,0.007143,unknown,,,,False,False,0.0,0.0,50.0,0.0,0.0,0.0,0.0,0.0,50.0,0.0,0.0,-1,0.0,G1_REGIME,regime='unknown' skipped=None reg_empty=True,-1,0.0,0.0,
XRP/USDT,1408,2026-05-07 13:00:00,long,0.6809,100.0,60.0,1.4018,0.007793,unknown,,,,False,False,0.0,0.0,50.0,0.0,0.0,0.0,0.0,0.0,50.0,0.0,0.0,-1,0.0,G1_REGIME,regime='unknown' skipped=None reg_empty=True,-1,0.0,0.0,
XRP/USDT,1409,2026-05-07 14:00:00,long,0.70394,100.0,60.0,1.3934,0.008057,unknown,,,,False,False,0.0,0.0,50.0,0.0,0.0,0.0,0.0,0.0,50.0,0.0,0.0,-1,0.0,G1_REGIME,regime='unknown' skipped=None reg_empty=True,-1,0.0,0.0,
XRP/USDT,1410,2026-05-07 15:00:00,long,0.71755,100.0,60.0,1.3907,0.008386,unknown,,,,False,False,0.0,0.0,50.0,0.0,0.0,0.0,0.0,0.0,50.0,0.0,0.0,-1,0.0,G1_REGIME,regime='unknown' skipped=None reg_empty=True,-1,0.0,0.0,
XRP/USDT,1411,2026-05-07 16:00:00,long,0.72572,88.74,60.0,1.3889,0.008379,unknown,,,,False,False,0.0,0.0,50.0,0.0,0.0,0.0,0.0,0.0,50.0,0.0,0.0,-1,0.0,G1_REGIME,regime='unknown' skipped=None reg_empty=True,-1,0.0,0.0,
XRP/USDT,1412,2026-05-07 17:00:00,long,0.72441,86.66,60.0,1.3919,0.008407,unknown,,,,False,False,0.0,0.0,50.0,0.0,0.0,0.0,0.0,0.0,50.0,0.0,0.0,-1,0.0,G1_REGIME,regime='unknown' skipped=None reg_empty=True,-1,0.0,0.0,
XRP/USDT,1413,2026-05-07 18:00:00,long,0.71716,83.86,60.0,1.3925,0.008514,unknown,,,,False,False,0.0,0.0,50.0,0.0,0.0,0.0,0.0,0.0,50.0,0.0,0.0,-1,0.0,G1_REGIME,regime='unknown' skipped=None reg_empty=True,-1,0.0,0.0,
XRP/USDT,1414,2026-05-07 19:00:00,long,0.73586,83.36,60.0,1.3861,0.008514,unknown,,,,False,False,0.0,0.0,50.0,0.0,0.0,0.0,0.0,0.0,50.0,0.0,0.0,-1,0.0,G1_REGIME,regime='unknown' skipped=None reg_empty=True,-1,0.0,0.0,
XRP/USDT,1415,2026-05-07 20:00:00,long,0.72992,83.34,60.0,1.3826,0.0085,unknown,,,,False,False,0.0,0.0,50.0,0.0,0.0,0.0,0.0,0.0,50.0,0.0,0.0,-1,0.0,G1_REGIME,regime='unknown' skipped=None reg_empty=True,-1,0.0,0.0,
XRP/USDT,1416,2026-05-07 21:00:00,long,0.73424,83.43,60.0,1.3838,0.008514,unknown,,,,False,False,0.0,0.0,50.0,0.0,0.0,0.0,0.0,0.0,50.0,0.0,0.0,-1,0.0,G1_REGIME,regime='unknown' skipped=None reg_empty=True,-1,0.0,0.0,
XRP/USDT,1417,2026-05-07 22:00:00,long,0.7322,84.06,60.0,1.3849,0.0086,unknown,,,,False,False,0.0,0.0,50.0,0.0,0.0,0.0,0.0,0.0,50.0,0.0,0.0,-1,0.0,G1_REGIME,regime='unknown' skipped=None reg_empty=True,-1,0.0,0.0,
XRP/USDT,1418,2026-05-07 23:00:00,long,0.73109,81.83,60.0,1.3869,0.008443,unknown,,,,False,False,0.0,0.0,50.0,0.0,0.0,0.0,0.0,0.0,50.0,0.0,0.0,-1,0.0,G1_REGIME,regime='unknown' skipped=None reg_empty=True,-1,0.0,0.0,
XRP/USDT,1419,2026-05-08 00:00:00,long,0.72956,82.82,60.0,1.3855,0.008286,unknown,,,,False,False,0.0,0.0,50.0,0.0,0.0,0.0,0.0,0.0,50.0,0.0,0.0,-1,0.0,G1_REGIME,regime='unknown' skipped=None reg_empty=True,-1,0.0,0.0,
XRP/USDT,1420,2026-05-08 01:00:00,long,0.72723,83.34,60.0,1.3858,0.008257,unknown,,,,False,False,0.0,0.0,50.0,0.0,0.0,0.0,0.0,0.0,50.0,0.0,0.0,-1,0.0,G1_REGIME,regime='unknown' skipped=None reg_empty=True,-1,0.0,0.0,
XRP/USDT,1421,2026-05-08 02:00:00,long,0.73216,85.79,60.0,1.3834,0.008293,unknown,,,,False,False,0.0,0.0,50.0,0.0,0.0,0.0,0.0,0.0,50.0,0.0,0.0,-1,0.0,G1_REGIME,regime='unknown' skipped=None reg_empty=True,-1,0.0,0.0,
XRP/USDT,1422,2026-05-08 03:00:00,long,0.7345,85.14,60.0,1.3853,0.007593,unknown,,,,False,False,0.0,0.0,50.0,0.0,0.0,0.0,0.0,0.0,50.0,0.0,0.0,-1,0.0,G1_REGIME,regime='unknown' skipped=None reg_empty=True,-1,0.0,0.0,
XRP/USDT,1423,2026-05-08 04:00:00,long,0.74048,84.57,60.0,1.3861,0.006929,unknown,,,,False,False,0.0,0.0,50.0,0.0,0.0,0.0,0.0,0.0,50.0,0.0,0.0,-1,0.0,G1_REGIME,regime='unknown' skipped=None reg_empty=True,-1,0.0,0.0,
XRP/USDT,1424,2026-05-08 05:00:00,long,0.72873,83.65,60.0,1.3834,0.0064,unknown,,,,False,False,0.0,0.0,50.0,0.0,0.0,0.0,0.0,0.0,50.0,0.0,0.0,-1,0.0,G1_REGIME,regime='unknown' skipped=None reg_empty=True,-1,0.0,0.0,
XRP/USDT,1425,2026-05-08 06:00:00,long,0.72658,90.9,60.0,1.3817,0.006379,unknown,,,,False,False,0.0,0.0,50.0,0.0,0.0,0.0,0.0,0.0,50.0,0.0,0.0,-1,0.0,G1_REGIME,regime='unknown' skipped=None reg_empty=True,-1,0.0,0.0,
XRP/USDT,1426,2026-05-08 07:00:00,long,0.73345,86.17,60.0,1.384,0.006179,unknown,,,,False,False,0.0,0.0,50.0,0.0,0.0,0.0,0.0,0.0,50.0,0.0,0.0,-1,0.0,G1_REGIME,regime='unknown' skipped=None reg_empty=True,-1,0.0,0.0,
XRP/USDT,1427,2026-05-08 08:00:00,long,0.73368,91.32,60.0,1.3881,0.00625,unknown,,,,False,False,0.0,0.0,50.0,0.0,0.0,0.0,0.0,0.0,50.0,0.0,0.0,-1,0.0,G1_REGIME,regime='unknown' skipped=None reg_empty=True,-1,0.0,0.0,
XRP/USDT,1428,2026-05-08 09:00:00,long,0.73816,91.35,60.0,1.3871,0.006164,unknown,,,,False,False,0.0,0.0,50.0,0.0,0.0,0.0,0.0,0.0,50.0,0.0,0.0,-1,0.0,G1_REGIME,regime='unknown' skipped=None reg_empty=True,-1,0.0,0.0,
XRP/USDT,1429,2026-05-08 10:00:00,long,0.72721,94.4,60.0,1.3896,0.005857,unknown,,,,False,False,0.0,0.0,50.0,0.0,0.0,0.0,0.0,0.0,50.0,0.0,0.0,-1,0.0,G1_REGIME,regime='unknown' skipped=None reg_empty=True,-1,0.0,0.0,
XRP/USDT,1430,2026-05-08 11:00:00,long,0.69727,94.88,60.0,1.3913,0.005614,unknown,,,,False,False,0.0,0.0,50.0,0.0,0.0,0.0,0.0,0.0,50.0,0.0,0.0,-1,0.0,G1_REGIME,regime='unknown' skipped=None reg_empty=True,-1,0.0,0.0,
XRP/USDT,1431,2026-05-08 12:00:00,long,0.72907,100.0,60.0,1.3878,0.005693,unknown,,,,False,False,0.0,0.0,50.0,0.0,0.0,0.0,0.0,0.0,50.0,0.0,0.0,-1,0.0,G1_REGIME,regime='unknown' skipped=None reg_empty=True,-1,0.0,0.0,
XRP/USDT,1432,2026-05-08 13:00:00,long,0.72461,95.94,60.0,1.387,0.005786,unknown,,,,False,False,0.0,0.0,50.0,0.0,0.0,0.0,0.0,0.0,50.0,0.0,0.0,-1,0.0,G1_REGIME,regime='unknown' skipped=None reg_empty=True,-1,0.0,0.0,
XRP/USDT,1433,2026-05-08 14:00:00,long,0.69772,100.0,60.0,1.3931,0.006079,unknown,,,,False,False,0.0,0.0,50.0,0.0,0.0,0.0,0.0,0.0,50.0,0.0,0.0,-1,0.0,G1_REGIME,regime='unknown' skipped=None reg_empty=True,-1,0.0,0.0,
XRP/USDT,1434,2026-05-08 15:00:00,long,0.71827,95.03,60.0,1.3973,0.006671,unknown,,,,False,False,0.0,0.0,50.0,0.0,0.0,0.0,0.0,0.0,50.0,0.0,0.0,-1,0.0,G1_REGIME,regime='unknown' skipped=None reg_empty=True,-1,0.0,0.0,
XRP/USDT,1435,2026-05-08 16:00:00,long,0.71288,69.27,60.0,1.3944,0.006571,unknown,,,,False,False,0.0,0.0,50.0,0.0,0.0,0.0,0.0,0.0,50.0,0.0,0.0,-1,0.0,G1_REGIME,regime='unknown' skipped=None reg_empty=True,-1,0.0,0.0,
XRP/USDT,1436,2026-05-08 17:00:00,long,0.72348,70.36,60.0,1.4087,0.007179,unknown,,,,False,False,0.0,0.0,50.0,0.0,0.0,0.0,0.0,0.0,50.0,0.0,0.0,-1,0.0,G1_REGIME,regime='unknown' skipped=None reg_empty=True,-1,0.0,0.0,
XRP/USDT,1437,2026-05-08 18:00:00,long,0.69371,70.11,60.0,1.4191,0.008064,unknown,,,,False,False,0.0,0.0,50.0,0.0,0.0,0.0,0.0,0.0,50.0,0.0,0.0,-1,0.0,G1_REGIME,regime='unknown' skipped=None reg_empty=True,-1,0.0,0.0,
XRP/USDT,1438,2026-05-08 19:00:00,long,0.70583,55.46,60.0,1.4188,0.008507,unknown,,,,False,False,0.0,0.0,50.0,0.0,0.0,0.0,0.0,0.0,50.0,0.0,0.0,-1,0.0,G1_REGIME,regime='unknown' skipped=None reg_empty=True,-1,0.0,0.0,
XRP/USDT,1439,2026-05-08 20:00:00,long,0.70423,71.22,60.0,1.4121,0.008664,unknown,,,,False,False,0.0,0.0,50.0,0.0,0.0,0.0,0.0,0.0,50.0,0.0,0.0,-1,0.0,G1_REGIME,regime='unknown' skipped=None reg_empty=True,-1,0.0,0.0,
XRP/USDT,1440,2026-05-08 21:00:00,long,0.71541,68.69,60.0,1.4217,0.008929,unknown,,,,False,False,0.0,0.0,50.0,0.0,0.0,0.0,0.0,0.0,50.0,0.0,0.0,-1,0.0,G1_REGIME,regime='unknown' skipped=None reg_empty=True,-1,0.0,0.0,
XRP/USDT,1441,2026-05-08 22:00:00,long,0.7184,72.64,60.0,1.4185,0.008821,unknown,,,,False,False,0.0,0.0,50.0,0.0,0.0,0.0,0.0,0.0,50.0,0.0,0.0,-1,0.0,G1_REGIME,regime='unknown' skipped=None reg_empty=True,-1,0.0,0.0,
XRP/USDT,1442,2026-05-08 23:00:00,long,0.71398,63.43,60.0,1.4182,0.008679,unknown,,,,False,False,0.0,0.0,50.0,0.0,0.0,0.0,0.0,0.0,50.0,0.0,0.0,-1,0.0,G1_REGIME,regime='unknown' skipped=None reg_empty=True,-1,0.0,0.0,
XRP/USDT,1443,2026-05-09 00:00:00,long,0.71482,68.06,60.0,1.4248,0.008693,unknown,,,,False,False,0.0,0.0,50.0,0.0,0.0,0.0,0.0,0.0,50.0,0.0,0.0,-1,0.0,G1_REGIME,regime='unknown' skipped=None reg_empty=True,-1,0.0,0.0,
XRP/USDT,1444,2026-05-09 01:00:00,long,0.70812,91.18,60.0,1.4324,0.009193,unknown,,,,False,False,0.0,0.0,50.0,0.0,0.0,0.0,0.0,0.0,50.0,0.0,0.0,-1,0.0,G1_REGIME,regime='unknown' skipped=None reg_empty=True,-1,0.0,0.0,
XRP/USDT,1445,2026-05-09 02:00:00,long,0.70783,70.06,60.0,1.431,0.009121,unknown,,,,False,False,0.0,0.0,50.0,0.0,0.0,0.0,0.0,0.0,50.0,0.0,0.0,-1,0.0,G1_REGIME,regime='unknown' skipped=None reg_empty=True,-1,0.0,0.0,
XRP/USDT,1446,2026-05-09 03:00:00,long,0.70283,64.91,60.0,1.4289,0.009193,unknown,,,,False,False,0.0,0.0,50.0,0.0,0.0,0.0,0.0,0.0,50.0,0.0,0.0,-1,0.0,G1_REGIME,regime='unknown' skipped=None reg_empty=True,-1,0.0,0.0,
XRP/USDT,1447,2026-05-09 04:00:00,long,0.69069,67.34,60.0,1.428,0.009021,unknown,,,,False,False,0.0,0.0,50.0,0.0,0.0,0.0,0.0,0.0,50.0,0.0,0.0,-1,0.0,G1_REGIME,regime='unknown' skipped=None reg_empty=True,-1,0.0,0.0,
XRP/USDT,1448,2026-05-09 05:00:00,long,0.6549,65.51,60.0,1.4266,0.008557,unknown,,,,False,False,0.0,0.0,50.0,0.0,0.0,0.0,0.0,0.0,50.0,0.0,0.0,-1,0.0,G1_REGIME,regime='unknown' skipped=None reg_empty=True,-1,0.0,0.0,
XRP/USDT,1449,2026-05-09 06:00:00,long,0.6619,63.89,60.0,1.4257,0.008536,unknown,,,,False,False,0.0,0.0,50.0,0.0,0.0,0.0,0.0,0.0,50.0,0.0,0.0,-1,0.0,G1_REGIME,regime='unknown' skipped=None reg_empty=True,-1,0.0,0.0,
XRP/USDT,1450,2026-05-09 07:00:00,long,0.63025,82.49,60.0,1.4238,0.007764,unknown,,,,False,False,0.0,0.0,50.0,0.0,0.0,0.0,0.0,0.0,50.0,0.0,0.0,-1,0.0,G1_REGIME,regime='unknown' skipped=None reg_empty=True,-1,0.0,0.0,
XRP/USDT,1451,2026-05-09 08:00:00,long,0.62373,70.31,60.0,1.4244,0.006807,unknown,,,,False,False,0.0,0.0,50.0,0.0,0.0,0.0,0.0,0.0,50.0,0.0,0.0,-1,0.0,G1_REGIME,regime='unknown' skipped=None reg_empty=True,-1,0.0,0.0,
XRP/USDT,1452,2026-05-09 09:00:00,long,0.62096,68.85,60.0,1.4193,0.006593,unknown,,,,False,False,0.0,0.0,50.0,0.0,0.0,0.0,0.0,0.0,50.0,0.0,0.0,-1,0.0,G1_REGIME,regime='unknown' skipped=None reg_empty=True,-1,0.0,0.0,
XRP/USDT,1453,2026-05-09 10:00:00,long,0.62067,67.92,60.0,1.4211,0.006414,unknown,,,,False,False,0.0,0.0,50.0,0.0,0.0,0.0,0.0,0.0,50.0,0.0,0.0,-1,0.0,G1_REGIME,regime='unknown' skipped=None reg_empty=True,-1,0.0,0.0,
XRP/USDT,1454,2026-05-09 11:00:00,long,0.61234,65.72,60.0,1.422,0.005879,unknown,,,,False,False,0.0,0.0,50.0,0.0,0.0,0.0,0.0,0.0,50.0,0.0,0.0,-1,0.0,G1_REGIME,regime='unknown' skipped=None reg_empty=True,-1,0.0,0.0,
XRP/USDT,1455,2026-05-09 12:00:00,long,0.61938,65.25,60.0,1.4206,0.005636,unknown,,,,False,False,0.0,0.0,50.0,0.0,0.0,0.0,0.0,0.0,50.0,0.0,0.0,-1,0.0,G1_REGIME,regime='unknown' skipped=None reg_empty=True,-1,0.0,0.0,
XRP/USDT,1456,2026-05-09 13:00:00,long,0.622,65.0,60.0,1.4199,0.005671,unknown,,,,False,False,0.0,0.0,50.0,0.0,0.0,0.0,0.0,0.0,50.0,0.0,0.0,-1,0.0,G1_REGIME,regime='unknown' skipped=None reg_empty=True,-1,0.0,0.0,
XRP/USDT,1457,2026-05-09 14:00:00,long,0.6223,71.04,60.0,1.4156,0.005586,unknown,,,,False,False,0.0,0.0,50.0,0.0,0.0,0.0,0.0,0.0,50.0,0.0,0.0,-1,0.0,G1_REGIME,regime='unknown' skipped=None reg_empty=True,-1,0.0,0.0,
XRP/USDT,1458,2026-05-09 15:00:00,long,0.59993,63.97,60.0,1.4144,0.00515,unknown,,,,False,False,0.0,0.0,50.0,0.0,0.0,0.0,0.0,0.0,50.0,0.0,0.0,-1,0.0,G1_REGIME,regime='unknown' skipped=None reg_empty=True,-1,0.0,0.0,
XRP/USDT,1459,2026-05-09 16:00:00,long,0.60292,69.46,60.0,1.4173,0.0053,unknown,,,,False,False,0.0,0.0,50.0,0.0,0.0,0.0,0.0,0.0,50.0,0.0,0.0,-1,0.0,G1_REGIME,regime='unknown' skipped=None reg_empty=True,-1,0.0,0.0,
XRP/USDT,1460,2026-05-09 17:00:00,long,0.60133,66.3,60.0,1.4211,0.005357,unknown,,,,False,False,0.0,0.0,50.0,0.0,0.0,0.0,0.0,0.0,50.0,0.0,0.0,-1,0.0,G1_REGIME,regime='unknown' skipped=None reg_empty=True,-1,0.0,0.0,
XRP/USDT,1461,2026-05-09 18:00:00,long,0.5782,75.39,60.0,1.4222,0.005179,unknown,,,,False,False,0.0,0.0,50.0,0.0,0.0,0.0,0.0,0.0,50.0,0.0,0.0,-1,0.0,G1_REGIME,regime='unknown' skipped=None reg_empty=True,-1,0.0,0.0,
XRP/USDT,1462,2026-05-09 19:00:00,long,0.57906,75.98,60.0,1.424,0.004957,unknown,,,,False,False,0.0,0.0,50.0,0.0,0.0,0.0,0.0,0.0,50.0,0.0,0.0,-1,0.0,G1_REGIME,regime='unknown' skipped=None reg_empty=True,-1,0.0,0.0,
XRP/USDT,1463,2026-05-09 20:00:00,long,0.5773,74.45,60.0,1.4214,0.0049,unknown,,,,False,False,0.0,0.0,50.0,0.0,0.0,0.0,0.0,0.0,50.0,0.0,0.0,-1,0.0,G1_REGIME,regime='unknown' skipped=None reg_empty=True,-1,0.0,0.0,
XRP/USDT,1464,2026-05-09 21:00:00,long,0.5789,74.54,60.0,1.4223,0.004686,unknown,,,,False,False,0.0,0.0,50.0,0.0,0.0,0.0,0.0,0.0,50.0,0.0,0.0,-1,0.0,G1_REGIME,regime='unknown' skipped=None reg_empty=True,-1,0.0,0.0,
XRP/USDT,1465,2026-05-09 22:00:00,long,0.57961,75.39,60.0,1.4232,0.004793,unknown,,,,False,False,0.0,0.0,50.0,0.0,0.0,0.0,0.0,0.0,50.0,0.0,0.0,-1,0.0,G1_REGIME,regime='unknown' skipped=None reg_empty=True,-1,0.0,0.0,
XRP/USDT,1466,2026-05-09 23:00:00,long,0.58234,74.2,60.0,1.4205,0.004686,unknown,,,,False,False,0.0,0.0,50.0,0.0,0.0,0.0,0.0,0.0,50.0,0.0,0.0,-1,0.0,G1_REGIME,regime='unknown' skipped=None reg_empty=True,-1,0.0,0.0,
XRP/USDT,1467,2026-05-10 00:00:00,long,0.57791,74.33,60.0,1.4166,0.004779,unknown,,,,False,False,0.0,0.0,50.0,0.0,0.0,0.0,0.0,0.0,50.0,0.0,0.0,-1,0.0,G1_REGIME,regime='unknown' skipped=None reg_empty=True,-1,0.0,0.0,
XRP/USDT,1468,2026-05-10 01:00:00,long,0.58649,72.75,60.0,1.4147,0.004964,unknown,,,,False,False,0.0,0.0,50.0,0.0,0.0,0.0,0.0,0.0,50.0,0.0,0.0,-1,0.0,G1_REGIME,regime='unknown' skipped=None reg_empty=True,-1,0.0,0.0,
XRP/USDT,1469,2026-05-10 02:00:00,long,0.61311,97.8,60.0,1.4173,0.005386,unknown,,,,False,False,0.0,0.0,50.0,0.0,0.0,0.0,0.0,0.0,50.0,0.0,0.0,-1,0.0,G1_REGIME,regime='unknown' skipped=None reg_empty=True,-1,0.0,0.0,
XRP/USDT,1470,2026-05-10 03:00:00,long,0.60662,82.36,60.0,1.4172,0.005521,unknown,,,,False,False,0.0,0.0,50.0,0.0,0.0,0.0,0.0,0.0,50.0,0.0,0.0,-1,0.0,G1_REGIME,regime='unknown' skipped=None reg_empty=True,-1,0.0,0.0,
XRP/USDT,1471,2026-05-10 04:00:00,long,0.61282,74.38,60.0,1.4179,0.005357,unknown,,,,False,False,0.0,0.0,50.0,0.0,0.0,0.0,0.0,0.0,50.0,0.0,0.0,-1,0.0,G1_REGIME,regime='unknown' skipped=None reg_empty=True,-1,0.0,0.0,
XRP/USDT,1472,2026-05-10 05:00:00,long,0.6106,56.21,60.0,1.418,0.005307,unknown,,,,False,False,0.0,0.0,50.0,0.0,0.0,0.0,0.0,0.0,50.0,0.0,0.0,-1,0.0,G1_REGIME,regime='unknown' skipped=None reg_empty=True,-1,0.0,0.0,
XRP/USDT,1473,2026-05-10 06:00:00,long,0.59067,55.5,60.0,1.4187,0.004907,unknown,,,,False,False,0.0,0.0,50.0,0.0,0.0,0.0,0.0,0.0,50.0,0.0,0.0,-1,0.0,G1_REGIME,regime='unknown' skipped=None reg_empty=True,-1,0.0,0.0,
XRP/USDT,1474,2026-05-10 07:00:00,long,0.58543,56.82,60.0,1.4202,0.004743,unknown,,,,False,False,0.0,0.0,50.0,0.0,0.0,0.0,0.0,0.0,50.0,0.0,0.0,-1,0.0,G1_REGIME,regime='unknown' skipped=None reg_empty=True,-1,0.0,0.0,
XRP/USDT,1475,2026-05-10 08:00:00,long,0.61433,68.97,60.0,1.4272,0.005,unknown,,,,False,False,0.0,0.0,50.0,0.0,0.0,0.0,0.0,0.0,50.0,0.0,0.0,-1,0.0,G1_REGIME,regime='unknown' skipped=None reg_empty=True,-1,0.0,0.0,
XRP/USDT,1476,2026-05-10 09:00:00,long,0.64181,73.79,60.0,1.4283,0.005143,unknown,,,,False,False,0.0,0.0,50.0,0.0,0.0,0.0,0.0,0.0,50.0,0.0,0.0,-1,0.0,G1_REGIME,regime='unknown' skipped=None reg_empty=True,-1,0.0,0.0,
XRP/USDT,1477,2026-05-10 10:00:00,long,0.63554,85.68,60.0,1.4274,0.005329,unknown,,,,False,False,0.0,0.0,50.0,0.0,0.0,0.0,0.0,0.0,50.0,0.0,0.0,-1,0.0,G1_REGIME,regime='unknown' skipped=None reg_empty=True,-1,0.0,0.0,
XRP/USDT,1478,2026-05-10 11:00:00,long,0.63286,71.23,60.0,1.4232,0.005786,unknown,,,,False,False,0.0,0.0,50.0,0.0,0.0,0.0,0.0,0.0,50.0,0.0,0.0,-1,0.0,G1_REGIME,regime='unknown' skipped=None reg_empty=True,-1,0.0,0.0,
XRP/USDT,1479,2026-05-10 12:00:00,long,0.63347,63.28,60.0,1.4242,0.005736,unknown,,,,False,False,0.0,0.0,50.0,0.0,0.0,0.0,0.0,0.0,50.0,0.0,0.0,-1,0.0,G1_REGIME,regime='unknown' skipped=None reg_empty=True,-1,0.0,0.0,
XRP/USDT,1480,2026-05-10 13:00:00,long,0.67114,76.07,60.0,1.4323,0.006071,unknown,,,,False,False,0.0,0.0,50.0,0.0,0.0,0.0,0.0,0.0,50.0,0.0,0.0,-1,0.0,G1_REGIME,regime='unknown' skipped=None reg_empty=True,-1,0.0,0.0,
XRP/USDT,1481,2026-05-10 14:00:00,long,0.67347,56.37,60.0,1.4352,0.006171,unknown,,,,False,False,0.0,0.0,50.0,0.0,0.0,0.0,0.0,0.0,50.0,0.0,0.0,-1,0.0,G1_REGIME,regime='unknown' skipped=None reg_empty=True,-1,0.0,0.0,
XRP/USDT,1482,2026-05-10 15:00:00,long,0.66959,69.48,60.0,1.4442,0.006636,unknown,,,,False,False,0.0,0.0,50.0,0.0,0.0,0.0,0.0,0.0,50.0,0.0,0.0,-1,0.0,G1_REGIME,regime='unknown' skipped=None reg_empty=True,-1,0.0,0.0,
XRP/USDT,1483,2026-05-10 16:00:00,long,0.70845,91.1,60.0,1.4721,0.00855,unknown,,,,False,False,0.0,0.0,50.0,0.0,0.0,0.0,0.0,0.0,50.0,0.0,0.0,-1,0.0,G1_REGIME,regime='unknown' skipped=None reg_empty=True,-1,0.0,0.0,
XRP/USDT,1484,2026-05-10 17:00:00,long,0.6907,91.11,60.0,1.5045,0.0107,unknown,,,,False,False,0.0,0.0,50.0,0.0,0.0,0.0,0.0,0.0,50.0,0.0,0.0,-1,0.0,G1_REGIME,regime='unknown' skipped=None reg_empty=True,-1,0.0,0.0,
XRP/USDT,1485,2026-05-10 18:00:00,long,0.68072,76.82,60.0,1.4863,0.011964,unknown,,,,False,False,0.0,0.0,50.0,0.0,0.0,0.0,0.0,0.0,50.0,0.0,0.0,-1,0.0,G1_REGIME,regime='unknown' skipped=None reg_empty=True,-1,0.0,0.0,
XRP/USDT,1486,2026-05-10 19:00:00,long,0.67872,73.44,60.0,1.4867,0.012814,unknown,,,,False,False,0.0,0.0,50.0,0.0,0.0,0.0,0.0,0.0,50.0,0.0,0.0,-1,0.0,G1_REGIME,regime='unknown' skipped=None reg_empty=True,-1,0.0,0.0,
XRP/USDT,1487,2026-05-10 20:00:00,long,0.66126,100.0,60.0,1.45,0.01635,unknown,,,,False,False,0.0,0.0,50.0,0.0,0.0,0.0,0.0,0.0,50.0,0.0,0.0,-1,0.0,G1_REGIME,regime='unknown' skipped=None reg_empty=True,-1,0.0,0.0,
XRP/USDT,1488,2026-05-10 21:00:00,long,0.67557,87.91,60.0,1.455,0.017464,unknown,,,,False,False,0.0,0.0,50.0,0.0,0.0,0.0,0.0,0.0,50.0,0.0,0.0,-1,0.0,G1_REGIME,regime='unknown' skipped=None reg_empty=True,-1,0.0,0.0,
XRP/USDT,1489,2026-05-10 22:00:00,long,0.66187,90.79,60.0,1.4736,0.01845,unknown,,,,False,False,0.0,0.0,50.0,0.0,0.0,0.0,0.0,0.0,50.0,0.0,0.0,-1,0.0,G1_REGIME,regime='unknown' skipped=None reg_empty=True,-1,0.0,0.0,
XRP/USDT,1490,2026-05-10 23:00:00,long,0.65991,87.51,60.0,1.4734,0.018621,unknown,,,,False,False,0.0,0.0,50.0,0.0,0.0,0.0,0.0,0.0,50.0,0.0,0.0,-1,0.0,G1_REGIME,regime='unknown' skipped=None reg_empty=True,-1,0.0,0.0,
XRP/USDT,1491,2026-05-11 00:00:00,long,0.67077,87.33,60.0,1.4579,0.019971,unknown,,,,False,False,0.0,0.0,50.0,0.0,0.0,0.0,0.0,0.0,50.0,0.0,0.0,-1,0.0,G1_REGIME,regime='unknown' skipped=None reg_empty=True,-1,0.0,0.0,
XRP/USDT,1492,2026-05-11 01:00:00,long,0.67205,86.42,60.0,1.4606,0.0205,unknown,,,,False,False,0.0,0.0,50.0,0.0,0.0,0.0,0.0,0.0,50.0,0.0,0.0,-1,0.0,G1_REGIME,regime='unknown' skipped=None reg_empty=True,-1,0.0,0.0,
XRP/USDT,1493,2026-05-11 02:00:00,long,0.67149,85.03,60.0,1.4537,0.021214,unknown,,,,False,False,0.0,0.0,50.0,0.0,0.0,0.0,0.0,0.0,50.0,0.0,0.0,-1,0.0,G1_REGIME,regime='unknown' skipped=None reg_empty=True,-1,0.0,0.0,
XRP/USDT,1494,2026-05-11 03:00:00,long,0.6678,85.46,60.0,1.4487,0.021464,unknown,,,,False,False,0.0,0.0,50.0,0.0,0.0,0.0,0.0,0.0,50.0,0.0,0.0,-1,0.0,G1_REGIME,regime='unknown' skipped=None reg_empty=True,-1,0.0,0.0,
XRP/USDT,1495,2026-05-11 04:00:00,long,0.66305,82.49,60.0,1.4481,0.021714,unknown,,,,False,False,0.0,0.0,50.0,0.0,0.0,0.0,0.0,0.0,50.0,0.0,0.0,-1,0.0,G1_REGIME,regime='unknown' skipped=None reg_empty=True,-1,0.0,0.0,
XRP/USDT,1496,2026-05-11 05:00:00,long,0.70597,82.83,60.0,1.4553,0.021529,unknown,,,,False,False,0.0,0.0,50.0,0.0,0.0,0.0,0.0,0.0,50.0,0.0,0.0,-1,0.0,G1_REGIME,regime='unknown' skipped=None reg_empty=True,-1,0.0,0.0,
XRP/USDT,1497,2026-05-11 06:00:00,long,0.69408,79.31,60.0,1.4535,0.019557,unknown,,,,False,False,0.0,0.0,50.0,0.0,0.0,0.0,0.0,0.0,50.0,0.0,0.0,-1,0.0,G1_REGIME,regime='unknown' skipped=None reg_empty=True,-1,0.0,0.0,
XRP/USDT,1498,2026-05-11 07:00:00,long,0.68673,80.68,60.0,1.4494,0.017793,unknown,,,,False,False,0.0,0.0,50.0,0.0,0.0,0.0,0.0,0.0,50.0,0.0,0.0,-1,0.0,G1_REGIME,regime='unknown' skipped=None reg_empty=True,-1,0.0,0.0,
XRP/USDT,1499,2026-05-11 08:00:00,long,0.68007,79.3,60.0,1.4457,0.016921,unknown,,,,False,False,0.0,0.0,50.0,0.0,0.0,0.0,0.0,0.0,50.0,0.0,0.0,-1,0.0,G1_REGIME,regime='unknown' skipped=None reg_empty=True,-1,0.0,0.0,
XRP/USDT,1500,2026-05-11 09:00:00,long,0.68861,79.03,60.0,1.4515,0.016429,unknown,,,,False,False,0.0,0.0,50.0,0.0,0.0,0.0,0.0,0.0,50.0,0.0,0.0,-1,0.0,G1_REGIME,regime='unknown' skipped=None reg_empty=True,-1,0.0,0.0,
XRP/USDT,1501,2026-05-11 10:00:00,long,0.68419,78.5,60.0,1.4509,0.013036,unknown,,,,False,False,0.0,0.0,50.0,0.0,0.0,0.0,0.0,0.0,50.0,0.0,0.0,-1,0.0,G1_REGIME,regime='unknown' skipped=None reg_empty=True,-1,0.0,0.0,
XRP/USDT,1502,2026-05-11 11:00:00,long,0.68532,79.34,60.0,1.4579,0.012357,unknown,,,,False,False,0.0,0.0,50.0,0.0,0.0,0.0,0.0,0.0,50.0,0.0,0.0,-1,0.0,G1_REGIME,regime='unknown' skipped=None reg_empty=True,-1,0.0,0.0,
XRP/USDT,1503,2026-05-11 12:00:00,long,0.67975,79.61,60.0,1.4582,0.01145,unknown,,,,False,False,0.0,0.0,50.0,0.0,0.0,0.0,0.0,0.0,50.0,0.0,0.0,-1,0.0,G1_REGIME,regime='unknown' skipped=None reg_empty=True,-1,0.0,0.0,
XRP/USDT,1504,2026-05-11 13:00:00,long,0.68627,80.46,60.0,1.46,0.011814,unknown,,,,False,False,0.0,0.0,50.0,0.0,0.0,0.0,0.0,0.0,50.0,0.0,0.0,-1,0.0,G1_REGIME,regime='unknown' skipped=None reg_empty=True,-1,0.0,0.0,
XRP/USDT,1505,2026-05-11 14:00:00,long,0.69951,89.52,60.0,1.4714,0.011214,unknown,,,,False,False,0.0,0.0,50.0,0.0,0.0,0.0,0.0,0.0,50.0,0.0,0.0,-1,0.0,G1_REGIME,regime='unknown' skipped=None reg_empty=True,-1,0.0,0.0,
XRP/USDT,1506,2026-05-11 15:00:00,long,0.70249,93.68,60.0,1.4848,0.011586,unknown,,,,False,False,0.0,0.0,50.0,0.0,0.0,0.0,0.0,0.0,50.0,0.0,0.0,-1,0.0,G1_REGIME,regime='unknown' skipped=None reg_empty=True,-1,0.0,0.0,
XRP/USDT,1507,2026-05-11 16:00:00,long,0.68829,90.04,60.0,1.474,0.011786,unknown,,,,False,False,0.0,0.0,50.0,0.0,0.0,0.0,0.0,0.0,50.0,0.0,0.0,-1,0.0,G1_REGIME,regime='unknown' skipped=None reg_empty=True,-1,0.0,0.0,
XRP/USDT,1508,2026-05-11 17:00:00,long,0.69747,79.44,60.0,1.4799,0.011836,unknown,,,,False,False,0.0,0.0,50.0,0.0,0.0,0.0,0.0,0.0,50.0,0.0,0.0,-1,0.0,G1_REGIME,regime='unknown' skipped=None reg_empty=True,-1,0.0,0.0,
XRP/USDT,1509,2026-05-11 18:00:00,long,0.69034,85.26,60.0,1.4704,0.0118,unknown,,,,False,False,0.0,0.0,50.0,0.0,0.0,0.0,0.0,0.0,50.0,0.0,0.0,-1,0.0,G1_REGIME,regime='unknown' skipped=None reg_empty=True,-1,0.0,0.0,
XRP/USDT,1510,2026-05-11 19:00:00,long,0.6914,78.1,60.0,1.4796,0.012136,unknown,,,,False,False,0.0,0.0,50.0,0.0,0.0,0.0,0.0,0.0,50.0,0.0,0.0,-1,0.0,G1_REGIME,regime='unknown' skipped=None reg_empty=True,-1,0.0,0.0,
XRP/USDT,1511,2026-05-11 20:00:00,long,0.67155,76.36,60.0,1.4731,0.012264,unknown,,,,False,False,0.0,0.0,50.0,0.0,0.0,0.0,0.0,0.0,50.0,0.0,0.0,-1,0.0,G1_REGIME,regime='unknown' skipped=None reg_empty=True,-1,0.0,0.0,
XRP/USDT,1512,2026-05-11 21:00:00,long,0.66809,72.07,60.0,1.47,0.011843,unknown,,,,False,False,0.0,0.0,50.0,0.0,0.0,0.0,0.0,0.0,50.0,0.0,0.0,-1,0.0,G1_REGIME,regime='unknown' skipped=None reg_empty=True,-1,0.0,0.0,
XRP/USDT,1513,2026-05-11 22:00:00,long,0.67778,74.05,60.0,1.4753,0.011821,unknown,,,,False,False,0.0,0.0,50.0,0.0,0.0,0.0,0.0,0.0,50.0,0.0,0.0,-1,0.0,G1_REGIME,regime='unknown' skipped=None reg_empty=True,-1,0.0,0.0,
XRP/USDT,1514,2026-05-11 23:00:00,long,0.67445,76.73,60.0,1.4776,0.011871,unknown,,,,False,False,0.0,0.0,50.0,0.0,0.0,0.0,0.0,0.0,50.0,0.0,0.0,-1,0.0,G1_REGIME,regime='unknown' skipped=None reg_empty=True,-1,0.0,0.0,
XRP/USDT,1515,2026-05-12 00:00:00,long,0.55652,73.64,60.0,1.4799,0.012136,unknown,,,,False,False,0.0,0.0,50.0,0.0,0.0,0.0,0.0,0.0,50.0,0.0,0.0,-1,0.0,G1_REGIME,regime='unknown' skipped=None reg_empty=True,-1,0.0,0.0,
XRP/USDT,1516,2026-05-12 01:00:00,long,0.56775,78.97,60.0,1.4671,0.0132,unknown,,,,False,False,0.0,0.0,50.0,0.0,0.0,0.0,0.0,0.0,50.0,0.0,0.0,-1,0.0,G1_REGIME,regime='unknown' skipped=None reg_empty=True,-1,0.0,0.0,
XRP/USDT,1517,2026-05-12 02:00:00,long,0.55652,76.9,60.0,1.4646,0.013257,unknown,,,,False,False,0.0,0.0,50.0,0.0,0.0,0.0,0.0,0.0,50.0,0.0,0.0,-1,0.0,G1_REGIME,regime='unknown' skipped=None reg_empty=True,-1,0.0,0.0,
XRP/USDT,1518,2026-05-12 03:00:00,long,0.55538,85.28,60.0,1.4597,0.012857,unknown,,,,False,False,0.0,0.0,50.0,0.0,0.0,0.0,0.0,0.0,50.0,0.0,0.0,-1,0.0,G1_REGIME,regime='unknown' skipped=None reg_empty=True,-1,0.0,0.0,
XRP/USDT,1519,2026-05-12 04:00:00,long,0.5549,87.31,60.0,1.4628,0.012307,unknown,,,,False,False,0.0,0.0,50.0,0.0,0.0,0.0,0.0,0.0,50.0,0.0,0.0,-1,0.0,G1_REGIME,regime='unknown' skipped=None reg_empty=True,-1,0.0,0.0,
XRP/USDT,1520,2026-05-12 05:00:00,long,0.5534,89.68,60.0,1.462,0.011421,unknown,,,,False,False,0.0,0.0,50.0,0.0,0.0,0.0,0.0,0.0,50.0,0.0,0.0,-1,0.0,G1_REGIME,regime='unknown' skipped=None reg_empty=True,-1,0.0,0.0,
XRP/USDT,1521,2026-05-12 06:00:00,long,0.56258,86.92,60.0,1.4587,0.011107,unknown,,,,False,False,0.0,0.0,50.0,0.0,0.0,0.0,0.0,0.0,50.0,0.0,0.0,-1,0.0,G1_REGIME,regime='unknown' skipped=None reg_empty=True,-1,0.0,0.0,
XRP/USDT,1522,2026-05-12 07:00:00,long,0.55625,86.24,60.0,1.4628,0.010821,unknown,,,,False,False,0.0,0.0,50.0,0.0,0.0,0.0,0.0,0.0,50.0,0.0,0.0,-1,0.0,G1_REGIME,regime='unknown' skipped=None reg_empty=True,-1,0.0,0.0,
XRP/USDT,1523,2026-05-12 08:00:00,long,0.57132,84.65,60.0,1.4651,0.010857,unknown,,,,False,False,0.0,0.0,50.0,0.0,0.0,0.0,0.0,0.0,50.0,0.0,0.0,-1,0.0,G1_REGIME,regime='unknown' skipped=None reg_empty=True,-1,0.0,0.0,
XRP/USDT,1524,2026-05-12 09:00:00,long,0.56008,85.99,60.0,1.4556,0.010621,unknown,,,,False,False,0.0,0.0,50.0,0.0,0.0,0.0,0.0,0.0,50.0,0.0,0.0,-1,0.0,G1_REGIME,regime='unknown' skipped=None reg_empty=True,-1,0.0,0.0,
XRP/USDT,1525,2026-05-12 10:00:00,long,0.57637,86.43,60.0,1.4496,0.010671,unknown,,,,False,False,0.0,0.0,50.0,0.0,0.0,0.0,0.0,0.0,50.0,0.0,0.0,-1,0.0,G1_REGIME,regime='unknown' skipped=None reg_empty=True,-1,0.0,0.0,
XRP/USDT,1526,2026-05-12 11:00:00,long,0.57559,85.8,60.0,1.449,0.010836,unknown,,,,False,False,0.0,0.0,50.0,0.0,0.0,0.0,0.0,0.0,50.0,0.0,0.0,-1,0.0,G1_REGIME,regime='unknown' skipped=None reg_empty=True,-1,0.0,0.0,
XRP/USDT,1527,2026-05-12 12:00:00,long,0.56905,89.41,60.0,1.4506,0.010871,unknown,,,,False,False,0.0,0.0,50.0,0.0,0.0,0.0,0.0,0.0,50.0,0.0,0.0,-1,0.0,G1_REGIME,regime='unknown' skipped=None reg_empty=True,-1,0.0,0.0,
XRP/USDT,1528,2026-05-12 13:00:00,long,0.57805,100.0,60.0,1.4345,0.011593,unknown,,,,False,False,0.0,0.0,50.0,0.0,0.0,0.0,0.0,0.0,50.0,0.0,0.0,-1,0.0,G1_REGIME,regime='unknown' skipped=None reg_empty=True,-1,0.0,0.0,
XRP/USDT,1529,2026-05-12 14:00:00,long,0.57405,100.0,60.0,1.4281,0.012121,unknown,,,,False,False,0.0,0.0,50.0,0.0,0.0,0.0,0.0,0.0,50.0,0.0,0.0,-1,0.0,G1_REGIME,regime='unknown' skipped=None reg_empty=True,-1,0.0,0.0,
XRP/USDT,1530,2026-05-12 15:00:00,long,0.56169,100.0,60.0,1.424,0.011271,unknown,,,,False,False,0.0,0.0,50.0,0.0,0.0,0.0,0.0,0.0,50.0,0.0,0.0,-1,0.0,G1_REGIME,regime='unknown' skipped=None reg_empty=True,-1,0.0,0.0,
XRP/USDT,1531,2026-05-12 16:00:00,long,0.56173,82.46,60.0,1.4225,0.011229,unknown,,,,False,False,0.0,0.0,50.0,0.0,0.0,0.0,0.0,0.0,50.0,0.0,0.0,-1,0.0,G1_REGIME,regime='unknown' skipped=None reg_empty=True,-1,0.0,0.0,
XRP/USDT,1532,2026-05-12 17:00:00,long,0.58233,84.75,60.0,1.4339,0.011621,unknown,,,,False,False,0.0,0.0,50.0,0.0,0.0,0.0,0.0,0.0,50.0,0.0,0.0,-1,0.0,G1_REGIME,regime='unknown' skipped=None reg_empty=True,-1,0.0,0.0,
XRP/USDT,1533,2026-05-12 18:00:00,long,0.57243,78.8,60.0,1.4362,0.011436,unknown,,,,False,False,0.0,0.0,50.0,0.0,0.0,0.0,0.0,0.0,50.0,0.0,0.0,-1,0.0,G1_REGIME,regime='unknown' skipped=None reg_empty=True,-1,0.0,0.0,
XRP/USDT,1534,2026-05-12 19:00:00,long,0.56736,72.91,60.0,1.4411,0.01125,unknown,,,,False,False,0.0,0.0,50.0,0.0,0.0,0.0,0.0,0.0,50.0,0.0,0.0,-1,0.0,G1_REGIME,regime='unknown' skipped=None reg_empty=True,-1,0.0,0.0,
XRP/USDT,1535,2026-05-12 20:00:00,long,0.5637,68.91,60.0,1.441,0.010736,unknown,,,,False,False,0.0,0.0,50.0,0.0,0.0,0.0,0.0,0.0,50.0,0.0,0.0,-1,0.0,G1_REGIME,regime='unknown' skipped=None reg_empty=True,-1,0.0,0.0,
XRP/USDT,1536,2026-05-12 21:00:00,long,0.54823,69.45,60.0,1.4407,0.010193,unknown,,,,False,False,0.0,0.0,50.0,0.0,0.0,0.0,0.0,0.0,50.0,0.0,0.0,-1,0.0,G1_REGIME,regime='unknown' skipped=None reg_empty=True,-1,0.0,0.0,
XRP/USDT,1537,2026-05-12 22:00:00,long,0.54907,81.83,60.0,1.4397,0.009707,unknown,,,,False,False,0.0,0.0,50.0,0.0,0.0,0.0,0.0,0.0,50.0,0.0,0.0,-1,0.0,G1_REGIME,regime='unknown' skipped=None reg_empty=True,-1,0.0,0.0,
XRP/USDT,1538,2026-05-12 23:00:00,long,0.54832,79.45,60.0,1.437,0.0095,unknown,,,,False,False,0.0,0.0,50.0,0.0,0.0,0.0,0.0,0.0,50.0,0.0,0.0,-1,0.0,G1_REGIME,regime='unknown' skipped=None reg_empty=True,-1,0.0,0.0,
XRP/USDT,1539,2026-05-13 00:00:00,long,0.54248,84.71,60.0,1.4393,0.0091,unknown,,,,False,False,0.0,0.0,50.0,0.0,0.0,0.0,0.0,0.0,50.0,0.0,0.0,-1,0.0,G1_REGIME,regime='unknown' skipped=None reg_empty=True,-1,0.0,0.0,
XRP/USDT,1540,2026-05-13 01:00:00,long,0.57067,82.57,60.0,1.4489,0.009479,unknown,,,,False,False,0.0,0.0,50.0,0.0,0.0,0.0,0.0,0.0,50.0,0.0,0.0,-1,0.0,G1_REGIME,regime='unknown' skipped=None reg_empty=True,-1,0.0,0.0,
XRP/USDT,1541,2026-05-13 02:00:00,long,0.55252,75.84,60.0,1.4484,0.009271,unknown,,,,False,False,0.0,0.0,50.0,0.0,0.0,0.0,0.0,0.0,50.0,0.0,0.0,-1,0.0,G1_REGIME,regime='unknown' skipped=None reg_empty=True,-1,0.0,0.0,
XRP/USDT,1542,2026-05-13 03:00:00,long,0.57481,67.34,60.0,1.4522,0.008293,unknown,,,,False,False,0.0,0.0,50.0,0.0,0.0,0.0,0.0,0.0,50.0,0.0,0.0,-1,0.0,G1_REGIME,regime='unknown' skipped=None reg_empty=True,-1,0.0,0.0,
XRP/USDT,1543,2026-05-13 04:00:00,long,0.58925,68.81,60.0,1.4624,0.008107,unknown,,,,False,False,0.0,0.0,50.0,0.0,0.0,0.0,0.0,0.0,50.0,0.0,0.0,-1,0.0,G1_REGIME,regime='unknown' skipped=None reg_empty=True,-1,0.0,0.0,
XRP/USDT,1544,2026-05-13 05:00:00,long,0.56004,62.63,60.0,1.4545,0.0079,unknown,,,,False,False,0.0,0.0,50.0,0.0,0.0,0.0,0.0,0.0,50.0,0.0,0.0,-1,0.0,G1_REGIME,regime='unknown' skipped=None reg_empty=True,-1,0.0,0.0,
XRP/USDT,1545,2026-05-13 06:00:00,long,0.57037,67.49,60.0,1.4543,0.007807,unknown,,,,False,False,0.0,0.0,50.0,0.0,0.0,0.0,0.0,0.0,50.0,0.0,0.0,-1,0.0,G1_REGIME,regime='unknown' skipped=None reg_empty=True,-1,0.0,0.0,
XRP/USDT,1546,2026-05-13 07:00:00,long,0.58155,66.71,60.0,1.4622,0.007621,unknown,,,,False,False,0.0,0.0,50.0,0.0,0.0,0.0,0.0,0.0,50.0,0.0,0.0,-1,0.0,G1_REGIME,regime='unknown' skipped=None reg_empty=True,-1,0.0,0.0,
XRP/USDT,1547,2026-05-13 08:00:00,long,0.58602,65.64,60.0,1.4629,0.007664,unknown,,,,False,False,0.0,0.0,50.0,0.0,0.0,0.0,0.0,0.0,50.0,0.0,0.0,-1,0.0,G1_REGIME,regime='unknown' skipped=None reg_empty=True,-1,0.0,0.0,
XRP/USDT,1548,2026-05-13 09:00:00,long,0.58719,68.69,60.0,1.4683,0.007693,unknown,,,,False,False,0.0,0.0,50.0,0.0,0.0,0.0,0.0,0.0,50.0,0.0,0.0,-1,0.0,G1_REGIME,regime='unknown' skipped=None reg_empty=True,-1,0.0,0.0,
XRP/USDT,1549,2026-05-13 10:00:00,long,0.56122,71.83,60.0,1.458,0.008307,unknown,,,,False,False,0.0,0.0,50.0,0.0,0.0,0.0,0.0,0.0,50.0,0.0,0.0,-1,0.0,G1_REGIME,regime='unknown' skipped=None reg_empty=True,-1,0.0,0.0,
XRP/USDT,1550,2026-05-13 11:00:00,long,0.56614,77.91,60.0,1.4484,0.008971,unknown,,,,False,False,0.0,0.0,50.0,0.0,0.0,0.0,0.0,0.0,50.0,0.0,0.0,-1,0.0,G1_REGIME,regime='unknown' skipped=None reg_empty=True,-1,0.0,0.0,
XRP/USDT,1551,2026-05-13 12:00:00,long,0.60618,100.0,60.0,1.4337,0.010343,unknown,,,,False,False,0.0,0.0,50.0,0.0,0.0,0.0,0.0,0.0,50.0,0.0,0.0,-1,0.0,G1_REGIME,regime='unknown' skipped=None reg_empty=True,-1,0.0,0.0,
XRP/USDT,1552,2026-05-13 13:00:00,long,0.58937,100.0,60.0,1.427,0.010971,unknown,,,,False,False,0.0,0.0,50.0,0.0,0.0,0.0,0.0,0.0,50.0,0.0,0.0,-1,0.0,G1_REGIME,regime='unknown' skipped=None reg_empty=True,-1,0.0,0.0,
XRP/USDT,1553,2026-05-13 14:00:00,long,0.61448,90.8,60.0,1.4288,0.011293,unknown,,,,False,False,0.0,0.0,50.0,0.0,0.0,0.0,0.0,0.0,50.0,0.0,0.0,-1,0.0,G1_REGIME,regime='unknown' skipped=None reg_empty=True,-1,0.0,0.0,
XRP/USDT,1554,2026-05-13 15:00:00,long,0.68613,100.0,60.0,1.4131,0.011864,unknown,,,,False,False,0.0,0.0,50.0,0.0,0.0,0.0,0.0,0.0,50.0,0.0,0.0,-1,0.0,G1_REGIME,regime='unknown' skipped=None reg_empty=True,-1,0.0,0.0,
XRP/USDT,1555,2026-05-13 16:00:00,long,0.64022,92.2,60.0,1.4233,0.012286,unknown,,,,False,False,0.0,0.0,50.0,0.0,0.0,0.0,0.0,0.0,50.0,0.0,0.0,-1,0.0,G1_REGIME,regime='unknown' skipped=None reg_empty=True,-1,0.0,0.0,
XRP/USDT,1556,2026-05-13 17:00:00,long,0.63489,85.05,60.0,1.4293,0.0124,unknown,,,,False,False,0.0,0.0,50.0,0.0,0.0,0.0,0.0,0.0,50.0,0.0,0.0,-1,0.0,G1_REGIME,regime='unknown' skipped=None reg_empty=True,-1,0.0,0.0,
XRP/USDT,1557,2026-05-13 18:00:00,long,0.63958,83.55,60.0,1.4266,0.011971,unknown,,,,False,False,0.0,0.0,50.0,0.0,0.0,0.0,0.0,0.0,50.0,0.0,0.0,-1,0.0,G1_REGIME,regime='unknown' skipped=None reg_empty=True,-1,0.0,0.0,
XRP/USDT,1558,2026-05-13 19:00:00,long,0.65376,81.55,60.0,1.419,0.011914,unknown,,,,False,False,0.0,0.0,50.0,0.0,0.0,0.0,0.0,0.0,50.0,0.0,0.0,-1,0.0,G1_REGIME,regime='unknown' skipped=None reg_empty=True,-1,0.0,0.0,
XRP/USDT,1559,2026-05-13 20:00:00,long,0.63447,81.09,60.0,1.4253,0.011829,unknown,,,,False,False,0.0,0.0,50.0,0.0,0.0,0.0,0.0,0.0,50.0,0.0,0.0,-1,0.0,G1_REGIME,regime='unknown' skipped=None reg_empty=True,-1,0.0,0.0,
XRP/USDT,1560,2026-05-13 21:00:00,long,0.65628,82.69,60.0,1.4185,0.011721,unknown,,,,False,False,0.0,0.0,50.0,0.0,0.0,0.0,0.0,0.0,50.0,0.0,0.0,-1,0.0,G1_REGIME,regime='unknown' skipped=None reg_empty=True,-1,0.0,0.0,
XRP/USDT,1561,2026-05-13 22:00:00,long,0.63628,86.86,60.0,1.4231,0.011814,unknown,,,,False,False,0.0,0.0,50.0,0.0,0.0,0.0,0.0,0.0,50.0,0.0,0.0,-1,0.0,G1_REGIME,regime='unknown' skipped=None reg_empty=True,-1,0.0,0.0,
XRP/USDT,1562,2026-05-13 23:00:00,long,0.63053,83.1,60.0,1.4273,0.011793,unknown,,,,False,False,0.0,0.0,50.0,0.0,0.0,0.0,0.0,0.0,50.0,0.0,0.0,-1,0.0,G1_REGIME,regime='unknown' skipped=None reg_empty=True,-1,0.0,0.0,
XRP/USDT,1563,2026-05-14 00:00:00,long,0.69469,89.55,60.0,1.4319,0.011379,unknown,,,,False,False,0.0,0.0,50.0,0.0,0.0,0.0,0.0,0.0,50.0,0.0,0.0,-1,0.0,G1_REGIME,regime='unknown' skipped=None reg_empty=True,-1,0.0,0.0,
XRP/USDT,1564,2026-05-14 01:00:00,long,0.68871,92.33,60.0,1.4325,0.0111,unknown,,,,False,False,0.0,0.0,50.0,0.0,0.0,0.0,0.0,0.0,50.0,0.0,0.0,-1,0.0,G1_REGIME,regime='unknown' skipped=None reg_empty=True,-1,0.0,0.0,
XRP/USDT,1565,2026-05-14 02:00:00,long,0.68799,85.57,60.0,1.4259,0.010164,unknown,,,,False,False,0.0,0.0,50.0,0.0,0.0,0.0,0.0,0.0,50.0,0.0,0.0,-1,0.0,G1_REGIME,regime='unknown' skipped=None reg_empty=True,-1,0.0,0.0,
XRP/USDT,1566,2026-05-14 03:00:00,long,0.692,85.73,60.0,1.4222,0.009693,unknown,,,,False,False,0.0,0.0,50.0,0.0,0.0,0.0,0.0,0.0,50.0,0.0,0.0,-1,0.0,G1_REGIME,regime='unknown' skipped=None reg_empty=True,-1,0.0,0.0,
XRP/USDT,1567,2026-05-14 04:00:00,long,0.70667,88.81,60.0,1.4306,0.009779,unknown,,,,False,False,0.0,0.0,50.0,0.0,0.0,0.0,0.0,0.0,50.0,0.0,0.0,-1,0.0,G1_REGIME,regime='unknown' skipped=None reg_empty=True,-1,0.0,0.0,
XRP/USDT,1568,2026-05-14 05:00:00,long,0.70236,80.61,60.0,1.4358,0.009,unknown,,,,False,False,0.0,0.0,50.0,0.0,0.0,0.0,0.0,0.0,50.0,0.0,0.0,-1,0.0,G1_REGIME,regime='unknown' skipped=None reg_empty=True,-1,0.0,0.0,
XRP/USDT,1569,2026-05-14 06:00:00,long,0.70619,82.29,60.0,1.4347,0.0088,unknown,,,,False,False,0.0,0.0,50.0,0.0,0.0,0.0,0.0,0.0,50.0,0.0,0.0,-1,0.0,G1_REGIME,regime='unknown' skipped=None reg_empty=True,-1,0.0,0.0,
XRP/USDT,1570,2026-05-14 07:00:00,long,0.70385,94.91,60.0,1.4324,0.00875,unknown,,,,False,False,0.0,0.0,50.0,0.0,0.0,0.0,0.0,0.0,50.0,0.0,0.0,-1,0.0,G1_REGIME,regime='unknown' skipped=None reg_empty=True,-1,0.0,0.0,
XRP/USDT,1571,2026-05-14 08:00:00,long,0.69963,81.45,60.0,1.4346,0.008729,unknown,,,,False,False,0.0,0.0,50.0,0.0,0.0,0.0,0.0,0.0,50.0,0.0,0.0,-1,0.0,G1_REGIME,regime='unknown' skipped=None reg_empty=True,-1,0.0,0.0,
XRP/USDT,1572,2026-05-14 09:00:00,long,0.7084,90.59,60.0,1.4296,0.00865,unknown,,,,False,False,0.0,0.0,50.0,0.0,0.0,0.0,0.0,0.0,50.0,0.0,0.0,-1,0.0,G1_REGIME,regime='unknown' skipped=None reg_empty=True,-1,0.0,0.0,
XRP/USDT,1573,2026-05-14 10:00:00,long,0.70587,83.78,60.0,1.4366,0.008807,unknown,,,,False,False,0.0,0.0,50.0,0.0,0.0,0.0,0.0,0.0,50.0,0.0,0.0,-1,0.0,G1_REGIME,regime='unknown' skipped=None reg_empty=True,-1,0.0,0.0,
XRP/USDT,1574,2026-05-14 11:00:00,long,0.70511,91.23,60.0,1.4325,0.008721,unknown,,,,False,False,0.0,0.0,50.0,0.0,0.0,0.0,0.0,0.0,50.0,0.0,0.0,-1,0.0,G1_REGIME,regime='unknown' skipped=None reg_empty=True,-1,0.0,0.0,
XRP/USDT,1575,2026-05-14 12:00:00,long,0.68624,97.74,60.0,1.4482,0.009557,unknown,,,,False,False,0.0,0.0,50.0,0.0,0.0,0.0,0.0,0.0,50.0,0.0,0.0,-1,0.0,G1_REGIME,regime='unknown' skipped=None reg_empty=True,-1,0.0,0.0,
XRP/USDT,1576,2026-05-14 13:00:00,long,0.68468,97.54,60.0,1.4423,0.010407,unknown,,,,False,False,0.0,0.0,50.0,0.0,0.0,0.0,0.0,0.0,50.0,0.0,0.0,-1,0.0,G1_REGIME,regime='unknown' skipped=None reg_empty=True,-1,0.0,0.0,
XRP/USDT,1577,2026-05-14 14:00:00,long,0.66712,90.82,60.0,1.471,0.01245,unknown,,,,False,False,0.0,0.0,50.0,0.0,0.0,0.0,0.0,0.0,50.0,0.0,0.0,-1,0.0,G1_REGIME,regime='unknown' skipped=None reg_empty=True,-1,0.0,0.0,
XRP/USDT,1578,2026-05-14 15:00:00,long,0.66766,90.76,60.0,1.4727,0.012793,unknown,,,,False,False,0.0,0.0,50.0,0.0,0.0,0.0,0.0,0.0,50.0,0.0,0.0,-1,0.0,G1_REGIME,regime='unknown' skipped=None reg_empty=True,-1,0.0,0.0,
XRP/USDT,1579,2026-05-14 16:00:00,long,0.66318,90.25,60.0,1.4803,0.013193,unknown,,,,False,False,0.0,0.0,50.0,0.0,0.0,0.0,0.0,0.0,50.0,0.0,0.0,-1,0.0,G1_REGIME,regime='unknown' skipped=None reg_empty=True,-1,0.0,0.0,
XRP/USDT,1580,2026-05-14 17:00:00,long,0.67037,91.49,60.0,1.4918,0.014529,unknown,,,,False,False,0.0,0.0,50.0,0.0,0.0,0.0,0.0,0.0,50.0,0.0,0.0,-1,0.0,G1_REGIME,regime='unknown' skipped=None reg_empty=True,-1,0.0,0.0,
XRP/USDT,1581,2026-05-14 18:00:00,long,0.67676,92.51,60.0,1.5362,0.017957,unknown,,,,False,False,0.0,0.0,50.0,0.0,0.0,0.0,0.0,0.0,50.0,0.0,0.0,-1,0.0,G1_REGIME,regime='unknown' skipped=None reg_empty=True,-1,0.0,0.0,
XRP/USDT,1582,2026-05-14 19:00:00,long,0.67624,100.0,60.0,1.517,0.019971,unknown,,,,False,False,0.0,0.0,50.0,0.0,0.0,0.0,0.0,0.0,50.0,0.0,0.0,-1,0.0,G1_REGIME,regime='unknown' skipped=None reg_empty=True,-1,0.0,0.0,
XRP/USDT,1583,2026-05-14 20:00:00,long,0.65964,85.19,60.0,1.508,0.02075,unknown,,,,False,False,0.0,0.0,50.0,0.0,0.0,0.0,0.0,0.0,50.0,0.0,0.0,-1,0.0,G1_REGIME,regime='unknown' skipped=None reg_empty=True,-1,0.0,0.0,
XRP/USDT,1584,2026-05-14 21:00:00,long,0.65557,89.96,60.0,1.4978,0.021564,unknown,,,,False,False,0.0,0.0,50.0,0.0,0.0,0.0,0.0,0.0,50.0,0.0,0.0,-1,0.0,G1_REGIME,regime='unknown' skipped=None reg_empty=True,-1,0.0,0.0,
XRP/USDT,1585,2026-05-14 22:00:00,long,0.65577,89.47,60.0,1.5007,0.021893,unknown,,,,False,False,0.0,0.0,50.0,0.0,0.0,0.0,0.0,0.0,50.0,0.0,0.0,-1,0.0,G1_REGIME,regime='unknown' skipped=None reg_empty=True,-1,0.0,0.0,
XRP/USDT,1586,2026-05-14 23:00:00,long,0.65178,86.09,60.0,1.4852,0.02255,unknown,,,,False,False,0.0,0.0,50.0,0.0,0.0,0.0,0.0,0.0,50.0,0.0,0.0,-1,0.0,G1_REGIME,regime='unknown' skipped=None reg_empty=True,-1,0.0,0.0,
XRP/USDT,1587,2026-05-15 00:00:00,long,0.66491,88.3,60.0,1.4952,0.022979,unknown,,,,False,False,0.0,0.0,50.0,0.0,0.0,0.0,0.0,0.0,50.0,0.0,0.0,-1,0.0,G1_REGIME,regime='unknown' skipped=None reg_empty=True,-1,0.0,0.0,
XRP/USDT,1588,2026-05-15 01:00:00,long,0.6666,86.18,60.0,1.4846,0.02355,unknown,,,,False,False,0.0,0.0,50.0,0.0,0.0,0.0,0.0,0.0,50.0,0.0,0.0,-1,0.0,G1_REGIME,regime='unknown' skipped=None reg_empty=True,-1,0.0,0.0,
XRP/USDT,1589,2026-05-15 02:00:00,long,0.67492,88.19,60.0,1.4907,0.023271,unknown,,,,False,False,0.0,0.0,50.0,0.0,0.0,0.0,0.0,0.0,50.0,0.0,0.0,-1,0.0,G1_REGIME,regime='unknown' skipped=None reg_empty=True,-1,0.0,0.0,
XRP/USDT,1590,2026-05-15 03:00:00,long,0.67531,86.01,60.0,1.489,0.022586,unknown,,,,False,False,0.0,0.0,50.0,0.0,0.0,0.0,0.0,0.0,50.0,0.0,0.0,-1,0.0,G1_REGIME,regime='unknown' skipped=None reg_empty=True,-1,0.0,0.0,
XRP/USDT,1591,2026-05-15 04:00:00,long,0.65094,81.67,60.0,1.4734,0.021264,unknown,,,,False,False,0.0,0.0,50.0,0.0,0.0,0.0,0.0,0.0,50.0,0.0,0.0,-1,0.0,G1_REGIME,regime='unknown' skipped=None reg_empty=True,-1,0.0,0.0,
XRP/USDT,1592,2026-05-15 05:00:00,long,0.65606,85.84,60.0,1.4604,0.021857,unknown,,,,False,False,0.0,0.0,50.0,0.0,0.0,0.0,0.0,0.0,50.0,0.0,0.0,-1,0.0,G1_REGIME,regime='unknown' skipped=None reg_empty=True,-1,0.0,0.0,
XRP/USDT,1593,2026-05-15 06:00:00,long,0.63395,82.09,60.0,1.4686,0.021707,unknown,,,,False,False,0.0,0.0,50.0,0.0,0.0,0.0,0.0,0.0,50.0,0.0,0.0,-1,0.0,G1_REGIME,regime='unknown' skipped=None reg_empty=True,-1,0.0,0.0,
XRP/USDT,1594,2026-05-15 07:00:00,long,0.62912,79.79,60.0,1.4696,0.020207,unknown,,,,False,False,0.0,0.0,50.0,0.0,0.0,0.0,0.0,0.0,50.0,0.0,0.0,-1,0.0,G1_REGIME,regime='unknown' skipped=None reg_empty=True,-1,0.0,0.0,
XRP/USDT,1595,2026-05-15 08:00:00,long,0.62992,80.4,60.0,1.4711,0.016757,unknown,,,,False,False,0.0,0.0,50.0,0.0,0.0,0.0,0.0,0.0,50.0,0.0,0.0,-1,0.0,G1_REGIME,regime='unknown' skipped=None reg_empty=True,-1,0.0,0.0,
XRP/USDT,1596,2026-05-15 09:00:00,long,0.62998,77.3,60.0,1.4646,0.014829,unknown,,,,False,False,0.0,0.0,50.0,0.0,0.0,0.0,0.0,0.0,50.0,0.0,0.0,-1,0.0,G1_REGIME,regime='unknown' skipped=None reg_empty=True,-1,0.0,0.0,
XRP/USDT,1597,2026-05-15 10:00:00,long,0.61891,78.25,60.0,1.4749,0.014336,unknown,,,,False,False,0.0,0.0,50.0,0.0,0.0,0.0,0.0,0.0,50.0,0.0,0.0,-1,0.0,G1_REGIME,regime='unknown' skipped=None reg_empty=True,-1,0.0,0.0,
XRP/USDT,1598,2026-05-15 11:00:00,long,0.62824,75.65,60.0,1.4681,0.013686,unknown,,,,False,False,0.0,0.0,50.0,0.0,0.0,0.0,0.0,0.0,50.0,0.0,0.0,-1,0.0,G1_REGIME,regime='unknown' skipped=None reg_empty=True,-1,0.0,0.0,
XRP/USDT,1599,2026-05-15 12:00:00,long,0.6263,75.62,60.0,1.4597,0.013593,unknown,,,,False,False,0.0,0.0,50.0,0.0,0.0,0.0,0.0,0.0,50.0,0.0,0.0,-1,0.0,G1_REGIME,regime='unknown' skipped=None reg_empty=True,-1,0.0,0.0,
XRP/USDT,1600,2026-05-15 13:00:00,long,0.63119,91.53,60.0,1.4322,0.014507,unknown,,,,False,False,0.0,0.0,50.0,0.0,0.0,0.0,0.0,0.0,50.0,0.0,0.0,-1,0.0,G1_REGIME,regime='unknown' skipped=None reg_empty=True,-1,0.0,0.0,
XRP/USDT,1601,2026-05-15 14:00:00,long,0.63411,89.56,60.0,1.4394,0.014379,unknown,,,,False,False,0.0,0.0,50.0,0.0,0.0,0.0,0.0,0.0,50.0,0.0,0.0,-1,0.0,G1_REGIME,regime='unknown' skipped=None reg_empty=True,-1,0.0,0.0,
XRP/USDT,1602,2026-05-15 15:00:00,long,0.61766,83.58,60.0,1.4352,0.014064,unknown,,,,False,False,0.0,0.0,50.0,0.0,0.0,0.0,0.0,0.0,50.0,0.0,0.0,-1,0.0,G1_REGIME,regime='unknown' skipped=None reg_empty=True,-1,0.0,0.0,
XRP/USDT,1603,2026-05-15 16:00:00,long,0.63245,87.97,60.0,1.4467,0.013864,unknown,,,,False,False,0.0,0.0,50.0,0.0,0.0,0.0,0.0,0.0,50.0,0.0,0.0,-1,0.0,G1_REGIME,regime='unknown' skipped=None reg_empty=True,-1,0.0,0.0,
XRP/USDT,1604,2026-05-15 17:00:00,long,0.63257,84.03,60.0,1.4469,0.013579,unknown,,,,False,False,0.0,0.0,50.0,0.0,0.0,0.0,0.0,0.0,50.0,0.0,0.0,-1,0.0,G1_REGIME,regime='unknown' skipped=None reg_empty=True,-1,0.0,0.0,
XRP/USDT,1605,2026-05-15 18:00:00,long,0.61726,82.28,60.0,1.4408,0.013036,unknown,,,,False,False,0.0,0.0,50.0,0.0,0.0,0.0,0.0,0.0,50.0,0.0,0.0,-1,0.0,G1_REGIME,regime='unknown' skipped=None reg_empty=True,-1,0.0,0.0,
XRP/USDT,1606,2026-05-15 19:00:00,long,0.59333,81.68,60.0,1.4345,0.0121,unknown,,,,False,False,0.0,0.0,50.0,0.0,0.0,0.0,0.0,0.0,50.0,0.0,0.0,-1,0.0,G1_REGIME,regime='unknown' skipped=None reg_empty=True,-1,0.0,0.0,
XRP/USDT,1607,2026-05-15 20:00:00,long,0.59903,81.24,60.0,1.435,0.011471,unknown,,,,False,False,0.0,0.0,50.0,0.0,0.0,0.0,0.0,0.0,50.0,0.0,0.0,-1,0.0,G1_REGIME,regime='unknown' skipped=None reg_empty=True,-1,0.0,0.0,
XRP/USDT,1608,2026-05-15 21:00:00,long,0.60594,79.66,60.0,1.4304,0.01145,unknown,,,,False,False,0.0,0.0,50.0,0.0,0.0,0.0,0.0,0.0,50.0,0.0,0.0,-1,0.0,G1_REGIME,regime='unknown' skipped=None reg_empty=True,-1,0.0,0.0,
XRP/USDT,1609,2026-05-15 22:00:00,long,0.60137,81.0,60.0,1.4337,0.011,unknown,,,,False,False,0.0,0.0,50.0,0.0,0.0,0.0,0.0,0.0,50.0,0.0,0.0,-1,0.0,G1_REGIME,regime='unknown' skipped=None reg_empty=True,-1,0.0,0.0,
XRP/USDT,1610,2026-05-15 23:00:00,long,0.6047,80.99,60.0,1.434,0.010407,unknown,,,,False,False,0.0,0.0,50.0,0.0,0.0,0.0,0.0,0.0,50.0,0.0,0.0,-1,0.0,G1_REGIME,regime='unknown' skipped=None reg_empty=True,-1,0.0,0.0,
XRP/USDT,1611,2026-05-16 00:00:00,long,0.60872,81.75,60.0,1.4343,0.009871,unknown,,,,False,False,0.0,0.0,50.0,0.0,0.0,0.0,0.0,0.0,50.0,0.0,0.0,-1,0.0,G1_REGIME,regime='unknown' skipped=None reg_empty=True,-1,0.0,0.0,
XRP/USDT,1612,2026-05-16 01:00:00,long,0.62317,83.18,60.0,1.4371,0.009764,unknown,,,,False,False,0.0,0.0,50.0,0.0,0.0,0.0,0.0,0.0,50.0,0.0,0.0,-1,0.0,G1_REGIME,regime='unknown' skipped=None reg_empty=True,-1,0.0,0.0,
XRP/USDT,1613,2026-05-16 02:00:00,long,0.60892,81.37,60.0,1.4367,0.009329,unknown,,,,False,False,0.0,0.0,50.0,0.0,0.0,0.0,0.0,0.0,50.0,0.0,0.0,-1,0.0,G1_REGIME,regime='unknown' skipped=None reg_empty=True,-1,0.0,0.0,
XRP/USDT,1614,2026-05-16 03:00:00,long,0.59401,82.04,60.0,1.4356,0.007514,unknown,,,,False,False,0.0,0.0,50.0,0.0,0.0,0.0,0.0,0.0,50.0,0.0,0.0,-1,0.0,G1_REGIME,regime='unknown' skipped=None reg_empty=True,-1,0.0,0.0,
XRP/USDT,1615,2026-05-16 04:00:00,long,0.61618,87.09,60.0,1.4257,0.007871,unknown,,,,False,False,0.0,0.0,50.0,0.0,0.0,0.0,0.0,0.0,50.0,0.0,0.0,-1,0.0,G1_REGIME,regime='unknown' skipped=None reg_empty=True,-1,0.0,0.0,
XRP/USDT,1616,2026-05-16 05:00:00,long,0.61367,84.38,60.0,1.4251,0.007679,unknown,,,,False,False,0.0,0.0,50.0,0.0,0.0,0.0,0.0,0.0,50.0,0.0,0.0,-1,0.0,G1_REGIME,regime='unknown' skipped=None reg_empty=True,-1,0.0,0.0,
XRP/USDT,1617,2026-05-16 06:00:00,long,0.62786,83.81,60.0,1.4196,0.007614,unknown,,,,False,False,0.0,0.0,50.0,0.0,0.0,0.0,0.0,0.0,50.0,0.0,0.0,-1,0.0,G1_REGIME,regime='unknown' skipped=None reg_empty=True,-1,0.0,0.0,
XRP/USDT,1618,2026-05-16 07:00:00,long,0.65624,88.33,60.0,1.4168,0.008336,unknown,,,,False,False,0.0,0.0,50.0,0.0,0.0,0.0,0.0,0.0,50.0,0.0,0.0,-1,0.0,G1_REGIME,regime='unknown' skipped=None reg_empty=True,-1,0.0,0.0,
XRP/USDT,1619,2026-05-16 08:00:00,long,0.63371,81.64,60.0,1.415,0.0079,unknown,,,,False,False,0.0,0.0,50.0,0.0,0.0,0.0,0.0,0.0,50.0,0.0,0.0,-1,0.0,G1_REGIME,regime='unknown' skipped=None reg_empty=True,-1,0.0,0.0,
XRP/USDT,1620,2026-05-16 09:00:00,long,0.65127,88.74,60.0,1.4022,0.008307,unknown,,,,False,False,0.0,0.0,50.0,0.0,0.0,0.0,0.0,0.0,50.0,0.0,0.0,-1,0.0,G1_REGIME,regime='unknown' skipped=None reg_empty=True,-1,0.0,0.0,
XRP/USDT,1621,2026-05-16 10:00:00,long,0.65347,100.0,60.0,1.4073,0.008971,unknown,,,,False,False,0.0,0.0,50.0,0.0,0.0,0.0,0.0,0.0,50.0,0.0,0.0,-1,0.0,G1_REGIME,regime='unknown' skipped=None reg_empty=True,-1,0.0,0.0,
XRP/USDT,1622,2026-05-16 11:00:00,long,0.64741,85.81,60.0,1.4109,0.008979,unknown,,,,False,False,0.0,0.0,50.0,0.0,0.0,0.0,0.0,0.0,50.0,0.0,0.0,-1,0.0,G1_REGIME,regime='unknown' skipped=None reg_empty=True,-1,0.0,0.0,
XRP/USDT,1623,2026-05-16 12:00:00,long,0.64829,82.76,60.0,1.4104,0.009036,unknown,,,,False,False,0.0,0.0,50.0,0.0,0.0,0.0,0.0,0.0,50.0,0.0,0.0,-1,0.0,G1_REGIME,regime='unknown' skipped=None reg_empty=True,-1,0.0,0.0,
XRP/USDT,1624,2026-05-16 13:00:00,long,0.64258,86.73,60.0,1.4116,0.009364,unknown,,,,False,False,0.0,0.0,50.0,0.0,0.0,0.0,0.0,0.0,50.0,0.0,0.0,-1,0.0,G1_REGIME,regime='unknown' skipped=None reg_empty=True,-1,0.0,0.0,
XRP/USDT,1625,2026-05-16 14:00:00,long,0.6377,90.36,60.0,1.4096,0.009436,unknown,,,,False,False,0.0,0.0,50.0,0.0,0.0,0.0,0.0,0.0,50.0,0.0,0.0,-1,0.0,G1_REGIME,regime='unknown' skipped=None reg_empty=True,-1,0.0,0.0,
XRP/USDT,1626,2026-05-16 15:00:00,long,0.63588,86.19,60.0,1.4147,0.009307,unknown,,,,False,False,0.0,0.0,50.0,0.0,0.0,0.0,0.0,0.0,50.0,0.0,0.0,-1,0.0,G1_REGIME,regime='unknown' skipped=None reg_empty=True,-1,0.0,0.0,
XRP/USDT,1627,2026-05-16 16:00:00,long,0.64869,80.39,60.0,1.4167,0.009643,unknown,,,,False,False,0.0,0.0,50.0,0.0,0.0,0.0,0.0,0.0,50.0,0.0,0.0,-1,0.0,G1_REGIME,regime='unknown' skipped=None reg_empty=True,-1,0.0,0.0,
XRP/USDT,1628,2026-05-16 17:00:00,long,0.64947,74.92,60.0,1.417,0.009536,unknown,,,,False,False,0.0,0.0,50.0,0.0,0.0,0.0,0.0,0.0,50.0,0.0,0.0,-1,0.0,G1_REGIME,regime='unknown' skipped=None reg_empty=True,-1,0.0,0.0,
XRP/USDT,1629,2026-05-16 18:00:00,long,0.64189,73.99,60.0,1.4157,0.008507,unknown,,,,False,False,0.0,0.0,50.0,0.0,0.0,0.0,0.0,0.0,50.0,0.0,0.0,-1,0.0,G1_REGIME,regime='unknown' skipped=None reg_empty=True,-1,0.0,0.0,
XRP/USDT,1630,2026-05-16 19:00:00,long,0.64702,75.13,60.0,1.4162,0.008121,unknown,,,,False,False,0.0,0.0,50.0,0.0,0.0,0.0,0.0,0.0,50.0,0.0,0.0,-1,0.0,G1_REGIME,regime='unknown' skipped=None reg_empty=True,-1,0.0,0.0,
XRP/USDT,1631,2026-05-16 20:00:00,long,0.62112,73.36,60.0,1.4158,0.007507,unknown,,,,False,False,0.0,0.0,50.0,0.0,0.0,0.0,0.0,0.0,50.0,0.0,0.0,-1,0.0,G1_REGIME,regime='unknown' skipped=None reg_empty=True,-1,0.0,0.0,
XRP/USDT,1632,2026-05-16 21:00:00,long,0.61756,84.01,60.0,1.4151,0.006636,unknown,,,,False,False,0.0,0.0,50.0,0.0,0.0,0.0,0.0,0.0,50.0,0.0,0.0,-1,0.0,G1_REGIME,regime='unknown' skipped=None reg_empty=True,-1,0.0,0.0,
XRP/USDT,1633,2026-05-16 22:00:00,long,0.62423,82.53,60.0,1.4139,0.006643,unknown,,,,False,False,0.0,0.0,50.0,0.0,0.0,0.0,0.0,0.0,50.0,0.0,0.0,-1,0.0,G1_REGIME,regime='unknown' skipped=None reg_empty=True,-1,0.0,0.0,
XRP/USDT,1634,2026-05-16 23:00:00,long,0.62703,73.62,60.0,1.4136,0.005807,unknown,,,,False,False,0.0,0.0,50.0,0.0,0.0,0.0,0.0,0.0,50.0,0.0,0.0,-1,0.0,G1_REGIME,regime='unknown' skipped=None reg_empty=True,-1,0.0,0.0,
XRP/USDT,1635,2026-05-17 00:00:00,long,0.63253,86.67,60.0,1.4114,0.005343,unknown,,,,False,False,0.0,0.0,50.0,0.0,0.0,0.0,0.0,0.0,50.0,0.0,0.0,-1,0.0,G1_REGIME,regime='unknown' skipped=None reg_empty=True,-1,0.0,0.0,
XRP/USDT,1636,2026-05-17 01:00:00,long,0.6164,86.59,60.0,1.4038,0.005579,unknown,,,,False,False,0.0,0.0,50.0,0.0,0.0,0.0,0.0,0.0,50.0,0.0,0.0,-1,0.0,G1_REGIME,regime='unknown' skipped=None reg_empty=True,-1,0.0,0.0,
XRP/USDT,1637,2026-05-17 02:00:00,long,0.6136,89.02,60.0,1.407,0.005857,unknown,,,,False,False,0.0,0.0,50.0,0.0,0.0,0.0,0.0,0.0,50.0,0.0,0.0,-1,0.0,G1_REGIME,regime='unknown' skipped=None reg_empty=True,-1,0.0,0.0,
XRP/USDT,1638,2026-05-17 03:00:00,long,0.61602,83.28,60.0,1.4121,0.005829,unknown,,,,False,False,0.0,0.0,50.0,0.0,0.0,0.0,0.0,0.0,50.0,0.0,0.0,-1,0.0,G1_REGIME,regime='unknown' skipped=None reg_empty=True,-1,0.0,0.0,
XRP/USDT,1639,2026-05-17 04:00:00,long,0.6147,67.61,60.0,1.4157,0.005721,unknown,,,,False,False,0.0,0.0,50.0,0.0,0.0,0.0,0.0,0.0,50.0,0.0,0.0,-1,0.0,G1_REGIME,regime='unknown' skipped=None reg_empty=True,-1,0.0,0.0,
XRP/USDT,1640,2026-05-17 05:00:00,long,0.61091,50.12,60.0,1.4164,0.005771,unknown,,,,False,False,0.0,0.0,50.0,0.0,0.0,0.0,0.0,0.0,50.0,0.0,0.0,-1,0.0,G1_REGIME,regime='unknown' skipped=None reg_empty=True,-1,0.0,0.0,
XRP/USDT,1641,2026-05-17 06:00:00,long,0.60787,46.62,60.0,1.4175,0.005357,unknown,,,,False,False,0.0,0.0,50.0,0.0,0.0,0.0,0.0,0.0,50.0,0.0,0.0,-1,0.0,G1_REGIME,regime='unknown' skipped=None reg_empty=True,-1,0.0,0.0,
XRP/USDT,1642,2026-05-17 07:00:00,long,0.61124,48.42,60.0,1.4183,0.005393,unknown,,,,False,False,0.0,0.0,50.0,0.0,0.0,0.0,0.0,0.0,50.0,0.0,0.0,-1,0.0,G1_REGIME,regime='unknown' skipped=None reg_empty=True,-1,0.0,0.0,
XRP/USDT,1643,2026-05-17 08:00:00,long,0.62215,57.78,60.0,1.4145,0.005521,unknown,,,,False,False,0.0,0.0,50.0,0.0,0.0,0.0,0.0,0.0,50.0,0.0,0.0,-1,0.0,G1_REGIME,regime='unknown' skipped=None reg_empty=True,-1,0.0,0.0,
XRP/USDT,1644,2026-05-17 09:00:00,long,0.60954,55.37,60.0,1.4208,0.005929,unknown,,,,False,False,0.0,0.0,50.0,0.0,0.0,0.0,0.0,0.0,50.0,0.0,0.0,-1,0.0,G1_REGIME,regime='unknown' skipped=None reg_empty=True,-1,0.0,0.0,
XRP/USDT,1645,2026-05-17 10:00:00,long,0.62168,74.2,60.0,1.4244,0.006229,unknown,,,,False,False,0.0,0.0,50.0,0.0,0.0,0.0,0.0,0.0,50.0,0.0,0.0,-1,0.0,G1_REGIME,regime='unknown' skipped=None reg_empty=True,-1,0.0,0.0,
XRP/USDT,1646,2026-05-17 11:00:00,long,0.60321,60.0,60.0,1.4226,0.0063,unknown,,,,False,False,0.0,0.0,50.0,0.0,0.0,0.0,0.0,0.0,50.0,0.0,0.0,-1,0.0,G1_REGIME,regime='unknown' skipped=None reg_empty=True,-1,0.0,0.0,
XRP/USDT,1647,2026-05-17 12:00:00,long,0.59411,62.03,60.0,1.4234,0.006357,unknown,,,,False,False,0.0,0.0,50.0,0.0,0.0,0.0,0.0,0.0,50.0,0.0,0.0,-1,0.0,G1_REGIME,regime='unknown' skipped=None reg_empty=True,-1,0.0,0.0,
XRP/USDT,1648,2026-05-17 13:00:00,long,0.60126,61.02,60.0,1.4186,0.006671,unknown,,,,False,False,0.0,0.0,50.0,0.0,0.0,0.0,0.0,0.0,50.0,0.0,0.0,-1,0.0,G1_REGIME,regime='unknown' skipped=None reg_empty=True,-1,0.0,0.0,
XRP/USDT,1649,2026-05-17 14:00:00,long,0.61394,60.35,60.0,1.4133,0.006679,unknown,,,,False,False,0.0,0.0,50.0,0.0,0.0,0.0,0.0,0.0,50.0,0.0,0.0,-1,0.0,G1_REGIME,regime='unknown' skipped=None reg_empty=True,-1,0.0,0.0,
XRP/USDT,1650,2026-05-17 15:00:00,long,0.61734,57.53,60.0,1.4132,0.006286,unknown,,,,False,False,0.0,0.0,50.0,0.0,0.0,0.0,0.0,0.0,50.0,0.0,0.0,-1,0.0,G1_REGIME,regime='unknown' skipped=None reg_empty=True,-1,0.0,0.0,
XRP/USDT,1651,2026-05-17 16:00:00,long,0.61041,53.33,60.0,1.4116,0.006057,unknown,,,,False,False,0.0,0.0,50.0,0.0,0.0,0.0,0.0,0.0,50.0,0.0,0.0,-1,0.0,G1_REGIME,regime='unknown' skipped=None reg_empty=True,-1,0.0,0.0,
XRP/USDT,1652,2026-05-17 17:00:00,long,0.6169,54.48,60.0,1.411,0.005843,unknown,,,,False,False,0.0,0.0,50.0,0.0,0.0,0.0,0.0,0.0,50.0,0.0,0.0,-1,0.0,G1_REGIME,regime='unknown' skipped=None reg_empty=True,-1,0.0,0.0,
XRP/USDT,1653,2026-05-17 18:00:00,long,0.60831,58.2,60.0,1.4143,0.005993,unknown,,,,False,False,0.0,0.0,50.0,0.0,0.0,0.0,0.0,0.0,50.0,0.0,0.0,-1,0.0,G1_REGIME,regime='unknown' skipped=None reg_empty=True,-1,0.0,0.0,
XRP/USDT,1654,2026-05-17 19:00:00,long,0.59523,64.5,60.0,1.4225,0.0062,unknown,,,,False,False,0.0,0.0,50.0,0.0,0.0,0.0,0.0,0.0,50.0,0.0,0.0,-1,0.0,G1_REGIME,regime='unknown' skipped=None reg_empty=True,-1,0.0,0.0,
XRP/USDT,1655,2026-05-17 20:00:00,long,0.60063,56.33,60.0,1.4195,0.006371,unknown,,,,False,False,0.0,0.0,50.0,0.0,0.0,0.0,0.0,0.0,50.0,0.0,0.0,-1,0.0,G1_REGIME,regime='unknown' skipped=None reg_empty=True,-1,0.0,0.0,
XRP/USDT,1656,2026-05-17 21:00:00,long,0.57645,61.84,60.0,1.4232,0.006664,unknown,,,,False,False,0.0,0.0,50.0,0.0,0.0,0.0,0.0,0.0,50.0,0.0,0.0,-1,0.0,G1_REGIME,regime='unknown' skipped=None reg_empty=True,-1,0.0,0.0,
XRP/USDT,1657,2026-05-17 22:00:00,long,0.61212,75.46,60.0,1.4122,0.007243,unknown,,,,False,False,0.0,0.0,50.0,0.0,0.0,0.0,0.0,0.0,50.0,0.0,0.0,-1,0.0,G1_REGIME,regime='unknown' skipped=None reg_empty=True,-1,0.0,0.0,
XRP/USDT,1658,2026-05-17 23:00:00,long,0.68421,86.64,60.0,1.4016,0.009721,unknown,,,,False,False,0.0,0.0,50.0,0.0,0.0,0.0,0.0,0.0,50.0,0.0,0.0,-1,0.0,G1_REGIME,regime='unknown' skipped=None reg_empty=True,-1,0.0,0.0,
XRP/USDT,1659,2026-05-18 00:00:00,long,0.68988,75.1,60.0,1.3963,0.010079,unknown,,,,False,False,0.0,0.0,50.0,0.0,0.0,0.0,0.0,0.0,50.0,0.0,0.0,-1,0.0,G1_REGIME,regime='unknown' skipped=None reg_empty=True,-1,0.0,0.0,
XRP/USDT,1660,2026-05-18 01:00:00,long,0.68669,59.23,60.0,1.3941,0.010686,unknown,,,,False,False,0.0,0.0,50.0,0.0,0.0,0.0,0.0,0.0,50.0,0.0,0.0,-1,0.0,G1_REGIME,regime='unknown' skipped=None reg_empty=True,-1,0.0,0.0,
XRP/USDT,1661,2026-05-18 02:00:00,long,0.69331,58.7,60.0,1.3925,0.011257,unknown,,,,False,False,0.0,0.0,50.0,0.0,0.0,0.0,0.0,0.0,50.0,0.0,0.0,-1,0.0,G1_REGIME,regime='unknown' skipped=None reg_empty=True,-1,0.0,0.0,
XRP/USDT,1662,2026-05-18 03:00:00,long,0.69196,58.64,60.0,1.3932,0.011514,unknown,,,,False,False,0.0,0.0,50.0,0.0,0.0,0.0,0.0,0.0,50.0,0.0,0.0,-1,0.0,G1_REGIME,regime='unknown' skipped=None reg_empty=True,-1,0.0,0.0,
XRP/USDT,1663,2026-05-18 04:00:00,long,0.6949,78.63,60.0,1.395,0.011786,unknown,,,,False,False,0.0,0.0,50.0,0.0,0.0,0.0,0.0,0.0,50.0,0.0,0.0,-1,0.0,G1_REGIME,regime='unknown' skipped=None reg_empty=True,-1,0.0,0.0,
XRP/USDT,1664,2026-05-18 05:00:00,long,0.69718,87.73,60.0,1.3894,0.012029,unknown,,,,False,False,0.0,0.0,50.0,0.0,0.0,0.0,0.0,0.0,50.0,0.0,0.0,-1,0.0,G1_REGIME,regime='unknown' skipped=None reg_empty=True,-1,0.0,0.0,
XRP/USDT,1665,2026-05-18 06:00:00,long,0.69678,91.89,60.0,1.3884,0.012714,unknown,,,,False,False,0.0,0.0,50.0,0.0,0.0,0.0,0.0,0.0,50.0,0.0,0.0,-1,0.0,G1_REGIME,regime='unknown' skipped=None reg_empty=True,-1,0.0,0.0,
XRP/USDT,1666,2026-05-18 07:00:00,long,0.69721,88.69,60.0,1.3867,0.013179,unknown,,,,False,False,0.0,0.0,50.0,0.0,0.0,0.0,0.0,0.0,50.0,0.0,0.0,-1,0.0,G1_REGIME,regime='unknown' skipped=None reg_empty=True,-1,0.0,0.0,
XRP/USDT,1667,2026-05-18 08:00:00,long,0.70047,87.24,60.0,1.3879,0.013179,unknown,,,,False,False,0.0,0.0,50.0,0.0,0.0,0.0,0.0,0.0,50.0,0.0,0.0,-1,0.0,G1_REGIME,regime='unknown' skipped=None reg_empty=True,-1,0.0,0.0,
XRP/USDT,1668,2026-05-18 09:00:00,long,0.69247,86.95,60.0,1.3829,0.012907,unknown,,,,False,False,0.0,0.0,50.0,0.0,0.0,0.0,0.0,0.0,50.0,0.0,0.0,-1,0.0,G1_REGIME,regime='unknown' skipped=None reg_empty=True,-1,0.0,0.0,
XRP/USDT,1669,2026-05-18 10:00:00,long,0.69308,87.55,60.0,1.3783,0.012936,unknown,,,,False,False,0.0,0.0,50.0,0.0,0.0,0.0,0.0,0.0,50.0,0.0,0.0,-1,0.0,G1_REGIME,regime='unknown' skipped=None reg_empty=True,-1,0.0,0.0,
XRP/USDT,1670,2026-05-18 11:00:00,long,0.6967,91.01,60.0,1.3904,0.0138,unknown,,,,False,False,0.0,0.0,50.0,0.0,0.0,0.0,0.0,0.0,50.0,0.0,0.0,-1,0.0,G1_REGIME,regime='unknown' skipped=None reg_empty=True,-1,0.0,0.0,
XRP/USDT,1671,2026-05-18 12:00:00,long,0.71676,83.29,60.0,1.399,0.013657,unknown,,,,False,False,0.0,0.0,50.0,0.0,0.0,0.0,0.0,0.0,50.0,0.0,0.0,-1,0.0,G1_REGIME,regime='unknown' skipped=None reg_empty=True,-1,0.0,0.0,
XRP/USDT,1672,2026-05-18 13:00:00,long,0.69911,94.97,60.0,1.3862,0.012193,unknown,,,,False,False,0.0,0.0,50.0,0.0,0.0,0.0,0.0,0.0,50.0,0.0,0.0,-1,0.0,G1_REGIME,regime='unknown' skipped=None reg_empty=True,-1,0.0,0.0,
XRP/USDT,1673,2026-05-18 14:00:00,long,0.69642,90.37,60.0,1.3775,0.012214,unknown,,,,False,False,0.0,0.0,50.0,0.0,0.0,0.0,0.0,0.0,50.0,0.0,0.0,-1,0.0,G1_REGIME,regime='unknown' skipped=None reg_empty=True,-1,0.0,0.0,
XRP/USDT,1674,2026-05-18 15:00:00,long,0.69679,89.06,60.0,1.3766,0.012043,unknown,,,,False,False,0.0,0.0,50.0,0.0,0.0,0.0,0.0,0.0,50.0,0.0,0.0,-1,0.0,G1_REGIME,regime='unknown' skipped=None reg_empty=True,-1,0.0,0.0,
XRP/USDT,1675,2026-05-18 16:00:00,long,0.69257,87.16,60.0,1.3789,0.011907,unknown,,,,False,False,0.0,0.0,50.0,0.0,0.0,0.0,0.0,0.0,50.0,0.0,0.0,-1,0.0,G1_REGIME,regime='unknown' skipped=None reg_empty=True,-1,0.0,0.0,
XRP/USDT,1676,2026-05-18 17:00:00,long,0.69836,86.02,60.0,1.3811,0.011643,unknown,,,,False,False,0.0,0.0,50.0,0.0,0.0,0.0,0.0,0.0,50.0,0.0,0.0,-1,0.0,G1_REGIME,regime='unknown' skipped=None reg_empty=True,-1,0.0,0.0,
XRP/USDT,1677,2026-05-18 18:00:00,long,0.69055,87.17,60.0,1.3678,0.012,unknown,,,,False,False,0.0,0.0,50.0,0.0,0.0,0.0,0.0,0.0,50.0,0.0,0.0,-1,0.0,G1_REGIME,regime='unknown' skipped=None reg_empty=True,-1,0.0,0.0,
XRP/USDT,1678,2026-05-18 19:00:00,long,0.70673,84.98,60.0,1.388,0.013107,unknown,,,,False,False,0.0,0.0,50.0,0.0,0.0,0.0,0.0,0.0,50.0,0.0,0.0,-1,0.0,G1_REGIME,regime='unknown' skipped=None reg_empty=True,-1,0.0,0.0,
XRP/USDT,1679,2026-05-18 20:00:00,long,0.68908,74.2,60.0,1.3848,0.012636,unknown,,,,False,False,0.0,0.0,50.0,0.0,0.0,0.0,0.0,0.0,50.0,0.0,0.0,-1,0.0,G1_REGIME,regime='unknown' skipped=None reg_empty=True,-1,0.0,0.0,
XRP/USDT,1680,2026-05-18 21:00:00,long,0.70434,78.86,60.0,1.3931,0.012836,unknown,,,,False,False,0.0,0.0,50.0,0.0,0.0,0.0,0.0,0.0,50.0,0.0,0.0,-1,0.0,G1_REGIME,regime='unknown' skipped=None reg_empty=True,-1,0.0,0.0,
XRP/USDT,1681,2026-05-18 22:00:00,long,0.70767,83.77,60.0,1.3925,0.012843,unknown,,,,False,False,0.0,0.0,50.0,0.0,0.0,0.0,0.0,0.0,50.0,0.0,0.0,-1,0.0,G1_REGIME,regime='unknown' skipped=None reg_empty=True,-1,0.0,0.0,
XRP/USDT,1682,2026-05-18 23:00:00,long,0.70702,79.3,60.0,1.39,0.012864,unknown,,,,False,False,0.0,0.0,50.0,0.0,0.0,0.0,0.0,0.0,50.0,0.0,0.0,-1,0.0,G1_REGIME,regime='unknown' skipped=None reg_empty=True,-1,0.0,0.0,
XRP/USDT,1683,2026-05-19 00:00:00,long,0.70334,51.44,60.0,1.393,0.013029,unknown,,,,False,False,0.0,0.0,50.0,0.0,0.0,0.0,0.0,0.0,50.0,0.0,0.0,-1,0.0,G1_REGIME,regime='unknown' skipped=None reg_empty=True,-1,0.0,0.0,
XRP/USDT,1684,2026-05-19 01:00:00,long,0.68887,59.02,60.0,1.3844,0.012179,unknown,,,,False,False,0.0,0.0,50.0,0.0,0.0,0.0,0.0,0.0,50.0,0.0,0.0,-1,0.0,G1_REGIME,regime='unknown' skipped=None reg_empty=True,-1,0.0,0.0,
XRP/USDT,1685,2026-05-19 02:00:00,long,0.68319,70.45,60.0,1.3794,0.01205,unknown,,,,False,False,0.0,0.0,50.0,0.0,0.0,0.0,0.0,0.0,50.0,0.0,0.0,-1,0.0,G1_REGIME,regime='unknown' skipped=None reg_empty=True,-1,0.0,0.0,
XRP/USDT,1686,2026-05-19 03:00:00,long,0.67581,56.42,60.0,1.3834,0.010907,unknown,,,,False,False,0.0,0.0,50.0,0.0,0.0,0.0,0.0,0.0,50.0,0.0,0.0,-1,0.0,G1_REGIME,regime='unknown' skipped=None reg_empty=True,-1,0.0,0.0,
XRP/USDT,1687,2026-05-19 04:00:00,long,0.68641,52.07,60.0,1.3869,0.010543,unknown,,,,False,False,0.0,0.0,50.0,0.0,0.0,0.0,0.0,0.0,50.0,0.0,0.0,-1,0.0,G1_REGIME,regime='unknown' skipped=None reg_empty=True,-1,0.0,0.0,
XRP/USDT,1688,2026-05-19 05:00:00,long,0.6815,62.23,60.0,1.3832,0.010514,unknown,,,,False,False,0.0,0.0,50.0,0.0,0.0,0.0,0.0,0.0,50.0,0.0,0.0,-1,0.0,G1_REGIME,regime='unknown' skipped=None reg_empty=True,-1,0.0,0.0,
XRP/USDT,1689,2026-05-19 06:00:00,long,0.67653,49.68,60.0,1.3855,0.0102,unknown,,,,False,False,0.0,0.0,50.0,0.0,0.0,0.0,0.0,0.0,50.0,0.0,0.0,-1,0.0,G1_REGIME,regime='unknown' skipped=None reg_empty=True,-1,0.0,0.0,
XRP/USDT,1690,2026-05-19 07:00:00,long,0.67822,56.24,60.0,1.3887,0.01025,unknown,,,,False,False,0.0,0.0,50.0,0.0,0.0,0.0,0.0,0.0,50.0,0.0,0.0,-1,0.0,G1_REGIME,regime='unknown' skipped=None reg_empty=True,-1,0.0,0.0,
XRP/USDT,1691,2026-05-19 08:00:00,long,0.67183,60.64,60.0,1.3827,0.009629,unknown,,,,False,False,0.0,0.0,50.0,0.0,0.0,0.0,0.0,0.0,50.0,0.0,0.0,-1,0.0,G1_REGIME,regime='unknown' skipped=None reg_empty=True,-1,0.0,0.0,
XRP/USDT,1692,2026-05-19 09:00:00,long,0.65962,72.86,60.0,1.3748,0.008886,unknown,,,,False,False,0.0,0.0,50.0,0.0,0.0,0.0,0.0,0.0,50.0,0.0,0.0,-1,0.0,G1_REGIME,regime='unknown' skipped=None reg_empty=True,-1,0.0,0.0,
XRP/USDT,1693,2026-05-19 10:00:00,long,0.66504,67.35,60.0,1.3744,0.008829,unknown,,,,False,False,0.0,0.0,50.0,0.0,0.0,0.0,0.0,0.0,50.0,0.0,0.0,-1,0.0,G1_REGIME,regime='unknown' skipped=None reg_empty=True,-1,0.0,0.0,
XRP/USDT,1694,2026-05-19 11:00:00,long,0.66661,67.06,60.0,1.3722,0.008457,unknown,,,,False,False,0.0,0.0,50.0,0.0,0.0,0.0,0.0,0.0,50.0,0.0,0.0,-1,0.0,G1_REGIME,regime='unknown' skipped=None reg_empty=True,-1,0.0,0.0,
XRP/USDT,1695,2026-05-19 12:00:00,long,0.66398,66.81,60.0,1.3776,0.008471,unknown,,,,False,False,0.0,0.0,50.0,0.0,0.0,0.0,0.0,0.0,50.0,0.0,0.0,-1,0.0,G1_REGIME,regime='unknown' skipped=None reg_empty=True,-1,0.0,0.0,
XRP/USDT,1696,2026-05-19 13:00:00,long,0.658,70.71,60.0,1.3768,0.008843,unknown,,,,False,False,0.0,0.0,50.0,0.0,0.0,0.0,0.0,0.0,50.0,0.0,0.0,-1,0.0,G1_REGIME,regime='unknown' skipped=None reg_empty=True,-1,0.0,0.0,
XRP/USDT,1697,2026-05-19 14:00:00,long,0.67481,87.03,60.0,1.3668,0.0096,unknown,,,,False,False,0.0,0.0,50.0,0.0,0.0,0.0,0.0,0.0,50.0,0.0,0.0,-1,0.0,G1_REGIME,regime='unknown' skipped=None reg_empty=True,-1,0.0,0.0,
XRP/USDT,1698,2026-05-19 15:00:00,long,0.67244,93.03,60.0,1.3672,0.009543,unknown,,,,False,False,0.0,0.0,50.0,0.0,0.0,0.0,0.0,0.0,50.0,0.0,0.0,-1,0.0,G1_REGIME,regime='unknown' skipped=None reg_empty=True,-1,0.0,0.0,
XRP/USDT,1699,2026-05-19 16:00:00,long,0.66858,100.0,60.0,1.3723,0.009579,unknown,,,,False,False,0.0,0.0,50.0,0.0,0.0,0.0,0.0,0.0,50.0,0.0,0.0,-1,0.0,G1_REGIME,regime='unknown' skipped=None reg_empty=True,-1,0.0,0.0,
XRP/USDT,1700,2026-05-19 17:00:00,long,0.6797,100.0,60.0,1.3639,0.009943,unknown,,,,False,False,0.0,0.0,50.0,0.0,0.0,0.0,0.0,0.0,50.0,0.0,0.0,-1,0.0,G1_REGIME,regime='unknown' skipped=None reg_empty=True,-1,0.0,0.0,
XRP/USDT,1701,2026-05-19 18:00:00,long,0.64744,91.56,60.0,1.3625,0.009821,unknown,,,,False,False,0.0,0.0,50.0,0.0,0.0,0.0,0.0,0.0,50.0,0.0,0.0,-1,0.0,G1_REGIME,regime='unknown' skipped=None reg_empty=True,-1,0.0,0.0,
XRP/USDT,1702,2026-05-19 19:00:00,long,0.64734,100.0,60.0,1.3573,0.009864,unknown,,,,False,False,0.0,0.0,50.0,0.0,0.0,0.0,0.0,0.0,50.0,0.0,0.0,-1,0.0,G1_REGIME,regime='unknown' skipped=None reg_empty=True,-1,0.0,0.0,
XRP/USDT,1703,2026-05-19 20:00:00,long,0.64712,89.79,60.0,1.3585,0.009757,unknown,,,,False,False,0.0,0.0,50.0,0.0,0.0,0.0,0.0,0.0,50.0,0.0,0.0,-1,0.0,G1_REGIME,regime='unknown' skipped=None reg_empty=True,-1,0.0,0.0,
XRP/USDT,1704,2026-05-19 21:00:00,long,0.64352,88.0,60.0,1.3597,0.009614,unknown,,,,False,False,0.0,0.0,50.0,0.0,0.0,0.0,0.0,0.0,50.0,0.0,0.0,-1,0.0,G1_REGIME,regime='unknown' skipped=None reg_empty=True,-1,0.0,0.0,
XRP/USDT,1705,2026-05-19 22:00:00,long,0.64163,80.73,60.0,1.3581,0.009471,unknown,,,,False,False,0.0,0.0,50.0,0.0,0.0,0.0,0.0,0.0,50.0,0.0,0.0,-1,0.0,G1_REGIME,regime='unknown' skipped=None reg_empty=True,-1,0.0,0.0,
XRP/USDT,1706,2026-05-19 23:00:00,long,0.62783,78.02,60.0,1.3616,0.009107,unknown,,,,False,False,0.0,0.0,50.0,0.0,0.0,0.0,0.0,0.0,50.0,0.0,0.0,-1,0.0,G1_REGIME,regime='unknown' skipped=None reg_empty=True,-1,0.0,0.0,
XRP/USDT,1707,2026-05-20 00:00:00,long,0.63272,82.4,60.0,1.3557,0.009379,unknown,,,,False,False,0.0,0.0,50.0,0.0,0.0,0.0,0.0,0.0,50.0,0.0,0.0,-1,0.0,G1_REGIME,regime='unknown' skipped=None reg_empty=True,-1,0.0,0.0,
XRP/USDT,1708,2026-05-20 01:00:00,long,0.63836,88.12,60.0,1.3551,0.009507,unknown,,,,False,False,0.0,0.0,50.0,0.0,0.0,0.0,0.0,0.0,50.0,0.0,0.0,-1,0.0,G1_REGIME,regime='unknown' skipped=None reg_empty=True,-1,0.0,0.0,
XRP/USDT,1709,2026-05-20 02:00:00,long,0.64228,78.62,60.0,1.3521,0.009343,unknown,,,,False,False,0.0,0.0,50.0,0.0,0.0,0.0,0.0,0.0,50.0,0.0,0.0,-1,0.0,G1_REGIME,regime='unknown' skipped=None reg_empty=True,-1,0.0,0.0,
XRP/USDT,1710,2026-05-20 03:00:00,long,0.63305,79.36,60.0,1.3562,0.009179,unknown,,,,False,False,0.0,0.0,50.0,0.0,0.0,0.0,0.0,0.0,50.0,0.0,0.0,-1,0.0,G1_REGIME,regime='unknown' skipped=None reg_empty=True,-1,0.0,0.0,
XRP/USDT,1711,2026-05-20 04:00:00,long,0.63817,81.45,60.0,1.3599,0.008271,unknown,,,,False,False,0.0,0.0,50.0,0.0,0.0,0.0,0.0,0.0,50.0,0.0,0.0,-1,0.0,G1_REGIME,regime='unknown' skipped=None reg_empty=True,-1,0.0,0.0,
XRP/USDT,1712,2026-05-20 05:00:00,long,0.65782,88.41,60.0,1.3681,0.008429,unknown,,,,False,False,0.0,0.0,50.0,0.0,0.0,0.0,0.0,0.0,50.0,0.0,0.0,-1,0.0,G1_REGIME,regime='unknown' skipped=None reg_empty=True,-1,0.0,0.0,
XRP/USDT,1713,2026-05-20 06:00:00,long,0.65697,69.58,60.0,1.3707,0.007964,unknown,,,,False,False,0.0,0.0,50.0,0.0,0.0,0.0,0.0,0.0,50.0,0.0,0.0,-1,0.0,G1_REGIME,regime='unknown' skipped=None reg_empty=True,-1,0.0,0.0,
XRP/USDT,1714,2026-05-20 07:00:00,long,0.66233,88.37,60.0,1.3682,0.007571,unknown,,,,False,False,0.0,0.0,50.0,0.0,0.0,0.0,0.0,0.0,50.0,0.0,0.0,-1,0.0,G1_REGIME,regime='unknown' skipped=None reg_empty=True,-1,0.0,0.0,
XRP/USDT,1715,2026-05-20 08:00:00,long,0.66635,71.8,60.0,1.3699,0.007564,unknown,,,,False,False,0.0,0.0,50.0,0.0,0.0,0.0,0.0,0.0,50.0,0.0,0.0,-1,0.0,G1_REGIME,regime='unknown' skipped=None reg_empty=True,-1,0.0,0.0,
XRP/USDT,1716,2026-05-20 09:00:00,long,0.6567,69.41,60.0,1.37,0.007136,unknown,,,,False,False,0.0,0.0,50.0,0.0,0.0,0.0,0.0,0.0,50.0,0.0,0.0,-1,0.0,G1_REGIME,regime='unknown' skipped=None reg_empty=True,-1,0.0,0.0,
XRP/USDT,1717,2026-05-20 10:00:00,long,0.67774,71.73,60.0,1.3704,0.007236,unknown,,,,False,False,0.0,0.0,50.0,0.0,0.0,0.0,0.0,0.0,50.0,0.0,0.0,-1,0.0,G1_REGIME,regime='unknown' skipped=None reg_empty=True,-1,0.0,0.0,
XRP/USDT,1718,2026-05-20 11:00:00,long,0.65912,77.96,60.0,1.3655,0.007343,unknown,,,,False,False,0.0,0.0,50.0,0.0,0.0,0.0,0.0,0.0,50.0,0.0,0.0,-1,0.0,G1_REGIME,regime='unknown' skipped=None reg_empty=True,-1,0.0,0.0,
XRP/USDT,1719,2026-05-20 12:00:00,long,0.68127,73.34,60.0,1.3734,0.007693,unknown,,,,False,False,0.0,0.0,50.0,0.0,0.0,0.0,0.0,0.0,50.0,0.0,0.0,-1,0.0,G1_REGIME,regime='unknown' skipped=None reg_empty=True,-1,0.0,0.0,
XRP/USDT,1720,2026-05-20 13:00:00,long,0.66232,64.08,60.0,1.3643,0.008179,unknown,,,,False,False,0.0,0.0,50.0,0.0,0.0,0.0,0.0,0.0,50.0,0.0,0.0,-1,0.0,G1_REGIME,regime='unknown' skipped=None reg_empty=True,-1,0.0,0.0,
XRP/USDT,1721,2026-05-20 14:00:00,long,0.68293,61.91,60.0,1.3732,0.008571,unknown,,,,False,False,0.0,0.0,50.0,0.0,0.0,0.0,0.0,0.0,50.0,0.0,0.0,-1,0.0,G1_REGIME,regime='unknown' skipped=None reg_empty=True,-1,0.0,0.0,
XRP/USDT,1722,2026-05-20 15:00:00,long,0.69076,77.02,60.0,1.3747,0.008729,unknown,,,,False,False,0.0,0.0,50.0,0.0,0.0,0.0,0.0,0.0,50.0,0.0,0.0,-1,0.0,G1_REGIME,regime='unknown' skipped=None reg_empty=True,-1,0.0,0.0,
XRP/USDT,1723,2026-05-20 16:00:00,long,0.70016,53.89,60.0,1.3751,0.009143,unknown,,,,False,False,0.0,0.0,50.0,0.0,0.0,0.0,0.0,0.0,50.0,0.0,0.0,-1,0.0,G1_REGIME,regime='unknown' skipped=None reg_empty=True,-1,0.0,0.0,
XRP/USDT,1724,2026-05-20 17:00:00,long,0.66418,62.56,60.0,1.3753,0.009186,unknown,,,,False,False,0.0,0.0,50.0,0.0,0.0,0.0,0.0,0.0,50.0,0.0,0.0,-1,0.0,G1_REGIME,regime='unknown' skipped=None reg_empty=True,-1,0.0,0.0,
XRP/USDT,1725,2026-05-20 18:00:00,long,0.67316,69.15,60.0,1.3675,0.009514,unknown,,,,False,False,0.0,0.0,50.0,0.0,0.0,0.0,0.0,0.0,50.0,0.0,0.0,-1,0.0,G1_REGIME,regime='unknown' skipped=None reg_empty=True,-1,0.0,0.0,
XRP/USDT,1726,2026-05-20 19:00:00,long,0.69792,53.6,60.0,1.3726,0.00935,unknown,,,,False,False,0.0,0.0,50.0,0.0,0.0,0.0,0.0,0.0,50.0,0.0,0.0,-1,0.0,G1_REGIME,regime='unknown' skipped=None reg_empty=True,-1,0.0,0.0,
XRP/USDT,1727,2026-05-20 20:00:00,long,0.68017,51.99,60.0,1.3702,0.009664,unknown,,,,False,False,0.0,0.0,50.0,0.0,0.0,0.0,0.0,0.0,50.0,0.0,0.0,-1,0.0,G1_REGIME,regime='unknown' skipped=None reg_empty=True,-1,0.0,0.0,
XRP/USDT,1728,2026-05-20 21:00:00,long,0.70636,56.73,60.0,1.3668,0.009579,unknown,,,,False,False,0.0,0.0,50.0,0.0,0.0,0.0,0.0,0.0,50.0,0.0,0.0,-1,0.0,G1_REGIME,regime='unknown' skipped=None reg_empty=True,-1,0.0,0.0,
XRP/USDT,1729,2026-05-20 22:00:00,long,0.69192,58.37,60.0,1.366,0.00965,unknown,,,,False,False,0.0,0.0,50.0,0.0,0.0,0.0,0.0,0.0,50.0,0.0,0.0,-1,0.0,G1_REGIME,regime='unknown' skipped=None reg_empty=True,-1,0.0,0.0,
XRP/USDT,1730,2026-05-20 23:00:00,long,0.67457,55.55,60.0,1.3672,0.009671,unknown,,,,False,False,0.0,0.0,50.0,0.0,0.0,0.0,0.0,0.0,50.0,0.0,0.0,-1,0.0,G1_REGIME,regime='unknown' skipped=None reg_empty=True,-1,0.0,0.0,
XRP/USDT,1731,2026-05-21 00:00:00,long,0.72111,58.17,60.0,1.3762,0.010064,unknown,,,,False,False,0.0,0.0,50.0,0.0,0.0,0.0,0.0,0.0,50.0,0.0,0.0,-1,0.0,G1_REGIME,regime='unknown' skipped=None reg_empty=True,-1,0.0,0.0,
XRP/USDT,1732,2026-05-21 01:00:00,long,0.71935,57.56,60.0,1.3784,0.009964,unknown,,,,False,False,0.0,0.0,50.0,0.0,0.0,0.0,0.0,0.0,50.0,0.0,0.0,-1,0.0,G1_REGIME,regime='unknown' skipped=None reg_empty=True,-1,0.0,0.0,
XRP/USDT,1733,2026-05-21 02:00:00,long,0.73559,59.83,60.0,1.3813,0.009736,unknown,,,,False,False,0.0,0.0,50.0,0.0,0.0,0.0,0.0,0.0,50.0,0.0,0.0,-1,0.0,G1_REGIME,regime='unknown' skipped=None reg_empty=True,-1,0.0,0.0,
XRP/USDT,1734,2026-05-21 03:00:00,long,0.7317,47.56,60.0,1.3842,0.008979,unknown,,,,False,False,0.0,0.0,50.0,0.0,0.0,0.0,0.0,0.0,50.0,0.0,0.0,-1,0.0,G1_REGIME,regime='unknown' skipped=None reg_empty=True,-1,0.0,0.0,
XRP/USDT,1735,2026-05-21 04:00:00,long,0.71336,57.68,60.0,1.3819,0.008043,unknown,,,,False,False,0.0,0.0,50.0,0.0,0.0,0.0,0.0,0.0,50.0,0.0,0.0,-1,0.0,G1_REGIME,regime='unknown' skipped=None reg_empty=True,-1,0.0,0.0,
XRP/USDT,1736,2026-05-21 05:00:00,long,0.73243,71.28,60.0,1.3746,0.007971,unknown,,,,False,False,0.0,0.0,50.0,0.0,0.0,0.0,0.0,0.0,50.0,0.0,0.0,-1,0.0,G1_REGIME,regime='unknown' skipped=None reg_empty=True,-1,0.0,0.0,
XRP/USDT,1737,2026-05-21 06:00:00,long,0.74358,65.98,60.0,1.3708,0.00765,unknown,,,,False,False,0.0,0.0,50.0,0.0,0.0,0.0,0.0,0.0,50.0,0.0,0.0,-1,0.0,G1_REGIME,regime='unknown' skipped=None reg_empty=True,-1,0.0,0.0,
XRP/USDT,1738,2026-05-21 07:00:00,long,0.72009,63.78,60.0,1.376,0.007529,unknown,,,,False,False,0.0,0.0,50.0,0.0,0.0,0.0,0.0,0.0,50.0,0.0,0.0,-1,0.0,G1_REGIME,regime='unknown' skipped=None reg_empty=True,-1,0.0,0.0,
XRP/USDT,1739,2026-05-21 08:00:00,long,0.70294,65.69,60.0,1.3803,0.007443,unknown,,,,False,False,0.0,0.0,50.0,0.0,0.0,0.0,0.0,0.0,50.0,0.0,0.0,-1,0.0,G1_REGIME,regime='unknown' skipped=None reg_empty=True,-1,0.0,0.0,
XRP/USDT,1740,2026-05-21 09:00:00,long,0.72065,62.05,60.0,1.3742,0.007479,unknown,,,,False,False,0.0,0.0,50.0,0.0,0.0,0.0,0.0,0.0,50.0,0.0,0.0,-1,0.0,G1_REGIME,regime='unknown' skipped=None reg_empty=True,-1,0.0,0.0,
XRP/USDT,1741,2026-05-21 10:00:00,long,0.7048,80.22,60.0,1.3663,0.00765,unknown,,,,False,False,0.0,0.0,50.0,0.0,0.0,0.0,0.0,0.0,50.0,0.0,0.0,-1,0.0,G1_REGIME,regime='unknown' skipped=None reg_empty=True,-1,0.0,0.0,
XRP/USDT,1742,2026-05-21 11:00:00,long,0.72456,69.5,60.0,1.3636,0.007714,unknown,,,,False,False,0.0,0.0,50.0,0.0,0.0,0.0,0.0,0.0,50.0,0.0,0.0,-1,0.0,G1_REGIME,regime='unknown' skipped=None reg_empty=True,-1,0.0,0.0,
XRP/USDT,1743,2026-05-21 12:00:00,long,0.72322,68.94,60.0,1.3651,0.007521,unknown,,,,False,False,0.0,0.0,50.0,0.0,0.0,0.0,0.0,0.0,50.0,0.0,0.0,-1,0.0,G1_REGIME,regime='unknown' skipped=None reg_empty=True,-1,0.0,0.0,
XRP/USDT,1744,2026-05-21 13:00:00,long,0.72662,88.25,60.0,1.3618,0.008193,unknown,,,,False,False,0.0,0.0,50.0,0.0,0.0,0.0,0.0,0.0,50.0,0.0,0.0,-1,0.0,G1_REGIME,regime='unknown' skipped=None reg_empty=True,-1,0.0,0.0,
XRP/USDT,1745,2026-05-21 14:00:00,long,0.72651,73.17,60.0,1.357,0.008286,unknown,,,,False,False,0.0,0.0,50.0,0.0,0.0,0.0,0.0,0.0,50.0,0.0,0.0,-1,0.0,G1_REGIME,regime='unknown' skipped=None reg_empty=True,-1,0.0,0.0,
XRP/USDT,1746,2026-05-21 15:00:00,long,0.72531,69.47,60.0,1.3615,0.008586,unknown,,,,False,False,0.0,0.0,50.0,0.0,0.0,0.0,0.0,0.0,50.0,0.0,0.0,-1,0.0,G1_REGIME,regime='unknown' skipped=None reg_empty=True,-1,0.0,0.0,
XRP/USDT,1747,2026-05-21 16:00:00,long,0.72812,65.82,60.0,1.3613,0.008557,unknown,,,,False,False,0.0,0.0,50.0,0.0,0.0,0.0,0.0,0.0,50.0,0.0,0.0,-1,0.0,G1_REGIME,regime='unknown' skipped=None reg_empty=True,-1,0.0,0.0,
XRP/USDT,1748,2026-05-21 17:00:00,long,0.5945,71.38,60.0,1.3812,0.010014,unknown,,,,False,False,0.0,0.0,50.0,0.0,0.0,0.0,0.0,0.0,50.0,0.0,0.0,-1,0.0,G1_REGIME,regime='unknown' skipped=None reg_empty=True,-1,0.0,0.0,
XRP/USDT,1749,2026-05-21 18:00:00,long,0.68079,64.73,60.0,1.3713,0.010836,unknown,,,,False,False,0.0,0.0,50.0,0.0,0.0,0.0,0.0,0.0,50.0,0.0,0.0,-1,0.0,G1_REGIME,regime='unknown' skipped=None reg_empty=True,-1,0.0,0.0,
XRP/USDT,1750,2026-05-21 19:00:00,long,0.62043,50.7,60.0,1.3796,0.010786,unknown,,,,False,False,0.0,0.0,50.0,0.0,0.0,0.0,0.0,0.0,50.0,0.0,0.0,-1,0.0,G1_REGIME,regime='unknown' skipped=None reg_empty=True,-1,0.0,0.0,
XRP/USDT,1751,2026-05-21 20:00:00,long,0.63837,49.33,60.0,1.3772,0.010629,unknown,,,,False,False,0.0,0.0,50.0,0.0,0.0,0.0,0.0,0.0,50.0,0.0,0.0,-1,0.0,G1_REGIME,regime='unknown' skipped=None reg_empty=True,-1,0.0,0.0,
XRP/USDT,1752,2026-05-21 21:00:00,long,0.63982,47.35,60.0,1.376,0.010329,unknown,,,,False,False,0.0,0.0,50.0,0.0,0.0,0.0,0.0,0.0,50.0,0.0,0.0,-1,0.0,G1_REGIME,regime='unknown' skipped=None reg_empty=True,-1,0.0,0.0,
XRP/USDT,1753,2026-05-21 22:00:00,long,0.63488,45.95,60.0,1.3727,0.010036,unknown,,,,False,False,0.0,0.0,50.0,0.0,0.0,0.0,0.0,0.0,50.0,0.0,0.0,-1,0.0,G1_REGIME,regime='unknown' skipped=None reg_empty=True,-1,0.0,0.0,
XRP/USDT,1754,2026-05-21 23:00:00,long,0.61525,47.95,60.0,1.3739,0.009864,unknown,,,,False,False,0.0,0.0,50.0,0.0,0.0,0.0,0.0,0.0,50.0,0.0,0.0,-1,0.0,G1_REGIME,regime='unknown' skipped=None reg_empty=True,-1,0.0,0.0,
XRP/USDT,1755,2026-05-22 00:00:00,long,0.65398,57.53,60.0,1.3681,0.009586,unknown,,,,False,False,0.0,0.0,50.0,0.0,0.0,0.0,0.0,0.0,50.0,0.0,0.0,-1,0.0,G1_REGIME,regime='unknown' skipped=None reg_empty=True,-1,0.0,0.0,
XRP/USDT,1756,2026-05-22 01:00:00,long,0.62049,59.28,60.0,1.371,0.009643,unknown,,,,False,False,0.0,0.0,50.0,0.0,0.0,0.0,0.0,0.0,50.0,0.0,0.0,-1,0.0,G1_REGIME,regime='unknown' skipped=None reg_empty=True,-1,0.0,0.0,
XRP/USDT,1757,2026-05-22 02:00:00,long,0.63049,54.43,60.0,1.3731,0.0097,unknown,,,,False,False,0.0,0.0,50.0,0.0,0.0,0.0,0.0,0.0,50.0,0.0,0.0,-1,0.0,G1_REGIME,regime='unknown' skipped=None reg_empty=True,-1,0.0,0.0,
XRP/USDT,1758,2026-05-22 03:00:00,long,0.62879,50.65,60.0,1.3721,0.008971,unknown,,,,False,False,0.0,0.0,50.0,0.0,0.0,0.0,0.0,0.0,50.0,0.0,0.0,-1,0.0,G1_REGIME,regime='unknown' skipped=None reg_empty=True,-1,0.0,0.0,
XRP/USDT,1759,2026-05-22 04:00:00,long,0.62572,60.12,60.0,1.3704,0.008614,unknown,,,,False,False,0.0,0.0,50.0,0.0,0.0,0.0,0.0,0.0,50.0,0.0,0.0,-1,0.0,G1_REGIME,regime='unknown' skipped=None reg_empty=True,-1,0.0,0.0,
XRP/USDT,1760,2026-05-22 05:00:00,long,0.62531,59.75,60.0,1.3682,0.0083,unknown,,,,False,False,0.0,0.0,50.0,0.0,0.0,0.0,0.0,0.0,50.0,0.0,0.0,-1,0.0,G1_REGIME,regime='unknown' skipped=None reg_empty=True,-1,0.0,0.0,
XRP/USDT,1761,2026-05-22 06:00:00,long,0.70799,74.11,60.0,1.3606,0.008421,unknown,,,,False,False,0.0,0.0,50.0,0.0,0.0,0.0,0.0,0.0,50.0,0.0,0.0,-1,0.0,G1_REGIME,regime='unknown' skipped=None reg_empty=True,-1,0.0,0.0,
XRP/USDT,1762,2026-05-22 07:00:00,long,0.64936,69.42,60.0,1.3652,0.007457,unknown,,,,False,False,0.0,0.0,50.0,0.0,0.0,0.0,0.0,0.0,50.0,0.0,0.0,-1,0.0,G1_REGIME,regime='unknown' skipped=None reg_empty=True,-1,0.0,0.0,
XRP/USDT,1763,2026-05-22 08:00:00,long,0.66879,64.63,60.0,1.3628,0.00685,unknown,,,,False,False,0.0,0.0,50.0,0.0,0.0,0.0,0.0,0.0,50.0,0.0,0.0,-1,0.0,G1_REGIME,regime='unknown' skipped=None reg_empty=True,-1,0.0,0.0,
XRP/USDT,1764,2026-05-22 09:00:00,long,0.67101,82.68,60.0,1.3601,0.006529,unknown,,,,False,False,0.0,0.0,50.0,0.0,0.0,0.0,0.0,0.0,50.0,0.0,0.0,-1,0.0,G1_REGIME,regime='unknown' skipped=None reg_empty=True,-1,0.0,0.0,
XRP/USDT,1765,2026-05-22 10:00:00,long,0.66926,85.94,60.0,1.3598,0.006514,unknown,,,,False,False,0.0,0.0,50.0,0.0,0.0,0.0,0.0,0.0,50.0,0.0,0.0,-1,0.0,G1_REGIME,regime='unknown' skipped=None reg_empty=True,-1,0.0,0.0,
XRP/USDT,1766,2026-05-22 11:00:00,long,0.66001,90.09,60.0,1.3616,0.006757,unknown,,,,False,False,0.0,0.0,50.0,0.0,0.0,0.0,0.0,0.0,50.0,0.0,0.0,-1,0.0,G1_REGIME,regime='unknown' skipped=None reg_empty=True,-1,0.0,0.0,
XRP/USDT,1767,2026-05-22 12:00:00,long,0.61582,79.71,60.0,1.366,0.006757,unknown,,,,False,False,0.0,0.0,50.0,0.0,0.0,0.0,0.0,0.0,50.0,0.0,0.0,-1,0.0,G1_REGIME,regime='unknown' skipped=None reg_empty=True,-1,0.0,0.0,
XRP/USDT,1768,2026-05-22 13:00:00,long,0.65799,100.0,60.0,1.3626,0.007257,unknown,,,,False,False,0.0,0.0,50.0,0.0,0.0,0.0,0.0,0.0,50.0,0.0,0.0,-1,0.0,G1_REGIME,regime='unknown' skipped=None reg_empty=True,-1,0.0,0.0,
XRP/USDT,1769,2026-05-22 14:00:00,long,0.7361,100.0,60.0,1.3521,0.007643,unknown,,,,False,False,0.0,0.0,50.0,0.0,0.0,0.0,0.0,0.0,50.0,0.0,0.0,-1,0.0,G1_REGIME,regime='unknown' skipped=None reg_empty=True,-1,0.0,0.0,
XRP/USDT,1770,2026-05-22 15:00:00,long,0.7325,91.96,60.0,1.3534,0.007886,unknown,,,,False,False,0.0,0.0,50.0,0.0,0.0,0.0,0.0,0.0,50.0,0.0,0.0,-1,0.0,G1_REGIME,regime='unknown' skipped=None reg_empty=True,-1,0.0,0.0,
XRP/USDT,1771,2026-05-22 16:00:00,long,0.72902,87.07,60.0,1.3547,0.007843,unknown,,,,False,False,0.0,0.0,50.0,0.0,0.0,0.0,0.0,0.0,50.0,0.0,0.0,-1,0.0,G1_REGIME,regime='unknown' skipped=None reg_empty=True,-1,0.0,0.0,
XRP/USDT,1772,2026-05-22 17:00:00,long,0.72631,84.74,60.0,1.3535,0.008179,unknown,,,,False,False,0.0,0.0,50.0,0.0,0.0,0.0,0.0,0.0,50.0,0.0,0.0,-1,0.0,G1_REGIME,regime='unknown' skipped=None reg_empty=True,-1,0.0,0.0,
XRP/USDT,1773,2026-05-22 18:00:00,long,0.7269,100.0,60.0,1.35,0.00915,unknown,,,,False,False,0.0,0.0,50.0,0.0,0.0,0.0,0.0,0.0,50.0,0.0,0.0,-1,0.0,G1_REGIME,regime='unknown' skipped=None reg_empty=True,-1,0.0,0.0,
XRP/USDT,1774,2026-05-22 19:00:00,long,0.68069,92.87,60.0,1.3386,0.010007,unknown,,,,False,False,0.0,0.0,50.0,0.0,0.0,0.0,0.0,0.0,50.0,0.0,0.0,-1,0.0,G1_REGIME,regime='unknown' skipped=None reg_empty=True,-1,0.0,0.0,
XRP/USDT,1775,2026-05-22 20:00:00,long,0.68158,86.05,60.0,1.342,0.009843,unknown,,,,False,False,0.0,0.0,50.0,0.0,0.0,0.0,0.0,0.0,50.0,0.0,0.0,-1,0.0,G1_REGIME,regime='unknown' skipped=None reg_empty=True,-1,0.0,0.0,
XRP/USDT,1776,2026-05-22 21:00:00,long,0.71306,81.81,60.0,1.3426,0.009293,unknown,,,,False,False,0.0,0.0,50.0,0.0,0.0,0.0,0.0,0.0,50.0,0.0,0.0,-1,0.0,G1_REGIME,regime='unknown' skipped=None reg_empty=True,-1,0.0,0.0,
XRP/USDT,1777,2026-05-22 22:00:00,long,0.68832,80.17,60.0,1.3405,0.009207,unknown,,,,False,False,0.0,0.0,50.0,0.0,0.0,0.0,0.0,0.0,50.0,0.0,0.0,-1,0.0,G1_REGIME,regime='unknown' skipped=None reg_empty=True,-1,0.0,0.0,
XRP/USDT,1778,2026-05-22 23:00:00,long,0.68047,88.65,60.0,1.3345,0.009686,unknown,,,,False,False,0.0,0.0,50.0,0.0,0.0,0.0,0.0,0.0,50.0,0.0,0.0,-1,0.0,G1_REGIME,regime='unknown' skipped=None reg_empty=True,-1,0.0,0.0,
XRP/USDT,1779,2026-05-23 00:00:00,long,0.68381,90.12,60.0,1.3346,0.009993,unknown,,,,False,False,0.0,0.0,50.0,0.0,0.0,0.0,0.0,0.0,50.0,0.0,0.0,-1,0.0,G1_REGIME,regime='unknown' skipped=None reg_empty=True,-1,0.0,0.0,
XRP/USDT,1780,2026-05-23 01:00:00,long,0.68413,82.45,60.0,1.3375,0.009893,unknown,,,,False,False,0.0,0.0,50.0,0.0,0.0,0.0,0.0,0.0,50.0,0.0,0.0,-1,0.0,G1_REGIME,regime='unknown' skipped=None reg_empty=True,-1,0.0,0.0,
XRP/USDT,1781,2026-05-23 02:00:00,long,0.68839,83.45,60.0,1.3399,0.009764,unknown,,,,False,False,0.0,0.0,50.0,0.0,0.0,0.0,0.0,0.0,50.0,0.0,0.0,-1,0.0,G1_REGIME,regime='unknown' skipped=None reg_empty=True,-1,0.0,0.0,
XRP/USDT,1782,2026-05-23 03:00:00,long,0.72436,84.02,60.0,1.3411,0.00905,unknown,,,,False,False,0.0,0.0,50.0,0.0,0.0,0.0,0.0,0.0,50.0,0.0,0.0,-1,0.0,G1_REGIME,regime='unknown' skipped=None reg_empty=True,-1,0.0,0.0,
XRP/USDT,1783,2026-05-23 04:00:00,long,0.69919,83.24,60.0,1.3363,0.008593,unknown,,,,False,False,0.0,0.0,50.0,0.0,0.0,0.0,0.0,0.0,50.0,0.0,0.0,-1,0.0,G1_REGIME,regime='unknown' skipped=None reg_empty=True,-1,0.0,0.0,
XRP/USDT,1784,2026-05-23 05:00:00,long,0.73191,84.57,60.0,1.3313,0.008386,unknown,,,,False,False,0.0,0.0,50.0,0.0,0.0,0.0,0.0,0.0,50.0,0.0,0.0,-1,0.0,G1_REGIME,regime='unknown' skipped=None reg_empty=True,-1,0.0,0.0,
XRP/USDT,1785,2026-05-23 06:00:00,long,0.69404,85.97,60.0,1.3331,0.008521,unknown,,,,False,False,0.0,0.0,50.0,0.0,0.0,0.0,0.0,0.0,50.0,0.0,0.0,-1,0.0,G1_REGIME,regime='unknown' skipped=None reg_empty=True,-1,0.0,0.0,
XRP/USDT,1786,2026-05-23 07:00:00,long,0.67557,100.0,60.0,1.3122,0.010193,unknown,,,,False,False,0.0,0.0,50.0,0.0,0.0,0.0,0.0,0.0,50.0,0.0,0.0,-1,0.0,G1_REGIME,regime='unknown' skipped=None reg_empty=True,-1,0.0,0.0,
XRP/USDT,1787,2026-05-23 08:00:00,long,0.67139,100.0,60.0,1.3107,0.009486,unknown,,,,False,False,0.0,0.0,50.0,0.0,0.0,0.0,0.0,0.0,50.0,0.0,0.0,-1,0.0,G1_REGIME,regime='unknown' skipped=None reg_empty=True,-1,0.0,0.0,
XRP/USDT,1788,2026-05-23 09:00:00,long,0.67438,87.57,60.0,1.3173,0.008814,unknown,,,,False,False,0.0,0.0,50.0,0.0,0.0,0.0,0.0,0.0,50.0,0.0,0.0,-1,0.0,G1_REGIME,regime='unknown' skipped=None reg_empty=True,-1,0.0,0.0,
XRP/USDT,1789,2026-05-23 10:00:00,long,0.68053,76.8,60.0,1.3225,0.0088,unknown,,,,False,False,0.0,0.0,50.0,0.0,0.0,0.0,0.0,0.0,50.0,0.0,0.0,-1,0.0,G1_REGIME,regime='unknown' skipped=None reg_empty=True,-1,0.0,0.0,
XRP/USDT,1790,2026-05-23 11:00:00,long,0.69677,77.27,60.0,1.3247,0.008907,unknown,,,,False,False,0.0,0.0,50.0,0.0,0.0,0.0,0.0,0.0,50.0,0.0,0.0,-1,0.0,G1_REGIME,regime='unknown' skipped=None reg_empty=True,-1,0.0,0.0,
XRP/USDT,1791,2026-05-23 12:00:00,long,0.69209,77.07,60.0,1.3265,0.008721,unknown,,,,False,False,0.0,0.0,50.0,0.0,0.0,0.0,0.0,0.0,50.0,0.0,0.0,-1,0.0,G1_REGIME,regime='unknown' skipped=None reg_empty=True,-1,0.0,0.0,
XRP/USDT,1792,2026-05-23 13:00:00,long,0.69238,82.85,60.0,1.3332,0.008543,unknown,,,,False,False,0.0,0.0,50.0,0.0,0.0,0.0,0.0,0.0,50.0,0.0,0.0,-1,0.0,G1_REGIME,regime='unknown' skipped=None reg_empty=True,-1,0.0,0.0,
XRP/USDT,1793,2026-05-23 14:00:00,long,0.68197,85.89,60.0,1.3399,0.0086,unknown,,,,False,False,0.0,0.0,50.0,0.0,0.0,0.0,0.0,0.0,50.0,0.0,0.0,-1,0.0,G1_REGIME,regime='unknown' skipped=None reg_empty=True,-1,0.0,0.0,
XRP/USDT,1794,2026-05-23 15:00:00,long,0.69341,82.55,60.0,1.3359,0.0087,unknown,,,,False,False,0.0,0.0,50.0,0.0,0.0,0.0,0.0,0.0,50.0,0.0,0.0,-1,0.0,G1_REGIME,regime='unknown' skipped=None reg_empty=True,-1,0.0,0.0,
XRP/USDT,1795,2026-05-23 16:00:00,long,0.71466,84.88,60.0,1.3379,0.008779,unknown,,,,False,False,0.0,0.0,50.0,0.0,0.0,0.0,0.0,0.0,50.0,0.0,0.0,-1,0.0,G1_REGIME,regime='unknown' skipped=None reg_empty=True,-1,0.0,0.0,
XRP/USDT,1796,2026-05-23 17:00:00,long,0.69973,80.03,60.0,1.3385,0.008843,unknown,,,,False,False,0.0,0.0,50.0,0.0,0.0,0.0,0.0,0.0,50.0,0.0,0.0,-1,0.0,G1_REGIME,regime='unknown' skipped=None reg_empty=True,-1,0.0,0.0,
XRP/USDT,1797,2026-05-23 18:00:00,long,0.72076,79.18,60.0,1.3453,0.009264,unknown,,,,False,False,0.0,0.0,50.0,0.0,0.0,0.0,0.0,0.0,50.0,0.0,0.0,-1,0.0,G1_REGIME,regime='unknown' skipped=None reg_empty=True,-1,0.0,0.0,
XRP/USDT,1798,2026-05-23 19:00:00,long,0.75845,77.57,60.0,1.347,0.009079,unknown,,,,False,False,0.0,0.0,50.0,0.0,0.0,0.0,0.0,0.0,50.0,0.0,0.0,-1,0.0,G1_REGIME,regime='unknown' skipped=None reg_empty=True,-1,0.0,0.0,
XRP/USDT,1799,2026-05-23 20:00:00,long,0.75051,77.04,60.0,1.3719,0.010493,unknown,,,,False,False,0.0,0.0,50.0,0.0,0.0,0.0,0.0,0.0,50.0,0.0,0.0,-1,0.0,G1_REGIME,regime='unknown' skipped=None reg_empty=True,-1,0.0,0.0,
XRP/USDT,1800,2026-05-23 21:00:00,long,0.70944,71.63,60.0,1.3598,0.009821,unknown,,,,False,False,0.0,0.0,50.0,0.0,0.0,0.0,0.0,0.0,50.0,0.0,0.0,-1,0.0,G1_REGIME,regime='unknown' skipped=None reg_empty=True,-1,0.0,0.0,
XRP/USDT,1801,2026-05-23 22:00:00,long,0.70699,67.71,60.0,1.3588,0.009771,unknown,,,,False,False,0.0,0.0,50.0,0.0,0.0,0.0,0.0,0.0,50.0,0.0,0.0,-1,0.0,G1_REGIME,regime='unknown' skipped=None reg_empty=True,-1,0.0,0.0,
XRP/USDT,1802,2026-05-23 23:00:00,long,0.71119,65.71,60.0,1.3583,0.009507,unknown,,,,False,False,0.0,0.0,50.0,0.0,0.0,0.0,0.0,0.0,50.0,0.0,0.0,-1,0.0,G1_REGIME,regime='unknown' skipped=None reg_empty=True,-1,0.0,0.0,
XRP/USDT,1803,2026-05-24 00:00:00,long,0.72062,66.33,60.0,1.3619,0.009486,unknown,,,,False,False,0.0,0.0,50.0,0.0,0.0,0.0,0.0,0.0,50.0,0.0,0.0,-1,0.0,G1_REGIME,regime='unknown' skipped=None reg_empty=True,-1,0.0,0.0,
XRP/USDT,1804,2026-05-24 01:00:00,long,0.72187,65.2,60.0,1.3605,0.0094,unknown,,,,False,False,0.0,0.0,50.0,0.0,0.0,0.0,0.0,0.0,50.0,0.0,0.0,-1,0.0,G1_REGIME,regime='unknown' skipped=None reg_empty=True,-1,0.0,0.0,
XRP/USDT,1805,2026-05-24 02:00:00,long,0.73436,66.92,60.0,1.3612,0.009436,unknown,,,,False,False,0.0,0.0,50.0,0.0,0.0,0.0,0.0,0.0,50.0,0.0,0.0,-1,0.0,G1_REGIME,regime='unknown' skipped=None reg_empty=True,-1,0.0,0.0,
XRP/USDT,1806,2026-05-24 03:00:00,long,0.76103,64.9,60.0,1.3607,0.008957,unknown,,,,False,False,0.0,0.0,50.0,0.0,0.0,0.0,0.0,0.0,50.0,0.0,0.0,-1,0.0,G1_REGIME,regime='unknown' skipped=None reg_empty=True,-1,0.0,0.0,
XRP/USDT,1807,2026-05-24 04:00:00,long,0.75373,74.74,60.0,1.361,0.00845,unknown,,,,False,False,0.0,0.0,50.0,0.0,0.0,0.0,0.0,0.0,50.0,0.0,0.0,-1,0.0,G1_REGIME,regime='unknown' skipped=None reg_empty=True,-1,0.0,0.0,
XRP/USDT,1808,2026-05-24 05:00:00,long,0.74959,65.0,60.0,1.3595,0.008414,unknown,,,,False,False,0.0,0.0,50.0,0.0,0.0,0.0,0.0,0.0,50.0,0.0,0.0,-1,0.0,G1_REGIME,regime='unknown' skipped=None reg_empty=True,-1,0.0,0.0,
XRP/USDT,1809,2026-05-24 06:00:00,long,0.7317,65.56,60.0,1.3628,0.008479,unknown,,,,False,False,0.0,0.0,50.0,0.0,0.0,0.0,0.0,0.0,50.0,0.0,0.0,-1,0.0,G1_REGIME,regime='unknown' skipped=None reg_empty=True,-1,0.0,0.0,
XRP/USDT,1810,2026-05-24 07:00:00,long,0.74656,74.74,60.0,1.3595,0.008636,unknown,,,,False,False,0.0,0.0,50.0,0.0,0.0,0.0,0.0,0.0,50.0,0.0,0.0,-1,0.0,G1_REGIME,regime='unknown' skipped=None reg_empty=True,-1,0.0,0.0,
XRP/USDT,1811,2026-05-24 08:00:00,long,0.72772,73.76,60.0,1.361,0.008036,unknown,,,,False,False,0.0,0.0,50.0,0.0,0.0,0.0,0.0,0.0,50.0,0.0,0.0,-1,0.0,G1_REGIME,regime='unknown' skipped=None reg_empty=True,-1,0.0,0.0,
XRP/USDT,1812,2026-05-24 09:00:00,long,0.71231,79.08,60.0,1.3648,0.008136,unknown,,,,False,False,0.0,0.0,50.0,0.0,0.0,0.0,0.0,0.0,50.0,0.0,0.0,-1,0.0,G1_REGIME,regime='unknown' skipped=None reg_empty=True,-1,0.0,0.0,
XRP/USDT,1813,2026-05-24 10:00:00,long,0.69837,78.78,60.0,1.3635,0.0068,unknown,,,,False,False,0.0,0.0,50.0,0.0,0.0,0.0,0.0,0.0,50.0,0.0,0.0,-1,0.0,G1_REGIME,regime='unknown' skipped=None reg_empty=True,-1,0.0,0.0,
XRP/USDT,1814,2026-05-24 11:00:00,long,0.66508,93.75,60.0,1.3651,0.005743,unknown,,,,False,False,0.0,0.0,50.0,0.0,0.0,0.0,0.0,0.0,50.0,0.0,0.0,-1,0.0,G1_REGIME,regime='unknown' skipped=None reg_empty=True,-1,0.0,0.0,
XRP/USDT,1815,2026-05-24 12:00:00,long,0.67836,74.16,60.0,1.3627,0.005307,unknown,,,,False,False,0.0,0.0,50.0,0.0,0.0,0.0,0.0,0.0,50.0,0.0,0.0,-1,0.0,G1_REGIME,regime='unknown' skipped=None reg_empty=True,-1,0.0,0.0,
XRP/USDT,1816,2026-05-24 13:00:00,long,0.70274,72.7,60.0,1.3589,0.005493,unknown,,,,False,False,0.0,0.0,50.0,0.0,0.0,0.0,0.0,0.0,50.0,0.0,0.0,-1,0.0,G1_REGIME,regime='unknown' skipped=None reg_empty=True,-1,0.0,0.0,
XRP/USDT,1817,2026-05-24 14:00:00,long,0.74391,97.56,60.0,1.3498,0.006479,unknown,,,,False,False,0.0,0.0,50.0,0.0,0.0,0.0,0.0,0.0,50.0,0.0,0.0,-1,0.0,G1_REGIME,regime='unknown' skipped=None reg_empty=True,-1,0.0,0.0,
XRP/USDT,1818,2026-05-24 15:00:00,long,0.74263,86.92,60.0,1.3484,0.006414,unknown,,,,False,False,0.0,0.0,50.0,0.0,0.0,0.0,0.0,0.0,50.0,0.0,0.0,-1,0.0,G1_REGIME,regime='unknown' skipped=None reg_empty=True,-1,0.0,0.0,
XRP/USDT,1819,2026-05-24 16:00:00,long,0.72056,86.89,60.0,1.3509,0.006514,unknown,,,,False,False,0.0,0.0,50.0,0.0,0.0,0.0,0.0,0.0,50.0,0.0,0.0,-1,0.0,G1_REGIME,regime='unknown' skipped=None reg_empty=True,-1,0.0,0.0,
XRP/USDT,1820,2026-05-24 17:00:00,long,0.71891,85.48,60.0,1.3532,0.006529,unknown,,,,False,False,0.0,0.0,50.0,0.0,0.0,0.0,0.0,0.0,50.0,0.0,0.0,-1,0.0,G1_REGIME,regime='unknown' skipped=None reg_empty=True,-1,0.0,0.0,
XRP/USDT,1821,2026-05-24 18:00:00,long,0.72438,86.06,60.0,1.3486,0.006764,unknown,,,,False,False,0.0,0.0,50.0,0.0,0.0,0.0,0.0,0.0,50.0,0.0,0.0,-1,0.0,G1_REGIME,regime='unknown' skipped=None reg_empty=True,-1,0.0,0.0,
XRP/USDT,1822,2026-05-24 19:00:00,long,0.71464,84.37,60.0,1.3493,0.006636,unknown,,,,False,False,0.0,0.0,50.0,0.0,0.0,0.0,0.0,0.0,50.0,0.0,0.0,-1,0.0,G1_REGIME,regime='unknown' skipped=None reg_empty=True,-1,0.0,0.0,
XRP/USDT,1823,2026-05-24 20:00:00,long,0.71504,87.11,60.0,1.3448,0.006679,unknown,,,,False,False,0.0,0.0,50.0,0.0,0.0,0.0,0.0,0.0,50.0,0.0,0.0,-1,0.0,G1_REGIME,regime='unknown' skipped=None reg_empty=True,-1,0.0,0.0,
XRP/USDT,1824,2026-05-24 21:00:00,long,0.73107,90.06,60.0,1.3358,0.0073,unknown,,,,False,False,0.0,0.0,50.0,0.0,0.0,0.0,0.0,0.0,50.0,0.0,0.0,-1,0.0,G1_REGIME,regime='unknown' skipped=None reg_empty=True,-1,0.0,0.0,
XRP/USDT,1825,2026-05-24 22:00:00,long,0.71397,94.82,60.0,1.3478,0.00815,unknown,,,,False,False,0.0,0.0,50.0,0.0,0.0,0.0,0.0,0.0,50.0,0.0,0.0,-1,0.0,G1_REGIME,regime='unknown' skipped=None reg_empty=True,-1,0.0,0.0,
XRP/USDT,1826,2026-05-24 23:00:00,long,0.72156,78.09,60.0,1.351,0.008164,unknown,,,,False,False,0.0,0.0,50.0,0.0,0.0,0.0,0.0,0.0,50.0,0.0,0.0,-1,0.0,G1_REGIME,regime='unknown' skipped=None reg_empty=True,-1,0.0,0.0,
XRP/USDT,1827,2026-05-25 00:00:00,long,0.73248,80.99,60.0,1.352,0.007921,unknown,,,,False,False,0.0,0.0,50.0,0.0,0.0,0.0,0.0,0.0,50.0,0.0,0.0,-1,0.0,G1_REGIME,regime='unknown' skipped=None reg_empty=True,-1,0.0,0.0,
XRP/USDT,1828,2026-05-25 01:00:00,long,0.72341,87.16,60.0,1.3473,0.007979,unknown,,,,False,False,0.0,0.0,50.0,0.0,0.0,0.0,0.0,0.0,50.0,0.0,0.0,-1,0.0,G1_REGIME,regime='unknown' skipped=None reg_empty=True,-1,0.0,0.0,
XRP/USDT,1829,2026-05-25 02:00:00,long,0.72266,89.65,60.0,1.3473,0.008343,unknown,,,,False,False,0.0,0.0,50.0,0.0,0.0,0.0,0.0,0.0,50.0,0.0,0.0,-1,0.0,G1_REGIME,regime='unknown' skipped=None reg_empty=True,-1,0.0,0.0,
XRP/USDT,1830,2026-05-25 03:00:00,long,0.72896,89.99,60.0,1.3468,0.008207,unknown,,,,False,False,0.0,0.0,50.0,0.0,0.0,0.0,0.0,0.0,50.0,0.0,0.0,-1,0.0,G1_REGIME,regime='unknown' skipped=None reg_empty=True,-1,0.0,0.0,
XRP/USDT,1831,2026-05-25 04:00:00,long,0.69889,78.0,60.0,1.3553,0.007564,unknown,,,,False,False,0.0,0.0,50.0,0.0,0.0,0.0,0.0,0.0,50.0,0.0,0.0,-1,0.0,G1_REGIME,regime='unknown' skipped=None reg_empty=True,-1,0.0,0.0,
XRP/USDT,1832,2026-05-25 05:00:00,long,0.68231,80.46,60.0,1.3582,0.00785,unknown,,,,False,False,0.0,0.0,50.0,0.0,0.0,0.0,0.0,0.0,50.0,0.0,0.0,-1,0.0,G1_REGIME,regime='unknown' skipped=None reg_empty=True,-1,0.0,0.0,
XRP/USDT,1833,2026-05-25 06:00:00,long,0.69059,75.83,60.0,1.3582,0.007943,unknown,,,,False,False,0.0,0.0,50.0,0.0,0.0,0.0,0.0,0.0,50.0,0.0,0.0,-1,0.0,G1_REGIME,regime='unknown' skipped=None reg_empty=True,-1,0.0,0.0,
XRP/USDT,1834,2026-05-25 07:00:00,long,0.70687,82.32,60.0,1.3589,0.008257,unknown,,,,False,False,0.0,0.0,50.0,0.0,0.0,0.0,0.0,0.0,50.0,0.0,0.0,-1,0.0,G1_REGIME,regime='unknown' skipped=None reg_empty=True,-1,0.0,0.0,
XRP/USDT,1835,2026-05-25 08:00:00,long,0.7274,97.91,60.0,1.3592,0.008471,unknown,,,,False,False,0.0,0.0,50.0,0.0,0.0,0.0,0.0,0.0,50.0,0.0,0.0,-1,0.0,G1_REGIME,regime='unknown' skipped=None reg_empty=True,-1,0.0,0.0,
XRP/USDT,1836,2026-05-25 09:00:00,long,0.71939,81.92,60.0,1.361,0.0086,unknown,,,,False,False,0.0,0.0,50.0,0.0,0.0,0.0,0.0,0.0,50.0,0.0,0.0,-1,0.0,G1_REGIME,regime='unknown' skipped=None reg_empty=True,-1,0.0,0.0,
XRP/USDT,1837,2026-05-25 10:00:00,long,0.7185,76.56,60.0,1.3606,0.008314,unknown,,,,False,False,0.0,0.0,50.0,0.0,0.0,0.0,0.0,0.0,50.0,0.0,0.0,-1,0.0,G1_REGIME,regime='unknown' skipped=None reg_empty=True,-1,0.0,0.0,
XRP/USDT,1838,2026-05-25 11:00:00,long,0.75344,66.08,60.0,1.3577,0.007564,unknown,,,,False,False,0.0,0.0,50.0,0.0,0.0,0.0,0.0,0.0,50.0,0.0,0.0,-1,0.0,G1_REGIME,regime='unknown' skipped=None reg_empty=True,-1,0.0,0.0,
XRP/USDT,1839,2026-05-25 12:00:00,long,0.74931,75.12,60.0,1.3574,0.006671,unknown,,,,False,False,0.0,0.0,50.0,0.0,0.0,0.0,0.0,0.0,50.0,0.0,0.0,-1,0.0,G1_REGIME,regime='unknown' skipped=None reg_empty=True,-1,0.0,0.0,
XRP/USDT,1840,2026-05-25 13:00:00,long,0.74046,74.51,60.0,1.3583,0.006464,unknown,,,,False,False,0.0,0.0,50.0,0.0,0.0,0.0,0.0,0.0,50.0,0.0,0.0,-1,0.0,G1_REGIME,regime='unknown' skipped=None reg_empty=True,-1,0.0,0.0,
XRP/USDT,1841,2026-05-25 14:00:00,long,0.72021,58.98,60.0,1.3615,0.006479,unknown,,,,False,False,0.0,0.0,50.0,0.0,0.0,0.0,0.0,0.0,50.0,0.0,0.0,-1,0.0,G1_REGIME,regime='unknown' skipped=None reg_empty=True,-1,0.0,0.0,
XRP/USDT,1842,2026-05-25 15:00:00,long,0.71237,44.05,60.0,1.3588,0.00645,unknown,,,,False,False,0.0,0.0,50.0,0.0,0.0,0.0,0.0,0.0,50.0,0.0,0.0,-1,0.0,G1_REGIME,regime='unknown' skipped=None reg_empty=True,-1,0.0,0.0,
XRP/USDT,1843,2026-05-25 16:00:00,long,0.68418,42.29,60.0,1.3627,0.006214,unknown,,,,False,False,0.0,0.0,50.0,0.0,0.0,0.0,0.0,0.0,50.0,0.0,0.0,-1,0.0,G1_REGIME,regime='unknown' skipped=None reg_empty=True,-1,0.0,0.0,
XRP/USDT,1844,2026-05-25 17:00:00,long,0.69365,40.71,60.0,1.3613,0.006114,unknown,,,,False,False,0.0,0.0,50.0,0.0,0.0,0.0,0.0,0.0,50.0,0.0,0.0,-1,0.0,G1_REGIME,regime='unknown' skipped=None reg_empty=True,-1,0.0,0.0,
XRP/USDT,1845,2026-05-25 18:00:00,long,0.70297,68.67,60.0,1.3587,0.005614,unknown,,,,False,False,0.0,0.0,50.0,0.0,0.0,0.0,0.0,0.0,50.0,0.0,0.0,-1,0.0,G1_REGIME,regime='unknown' skipped=None reg_empty=True,-1,0.0,0.0,
XRP/USDT,1846,2026-05-25 19:00:00,long,0.67702,67.72,60.0,1.3571,0.005414,unknown,,,,False,False,0.0,0.0,50.0,0.0,0.0,0.0,0.0,0.0,50.0,0.0,0.0,-1,0.0,G1_REGIME,regime='unknown' skipped=None reg_empty=True,-1,0.0,0.0,
XRP/USDT,1847,2026-05-25 20:00:00,long,0.6728,65.18,60.0,1.3546,0.00545,unknown,,,,False,False,0.0,0.0,50.0,0.0,0.0,0.0,0.0,0.0,50.0,0.0,0.0,-1,0.0,G1_REGIME,regime='unknown' skipped=None reg_empty=True,-1,0.0,0.0,
XRP/USDT,1848,2026-05-25 21:00:00,long,0.67304,64.68,60.0,1.3547,0.00505,unknown,,,,False,False,0.0,0.0,50.0,0.0,0.0,0.0,0.0,0.0,50.0,0.0,0.0,-1,0.0,G1_REGIME,regime='unknown' skipped=None reg_empty=True,-1,0.0,0.0,
XRP/USDT,1849,2026-05-25 22:00:00,long,0.69071,78.81,60.0,1.3489,0.005086,unknown,,,,False,False,0.0,0.0,50.0,0.0,0.0,0.0,0.0,0.0,50.0,0.0,0.0,-1,0.0,G1_REGIME,regime='unknown' skipped=None reg_empty=True,-1,0.0,0.0,
XRP/USDT,1850,2026-05-25 23:00:00,long,0.64977,74.96,60.0,1.3503,0.004971,unknown,,,,False,False,0.0,0.0,50.0,0.0,0.0,0.0,0.0,0.0,50.0,0.0,0.0,-1,0.0,G1_REGIME,regime='unknown' skipped=None reg_empty=True,-1,0.0,0.0,
XRP/USDT,1851,2026-05-26 00:00:00,long,0.62842,86.11,60.0,1.3422,0.005936,unknown,,,,False,False,0.0,0.0,50.0,0.0,0.0,0.0,0.0,0.0,50.0,0.0,0.0,-1,0.0,G1_REGIME,regime='unknown' skipped=None reg_empty=True,-1,0.0,0.0,
XRP/USDT,1852,2026-05-26 01:00:00,long,0.64122,87.41,60.0,1.3396,0.006171,unknown,,,,False,False,0.0,0.0,50.0,0.0,0.0,0.0,0.0,0.0,50.0,0.0,0.0,-1,0.0,G1_REGIME,regime='unknown' skipped=None reg_empty=True,-1,0.0,0.0,
XRP/USDT,1853,2026-05-26 02:00:00,long,0.66444,86.83,60.0,1.3372,0.006286,unknown,,,,False,False,0.0,0.0,50.0,0.0,0.0,0.0,0.0,0.0,50.0,0.0,0.0,-1,0.0,G1_REGIME,regime='unknown' skipped=None reg_empty=True,-1,0.0,0.0,
XRP/USDT,1854,2026-05-26 03:00:00,long,0.65356,88.34,60.0,1.3402,0.006514,unknown,,,,False,False,0.0,0.0,50.0,0.0,0.0,0.0,0.0,0.0,50.0,0.0,0.0,-1,0.0,G1_REGIME,regime='unknown' skipped=None reg_empty=True,-1,0.0,0.0,
XRP/USDT,1855,2026-05-26 04:00:00,long,0.62597,85.17,60.0,1.3454,0.006621,unknown,,,,False,False,0.0,0.0,50.0,0.0,0.0,0.0,0.0,0.0,50.0,0.0,0.0,-1,0.0,G1_REGIME,regime='unknown' skipped=None reg_empty=True,-1,0.0,0.0,
XRP/USDT,1856,2026-05-26 05:00:00,long,0.61344,76.11,60.0,1.3479,0.006486,unknown,,,,False,False,0.0,0.0,50.0,0.0,0.0,0.0,0.0,0.0,50.0,0.0,0.0,-1,0.0,G1_REGIME,regime='unknown' skipped=None reg_empty=True,-1,0.0,0.0,
XRP/USDT,1857,2026-05-26 06:00:00,long,0.60986,75.58,60.0,1.3485,0.006379,unknown,,,,False,False,0.0,0.0,50.0,0.0,0.0,0.0,0.0,0.0,50.0,0.0,0.0,-1,0.0,G1_REGIME,regime='unknown' skipped=None reg_empty=True,-1,0.0,0.0,
XRP/USDT,1858,2026-05-26 07:00:00,long,0.64078,88.43,60.0,1.3405,0.0068,unknown,,,,False,False,0.0,0.0,50.0,0.0,0.0,0.0,0.0,0.0,50.0,0.0,0.0,-1,0.0,G1_REGIME,regime='unknown' skipped=None reg_empty=True,-1,0.0,0.0,
XRP/USDT,1859,2026-05-26 08:00:00,long,0.6393,87.16,60.0,1.3408,0.006771,unknown,,,,False,False,0.0,0.0,50.0,0.0,0.0,0.0,0.0,0.0,50.0,0.0,0.0,-1,0.0,G1_REGIME,regime='unknown' skipped=None reg_empty=True,-1,0.0,0.0,
XRP/USDT,1860,2026-05-26 09:00:00,long,0.6226,86.89,60.0,1.3419,0.00675,unknown,,,,False,False,0.0,0.0,50.0,0.0,0.0,0.0,0.0,0.0,50.0,0.0,0.0,-1,0.0,G1_REGIME,regime='unknown' skipped=None reg_empty=True,-1,0.0,0.0,
XRP/USDT,1861,2026-05-26 10:00:00,long,0.56295,90.02,60.0,1.3566,0.007607,unknown,,,,False,False,0.0,0.0,50.0,0.0,0.0,0.0,0.0,0.0,50.0,0.0,0.0,-1,0.0,G1_REGIME,regime='unknown' skipped=None reg_empty=True,-1,0.0,0.0,
XRP/USDT,1862,2026-05-26 11:00:00,long,0.57463,85.66,60.0,1.3521,0.007857,unknown,,,,False,False,0.0,0.0,50.0,0.0,0.0,0.0,0.0,0.0,50.0,0.0,0.0,-1,0.0,G1_REGIME,regime='unknown' skipped=None reg_empty=True,-1,0.0,0.0,
XRP/USDT,1863,2026-05-26 12:00:00,long,0.56772,70.98,60.0,1.3552,0.007771,unknown,,,,False,False,0.0,0.0,50.0,0.0,0.0,0.0,0.0,0.0,50.0,0.0,0.0,-1,0.0,G1_REGIME,regime='unknown' skipped=None reg_empty=True,-1,0.0,0.0,
XRP/USDT,1864,2026-05-26 13:00:00,long,0.58073,75.86,60.0,1.3558,0.008307,unknown,,,,False,False,0.0,0.0,50.0,0.0,0.0,0.0,0.0,0.0,50.0,0.0,0.0,-1,0.0,G1_REGIME,regime='unknown' skipped=None reg_empty=True,-1,0.0,0.0,
XRP/USDT,1865,2026-05-26 14:00:00,long,0.59033,100.0,60.0,1.3524,0.008457,unknown,,,,False,False,0.0,0.0,50.0,0.0,0.0,0.0,0.0,0.0,50.0,0.0,0.0,-1,0.0,G1_REGIME,regime='unknown' skipped=None reg_empty=True,-1,0.0,0.0,
XRP/USDT,1866,2026-05-26 15:00:00,long,0.62032,96.38,60.0,1.3451,0.008943,unknown,,,,False,False,0.0,0.0,50.0,0.0,0.0,0.0,0.0,0.0,50.0,0.0,0.0,-1,0.0,G1_REGIME,regime='unknown' skipped=None reg_empty=True,-1,0.0,0.0,
XRP/USDT,1867,2026-05-26 16:00:00,long,0.6348,91.4,60.0,1.3411,0.009143,unknown,,,,False,False,0.0,0.0,50.0,0.0,0.0,0.0,0.0,0.0,50.0,0.0,0.0,-1,0.0,G1_REGIME,regime='unknown' skipped=None reg_empty=True,-1,0.0,0.0,
XRP/USDT,1868,2026-05-26 17:00:00,long,0.68031,100.0,60.0,1.3332,0.009836,unknown,,,,False,False,0.0,0.0,50.0,0.0,0.0,0.0,0.0,0.0,50.0,0.0,0.0,-1,0.0,G1_REGIME,regime='unknown' skipped=None reg_empty=True,-1,0.0,0.0,
XRP/USDT,1869,2026-05-26 18:00:00,long,0.68535,82.77,60.0,1.3301,0.010086,unknown,,,,False,False,0.0,0.0,50.0,0.0,0.0,0.0,0.0,0.0,50.0,0.0,0.0,-1,0.0,G1_REGIME,regime='unknown' skipped=None reg_empty=True,-1,0.0,0.0,
XRP/USDT,1870,2026-05-26 19:00:00,long,0.678,85.87,60.0,1.3325,0.010186,unknown,,,,False,False,0.0,0.0,50.0,0.0,0.0,0.0,0.0,0.0,50.0,0.0,0.0,-1,0.0,G1_REGIME,regime='unknown' skipped=None reg_empty=True,-1,0.0,0.0,
XRP/USDT,1871,2026-05-26 20:00:00,long,0.68168,61.01,60.0,1.3335,0.010057,unknown,,,,False,False,0.0,0.0,50.0,0.0,0.0,0.0,0.0,0.0,50.0,0.0,0.0,-1,0.0,G1_REGIME,regime='unknown' skipped=None reg_empty=True,-1,0.0,0.0,
XRP/USDT,1872,2026-05-26 21:00:00,long,0.67594,61.89,60.0,1.3316,0.0098,unknown,,,,False,False,0.0,0.0,50.0,0.0,0.0,0.0,0.0,0.0,50.0,0.0,0.0,-1,0.0,G1_REGIME,regime='unknown' skipped=None reg_empty=True,-1,0.0,0.0,
XRP/USDT,1873,2026-05-26 22:00:00,long,0.67541,63.21,60.0,1.33,0.009864,unknown,,,,False,False,0.0,0.0,50.0,0.0,0.0,0.0,0.0,0.0,50.0,0.0,0.0,-1,0.0,G1_REGIME,regime='unknown' skipped=None reg_empty=True,-1,0.0,0.0,
XRP/USDT,1874,2026-05-26 23:00:00,long,0.67746,61.67,60.0,1.3292,0.009779,unknown,,,,False,False,0.0,0.0,50.0,0.0,0.0,0.0,0.0,0.0,50.0,0.0,0.0,-1,0.0,G1_REGIME,regime='unknown' skipped=None reg_empty=True,-1,0.0,0.0,
XRP/USDT,1875,2026-05-27 00:00:00,long,0.6754,66.08,60.0,1.3325,0.008686,unknown,,,,False,False,0.0,0.0,50.0,0.0,0.0,0.0,0.0,0.0,50.0,0.0,0.0,-1,0.0,G1_REGIME,regime='unknown' skipped=None reg_empty=True,-1,0.0,0.0,
XRP/USDT,1876,2026-05-27 01:00:00,long,0.67306,61.27,60.0,1.3306,0.0085,unknown,,,,False,False,0.0,0.0,50.0,0.0,0.0,0.0,0.0,0.0,50.0,0.0,0.0,-1,0.0,G1_REGIME,regime='unknown' skipped=None reg_empty=True,-1,0.0,0.0,
XRP/USDT,1877,2026-05-27 02:00:00,long,0.66662,66.0,60.0,1.3311,0.008257,unknown,,,,False,False,0.0,0.0,50.0,0.0,0.0,0.0,0.0,0.0,50.0,0.0,0.0,-1,0.0,G1_REGIME,regime='unknown' skipped=None reg_empty=True,-1,0.0,0.0,
XRP/USDT,1878,2026-05-27 03:00:00,long,0.65854,65.07,60.0,1.3276,0.007857,unknown,,,,False,False,0.0,0.0,50.0,0.0,0.0,0.0,0.0,0.0,50.0,0.0,0.0,-1,0.0,G1_REGIME,regime='unknown' skipped=None reg_empty=True,-1,0.0,0.0,
XRP/USDT,1879,2026-05-27 04:00:00,long,0.66269,87.87,60.0,1.331,0.007271,unknown,,,,False,False,0.0,0.0,50.0,0.0,0.0,0.0,0.0,0.0,50.0,0.0,0.0,-1,0.0,G1_REGIME,regime='unknown' skipped=None reg_empty=True,-1,0.0,0.0,
XRP/USDT,1880,2026-05-27 05:00:00,long,0.65822,84.25,60.0,1.3313,0.006471,unknown,,,,False,False,0.0,0.0,50.0,0.0,0.0,0.0,0.0,0.0,50.0,0.0,0.0,-1,0.0,G1_REGIME,regime='unknown' skipped=None reg_empty=True,-1,0.0,0.0,
XRP/USDT,1881,2026-05-27 06:00:00,long,0.65111,84.54,60.0,1.3359,0.006407,unknown,,,,False,False,0.0,0.0,50.0,0.0,0.0,0.0,0.0,0.0,50.0,0.0,0.0,-1,0.0,G1_REGIME,regime='unknown' skipped=None reg_empty=True,-1,0.0,0.0,
XRP/USDT,1882,2026-05-27 07:00:00,long,0.66059,85.58,60.0,1.3319,0.005736,unknown,,,,False,False,0.0,0.0,50.0,0.0,0.0,0.0,0.0,0.0,50.0,0.0,0.0,-1,0.0,G1_REGIME,regime='unknown' skipped=None reg_empty=True,-1,0.0,0.0,
XRP/USDT,1883,2026-05-27 08:00:00,long,0.64617,95.11,60.0,1.3355,0.005586,unknown,,,,False,False,0.0,0.0,50.0,0.0,0.0,0.0,0.0,0.0,50.0,0.0,0.0,-1,0.0,G1_REGIME,regime='unknown' skipped=None reg_empty=True,-1,0.0,0.0,
XRP/USDT,1884,2026-05-27 09:00:00,long,0.66552,100.0,60.0,1.3293,0.005693,unknown,,,,False,False,0.0,0.0,50.0,0.0,0.0,0.0,0.0,0.0,50.0,0.0,0.0,-1,0.0,G1_REGIME,regime='unknown' skipped=None reg_empty=True,-1,0.0,0.0,
XRP/USDT,1885,2026-05-27 10:00:00,long,0.66659,90.9,60.0,1.3304,0.005857,unknown,,,,False,False,0.0,0.0,50.0,0.0,0.0,0.0,0.0,0.0,50.0,0.0,0.0,-1,0.0,G1_REGIME,regime='unknown' skipped=None reg_empty=True,-1,0.0,0.0,
XRP/USDT,1886,2026-05-27 11:00:00,long,0.66463,82.6,60.0,1.3297,0.005807,unknown,,,,False,False,0.0,0.0,50.0,0.0,0.0,0.0,0.0,0.0,50.0,0.0,0.0,-1,0.0,G1_REGIME,regime='unknown' skipped=None reg_empty=True,-1,0.0,0.0,
XRP/USDT,1887,2026-05-27 12:00:00,long,0.67068,91.63,60.0,1.3319,0.006571,unknown,,,,False,False,0.0,0.0,50.0,0.0,0.0,0.0,0.0,0.0,50.0,0.0,0.0,-1,0.0,G1_REGIME,regime='unknown' skipped=None reg_empty=True,-1,0.0,0.0,
XRP/USDT,1888,2026-05-27 13:00:00,long,0.66721,100.0,60.0,1.3241,0.007414,unknown,,,,False,False,0.0,0.0,50.0,0.0,0.0,0.0,0.0,0.0,50.0,0.0,0.0,-1,0.0,G1_REGIME,regime='unknown' skipped=None reg_empty=True,-1,0.0,0.0,
XRP/USDT,1889,2026-05-27 14:00:00,long,0.67515,96.26,60.0,1.3305,0.007986,unknown,,,,False,False,0.0,0.0,50.0,0.0,0.0,0.0,0.0,0.0,50.0,0.0,0.0,-1,0.0,G1_REGIME,regime='unknown' skipped=None reg_empty=True,-1,0.0,0.0,
XRP/USDT,1890,2026-05-27 15:00:00,long,0.65172,88.87,60.0,1.3363,0.008707,unknown,,,,False,False,0.0,0.0,50.0,0.0,0.0,0.0,0.0,0.0,50.0,0.0,0.0,-1,0.0,G1_REGIME,regime='unknown' skipped=None reg_empty=True,-1,0.0,0.0,
XRP/USDT,1891,2026-05-27 16:00:00,long,0.64091,82.11,60.0,1.332,0.009136,unknown,,,,False,False,0.0,0.0,50.0,0.0,0.0,0.0,0.0,0.0,50.0,0.0,0.0,-1,0.0,G1_REGIME,regime='unknown' skipped=None reg_empty=True,-1,0.0,0.0,
XRP/USDT,1892,2026-05-27 17:00:00,long,0.66223,71.21,60.0,1.3205,0.009729,unknown,,,,False,False,0.0,0.0,50.0,0.0,0.0,0.0,0.0,0.0,50.0,0.0,0.0,-1,0.0,G1_REGIME,regime='unknown' skipped=None reg_empty=True,-1,0.0,0.0,
XRP/USDT,1893,2026-05-27 18:00:00,long,0.658,54.32,60.0,1.3267,0.009707,unknown,,,,False,False,0.0,0.0,50.0,0.0,0.0,0.0,0.0,0.0,50.0,0.0,0.0,-1,0.0,G1_REGIME,regime='unknown' skipped=None reg_empty=True,-1,0.0,0.0,
XRP/USDT,1894,2026-05-27 19:00:00,long,0.6582,61.68,60.0,1.3307,0.010021,unknown,,,,False,False,0.0,0.0,50.0,0.0,0.0,0.0,0.0,0.0,50.0,0.0,0.0,-1,0.0,G1_REGIME,regime='unknown' skipped=None reg_empty=True,-1,0.0,0.0,
XRP/USDT,1895,2026-05-27 20:00:00,long,0.65514,55.96,60.0,1.3307,0.010086,unknown,,,,False,False,0.0,0.0,50.0,0.0,0.0,0.0,0.0,0.0,50.0,0.0,0.0,-1,0.0,G1_REGIME,regime='unknown' skipped=None reg_empty=True,-1,0.0,0.0,
XRP/USDT,1896,2026-05-27 21:00:00,long,0.67817,72.63,60.0,1.3161,0.011114,unknown,,,,False,False,0.0,0.0,50.0,0.0,0.0,0.0,0.0,0.0,50.0,0.0,0.0,-1,0.0,G1_REGIME,regime='unknown' skipped=None reg_empty=True,-1,0.0,0.0,
XRP/USDT,1897,2026-05-27 22:00:00,long,0.69267,69.5,60.0,1.3109,0.011307,unknown,,,,False,False,0.0,0.0,50.0,0.0,0.0,0.0,0.0,0.0,50.0,0.0,0.0,-1,0.0,G1_REGIME,regime='unknown' skipped=None reg_empty=True,-1,0.0,0.0,
XRP/USDT,1898,2026-05-27 23:00:00,long,0.69051,73.49,60.0,1.3076,0.0113,unknown,,,,False,False,0.0,0.0,50.0,0.0,0.0,0.0,0.0,0.0,50.0,0.0,0.0,-1,0.0,G1_REGIME,regime='unknown' skipped=None reg_empty=True,-1,0.0,0.0,
XRP/USDT,1899,2026-05-28 00:00:00,long,0.66822,64.69,60.0,1.3098,0.011293,unknown,,,,False,False,0.0,0.0,50.0,0.0,0.0,0.0,0.0,0.0,50.0,0.0,0.0,-1,0.0,G1_REGIME,regime='unknown' skipped=None reg_empty=True,-1,0.0,0.0,
XRP/USDT,1900,2026-05-28 01:00:00,long,0.67015,72.5,60.0,1.3031,0.0118,unknown,,,,False,False,0.0,0.0,50.0,0.0,0.0,0.0,0.0,0.0,50.0,0.0,0.0,-1,0.0,G1_REGIME,regime='unknown' skipped=None reg_empty=True,-1,0.0,0.0,
XRP/USDT,1901,2026-05-28 02:00:00,long,0.67062,65.65,60.0,1.3014,0.011071,unknown,,,,False,False,0.0,0.0,50.0,0.0,0.0,0.0,0.0,0.0,50.0,0.0,0.0,-1,0.0,G1_REGIME,regime='unknown' skipped=None reg_empty=True,-1,0.0,0.0,
XRP/USDT,1902,2026-05-28 03:00:00,long,0.67518,86.49,60.0,1.279,0.012057,unknown,,,,False,False,0.0,0.0,50.0,0.0,0.0,0.0,0.0,0.0,50.0,0.0,0.0,-1,0.0,G1_REGIME,regime='unknown' skipped=None reg_empty=True,-1,0.0,0.0,
XRP/USDT,1903,2026-05-28 04:00:00,long,0.67261,100.0,60.0,1.2843,0.012393,unknown,,,,False,False,0.0,0.0,50.0,0.0,0.0,0.0,0.0,0.0,50.0,0.0,0.0,-1,0.0,G1_REGIME,regime='unknown' skipped=None reg_empty=True,-1,0.0,0.0,
XRP/USDT,1904,2026-05-28 05:00:00,long,0.67005,85.51,60.0,1.2838,0.011993,unknown,,,,False,False,0.0,0.0,50.0,0.0,0.0,0.0,0.0,0.0,50.0,0.0,0.0,-1,0.0,G1_REGIME,regime='unknown' skipped=None reg_empty=True,-1,0.0,0.0,
XRP/USDT,1905,2026-05-28 06:00:00,long,0.67148,78.72,60.0,1.2876,0.011864,unknown,,,,False,False,0.0,0.0,50.0,0.0,0.0,0.0,0.0,0.0,50.0,0.0,0.0,-1,0.0,G1_REGIME,regime='unknown' skipped=None reg_empty=True,-1,0.0,0.0,
XRP/USDT,1906,2026-05-28 07:00:00,long,0.67216,76.99,60.0,1.2934,0.011257,unknown,,,,False,False,0.0,0.0,50.0,0.0,0.0,0.0,0.0,0.0,50.0,0.0,0.0,-1,0.0,G1_REGIME,regime='unknown' skipped=None reg_empty=True,-1,0.0,0.0,
XRP/USDT,1907,2026-05-28 08:00:00,long,0.67402,73.64,60.0,1.2889,0.011064,unknown,,,,False,False,0.0,0.0,50.0,0.0,0.0,0.0,0.0,0.0,50.0,0.0,0.0,-1,0.0,G1_REGIME,regime='unknown' skipped=None reg_empty=True,-1,0.0,0.0,
XRP/USDT,1908,2026-05-28 09:00:00,long,0.66927,74.72,60.0,1.293,0.010986,unknown,,,,False,False,0.0,0.0,50.0,0.0,0.0,0.0,0.0,0.0,50.0,0.0,0.0,-1,0.0,G1_REGIME,regime='unknown' skipped=None reg_empty=True,-1,0.0,0.0,
XRP/USDT,1909,2026-05-28 10:00:00,long,0.66847,75.38,60.0,1.2886,0.011036,unknown,,,,False,False,0.0,0.0,50.0,0.0,0.0,0.0,0.0,0.0,50.0,0.0,0.0,-1,0.0,G1_REGIME,regime='unknown' skipped=None reg_empty=True,-1,0.0,0.0,
XRP/USDT,1910,2026-05-28 11:00:00,long,0.67765,75.28,60.0,1.2877,0.009843,unknown,,,,False,False,0.0,0.0,50.0,0.0,0.0,0.0,0.0,0.0,50.0,0.0,0.0,-1,0.0,G1_REGIME,regime='unknown' skipped=None reg_empty=True,-1,0.0,0.0,
XRP/USDT,1911,2026-05-28 12:00:00,long,0.67328,79.46,60.0,1.2947,0.009886,unknown,,,,False,False,0.0,0.0,50.0,0.0,0.0,0.0,0.0,0.0,50.0,0.0,0.0,-1,0.0,G1_REGIME,regime='unknown' skipped=None reg_empty=True,-1,0.0,0.0,
XRP/USDT,1912,2026-05-28 13:00:00,long,0.67754,85.1,60.0,1.2966,0.009971,unknown,,,,False,False,0.0,0.0,50.0,0.0,0.0,0.0,0.0,0.0,50.0,0.0,0.0,-1,0.0,G1_REGIME,regime='unknown' skipped=None reg_empty=True,-1,0.0,0.0,
XRP/USDT,1913,2026-05-28 14:00:00,long,0.67986,90.9,60.0,1.302,0.011321,unknown,,,,False,False,0.0,0.0,50.0,0.0,0.0,0.0,0.0,0.0,50.0,0.0,0.0,-1,0.0,G1_REGIME,regime='unknown' skipped=None reg_empty=True,-1,0.0,0.0,
XRP/USDT,1914,2026-05-28 15:00:00,long,0.67902,87.23,60.0,1.3124,0.011879,unknown,,,,False,False,0.0,0.0,50.0,0.0,0.0,0.0,0.0,0.0,50.0,0.0,0.0,-1,0.0,G1_REGIME,regime='unknown' skipped=None reg_empty=True,-1,0.0,0.0,
XRP/USDT,1915,2026-05-28 16:00:00,long,0.70994,82.3,60.0,1.3238,0.013086,unknown,,,,False,False,0.0,0.0,50.0,0.0,0.0,0.0,0.0,0.0,50.0,0.0,0.0,-1,0.0,G1_REGIME,regime='unknown' skipped=None reg_empty=True,-1,0.0,0.0,
XRP/USDT,1916,2026-05-28 17:00:00,long,0.70759,68.39,60.0,1.3262,0.011843,unknown,,,,False,False,0.0,0.0,50.0,0.0,0.0,0.0,0.0,0.0,50.0,0.0,0.0,-1,0.0,G1_REGIME,regime='unknown' skipped=None reg_empty=True,-1,0.0,0.0,
XRP/USDT,1917,2026-05-28 18:00:00,long,0.73414,71.89,60.0,1.3344,0.011571,unknown,,,,False,False,0.0,0.0,50.0,0.0,0.0,0.0,0.0,0.0,50.0,0.0,0.0,-1,0.0,G1_REGIME,regime='unknown' skipped=None reg_empty=True,-1,0.0,0.0,
XRP/USDT,1918,2026-05-28 19:00:00,long,0.67728,84.16,60.0,1.3161,0.012329,unknown,,,,False,False,0.0,0.0,50.0,0.0,0.0,0.0,0.0,0.0,50.0,0.0,0.0,-1,0.0,G1_REGIME,regime='unknown' skipped=None reg_empty=True,-1,0.0,0.0,
XRP/USDT,1919,2026-05-28 20:00:00,long,0.69423,76.39,60.0,1.3205,0.012721,unknown,,,,False,False,0.0,0.0,50.0,0.0,0.0,0.0,0.0,0.0,50.0,0.0,0.0,-1,0.0,G1_REGIME,regime='unknown' skipped=None reg_empty=True,-1,0.0,0.0,
XRP/USDT,1920,2026-05-28 21:00:00,long,0.69099,74.71,60.0,1.32,0.012729,unknown,,,,False,False,0.0,0.0,50.0,0.0,0.0,0.0,0.0,0.0,50.0,0.0,0.0,-1,0.0,G1_REGIME,regime='unknown' skipped=None reg_empty=True,-1,0.0,0.0,
XRP/USDT,1921,2026-05-28 22:00:00,long,0.67727,83.23,60.0,1.3144,0.012907,unknown,,,,False,False,0.0,0.0,50.0,0.0,0.0,0.0,0.0,0.0,50.0,0.0,0.0,-1,0.0,G1_REGIME,regime='unknown' skipped=None reg_empty=True,-1,0.0,0.0,
XRP/USDT,1922,2026-05-28 23:00:00,long,0.67385,83.46,60.0,1.3156,0.012807,unknown,,,,False,False,0.0,0.0,50.0,0.0,0.0,0.0,0.0,0.0,50.0,0.0,0.0,-1,0.0,G1_REGIME,regime='unknown' skipped=None reg_empty=True,-1,0.0,0.0,
XRP/USDT,1923,2026-05-29 00:00:00,long,0.69152,82.57,60.0,1.3152,0.012664,unknown,,,,False,False,0.0,0.0,50.0,0.0,0.0,0.0,0.0,0.0,50.0,0.0,0.0,-1,0.0,G1_REGIME,regime='unknown' skipped=None reg_empty=True,-1,0.0,0.0,
XRP/USDT,1924,2026-05-29 01:00:00,long,0.67154,85.19,60.0,1.3103,0.013,unknown,,,,False,False,0.0,0.0,50.0,0.0,0.0,0.0,0.0,0.0,50.0,0.0,0.0,-1,0.0,G1_REGIME,regime='unknown' skipped=None reg_empty=True,-1,0.0,0.0,
XRP/USDT,1925,2026-05-29 02:00:00,long,0.67616,84.37,60.0,1.3042,0.012757,unknown,,,,False,False,0.0,0.0,50.0,0.0,0.0,0.0,0.0,0.0,50.0,0.0,0.0,-1,0.0,G1_REGIME,regime='unknown' skipped=None reg_empty=True,-1,0.0,0.0,
XRP/USDT,1926,2026-05-29 03:00:00,long,0.70007,85.94,60.0,1.3124,0.012807,unknown,,,,False,False,0.0,0.0,50.0,0.0,0.0,0.0,0.0,0.0,50.0,0.0,0.0,-1,0.0,G1_REGIME,regime='unknown' skipped=None reg_empty=True,-1,0.0,0.0,
XRP/USDT,1927,2026-05-29 04:00:00,long,0.71584,81.73,60.0,1.3108,0.011721,unknown,,,,False,False,0.0,0.0,50.0,0.0,0.0,0.0,0.0,0.0,50.0,0.0,0.0,-1,0.0,G1_REGIME,regime='unknown' skipped=None reg_empty=True,-1,0.0,0.0,
XRP/USDT,1928,2026-05-29 05:00:00,long,0.70353,83.71,60.0,1.3152,0.01075,unknown,,,,False,False,0.0,0.0,50.0,0.0,0.0,0.0,0.0,0.0,50.0,0.0,0.0,-1,0.0,G1_REGIME,regime='unknown' skipped=None reg_empty=True,-1,0.0,0.0,
XRP/USDT,1929,2026-05-29 06:00:00,long,0.71212,85.92,60.0,1.3162,0.009621,unknown,,,,False,False,0.0,0.0,50.0,0.0,0.0,0.0,0.0,0.0,50.0,0.0,0.0,-1,0.0,G1_REGIME,regime='unknown' skipped=None reg_empty=True,-1,0.0,0.0,
XRP/USDT,1930,2026-05-29 07:00:00,long,0.72356,87.65,60.0,1.3169,0.009493,unknown,,,,False,False,0.0,0.0,50.0,0.0,0.0,0.0,0.0,0.0,50.0,0.0,0.0,-1,0.0,G1_REGIME,regime='unknown' skipped=None reg_empty=True,-1,0.0,0.0,
XRP/USDT,1931,2026-05-29 08:00:00,long,0.6964,78.12,60.0,1.3212,0.009071,unknown,,,,False,False,0.0,0.0,50.0,0.0,0.0,0.0,0.0,0.0,50.0,0.0,0.0,-1,0.0,G1_REGIME,regime='unknown' skipped=None reg_empty=True,-1,0.0,0.0,
XRP/USDT,1932,2026-05-29 09:00:00,long,0.70141,77.92,60.0,1.3235,0.00825,unknown,,,,False,False,0.0,0.0,50.0,0.0,0.0,0.0,0.0,0.0,50.0,0.0,0.0,-1,0.0,G1_REGIME,regime='unknown' skipped=None reg_empty=True,-1,0.0,0.0,
XRP/USDT,1933,2026-05-29 10:00:00,long,0.70186,64.84,60.0,1.3187,0.007664,unknown,,,,False,False,0.0,0.0,50.0,0.0,0.0,0.0,0.0,0.0,50.0,0.0,0.0,-1,0.0,G1_REGIME,regime='unknown' skipped=None reg_empty=True,-1,0.0,0.0,
XRP/USDT,1934,2026-05-29 11:00:00,long,0.70034,66.86,60.0,1.3113,0.008057,unknown,,,,False,False,0.0,0.0,50.0,0.0,0.0,0.0,0.0,0.0,50.0,0.0,0.0,-1,0.0,G1_REGIME,regime='unknown' skipped=None reg_empty=True,-1,0.0,0.0,
XRP/USDT,1935,2026-05-29 12:00:00,long,0.6984,77.04,60.0,1.3047,0.008057,unknown,,,,False,False,0.0,0.0,50.0,0.0,0.0,0.0,0.0,0.0,50.0,0.0,0.0,-1,0.0,G1_REGIME,regime='unknown' skipped=None reg_empty=True,-1,0.0,0.0,
XRP/USDT,1936,2026-05-29 13:00:00,long,0.66316,86.5,60.0,1.3027,0.008314,unknown,,,,False,False,0.0,0.0,50.0,0.0,0.0,0.0,0.0,0.0,50.0,0.0,0.0,-1,0.0,G1_REGIME,regime='unknown' skipped=None reg_empty=True,-1,0.0,0.0,
XRP/USDT,1937,2026-05-29 14:00:00,long,0.67795,79.52,60.0,1.3079,0.008886,unknown,,,,False,False,0.0,0.0,50.0,0.0,0.0,0.0,0.0,0.0,50.0,0.0,0.0,-1,0.0,G1_REGIME,regime='unknown' skipped=None reg_empty=True,-1,0.0,0.0,
XRP/USDT,1938,2026-05-29 15:00:00,long,0.64274,76.75,60.0,1.3227,0.010271,unknown,,,,False,False,0.0,0.0,50.0,0.0,0.0,0.0,0.0,0.0,50.0,0.0,0.0,-1,0.0,G1_REGIME,regime='unknown' skipped=None reg_empty=True,-1,0.0,0.0,
XRP/USDT,1939,2026-05-29 16:00:00,long,0.65784,64.45,60.0,1.3272,0.010764,unknown,,,,False,False,0.0,0.0,50.0,0.0,0.0,0.0,0.0,0.0,50.0,0.0,0.0,-1,0.0,G1_REGIME,regime='unknown' skipped=None reg_empty=True,-1,0.0,0.0,
XRP/USDT,1940,2026-05-29 17:00:00,long,0.64744,59.22,60.0,1.3249,0.01065,unknown,,,,False,False,0.0,0.0,50.0,0.0,0.0,0.0,0.0,0.0,50.0,0.0,0.0,-1,0.0,G1_REGIME,regime='unknown' skipped=None reg_empty=True,-1,0.0,0.0,
XRP/USDT,1941,2026-05-29 18:00:00,long,0.65354,56.02,60.0,1.3188,0.010993,unknown,,,,False,False,0.0,0.0,50.0,0.0,0.0,0.0,0.0,0.0,50.0,0.0,0.0,-1,0.0,G1_REGIME,regime='unknown' skipped=None reg_empty=True,-1,0.0,0.0,
XRP/USDT,1942,2026-05-29 19:00:00,long,0.65192,57.36,60.0,1.321,0.011414,unknown,,,,False,False,0.0,0.0,50.0,0.0,0.0,0.0,0.0,0.0,50.0,0.0,0.0,-1,0.0,G1_REGIME,regime='unknown' skipped=None reg_empty=True,-1,0.0,0.0,
XRP/USDT,1943,2026-05-29 20:00:00,long,0.63934,54.35,60.0,1.3225,0.0113,unknown,,,,False,False,0.0,0.0,50.0,0.0,0.0,0.0,0.0,0.0,50.0,0.0,0.0,-1,0.0,G1_REGIME,regime='unknown' skipped=None reg_empty=True,-1,0.0,0.0,
XRP/USDT,1944,2026-05-29 21:00:00,long,0.65068,50.67,60.0,1.3162,0.011414,unknown,,,,False,False,0.0,0.0,50.0,0.0,0.0,0.0,0.0,0.0,50.0,0.0,0.0,-1,0.0,G1_REGIME,regime='unknown' skipped=None reg_empty=True,-1,0.0,0.0,
XRP/USDT,1945,2026-05-29 22:00:00,long,0.64745,51.27,60.0,1.3208,0.011407,unknown,,,,False,False,0.0,0.0,50.0,0.0,0.0,0.0,0.0,0.0,50.0,0.0,0.0,-1,0.0,G1_REGIME,regime='unknown' skipped=None reg_empty=True,-1,0.0,0.0,
XRP/USDT,1946,2026-05-29 23:00:00,long,0.62475,55.0,60.0,1.33,0.011693,unknown,,,,False,False,0.0,0.0,50.0,0.0,0.0,0.0,0.0,0.0,50.0,0.0,0.0,-1,0.0,G1_REGIME,regime='unknown' skipped=None reg_empty=True,-1,0.0,0.0,
XRP/USDT,1947,2026-05-30 00:00:00,long,0.65888,65.57,60.0,1.3489,0.012807,unknown,,,,False,False,0.0,0.0,50.0,0.0,0.0,0.0,0.0,0.0,50.0,0.0,0.0,-1,0.0,G1_REGIME,regime='unknown' skipped=None reg_empty=True,-1,0.0,0.0,
XRP/USDT,1948,2026-05-30 01:00:00,long,0.66366,71.34,60.0,1.3567,0.013514,unknown,,,,False,False,0.0,0.0,50.0,0.0,0.0,0.0,0.0,0.0,50.0,0.0,0.0,-1,0.0,G1_REGIME,regime='unknown' skipped=None reg_empty=True,-1,0.0,0.0,
XRP/USDT,1949,2026-05-30 02:00:00,long,0.67013,52.03,60.0,1.3603,0.013486,unknown,,,,False,False,0.0,0.0,50.0,0.0,0.0,0.0,0.0,0.0,50.0,0.0,0.0,-1,0.0,G1_REGIME,regime='unknown' skipped=None reg_empty=True,-1,0.0,0.0,
XRP/USDT,1950,2026-05-30 03:00:00,long,0.64881,47.26,60.0,1.3504,0.013764,unknown,,,,False,False,0.0,0.0,50.0,0.0,0.0,0.0,0.0,0.0,50.0,0.0,0.0,-1,0.0,G1_REGIME,regime='unknown' skipped=None reg_empty=True,-1,0.0,0.0,
XRP/USDT,1951,2026-05-30 04:00:00,long,0.629,71.73,60.0,1.344,0.013886,unknown,,,,False,False,0.0,0.0,50.0,0.0,0.0,0.0,0.0,0.0,50.0,0.0,0.0,-1,0.0,G1_REGIME,regime='unknown' skipped=None reg_empty=True,-1,0.0,0.0,
XRP/USDT,1952,2026-05-30 05:00:00,long,0.62544,56.72,60.0,1.3487,0.01245,unknown,,,,False,False,0.0,0.0,50.0,0.0,0.0,0.0,0.0,0.0,50.0,0.0,0.0,-1,0.0,G1_REGIME,regime='unknown' skipped=None reg_empty=True,-1,0.0,0.0,
XRP/USDT,1953,2026-05-30 06:00:00,long,0.62073,61.6,60.0,1.3455,0.01185,unknown,,,,False,False,0.0,0.0,50.0,0.0,0.0,0.0,0.0,0.0,50.0,0.0,0.0,-1,0.0,G1_REGIME,regime='unknown' skipped=None reg_empty=True,-1,0.0,0.0,
XRP/USDT,1954,2026-05-30 07:00:00,long,0.62077,61.08,60.0,1.3428,0.011586,unknown,,,,False,False,0.0,0.0,50.0,0.0,0.0,0.0,0.0,0.0,50.0,0.0,0.0,-1,0.0,G1_REGIME,regime='unknown' skipped=None reg_empty=True,-1,0.0,0.0,
XRP/USDT,1955,2026-05-30 08:00:00,long,0.61944,59.8,60.0,1.3406,0.010793,unknown,,,,False,False,0.0,0.0,50.0,0.0,0.0,0.0,0.0,0.0,50.0,0.0,0.0,-1,0.0,G1_REGIME,regime='unknown' skipped=None reg_empty=True,-1,0.0,0.0,
XRP/USDT,1956,2026-05-30 09:00:00,long,0.60972,63.16,60.0,1.3446,0.010364,unknown,,,,False,False,0.0,0.0,50.0,0.0,0.0,0.0,0.0,0.0,50.0,0.0,0.0,-1,0.0,G1_REGIME,regime='unknown' skipped=None reg_empty=True,-1,0.0,0.0,
XRP/USDT,1957,2026-05-30 10:00:00,long,0.60874,61.53,60.0,1.3423,0.0103,unknown,,,,False,False,0.0,0.0,50.0,0.0,0.0,0.0,0.0,0.0,50.0,0.0,0.0,-1,0.0,G1_REGIME,regime='unknown' skipped=None reg_empty=True,-1,0.0,0.0,
XRP/USDT,1958,2026-05-30 11:00:00,long,0.61185,83.84,60.0,1.3404,0.010029,unknown,,,,False,False,0.0,0.0,50.0,0.0,0.0,0.0,0.0,0.0,50.0,0.0,0.0,-1,0.0,G1_REGIME,regime='unknown' skipped=None reg_empty=True,-1,0.0,0.0,
XRP/USDT,1959,2026-05-30 12:00:00,long,0.61033,80.26,60.0,1.3397,0.009893,unknown,,,,False,False,0.0,0.0,50.0,0.0,0.0,0.0,0.0,0.0,50.0,0.0,0.0,-1,0.0,G1_REGIME,regime='unknown' skipped=None reg_empty=True,-1,0.0,0.0,
XRP/USDT,1960,2026-05-30 13:00:00,long,0.59006,82.47,60.0,1.341,0.009386,unknown,,,,False,False,0.0,0.0,50.0,0.0,0.0,0.0,0.0,0.0,50.0,0.0,0.0,-1,0.0,G1_REGIME,regime='unknown' skipped=None reg_empty=True,-1,0.0,0.0,
XRP/USDT,1961,2026-05-30 14:00:00,long,0.59069,81.78,60.0,1.3428,0.00835,unknown,,,,False,False,0.0,0.0,50.0,0.0,0.0,0.0,0.0,0.0,50.0,0.0,0.0,-1,0.0,G1_REGIME,regime='unknown' skipped=None reg_empty=True,-1,0.0,0.0,
XRP/USDT,1962,2026-05-30 15:00:00,long,0.5862,78.45,60.0,1.3424,0.007179,unknown,,,,False,False,0.0,0.0,50.0,0.0,0.0,0.0,0.0,0.0,50.0,0.0,0.0,-1,0.0,G1_REGIME,regime='unknown' skipped=None reg_empty=True,-1,0.0,0.0,
XRP/USDT,1963,2026-05-30 16:00:00,long,0.5999,72.52,60.0,1.3479,0.007136,unknown,,,,False,False,0.0,0.0,50.0,0.0,0.0,0.0,0.0,0.0,50.0,0.0,0.0,-1,0.0,G1_REGIME,regime='unknown' skipped=None reg_empty=True,-1,0.0,0.0,
XRP/USDT,1964,2026-05-30 17:00:00,long,0.59549,51.53,60.0,1.3527,0.006871,unknown,,,,False,False,0.0,0.0,50.0,0.0,0.0,0.0,0.0,0.0,50.0,0.0,0.0,-1,0.0,G1_REGIME,regime='unknown' skipped=None reg_empty=True,-1,0.0,0.0,
XRP/USDT,1965,2026-05-30 18:00:00,long,0.58527,50.25,60.0,1.3521,0.006086,unknown,,,,False,False,0.0,0.0,50.0,0.0,0.0,0.0,0.0,0.0,50.0,0.0,0.0,-1,0.0,G1_REGIME,regime='unknown' skipped=None reg_empty=True,-1,0.0,0.0,
XRP/USDT,1966,2026-05-30 19:00:00,long,0.57784,51.85,60.0,1.3478,0.006057,unknown,,,,False,False,0.0,0.0,50.0,0.0,0.0,0.0,0.0,0.0,50.0,0.0,0.0,-1,0.0,G1_REGIME,regime='unknown' skipped=None reg_empty=True,-1,0.0,0.0,
XRP/USDT,1967,2026-05-30 20:00:00,long,0.58621,49.09,60.0,1.3481,0.005843,unknown,,,,False,False,0.0,0.0,50.0,0.0,0.0,0.0,0.0,0.0,50.0,0.0,0.0,-1,0.0,G1_REGIME,regime='unknown' skipped=None reg_empty=True,-1,0.0,0.0,
XRP/USDT,1968,2026-05-30 21:00:00,long,0.59223,70.51,60.0,1.3502,0.005793,unknown,,,,False,False,0.0,0.0,50.0,0.0,0.0,0.0,0.0,0.0,50.0,0.0,0.0,-1,0.0,G1_REGIME,regime='unknown' skipped=None reg_empty=True,-1,0.0,0.0,
XRP/USDT,1969,2026-05-30 22:00:00,long,0.58389,81.24,60.0,1.3425,0.006486,unknown,,,,False,False,0.0,0.0,50.0,0.0,0.0,0.0,0.0,0.0,50.0,0.0,0.0,-1,0.0,G1_REGIME,regime='unknown' skipped=None reg_empty=True,-1,0.0,0.0,
XRP/USDT,1970,2026-05-30 23:00:00,long,0.57757,51.55,60.0,1.3408,0.006393,unknown,,,,False,False,0.0,0.0,50.0,0.0,0.0,0.0,0.0,0.0,50.0,0.0,0.0,-1,0.0,G1_REGIME,regime='unknown' skipped=None reg_empty=True,-1,0.0,0.0,
XRP/USDT,1971,2026-05-31 00:00:00,long,0.57205,62.86,60.0,1.3405,0.006386,unknown,,,,False,False,0.0,0.0,50.0,0.0,0.0,0.0,0.0,0.0,50.0,0.0,0.0,-1,0.0,G1_REGIME,regime='unknown' skipped=None reg_empty=True,-1,0.0,0.0,
XRP/USDT,1972,2026-05-31 01:00:00,long,0.56595,61.46,60.0,1.3417,0.006171,unknown,,,,False,False,0.0,0.0,50.0,0.0,0.0,0.0,0.0,0.0,50.0,0.0,0.0,-1,0.0,G1_REGIME,regime='unknown' skipped=None reg_empty=True,-1,0.0,0.0,
XRP/USDT,1973,2026-05-31 02:00:00,long,0.57112,71.09,60.0,1.3424,0.006521,unknown,,,,False,False,0.0,0.0,50.0,0.0,0.0,0.0,0.0,0.0,50.0,0.0,0.0,-1,0.0,G1_REGIME,regime='unknown' skipped=None reg_empty=True,-1,0.0,0.0,
XRP/USDT,1974,2026-05-31 03:00:00,long,0.57561,57.27,60.0,1.3448,0.006507,unknown,,,,False,False,0.0,0.0,50.0,0.0,0.0,0.0,0.0,0.0,50.0,0.0,0.0,-1,0.0,G1_REGIME,regime='unknown' skipped=None reg_empty=True,-1,0.0,0.0,
XRP/USDT,1975,2026-05-31 04:00:00,long,0.57546,55.66,60.0,1.3462,0.00625,unknown,,,,False,False,0.0,0.0,50.0,0.0,0.0,0.0,0.0,0.0,50.0,0.0,0.0,-1,0.0,G1_REGIME,regime='unknown' skipped=None reg_empty=True,-1,0.0,0.0,
XRP/USDT,1976,2026-05-31 05:00:00,long,0.57452,52.8,60.0,1.3433,0.006121,unknown,,,,False,False,0.0,0.0,50.0,0.0,0.0,0.0,0.0,0.0,50.0,0.0,0.0,-1,0.0,G1_REGIME,regime='unknown' skipped=None reg_empty=True,-1,0.0,0.0,
XRP/USDT,1977,2026-05-31 06:00:00,long,0.57518,50.3,60.0,1.3401,0.005757,unknown,,,,False,False,0.0,0.0,50.0,0.0,0.0,0.0,0.0,0.0,50.0,0.0,0.0,-1,0.0,G1_REGIME,regime='unknown' skipped=None reg_empty=True,-1,0.0,0.0,
XRP/USDT,1978,2026-05-31 07:00:00,long,0.57151,54.42,60.0,1.3356,0.005643,unknown,,,,False,False,0.0,0.0,50.0,0.0,0.0,0.0,0.0,0.0,50.0,0.0,0.0,-1,0.0,G1_REGIME,regime='unknown' skipped=None reg_empty=True,-1,0.0,0.0,
XRP/USDT,1979,2026-05-31 08:00:00,long,0.57837,52.09,60.0,1.3385,0.005607,unknown,,,,False,False,0.0,0.0,50.0,0.0,0.0,0.0,0.0,0.0,50.0,0.0,0.0,-1,0.0,G1_REGIME,regime='unknown' skipped=None reg_empty=True,-1,0.0,0.0,
XRP/USDT,1980,2026-05-31 09:00:00,long,0.56623,57.92,60.0,1.3391,0.005471,unknown,,,,False,False,0.0,0.0,50.0,0.0,0.0,0.0,0.0,0.0,50.0,0.0,0.0,-1,0.0,G1_REGIME,regime='unknown' skipped=None reg_empty=True,-1,0.0,0.0,
XRP/USDT,1981,2026-05-31 10:00:00,long,0.55141,70.58,60.0,1.3369,0.005607,unknown,,,,False,False,0.0,0.0,50.0,0.0,0.0,0.0,0.0,0.0,50.0,0.0,0.0,-1,0.0,G1_REGIME,regime='unknown' skipped=None reg_empty=True,-1,0.0,0.0,
XRP/USDT,1982,2026-05-31 11:00:00,long,0.58241,76.84,60.0,1.3419,0.005707,unknown,,,,False,False,0.0,0.0,50.0,0.0,0.0,0.0,0.0,0.0,50.0,0.0,0.0,-1,0.0,G1_REGIME,regime='unknown' skipped=None reg_empty=True,-1,0.0,0.0,
XRP/USDT,1983,2026-05-31 12:00:00,long,0.57959,77.86,60.0,1.3424,0.005171,unknown,,,,False,False,0.0,0.0,50.0,0.0,0.0,0.0,0.0,0.0,50.0,0.0,0.0,-1,0.0,G1_REGIME,regime='unknown' skipped=None reg_empty=True,-1,0.0,0.0,
XRP/USDT,1984,2026-05-31 13:00:00,long,0.58186,82.09,60.0,1.3424,0.005286,unknown,,,,False,False,0.0,0.0,50.0,0.0,0.0,0.0,0.0,0.0,50.0,0.0,0.0,-1,0.0,G1_REGIME,regime='unknown' skipped=None reg_empty=True,-1,0.0,0.0,
XRP/USDT,1985,2026-05-31 14:00:00,long,0.57808,100.0,60.0,1.3304,0.006129,unknown,,,,False,False,0.0,0.0,50.0,0.0,0.0,0.0,0.0,0.0,50.0,0.0,0.0,-1,0.0,G1_REGIME,regime='unknown' skipped=None reg_empty=True,-1,0.0,0.0,
XRP/USDT,1986,2026-05-31 15:00:00,long,0.57861,81.71,60.0,1.3307,0.006329,unknown,,,,False,False,0.0,0.0,50.0,0.0,0.0,0.0,0.0,0.0,50.0,0.0,0.0,-1,0.0,G1_REGIME,regime='unknown' skipped=None reg_empty=True,-1,0.0,0.0,
XRP/USDT,1987,2026-05-31 16:00:00,long,0.59374,100.0,60.0,1.3278,0.006386,unknown,,,,False,False,0.0,0.0,50.0,0.0,0.0,0.0,0.0,0.0,50.0,0.0,0.0,-1,0.0,G1_REGIME,regime='unknown' skipped=None reg_empty=True,-1,0.0,0.0,
XRP/USDT,1988,2026-05-31 17:00:00,long,0.59508,81.5,60.0,1.3313,0.006429,unknown,,,,False,False,0.0,0.0,50.0,0.0,0.0,0.0,0.0,0.0,50.0,0.0,0.0,-1,0.0,G1_REGIME,regime='unknown' skipped=None reg_empty=True,-1,0.0,0.0,
XRP/USDT,1989,2026-05-31 18:00:00,long,0.61016,79.95,60.0,1.3277,0.006536,unknown,,,,False,False,0.0,0.0,50.0,0.0,0.0,0.0,0.0,0.0,50.0,0.0,0.0,-1,0.0,G1_REGIME,regime='unknown' skipped=None reg_empty=True,-1,0.0,0.0,
XRP/USDT,1990,2026-05-31 19:00:00,long,0.61564,81.15,60.0,1.3266,0.006793,unknown,,,,False,False,0.0,0.0,50.0,0.0,0.0,0.0,0.0,0.0,50.0,0.0,0.0,-1,0.0,G1_REGIME,regime='unknown' skipped=None reg_empty=True,-1,0.0,0.0,
XRP/USDT,1991,2026-05-31 20:00:00,long,0.59123,83.16,60.0,1.3308,0.0069,unknown,,,,False,False,0.0,0.0,50.0,0.0,0.0,0.0,0.0,0.0,50.0,0.0,0.0,-1,0.0,G1_REGIME,regime='unknown' skipped=None reg_empty=True,-1,0.0,0.0,
XRP/USDT,1992,2026-05-31 21:00:00,long,0.58263,73.15,60.0,1.3344,0.006807,unknown,,,,False,False,0.0,0.0,50.0,0.0,0.0,0.0,0.0,0.0,50.0,0.0,0.0,-1,0.0,G1_REGIME,regime='unknown' skipped=None reg_empty=True,-1,0.0,0.0,
XRP/USDT,1993,2026-05-31 22:00:00,long,0.6013,78.96,60.0,1.3373,0.007107,unknown,,,,False,False,0.0,0.0,50.0,0.0,0.0,0.0,0.0,0.0,50.0,0.0,0.0,-1,0.0,G1_REGIME,regime='unknown' skipped=None reg_empty=True,-1,0.0,0.0,
XRP/USDT,1994,2026-05-31 23:00:00,long,0.59776,78.82,60.0,1.333,0.007707,unknown,,,,False,False,0.0,0.0,50.0,0.0,0.0,0.0,0.0,0.0,50.0,0.0,0.0,-1,0.0,G1_REGIME,regime='unknown' skipped=None reg_empty=True,-1,0.0,0.0,
XRP/USDT,1995,2026-06-01 00:00:00,long,0.64603,88.36,60.0,1.3377,0.008071,unknown,,,,False,False,0.0,0.0,50.0,0.0,0.0,0.0,0.0,0.0,50.0,0.0,0.0,-1,0.0,G1_REGIME,regime='unknown' skipped=None reg_empty=True,-1,0.0,0.0,
XRP/USDT,1996,2026-06-01 01:00:00,long,0.65633,87.13,60.0,1.3217,0.00885,unknown,,,,False,False,0.0,0.0,50.0,0.0,0.0,0.0,0.0,0.0,50.0,0.0,0.0,-1,0.0,G1_REGIME,regime='unknown' skipped=None reg_empty=True,-1,0.0,0.0,
XRP/USDT,1997,2026-06-01 02:00:00,long,0.64597,83.32,60.0,1.3308,0.009607,unknown,,,,False,False,0.0,0.0,50.0,0.0,0.0,0.0,0.0,0.0,50.0,0.0,0.0,-1,0.0,G1_REGIME,regime='unknown' skipped=None reg_empty=True,-1,0.0,0.0,
XRP/USDT,1998,2026-06-01 03:00:00,long,0.64935,78.31,60.0,1.3308,0.009543,unknown,,,,False,False,0.0,0.0,50.0,0.0,0.0,0.0,0.0,0.0,50.0,0.0,0.0,-1,0.0,G1_REGIME,regime='unknown' skipped=None reg_empty=True,-1,0.0,0.0,
XRP/USDT,1999,2026-06-01 04:00:00,long,0.66419,89.87,60.0,1.3224,0.009543,unknown,,,,False,False,0.0,0.0,50.0,0.0,0.0,0.0,0.0,0.0,50.0,0.0,0.0,-1,0.0,G1_REGIME,regime='unknown' skipped=None reg_empty=True,-1,0.0,0.0,
XRP/USDT,2000,2026-06-01 05:00:00,long,0.66236,85.93,60.0,1.3165,0.009586,unknown,,,,False,False,0.0,0.0,50.0,0.0,0.0,0.0,0.0,0.0,50.0,0.0,0.0,-1,0.0,G1_REGIME,regime='unknown' skipped=None reg_empty=True,-1,0.0,0.0,
XRP/USDT,2001,2026-06-01 06:00:00,long,0.64798,100.0,60.0,1.3139,0.00935,unknown,,,,False,False,0.0,0.0,50.0,0.0,0.0,0.0,0.0,0.0,50.0,0.0,0.0,-1,0.0,G1_REGIME,regime='unknown' skipped=None reg_empty=True,-1,0.0,0.0,
XRP/USDT,2002,2026-06-01 07:00:00,long,0.66985,89.68,60.0,1.3036,0.009843,unknown,,,,False,False,0.0,0.0,50.0,0.0,0.0,0.0,0.0,0.0,50.0,0.0,0.0,-1,0.0,G1_REGIME,regime='unknown' skipped=None reg_empty=True,-1,0.0,0.0,
XRP/USDT,2003,2026-06-01 08:00:00,long,0.6751,91.87,60.0,1.303,0.010114,unknown,,,,False,False,0.0,0.0,50.0,0.0,0.0,0.0,0.0,0.0,50.0,0.0,0.0,-1,0.0,G1_REGIME,regime='unknown' skipped=None reg_empty=True,-1,0.0,0.0,
XRP/USDT,2004,2026-06-01 09:00:00,long,0.67319,86.99,60.0,1.3044,0.010079,unknown,,,,False,False,0.0,0.0,50.0,0.0,0.0,0.0,0.0,0.0,50.0,0.0,0.0,-1,0.0,G1_REGIME,regime='unknown' skipped=None reg_empty=True,-1,0.0,0.0,
XRP/USDT,2005,2026-06-01 10:00:00,long,0.67403,85.89,60.0,1.3059,0.01015,unknown,,,,False,False,0.0,0.0,50.0,0.0,0.0,0.0,0.0,0.0,50.0,0.0,0.0,-1,0.0,G1_REGIME,regime='unknown' skipped=None reg_empty=True,-1,0.0,0.0,
XRP/USDT,2006,2026-06-01 11:00:00,long,0.67194,86.29,60.0,1.3036,0.010221,unknown,,,,False,False,0.0,0.0,50.0,0.0,0.0,0.0,0.0,0.0,50.0,0.0,0.0,-1,0.0,G1_REGIME,regime='unknown' skipped=None reg_empty=True,-1,0.0,0.0,
XRP/USDT,2007,2026-06-01 12:00:00,long,0.67756,89.29,60.0,1.3027,0.010357,unknown,,,,False,False,0.0,0.0,50.0,0.0,0.0,0.0,0.0,0.0,50.0,0.0,0.0,-1,0.0,G1_REGIME,regime='unknown' skipped=None reg_empty=True,-1,0.0,0.0,
XRP/USDT,2008,2026-06-01 13:00:00,long,0.68486,100.0,60.0,1.2907,0.010521,unknown,,,,False,False,0.0,0.0,50.0,0.0,0.0,0.0,0.0,0.0,50.0,0.0,0.0,-1,0.0,G1_REGIME,regime='unknown' skipped=None reg_empty=True,-1,0.0,0.0,
XRP/USDT,2009,2026-06-01 14:00:00,long,0.69473,100.0,60.0,1.286,0.010564,unknown,,,,False,False,0.0,0.0,50.0,0.0,0.0,0.0,0.0,0.0,50.0,0.0,0.0,-1,0.0,G1_REGIME,regime='unknown' skipped=None reg_empty=True,-1,0.0,0.0,
XRP/USDT,2010,2026-06-01 15:00:00,long,0.69308,100.0,60.0,1.2822,0.0101,unknown,,,,False,False,0.0,0.0,50.0,0.0,0.0,0.0,0.0,0.0,50.0,0.0,0.0,-1,0.0,G1_REGIME,regime='unknown' skipped=None reg_empty=True,-1,0.0,0.0,
XRP/USDT,2011,2026-06-01 16:00:00,long,0.6878,91.48,60.0,1.2941,0.010036,unknown,,,,False,False,0.0,0.0,50.0,0.0,0.0,0.0,0.0,0.0,50.0,0.0,0.0,-1,0.0,G1_REGIME,regime='unknown' skipped=None reg_empty=True,-1,0.0,0.0,
XRP/USDT,2012,2026-06-01 17:00:00,long,0.68606,79.38,60.0,1.3007,0.010457,unknown,,,,False,False,0.0,0.0,50.0,0.0,0.0,0.0,0.0,0.0,50.0,0.0,0.0,-1,0.0,G1_REGIME,regime='unknown' skipped=None reg_empty=True,-1,0.0,0.0,
XRP/USDT,2013,2026-06-01 18:00:00,long,0.68117,82.47,60.0,1.2965,0.009893,unknown,,,,False,False,0.0,0.0,50.0,0.0,0.0,0.0,0.0,0.0,50.0,0.0,0.0,-1,0.0,G1_REGIME,regime='unknown' skipped=None reg_empty=True,-1,0.0,0.0,
XRP/USDT,2014,2026-06-01 19:00:00,long,0.69635,76.02,60.0,1.3,0.009864,unknown,,,,False,False,0.0,0.0,50.0,0.0,0.0,0.0,0.0,0.0,50.0,0.0,0.0,-1,0.0,G1_REGIME,regime='unknown' skipped=None reg_empty=True,-1,0.0,0.0,
XRP/USDT,2015,2026-06-01 20:00:00,long,0.69287,76.44,60.0,1.2991,0.009743,unknown,,,,False,False,0.0,0.0,50.0,0.0,0.0,0.0,0.0,0.0,50.0,0.0,0.0,-1,0.0,G1_REGIME,regime='unknown' skipped=None reg_empty=True,-1,0.0,0.0,
XRP/USDT,2016,2026-06-01 21:00:00,long,0.68487,84.44,60.0,1.2918,0.009479,unknown,,,,False,False,0.0,0.0,50.0,0.0,0.0,0.0,0.0,0.0,50.0,0.0,0.0,-1,0.0,G1_REGIME,regime='unknown' skipped=None reg_empty=True,-1,0.0,0.0,
XRP/USDT,2017,2026-06-01 22:00:00,long,0.68197,80.12,60.0,1.3005,0.009864,unknown,,,,False,False,0.0,0.0,50.0,0.0,0.0,0.0,0.0,0.0,50.0,0.0,0.0,-1,0.0,G1_REGIME,regime='unknown' skipped=None reg_empty=True,-1,0.0,0.0,
XRP/USDT,2018,2026-06-01 23:00:00,long,0.69097,85.24,60.0,1.2972,0.009943,unknown,,,,False,False,0.0,0.0,50.0,0.0,0.0,0.0,0.0,0.0,50.0,0.0,0.0,-1,0.0,G1_REGIME,regime='unknown' skipped=None reg_empty=True,-1,0.0,0.0,
XRP/USDT,2019,2026-06-02 00:00:00,long,0.67702,85.38,60.0,1.2891,0.010179,unknown,,,,False,False,0.0,0.0,50.0,0.0,0.0,0.0,0.0,0.0,50.0,0.0,0.0,-1,0.0,G1_REGIME,regime='unknown' skipped=None reg_empty=True,-1,0.0,0.0,
XRP/USDT,2020,2026-06-02 01:00:00,long,0.69008,90.11,60.0,1.2798,0.010493,unknown,,,,False,False,0.0,0.0,50.0,0.0,0.0,0.0,0.0,0.0,50.0,0.0,0.0,-1,0.0,G1_REGIME,regime='unknown' skipped=None reg_empty=True,-1,0.0,0.0,
XRP/USDT,2021,2026-06-02 02:00:00,long,0.68138,94.43,60.0,1.2844,0.01095,unknown,,,,False,False,0.0,0.0,50.0,0.0,0.0,0.0,0.0,0.0,50.0,0.0,0.0,-1,0.0,G1_REGIME,regime='unknown' skipped=None reg_empty=True,-1,0.0,0.0,
XRP/USDT,2022,2026-06-02 03:00:00,long,0.6824,78.19,60.0,1.2881,0.010229,unknown,,,,False,False,0.0,0.0,50.0,0.0,0.0,0.0,0.0,0.0,50.0,0.0,0.0,-1,0.0,G1_REGIME,regime='unknown' skipped=None reg_empty=True,-1,0.0,0.0,
XRP/USDT,2023,2026-06-02 04:00:00,long,0.68612,84.97,60.0,1.2802,0.010143,unknown,,,,False,False,0.0,0.0,50.0,0.0,0.0,0.0,0.0,0.0,50.0,0.0,0.0,-1,0.0,G1_REGIME,regime='unknown' skipped=None reg_empty=True,-1,0.0,0.0,
XRP/USDT,2024,2026-06-02 05:00:00,long,0.69199,88.05,60.0,1.2679,0.010421,unknown,,,,False,False,0.0,0.0,50.0,0.0,0.0,0.0,0.0,0.0,50.0,0.0,0.0,-1,0.0,G1_REGIME,regime='unknown' skipped=None reg_empty=True,-1,0.0,0.0,
XRP/USDT,2025,2026-06-02 06:00:00,long,0.68439,90.43,60.0,1.2657,0.010029,unknown,,,,False,False,0.0,0.0,50.0,0.0,0.0,0.0,0.0,0.0,50.0,0.0,0.0,-1,0.0,G1_REGIME,regime='unknown' skipped=None reg_empty=True,-1,0.0,0.0,
XRP/USDT,2026,2026-06-02 07:00:00,long,0.67959,90.8,60.0,1.268,0.010129,unknown,,,,False,False,0.0,0.0,50.0,0.0,0.0,0.0,0.0,0.0,50.0,0.0,0.0,-1,0.0,G1_REGIME,regime='unknown' skipped=None reg_empty=True,-1,0.0,0.0,
XRP/USDT,2027,2026-06-02 08:00:00,long,0.68837,84.69,60.0,1.2648,0.010064,unknown,,,,False,False,0.0,0.0,50.0,0.0,0.0,0.0,0.0,0.0,50.0,0.0,0.0,-1,0.0,G1_REGIME,regime='unknown' skipped=None reg_empty=True,-1,0.0,0.0,
XRP/USDT,2028,2026-06-02 09:00:00,long,0.6954,88.9,60.0,1.2596,0.01015,unknown,,,,False,False,0.0,0.0,50.0,0.0,0.0,0.0,0.0,0.0,50.0,0.0,0.0,-1,0.0,G1_REGIME,regime='unknown' skipped=None reg_empty=True,-1,0.0,0.0,
XRP/USDT,2029,2026-06-02 10:00:00,long,0.68231,84.67,60.0,1.2671,0.010479,unknown,,,,False,False,0.0,0.0,50.0,0.0,0.0,0.0,0.0,0.0,50.0,0.0,0.0,-1,0.0,G1_REGIME,regime='unknown' skipped=None reg_empty=True,-1,0.0,0.0,
XRP/USDT,2030,2026-06-02 11:00:00,long,0.68107,84.76,60.0,1.261,0.010486,unknown,,,,False,False,0.0,0.0,50.0,0.0,0.0,0.0,0.0,0.0,50.0,0.0,0.0,-1,0.0,G1_REGIME,regime='unknown' skipped=None reg_empty=True,-1,0.0,0.0,
XRP/USDT,2031,2026-06-02 12:00:00,long,0.67354,85.58,60.0,1.2639,0.009936,unknown,,,,False,False,0.0,0.0,50.0,0.0,0.0,0.0,0.0,0.0,50.0,0.0,0.0,-1,0.0,G1_REGIME,regime='unknown' skipped=None reg_empty=True,-1,0.0,0.0,
XRP/USDT,2032,2026-06-02 13:00:00,long,0.68669,88.37,60.0,1.2615,0.009986,unknown,,,,False,False,0.0,0.0,50.0,0.0,0.0,0.0,0.0,0.0,50.0,0.0,0.0,-1,0.0,G1_REGIME,regime='unknown' skipped=None reg_empty=True,-1,0.0,0.0,
XRP/USDT,2033,2026-06-02 14:00:00,long,0.69568,100.0,60.0,1.2352,0.011771,unknown,,,,False,False,0.0,0.0,50.0,0.0,0.0,0.0,0.0,0.0,50.0,0.0,0.0,-1,0.0,G1_REGIME,regime='unknown' skipped=None reg_empty=True,-1,0.0,0.0,
XRP/USDT,2034,2026-06-02 15:00:00,long,0.6577,100.0,60.0,1.222,0.012414,unknown,,,,False,False,0.0,0.0,50.0,0.0,0.0,0.0,0.0,0.0,50.0,0.0,0.0,-1,0.0,G1_REGIME,regime='unknown' skipped=None reg_empty=True,-1,0.0,0.0,
XRP/USDT,2035,2026-06-02 16:00:00,long,0.66228,90.3,60.0,1.2328,0.012907,unknown,,,,False,False,0.0,0.0,50.0,0.0,0.0,0.0,0.0,0.0,50.0,0.0,0.0,-1,0.0,G1_REGIME,regime='unknown' skipped=None reg_empty=True,-1,0.0,0.0,
XRP/USDT,2036,2026-06-02 17:00:00,long,0.70435,78.0,60.0,1.2365,0.013279,unknown,,,,False,False,0.0,0.0,50.0,0.0,0.0,0.0,0.0,0.0,50.0,0.0,0.0,-1,0.0,G1_REGIME,regime='unknown' skipped=None reg_empty=True,-1,0.0,0.0,
XRP/USDT,2037,2026-06-02 18:00:00,long,0.65388,86.71,60.0,1.2242,0.014186,unknown,,,,False,False,0.0,0.0,50.0,0.0,0.0,0.0,0.0,0.0,50.0,0.0,0.0,-1,0.0,G1_REGIME,regime='unknown' skipped=None reg_empty=True,-1,0.0,0.0,
XRP/USDT,2038,2026-06-02 19:00:00,long,0.66034,91.06,60.0,1.2217,0.014843,unknown,,,,False,False,0.0,0.0,50.0,0.0,0.0,0.0,0.0,0.0,50.0,0.0,0.0,-1,0.0,G1_REGIME,regime='unknown' skipped=None reg_empty=True,-1,0.0,0.0,
XRP/USDT,2039,2026-06-02 20:00:00,long,0.64958,87.93,60.0,1.2233,0.015229,unknown,,,,False,False,0.0,0.0,50.0,0.0,0.0,0.0,0.0,0.0,50.0,0.0,0.0,-1,0.0,G1_REGIME,regime='unknown' skipped=None reg_empty=True,-1,0.0,0.0,
XRP/USDT,2040,2026-06-02 21:00:00,long,0.64808,76.72,60.0,1.2265,0.015157,unknown,,,,False,False,0.0,0.0,50.0,0.0,0.0,0.0,0.0,0.0,50.0,0.0,0.0,-1,0.0,G1_REGIME,regime='unknown' skipped=None reg_empty=True,-1,0.0,0.0,
XRP/USDT,2041,2026-06-02 22:00:00,long,0.66885,95.26,60.0,1.2009,0.016914,unknown,,,,False,False,0.0,0.0,50.0,0.0,0.0,0.0,0.0,0.0,50.0,0.0,0.0,-1,0.0,G1_REGIME,regime='unknown' skipped=None reg_empty=True,-1,0.0,0.0,
XRP/USDT,2042,2026-06-02 23:00:00,long,0.64377,94.08,60.0,1.2117,0.017421,unknown,,,,False,False,0.0,0.0,50.0,0.0,0.0,0.0,0.0,0.0,50.0,0.0,0.0,-1,0.0,G1_REGIME,regime='unknown' skipped=None reg_empty=True,-1,0.0,0.0,
XRP/USDT,2043,2026-06-03 00:00:00,long,0.63049,80.68,60.0,1.2246,0.017693,unknown,,,,False,False,0.0,0.0,50.0,0.0,0.0,0.0,0.0,0.0,50.0,0.0,0.0,-1,0.0,G1_REGIME,regime='unknown' skipped=None reg_empty=True,-1,0.0,0.0,
XRP/USDT,2044,2026-06-03 01:00:00,long,0.63237,77.14,60.0,1.2236,0.0181,unknown,,,,False,False,0.0,0.0,50.0,0.0,0.0,0.0,0.0,0.0,50.0,0.0,0.0,-1,0.0,G1_REGIME,regime='unknown' skipped=None reg_empty=True,-1,0.0,0.0,
XRP/USDT,2045,2026-06-03 02:00:00,long,0.6361,76.17,60.0,1.2205,0.018107,unknown,,,,False,False,0.0,0.0,50.0,0.0,0.0,0.0,0.0,0.0,50.0,0.0,0.0,-1,0.0,G1_REGIME,regime='unknown' skipped=None reg_empty=True,-1,0.0,0.0,
XRP/USDT,2046,2026-06-03 03:00:00,long,0.63555,92.21,60.0,1.1979,0.019871,unknown,,,,False,False,0.0,0.0,50.0,0.0,0.0,0.0,0.0,0.0,50.0,0.0,0.0,-1,0.0,G1_REGIME,regime='unknown' skipped=None reg_empty=True,-1,0.0,0.0,
XRP/USDT,2047,2026-06-03 04:00:00,long,0.62589,80.07,60.0,1.2184,0.01895,unknown,,,,False,False,0.0,0.0,50.0,0.0,0.0,0.0,0.0,0.0,50.0,0.0,0.0,-1,0.0,G1_REGIME,regime='unknown' skipped=None reg_empty=True,-1,0.0,0.0,
XRP/USDT,2048,2026-06-03 05:00:00,long,0.61819,84.36,60.0,1.2324,0.018686,unknown,,,,False,False,0.0,0.0,50.0,0.0,0.0,0.0,0.0,0.0,50.0,0.0,0.0,-1,0.0,G1_REGIME,regime='unknown' skipped=None reg_empty=True,-1,0.0,0.0,
XRP/USDT,2049,2026-06-03 06:00:00,long,0.62176,82.81,60.0,1.2389,0.018043,unknown,,,,False,False,0.0,0.0,50.0,0.0,0.0,0.0,0.0,0.0,50.0,0.0,0.0,-1,0.0,G1_REGIME,regime='unknown' skipped=None reg_empty=True,-1,0.0,0.0,
XRP/USDT,2050,2026-06-03 07:00:00,long,0.62309,81.45,60.0,1.2433,0.018,unknown,,,,False,False,0.0,0.0,50.0,0.0,0.0,0.0,0.0,0.0,50.0,0.0,0.0,-1,0.0,G1_REGIME,regime='unknown' skipped=None reg_empty=True,-1,0.0,0.0,
XRP/USDT,2051,2026-06-03 08:00:00,long,0.62385,80.3,60.0,1.2428,0.016907,unknown,,,,False,False,0.0,0.0,50.0,0.0,0.0,0.0,0.0,0.0,50.0,0.0,0.0,-1,0.0,G1_REGIME,regime='unknown' skipped=None reg_empty=True,-1,0.0,0.0,
XRP/USDT,2052,2026-06-03 09:00:00,long,0.62138,82.18,60.0,1.2384,0.015914,unknown,,,,False,False,0.0,0.0,50.0,0.0,0.0,0.0,0.0,0.0,50.0,0.0,0.0,-1,0.0,G1_REGIME,regime='unknown' skipped=None reg_empty=True,-1,0.0,0.0,
XRP/USDT,2053,2026-06-03 10:00:00,long,0.64179,81.71,60.0,1.2418,0.015371,unknown,,,,False,False,0.0,0.0,50.0,0.0,0.0,0.0,0.0,0.0,50.0,0.0,0.0,-1,0.0,G1_REGIME,regime='unknown' skipped=None reg_empty=True,-1,0.0,0.0,
XRP/USDT,2054,2026-06-03 11:00:00,long,0.63394,79.59,60.0,1.2369,0.015293,unknown,,,,False,False,0.0,0.0,50.0,0.0,0.0,0.0,0.0,0.0,50.0,0.0,0.0,-1,0.0,G1_REGIME,regime='unknown' skipped=None reg_empty=True,-1,0.0,0.0,
XRP/USDT,2055,2026-06-03 12:00:00,long,0.6398,81.99,60.0,1.2357,0.013614,unknown,,,,False,False,0.0,0.0,50.0,0.0,0.0,0.0,0.0,0.0,50.0,0.0,0.0,-1,0.0,G1_REGIME,regime='unknown' skipped=None reg_empty=True,-1,0.0,0.0,
XRP/USDT,2056,2026-06-03 13:00:00,long,0.65121,81.01,60.0,1.2312,0.01335,unknown,,,,False,False,0.0,0.0,50.0,0.0,0.0,0.0,0.0,0.0,50.0,0.0,0.0,-1,0.0,G1_REGIME,regime='unknown' skipped=None reg_empty=True,-1,0.0,0.0,
XRP/USDT,2057,2026-06-03 14:00:00,long,0.69772,62.96,60.0,1.231,0.013186,unknown,,,,False,False,0.0,0.0,50.0,0.0,0.0,0.0,0.0,0.0,50.0,0.0,0.0,-1,0.0,G1_REGIME,regime='unknown' skipped=None reg_empty=True,-1,0.0,0.0,
XRP/USDT,2058,2026-06-03 15:00:00,long,0.69201,62.26,60.0,1.2251,0.013014,unknown,,,,False,False,0.0,0.0,50.0,0.0,0.0,0.0,0.0,0.0,50.0,0.0,0.0,-1,0.0,G1_REGIME,regime='unknown' skipped=None reg_empty=True,-1,0.0,0.0,
XRP/USDT,2059,2026-06-03 16:00:00,long,0.6685,64.46,60.0,1.2228,0.013929,unknown,,,,False,False,0.0,0.0,50.0,0.0,0.0,0.0,0.0,0.0,50.0,0.0,0.0,-1,0.0,G1_REGIME,regime='unknown' skipped=None reg_empty=True,-1,0.0,0.0,
XRP/USDT,2060,2026-06-03 17:00:00,long,0.69435,57.31,60.0,1.2214,0.012643,unknown,,,,False,False,0.0,0.0,50.0,0.0,0.0,0.0,0.0,0.0,50.0,0.0,0.0,-1,0.0,G1_REGIME,regime='unknown' skipped=None reg_empty=True,-1,0.0,0.0,
XRP/USDT,2061,2026-06-03 18:00:00,long,0.68912,56.33,60.0,1.2185,0.011971,unknown,,,,False,False,0.0,0.0,50.0,0.0,0.0,0.0,0.0,0.0,50.0,0.0,0.0,-1,0.0,G1_REGIME,regime='unknown' skipped=None reg_empty=True,-1,0.0,0.0,
XRP/USDT,2062,2026-06-03 19:00:00,long,0.70097,70.47,60.0,1.2043,0.01205,unknown,,,,False,False,0.0,0.0,50.0,0.0,0.0,0.0,0.0,0.0,50.0,0.0,0.0,-1,0.0,G1_REGIME,regime='unknown' skipped=None reg_empty=True,-1,0.0,0.0,
XRP/USDT,2063,2026-06-03 20:00:00,long,0.70193,74.81,60.0,1.1939,0.012514,unknown,,,,False,False,0.0,0.0,50.0,0.0,0.0,0.0,0.0,0.0,50.0,0.0,0.0,-1,0.0,G1_REGIME,regime='unknown' skipped=None reg_empty=True,-1,0.0,0.0,
XRP/USDT,2064,2026-06-03 21:00:00,long,0.64569,60.69,60.0,1.2185,0.013736,unknown,,,,False,False,0.0,0.0,50.0,0.0,0.0,0.0,0.0,0.0,50.0,0.0,0.0,-1,0.0,G1_REGIME,regime='unknown' skipped=None reg_empty=True,-1,0.0,0.0,
XRP/USDT,2065,2026-06-03 22:00:00,long,0.65509,75.55,60.0,1.2063,0.0144,unknown,,,,False,False,0.0,0.0,50.0,0.0,0.0,0.0,0.0,0.0,50.0,0.0,0.0,-1,0.0,G1_REGIME,regime='unknown' skipped=None reg_empty=True,-1,0.0,0.0,
XRP/USDT,2066,2026-06-03 23:00:00,long,0.67518,84.87,60.0,1.2012,0.014364,unknown,,,,False,False,0.0,0.0,50.0,0.0,0.0,0.0,0.0,0.0,50.0,0.0,0.0,-1,0.0,G1_REGIME,regime='unknown' skipped=None reg_empty=True,-1,0.0,0.0,
XRP/USDT,2067,2026-06-04 00:00:00,long,0.67344,100.0,60.0,1.1936,0.015379,unknown,,,,False,False,0.0,0.0,50.0,0.0,0.0,0.0,0.0,0.0,50.0,0.0,0.0,-1,0.0,G1_REGIME,regime='unknown' skipped=None reg_empty=True,-1,0.0,0.0,
XRP/USDT,2068,2026-06-04 01:00:00,long,0.67085,100.0,60.0,1.1615,0.017443,unknown,,,,False,False,0.0,0.0,50.0,0.0,0.0,0.0,0.0,0.0,50.0,0.0,0.0,-1,0.0,G1_REGIME,regime='unknown' skipped=None reg_empty=True,-1,0.0,0.0,
XRP/USDT,2069,2026-06-04 02:00:00,long,0.6734,100.0,60.0,1.1815,0.020179,unknown,,,,False,False,0.0,0.0,50.0,0.0,0.0,0.0,0.0,0.0,50.0,0.0,0.0,-1,0.0,G1_REGIME,regime='unknown' skipped=None reg_empty=True,-1,0.0,0.0,
XRP/USDT,2070,2026-06-04 03:00:00,long,0.7033,88.14,60.0,1.209,0.021479,unknown,,,,False,False,0.0,0.0,50.0,0.0,0.0,0.0,0.0,0.0,50.0,0.0,0.0,-1,0.0,G1_REGIME,regime='unknown' skipped=None reg_empty=True,-1,0.0,0.0,
XRP/USDT,2071,2026-06-04 04:00:00,long,0.70865,84.4,60.0,1.2018,0.021464,unknown,,,,False,False,0.0,0.0,50.0,0.0,0.0,0.0,0.0,0.0,50.0,0.0,0.0,-1,0.0,G1_REGIME,regime='unknown' skipped=None reg_empty=True,-1,0.0,0.0,
XRP/USDT,2072,2026-06-04 05:00:00,long,0.70438,82.66,60.0,1.1879,0.021921,unknown,,,,False,False,0.0,0.0,50.0,0.0,0.0,0.0,0.0,0.0,50.0,0.0,0.0,-1,0.0,G1_REGIME,regime='unknown' skipped=None reg_empty=True,-1,0.0,0.0,
XRP/USDT,2073,2026-06-04 06:00:00,long,0.70476,82.15,60.0,1.1892,0.021479,unknown,,,,False,False,0.0,0.0,50.0,0.0,0.0,0.0,0.0,0.0,50.0,0.0,0.0,-1,0.0,G1_REGIME,regime='unknown' skipped=None reg_empty=True,-1,0.0,0.0,
XRP/USDT,2074,2026-06-04 07:00:00,long,0.66556,80.41,60.0,1.1678,0.021986,unknown,,,,False,False,0.0,0.0,50.0,0.0,0.0,0.0,0.0,0.0,50.0,0.0,0.0,-1,0.0,G1_REGIME,regime='unknown' skipped=None reg_empty=True,-1,0.0,0.0,
XRP/USDT,2075,2026-06-04 08:00:00,long,0.66392,82.27,60.0,1.1678,0.021936,unknown,,,,False,False,0.0,0.0,50.0,0.0,0.0,0.0,0.0,0.0,50.0,0.0,0.0,-1,0.0,G1_REGIME,regime='unknown' skipped=None reg_empty=True,-1,0.0,0.0,
XRP/USDT,2076,2026-06-04 09:00:00,long,0.6666,84.17,60.0,1.162,0.022329,unknown,,,,False,False,0.0,0.0,50.0,0.0,0.0,0.0,0.0,0.0,50.0,0.0,0.0,-1,0.0,G1_REGIME,regime='unknown' skipped=None reg_empty=True,-1,0.0,0.0,
XRP/USDT,2077,2026-06-04 10:00:00,long,0.66523,92.88,60.0,1.1485,0.0222,unknown,,,,False,False,0.0,0.0,50.0,0.0,0.0,0.0,0.0,0.0,50.0,0.0,0.0,-1,0.0,G1_REGIME,regime='unknown' skipped=None reg_empty=True,-1,0.0,0.0,
XRP/USDT,2078,2026-06-04 11:00:00,long,0.66582,90.64,60.0,1.1558,0.02145,unknown,,,,False,False,0.0,0.0,50.0,0.0,0.0,0.0,0.0,0.0,50.0,0.0,0.0,-1,0.0,G1_REGIME,regime='unknown' skipped=None reg_empty=True,-1,0.0,0.0,
XRP/USDT,2079,2026-06-04 12:00:00,long,0.6695,86.03,60.0,1.1801,0.022564,unknown,,,,False,False,0.0,0.0,50.0,0.0,0.0,0.0,0.0,0.0,50.0,0.0,0.0,-1,0.0,G1_REGIME,regime='unknown' skipped=None reg_empty=True,-1,0.0,0.0,
XRP/USDT,2080,2026-06-04 13:00:00,long,0.66923,83.61,60.0,1.1795,0.023357,unknown,,,,False,False,0.0,0.0,50.0,0.0,0.0,0.0,0.0,0.0,50.0,0.0,0.0,-1,0.0,G1_REGIME,regime='unknown' skipped=None reg_empty=True,-1,0.0,0.0,
XRP/USDT,2081,2026-06-04 14:00:00,long,0.67041,80.18,60.0,1.173,0.022921,unknown,,,,False,False,0.0,0.0,50.0,0.0,0.0,0.0,0.0,0.0,50.0,0.0,0.0,-1,0.0,G1_REGIME,regime='unknown' skipped=None reg_empty=True,-1,0.0,0.0,
XRP/USDT,2082,2026-06-04 15:00:00,long,0.67172,80.78,60.0,1.1689,0.02125,unknown,,,,False,False,0.0,0.0,50.0,0.0,0.0,0.0,0.0,0.0,50.0,0.0,0.0,-1,0.0,G1_REGIME,regime='unknown' skipped=None reg_empty=True,-1,0.0,0.0,
XRP/USDT,2083,2026-06-04 16:00:00,long,0.66834,79.03,60.0,1.1702,0.018836,unknown,,,,False,False,0.0,0.0,50.0,0.0,0.0,0.0,0.0,0.0,50.0,0.0,0.0,-1,0.0,G1_REGIME,regime='unknown' skipped=None reg_empty=True,-1,0.0,0.0,
XRP/USDT,2084,2026-06-04 17:00:00,long,0.66982,78.33,60.0,1.1698,0.017871,unknown,,,,False,False,0.0,0.0,50.0,0.0,0.0,0.0,0.0,0.0,50.0,0.0,0.0,-1,0.0,G1_REGIME,regime='unknown' skipped=None reg_empty=True,-1,0.0,0.0,
XRP/USDT,2085,2026-06-04 18:00:00,long,0.66646,80.01,60.0,1.1794,0.018471,unknown,,,,False,False,0.0,0.0,50.0,0.0,0.0,0.0,0.0,0.0,50.0,0.0,0.0,-1,0.0,G1_REGIME,regime='unknown' skipped=None reg_empty=True,-1,0.0,0.0,
XRP/USDT,2086,2026-06-04 19:00:00,long,0.6704,79.02,60.0,1.1752,0.018079,unknown,,,,False,False,0.0,0.0,50.0,0.0,0.0,0.0,0.0,0.0,50.0,0.0,0.0,-1,0.0,G1_REGIME,regime='unknown' skipped=None reg_empty=True,-1,0.0,0.0,
XRP/USDT,2087,2026-06-04 20:00:00,long,0.67485,79.62,60.0,1.1759,0.017914,unknown,,,,False,False,0.0,0.0,50.0,0.0,0.0,0.0,0.0,0.0,50.0,0.0,0.0,-1,0.0,G1_REGIME,regime='unknown' skipped=None reg_empty=True,-1,0.0,0.0,
XRP/USDT,2088,2026-06-04 21:00:00,long,0.66514,78.87,60.0,1.159,0.01795,unknown,,,,False,False,0.0,0.0,50.0,0.0,0.0,0.0,0.0,0.0,50.0,0.0,0.0,-1,0.0,G1_REGIME,regime='unknown' skipped=None reg_empty=True,-1,0.0,0.0,
XRP/USDT,2089,2026-06-04 22:00:00,long,0.67345,86.06,60.0,1.1695,0.018257,unknown,,,,False,False,0.0,0.0,50.0,0.0,0.0,0.0,0.0,0.0,50.0,0.0,0.0,-1,0.0,G1_REGIME,regime='unknown' skipped=None reg_empty=True,-1,0.0,0.0,
XRP/USDT,2090,2026-06-04 23:00:00,long,0.67828,80.25,60.0,1.1688,0.017586,unknown,,,,False,False,0.0,0.0,50.0,0.0,0.0,0.0,0.0,0.0,50.0,0.0,0.0,-1,0.0,G1_REGIME,regime='unknown' skipped=None reg_empty=True,-1,0.0,0.0,
XRP/USDT,2091,2026-06-05 00:00:00,long,0.68044,79.25,60.0,1.1617,0.017207,unknown,,,,False,False,0.0,0.0,50.0,0.0,0.0,0.0,0.0,0.0,50.0,0.0,0.0,-1,0.0,G1_REGIME,regime='unknown' skipped=None reg_empty=True,-1,0.0,0.0,
XRP/USDT,2092,2026-06-05 01:00:00,long,0.70356,93.56,60.0,1.1573,0.016686,unknown,,,,False,False,0.0,0.0,50.0,0.0,0.0,0.0,0.0,0.0,50.0,0.0,0.0,-1,0.0,G1_REGIME,regime='unknown' skipped=None reg_empty=True,-1,0.0,0.0,
XRP/USDT,2093,2026-06-05 02:00:00,long,0.67537,94.88,60.0,1.1352,0.016086,unknown,,,,False,False,0.0,0.0,50.0,0.0,0.0,0.0,0.0,0.0,50.0,0.0,0.0,-1,0.0,G1_REGIME,regime='unknown' skipped=None reg_empty=True,-1,0.0,0.0,
XRP/USDT,2094,2026-06-05 03:00:00,long,0.66439,91.01,60.0,1.1347,0.015679,unknown,,,,False,False,0.0,0.0,50.0,0.0,0.0,0.0,0.0,0.0,50.0,0.0,0.0,-1,0.0,G1_REGIME,regime='unknown' skipped=None reg_empty=True,-1,0.0,0.0,
XRP/USDT,2095,2026-06-05 04:00:00,long,0.66361,97.24,60.0,1.1479,0.015907,unknown,,,,False,False,0.0,0.0,50.0,0.0,0.0,0.0,0.0,0.0,50.0,0.0,0.0,-1,0.0,G1_REGIME,regime='unknown' skipped=None reg_empty=True,-1,0.0,0.0,
XRP/USDT,2096,2026-06-05 05:00:00,long,0.65904,100.0,60.0,1.1208,0.016771,unknown,,,,False,False,0.0,0.0,50.0,0.0,0.0,0.0,0.0,0.0,50.0,0.0,0.0,-1,0.0,G1_REGIME,regime='unknown' skipped=None reg_empty=True,-1,0.0,0.0,
XRP/USDT,2097,2026-06-05 06:00:00,long,0.66378,100.0,60.0,1.1188,0.018479,unknown,,,,False,False,0.0,0.0,50.0,0.0,0.0,0.0,0.0,0.0,50.0,0.0,0.0,-1,0.0,G1_REGIME,regime='unknown' skipped=None reg_empty=True,-1,0.0,0.0,
XRP/USDT,2098,2026-06-05 07:00:00,long,0.65524,87.67,60.0,1.1364,0.019707,unknown,,,,False,False,0.0,0.0,50.0,0.0,0.0,0.0,0.0,0.0,50.0,0.0,0.0,-1,0.0,G1_REGIME,regime='unknown' skipped=None reg_empty=True,-1,0.0,0.0,
XRP/USDT,2099,2026-06-05 08:00:00,long,0.65919,79.28,60.0,1.1194,0.019679,unknown,,,,False,False,0.0,0.0,50.0,0.0,0.0,0.0,0.0,0.0,50.0,0.0,0.0,-1,0.0,G1_REGIME,regime='unknown' skipped=None reg_empty=True,-1,0.0,0.0,
XRP/USDT,2100,2026-06-05 09:00:00,long,0.66934,85.33,60.0,1.1403,0.020357,unknown,,,,False,False,0.0,0.0,50.0,0.0,0.0,0.0,0.0,0.0,50.0,0.0,0.0,-1,0.0,G1_REGIME,regime='unknown' skipped=None reg_empty=True,-1,0.0,0.0,
XRP/USDT,2101,2026-06-05 10:00:00,long,0.66185,82.32,60.0,1.1362,0.020643,unknown,,,,False,False,0.0,0.0,50.0,0.0,0.0,0.0,0.0,0.0,50.0,0.0,0.0,-1,0.0,G1_REGIME,regime='unknown' skipped=None reg_empty=True,-1,0.0,0.0,
XRP/USDT,2102,2026-06-05 11:00:00,long,0.6649,82.87,60.0,1.1189,0.020279,unknown,,,,False,False,0.0,0.0,50.0,0.0,0.0,0.0,0.0,0.0,50.0,0.0,0.0,-1,0.0,G1_REGIME,regime='unknown' skipped=None reg_empty=True,-1,0.0,0.0,
XRP/USDT,2103,2026-06-05 12:00:00,long,0.65641,83.75,60.0,1.1201,0.020379,unknown,,,,False,False,0.0,0.0,50.0,0.0,0.0,0.0,0.0,0.0,50.0,0.0,0.0,-1,0.0,G1_REGIME,regime='unknown' skipped=None reg_empty=True,-1,0.0,0.0,
XRP/USDT,2104,2026-06-05 13:00:00,long,0.66083,98.45,60.0,1.1022,0.022,unknown,,,,False,False,0.0,0.0,50.0,0.0,0.0,0.0,0.0,0.0,50.0,0.0,0.0,-1,0.0,G1_REGIME,regime='unknown' skipped=None reg_empty=True,-1,0.0,0.0,
XRP/USDT,2105,2026-06-05 14:00:00,long,0.65903,88.9,60.0,1.1068,0.02245,unknown,,,,False,False,0.0,0.0,50.0,0.0,0.0,0.0,0.0,0.0,50.0,0.0,0.0,-1,0.0,G1_REGIME,regime='unknown' skipped=None reg_empty=True,-1,0.0,0.0,
XRP/USDT,2106,2026-06-05 15:00:00,long,0.66186,100.0,60.0,1.0998,0.022964,unknown,,,,False,False,0.0,0.0,50.0,0.0,0.0,0.0,0.0,0.0,50.0,0.0,0.0,-1,0.0,G1_REGIME,regime='unknown' skipped=None reg_empty=True,-1,0.0,0.0,
XRP/USDT,2107,2026-06-05 16:00:00,long,0.66094,90.94,60.0,1.1203,0.024071,unknown,,,,False,False,0.0,0.0,50.0,0.0,0.0,0.0,0.0,0.0,50.0,0.0,0.0,-1,0.0,G1_REGIME,regime='unknown' skipped=None reg_empty=True,-1,0.0,0.0,
XRP/USDT,2108,2026-06-05 17:00:00,long,0.6603,80.59,60.0,1.109,0.02455,unknown,,,,False,False,0.0,0.0,50.0,0.0,0.0,0.0,0.0,0.0,50.0,0.0,0.0,-1,0.0,G1_REGIME,regime='unknown' skipped=None reg_empty=True,-1,0.0,0.0,
XRP/USDT,2109,2026-06-05 18:00:00,long,0.67312,96.18,60.0,1.0835,0.025607,unknown,,,,False,False,0.0,0.0,50.0,0.0,0.0,0.0,0.0,0.0,50.0,0.0,0.0,-1,0.0,G1_REGIME,regime='unknown' skipped=None reg_empty=True,-1,0.0,0.0,
XRP/USDT,2110,2026-06-05 19:00:00,long,0.67076,91.63,60.0,1.0988,0.02605,unknown,,,,False,False,0.0,0.0,50.0,0.0,0.0,0.0,0.0,0.0,50.0,0.0,0.0,-1,0.0,G1_REGIME,regime='unknown' skipped=None reg_empty=True,-1,0.0,0.0,
XRP/USDT,2111,2026-06-05 20:00:00,long,0.66495,85.98,60.0,1.1154,0.025786,unknown,,,,False,False,0.0,0.0,50.0,0.0,0.0,0.0,0.0,0.0,50.0,0.0,0.0,-1,0.0,G1_REGIME,regime='unknown' skipped=None reg_empty=True,-1,0.0,0.0,
XRP/USDT,2112,2026-06-05 21:00:00,long,0.67124,81.51,60.0,1.1117,0.024036,unknown,,,,False,False,0.0,0.0,50.0,0.0,0.0,0.0,0.0,0.0,50.0,0.0,0.0,-1,0.0,G1_REGIME,regime='unknown' skipped=None reg_empty=True,-1,0.0,0.0,
XRP/USDT,2113,2026-06-05 22:00:00,long,0.67433,80.33,60.0,1.1062,0.023729,unknown,,,,False,False,0.0,0.0,50.0,0.0,0.0,0.0,0.0,0.0,50.0,0.0,0.0,-1,0.0,G1_REGIME,regime='unknown' skipped=None reg_empty=True,-1,0.0,0.0,
XRP/USDT,2114,2026-06-05 23:00:00,long,0.66659,78.78,60.0,1.0978,0.024214,unknown,,,,False,False,0.0,0.0,50.0,0.0,0.0,0.0,0.0,0.0,50.0,0.0,0.0,-1,0.0,G1_REGIME,regime='unknown' skipped=None reg_empty=True,-1,0.0,0.0,
XRP/USDT,2115,2026-06-06 00:00:00,long,0.67648,80.13,60.0,1.111,0.0242,unknown,,,,False,False,0.0,0.0,50.0,0.0,0.0,0.0,0.0,0.0,50.0,0.0,0.0,-1,0.0,G1_REGIME,regime='unknown' skipped=None reg_empty=True,-1,0.0,0.0,
XRP/USDT,2116,2026-06-06 01:00:00,long,0.67582,77.21,60.0,1.1012,0.023936,unknown,,,,False,False,0.0,0.0,50.0,0.0,0.0,0.0,0.0,0.0,50.0,0.0,0.0,-1,0.0,G1_REGIME,regime='unknown' skipped=None reg_empty=True,-1,0.0,0.0,
XRP/USDT,2117,2026-06-06 02:00:00,long,0.67236,77.0,60.0,1.0957,0.023564,unknown,,,,False,False,0.0,0.0,50.0,0.0,0.0,0.0,0.0,0.0,50.0,0.0,0.0,-1,0.0,G1_REGIME,regime='unknown' skipped=None reg_empty=True,-1,0.0,0.0,
XRP/USDT,2118,2026-06-06 03:00:00,long,0.66422,77.87,60.0,1.086,0.021843,unknown,,,,False,False,0.0,0.0,50.0,0.0,0.0,0.0,0.0,0.0,50.0,0.0,0.0,-1,0.0,G1_REGIME,regime='unknown' skipped=None reg_empty=True,-1,0.0,0.0,
XRP/USDT,2119,2026-06-06 04:00:00,long,0.67621,97.79,60.0,1.0582,0.023136,unknown,,,,False,False,0.0,0.0,50.0,0.0,0.0,0.0,0.0,0.0,50.0,0.0,0.0,-1,0.0,G1_REGIME,regime='unknown' skipped=None reg_empty=True,-1,0.0,0.0,
XRP/USDT,2120,2026-06-06 05:00:00,long,0.67489,89.68,60.0,1.0894,0.024786,unknown,,,,False,False,0.0,0.0,50.0,0.0,0.0,0.0,0.0,0.0,50.0,0.0,0.0,-1,0.0,G1_REGIME,regime='unknown' skipped=None reg_empty=True,-1,0.0,0.0,
XRP/USDT,2121,2026-06-06 06:00:00,long,0.67545,80.31,60.0,1.0826,0.023414,unknown,,,,False,False,0.0,0.0,50.0,0.0,0.0,0.0,0.0,0.0,50.0,0.0,0.0,-1,0.0,G1_REGIME,regime='unknown' skipped=None reg_empty=True,-1,0.0,0.0,
XRP/USDT,2122,2026-06-06 07:00:00,long,0.6845,81.17,60.0,1.0921,0.023179,unknown,,,,False,False,0.0,0.0,50.0,0.0,0.0,0.0,0.0,0.0,50.0,0.0,0.0,-1,0.0,G1_REGIME,regime='unknown' skipped=None reg_empty=True,-1,0.0,0.0,
XRP/USDT,2123,2026-06-06 08:00:00,long,0.67694,83.25,60.0,1.0991,0.02185,unknown,,,,False,False,0.0,0.0,50.0,0.0,0.0,0.0,0.0,0.0,50.0,0.0,0.0,-1,0.0,G1_REGIME,regime='unknown' skipped=None reg_empty=True,-1,0.0,0.0,
XRP/USDT,2124,2026-06-06 09:00:00,long,0.67882,80.1,60.0,1.0916,0.020379,unknown,,,,False,False,0.0,0.0,50.0,0.0,0.0,0.0,0.0,0.0,50.0,0.0,0.0,-1,0.0,G1_REGIME,regime='unknown' skipped=None reg_empty=True,-1,0.0,0.0,
XRP/USDT,2125,2026-06-06 10:00:00,long,0.67319,81.43,60.0,1.0804,0.019379,unknown,,,,False,False,0.0,0.0,50.0,0.0,0.0,0.0,0.0,0.0,50.0,0.0,0.0,-1,0.0,G1_REGIME,regime='unknown' skipped=None reg_empty=True,-1,0.0,0.0,
XRP/USDT,2126,2026-06-06 11:00:00,long,0.67047,79.32,60.0,1.0876,0.01945,unknown,,,,False,False,0.0,0.0,50.0,0.0,0.0,0.0,0.0,0.0,50.0,0.0,0.0,-1,0.0,G1_REGIME,regime='unknown' skipped=None reg_empty=True,-1,0.0,0.0,
XRP/USDT,2127,2026-06-06 12:00:00,long,0.68337,86.08,60.0,1.0964,0.01965,unknown,,,,False,False,0.0,0.0,50.0,0.0,0.0,0.0,0.0,0.0,50.0,0.0,0.0,-1,0.0,G1_REGIME,regime='unknown' skipped=None reg_empty=True,-1,0.0,0.0,
XRP/USDT,2128,2026-06-06 13:00:00,long,0.68365,82.85,60.0,1.0983,0.018386,unknown,,,,False,False,0.0,0.0,50.0,0.0,0.0,0.0,0.0,0.0,50.0,0.0,0.0,-1,0.0,G1_REGIME,regime='unknown' skipped=None reg_empty=True,-1,0.0,0.0,
XRP/USDT,2129,2026-06-06 14:00:00,long,0.67095,88.42,60.0,1.1031,0.018186,unknown,,,,False,False,0.0,0.0,50.0,0.0,0.0,0.0,0.0,0.0,50.0,0.0,0.0,-1,0.0,G1_REGIME,regime='unknown' skipped=None reg_empty=True,-1,0.0,0.0,
XRP/USDT,2130,2026-06-06 15:00:00,long,0.69121,86.77,60.0,1.0962,0.018429,unknown,,,,False,False,0.0,0.0,50.0,0.0,0.0,0.0,0.0,0.0,50.0,0.0,0.0,-1,0.0,G1_REGIME,regime='unknown' skipped=None reg_empty=True,-1,0.0,0.0,
XRP/USDT,2131,2026-06-06 16:00:00,long,0.69374,85.21,60.0,1.0955,0.018614,unknown,,,,False,False,0.0,0.0,50.0,0.0,0.0,0.0,0.0,0.0,50.0,0.0,0.0,-1,0.0,G1_REGIME,regime='unknown' skipped=None reg_empty=True,-1,0.0,0.0,
XRP/USDT,2132,2026-06-06 17:00:00,long,0.68639,82.13,60.0,1.0827,0.01895,unknown,,,,False,False,0.0,0.0,50.0,0.0,0.0,0.0,0.0,0.0,50.0,0.0,0.0,-1,0.0,G1_REGIME,regime='unknown' skipped=None reg_empty=True,-1,0.0,0.0,
XRP/USDT,2133,2026-06-06 18:00:00,long,0.69416,81.64,60.0,1.0849,0.016871,unknown,,,,False,False,0.0,0.0,50.0,0.0,0.0,0.0,0.0,0.0,50.0,0.0,0.0,-1,0.0,G1_REGIME,regime='unknown' skipped=None reg_empty=True,-1,0.0,0.0,
XRP/USDT,2134,2026-06-06 19:00:00,long,0.69595,76.42,60.0,1.0808,0.014607,unknown,,,,False,False,0.0,0.0,50.0,0.0,0.0,0.0,0.0,0.0,50.0,0.0,0.0,-1,0.0,G1_REGIME,regime='unknown' skipped=None reg_empty=True,-1,0.0,0.0,
XRP/USDT,2135,2026-06-06 20:00:00,long,0.69099,78.58,60.0,1.085,0.013771,unknown,,,,False,False,0.0,0.0,50.0,0.0,0.0,0.0,0.0,0.0,50.0,0.0,0.0,-1,0.0,G1_REGIME,regime='unknown' skipped=None reg_empty=True,-1,0.0,0.0,
XRP/USDT,2136,2026-06-06 21:00:00,long,0.70163,78.41,60.0,1.088,0.013157,unknown,,,,False,False,0.0,0.0,50.0,0.0,0.0,0.0,0.0,0.0,50.0,0.0,0.0,-1,0.0,G1_REGIME,regime='unknown' skipped=None reg_empty=True,-1,0.0,0.0,
XRP/USDT,2137,2026-06-06 22:00:00,long,0.68694,75.05,60.0,1.0866,0.012707,unknown,,,,False,False,0.0,0.0,50.0,0.0,0.0,0.0,0.0,0.0,50.0,0.0,0.0,-1,0.0,G1_REGIME,regime='unknown' skipped=None reg_empty=True,-1,0.0,0.0,
XRP/USDT,2138,2026-06-06 23:00:00,long,0.70341,81.22,60.0,1.0934,0.012321,unknown,,,,False,False,0.0,0.0,50.0,0.0,0.0,0.0,0.0,0.0,50.0,0.0,0.0,-1,0.0,G1_REGIME,regime='unknown' skipped=None reg_empty=True,-1,0.0,0.0,
XRP/USDT,2139,2026-06-07 00:00:00,long,0.70287,81.15,60.0,1.0892,0.011571,unknown,,,,False,False,0.0,0.0,50.0,0.0,0.0,0.0,0.0,0.0,50.0,0.0,0.0,-1,0.0,G1_REGIME,regime='unknown' skipped=None reg_empty=True,-1,0.0,0.0,
XRP/USDT,2140,2026-06-07 01:00:00,long,0.67621,66.45,60.0,1.1163,0.013121,unknown,,,,False,False,0.0,0.0,50.0,0.0,0.0,0.0,0.0,0.0,50.0,0.0,0.0,-1,0.0,G1_REGIME,regime='unknown' skipped=None reg_empty=True,-1,0.0,0.0,
XRP/USDT,2141,2026-06-07 02:00:00,long,0.67485,58.23,60.0,1.1192,0.012993,unknown,,,,False,False,0.0,0.0,50.0,0.0,0.0,0.0,0.0,0.0,50.0,0.0,0.0,-1,0.0,G1_REGIME,regime='unknown' skipped=None reg_empty=True,-1,0.0,0.0,
XRP/USDT,2142,2026-06-07 03:00:00,long,0.71136,58.69,60.0,1.1185,0.012914,unknown,,,,False,False,0.0,0.0,50.0,0.0,0.0,0.0,0.0,0.0,50.0,0.0,0.0,-1,0.0,G1_REGIME,regime='unknown' skipped=None reg_empty=True,-1,0.0,0.0,
XRP/USDT,2143,2026-06-07 04:00:00,long,0.71155,58.4,60.0,1.1214,0.012886,unknown,,,,False,False,0.0,0.0,50.0,0.0,0.0,0.0,0.0,0.0,50.0,0.0,0.0,-1,0.0,G1_REGIME,regime='unknown' skipped=None reg_empty=True,-1,0.0,0.0,
XRP/USDT,2144,2026-06-07 05:00:00,long,0.66286,58.21,60.0,1.1201,0.0122,unknown,,,,False,False,0.0,0.0,50.0,0.0,0.0,0.0,0.0,0.0,50.0,0.0,0.0,-1,0.0,G1_REGIME,regime='unknown' skipped=None reg_empty=True,-1,0.0,0.0,
XRP/USDT,2145,2026-06-07 06:00:00,long,0.65982,60.67,60.0,1.1258,0.01215,unknown,,,,False,False,0.0,0.0,50.0,0.0,0.0,0.0,0.0,0.0,50.0,0.0,0.0,-1,0.0,G1_REGIME,regime='unknown' skipped=None reg_empty=True,-1,0.0,0.0,
XRP/USDT,2146,2026-06-07 07:00:00,long,0.66669,56.26,60.0,1.1371,0.012029,unknown,,,,False,False,0.0,0.0,50.0,0.0,0.0,0.0,0.0,0.0,50.0,0.0,0.0,-1,0.0,G1_REGIME,regime='unknown' skipped=None reg_empty=True,-1,0.0,0.0,
XRP/USDT,2147,2026-06-07 08:00:00,long,0.66151,90.42,60.0,1.1555,0.013193,unknown,,,,False,False,0.0,0.0,50.0,0.0,0.0,0.0,0.0,0.0,50.0,0.0,0.0,-1,0.0,G1_REGIME,regime='unknown' skipped=None reg_empty=True,-1,0.0,0.0,
XRP/USDT,2148,2026-06-07 09:00:00,long,0.6852,90.93,60.0,1.1461,0.014279,unknown,,,,False,False,0.0,0.0,50.0,0.0,0.0,0.0,0.0,0.0,50.0,0.0,0.0,-1,0.0,G1_REGIME,regime='unknown' skipped=None reg_empty=True,-1,0.0,0.0,
XRP/USDT,2149,2026-06-07 10:00:00,long,0.67082,79.13,60.0,1.1352,0.014743,unknown,,,,False,False,0.0,0.0,50.0,0.0,0.0,0.0,0.0,0.0,50.0,0.0,0.0,-1,0.0,G1_REGIME,regime='unknown' skipped=None reg_empty=True,-1,0.0,0.0,
XRP/USDT,2150,2026-06-07 11:00:00,long,0.65914,78.37,60.0,1.1403,0.014636,unknown,,,,False,False,0.0,0.0,50.0,0.0,0.0,0.0,0.0,0.0,50.0,0.0,0.0,-1,0.0,G1_REGIME,regime='unknown' skipped=None reg_empty=True,-1,0.0,0.0,
XRP/USDT,2151,2026-06-07 12:00:00,long,0.68818,93.99,60.0,1.1237,0.015629,unknown,,,,False,False,0.0,0.0,50.0,0.0,0.0,0.0,0.0,0.0,50.0,0.0,0.0,-1,0.0,G1_REGIME,regime='unknown' skipped=None reg_empty=True,-1,0.0,0.0,
XRP/USDT,2152,2026-06-07 13:00:00,long,0.68652,84.97,60.0,1.1222,0.015286,unknown,,,,False,False,0.0,0.0,50.0,0.0,0.0,0.0,0.0,0.0,50.0,0.0,0.0,-1,0.0,G1_REGIME,regime='unknown' skipped=None reg_empty=True,-1,0.0,0.0,
XRP/USDT,2153,2026-06-07 14:00:00,long,0.66769,89.18,60.0,1.1333,0.015771,unknown,,,,False,False,0.0,0.0,50.0,0.0,0.0,0.0,0.0,0.0,50.0,0.0,0.0,-1,0.0,G1_REGIME,regime='unknown' skipped=None reg_empty=True,-1,0.0,0.0,
XRP/USDT,2154,2026-06-07 15:00:00,long,0.64644,85.32,60.0,1.1339,0.014107,unknown,,,,False,False,0.0,0.0,50.0,0.0,0.0,0.0,0.0,0.0,50.0,0.0,0.0,-1,0.0,G1_REGIME,regime='unknown' skipped=None reg_empty=True,-1,0.0,0.0,
XRP/USDT,2155,2026-06-07 16:00:00,long,0.64919,84.35,60.0,1.138,0.013571,unknown,,,,False,False,0.0,0.0,50.0,0.0,0.0,0.0,0.0,0.0,50.0,0.0,0.0,-1,0.0,G1_REGIME,regime='unknown' skipped=None reg_empty=True,-1,0.0,0.0,
XRP/USDT,2156,2026-06-07 17:00:00,long,0.65739,86.82,60.0,1.1444,0.013579,unknown,,,,False,False,0.0,0.0,50.0,0.0,0.0,0.0,0.0,0.0,50.0,0.0,0.0,-1,0.0,G1_REGIME,regime='unknown' skipped=None reg_empty=True,-1,0.0,0.0,
XRP/USDT,2157,2026-06-07 18:00:00,long,0.65894,84.56,60.0,1.1412,0.013471,unknown,,,,False,False,0.0,0.0,50.0,0.0,0.0,0.0,0.0,0.0,50.0,0.0,0.0,-1,0.0,G1_REGIME,regime='unknown' skipped=None reg_empty=True,-1,0.0,0.0,
XRP/USDT,2158,2026-06-07 19:00:00,long,0.65722,89.83,60.0,1.1247,0.014464,unknown,,,,False,False,0.0,0.0,50.0,0.0,0.0,0.0,0.0,0.0,50.0,0.0,0.0,-1,0.0,G1_REGIME,regime='unknown' skipped=None reg_empty=True,-1,0.0,0.0,
XRP/USDT,2159,2026-06-07 20:00:00,long,0.65472,83.23,60.0,1.1325,0.014557,unknown,,,,False,False,0.0,0.0,50.0,0.0,0.0,0.0,0.0,0.0,50.0,0.0,0.0,-1,0.0,G1_REGIME,regime='unknown' skipped=None reg_empty=True,-1,0.0,0.0,
XRP/USDT,2160,2026-06-07 21:00:00,long,0.64322,79.61,60.0,1.1304,0.014064,unknown,,,,False,False,0.0,0.0,50.0,0.0,0.0,0.0,0.0,0.0,50.0,0.0,0.0,-1,0.0,G1_REGIME,regime='unknown' skipped=None reg_empty=True,-1,0.0,0.0,
XRP/USDT,2161,2026-06-07 22:00:00,long,0.62498,97.92,60.0,1.1535,0.015336,unknown,,,,False,False,0.0,0.0,50.0,0.0,0.0,0.0,0.0,0.0,50.0,0.0,0.0,-1,0.0,G1_REGIME,regime='unknown' skipped=None reg_empty=True,-1,0.0,0.0,
XRP/USDT,2162,2026-06-07 23:00:00,long,0.62506,77.88,60.0,1.1556,0.014271,unknown,,,,False,False,0.0,0.0,50.0,0.0,0.0,0.0,0.0,0.0,50.0,0.0,0.0,-1,0.0,G1_REGIME,regime='unknown' skipped=None reg_empty=True,-1,0.0,0.0,
XRP/USDT,2163,2026-06-08 00:00:00,long,0.65417,82.59,60.0,1.1633,0.014579,unknown,,,,False,False,0.0,0.0,50.0,0.0,0.0,0.0,0.0,0.0,50.0,0.0,0.0,-1,0.0,G1_REGIME,regime='unknown' skipped=None reg_empty=True,-1,0.0,0.0,
XRP/USDT,2164,2026-06-08 01:00:00,long,0.65965,81.91,60.0,1.1573,0.015614,unknown,,,,False,False,0.0,0.0,50.0,0.0,0.0,0.0,0.0,0.0,50.0,0.0,0.0,-1,0.0,G1_REGIME,regime='unknown' skipped=None reg_empty=True,-1,0.0,0.0,
XRP/USDT,2165,2026-06-08 02:00:00,long,0.65884,78.58,60.0,1.1567,0.014714,unknown,,,,False,False,0.0,0.0,50.0,0.0,0.0,0.0,0.0,0.0,50.0,0.0,0.0,-1,0.0,G1_REGIME,regime='unknown' skipped=None reg_empty=True,-1,0.0,0.0,
XRP/USDT,2166,2026-06-08 03:00:00,long,0.66056,85.87,60.0,1.1517,0.015279,unknown,,,,False,False,0.0,0.0,50.0,0.0,0.0,0.0,0.0,0.0,50.0,0.0,0.0,-1,0.0,G1_REGIME,regime='unknown' skipped=None reg_empty=True,-1,0.0,0.0,
XRP/USDT,2167,2026-06-08 04:00:00,long,0.67127,87.42,60.0,1.1402,0.01515,unknown,,,,False,False,0.0,0.0,50.0,0.0,0.0,0.0,0.0,0.0,50.0,0.0,0.0,-1,0.0,G1_REGIME,regime='unknown' skipped=None reg_empty=True,-1,0.0,0.0,
XRP/USDT,2168,2026-06-08 05:00:00,long,0.67265,85.92,60.0,1.1365,0.015379,unknown,,,,False,False,0.0,0.0,50.0,0.0,0.0,0.0,0.0,0.0,50.0,0.0,0.0,-1,0.0,G1_REGIME,regime='unknown' skipped=None reg_empty=True,-1,0.0,0.0,
XRP/USDT,2169,2026-06-08 06:00:00,long,0.6744,63.3,60.0,1.1411,0.015271,unknown,,,,False,False,0.0,0.0,50.0,0.0,0.0,0.0,0.0,0.0,50.0,0.0,0.0,-1,0.0,G1_REGIME,regime='unknown' skipped=None reg_empty=True,-1,0.0,0.0,
XRP/USDT,2170,2026-06-08 07:00:00,long,0.66195,65.26,60.0,1.1479,0.015507,unknown,,,,False,False,0.0,0.0,50.0,0.0,0.0,0.0,0.0,0.0,50.0,0.0,0.0,-1,0.0,G1_REGIME,regime='unknown' skipped=None reg_empty=True,-1,0.0,0.0,
XRP/USDT,2171,2026-06-08 08:00:00,long,0.66759,62.63,60.0,1.1397,0.015607,unknown,,,,False,False,0.0,0.0,50.0,0.0,0.0,0.0,0.0,0.0,50.0,0.0,0.0,-1,0.0,G1_REGIME,regime='unknown' skipped=None reg_empty=True,-1,0.0,0.0,
XRP/USDT,2172,2026-06-08 09:00:00,long,0.6423,67.72,60.0,1.1501,0.0148,unknown,,,,False,False,0.0,0.0,50.0,0.0,0.0,0.0,0.0,0.0,50.0,0.0,0.0,-1,0.0,G1_REGIME,regime='unknown' skipped=None reg_empty=True,-1,0.0,0.0,
XRP/USDT,2173,2026-06-08 10:00:00,long,0.64091,68.24,60.0,1.145,0.014407,unknown,,,,False,False,0.0,0.0,50.0,0.0,0.0,0.0,0.0,0.0,50.0,0.0,0.0,-1,0.0,G1_REGIME,regime='unknown' skipped=None reg_empty=True,-1,0.0,0.0,
XRP/USDT,2174,2026-06-08 11:00:00,long,0.63257,66.08,60.0,1.1578,0.015386,unknown,,,,False,False,0.0,0.0,50.0,0.0,0.0,0.0,0.0,0.0,50.0,0.0,0.0,-1,0.0,G1_REGIME,regime='unknown' skipped=None reg_empty=True,-1,0.0,0.0,
XRP/USDT,2175,2026-06-08 12:00:00,long,0.62459,77.33,60.0,1.1701,0.013971,unknown,,,,False,False,0.0,0.0,50.0,0.0,0.0,0.0,0.0,0.0,50.0,0.0,0.0,-1,0.0,G1_REGIME,regime='unknown' skipped=None reg_empty=True,-1,0.0,0.0,
XRP/USDT,2176,2026-06-08 13:00:00,long,0.63755,62.71,60.0,1.1625,0.01435,unknown,,,,False,False,0.0,0.0,50.0,0.0,0.0,0.0,0.0,0.0,50.0,0.0,0.0,-1,0.0,G1_REGIME,regime='unknown' skipped=None reg_empty=True,-1,0.0,0.0,
XRP/USDT,2177,2026-06-08 14:00:00,long,0.63701,63.84,60.0,1.1728,0.014279,unknown,,,,False,False,0.0,0.0,50.0,0.0,0.0,0.0,0.0,0.0,50.0,0.0,0.0,-1,0.0,G1_REGIME,regime='unknown' skipped=None reg_empty=True,-1,0.0,0.0,
XRP/USDT,2178,2026-06-08 15:00:00,long,0.64649,66.26,60.0,1.1711,0.013807,unknown,,,,False,False,0.0,0.0,50.0,0.0,0.0,0.0,0.0,0.0,50.0,0.0,0.0,-1,0.0,G1_REGIME,regime='unknown' skipped=None reg_empty=True,-1,0.0,0.0,
XRP/USDT,2179,2026-06-08 16:00:00,long,0.63991,66.32,60.0,1.1648,0.014079,unknown,,,,False,False,0.0,0.0,50.0,0.0,0.0,0.0,0.0,0.0,50.0,0.0,0.0,-1,0.0,G1_REGIME,regime='unknown' skipped=None reg_empty=True,-1,0.0,0.0,
XRP/USDT,2180,2026-06-08 17:00:00,long,0.64126,58.47,60.0,1.1728,0.014264,unknown,,,,False,False,0.0,0.0,50.0,0.0,0.0,0.0,0.0,0.0,50.0,0.0,0.0,-1,0.0,G1_REGIME,regime='unknown' skipped=None reg_empty=True,-1,0.0,0.0,
XRP/USDT,2181,2026-06-08 18:00:00,long,0.66736,57.93,60.0,1.1746,0.013914,unknown,,,,False,False,0.0,0.0,50.0,0.0,0.0,0.0,0.0,0.0,50.0,0.0,0.0,-1,0.0,G1_REGIME,regime='unknown' skipped=None reg_empty=True,-1,0.0,0.0,
XRP/USDT,2182,2026-06-08 19:00:00,long,0.67637,72.93,60.0,1.1798,0.014021,unknown,,,,False,False,0.0,0.0,50.0,0.0,0.0,0.0,0.0,0.0,50.0,0.0,0.0,-1,0.0,G1_REGIME,regime='unknown' skipped=None reg_empty=True,-1,0.0,0.0,
XRP/USDT,2183,2026-06-08 20:00:00,long,0.66504,78.71,60.0,1.1773,0.014407,unknown,,,,False,False,0.0,0.0,50.0,0.0,0.0,0.0,0.0,0.0,50.0,0.0,0.0,-1,0.0,G1_REGIME,regime='unknown' skipped=None reg_empty=True,-1,0.0,0.0,
XRP/USDT,2184,2026-06-08 21:00:00,long,0.65653,78.58,60.0,1.1808,0.014136,unknown,,,,False,False,0.0,0.0,50.0,0.0,0.0,0.0,0.0,0.0,50.0,0.0,0.0,-1,0.0,G1_REGIME,regime='unknown' skipped=None reg_empty=True,-1,0.0,0.0,
XRP/USDT,2185,2026-06-08 22:00:00,long,0.66353,63.96,60.0,1.1777,0.013936,unknown,,,,False,False,0.0,0.0,50.0,0.0,0.0,0.0,0.0,0.0,50.0,0.0,0.0,-1,0.0,G1_REGIME,regime='unknown' skipped=None reg_empty=True,-1,0.0,0.0,
XRP/USDT,2186,2026-06-08 23:00:00,long,0.64298,84.07,60.0,1.1683,0.014279,unknown,,,,False,False,0.0,0.0,50.0,0.0,0.0,0.0,0.0,0.0,50.0,0.0,0.0,-1,0.0,G1_REGIME,regime='unknown' skipped=None reg_empty=True,-1,0.0,0.0,
XRP/USDT,2187,2026-06-09 00:00:00,long,0.52596,88.82,60.0,1.1528,0.015,unknown,,,,False,False,0.0,0.0,50.0,0.0,0.0,0.0,0.0,0.0,50.0,0.0,0.0,-1,0.0,G1_REGIME,regime='unknown' skipped=None reg_empty=True,-1,0.0,0.0,
XRP/USDT,2188,2026-06-09 01:00:00,long,0.52078,76.57,60.0,1.151,0.013979,unknown,,,,False,False,0.0,0.0,50.0,0.0,0.0,0.0,0.0,0.0,50.0,0.0,0.0,-1,0.0,G1_REGIME,regime='unknown' skipped=None reg_empty=True,-1,0.0,0.0,
XRP/USDT,2189,2026-06-09 02:00:00,long,0.51991,77.1,60.0,1.1527,0.013086,unknown,,,,False,False,0.0,0.0,50.0,0.0,0.0,0.0,0.0,0.0,50.0,0.0,0.0,-1,0.0,G1_REGIME,regime='unknown' skipped=None reg_empty=True,-1,0.0,0.0,
XRP/USDT,2190,2026-06-09 03:00:00,long,0.51862,70.76,60.0,1.1548,0.012421,unknown,,,,False,False,0.0,0.0,50.0,0.0,0.0,0.0,0.0,0.0,50.0,0.0,0.0,-1,0.0,G1_REGIME,regime='unknown' skipped=None reg_empty=True,-1,0.0,0.0,
XRP/USDT,2191,2026-06-09 04:00:00,long,0.50146,81.97,60.0,1.1666,0.0127,unknown,,,,False,False,0.0,0.0,50.0,0.0,0.0,0.0,0.0,0.0,50.0,0.0,0.0,-1,0.0,G1_REGIME,regime='unknown' skipped=None reg_empty=True,-1,0.0,0.0,
XRP/USDT,2192,2026-06-09 05:00:00,long,0.51594,70.77,60.0,1.173,0.01255,unknown,,,,False,False,0.0,0.0,50.0,0.0,0.0,0.0,0.0,0.0,50.0,0.0,0.0,-1,0.0,G1_REGIME,regime='unknown' skipped=None reg_empty=True,-1,0.0,0.0,
XRP/USDT,2193,2026-06-09 06:00:00,long,0.51032,67.23,60.0,1.1726,0.012007,unknown,,,,False,False,0.0,0.0,50.0,0.0,0.0,0.0,0.0,0.0,50.0,0.0,0.0,-1,0.0,G1_REGIME,regime='unknown' skipped=None reg_empty=True,-1,0.0,0.0,
XRP/USDT,2194,2026-06-09 07:00:00,long,0.50541,68.37,60.0,1.1714,0.011679,unknown,,,,False,False,0.0,0.0,50.0,0.0,0.0,0.0,0.0,0.0,50.0,0.0,0.0,-1,0.0,G1_REGIME,regime='unknown' skipped=None reg_empty=True,-1,0.0,0.0,
XRP/USDT,2195,2026-06-09 08:00:00,long,0.50863,53.75,60.0,1.1675,0.011629,unknown,,,,False,False,0.0,0.0,50.0,0.0,0.0,0.0,0.0,0.0,50.0,0.0,0.0,-1,0.0,G1_REGIME,regime='unknown' skipped=None reg_empty=True,-1,0.0,0.0,
XRP/USDT,2196,2026-06-09 09:00:00,long,0.50606,52.36,60.0,1.1596,0.011529,unknown,,,,False,False,0.0,0.0,50.0,0.0,0.0,0.0,0.0,0.0,50.0,0.0,0.0,-1,0.0,G1_REGIME,regime='unknown' skipped=None reg_empty=True,-1,0.0,0.0,
XRP/USDT,2197,2026-06-09 10:00:00,short,0.50716,47.65,60.0,1.1592,0.011057,unknown,,,,False,False,0.0,0.0,50.0,0.0,0.0,0.0,0.0,0.0,50.0,0.0,0.0,-1,0.0,G1_REGIME,regime='unknown' skipped=None reg_empty=True,-1,0.0,0.0,
XRP/USDT,2198,2026-06-09 11:00:00,long,0.5055,60.11,60.0,1.1554,0.010871,unknown,,,,False,False,0.0,0.0,50.0,0.0,0.0,0.0,0.0,0.0,50.0,0.0,0.0,-1,0.0,G1_REGIME,regime='unknown' skipped=None reg_empty=True,-1,0.0,0.0,
XRP/USDT,2199,2026-06-09 12:00:00,long,0.51032,59.61,60.0,1.1631,0.010907,unknown,,,,False,False,0.0,0.0,50.0,0.0,0.0,0.0,0.0,0.0,50.0,0.0,0.0,-1,0.0,G1_REGIME,regime='unknown' skipped=None reg_empty=True,-1,0.0,0.0,
XRP/USDT,2200,2026-06-09 13:00:00,long,0.51673,69.14,60.0,1.1578,0.010693,unknown,,,,False,False,0.0,0.0,50.0,0.0,0.0,0.0,0.0,0.0,50.0,0.0,0.0,-1,0.0,G1_REGIME,regime='unknown' skipped=None reg_empty=True,-1,0.0,0.0,
XRP/USDT,2201,2026-06-09 14:00:00,long,0.55771,84.59,60.0,1.1373,0.011414,unknown,,,,False,False,0.0,0.0,50.0,0.0,0.0,0.0,0.0,0.0,50.0,0.0,0.0,-1,0.0,G1_REGIME,regime='unknown' skipped=None reg_empty=True,-1,0.0,0.0,
XRP/USDT,2202,2026-06-09 15:00:00,long,0.56745,81.74,60.0,1.1277,0.01195,unknown,,,,False,False,0.0,0.0,50.0,0.0,0.0,0.0,0.0,0.0,50.0,0.0,0.0,-1,0.0,G1_REGIME,regime='unknown' skipped=None reg_empty=True,-1,0.0,0.0,
XRP/USDT,2203,2026-06-09 16:00:00,long,0.57361,69.49,60.0,1.128,0.012079,unknown,,,,False,False,0.0,0.0,50.0,0.0,0.0,0.0,0.0,0.0,50.0,0.0,0.0,-1,0.0,G1_REGIME,regime='unknown' skipped=None reg_empty=True,-1,0.0,0.0,
XRP/USDT,2204,2026-06-09 17:00:00,long,0.5641,62.1,60.0,1.1384,0.013057,unknown,,,,False,False,0.0,0.0,50.0,0.0,0.0,0.0,0.0,0.0,50.0,0.0,0.0,-1,0.0,G1_REGIME,regime='unknown' skipped=None reg_empty=True,-1,0.0,0.0,
XRP/USDT,2205,2026-06-09 18:00:00,long,0.55666,51.67,60.0,1.139,0.01225,unknown,,,,False,False,0.0,0.0,50.0,0.0,0.0,0.0,0.0,0.0,50.0,0.0,0.0,-1,0.0,G1_REGIME,regime='unknown' skipped=None reg_empty=True,-1,0.0,0.0,
XRP/USDT,2206,2026-06-09 19:00:00,long,0.56036,52.88,60.0,1.1402,0.011907,unknown,,,,False,False,0.0,0.0,50.0,0.0,0.0,0.0,0.0,0.0,50.0,0.0,0.0,-1,0.0,G1_REGIME,regime='unknown' skipped=None reg_empty=True,-1,0.0,0.0,
XRP/USDT,2207,2026-06-09 20:00:00,long,0.55432,71.77,60.0,1.1439,0.011979,unknown,,,,False,False,0.0,0.0,50.0,0.0,0.0,0.0,0.0,0.0,50.0,0.0,0.0,-1,0.0,G1_REGIME,regime='unknown' skipped=None reg_empty=True,-1,0.0,0.0,
XRP/USDT,2208,2026-06-09 21:00:00,long,0.55978,70.55,60.0,1.1371,0.01195,unknown,,,,False,False,0.0,0.0,50.0,0.0,0.0,0.0,0.0,0.0,50.0,0.0,0.0,-1,0.0,G1_REGIME,regime='unknown' skipped=None reg_empty=True,-1,0.0,0.0,
XRP/USDT,2209,2026-06-09 22:00:00,long,0.55677,80.51,60.0,1.1356,0.011921,unknown,,,,False,False,0.0,0.0,50.0,0.0,0.0,0.0,0.0,0.0,50.0,0.0,0.0,-1,0.0,G1_REGIME,regime='unknown' skipped=None reg_empty=True,-1,0.0,0.0,
XRP/USDT,2210,2026-06-09 23:00:00,long,0.55116,71.09,60.0,1.1375,0.0115,unknown,,,,False,False,0.0,0.0,50.0,0.0,0.0,0.0,0.0,0.0,50.0,0.0,0.0,-1,0.0,G1_REGIME,regime='unknown' skipped=None reg_empty=True,-1,0.0,0.0,
XRP/USDT,2211,2026-06-10 00:00:00,long,0.55918,74.2,60.0,1.137,0.012064,unknown,,,,False,False,0.0,0.0,50.0,0.0,0.0,0.0,0.0,0.0,50.0,0.0,0.0,-1,0.0,G1_REGIME,regime='unknown' skipped=None reg_empty=True,-1,0.0,0.0,
XRP/USDT,2212,2026-06-10 01:00:00,long,0.56737,86.01,60.0,1.1291,0.012307,unknown,,,,False,False,0.0,0.0,50.0,0.0,0.0,0.0,0.0,0.0,50.0,0.0,0.0,-1,0.0,G1_REGIME,regime='unknown' skipped=None reg_empty=True,-1,0.0,0.0,
XRP/USDT,2213,2026-06-10 02:00:00,long,0.60567,87.1,60.0,1.1174,0.01275,unknown,,,,False,False,0.0,0.0,50.0,0.0,0.0,0.0,0.0,0.0,50.0,0.0,0.0,-1,0.0,G1_REGIME,regime='unknown' skipped=None reg_empty=True,-1,0.0,0.0,
XRP/USDT,2214,2026-06-10 03:00:00,long,0.60712,85.93,60.0,1.1191,0.012386,unknown,,,,False,False,0.0,0.0,50.0,0.0,0.0,0.0,0.0,0.0,50.0,0.0,0.0,-1,0.0,G1_REGIME,regime='unknown' skipped=None reg_empty=True,-1,0.0,0.0,
XRP/USDT,2215,2026-06-10 04:00:00,long,0.61254,80.75,60.0,1.116,0.010929,unknown,,,,False,False,0.0,0.0,50.0,0.0,0.0,0.0,0.0,0.0,50.0,0.0,0.0,-1,0.0,G1_REGIME,regime='unknown' skipped=None reg_empty=True,-1,0.0,0.0,
XRP/USDT,2216,2026-06-10 05:00:00,long,0.64672,85.69,60.0,1.1119,0.0104,unknown,,,,False,False,0.0,0.0,50.0,0.0,0.0,0.0,0.0,0.0,50.0,0.0,0.0,-1,0.0,G1_REGIME,regime='unknown' skipped=None reg_empty=True,-1,0.0,0.0,
XRP/USDT,2217,2026-06-10 06:00:00,long,0.64555,87.29,60.0,1.1118,0.01005,unknown,,,,False,False,0.0,0.0,50.0,0.0,0.0,0.0,0.0,0.0,50.0,0.0,0.0,-1,0.0,G1_REGIME,regime='unknown' skipped=None reg_empty=True,-1,0.0,0.0,
XRP/USDT,2218,2026-06-10 07:00:00,long,0.59865,85.96,60.0,1.1166,0.009243,unknown,,,,False,False,0.0,0.0,50.0,0.0,0.0,0.0,0.0,0.0,50.0,0.0,0.0,-1,0.0,G1_REGIME,regime='unknown' skipped=None reg_empty=True,-1,0.0,0.0,
XRP/USDT,2219,2026-06-10 08:00:00,long,0.62532,84.97,60.0,1.1076,0.009329,unknown,,,,False,False,0.0,0.0,50.0,0.0,0.0,0.0,0.0,0.0,50.0,0.0,0.0,-1,0.0,G1_REGIME,regime='unknown' skipped=None reg_empty=True,-1,0.0,0.0,
XRP/USDT,2220,2026-06-10 09:00:00,long,0.65124,87.28,60.0,1.1098,0.009471,unknown,,,,False,False,0.0,0.0,50.0,0.0,0.0,0.0,0.0,0.0,50.0,0.0,0.0,-1,0.0,G1_REGIME,regime='unknown' skipped=None reg_empty=True,-1,0.0,0.0,
XRP/USDT,2221,2026-06-10 10:00:00,long,0.65334,82.76,60.0,1.111,0.009429,unknown,,,,False,False,0.0,0.0,50.0,0.0,0.0,0.0,0.0,0.0,50.0,0.0,0.0,-1,0.0,G1_REGIME,regime='unknown' skipped=None reg_empty=True,-1,0.0,0.0,
XRP/USDT,2222,2026-06-10 11:00:00,long,0.65436,88.24,60.0,1.1043,0.009429,unknown,,,,False,False,0.0,0.0,50.0,0.0,0.0,0.0,0.0,0.0,50.0,0.0,0.0,-1,0.0,G1_REGIME,regime='unknown' skipped=None reg_empty=True,-1,0.0,0.0,
XRP/USDT,2223,2026-06-10 12:00:00,long,0.59295,97.82,60.0,1.1179,0.010507,unknown,,,,False,False,0.0,0.0,50.0,0.0,0.0,0.0,0.0,0.0,50.0,0.0,0.0,-1,0.0,G1_REGIME,regime='unknown' skipped=None reg_empty=True,-1,0.0,0.0,
XRP/USDT,2224,2026-06-10 13:00:00,long,0.54646,99.86,60.0,1.1302,0.01165,unknown,,,,False,False,0.0,0.0,50.0,0.0,0.0,0.0,0.0,0.0,50.0,0.0,0.0,-1,0.0,G1_REGIME,regime='unknown' skipped=None reg_empty=True,-1,0.0,0.0,
XRP/USDT,2225,2026-06-10 14:00:00,long,0.55047,82.68,60.0,1.1248,0.011536,unknown,,,,False,False,0.0,0.0,50.0,0.0,0.0,0.0,0.0,0.0,50.0,0.0,0.0,-1,0.0,G1_REGIME,regime='unknown' skipped=None reg_empty=True,-1,0.0,0.0,
XRP/USDT,2226,2026-06-10 15:00:00,long,0.56082,87.67,60.0,1.1287,0.011893,unknown,,,,False,False,0.0,0.0,50.0,0.0,0.0,0.0,0.0,0.0,50.0,0.0,0.0,-1,0.0,G1_REGIME,regime='unknown' skipped=None reg_empty=True,-1,0.0,0.0,
XRP/USDT,2227,2026-06-10 16:00:00,long,0.5888,92.76,60.0,1.114,0.012329,unknown,,,,False,False,0.0,0.0,50.0,0.0,0.0,0.0,0.0,0.0,50.0,0.0,0.0,-1,0.0,G1_REGIME,regime='unknown' skipped=None reg_empty=True,-1,0.0,0.0,
XRP/USDT,2228,2026-06-10 17:00:00,long,0.59258,88.56,60.0,1.1102,0.012864,unknown,,,,False,False,0.0,0.0,50.0,0.0,0.0,0.0,0.0,0.0,50.0,0.0,0.0,-1,0.0,G1_REGIME,regime='unknown' skipped=None reg_empty=True,-1,0.0,0.0,
XRP/USDT,2229,2026-06-10 18:00:00,long,0.62036,90.27,60.0,1.1073,0.0131,unknown,,,,False,False,0.0,0.0,50.0,0.0,0.0,0.0,0.0,0.0,50.0,0.0,0.0,-1,0.0,G1_REGIME,regime='unknown' skipped=None reg_empty=True,-1,0.0,0.0,
XRP/USDT,2230,2026-06-10 19:00:00,long,0.63843,86.79,60.0,1.0981,0.013371,unknown,,,,False,False,0.0,0.0,50.0,0.0,0.0,0.0,0.0,0.0,50.0,0.0,0.0,-1,0.0,G1_REGIME,regime='unknown' skipped=None reg_empty=True,-1,0.0,0.0,
XRP/USDT,2231,2026-06-10 20:00:00,long,0.63806,81.37,60.0,1.0993,0.013479,unknown,,,,False,False,0.0,0.0,50.0,0.0,0.0,0.0,0.0,0.0,50.0,0.0,0.0,-1,0.0,G1_REGIME,regime='unknown' skipped=None reg_empty=True,-1,0.0,0.0,
XRP/USDT,2232,2026-06-10 21:00:00,long,0.66127,86.41,60.0,1.0927,0.013679,unknown,,,,False,False,0.0,0.0,50.0,0.0,0.0,0.0,0.0,0.0,50.0,0.0,0.0,-1,0.0,G1_REGIME,regime='unknown' skipped=None reg_empty=True,-1,0.0,0.0,
XRP/USDT,2233,2026-06-10 22:00:00,long,0.65305,84.88,60.0,1.095,0.013514,unknown,,,,False,False,0.0,0.0,50.0,0.0,0.0,0.0,0.0,0.0,50.0,0.0,0.0,-1,0.0,G1_REGIME,regime='unknown' skipped=None reg_empty=True,-1,0.0,0.0,
XRP/USDT,2234,2026-06-10 23:00:00,long,0.65518,69.3,60.0,1.097,0.013471,unknown,,,,False,False,0.0,0.0,50.0,0.0,0.0,0.0,0.0,0.0,50.0,0.0,0.0,-1,0.0,G1_REGIME,regime='unknown' skipped=None reg_empty=True,-1,0.0,0.0,
XRP/USDT,2235,2026-06-11 00:00:00,long,0.69764,65.56,60.0,1.1019,0.013586,unknown,,,,False,False,0.0,0.0,50.0,0.0,0.0,0.0,0.0,0.0,50.0,0.0,0.0,-1,0.0,G1_REGIME,regime='unknown' skipped=None reg_empty=True,-1,0.0,0.0,
XRP/USDT,2236,2026-06-11 01:00:00,long,0.68569,72.87,60.0,1.1158,0.014179,unknown,,,,False,False,0.0,0.0,50.0,0.0,0.0,0.0,0.0,0.0,50.0,0.0,0.0,-1,0.0,G1_REGIME,regime='unknown' skipped=None reg_empty=True,-1,0.0,0.0,
XRP/USDT,2237,2026-06-11 02:00:00,long,0.65579,54.78,60.0,1.1093,0.013486,unknown,,,,False,False,0.0,0.0,50.0,0.0,0.0,0.0,0.0,0.0,50.0,0.0,0.0,-1,0.0,G1_REGIME,regime='unknown' skipped=None reg_empty=True,-1,0.0,0.0,
XRP/USDT,2238,2026-06-11 03:00:00,long,0.62618,63.84,60.0,1.12,0.0132,unknown,,,,False,False,0.0,0.0,50.0,0.0,0.0,0.0,0.0,0.0,50.0,0.0,0.0,-1,0.0,G1_REGIME,regime='unknown' skipped=None reg_empty=True,-1,0.0,0.0,
XRP/USDT,2239,2026-06-11 04:00:00,long,0.6223,61.54,60.0,1.1198,0.012821,unknown,,,,False,False,0.0,0.0,50.0,0.0,0.0,0.0,0.0,0.0,50.0,0.0,0.0,-1,0.0,G1_REGIME,regime='unknown' skipped=None reg_empty=True,-1,0.0,0.0,
XRP/USDT,2240,2026-06-11 05:00:00,long,0.65104,57.11,60.0,1.1146,0.012136,unknown,,,,False,False,0.0,0.0,50.0,0.0,0.0,0.0,0.0,0.0,50.0,0.0,0.0,-1,0.0,G1_REGIME,regime='unknown' skipped=None reg_empty=True,-1,0.0,0.0,
XRP/USDT,2241,2026-06-11 06:00:00,long,0.66399,63.5,60.0,1.1148,0.011221,unknown,,,,False,False,0.0,0.0,50.0,0.0,0.0,0.0,0.0,0.0,50.0,0.0,0.0,-1,0.0,G1_REGIME,regime='unknown' skipped=None reg_empty=True,-1,0.0,0.0,
XRP/USDT,2242,2026-06-11 07:00:00,long,0.66791,61.24,60.0,1.1151,0.010571,unknown,,,,False,False,0.0,0.0,50.0,0.0,0.0,0.0,0.0,0.0,50.0,0.0,0.0,-1,0.0,G1_REGIME,regime='unknown' skipped=None reg_empty=True,-1,0.0,0.0,
XRP/USDT,2243,2026-06-11 08:00:00,long,0.64935,54.04,60.0,1.1211,0.010307,unknown,,,,False,False,0.0,0.0,50.0,0.0,0.0,0.0,0.0,0.0,50.0,0.0,0.0,-1,0.0,G1_REGIME,regime='unknown' skipped=None reg_empty=True,-1,0.0,0.0,
XRP/USDT,2244,2026-06-11 09:00:00,long,0.62995,56.86,60.0,1.1172,0.009843,unknown,,,,False,False,0.0,0.0,50.0,0.0,0.0,0.0,0.0,0.0,50.0,0.0,0.0,-1,0.0,G1_REGIME,regime='unknown' skipped=None reg_empty=True,-1,0.0,0.0,
XRP/USDT,2245,2026-06-11 10:00:00,long,0.63618,55.41,60.0,1.1216,0.009907,unknown,,,,False,False,0.0,0.0,50.0,0.0,0.0,0.0,0.0,0.0,50.0,0.0,0.0,-1,0.0,G1_REGIME,regime='unknown' skipped=None reg_empty=True,-1,0.0,0.0,
XRP/USDT,2246,2026-06-11 11:00:00,long,0.64469,41.92,60.0,1.1223,0.009614,unknown,,,,False,False,0.0,0.0,50.0,0.0,0.0,0.0,0.0,0.0,50.0,0.0,0.0,-1,0.0,G1_REGIME,regime='unknown' skipped=None reg_empty=True,-1,0.0,0.0,
XRP/USDT,2247,2026-06-11 12:00:00,long,0.68614,92.58,60.0,1.1139,0.0099,unknown,,,,False,False,0.0,0.0,50.0,0.0,0.0,0.0,0.0,0.0,50.0,0.0,0.0,-1,0.0,G1_REGIME,regime='unknown' skipped=None reg_empty=True,-1,0.0,0.0,
XRP/USDT,2248,2026-06-11 13:00:00,long,0.68946,86.26,60.0,1.1165,0.010043,unknown,,,,False,False,0.0,0.0,50.0,0.0,0.0,0.0,0.0,0.0,50.0,0.0,0.0,-1,0.0,G1_REGIME,regime='unknown' skipped=None reg_empty=True,-1,0.0,0.0,
XRP/USDT,2249,2026-06-11 14:00:00,long,0.6786,79.78,60.0,1.113,0.010064,unknown,,,,False,False,0.0,0.0,50.0,0.0,0.0,0.0,0.0,0.0,50.0,0.0,0.0,-1,0.0,G1_REGIME,regime='unknown' skipped=None reg_empty=True,-1,0.0,0.0,
XRP/USDT,2250,2026-06-11 15:00:00,long,0.65728,84.68,60.0,1.1128,0.009557,unknown,,,,False,False,0.0,0.0,50.0,0.0,0.0,0.0,0.0,0.0,50.0,0.0,0.0,-1,0.0,G1_REGIME,regime='unknown' skipped=None reg_empty=True,-1,0.0,0.0,
XRP/USDT,2251,2026-06-11 16:00:00,long,0.67094,76.17,60.0,1.1079,0.009279,unknown,,,,False,False,0.0,0.0,50.0,0.0,0.0,0.0,0.0,0.0,50.0,0.0,0.0,-1,0.0,G1_REGIME,regime='unknown' skipped=None reg_empty=True,-1,0.0,0.0,
XRP/USDT,2252,2026-06-11 17:00:00,long,0.5879,96.69,60.0,1.1394,0.010886,unknown,,,,False,False,0.0,0.0,50.0,0.0,0.0,0.0,0.0,0.0,50.0,0.0,0.0,-1,0.0,G1_REGIME,regime='unknown' skipped=None reg_empty=True,-1,0.0,0.0,
XRP/USDT,2253,2026-06-11 18:00:00,long,0.58472,78.58,60.0,1.138,0.011271,unknown,,,,False,False,0.0,0.0,50.0,0.0,0.0,0.0,0.0,0.0,50.0,0.0,0.0,-1,0.0,G1_REGIME,regime='unknown' skipped=None reg_empty=True,-1,0.0,0.0,
XRP/USDT,2254,2026-06-11 19:00:00,long,0.57229,79.33,60.0,1.1434,0.012014,unknown,,,,False,False,0.0,0.0,50.0,0.0,0.0,0.0,0.0,0.0,50.0,0.0,0.0,-1,0.0,G1_REGIME,regime='unknown' skipped=None reg_empty=True,-1,0.0,0.0,
XRP/USDT,2255,2026-06-11 20:00:00,long,0.58919,76.71,60.0,1.1359,0.01225,unknown,,,,False,False,0.0,0.0,50.0,0.0,0.0,0.0,0.0,0.0,50.0,0.0,0.0,-1,0.0,G1_REGIME,regime='unknown' skipped=None reg_empty=True,-1,0.0,0.0,
XRP/USDT,2256,2026-06-11 21:00:00,long,0.57611,73.82,60.0,1.1412,0.0124,unknown,,,,False,False,0.0,0.0,50.0,0.0,0.0,0.0,0.0,0.0,50.0,0.0,0.0,-1,0.0,G1_REGIME,regime='unknown' skipped=None reg_empty=True,-1,0.0,0.0,
XRP/USDT,2257,2026-06-11 22:00:00,long,0.59659,75.57,60.0,1.1432,0.012243,unknown,,,,False,False,0.0,0.0,50.0,0.0,0.0,0.0,0.0,0.0,50.0,0.0,0.0,-1,0.0,G1_REGIME,regime='unknown' skipped=None reg_empty=True,-1,0.0,0.0,
XRP/USDT,2258,2026-06-11 23:00:00,long,0.61725,74.7,60.0,1.1428,0.012279,unknown,,,,False,False,0.0,0.0,50.0,0.0,0.0,0.0,0.0,0.0,50.0,0.0,0.0,-1,0.0,G1_REGIME,regime='unknown' skipped=None reg_empty=True,-1,0.0,0.0,
XRP/USDT,2259,2026-06-12 00:00:00,long,0.6268,75.17,60.0,1.1424,0.011979,unknown,,,,False,False,0.0,0.0,50.0,0.0,0.0,0.0,0.0,0.0,50.0,0.0,0.0,-1,0.0,G1_REGIME,regime='unknown' skipped=None reg_empty=True,-1,0.0,0.0,
XRP/USDT,2260,2026-06-12 01:00:00,long,0.62205,73.68,60.0,1.1399,0.011957,unknown,,,,False,False,0.0,0.0,50.0,0.0,0.0,0.0,0.0,0.0,50.0,0.0,0.0,-1,0.0,G1_REGIME,regime='unknown' skipped=None reg_empty=True,-1,0.0,0.0,
XRP/USDT,2261,2026-06-12 02:00:00,long,0.62199,65.25,60.0,1.1461,0.011721,unknown,,,,False,False,0.0,0.0,50.0,0.0,0.0,0.0,0.0,0.0,50.0,0.0,0.0,-1,0.0,G1_REGIME,regime='unknown' skipped=None reg_empty=True,-1,0.0,0.0,
XRP/USDT,2262,2026-06-12 03:00:00,long,0.61272,74.77,60.0,1.1442,0.01125,unknown,,,,False,False,0.0,0.0,50.0,0.0,0.0,0.0,0.0,0.0,50.0,0.0,0.0,-1,0.0,G1_REGIME,regime='unknown' skipped=None reg_empty=True,-1,0.0,0.0,
XRP/USDT,2263,2026-06-12 04:00:00,long,0.60256,64.75,60.0,1.1465,0.011307,unknown,,,,False,False,0.0,0.0,50.0,0.0,0.0,0.0,0.0,0.0,50.0,0.0,0.0,-1,0.0,G1_REGIME,regime='unknown' skipped=None reg_empty=True,-1,0.0,0.0,
XRP/USDT,2264,2026-06-12 05:00:00,long,0.60568,73.71,60.0,1.14,0.011093,unknown,,,,False,False,0.0,0.0,50.0,0.0,0.0,0.0,0.0,0.0,50.0,0.0,0.0,-1,0.0,G1_REGIME,regime='unknown' skipped=None reg_empty=True,-1,0.0,0.0,
XRP/USDT,2265,2026-06-12 06:00:00,long,0.63428,83.21,60.0,1.1299,0.011457,unknown,,,,False,False,0.0,0.0,50.0,0.0,0.0,0.0,0.0,0.0,50.0,0.0,0.0,-1,0.0,G1_REGIME,regime='unknown' skipped=None reg_empty=True,-1,0.0,0.0,
XRP/USDT,2266,2026-06-12 07:00:00,long,0.61257,79.37,60.0,1.1336,0.009036,unknown,,,,False,False,0.0,0.0,50.0,0.0,0.0,0.0,0.0,0.0,50.0,0.0,0.0,-1,0.0,G1_REGIME,regime='unknown' skipped=None reg_empty=True,-1,0.0,0.0,
XRP/USDT,2267,2026-06-12 08:00:00,long,0.57433,71.63,60.0,1.1426,0.00895,unknown,,,,False,False,0.0,0.0,50.0,0.0,0.0,0.0,0.0,0.0,50.0,0.0,0.0,-1,0.0,G1_REGIME,regime='unknown' skipped=None reg_empty=True,-1,0.0,0.0,
XRP/USDT,2268,2026-06-12 09:00:00,long,0.56604,75.18,60.0,1.1466,0.008721,unknown,,,,False,False,0.0,0.0,50.0,0.0,0.0,0.0,0.0,0.0,50.0,0.0,0.0,-1,0.0,G1_REGIME,regime='unknown' skipped=None reg_empty=True,-1,0.0,0.0,
XRP/USDT,2269,2026-06-12 10:00:00,long,0.57374,72.17,60.0,1.1432,0.008471,unknown,,,,False,False,0.0,0.0,50.0,0.0,0.0,0.0,0.0,0.0,50.0,0.0,0.0,-1,0.0,G1_REGIME,regime='unknown' skipped=None reg_empty=True,-1,0.0,0.0,
XRP/USDT,2270,2026-06-12 11:00:00,long,0.57541,71.62,60.0,1.1413,0.008257,unknown,,,,False,False,0.0,0.0,50.0,0.0,0.0,0.0,0.0,0.0,50.0,0.0,0.0,-1,0.0,G1_REGIME,regime='unknown' skipped=None reg_empty=True,-1,0.0,0.0,
XRP/USDT,2271,2026-06-12 12:00:00,long,0.59565,69.88,60.0,1.1358,0.00835,unknown,,,,False,False,0.0,0.0,50.0,0.0,0.0,0.0,0.0,0.0,50.0,0.0,0.0,-1,0.0,G1_REGIME,regime='unknown' skipped=None reg_empty=True,-1,0.0,0.0,
XRP/USDT,2272,2026-06-12 13:00:00,long,0.61328,84.11,60.0,1.1302,0.00875,unknown,,,,False,False,0.0,0.0,50.0,0.0,0.0,0.0,0.0,0.0,50.0,0.0,0.0,-1,0.0,G1_REGIME,regime='unknown' skipped=None reg_empty=True,-1,0.0,0.0,
XRP/USDT,2273,2026-06-12 14:00:00,long,0.57806,93.99,60.0,1.1487,0.009843,unknown,,,,False,False,0.0,0.0,50.0,0.0,0.0,0.0,0.0,0.0,50.0,0.0,0.0,-1,0.0,G1_REGIME,regime='unknown' skipped=None reg_empty=True,-1,0.0,0.0,
XRP/USDT,2274,2026-06-12 15:00:00,long,0.62188,98.38,60.0,1.1288,0.011543,unknown,,,,False,False,0.0,0.0,50.0,0.0,0.0,0.0,0.0,0.0,50.0,0.0,0.0,-1,0.0,G1_REGIME,regime='unknown' skipped=None reg_empty=True,-1,0.0,0.0,
XRP/USDT,2275,2026-06-12 16:00:00,long,0.58595,83.69,60.0,1.1358,0.0116,unknown,,,,False,False,0.0,0.0,50.0,0.0,0.0,0.0,0.0,0.0,50.0,0.0,0.0,-1,0.0,G1_REGIME,regime='unknown' skipped=None reg_empty=True,-1,0.0,0.0,
XRP/USDT,2276,2026-06-12 17:00:00,long,0.61593,55.13,60.0,1.1321,0.011786,unknown,,,,False,False,0.0,0.0,50.0,0.0,0.0,0.0,0.0,0.0,50.0,0.0,0.0,-1,0.0,G1_REGIME,regime='unknown' skipped=None reg_empty=True,-1,0.0,0.0,
XRP/USDT,2277,2026-06-12 18:00:00,long,0.61181,65.8,60.0,1.1303,0.011643,unknown,,,,False,False,0.0,0.0,50.0,0.0,0.0,0.0,0.0,0.0,50.0,0.0,0.0,-1,0.0,G1_REGIME,regime='unknown' skipped=None reg_empty=True,-1,0.0,0.0,
XRP/USDT,2278,2026-06-12 19:00:00,long,0.60303,66.4,60.0,1.1314,0.011557,unknown,,,,False,False,0.0,0.0,50.0,0.0,0.0,0.0,0.0,0.0,50.0,0.0,0.0,-1,0.0,G1_REGIME,regime='unknown' skipped=None reg_empty=True,-1,0.0,0.0,
XRP/USDT,2279,2026-06-12 20:00:00,long,0.59919,65.95,60.0,1.133,0.010921,unknown,,,,False,False,0.0,0.0,50.0,0.0,0.0,0.0,0.0,0.0,50.0,0.0,0.0,-1,0.0,G1_REGIME,regime='unknown' skipped=None reg_empty=True,-1,0.0,0.0,
XRP/USDT,2280,2026-06-12 21:00:00,long,0.6078,62.43,60.0,1.13,0.010829,unknown,,,,False,False,0.0,0.0,50.0,0.0,0.0,0.0,0.0,0.0,50.0,0.0,0.0,-1,0.0,G1_REGIME,regime='unknown' skipped=None reg_empty=True,-1,0.0,0.0,
XRP/USDT,2281,2026-06-12 22:00:00,long,0.59121,62.5,60.0,1.1309,0.010314,unknown,,,,False,False,0.0,0.0,50.0,0.0,0.0,0.0,0.0,0.0,50.0,0.0,0.0,-1,0.0,G1_REGIME,regime='unknown' skipped=None reg_empty=True,-1,0.0,0.0,
XRP/USDT,2282,2026-06-12 23:00:00,long,0.58493,63.17,60.0,1.1325,0.009743,unknown,,,,False,False,0.0,0.0,50.0,0.0,0.0,0.0,0.0,0.0,50.0,0.0,0.0,-1,0.0,G1_REGIME,regime='unknown' skipped=None reg_empty=True,-1,0.0,0.0,
XRP/USDT,2283,2026-06-13 00:00:00,long,0.60072,63.63,60.0,1.1346,0.009421,unknown,,,,False,False,0.0,0.0,50.0,0.0,0.0,0.0,0.0,0.0,50.0,0.0,0.0,-1,0.0,G1_REGIME,regime='unknown' skipped=None reg_empty=True,-1,0.0,0.0,
XRP/USDT,2284,2026-06-13 01:00:00,long,0.5939,68.69,60.0,1.14,0.009543,unknown,,,,False,False,0.0,0.0,50.0,0.0,0.0,0.0,0.0,0.0,50.0,0.0,0.0,-1,0.0,G1_REGIME,regime='unknown' skipped=None reg_empty=True,-1,0.0,0.0,
XRP/USDT,2285,2026-06-13 02:00:00,long,0.60801,66.34,60.0,1.1344,0.009479,unknown,,,,False,False,0.0,0.0,50.0,0.0,0.0,0.0,0.0,0.0,50.0,0.0,0.0,-1,0.0,G1_REGIME,regime='unknown' skipped=None reg_empty=True,-1,0.0,0.0,
XRP/USDT,2286,2026-06-13 03:00:00,long,0.62168,67.01,60.0,1.1337,0.009107,unknown,,,,False,False,0.0,0.0,50.0,0.0,0.0,0.0,0.0,0.0,50.0,0.0,0.0,-1,0.0,G1_REGIME,regime='unknown' skipped=None reg_empty=True,-1,0.0,0.0,
XRP/USDT,2287,2026-06-13 04:00:00,long,0.63198,63.67,60.0,1.1333,0.007843,unknown,,,,False,False,0.0,0.0,50.0,0.0,0.0,0.0,0.0,0.0,50.0,0.0,0.0,-1,0.0,G1_REGIME,regime='unknown' skipped=None reg_empty=True,-1,0.0,0.0,
XRP/USDT,2288,2026-06-13 05:00:00,long,0.63654,65.18,60.0,1.1326,0.005971,unknown,,,,False,False,0.0,0.0,50.0,0.0,0.0,0.0,0.0,0.0,50.0,0.0,0.0,-1,0.0,G1_REGIME,regime='unknown' skipped=None reg_empty=True,-1,0.0,0.0,
XRP/USDT,2289,2026-06-13 06:00:00,long,0.59805,68.85,60.0,1.1373,0.005707,unknown,,,,False,False,0.0,0.0,50.0,0.0,0.0,0.0,0.0,0.0,50.0,0.0,0.0,-1,0.0,G1_REGIME,regime='unknown' skipped=None reg_empty=True,-1,0.0,0.0,
XRP/USDT,2290,2026-06-13 07:00:00,long,0.59115,68.09,60.0,1.1415,0.0058,unknown,,,,False,False,0.0,0.0,50.0,0.0,0.0,0.0,0.0,0.0,50.0,0.0,0.0,-1,0.0,G1_REGIME,regime='unknown' skipped=None reg_empty=True,-1,0.0,0.0,
XRP/USDT,2291,2026-06-13 08:00:00,long,0.59319,84.07,60.0,1.1431,0.005743,unknown,,,,False,False,0.0,0.0,50.0,0.0,0.0,0.0,0.0,0.0,50.0,0.0,0.0,-1,0.0,G1_REGIME,regime='unknown' skipped=None reg_empty=True,-1,0.0,0.0,
XRP/USDT,2292,2026-06-13 09:00:00,long,0.61104,81.22,60.0,1.143,0.005507,unknown,,,,False,False,0.0,0.0,50.0,0.0,0.0,0.0,0.0,0.0,50.0,0.0,0.0,-1,0.0,G1_REGIME,regime='unknown' skipped=None reg_empty=True,-1,0.0,0.0,
XRP/USDT,2293,2026-06-13 10:00:00,long,0.60774,72.26,60.0,1.1445,0.005443,unknown,,,,False,False,0.0,0.0,50.0,0.0,0.0,0.0,0.0,0.0,50.0,0.0,0.0,-1,0.0,G1_REGIME,regime='unknown' skipped=None reg_empty=True,-1,0.0,0.0,
XRP/USDT,2294,2026-06-13 11:00:00,long,0.62893,65.97,60.0,1.1485,0.005457,unknown,,,,False,False,0.0,0.0,50.0,0.0,0.0,0.0,0.0,0.0,50.0,0.0,0.0,-1,0.0,G1_REGIME,regime='unknown' skipped=None reg_empty=True,-1,0.0,0.0,
XRP/USDT,2295,2026-06-13 12:00:00,long,0.64146,71.01,60.0,1.1541,0.0058,unknown,,,,False,False,0.0,0.0,50.0,0.0,0.0,0.0,0.0,0.0,50.0,0.0,0.0,-1,0.0,G1_REGIME,regime='unknown' skipped=None reg_empty=True,-1,0.0,0.0,
XRP/USDT,2296,2026-06-13 13:00:00,long,0.62797,71.22,60.0,1.1512,0.005807,unknown,,,,False,False,0.0,0.0,50.0,0.0,0.0,0.0,0.0,0.0,50.0,0.0,0.0,-1,0.0,G1_REGIME,regime='unknown' skipped=None reg_empty=True,-1,0.0,0.0,
XRP/USDT,2297,2026-06-13 14:00:00,long,0.6258,68.28,60.0,1.1551,0.005964,unknown,,,,False,False,0.0,0.0,50.0,0.0,0.0,0.0,0.0,0.0,50.0,0.0,0.0,-1,0.0,G1_REGIME,regime='unknown' skipped=None reg_empty=True,-1,0.0,0.0,
XRP/USDT,2298,2026-06-13 15:00:00,long,0.61958,85.98,60.0,1.1567,0.006136,unknown,,,,False,False,0.0,0.0,50.0,0.0,0.0,0.0,0.0,0.0,50.0,0.0,0.0,-1,0.0,G1_REGIME,regime='unknown' skipped=None reg_empty=True,-1,0.0,0.0,
XRP/USDT,2299,2026-06-13 16:00:00,long,0.59314,93.45,60.0,1.1472,0.006571,unknown,,,,False,False,0.0,0.0,50.0,0.0,0.0,0.0,0.0,0.0,50.0,0.0,0.0,-1,0.0,G1_REGIME,regime='unknown' skipped=None reg_empty=True,-1,0.0,0.0,
XRP/USDT,2300,2026-06-13 17:00:00,long,0.57954,82.4,60.0,1.1442,0.0066,unknown,,,,False,False,0.0,0.0,50.0,0.0,0.0,0.0,0.0,0.0,50.0,0.0,0.0,-1,0.0,G1_REGIME,regime='unknown' skipped=None reg_empty=True,-1,0.0,0.0,
XRP/USDT,2301,2026-06-13 18:00:00,long,0.58262,71.43,60.0,1.146,0.006629,unknown,,,,False,False,0.0,0.0,50.0,0.0,0.0,0.0,0.0,0.0,50.0,0.0,0.0,-1,0.0,G1_REGIME,regime='unknown' skipped=None reg_empty=True,-1,0.0,0.0,
XRP/USDT,2302,2026-06-13 19:00:00,long,0.59149,71.65,60.0,1.1476,0.006664,unknown,,,,False,False,0.0,0.0,50.0,0.0,0.0,0.0,0.0,0.0,50.0,0.0,0.0,-1,0.0,G1_REGIME,regime='unknown' skipped=None reg_empty=True,-1,0.0,0.0,
XRP/USDT,2303,2026-06-13 20:00:00,long,0.59185,68.71,60.0,1.1468,0.006329,unknown,,,,False,False,0.0,0.0,50.0,0.0,0.0,0.0,0.0,0.0,50.0,0.0,0.0,-1,0.0,G1_REGIME,regime='unknown' skipped=None reg_empty=True,-1,0.0,0.0,
XRP/USDT,2304,2026-06-13 21:00:00,long,0.59106,75.69,60.0,1.1528,0.006464,unknown,,,,False,False,0.0,0.0,50.0,0.0,0.0,0.0,0.0,0.0,50.0,0.0,0.0,-1,0.0,G1_REGIME,regime='unknown' skipped=None reg_empty=True,-1,0.0,0.0,
XRP/USDT,2305,2026-06-13 22:00:00,long,0.58922,70.24,60.0,1.1501,0.006314,unknown,,,,False,False,0.0,0.0,50.0,0.0,0.0,0.0,0.0,0.0,50.0,0.0,0.0,-1,0.0,G1_REGIME,regime='unknown' skipped=None reg_empty=True,-1,0.0,0.0,
XRP/USDT,2306,2026-06-13 23:00:00,long,0.58506,68.4,60.0,1.1507,0.006364,unknown,,,,False,False,0.0,0.0,50.0,0.0,0.0,0.0,0.0,0.0,50.0,0.0,0.0,-1,0.0,G1_REGIME,regime='unknown' skipped=None reg_empty=True,-1,0.0,0.0,
XRP/USDT,2307,2026-06-14 00:00:00,long,0.58448,65.27,60.0,1.1494,0.006257,unknown,,,,False,False,0.0,0.0,50.0,0.0,0.0,0.0,0.0,0.0,50.0,0.0,0.0,-1,0.0,G1_REGIME,regime='unknown' skipped=None reg_empty=True,-1,0.0,0.0,
XRP/USDT,2308,2026-06-14 01:00:00,long,0.58297,69.9,60.0,1.1521,0.006443,unknown,,,,False,False,0.0,0.0,50.0,0.0,0.0,0.0,0.0,0.0,50.0,0.0,0.0,-1,0.0,G1_REGIME,regime='unknown' skipped=None reg_empty=True,-1,0.0,0.0,
XRP/USDT,2309,2026-06-14 02:00:00,long,0.58057,66.62,60.0,1.1519,0.00615,unknown,,,,False,False,0.0,0.0,50.0,0.0,0.0,0.0,0.0,0.0,50.0,0.0,0.0,-1,0.0,G1_REGIME,regime='unknown' skipped=None reg_empty=True,-1,0.0,0.0,
XRP/USDT,2310,2026-06-14 03:00:00,long,0.59105,70.96,60.0,1.1536,0.006086,unknown,,,,False,False,0.0,0.0,50.0,0.0,0.0,0.0,0.0,0.0,50.0,0.0,0.0,-1,0.0,G1_REGIME,regime='unknown' skipped=None reg_empty=True,-1,0.0,0.0,
XRP/USDT,2311,2026-06-14 04:00:00,long,0.58887,66.68,60.0,1.1484,0.006171,unknown,,,,False,False,0.0,0.0,50.0,0.0,0.0,0.0,0.0,0.0,50.0,0.0,0.0,-1,0.0,G1_REGIME,regime='unknown' skipped=None reg_empty=True,-1,0.0,0.0,
XRP/USDT,2312,2026-06-14 05:00:00,long,0.58594,65.43,60.0,1.1481,0.005986,unknown,,,,False,False,0.0,0.0,50.0,0.0,0.0,0.0,0.0,0.0,50.0,0.0,0.0,-1,0.0,G1_REGIME,regime='unknown' skipped=None reg_empty=True,-1,0.0,0.0,
XRP/USDT,2313,2026-06-14 06:00:00,long,0.57971,78.18,60.0,1.1468,0.005614,unknown,,,,False,False,0.0,0.0,50.0,0.0,0.0,0.0,0.0,0.0,50.0,0.0,0.0,-1,0.0,G1_REGIME,regime='unknown' skipped=None reg_empty=True,-1,0.0,0.0,
XRP/USDT,2314,2026-06-14 07:00:00,long,0.57301,79.37,60.0,1.1463,0.00545,unknown,,,,False,False,0.0,0.0,50.0,0.0,0.0,0.0,0.0,0.0,50.0,0.0,0.0,-1,0.0,G1_REGIME,regime='unknown' skipped=None reg_empty=True,-1,0.0,0.0,
XRP/USDT,2315,2026-06-14 08:00:00,long,0.56475,71.61,60.0,1.1454,0.005414,unknown,,,,False,False,0.0,0.0,50.0,0.0,0.0,0.0,0.0,0.0,50.0,0.0,0.0,-1,0.0,G1_REGIME,regime='unknown' skipped=None reg_empty=True,-1,0.0,0.0,
XRP/USDT,2316,2026-06-14 09:00:00,long,0.5816,78.28,60.0,1.1487,0.00565,unknown,,,,False,False,0.0,0.0,50.0,0.0,0.0,0.0,0.0,0.0,50.0,0.0,0.0,-1,0.0,G1_REGIME,regime='unknown' skipped=None reg_empty=True,-1,0.0,0.0,
XRP/USDT,2317,2026-06-14 10:00:00,long,0.56215,82.7,60.0,1.143,0.005886,unknown,,,,False,False,0.0,0.0,50.0,0.0,0.0,0.0,0.0,0.0,50.0,0.0,0.0,-1,0.0,G1_REGIME,regime='unknown' skipped=None reg_empty=True,-1,0.0,0.0,
XRP/USDT,2318,2026-06-14 11:00:00,long,0.56926,71.13,60.0,1.1439,0.005329,unknown,,,,False,False,0.0,0.0,50.0,0.0,0.0,0.0,0.0,0.0,50.0,0.0,0.0,-1,0.0,G1_REGIME,regime='unknown' skipped=None reg_empty=True,-1,0.0,0.0,
XRP/USDT,2319,2026-06-14 12:00:00,long,0.5604,87.66,60.0,1.1377,0.005557,unknown,,,,False,False,0.0,0.0,50.0,0.0,0.0,0.0,0.0,0.0,50.0,0.0,0.0,-1,0.0,G1_REGIME,regime='unknown' skipped=None reg_empty=True,-1,0.0,0.0,
XRP/USDT,2320,2026-06-14 13:00:00,long,0.58219,100.0,60.0,1.135,0.005714,unknown,,,,False,False,0.0,0.0,50.0,0.0,0.0,0.0,0.0,0.0,50.0,0.0,0.0,-1,0.0,G1_REGIME,regime='unknown' skipped=None reg_empty=True,-1,0.0,0.0,
XRP/USDT,2321,2026-06-14 14:00:00,long,0.61358,100.0,60.0,1.1319,0.006243,unknown,,,,False,False,0.0,0.0,50.0,0.0,0.0,0.0,0.0,0.0,50.0,0.0,0.0,-1,0.0,G1_REGIME,regime='unknown' skipped=None reg_empty=True,-1,0.0,0.0,
XRP/USDT,2322,2026-06-14 15:00:00,long,0.58819,84.44,60.0,1.135,0.005971,unknown,,,,False,False,0.0,0.0,50.0,0.0,0.0,0.0,0.0,0.0,50.0,0.0,0.0,-1,0.0,G1_REGIME,regime='unknown' skipped=None reg_empty=True,-1,0.0,0.0,
XRP/USDT,2323,2026-06-14 16:00:00,long,0.5843,81.54,60.0,1.1368,0.005964,unknown,,,,False,False,0.0,0.0,50.0,0.0,0.0,0.0,0.0,0.0,50.0,0.0,0.0,-1,0.0,G1_REGIME,regime='unknown' skipped=None reg_empty=True,-1,0.0,0.0,
XRP/USDT,2324,2026-06-14 17:00:00,long,0.6147,82.89,60.0,1.1331,0.006136,unknown,,,,False,False,0.0,0.0,50.0,0.0,0.0,0.0,0.0,0.0,50.0,0.0,0.0,-1,0.0,G1_REGIME,regime='unknown' skipped=None reg_empty=True,-1,0.0,0.0,
XRP/USDT,2325,2026-06-14 18:00:00,long,0.59103,78.59,60.0,1.1326,0.005936,unknown,,,,False,False,0.0,0.0,50.0,0.0,0.0,0.0,0.0,0.0,50.0,0.0,0.0,-1,0.0,G1_REGIME,regime='unknown' skipped=None reg_empty=True,-1,0.0,0.0,
XRP/USDT,2326,2026-06-14 19:00:00,long,0.5954,78.8,60.0,1.1331,0.005836,unknown,,,,False,False,0.0,0.0,50.0,0.0,0.0,0.0,0.0,0.0,50.0,0.0,0.0,-1,0.0,G1_REGIME,regime='unknown' skipped=None reg_empty=True,-1,0.0,0.0,
XRP/USDT,2327,2026-06-14 20:00:00,long,0.57292,82.78,60.0,1.1382,0.005907,unknown,,,,False,False,0.0,0.0,50.0,0.0,0.0,0.0,0.0,0.0,50.0,0.0,0.0,-1,0.0,G1_REGIME,regime='unknown' skipped=None reg_empty=True,-1,0.0,0.0,
XRP/USDT,2328,2026-06-14 21:00:00,long,0.63794,97.71,60.0,1.1682,0.0083,unknown,,,,False,False,0.0,0.0,50.0,0.0,0.0,0.0,0.0,0.0,50.0,0.0,0.0,-1,0.0,G1_REGIME,regime='unknown' skipped=None reg_empty=True,-1,0.0,0.0,
XRP/USDT,2329,2026-06-14 22:00:00,long,0.67789,100.0,60.0,1.1738,0.0091,unknown,,,,False,False,0.0,0.0,50.0,0.0,0.0,0.0,0.0,0.0,50.0,0.0,0.0,-1,0.0,G1_REGIME,regime='unknown' skipped=None reg_empty=True,-1,0.0,0.0,
XRP/USDT,2330,2026-06-14 23:00:00,long,0.71843,78.64,60.0,1.1861,0.0099,unknown,,,,False,False,0.0,0.0,50.0,0.0,0.0,0.0,0.0,0.0,50.0,0.0,0.0,-1,0.0,G1_REGIME,regime='unknown' skipped=None reg_empty=True,-1,0.0,0.0,
XRP/USDT,2331,2026-06-15 00:00:00,long,0.7452,76.6,60.0,1.1848,0.010036,unknown,,,,False,False,0.0,0.0,50.0,0.0,0.0,0.0,0.0,0.0,50.0,0.0,0.0,-1,0.0,G1_REGIME,regime='unknown' skipped=None reg_empty=True,-1,0.0,0.0,
XRP/USDT,2332,2026-06-15 01:00:00,long,0.74947,76.8,60.0,1.1825,0.010743,unknown,,,,False,False,0.0,0.0,50.0,0.0,0.0,0.0,0.0,0.0,50.0,0.0,0.0,-1,0.0,G1_REGIME,regime='unknown' skipped=None reg_empty=True,-1,0.0,0.0,
XRP/USDT,2333,2026-06-15 02:00:00,long,0.74483,74.13,60.0,1.1825,0.011171,unknown,,,,False,False,0.0,0.0,50.0,0.0,0.0,0.0,0.0,0.0,50.0,0.0,0.0,-1,0.0,G1_REGIME,regime='unknown' skipped=None reg_empty=True,-1,0.0,0.0,
XRP/USDT,2334,2026-06-15 03:00:00,long,0.72903,73.61,60.0,1.187,0.011436,unknown,,,,False,False,0.0,0.0,50.0,0.0,0.0,0.0,0.0,0.0,50.0,0.0,0.0,-1,0.0,G1_REGIME,regime='unknown' skipped=None reg_empty=True,-1,0.0,0.0,
XRP/USDT,2335,2026-06-15 04:00:00,long,0.72596,68.96,60.0,1.184,0.01115,unknown,,,,False,False,0.0,0.0,50.0,0.0,0.0,0.0,0.0,0.0,50.0,0.0,0.0,-1,0.0,G1_REGIME,regime='unknown' skipped=None reg_empty=True,-1,0.0,0.0,
XRP/USDT,2336,2026-06-15 05:00:00,long,0.73493,70.96,60.0,1.1842,0.011329,unknown,,,,False,False,0.0,0.0,50.0,0.0,0.0,0.0,0.0,0.0,50.0,0.0,0.0,-1,0.0,G1_REGIME,regime='unknown' skipped=None reg_empty=True,-1,0.0,0.0,
XRP/USDT,2337,2026-06-15 06:00:00,long,0.73941,69.93,60.0,1.1829,0.011421,unknown,,,,False,False,0.0,0.0,50.0,0.0,0.0,0.0,0.0,0.0,50.0,0.0,0.0,-1,0.0,G1_REGIME,regime='unknown' skipped=None reg_empty=True,-1,0.0,0.0,
XRP/USDT,2338,2026-06-15 07:00:00,long,0.73378,70.74,60.0,1.1815,0.011464,unknown,,,,False,False,0.0,0.0,50.0,0.0,0.0,0.0,0.0,0.0,50.0,0.0,0.0,-1,0.0,G1_REGIME,regime='unknown' skipped=None reg_empty=True,-1,0.0,0.0,
XRP/USDT,2339,2026-06-15 08:00:00,long,0.73236,67.68,60.0,1.1811,0.011443,unknown,,,,False,False,0.0,0.0,50.0,0.0,0.0,0.0,0.0,0.0,50.0,0.0,0.0,-1,0.0,G1_REGIME,regime='unknown' skipped=None reg_empty=True,-1,0.0,0.0,
XRP/USDT,2340,2026-06-15 09:00:00,long,0.73305,72.1,60.0,1.1855,0.011714,unknown,,,,False,False,0.0,0.0,50.0,0.0,0.0,0.0,0.0,0.0,50.0,0.0,0.0,-1,0.0,G1_REGIME,regime='unknown' skipped=None reg_empty=True,-1,0.0,0.0,
XRP/USDT,2341,2026-06-15 10:00:00,long,0.72786,78.03,60.0,1.1995,0.012229,unknown,,,,False,False,0.0,0.0,50.0,0.0,0.0,0.0,0.0,0.0,50.0,0.0,0.0,-1,0.0,G1_REGIME,regime='unknown' skipped=None reg_empty=True,-1,0.0,0.0,
XRP/USDT,2342,2026-06-15 11:00:00,long,0.71845,93.08,60.0,1.2324,0.012229,unknown,,,,False,False,0.0,0.0,50.0,0.0,0.0,0.0,0.0,0.0,50.0,0.0,0.0,-1,0.0,G1_REGIME,regime='unknown' skipped=None reg_empty=True,-1,0.0,0.0,
XRP/USDT,2343,2026-06-15 12:00:00,long,0.72034,91.95,60.0,1.239,0.012743,unknown,,,,False,False,0.0,0.0,50.0,0.0,0.0,0.0,0.0,0.0,50.0,0.0,0.0,-1,0.0,G1_REGIME,regime='unknown' skipped=None reg_empty=True,-1,0.0,0.0,
XRP/USDT,2344,2026-06-15 13:00:00,long,0.75101,91.4,60.0,1.24,0.012507,unknown,,,,False,False,0.0,0.0,50.0,0.0,0.0,0.0,0.0,0.0,50.0,0.0,0.0,-1,0.0,G1_REGIME,regime='unknown' skipped=None reg_empty=True,-1,0.0,0.0,
XRP/USDT,2345,2026-06-15 14:00:00,long,0.75181,74.37,60.0,1.2445,0.012886,unknown,,,,False,False,0.0,0.0,50.0,0.0,0.0,0.0,0.0,0.0,50.0,0.0,0.0,-1,0.0,G1_REGIME,regime='unknown' skipped=None reg_empty=True,-1,0.0,0.0,
XRP/USDT,2346,2026-06-15 15:00:00,long,0.74668,92.4,60.0,1.2688,0.013771,unknown,,,,False,False,0.0,0.0,50.0,0.0,0.0,0.0,0.0,0.0,50.0,0.0,0.0,-1,0.0,G1_REGIME,regime='unknown' skipped=None reg_empty=True,-1,0.0,0.0,
XRP/USDT,2347,2026-06-15 16:00:00,long,0.68508,93.84,60.0,1.28,0.020229,unknown,,,,False,False,0.0,0.0,50.0,0.0,0.0,0.0,0.0,0.0,50.0,0.0,0.0,-1,0.0,G1_REGIME,regime='unknown' skipped=None reg_empty=True,-1,0.0,0.0,
XRP/USDT,2348,2026-06-15 17:00:00,long,0.68169,77.5,60.0,1.282,0.020829,unknown,,,,False,False,0.0,0.0,50.0,0.0,0.0,0.0,0.0,0.0,50.0,0.0,0.0,-1,0.0,G1_REGIME,regime='unknown' skipped=None reg_empty=True,-1,0.0,0.0,
XRP/USDT,2349,2026-06-15 18:00:00,long,0.68853,71.4,60.0,1.2817,0.021414,unknown,,,,False,False,0.0,0.0,50.0,0.0,0.0,0.0,0.0,0.0,50.0,0.0,0.0,-1,0.0,G1_REGIME,regime='unknown' skipped=None reg_empty=True,-1,0.0,0.0,
XRP/USDT,2350,2026-06-15 19:00:00,long,0.66499,73.23,60.0,1.2757,0.0227,unknown,,,,False,False,0.0,0.0,50.0,0.0,0.0,0.0,0.0,0.0,50.0,0.0,0.0,-1,0.0,G1_REGIME,regime='unknown' skipped=None reg_empty=True,-1,0.0,0.0,
XRP/USDT,2351,2026-06-15 20:00:00,long,0.67408,80.7,60.0,1.2642,0.023379,unknown,,,,False,False,0.0,0.0,50.0,0.0,0.0,0.0,0.0,0.0,50.0,0.0,0.0,-1,0.0,G1_REGIME,regime='unknown' skipped=None reg_empty=True,-1,0.0,0.0,
XRP/USDT,2352,2026-06-15 21:00:00,long,0.7003,82.32,60.0,1.25,0.024057,unknown,,,,False,False,0.0,0.0,50.0,0.0,0.0,0.0,0.0,0.0,50.0,0.0,0.0,-1,0.0,G1_REGIME,regime='unknown' skipped=None reg_empty=True,-1,0.0,0.0,
XRP/USDT,2353,2026-06-15 22:00:00,long,0.69504,80.7,60.0,1.2402,0.024993,unknown,,,,False,False,0.0,0.0,50.0,0.0,0.0,0.0,0.0,0.0,50.0,0.0,0.0,-1,0.0,G1_REGIME,regime='unknown' skipped=None reg_empty=True,-1,0.0,0.0,
XRP/USDT,2354,2026-06-15 23:00:00,long,0.68183,87.53,60.0,1.2382,0.025029,unknown,,,,False,False,0.0,0.0,50.0,0.0,0.0,0.0,0.0,0.0,50.0,0.0,0.0,-1,0.0,G1_REGIME,regime='unknown' skipped=None reg_empty=True,-1,0.0,0.0,
XRP/USDT,2355,2026-06-16 00:00:00,long,0.60184,83.16,60.0,1.2347,0.0246,unknown,,,,False,False,0.0,0.0,50.0,0.0,0.0,0.0,0.0,0.0,50.0,0.0,0.0,-1,0.0,G1_REGIME,regime='unknown' skipped=None reg_empty=True,-1,0.0,0.0,
XRP/USDT,2356,2026-06-16 01:00:00,long,0.58237,78.96,60.0,1.2285,0.022636,unknown,,,,False,False,0.0,0.0,50.0,0.0,0.0,0.0,0.0,0.0,50.0,0.0,0.0,-1,0.0,G1_REGIME,regime='unknown' skipped=None reg_empty=True,-1,0.0,0.0,
XRP/USDT,2357,2026-06-16 02:00:00,long,0.57821,79.46,60.0,1.2178,0.022107,unknown,,,,False,False,0.0,0.0,50.0,0.0,0.0,0.0,0.0,0.0,50.0,0.0,0.0,-1,0.0,G1_REGIME,regime='unknown' skipped=None reg_empty=True,-1,0.0,0.0,
XRP/USDT,2358,2026-06-16 03:00:00,long,0.57563,79.25,60.0,1.2273,0.021793,unknown,,,,False,False,0.0,0.0,50.0,0.0,0.0,0.0,0.0,0.0,50.0,0.0,0.0,-1,0.0,G1_REGIME,regime='unknown' skipped=None reg_empty=True,-1,0.0,0.0,
XRP/USDT,2359,2026-06-16 04:00:00,long,0.57027,76.85,60.0,1.2224,0.021657,unknown,,,,False,False,0.0,0.0,50.0,0.0,0.0,0.0,0.0,0.0,50.0,0.0,0.0,-1,0.0,G1_REGIME,regime='unknown' skipped=None reg_empty=True,-1,0.0,0.0,
XRP/USDT,2360,2026-06-16 05:00:00,long,0.56512,77.37,60.0,1.2255,0.020186,unknown,,,,False,False,0.0,0.0,50.0,0.0,0.0,0.0,0.0,0.0,50.0,0.0,0.0,-1,0.0,G1_REGIME,regime='unknown' skipped=None reg_empty=True,-1,0.0,0.0,
XRP/USDT,2361,2026-06-16 06:00:00,long,0.55436,77.29,60.0,1.2356,0.013607,unknown,,,,False,False,0.0,0.0,50.0,0.0,0.0,0.0,0.0,0.0,50.0,0.0,0.0,-1,0.0,G1_REGIME,regime='unknown' skipped=None reg_empty=True,-1,0.0,0.0,
XRP/USDT,2362,2026-06-16 07:00:00,long,0.55276,76.67,60.0,1.2353,0.012921,unknown,,,,False,False,0.0,0.0,50.0,0.0,0.0,0.0,0.0,0.0,50.0,0.0,0.0,-1,0.0,G1_REGIME,regime='unknown' skipped=None reg_empty=True,-1,0.0,0.0,
XRP/USDT,2363,2026-06-16 08:00:00,long,0.5526,81.82,60.0,1.248,0.013264,unknown,,,,False,False,0.0,0.0,50.0,0.0,0.0,0.0,0.0,0.0,50.0,0.0,0.0,-1,0.0,G1_REGIME,regime='unknown' skipped=None reg_empty=True,-1,0.0,0.0,
XRP/USDT,2364,2026-06-16 09:00:00,long,0.55685,75.79,60.0,1.2389,0.0123,unknown,,,,False,False,0.0,0.0,50.0,0.0,0.0,0.0,0.0,0.0,50.0,0.0,0.0,-1,0.0,G1_REGIME,regime='unknown' skipped=None reg_empty=True,-1,0.0,0.0,
XRP/USDT,2365,2026-06-16 10:00:00,long,0.55391,77.6,60.0,1.2397,0.011664,unknown,,,,False,False,0.0,0.0,50.0,0.0,0.0,0.0,0.0,0.0,50.0,0.0,0.0,-1,0.0,G1_REGIME,regime='unknown' skipped=None reg_empty=True,-1,0.0,0.0,
XRP/USDT,2366,2026-06-16 11:00:00,long,0.55446,76.07,60.0,1.238,0.011114,unknown,,,,False,False,0.0,0.0,50.0,0.0,0.0,0.0,0.0,0.0,50.0,0.0,0.0,-1,0.0,G1_REGIME,regime='unknown' skipped=None reg_empty=True,-1,0.0,0.0,
XRP/USDT,2367,2026-06-16 12:00:00,long,0.55217,82.38,60.0,1.2446,0.011229,unknown,,,,False,False,0.0,0.0,50.0,0.0,0.0,0.0,0.0,0.0,50.0,0.0,0.0,-1,0.0,G1_REGIME,regime='unknown' skipped=None reg_empty=True,-1,0.0,0.0,
XRP/USDT,2368,2026-06-16 13:00:00,long,0.56238,82.39,60.0,1.2257,0.0121,unknown,,,,False,False,0.0,0.0,50.0,0.0,0.0,0.0,0.0,0.0,50.0,0.0,0.0,-1,0.0,G1_REGIME,regime='unknown' skipped=None reg_empty=True,-1,0.0,0.0,
XRP/USDT,2369,2026-06-16 14:00:00,long,0.56,84.07,60.0,1.2095,0.013171,unknown,,,,False,False,0.0,0.0,50.0,0.0,0.0,0.0,0.0,0.0,50.0,0.0,0.0,-1,0.0,G1_REGIME,regime='unknown' skipped=None reg_empty=True,-1,0.0,0.0,
XRP/USDT,2370,2026-06-16 15:00:00,long,0.55778,74.76,60.0,1.2098,0.013186,unknown,,,,False,False,0.0,0.0,50.0,0.0,0.0,0.0,0.0,0.0,50.0,0.0,0.0,-1,0.0,G1_REGIME,regime='unknown' skipped=None reg_empty=True,-1,0.0,0.0,
XRP/USDT,2371,2026-06-16 16:00:00,long,0.5605,72.34,60.0,1.2129,0.012543,unknown,,,,False,False,0.0,0.0,50.0,0.0,0.0,0.0,0.0,0.0,50.0,0.0,0.0,-1,0.0,G1_REGIME,regime='unknown' skipped=None reg_empty=True,-1,0.0,0.0,
XRP/USDT,2372,2026-06-16 17:00:00,long,0.56092,82.4,60.0,1.2211,0.012479,unknown,,,,False,False,0.0,0.0,50.0,0.0,0.0,0.0,0.0,0.0,50.0,0.0,0.0,-1,0.0,G1_REGIME,regime='unknown' skipped=None reg_empty=True,-1,0.0,0.0,
XRP/USDT,2373,2026-06-16 18:00:00,long,0.56507,76.04,60.0,1.2266,0.012429,unknown,,,,False,False,0.0,0.0,50.0,0.0,0.0,0.0,0.0,0.0,50.0,0.0,0.0,-1,0.0,G1_REGIME,regime='unknown' skipped=None reg_empty=True,-1,0.0,0.0,
XRP/USDT,2374,2026-06-16 19:00:00,long,0.56825,63.19,60.0,1.2205,0.0127,unknown,,,,False,False,0.0,0.0,50.0,0.0,0.0,0.0,0.0,0.0,50.0,0.0,0.0,-1,0.0,G1_REGIME,regime='unknown' skipped=None reg_empty=True,-1,0.0,0.0,
XRP/USDT,2375,2026-06-16 20:00:00,long,0.56741,61.33,60.0,1.2231,0.012471,unknown,,,,False,False,0.0,0.0,50.0,0.0,0.0,0.0,0.0,0.0,50.0,0.0,0.0,-1,0.0,G1_REGIME,regime='unknown' skipped=None reg_empty=True,-1,0.0,0.0,
XRP/USDT,2376,2026-06-16 21:00:00,long,0.56991,61.67,60.0,1.2198,0.012579,unknown,,,,False,False,0.0,0.0,50.0,0.0,0.0,0.0,0.0,0.0,50.0,0.0,0.0,-1,0.0,G1_REGIME,regime='unknown' skipped=None reg_empty=True,-1,0.0,0.0,
XRP/USDT,2377,2026-06-16 22:00:00,long,0.56891,62.03,60.0,1.2219,0.011593,unknown,,,,False,False,0.0,0.0,50.0,0.0,0.0,0.0,0.0,0.0,50.0,0.0,0.0,-1,0.0,G1_REGIME,regime='unknown' skipped=None reg_empty=True,-1,0.0,0.0,
XRP/USDT,2378,2026-06-16 23:00:00,long,0.56933,59.95,60.0,1.2173,0.011379,unknown,,,,False,False,0.0,0.0,50.0,0.0,0.0,0.0,0.0,0.0,50.0,0.0,0.0,-1,0.0,G1_REGIME,regime='unknown' skipped=None reg_empty=True,-1,0.0,0.0,
XRP/USDT,2379,2026-06-17 00:00:00,long,0.57356,62.59,60.0,1.2151,0.011371,unknown,,,,False,False,0.0,0.0,50.0,0.0,0.0,0.0,0.0,0.0,50.0,0.0,0.0,-1,0.0,G1_REGIME,regime='unknown' skipped=None reg_empty=True,-1,0.0,0.0,
XRP/USDT,2380,2026-06-17 01:00:00,long,0.5743,66.97,60.0,1.2217,0.011793,unknown,,,,False,False,0.0,0.0,50.0,0.0,0.0,0.0,0.0,0.0,50.0,0.0,0.0,-1,0.0,G1_REGIME,regime='unknown' skipped=None reg_empty=True,-1,0.0,0.0,
XRP/USDT,2381,2026-06-17 02:00:00,long,0.57518,67.78,60.0,1.2192,0.011321,unknown,,,,False,False,0.0,0.0,50.0,0.0,0.0,0.0,0.0,0.0,50.0,0.0,0.0,-1,0.0,G1_REGIME,regime='unknown' skipped=None reg_empty=True,-1,0.0,0.0,
XRP/USDT,2382,2026-06-17 03:00:00,long,0.55988,63.11,60.0,1.2161,0.010271,unknown,,,,False,False,0.0,0.0,50.0,0.0,0.0,0.0,0.0,0.0,50.0,0.0,0.0,-1,0.0,G1_REGIME,regime='unknown' skipped=None reg_empty=True,-1,0.0,0.0,
XRP/USDT,2383,2026-06-17 04:00:00,long,0.56602,66.48,60.0,1.2172,0.008993,unknown,,,,False,False,0.0,0.0,50.0,0.0,0.0,0.0,0.0,0.0,50.0,0.0,0.0,-1,0.0,G1_REGIME,regime='unknown' skipped=None reg_empty=True,-1,0.0,0.0,
XRP/USDT,2384,2026-06-17 05:00:00,long,0.56492,65.67,60.0,1.2181,0.008843,unknown,,,,False,False,0.0,0.0,50.0,0.0,0.0,0.0,0.0,0.0,50.0,0.0,0.0,-1,0.0,G1_REGIME,regime='unknown' skipped=None reg_empty=True,-1,0.0,0.0,
XRP/USDT,2385,2026-06-17 06:00:00,long,0.5625,68.72,60.0,1.2119,0.009207,unknown,,,,False,False,0.0,0.0,50.0,0.0,0.0,0.0,0.0,0.0,50.0,0.0,0.0,-1,0.0,G1_REGIME,regime='unknown' skipped=None reg_empty=True,-1,0.0,0.0,
XRP/USDT,2386,2026-06-17 07:00:00,long,0.56467,69.33,60.0,1.2095,0.009214,unknown,,,,False,False,0.0,0.0,50.0,0.0,0.0,0.0,0.0,0.0,50.0,0.0,0.0,-1,0.0,G1_REGIME,regime='unknown' skipped=None reg_empty=True,-1,0.0,0.0,
XRP/USDT,2387,2026-06-17 08:00:00,long,0.5709,67.69,60.0,1.1962,0.009579,unknown,,,,False,False,0.0,0.0,50.0,0.0,0.0,0.0,0.0,0.0,50.0,0.0,0.0,-1,0.0,G1_REGIME,regime='unknown' skipped=None reg_empty=True,-1,0.0,0.0,
XRP/USDT,2388,2026-06-17 09:00:00,long,0.56609,63.57,60.0,1.1977,0.009257,unknown,,,,False,False,0.0,0.0,50.0,0.0,0.0,0.0,0.0,0.0,50.0,0.0,0.0,-1,0.0,G1_REGIME,regime='unknown' skipped=None reg_empty=True,-1,0.0,0.0,
XRP/USDT,2389,2026-06-17 10:00:00,long,0.57005,60.87,60.0,1.1961,0.008986,unknown,,,,False,False,0.0,0.0,50.0,0.0,0.0,0.0,0.0,0.0,50.0,0.0,0.0,-1,0.0,G1_REGIME,regime='unknown' skipped=None reg_empty=True,-1,0.0,0.0,
XRP/USDT,2390,2026-06-17 11:00:00,long,0.57362,87.83,60.0,1.1928,0.008914,unknown,,,,False,False,0.0,0.0,50.0,0.0,0.0,0.0,0.0,0.0,50.0,0.0,0.0,-1,0.0,G1_REGIME,regime='unknown' skipped=None reg_empty=True,-1,0.0,0.0,
XRP/USDT,2391,2026-06-17 12:00:00,long,0.57181,87.68,60.0,1.1977,0.009193,unknown,,,,False,False,0.0,0.0,50.0,0.0,0.0,0.0,0.0,0.0,50.0,0.0,0.0,-1,0.0,G1_REGIME,regime='unknown' skipped=None reg_empty=True,-1,0.0,0.0,
XRP/USDT,2392,2026-06-17 13:00:00,long,0.5628,91.13,60.0,1.201,0.009371,unknown,,,,False,False,0.0,0.0,50.0,0.0,0.0,0.0,0.0,0.0,50.0,0.0,0.0,-1,0.0,G1_REGIME,regime='unknown' skipped=None reg_empty=True,-1,0.0,0.0,
XRP/USDT,2393,2026-06-17 14:00:00,long,0.56609,100.0,60.0,1.195,0.009993,unknown,,,,False,False,0.0,0.0,50.0,0.0,0.0,0.0,0.0,0.0,50.0,0.0,0.0,-1,0.0,G1_REGIME,regime='unknown' skipped=None reg_empty=True,-1,0.0,0.0,
XRP/USDT,2394,2026-06-17 15:00:00,long,0.55771,68.78,60.0,1.2136,0.010407,unknown,,,,False,False,0.0,0.0,50.0,0.0,0.0,0.0,0.0,0.0,50.0,0.0,0.0,-1,0.0,G1_REGIME,regime='unknown' skipped=None reg_empty=True,-1,0.0,0.0,
XRP/USDT,2395,2026-06-17 16:00:00,long,0.55299,81.56,60.0,1.2126,0.010464,unknown,,,,False,False,0.0,0.0,50.0,0.0,0.0,0.0,0.0,0.0,50.0,0.0,0.0,-1,0.0,G1_REGIME,regime='unknown' skipped=None reg_empty=True,-1,0.0,0.0,
XRP/USDT,2396,2026-06-17 17:00:00,long,0.55596,67.21,60.0,1.2184,0.01075,unknown,,,,False,False,0.0,0.0,50.0,0.0,0.0,0.0,0.0,0.0,50.0,0.0,0.0,-1,0.0,G1_REGIME,regime='unknown' skipped=None reg_empty=True,-1,0.0,0.0,
XRP/USDT,2397,2026-06-17 18:00:00,long,0.58698,99.82,60.0,1.2089,0.012114,unknown,,,,False,False,0.0,0.0,50.0,0.0,0.0,0.0,0.0,0.0,50.0,0.0,0.0,-1,0.0,G1_REGIME,regime='unknown' skipped=None reg_empty=True,-1,0.0,0.0,
XRP/USDT,2398,2026-06-17 19:00:00,long,0.58824,100.0,60.0,1.1808,0.014064,unknown,,,,False,False,0.0,0.0,50.0,0.0,0.0,0.0,0.0,0.0,50.0,0.0,0.0,-1,0.0,G1_REGIME,regime='unknown' skipped=None reg_empty=True,-1,0.0,0.0,
XRP/USDT,2399,2026-06-17 20:00:00,long,0.5803,86.76,60.0,1.1903,0.0142,unknown,,,,False,False,0.0,0.0,50.0,0.0,0.0,0.0,0.0,0.0,50.0,0.0,0.0,-1,0.0,G1_REGIME,regime='unknown' skipped=None reg_empty=True,-1,0.0,0.0,
XRP/USDT,2400,2026-06-17 21:00:00,long,0.57511,81.7,60.0,1.1823,0.014279,unknown,,,,False,False,0.0,0.0,50.0,0.0,0.0,0.0,0.0,0.0,50.0,0.0,0.0,-1,0.0,G1_REGIME,regime='unknown' skipped=None reg_empty=True,-1,0.0,0.0,
XRP/USDT,2401,2026-06-17 22:00:00,long,0.58266,87.34,60.0,1.184,0.0144,unknown,,,,False,False,0.0,0.0,50.0,0.0,0.0,0.0,0.0,0.0,50.0,0.0,0.0,-1,0.0,G1_REGIME,regime='unknown' skipped=None reg_empty=True,-1,0.0,0.0,
XRP/USDT,2402,2026-06-17 23:00:00,long,0.57918,82.85,60.0,1.1868,0.0144,unknown,,,,False,False,0.0,0.0,50.0,0.0,0.0,0.0,0.0,0.0,50.0,0.0,0.0,-1,0.0,G1_REGIME,regime='unknown' skipped=None reg_empty=True,-1,0.0,0.0,
XRP/USDT,2403,2026-06-18 00:00:00,long,0.64217,83.66,60.0,1.1871,0.014479,unknown,,,,False,False,0.0,0.0,50.0,0.0,0.0,0.0,0.0,0.0,50.0,0.0,0.0,-1,0.0,G1_REGIME,regime='unknown' skipped=None reg_empty=True,-1,0.0,0.0,
XRP/USDT,2404,2026-06-18 01:00:00,long,0.63968,87.33,60.0,1.1889,0.014307,unknown,,,,False,False,0.0,0.0,50.0,0.0,0.0,0.0,0.0,0.0,50.0,0.0,0.0,-1,0.0,G1_REGIME,regime='unknown' skipped=None reg_empty=True,-1,0.0,0.0,
XRP/USDT,2405,2026-06-18 02:00:00,long,0.63561,54.99,60.0,1.1897,0.013843,unknown,,,,False,False,0.0,0.0,50.0,0.0,0.0,0.0,0.0,0.0,50.0,0.0,0.0,-1,0.0,G1_REGIME,regime='unknown' skipped=None reg_empty=True,-1,0.0,0.0,
XRP/USDT,2406,2026-06-18 03:00:00,long,0.63324,85.13,60.0,1.1788,0.013914,unknown,,,,False,False,0.0,0.0,50.0,0.0,0.0,0.0,0.0,0.0,50.0,0.0,0.0,-1,0.0,G1_REGIME,regime='unknown' skipped=None reg_empty=True,-1,0.0,0.0,
XRP/USDT,2407,2026-06-18 04:00:00,long,0.62446,88.17,60.0,1.1695,0.013679,unknown,,,,False,False,0.0,0.0,50.0,0.0,0.0,0.0,0.0,0.0,50.0,0.0,0.0,-1,0.0,G1_REGIME,regime='unknown' skipped=None reg_empty=True,-1,0.0,0.0,
XRP/USDT,2408,2026-06-18 05:00:00,long,0.61751,86.46,60.0,1.1677,0.012707,unknown,,,,False,False,0.0,0.0,50.0,0.0,0.0,0.0,0.0,0.0,50.0,0.0,0.0,-1,0.0,G1_REGIME,regime='unknown' skipped=None reg_empty=True,-1,0.0,0.0,
XRP/USDT,2409,2026-06-18 06:00:00,long,0.61485,83.54,60.0,1.1708,0.0123,unknown,,,,False,False,0.0,0.0,50.0,0.0,0.0,0.0,0.0,0.0,50.0,0.0,0.0,-1,0.0,G1_REGIME,regime='unknown' skipped=None reg_empty=True,-1,0.0,0.0,
XRP/USDT,2410,2026-06-18 07:00:00,long,0.61632,86.69,60.0,1.1787,0.012464,unknown,,,,False,False,0.0,0.0,50.0,0.0,0.0,0.0,0.0,0.0,50.0,0.0,0.0,-1,0.0,G1_REGIME,regime='unknown' skipped=None reg_empty=True,-1,0.0,0.0,
XRP/USDT,2411,2026-06-18 08:00:00,long,0.62007,85.89,60.0,1.1784,0.010971,unknown,,,,False,False,0.0,0.0,50.0,0.0,0.0,0.0,0.0,0.0,50.0,0.0,0.0,-1,0.0,G1_REGIME,regime='unknown' skipped=None reg_empty=True,-1,0.0,0.0,
XRP/USDT,2412,2026-06-18 09:00:00,long,0.62302,85.99,60.0,1.1786,0.008857,unknown,,,,False,False,0.0,0.0,50.0,0.0,0.0,0.0,0.0,0.0,50.0,0.0,0.0,-1,0.0,G1_REGIME,regime='unknown' skipped=None reg_empty=True,-1,0.0,0.0,
XRP/USDT,2413,2026-06-18 10:00:00,long,0.62902,87.37,60.0,1.1691,0.008743,unknown,,,,False,False,0.0,0.0,50.0,0.0,0.0,0.0,0.0,0.0,50.0,0.0,0.0,-1,0.0,G1_REGIME,regime='unknown' skipped=None reg_empty=True,-1,0.0,0.0,
XRP/USDT,2414,2026-06-18 11:00:00,long,0.64818,85.31,60.0,1.1645,0.0086,unknown,,,,False,False,0.0,0.0,50.0,0.0,0.0,0.0,0.0,0.0,50.0,0.0,0.0,-1,0.0,G1_REGIME,regime='unknown' skipped=None reg_empty=True,-1,0.0,0.0,
XRP/USDT,2415,2026-06-18 12:00:00,long,0.61625,86.25,60.0,1.1689,0.007893,unknown,,,,False,False,0.0,0.0,50.0,0.0,0.0,0.0,0.0,0.0,50.0,0.0,0.0,-1,0.0,G1_REGIME,regime='unknown' skipped=None reg_empty=True,-1,0.0,0.0,
XRP/USDT,2416,2026-06-18 13:00:00,long,0.67598,91.33,60.0,1.1611,0.00875,unknown,,,,False,False,0.0,0.0,50.0,0.0,0.0,0.0,0.0,0.0,50.0,0.0,0.0,-1,0.0,G1_REGIME,regime='unknown' skipped=None reg_empty=True,-1,0.0,0.0,
XRP/USDT,2417,2026-06-18 14:00:00,long,0.68619,87.52,60.0,1.16,0.009386,unknown,,,,False,False,0.0,0.0,50.0,0.0,0.0,0.0,0.0,0.0,50.0,0.0,0.0,-1,0.0,G1_REGIME,regime='unknown' skipped=None reg_empty=True,-1,0.0,0.0,
XRP/USDT,2418,2026-06-18 15:00:00,long,0.69514,100.0,60.0,1.1379,0.010864,unknown,,,,False,False,0.0,0.0,50.0,0.0,0.0,0.0,0.0,0.0,50.0,0.0,0.0,-1,0.0,G1_REGIME,regime='unknown' skipped=None reg_empty=True,-1,0.0,0.0,
XRP/USDT,2419,2026-06-18 16:00:00,long,0.71499,93.03,60.0,1.1476,0.011493,unknown,,,,False,False,0.0,0.0,50.0,0.0,0.0,0.0,0.0,0.0,50.0,0.0,0.0,-1,0.0,G1_REGIME,regime='unknown' skipped=None reg_empty=True,-1,0.0,0.0,
XRP/USDT,2420,2026-06-18 17:00:00,long,0.69492,86.73,60.0,1.1433,0.011457,unknown,,,,False,False,0.0,0.0,50.0,0.0,0.0,0.0,0.0,0.0,50.0,0.0,0.0,-1,0.0,G1_REGIME,regime='unknown' skipped=None reg_empty=True,-1,0.0,0.0,
XRP/USDT,2421,2026-06-18 18:00:00,long,0.70185,87.01,60.0,1.1384,0.011336,unknown,,,,False,False,0.0,0.0,50.0,0.0,0.0,0.0,0.0,0.0,50.0,0.0,0.0,-1,0.0,G1_REGIME,regime='unknown' skipped=None reg_empty=True,-1,0.0,0.0,
XRP/USDT,2422,2026-06-18 19:00:00,long,0.70802,90.53,60.0,1.1436,0.011671,unknown,,,,False,False,0.0,0.0,50.0,0.0,0.0,0.0,0.0,0.0,50.0,0.0,0.0,-1,0.0,G1_REGIME,regime='unknown' skipped=None reg_empty=True,-1,0.0,0.0,
XRP/USDT,2423,2026-06-18 20:00:00,long,0.7274,82.57,60.0,1.1522,0.011921,unknown,,,,False,False,0.0,0.0,50.0,0.0,0.0,0.0,0.0,0.0,50.0,0.0,0.0,-1,0.0,G1_REGIME,regime='unknown' skipped=None reg_empty=True,-1,0.0,0.0,
XRP/USDT,2424,2026-06-18 21:00:00,long,0.72509,88.13,60.0,1.145,0.011714,unknown,,,,False,False,0.0,0.0,50.0,0.0,0.0,0.0,0.0,0.0,50.0,0.0,0.0,-1,0.0,G1_REGIME,regime='unknown' skipped=None reg_empty=True,-1,0.0,0.0,
XRP/USDT,2425,2026-06-18 22:00:00,long,0.7355,91.17,60.0,1.1472,0.0118,unknown,,,,False,False,0.0,0.0,50.0,0.0,0.0,0.0,0.0,0.0,50.0,0.0,0.0,-1,0.0,G1_REGIME,regime='unknown' skipped=None reg_empty=True,-1,0.0,0.0,
XRP/USDT,2426,2026-06-18 23:00:00,long,0.73782,87.39,60.0,1.1465,0.011736,unknown,,,,False,False,0.0,0.0,50.0,0.0,0.0,0.0,0.0,0.0,50.0,0.0,0.0,-1,0.0,G1_REGIME,regime='unknown' skipped=None reg_empty=True,-1,0.0,0.0,
XRP/USDT,2427,2026-06-19 00:00:00,long,0.74648,88.26,60.0,1.149,0.011421,unknown,,,,False,False,0.0,0.0,50.0,0.0,0.0,0.0,0.0,0.0,50.0,0.0,0.0,-1,0.0,G1_REGIME,regime='unknown' skipped=None reg_empty=True,-1,0.0,0.0,
XRP/USDT,2428,2026-06-19 01:00:00,long,0.73998,79.51,60.0,1.1513,0.011271,unknown,,,,False,False,0.0,0.0,50.0,0.0,0.0,0.0,0.0,0.0,50.0,0.0,0.0,-1,0.0,G1_REGIME,regime='unknown' skipped=None reg_empty=True,-1,0.0,0.0,
XRP/USDT,2429,2026-06-19 02:00:00,long,0.74394,88.76,60.0,1.1483,0.011293,unknown,,,,False,False,0.0,0.0,50.0,0.0,0.0,0.0,0.0,0.0,50.0,0.0,0.0,-1,0.0,G1_REGIME,regime='unknown' skipped=None reg_empty=True,-1,0.0,0.0,
XRP/USDT,2430,2026-06-19 03:00:00,long,0.68877,92.07,60.0,1.1391,0.011036,unknown,,,,False,False,0.0,0.0,50.0,0.0,0.0,0.0,0.0,0.0,50.0,0.0,0.0,-1,0.0,G1_REGIME,regime='unknown' skipped=None reg_empty=True,-1,0.0,0.0,
XRP/USDT,2431,2026-06-19 04:00:00,long,0.68425,89.72,60.0,1.1275,0.011064,unknown,,,,False,False,0.0,0.0,50.0,0.0,0.0,0.0,0.0,0.0,50.0,0.0,0.0,-1,0.0,G1_REGIME,regime='unknown' skipped=None reg_empty=True,-1,0.0,0.0,
XRP/USDT,2432,2026-06-19 05:00:00,long,0.67935,83.88,60.0,1.1335,0.009543,unknown,,,,False,False,0.0,0.0,50.0,0.0,0.0,0.0,0.0,0.0,50.0,0.0,0.0,-1,0.0,G1_REGIME,regime='unknown' skipped=None reg_empty=True,-1,0.0,0.0,
XRP/USDT,2433,2026-06-19 06:00:00,long,0.69092,87.22,60.0,1.1341,0.009293,unknown,,,,False,False,0.0,0.0,50.0,0.0,0.0,0.0,0.0,0.0,50.0,0.0,0.0,-1,0.0,G1_REGIME,regime='unknown' skipped=None reg_empty=True,-1,0.0,0.0,
XRP/USDT,2434,2026-06-19 07:00:00,long,0.67489,86.25,60.0,1.1254,0.009407,unknown,,,,False,False,0.0,0.0,50.0,0.0,0.0,0.0,0.0,0.0,50.0,0.0,0.0,-1,0.0,G1_REGIME,regime='unknown' skipped=None reg_empty=True,-1,0.0,0.0,
XRP/USDT,2435,2026-06-19 08:00:00,long,0.69262,84.93,60.0,1.1268,0.00915,unknown,,,,False,False,0.0,0.0,50.0,0.0,0.0,0.0,0.0,0.0,50.0,0.0,0.0,-1,0.0,G1_REGIME,regime='unknown' skipped=None reg_empty=True,-1,0.0,0.0,
XRP/USDT,2436,2026-06-19 09:00:00,long,0.67524,82.9,60.0,1.1249,0.008771,unknown,,,,False,False,0.0,0.0,50.0,0.0,0.0,0.0,0.0,0.0,50.0,0.0,0.0,-1,0.0,G1_REGIME,regime='unknown' skipped=None reg_empty=True,-1,0.0,0.0,
XRP/USDT,2437,2026-06-19 10:00:00,long,0.73071,85.87,60.0,1.1252,0.008393,unknown,,,,False,False,0.0,0.0,50.0,0.0,0.0,0.0,0.0,0.0,50.0,0.0,0.0,-1,0.0,G1_REGIME,regime='unknown' skipped=None reg_empty=True,-1,0.0,0.0,
XRP/USDT,2438,2026-06-19 11:00:00,long,0.69765,85.69,60.0,1.1274,0.008164,unknown,,,,False,False,0.0,0.0,50.0,0.0,0.0,0.0,0.0,0.0,50.0,0.0,0.0,-1,0.0,G1_REGIME,regime='unknown' skipped=None reg_empty=True,-1,0.0,0.0,
XRP/USDT,2439,2026-06-19 12:00:00,long,0.69433,91.93,60.0,1.1314,0.008664,unknown,,,,False,False,0.0,0.0,50.0,0.0,0.0,0.0,0.0,0.0,50.0,0.0,0.0,-1,0.0,G1_REGIME,regime='unknown' skipped=None reg_empty=True,-1,0.0,0.0,
XRP/USDT,2440,2026-06-19 13:00:00,long,0.71179,88.16,60.0,1.1397,0.009371,unknown,,,,False,False,0.0,0.0,50.0,0.0,0.0,0.0,0.0,0.0,50.0,0.0,0.0,-1,0.0,G1_REGIME,regime='unknown' skipped=None reg_empty=True,-1,0.0,0.0,
XRP/USDT,2441,2026-06-19 14:00:00,long,0.74335,81.14,60.0,1.1366,0.009421,unknown,,,,False,False,0.0,0.0,50.0,0.0,0.0,0.0,0.0,0.0,50.0,0.0,0.0,-1,0.0,G1_REGIME,regime='unknown' skipped=None reg_empty=True,-1,0.0,0.0,
XRP/USDT,2442,2026-06-19 15:00:00,long,0.74047,77.3,60.0,1.137,0.009271,unknown,,,,False,False,0.0,0.0,50.0,0.0,0.0,0.0,0.0,0.0,50.0,0.0,0.0,-1,0.0,G1_REGIME,regime='unknown' skipped=None reg_empty=True,-1,0.0,0.0,
XRP/USDT,2443,2026-06-19 16:00:00,long,0.74223,88.33,60.0,1.1304,0.009429,unknown,,,,False,False,0.0,0.0,50.0,0.0,0.0,0.0,0.0,0.0,50.0,0.0,0.0,-1,0.0,G1_REGIME,regime='unknown' skipped=None reg_empty=True,-1,0.0,0.0,
XRP/USDT,2444,2026-06-19 17:00:00,long,0.74039,80.26,60.0,1.1362,0.009207,unknown,,,,False,False,0.0,0.0,50.0,0.0,0.0,0.0,0.0,0.0,50.0,0.0,0.0,-1,0.0,G1_REGIME,regime='unknown' skipped=None reg_empty=True,-1,0.0,0.0,
XRP/USDT,2445,2026-06-19 18:00:00,long,0.73854,89.7,60.0,1.1327,0.008621,unknown,,,,False,False,0.0,0.0,50.0,0.0,0.0,0.0,0.0,0.0,50.0,0.0,0.0,-1,0.0,G1_REGIME,regime='unknown' skipped=None reg_empty=True,-1,0.0,0.0,
XRP/USDT,2446,2026-06-19 19:00:00,long,0.74385,86.9,60.0,1.1315,0.008579,unknown,,,,False,False,0.0,0.0,50.0,0.0,0.0,0.0,0.0,0.0,50.0,0.0,0.0,-1,0.0,G1_REGIME,regime='unknown' skipped=None reg_empty=True,-1,0.0,0.0,
XRP/USDT,2447,2026-06-19 20:00:00,long,0.74121,89.02,60.0,1.1348,0.008579,unknown,,,,False,False,0.0,0.0,50.0,0.0,0.0,0.0,0.0,0.0,50.0,0.0,0.0,-1,0.0,G1_REGIME,regime='unknown' skipped=None reg_empty=True,-1,0.0,0.0,
XRP/USDT,2448,2026-06-19 21:00:00,long,0.72493,87.15,60.0,1.1301,0.008079,unknown,,,,False,False,0.0,0.0,50.0,0.0,0.0,0.0,0.0,0.0,50.0,0.0,0.0,-1,0.0,G1_REGIME,regime='unknown' skipped=None reg_empty=True,-1,0.0,0.0,
XRP/USDT,2449,2026-06-19 22:00:00,long,0.72552,89.64,60.0,1.1342,0.008064,unknown,,,,False,False,0.0,0.0,50.0,0.0,0.0,0.0,0.0,0.0,50.0,0.0,0.0,-1,0.0,G1_REGIME,regime='unknown' skipped=None reg_empty=True,-1,0.0,0.0,
XRP/USDT,2450,2026-06-19 23:00:00,long,0.7216,83.29,60.0,1.1359,0.00805,unknown,,,,False,False,0.0,0.0,50.0,0.0,0.0,0.0,0.0,0.0,50.0,0.0,0.0,-1,0.0,G1_REGIME,regime='unknown' skipped=None reg_empty=True,-1,0.0,0.0,
XRP/USDT,2451,2026-06-20 00:00:00,long,0.71191,76.02,60.0,1.1373,0.008157,unknown,,,,False,False,0.0,0.0,50.0,0.0,0.0,0.0,0.0,0.0,50.0,0.0,0.0,-1,0.0,G1_REGIME,regime='unknown' skipped=None reg_empty=True,-1,0.0,0.0,
XRP/USDT,2452,2026-06-20 01:00:00,long,0.70286,53.94,60.0,1.1419,0.008086,unknown,,,,False,False,0.0,0.0,50.0,0.0,0.0,0.0,0.0,0.0,50.0,0.0,0.0,-1,0.0,G1_REGIME,regime='unknown' skipped=None reg_empty=True,-1,0.0,0.0,
XRP/USDT,2453,2026-06-20 02:00:00,long,0.73453,54.61,60.0,1.1391,0.00755,unknown,,,,False,False,0.0,0.0,50.0,0.0,0.0,0.0,0.0,0.0,50.0,0.0,0.0,-1,0.0,G1_REGIME,regime='unknown' skipped=None reg_empty=True,-1,0.0,0.0,
XRP/USDT,2454,2026-06-20 03:00:00,long,0.73461,52.94,60.0,1.14,0.006721,unknown,,,,False,False,0.0,0.0,50.0,0.0,0.0,0.0,0.0,0.0,50.0,0.0,0.0,-1,0.0,G1_REGIME,regime='unknown' skipped=None reg_empty=True,-1,0.0,0.0,
XRP/USDT,2455,2026-06-20 04:00:00,long,0.7266,62.96,60.0,1.1444,0.006664,unknown,,,,False,False,0.0,0.0,50.0,0.0,0.0,0.0,0.0,0.0,50.0,0.0,0.0,-1,0.0,G1_REGIME,regime='unknown' skipped=None reg_empty=True,-1,0.0,0.0,
XRP/USDT,2456,2026-06-20 05:00:00,long,0.71761,82.09,60.0,1.1479,0.007143,unknown,,,,False,False,0.0,0.0,50.0,0.0,0.0,0.0,0.0,0.0,50.0,0.0,0.0,-1,0.0,G1_REGIME,regime='unknown' skipped=None reg_empty=True,-1,0.0,0.0,
XRP/USDT,2457,2026-06-20 06:00:00,long,0.73689,67.73,60.0,1.1497,0.006721,unknown,,,,False,False,0.0,0.0,50.0,0.0,0.0,0.0,0.0,0.0,50.0,0.0,0.0,-1,0.0,G1_REGIME,regime='unknown' skipped=None reg_empty=True,-1,0.0,0.0,
XRP/USDT,2458,2026-06-20 07:00:00,long,0.72919,74.98,60.0,1.1473,0.006357,unknown,,,,False,False,0.0,0.0,50.0,0.0,0.0,0.0,0.0,0.0,50.0,0.0,0.0,-1,0.0,G1_REGIME,regime='unknown' skipped=None reg_empty=True,-1,0.0,0.0,
XRP/USDT,2459,2026-06-20 08:00:00,long,0.72923,75.04,60.0,1.1469,0.006114,unknown,,,,False,False,0.0,0.0,50.0,0.0,0.0,0.0,0.0,0.0,50.0,0.0,0.0,-1,0.0,G1_REGIME,regime='unknown' skipped=None reg_empty=True,-1,0.0,0.0,
XRP/USDT,2460,2026-06-20 09:00:00,long,0.73297,64.61,60.0,1.1522,0.006143,unknown,,,,False,False,0.0,0.0,50.0,0.0,0.0,0.0,0.0,0.0,50.0,0.0,0.0,-1,0.0,G1_REGIME,regime='unknown' skipped=None reg_empty=True,-1,0.0,0.0,
XRP/USDT,2461,2026-06-20 10:00:00,long,0.7337,74.61,60.0,1.1494,0.005907,unknown,,,,False,False,0.0,0.0,50.0,0.0,0.0,0.0,0.0,0.0,50.0,0.0,0.0,-1,0.0,G1_REGIME,regime='unknown' skipped=None reg_empty=True,-1,0.0,0.0,
XRP/USDT,2462,2026-06-20 11:00:00,long,0.71367,63.87,60.0,1.1472,0.005764,unknown,,,,False,False,0.0,0.0,50.0,0.0,0.0,0.0,0.0,0.0,50.0,0.0,0.0,-1,0.0,G1_REGIME,regime='unknown' skipped=None reg_empty=True,-1,0.0,0.0,
XRP/USDT,2463,2026-06-20 12:00:00,long,0.71394,72.45,60.0,1.1462,0.005643,unknown,,,,False,False,0.0,0.0,50.0,0.0,0.0,0.0,0.0,0.0,50.0,0.0,0.0,-1,0.0,G1_REGIME,regime='unknown' skipped=None reg_empty=True,-1,0.0,0.0,
XRP/USDT,2464,2026-06-20 13:00:00,long,0.72693,100.0,60.0,1.1411,0.005864,unknown,,,,False,False,0.0,0.0,50.0,0.0,0.0,0.0,0.0,0.0,50.0,0.0,0.0,-1,0.0,G1_REGIME,regime='unknown' skipped=None reg_empty=True,-1,0.0,0.0,
XRP/USDT,2465,2026-06-20 14:00:00,long,0.70941,97.38,60.0,1.1463,0.0066,unknown,,,,False,False,0.0,0.0,50.0,0.0,0.0,0.0,0.0,0.0,50.0,0.0,0.0,-1,0.0,G1_REGIME,regime='unknown' skipped=None reg_empty=True,-1,0.0,0.0,
XRP/USDT,2466,2026-06-20 15:00:00,long,0.7276,100.0,60.0,1.1508,0.007,unknown,,,,False,False,0.0,0.0,50.0,0.0,0.0,0.0,0.0,0.0,50.0,0.0,0.0,-1,0.0,G1_REGIME,regime='unknown' skipped=None reg_empty=True,-1,0.0,0.0,
XRP/USDT,2467,2026-06-20 16:00:00,long,0.71823,77.7,60.0,1.1489,0.007057,unknown,,,,False,False,0.0,0.0,50.0,0.0,0.0,0.0,0.0,0.0,50.0,0.0,0.0,-1,0.0,G1_REGIME,regime='unknown' skipped=None reg_empty=True,-1,0.0,0.0,
XRP/USDT,2468,2026-06-20 17:00:00,long,0.72847,85.39,60.0,1.1435,0.007521,unknown,,,,False,False,0.0,0.0,50.0,0.0,0.0,0.0,0.0,0.0,50.0,0.0,0.0,-1,0.0,G1_REGIME,regime='unknown' skipped=None reg_empty=True,-1,0.0,0.0,
XRP/USDT,2469,2026-06-20 18:00:00,long,0.72186,76.77,60.0,1.1419,0.007407,unknown,,,,False,False,0.0,0.0,50.0,0.0,0.0,0.0,0.0,0.0,50.0,0.0,0.0,-1,0.0,G1_REGIME,regime='unknown' skipped=None reg_empty=True,-1,0.0,0.0,
XRP/USDT,2470,2026-06-20 19:00:00,long,0.71679,78.32,60.0,1.1441,0.006879,unknown,,,,False,False,0.0,0.0,50.0,0.0,0.0,0.0,0.0,0.0,50.0,0.0,0.0,-1,0.0,G1_REGIME,regime='unknown' skipped=None reg_empty=True,-1,0.0,0.0,
XRP/USDT,2471,2026-06-20 20:00:00,long,0.70383,67.24,60.0,1.1453,0.006807,unknown,,,,False,False,0.0,0.0,50.0,0.0,0.0,0.0,0.0,0.0,50.0,0.0,0.0,-1,0.0,G1_REGIME,regime='unknown' skipped=None reg_empty=True,-1,0.0,0.0,
XRP/USDT,2472,2026-06-20 21:00:00,long,0.68808,70.63,60.0,1.1473,0.0068,unknown,,,,False,False,0.0,0.0,50.0,0.0,0.0,0.0,0.0,0.0,50.0,0.0,0.0,-1,0.0,G1_REGIME,regime='unknown' skipped=None reg_empty=True,-1,0.0,0.0,
XRP/USDT,2473,2026-06-20 22:00:00,long,0.67713,84.75,60.0,1.1526,0.007193,unknown,,,,False,False,0.0,0.0,50.0,0.0,0.0,0.0,0.0,0.0,50.0,0.0,0.0,-1,0.0,G1_REGIME,regime='unknown' skipped=None reg_empty=True,-1,0.0,0.0,
XRP/USDT,2474,2026-06-20 23:00:00,long,0.67874,81.87,60.0,1.1499,0.007079,unknown,,,,False,False,0.0,0.0,50.0,0.0,0.0,0.0,0.0,0.0,50.0,0.0,0.0,-1,0.0,G1_REGIME,regime='unknown' skipped=None reg_empty=True,-1,0.0,0.0,
XRP/USDT,2475,2026-06-21 00:00:00,long,0.67788,81.61,60.0,1.1493,0.0069,unknown,,,,False,False,0.0,0.0,50.0,0.0,0.0,0.0,0.0,0.0,50.0,0.0,0.0,-1,0.0,G1_REGIME,regime='unknown' skipped=None reg_empty=True,-1,0.0,0.0,
XRP/USDT,2476,2026-06-21 01:00:00,long,0.68202,63.85,60.0,1.1497,0.006857,unknown,,,,False,False,0.0,0.0,50.0,0.0,0.0,0.0,0.0,0.0,50.0,0.0,0.0,-1,0.0,G1_REGIME,regime='unknown' skipped=None reg_empty=True,-1,0.0,0.0,
XRP/USDT,2477,2026-06-21 02:00:00,long,0.68945,60.49,60.0,1.1474,0.006743,unknown,,,,False,False,0.0,0.0,50.0,0.0,0.0,0.0,0.0,0.0,50.0,0.0,0.0,-1,0.0,G1_REGIME,regime='unknown' skipped=None reg_empty=True,-1,0.0,0.0,
XRP/USDT,2478,2026-06-21 03:00:00,long,0.677,64.51,60.0,1.1495,0.006479,unknown,,,,False,False,0.0,0.0,50.0,0.0,0.0,0.0,0.0,0.0,50.0,0.0,0.0,-1,0.0,G1_REGIME,regime='unknown' skipped=None reg_empty=True,-1,0.0,0.0,
XRP/USDT,2479,2026-06-21 04:00:00,long,0.66399,58.12,60.0,1.1454,0.005743,unknown,,,,False,False,0.0,0.0,50.0,0.0,0.0,0.0,0.0,0.0,50.0,0.0,0.0,-1,0.0,G1_REGIME,regime='unknown' skipped=None reg_empty=True,-1,0.0,0.0,
XRP/USDT,2480,2026-06-21 05:00:00,long,0.66088,58.94,60.0,1.1445,0.005164,unknown,,,,False,False,0.0,0.0,50.0,0.0,0.0,0.0,0.0,0.0,50.0,0.0,0.0,-1,0.0,G1_REGIME,regime='unknown' skipped=None reg_empty=True,-1,0.0,0.0,
XRP/USDT,2481,2026-06-21 06:00:00,long,0.66464,57.24,60.0,1.147,0.004943,unknown,,,,False,False,0.0,0.0,50.0,0.0,0.0,0.0,0.0,0.0,50.0,0.0,0.0,-1,0.0,G1_REGIME,regime='unknown' skipped=None reg_empty=True,-1,0.0,0.0,
XRP/USDT,2482,2026-06-21 07:00:00,long,0.66872,61.68,60.0,1.1474,0.004536,unknown,,,,False,False,0.0,0.0,50.0,0.0,0.0,0.0,0.0,0.0,50.0,0.0,0.0,-1,0.0,G1_REGIME,regime='unknown' skipped=None reg_empty=True,-1,0.0,0.0,
XRP/USDT,2483,2026-06-21 08:00:00,long,0.66503,57.11,60.0,1.1446,0.004643,unknown,,,,False,False,0.0,0.0,50.0,0.0,0.0,0.0,0.0,0.0,50.0,0.0,0.0,-1,0.0,G1_REGIME,regime='unknown' skipped=None reg_empty=True,-1,0.0,0.0,
XRP/USDT,2484,2026-06-21 09:00:00,long,0.64929,63.85,60.0,1.1491,0.004757,unknown,,,,False,False,0.0,0.0,50.0,0.0,0.0,0.0,0.0,0.0,50.0,0.0,0.0,-1,0.0,G1_REGIME,regime='unknown' skipped=None reg_empty=True,-1,0.0,0.0,
XRP/USDT,2485,2026-06-21 10:00:00,long,0.65047,69.26,60.0,1.1485,0.004921,unknown,,,,False,False,0.0,0.0,50.0,0.0,0.0,0.0,0.0,0.0,50.0,0.0,0.0,-1,0.0,G1_REGIME,regime='unknown' skipped=None reg_empty=True,-1,0.0,0.0,
XRP/USDT,2486,2026-06-21 11:00:00,long,0.66782,75.89,60.0,1.1427,0.005207,unknown,,,,False,False,0.0,0.0,50.0,0.0,0.0,0.0,0.0,0.0,50.0,0.0,0.0,-1,0.0,G1_REGIME,regime='unknown' skipped=None reg_empty=True,-1,0.0,0.0,
XRP/USDT,2487,2026-06-21 12:00:00,long,0.63241,60.84,60.0,1.1445,0.004936,unknown,,,,False,False,0.0,0.0,50.0,0.0,0.0,0.0,0.0,0.0,50.0,0.0,0.0,-1,0.0,G1_REGIME,regime='unknown' skipped=None reg_empty=True,-1,0.0,0.0,
XRP/USDT,2488,2026-06-21 13:00:00,long,0.62754,59.47,60.0,1.1451,0.004993,unknown,,,,False,False,0.0,0.0,50.0,0.0,0.0,0.0,0.0,0.0,50.0,0.0,0.0,-1,0.0,G1_REGIME,regime='unknown' skipped=None reg_empty=True,-1,0.0,0.0,
XRP/USDT,2489,2026-06-21 14:00:00,long,0.63602,59.74,60.0,1.1476,0.005243,unknown,,,,False,False,0.0,0.0,50.0,0.0,0.0,0.0,0.0,0.0,50.0,0.0,0.0,-1,0.0,G1_REGIME,regime='unknown' skipped=None reg_empty=True,-1,0.0,0.0,
XRP/USDT,2490,2026-06-21 15:00:00,long,0.63562,65.75,60.0,1.1497,0.00535,unknown,,,,False,False,0.0,0.0,50.0,0.0,0.0,0.0,0.0,0.0,50.0,0.0,0.0,-1,0.0,G1_REGIME,regime='unknown' skipped=None reg_empty=True,-1,0.0,0.0,
XRP/USDT,2491,2026-06-21 16:00:00,long,0.64349,62.38,60.0,1.145,0.005664,unknown,,,,False,False,0.0,0.0,50.0,0.0,0.0,0.0,0.0,0.0,50.0,0.0,0.0,-1,0.0,G1_REGIME,regime='unknown' skipped=None reg_empty=True,-1,0.0,0.0,
XRP/USDT,2492,2026-06-21 17:00:00,long,0.63567,61.23,60.0,1.1424,0.005721,unknown,,,,False,False,0.0,0.0,50.0,0.0,0.0,0.0,0.0,0.0,50.0,0.0,0.0,-1,0.0,G1_REGIME,regime='unknown' skipped=None reg_empty=True,-1,0.0,0.0,
XRP/USDT,2493,2026-06-21 18:00:00,long,0.61718,59.11,60.0,1.1456,0.00575,unknown,,,,False,False,0.0,0.0,50.0,0.0,0.0,0.0,0.0,0.0,50.0,0.0,0.0,-1,0.0,G1_REGIME,regime='unknown' skipped=None reg_empty=True,-1,0.0,0.0,
XRP/USDT,2494,2026-06-21 19:00:00,long,0.61974,55.94,60.0,1.1456,0.005779,unknown,,,,False,False,0.0,0.0,50.0,0.0,0.0,0.0,0.0,0.0,50.0,0.0,0.0,-1,0.0,G1_REGIME,regime='unknown' skipped=None reg_empty=True,-1,0.0,0.0,
XRP/USDT,2495,2026-06-21 20:00:00,long,0.66764,59.46,60.0,1.1396,0.006293,unknown,,,,False,False,0.0,0.0,50.0,0.0,0.0,0.0,0.0,0.0,50.0,0.0,0.0,-1,0.0,G1_REGIME,regime='unknown' skipped=None reg_empty=True,-1,0.0,0.0,
XRP/USDT,2496,2026-06-21 21:00:00,long,0.7427,88.24,60.0,1.1349,0.007236,unknown,,,,False,False,0.0,0.0,50.0,0.0,0.0,0.0,0.0,0.0,50.0,0.0,0.0,-1,0.0,G1_REGIME,regime='unknown' skipped=None reg_empty=True,-1,0.0,0.0,
XRP/USDT,2497,2026-06-21 22:00:00,long,0.7395,70.17,60.0,1.1319,0.007457,unknown,,,,False,False,0.0,0.0,50.0,0.0,0.0,0.0,0.0,0.0,50.0,0.0,0.0,-1,0.0,G1_REGIME,regime='unknown' skipped=None reg_empty=True,-1,0.0,0.0,
XRP/USDT,2498,2026-06-21 23:00:00,long,0.74676,71.04,60.0,1.1248,0.0076,unknown,,,,False,False,0.0,0.0,50.0,0.0,0.0,0.0,0.0,0.0,50.0,0.0,0.0,-1,0.0,G1_REGIME,regime='unknown' skipped=None reg_empty=True,-1,0.0,0.0,
XRP/USDT,2499,2026-06-22 00:00:00,long,0.74059,62.25,60.0,1.1391,0.008357,unknown,,,,False,False,0.0,0.0,50.0,0.0,0.0,0.0,0.0,0.0,50.0,0.0,0.0,-1,0.0,G1_REGIME,regime='unknown' skipped=None reg_empty=True,-1,0.0,0.0,
XRP/USDT,2500,2026-06-22 01:00:00,long,0.74347,94.55,60.0,1.1454,0.009,unknown,,,,False,False,0.0,0.0,50.0,0.0,0.0,0.0,0.0,0.0,50.0,0.0,0.0,-1,0.0,G1_REGIME,regime='unknown' skipped=None reg_empty=True,-1,0.0,0.0,
XRP/USDT,2501,2026-06-22 02:00:00,long,0.70584,71.37,60.0,1.1363,0.009371,unknown,,,,False,False,0.0,0.0,50.0,0.0,0.0,0.0,0.0,0.0,50.0,0.0,0.0,-1,0.0,G1_REGIME,regime='unknown' skipped=None reg_empty=True,-1,0.0,0.0,
XRP/USDT,2502,2026-06-22 03:00:00,long,0.71083,70.47,60.0,1.1301,0.009721,unknown,,,,False,False,0.0,0.0,50.0,0.0,0.0,0.0,0.0,0.0,50.0,0.0,0.0,-1,0.0,G1_REGIME,regime='unknown' skipped=None reg_empty=True,-1,0.0,0.0,
XRP/USDT,2503,2026-06-22 04:00:00,long,0.72371,70.44,60.0,1.1342,0.009693,unknown,,,,False,False,0.0,0.0,50.0,0.0,0.0,0.0,0.0,0.0,50.0,0.0,0.0,-1,0.0,G1_REGIME,regime='unknown' skipped=None reg_empty=True,-1,0.0,0.0,
XRP/USDT,2504,2026-06-22 05:00:00,long,0.70679,89.49,60.0,1.1353,0.009714,unknown,,,,False,False,0.0,0.0,50.0,0.0,0.0,0.0,0.0,0.0,50.0,0.0,0.0,-1,0.0,G1_REGIME,regime='unknown' skipped=None reg_empty=True,-1,0.0,0.0,
XRP/USDT,2505,2026-06-22 06:00:00,long,0.71799,89.12,60.0,1.131,0.009779,unknown,,,,False,False,0.0,0.0,50.0,0.0,0.0,0.0,0.0,0.0,50.0,0.0,0.0,-1,0.0,G1_REGIME,regime='unknown' skipped=None reg_empty=True,-1,0.0,0.0,
XRP/USDT,2506,2026-06-22 07:00:00,long,0.73569,88.3,60.0,1.1374,0.010029,unknown,,,,False,False,0.0,0.0,50.0,0.0,0.0,0.0,0.0,0.0,50.0,0.0,0.0,-1,0.0,G1_REGIME,regime='unknown' skipped=None reg_empty=True,-1,0.0,0.0,
XRP/USDT,2507,2026-06-22 08:00:00,long,0.73827,91.03,60.0,1.135,0.009893,unknown,,,,False,False,0.0,0.0,50.0,0.0,0.0,0.0,0.0,0.0,50.0,0.0,0.0,-1,0.0,G1_REGIME,regime='unknown' skipped=None reg_empty=True,-1,0.0,0.0,
XRP/USDT,2508,2026-06-22 09:00:00,long,0.74145,91.23,60.0,1.1348,0.009964,unknown,,,,False,False,0.0,0.0,50.0,0.0,0.0,0.0,0.0,0.0,50.0,0.0,0.0,-1,0.0,G1_REGIME,regime='unknown' skipped=None reg_empty=True,-1,0.0,0.0,
XRP/USDT,2509,2026-06-22 10:00:00,long,0.72137,81.83,60.0,1.1373,0.0095,unknown,,,,False,False,0.0,0.0,50.0,0.0,0.0,0.0,0.0,0.0,50.0,0.0,0.0,-1,0.0,G1_REGIME,regime='unknown' skipped=None reg_empty=True,-1,0.0,0.0,
XRP/USDT,2510,2026-06-22 11:00:00,long,0.66806,79.03,60.0,1.1479,0.009243,unknown,,,,False,False,0.0,0.0,50.0,0.0,0.0,0.0,0.0,0.0,50.0,0.0,0.0,-1,0.0,G1_REGIME,regime='unknown' skipped=None reg_empty=True,-1,0.0,0.0,
XRP/USDT,2511,2026-06-22 12:00:00,long,0.69505,82.15,60.0,1.1577,0.009464,unknown,,,,False,False,0.0,0.0,50.0,0.0,0.0,0.0,0.0,0.0,50.0,0.0,0.0,-1,0.0,G1_REGIME,regime='unknown' skipped=None reg_empty=True,-1,0.0,0.0,
XRP/USDT,2512,2026-06-22 13:00:00,long,0.71491,77.44,60.0,1.1637,0.009686,unknown,,,,False,False,0.0,0.0,50.0,0.0,0.0,0.0,0.0,0.0,50.0,0.0,0.0,-1,0.0,G1_REGIME,regime='unknown' skipped=None reg_empty=True,-1,0.0,0.0,
XRP/USDT,2513,2026-06-22 14:00:00,long,0.72397,70.43,60.0,1.143,0.010214,unknown,,,,False,False,0.0,0.0,50.0,0.0,0.0,0.0,0.0,0.0,50.0,0.0,0.0,-1,0.0,G1_REGIME,regime='unknown' skipped=None reg_empty=True,-1,0.0,0.0,
XRP/USDT,2514,2026-06-22 15:00:00,long,0.73238,65.42,60.0,1.1401,0.00965,unknown,,,,False,False,0.0,0.0,50.0,0.0,0.0,0.0,0.0,0.0,50.0,0.0,0.0,-1,0.0,G1_REGIME,regime='unknown' skipped=None reg_empty=True,-1,0.0,0.0,
XRP/USDT,2515,2026-06-22 16:00:00,long,0.71288,71.4,60.0,1.1387,0.009493,unknown,,,,False,False,0.0,0.0,50.0,0.0,0.0,0.0,0.0,0.0,50.0,0.0,0.0,-1,0.0,G1_REGIME,regime='unknown' skipped=None reg_empty=True,-1,0.0,0.0,
XRP/USDT,2516,2026-06-22 17:00:00,long,0.70578,71.46,60.0,1.1395,0.009314,unknown,,,,False,False,0.0,0.0,50.0,0.0,0.0,0.0,0.0,0.0,50.0,0.0,0.0,-1,0.0,G1_REGIME,regime='unknown' skipped=None reg_empty=True,-1,0.0,0.0,
XRP/USDT,2517,2026-06-22 18:00:00,long,0.7196,69.06,60.0,1.1331,0.009793,unknown,,,,False,False,0.0,0.0,50.0,0.0,0.0,0.0,0.0,0.0,50.0,0.0,0.0,-1,0.0,G1_REGIME,regime='unknown' skipped=None reg_empty=True,-1,0.0,0.0,
XRP/USDT,2518,2026-06-22 19:00:00,long,0.71265,72.36,60.0,1.1344,0.009821,unknown,,,,False,False,0.0,0.0,50.0,0.0,0.0,0.0,0.0,0.0,50.0,0.0,0.0,-1,0.0,G1_REGIME,regime='unknown' skipped=None reg_empty=True,-1,0.0,0.0,
XRP/USDT,2519,2026-06-22 20:00:00,long,0.71217,65.83,60.0,1.1318,0.009786,unknown,,,,False,False,0.0,0.0,50.0,0.0,0.0,0.0,0.0,0.0,50.0,0.0,0.0,-1,0.0,G1_REGIME,regime='unknown' skipped=None reg_empty=True,-1,0.0,0.0,
XRP/USDT,2520,2026-06-22 21:00:00,long,0.71456,67.3,60.0,1.1316,0.009629,unknown,,,,False,False,0.0,0.0,50.0,0.0,0.0,0.0,0.0,0.0,50.0,0.0,0.0,-1,0.0,G1_REGIME,regime='unknown' skipped=None reg_empty=True,-1,0.0,0.0,
XRP/USDT,2521,2026-06-22 22:00:00,long,0.71041,74.82,60.0,1.1276,0.010121,unknown,,,,False,False,0.0,0.0,50.0,0.0,0.0,0.0,0.0,0.0,50.0,0.0,0.0,-1,0.0,G1_REGIME,regime='unknown' skipped=None reg_empty=True,-1,0.0,0.0,
XRP/USDT,2522,2026-06-22 23:00:00,long,0.70382,62.17,60.0,1.1295,0.0101,unknown,,,,False,False,0.0,0.0,50.0,0.0,0.0,0.0,0.0,0.0,50.0,0.0,0.0,-1,0.0,G1_REGIME,regime='unknown' skipped=None reg_empty=True,-1,0.0,0.0,
XRP/USDT,2523,2026-06-23 00:00:00,long,0.67979,64.15,60.0,1.1314,0.010193,unknown,,,,False,False,0.0,0.0,50.0,0.0,0.0,0.0,0.0,0.0,50.0,0.0,0.0,-1,0.0,G1_REGIME,regime='unknown' skipped=None reg_empty=True,-1,0.0,0.0,
XRP/USDT,2524,2026-06-23 01:00:00,long,0.67883,66.94,60.0,1.1289,0.010029,unknown,,,,False,False,0.0,0.0,50.0,0.0,0.0,0.0,0.0,0.0,50.0,0.0,0.0,-1,0.0,G1_REGIME,regime='unknown' skipped=None reg_empty=True,-1,0.0,0.0,
XRP/USDT,2525,2026-06-23 02:00:00,long,0.67224,65.24,60.0,1.1296,0.009493,unknown,,,,False,False,0.0,0.0,50.0,0.0,0.0,0.0,0.0,0.0,50.0,0.0,0.0,-1,0.0,G1_REGIME,regime='unknown' skipped=None reg_empty=True,-1,0.0,0.0,
XRP/USDT,2526,2026-06-23 03:00:00,long,0.67778,66.13,60.0,1.1274,0.00895,unknown,,,,False,False,0.0,0.0,50.0,0.0,0.0,0.0,0.0,0.0,50.0,0.0,0.0,-1,0.0,G1_REGIME,regime='unknown' skipped=None reg_empty=True,-1,0.0,0.0,
XRP/USDT,2527,2026-06-23 04:00:00,long,0.67825,71.46,60.0,1.1175,0.0081,unknown,,,,False,False,0.0,0.0,50.0,0.0,0.0,0.0,0.0,0.0,50.0,0.0,0.0,-1,0.0,G1_REGIME,regime='unknown' skipped=None reg_empty=True,-1,0.0,0.0,
XRP/USDT,2528,2026-06-23 05:00:00,long,0.67351,87.76,60.0,1.1158,0.007771,unknown,,,,False,False,0.0,0.0,50.0,0.0,0.0,0.0,0.0,0.0,50.0,0.0,0.0,-1,0.0,G1_REGIME,regime='unknown' skipped=None reg_empty=True,-1,0.0,0.0,
XRP/USDT,2529,2026-06-23 06:00:00,long,0.67725,100.0,60.0,1.1132,0.007836,unknown,,,,False,False,0.0,0.0,50.0,0.0,0.0,0.0,0.0,0.0,50.0,0.0,0.0,-1,0.0,G1_REGIME,regime='unknown' skipped=None reg_empty=True,-1,0.0,0.0,
XRP/USDT,2530,2026-06-23 07:00:00,long,0.67298,80.47,60.0,1.1129,0.007629,unknown,,,,False,False,0.0,0.0,50.0,0.0,0.0,0.0,0.0,0.0,50.0,0.0,0.0,-1,0.0,G1_REGIME,regime='unknown' skipped=None reg_empty=True,-1,0.0,0.0,
XRP/USDT,2531,2026-06-23 08:00:00,long,0.68667,100.0,60.0,1.1003,0.008264,unknown,,,,False,False,0.0,0.0,50.0,0.0,0.0,0.0,0.0,0.0,50.0,0.0,0.0,-1,0.0,G1_REGIME,regime='unknown' skipped=None reg_empty=True,-1,0.0,0.0,
XRP/USDT,2532,2026-06-23 09:00:00,long,0.69677,84.28,60.0,1.1037,0.008264,unknown,,,,False,False,0.0,0.0,50.0,0.0,0.0,0.0,0.0,0.0,50.0,0.0,0.0,-1,0.0,G1_REGIME,regime='unknown' skipped=None reg_empty=True,-1,0.0,0.0,
XRP/USDT,2533,2026-06-23 10:00:00,long,0.69631,86.98,60.0,1.1043,0.008136,unknown,,,,False,False,0.0,0.0,50.0,0.0,0.0,0.0,0.0,0.0,50.0,0.0,0.0,-1,0.0,G1_REGIME,regime='unknown' skipped=None reg_empty=True,-1,0.0,0.0,
XRP/USDT,2534,2026-06-23 11:00:00,long,0.68838,87.39,60.0,1.1093,0.008071,unknown,,,,False,False,0.0,0.0,50.0,0.0,0.0,0.0,0.0,0.0,50.0,0.0,0.0,-1,0.0,G1_REGIME,regime='unknown' skipped=None reg_empty=True,-1,0.0,0.0,
XRP/USDT,2535,2026-06-23 12:00:00,long,0.68765,85.25,60.0,1.1012,0.007879,unknown,,,,False,False,0.0,0.0,50.0,0.0,0.0,0.0,0.0,0.0,50.0,0.0,0.0,-1,0.0,G1_REGIME,regime='unknown' skipped=None reg_empty=True,-1,0.0,0.0,
XRP/USDT,2536,2026-06-23 13:00:00,long,0.70477,92.06,60.0,1.1029,0.008264,unknown,,,,False,False,0.0,0.0,50.0,0.0,0.0,0.0,0.0,0.0,50.0,0.0,0.0,-1,0.0,G1_REGIME,regime='unknown' skipped=None reg_empty=True,-1,0.0,0.0,
XRP/USDT,2537,2026-06-23 14:00:00,long,0.70493,88.84,60.0,1.1016,0.008443,unknown,,,,False,False,0.0,0.0,50.0,0.0,0.0,0.0,0.0,0.0,50.0,0.0,0.0,-1,0.0,G1_REGIME,regime='unknown' skipped=None reg_empty=True,-1,0.0,0.0,
XRP/USDT,2538,2026-06-23 15:00:00,long,0.70549,90.58,60.0,1.0993,0.008314,unknown,,,,False,False,0.0,0.0,50.0,0.0,0.0,0.0,0.0,0.0,50.0,0.0,0.0,-1,0.0,G1_REGIME,regime='unknown' skipped=None reg_empty=True,-1,0.0,0.0,
XRP/USDT,2539,2026-06-23 16:00:00,long,0.70073,87.92,60.0,1.101,0.00845,unknown,,,,False,False,0.0,0.0,50.0,0.0,0.0,0.0,0.0,0.0,50.0,0.0,0.0,-1,0.0,G1_REGIME,regime='unknown' skipped=None reg_empty=True,-1,0.0,0.0,
XRP/USDT,2540,2026-06-23 17:00:00,long,0.69836,83.17,60.0,1.098,0.008771,unknown,,,,False,False,0.0,0.0,50.0,0.0,0.0,0.0,0.0,0.0,50.0,0.0,0.0,-1,0.0,G1_REGIME,regime='unknown' skipped=None reg_empty=True,-1,0.0,0.0,
XRP/USDT,2541,2026-06-23 18:00:00,long,0.69918,85.02,60.0,1.0987,0.008379,unknown,,,,False,False,0.0,0.0,50.0,0.0,0.0,0.0,0.0,0.0,50.0,0.0,0.0,-1,0.0,G1_REGIME,regime='unknown' skipped=None reg_empty=True,-1,0.0,0.0,
XRP/USDT,2542,2026-06-23 19:00:00,long,0.70452,86.1,60.0,1.102,0.008557,unknown,,,,False,False,0.0,0.0,50.0,0.0,0.0,0.0,0.0,0.0,50.0,0.0,0.0,-1,0.0,G1_REGIME,regime='unknown' skipped=None reg_empty=True,-1,0.0,0.0,
XRP/USDT,2543,2026-06-23 20:00:00,long,0.6974,86.59,60.0,1.1044,0.008171,unknown,,,,False,False,0.0,0.0,50.0,0.0,0.0,0.0,0.0,0.0,50.0,0.0,0.0,-1,0.0,G1_REGIME,regime='unknown' skipped=None reg_empty=True,-1,0.0,0.0,
XRP/USDT,2544,2026-06-23 21:00:00,long,0.6957,85.08,60.0,1.1049,0.008079,unknown,,,,False,False,0.0,0.0,50.0,0.0,0.0,0.0,0.0,0.0,50.0,0.0,0.0,-1,0.0,G1_REGIME,regime='unknown' skipped=None reg_empty=True,-1,0.0,0.0,
XRP/USDT,2545,2026-06-23 22:00:00,long,0.67981,80.33,60.0,1.109,0.007157,unknown,,,,False,False,0.0,0.0,50.0,0.0,0.0,0.0,0.0,0.0,50.0,0.0,0.0,-1,0.0,G1_REGIME,regime='unknown' skipped=None reg_empty=True,-1,0.0,0.0,
XRP/USDT,2546,2026-06-23 23:00:00,long,0.6844,81.32,60.0,1.1103,0.007229,unknown,,,,False,False,0.0,0.0,50.0,0.0,0.0,0.0,0.0,0.0,50.0,0.0,0.0,-1,0.0,G1_REGIME,regime='unknown' skipped=None reg_empty=True,-1,0.0,0.0,
XRP/USDT,2547,2026-06-24 00:00:00,long,0.68741,87.12,60.0,1.1112,0.007107,unknown,,,,False,False,0.0,0.0,50.0,0.0,0.0,0.0,0.0,0.0,50.0,0.0,0.0,-1,0.0,G1_REGIME,regime='unknown' skipped=None reg_empty=True,-1,0.0,0.0,
XRP/USDT,2548,2026-06-24 01:00:00,long,0.67708,81.63,60.0,1.1088,0.007121,unknown,,,,False,False,0.0,0.0,50.0,0.0,0.0,0.0,0.0,0.0,50.0,0.0,0.0,-1,0.0,G1_REGIME,regime='unknown' skipped=None reg_empty=True,-1,0.0,0.0,
XRP/USDT,2549,2026-06-24 02:00:00,long,0.68241,92.74,60.0,1.1055,0.006743,unknown,,,,False,False,0.0,0.0,50.0,0.0,0.0,0.0,0.0,0.0,50.0,0.0,0.0,-1,0.0,G1_REGIME,regime='unknown' skipped=None reg_empty=True,-1,0.0,0.0,
XRP/USDT,2550,2026-06-24 03:00:00,long,0.68248,89.05,60.0,1.104,0.006543,unknown,,,,False,False,0.0,0.0,50.0,0.0,0.0,0.0,0.0,0.0,50.0,0.0,0.0,-1,0.0,G1_REGIME,regime='unknown' skipped=None reg_empty=True,-1,0.0,0.0,
XRP/USDT,2551,2026-06-24 04:00:00,long,0.68828,94.52,60.0,1.1017,0.00665,unknown,,,,False,False,0.0,0.0,50.0,0.0,0.0,0.0,0.0,0.0,50.0,0.0,0.0,-1,0.0,G1_REGIME,regime='unknown' skipped=None reg_empty=True,-1,0.0,0.0,
XRP/USDT,2552,2026-06-24 05:00:00,long,0.68922,80.9,60.0,1.1052,0.006357,unknown,,,,False,False,0.0,0.0,50.0,0.0,0.0,0.0,0.0,0.0,50.0,0.0,0.0,-1,0.0,G1_REGIME,regime='unknown' skipped=None reg_empty=True,-1,0.0,0.0,
XRP/USDT,2553,2026-06-24 06:00:00,long,0.67941,54.13,60.0,1.1026,0.00615,unknown,,,,False,False,0.0,0.0,50.0,0.0,0.0,0.0,0.0,0.0,50.0,0.0,0.0,-1,0.0,G1_REGIME,regime='unknown' skipped=None reg_empty=True,-1,0.0,0.0,
XRP/USDT,2554,2026-06-24 07:00:00,long,0.66593,63.52,60.0,1.0987,0.005964,unknown,,,,False,False,0.0,0.0,50.0,0.0,0.0,0.0,0.0,0.0,50.0,0.0,0.0,-1,0.0,G1_REGIME,regime='unknown' skipped=None reg_empty=True,-1,0.0,0.0,
XRP/USDT,2555,2026-06-24 08:00:00,long,0.66961,58.91,60.0,1.1024,0.005957,unknown,,,,False,False,0.0,0.0,50.0,0.0,0.0,0.0,0.0,0.0,50.0,0.0,0.0,-1,0.0,G1_REGIME,regime='unknown' skipped=None reg_empty=True,-1,0.0,0.0,
XRP/USDT,2556,2026-06-24 09:00:00,long,0.65055,52.81,60.0,1.0986,0.00575,unknown,,,,False,False,0.0,0.0,50.0,0.0,0.0,0.0,0.0,0.0,50.0,0.0,0.0,-1,0.0,G1_REGIME,regime='unknown' skipped=None reg_empty=True,-1,0.0,0.0,
XRP/USDT,2557,2026-06-24 10:00:00,long,0.65764,84.61,60.0,1.0867,0.00655,unknown,,,,False,False,0.0,0.0,50.0,0.0,0.0,0.0,0.0,0.0,50.0,0.0,0.0,-1,0.0,G1_REGIME,regime='unknown' skipped=None reg_empty=True,-1,0.0,0.0,
XRP/USDT,2558,2026-06-24 11:00:00,long,0.64549,71.8,60.0,1.0958,0.00775,unknown,,,,False,False,0.0,0.0,50.0,0.0,0.0,0.0,0.0,0.0,50.0,0.0,0.0,-1,0.0,G1_REGIME,regime='unknown' skipped=None reg_empty=True,-1,0.0,0.0,
XRP/USDT,2559,2026-06-24 12:00:00,long,0.64016,65.77,60.0,1.0902,0.007593,unknown,,,,False,False,0.0,0.0,50.0,0.0,0.0,0.0,0.0,0.0,50.0,0.0,0.0,-1,0.0,G1_REGIME,regime='unknown' skipped=None reg_empty=True,-1,0.0,0.0,
XRP/USDT,2560,2026-06-24 13:00:00,long,0.68704,86.13,60.0,1.0762,0.008264,unknown,,,,False,False,0.0,0.0,50.0,0.0,0.0,0.0,0.0,0.0,50.0,0.0,0.0,-1,0.0,G1_REGIME,regime='unknown' skipped=None reg_empty=True,-1,0.0,0.0,
XRP/USDT,2561,2026-06-24 14:00:00,long,0.68876,92.86,60.0,1.0754,0.008593,unknown,,,,False,False,0.0,0.0,50.0,0.0,0.0,0.0,0.0,0.0,50.0,0.0,0.0,-1,0.0,G1_REGIME,regime='unknown' skipped=None reg_empty=True,-1,0.0,0.0,
XRP/USDT,2562,2026-06-24 15:00:00,long,0.69252,100.0,60.0,1.0585,0.009479,unknown,,,,False,False,0.0,0.0,50.0,0.0,0.0,0.0,0.0,0.0,50.0,0.0,0.0,-1,0.0,G1_REGIME,regime='unknown' skipped=None reg_empty=True,-1,0.0,0.0,
XRP/USDT,2563,2026-06-24 16:00:00,long,0.66338,100.0,60.0,1.0569,0.010271,unknown,,,,False,False,0.0,0.0,50.0,0.0,0.0,0.0,0.0,0.0,50.0,0.0,0.0,-1,0.0,G1_REGIME,regime='unknown' skipped=None reg_empty=True,-1,0.0,0.0,
XRP/USDT,2564,2026-06-24 17:00:00,long,0.67244,93.67,60.0,1.0513,0.010843,unknown,,,,False,False,0.0,0.0,50.0,0.0,0.0,0.0,0.0,0.0,50.0,0.0,0.0,-1,0.0,G1_REGIME,regime='unknown' skipped=None reg_empty=True,-1,0.0,0.0,
XRP/USDT,2565,2026-06-24 18:00:00,long,0.67533,92.06,60.0,1.0603,0.011664,unknown,,,,False,False,0.0,0.0,50.0,0.0,0.0,0.0,0.0,0.0,50.0,0.0,0.0,-1,0.0,G1_REGIME,regime='unknown' skipped=None reg_empty=True,-1,0.0,0.0,
XRP/USDT,2566,2026-06-24 19:00:00,long,0.6586,88.67,60.0,1.0575,0.011929,unknown,,,,False,False,0.0,0.0,50.0,0.0,0.0,0.0,0.0,0.0,50.0,0.0,0.0,-1,0.0,G1_REGIME,regime='unknown' skipped=None reg_empty=True,-1,0.0,0.0,
XRP/USDT,2567,2026-06-24 20:00:00,long,0.63569,81.37,60.0,1.0748,0.013343,unknown,,,,False,False,0.0,0.0,50.0,0.0,0.0,0.0,0.0,0.0,50.0,0.0,0.0,-1,0.0,G1_REGIME,regime='unknown' skipped=None reg_empty=True,-1,0.0,0.0,
XRP/USDT,2568,2026-06-24 21:00:00,long,0.64745,78.49,60.0,1.0766,0.013671,unknown,,,,False,False,0.0,0.0,50.0,0.0,0.0,0.0,0.0,0.0,50.0,0.0,0.0,-1,0.0,G1_REGIME,regime='unknown' skipped=None reg_empty=True,-1,0.0,0.0,
XRP/USDT,2569,2026-06-24 22:00:00,long,0.64271,76.59,60.0,1.0715,0.014029,unknown,,,,False,False,0.0,0.0,50.0,0.0,0.0,0.0,0.0,0.0,50.0,0.0,0.0,-1,0.0,G1_REGIME,regime='unknown' skipped=None reg_empty=True,-1,0.0,0.0,
XRP/USDT,2570,2026-06-24 23:00:00,long,0.65193,77.68,60.0,1.0736,0.014107,unknown,,,,False,False,0.0,0.0,50.0,0.0,0.0,0.0,0.0,0.0,50.0,0.0,0.0,-1,0.0,G1_REGIME,regime='unknown' skipped=None reg_empty=True,-1,0.0,0.0,
XRP/USDT,2571,2026-06-25 00:00:00,long,0.66413,79.08,60.0,1.0742,0.013436,unknown,,,,False,False,0.0,0.0,50.0,0.0,0.0,0.0,0.0,0.0,50.0,0.0,0.0,-1,0.0,G1_REGIME,regime='unknown' skipped=None reg_empty=True,-1,0.0,0.0,
XRP/USDT,2572,2026-06-25 01:00:00,long,0.66091,81.4,60.0,1.0755,0.012364,unknown,,,,False,False,0.0,0.0,50.0,0.0,0.0,0.0,0.0,0.0,50.0,0.0,0.0,-1,0.0,G1_REGIME,regime='unknown' skipped=None reg_empty=True,-1,0.0,0.0,
XRP/USDT,2573,2026-06-25 02:00:00,long,0.67281,81.5,60.0,1.0716,0.012529,unknown,,,,False,False,0.0,0.0,50.0,0.0,0.0,0.0,0.0,0.0,50.0,0.0,0.0,-1,0.0,G1_REGIME,regime='unknown' skipped=None reg_empty=True,-1,0.0,0.0,
XRP/USDT,2574,2026-06-25 03:00:00,long,0.68527,79.48,60.0,1.0719,0.01175,unknown,,,,False,False,0.0,0.0,50.0,0.0,0.0,0.0,0.0,0.0,50.0,0.0,0.0,-1,0.0,G1_REGIME,regime='unknown' skipped=None reg_empty=True,-1,0.0,0.0,
XRP/USDT,2575,2026-06-25 04:00:00,long,0.68526,83.21,60.0,1.0804,0.012014,unknown,,,,False,False,0.0,0.0,50.0,0.0,0.0,0.0,0.0,0.0,50.0,0.0,0.0,-1,0.0,G1_REGIME,regime='unknown' skipped=None reg_empty=True,-1,0.0,0.0,
XRP/USDT,2576,2026-06-25 05:00:00,long,0.68724,73.86,60.0,1.0847,0.011329,unknown,,,,False,False,0.0,0.0,50.0,0.0,0.0,0.0,0.0,0.0,50.0,0.0,0.0,-1,0.0,G1_REGIME,regime='unknown' skipped=None reg_empty=True,-1,0.0,0.0,
XRP/USDT,2577,2026-06-25 06:00:00,long,0.7031,75.33,60.0,1.0882,0.010614,unknown,,,,False,False,0.0,0.0,50.0,0.0,0.0,0.0,0.0,0.0,50.0,0.0,0.0,-1,0.0,G1_REGIME,regime='unknown' skipped=None reg_empty=True,-1,0.0,0.0,
XRP/USDT,2578,2026-06-25 07:00:00,long,0.7059,71.9,60.0,1.087,0.009821,unknown,,,,False,False,0.0,0.0,50.0,0.0,0.0,0.0,0.0,0.0,50.0,0.0,0.0,-1,0.0,G1_REGIME,regime='unknown' skipped=None reg_empty=True,-1,0.0,0.0,
XRP/USDT,2579,2026-06-25 08:00:00,long,0.70678,70.13,60.0,1.083,0.008643,unknown,,,,False,False,0.0,0.0,50.0,0.0,0.0,0.0,0.0,0.0,50.0,0.0,0.0,-1,0.0,G1_REGIME,regime='unknown' skipped=None reg_empty=True,-1,0.0,0.0,
XRP/USDT,2580,2026-06-25 09:00:00,long,0.69298,70.4,60.0,1.0814,0.008236,unknown,,,,False,False,0.0,0.0,50.0,0.0,0.0,0.0,0.0,0.0,50.0,0.0,0.0,-1,0.0,G1_REGIME,regime='unknown' skipped=None reg_empty=True,-1,0.0,0.0,
XRP/USDT,2581,2026-06-25 10:00:00,long,0.72601,80.86,60.0,1.0737,0.007136,unknown,,,,False,False,0.0,0.0,50.0,0.0,0.0,0.0,0.0,0.0,50.0,0.0,0.0,-1,0.0,G1_REGIME,regime='unknown' skipped=None reg_empty=True,-1,0.0,0.0,
XRP/USDT,2582,2026-06-25 11:00:00,long,0.72658,79.16,60.0,1.0721,0.00685,unknown,,,,False,False,0.0,0.0,50.0,0.0,0.0,0.0,0.0,0.0,50.0,0.0,0.0,-1,0.0,G1_REGIME,regime='unknown' skipped=None reg_empty=True,-1,0.0,0.0,
XRP/USDT,2583,2026-06-25 12:00:00,long,0.72241,86.94,60.0,1.0749,0.006986,unknown,,,,False,False,0.0,0.0,50.0,0.0,0.0,0.0,0.0,0.0,50.0,0.0,0.0,-1,0.0,G1_REGIME,regime='unknown' skipped=None reg_empty=True,-1,0.0,0.0,
XRP/USDT,2584,2026-06-25 13:00:00,long,0.70056,100.0,60.0,1.0156,0.011143,unknown,,,,False,False,0.0,0.0,50.0,0.0,0.0,0.0,0.0,0.0,50.0,0.0,0.0,-1,0.0,G1_REGIME,regime='unknown' skipped=None reg_empty=True,-1,0.0,0.0,
XRP/USDT,2585,2026-06-25 14:00:00,long,0.70138,99.79,60.0,1.0334,0.0132,unknown,,,,False,False,0.0,0.0,50.0,0.0,0.0,0.0,0.0,0.0,50.0,0.0,0.0,-1,0.0,G1_REGIME,regime='unknown' skipped=None reg_empty=True,-1,0.0,0.0,
XRP/USDT,2586,2026-06-25 15:00:00,long,0.70363,81.82,60.0,1.0351,0.013857,unknown,,,,False,False,0.0,0.0,50.0,0.0,0.0,0.0,0.0,0.0,50.0,0.0,0.0,-1,0.0,G1_REGIME,regime='unknown' skipped=None reg_empty=True,-1,0.0,0.0,
XRP/USDT,2587,2026-06-25 16:00:00,long,0.70636,81.75,60.0,1.0309,0.014571,unknown,,,,False,False,0.0,0.0,50.0,0.0,0.0,0.0,0.0,0.0,50.0,0.0,0.0,-1,0.0,G1_REGIME,regime='unknown' skipped=None reg_empty=True,-1,0.0,0.0,
XRP/USDT,2588,2026-06-25 17:00:00,long,0.70489,81.53,60.0,1.0461,0.015371,unknown,,,,False,False,0.0,0.0,50.0,0.0,0.0,0.0,0.0,0.0,50.0,0.0,0.0,-1,0.0,G1_REGIME,regime='unknown' skipped=None reg_empty=True,-1,0.0,0.0,
XRP/USDT,2589,2026-06-25 18:00:00,long,0.70431,79.38,60.0,1.0346,0.015486,unknown,,,,False,False,0.0,0.0,50.0,0.0,0.0,0.0,0.0,0.0,50.0,0.0,0.0,-1,0.0,G1_REGIME,regime='unknown' skipped=None reg_empty=True,-1,0.0,0.0,
XRP/USDT,2590,2026-06-25 19:00:00,long,0.69978,78.52,60.0,1.0344,0.015286,unknown,,,,False,False,0.0,0.0,50.0,0.0,0.0,0.0,0.0,0.0,50.0,0.0,0.0,-1,0.0,G1_REGIME,regime='unknown' skipped=None reg_empty=True,-1,0.0,0.0,
XRP/USDT,2591,2026-06-25 20:00:00,long,0.69653,77.91,60.0,1.0334,0.015493,unknown,,,,False,False,0.0,0.0,50.0,0.0,0.0,0.0,0.0,0.0,50.0,0.0,0.0,-1,0.0,G1_REGIME,regime='unknown' skipped=None reg_empty=True,-1,0.0,0.0,
XRP/USDT,2592,2026-06-25 21:00:00,long,0.69432,80.15,60.0,1.0438,0.016007,unknown,,,,False,False,0.0,0.0,50.0,0.0,0.0,0.0,0.0,0.0,50.0,0.0,0.0,-1,0.0,G1_REGIME,regime='unknown' skipped=None reg_empty=True,-1,0.0,0.0,
XRP/USDT,2593,2026-06-25 22:00:00,long,0.69199,78.89,60.0,1.0409,0.016086,unknown,,,,False,False,0.0,0.0,50.0,0.0,0.0,0.0,0.0,0.0,50.0,0.0,0.0,-1,0.0,G1_REGIME,regime='unknown' skipped=None reg_empty=True,-1,0.0,0.0,
XRP/USDT,2594,2026-06-25 23:00:00,long,0.69572,81.24,60.0,1.0435,0.016636,unknown,,,,False,False,0.0,0.0,50.0,0.0,0.0,0.0,0.0,0.0,50.0,0.0,0.0,-1,0.0,G1_REGIME,regime='unknown' skipped=None reg_empty=True,-1,0.0,0.0,
XRP/USDT,2595,2026-06-26 00:00:00,long,0.69355,80.0,60.0,1.0411,0.016407,unknown,,,,False,False,0.0,0.0,50.0,0.0,0.0,0.0,0.0,0.0,50.0,0.0,0.0,-1,0.0,G1_REGIME,regime='unknown' skipped=None reg_empty=True,-1,0.0,0.0,
XRP/USDT,2596,2026-06-26 01:00:00,long,0.69552,79.82,60.0,1.032,0.01695,unknown,,,,False,False,0.0,0.0,50.0,0.0,0.0,0.0,0.0,0.0,50.0,0.0,0.0,-1,0.0,G1_REGIME,regime='unknown' skipped=None reg_empty=True,-1,0.0,0.0,
XRP/USDT,2597,2026-06-26 02:00:00,long,0.69512,97.83,60.0,1.0146,0.017536,unknown,,,,False,False,0.0,0.0,50.0,0.0,0.0,0.0,0.0,0.0,50.0,0.0,0.0,-1,0.0,G1_REGIME,regime='unknown' skipped=None reg_empty=True,-1,0.0,0.0,
XRP/USDT,2598,2026-06-26 03:00:00,long,0.69456,85.37,60.0,1.0345,0.014843,unknown,,,,False,False,0.0,0.0,50.0,0.0,0.0,0.0,0.0,0.0,50.0,0.0,0.0,-1,0.0,G1_REGIME,regime='unknown' skipped=None reg_empty=True,-1,0.0,0.0,
XRP/USDT,2599,2026-06-26 04:00:00,long,0.69703,78.36,60.0,1.0283,0.013029,unknown,,,,False,False,0.0,0.0,50.0,0.0,0.0,0.0,0.0,0.0,50.0,0.0,0.0,-1,0.0,G1_REGIME,regime='unknown' skipped=None reg_empty=True,-1,0.0,0.0,
XRP/USDT,2600,2026-06-26 05:00:00,long,0.67184,79.63,60.0,1.0334,0.012607,unknown,,,,False,False,0.0,0.0,50.0,0.0,0.0,0.0,0.0,0.0,50.0,0.0,0.0,-1,0.0,G1_REGIME,regime='unknown' skipped=None reg_empty=True,-1,0.0,0.0,
XRP/USDT,2601,2026-06-26 06:00:00,long,0.66928,83.14,60.0,1.0447,0.012479,unknown,,,,False,False,0.0,0.0,50.0,0.0,0.0,0.0,0.0,0.0,50.0,0.0,0.0,-1,0.0,G1_REGIME,regime='unknown' skipped=None reg_empty=True,-1,0.0,0.0,
XRP/USDT,2602,2026-06-26 07:00:00,long,0.67745,85.87,60.0,1.0499,0.011957,unknown,,,,False,False,0.0,0.0,50.0,0.0,0.0,0.0,0.0,0.0,50.0,0.0,0.0,-1,0.0,G1_REGIME,regime='unknown' skipped=None reg_empty=True,-1,0.0,0.0,
XRP/USDT,2603,2026-06-26 08:00:00,long,0.6758,83.12,60.0,1.0394,0.011893,unknown,,,,False,False,0.0,0.0,50.0,0.0,0.0,0.0,0.0,0.0,50.0,0.0,0.0,-1,0.0,G1_REGIME,regime='unknown' skipped=None reg_empty=True,-1,0.0,0.0,
XRP/USDT,2604,2026-06-26 09:00:00,long,0.6795,80.35,60.0,1.0317,0.012171,unknown,,,,False,False,0.0,0.0,50.0,0.0,0.0,0.0,0.0,0.0,50.0,0.0,0.0,-1,0.0,G1_REGIME,regime='unknown' skipped=None reg_empty=True,-1,0.0,0.0,
XRP/USDT,2605,2026-06-26 10:00:00,long,0.67739,77.0,60.0,1.0275,0.012136,unknown,,,,False,False,0.0,0.0,50.0,0.0,0.0,0.0,0.0,0.0,50.0,0.0,0.0,-1,0.0,G1_REGIME,regime='unknown' skipped=None reg_empty=True,-1,0.0,0.0,
XRP/USDT,2606,2026-06-26 11:00:00,long,0.67832,87.12,60.0,1.0227,0.012157,unknown,,,,False,False,0.0,0.0,50.0,0.0,0.0,0.0,0.0,0.0,50.0,0.0,0.0,-1,0.0,G1_REGIME,regime='unknown' skipped=None reg_empty=True,-1,0.0,0.0,
XRP/USDT,2607,2026-06-26 12:00:00,long,0.67601,73.26,60.0,1.0198,0.012993,unknown,,,,False,False,0.0,0.0,50.0,0.0,0.0,0.0,0.0,0.0,50.0,0.0,0.0,-1,0.0,G1_REGIME,regime='unknown' skipped=None reg_empty=True,-1,0.0,0.0,
XRP/USDT,2608,2026-06-26 13:00:00,long,0.67307,69.74,60.0,1.039,0.014171,unknown,,,,False,False,0.0,0.0,50.0,0.0,0.0,0.0,0.0,0.0,50.0,0.0,0.0,-1,0.0,G1_REGIME,regime='unknown' skipped=None reg_empty=True,-1,0.0,0.0,
XRP/USDT,2609,2026-06-26 14:00:00,long,0.67232,85.27,60.0,1.037,0.014743,unknown,,,,False,False,0.0,0.0,50.0,0.0,0.0,0.0,0.0,0.0,50.0,0.0,0.0,-1,0.0,G1_REGIME,regime='unknown' skipped=None reg_empty=True,-1,0.0,0.0,
XRP/USDT,2610,2026-06-26 15:00:00,long,0.66926,60.0,60.0,1.0451,0.014793,unknown,,,,False,False,0.0,0.0,50.0,0.0,0.0,0.0,0.0,0.0,50.0,0.0,0.0,-1,0.0,G1_REGIME,regime='unknown' skipped=None reg_empty=True,-1,0.0,0.0,
XRP/USDT,2611,2026-06-26 16:00:00,long,0.66969,59.25,60.0,1.0448,0.014271,unknown,,,,False,False,0.0,0.0,50.0,0.0,0.0,0.0,0.0,0.0,50.0,0.0,0.0,-1,0.0,G1_REGIME,regime='unknown' skipped=None reg_empty=True,-1,0.0,0.0,
XRP/USDT,2612,2026-06-26 17:00:00,long,0.68024,56.59,60.0,1.0475,0.012857,unknown,,,,False,False,0.0,0.0,50.0,0.0,0.0,0.0,0.0,0.0,50.0,0.0,0.0,-1,0.0,G1_REGIME,regime='unknown' skipped=None reg_empty=True,-1,0.0,0.0,
XRP/USDT,2613,2026-06-26 18:00:00,long,0.67971,51.55,60.0,1.0408,0.012993,unknown,,,,False,False,0.0,0.0,50.0,0.0,0.0,0.0,0.0,0.0,50.0,0.0,0.0,-1,0.0,G1_REGIME,regime='unknown' skipped=None reg_empty=True,-1,0.0,0.0,
XRP/USDT,2614,2026-06-26 19:00:00,long,0.67115,56.8,60.0,1.0478,0.013407,unknown,,,,False,False,0.0,0.0,50.0,0.0,0.0,0.0,0.0,0.0,50.0,0.0,0.0,-1,0.0,G1_REGIME,regime='unknown' skipped=None reg_empty=True,-1,0.0,0.0,
XRP/USDT,2615,2026-06-26 20:00:00,long,0.67845,55.48,60.0,1.0447,0.013136,unknown,,,,False,False,0.0,0.0,50.0,0.0,0.0,0.0,0.0,0.0,50.0,0.0,0.0,-1,0.0,G1_REGIME,regime='unknown' skipped=None reg_empty=True,-1,0.0,0.0,
XRP/USDT,2616,2026-06-26 21:00:00,long,0.67567,50.64,60.0,1.0425,0.012971,unknown,,,,False,False,0.0,0.0,50.0,0.0,0.0,0.0,0.0,0.0,50.0,0.0,0.0,-1,0.0,G1_REGIME,regime='unknown' skipped=None reg_empty=True,-1,0.0,0.0,
XRP/USDT,2617,2026-06-26 22:00:00,long,0.68673,54.22,60.0,1.0483,0.012736,unknown,,,,False,False,0.0,0.0,50.0,0.0,0.0,0.0,0.0,0.0,50.0,0.0,0.0,-1,0.0,G1_REGIME,regime='unknown' skipped=None reg_empty=True,-1,0.0,0.0,
XRP/USDT,2618,2026-06-26 23:00:00,long,0.68798,54.93,60.0,1.049,0.012286,unknown,,,,False,False,0.0,0.0,50.0,0.0,0.0,0.0,0.0,0.0,50.0,0.0,0.0,-1,0.0,G1_REGIME,regime='unknown' skipped=None reg_empty=True,-1,0.0,0.0,
XRP/USDT,2619,2026-06-27 00:00:00,long,0.67879,53.84,60.0,1.0479,0.012279,unknown,,,,False,False,0.0,0.0,50.0,0.0,0.0,0.0,0.0,0.0,50.0,0.0,0.0,-1,0.0,G1_REGIME,regime='unknown' skipped=None reg_empty=True,-1,0.0,0.0,
XRP/USDT,2620,2026-06-27 01:00:00,long,0.69918,46.52,60.0,1.0521,0.011943,unknown,,,,False,False,0.0,0.0,50.0,0.0,0.0,0.0,0.0,0.0,50.0,0.0,0.0,-1,0.0,G1_REGIME,regime='unknown' skipped=None reg_empty=True,-1,0.0,0.0,
XRP/USDT,2621,2026-06-27 02:00:00,long,0.7112,52.64,60.0,1.0618,0.011836,unknown,,,,False,False,0.0,0.0,50.0,0.0,0.0,0.0,0.0,0.0,50.0,0.0,0.0,-1,0.0,G1_REGIME,regime='unknown' skipped=None reg_empty=True,-1,0.0,0.0,
XRP/USDT,2622,2026-06-27 03:00:00,long,0.71267,57.64,60.0,1.0591,0.010286,unknown,,,,False,False,0.0,0.0,50.0,0.0,0.0,0.0,0.0,0.0,50.0,0.0,0.0,-1,0.0,G1_REGIME,regime='unknown' skipped=None reg_empty=True,-1,0.0,0.0,
XRP/USDT,2623,2026-06-27 04:00:00,long,0.75636,48.41,60.0,1.0601,0.009679,unknown,,,,False,False,0.0,0.0,50.0,0.0,0.0,0.0,0.0,0.0,50.0,0.0,0.0,-1,0.0,G1_REGIME,regime='unknown' skipped=None reg_empty=True,-1,0.0,0.0,
XRP/USDT,2624,2026-06-27 05:00:00,long,0.7455,57.72,60.0,1.058,0.009179,unknown,,,,False,False,0.0,0.0,50.0,0.0,0.0,0.0,0.0,0.0,50.0,0.0,0.0,-1,0.0,G1_REGIME,regime='unknown' skipped=None reg_empty=True,-1,0.0,0.0,
XRP/USDT,2625,2026-06-27 06:00:00,long,0.75317,78.38,60.0,1.0599,0.008729,unknown,,,,False,False,0.0,0.0,50.0,0.0,0.0,0.0,0.0,0.0,50.0,0.0,0.0,-1,0.0,G1_REGIME,regime='unknown' skipped=None reg_empty=True,-1,0.0,0.0,
XRP/USDT,2626,2026-06-27 07:00:00,long,0.72723,77.49,60.0,1.0602,0.008643,unknown,,,,False,False,0.0,0.0,50.0,0.0,0.0,0.0,0.0,0.0,50.0,0.0,0.0,-1,0.0,G1_REGIME,regime='unknown' skipped=None reg_empty=True,-1,0.0,0.0,
XRP/USDT,2627,2026-06-27 08:00:00,long,0.74608,75.94,60.0,1.0573,0.00825,unknown,,,,False,False,0.0,0.0,50.0,0.0,0.0,0.0,0.0,0.0,50.0,0.0,0.0,-1,0.0,G1_REGIME,regime='unknown' skipped=None reg_empty=True,-1,0.0,0.0,
XRP/USDT,2628,2026-06-27 09:00:00,long,0.73456,77.01,60.0,1.0584,0.007529,unknown,,,,False,False,0.0,0.0,50.0,0.0,0.0,0.0,0.0,0.0,50.0,0.0,0.0,-1,0.0,G1_REGIME,regime='unknown' skipped=None reg_empty=True,-1,0.0,0.0,
XRP/USDT,2629,2026-06-27 10:00:00,long,0.71391,64.46,60.0,1.0594,0.006843,unknown,,,,False,False,0.0,0.0,50.0,0.0,0.0,0.0,0.0,0.0,50.0,0.0,0.0,-1,0.0,G1_REGIME,regime='unknown' skipped=None reg_empty=True,-1,0.0,0.0,
XRP/USDT,2630,2026-06-27 11:00:00,long,0.722,65.06,60.0,1.0594,0.006814,unknown,,,,False,False,0.0,0.0,50.0,0.0,0.0,0.0,0.0,0.0,50.0,0.0,0.0,-1,0.0,G1_REGIME,regime='unknown' skipped=None reg_empty=True,-1,0.0,0.0,
XRP/USDT,2631,2026-06-27 12:00:00,long,0.72186,65.2,60.0,1.061,0.006393,unknown,,,,False,False,0.0,0.0,50.0,0.0,0.0,0.0,0.0,0.0,50.0,0.0,0.0,-1,0.0,G1_REGIME,regime='unknown' skipped=None reg_empty=True,-1,0.0,0.0,
XRP/USDT,2632,2026-06-27 13:00:00,long,0.71387,70.91,60.0,1.0648,0.006464,unknown,,,,False,False,0.0,0.0,50.0,0.0,0.0,0.0,0.0,0.0,50.0,0.0,0.0,-1,0.0,G1_REGIME,regime='unknown' skipped=None reg_empty=True,-1,0.0,0.0,
XRP/USDT,2633,2026-06-27 14:00:00,long,0.73175,72.9,60.0,1.0689,0.0063,unknown,,,,False,False,0.0,0.0,50.0,0.0,0.0,0.0,0.0,0.0,50.0,0.0,0.0,-1,0.0,G1_REGIME,regime='unknown' skipped=None reg_empty=True,-1,0.0,0.0,
XRP/USDT,2634,2026-06-27 15:00:00,long,0.71037,89.81,60.0,1.0752,0.006393,unknown,,,,False,False,0.0,0.0,50.0,0.0,0.0,0.0,0.0,0.0,50.0,0.0,0.0,-1,0.0,G1_REGIME,regime='unknown' skipped=None reg_empty=True,-1,0.0,0.0,
XRP/USDT,2635,2026-06-27 16:00:00,long,0.70832,82.22,60.0,1.0702,0.00585,unknown,,,,False,False,0.0,0.0,50.0,0.0,0.0,0.0,0.0,0.0,50.0,0.0,0.0,-1,0.0,G1_REGIME,regime='unknown' skipped=None reg_empty=True,-1,0.0,0.0,
XRP/USDT,2636,2026-06-27 17:00:00,long,0.69142,89.97,60.0,1.0605,0.006157,unknown,,,,False,False,0.0,0.0,50.0,0.0,0.0,0.0,0.0,0.0,50.0,0.0,0.0,-1,0.0,G1_REGIME,regime='unknown' skipped=None reg_empty=True,-1,0.0,0.0,
XRP/USDT,2637,2026-06-27 18:00:00,long,0.70376,81.72,60.0,1.059,0.006057,unknown,,,,False,False,0.0,0.0,50.0,0.0,0.0,0.0,0.0,0.0,50.0,0.0,0.0,-1,0.0,G1_REGIME,regime='unknown' skipped=None reg_empty=True,-1,0.0,0.0,
XRP/USDT,2638,2026-06-27 19:00:00,long,0.7244,85.95,60.0,1.0544,0.00605,unknown,,,,False,False,0.0,0.0,50.0,0.0,0.0,0.0,0.0,0.0,50.0,0.0,0.0,-1,0.0,G1_REGIME,regime='unknown' skipped=None reg_empty=True,-1,0.0,0.0,
XRP/USDT,2639,2026-06-27 20:00:00,long,0.70713,77.71,60.0,1.0552,0.005721,unknown,,,,False,False,0.0,0.0,50.0,0.0,0.0,0.0,0.0,0.0,50.0,0.0,0.0,-1,0.0,G1_REGIME,regime='unknown' skipped=None reg_empty=True,-1,0.0,0.0,
XRP/USDT,2640,2026-06-27 21:00:00,long,0.71414,68.54,60.0,1.0531,0.005764,unknown,,,,False,False,0.0,0.0,50.0,0.0,0.0,0.0,0.0,0.0,50.0,0.0,0.0,-1,0.0,G1_REGIME,regime='unknown' skipped=None reg_empty=True,-1,0.0,0.0,
XRP/USDT,2641,2026-06-27 22:00:00,long,0.71737,70.71,60.0,1.0536,0.006014,unknown,,,,False,False,0.0,0.0,50.0,0.0,0.0,0.0,0.0,0.0,50.0,0.0,0.0,-1,0.0,G1_REGIME,regime='unknown' skipped=None reg_empty=True,-1,0.0,0.0,
XRP/USDT,2642,2026-06-27 23:00:00,long,0.71293,68.13,60.0,1.0475,0.006314,unknown,,,,False,False,0.0,0.0,50.0,0.0,0.0,0.0,0.0,0.0,50.0,0.0,0.0,-1,0.0,G1_REGIME,regime='unknown' skipped=None reg_empty=True,-1,0.0,0.0,
XRP/USDT,2643,2026-06-28 00:00:00,long,0.69928,65.47,60.0,1.0499,0.006421,unknown,,,,False,False,0.0,0.0,50.0,0.0,0.0,0.0,0.0,0.0,50.0,0.0,0.0,-1,0.0,G1_REGIME,regime='unknown' skipped=None reg_empty=True,-1,0.0,0.0,
XRP/USDT,2644,2026-06-28 01:00:00,long,0.68838,63.99,60.0,1.0513,0.006386,unknown,,,,False,False,0.0,0.0,50.0,0.0,0.0,0.0,0.0,0.0,50.0,0.0,0.0,-1,0.0,G1_REGIME,regime='unknown' skipped=None reg_empty=True,-1,0.0,0.0,
XRP/USDT,2645,2026-06-28 02:00:00,long,0.6954,66.53,60.0,1.0466,0.006657,unknown,,,,False,False,0.0,0.0,50.0,0.0,0.0,0.0,0.0,0.0,50.0,0.0,0.0,-1,0.0,G1_REGIME,regime='unknown' skipped=None reg_empty=True,-1,0.0,0.0,
XRP/USDT,2646,2026-06-28 03:00:00,long,0.68907,63.28,60.0,1.0499,0.006586,unknown,,,,False,False,0.0,0.0,50.0,0.0,0.0,0.0,0.0,0.0,50.0,0.0,0.0,-1,0.0,G1_REGIME,regime='unknown' skipped=None reg_empty=True,-1,0.0,0.0,
XRP/USDT,2647,2026-06-28 04:00:00,long,0.69272,62.45,60.0,1.0486,0.006471,unknown,,,,False,False,0.0,0.0,50.0,0.0,0.0,0.0,0.0,0.0,50.0,0.0,0.0,-1,0.0,G1_REGIME,regime='unknown' skipped=None reg_empty=True,-1,0.0,0.0,
XRP/USDT,2648,2026-06-28 05:00:00,long,0.69901,66.11,60.0,1.0478,0.006329,unknown,,,,False,False,0.0,0.0,50.0,0.0,0.0,0.0,0.0,0.0,50.0,0.0,0.0,-1,0.0,G1_REGIME,regime='unknown' skipped=None reg_empty=True,-1,0.0,0.0,
XRP/USDT,2649,2026-06-28 06:00:00,long,0.69128,63.19,60.0,1.0449,0.006221,unknown,,,,False,False,0.0,0.0,50.0,0.0,0.0,0.0,0.0,0.0,50.0,0.0,0.0,-1,0.0,G1_REGIME,regime='unknown' skipped=None reg_empty=True,-1,0.0,0.0,
XRP/USDT,2650,2026-06-28 07:00:00,long,0.68597,86.34,60.0,1.0512,0.005957,unknown,,,,False,False,0.0,0.0,50.0,0.0,0.0,0.0,0.0,0.0,50.0,0.0,0.0,-1,0.0,G1_REGIME,regime='unknown' skipped=None reg_empty=True,-1,0.0,0.0,
XRP/USDT,2651,2026-06-28 08:00:00,long,0.68009,92.37,60.0,1.0547,0.006321,unknown,,,,False,False,0.0,0.0,50.0,0.0,0.0,0.0,0.0,0.0,50.0,0.0,0.0,-1,0.0,G1_REGIME,regime='unknown' skipped=None reg_empty=True,-1,0.0,0.0,
XRP/USDT,2652,2026-06-28 09:00:00,long,0.68282,88.95,60.0,1.0501,0.006257,unknown,,,,False,False,0.0,0.0,50.0,0.0,0.0,0.0,0.0,0.0,50.0,0.0,0.0,-1,0.0,G1_REGIME,regime='unknown' skipped=None reg_empty=True,-1,0.0,0.0,
XRP/USDT,2653,2026-06-28 10:00:00,long,0.68613,84.33,60.0,1.0487,0.006443,unknown,,,,False,False,0.0,0.0,50.0,0.0,0.0,0.0,0.0,0.0,50.0,0.0,0.0,-1,0.0,G1_REGIME,regime='unknown' skipped=None reg_empty=True,-1,0.0,0.0,
XRP/USDT,2654,2026-06-28 11:00:00,long,0.6827,87.78,60.0,1.0527,0.006479,unknown,,,,False,False,0.0,0.0,50.0,0.0,0.0,0.0,0.0,0.0,50.0,0.0,0.0,-1,0.0,G1_REGIME,regime='unknown' skipped=None reg_empty=True,-1,0.0,0.0,
XRP/USDT,2655,2026-06-28 12:00:00,long,0.68802,89.71,60.0,1.052,0.006371,unknown,,,,False,False,0.0,0.0,50.0,0.0,0.0,0.0,0.0,0.0,50.0,0.0,0.0,-1,0.0,G1_REGIME,regime='unknown' skipped=None reg_empty=True,-1,0.0,0.0,
XRP/USDT,2656,2026-06-28 13:00:00,long,0.68802,88.98,60.0,1.0496,0.006229,unknown,,,,False,False,0.0,0.0,50.0,0.0,0.0,0.0,0.0,0.0,50.0,0.0,0.0,-1,0.0,G1_REGIME,regime='unknown' skipped=None reg_empty=True,-1,0.0,0.0,
XRP/USDT,2657,2026-06-28 14:00:00,long,0.68636,96.61,60.0,1.0525,0.006536,unknown,,,,False,False,0.0,0.0,50.0,0.0,0.0,0.0,0.0,0.0,50.0,0.0,0.0,-1,0.0,G1_REGIME,regime='unknown' skipped=None reg_empty=True,-1,0.0,0.0,
XRP/USDT,2658,2026-06-28 15:00:00,long,0.67535,97.83,60.0,1.0526,0.0067,unknown,,,,False,False,0.0,0.0,50.0,0.0,0.0,0.0,0.0,0.0,50.0,0.0,0.0,-1,0.0,G1_REGIME,regime='unknown' skipped=None reg_empty=True,-1,0.0,0.0,
XRP/USDT,2659,2026-06-28 16:00:00,long,0.68394,93.16,60.0,1.0473,0.006807,unknown,,,,False,False,0.0,0.0,50.0,0.0,0.0,0.0,0.0,0.0,50.0,0.0,0.0,-1,0.0,G1_REGIME,regime='unknown' skipped=None reg_empty=True,-1,0.0,0.0,
XRP/USDT,2660,2026-06-28 17:00:00,long,0.69273,90.96,60.0,1.0474,0.007107,unknown,,,,False,False,0.0,0.0,50.0,0.0,0.0,0.0,0.0,0.0,50.0,0.0,0.0,-1,0.0,G1_REGIME,regime='unknown' skipped=None reg_empty=True,-1,0.0,0.0,
XRP/USDT,2661,2026-06-28 18:00:00,long,0.66623,72.39,60.0,1.0468,0.007171,unknown,,,,False,False,0.0,0.0,50.0,0.0,0.0,0.0,0.0,0.0,50.0,0.0,0.0,-1,0.0,G1_REGIME,regime='unknown' skipped=None reg_empty=True,-1,0.0,0.0,
XRP/USDT,2662,2026-06-28 19:00:00,long,0.68063,63.83,60.0,1.0446,0.007479,unknown,,,,False,False,0.0,0.0,50.0,0.0,0.0,0.0,0.0,0.0,50.0,0.0,0.0,-1,0.0,G1_REGIME,regime='unknown' skipped=None reg_empty=True,-1,0.0,0.0,
XRP/USDT,2663,2026-06-28 20:00:00,long,0.6649,65.81,60.0,1.0468,0.007429,unknown,,,,False,False,0.0,0.0,50.0,0.0,0.0,0.0,0.0,0.0,50.0,0.0,0.0,-1,0.0,G1_REGIME,regime='unknown' skipped=None reg_empty=True,-1,0.0,0.0,
XRP/USDT,2664,2026-06-28 21:00:00,long,0.67108,69.44,60.0,1.041,0.007557,unknown,,,,False,False,0.0,0.0,50.0,0.0,0.0,0.0,0.0,0.0,50.0,0.0,0.0,-1,0.0,G1_REGIME,regime='unknown' skipped=None reg_empty=True,-1,0.0,0.0,
XRP/USDT,2665,2026-06-28 22:00:00,long,0.71066,87.19,60.0,1.0382,0.008293,unknown,,,,False,False,0.0,0.0,50.0,0.0,0.0,0.0,0.0,0.0,50.0,0.0,0.0,-1,0.0,G1_REGIME,regime='unknown' skipped=None reg_empty=True,-1,0.0,0.0,
XRP/USDT,2666,2026-06-28 23:00:00,long,0.67535,67.17,60.0,1.0485,0.008893,unknown,,,,False,False,0.0,0.0,50.0,0.0,0.0,0.0,0.0,0.0,50.0,0.0,0.0,-1,0.0,G1_REGIME,regime='unknown' skipped=None reg_empty=True,-1,0.0,0.0,
XRP/USDT,2667,2026-06-29 00:00:00,long,0.70712,81.32,60.0,1.0476,0.009636,unknown,,,,False,False,0.0,0.0,50.0,0.0,0.0,0.0,0.0,0.0,50.0,0.0,0.0,-1,0.0,G1_REGIME,regime='unknown' skipped=None reg_empty=True,-1,0.0,0.0,
XRP/USDT,2668,2026-06-29 01:00:00,long,0.70216,73.12,60.0,1.0434,0.0098,unknown,,,,False,False,0.0,0.0,50.0,0.0,0.0,0.0,0.0,0.0,50.0,0.0,0.0,-1,0.0,G1_REGIME,regime='unknown' skipped=None reg_empty=True,-1,0.0,0.0,
XRP/USDT,2669,2026-06-29 02:00:00,long,0.71318,82.58,60.0,1.0464,0.010464,unknown,,,,False,False,0.0,0.0,50.0,0.0,0.0,0.0,0.0,0.0,50.0,0.0,0.0,-1,0.0,G1_REGIME,regime='unknown' skipped=None reg_empty=True,-1,0.0,0.0,
XRP/USDT,2670,2026-06-29 03:00:00,long,0.71543,74.15,60.0,1.0508,0.010693,unknown,,,,False,False,0.0,0.0,50.0,0.0,0.0,0.0,0.0,0.0,50.0,0.0,0.0,-1,0.0,G1_REGIME,regime='unknown' skipped=None reg_empty=True,-1,0.0,0.0,
XRP/USDT,2671,2026-06-29 04:00:00,long,0.72479,72.25,60.0,1.0434,0.0107,unknown,,,,False,False,0.0,0.0,50.0,0.0,0.0,0.0,0.0,0.0,50.0,0.0,0.0,-1,0.0,G1_REGIME,regime='unknown' skipped=None reg_empty=True,-1,0.0,0.0,
XRP/USDT,2672,2026-06-29 05:00:00,long,0.70258,55.96,60.0,1.0486,0.011043,unknown,,,,False,False,0.0,0.0,50.0,0.0,0.0,0.0,0.0,0.0,50.0,0.0,0.0,-1,0.0,G1_REGIME,regime='unknown' skipped=None reg_empty=True,-1,0.0,0.0,
