symbol,bar_index,timestamp,direction,meta_conf,edge_score,thr,price,atr,regime_str,reg_buy_ok,reg_sell_ok,reg_skipped,at_res,at_sup,trend_1d,total_conf,choppiness,bos,ev,ev_floor,prior_frac,rev_frac,rsi_val,rsi_slope,rsi_accel,bars_since_exit,atr_pct,blocked_at,block_reason,trade_exit_bar,trade_exit_price,trade_pnl,trade_outcome
SOL/USDT,6,2026-03-10 04:00:00,short,0.60588,83.51,0.0,86.54,1.117143,high_high_flat,,,True,False,False,0.0,0.0,50.0,0.0,0.0,0.0,0.0,0.0,50.0,0.0,0.0,-1,0.0,G1_REGIME,regime='high_high_flat' skipped=True reg_empty=False,-1,0.0,0.0,
SOL/USDT,7,2026-03-10 05:00:00,short,0.62239,85.82,0.0,86.4,1.05875,high_high_flat,,,True,False,False,0.0,0.0,50.0,0.0,0.0,0.0,0.0,0.0,50.0,0.0,0.0,-1,0.0,G1_REGIME,regime='high_high_flat' skipped=True reg_empty=False,-1,0.0,0.0,
SOL/USDT,8,2026-03-10 06:00:00,short,0.6241,83.01,0.0,86.35,1.018889,med_high_flat,,,True,False,False,0.0,0.0,50.0,0.0,0.0,0.0,0.0,0.0,50.0,0.0,0.0,-1,0.0,G1_REGIME,regime='med_high_flat' skipped=True reg_empty=False,-1,0.0,0.0,
SOL/USDT,9,2026-03-10 07:00:00,short,0.61342,88.05,0.0,86.7,0.987,med_high_flat,,,True,False,False,0.0,0.0,50.0,0.0,0.0,0.0,0.0,0.0,50.0,0.0,0.0,-1,0.0,G1_REGIME,regime='med_high_flat' skipped=True reg_empty=False,-1,0.0,0.0,
SOL/USDT,10,2026-03-10 08:00:00,short,0.60117,90.21,0.0,86.71,0.974545,high_high_flat,,,True,False,False,0.0,0.0,50.0,0.0,0.0,0.0,0.0,0.0,50.0,0.0,0.0,-1,0.0,G1_REGIME,regime='high_high_flat' skipped=True reg_empty=False,-1,0.0,0.0,
SOL/USDT,11,2026-03-10 09:00:00,short,0.59669,85.41,50.0,87.24,0.963333,high_med_flat,False,False,False,False,False,0.0,0.0,50.0,0.0,0.0,0.0,0.0,0.0,50.0,0.0,0.0,-1,0.0,G2_EDGE,reg.sell_ok=False regime='high_med_flat',-1,0.0,0.0,
SOL/USDT,12,2026-03-10 10:00:00,short,0.59487,84.0,30.0,87.09,0.956154,med_med_flat,False,True,False,True,False,0.0,0.5008234870169335,62.493117372137846,0.0,0.0,0.0,0.5,0.0,50.0,0.0,0.0,-1,0.0,G4_5_MTF,prior(bullish)=0.50<0.6 OR rev(bearish)=0.00<0.5,-1,0.0,0.0,
SOL/USDT,13,2026-03-10 11:00:00,short,0.59324,83.11,30.0,86.79,0.929286,med_med_flat,False,True,False,True,False,0.0,0.4167393087678075,62.11019606560411,0.0,0.0,0.0,0.25,0.5,50.0,0.0,0.0,-1,0.0,G4_5_MTF,prior(bullish)=0.25<0.6 OR rev(bearish)=0.50<0.5,-1,0.0,0.0,
SOL/USDT,14,2026-03-10 12:00:00,short,0.59667,83.39,30.0,86.7,0.919286,med_med_flat,False,True,False,True,False,0.0,0.3888490151890642,61.73644835602991,0.0,0.0,0.0,0.5,1.0,50.0,0.0,0.0,-1,0.0,G4_5_MTF,prior(bullish)=0.50<0.6 OR rev(bearish)=1.00<0.5,-1,0.0,0.0,
SOL/USDT,15,2026-03-10 13:00:00,short,0.6079,83.66,30.0,86.08,0.945714,med_med_flat,False,True,False,False,False,0.0,0.30291879178680736,61.44757922780876,0.0,0.0,0.0,0.5,1.0,50.0,0.0,0.0,-1,0.0,G4_5_MTF,prior(bullish)=0.50<0.6 OR rev(bearish)=1.00<0.5,-1,0.0,0.0,
SOL/USDT,16,2026-03-10 14:00:00,short,0.58295,100.0,0.0,88.1,1.102143,high_high_flat,,,True,False,False,0.0,0.0,50.0,0.0,0.0,0.0,0.0,0.0,50.0,0.0,0.0,-1,0.0,G1_REGIME,regime='high_high_flat' skipped=True reg_empty=False,-1,0.0,0.0,
SOL/USDT,17,2026-03-10 15:00:00,short,0.58039,92.69,0.0,88.33,1.137143,high_high_flat,,,True,False,False,0.0,0.0,50.0,0.0,0.0,0.0,0.0,0.0,50.0,0.0,0.0,-1,0.0,G1_REGIME,regime='high_high_flat' skipped=True reg_empty=False,-1,0.0,0.0,
SOL/USDT,18,2026-03-10 16:00:00,short,0.5782,87.9,0.0,88.39,1.108571,high_high_flat,,,True,False,False,0.0,0.0,50.0,0.0,0.0,0.0,0.0,0.0,50.0,0.0,0.0,-1,0.0,G1_REGIME,regime='high_high_flat' skipped=True reg_empty=False,-1,0.0,0.0,
SOL/USDT,19,2026-03-10 17:00:00,short,0.57767,85.2,0.0,87.94,1.102857,high_high_flat,,,True,False,False,0.0,0.0,50.0,0.0,0.0,0.0,0.0,0.0,50.0,0.0,0.0,-1,0.0,G1_REGIME,regime='high_high_flat' skipped=True reg_empty=False,-1,0.0,0.0,
SOL/USDT,20,2026-03-10 18:00:00,short,0.59321,85.75,0.0,86.25,1.15,high_high_flat,,,True,False,False,0.0,0.0,50.0,0.0,0.0,0.0,0.0,0.0,50.0,0.0,0.0,-1,0.0,G1_REGIME,regime='high_high_flat' skipped=True reg_empty=False,-1,0.0,0.0,
SOL/USDT,21,2026-03-10 19:00:00,short,0.60156,71.15,0.0,86.02,1.160714,high_high_flat,,,True,False,False,0.0,0.0,50.0,0.0,0.0,0.0,0.0,0.0,50.0,0.0,0.0,-1,0.0,G1_REGIME,regime='high_high_flat' skipped=True reg_empty=False,-1,0.0,0.0,
SOL/USDT,22,2026-03-10 20:00:00,short,0.59653,77.77,0.0,86.24,1.143571,high_high_flat,,,True,False,False,0.0,0.0,50.0,0.0,0.0,0.0,0.0,0.0,50.0,0.0,0.0,-1,0.0,G1_REGIME,regime='high_high_flat' skipped=True reg_empty=False,-1,0.0,0.0,
SOL/USDT,23,2026-03-10 21:00:00,short,0.60883,54.01,0.0,85.71,1.178571,high_high_flat,,,True,False,False,0.0,0.0,50.0,0.0,0.0,0.0,0.0,0.0,50.0,0.0,0.0,-1,0.0,G1_REGIME,regime='high_high_flat' skipped=True reg_empty=False,-1,0.0,0.0,
SOL/USDT,24,2026-03-10 22:00:00,short,0.60083,55.49,0.0,85.53,1.177143,high_high_flat,,,True,False,False,0.0,0.0,50.0,0.0,0.0,0.0,0.0,0.0,50.0,0.0,0.0,-1,0.0,G1_REGIME,regime='high_high_flat' skipped=True reg_empty=False,-1,0.0,0.0,
SOL/USDT,25,2026-03-10 23:00:00,short,0.61299,69.49,0.0,85.88,1.155714,high_high_up,,,True,False,False,0.0,0.0,50.0,0.0,0.0,0.0,0.0,0.0,50.0,0.0,0.0,-1,0.0,G1_REGIME,regime='high_high_up' skipped=True reg_empty=False,-1,0.0,0.0,
SOL/USDT,26,2026-03-11 00:00:00,short,0.5989,71.25,0.0,86.01,1.14,high_high_flat,,,True,False,False,0.0,0.0,50.0,0.0,0.0,0.0,0.0,0.0,50.0,0.0,0.0,-1,0.0,G1_REGIME,regime='high_high_flat' skipped=True reg_empty=False,-1,0.0,0.0,
SOL/USDT,27,2026-03-11 01:00:00,short,0.5963,69.11,0.0,86.09,1.142857,high_high_flat,,,True,False,False,0.0,0.0,50.0,0.0,0.0,0.0,0.0,0.0,50.0,0.0,0.0,-1,0.0,G1_REGIME,regime='high_high_flat' skipped=True reg_empty=False,-1,0.0,0.0,
SOL/USDT,28,2026-03-11 02:00:00,short,0.59372,71.0,0.0,85.92,1.154286,high_high_flat,,,True,False,False,0.0,0.0,50.0,0.0,0.0,0.0,0.0,0.0,50.0,0.0,0.0,-1,0.0,G1_REGIME,regime='high_high_flat' skipped=True reg_empty=False,-1,0.0,0.0,
SOL/USDT,29,2026-03-11 03:00:00,short,0.58653,70.24,0.0,85.63,1.09,high_high_flat,,,True,False,False,0.0,0.0,50.0,0.0,0.0,0.0,0.0,0.0,50.0,0.0,0.0,-1,0.0,G1_REGIME,regime='high_high_flat' skipped=True reg_empty=False,-1,0.0,0.0,
SOL/USDT,30,2026-03-11 04:00:00,short,0.59196,78.95,50.0,86.72,0.949286,high_med_flat,False,False,False,False,False,0.0,0.0,50.0,0.0,0.0,0.0,0.0,0.0,50.0,0.0,0.0,-1,0.0,G2_EDGE,reg.sell_ok=False regime='high_med_flat',-1,0.0,0.0,
SOL/USDT,31,2026-03-11 05:00:00,short,0.60155,65.55,50.0,85.72,0.944286,high_med_flat,False,False,False,False,False,0.0,0.0,50.0,0.0,0.0,0.0,0.0,0.0,50.0,0.0,0.0,-1,0.0,G2_EDGE,reg.sell_ok=False regime='high_med_flat',-1,0.0,0.0,
SOL/USDT,32,2026-03-11 06:00:00,short,0.59144,70.17,50.0,86.02,0.905714,high_med_flat,False,False,False,False,False,0.0,0.0,50.0,0.0,0.0,0.0,0.0,0.0,50.0,0.0,0.0,-1,0.0,G2_EDGE,reg.sell_ok=False regime='high_med_flat',-1,0.0,0.0,
SOL/USDT,33,2026-03-11 07:00:00,short,0.59506,73.81,30.0,85.45,0.894286,med_med_flat,False,True,False,False,True,0.0,-0.5314301983785764,61.579896954148325,0.0,0.0,0.0,0.5,0.5,50.0,0.0,0.0,-1,0.0,G4_5_MTF,prior(bullish)=0.50<0.6 OR rev(bearish)=0.50<0.5,-1,0.0,0.0,
SOL/USDT,34,2026-03-11 08:00:00,short,0.58037,72.89,30.0,85.5,0.795714,med_med_flat,False,True,False,False,True,0.0,-0.4213168860144354,78.4696181405866,0.0,0.0,0.0,0.25,0.5,50.0,0.0,0.0,-1,0.0,G4_5_MTF,prior(bullish)=0.25<0.6 OR rev(bearish)=0.50<0.5,-1,0.0,0.0,
SOL/USDT,35,2026-03-11 09:00:00,short,0.59434,75.18,70.0,84.88,0.801429,med_med_down,False,True,False,False,True,0.0,-0.6004484449024174,72.0775077716311,-1.0,0.0,0.0,0.5,0.5,50.0,0.0,0.0,-1,0.0,G4_5_MTF,prior(bullish)=0.50<0.6 OR rev(bearish)=0.50<0.5,-1,0.0,0.0,
SOL/USDT,36,2026-03-11 10:00:00,short,0.60012,72.54,70.0,85.25,0.817857,med_med_down,False,True,False,False,True,0.0,-0.43240386546742743,71.21499189230789,0.0,0.0,0.0,0.5,0.5,50.0,0.0,0.0,-1,0.0,G4_5_MTF,prior(bullish)=0.50<0.6 OR rev(bearish)=0.50<0.5,-1,0.0,0.0,
SOL/USDT,37,2026-03-11 11:00:00,short,0.62118,83.55,70.0,84.55,0.799286,med_med_down,False,True,False,False,True,0.0,-0.686838773560033,64.79790919128175,-1.0,0.0,0.0,0.5,0.5,50.0,0.0,0.0,-1,0.0,G4_5_MTF,prior(bullish)=0.50<0.6 OR rev(bearish)=0.50<0.5,-1,0.0,0.0,
SOL/USDT,38,2026-03-11 12:00:00,short,0.60103,82.12,70.0,85.2,0.837143,med_med_down,False,True,False,False,True,0.0,-0.47822237339392637,63.396596944499464,0.0,0.0,0.0,0.5,0.5,50.0,0.0,0.0,-1,0.0,G4_5_MTF,prior(bullish)=0.50<0.6 OR rev(bearish)=0.50<0.5,-1,0.0,0.0,
SOL/USDT,39,2026-03-11 13:00:00,short,0.59011,100.0,50.0,85.98,0.961429,high_med_flat,False,False,False,False,False,0.0,0.0,50.0,0.0,0.0,0.0,0.0,0.0,50.0,0.0,0.0,-1,0.0,G2_EDGE,reg.sell_ok=False regime='high_med_flat',-1,0.0,0.0,
SOL/USDT,40,2026-03-11 14:00:00,short,0.59827,98.0,0.0,86.53,1.018571,med_high_down,,,True,False,False,0.0,0.0,50.0,0.0,0.0,0.0,0.0,0.0,50.0,0.0,0.0,-1,0.0,G1_REGIME,regime='med_high_down' skipped=True reg_empty=False,-1,0.0,0.0,
SOL/USDT,41,2026-03-11 15:00:00,short,0.60423,80.05,0.0,85.4,1.122857,med_high_down,,,True,False,False,0.0,0.0,50.0,0.0,0.0,0.0,0.0,0.0,50.0,0.0,0.0,-1,0.0,G1_REGIME,regime='med_high_down' skipped=True reg_empty=False,-1,0.0,0.0,
SOL/USDT,42,2026-03-11 16:00:00,short,0.60814,79.94,0.0,86.44,1.162857,med_high_down,,,True,False,False,0.0,0.0,50.0,0.0,0.0,0.0,0.0,0.0,50.0,0.0,0.0,-1,0.0,G1_REGIME,regime='med_high_down' skipped=True reg_empty=False,-1,0.0,0.0,
SOL/USDT,43,2026-03-11 17:00:00,short,0.60701,95.99,0.0,87.27,1.216429,med_high_flat,,,True,False,False,0.0,0.0,50.0,0.0,0.0,0.0,0.0,0.0,50.0,0.0,0.0,-1,0.0,G1_REGIME,regime='med_high_flat' skipped=True reg_empty=False,-1,0.0,0.0,
SOL/USDT,44,2026-03-11 18:00:00,short,0.60926,93.78,30.0,87.81,1.187143,med_high_up,False,False,False,False,False,0.0,0.0,50.0,0.0,0.0,0.0,0.0,0.0,50.0,0.0,0.0,-1,0.0,G2_EDGE,reg.sell_ok=False regime='med_high_up',-1,0.0,0.0,
SOL/USDT,45,2026-03-11 19:00:00,short,0.59077,69.17,30.0,87.29,1.155714,med_high_up,False,False,False,False,False,0.0,0.0,50.0,0.0,0.0,0.0,0.0,0.0,50.0,0.0,0.0,-1,0.0,G2_EDGE,reg.sell_ok=False regime='med_high_up',-1,0.0,0.0,
SOL/USDT,46,2026-03-11 20:00:00,short,0.58792,62.81,30.0,87.29,1.149286,med_high_up,False,False,False,False,False,0.0,0.0,50.0,0.0,0.0,0.0,0.0,0.0,50.0,0.0,0.0,-1,0.0,G2_EDGE,reg.sell_ok=False regime='med_high_up',-1,0.0,0.0,
SOL/USDT,47,2026-03-11 21:00:00,short,0.58564,61.78,30.0,87.52,1.110714,med_high_up,False,False,False,False,False,0.0,0.0,50.0,0.0,0.0,0.0,0.0,0.0,50.0,0.0,0.0,-1,0.0,G2_EDGE,reg.sell_ok=False regime='med_high_up',-1,0.0,0.0,
SOL/USDT,48,2026-03-11 22:00:00,short,0.59073,65.05,30.0,87.05,1.152143,med_high_up,False,False,False,False,False,0.0,0.0,50.0,0.0,0.0,0.0,0.0,0.0,50.0,0.0,0.0,-1,0.0,G2_EDGE,reg.sell_ok=False regime='med_high_up',-1,0.0,0.0,
SOL/USDT,49,2026-03-11 23:00:00,short,0.59733,54.76,0.0,86.58,1.143571,med_high_flat,,,True,False,False,0.0,0.0,50.0,0.0,0.0,0.0,0.0,0.0,50.0,0.0,0.0,-1,0.0,G1_REGIME,regime='med_high_flat' skipped=True reg_empty=False,-1,0.0,0.0,
SOL/USDT,50,2026-03-12 00:00:00,short,0.62584,55.14,0.0,86.68,1.123571,med_high_flat,,,True,False,False,0.0,0.0,50.0,0.0,0.0,0.0,0.0,0.0,50.0,0.0,0.0,-1,0.0,G1_REGIME,regime='med_high_flat' skipped=True reg_empty=False,-1,0.0,0.0,
SOL/USDT,51,2026-03-12 01:00:00,short,0.63,60.77,0.0,86.05,1.111429,med_high_flat,,,True,False,False,0.0,0.0,50.0,0.0,0.0,0.0,0.0,0.0,50.0,0.0,0.0,-1,0.0,G1_REGIME,regime='med_high_flat' skipped=True reg_empty=False,-1,0.0,0.0,
SOL/USDT,52,2026-03-12 02:00:00,short,0.63463,55.63,0.0,85.21,1.085,med_high_flat,,,True,False,False,0.0,0.0,50.0,0.0,0.0,0.0,0.0,0.0,50.0,0.0,0.0,-1,0.0,G1_REGIME,regime='med_high_flat' skipped=True reg_empty=False,-1,0.0,0.0,
SOL/USDT,53,2026-03-12 03:00:00,short,0.62392,56.5,0.0,85.01,0.972857,med_high_flat,,,True,False,False,0.0,0.0,50.0,0.0,0.0,0.0,0.0,0.0,50.0,0.0,0.0,-1,0.0,G1_REGIME,regime='med_high_flat' skipped=True reg_empty=False,-1,0.0,0.0,
SOL/USDT,54,2026-03-12 04:00:00,short,0.62301,54.83,70.0,85.11,0.906429,med_med_down,False,True,False,False,False,0.0,0.0,50.0,0.0,0.0,0.0,0.0,0.0,50.0,0.0,0.0,-1,0.0,G2_EDGE,edge=54.8 < thr=70.0,-1,0.0,0.0,
SOL/USDT,55,2026-03-12 05:00:00,short,0.62325,50.94,30.0,85.13,0.789286,med_med_flat,False,True,False,False,False,0.0,0.0,50.0,0.0,0.0,0.0,0.0,0.0,50.0,0.0,0.0,-1,0.0,G3_MIN_QUALITY,edge=50.9 < MIN_QUALITY_SCORE=70.0,-1,0.0,0.0,
SOL/USDT,56,2026-03-12 06:00:00,short,0.63183,50.77,30.0,85.39,0.729286,med_med_flat,False,True,False,False,False,0.0,0.0,50.0,0.0,0.0,0.0,0.0,0.0,50.0,0.0,0.0,-1,0.0,G3_MIN_QUALITY,edge=50.8 < MIN_QUALITY_SCORE=70.0,-1,0.0,0.0,
SOL/USDT,57,2026-03-12 07:00:00,short,0.61552,62.41,30.0,85.82,0.693571,med_med_flat,False,True,False,False,False,0.0,0.0,50.0,0.0,0.0,0.0,0.0,0.0,50.0,0.0,0.0,-1,0.0,G3_MIN_QUALITY,edge=62.4 < MIN_QUALITY_SCORE=70.0,-1,0.0,0.0,
SOL/USDT,58,2026-03-12 08:00:00,short,0.61291,51.23,30.0,85.96,0.681429,med_med_flat,False,True,False,False,False,0.0,0.0,50.0,0.0,0.0,0.0,0.0,0.0,50.0,0.0,0.0,-1,0.0,G3_MIN_QUALITY,edge=51.2 < MIN_QUALITY_SCORE=70.0,-1,0.0,0.0,
SOL/USDT,59,2026-03-12 09:00:00,short,0.6208,61.45,30.0,86.18,0.710714,med_med_up,False,True,False,False,False,0.0,0.0,50.0,0.0,0.0,0.0,0.0,0.0,50.0,0.0,0.0,-1,0.0,G3_MIN_QUALITY,edge=61.5 < MIN_QUALITY_SCORE=70.0,-1,0.0,0.0,
SOL/USDT,60,2026-03-12 10:00:00,short,0.62092,62.09,30.0,86.76,0.752143,med_med_up,False,True,False,False,False,0.0,0.0,50.0,0.0,0.0,0.0,0.0,0.0,50.0,0.0,0.0,-1,0.0,G3_MIN_QUALITY,edge=62.1 < MIN_QUALITY_SCORE=70.0,-1,0.0,0.0,
SOL/USDT,61,2026-03-12 11:00:00,short,0.61105,68.06,30.0,86.79,0.754286,med_med_up,False,True,False,False,False,0.0,0.0,50.0,0.0,0.0,0.0,0.0,0.0,50.0,0.0,0.0,-1,0.0,G3_MIN_QUALITY,edge=68.1 < MIN_QUALITY_SCORE=70.0,-1,0.0,0.0,
SOL/USDT,62,2026-03-12 12:00:00,short,0.6001,69.65,30.0,87.25,0.744286,med_med_up,False,True,False,False,False,0.0,0.0,50.0,0.0,0.0,0.0,0.0,0.0,50.0,0.0,0.0,-1,0.0,G3_MIN_QUALITY,edge=69.6 < MIN_QUALITY_SCORE=70.0,-1,0.0,0.0,
SOL/USDT,63,2026-03-12 13:00:00,short,0.59074,77.43,30.0,86.74,0.786429,med_med_flat,False,True,False,False,False,0.0,0.3917538028952492,52.40439406717358,0.0,0.0,0.0,0.0,0.0,50.0,0.0,0.0,-1,0.0,G3_5_ADX,adx=14.2 < 25 (weak trend),-1,0.0,0.0,
SOL/USDT,64,2026-03-12 14:00:00,short,0.65986,76.92,30.0,85.54,0.932857,med_med_flat,False,True,False,False,True,0.0,-0.27654709291519763,51.78910709983157,0.0,0.0,0.0,0.0,0.0,50.0,0.0,0.0,-1,0.0,G3_5_ADX,adx=13.3 < 25 (weak trend),-1,0.0,0.0,
SOL/USDT,65,2026-03-12 15:00:00,short,0.61016,78.9,30.0,86.58,1.015,med_high_up,False,False,False,False,False,0.0,0.0,50.0,0.0,0.0,0.0,0.0,0.0,50.0,0.0,0.0,-1,0.0,G2_EDGE,reg.sell_ok=False regime='med_high_up',-1,0.0,0.0,
SOL/USDT,66,2026-03-12 16:00:00,short,0.60353,72.21,0.0,86.79,1.036429,med_high_flat,,,True,False,False,0.0,0.0,50.0,0.0,0.0,0.0,0.0,0.0,50.0,0.0,0.0,-1,0.0,G1_REGIME,regime='med_high_flat' skipped=True reg_empty=False,-1,0.0,0.0,
SOL/USDT,67,2026-03-12 17:00:00,short,0.62642,61.1,0.0,86.59,1.032857,med_high_flat,,,True,False,False,0.0,0.0,50.0,0.0,0.0,0.0,0.0,0.0,50.0,0.0,0.0,-1,0.0,G1_REGIME,regime='med_high_flat' skipped=True reg_empty=False,-1,0.0,0.0,
SOL/USDT,68,2026-03-12 18:00:00,short,0.65704,52.92,0.0,85.86,1.067857,med_high_down,,,True,False,False,0.0,0.0,50.0,0.0,0.0,0.0,0.0,0.0,50.0,0.0,0.0,-1,0.0,G1_REGIME,regime='med_high_down' skipped=True reg_empty=False,-1,0.0,0.0,
SOL/USDT,69,2026-03-12 19:00:00,short,0.63646,68.31,0.0,86.8,1.126429,med_high_flat,,,True,False,False,0.0,0.0,50.0,0.0,0.0,0.0,0.0,0.0,50.0,0.0,0.0,-1,0.0,G1_REGIME,regime='med_high_flat' skipped=True reg_empty=False,-1,0.0,0.0,
SOL/USDT,70,2026-03-12 20:00:00,short,0.63354,57.27,0.0,86.45,1.132857,med_high_flat,,,True,False,False,0.0,0.0,50.0,0.0,0.0,0.0,0.0,0.0,50.0,0.0,0.0,-1,0.0,G1_REGIME,regime='med_high_flat' skipped=True reg_empty=False,-1,0.0,0.0,
SOL/USDT,71,2026-03-12 21:00:00,short,0.63778,54.0,0.0,86.54,1.104286,med_high_flat,,,True,False,False,0.0,0.0,50.0,0.0,0.0,0.0,0.0,0.0,50.0,0.0,0.0,-1,0.0,G1_REGIME,regime='med_high_flat' skipped=True reg_empty=False,-1,0.0,0.0,
SOL/USDT,72,2026-03-12 22:00:00,short,0.63452,58.45,0.0,86.3,1.095,med_high_flat,,,True,False,False,0.0,0.0,50.0,0.0,0.0,0.0,0.0,0.0,50.0,0.0,0.0,-1,0.0,G1_REGIME,regime='med_high_flat' skipped=True reg_empty=False,-1,0.0,0.0,
SOL/USDT,73,2026-03-12 23:00:00,short,0.63089,69.08,0.0,86.84,1.073571,med_high_flat,,,True,False,False,0.0,0.0,50.0,0.0,0.0,0.0,0.0,0.0,50.0,0.0,0.0,-1,0.0,G1_REGIME,regime='med_high_flat' skipped=True reg_empty=False,-1,0.0,0.0,
SOL/USDT,74,2026-03-13 00:00:00,short,0.59954,86.38,0.0,89.78,1.318571,high_high_up,,,True,False,False,0.0,0.0,50.0,0.0,0.0,0.0,0.0,0.0,50.0,0.0,0.0,-1,0.0,G1_REGIME,regime='high_high_up' skipped=True reg_empty=False,-1,0.0,0.0,
SOL/USDT,75,2026-03-13 01:00:00,short,0.5827,69.93,0.0,90.45,1.352143,high_high_up,,,True,False,False,0.0,0.0,50.0,0.0,0.0,0.0,0.0,0.0,50.0,0.0,0.0,-1,0.0,G1_REGIME,regime='high_high_up' skipped=True reg_empty=False,-1,0.0,0.0,
SOL/USDT,76,2026-03-13 02:00:00,short,0.6104,59.42,0.0,89.09,1.402143,high_high_up,,,True,False,False,0.0,0.0,50.0,0.0,0.0,0.0,0.0,0.0,50.0,0.0,0.0,-1,0.0,G1_REGIME,regime='high_high_up' skipped=True reg_empty=False,-1,0.0,0.0,
SOL/USDT,77,2026-03-13 03:00:00,short,0.61489,56.23,0.0,89.69,1.383571,high_high_up,,,True,False,False,0.0,0.0,50.0,0.0,0.0,0.0,0.0,0.0,50.0,0.0,0.0,-1,0.0,G1_REGIME,regime='high_high_up' skipped=True reg_empty=False,-1,0.0,0.0,
SOL/USDT,78,2026-03-13 04:00:00,short,0.61491,54.7,0.0,89.35,1.247143,high_high_up,,,True,False,False,0.0,0.0,50.0,0.0,0.0,0.0,0.0,0.0,50.0,0.0,0.0,-1,0.0,G1_REGIME,regime='high_high_up' skipped=True reg_empty=False,-1,0.0,0.0,
SOL/USDT,79,2026-03-13 05:00:00,short,0.61342,56.4,0.0,89.09,1.153571,high_high_up,,,True,False,False,0.0,0.0,50.0,0.0,0.0,0.0,0.0,0.0,50.0,0.0,0.0,-1,0.0,G1_REGIME,regime='high_high_up' skipped=True reg_empty=False,-1,0.0,0.0,
SOL/USDT,80,2026-03-13 06:00:00,short,0.61369,56.79,0.0,88.4,1.129286,high_high_up,,,True,False,False,0.0,0.0,50.0,0.0,0.0,0.0,0.0,0.0,50.0,0.0,0.0,-1,0.0,G1_REGIME,regime='high_high_up' skipped=True reg_empty=False,-1,0.0,0.0,
SOL/USDT,81,2026-03-13 07:00:00,short,0.61002,56.87,0.0,88.68,1.140714,high_high_up,,,True,False,False,0.0,0.0,50.0,0.0,0.0,0.0,0.0,0.0,50.0,0.0,0.0,-1,0.0,G1_REGIME,regime='high_high_up' skipped=True reg_empty=False,-1,0.0,0.0,
SOL/USDT,82,2026-03-13 08:00:00,short,0.61369,56.97,0.0,89.16,1.165,high_high_up,,,True,False,False,0.0,0.0,50.0,0.0,0.0,0.0,0.0,0.0,50.0,0.0,0.0,-1,0.0,G1_REGIME,regime='high_high_up' skipped=True reg_empty=False,-1,0.0,0.0,
SOL/USDT,83,2026-03-13 09:00:00,short,0.61006,74.66,0.0,89.5,1.136429,high_high_up,,,True,False,False,0.0,0.0,50.0,0.0,0.0,0.0,0.0,0.0,50.0,0.0,0.0,-1,0.0,G1_REGIME,regime='high_high_up' skipped=True reg_empty=False,-1,0.0,0.0,
SOL/USDT,84,2026-03-13 10:00:00,short,0.59712,87.74,0.0,90.19,1.158571,high_high_up,,,True,False,False,0.0,0.0,50.0,0.0,0.0,0.0,0.0,0.0,50.0,0.0,0.0,-1,0.0,G1_REGIME,regime='high_high_up' skipped=True reg_empty=False,-1,0.0,0.0,
SOL/USDT,85,2026-03-13 11:00:00,short,0.59452,84.66,0.0,90.33,1.157143,high_high_up,,,True,False,False,0.0,0.0,50.0,0.0,0.0,0.0,0.0,0.0,50.0,0.0,0.0,-1,0.0,G1_REGIME,regime='high_high_up' skipped=True reg_empty=False,-1,0.0,0.0,
SOL/USDT,86,2026-03-13 12:00:00,short,0.59457,87.96,0.0,91.0,1.2,high_high_up,,,True,False,False,0.0,0.0,50.0,0.0,0.0,0.0,0.0,0.0,50.0,0.0,0.0,-1,0.0,G1_REGIME,regime='high_high_up' skipped=True reg_empty=False,-1,0.0,0.0,
SOL/USDT,87,2026-03-13 13:00:00,short,0.59819,92.25,0.0,91.87,1.231429,high_high_up,,,True,False,False,0.0,0.0,50.0,0.0,0.0,0.0,0.0,0.0,50.0,0.0,0.0,-1,0.0,G1_REGIME,regime='high_high_up' skipped=True reg_empty=False,-1,0.0,0.0,
SOL/USDT,88,2026-03-13 14:00:00,short,0.59538,97.85,0.0,90.69,1.095,high_high_up,,,True,False,False,0.0,0.0,50.0,0.0,0.0,0.0,0.0,0.0,50.0,0.0,0.0,-1,0.0,G1_REGIME,regime='high_high_up' skipped=True reg_empty=False,-1,0.0,0.0,
SOL/USDT,89,2026-03-13 15:00:00,short,0.61757,83.43,0.0,89.49,1.164286,high_high_up,,,True,False,False,0.0,0.0,50.0,0.0,0.0,0.0,0.0,0.0,50.0,0.0,0.0,-1,0.0,G1_REGIME,regime='high_high_up' skipped=True reg_empty=False,-1,0.0,0.0,
SOL/USDT,90,2026-03-13 16:00:00,short,0.61751,79.21,0.0,89.61,1.125714,high_high_up,,,True,False,False,0.0,0.0,50.0,0.0,0.0,0.0,0.0,0.0,50.0,0.0,0.0,-1,0.0,G1_REGIME,regime='high_high_up' skipped=True reg_empty=False,-1,0.0,0.0,
SOL/USDT,91,2026-03-13 17:00:00,short,0.62871,83.64,0.0,88.87,1.16,high_high_up,,,True,False,False,0.0,0.0,50.0,0.0,0.0,0.0,0.0,0.0,50.0,0.0,0.0,-1,0.0,G1_REGIME,regime='high_high_up' skipped=True reg_empty=False,-1,0.0,0.0,
SOL/USDT,92,2026-03-13 18:00:00,short,0.63612,82.46,0.0,88.82,1.175714,high_high_up,,,True,False,False,0.0,0.0,50.0,0.0,0.0,0.0,0.0,0.0,50.0,0.0,0.0,-1,0.0,G1_REGIME,regime='high_high_up' skipped=True reg_empty=False,-1,0.0,0.0,
SOL/USDT,93,2026-03-13 19:00:00,short,0.63323,81.33,0.0,88.92,1.18,high_high_up,,,True,False,False,0.0,0.0,50.0,0.0,0.0,0.0,0.0,0.0,50.0,0.0,0.0,-1,0.0,G1_REGIME,regime='high_high_up' skipped=True reg_empty=False,-1,0.0,0.0,
SOL/USDT,94,2026-03-13 20:00:00,short,0.62498,82.54,0.0,88.91,1.152857,high_high_up,,,True,False,False,0.0,0.0,50.0,0.0,0.0,0.0,0.0,0.0,50.0,0.0,0.0,-1,0.0,G1_REGIME,regime='high_high_up' skipped=True reg_empty=False,-1,0.0,0.0,
SOL/USDT,95,2026-03-13 21:00:00,short,0.62395,82.94,0.0,88.56,1.152857,high_high_up,,,True,False,False,0.0,0.0,50.0,0.0,0.0,0.0,0.0,0.0,50.0,0.0,0.0,-1,0.0,G1_REGIME,regime='high_high_up' skipped=True reg_empty=False,-1,0.0,0.0,
SOL/USDT,96,2026-03-13 22:00:00,short,0.60699,87.46,0.0,88.01,1.122857,high_high_up,,,True,False,False,0.0,0.0,50.0,0.0,0.0,0.0,0.0,0.0,50.0,0.0,0.0,-1,0.0,G1_REGIME,regime='high_high_up' skipped=True reg_empty=False,-1,0.0,0.0,
SOL/USDT,97,2026-03-13 23:00:00,short,0.61067,82.71,0.0,88.18,1.094286,high_high_up,,,True,False,False,0.0,0.0,50.0,0.0,0.0,0.0,0.0,0.0,50.0,0.0,0.0,-1,0.0,G1_REGIME,regime='high_high_up' skipped=True reg_empty=False,-1,0.0,0.0,
SOL/USDT,98,2026-03-14 00:00:00,short,0.57159,73.19,64.0,87.94,1.072857,high_high_down,False,True,False,False,True,0.0,-0.5495529339530609,42.42647824783001,0.0,0.0,0.0,0.25,0.5,50.0,0.0,0.0,-1,0.0,G4_5_MTF,prior(bullish)=0.25<0.6 OR rev(bearish)=0.50<0.5,-1,0.0,0.0,
SOL/USDT,99,2026-03-14 01:00:00,short,0.57921,53.35,64.0,88.23,1.080714,high_high_down,False,True,False,False,False,0.0,0.0,50.0,0.0,0.0,0.0,0.0,0.0,50.0,0.0,0.0,-1,0.0,G2_EDGE,edge=53.3 < thr=64.0,-1,0.0,0.0,
SOL/USDT,100,2026-03-14 02:00:00,short,0.5941,41.84,0.0,88.23,1.015,high_high_flat,,,True,False,False,0.0,0.0,50.0,0.0,0.0,0.0,0.0,0.0,50.0,0.0,0.0,-1,0.0,G1_REGIME,regime='high_high_flat' skipped=True reg_empty=False,-1,0.0,0.0,
SOL/USDT,101,2026-03-14 03:00:00,short,0.58747,40.92,50.0,88.4,0.943571,high_med_flat,False,False,False,False,False,0.0,0.0,50.0,0.0,0.0,0.0,0.0,0.0,50.0,0.0,0.0,-1,0.0,G2_EDGE,reg.sell_ok=False regime='high_med_flat',-1,0.0,0.0,
SOL/USDT,102,2026-03-14 04:00:00,short,0.58335,42.26,50.0,88.25,0.799286,high_med_flat,False,False,False,False,False,0.0,0.0,50.0,0.0,0.0,0.0,0.0,0.0,50.0,0.0,0.0,-1,0.0,G2_EDGE,reg.sell_ok=False regime='high_med_flat',-1,0.0,0.0,
SOL/USDT,103,2026-03-14 05:00:00,short,0.57211,41.73,50.0,88.08,0.697857,high_med_flat,False,False,False,False,False,0.0,0.0,50.0,0.0,0.0,0.0,0.0,0.0,50.0,0.0,0.0,-1,0.0,G2_EDGE,reg.sell_ok=False regime='high_med_flat',-1,0.0,0.0,
SOL/USDT,104,2026-03-14 06:00:00,short,0.60581,66.97,50.0,87.25,0.702143,high_med_flat,False,False,False,False,False,0.0,0.0,50.0,0.0,0.0,0.0,0.0,0.0,50.0,0.0,0.0,-1,0.0,G2_EDGE,reg.sell_ok=False regime='high_med_flat',-1,0.0,0.0,
SOL/USDT,105,2026-03-14 07:00:00,short,0.59871,62.56,0.0,87.33,0.609286,high_low_flat,,,True,False,False,0.0,0.0,50.0,0.0,0.0,0.0,0.0,0.0,50.0,0.0,0.0,-1,0.0,G1_REGIME,regime='high_low_flat' skipped=True reg_empty=False,-1,0.0,0.0,
SOL/USDT,106,2026-03-14 08:00:00,short,0.61253,64.64,0.0,87.15,0.587857,high_low_down,,,True,False,False,0.0,0.0,50.0,0.0,0.0,0.0,0.0,0.0,50.0,0.0,0.0,-1,0.0,G1_REGIME,regime='high_low_down' skipped=True reg_empty=False,-1,0.0,0.0,
SOL/USDT,107,2026-03-14 09:00:00,short,0.6097,65.49,0.0,86.85,0.587857,high_low_down,,,True,False,False,0.0,0.0,50.0,0.0,0.0,0.0,0.0,0.0,50.0,0.0,0.0,-1,0.0,G1_REGIME,regime='high_low_down' skipped=True reg_empty=False,-1,0.0,0.0,
SOL/USDT,108,2026-03-14 10:00:00,short,0.61821,64.52,0.0,86.65,0.577143,high_low_down,,,True,False,False,0.0,0.0,50.0,0.0,0.0,0.0,0.0,0.0,50.0,0.0,0.0,-1,0.0,G1_REGIME,regime='high_low_down' skipped=True reg_empty=False,-1,0.0,0.0,
SOL/USDT,109,2026-03-14 11:00:00,short,0.62095,63.31,30.0,86.96,0.545,med_low_down,False,False,False,False,False,0.0,0.0,50.0,0.0,0.0,0.0,0.0,0.0,50.0,0.0,0.0,-1,0.0,G2_EDGE,reg.sell_ok=False regime='med_low_down',-1,0.0,0.0,
SOL/USDT,110,2026-03-14 12:00:00,short,0.62568,72.91,30.0,87.11,0.501429,med_low_down,False,False,False,False,False,0.0,0.0,50.0,0.0,0.0,0.0,0.0,0.0,50.0,0.0,0.0,-1,0.0,G2_EDGE,reg.sell_ok=False regime='med_low_down',-1,0.0,0.0,
SOL/USDT,111,2026-03-14 13:00:00,short,0.61776,69.37,30.0,87.11,0.492143,med_low_down,False,False,False,False,False,0.0,0.0,50.0,0.0,0.0,0.0,0.0,0.0,50.0,0.0,0.0,-1,0.0,G2_EDGE,reg.sell_ok=False regime='med_low_down',-1,0.0,0.0,
SOL/USDT,112,2026-03-14 14:00:00,short,0.62276,77.4,30.0,86.72,0.496429,low_low_down,False,True,False,False,True,0.0,-0.5893902992846992,55.96767664744015,0.0,0.0,0.0,0.25,0.0,50.0,0.0,0.0,-1,0.0,G4_5_MTF,prior(bullish)=0.25<0.6 OR rev(bearish)=0.00<0.5,-1,0.0,0.0,
SOL/USDT,113,2026-03-14 15:00:00,short,0.63222,61.46,30.0,86.72,0.475,low_low_down,False,True,False,False,False,0.0,0.0,50.0,0.0,0.0,0.0,0.0,0.0,50.0,0.0,0.0,-1,0.0,G3_MIN_QUALITY,edge=61.5 < MIN_QUALITY_SCORE=70.0,-1,0.0,0.0,
SOL/USDT,114,2026-03-14 16:00:00,short,0.64313,69.35,30.0,87.07,0.488571,low_low_down,False,True,False,False,False,0.0,0.0,50.0,0.0,0.0,0.0,0.0,0.0,50.0,0.0,0.0,-1,0.0,G3_MIN_QUALITY,edge=69.4 < MIN_QUALITY_SCORE=70.0,-1,0.0,0.0,
SOL/USDT,115,2026-03-14 17:00:00,short,0.64447,58.84,30.0,86.9,0.478571,low_low_down,False,True,False,False,False,0.0,0.0,50.0,0.0,0.0,0.0,0.0,0.0,50.0,0.0,0.0,-1,0.0,G3_MIN_QUALITY,edge=58.8 < MIN_QUALITY_SCORE=70.0,-1,0.0,0.0,
SOL/USDT,116,2026-03-14 18:00:00,short,0.64537,67.97,30.0,87.04,0.465714,low_low_down,False,True,False,False,False,0.0,0.0,50.0,0.0,0.0,0.0,0.0,0.0,50.0,0.0,0.0,-1,0.0,G3_MIN_QUALITY,edge=68.0 < MIN_QUALITY_SCORE=70.0,-1,0.0,0.0,
SOL/USDT,117,2026-03-14 19:00:00,short,0.65492,71.12,30.0,87.0,0.442857,low_low_down,False,True,False,False,True,0.0,-0.4719514157571629,58.52392815413239,0.0,0.0,0.0,0.5,0.5,50.0,0.0,0.0,-1,0.0,G4_5_MTF,prior(bullish)=0.50<0.6 OR rev(bearish)=0.50<0.5,-1,0.0,0.0,
SOL/USDT,118,2026-03-14 20:00:00,short,0.63689,68.2,30.0,87.08,0.380714,low_low_down,False,True,False,False,False,0.0,0.0,50.0,0.0,0.0,0.0,0.0,0.0,50.0,0.0,0.0,-1,0.0,G3_MIN_QUALITY,edge=68.2 < MIN_QUALITY_SCORE=70.0,-1,0.0,0.0,
SOL/USDT,119,2026-03-14 21:00:00,short,0.64172,66.96,80.0,87.28,0.395714,low_low_flat,False,True,False,False,False,0.0,0.0,50.0,0.0,0.0,0.0,0.0,0.0,50.0,0.0,0.0,-1,0.0,G2_EDGE,edge=67.0 < thr=80.0,-1,0.0,0.0,
SOL/USDT,120,2026-03-14 22:00:00,short,0.64644,68.94,80.0,87.31,0.379286,low_low_flat,False,True,False,False,False,0.0,0.0,50.0,0.0,0.0,0.0,0.0,0.0,50.0,0.0,0.0,-1,0.0,G2_EDGE,edge=68.9 < thr=80.0,-1,0.0,0.0,
SOL/USDT,121,2026-03-14 23:00:00,short,0.61136,100.0,80.0,88.03,0.392857,low_low_flat,False,True,False,True,False,0.0,0.3329139616208799,52.017952427119475,0.0,0.0,0.0,0.5,0.0,50.0,0.0,0.0,-1,0.0,G4_5_MTF,prior(bullish)=0.50<0.6 OR rev(bearish)=0.00<0.5,-1,0.0,0.0,
SOL/USDT,122,2026-03-15 00:00:00,short,0.62489,77.65,80.0,87.76,0.401429,low_low_flat,False,True,False,False,False,0.0,0.0,50.0,0.0,0.0,0.0,0.0,0.0,50.0,0.0,0.0,-1,0.0,G2_EDGE,edge=77.7 < thr=80.0,-1,0.0,0.0,
SOL/USDT,123,2026-03-15 01:00:00,short,0.62514,74.3,80.0,87.69,0.399286,low_low_flat,False,True,False,False,False,0.0,0.0,50.0,0.0,0.0,0.0,0.0,0.0,50.0,0.0,0.0,-1,0.0,G2_EDGE,edge=74.3 < thr=80.0,-1,0.0,0.0,
SOL/USDT,124,2026-03-15 02:00:00,short,0.6169,100.0,80.0,88.3,0.445714,low_low_flat,False,True,False,True,False,0.0,0.6361833612108097,41.90351749615945,1.0,0.0,0.0,1.0,1.0,69.38110717546076,3.7750991571374932,0.5299657172882091,-1,0.0,G5_RSI_ACCEL,rsi_accel=0.5300>0.08 (RSI recovering),-1,0.0,0.0,
SOL/USDT,125,2026-03-15 03:00:00,short,0.63213,89.12,80.0,87.86,0.474286,low_low_flat,False,True,False,True,False,0.0,0.31620540088056026,41.79305062832128,0.0,0.0,0.0,0.75,0.5,60.683760441717226,3.7936960436575538,0.01859688652006053,-1,0.005398,TRADE,edge=89.1 meta_conf=0.6321,142,88.974571,-1.1146,LOSS
SOL/USDT,143,2026-03-15 21:00:00,short,0.61838,100.0,76.0,90.0,0.697857,low_low_up,False,True,False,True,False,0.0,0.6756360397767821,36.35285033812935,1.0,0.0,0.0,0.25,0.0,50.0,0.0,0.0,-1,0.0,G4_5_MTF,prior(bullish)=0.25<0.6 OR rev(bearish)=0.00<0.5,-1,0.0,0.0,
SOL/USDT,144,2026-03-15 22:00:00,short,0.56024,100.0,50.0,92.64,0.891429,low_med_up,False,False,False,False,False,0.0,0.0,50.0,0.0,0.0,0.0,0.0,0.0,50.0,0.0,0.0,-1,0.0,G2_EDGE,reg.sell_ok=False regime='low_med_up',-1,0.0,0.0,
SOL/USDT,145,2026-03-15 23:00:00,short,0.5556,100.0,30.0,92.3,0.974286,med_med_up,False,True,False,True,False,0.0,0.6290455788158642,14.12675579565528,0.0,0.0,0.0,0.75,0.0,50.0,0.0,0.0,-1,0.0,G4_5_MTF,prior(bullish)=0.75<0.6 OR rev(bearish)=0.00<0.5,-1,0.0,0.0,
SOL/USDT,146,2026-03-16 00:00:00,short,0.5502,89.14,30.0,92.01,1.035,med_high_up,False,False,False,False,False,0.0,0.0,50.0,0.0,0.0,0.0,0.0,0.0,50.0,0.0,0.0,-1,0.0,G2_EDGE,reg.sell_ok=False regime='med_high_up',-1,0.0,0.0,
SOL/USDT,147,2026-03-16 01:00:00,short,0.54956,85.64,30.0,92.11,1.057857,med_high_up,False,False,False,False,False,0.0,0.0,50.0,0.0,0.0,0.0,0.0,0.0,50.0,0.0,0.0,-1,0.0,G2_EDGE,reg.sell_ok=False regime='med_high_up',-1,0.0,0.0,
SOL/USDT,148,2026-03-16 02:00:00,short,0.54942,75.25,30.0,91.48,1.11,med_high_up,False,False,False,False,False,0.0,0.0,50.0,0.0,0.0,0.0,0.0,0.0,50.0,0.0,0.0,-1,0.0,G2_EDGE,reg.sell_ok=False regime='med_high_up',-1,0.0,0.0,
SOL/USDT,149,2026-03-16 03:00:00,short,0.55827,100.0,0.0,93.16,1.230714,high_high_up,,,True,False,False,0.0,0.0,50.0,0.0,0.0,0.0,0.0,0.0,50.0,0.0,0.0,-1,0.0,G1_REGIME,regime='high_high_up' skipped=True reg_empty=False,-1,0.0,0.0,
SOL/USDT,150,2026-03-16 04:00:00,short,0.55127,89.25,0.0,93.62,1.292857,high_high_up,,,True,False,False,0.0,0.0,50.0,0.0,0.0,0.0,0.0,0.0,50.0,0.0,0.0,-1,0.0,G1_REGIME,regime='high_high_up' skipped=True reg_empty=False,-1,0.0,0.0,
SOL/USDT,151,2026-03-16 05:00:00,short,0.55319,88.51,0.0,94.04,1.347143,high_high_up,,,True,False,False,0.0,0.0,50.0,0.0,0.0,0.0,0.0,0.0,50.0,0.0,0.0,-1,0.0,G1_REGIME,regime='high_high_up' skipped=True reg_empty=False,-1,0.0,0.0,
SOL/USDT,152,2026-03-16 06:00:00,short,0.55587,88.27,0.0,93.4,1.368571,high_high_up,,,True,False,False,0.0,0.0,50.0,0.0,0.0,0.0,0.0,0.0,50.0,0.0,0.0,-1,0.0,G1_REGIME,regime='high_high_up' skipped=True reg_empty=False,-1,0.0,0.0,
SOL/USDT,153,2026-03-16 07:00:00,short,0.55332,84.55,0.0,93.56,1.314286,high_high_up,,,True,False,False,0.0,0.0,50.0,0.0,0.0,0.0,0.0,0.0,50.0,0.0,0.0,-1,0.0,G1_REGIME,regime='high_high_up' skipped=True reg_empty=False,-1,0.0,0.0,
SOL/USDT,154,2026-03-16 08:00:00,short,0.5588,76.33,0.0,92.86,1.357857,high_high_up,,,True,False,False,0.0,0.0,50.0,0.0,0.0,0.0,0.0,0.0,50.0,0.0,0.0,-1,0.0,G1_REGIME,regime='high_high_up' skipped=True reg_empty=False,-1,0.0,0.0,
SOL/USDT,155,2026-03-16 09:00:00,short,0.54994,83.27,0.0,93.29,1.377143,high_high_up,,,True,False,False,0.0,0.0,50.0,0.0,0.0,0.0,0.0,0.0,50.0,0.0,0.0,-1,0.0,G1_REGIME,regime='high_high_up' skipped=True reg_empty=False,-1,0.0,0.0,
SOL/USDT,156,2026-03-16 10:00:00,short,0.55225,83.21,0.0,93.9,1.354286,high_high_up,,,True,False,False,0.0,0.0,50.0,0.0,0.0,0.0,0.0,0.0,50.0,0.0,0.0,-1,0.0,G1_REGIME,regime='high_high_up' skipped=True reg_empty=False,-1,0.0,0.0,
SOL/USDT,157,2026-03-16 11:00:00,short,0.55685,82.93,0.0,93.75,1.262857,high_high_up,,,True,False,False,0.0,0.0,50.0,0.0,0.0,0.0,0.0,0.0,50.0,0.0,0.0,-1,0.0,G1_REGIME,regime='high_high_up' skipped=True reg_empty=False,-1,0.0,0.0,
SOL/USDT,158,2026-03-16 12:00:00,short,0.55037,86.0,0.0,93.77,1.099286,high_high_up,,,True,False,False,0.0,0.0,50.0,0.0,0.0,0.0,0.0,0.0,50.0,0.0,0.0,-1,0.0,G1_REGIME,regime='high_high_up' skipped=True reg_empty=False,-1,0.0,0.0,
SOL/USDT,159,2026-03-16 13:00:00,short,0.55948,92.03,0.0,93.68,1.105,high_high_up,,,True,False,False,0.0,0.0,50.0,0.0,0.0,0.0,0.0,0.0,50.0,0.0,0.0,-1,0.0,G1_REGIME,regime='high_high_up' skipped=True reg_empty=False,-1,0.0,0.0,
SOL/USDT,160,2026-03-16 14:00:00,short,0.57718,96.23,0.0,93.6,1.175714,high_high_up,,,True,False,False,0.0,0.0,50.0,0.0,0.0,0.0,0.0,0.0,50.0,0.0,0.0,-1,0.0,G1_REGIME,regime='high_high_up' skipped=True reg_empty=False,-1,0.0,0.0,
SOL/USDT,161,2026-03-16 15:00:00,short,0.60547,82.96,0.0,93.2,1.211429,high_high_up,,,True,False,False,0.0,0.0,50.0,0.0,0.0,0.0,0.0,0.0,50.0,0.0,0.0,-1,0.0,G1_REGIME,regime='high_high_up' skipped=True reg_empty=False,-1,0.0,0.0,
SOL/USDT,162,2026-03-16 16:00:00,short,0.59676,88.08,0.0,93.81,1.199286,high_high_up,,,True,False,False,0.0,0.0,50.0,0.0,0.0,0.0,0.0,0.0,50.0,0.0,0.0,-1,0.0,G1_REGIME,regime='high_high_up' skipped=True reg_empty=False,-1,0.0,0.0,
SOL/USDT,163,2026-03-16 17:00:00,short,0.57268,82.96,0.0,94.08,1.054286,high_high_up,,,True,False,False,0.0,0.0,50.0,0.0,0.0,0.0,0.0,0.0,50.0,0.0,0.0,-1,0.0,G1_REGIME,regime='high_high_up' skipped=True reg_empty=False,-1,0.0,0.0,
SOL/USDT,164,2026-03-16 18:00:00,short,0.56022,84.62,30.0,94.38,1.035714,high_med_up,False,False,False,False,False,0.0,0.0,50.0,0.0,0.0,0.0,0.0,0.0,50.0,0.0,0.0,-1,0.0,G2_EDGE,reg.sell_ok=False regime='high_med_up',-1,0.0,0.0,
SOL/USDT,165,2026-03-16 19:00:00,short,0.55489,83.31,30.0,95.21,1.050714,high_med_up,False,False,False,False,False,0.0,0.0,50.0,0.0,0.0,0.0,0.0,0.0,50.0,0.0,0.0,-1,0.0,G2_EDGE,reg.sell_ok=False regime='high_med_up',-1,0.0,0.0,
SOL/USDT,166,2026-03-16 20:00:00,short,0.54767,80.47,30.0,95.78,1.051429,high_med_up,False,False,False,False,False,0.0,0.0,50.0,0.0,0.0,0.0,0.0,0.0,50.0,0.0,0.0,-1,0.0,G2_EDGE,reg.sell_ok=False regime='high_med_up',-1,0.0,0.0,
SOL/USDT,167,2026-03-16 21:00:00,short,0.54501,83.95,0.0,96.17,1.111429,high_high_up,,,True,False,False,0.0,0.0,50.0,0.0,0.0,0.0,0.0,0.0,50.0,0.0,0.0,-1,0.0,G1_REGIME,regime='high_high_up' skipped=True reg_empty=False,-1,0.0,0.0,
SOL/USDT,168,2026-03-16 22:00:00,short,0.53896,84.54,0.0,96.37,1.115714,high_high_up,,,True,False,False,0.0,0.0,50.0,0.0,0.0,0.0,0.0,0.0,50.0,0.0,0.0,-1,0.0,G1_REGIME,regime='high_high_up' skipped=True reg_empty=False,-1,0.0,0.0,
SOL/USDT,169,2026-03-16 23:00:00,short,0.53819,73.04,0.0,96.2,1.138571,high_high_up,,,True,False,False,0.0,0.0,50.0,0.0,0.0,0.0,0.0,0.0,50.0,0.0,0.0,-1,0.0,G1_REGIME,regime='high_high_up' skipped=True reg_empty=False,-1,0.0,0.0,
SOL/USDT,170,2026-03-17 00:00:00,short,0.56664,79.95,0.0,95.49,1.218571,high_high_up,,,True,False,False,0.0,0.0,50.0,0.0,0.0,0.0,0.0,0.0,50.0,0.0,0.0,-1,0.0,G1_REGIME,regime='high_high_up' skipped=True reg_empty=False,-1,0.0,0.0,
SOL/USDT,171,2026-03-17 01:00:00,short,0.56819,77.18,0.0,95.72,1.267143,high_high_up,,,True,False,False,0.0,0.0,50.0,0.0,0.0,0.0,0.0,0.0,50.0,0.0,0.0,-1,0.0,G1_REGIME,regime='high_high_up' skipped=True reg_empty=False,-1,0.0,0.0,
SOL/USDT,172,2026-03-17 02:00:00,short,0.57065,74.66,0.0,95.15,1.273571,high_high_up,,,True,False,False,0.0,0.0,50.0,0.0,0.0,0.0,0.0,0.0,50.0,0.0,0.0,-1,0.0,G1_REGIME,regime='high_high_up' skipped=True reg_empty=False,-1,0.0,0.0,
SOL/USDT,173,2026-03-17 03:00:00,short,0.58229,82.03,0.0,94.07,1.265,high_high_up,,,True,False,False,0.0,0.0,50.0,0.0,0.0,0.0,0.0,0.0,50.0,0.0,0.0,-1,0.0,G1_REGIME,regime='high_high_up' skipped=True reg_empty=False,-1,0.0,0.0,
SOL/USDT,174,2026-03-17 04:00:00,short,0.57345,78.67,0.0,93.8,1.187143,high_high_flat,,,True,False,False,0.0,0.0,50.0,0.0,0.0,0.0,0.0,0.0,50.0,0.0,0.0,-1,0.0,G1_REGIME,regime='high_high_flat' skipped=True reg_empty=False,-1,0.0,0.0,
SOL/USDT,175,2026-03-17 05:00:00,short,0.57078,76.73,0.0,93.8,1.15,high_high_flat,,,True,False,False,0.0,0.0,50.0,0.0,0.0,0.0,0.0,0.0,50.0,0.0,0.0,-1,0.0,G1_REGIME,regime='high_high_flat' skipped=True reg_empty=False,-1,0.0,0.0,
SOL/USDT,176,2026-03-17 06:00:00,short,0.57479,77.74,0.0,93.89,1.142857,high_high_flat,,,True,False,False,0.0,0.0,50.0,0.0,0.0,0.0,0.0,0.0,50.0,0.0,0.0,-1,0.0,G1_REGIME,regime='high_high_flat' skipped=True reg_empty=False,-1,0.0,0.0,
SOL/USDT,177,2026-03-17 07:00:00,short,0.57575,75.42,0.0,94.44,1.149286,high_high_up,,,True,False,False,0.0,0.0,50.0,0.0,0.0,0.0,0.0,0.0,50.0,0.0,0.0,-1,0.0,G1_REGIME,regime='high_high_up' skipped=True reg_empty=False,-1,0.0,0.0,
SOL/USDT,178,2026-03-17 08:00:00,short,0.57139,77.25,0.0,94.41,1.122143,high_high_up,,,True,False,False,0.0,0.0,50.0,0.0,0.0,0.0,0.0,0.0,50.0,0.0,0.0,-1,0.0,G1_REGIME,regime='high_high_up' skipped=True reg_empty=False,-1,0.0,0.0,
SOL/USDT,179,2026-03-17 09:00:00,short,0.59274,83.63,0.0,93.9,1.127857,high_high_flat,,,True,False,False,0.0,0.0,50.0,0.0,0.0,0.0,0.0,0.0,50.0,0.0,0.0,-1,0.0,G1_REGIME,regime='high_high_flat' skipped=True reg_empty=False,-1,0.0,0.0,
SOL/USDT,180,2026-03-17 10:00:00,short,0.59763,61.76,0.0,93.57,1.120714,high_high_flat,,,True,False,False,0.0,0.0,50.0,0.0,0.0,0.0,0.0,0.0,50.0,0.0,0.0,-1,0.0,G1_REGIME,regime='high_high_flat' skipped=True reg_empty=False,-1,0.0,0.0,
SOL/USDT,181,2026-03-17 11:00:00,short,0.59607,58.34,0.0,93.66,1.058571,high_high_flat,,,True,False,False,0.0,0.0,50.0,0.0,0.0,0.0,0.0,0.0,50.0,0.0,0.0,-1,0.0,G1_REGIME,regime='high_high_flat' skipped=True reg_empty=False,-1,0.0,0.0,
SOL/USDT,182,2026-03-17 12:00:00,short,0.60264,61.26,50.0,93.42,1.017143,high_med_flat,False,False,False,False,False,0.0,0.0,50.0,0.0,0.0,0.0,0.0,0.0,50.0,0.0,0.0,-1,0.0,G2_EDGE,reg.sell_ok=False regime='high_med_flat',-1,0.0,0.0,
SOL/USDT,183,2026-03-17 13:00:00,short,0.59781,74.88,50.0,93.8,1.027857,high_med_flat,False,False,False,False,False,0.0,0.0,50.0,0.0,0.0,0.0,0.0,0.0,50.0,0.0,0.0,-1,0.0,G2_EDGE,reg.sell_ok=False regime='high_med_flat',-1,0.0,0.0,
SOL/USDT,184,2026-03-17 14:00:00,short,0.57449,80.14,30.0,94.5,0.982143,high_med_up,False,False,False,False,False,0.0,0.0,50.0,0.0,0.0,0.0,0.0,0.0,50.0,0.0,0.0,-1,0.0,G2_EDGE,reg.sell_ok=False regime='high_med_up',-1,0.0,0.0,
SOL/USDT,185,2026-03-17 15:00:00,short,0.604,57.45,50.0,93.82,1.035,high_med_flat,False,False,False,False,False,0.0,0.0,50.0,0.0,0.0,0.0,0.0,0.0,50.0,0.0,0.0,-1,0.0,G2_EDGE,reg.sell_ok=False regime='high_med_flat',-1,0.0,0.0,
SOL/USDT,186,2026-03-17 16:00:00,short,0.5764,49.24,50.0,94.39,1.047857,high_med_flat,False,False,False,False,False,0.0,0.0,50.0,0.0,0.0,0.0,0.0,0.0,50.0,0.0,0.0,-1,0.0,G2_EDGE,reg.sell_ok=False regime='high_med_flat',-1,0.0,0.0,
SOL/USDT,187,2026-03-17 17:00:00,short,0.57765,54.26,50.0,94.57,0.975714,high_med_flat,False,False,False,False,False,0.0,0.0,50.0,0.0,0.0,0.0,0.0,0.0,50.0,0.0,0.0,-1,0.0,G2_EDGE,reg.sell_ok=False regime='high_med_flat',-1,0.0,0.0,
SOL/USDT,188,2026-03-17 18:00:00,short,0.56783,55.3,30.0,95.32,0.98,high_med_up,False,False,False,False,False,0.0,0.0,50.0,0.0,0.0,0.0,0.0,0.0,50.0,0.0,0.0,-1,0.0,G2_EDGE,reg.sell_ok=False regime='high_med_up',-1,0.0,0.0,
SOL/USDT,189,2026-03-17 19:00:00,short,0.58023,57.09,50.0,94.67,0.995714,high_med_flat,False,False,False,False,False,0.0,0.0,50.0,0.0,0.0,0.0,0.0,0.0,50.0,0.0,0.0,-1,0.0,G2_EDGE,reg.sell_ok=False regime='high_med_flat',-1,0.0,0.0,
SOL/USDT,190,2026-03-17 20:00:00,short,0.57716,50.7,30.0,94.9,0.980714,med_med_flat,False,True,False,False,False,0.0,0.0,50.0,0.0,0.0,0.0,0.0,0.0,50.0,0.0,0.0,-1,0.0,G3_MIN_QUALITY,edge=50.7 < MIN_QUALITY_SCORE=70.0,-1,0.0,0.0,
SOL/USDT,191,2026-03-17 21:00:00,short,0.57653,69.25,30.0,95.26,0.968571,med_med_flat,False,True,False,False,False,0.0,0.0,50.0,0.0,0.0,0.0,0.0,0.0,50.0,0.0,0.0,-1,0.0,G3_MIN_QUALITY,edge=69.2 < MIN_QUALITY_SCORE=70.0,-1,0.0,0.0,
SOL/USDT,192,2026-03-17 22:00:00,short,0.58286,57.34,30.0,95.33,0.995,med_med_flat,False,True,False,False,False,0.0,0.0,50.0,0.0,0.0,0.0,0.0,0.0,50.0,0.0,0.0,-1,0.0,G3_MIN_QUALITY,edge=57.3 < MIN_QUALITY_SCORE=70.0,-1,0.0,0.0,
SOL/USDT,193,2026-03-17 23:00:00,short,0.61121,73.87,70.0,94.62,0.956429,med_med_down,False,True,False,False,False,0.0,0.3337219462623954,66.11794731590926,0.0,0.0,0.0,0.75,0.0,50.0,0.0,0.0,-1,0.0,G4_5_MTF,prior(bullish)=0.75<0.6 OR rev(bearish)=0.00<0.5,-1,0.0,0.0,
SOL/USDT,194,2026-03-18 00:00:00,short,0.61966,67.28,30.0,94.53,0.957857,med_med_flat,False,True,False,False,False,0.0,0.0,50.0,0.0,0.0,0.0,0.0,0.0,50.0,0.0,0.0,-1,0.0,G3_MIN_QUALITY,edge=67.3 < MIN_QUALITY_SCORE=70.0,-1,0.0,0.0,
SOL/USDT,195,2026-03-18 01:00:00,short,0.61913,64.18,30.0,94.43,0.965,med_med_flat,False,True,False,False,False,0.0,0.0,50.0,0.0,0.0,0.0,0.0,0.0,50.0,0.0,0.0,-1,0.0,G3_MIN_QUALITY,edge=64.2 < MIN_QUALITY_SCORE=70.0,-1,0.0,0.0,
SOL/USDT,196,2026-03-18 02:00:00,short,0.61822,83.07,30.0,94.94,0.957143,med_med_flat,False,True,False,True,False,0.0,0.4389222227190918,66.82646004118921,0.0,0.0,0.0,0.75,1.0,62.70902995352402,2.1232024544407473,-0.569950533217511,54,0.010082,TRADE,edge=83.1 meta_conf=0.6182,206,90.441429,4.4986,WIN
SOL/USDT,207,2026-03-18 13:00:00,short,0.70654,77.98,70.0,90.32,0.902143,med_med_down,False,True,False,False,True,0.0,-0.7063945517197188,28.050912283814963,0.0,0.0,0.0,0.5,1.0,50.0,0.0,0.0,-1,0.0,G4_5_MTF,prior(bullish)=0.50<0.6 OR rev(bearish)=1.00<0.5,-1,0.0,0.0,
SOL/USDT,208,2026-03-18 14:00:00,short,0.69884,91.74,70.0,88.96,0.953571,med_med_down,False,True,False,False,True,0.0,-0.7489503930326812,21.68203457546436,-1.0,0.0,0.0,0.5,1.0,50.0,0.0,0.0,-1,0.0,G4_5_MTF,prior(bullish)=0.50<0.6 OR rev(bearish)=1.00<0.5,-1,0.0,0.0,
SOL/USDT,209,2026-03-18 15:00:00,short,0.70609,77.07,70.0,89.37,0.977143,med_med_down,False,True,False,False,True,0.0,-0.6060149155502903,20.084303731816494,0.0,0.0,0.0,0.25,1.0,50.0,0.0,0.0,-1,0.0,G4_5_MTF,prior(bullish)=0.25<0.6 OR rev(bearish)=1.00<0.5,-1,0.0,0.0,
SOL/USDT,210,2026-03-18 16:00:00,short,0.70657,73.28,70.0,88.97,0.972857,med_med_down,False,True,False,False,True,0.0,-0.6967890907193373,20.13363393582003,0.0,0.0,0.0,0.0,0.5,50.0,0.0,0.0,-1,0.0,G4_5_MTF,prior(bullish)=0.00<0.6 OR rev(bearish)=0.50<0.5,-1,0.0,0.0,
SOL/USDT,211,2026-03-18 17:00:00,short,0.72928,85.65,0.0,89.94,1.022857,med_high_down,,,True,False,False,0.0,0.0,50.0,0.0,0.0,0.0,0.0,0.0,50.0,0.0,0.0,-1,0.0,G1_REGIME,regime='med_high_down' skipped=True reg_empty=False,-1,0.0,0.0,
SOL/USDT,212,2026-03-18 18:00:00,short,0.71071,74.07,0.0,89.58,1.048571,med_high_down,,,True,False,False,0.0,0.0,50.0,0.0,0.0,0.0,0.0,0.0,50.0,0.0,0.0,-1,0.0,G1_REGIME,regime='med_high_down' skipped=True reg_empty=False,-1,0.0,0.0,
SOL/USDT,213,2026-03-18 19:00:00,short,0.71751,68.02,0.0,89.71,1.045714,med_high_down,,,True,False,False,0.0,0.0,50.0,0.0,0.0,0.0,0.0,0.0,50.0,0.0,0.0,-1,0.0,G1_REGIME,regime='med_high_down' skipped=True reg_empty=False,-1,0.0,0.0,
SOL/USDT,214,2026-03-18 20:00:00,short,0.72654,79.88,0.0,89.99,1.075714,med_high_down,,,True,False,False,0.0,0.0,50.0,0.0,0.0,0.0,0.0,0.0,50.0,0.0,0.0,-1,0.0,G1_REGIME,regime='med_high_down' skipped=True reg_empty=False,-1,0.0,0.0,
SOL/USDT,215,2026-03-18 21:00:00,short,0.73103,76.04,0.0,90.47,1.090714,med_high_down,,,True,False,False,0.0,0.0,50.0,0.0,0.0,0.0,0.0,0.0,50.0,0.0,0.0,-1,0.0,G1_REGIME,regime='med_high_down' skipped=True reg_empty=False,-1,0.0,0.0,
SOL/USDT,216,2026-03-18 22:00:00,short,0.71838,78.91,0.0,90.02,1.107857,med_high_down,,,True,False,False,0.0,0.0,50.0,0.0,0.0,0.0,0.0,0.0,50.0,0.0,0.0,-1,0.0,G1_REGIME,regime='med_high_down' skipped=True reg_empty=False,-1,0.0,0.0,
SOL/USDT,217,2026-03-18 23:00:00,short,0.72158,75.61,0.0,90.08,1.106429,med_high_down,,,True,False,False,0.0,0.0,50.0,0.0,0.0,0.0,0.0,0.0,50.0,0.0,0.0,-1,0.0,G1_REGIME,regime='med_high_down' skipped=True reg_empty=False,-1,0.0,0.0,
SOL/USDT,218,2026-03-19 00:00:00,short,0.72762,75.43,0.0,90.11,1.075,med_high_down,,,True,False,False,0.0,0.0,50.0,0.0,0.0,0.0,0.0,0.0,50.0,0.0,0.0,-1,0.0,G1_REGIME,regime='med_high_down' skipped=True reg_empty=False,-1,0.0,0.0,
SOL/USDT,219,2026-03-19 01:00:00,short,0.72867,83.95,70.0,90.19,0.946429,med_med_down,False,True,False,False,False,0.0,-0.22765090243025446,53.35880746491699,0.0,0.0,0.0,0.75,0.0,50.0,0.0,0.0,-1,0.0,G4_5_MTF,prior(bullish)=0.75<0.6 OR rev(bearish)=0.00<0.5,-1,0.0,0.0,
SOL/USDT,220,2026-03-19 02:00:00,short,0.72161,83.58,70.0,89.99,0.866429,med_med_down,False,True,False,False,False,0.0,-0.29984883023129033,68.78935956734031,0.0,0.0,0.0,0.75,0.0,50.0,0.0,0.0,-1,0.0,G4_5_MTF,prior(bullish)=0.75<0.6 OR rev(bearish)=0.00<0.5,-1,0.0,0.0,
SOL/USDT,221,2026-03-19 03:00:00,short,0.72507,85.39,70.0,90.74,0.912143,med_med_down,False,True,False,False,False,0.0,-0.006975150482991449,60.72323325469244,0.0,0.0,0.0,0.75,0.5,53.523489807159585,2.319766544138303,0.562871085020191,-1,0.0,G5_RSI_ACCEL,rsi_accel=0.5629>0.08 (RSI recovering),-1,0.0,0.0,
SOL/USDT,222,2026-03-19 04:00:00,short,0.72924,86.57,70.0,89.91,0.872143,med_med_down,False,True,False,False,False,0.0,-0.2517038669460331,60.505339878936056,0.0,0.0,0.0,0.75,0.5,58.74769782274994,2.781902493343522,0.4621359492052193,-1,0.0,G5_RSI_ACCEL,rsi_accel=0.4621>0.08 (RSI recovering),-1,0.0,0.0,
SOL/USDT,223,2026-03-19 05:00:00,short,0.72613,73.98,70.0,89.76,0.837143,med_med_down,False,True,False,False,True,0.0,-0.2556413639799881,60.931162852070095,0.0,0.0,0.0,0.75,0.5,53.7717600091287,3.0541957986012256,0.27229330525770346,-1,0.0,G5_RSI_ACCEL,rsi_accel=0.2723>0.08 (RSI recovering),-1,0.0,0.0,
SOL/USDT,224,2026-03-19 06:00:00,short,0.72325,73.28,70.0,89.86,0.825714,med_med_down,False,True,False,False,True,0.0,-0.13120017972628664,63.63095247695207,0.0,0.0,0.0,0.75,1.0,59.137576832048055,3.135073452566495,0.08087765396526958,-1,0.0,G5_RSI_ACCEL,rsi_accel=0.0809>0.08 (RSI recovering),-1,0.0,0.0,
SOL/USDT,225,2026-03-19 07:00:00,short,0.70906,84.11,0.0,89.42,0.817857,high_med_down,,,True,False,False,0.0,0.0,50.0,0.0,0.0,0.0,0.0,0.0,50.0,0.0,0.0,-1,0.0,G1_REGIME,regime='high_med_down' skipped=True reg_empty=False,-1,0.0,0.0,
SOL/USDT,226,2026-03-19 08:00:00,short,0.70046,77.56,0.0,89.34,0.751429,high_med_down,,,True,False,False,0.0,0.0,50.0,0.0,0.0,0.0,0.0,0.0,50.0,0.0,0.0,-1,0.0,G1_REGIME,regime='high_med_down' skipped=True reg_empty=False,-1,0.0,0.0,
SOL/USDT,227,2026-03-19 09:00:00,short,0.70539,87.5,0.0,90.2,0.793571,high_med_down,,,True,False,False,0.0,0.0,50.0,0.0,0.0,0.0,0.0,0.0,50.0,0.0,0.0,-1,0.0,G1_REGIME,regime='high_med_down' skipped=True reg_empty=False,-1,0.0,0.0,
SOL/USDT,228,2026-03-19 10:00:00,short,0.70288,74.91,0.0,89.81,0.762143,high_med_down,,,True,False,False,0.0,0.0,50.0,0.0,0.0,0.0,0.0,0.0,50.0,0.0,0.0,-1,0.0,G1_REGIME,regime='high_med_down' skipped=True reg_empty=False,-1,0.0,0.0,
SOL/USDT,229,2026-03-19 11:00:00,short,0.69641,74.76,70.0,89.62,0.753571,med_med_down,False,True,False,False,True,0.0,-0.4846794971415815,56.7433511889423,0.0,0.0,0.0,0.25,0.5,50.0,0.0,0.0,-1,0.0,G4_5_MTF,prior(bullish)=0.25<0.6 OR rev(bearish)=0.50<0.5,-1,0.0,0.0,
SOL/USDT,230,2026-03-19 12:00:00,short,0.66979,86.85,70.0,88.11,0.827143,med_med_down,False,True,False,False,True,0.0,-0.7507514274192133,48.47254594268698,-1.0,0.0,0.0,0.5,1.0,50.0,0.0,0.0,-1,0.0,G4_5_MTF,prior(bullish)=0.50<0.6 OR rev(bearish)=1.00<0.5,-1,0.0,0.0,
SOL/USDT,231,2026-03-19 13:00:00,short,0.68461,80.54,70.0,88.52,0.878571,med_med_down,False,True,False,False,True,0.0,-0.6031492775931058,42.72323075952731,0.0,0.0,0.0,0.0,0.0,50.0,0.0,0.0,-1,0.0,G3_5_ADX,adx=23.8 < 25 (weak trend),-1,0.0,0.0,
SOL/USDT,232,2026-03-19 14:00:00,short,0.68812,63.84,30.0,88.23,0.947857,med_med_flat,False,True,False,False,False,0.0,0.0,50.0,0.0,0.0,0.0,0.0,0.0,50.0,0.0,0.0,-1,0.0,G3_MIN_QUALITY,edge=63.8 < MIN_QUALITY_SCORE=70.0,-1,0.0,0.0,
SOL/USDT,233,2026-03-19 15:00:00,short,0.70372,67.21,0.0,87.63,1.03,med_high_down,,,True,False,False,0.0,0.0,50.0,0.0,0.0,0.0,0.0,0.0,50.0,0.0,0.0,-1,0.0,G1_REGIME,regime='med_high_down' skipped=True reg_empty=False,-1,0.0,0.0,
SOL/USDT,234,2026-03-19 16:00:00,short,0.70343,64.57,0.0,87.69,1.044286,med_high_flat,,,True,False,False,0.0,0.0,50.0,0.0,0.0,0.0,0.0,0.0,50.0,0.0,0.0,-1,0.0,G1_REGIME,regime='med_high_flat' skipped=True reg_empty=False,-1,0.0,0.0,
SOL/USDT,235,2026-03-19 17:00:00,short,0.70227,71.32,0.0,88.14,1.029286,med_high_down,,,True,False,False,0.0,0.0,50.0,0.0,0.0,0.0,0.0,0.0,50.0,0.0,0.0,-1,0.0,G1_REGIME,regime='med_high_down' skipped=True reg_empty=False,-1,0.0,0.0,
SOL/USDT,236,2026-03-19 18:00:00,short,0.70509,77.76,0.0,88.13,1.005714,med_high_flat,,,True,False,False,0.0,0.0,50.0,0.0,0.0,0.0,0.0,0.0,50.0,0.0,0.0,-1,0.0,G1_REGIME,regime='med_high_flat' skipped=True reg_empty=False,-1,0.0,0.0,
SOL/USDT,237,2026-03-19 19:00:00,short,0.71905,73.91,0.0,88.72,1.055,med_high_flat,,,True,False,False,0.0,0.0,50.0,0.0,0.0,0.0,0.0,0.0,50.0,0.0,0.0,-1,0.0,G1_REGIME,regime='med_high_flat' skipped=True reg_empty=False,-1,0.0,0.0,
SOL/USDT,238,2026-03-19 20:00:00,short,0.72017,64.11,0.0,88.99,1.051429,med_high_flat,,,True,False,False,0.0,0.0,50.0,0.0,0.0,0.0,0.0,0.0,50.0,0.0,0.0,-1,0.0,G1_REGIME,regime='med_high_flat' skipped=True reg_empty=False,-1,0.0,0.0,
SOL/USDT,239,2026-03-19 21:00:00,short,0.71374,60.86,30.0,89.11,0.981429,med_med_flat,False,True,False,False,False,0.0,0.0,50.0,0.0,0.0,0.0,0.0,0.0,50.0,0.0,0.0,-1,0.0,G3_MIN_QUALITY,edge=60.9 < MIN_QUALITY_SCORE=70.0,-1,0.0,0.0,
SOL/USDT,240,2026-03-19 22:00:00,short,0.70437,64.93,0.0,88.76,0.999286,med_high_flat,,,True,False,False,0.0,0.0,50.0,0.0,0.0,0.0,0.0,0.0,50.0,0.0,0.0,-1,0.0,G1_REGIME,regime='med_high_flat' skipped=True reg_empty=False,-1,0.0,0.0,
SOL/USDT,241,2026-03-19 23:00:00,short,0.71026,65.36,30.0,88.89,0.955,med_med_flat,False,True,False,False,False,0.0,0.0,50.0,0.0,0.0,0.0,0.0,0.0,50.0,0.0,0.0,-1,0.0,G3_MIN_QUALITY,edge=65.4 < MIN_QUALITY_SCORE=70.0,-1,0.0,0.0,
SOL/USDT,242,2026-03-20 00:00:00,short,0.69548,63.51,30.0,89.41,0.945,med_med_flat,False,True,False,False,False,0.0,0.0,50.0,0.0,0.0,0.0,0.0,0.0,50.0,0.0,0.0,-1,0.0,G3_MIN_QUALITY,edge=63.5 < MIN_QUALITY_SCORE=70.0,-1,0.0,0.0,
SOL/USDT,243,2026-03-20 01:00:00,short,0.69982,61.45,30.0,89.47,0.938571,med_med_flat,False,True,False,False,False,0.0,0.0,50.0,0.0,0.0,0.0,0.0,0.0,50.0,0.0,0.0,-1,0.0,G3_MIN_QUALITY,edge=61.4 < MIN_QUALITY_SCORE=70.0,-1,0.0,0.0,
SOL/USDT,244,2026-03-20 02:00:00,short,0.69016,59.84,30.0,89.31,0.876429,med_med_flat,False,True,False,False,False,0.0,0.0,50.0,0.0,0.0,0.0,0.0,0.0,50.0,0.0,0.0,-1,0.0,G3_MIN_QUALITY,edge=59.8 < MIN_QUALITY_SCORE=70.0,-1,0.0,0.0,
SOL/USDT,245,2026-03-20 03:00:00,short,0.6998,55.43,30.0,89.57,0.825,med_med_flat,False,True,False,False,False,0.0,0.0,50.0,0.0,0.0,0.0,0.0,0.0,50.0,0.0,0.0,-1,0.0,G3_MIN_QUALITY,edge=55.4 < MIN_QUALITY_SCORE=70.0,-1,0.0,0.0,
SOL/USDT,246,2026-03-20 04:00:00,short,0.7022,58.77,30.0,89.28,0.794286,med_med_flat,False,True,False,False,False,0.0,0.0,50.0,0.0,0.0,0.0,0.0,0.0,50.0,0.0,0.0,-1,0.0,G3_MIN_QUALITY,edge=58.8 < MIN_QUALITY_SCORE=70.0,-1,0.0,0.0,
SOL/USDT,247,2026-03-20 05:00:00,short,0.71016,70.01,30.0,89.36,0.727857,med_med_flat,False,True,False,True,False,0.0,0.2805943290200031,58.83765985807109,0.0,0.0,0.0,0.0,0.0,50.0,0.0,0.0,-1,0.0,G3_5_ADX,adx=20.9 < 25 (weak trend),-1,0.0,0.0,
SOL/USDT,248,2026-03-20 06:00:00,short,0.71495,59.54,30.0,89.09,0.700714,med_med_flat,False,True,False,False,False,0.0,0.0,50.0,0.0,0.0,0.0,0.0,0.0,50.0,0.0,0.0,-1,0.0,G3_MIN_QUALITY,edge=59.5 < MIN_QUALITY_SCORE=70.0,-1,0.0,0.0,
SOL/USDT,249,2026-03-20 07:00:00,short,0.72105,71.06,68.0,89.37,0.680714,med_low_flat,False,True,False,True,False,0.0,0.2027395734834515,66.98728528497018,0.0,0.0,0.0,0.0,0.0,50.0,0.0,0.0,-1,0.0,G3_5_ADX,adx=17.3 < 25 (weak trend),-1,0.0,0.0,
SOL/USDT,250,2026-03-20 08:00:00,short,0.72419,76.46,30.0,89.78,0.714286,med_med_flat,False,True,False,True,False,0.0,0.4372090711195037,62.87280703520126,0.0,0.0,0.0,0.0,0.0,50.0,0.0,0.0,-1,0.0,G3_5_ADX,adx=15.6 < 25 (weak trend),-1,0.0,0.0,
SOL/USDT,251,2026-03-20 09:00:00,short,0.72868,83.71,30.0,88.97,0.713571,med_med_flat,False,True,False,False,False,0.0,0.07169109601889835,66.10203428960051,0.0,0.0,0.0,0.0,0.0,50.0,0.0,0.0,-1,0.0,G3_5_ADX,adx=15.5 < 25 (weak trend),-1,0.0,0.0,
SOL/USDT,252,2026-03-20 10:00:00,short,0.72994,69.89,30.0,89.33,0.737143,med_med_flat,False,True,False,False,False,0.0,0.0,50.0,0.0,0.0,0.0,0.0,0.0,50.0,0.0,0.0,-1,0.0,G3_MIN_QUALITY,edge=69.9 < MIN_QUALITY_SCORE=70.0,-1,0.0,0.0,
SOL/USDT,253,2026-03-20 11:00:00,short,0.71854,72.92,30.0,89.15,0.757143,med_med_flat,False,True,False,True,False,0.0,0.044282774311334844,64.34761928260504,0.0,0.0,0.0,0.0,0.0,50.0,0.0,0.0,-1,0.0,G3_5_ADX,adx=16.7 < 25 (weak trend),-1,0.0,0.0,
SOL/USDT,254,2026-03-20 12:00:00,short,0.70846,71.63,30.0,89.15,0.736429,med_med_up,False,True,False,True,False,0.0,-0.035045557305418425,65.90644118536972,0.0,0.0,0.0,0.0,0.0,50.0,0.0,0.0,-1,0.0,G3_5_ADX,adx=16.6 < 25 (weak trend),-1,0.0,0.0,
SOL/USDT,255,2026-03-20 13:00:00,short,0.70245,73.01,30.0,88.82,0.767143,med_med_flat,False,True,False,False,False,0.0,-0.32145515628025034,65.25978631467486,0.0,0.0,0.0,0.0,0.0,50.0,0.0,0.0,-1,0.0,G3_5_ADX,adx=16.0 < 25 (weak trend),-1,0.0,0.0,
SOL/USDT,256,2026-03-20 14:00:00,short,0.73205,74.93,30.0,88.92,0.814286,med_med_flat,False,True,False,False,False,0.0,-0.1818065081130955,64.80323180873194,0.0,0.0,0.0,0.0,0.0,50.0,0.0,0.0,-1,0.0,G3_5_ADX,adx=16.2 < 25 (weak trend),-1,0.0,0.0,
SOL/USDT,257,2026-03-20 15:00:00,short,0.71745,85.9,30.0,88.94,0.831429,med_med_up,False,True,False,False,False,0.0,-0.3135145049345317,64.42486042324268,0.0,0.0,0.0,0.25,0.5,50.0,0.0,0.0,-1,0.0,G4_5_MTF,prior(bullish)=0.25<0.6 OR rev(bearish)=0.50<0.5,-1,0.0,0.0,
SOL/USDT,258,2026-03-20 16:00:00,short,0.7205,66.86,50.0,88.9,0.823571,low_med_up,False,False,False,False,False,0.0,0.0,50.0,0.0,0.0,0.0,0.0,0.0,50.0,0.0,0.0,-1,0.0,G2_EDGE,reg.sell_ok=False regime='low_med_up',-1,0.0,0.0,
SOL/USDT,259,2026-03-20 17:00:00,short,0.7159,69.7,30.0,88.89,0.855,low_med_flat,False,True,False,False,False,0.0,0.0,50.0,0.0,0.0,0.0,0.0,0.0,50.0,0.0,0.0,-1,0.0,G3_MIN_QUALITY,edge=69.7 < MIN_QUALITY_SCORE=70.0,-1,0.0,0.0,
SOL/USDT,260,2026-03-20 18:00:00,short,0.70515,57.4,30.0,88.56,0.842143,low_med_flat,False,True,False,False,False,0.0,0.0,50.0,0.0,0.0,0.0,0.0,0.0,50.0,0.0,0.0,-1,0.0,G3_MIN_QUALITY,edge=57.4 < MIN_QUALITY_SCORE=70.0,-1,0.0,0.0,
SOL/USDT,261,2026-03-20 19:00:00,short,0.71824,52.07,30.0,88.99,0.853571,low_med_flat,False,True,False,False,False,0.0,0.0,50.0,0.0,0.0,0.0,0.0,0.0,50.0,0.0,0.0,-1,0.0,G3_MIN_QUALITY,edge=52.1 < MIN_QUALITY_SCORE=70.0,-1,0.0,0.0,
SOL/USDT,262,2026-03-20 20:00:00,short,0.71353,55.29,30.0,89.01,0.874286,low_med_flat,False,True,False,False,False,0.0,0.0,50.0,0.0,0.0,0.0,0.0,0.0,50.0,0.0,0.0,-1,0.0,G3_MIN_QUALITY,edge=55.3 < MIN_QUALITY_SCORE=70.0,-1,0.0,0.0,
SOL/USDT,263,2026-03-20 21:00:00,short,0.71957,73.51,30.0,89.6,0.882857,low_med_flat,False,True,False,True,False,0.0,0.21396370790050212,59.66530715455025,0.0,0.0,0.0,0.0,0.0,50.0,0.0,0.0,-1,0.0,G3_5_ADX,adx=23.7 < 25 (weak trend),-1,0.0,0.0,
SOL/USDT,264,2026-03-20 22:00:00,short,0.70468,68.5,50.0,90.1,0.85,low_med_up,False,False,False,False,False,0.0,0.0,50.0,0.0,0.0,0.0,0.0,0.0,50.0,0.0,0.0,-1,0.0,G2_EDGE,reg.sell_ok=False regime='low_med_up',-1,0.0,0.0,
SOL/USDT,265,2026-03-20 23:00:00,short,0.69933,64.69,50.0,89.84,0.798571,low_med_up,False,False,False,False,False,0.0,0.0,50.0,0.0,0.0,0.0,0.0,0.0,50.0,0.0,0.0,-1,0.0,G2_EDGE,reg.sell_ok=False regime='low_med_up',-1,0.0,0.0,
SOL/USDT,266,2026-03-21 00:00:00,short,0.66339,62.74,30.0,90.02,0.764286,low_med_flat,False,True,False,False,False,0.0,0.0,50.0,0.0,0.0,0.0,0.0,0.0,50.0,0.0,0.0,-1,0.0,G3_MIN_QUALITY,edge=62.7 < MIN_QUALITY_SCORE=70.0,-1,0.0,0.0,
SOL/USDT,267,2026-03-21 01:00:00,short,0.66409,64.14,30.0,89.87,0.756429,low_med_flat,False,True,False,False,False,0.0,0.0,50.0,0.0,0.0,0.0,0.0,0.0,50.0,0.0,0.0,-1,0.0,G3_MIN_QUALITY,edge=64.1 < MIN_QUALITY_SCORE=70.0,-1,0.0,0.0,
SOL/USDT,268,2026-03-21 02:00:00,short,0.6454,62.99,50.0,90.47,0.783571,low_med_up,False,False,False,False,False,0.0,0.0,50.0,0.0,0.0,0.0,0.0,0.0,50.0,0.0,0.0,-1,0.0,G2_EDGE,reg.sell_ok=False regime='low_med_up',-1,0.0,0.0,
SOL/USDT,269,2026-03-21 03:00:00,short,0.64943,62.64,50.0,90.45,0.729286,low_med_up,False,False,False,False,False,0.0,0.0,50.0,0.0,0.0,0.0,0.0,0.0,50.0,0.0,0.0,-1,0.0,G2_EDGE,reg.sell_ok=False regime='low_med_up',-1,0.0,0.0,
SOL/USDT,270,2026-03-21 04:00:00,short,0.64866,85.92,76.0,90.28,0.688571,low_low_up,False,True,False,True,False,0.0,0.3685628614856856,54.63892099096825,0.0,0.0,0.0,0.5,0.5,50.0,0.0,0.0,-1,0.0,G4_5_MTF,prior(bullish)=0.50<0.6 OR rev(bearish)=0.50<0.5,-1,0.0,0.0,
SOL/USDT,271,2026-03-21 05:00:00,short,0.66133,85.06,80.0,89.97,0.677857,low_low_flat,False,True,False,True,False,0.0,0.35502197546141995,54.12196456676751,0.0,0.0,0.0,0.5,1.0,50.0,0.0,0.0,-1,0.0,G4_5_MTF,prior(bullish)=0.50<0.6 OR rev(bearish)=1.00<0.5,-1,0.0,0.0,
SOL/USDT,272,2026-03-21 06:00:00,short,0.66145,83.21,76.0,90.16,0.663571,low_low_up,False,True,False,True,False,0.0,0.4674838488716774,53.575759532097585,0.0,0.0,0.0,0.5,1.0,50.0,0.0,0.0,-1,0.0,G4_5_MTF,prior(bullish)=0.50<0.6 OR rev(bearish)=1.00<0.5,-1,0.0,0.0,
SOL/USDT,273,2026-03-21 07:00:00,short,0.66756,94.66,80.0,90.12,0.632143,low_low_flat,False,True,False,True,False,0.0,0.37328822203019524,53.22816949548153,0.0,0.0,0.0,0.25,0.5,50.0,0.0,0.0,-1,0.0,G4_5_MTF,prior(bullish)=0.25<0.6 OR rev(bearish)=0.50<0.5,-1,0.0,0.0,
SOL/USDT,274,2026-03-21 08:00:00,short,0.67329,86.5,80.0,90.0,0.595,low_low_flat,False,True,False,True,False,0.0,0.3524539661059149,53.218547701246095,0.0,0.0,0.0,0.25,0.5,50.0,0.0,0.0,-1,0.0,G4_5_MTF,prior(bullish)=0.25<0.6 OR rev(bearish)=0.50<0.5,-1,0.0,0.0,
SOL/USDT,275,2026-03-21 09:00:00,short,0.6607,85.99,76.0,90.19,0.565714,low_low_up,False,True,False,True,False,0.0,0.4427306036054692,59.04962479445349,0.0,0.0,0.0,0.25,1.0,50.0,0.0,0.0,-1,0.0,G4_5_MTF,prior(bullish)=0.25<0.6 OR rev(bearish)=1.00<0.5,-1,0.0,0.0,
SOL/USDT,276,2026-03-21 10:00:00,short,0.65652,84.06,80.0,89.97,0.54,low_low_flat,False,True,False,True,False,0.0,0.3638212641538448,62.85455834044286,0.0,0.0,0.0,0.25,0.5,50.0,0.0,0.0,-1,0.0,G4_5_MTF,prior(bullish)=0.25<0.6 OR rev(bearish)=0.50<0.5,-1,0.0,0.0,
SOL/USDT,277,2026-03-21 11:00:00,short,0.65217,82.82,80.0,89.94,0.474286,low_low_flat,False,True,False,True,False,0.0,0.23677585837282808,77.84859136466945,0.0,0.0,0.0,0.25,0.5,50.0,0.0,0.0,-1,0.0,G4_5_MTF,prior(bullish)=0.25<0.6 OR rev(bearish)=0.50<0.5,-1,0.0,0.0,
SOL/USDT,278,2026-03-21 12:00:00,short,0.65847,83.11,76.0,90.2,0.449286,low_low_up,False,True,False,True,False,0.0,0.41632822602783204,80.48841642117104,0.0,0.0,0.0,0.5,1.0,50.0,0.0,0.0,-1,0.0,G4_5_MTF,prior(bullish)=0.50<0.6 OR rev(bearish)=1.00<0.5,-1,0.0,0.0,
SOL/USDT,279,2026-03-21 13:00:00,short,0.66329,88.3,76.0,90.04,0.442143,low_low_up,False,True,False,True,False,0.0,0.07336643745590338,79.32678945146493,0.0,0.0,0.0,0.25,0.5,50.0,0.0,0.0,-1,0.0,G4_5_MTF,prior(bullish)=0.25<0.6 OR rev(bearish)=0.50<0.5,-1,0.0,0.0,
SOL/USDT,280,2026-03-21 14:00:00,short,0.67703,95.6,80.0,89.67,0.467857,low_low_flat,False,True,False,True,False,0.0,-0.2735126696759897,75.64301189835868,0.0,0.0,0.0,0.25,0.5,50.0,0.0,0.0,-1,0.0,G4_5_MTF,prior(bullish)=0.25<0.6 OR rev(bearish)=0.50<0.5,-1,0.0,0.0,
SOL/USDT,281,2026-03-21 15:00:00,short,0.67166,95.75,76.0,89.82,0.463571,low_low_up,False,True,False,True,False,0.0,-0.20431704670448944,66.31768348749283,0.0,0.0,0.0,0.5,1.0,50.0,0.0,0.0,-1,0.0,G4_5_MTF,prior(bullish)=0.50<0.6 OR rev(bearish)=1.00<0.5,-1,0.0,0.0,
SOL/USDT,282,2026-03-21 16:00:00,short,0.68174,94.25,80.0,89.69,0.430714,low_low_flat,False,True,False,True,False,0.0,-0.4041919570147086,64.64534374054469,0.0,0.0,0.0,0.25,0.5,50.0,0.0,0.0,-1,0.0,G4_5_MTF,prior(bullish)=0.25<0.6 OR rev(bearish)=0.50<0.5,-1,0.0,0.0,
SOL/USDT,283,2026-03-21 17:00:00,short,0.6791,95.33,80.0,89.56,0.432857,low_low_flat,False,True,False,True,False,0.0,-0.5044994541365677,63.181047952409564,0.0,0.0,0.0,0.25,0.5,50.0,0.0,0.0,-1,0.0,G4_5_MTF,prior(bullish)=0.25<0.6 OR rev(bearish)=0.50<0.5,-1,0.0,0.0,
SOL/USDT,284,2026-03-21 18:00:00,short,0.67388,91.01,76.0,89.78,0.415,low_low_up,False,True,False,True,False,0.0,-0.33630601819078887,70.43362849295775,0.0,0.0,0.0,0.5,1.0,50.0,0.0,0.0,-1,0.0,G4_5_MTF,prior(bullish)=0.50<0.6 OR rev(bearish)=1.00<0.5,-1,0.0,0.0,
SOL/USDT,285,2026-03-21 19:00:00,short,0.67637,88.49,80.0,89.79,0.39,low_low_flat,False,True,False,True,False,0.0,-0.3132227476392218,72.40951092942078,0.0,0.0,0.0,0.25,0.5,50.0,0.0,0.0,-1,0.0,G4_5_MTF,prior(bullish)=0.25<0.6 OR rev(bearish)=0.50<0.5,-1,0.0,0.0,
SOL/USDT,286,2026-03-21 20:00:00,short,0.68725,88.24,76.0,90.16,0.397143,low_low_up,False,True,False,True,False,0.0,0.2307139963222759,70.93096609385834,0.0,0.0,0.0,0.25,0.0,50.0,0.0,0.0,-1,0.0,G4_5_MTF,prior(bullish)=0.25<0.6 OR rev(bearish)=0.00<0.5,-1,0.0,0.0,
SOL/USDT,287,2026-03-21 21:00:00,short,0.68821,80.25,80.0,90.01,0.385,low_low_flat,False,True,False,True,True,0.0,-0.04606949329838283,69.50587236348805,0.0,0.0,0.0,0.5,0.0,50.0,0.0,0.0,-1,0.0,G4_5_MTF,prior(bullish)=0.50<0.6 OR rev(bearish)=0.00<0.5,-1,0.0,0.0,
SOL/USDT,288,2026-03-21 22:00:00,short,0.67794,60.19,80.0,89.9,0.38,low_low_flat,False,True,False,False,False,0.0,0.0,50.0,0.0,0.0,0.0,0.0,0.0,50.0,0.0,0.0,-1,0.0,G2_EDGE,edge=60.2 < thr=80.0,-1,0.0,0.0,
SOL/USDT,289,2026-03-21 23:00:00,short,0.68522,70.19,30.0,87.56,0.546429,low_low_down,False,True,False,False,True,0.0,-0.7136577857704928,24.21347043762611,-1.0,0.0,0.0,0.0,0.0,50.0,0.0,0.0,-1,0.0,G3_5_ADX,adx=21.4 < 25 (weak trend),-1,0.0,0.0,
SOL/USDT,290,2026-03-22 00:00:00,short,0.67115,69.91,30.0,87.33,0.63,low_low_down,False,True,False,False,False,0.0,0.0,50.0,0.0,0.0,0.0,0.0,0.0,50.0,0.0,0.0,-1,0.0,G3_MIN_QUALITY,edge=69.9 < MIN_QUALITY_SCORE=70.0,-1,0.0,0.0,
SOL/USDT,291,2026-03-22 01:00:00,short,0.6643,50.5,30.0,87.45,0.67,low_low_down,False,True,False,False,False,0.0,0.0,50.0,0.0,0.0,0.0,0.0,0.0,50.0,0.0,0.0,-1,0.0,G3_MIN_QUALITY,edge=50.5 < MIN_QUALITY_SCORE=70.0,-1,0.0,0.0,
SOL/USDT,292,2026-03-22 02:00:00,short,0.6556,90.28,52.0,88.16,0.727143,low_med_down,False,True,False,False,False,0.0,-0.5751760223793827,18.496980583897383,0.0,0.0,0.0,0.25,0.5,50.0,0.0,0.0,-1,0.0,G4_5_MTF,prior(bullish)=0.25<0.6 OR rev(bearish)=0.50<0.5,-1,0.0,0.0,
SOL/USDT,293,2026-03-22 03:00:00,short,0.66268,91.95,52.0,88.68,0.805,low_med_down,False,True,False,False,False,0.0,-0.3914623725167465,20.47313375071871,0.0,0.0,0.0,0.0,0.0,50.0,0.0,0.0,-1,0.0,G4_5_MTF,prior(bullish)=0.00<0.6 OR rev(bearish)=0.00<0.5,-1,0.0,0.0,
SOL/USDT,294,2026-03-22 04:00:00,short,0.66155,87.07,30.0,89.03,0.793571,low_med_flat,False,True,False,False,False,0.0,-0.19939526154609427,23.36631337268178,0.0,0.0,0.0,0.25,0.0,50.0,0.0,0.0,-1,0.0,G4_5_MTF,prior(bullish)=0.25<0.6 OR rev(bearish)=0.00<0.5,-1,0.0,0.0,
SOL/USDT,295,2026-03-22 05:00:00,short,0.65197,85.7,52.0,88.48,0.796429,low_med_down,False,True,False,False,False,0.0,-0.40375671689283094,25.019000943804677,0.0,0.0,0.0,0.5,0.0,50.0,0.0,0.0,-1,0.0,G4_5_MTF,prior(bullish)=0.50<0.6 OR rev(bearish)=0.00<0.5,-1,0.0,0.0,
SOL/USDT,296,2026-03-22 06:00:00,short,0.66105,87.21,52.0,88.2,0.79,low_med_down,False,True,False,False,False,0.0,-0.5411129503760673,26.72555459481262,0.0,0.0,0.0,0.75,0.5,37.766830783458865,-0.4410489584789158,-0.08365372964657242,90,0.008957,TRADE,edge=87.2 meta_conf=0.6611,325,90.0565,-1.8565,LOSS
SOL/USDT,326,2026-03-23 12:00:00,short,0.56862,77.74,30.0,90.23,1.349286,med_high_up,False,False,False,False,False,0.0,0.0,50.0,0.0,0.0,0.0,0.0,0.0,50.0,0.0,0.0,-1,0.0,G2_EDGE,reg.sell_ok=False regime='med_high_up',-1,0.0,0.0,
SOL/USDT,327,2026-03-23 13:00:00,short,0.57518,88.56,30.0,91.34,1.390714,med_high_up,False,False,False,False,False,0.0,0.0,50.0,0.0,0.0,0.0,0.0,0.0,50.0,0.0,0.0,-1,0.0,G2_EDGE,reg.sell_ok=False regime='med_high_up',-1,0.0,0.0,
SOL/USDT,328,2026-03-23 14:00:00,short,0.57868,87.77,0.0,91.51,1.358571,high_high_up,,,True,False,False,0.0,0.0,50.0,0.0,0.0,0.0,0.0,0.0,50.0,0.0,0.0,-1,0.0,G1_REGIME,regime='high_high_up' skipped=True reg_empty=False,-1,0.0,0.0,
SOL/USDT,329,2026-03-23 15:00:00,short,0.58267,81.6,0.0,89.95,1.472143,high_high_up,,,True,False,False,0.0,0.0,50.0,0.0,0.0,0.0,0.0,0.0,50.0,0.0,0.0,-1,0.0,G1_REGIME,regime='high_high_up' skipped=True reg_empty=False,-1,0.0,0.0,
SOL/USDT,330,2026-03-23 16:00:00,short,0.58104,77.86,0.0,90.35,1.482143,high_high_up,,,True,False,False,0.0,0.0,50.0,0.0,0.0,0.0,0.0,0.0,50.0,0.0,0.0,-1,0.0,G1_REGIME,regime='high_high_up' skipped=True reg_empty=False,-1,0.0,0.0,
SOL/USDT,331,2026-03-23 17:00:00,short,0.57812,89.31,0.0,91.28,1.546429,high_high_up,,,True,False,False,0.0,0.0,50.0,0.0,0.0,0.0,0.0,0.0,50.0,0.0,0.0,-1,0.0,G1_REGIME,regime='high_high_up' skipped=True reg_empty=False,-1,0.0,0.0,
SOL/USDT,332,2026-03-23 18:00:00,short,0.57334,85.92,0.0,91.62,1.565714,high_high_up,,,True,False,False,0.0,0.0,50.0,0.0,0.0,0.0,0.0,0.0,50.0,0.0,0.0,-1,0.0,G1_REGIME,regime='high_high_up' skipped=True reg_empty=False,-1,0.0,0.0,
SOL/USDT,333,2026-03-23 19:00:00,short,0.57497,86.55,0.0,91.39,1.578571,high_high_up,,,True,False,False,0.0,0.0,50.0,0.0,0.0,0.0,0.0,0.0,50.0,0.0,0.0,-1,0.0,G1_REGIME,regime='high_high_up' skipped=True reg_empty=False,-1,0.0,0.0,
SOL/USDT,334,2026-03-23 20:00:00,short,0.58119,85.25,0.0,91.79,1.509286,high_high_up,,,True,False,False,0.0,0.0,50.0,0.0,0.0,0.0,0.0,0.0,50.0,0.0,0.0,-1,0.0,G1_REGIME,regime='high_high_up' skipped=True reg_empty=False,-1,0.0,0.0,
SOL/USDT,335,2026-03-23 21:00:00,short,0.58981,85.93,0.0,91.62,1.462143,high_high_up,,,True,False,False,0.0,0.0,50.0,0.0,0.0,0.0,0.0,0.0,50.0,0.0,0.0,-1,0.0,G1_REGIME,regime='high_high_up' skipped=True reg_empty=False,-1,0.0,0.0,
SOL/USDT,336,2026-03-23 22:00:00,short,0.5928,86.84,0.0,91.52,1.470714,high_high_up,,,True,False,False,0.0,0.0,50.0,0.0,0.0,0.0,0.0,0.0,50.0,0.0,0.0,-1,0.0,G1_REGIME,regime='high_high_up' skipped=True reg_empty=False,-1,0.0,0.0,
SOL/USDT,337,2026-03-23 23:00:00,short,0.58983,85.79,0.0,91.43,1.453571,high_high_up,,,True,False,False,0.0,0.0,50.0,0.0,0.0,0.0,0.0,0.0,50.0,0.0,0.0,-1,0.0,G1_REGIME,regime='high_high_up' skipped=True reg_empty=False,-1,0.0,0.0,
SOL/USDT,338,2026-03-24 00:00:00,short,0.6067,87.78,0.0,91.0,1.483571,high_high_up,,,True,False,False,0.0,0.0,50.0,0.0,0.0,0.0,0.0,0.0,50.0,0.0,0.0,-1,0.0,G1_REGIME,regime='high_high_up' skipped=True reg_empty=False,-1,0.0,0.0,
SOL/USDT,339,2026-03-24 01:00:00,short,0.59218,75.98,0.0,90.41,1.128571,high_high_up,,,True,False,False,0.0,0.0,50.0,0.0,0.0,0.0,0.0,0.0,50.0,0.0,0.0,-1,0.0,G1_REGIME,regime='high_high_up' skipped=True reg_empty=False,-1,0.0,0.0,
SOL/USDT,340,2026-03-24 02:00:00,short,0.6006,79.14,0.0,90.16,1.019286,high_high_up,,,True,False,False,0.0,0.0,50.0,0.0,0.0,0.0,0.0,0.0,50.0,0.0,0.0,-1,0.0,G1_REGIME,regime='high_high_up' skipped=True reg_empty=False,-1,0.0,0.0,
SOL/USDT,341,2026-03-24 03:00:00,short,0.59902,78.21,30.0,90.35,0.933571,high_med_up,False,False,False,False,False,0.0,0.0,50.0,0.0,0.0,0.0,0.0,0.0,50.0,0.0,0.0,-1,0.0,G2_EDGE,reg.sell_ok=False regime='high_med_up',-1,0.0,0.0,
SOL/USDT,342,2026-03-24 04:00:00,short,0.5941,78.69,30.0,90.34,0.932857,high_med_up,False,False,False,False,False,0.0,0.0,50.0,0.0,0.0,0.0,0.0,0.0,50.0,0.0,0.0,-1,0.0,G2_EDGE,reg.sell_ok=False regime='high_med_up',-1,0.0,0.0,
SOL/USDT,343,2026-03-24 05:00:00,short,0.58023,78.33,30.0,90.13,0.787143,high_med_up,False,False,False,False,False,0.0,0.0,50.0,0.0,0.0,0.0,0.0,0.0,50.0,0.0,0.0,-1,0.0,G2_EDGE,reg.sell_ok=False regime='high_med_up',-1,0.0,0.0,
SOL/USDT,344,2026-03-24 06:00:00,short,0.57703,75.22,30.0,90.47,0.744286,high_med_up,False,False,False,False,False,0.0,0.0,50.0,0.0,0.0,0.0,0.0,0.0,50.0,0.0,0.0,-1,0.0,G2_EDGE,reg.sell_ok=False regime='high_med_up',-1,0.0,0.0,
SOL/USDT,345,2026-03-24 07:00:00,short,0.57858,85.06,30.0,91.72,0.726429,high_med_up,False,False,False,False,False,0.0,0.0,50.0,0.0,0.0,0.0,0.0,0.0,50.0,0.0,0.0,-1,0.0,G2_EDGE,reg.sell_ok=False regime='high_med_up',-1,0.0,0.0,
SOL/USDT,346,2026-03-24 08:00:00,short,0.58097,86.59,0.0,91.58,0.713571,high_low_up,,,True,False,False,0.0,0.0,50.0,0.0,0.0,0.0,0.0,0.0,50.0,0.0,0.0,-1,0.0,G1_REGIME,regime='high_low_up' skipped=True reg_empty=False,-1,0.0,0.0,
SOL/USDT,347,2026-03-24 09:00:00,short,0.57411,84.55,30.0,92.11,0.74,high_med_up,False,False,False,False,False,0.0,0.0,50.0,0.0,0.0,0.0,0.0,0.0,50.0,0.0,0.0,-1,0.0,G2_EDGE,reg.sell_ok=False regime='high_med_up',-1,0.0,0.0,
SOL/USDT,348,2026-03-24 10:00:00,short,0.57817,83.83,0.0,91.86,0.718571,high_low_up,,,True,False,False,0.0,0.0,50.0,0.0,0.0,0.0,0.0,0.0,50.0,0.0,0.0,-1,0.0,G1_REGIME,regime='high_low_up' skipped=True reg_empty=False,-1,0.0,0.0,
SOL/USDT,349,2026-03-24 11:00:00,short,0.58625,69.52,30.0,91.77,0.743571,high_med_up,False,False,False,False,False,0.0,0.0,50.0,0.0,0.0,0.0,0.0,0.0,50.0,0.0,0.0,-1,0.0,G2_EDGE,reg.sell_ok=False regime='high_med_up',-1,0.0,0.0,
SOL/USDT,350,2026-03-24 12:00:00,short,0.58874,64.42,30.0,91.59,0.727143,med_med_up,False,True,False,False,False,0.0,0.0,50.0,0.0,0.0,0.0,0.0,0.0,50.0,0.0,0.0,-1,0.0,G3_MIN_QUALITY,edge=64.4 < MIN_QUALITY_SCORE=70.0,-1,0.0,0.0,
SOL/USDT,351,2026-03-24 13:00:00,short,0.59968,74.94,50.0,89.86,0.842857,high_med_flat,False,False,False,False,False,0.0,0.0,50.0,0.0,0.0,0.0,0.0,0.0,50.0,0.0,0.0,-1,0.0,G2_EDGE,reg.sell_ok=False regime='high_med_flat',-1,0.0,0.0,
SOL/USDT,352,2026-03-24 14:00:00,short,0.63423,77.13,0.0,89.57,0.875,high_med_down,,,True,False,False,0.0,0.0,50.0,0.0,0.0,0.0,0.0,0.0,50.0,0.0,0.0,-1,0.0,G1_REGIME,regime='high_med_down' skipped=True reg_empty=False,-1,0.0,0.0,
SOL/USDT,353,2026-03-24 15:00:00,short,0.62636,57.23,30.0,89.74,0.866429,med_med_flat,False,True,False,False,False,0.0,0.0,50.0,0.0,0.0,0.0,0.0,0.0,50.0,0.0,0.0,-1,0.0,G3_MIN_QUALITY,edge=57.2 < MIN_QUALITY_SCORE=70.0,-1,0.0,0.0,
SOL/USDT,354,2026-03-24 16:00:00,short,0.64354,57.1,30.0,89.28,0.884286,med_med_flat,False,True,False,False,False,0.0,0.0,50.0,0.0,0.0,0.0,0.0,0.0,50.0,0.0,0.0,-1,0.0,G3_MIN_QUALITY,edge=57.1 < MIN_QUALITY_SCORE=70.0,-1,0.0,0.0,
SOL/USDT,355,2026-03-24 17:00:00,short,0.64172,58.81,70.0,89.18,0.905,med_med_down,False,True,False,False,False,0.0,0.0,50.0,0.0,0.0,0.0,0.0,0.0,50.0,0.0,0.0,-1,0.0,G2_EDGE,edge=58.8 < thr=70.0,-1,0.0,0.0,
SOL/USDT,356,2026-03-24 18:00:00,short,0.65185,59.05,70.0,88.9,0.913571,med_med_down,False,True,False,False,False,0.0,0.0,50.0,0.0,0.0,0.0,0.0,0.0,50.0,0.0,0.0,-1,0.0,G2_EDGE,edge=59.0 < thr=70.0,-1,0.0,0.0,
SOL/USDT,357,2026-03-24 19:00:00,short,0.65244,59.53,70.0,88.52,0.947143,med_med_down,False,True,False,False,False,0.0,0.0,50.0,0.0,0.0,0.0,0.0,0.0,50.0,0.0,0.0,-1,0.0,G2_EDGE,edge=59.5 < thr=70.0,-1,0.0,0.0,
SOL/USDT,358,2026-03-24 20:00:00,short,0.63193,68.16,0.0,90.04,1.037143,med_high_down,,,True,False,False,0.0,0.0,50.0,0.0,0.0,0.0,0.0,0.0,50.0,0.0,0.0,-1,0.0,G1_REGIME,regime='med_high_down' skipped=True reg_empty=False,-1,0.0,0.0,
SOL/USDT,359,2026-03-24 21:00:00,short,0.6364,62.46,30.0,90.39,0.995714,med_med_flat,False,True,False,False,False,0.0,0.0,50.0,0.0,0.0,0.0,0.0,0.0,50.0,0.0,0.0,-1,0.0,G3_MIN_QUALITY,edge=62.5 < MIN_QUALITY_SCORE=70.0,-1,0.0,0.0,
SOL/USDT,360,2026-03-24 22:00:00,short,0.64296,62.0,30.0,90.32,0.996429,med_med_flat,False,True,False,False,False,0.0,0.0,50.0,0.0,0.0,0.0,0.0,0.0,50.0,0.0,0.0,-1,0.0,G3_MIN_QUALITY,edge=62.0 < MIN_QUALITY_SCORE=70.0,-1,0.0,0.0,
SOL/USDT,361,2026-03-24 23:00:00,short,0.6365,61.16,30.0,90.8,0.987143,med_med_flat,False,True,False,False,False,0.0,0.0,50.0,0.0,0.0,0.0,0.0,0.0,50.0,0.0,0.0,-1,0.0,G3_MIN_QUALITY,edge=61.2 < MIN_QUALITY_SCORE=70.0,-1,0.0,0.0,
SOL/USDT,362,2026-03-25 00:00:00,short,0.63032,69.32,30.0,91.32,1.017857,med_med_flat,False,True,False,False,False,0.0,0.0,50.0,0.0,0.0,0.0,0.0,0.0,50.0,0.0,0.0,-1,0.0,G3_MIN_QUALITY,edge=69.3 < MIN_QUALITY_SCORE=70.0,-1,0.0,0.0,
SOL/USDT,363,2026-03-25 01:00:00,short,0.63213,88.53,30.0,90.94,0.997857,med_med_flat,False,True,False,True,False,0.0,0.17235174035950027,50.3582564527543,0.0,0.0,0.0,0.5,0.0,50.0,0.0,0.0,-1,0.0,G4_5_MTF,prior(bullish)=0.50<0.6 OR rev(bearish)=0.00<0.5,-1,0.0,0.0,
SOL/USDT,364,2026-03-25 02:00:00,short,0.62618,86.05,30.0,91.13,1.010714,med_med_up,False,True,False,True,False,0.0,0.3169910099362936,52.40779178186707,0.0,0.0,0.0,0.75,0.5,46.676300483602816,0.43902323397302623,0.4393748293362357,-1,0.0,G5_RSI_ACCEL,rsi_accel=0.4394>0.08 (RSI recovering),-1,0.0,0.0,
SOL/USDT,365,2026-03-25 03:00:00,short,0.61579,86.95,30.0,91.69,0.935714,med_med_up,False,True,False,True,False,0.0,0.4452162505689869,50.46178819008477,0.0,0.0,0.0,0.75,0.5,65.91304331777688,1.0025714378099981,0.5635482038369719,-1,0.0,G5_RSI_ACCEL,rsi_accel=0.5635>0.08 (RSI recovering),-1,0.0,0.0,
SOL/USDT,366,2026-03-25 04:00:00,short,0.60857,82.66,30.0,92.05,0.863571,med_med_up,False,True,False,True,False,0.0,0.6034476167241287,48.74967135542157,0.0,0.0,0.0,0.5,0.0,50.0,0.0,0.0,-1,0.0,G4_5_MTF,prior(bullish)=0.50<0.6 OR rev(bearish)=0.00<0.5,-1,0.0,0.0,
SOL/USDT,367,2026-03-25 05:00:00,short,0.59279,87.98,30.0,92.42,0.877857,med_med_up,False,True,False,True,False,0.0,0.6197290211871419,40.92697671701565,1.0,0.0,0.0,0.75,0.0,50.0,0.0,0.0,-1,0.0,G4_5_MTF,prior(bullish)=0.75<0.6 OR rev(bearish)=0.00<0.5,-1,0.0,0.0,
SOL/USDT,368,2026-03-25 06:00:00,short,0.60927,89.35,30.0,92.39,0.861429,high_med_up,False,False,False,False,False,0.0,0.0,50.0,0.0,0.0,0.0,0.0,0.0,50.0,0.0,0.0,-1,0.0,G2_EDGE,reg.sell_ok=False regime='high_med_up',-1,0.0,0.0,
SOL/USDT,369,2026-03-25 07:00:00,short,0.62249,91.18,50.0,91.81,0.865714,high_med_flat,False,False,False,False,False,0.0,0.0,50.0,0.0,0.0,0.0,0.0,0.0,50.0,0.0,0.0,-1,0.0,G2_EDGE,reg.sell_ok=False regime='high_med_flat',-1,0.0,0.0,
SOL/USDT,370,2026-03-25 08:00:00,short,0.62457,89.99,50.0,92.36,0.875,high_med_flat,False,False,False,False,False,0.0,0.0,50.0,0.0,0.0,0.0,0.0,0.0,50.0,0.0,0.0,-1,0.0,G2_EDGE,reg.sell_ok=False regime='high_med_flat',-1,0.0,0.0,
SOL/USDT,371,2026-03-25 09:00:00,short,0.61712,83.76,50.0,92.55,0.85,high_med_flat,False,False,False,False,False,0.0,0.0,50.0,0.0,0.0,0.0,0.0,0.0,50.0,0.0,0.0,-1,0.0,G2_EDGE,reg.sell_ok=False regime='high_med_flat',-1,0.0,0.0,
SOL/USDT,372,2026-03-25 10:00:00,short,0.61136,80.36,50.0,92.65,0.748571,high_med_flat,False,False,False,False,False,0.0,0.0,50.0,0.0,0.0,0.0,0.0,0.0,50.0,0.0,0.0,-1,0.0,G2_EDGE,reg.sell_ok=False regime='high_med_flat',-1,0.0,0.0,
SOL/USDT,373,2026-03-25 11:00:00,short,0.59264,88.15,30.0,92.99,0.756429,high_med_up,False,False,False,False,False,0.0,0.0,50.0,0.0,0.0,0.0,0.0,0.0,50.0,0.0,0.0,-1,0.0,G2_EDGE,reg.sell_ok=False regime='high_med_up',-1,0.0,0.0,
SOL/USDT,374,2026-03-25 12:00:00,short,0.59099,84.6,30.0,93.04,0.784286,high_med_up,False,False,False,False,False,0.0,0.0,50.0,0.0,0.0,0.0,0.0,0.0,50.0,0.0,0.0,-1,0.0,G2_EDGE,reg.sell_ok=False regime='high_med_up',-1,0.0,0.0,
SOL/USDT,375,2026-03-25 13:00:00,short,0.6006,86.51,30.0,92.74,0.771429,med_med_up,False,True,False,True,False,0.0,0.39347928489283046,56.36675464802532,0.0,0.0,0.0,0.75,0.0,50.0,0.0,0.0,-1,0.0,G4_5_MTF,prior(bullish)=0.75<0.6 OR rev(bearish)=0.00<0.5,-1,0.0,0.0,
SOL/USDT,376,2026-03-25 14:00:00,short,0.63807,97.15,30.0,91.95,0.777143,med_med_up,False,True,False,False,False,0.0,0.3004847970964491,56.72722520646449,0.0,0.0,0.0,1.0,0.5,56.57620025217822,1.4157564089834496,-1.094396142343158,51,0.008452,TRADE,edge=97.2 meta_conf=0.6381,395,88.297429,3.6526,WIN
SOL/USDT,396,2026-03-26 10:00:00,short,0.67771,71.05,70.0,87.94,0.701429,med_med_down,False,True,False,False,True,0.0,-0.7066126201940379,33.2954058458263,0.0,0.0,0.0,0.25,1.0,50.0,0.0,0.0,-1,0.0,G4_5_MTF,prior(bullish)=0.25<0.6 OR rev(bearish)=1.00<0.5,-1,0.0,0.0,
SOL/USDT,397,2026-03-26 11:00:00,short,0.67996,71.58,70.0,87.58,0.717143,med_med_down,False,True,False,False,True,0.0,-0.7353055067334358,30.62032605955006,-1.0,0.0,0.0,0.25,1.0,50.0,0.0,0.0,-1,0.0,G4_5_MTF,prior(bullish)=0.25<0.6 OR rev(bearish)=1.00<0.5,-1,0.0,0.0,
SOL/USDT,398,2026-03-26 12:00:00,short,0.68034,70.53,30.0,87.56,0.679286,med_low_down,False,False,False,False,False,0.0,0.0,50.0,0.0,0.0,0.0,0.0,0.0,50.0,0.0,0.0,-1,0.0,G2_EDGE,reg.sell_ok=False regime='med_low_down',-1,0.0,0.0,
SOL/USDT,399,2026-03-26 13:00:00,short,0.69308,74.19,70.0,87.92,0.717857,med_med_down,False,True,False,False,True,0.0,-0.5380651760439338,29.014825278212356,0.0,0.0,0.0,0.25,1.0,50.0,0.0,0.0,-1,0.0,G4_5_MTF,prior(bullish)=0.25<0.6 OR rev(bearish)=1.00<0.5,-1,0.0,0.0,
SOL/USDT,400,2026-03-26 14:00:00,short,0.69735,70.7,70.0,87.54,0.755714,med_med_down,False,True,False,False,True,0.0,-0.6516108514570707,27.771540498461658,0.0,0.0,0.0,0.0,0.5,50.0,0.0,0.0,-1,0.0,G4_5_MTF,prior(bullish)=0.00<0.6 OR rev(bearish)=0.50<0.5,-1,0.0,0.0,
SOL/USDT,401,2026-03-26 15:00:00,short,0.7041,73.66,70.0,87.54,0.807143,med_med_down,False,True,False,False,True,0.0,-0.5781653286853979,25.501367945270307,0.0,0.0,0.0,0.0,0.5,50.0,0.0,0.0,-1,0.0,G4_5_MTF,prior(bullish)=0.00<0.6 OR rev(bearish)=0.50<0.5,-1,0.0,0.0,
SOL/USDT,402,2026-03-26 16:00:00,short,0.70313,68.46,70.0,87.2,0.765,med_med_down,False,True,False,False,False,0.0,0.0,50.0,0.0,0.0,0.0,0.0,0.0,50.0,0.0,0.0,-1,0.0,G2_EDGE,edge=68.5 < thr=70.0,-1,0.0,0.0,
SOL/USDT,403,2026-03-26 17:00:00,short,0.71571,74.28,70.0,86.63,0.795714,med_med_down,False,True,False,False,True,0.0,-0.7251323426258862,30.10835992711364,-1.0,0.0,0.0,0.25,0.5,50.0,0.0,0.0,-1,0.0,G4_5_MTF,prior(bullish)=0.25<0.6 OR rev(bearish)=0.50<0.5,-1,0.0,0.0,
SOL/USDT,404,2026-03-26 18:00:00,short,0.71761,76.27,70.0,86.06,0.845,med_med_down,False,True,False,False,True,0.0,-0.7254692521324132,26.37053260660967,-1.0,0.0,0.0,0.25,1.0,50.0,0.0,0.0,-1,0.0,G4_5_MTF,prior(bullish)=0.25<0.6 OR rev(bearish)=1.00<0.5,-1,0.0,0.0,
SOL/USDT,405,2026-03-26 19:00:00,short,0.70953,71.2,70.0,85.48,0.766429,med_med_down,False,True,False,False,True,0.0,-0.7388534165018898,36.6869766246857,-1.0,0.0,0.0,0.25,1.0,50.0,0.0,0.0,-1,0.0,G4_5_MTF,prior(bullish)=0.25<0.6 OR rev(bearish)=1.00<0.5,-1,0.0,0.0,
SOL/USDT,406,2026-03-26 20:00:00,short,0.70709,90.05,0.0,86.34,0.85,high_med_down,,,True,False,False,0.0,0.0,50.0,0.0,0.0,0.0,0.0,0.0,50.0,0.0,0.0,-1,0.0,G1_REGIME,regime='high_med_down' skipped=True reg_empty=False,-1,0.0,0.0,
SOL/USDT,407,2026-03-26 21:00:00,short,0.68526,86.98,0.0,86.84,0.876429,high_med_down,,,True,False,False,0.0,0.0,50.0,0.0,0.0,0.0,0.0,0.0,50.0,0.0,0.0,-1,0.0,G1_REGIME,regime='high_med_down' skipped=True reg_empty=False,-1,0.0,0.0,
SOL/USDT,408,2026-03-26 22:00:00,short,0.69135,85.05,0.0,86.81,0.891429,high_med_down,,,True,False,False,0.0,0.0,50.0,0.0,0.0,0.0,0.0,0.0,50.0,0.0,0.0,-1,0.0,G1_REGIME,regime='high_med_down' skipped=True reg_empty=False,-1,0.0,0.0,
SOL/USDT,409,2026-03-26 23:00:00,short,0.69527,78.51,0.0,86.53,0.854286,high_med_down,,,True,False,False,0.0,0.0,50.0,0.0,0.0,0.0,0.0,0.0,50.0,0.0,0.0,-1,0.0,G1_REGIME,regime='high_med_down' skipped=True reg_empty=False,-1,0.0,0.0,
SOL/USDT,410,2026-03-27 00:00:00,short,0.69992,73.37,0.0,86.55,0.858571,high_med_down,,,True,False,False,0.0,0.0,50.0,0.0,0.0,0.0,0.0,0.0,50.0,0.0,0.0,-1,0.0,G1_REGIME,regime='high_med_down' skipped=True reg_empty=False,-1,0.0,0.0,
SOL/USDT,411,2026-03-27 01:00:00,short,0.69755,80.71,0.0,86.88,0.842857,high_med_down,,,True,False,False,0.0,0.0,50.0,0.0,0.0,0.0,0.0,0.0,50.0,0.0,0.0,-1,0.0,G1_REGIME,regime='high_med_down' skipped=True reg_empty=False,-1,0.0,0.0,
SOL/USDT,412,2026-03-27 02:00:00,short,0.69481,72.11,0.0,86.7,0.850714,high_med_down,,,True,False,False,0.0,0.0,50.0,0.0,0.0,0.0,0.0,0.0,50.0,0.0,0.0,-1,0.0,G1_REGIME,regime='high_med_down' skipped=True reg_empty=False,-1,0.0,0.0,
SOL/USDT,413,2026-03-27 03:00:00,short,0.69874,73.57,0.0,86.42,0.817143,high_med_down,,,True,False,False,0.0,0.0,50.0,0.0,0.0,0.0,0.0,0.0,50.0,0.0,0.0,-1,0.0,G1_REGIME,regime='high_med_down' skipped=True reg_empty=False,-1,0.0,0.0,
SOL/USDT,414,2026-03-27 04:00:00,short,0.69706,77.13,0.0,86.17,0.794286,high_med_down,,,True,False,False,0.0,0.0,50.0,0.0,0.0,0.0,0.0,0.0,50.0,0.0,0.0,-1,0.0,G1_REGIME,regime='high_med_down' skipped=True reg_empty=False,-1,0.0,0.0,
SOL/USDT,415,2026-03-27 05:00:00,short,0.69485,76.79,0.0,86.1,0.775714,high_med_down,,,True,False,False,0.0,0.0,50.0,0.0,0.0,0.0,0.0,0.0,50.0,0.0,0.0,-1,0.0,G1_REGIME,regime='high_med_down' skipped=True reg_empty=False,-1,0.0,0.0,
SOL/USDT,416,2026-03-27 06:00:00,short,0.69355,79.1,70.0,86.07,0.769286,med_med_down,False,True,False,False,True,0.0,-0.5451332592382913,65.81925765568583,0.0,0.0,0.0,0.5,1.0,50.0,0.0,0.0,-1,0.0,G4_5_MTF,prior(bullish)=0.50<0.6 OR rev(bearish)=1.00<0.5,-1,0.0,0.0,
SOL/USDT,417,2026-03-27 07:00:00,short,0.69653,81.99,70.0,85.92,0.745714,med_med_down,False,True,False,False,True,0.0,-0.5535804027281903,72.78754437152577,0.0,0.0,0.0,0.25,1.0,50.0,0.0,0.0,-1,0.0,G4_5_MTF,prior(bullish)=0.25<0.6 OR rev(bearish)=1.00<0.5,-1,0.0,0.0,
SOL/USDT,418,2026-03-27 08:00:00,short,0.69989,100.0,0.0,85.12,0.793571,high_med_down,,,True,False,False,0.0,0.0,50.0,0.0,0.0,0.0,0.0,0.0,50.0,0.0,0.0,-1,0.0,G1_REGIME,regime='high_med_down' skipped=True reg_empty=False,-1,0.0,0.0,
SOL/USDT,419,2026-03-27 09:00:00,short,0.6946,80.79,70.0,85.08,0.808571,med_med_down,False,True,False,False,True,0.0,-0.6390395023730318,54.17077265000631,0.0,0.0,0.0,0.0,1.0,50.0,0.0,0.0,-1,0.0,G4_5_MTF,prior(bullish)=0.00<0.6 OR rev(bearish)=1.00<0.5,-1,0.0,0.0,
SOL/USDT,420,2026-03-27 10:00:00,short,0.71375,92.93,0.0,83.02,0.867143,high_med_down,,,True,False,False,0.0,0.0,50.0,0.0,0.0,0.0,0.0,0.0,50.0,0.0,0.0,-1,0.0,G1_REGIME,regime='high_med_down' skipped=True reg_empty=False,-1,0.0,0.0,
SOL/USDT,421,2026-03-27 11:00:00,short,0.71439,71.69,0.0,83.39,0.873571,high_med_down,,,True,False,False,0.0,0.0,50.0,0.0,0.0,0.0,0.0,0.0,50.0,0.0,0.0,-1,0.0,G1_REGIME,regime='high_med_down' skipped=True reg_empty=False,-1,0.0,0.0,
SOL/USDT,422,2026-03-27 12:00:00,short,0.72206,72.25,0.0,83.1,0.852857,high_med_down,,,True,False,False,0.0,0.0,50.0,0.0,0.0,0.0,0.0,0.0,50.0,0.0,0.0,-1,0.0,G1_REGIME,regime='high_med_down' skipped=True reg_empty=False,-1,0.0,0.0,
SOL/USDT,423,2026-03-27 13:00:00,short,0.71733,73.25,0.0,82.95,0.873571,high_med_down,,,True,False,False,0.0,0.0,50.0,0.0,0.0,0.0,0.0,0.0,50.0,0.0,0.0,-1,0.0,G1_REGIME,regime='high_med_down' skipped=True reg_empty=False,-1,0.0,0.0,
SOL/USDT,424,2026-03-27 14:00:00,short,0.7193,72.28,0.0,83.18,0.884286,high_med_down,,,True,False,False,0.0,0.0,50.0,0.0,0.0,0.0,0.0,0.0,50.0,0.0,0.0,-1,0.0,G1_REGIME,regime='high_med_down' skipped=True reg_empty=False,-1,0.0,0.0,
SOL/USDT,425,2026-03-27 15:00:00,short,0.72346,71.97,0.0,83.35,0.926429,high_med_down,,,True,False,False,0.0,0.0,50.0,0.0,0.0,0.0,0.0,0.0,50.0,0.0,0.0,-1,0.0,G1_REGIME,regime='high_med_down' skipped=True reg_empty=False,-1,0.0,0.0,
SOL/USDT,426,2026-03-27 16:00:00,short,0.73028,71.93,64.0,83.03,0.941429,high_high_down,False,True,False,False,True,0.0,-0.6538507777087491,38.09370575902278,0.0,0.0,0.0,0.25,0.0,50.0,0.0,0.0,-1,0.0,G4_5_MTF,prior(bullish)=0.25<0.6 OR rev(bearish)=0.00<0.5,-1,0.0,0.0,
SOL/USDT,427,2026-03-27 17:00:00,short,0.74459,75.29,64.0,82.23,1.006429,high_high_down,False,True,False,False,True,0.0,-0.7345759050827043,35.56583595810985,-1.0,0.0,0.0,0.5,0.5,50.0,0.0,0.0,-1,0.0,G4_5_MTF,prior(bullish)=0.50<0.6 OR rev(bearish)=0.50<0.5,-1,0.0,0.0,
SOL/USDT,428,2026-03-27 18:00:00,short,0.74777,70.09,64.0,82.39,1.002143,high_high_down,False,True,False,False,True,0.0,-0.5490460983760009,34.39575182743504,0.0,0.0,0.0,0.5,1.0,50.0,0.0,0.0,-1,0.0,G4_5_MTF,prior(bullish)=0.50<0.6 OR rev(bearish)=1.00<0.5,-1,0.0,0.0,
SOL/USDT,429,2026-03-27 19:00:00,short,0.74417,68.28,0.0,82.81,1.002857,med_high_down,,,True,False,False,0.0,0.0,50.0,0.0,0.0,0.0,0.0,0.0,50.0,0.0,0.0,-1,0.0,G1_REGIME,regime='med_high_down' skipped=True reg_empty=False,-1,0.0,0.0,
SOL/USDT,430,2026-03-27 20:00:00,short,0.74634,69.12,0.0,82.77,1.01,med_high_down,,,True,False,False,0.0,0.0,50.0,0.0,0.0,0.0,0.0,0.0,50.0,0.0,0.0,-1,0.0,G1_REGIME,regime='med_high_down' skipped=True reg_empty=False,-1,0.0,0.0,
SOL/USDT,431,2026-03-27 21:00:00,short,0.73397,67.77,0.0,82.76,0.990714,med_high_down,,,True,False,False,0.0,0.0,50.0,0.0,0.0,0.0,0.0,0.0,50.0,0.0,0.0,-1,0.0,G1_REGIME,regime='med_high_down' skipped=True reg_empty=False,-1,0.0,0.0,
SOL/USDT,432,2026-03-27 22:00:00,short,0.7169,65.16,70.0,82.73,0.886429,med_med_down,False,True,False,False,False,0.0,0.0,50.0,0.0,0.0,0.0,0.0,0.0,50.0,0.0,0.0,-1,0.0,G2_EDGE,edge=65.2 < thr=70.0,-1,0.0,0.0,
SOL/USDT,433,2026-03-27 23:00:00,short,0.71808,83.5,70.0,83.11,0.873571,med_med_down,False,True,False,False,False,0.0,-0.3307450911863542,52.041394434600804,0.0,0.0,0.0,0.5,1.0,50.0,0.0,0.0,-1,0.0,G4_5_MTF,prior(bullish)=0.50<0.6 OR rev(bearish)=1.00<0.5,-1,0.0,0.0,
SOL/USDT,434,2026-03-28 00:00:00,short,0.68227,74.02,70.0,82.86,0.723571,med_med_down,False,True,False,False,True,0.0,-0.4488483912883365,67.38958832587014,0.0,0.0,0.0,0.5,0.5,50.0,0.0,0.0,-1,0.0,G4_5_MTF,prior(bullish)=0.50<0.6 OR rev(bearish)=0.50<0.5,-1,0.0,0.0,
SOL/USDT,435,2026-03-28 01:00:00,short,0.67642,73.1,70.0,82.66,0.695714,med_med_down,False,True,False,False,True,0.0,-0.44270062589057807,66.86136775123012,0.0,0.0,0.0,0.25,0.5,50.0,0.0,0.0,-1,0.0,G4_5_MTF,prior(bullish)=0.25<0.6 OR rev(bearish)=0.50<0.5,-1,0.0,0.0,
SOL/USDT,436,2026-03-28 02:00:00,short,0.67747,74.12,70.0,82.56,0.706429,med_med_down,False,True,False,False,True,0.0,-0.5283591222941589,66.42089185342292,0.0,0.0,0.0,0.25,1.0,50.0,0.0,0.0,-1,0.0,G4_5_MTF,prior(bullish)=0.25<0.6 OR rev(bearish)=1.00<0.5,-1,0.0,0.0,
SOL/USDT,437,2026-03-28 03:00:00,short,0.67375,72.2,30.0,82.6,0.645714,med_low_down,False,False,False,False,False,0.0,0.0,50.0,0.0,0.0,0.0,0.0,0.0,50.0,0.0,0.0,-1,0.0,G2_EDGE,reg.sell_ok=False regime='med_low_down',-1,0.0,0.0,
SOL/USDT,438,2026-03-28 04:00:00,short,0.67617,75.1,30.0,82.58,0.619286,med_low_down,False,False,False,False,False,0.0,0.0,50.0,0.0,0.0,0.0,0.0,0.0,50.0,0.0,0.0,-1,0.0,G2_EDGE,reg.sell_ok=False regime='med_low_down',-1,0.0,0.0,
SOL/USDT,439,2026-03-28 05:00:00,short,0.67274,72.4,30.0,82.75,0.573571,med_low_down,False,False,False,False,False,0.0,0.0,50.0,0.0,0.0,0.0,0.0,0.0,50.0,0.0,0.0,-1,0.0,G2_EDGE,reg.sell_ok=False regime='med_low_down',-1,0.0,0.0,
SOL/USDT,440,2026-03-28 06:00:00,short,0.66974,78.89,30.0,83.18,0.565714,med_low_down,False,False,False,False,False,0.0,0.0,50.0,0.0,0.0,0.0,0.0,0.0,50.0,0.0,0.0,-1,0.0,G2_EDGE,reg.sell_ok=False regime='med_low_down',-1,0.0,0.0,
SOL/USDT,441,2026-03-28 07:00:00,short,0.64895,74.18,30.0,83.62,0.505,med_low_down,False,False,False,False,False,0.0,0.0,50.0,0.0,0.0,0.0,0.0,0.0,50.0,0.0,0.0,-1,0.0,G2_EDGE,reg.sell_ok=False regime='med_low_down',-1,0.0,0.0,
SOL/USDT,442,2026-03-28 08:00:00,short,0.65128,79.54,30.0,83.4,0.484286,low_low_down,False,True,False,False,False,0.0,0.30149863492577983,69.33168311822035,0.0,0.0,0.0,0.5,0.0,50.0,0.0,0.0,-1,0.0,G4_5_MTF,prior(bullish)=0.50<0.6 OR rev(bearish)=0.00<0.5,-1,0.0,0.0,
SOL/USDT,443,2026-03-28 09:00:00,short,0.64933,66.81,30.0,83.06,0.457857,low_low_down,False,True,False,False,False,0.0,0.0,50.0,0.0,0.0,0.0,0.0,0.0,50.0,0.0,0.0,-1,0.0,G3_MIN_QUALITY,edge=66.8 < MIN_QUALITY_SCORE=70.0,-1,0.0,0.0,
SOL/USDT,444,2026-03-28 10:00:00,short,0.63879,56.03,80.0,83.01,0.460714,low_low_flat,False,True,False,False,False,0.0,0.0,50.0,0.0,0.0,0.0,0.0,0.0,50.0,0.0,0.0,-1,0.0,G2_EDGE,edge=56.0 < thr=80.0,-1,0.0,0.0,
SOL/USDT,445,2026-03-28 11:00:00,short,0.627,61.32,80.0,82.94,0.445,low_low_flat,False,True,False,False,False,0.0,0.0,50.0,0.0,0.0,0.0,0.0,0.0,50.0,0.0,0.0,-1,0.0,G2_EDGE,edge=61.3 < thr=80.0,-1,0.0,0.0,
SOL/USDT,446,2026-03-28 12:00:00,short,0.63342,57.88,80.0,82.68,0.466429,low_low_flat,False,True,False,False,False,0.0,0.0,50.0,0.0,0.0,0.0,0.0,0.0,50.0,0.0,0.0,-1,0.0,G2_EDGE,edge=57.9 < thr=80.0,-1,0.0,0.0,
SOL/USDT,447,2026-03-28 13:00:00,short,0.64142,87.94,80.0,83.38,0.522857,low_low_flat,False,True,False,True,False,0.0,0.3811441270972502,54.466110287058115,0.0,0.0,0.0,0.25,1.0,50.0,0.0,0.0,-1,0.0,G4_5_MTF,prior(bullish)=0.25<0.6 OR rev(bearish)=1.00<0.5,-1,0.0,0.0,
SOL/USDT,448,2026-03-28 14:00:00,short,0.62948,75.19,80.0,83.24,0.534286,low_low_flat,False,True,False,False,False,0.0,0.0,50.0,0.0,0.0,0.0,0.0,0.0,50.0,0.0,0.0,-1,0.0,G2_EDGE,edge=75.2 < thr=80.0,-1,0.0,0.0,
SOL/USDT,449,2026-03-28 15:00:00,short,0.62284,86.63,80.0,83.83,0.568571,low_low_flat,False,True,False,True,False,0.0,0.3974010764446119,52.10954980053281,0.0,0.0,0.0,0.0,0.5,50.0,0.0,0.0,-1,0.0,G4_5_MTF,prior(bullish)=0.00<0.6 OR rev(bearish)=0.50<0.5,-1,0.0,0.0,
SOL/USDT,450,2026-03-28 16:00:00,short,0.64415,68.84,80.0,83.57,0.563571,low_low_flat,False,True,False,False,False,0.0,0.0,50.0,0.0,0.0,0.0,0.0,0.0,50.0,0.0,0.0,-1,0.0,G2_EDGE,edge=68.8 < thr=80.0,-1,0.0,0.0,
SOL/USDT,451,2026-03-28 17:00:00,short,0.64173,66.77,76.0,83.32,0.591429,low_low_up,False,True,False,False,False,0.0,0.0,50.0,0.0,0.0,0.0,0.0,0.0,50.0,0.0,0.0,-1,0.0,G2_EDGE,edge=66.8 < thr=76.0,-1,0.0,0.0,
SOL/USDT,452,2026-03-28 18:00:00,short,0.6462,64.07,76.0,83.39,0.580714,low_low_up,False,True,False,False,False,0.0,0.0,50.0,0.0,0.0,0.0,0.0,0.0,50.0,0.0,0.0,-1,0.0,G2_EDGE,edge=64.1 < thr=76.0,-1,0.0,0.0,
SOL/USDT,453,2026-03-28 19:00:00,short,0.64339,56.19,80.0,83.28,0.579286,low_low_flat,False,True,False,False,False,0.0,0.0,50.0,0.0,0.0,0.0,0.0,0.0,50.0,0.0,0.0,-1,0.0,G2_EDGE,edge=56.2 < thr=80.0,-1,0.0,0.0,
SOL/USDT,454,2026-03-28 20:00:00,short,0.64781,56.19,80.0,83.42,0.552857,low_low_flat,False,True,False,False,False,0.0,0.0,50.0,0.0,0.0,0.0,0.0,0.0,50.0,0.0,0.0,-1,0.0,G2_EDGE,edge=56.2 < thr=80.0,-1,0.0,0.0,
SOL/USDT,455,2026-03-28 21:00:00,short,0.65389,56.76,80.0,82.72,0.595,low_low_flat,False,True,False,False,False,0.0,0.0,50.0,0.0,0.0,0.0,0.0,0.0,50.0,0.0,0.0,-1,0.0,G2_EDGE,edge=56.8 < thr=80.0,-1,0.0,0.0,
SOL/USDT,456,2026-03-28 22:00:00,short,0.65465,52.08,80.0,82.8,0.601429,low_low_flat,False,True,False,False,False,0.0,0.0,50.0,0.0,0.0,0.0,0.0,0.0,50.0,0.0,0.0,-1,0.0,G2_EDGE,edge=52.1 < thr=80.0,-1,0.0,0.0,
SOL/USDT,457,2026-03-28 23:00:00,short,0.65498,60.14,30.0,82.09,0.647857,low_med_flat,False,True,False,False,False,0.0,0.0,50.0,0.0,0.0,0.0,0.0,0.0,50.0,0.0,0.0,-1,0.0,G3_MIN_QUALITY,edge=60.1 < MIN_QUALITY_SCORE=70.0,-1,0.0,0.0,
SOL/USDT,458,2026-03-29 00:00:00,short,0.65974,55.89,80.0,82.21,0.631429,low_low_flat,False,True,False,False,False,0.0,0.0,50.0,0.0,0.0,0.0,0.0,0.0,50.0,0.0,0.0,-1,0.0,G2_EDGE,edge=55.9 < thr=80.0,-1,0.0,0.0,
SOL/USDT,459,2026-03-29 01:00:00,short,0.65881,54.79,30.0,82.48,0.650714,low_med_flat,False,True,False,False,False,0.0,0.0,50.0,0.0,0.0,0.0,0.0,0.0,50.0,0.0,0.0,-1,0.0,G3_MIN_QUALITY,edge=54.8 < MIN_QUALITY_SCORE=70.0,-1,0.0,0.0,
SOL/USDT,460,2026-03-29 02:00:00,short,0.65305,51.4,80.0,82.78,0.637857,low_low_flat,False,True,False,False,False,0.0,0.0,50.0,0.0,0.0,0.0,0.0,0.0,50.0,0.0,0.0,-1,0.0,G2_EDGE,edge=51.4 < thr=80.0,-1,0.0,0.0,
SOL/USDT,461,2026-03-29 03:00:00,short,0.65789,62.33,80.0,83.0,0.572857,low_low_flat,False,True,False,False,False,0.0,0.0,50.0,0.0,0.0,0.0,0.0,0.0,50.0,0.0,0.0,-1,0.0,G2_EDGE,edge=62.3 < thr=80.0,-1,0.0,0.0,
SOL/USDT,462,2026-03-29 04:00:00,short,0.65234,52.66,80.0,82.79,0.555714,low_low_flat,False,True,False,False,False,0.0,0.0,50.0,0.0,0.0,0.0,0.0,0.0,50.0,0.0,0.0,-1,0.0,G2_EDGE,edge=52.7 < thr=80.0,-1,0.0,0.0,
SOL/USDT,463,2026-03-29 05:00:00,short,0.65011,56.3,80.0,82.73,0.510714,low_low_flat,False,True,False,False,False,0.0,0.0,50.0,0.0,0.0,0.0,0.0,0.0,50.0,0.0,0.0,-1,0.0,G2_EDGE,edge=56.3 < thr=80.0,-1,0.0,0.0,
SOL/USDT,464,2026-03-29 06:00:00,short,0.65039,57.69,80.0,82.5,0.516429,low_low_flat,False,True,False,False,False,0.0,0.0,50.0,0.0,0.0,0.0,0.0,0.0,50.0,0.0,0.0,-1,0.0,G2_EDGE,edge=57.7 < thr=80.0,-1,0.0,0.0,
SOL/USDT,465,2026-03-29 07:00:00,short,0.6539,53.19,80.0,82.45,0.501429,low_low_flat,False,True,False,False,False,0.0,0.0,50.0,0.0,0.0,0.0,0.0,0.0,50.0,0.0,0.0,-1,0.0,G2_EDGE,edge=53.2 < thr=80.0,-1,0.0,0.0,
SOL/USDT,466,2026-03-29 08:00:00,short,0.65803,52.29,80.0,82.47,0.503571,low_low_flat,False,True,False,False,False,0.0,0.0,50.0,0.0,0.0,0.0,0.0,0.0,50.0,0.0,0.0,-1,0.0,G2_EDGE,edge=52.3 < thr=80.0,-1,0.0,0.0,
SOL/USDT,467,2026-03-29 09:00:00,short,0.65442,54.86,80.0,82.36,0.502143,low_low_flat,False,True,False,False,False,0.0,0.0,50.0,0.0,0.0,0.0,0.0,0.0,50.0,0.0,0.0,-1,0.0,G2_EDGE,edge=54.9 < thr=80.0,-1,0.0,0.0,
SOL/USDT,468,2026-03-29 10:00:00,short,0.66194,81.8,80.0,82.12,0.512143,low_low_flat,False,True,False,False,True,0.0,-0.551242735029649,57.08513734320177,0.0,0.0,0.0,0.0,0.5,50.0,0.0,0.0,-1,0.0,G4_5_MTF,prior(bullish)=0.00<0.6 OR rev(bearish)=0.50<0.5,-1,0.0,0.0,
SOL/USDT,469,2026-03-29 11:00:00,short,0.6594,72.28,80.0,82.58,0.485714,low_low_flat,False,True,False,False,False,0.0,0.0,50.0,0.0,0.0,0.0,0.0,0.0,50.0,0.0,0.0,-1,0.0,G2_EDGE,edge=72.3 < thr=80.0,-1,0.0,0.0,
SOL/USDT,470,2026-03-29 12:00:00,short,0.64953,48.63,80.0,82.44,0.484286,low_low_flat,False,True,False,False,False,0.0,0.0,50.0,0.0,0.0,0.0,0.0,0.0,50.0,0.0,0.0,-1,0.0,G2_EDGE,edge=48.6 < thr=80.0,-1,0.0,0.0,
SOL/USDT,471,2026-03-29 13:00:00,short,0.65134,62.33,30.0,81.92,0.46,low_low_down,False,True,False,False,False,0.0,0.0,50.0,0.0,0.0,0.0,0.0,0.0,50.0,0.0,0.0,-1,0.0,G3_MIN_QUALITY,edge=62.3 < MIN_QUALITY_SCORE=70.0,-1,0.0,0.0,
SOL/USDT,472,2026-03-29 14:00:00,short,0.65277,62.27,80.0,81.93,0.482143,low_low_flat,False,True,False,False,False,0.0,0.0,50.0,0.0,0.0,0.0,0.0,0.0,50.0,0.0,0.0,-1,0.0,G2_EDGE,edge=62.3 < thr=80.0,-1,0.0,0.0,
SOL/USDT,473,2026-03-29 15:00:00,short,0.65234,63.29,30.0,81.81,0.507857,low_low_down,False,True,False,False,False,0.0,0.0,50.0,0.0,0.0,0.0,0.0,0.0,50.0,0.0,0.0,-1,0.0,G3_MIN_QUALITY,edge=63.3 < MIN_QUALITY_SCORE=70.0,-1,0.0,0.0,
SOL/USDT,474,2026-03-29 16:00:00,short,0.65049,44.76,30.0,81.71,0.512857,low_low_down,False,True,False,False,False,0.0,0.0,50.0,0.0,0.0,0.0,0.0,0.0,50.0,0.0,0.0,-1,0.0,G3_MIN_QUALITY,edge=44.8 < MIN_QUALITY_SCORE=70.0,-1,0.0,0.0,
SOL/USDT,475,2026-03-29 17:00:00,short,0.65398,68.32,30.0,81.56,0.527143,low_low_down,False,True,False,False,False,0.0,0.0,50.0,0.0,0.0,0.0,0.0,0.0,50.0,0.0,0.0,-1,0.0,G3_MIN_QUALITY,edge=68.3 < MIN_QUALITY_SCORE=70.0,-1,0.0,0.0,
SOL/USDT,476,2026-03-29 18:00:00,short,0.65309,74.13,30.0,81.81,0.542143,low_low_down,False,True,False,False,True,0.0,-0.40046579696454293,52.576014050817996,0.0,0.0,0.0,0.25,1.0,50.0,0.0,0.0,-1,0.0,G4_5_MTF,prior(bullish)=0.25<0.6 OR rev(bearish)=1.00<0.5,-1,0.0,0.0,
SOL/USDT,477,2026-03-29 19:00:00,short,0.65302,61.83,30.0,81.62,0.531429,low_low_down,False,True,False,False,False,0.0,0.0,50.0,0.0,0.0,0.0,0.0,0.0,50.0,0.0,0.0,-1,0.0,G3_MIN_QUALITY,edge=61.8 < MIN_QUALITY_SCORE=70.0,-1,0.0,0.0,
SOL/USDT,478,2026-03-29 20:00:00,short,0.66129,73.47,30.0,81.94,0.537857,low_low_down,False,True,False,False,True,0.0,-0.4231708951875363,53.67302080497501,0.0,0.0,0.0,0.25,0.5,50.0,0.0,0.0,-1,0.0,G4_5_MTF,prior(bullish)=0.25<0.6 OR rev(bearish)=0.50<0.5,-1,0.0,0.0,
SOL/USDT,479,2026-03-29 21:00:00,short,0.6551,72.9,80.0,82.16,0.536429,low_low_flat,False,True,False,False,False,0.0,0.0,50.0,0.0,0.0,0.0,0.0,0.0,50.0,0.0,0.0,-1,0.0,G2_EDGE,edge=72.9 < thr=80.0,-1,0.0,0.0,
SOL/USDT,480,2026-03-29 22:00:00,short,0.65689,99.72,52.0,80.94,0.745714,low_med_down,False,True,False,False,True,0.0,-0.6323672136167243,24.300031257849863,-1.0,0.0,0.0,0.25,0.0,50.0,0.0,0.0,-1,0.0,G4_5_MTF,prior(bullish)=0.25<0.6 OR rev(bearish)=0.00<0.5,-1,0.0,0.0,
SOL/USDT,481,2026-03-29 23:00:00,short,0.65614,93.04,30.0,81.44,0.777143,low_med_flat,False,True,False,False,False,0.0,-0.4472654728038961,25.688579908666306,0.0,0.0,0.0,0.5,0.5,50.0,0.0,0.0,-1,0.0,G4_5_MTF,prior(bullish)=0.50<0.6 OR rev(bearish)=0.50<0.5,-1,0.0,0.0,
SOL/USDT,482,2026-03-30 00:00:00,short,0.63093,91.31,30.0,81.89,0.883571,low_med_flat,False,True,False,False,False,0.0,-0.13204613425845838,25.768393963329753,0.0,0.0,0.0,0.75,0.5,47.52688157733837,-0.39264213834394807,0.0980456359789395,-1,0.0,G5_RSI_ACCEL,rsi_accel=0.0980>0.08 (RSI recovering),-1,0.0,0.0,
SOL/USDT,483,2026-03-30 01:00:00,short,0.61531,93.1,30.0,82.71,0.903571,low_med_flat,False,True,False,True,False,0.0,0.057918897601880036,27.694281281978327,0.0,0.0,0.0,0.5,0.0,50.0,0.0,0.0,-1,0.0,G4_5_MTF,prior(bullish)=0.50<0.6 OR rev(bearish)=0.00<0.5,-1,0.0,0.0,
SOL/USDT,484,2026-03-30 02:00:00,short,0.62395,92.91,0.0,83.35,0.979286,low_high_flat,,,True,False,False,0.0,0.0,50.0,0.0,0.0,0.0,0.0,0.0,50.0,0.0,0.0,-1,0.0,G1_REGIME,regime='low_high_flat' skipped=True reg_empty=False,-1,0.0,0.0,
SOL/USDT,485,2026-03-30 03:00:00,short,0.61676,94.33,0.0,83.27,0.97,low_high_flat,,,True,False,False,0.0,0.0,50.0,0.0,0.0,0.0,0.0,0.0,50.0,0.0,0.0,-1,0.0,G1_REGIME,regime='low_high_flat' skipped=True reg_empty=False,-1,0.0,0.0,
SOL/USDT,486,2026-03-30 04:00:00,short,0.62089,87.7,0.0,83.77,0.961429,low_high_up,,,True,False,False,0.0,0.0,50.0,0.0,0.0,0.0,0.0,0.0,50.0,0.0,0.0,-1,0.0,G1_REGIME,regime='low_high_up' skipped=True reg_empty=False,-1,0.0,0.0,
SOL/USDT,487,2026-03-30 05:00:00,short,0.613,90.41,0.0,83.64,0.955714,low_high_up,,,True,False,False,0.0,0.0,50.0,0.0,0.0,0.0,0.0,0.0,50.0,0.0,0.0,-1,0.0,G1_REGIME,regime='low_high_up' skipped=True reg_empty=False,-1,0.0,0.0,
SOL/USDT,488,2026-03-30 06:00:00,short,0.60799,87.29,0.0,83.47,0.953571,low_high_up,,,True,False,False,0.0,0.0,50.0,0.0,0.0,0.0,0.0,0.0,50.0,0.0,0.0,-1,0.0,G1_REGIME,regime='low_high_up' skipped=True reg_empty=False,-1,0.0,0.0,
SOL/USDT,489,2026-03-30 07:00:00,short,0.62201,85.74,30.0,84.02,0.966429,med_high_up,False,False,False,False,False,0.0,0.0,50.0,0.0,0.0,0.0,0.0,0.0,50.0,0.0,0.0,-1,0.0,G2_EDGE,reg.sell_ok=False regime='med_high_up',-1,0.0,0.0,
SOL/USDT,490,2026-03-30 08:00:00,short,0.62881,90.53,30.0,84.52,0.992143,med_high_up,False,False,False,False,False,0.0,0.0,50.0,0.0,0.0,0.0,0.0,0.0,50.0,0.0,0.0,-1,0.0,G2_EDGE,reg.sell_ok=False regime='med_high_up',-1,0.0,0.0,
SOL/USDT,491,2026-03-30 09:00:00,short,0.63623,87.61,30.0,84.14,0.998571,med_high_up,False,False,False,False,False,0.0,0.0,50.0,0.0,0.0,0.0,0.0,0.0,50.0,0.0,0.0,-1,0.0,G2_EDGE,reg.sell_ok=False regime='med_high_up',-1,0.0,0.0,
SOL/USDT,492,2026-03-30 10:00:00,short,0.64106,68.74,30.0,83.92,1.000714,med_high_up,False,False,False,False,False,0.0,0.0,50.0,0.0,0.0,0.0,0.0,0.0,50.0,0.0,0.0,-1,0.0,G2_EDGE,reg.sell_ok=False regime='med_high_up',-1,0.0,0.0,
SOL/USDT,493,2026-03-30 11:00:00,short,0.65673,68.9,30.0,84.24,1.033571,med_high_up,False,False,False,False,False,0.0,0.0,50.0,0.0,0.0,0.0,0.0,0.0,50.0,0.0,0.0,-1,0.0,G2_EDGE,reg.sell_ok=False regime='med_high_up',-1,0.0,0.0,
SOL/USDT,494,2026-03-30 12:00:00,short,0.64274,64.74,30.0,84.49,0.84,med_med_up,False,True,False,False,False,0.0,0.0,50.0,0.0,0.0,0.0,0.0,0.0,50.0,0.0,0.0,-1,0.0,G3_MIN_QUALITY,edge=64.7 < MIN_QUALITY_SCORE=70.0,-1,0.0,0.0,
SOL/USDT,495,2026-03-30 13:00:00,short,0.63929,70.93,30.0,84.01,0.857857,med_med_up,False,True,False,True,False,0.0,0.4355016253131518,47.06313462407761,0.0,0.0,0.0,0.0,0.0,50.0,0.0,0.0,-1,0.0,G3_5_ADX,adx=24.6 < 25 (weak trend),-1,0.0,0.0,
SOL/USDT,496,2026-03-30 14:00:00,short,0.64575,89.56,30.0,84.39,0.795,med_med_up,False,True,False,True,False,0.0,0.5618761418797337,54.92149649516183,0.0,0.0,0.0,0.5,0.5,50.0,0.0,0.0,-1,0.0,G4_5_MTF,prior(bullish)=0.50<0.6 OR rev(bearish)=0.50<0.5,-1,0.0,0.0,
SOL/USDT,497,2026-03-30 15:00:00,short,0.64017,84.71,30.0,84.51,0.786429,med_med_up,False,True,False,True,False,0.0,0.5433392970001544,62.282991132271775,0.0,0.0,0.0,0.5,0.5,50.0,0.0,0.0,-1,0.0,G4_5_MTF,prior(bullish)=0.50<0.6 OR rev(bearish)=0.50<0.5,-1,0.0,0.0,
SOL/USDT,498,2026-03-30 16:00:00,short,0.62913,83.74,30.0,84.22,0.725,med_med_up,False,True,False,True,False,0.0,0.43532225648326456,69.14357193726933,0.0,0.0,0.0,0.5,0.0,50.0,0.0,0.0,-1,0.0,G4_5_MTF,prior(bullish)=0.50<0.6 OR rev(bearish)=0.00<0.5,-1,0.0,0.0,
SOL/USDT,499,2026-03-30 17:00:00,short,0.64048,82.86,30.0,83.26,0.775,med_med_up,False,True,False,False,False,0.0,0.0024530142874953755,71.6117887411475,0.0,0.0,0.0,0.75,0.5,49.90476177168262,-0.41607461260552536,-0.7177143801460024,104,0.009308,TRADE,edge=82.9 meta_conf=0.6405,546,85.08125,-1.8213,LOSS
SOL/USDT,547,2026-04-01 17:00:00,short,0.65825,100.0,0.0,84.44,0.983571,high_high_up,,,True,False,False,0.0,0.0,50.0,0.0,0.0,0.0,0.0,0.0,50.0,0.0,0.0,-1,0.0,G1_REGIME,regime='high_high_up' skipped=True reg_empty=False,-1,0.0,0.0,
SOL/USDT,548,2026-04-01 18:00:00,short,0.68378,85.97,0.0,83.66,1.007857,high_high_up,,,True,False,False,0.0,0.0,50.0,0.0,0.0,0.0,0.0,0.0,50.0,0.0,0.0,-1,0.0,G1_REGIME,regime='high_high_up' skipped=True reg_empty=False,-1,0.0,0.0,
SOL/USDT,549,2026-04-01 19:00:00,short,0.66857,80.48,0.0,83.82,0.995714,high_high_up,,,True,False,False,0.0,0.0,50.0,0.0,0.0,0.0,0.0,0.0,50.0,0.0,0.0,-1,0.0,G1_REGIME,regime='high_high_up' skipped=True reg_empty=False,-1,0.0,0.0,
SOL/USDT,550,2026-04-01 20:00:00,short,0.67709,63.94,0.0,82.57,1.057143,high_high_flat,,,True,False,False,0.0,0.0,50.0,0.0,0.0,0.0,0.0,0.0,50.0,0.0,0.0,-1,0.0,G1_REGIME,regime='high_high_flat' skipped=True reg_empty=False,-1,0.0,0.0,
SOL/USDT,551,2026-04-01 21:00:00,short,0.67592,66.62,0.0,81.86,1.116429,high_high_flat,,,True,False,False,0.0,0.0,50.0,0.0,0.0,0.0,0.0,0.0,50.0,0.0,0.0,-1,0.0,G1_REGIME,regime='high_high_flat' skipped=True reg_empty=False,-1,0.0,0.0,
SOL/USDT,552,2026-04-01 22:00:00,short,0.69013,82.23,64.0,81.17,1.155,high_high_down,False,True,False,False,True,0.0,-0.703841033695599,27.329280568775296,-1.0,0.0,0.0,0.0,0.0,50.0,0.0,0.0,-1,0.0,G3_5_ADX,adx=19.9 < 25 (weak trend),-1,0.0,0.0,
SOL/USDT,553,2026-04-01 23:00:00,short,0.69713,60.06,64.0,81.18,1.140714,high_high_down,False,True,False,False,False,0.0,0.0,50.0,0.0,0.0,0.0,0.0,0.0,50.0,0.0,0.0,-1,0.0,G2_EDGE,edge=60.1 < thr=64.0,-1,0.0,0.0,
SOL/USDT,554,2026-04-02 00:00:00,short,0.71139,61.14,64.0,81.63,1.170714,high_high_down,False,True,False,False,False,0.0,0.0,50.0,0.0,0.0,0.0,0.0,0.0,50.0,0.0,0.0,-1,0.0,G2_EDGE,edge=61.1 < thr=64.0,-1,0.0,0.0,
SOL/USDT,555,2026-04-02 01:00:00,short,0.72847,86.1,64.0,79.34,1.331429,high_high_down,False,True,False,False,True,0.0,-0.7535401002522607,21.966719575389284,-1.0,0.0,0.0,0.25,0.0,50.0,0.0,0.0,-1,0.0,G4_5_MTF,prior(bullish)=0.25<0.6 OR rev(bearish)=0.00<0.5,-1,0.0,0.0,
SOL/USDT,556,2026-04-02 02:00:00,short,0.72327,67.33,64.0,78.87,1.339286,high_high_down,False,True,False,False,False,0.0,0.0,50.0,0.0,0.0,0.0,0.0,0.0,50.0,0.0,0.0,-1,0.0,G3_MIN_QUALITY,edge=67.3 < MIN_QUALITY_SCORE=70.0,-1,0.0,0.0,
SOL/USDT,557,2026-04-02 03:00:00,short,0.72255,63.42,64.0,79.01,1.316429,high_high_down,False,True,False,False,False,0.0,0.0,50.0,0.0,0.0,0.0,0.0,0.0,50.0,0.0,0.0,-1,0.0,G2_EDGE,edge=63.4 < thr=64.0,-1,0.0,0.0,
SOL/USDT,558,2026-04-02 04:00:00,short,0.73863,53.11,64.0,78.82,1.272857,high_high_down,False,True,False,False,False,0.0,0.0,50.0,0.0,0.0,0.0,0.0,0.0,50.0,0.0,0.0,-1,0.0,G2_EDGE,edge=53.1 < thr=64.0,-1,0.0,0.0,
SOL/USDT,559,2026-04-02 05:00:00,short,0.7452,51.32,64.0,79.26,1.274286,high_high_down,False,True,False,False,False,0.0,0.0,50.0,0.0,0.0,0.0,0.0,0.0,50.0,0.0,0.0,-1,0.0,G2_EDGE,edge=51.3 < thr=64.0,-1,0.0,0.0,
SOL/USDT,560,2026-04-02 06:00:00,short,0.74628,49.54,64.0,79.12,1.147857,high_high_down,False,True,False,False,False,0.0,0.0,50.0,0.0,0.0,0.0,0.0,0.0,50.0,0.0,0.0,-1,0.0,G2_EDGE,edge=49.5 < thr=64.0,-1,0.0,0.0,
SOL/USDT,561,2026-04-02 07:00:00,short,0.74512,78.34,64.0,79.65,1.024286,high_high_down,False,True,False,False,False,0.0,-0.5460061320104964,36.80453621016296,0.0,0.0,0.0,0.25,0.5,50.0,0.0,0.0,-1,0.0,G4_5_MTF,prior(bullish)=0.25<0.6 OR rev(bearish)=0.50<0.5,-1,0.0,0.0,
SOL/USDT,562,2026-04-02 08:00:00,short,0.74581,69.03,64.0,79.12,1.000714,high_high_down,False,True,False,False,False,0.0,0.0,50.0,0.0,0.0,0.0,0.0,0.0,50.0,0.0,0.0,-1,0.0,G3_MIN_QUALITY,edge=69.0 < MIN_QUALITY_SCORE=70.0,-1,0.0,0.0,
SOL/USDT,563,2026-04-02 09:00:00,short,0.74716,68.0,64.0,79.26,0.975,high_high_down,False,True,False,False,False,0.0,0.0,50.0,0.0,0.0,0.0,0.0,0.0,50.0,0.0,0.0,-1,0.0,G3_MIN_QUALITY,edge=68.0 < MIN_QUALITY_SCORE=70.0,-1,0.0,0.0,
SOL/USDT,564,2026-04-02 10:00:00,short,0.73803,68.4,64.0,78.9,0.899286,high_high_down,False,True,False,False,False,0.0,0.0,50.0,0.0,0.0,0.0,0.0,0.0,50.0,0.0,0.0,-1,0.0,G3_MIN_QUALITY,edge=68.4 < MIN_QUALITY_SCORE=70.0,-1,0.0,0.0,
SOL/USDT,565,2026-04-02 11:00:00,short,0.73008,69.85,0.0,78.31,0.83,high_med_down,,,True,False,False,0.0,0.0,50.0,0.0,0.0,0.0,0.0,0.0,50.0,0.0,0.0,-1,0.0,G1_REGIME,regime='high_med_down' skipped=True reg_empty=False,-1,0.0,0.0,
SOL/USDT,566,2026-04-02 12:00:00,short,0.72821,71.99,0.0,77.97,0.795714,high_med_down,,,True,False,False,0.0,0.0,50.0,0.0,0.0,0.0,0.0,0.0,50.0,0.0,0.0,-1,0.0,G1_REGIME,regime='high_med_down' skipped=True reg_empty=False,-1,0.0,0.0,
SOL/USDT,567,2026-04-02 13:00:00,short,0.72769,78.4,64.0,77.74,0.875714,high_high_down,False,True,False,False,True,0.0,-0.7000955242345452,41.73735968185538,-1.0,0.0,0.0,0.5,1.0,50.0,0.0,0.0,-1,0.0,G4_5_MTF,prior(bullish)=0.50<0.6 OR rev(bearish)=1.00<0.5,-1,0.0,0.0,
SOL/USDT,568,2026-04-02 14:00:00,short,0.73515,95.1,64.0,79.07,0.973571,high_high_down,False,True,False,False,False,0.0,-0.39865982743599554,42.30548714536166,0.0,0.0,0.0,0.25,1.0,50.0,0.0,0.0,-1,0.0,G4_5_MTF,prior(bullish)=0.25<0.6 OR rev(bearish)=1.00<0.5,-1,0.0,0.0,
SOL/USDT,569,2026-04-02 15:00:00,short,0.69685,87.13,0.0,79.03,0.847857,high_med_down,,,True,False,False,0.0,0.0,50.0,0.0,0.0,0.0,0.0,0.0,50.0,0.0,0.0,-1,0.0,G1_REGIME,regime='high_med_down' skipped=True reg_empty=False,-1,0.0,0.0,
SOL/USDT,570,2026-04-02 16:00:00,short,0.69425,83.16,0.0,79.43,0.857143,high_med_down,,,True,False,False,0.0,0.0,50.0,0.0,0.0,0.0,0.0,0.0,50.0,0.0,0.0,-1,0.0,G1_REGIME,regime='high_med_down' skipped=True reg_empty=False,-1,0.0,0.0,
SOL/USDT,571,2026-04-02 17:00:00,short,0.69644,87.35,64.0,78.59,0.885714,high_high_down,False,True,False,False,False,0.0,-0.43726480475598534,55.23148893656637,0.0,0.0,0.0,0.25,0.5,50.0,0.0,0.0,-1,0.0,G4_5_MTF,prior(bullish)=0.25<0.6 OR rev(bearish)=0.50<0.5,-1,0.0,0.0,
SOL/USDT,572,2026-04-02 18:00:00,short,0.69444,83.46,64.0,79.13,0.915,high_high_down,False,True,False,False,False,0.0,-0.11617183263174467,54.225572372474204,0.0,0.0,0.0,0.25,0.5,50.0,0.0,0.0,-1,0.0,G4_5_MTF,prior(bullish)=0.25<0.6 OR rev(bearish)=0.50<0.5,-1,0.0,0.0,
SOL/USDT,573,2026-04-02 19:00:00,short,0.69094,84.92,64.0,78.98,0.896429,high_high_down,False,True,False,False,False,0.0,-0.3254717920195892,53.133630032971475,0.0,0.0,0.0,0.5,0.5,50.0,0.0,0.0,-1,0.0,G4_5_MTF,prior(bullish)=0.50<0.6 OR rev(bearish)=0.50<0.5,-1,0.0,0.0,
SOL/USDT,574,2026-04-02 20:00:00,short,0.69079,83.38,64.0,79.16,0.905,high_high_down,False,True,False,False,False,0.0,-0.15106793245908168,52.41482984835449,0.0,0.0,0.0,0.5,0.5,50.0,0.0,0.0,-1,0.0,G4_5_MTF,prior(bullish)=0.50<0.6 OR rev(bearish)=0.50<0.5,-1,0.0,0.0,
SOL/USDT,575,2026-04-02 21:00:00,short,0.68434,81.93,64.0,78.97,0.900714,high_high_down,False,True,False,False,False,0.0,-0.21857056942147057,52.04378564724565,0.0,0.0,0.0,0.5,0.5,50.0,0.0,0.0,-1,0.0,G4_5_MTF,prior(bullish)=0.50<0.6 OR rev(bearish)=0.50<0.5,-1,0.0,0.0,
SOL/USDT,576,2026-04-02 22:00:00,short,0.6814,80.75,64.0,78.99,0.886429,high_high_down,False,True,False,False,False,0.0,-0.08716072389636932,51.69735897814547,0.0,0.0,0.0,0.5,0.5,50.0,0.0,0.0,-1,0.0,G4_5_MTF,prior(bullish)=0.50<0.6 OR rev(bearish)=0.50<0.5,-1,0.0,0.0,
SOL/USDT,577,2026-04-02 23:00:00,short,0.67553,81.37,0.0,78.94,0.880714,high_med_down,,,True,False,False,0.0,0.0,50.0,0.0,0.0,0.0,0.0,0.0,50.0,0.0,0.0,-1,0.0,G1_REGIME,regime='high_med_down' skipped=True reg_empty=False,-1,0.0,0.0,
SOL/USDT,578,2026-04-03 00:00:00,short,0.6915,58.72,0.0,79.23,0.88,high_med_down,,,True,False,False,0.0,0.0,50.0,0.0,0.0,0.0,0.0,0.0,50.0,0.0,0.0,-1,0.0,G1_REGIME,regime='high_med_down' skipped=True reg_empty=False,-1,0.0,0.0,
SOL/USDT,579,2026-04-03 01:00:00,short,0.6738,60.94,50.0,79.17,0.88,high_med_flat,False,False,False,False,False,0.0,0.0,50.0,0.0,0.0,0.0,0.0,0.0,50.0,0.0,0.0,-1,0.0,G2_EDGE,reg.sell_ok=False regime='high_med_flat',-1,0.0,0.0,
SOL/USDT,580,2026-04-03 02:00:00,short,0.66652,68.82,30.0,79.34,0.884286,med_med_flat,False,True,False,False,False,0.0,0.0,50.0,0.0,0.0,0.0,0.0,0.0,50.0,0.0,0.0,-1,0.0,G3_MIN_QUALITY,edge=68.8 < MIN_QUALITY_SCORE=70.0,-1,0.0,0.0,
SOL/USDT,581,2026-04-03 03:00:00,short,0.65479,72.0,30.0,79.0,0.806429,med_med_flat,False,True,False,True,False,0.0,-0.019499592627971428,62.702272251791655,0.0,0.0,0.0,0.0,0.0,50.0,0.0,0.0,-1,0.0,G3_5_ADX,adx=15.7 < 25 (weak trend),-1,0.0,0.0,
SOL/USDT,582,2026-04-03 04:00:00,short,0.65896,68.29,30.0,79.32,0.686429,med_med_flat,False,True,False,False,False,0.0,0.0,50.0,0.0,0.0,0.0,0.0,0.0,50.0,0.0,0.0,-1,0.0,G3_MIN_QUALITY,edge=68.3 < MIN_QUALITY_SCORE=70.0,-1,0.0,0.0,
SOL/USDT,583,2026-04-03 05:00:00,short,0.65257,65.85,30.0,79.33,0.664286,med_med_flat,False,True,False,False,False,0.0,0.0,50.0,0.0,0.0,0.0,0.0,0.0,50.0,0.0,0.0,-1,0.0,G3_MIN_QUALITY,edge=65.9 < MIN_QUALITY_SCORE=70.0,-1,0.0,0.0,
SOL/USDT,584,2026-04-03 06:00:00,short,0.64214,63.47,68.0,79.65,0.617143,med_low_flat,False,True,False,False,False,0.0,0.0,50.0,0.0,0.0,0.0,0.0,0.0,50.0,0.0,0.0,-1,0.0,G2_EDGE,edge=63.5 < thr=68.0,-1,0.0,0.0,
SOL/USDT,585,2026-04-03 07:00:00,short,0.6474,67.31,68.0,79.96,0.587857,med_low_flat,False,True,False,False,False,0.0,0.0,50.0,0.0,0.0,0.0,0.0,0.0,50.0,0.0,0.0,-1,0.0,G2_EDGE,edge=67.3 < thr=68.0,-1,0.0,0.0,
SOL/USDT,586,2026-04-03 08:00:00,short,0.64781,86.4,68.0,79.77,0.565,med_low_flat,False,True,False,True,False,0.0,0.3886536838382745,74.64056575691176,0.0,0.0,0.0,0.75,0.0,50.0,0.0,0.0,-1,0.0,G4_5_MTF,prior(bullish)=0.75<0.6 OR rev(bearish)=0.00<0.5,-1,0.0,0.0,
SOL/USDT,587,2026-04-03 09:00:00,short,0.64668,87.74,68.0,79.96,0.565714,med_low_flat,False,True,False,True,False,0.0,0.498579242173696,72.51653896684667,0.0,0.0,0.0,0.75,0.5,68.560605697027,1.5077199423069214,0.12248216913848275,-1,0.0,G5_RSI_ACCEL,rsi_accel=0.1225>0.08 (RSI recovering),-1,0.0,0.0,
SOL/USDT,588,2026-04-03 10:00:00,short,0.63827,85.57,48.0,80.15,0.559286,med_low_up,True,False,False,False,False,0.0,0.0,50.0,0.0,0.0,0.0,0.0,0.0,50.0,0.0,0.0,-1,0.0,G2_EDGE,reg.sell_ok=False regime='med_low_up',-1,0.0,0.0,
SOL/USDT,589,2026-04-03 11:00:00,short,0.64528,86.33,48.0,80.18,0.557143,med_low_up,True,False,False,False,False,0.0,0.0,50.0,0.0,0.0,0.0,0.0,0.0,50.0,0.0,0.0,-1,0.0,G2_EDGE,reg.sell_ok=False regime='med_low_up',-1,0.0,0.0,
SOL/USDT,590,2026-04-03 12:00:00,short,0.65653,100.0,30.0,79.34,0.647857,med_med_up,False,True,False,True,False,0.0,0.08770321762518328,58.12191349232795,0.0,0.0,0.0,0.75,0.0,50.0,0.0,0.0,-1,0.0,G4_5_MTF,prior(bullish)=0.75<0.6 OR rev(bearish)=0.00<0.5,-1,0.0,0.0,
SOL/USDT,591,2026-04-03 13:00:00,short,0.65586,82.02,30.0,79.6,0.655,med_med_up,False,True,False,False,False,0.0,0.307648726074846,58.14606891495814,0.0,0.0,0.0,0.75,0.5,59.37499976384935,0.6004193458078954,-0.4984667024069863,45,0.008229,TRADE,edge=82.0 meta_conf=0.6559,617,81.13925,-1.5392,LOSS
SOL/USDT,618,2026-04-04 16:00:00,short,0.64139,62.23,80.0,80.74,0.407143,low_low_flat,False,True,False,False,False,0.0,0.0,50.0,0.0,0.0,0.0,0.0,0.0,50.0,0.0,0.0,-1,0.0,G2_EDGE,edge=62.2 < thr=80.0,-1,0.0,0.0,
SOL/USDT,619,2026-04-04 17:00:00,short,0.63198,65.1,76.0,80.93,0.427857,low_low_up,False,True,False,False,False,0.0,0.0,50.0,0.0,0.0,0.0,0.0,0.0,50.0,0.0,0.0,-1,0.0,G2_EDGE,edge=65.1 < thr=76.0,-1,0.0,0.0,
SOL/USDT,620,2026-04-04 18:00:00,short,0.63226,65.56,80.0,80.84,0.446429,low_low_flat,False,True,False,False,False,0.0,0.0,50.0,0.0,0.0,0.0,0.0,0.0,50.0,0.0,0.0,-1,0.0,G2_EDGE,edge=65.6 < thr=80.0,-1,0.0,0.0,
SOL/USDT,621,2026-04-04 19:00:00,short,0.63221,67.48,80.0,80.85,0.473571,low_low_flat,False,True,False,False,False,0.0,0.0,50.0,0.0,0.0,0.0,0.0,0.0,50.0,0.0,0.0,-1,0.0,G2_EDGE,edge=67.5 < thr=80.0,-1,0.0,0.0,
SOL/USDT,622,2026-04-04 20:00:00,short,0.63738,66.29,80.0,80.81,0.462857,low_low_flat,False,True,False,False,False,0.0,0.0,50.0,0.0,0.0,0.0,0.0,0.0,50.0,0.0,0.0,-1,0.0,G2_EDGE,edge=66.3 < thr=80.0,-1,0.0,0.0,
SOL/USDT,623,2026-04-04 21:00:00,short,0.63429,85.34,80.0,80.92,0.462857,low_low_flat,False,True,False,True,False,0.0,0.5077341344073852,35.236933648182095,0.0,0.0,0.0,0.5,0.5,50.0,0.0,0.0,-1,0.0,G4_5_MTF,prior(bullish)=0.50<0.6 OR rev(bearish)=0.50<0.5,-1,0.0,0.0,
SOL/USDT,624,2026-04-04 22:00:00,short,0.63516,83.79,76.0,81.0,0.442143,low_low_up,False,True,False,True,False,0.0,0.5425795106827874,36.029569655989036,0.0,0.0,0.0,0.5,0.5,50.0,0.0,0.0,-1,0.0,G4_5_MTF,prior(bullish)=0.50<0.6 OR rev(bearish)=0.50<0.5,-1,0.0,0.0,
SOL/USDT,625,2026-04-04 23:00:00,short,0.64155,84.28,80.0,80.83,0.450714,low_low_flat,False,True,False,True,False,0.0,0.42488922874115664,36.991355252178316,0.0,0.0,0.0,0.5,0.0,50.0,0.0,0.0,-1,0.0,G4_5_MTF,prior(bullish)=0.50<0.6 OR rev(bearish)=0.00<0.5,-1,0.0,0.0,
SOL/USDT,626,2026-04-05 00:00:00,short,0.6446,75.4,80.0,80.7,0.453571,low_low_flat,False,True,False,False,False,0.0,0.0,50.0,0.0,0.0,0.0,0.0,0.0,50.0,0.0,0.0,-1,0.0,G2_EDGE,edge=75.4 < thr=80.0,-1,0.0,0.0,
SOL/USDT,627,2026-04-05 01:00:00,short,0.6375,77.24,80.0,80.51,0.457143,low_low_flat,False,True,False,False,False,0.0,0.0,50.0,0.0,0.0,0.0,0.0,0.0,50.0,0.0,0.0,-1,0.0,G2_EDGE,edge=77.2 < thr=80.0,-1,0.0,0.0,
SOL/USDT,628,2026-04-05 02:00:00,short,0.63597,76.72,80.0,80.59,0.459286,low_low_flat,False,True,False,False,False,0.0,0.0,50.0,0.0,0.0,0.0,0.0,0.0,50.0,0.0,0.0,-1,0.0,G2_EDGE,edge=76.7 < thr=80.0,-1,0.0,0.0,
SOL/USDT,629,2026-04-05 03:00:00,short,0.63578,76.92,80.0,80.55,0.450714,low_low_flat,False,True,False,False,False,0.0,0.0,50.0,0.0,0.0,0.0,0.0,0.0,50.0,0.0,0.0,-1,0.0,G2_EDGE,edge=76.9 < thr=80.0,-1,0.0,0.0,
SOL/USDT,630,2026-04-05 04:00:00,short,0.64551,71.09,80.0,80.33,0.414286,low_low_flat,False,True,False,False,False,0.0,0.0,50.0,0.0,0.0,0.0,0.0,0.0,50.0,0.0,0.0,-1,0.0,G2_EDGE,edge=71.1 < thr=80.0,-1,0.0,0.0,
SOL/USDT,631,2026-04-05 05:00:00,short,0.67919,63.06,80.0,80.31,0.339286,low_low_flat,False,True,False,False,False,0.0,0.0,50.0,0.0,0.0,0.0,0.0,0.0,50.0,0.0,0.0,-1,0.0,G2_EDGE,edge=63.1 < thr=80.0,-1,0.0,0.0,
SOL/USDT,632,2026-04-05 06:00:00,short,0.68911,74.52,80.0,79.59,0.362143,low_low_flat,False,True,False,False,False,0.0,0.0,50.0,0.0,0.0,0.0,0.0,0.0,50.0,0.0,0.0,-1,0.0,G2_EDGE,edge=74.5 < thr=80.0,-1,0.0,0.0,
SOL/USDT,633,2026-04-05 07:00:00,short,0.6855,67.5,80.0,79.6,0.358571,low_low_flat,False,True,False,False,False,0.0,0.0,50.0,0.0,0.0,0.0,0.0,0.0,50.0,0.0,0.0,-1,0.0,G2_EDGE,edge=67.5 < thr=80.0,-1,0.0,0.0,
SOL/USDT,634,2026-04-05 08:00:00,short,0.67852,65.67,80.0,79.62,0.34,low_low_flat,False,True,False,False,False,0.0,0.0,50.0,0.0,0.0,0.0,0.0,0.0,50.0,0.0,0.0,-1,0.0,G2_EDGE,edge=65.7 < thr=80.0,-1,0.0,0.0,
SOL/USDT,635,2026-04-05 09:00:00,short,0.68824,63.36,80.0,79.84,0.317857,low_low_flat,False,True,False,False,False,0.0,0.0,50.0,0.0,0.0,0.0,0.0,0.0,50.0,0.0,0.0,-1,0.0,G2_EDGE,edge=63.4 < thr=80.0,-1,0.0,0.0,
SOL/USDT,636,2026-04-05 10:00:00,short,0.69325,65.52,80.0,79.84,0.332857,low_low_flat,False,True,False,False,False,0.0,0.0,50.0,0.0,0.0,0.0,0.0,0.0,50.0,0.0,0.0,-1,0.0,G2_EDGE,edge=65.5 < thr=80.0,-1,0.0,0.0,
SOL/USDT,637,2026-04-05 11:00:00,short,0.69051,63.38,80.0,79.9,0.325,low_low_flat,False,True,False,False,False,0.0,0.0,50.0,0.0,0.0,0.0,0.0,0.0,50.0,0.0,0.0,-1,0.0,G2_EDGE,edge=63.4 < thr=80.0,-1,0.0,0.0,
SOL/USDT,638,2026-04-05 12:00:00,short,0.6845,74.88,80.0,79.0,0.394286,low_low_flat,False,True,False,False,False,0.0,0.0,50.0,0.0,0.0,0.0,0.0,0.0,50.0,0.0,0.0,-1,0.0,G2_EDGE,edge=74.9 < thr=80.0,-1,0.0,0.0,
SOL/USDT,639,2026-04-05 13:00:00,short,0.68591,72.93,80.0,79.21,0.425,low_low_flat,False,True,False,False,False,0.0,0.0,50.0,0.0,0.0,0.0,0.0,0.0,50.0,0.0,0.0,-1,0.0,G2_EDGE,edge=72.9 < thr=80.0,-1,0.0,0.0,
SOL/USDT,640,2026-04-05 14:00:00,short,0.67772,65.41,80.0,79.29,0.427857,low_low_flat,False,True,False,False,False,0.0,0.0,50.0,0.0,0.0,0.0,0.0,0.0,50.0,0.0,0.0,-1,0.0,G2_EDGE,edge=65.4 < thr=80.0,-1,0.0,0.0,
SOL/USDT,641,2026-04-05 15:00:00,short,0.64185,93.63,30.0,79.6,0.501429,low_low_down,False,True,False,False,True,0.0,-0.35476546596620595,35.76797485104081,0.0,0.0,0.0,0.75,0.0,50.0,0.0,0.0,-1,0.0,G4_5_MTF,prior(bullish)=0.75<0.6 OR rev(bearish)=0.00<0.5,-1,0.0,0.0,
SOL/USDT,642,2026-04-05 16:00:00,short,0.65744,76.89,80.0,79.46,0.512857,low_low_flat,False,True,False,False,False,0.0,0.0,50.0,0.0,0.0,0.0,0.0,0.0,50.0,0.0,0.0,-1,0.0,G2_EDGE,edge=76.9 < thr=80.0,-1,0.0,0.0,
SOL/USDT,643,2026-04-05 17:00:00,short,0.62057,82.54,80.0,79.9,0.537857,low_low_flat,False,True,False,False,False,0.0,-0.2823269477802053,37.82204749085877,0.0,0.0,0.0,0.75,0.5,40.29850729427505,0.17589018956761165,1.4140998341508726,-1,0.0,G5_RSI_ACCEL,rsi_accel=1.4141>0.08 (RSI recovering),-1,0.0,0.0,
SOL/USDT,644,2026-04-05 18:00:00,short,0.61961,83.99,80.0,79.95,0.547857,low_low_flat,False,True,False,False,False,0.0,-0.24813379388395046,41.581701400940496,0.0,0.0,0.0,0.75,0.5,44.025157038883044,1.428747185620604,1.2528569960529923,-1,0.0,G5_RSI_ACCEL,rsi_accel=1.2529>0.08 (RSI recovering),-1,0.0,0.0,
SOL/USDT,645,2026-04-05 19:00:00,short,0.62442,82.67,80.0,79.83,0.576429,low_low_flat,False,True,False,False,False,0.0,-0.2931354376243435,44.12537688161096,0.0,0.0,0.0,0.75,0.0,50.0,0.0,0.0,-1,0.0,G4_5_MTF,prior(bullish)=0.75<0.6 OR rev(bearish)=0.00<0.5,-1,0.0,0.0,
SOL/USDT,646,2026-04-05 20:00:00,short,0.5937,86.19,80.0,80.16,0.536429,low_low_flat,False,True,False,True,False,0.0,0.19367097264491445,46.250105439848085,0.0,0.0,0.0,0.75,0.5,59.861591405514616,2.708190461366033,0.7738954538893978,-1,0.0,G5_RSI_ACCEL,rsi_accel=0.7739>0.08 (RSI recovering),-1,0.0,0.0,
SOL/USDT,647,2026-04-05 21:00:00,short,0.61791,82.36,80.0,79.75,0.558571,low_low_flat,False,True,False,False,False,0.0,-0.13003721224688847,47.465820285353466,0.0,0.0,0.0,0.75,0.5,52.279635035892206,2.8603619112216125,0.1521714498555795,-1,0.0,G5_RSI_ACCEL,rsi_accel=0.1522>0.08 (RSI recovering),-1,0.0,0.0,
SOL/USDT,648,2026-04-05 22:00:00,short,0.58245,100.0,30.0,80.58,0.66,low_med_flat,False,True,False,True,False,0.0,0.48003845971744896,42.459628853574,0.0,0.0,0.0,0.5,0.5,50.0,0.0,0.0,-1,0.0,G4_5_MTF,prior(bullish)=0.50<0.6 OR rev(bearish)=0.50<0.5,-1,0.0,0.0,
SOL/USDT,649,2026-04-05 23:00:00,short,0.56038,100.0,50.0,81.89,0.760714,low_med_up,False,False,False,False,False,0.0,0.0,50.0,0.0,0.0,0.0,0.0,0.0,50.0,0.0,0.0,-1,0.0,G2_EDGE,reg.sell_ok=False regime='low_med_up',-1,0.0,0.0,
SOL/USDT,650,2026-04-06 00:00:00,short,0.55548,100.0,50.0,82.32,0.805,low_med_up,False,False,False,False,False,0.0,0.0,50.0,0.0,0.0,0.0,0.0,0.0,50.0,0.0,0.0,-1,0.0,G2_EDGE,reg.sell_ok=False regime='low_med_up',-1,0.0,0.0,
SOL/USDT,651,2026-04-06 01:00:00,short,0.56601,77.19,50.0,81.69,0.845714,low_med_up,False,False,False,False,False,0.0,0.0,50.0,0.0,0.0,0.0,0.0,0.0,50.0,0.0,0.0,-1,0.0,G2_EDGE,reg.sell_ok=False regime='low_med_up',-1,0.0,0.0,
SOL/USDT,652,2026-04-06 02:00:00,short,0.55761,85.59,50.0,82.41,0.845,low_med_up,False,False,False,False,False,0.0,0.0,50.0,0.0,0.0,0.0,0.0,0.0,50.0,0.0,0.0,-1,0.0,G2_EDGE,reg.sell_ok=False regime='low_med_up',-1,0.0,0.0,
SOL/USDT,653,2026-04-06 03:00:00,short,0.56925,86.0,50.0,82.11,0.831429,low_med_up,False,False,False,False,False,0.0,0.0,50.0,0.0,0.0,0.0,0.0,0.0,50.0,0.0,0.0,-1,0.0,G2_EDGE,reg.sell_ok=False regime='low_med_up',-1,0.0,0.0,
SOL/USDT,654,2026-04-06 04:00:00,short,0.5738,83.35,50.0,82.0,0.845714,low_med_up,False,False,False,False,False,0.0,0.0,50.0,0.0,0.0,0.0,0.0,0.0,50.0,0.0,0.0,-1,0.0,G2_EDGE,reg.sell_ok=False regime='low_med_up',-1,0.0,0.0,
SOL/USDT,655,2026-04-06 05:00:00,short,0.58369,82.46,50.0,81.91,0.767857,low_med_up,False,False,False,False,False,0.0,0.0,50.0,0.0,0.0,0.0,0.0,0.0,50.0,0.0,0.0,-1,0.0,G2_EDGE,reg.sell_ok=False regime='low_med_up',-1,0.0,0.0,
SOL/USDT,656,2026-04-06 06:00:00,short,0.58802,79.47,50.0,81.5,0.820714,low_med_up,False,False,False,False,False,0.0,0.0,50.0,0.0,0.0,0.0,0.0,0.0,50.0,0.0,0.0,-1,0.0,G2_EDGE,reg.sell_ok=False regime='low_med_up',-1,0.0,0.0,
SOL/USDT,657,2026-04-06 07:00:00,short,0.59068,85.47,50.0,81.82,0.825,low_med_up,False,False,False,False,False,0.0,0.0,50.0,0.0,0.0,0.0,0.0,0.0,50.0,0.0,0.0,-1,0.0,G2_EDGE,reg.sell_ok=False regime='low_med_up',-1,0.0,0.0,
SOL/USDT,658,2026-04-06 08:00:00,short,0.59214,84.54,50.0,82.0,0.833571,low_med_up,False,False,False,False,False,0.0,0.0,50.0,0.0,0.0,0.0,0.0,0.0,50.0,0.0,0.0,-1,0.0,G2_EDGE,reg.sell_ok=False regime='low_med_up',-1,0.0,0.0,
SOL/USDT,659,2026-04-06 09:00:00,short,0.58106,92.38,30.0,82.47,0.878571,med_med_up,False,True,False,True,False,0.0,0.662114549408576,36.75104085652127,0.0,0.0,0.0,0.0,0.0,50.0,0.0,0.0,-1,0.0,G4_5_MTF,prior(bullish)=0.00<0.6 OR rev(bearish)=0.00<0.5,-1,0.0,0.0,
SOL/USDT,660,2026-04-06 10:00:00,short,0.58659,85.41,30.0,82.68,0.88,med_med_up,False,True,False,True,False,0.0,0.6652334583572244,37.93615777264863,0.0,0.0,0.0,0.25,0.0,50.0,0.0,0.0,-1,0.0,G4_5_MTF,prior(bullish)=0.25<0.6 OR rev(bearish)=0.00<0.5,-1,0.0,0.0,
SOL/USDT,661,2026-04-06 11:00:00,short,0.59168,83.25,30.0,82.45,0.857857,med_med_up,False,True,False,True,False,0.0,0.5230192476464137,38.939146199328846,0.0,0.0,0.0,0.5,0.0,50.0,0.0,0.0,-1,0.0,G4_5_MTF,prior(bullish)=0.50<0.6 OR rev(bearish)=0.00<0.5,-1,0.0,0.0,
SOL/USDT,662,2026-04-06 12:00:00,short,0.5911,84.05,30.0,82.3,0.767143,med_med_up,False,True,False,True,False,0.0,0.48665199375720736,54.563559273390794,0.0,0.0,0.0,0.75,0.5,65.46762573443402,-0.2836656127331934,-0.3682301237991475,45,0.009321,TRADE,edge=84.0 meta_conf=0.5911,686,78.694429,3.6056,WIN
SOL/USDT,687,2026-04-07 13:00:00,short,0.69857,80.54,30.0,78.87,0.557857,med_low_down,False,False,False,False,False,0.0,0.0,50.0,0.0,0.0,0.0,0.0,0.0,50.0,0.0,0.0,-1,0.0,G2_EDGE,reg.sell_ok=False regime='med_low_down',-1,0.0,0.0,
SOL/USDT,688,2026-04-07 14:00:00,short,0.7074,83.56,30.0,78.59,0.56,med_low_down,False,False,False,False,False,0.0,0.0,50.0,0.0,0.0,0.0,0.0,0.0,50.0,0.0,0.0,-1,0.0,G2_EDGE,reg.sell_ok=False regime='med_low_down',-1,0.0,0.0,
SOL/USDT,689,2026-04-07 15:00:00,short,0.70104,80.88,30.0,78.86,0.549286,med_low_down,False,False,False,False,False,0.0,0.0,50.0,0.0,0.0,0.0,0.0,0.0,50.0,0.0,0.0,-1,0.0,G2_EDGE,reg.sell_ok=False regime='med_low_down',-1,0.0,0.0,
SOL/USDT,690,2026-04-07 16:00:00,short,0.69694,75.95,30.0,78.89,0.557143,med_low_down,False,False,False,False,False,0.0,0.0,50.0,0.0,0.0,0.0,0.0,0.0,50.0,0.0,0.0,-1,0.0,G2_EDGE,reg.sell_ok=False regime='med_low_down',-1,0.0,0.0,
SOL/USDT,691,2026-04-07 17:00:00,short,0.60905,100.0,70.0,80.07,0.697143,med_med_down,False,True,False,False,False,0.0,0.11963961026026254,43.437707421081384,0.0,0.0,0.0,0.0,0.0,50.0,0.0,0.0,-1,0.0,G4_5_MTF,prior(bullish)=0.00<0.6 OR rev(bearish)=0.00<0.5,-1,0.0,0.0,
SOL/USDT,692,2026-04-07 18:00:00,short,0.60928,82.47,70.0,79.94,0.712857,med_med_down,False,True,False,False,False,0.0,-0.07716979499903022,43.89456143459764,0.0,0.0,0.0,0.25,0.0,50.0,0.0,0.0,-1,0.0,G4_5_MTF,prior(bullish)=0.25<0.6 OR rev(bearish)=0.00<0.5,-1,0.0,0.0,
SOL/USDT,693,2026-04-07 19:00:00,short,0.59637,100.0,30.0,81.63,0.815,med_med_flat,False,True,False,True,False,0.0,0.6865369142490503,34.35777125388707,1.0,0.0,0.0,0.5,0.5,50.0,0.0,0.0,-1,0.0,G4_5_MTF,prior(bullish)=0.50<0.6 OR rev(bearish)=0.50<0.5,-1,0.0,0.0,
SOL/USDT,694,2026-04-07 20:00:00,short,0.58915,100.0,30.0,81.93,0.846429,med_med_flat,False,True,False,True,False,0.0,0.634393069491326,29.648666937962105,1.0,0.0,0.0,0.75,0.5,69.16932891879071,3.0857015662954375,0.4481394659690414,-1,0.0,G5_RSI_ACCEL,rsi_accel=0.4481>0.08 (RSI recovering),-1,0.0,0.0,
SOL/USDT,695,2026-04-07 21:00:00,short,0.58256,90.37,30.0,82.91,0.909286,high_med_up,False,False,False,False,False,0.0,0.0,50.0,0.0,0.0,0.0,0.0,0.0,50.0,0.0,0.0,-1,0.0,G2_EDGE,reg.sell_ok=False regime='high_med_up',-1,0.0,0.0,
SOL/USDT,696,2026-04-07 22:00:00,short,0.56104,100.0,0.0,85.24,1.037143,high_high_up,,,True,False,False,0.0,0.0,50.0,0.0,0.0,0.0,0.0,0.0,50.0,0.0,0.0,-1,0.0,G1_REGIME,regime='high_high_up' skipped=True reg_empty=False,-1,0.0,0.0,
SOL/USDT,697,2026-04-07 23:00:00,short,0.55431,100.0,0.0,85.56,1.142143,high_high_up,,,True,False,False,0.0,0.0,50.0,0.0,0.0,0.0,0.0,0.0,50.0,0.0,0.0,-1,0.0,G1_REGIME,regime='high_high_up' skipped=True reg_empty=False,-1,0.0,0.0,
SOL/USDT,698,2026-04-08 00:00:00,short,0.57304,77.66,0.0,84.76,1.170714,high_high_up,,,True,False,False,0.0,0.0,50.0,0.0,0.0,0.0,0.0,0.0,50.0,0.0,0.0,-1,0.0,G1_REGIME,regime='high_high_up' skipped=True reg_empty=False,-1,0.0,0.0,
SOL/USDT,699,2026-04-08 01:00:00,short,0.57422,73.69,0.0,84.69,1.165714,high_high_up,,,True,False,False,0.0,0.0,50.0,0.0,0.0,0.0,0.0,0.0,50.0,0.0,0.0,-1,0.0,G1_REGIME,regime='high_high_up' skipped=True reg_empty=False,-1,0.0,0.0,
SOL/USDT,700,2026-04-08 02:00:00,short,0.57077,73.72,0.0,84.61,1.156429,high_high_up,,,True,False,False,0.0,0.0,50.0,0.0,0.0,0.0,0.0,0.0,50.0,0.0,0.0,-1,0.0,G1_REGIME,regime='high_high_up' skipped=True reg_empty=False,-1,0.0,0.0,
SOL/USDT,701,2026-04-08 03:00:00,short,0.56639,73.82,0.0,84.56,1.149286,high_high_up,,,True,False,False,0.0,0.0,50.0,0.0,0.0,0.0,0.0,0.0,50.0,0.0,0.0,-1,0.0,G1_REGIME,regime='high_high_up' skipped=True reg_empty=False,-1,0.0,0.0,
SOL/USDT,702,2026-04-08 04:00:00,short,0.57132,74.83,0.0,84.49,1.140714,high_high_up,,,True,False,False,0.0,0.0,50.0,0.0,0.0,0.0,0.0,0.0,50.0,0.0,0.0,-1,0.0,G1_REGIME,regime='high_high_up' skipped=True reg_empty=False,-1,0.0,0.0,
SOL/USDT,703,2026-04-08 05:00:00,short,0.60119,75.08,0.0,84.22,1.14,high_high_up,,,True,False,False,0.0,0.0,50.0,0.0,0.0,0.0,0.0,0.0,50.0,0.0,0.0,-1,0.0,G1_REGIME,regime='high_high_up' skipped=True reg_empty=False,-1,0.0,0.0,
SOL/USDT,704,2026-04-08 06:00:00,short,0.58894,74.65,0.0,84.55,1.16,high_high_up,,,True,False,False,0.0,0.0,50.0,0.0,0.0,0.0,0.0,0.0,50.0,0.0,0.0,-1,0.0,G1_REGIME,regime='high_high_up' skipped=True reg_empty=False,-1,0.0,0.0,
SOL/USDT,705,2026-04-08 07:00:00,short,0.58904,75.14,0.0,84.5,1.040714,high_high_up,,,True,False,False,0.0,0.0,50.0,0.0,0.0,0.0,0.0,0.0,50.0,0.0,0.0,-1,0.0,G1_REGIME,regime='high_high_up' skipped=True reg_empty=False,-1,0.0,0.0,
SOL/USDT,706,2026-04-08 08:00:00,short,0.57864,72.91,0.0,84.86,1.021429,high_high_up,,,True,False,False,0.0,0.0,50.0,0.0,0.0,0.0,0.0,0.0,50.0,0.0,0.0,-1,0.0,G1_REGIME,regime='high_high_up' skipped=True reg_empty=False,-1,0.0,0.0,
SOL/USDT,707,2026-04-08 09:00:00,short,0.58831,73.02,30.0,84.66,0.915,high_med_up,False,False,False,False,False,0.0,0.0,50.0,0.0,0.0,0.0,0.0,0.0,50.0,0.0,0.0,-1,0.0,G2_EDGE,reg.sell_ok=False regime='high_med_up',-1,0.0,0.0,
SOL/USDT,708,2026-04-08 10:00:00,short,0.59951,74.91,30.0,84.5,0.881429,high_med_up,False,False,False,False,False,0.0,0.0,50.0,0.0,0.0,0.0,0.0,0.0,50.0,0.0,0.0,-1,0.0,G2_EDGE,reg.sell_ok=False regime='high_med_up',-1,0.0,0.0,
SOL/USDT,709,2026-04-08 11:00:00,short,0.60846,78.87,30.0,84.45,0.835,high_med_up,False,False,False,False,False,0.0,0.0,50.0,0.0,0.0,0.0,0.0,0.0,50.0,0.0,0.0,-1,0.0,G2_EDGE,reg.sell_ok=False regime='high_med_up',-1,0.0,0.0,
SOL/USDT,710,2026-04-08 12:00:00,short,0.61222,77.59,30.0,84.54,0.711429,high_med_up,False,False,False,False,False,0.0,0.0,50.0,0.0,0.0,0.0,0.0,0.0,50.0,0.0,0.0,-1,0.0,G2_EDGE,reg.sell_ok=False regime='high_med_up',-1,0.0,0.0,
SOL/USDT,711,2026-04-08 13:00:00,short,0.60229,73.98,0.0,84.05,0.65,high_low_up,,,True,False,False,0.0,0.0,50.0,0.0,0.0,0.0,0.0,0.0,50.0,0.0,0.0,-1,0.0,G1_REGIME,regime='high_low_up' skipped=True reg_empty=False,-1,0.0,0.0,
SOL/USDT,712,2026-04-08 14:00:00,short,0.60709,77.87,30.0,82.9,0.650714,high_med_up,False,False,False,False,False,0.0,0.0,50.0,0.0,0.0,0.0,0.0,0.0,50.0,0.0,0.0,-1,0.0,G2_EDGE,reg.sell_ok=False regime='high_med_up',-1,0.0,0.0,
SOL/USDT,713,2026-04-08 15:00:00,short,0.60887,82.76,30.0,83.34,0.66,high_med_up,False,False,False,False,False,0.0,0.0,50.0,0.0,0.0,0.0,0.0,0.0,50.0,0.0,0.0,-1,0.0,G2_EDGE,reg.sell_ok=False regime='high_med_up',-1,0.0,0.0,
SOL/USDT,714,2026-04-08 16:00:00,short,0.60543,80.04,30.0,83.48,0.658571,high_med_up,False,False,False,False,False,0.0,0.0,50.0,0.0,0.0,0.0,0.0,0.0,50.0,0.0,0.0,-1,0.0,G2_EDGE,reg.sell_ok=False regime='high_med_up',-1,0.0,0.0,
SOL/USDT,715,2026-04-08 17:00:00,short,0.61075,80.23,30.0,83.97,0.699286,high_med_up,False,False,False,False,False,0.0,0.0,50.0,0.0,0.0,0.0,0.0,0.0,50.0,0.0,0.0,-1,0.0,G2_EDGE,reg.sell_ok=False regime='high_med_up',-1,0.0,0.0,
SOL/USDT,716,2026-04-08 18:00:00,short,0.60927,84.89,30.0,82.93,0.747143,high_med_up,False,False,False,False,False,0.0,0.0,50.0,0.0,0.0,0.0,0.0,0.0,50.0,0.0,0.0,-1,0.0,G2_EDGE,reg.sell_ok=False regime='high_med_up',-1,0.0,0.0,
SOL/USDT,717,2026-04-08 19:00:00,short,0.60526,80.38,30.0,83.19,0.737857,high_med_up,False,False,False,False,False,0.0,0.0,50.0,0.0,0.0,0.0,0.0,0.0,50.0,0.0,0.0,-1,0.0,G2_EDGE,reg.sell_ok=False regime='high_med_up',-1,0.0,0.0,
SOL/USDT,718,2026-04-08 20:00:00,short,0.60406,79.14,30.0,83.28,0.705,high_med_up,False,False,False,False,False,0.0,0.0,50.0,0.0,0.0,0.0,0.0,0.0,50.0,0.0,0.0,-1,0.0,G2_EDGE,reg.sell_ok=False regime='high_med_up',-1,0.0,0.0,
SOL/USDT,719,2026-04-08 21:00:00,short,0.59297,78.53,50.0,83.4,0.7,high_med_flat,False,False,False,False,False,0.0,0.0,50.0,0.0,0.0,0.0,0.0,0.0,50.0,0.0,0.0,-1,0.0,G2_EDGE,reg.sell_ok=False regime='high_med_flat',-1,0.0,0.0,
SOL/USDT,720,2026-04-08 22:00:00,short,0.6092,64.04,0.0,82.63,0.727857,high_med_down,,,True,False,False,0.0,0.0,50.0,0.0,0.0,0.0,0.0,0.0,50.0,0.0,0.0,-1,0.0,G1_REGIME,regime='high_med_down' skipped=True reg_empty=False,-1,0.0,0.0,
SOL/USDT,721,2026-04-08 23:00:00,short,0.62852,80.04,70.0,82.57,0.751429,med_med_down,False,True,False,False,True,0.0,-0.5517997816529499,49.492375523113026,0.0,0.0,0.0,0.75,0.5,30.467289639898624,-1.5803445529580424,0.7346290895700027,-1,0.0,G5_RSI_ACCEL,rsi_accel=0.7346>0.08 (RSI recovering),-1,0.0,0.0,
SOL/USDT,722,2026-04-09 00:00:00,short,0.68836,71.72,70.0,82.21,0.771429,med_med_down,False,True,False,False,True,0.0,-0.6338761692054836,46.92757550688105,-1.0,0.0,0.0,0.75,1.0,29.369369295284415,-0.790357216614717,0.7899873363433254,-1,0.0,G5_RSI_ACCEL,rsi_accel=0.7900>0.08 (RSI recovering),-1,0.0,0.0,
SOL/USDT,723,2026-04-09 01:00:00,short,0.6624,72.86,70.0,82.22,0.766429,med_med_down,False,True,False,False,True,0.0,-0.4975707336071695,42.001214043024724,0.0,0.0,0.0,0.75,1.0,29.76406526012758,-0.009392849874815116,0.7809643667399019,-1,0.0,G5_RSI_ACCEL,rsi_accel=0.7810>0.08 (RSI recovering),-1,0.0,0.0,
SOL/USDT,724,2026-04-09 02:00:00,short,0.66132,65.5,70.0,82.12,0.750714,med_med_down,False,True,False,False,False,0.0,0.0,50.0,0.0,0.0,0.0,0.0,0.0,50.0,0.0,0.0,-1,0.0,G2_EDGE,edge=65.5 < thr=70.0,-1,0.0,0.0,
SOL/USDT,725,2026-04-09 03:00:00,short,0.66127,76.86,70.0,82.03,0.697143,med_med_down,False,True,False,False,True,0.0,-0.5857400643274749,52.92347710276096,0.0,0.0,0.0,0.25,0.5,50.0,0.0,0.0,-1,0.0,G4_5_MTF,prior(bullish)=0.25<0.6 OR rev(bearish)=0.50<0.5,-1,0.0,0.0,
SOL/USDT,726,2026-04-09 04:00:00,short,0.67833,75.99,30.0,81.84,0.594286,med_low_down,False,False,False,False,False,0.0,0.0,50.0,0.0,0.0,0.0,0.0,0.0,50.0,0.0,0.0,-1,0.0,G2_EDGE,reg.sell_ok=False regime='med_low_down',-1,0.0,0.0,
SOL/USDT,727,2026-04-09 05:00:00,short,0.67147,74.42,30.0,82.17,0.589286,med_low_down,False,False,False,False,False,0.0,0.0,50.0,0.0,0.0,0.0,0.0,0.0,50.0,0.0,0.0,-1,0.0,G2_EDGE,reg.sell_ok=False regime='med_low_down',-1,0.0,0.0,
SOL/USDT,728,2026-04-09 06:00:00,short,0.65955,72.82,30.0,82.18,0.587143,med_low_down,False,False,False,False,False,0.0,0.0,50.0,0.0,0.0,0.0,0.0,0.0,50.0,0.0,0.0,-1,0.0,G2_EDGE,reg.sell_ok=False regime='med_low_down',-1,0.0,0.0,
SOL/USDT,729,2026-04-09 07:00:00,short,0.6549,62.19,30.0,82.29,0.545714,med_low_down,False,False,False,False,False,0.0,0.0,50.0,0.0,0.0,0.0,0.0,0.0,50.0,0.0,0.0,-1,0.0,G2_EDGE,reg.sell_ok=False regime='med_low_down',-1,0.0,0.0,
SOL/USDT,730,2026-04-09 08:00:00,short,0.65258,71.75,30.0,82.48,0.494286,med_low_down,False,False,False,False,False,0.0,0.0,50.0,0.0,0.0,0.0,0.0,0.0,50.0,0.0,0.0,-1,0.0,G2_EDGE,reg.sell_ok=False regime='med_low_down',-1,0.0,0.0,
SOL/USDT,731,2026-04-09 09:00:00,short,0.64843,72.48,30.0,82.61,0.502143,med_low_down,False,False,False,False,False,0.0,0.0,50.0,0.0,0.0,0.0,0.0,0.0,50.0,0.0,0.0,-1,0.0,G2_EDGE,reg.sell_ok=False regime='med_low_down',-1,0.0,0.0,
SOL/USDT,732,2026-04-09 10:00:00,short,0.64017,70.49,30.0,82.58,0.497143,med_low_down,False,False,False,False,False,0.0,0.0,50.0,0.0,0.0,0.0,0.0,0.0,50.0,0.0,0.0,-1,0.0,G2_EDGE,reg.sell_ok=False regime='med_low_down',-1,0.0,0.0,
SOL/USDT,733,2026-04-09 11:00:00,short,0.67229,65.88,30.0,82.18,0.515,med_low_down,False,False,False,False,False,0.0,0.0,50.0,0.0,0.0,0.0,0.0,0.0,50.0,0.0,0.0,-1,0.0,G2_EDGE,reg.sell_ok=False regime='med_low_down',-1,0.0,0.0,
SOL/USDT,734,2026-04-09 12:00:00,short,0.65876,74.09,30.0,82.28,0.487143,med_low_down,False,False,False,False,False,0.0,0.0,50.0,0.0,0.0,0.0,0.0,0.0,50.0,0.0,0.0,-1,0.0,G2_EDGE,reg.sell_ok=False regime='med_low_down',-1,0.0,0.0,
SOL/USDT,735,2026-04-09 13:00:00,short,0.68247,78.58,30.0,81.87,0.492143,low_low_down,False,True,False,False,True,0.0,-0.5236997397742925,75.17918173277624,0.0,0.0,0.0,0.75,0.5,35.77235751999483,0.5992152568726907,-0.024197259525685633,49,0.006011,TRADE,edge=78.6 meta_conf=0.6825,737,83.026536,-1.1565,LOSS
SOL/USDT,738,2026-04-09 16:00:00,short,0.60555,100.0,30.0,83.68,0.681429,low_med_flat,False,True,False,True,False,0.0,0.5173517159274417,38.34576325500582,0.0,0.0,0.0,0.25,0.0,50.0,0.0,0.0,-1,0.0,G4_5_MTF,prior(bullish)=0.25<0.6 OR rev(bearish)=0.00<0.5,-1,0.0,0.0,
SOL/USDT,739,2026-04-09 17:00:00,short,0.60525,100.0,30.0,84.65,0.732857,low_med_flat,False,True,False,True,False,0.0,0.6949517766930081,32.94524740989013,1.0,0.0,0.0,0.5,0.5,50.0,0.0,0.0,-1,0.0,G4_5_MTF,prior(bullish)=0.50<0.6 OR rev(bearish)=0.50<0.5,-1,0.0,0.0,
SOL/USDT,740,2026-04-09 18:00:00,short,0.61392,92.07,30.0,83.83,0.807143,med_med_up,False,True,False,True,False,0.0,0.5368086305970606,33.84421793824713,0.0,0.0,0.0,0.75,0.5,68.25688055860621,3.426784119833712,0.4524694712178352,-1,0.0,G5_RSI_ACCEL,rsi_accel=0.4525>0.08 (RSI recovering),-1,0.0,0.0,
SOL/USDT,741,2026-04-09 19:00:00,short,0.60376,89.33,30.0,84.17,0.829286,med_med_up,False,True,False,True,False,0.0,0.5949389979041247,34.95585859026138,0.0,0.0,0.0,0.5,0.5,50.0,0.0,0.0,-1,0.0,G4_5_MTF,prior(bullish)=0.50<0.6 OR rev(bearish)=0.50<0.5,-1,0.0,0.0,
SOL/USDT,742,2026-04-09 20:00:00,short,0.60252,83.44,30.0,84.27,0.823571,med_med_up,False,True,False,True,False,0.0,0.6554861522905795,36.019967313015954,0.0,0.0,0.0,0.75,0.5,68.82882865520656,3.7504120937570797,0.06192694103784424,5,0.009773,TRADE,edge=83.4 meta_conf=0.6025,789,86.205393,-1.9354,LOSS
SOL/USDT,790,2026-04-11 20:00:00,short,0.57647,86.75,80.0,85.4,0.600714,low_low_flat,False,True,False,True,False,0.0,0.5194273913732425,36.200618833062975,0.0,0.0,0.0,0.75,0.0,50.0,0.0,0.0,-1,0.0,G4_5_MTF,prior(bullish)=0.75<0.6 OR rev(bearish)=0.00<0.5,-1,0.0,0.0,
SOL/USDT,791,2026-04-11 21:00:00,short,0.58229,81.48,80.0,85.34,0.605,low_low_flat,False,True,False,True,False,0.0,0.46981576785243906,37.26890161611721,0.0,0.0,0.0,0.75,0.5,62.80193215477606,3.8445576427816306,0.2615229278656197,-1,0.0,G5_RSI_ACCEL,rsi_accel=0.2615>0.08 (RSI recovering),-1,0.0,0.0,
SOL/USDT,792,2026-04-11 22:00:00,short,0.58067,91.75,30.0,85.28,0.667857,low_med_flat,False,True,False,True,False,0.0,0.5037006303781876,38.81294351807632,0.0,0.0,0.0,0.75,1.0,63.56968193399124,3.6307531488938074,-0.2138044938878232,3,0.007831,TRADE,edge=91.8 meta_conf=0.5807,795,82.141071,3.1389,WIN
SOL/USDT,796,2026-04-12 02:00:00,short,0.69092,87.77,52.0,82.67,0.879286,low_med_down,False,True,False,False,True,0.0,-0.5749476607987067,23.627902339863617,0.0,0.0,0.0,0.0,1.0,50.0,0.0,0.0,-1,0.0,G4_5_MTF,prior(bullish)=0.00<0.6 OR rev(bearish)=1.00<0.5,-1,0.0,0.0,
SOL/USDT,797,2026-04-12 03:00:00,short,0.70039,82.12,52.0,82.33,0.878571,low_med_down,False,True,False,False,True,0.0,-0.6823210854512753,25.6600461742683,0.0,0.0,0.0,0.0,0.5,50.0,0.0,0.0,-1,0.0,G4_5_MTF,prior(bullish)=0.00<0.6 OR rev(bearish)=0.50<0.5,-1,0.0,0.0,
SOL/USDT,798,2026-04-12 04:00:00,short,0.6849,79.7,52.0,82.21,0.872143,low_med_down,False,True,False,False,True,0.0,-0.7138505710950865,27.541396309661476,0.0,0.0,0.0,0.0,0.5,50.0,0.0,0.0,-1,0.0,G4_5_MTF,prior(bullish)=0.00<0.6 OR rev(bearish)=0.50<0.5,-1,0.0,0.0,
SOL/USDT,799,2026-04-12 05:00:00,short,0.68422,78.99,52.0,82.4,0.855,low_med_down,False,True,False,False,True,0.0,-0.5988246551938216,29.175288574337095,0.0,0.0,0.0,0.25,1.0,50.0,0.0,0.0,-1,0.0,G4_5_MTF,prior(bullish)=0.25<0.6 OR rev(bearish)=1.00<0.5,-1,0.0,0.0,
SOL/USDT,800,2026-04-12 06:00:00,short,0.70615,69.19,52.0,82.27,0.819286,low_med_down,False,True,False,False,False,0.0,0.0,50.0,0.0,0.0,0.0,0.0,0.0,50.0,0.0,0.0,-1,0.0,G3_MIN_QUALITY,edge=69.2 < MIN_QUALITY_SCORE=70.0,-1,0.0,0.0,
SOL/USDT,801,2026-04-12 07:00:00,short,0.70687,66.89,52.0,82.27,0.811429,low_med_down,False,True,False,False,False,0.0,0.0,50.0,0.0,0.0,0.0,0.0,0.0,50.0,0.0,0.0,-1,0.0,G3_MIN_QUALITY,edge=66.9 < MIN_QUALITY_SCORE=70.0,-1,0.0,0.0,
SOL/USDT,802,2026-04-12 08:00:00,short,0.70391,66.64,52.0,82.29,0.74,low_med_down,False,True,False,False,False,0.0,0.0,50.0,0.0,0.0,0.0,0.0,0.0,50.0,0.0,0.0,-1,0.0,G3_MIN_QUALITY,edge=66.6 < MIN_QUALITY_SCORE=70.0,-1,0.0,0.0,
SOL/USDT,803,2026-04-12 09:00:00,short,0.70062,68.29,52.0,82.21,0.7,low_med_down,False,True,False,False,False,0.0,0.0,50.0,0.0,0.0,0.0,0.0,0.0,50.0,0.0,0.0,-1,0.0,G3_MIN_QUALITY,edge=68.3 < MIN_QUALITY_SCORE=70.0,-1,0.0,0.0,
SOL/USDT,804,2026-04-12 10:00:00,short,0.69643,67.75,52.0,82.04,0.660714,low_med_down,False,True,False,False,False,0.0,0.0,50.0,0.0,0.0,0.0,0.0,0.0,50.0,0.0,0.0,-1,0.0,G3_MIN_QUALITY,edge=67.7 < MIN_QUALITY_SCORE=70.0,-1,0.0,0.0,
SOL/USDT,805,2026-04-12 11:00:00,short,0.71398,70.39,52.0,82.22,0.667857,low_med_down,False,True,False,False,True,0.0,-0.516830885627996,34.151163251118206,0.0,0.0,0.0,0.5,1.0,50.0,0.0,0.0,-1,0.0,G4_5_MTF,prior(bullish)=0.50<0.6 OR rev(bearish)=1.00<0.5,-1,0.0,0.0,
SOL/USDT,806,2026-04-12 12:00:00,short,0.70175,73.23,30.0,82.02,0.635,low_low_down,False,True,False,False,True,0.0,-0.634211270447464,42.928258857537095,0.0,0.0,0.0,0.25,0.5,50.0,0.0,0.0,-1,0.0,G4_5_MTF,prior(bullish)=0.25<0.6 OR rev(bearish)=0.50<0.5,-1,0.0,0.0,
SOL/USDT,807,2026-04-12 13:00:00,short,0.69179,71.56,30.0,81.89,0.613571,low_low_down,False,True,False,False,True,0.0,-0.6391132992796341,45.0964948272355,0.0,0.0,0.0,0.25,0.5,50.0,0.0,0.0,-1,0.0,G4_5_MTF,prior(bullish)=0.25<0.6 OR rev(bearish)=0.50<0.5,-1,0.0,0.0,
SOL/USDT,808,2026-04-12 14:00:00,short,0.69036,77.36,70.0,81.56,0.65,med_med_down,False,True,False,False,True,0.0,-0.6972437185978837,40.033501185197224,-1.0,0.0,0.0,0.5,1.0,50.0,0.0,0.0,-1,0.0,G4_5_MTF,prior(bullish)=0.50<0.6 OR rev(bearish)=1.00<0.5,-1,0.0,0.0,
SOL/USDT,809,2026-04-12 15:00:00,short,0.68594,77.5,30.0,81.59,0.479286,low_low_down,False,True,False,False,True,0.0,-0.5365739575999907,66.80975983368151,0.0,0.0,0.0,0.25,1.0,50.0,0.0,0.0,-1,0.0,G4_5_MTF,prior(bullish)=0.25<0.6 OR rev(bearish)=1.00<0.5,-1,0.0,0.0,
SOL/USDT,810,2026-04-12 16:00:00,short,0.66611,72.61,30.0,81.88,0.419286,low_low_down,False,True,False,False,True,0.0,-0.47443232869097457,70.62713887393753,0.0,0.0,0.0,0.25,0.5,50.0,0.0,0.0,-1,0.0,G4_5_MTF,prior(bullish)=0.25<0.6 OR rev(bearish)=0.50<0.5,-1,0.0,0.0,
SOL/USDT,811,2026-04-12 17:00:00,short,0.67013,72.85,30.0,82.18,0.425,low_low_down,False,True,False,False,True,0.0,-0.3681727493290794,75.04881769200297,0.0,0.0,0.0,0.25,0.0,50.0,0.0,0.0,-1,0.0,G4_5_MTF,prior(bullish)=0.25<0.6 OR rev(bearish)=0.00<0.5,-1,0.0,0.0,
SOL/USDT,812,2026-04-12 18:00:00,short,0.66926,72.68,30.0,82.13,0.422857,low_low_down,False,True,False,False,True,0.0,-0.41207426959229987,73.18252528558352,0.0,0.0,0.0,0.25,0.0,50.0,0.0,0.0,-1,0.0,G4_5_MTF,prior(bullish)=0.25<0.6 OR rev(bearish)=0.00<0.5,-1,0.0,0.0,
SOL/USDT,813,2026-04-12 19:00:00,short,0.65746,71.94,30.0,81.99,0.420714,low_low_down,False,True,False,False,True,0.0,-0.477971348964542,71.28673467319432,0.0,0.0,0.0,0.5,0.5,50.0,0.0,0.0,-1,0.0,G4_5_MTF,prior(bullish)=0.50<0.6 OR rev(bearish)=0.50<0.5,-1,0.0,0.0,
SOL/USDT,814,2026-04-12 20:00:00,short,0.66703,81.79,30.0,82.67,0.466429,low_low_down,False,True,False,False,False,0.0,-0.02685852795262591,61.27672406065393,0.0,0.0,0.0,0.75,1.0,57.69230738165685,2.8291923449585967,0.9667754140111022,-1,0.0,G5_RSI_ACCEL,rsi_accel=0.9668>0.08 (RSI recovering),-1,0.0,0.0,
SOL/USDT,815,2026-04-12 21:00:00,short,0.66874,78.64,30.0,82.8,0.482143,low_low_down,False,True,False,False,False,0.0,0.1812997587458438,59.7065215479107,0.0,0.0,0.0,0.75,0.5,59.70695940077013,3.751823321543111,0.9226309765845144,-1,0.0,G5_RSI_ACCEL,rsi_accel=0.9226>0.08 (RSI recovering),-1,0.0,0.0,
SOL/USDT,816,2026-04-12 22:00:00,short,0.67226,95.69,30.0,81.98,0.574286,low_low_down,False,True,False,False,True,0.0,-0.3653434080859205,58.89099676604145,0.0,0.0,0.0,0.5,0.0,50.0,0.0,0.0,-1,0.0,G4_5_MTF,prior(bullish)=0.50<0.6 OR rev(bearish)=0.00<0.5,-1,0.0,0.0,
SOL/USDT,817,2026-04-12 23:00:00,short,0.66899,77.08,30.0,81.53,0.605,low_low_down,False,True,False,False,True,0.0,-0.5152502829198767,58.41543701456846,0.0,0.0,0.0,0.5,0.5,50.0,0.0,0.0,-1,0.0,G4_5_MTF,prior(bullish)=0.50<0.6 OR rev(bearish)=0.50<0.5,-1,0.0,0.0,
SOL/USDT,818,2026-04-13 00:00:00,short,0.653,75.84,30.0,82.15,0.634286,low_low_down,False,True,False,False,True,0.0,-0.26498242377803083,58.28207033494223,0.0,0.0,0.0,0.5,1.0,50.0,0.0,0.0,-1,0.0,G4_5_MTF,prior(bullish)=0.50<0.6 OR rev(bearish)=1.00<0.5,-1,0.0,0.0,
SOL/USDT,819,2026-04-13 01:00:00,short,0.63782,70.15,80.0,82.33,0.63,low_low_flat,False,True,False,False,False,0.0,0.0,50.0,0.0,0.0,0.0,0.0,0.0,50.0,0.0,0.0,-1,0.0,G2_EDGE,edge=70.1 < thr=80.0,-1,0.0,0.0,
SOL/USDT,820,2026-04-13 02:00:00,short,0.64523,83.8,80.0,81.94,0.620714,low_low_flat,False,True,False,True,True,0.0,-0.3969001801155701,58.01755678399002,0.0,0.0,0.0,0.5,0.0,50.0,0.0,0.0,-1,0.0,G4_5_MTF,prior(bullish)=0.50<0.6 OR rev(bearish)=0.00<0.5,-1,0.0,0.0,
SOL/USDT,821,2026-04-13 03:00:00,short,0.63955,61.23,80.0,81.91,0.612143,low_low_flat,False,True,False,False,False,0.0,0.0,50.0,0.0,0.0,0.0,0.0,0.0,50.0,0.0,0.0,-1,0.0,G2_EDGE,edge=61.2 < thr=80.0,-1,0.0,0.0,
SOL/USDT,822,2026-04-13 04:00:00,short,0.62759,59.07,80.0,81.9,0.582857,low_low_flat,False,True,False,False,False,0.0,0.0,50.0,0.0,0.0,0.0,0.0,0.0,50.0,0.0,0.0,-1,0.0,G2_EDGE,edge=59.1 < thr=80.0,-1,0.0,0.0,
SOL/USDT,823,2026-04-13 05:00:00,short,0.61835,61.14,80.0,81.85,0.575714,low_low_flat,False,True,False,False,False,0.0,0.0,50.0,0.0,0.0,0.0,0.0,0.0,50.0,0.0,0.0,-1,0.0,G2_EDGE,edge=61.1 < thr=80.0,-1,0.0,0.0,
SOL/USDT,824,2026-04-13 06:00:00,short,0.63284,61.4,80.0,82.36,0.607143,low_low_flat,False,True,False,False,False,0.0,0.0,50.0,0.0,0.0,0.0,0.0,0.0,50.0,0.0,0.0,-1,0.0,G2_EDGE,edge=61.4 < thr=80.0,-1,0.0,0.0,
SOL/USDT,825,2026-04-13 07:00:00,short,0.61589,60.87,80.0,82.17,0.607143,low_low_flat,False,True,False,False,False,0.0,0.0,50.0,0.0,0.0,0.0,0.0,0.0,50.0,0.0,0.0,-1,0.0,G2_EDGE,edge=60.9 < thr=80.0,-1,0.0,0.0,
SOL/USDT,826,2026-04-13 08:00:00,short,0.62122,69.76,80.0,81.86,0.628571,low_low_flat,False,True,False,False,False,0.0,0.0,50.0,0.0,0.0,0.0,0.0,0.0,50.0,0.0,0.0,-1,0.0,G2_EDGE,edge=69.8 < thr=80.0,-1,0.0,0.0,
SOL/USDT,827,2026-04-13 09:00:00,short,0.6236,69.79,80.0,81.86,0.632857,low_low_flat,False,True,False,False,False,0.0,0.0,50.0,0.0,0.0,0.0,0.0,0.0,50.0,0.0,0.0,-1,0.0,G2_EDGE,edge=69.8 < thr=80.0,-1,0.0,0.0,
SOL/USDT,828,2026-04-13 10:00:00,short,0.6305,64.68,80.0,81.73,0.589286,low_low_flat,False,True,False,False,False,0.0,0.0,50.0,0.0,0.0,0.0,0.0,0.0,50.0,0.0,0.0,-1,0.0,G2_EDGE,edge=64.7 < thr=80.0,-1,0.0,0.0,
SOL/USDT,829,2026-04-13 11:00:00,short,0.62127,62.81,80.0,81.86,0.583571,low_low_flat,False,True,False,False,False,0.0,0.0,50.0,0.0,0.0,0.0,0.0,0.0,50.0,0.0,0.0,-1,0.0,G2_EDGE,edge=62.8 < thr=80.0,-1,0.0,0.0,
SOL/USDT,830,2026-04-13 12:00:00,short,0.6107,73.74,80.0,82.54,0.549286,low_low_flat,False,True,False,False,False,0.0,0.0,50.0,0.0,0.0,0.0,0.0,0.0,50.0,0.0,0.0,-1,0.0,G2_EDGE,edge=73.7 < thr=80.0,-1,0.0,0.0,
SOL/USDT,831,2026-04-13 13:00:00,short,0.62889,85.09,76.0,83.6,0.597143,low_low_up,False,True,False,True,False,0.0,0.6633468131856787,49.808358536421075,1.0,0.0,0.0,0.0,0.0,50.0,0.0,0.0,-1,0.0,G4_5_MTF,prior(bullish)=0.00<0.6 OR rev(bearish)=0.00<0.5,-1,0.0,0.0,
SOL/USDT,832,2026-04-13 14:00:00,short,0.61836,84.44,76.0,83.77,0.613571,low_low_up,False,True,False,True,False,0.0,0.7037695008316099,49.7153633366197,1.0,0.0,0.0,0.0,0.0,50.0,0.0,0.0,-1,0.0,G3_5_ADX,adx=18.6 < 25 (weak trend),-1,0.0,0.0,
SOL/USDT,833,2026-04-13 15:00:00,short,0.67599,75.44,50.0,82.65,0.691429,low_med_up,False,False,False,False,False,0.0,0.0,50.0,0.0,0.0,0.0,0.0,0.0,50.0,0.0,0.0,-1,0.0,G2_EDGE,reg.sell_ok=False regime='low_med_up',-1,0.0,0.0,
SOL/USDT,834,2026-04-13 16:00:00,short,0.65559,71.88,50.0,83.35,0.743571,low_med_up,False,False,False,False,False,0.0,0.0,50.0,0.0,0.0,0.0,0.0,0.0,50.0,0.0,0.0,-1,0.0,G2_EDGE,reg.sell_ok=False regime='low_med_up',-1,0.0,0.0,
SOL/USDT,835,2026-04-13 17:00:00,short,0.66356,87.87,50.0,83.05,0.778571,low_med_up,False,False,False,False,False,0.0,0.0,50.0,0.0,0.0,0.0,0.0,0.0,50.0,0.0,0.0,-1,0.0,G2_EDGE,reg.sell_ok=False regime='low_med_up',-1,0.0,0.0,
SOL/USDT,836,2026-04-13 18:00:00,short,0.64936,86.17,50.0,83.22,0.799286,low_med_up,False,False,False,False,False,0.0,0.0,50.0,0.0,0.0,0.0,0.0,0.0,50.0,0.0,0.0,-1,0.0,G2_EDGE,reg.sell_ok=False regime='low_med_up',-1,0.0,0.0,
SOL/USDT,837,2026-04-13 19:00:00,short,0.60657,100.0,50.0,84.09,0.849286,low_med_up,False,False,False,False,False,0.0,0.0,50.0,0.0,0.0,0.0,0.0,0.0,50.0,0.0,0.0,-1,0.0,G2_EDGE,reg.sell_ok=False regime='low_med_up',-1,0.0,0.0,
SOL/USDT,838,2026-04-13 20:00:00,short,0.62724,91.11,50.0,83.93,0.832143,low_med_up,False,False,False,False,False,0.0,0.0,50.0,0.0,0.0,0.0,0.0,0.0,50.0,0.0,0.0,-1,0.0,G2_EDGE,reg.sell_ok=False regime='low_med_up',-1,0.0,0.0,
SOL/USDT,839,2026-04-13 21:00:00,short,0.62215,83.54,30.0,83.95,0.815,med_med_up,False,True,False,True,False,0.0,0.6604009240109117,48.19380432963021,0.0,0.0,0.0,0.5,0.5,50.0,0.0,0.0,-1,0.0,G4_5_MTF,prior(bullish)=0.50<0.6 OR rev(bearish)=0.50<0.5,-1,0.0,0.0,
SOL/USDT,840,2026-04-13 22:00:00,short,0.55657,100.0,30.0,86.22,0.954286,med_med_up,False,True,False,True,False,0.0,0.7637275315153134,27.686511711600076,1.0,0.0,0.0,0.75,0.5,78.02056541230246,1.9879417341939623,0.22018300342423736,-1,0.0,G5_RSI_ACCEL,rsi_accel=0.2202>0.08 (RSI recovering),-1,0.0,0.0,
SOL/USDT,841,2026-04-13 23:00:00,short,0.5628,100.0,30.0,86.51,0.985714,med_high_up,False,False,False,False,False,0.0,0.0,50.0,0.0,0.0,0.0,0.0,0.0,50.0,0.0,0.0,-1,0.0,G2_EDGE,reg.sell_ok=False regime='med_high_up',-1,0.0,0.0,
SOL/USDT,842,2026-04-14 00:00:00,short,0.56788,100.0,30.0,85.91,1.060714,med_high_up,False,False,False,False,False,0.0,0.0,50.0,0.0,0.0,0.0,0.0,0.0,50.0,0.0,0.0,-1,0.0,G2_EDGE,reg.sell_ok=False regime='med_high_up',-1,0.0,0.0,
SOL/USDT,843,2026-04-14 01:00:00,short,0.55824,83.39,30.0,85.95,1.067143,med_high_up,False,False,False,False,False,0.0,0.0,50.0,0.0,0.0,0.0,0.0,0.0,50.0,0.0,0.0,-1,0.0,G2_EDGE,reg.sell_ok=False regime='med_high_up',-1,0.0,0.0,
SOL/USDT,844,2026-04-14 02:00:00,short,0.56526,84.75,0.0,86.22,1.04,high_high_up,,,True,False,False,0.0,0.0,50.0,0.0,0.0,0.0,0.0,0.0,50.0,0.0,0.0,-1,0.0,G1_REGIME,regime='high_high_up' skipped=True reg_empty=False,-1,0.0,0.0,
SOL/USDT,845,2026-04-14 03:00:00,short,0.56205,81.65,30.0,86.05,0.962143,high_med_up,False,False,False,False,False,0.0,0.0,50.0,0.0,0.0,0.0,0.0,0.0,50.0,0.0,0.0,-1,0.0,G2_EDGE,reg.sell_ok=False regime='high_med_up',-1,0.0,0.0,
SOL/USDT,846,2026-04-14 04:00:00,short,0.56713,82.96,30.0,85.89,0.922857,high_med_up,False,False,False,False,False,0.0,0.0,50.0,0.0,0.0,0.0,0.0,0.0,50.0,0.0,0.0,-1,0.0,G2_EDGE,reg.sell_ok=False regime='high_med_up',-1,0.0,0.0,
SOL/USDT,847,2026-04-14 05:00:00,short,0.58591,72.37,30.0,85.5,0.852857,high_med_up,False,False,False,False,False,0.0,0.0,50.0,0.0,0.0,0.0,0.0,0.0,50.0,0.0,0.0,-1,0.0,G2_EDGE,reg.sell_ok=False regime='high_med_up',-1,0.0,0.0,
SOL/USDT,848,2026-04-14 06:00:00,short,0.565,81.46,30.0,85.94,0.803571,high_med_up,False,False,False,False,False,0.0,0.0,50.0,0.0,0.0,0.0,0.0,0.0,50.0,0.0,0.0,-1,0.0,G2_EDGE,reg.sell_ok=False regime='high_med_up',-1,0.0,0.0,
SOL/USDT,849,2026-04-14 07:00:00,short,0.56614,84.88,30.0,85.88,0.773571,high_med_up,False,False,False,False,False,0.0,0.0,50.0,0.0,0.0,0.0,0.0,0.0,50.0,0.0,0.0,-1,0.0,G2_EDGE,reg.sell_ok=False regime='high_med_up',-1,0.0,0.0,
SOL/USDT,850,2026-04-14 08:00:00,short,0.56955,82.05,30.0,86.12,0.771429,high_med_up,False,False,False,False,False,0.0,0.0,50.0,0.0,0.0,0.0,0.0,0.0,50.0,0.0,0.0,-1,0.0,G2_EDGE,reg.sell_ok=False regime='high_med_up',-1,0.0,0.0,
SOL/USDT,851,2026-04-14 09:00:00,short,0.5693,81.97,30.0,86.08,0.71,high_med_up,False,False,False,False,False,0.0,0.0,50.0,0.0,0.0,0.0,0.0,0.0,50.0,0.0,0.0,-1,0.0,G2_EDGE,reg.sell_ok=False regime='high_med_up',-1,0.0,0.0,
SOL/USDT,852,2026-04-14 10:00:00,short,0.5738,84.38,30.0,86.01,0.710714,high_med_up,False,False,False,False,False,0.0,0.0,50.0,0.0,0.0,0.0,0.0,0.0,50.0,0.0,0.0,-1,0.0,G2_EDGE,reg.sell_ok=False regime='high_med_up',-1,0.0,0.0,
SOL/USDT,853,2026-04-14 11:00:00,short,0.60166,90.01,30.0,85.78,0.725,high_med_up,False,False,False,False,False,0.0,0.0,50.0,0.0,0.0,0.0,0.0,0.0,50.0,0.0,0.0,-1,0.0,G2_EDGE,reg.sell_ok=False regime='high_med_up',-1,0.0,0.0,
SOL/USDT,854,2026-04-14 12:00:00,short,0.58824,85.41,0.0,85.96,0.572857,high_low_up,,,True,False,False,0.0,0.0,50.0,0.0,0.0,0.0,0.0,0.0,50.0,0.0,0.0,-1,0.0,G1_REGIME,regime='high_low_up' skipped=True reg_empty=False,-1,0.0,0.0,
SOL/USDT,855,2026-04-14 13:00:00,short,0.56565,89.15,0.0,87.29,0.615,high_low_up,,,True,False,False,0.0,0.0,50.0,0.0,0.0,0.0,0.0,0.0,50.0,0.0,0.0,-1,0.0,G1_REGIME,regime='high_low_up' skipped=True reg_empty=False,-1,0.0,0.0,
SOL/USDT,856,2026-04-14 14:00:00,short,0.60829,95.59,0.0,86.02,0.635,high_low_up,,,True,False,False,0.0,0.0,50.0,0.0,0.0,0.0,0.0,0.0,50.0,0.0,0.0,-1,0.0,G1_REGIME,regime='high_low_up' skipped=True reg_empty=False,-1,0.0,0.0,
SOL/USDT,857,2026-04-14 15:00:00,short,0.63111,82.79,30.0,85.95,0.679286,high_med_up,False,False,False,False,False,0.0,0.0,50.0,0.0,0.0,0.0,0.0,0.0,50.0,0.0,0.0,-1,0.0,G2_EDGE,reg.sell_ok=False regime='high_med_up',-1,0.0,0.0,
SOL/USDT,858,2026-04-14 16:00:00,short,0.64033,84.63,30.0,85.04,0.737143,high_med_up,False,False,False,False,False,0.0,0.0,50.0,0.0,0.0,0.0,0.0,0.0,50.0,0.0,0.0,-1,0.0,G2_EDGE,reg.sell_ok=False regime='high_med_up',-1,0.0,0.0,
SOL/USDT,859,2026-04-14 17:00:00,short,0.64638,81.1,30.0,85.24,0.77,high_med_up,False,False,False,False,False,0.0,0.0,50.0,0.0,0.0,0.0,0.0,0.0,50.0,0.0,0.0,-1,0.0,G2_EDGE,reg.sell_ok=False regime='high_med_up',-1,0.0,0.0,
SOL/USDT,860,2026-04-14 18:00:00,short,0.66952,88.24,30.0,84.08,0.843571,high_med_up,False,False,False,False,False,0.0,0.0,50.0,0.0,0.0,0.0,0.0,0.0,50.0,0.0,0.0,-1,0.0,G2_EDGE,reg.sell_ok=False regime='high_med_up',-1,0.0,0.0,
SOL/USDT,861,2026-04-14 19:00:00,short,0.67372,79.51,50.0,83.95,0.852143,high_med_flat,False,False,False,False,False,0.0,0.0,50.0,0.0,0.0,0.0,0.0,0.0,50.0,0.0,0.0,-1,0.0,G2_EDGE,reg.sell_ok=False regime='high_med_flat',-1,0.0,0.0,
SOL/USDT,862,2026-04-14 20:00:00,short,0.67328,79.33,50.0,83.61,0.862143,high_med_flat,False,False,False,False,False,0.0,0.0,50.0,0.0,0.0,0.0,0.0,0.0,50.0,0.0,0.0,-1,0.0,G2_EDGE,reg.sell_ok=False regime='high_med_flat',-1,0.0,0.0,
SOL/USDT,863,2026-04-14 21:00:00,short,0.68417,75.75,50.0,83.82,0.862143,high_med_flat,False,False,False,False,False,0.0,0.0,50.0,0.0,0.0,0.0,0.0,0.0,50.0,0.0,0.0,-1,0.0,G2_EDGE,reg.sell_ok=False regime='high_med_flat',-1,0.0,0.0,
SOL/USDT,864,2026-04-14 22:00:00,short,0.68144,51.89,0.0,83.51,0.860714,high_med_down,,,True,False,False,0.0,0.0,50.0,0.0,0.0,0.0,0.0,0.0,50.0,0.0,0.0,-1,0.0,G1_REGIME,regime='high_med_down' skipped=True reg_empty=False,-1,0.0,0.0,
SOL/USDT,865,2026-04-14 23:00:00,short,0.68535,57.5,0.0,83.72,0.882857,high_med_down,,,True,False,False,0.0,0.0,50.0,0.0,0.0,0.0,0.0,0.0,50.0,0.0,0.0,-1,0.0,G1_REGIME,regime='high_med_down' skipped=True reg_empty=False,-1,0.0,0.0,
SOL/USDT,866,2026-04-15 00:00:00,short,0.68225,62.06,0.0,83.78,0.880714,high_med_down,,,True,False,False,0.0,0.0,50.0,0.0,0.0,0.0,0.0,0.0,50.0,0.0,0.0,-1,0.0,G1_REGIME,regime='high_med_down' skipped=True reg_empty=False,-1,0.0,0.0,
SOL/USDT,867,2026-04-15 01:00:00,short,0.69969,58.48,0.0,83.91,0.878571,high_med_down,,,True,False,False,0.0,0.0,50.0,0.0,0.0,0.0,0.0,0.0,50.0,0.0,0.0,-1,0.0,G1_REGIME,regime='high_med_down' skipped=True reg_empty=False,-1,0.0,0.0,
SOL/USDT,868,2026-04-15 02:00:00,short,0.70624,60.42,0.0,83.4,0.913571,high_med_down,,,True,False,False,0.0,0.0,50.0,0.0,0.0,0.0,0.0,0.0,50.0,0.0,0.0,-1,0.0,G1_REGIME,regime='high_med_down' skipped=True reg_empty=False,-1,0.0,0.0,
SOL/USDT,869,2026-04-15 03:00:00,short,0.6939,42.65,0.0,83.45,0.823571,high_med_down,,,True,False,False,0.0,0.0,50.0,0.0,0.0,0.0,0.0,0.0,50.0,0.0,0.0,-1,0.0,G1_REGIME,regime='high_med_down' skipped=True reg_empty=False,-1,0.0,0.0,
SOL/USDT,870,2026-04-15 04:00:00,short,0.7098,63.62,70.0,83.61,0.729286,med_med_down,False,True,False,False,False,0.0,0.0,50.0,0.0,0.0,0.0,0.0,0.0,50.0,0.0,0.0,-1,0.0,G2_EDGE,edge=63.6 < thr=70.0,-1,0.0,0.0,
SOL/USDT,871,2026-04-15 05:00:00,short,0.70516,69.63,0.0,83.14,0.712857,high_med_down,,,True,False,False,0.0,0.0,50.0,0.0,0.0,0.0,0.0,0.0,50.0,0.0,0.0,-1,0.0,G1_REGIME,regime='high_med_down' skipped=True reg_empty=False,-1,0.0,0.0,
SOL/USDT,872,2026-04-15 06:00:00,short,0.69728,65.51,0.0,83.01,0.632857,high_low_down,,,True,False,False,0.0,0.0,50.0,0.0,0.0,0.0,0.0,0.0,50.0,0.0,0.0,-1,0.0,G1_REGIME,regime='high_low_down' skipped=True reg_empty=False,-1,0.0,0.0,
SOL/USDT,873,2026-04-15 07:00:00,short,0.68886,68.42,30.0,82.92,0.62,med_low_down,False,False,False,False,False,0.0,0.0,50.0,0.0,0.0,0.0,0.0,0.0,50.0,0.0,0.0,-1,0.0,G2_EDGE,reg.sell_ok=False regime='med_low_down',-1,0.0,0.0,
SOL/USDT,874,2026-04-15 08:00:00,short,0.68712,74.42,30.0,83.14,0.552143,med_low_down,False,False,False,False,False,0.0,0.0,50.0,0.0,0.0,0.0,0.0,0.0,50.0,0.0,0.0,-1,0.0,G2_EDGE,reg.sell_ok=False regime='med_low_down',-1,0.0,0.0,
SOL/USDT,875,2026-04-15 09:00:00,short,0.67572,73.67,30.0,83.16,0.535,med_low_down,False,False,False,False,False,0.0,0.0,50.0,0.0,0.0,0.0,0.0,0.0,50.0,0.0,0.0,-1,0.0,G2_EDGE,reg.sell_ok=False regime='med_low_down',-1,0.0,0.0,
SOL/USDT,876,2026-04-15 10:00:00,short,0.67066,74.73,30.0,83.15,0.537143,med_low_down,False,False,False,False,False,0.0,0.0,50.0,0.0,0.0,0.0,0.0,0.0,50.0,0.0,0.0,-1,0.0,G2_EDGE,reg.sell_ok=False regime='med_low_down',-1,0.0,0.0,
SOL/USDT,877,2026-04-15 11:00:00,short,0.65793,73.34,30.0,83.61,0.552143,med_low_down,False,False,False,False,False,0.0,0.0,50.0,0.0,0.0,0.0,0.0,0.0,50.0,0.0,0.0,-1,0.0,G2_EDGE,reg.sell_ok=False regime='med_low_down',-1,0.0,0.0,
SOL/USDT,878,2026-04-15 12:00:00,short,0.67361,71.95,30.0,83.72,0.542857,med_low_down,False,False,False,False,False,0.0,0.0,50.0,0.0,0.0,0.0,0.0,0.0,50.0,0.0,0.0,-1,0.0,G2_EDGE,reg.sell_ok=False regime='med_low_down',-1,0.0,0.0,
SOL/USDT,879,2026-04-15 13:00:00,short,0.65616,75.99,30.0,83.63,0.542857,med_low_down,False,False,False,False,False,0.0,0.0,50.0,0.0,0.0,0.0,0.0,0.0,50.0,0.0,0.0,-1,0.0,G2_EDGE,reg.sell_ok=False regime='med_low_down',-1,0.0,0.0,
SOL/USDT,880,2026-04-15 14:00:00,short,0.65327,83.47,30.0,84.3,0.582143,med_low_down,False,False,False,False,False,0.0,0.0,50.0,0.0,0.0,0.0,0.0,0.0,50.0,0.0,0.0,-1,0.0,G2_EDGE,reg.sell_ok=False regime='med_low_down',-1,0.0,0.0,
SOL/USDT,881,2026-04-15 15:00:00,short,0.639,83.45,30.0,84.0,0.617143,med_low_down,False,False,False,False,False,0.0,0.0,50.0,0.0,0.0,0.0,0.0,0.0,50.0,0.0,0.0,-1,0.0,G2_EDGE,reg.sell_ok=False regime='med_low_down',-1,0.0,0.0,
SOL/USDT,882,2026-04-15 16:00:00,short,0.62821,78.96,68.0,84.54,0.610714,med_low_flat,False,True,False,False,False,0.0,0.5172590953941333,54.29370843861272,1.0,0.0,0.0,0.5,0.5,50.0,0.0,0.0,-1,0.0,G4_5_MTF,prior(bullish)=0.50<0.6 OR rev(bearish)=0.50<0.5,-1,0.0,0.0,
SOL/USDT,883,2026-04-15 17:00:00,short,0.6321,88.45,68.0,84.69,0.644286,med_low_flat,False,True,False,True,False,0.0,0.578996301778353,46.12664533000335,0.0,0.0,0.0,0.75,0.5,68.12865469187108,3.7848461098025767,0.07185701640331299,88,0.007608,TRADE,edge=88.5 meta_conf=0.6321,903,86.204071,-1.5141,LOSS
SOL/USDT,904,2026-04-16 14:00:00,short,0.69495,100.0,30.0,85.39,0.722857,med_med_up,False,True,False,True,False,0.0,0.3849856270782618,48.52481803691169,0.0,0.0,0.0,0.5,0.5,50.0,0.0,0.0,-1,0.0,G4_5_MTF,prior(bullish)=0.50<0.6 OR rev(bearish)=0.50<0.5,-1,0.0,0.0,
SOL/USDT,905,2026-04-16 15:00:00,short,0.58809,100.0,30.0,86.62,0.82,med_med_up,False,True,False,True,False,0.0,0.7187470337422834,37.80361836858398,1.0,0.0,0.0,0.75,0.5,70.92198558087304,-0.823820898889,0.5325877725728053,-1,0.0,G5_RSI_ACCEL,rsi_accel=0.5326>0.08 (RSI recovering),-1,0.0,0.0,
SOL/USDT,906,2026-04-16 16:00:00,short,0.60991,90.68,30.0,85.94,0.862143,med_med_up,False,True,False,True,False,0.0,0.5660504238905616,38.312687297716636,0.0,0.0,0.0,0.5,0.0,50.0,0.0,0.0,-1,0.0,G4_5_MTF,prior(bullish)=0.50<0.6 OR rev(bearish)=0.00<0.5,-1,0.0,0.0,
SOL/USDT,907,2026-04-16 17:00:00,short,0.6102,67.29,30.0,86.64,0.91,med_med_up,False,True,False,False,False,0.0,0.0,50.0,0.0,0.0,0.0,0.0,0.0,50.0,0.0,0.0,-1,0.0,G3_MIN_QUALITY,edge=67.3 < MIN_QUALITY_SCORE=70.0,-1,0.0,0.0,
SOL/USDT,908,2026-04-16 18:00:00,short,0.59698,85.08,0.0,89.01,1.054286,high_high_up,,,True,False,False,0.0,0.0,50.0,0.0,0.0,0.0,0.0,0.0,50.0,0.0,0.0,-1,0.0,G1_REGIME,regime='high_high_up' skipped=True reg_empty=False,-1,0.0,0.0,
SOL/USDT,909,2026-04-16 19:00:00,short,0.58548,71.32,0.0,90.1,1.128571,high_high_up,,,True,False,False,0.0,0.0,50.0,0.0,0.0,0.0,0.0,0.0,50.0,0.0,0.0,-1,0.0,G1_REGIME,regime='high_high_up' skipped=True reg_empty=False,-1,0.0,0.0,
SOL/USDT,910,2026-04-16 20:00:00,short,0.58582,89.59,0.0,89.59,1.195,high_high_up,,,True,False,False,0.0,0.0,50.0,0.0,0.0,0.0,0.0,0.0,50.0,0.0,0.0,-1,0.0,G1_REGIME,regime='high_high_up' skipped=True reg_empty=False,-1,0.0,0.0,
SOL/USDT,911,2026-04-16 21:00:00,short,0.59041,76.63,0.0,88.93,1.227143,high_high_up,,,True,False,False,0.0,0.0,50.0,0.0,0.0,0.0,0.0,0.0,50.0,0.0,0.0,-1,0.0,G1_REGIME,regime='high_high_up' skipped=True reg_empty=False,-1,0.0,0.0,
SOL/USDT,912,2026-04-16 22:00:00,short,0.59679,75.34,0.0,89.0,1.24,high_high_up,,,True,False,False,0.0,0.0,50.0,0.0,0.0,0.0,0.0,0.0,50.0,0.0,0.0,-1,0.0,G1_REGIME,regime='high_high_up' skipped=True reg_empty=False,-1,0.0,0.0,
SOL/USDT,913,2026-04-16 23:00:00,short,0.60088,73.95,0.0,89.05,1.23,high_high_up,,,True,False,False,0.0,0.0,50.0,0.0,0.0,0.0,0.0,0.0,50.0,0.0,0.0,-1,0.0,G1_REGIME,regime='high_high_up' skipped=True reg_empty=False,-1,0.0,0.0,
SOL/USDT,914,2026-04-17 00:00:00,short,0.60316,75.02,0.0,88.82,1.23,high_high_up,,,True,False,False,0.0,0.0,50.0,0.0,0.0,0.0,0.0,0.0,50.0,0.0,0.0,-1,0.0,G1_REGIME,regime='high_high_up' skipped=True reg_empty=False,-1,0.0,0.0,
SOL/USDT,915,2026-04-17 01:00:00,short,0.61049,76.64,0.0,88.24,1.292143,high_high_up,,,True,False,False,0.0,0.0,50.0,0.0,0.0,0.0,0.0,0.0,50.0,0.0,0.0,-1,0.0,G1_REGIME,regime='high_high_up' skipped=True reg_empty=False,-1,0.0,0.0,
SOL/USDT,916,2026-04-17 02:00:00,short,0.60286,77.04,0.0,87.86,1.318571,high_high_up,,,True,False,False,0.0,0.0,50.0,0.0,0.0,0.0,0.0,0.0,50.0,0.0,0.0,-1,0.0,G1_REGIME,regime='high_high_up' skipped=True reg_empty=False,-1,0.0,0.0,
SOL/USDT,917,2026-04-17 03:00:00,short,0.61971,75.9,0.0,87.72,1.176429,high_high_up,,,True,False,False,0.0,0.0,50.0,0.0,0.0,0.0,0.0,0.0,50.0,0.0,0.0,-1,0.0,G1_REGIME,regime='high_high_up' skipped=True reg_empty=False,-1,0.0,0.0,
SOL/USDT,918,2026-04-17 04:00:00,short,0.62042,74.81,0.0,88.0,1.101429,high_high_up,,,True,False,False,0.0,0.0,50.0,0.0,0.0,0.0,0.0,0.0,50.0,0.0,0.0,-1,0.0,G1_REGIME,regime='high_high_up' skipped=True reg_empty=False,-1,0.0,0.0,
SOL/USDT,919,2026-04-17 05:00:00,short,0.61472,79.18,0.0,87.41,1.012857,high_high_up,,,True,False,False,0.0,0.0,50.0,0.0,0.0,0.0,0.0,0.0,50.0,0.0,0.0,-1,0.0,G1_REGIME,regime='high_high_up' skipped=True reg_empty=False,-1,0.0,0.0,
SOL/USDT,920,2026-04-17 06:00:00,short,0.62036,75.91,30.0,88.0,0.961429,high_med_up,False,False,False,False,False,0.0,0.0,50.0,0.0,0.0,0.0,0.0,0.0,50.0,0.0,0.0,-1,0.0,G2_EDGE,reg.sell_ok=False regime='high_med_up',-1,0.0,0.0,
SOL/USDT,921,2026-04-17 07:00:00,short,0.61978,76.95,30.0,88.12,0.92,high_med_up,False,False,False,False,False,0.0,0.0,50.0,0.0,0.0,0.0,0.0,0.0,50.0,0.0,0.0,-1,0.0,G2_EDGE,reg.sell_ok=False regime='high_med_up',-1,0.0,0.0,
SOL/USDT,922,2026-04-17 08:00:00,short,0.61222,78.02,30.0,88.93,0.804286,high_med_up,False,False,False,False,False,0.0,0.0,50.0,0.0,0.0,0.0,0.0,0.0,50.0,0.0,0.0,-1,0.0,G2_EDGE,reg.sell_ok=False regime='high_med_up',-1,0.0,0.0,
SOL/USDT,923,2026-04-17 09:00:00,short,0.61513,80.19,30.0,88.72,0.785,high_med_up,False,False,False,False,False,0.0,0.0,50.0,0.0,0.0,0.0,0.0,0.0,50.0,0.0,0.0,-1,0.0,G2_EDGE,reg.sell_ok=False regime='high_med_up',-1,0.0,0.0,
SOL/USDT,924,2026-04-17 10:00:00,short,0.62447,85.42,30.0,87.67,0.792857,high_med_up,False,False,False,False,False,0.0,0.0,50.0,0.0,0.0,0.0,0.0,0.0,50.0,0.0,0.0,-1,0.0,G2_EDGE,reg.sell_ok=False regime='high_med_up',-1,0.0,0.0,
SOL/USDT,925,2026-04-17 11:00:00,short,0.62409,77.39,30.0,88.21,0.768571,high_med_up,False,False,False,False,False,0.0,0.0,50.0,0.0,0.0,0.0,0.0,0.0,50.0,0.0,0.0,-1,0.0,G2_EDGE,reg.sell_ok=False regime='high_med_up',-1,0.0,0.0,
SOL/USDT,926,2026-04-17 12:00:00,short,0.61088,78.41,30.0,88.89,0.798571,high_med_up,False,False,False,False,False,0.0,0.0,50.0,0.0,0.0,0.0,0.0,0.0,50.0,0.0,0.0,-1,0.0,G2_EDGE,reg.sell_ok=False regime='high_med_up',-1,0.0,0.0,
SOL/USDT,927,2026-04-17 13:00:00,short,0.60146,100.0,30.0,90.12,0.907857,high_med_up,False,False,False,False,False,0.0,0.0,50.0,0.0,0.0,0.0,0.0,0.0,50.0,0.0,0.0,-1,0.0,G2_EDGE,reg.sell_ok=False regime='high_med_up',-1,0.0,0.0,
SOL/USDT,928,2026-04-17 14:00:00,short,0.60091,88.91,30.0,90.03,0.942857,high_med_up,False,False,False,False,False,0.0,0.0,50.0,0.0,0.0,0.0,0.0,0.0,50.0,0.0,0.0,-1,0.0,G2_EDGE,reg.sell_ok=False regime='high_med_up',-1,0.0,0.0,
SOL/USDT,929,2026-04-17 15:00:00,short,0.59212,87.08,30.0,89.95,0.914286,high_med_up,False,False,False,False,False,0.0,0.0,50.0,0.0,0.0,0.0,0.0,0.0,50.0,0.0,0.0,-1,0.0,G2_EDGE,reg.sell_ok=False regime='high_med_up',-1,0.0,0.0,
SOL/USDT,930,2026-04-17 16:00:00,short,0.58788,83.71,30.0,90.42,0.906429,high_med_up,False,False,False,False,False,0.0,0.0,50.0,0.0,0.0,0.0,0.0,0.0,50.0,0.0,0.0,-1,0.0,G2_EDGE,reg.sell_ok=False regime='high_med_up',-1,0.0,0.0,
SOL/USDT,931,2026-04-17 17:00:00,short,0.59318,86.02,30.0,89.74,0.967857,high_med_up,False,False,False,False,False,0.0,0.0,50.0,0.0,0.0,0.0,0.0,0.0,50.0,0.0,0.0,-1,0.0,G2_EDGE,reg.sell_ok=False regime='high_med_up',-1,0.0,0.0,
SOL/USDT,932,2026-04-17 18:00:00,short,0.6086,77.43,50.0,89.17,0.993571,high_med_flat,False,False,False,False,False,0.0,0.0,50.0,0.0,0.0,0.0,0.0,0.0,50.0,0.0,0.0,-1,0.0,G2_EDGE,reg.sell_ok=False regime='high_med_flat',-1,0.0,0.0,
SOL/USDT,933,2026-04-17 19:00:00,short,0.60513,75.89,50.0,89.23,0.992857,high_med_flat,False,False,False,False,False,0.0,0.0,50.0,0.0,0.0,0.0,0.0,0.0,50.0,0.0,0.0,-1,0.0,G2_EDGE,reg.sell_ok=False regime='high_med_flat',-1,0.0,0.0,
SOL/USDT,934,2026-04-17 20:00:00,short,0.60324,78.22,0.0,89.0,1.001429,high_high_flat,,,True,False,False,0.0,0.0,50.0,0.0,0.0,0.0,0.0,0.0,50.0,0.0,0.0,-1,0.0,G1_REGIME,regime='high_high_flat' skipped=True reg_empty=False,-1,0.0,0.0,
SOL/USDT,935,2026-04-17 21:00:00,short,0.60384,56.32,50.0,89.13,0.998571,high_med_flat,False,False,False,False,False,0.0,0.0,50.0,0.0,0.0,0.0,0.0,0.0,50.0,0.0,0.0,-1,0.0,G2_EDGE,reg.sell_ok=False regime='high_med_flat',-1,0.0,0.0,
SOL/USDT,936,2026-04-17 22:00:00,short,0.60899,75.62,50.0,89.22,0.967143,high_med_flat,False,False,False,False,False,0.0,0.0,50.0,0.0,0.0,0.0,0.0,0.0,50.0,0.0,0.0,-1,0.0,G2_EDGE,reg.sell_ok=False regime='high_med_flat',-1,0.0,0.0,
SOL/USDT,937,2026-04-17 23:00:00,short,0.59825,78.04,50.0,88.76,0.930714,high_med_flat,False,False,False,False,False,0.0,0.0,50.0,0.0,0.0,0.0,0.0,0.0,50.0,0.0,0.0,-1,0.0,G2_EDGE,reg.sell_ok=False regime='high_med_flat',-1,0.0,0.0,
SOL/USDT,938,2026-04-18 00:00:00,short,0.56991,56.47,50.0,88.96,0.865,high_med_flat,False,False,False,False,False,0.0,0.0,50.0,0.0,0.0,0.0,0.0,0.0,50.0,0.0,0.0,-1,0.0,G2_EDGE,reg.sell_ok=False regime='high_med_flat',-1,0.0,0.0,
SOL/USDT,939,2026-04-18 01:00:00,short,0.57188,57.42,50.0,88.86,0.847857,high_med_flat,False,False,False,False,False,0.0,0.0,50.0,0.0,0.0,0.0,0.0,0.0,50.0,0.0,0.0,-1,0.0,G2_EDGE,reg.sell_ok=False regime='high_med_flat',-1,0.0,0.0,
SOL/USDT,940,2026-04-18 02:00:00,short,0.57214,76.31,30.0,88.94,0.806429,high_med_up,False,False,False,False,False,0.0,0.0,50.0,0.0,0.0,0.0,0.0,0.0,50.0,0.0,0.0,-1,0.0,G2_EDGE,reg.sell_ok=False regime='high_med_up',-1,0.0,0.0,
SOL/USDT,941,2026-04-18 03:00:00,short,0.59869,62.08,50.0,88.33,0.718571,high_med_flat,False,False,False,False,False,0.0,0.0,50.0,0.0,0.0,0.0,0.0,0.0,50.0,0.0,0.0,-1,0.0,G2_EDGE,reg.sell_ok=False regime='high_med_flat',-1,0.0,0.0,
SOL/USDT,942,2026-04-18 04:00:00,short,0.58757,61.55,0.0,88.36,0.662143,high_low_flat,,,True,False,False,0.0,0.0,50.0,0.0,0.0,0.0,0.0,0.0,50.0,0.0,0.0,-1,0.0,G1_REGIME,regime='high_low_flat' skipped=True reg_empty=False,-1,0.0,0.0,
SOL/USDT,943,2026-04-18 05:00:00,short,0.59489,62.77,0.0,88.4,0.646429,high_low_up,,,True,False,False,0.0,0.0,50.0,0.0,0.0,0.0,0.0,0.0,50.0,0.0,0.0,-1,0.0,G1_REGIME,regime='high_low_up' skipped=True reg_empty=False,-1,0.0,0.0,
SOL/USDT,944,2026-04-18 06:00:00,short,0.60753,60.49,0.0,88.5,0.619286,high_low_flat,,,True,False,False,0.0,0.0,50.0,0.0,0.0,0.0,0.0,0.0,50.0,0.0,0.0,-1,0.0,G1_REGIME,regime='high_low_flat' skipped=True reg_empty=False,-1,0.0,0.0,
SOL/USDT,945,2026-04-18 07:00:00,short,0.59232,60.21,0.0,88.45,0.540714,high_low_flat,,,True,False,False,0.0,0.0,50.0,0.0,0.0,0.0,0.0,0.0,50.0,0.0,0.0,-1,0.0,G1_REGIME,regime='high_low_flat' skipped=True reg_empty=False,-1,0.0,0.0,
SOL/USDT,946,2026-04-18 08:00:00,short,0.61124,67.8,0.0,87.56,0.572857,high_low_flat,,,True,False,False,0.0,0.0,50.0,0.0,0.0,0.0,0.0,0.0,50.0,0.0,0.0,-1,0.0,G1_REGIME,regime='high_low_flat' skipped=True reg_empty=False,-1,0.0,0.0,
SOL/USDT,947,2026-04-18 09:00:00,short,0.61086,64.75,0.0,87.62,0.569286,high_low_flat,,,True,False,False,0.0,0.0,50.0,0.0,0.0,0.0,0.0,0.0,50.0,0.0,0.0,-1,0.0,G1_REGIME,regime='high_low_flat' skipped=True reg_empty=False,-1,0.0,0.0,
SOL/USDT,948,2026-04-18 10:00:00,short,0.60873,71.42,0.0,86.97,0.569286,high_low_flat,,,True,False,False,0.0,0.0,50.0,0.0,0.0,0.0,0.0,0.0,50.0,0.0,0.0,-1,0.0,G1_REGIME,regime='high_low_flat' skipped=True reg_empty=False,-1,0.0,0.0,
SOL/USDT,949,2026-04-18 11:00:00,short,0.61274,72.92,0.0,86.53,0.585,high_low_down,,,True,False,False,0.0,0.0,50.0,0.0,0.0,0.0,0.0,0.0,50.0,0.0,0.0,-1,0.0,G1_REGIME,regime='high_low_down' skipped=True reg_empty=False,-1,0.0,0.0,
SOL/USDT,950,2026-04-18 12:00:00,short,0.60912,66.88,0.0,86.91,0.579286,high_low_down,,,True,False,False,0.0,0.0,50.0,0.0,0.0,0.0,0.0,0.0,50.0,0.0,0.0,-1,0.0,G1_REGIME,regime='high_low_down' skipped=True reg_empty=False,-1,0.0,0.0,
SOL/USDT,951,2026-04-18 13:00:00,short,0.61405,66.49,30.0,86.74,0.568571,med_low_down,False,False,False,False,False,0.0,0.0,50.0,0.0,0.0,0.0,0.0,0.0,50.0,0.0,0.0,-1,0.0,G2_EDGE,reg.sell_ok=False regime='med_low_down',-1,0.0,0.0,
SOL/USDT,952,2026-04-18 14:00:00,short,0.6186,62.97,30.0,86.82,0.565,med_low_down,False,False,False,False,False,0.0,0.0,50.0,0.0,0.0,0.0,0.0,0.0,50.0,0.0,0.0,-1,0.0,G2_EDGE,reg.sell_ok=False regime='med_low_down',-1,0.0,0.0,
SOL/USDT,953,2026-04-18 15:00:00,short,0.6223,64.18,30.0,86.75,0.559286,low_low_down,False,True,False,False,False,0.0,0.0,50.0,0.0,0.0,0.0,0.0,0.0,50.0,0.0,0.0,-1,0.0,G3_MIN_QUALITY,edge=64.2 < MIN_QUALITY_SCORE=70.0,-1,0.0,0.0,
SOL/USDT,954,2026-04-18 16:00:00,short,0.60882,65.55,30.0,86.7,0.567857,low_low_down,False,True,False,False,False,0.0,0.0,50.0,0.0,0.0,0.0,0.0,0.0,50.0,0.0,0.0,-1,0.0,G3_MIN_QUALITY,edge=65.6 < MIN_QUALITY_SCORE=70.0,-1,0.0,0.0,
SOL/USDT,955,2026-04-18 17:00:00,short,0.6106,60.9,30.0,86.74,0.541429,low_low_down,False,True,False,False,False,0.0,0.0,50.0,0.0,0.0,0.0,0.0,0.0,50.0,0.0,0.0,-1,0.0,G3_MIN_QUALITY,edge=60.9 < MIN_QUALITY_SCORE=70.0,-1,0.0,0.0,
SOL/USDT,956,2026-04-18 18:00:00,short,0.62111,71.75,30.0,85.95,0.588571,low_low_down,False,True,False,False,True,0.0,-0.6810192473029278,39.3203219861961,-1.0,0.0,0.0,0.5,0.5,50.0,0.0,0.0,-1,0.0,G4_5_MTF,prior(bullish)=0.50<0.6 OR rev(bearish)=0.50<0.5,-1,0.0,0.0,
SOL/USDT,957,2026-04-18 19:00:00,short,0.6256,62.24,30.0,86.13,0.58,low_low_down,False,True,False,False,False,0.0,0.0,50.0,0.0,0.0,0.0,0.0,0.0,50.0,0.0,0.0,-1,0.0,G3_MIN_QUALITY,edge=62.2 < MIN_QUALITY_SCORE=70.0,-1,0.0,0.0,
SOL/USDT,958,2026-04-18 20:00:00,short,0.62872,61.46,30.0,86.18,0.578571,low_low_down,False,True,False,False,False,0.0,0.0,50.0,0.0,0.0,0.0,0.0,0.0,50.0,0.0,0.0,-1,0.0,G3_MIN_QUALITY,edge=61.5 < MIN_QUALITY_SCORE=70.0,-1,0.0,0.0,
SOL/USDT,959,2026-04-18 21:00:00,short,0.63231,61.2,30.0,86.23,0.577857,low_low_down,False,True,False,False,False,0.0,0.0,50.0,0.0,0.0,0.0,0.0,0.0,50.0,0.0,0.0,-1,0.0,G3_MIN_QUALITY,edge=61.2 < MIN_QUALITY_SCORE=70.0,-1,0.0,0.0,
SOL/USDT,960,2026-04-18 22:00:00,short,0.63472,64.68,30.0,86.3,0.509286,low_low_down,False,True,False,False,False,0.0,0.0,50.0,0.0,0.0,0.0,0.0,0.0,50.0,0.0,0.0,-1,0.0,G3_MIN_QUALITY,edge=64.7 < MIN_QUALITY_SCORE=70.0,-1,0.0,0.0,
SOL/USDT,961,2026-04-18 23:00:00,short,0.62991,61.64,30.0,86.16,0.494286,low_low_down,False,True,False,False,False,0.0,0.0,50.0,0.0,0.0,0.0,0.0,0.0,50.0,0.0,0.0,-1,0.0,G3_MIN_QUALITY,edge=61.6 < MIN_QUALITY_SCORE=70.0,-1,0.0,0.0,
SOL/USDT,962,2026-04-19 00:00:00,short,0.6304,73.45,30.0,86.01,0.47,low_low_down,False,True,False,False,True,0.0,-0.4980768905186969,70.75651135042183,0.0,0.0,0.0,0.75,0.5,31.9548870498613,0.7097794010183297,0.26287096431684154,-1,0.0,G5_RSI_ACCEL,rsi_accel=0.2629>0.08 (RSI recovering),-1,0.0,0.0,
SOL/USDT,963,2026-04-19 01:00:00,short,0.62989,74.36,30.0,85.76,0.465714,low_low_down,False,True,False,False,True,0.0,-0.6372477104798875,64.87398919524412,-1.0,0.0,0.0,1.0,1.0,34.41295527053366,0.8253260740752989,0.1155466730569692,-1,0.0,G5_RSI_ACCEL,rsi_accel=0.1155>0.08 (RSI recovering),-1,0.0,0.0,
SOL/USDT,964,2026-04-19 02:00:00,short,0.64734,68.7,30.0,85.53,0.477857,low_low_down,False,True,False,False,False,0.0,0.0,50.0,0.0,0.0,0.0,0.0,0.0,50.0,0.0,0.0,-1,0.0,G3_MIN_QUALITY,edge=68.7 < MIN_QUALITY_SCORE=70.0,-1,0.0,0.0,
SOL/USDT,965,2026-04-19 03:00:00,short,0.6502,63.57,30.0,85.6,0.472143,low_low_down,False,True,False,False,False,0.0,0.0,50.0,0.0,0.0,0.0,0.0,0.0,50.0,0.0,0.0,-1,0.0,G3_MIN_QUALITY,edge=63.6 < MIN_QUALITY_SCORE=70.0,-1,0.0,0.0,
SOL/USDT,966,2026-04-19 04:00:00,short,0.67453,69.89,30.0,85.58,0.5,low_low_down,False,True,False,False,False,0.0,0.0,50.0,0.0,0.0,0.0,0.0,0.0,50.0,0.0,0.0,-1,0.0,G3_MIN_QUALITY,edge=69.9 < MIN_QUALITY_SCORE=70.0,-1,0.0,0.0,
SOL/USDT,967,2026-04-19 05:00:00,short,0.67287,68.56,30.0,85.48,0.500714,low_low_down,False,True,False,False,False,0.0,0.0,50.0,0.0,0.0,0.0,0.0,0.0,50.0,0.0,0.0,-1,0.0,G3_MIN_QUALITY,edge=68.6 < MIN_QUALITY_SCORE=70.0,-1,0.0,0.0,
SOL/USDT,968,2026-04-19 06:00:00,short,0.67269,71.14,30.0,85.45,0.498571,low_low_down,False,True,False,False,True,0.0,-0.6047013388920633,54.984127036652495,0.0,0.0,0.0,0.25,1.0,50.0,0.0,0.0,-1,0.0,G4_5_MTF,prior(bullish)=0.25<0.6 OR rev(bearish)=1.00<0.5,-1,0.0,0.0,
SOL/USDT,969,2026-04-19 07:00:00,short,0.67271,89.54,30.0,84.88,0.547143,low_low_down,False,True,False,False,True,0.0,-0.6779650931369229,43.23176353717849,-1.0,0.0,0.0,0.25,1.0,50.0,0.0,0.0,-1,0.0,G4_5_MTF,prior(bullish)=0.25<0.6 OR rev(bearish)=1.00<0.5,-1,0.0,0.0,
SOL/USDT,970,2026-04-19 08:00:00,short,0.6635,75.44,30.0,84.8,0.515,low_low_down,False,True,False,False,True,0.0,-0.7007226696891093,47.905663424368456,0.0,0.0,0.0,0.25,1.0,50.0,0.0,0.0,-1,0.0,G4_5_MTF,prior(bullish)=0.25<0.6 OR rev(bearish)=1.00<0.5,-1,0.0,0.0,
SOL/USDT,971,2026-04-19 09:00:00,short,0.65691,76.38,30.0,84.59,0.525714,low_low_down,False,True,False,False,True,0.0,-0.7221091329895016,47.61836993113408,0.0,0.0,0.0,0.25,1.0,50.0,0.0,0.0,-1,0.0,G4_5_MTF,prior(bullish)=0.25<0.6 OR rev(bearish)=1.00<0.5,-1,0.0,0.0,
SOL/USDT,972,2026-04-19 10:00:00,short,0.67884,67.28,30.0,84.79,0.537143,low_low_down,False,True,False,False,False,0.0,0.0,50.0,0.0,0.0,0.0,0.0,0.0,50.0,0.0,0.0,-1,0.0,G3_MIN_QUALITY,edge=67.3 < MIN_QUALITY_SCORE=70.0,-1,0.0,0.0,
SOL/USDT,973,2026-04-19 11:00:00,short,0.69084,83.16,80.0,85.6,0.587857,low_low_flat,False,True,False,False,True,0.0,-0.2472157775321824,47.45104107638046,0.0,0.0,0.0,0.0,0.5,50.0,0.0,0.0,-1,0.0,G4_5_MTF,prior(bullish)=0.00<0.6 OR rev(bearish)=0.50<0.5,-1,0.0,0.0,
SOL/USDT,974,2026-04-19 12:00:00,short,0.66521,95.94,80.0,85.79,0.585714,low_low_flat,False,True,False,True,False,0.0,-0.14249934290020483,47.85667528804428,0.0,0.0,0.0,0.0,0.0,50.0,0.0,0.0,-1,0.0,G4_5_MTF,prior(bullish)=0.00<0.6 OR rev(bearish)=0.00<0.5,-1,0.0,0.0,
SOL/USDT,975,2026-04-19 13:00:00,short,0.63357,99.7,80.0,86.33,0.647857,low_low_flat,False,True,False,True,False,0.0,-0.03870681664043625,40.3155731259749,0.0,0.0,0.0,0.25,0.0,50.0,0.0,0.0,-1,0.0,G4_5_MTF,prior(bullish)=0.25<0.6 OR rev(bearish)=0.00<0.5,-1,0.0,0.0,
SOL/USDT,976,2026-04-19 14:00:00,short,0.62231,100.0,30.0,86.53,0.692143,low_med_flat,False,True,False,True,False,0.0,0.3862488262027239,39.12303392348645,0.0,0.0,0.0,0.5,0.0,50.0,0.0,0.0,-1,0.0,G4_5_MTF,prior(bullish)=0.50<0.6 OR rev(bearish)=0.00<0.5,-1,0.0,0.0,
SOL/USDT,977,2026-04-19 15:00:00,short,0.64167,94.53,30.0,86.36,0.724286,low_med_flat,False,True,False,True,False,0.0,0.3016460089273779,40.398444315031604,0.0,0.0,0.0,0.75,0.0,50.0,0.0,0.0,-1,0.0,G4_5_MTF,prior(bullish)=0.75<0.6 OR rev(bearish)=0.00<0.5,-1,0.0,0.0,
SOL/USDT,978,2026-04-19 16:00:00,short,0.65957,90.47,30.0,85.86,0.735714,low_med_flat,False,True,False,True,False,0.0,0.043381154405973746,41.62896637249353,0.0,0.0,0.0,1.0,0.5,54.47154450878004,3.388488175797317,0.3598037345154097,-1,0.0,G5_RSI_ACCEL,rsi_accel=0.3598>0.08 (RSI recovering),-1,0.0,0.0,
SOL/USDT,979,2026-04-19 17:00:00,short,0.67166,80.24,52.0,85.13,0.771429,low_med_down,False,True,False,False,True,0.0,-0.40335439821191793,43.008817403931964,0.0,0.0,0.0,1.0,1.0,44.59770100589246,3.449829801812838,0.06134162601552129,76,0.009062,TRADE,edge=80.2 meta_conf=0.6717,1027,85.31,-0.18,TIMEOUT
SOL/USDT,1028,2026-04-21 18:00:00,short,0.64358,58.28,30.0,85.25,0.697857,low_med_flat,False,True,False,False,False,0.0,0.0,50.0,0.0,0.0,0.0,0.0,0.0,50.0,0.0,0.0,-1,0.0,G3_MIN_QUALITY,edge=58.3 < MIN_QUALITY_SCORE=70.0,-1,0.0,0.0,
SOL/USDT,1029,2026-04-21 19:00:00,short,0.64355,61.69,30.0,84.57,0.768571,low_med_flat,False,True,False,False,False,0.0,0.0,50.0,0.0,0.0,0.0,0.0,0.0,50.0,0.0,0.0,-1,0.0,G3_MIN_QUALITY,edge=61.7 < MIN_QUALITY_SCORE=70.0,-1,0.0,0.0,
SOL/USDT,1030,2026-04-21 20:00:00,short,0.63568,76.26,30.0,85.42,0.808571,low_med_flat,False,True,False,False,True,0.0,-0.34027528222226294,45.031372152743856,0.0,0.0,0.0,0.0,0.0,50.0,0.0,0.0,-1,0.0,G3_5_ADX,adx=13.1 < 25 (weak trend),-1,0.0,0.0,
SOL/USDT,1031,2026-04-21 21:00:00,short,0.65439,54.37,30.0,85.16,0.809286,low_med_flat,False,True,False,False,False,0.0,0.0,50.0,0.0,0.0,0.0,0.0,0.0,50.0,0.0,0.0,-1,0.0,G3_MIN_QUALITY,edge=54.4 < MIN_QUALITY_SCORE=70.0,-1,0.0,0.0,
SOL/USDT,1032,2026-04-21 22:00:00,short,0.65134,50.93,30.0,85.36,0.788571,low_med_flat,False,True,False,False,False,0.0,0.0,50.0,0.0,0.0,0.0,0.0,0.0,50.0,0.0,0.0,-1,0.0,G3_MIN_QUALITY,edge=50.9 < MIN_QUALITY_SCORE=70.0,-1,0.0,0.0,
SOL/USDT,1033,2026-04-21 23:00:00,short,0.66727,70.7,30.0,86.03,0.817143,low_med_flat,False,True,False,True,False,0.0,0.3192027182029117,48.73461388762559,0.0,0.0,0.0,0.0,0.0,50.0,0.0,0.0,-1,0.0,G3_5_ADX,adx=11.4 < 25 (weak trend),-1,0.0,0.0,
SOL/USDT,1034,2026-04-22 00:00:00,short,0.65497,72.14,50.0,86.48,0.818571,low_med_up,False,False,False,False,False,0.0,0.0,50.0,0.0,0.0,0.0,0.0,0.0,50.0,0.0,0.0,-1,0.0,G2_EDGE,reg.sell_ok=False regime='low_med_up',-1,0.0,0.0,
SOL/USDT,1035,2026-04-22 01:00:00,short,0.64863,64.81,50.0,86.27,0.817857,low_med_up,False,False,False,False,False,0.0,0.0,50.0,0.0,0.0,0.0,0.0,0.0,50.0,0.0,0.0,-1,0.0,G2_EDGE,reg.sell_ok=False regime='low_med_up',-1,0.0,0.0,
SOL/USDT,1036,2026-04-22 02:00:00,short,0.62516,85.14,30.0,87.42,0.853571,med_med_up,False,True,False,True,False,0.0,0.7525400143433482,43.44979013825377,1.0,0.0,0.0,0.75,0.5,66.10169475840272,-0.11073273421573676,0.3386241087213077,-1,0.0,G5_RSI_ACCEL,rsi_accel=0.3386>0.08 (RSI recovering),-1,0.0,0.0,
SOL/USDT,1037,2026-04-22 03:00:00,short,0.615,68.8,30.0,87.24,0.867857,med_med_up,False,True,False,False,False,0.0,0.0,50.0,0.0,0.0,0.0,0.0,0.0,50.0,0.0,0.0,-1,0.0,G3_MIN_QUALITY,edge=68.8 < MIN_QUALITY_SCORE=70.0,-1,0.0,0.0,
SOL/USDT,1038,2026-04-22 04:00:00,short,0.60321,61.49,30.0,87.08,0.802143,med_med_up,False,True,False,False,False,0.0,0.0,50.0,0.0,0.0,0.0,0.0,0.0,50.0,0.0,0.0,-1,0.0,G3_MIN_QUALITY,edge=61.5 < MIN_QUALITY_SCORE=70.0,-1,0.0,0.0,
SOL/USDT,1039,2026-04-22 05:00:00,short,0.62256,84.98,30.0,88.02,0.833571,med_med_up,False,True,False,True,False,0.0,0.7488750662600961,38.18472019795853,1.0,0.0,0.0,0.0,0.0,50.0,0.0,0.0,-1,0.0,G3_5_ADX,adx=15.7 < 25 (weak trend),-1,0.0,0.0,
SOL/USDT,1040,2026-04-22 06:00:00,short,0.6181,67.86,30.0,87.96,0.816429,med_med_up,False,True,False,False,False,0.0,0.0,50.0,0.0,0.0,0.0,0.0,0.0,50.0,0.0,0.0,-1,0.0,G3_MIN_QUALITY,edge=67.9 < MIN_QUALITY_SCORE=70.0,-1,0.0,0.0,
SOL/USDT,1041,2026-04-22 07:00:00,short,0.61357,66.11,30.0,88.05,0.780714,med_med_up,False,True,False,False,False,0.0,0.0,50.0,0.0,0.0,0.0,0.0,0.0,50.0,0.0,0.0,-1,0.0,G3_MIN_QUALITY,edge=66.1 < MIN_QUALITY_SCORE=70.0,-1,0.0,0.0,
SOL/USDT,1042,2026-04-22 08:00:00,short,0.61414,86.61,30.0,88.01,0.782857,med_med_up,False,True,False,True,False,0.0,0.5702724825558986,39.38222146171755,0.0,0.0,0.0,0.5,0.5,50.0,0.0,0.0,-1,0.0,G4_5_MTF,prior(bullish)=0.50<0.6 OR rev(bearish)=0.50<0.5,-1,0.0,0.0,
SOL/USDT,1043,2026-04-22 09:00:00,short,0.59548,87.81,30.0,88.3,0.757143,med_med_up,False,True,False,True,False,0.0,0.6598940946343089,35.49339992405516,0.0,0.0,0.0,0.25,0.5,50.0,0.0,0.0,-1,0.0,G4_5_MTF,prior(bullish)=0.25<0.6 OR rev(bearish)=0.50<0.5,-1,0.0,0.0,
SOL/USDT,1044,2026-04-22 10:00:00,short,0.60174,79.26,48.0,88.33,0.684286,med_low_up,True,False,False,False,False,0.0,0.0,50.0,0.0,0.0,0.0,0.0,0.0,50.0,0.0,0.0,-1,0.0,G2_EDGE,reg.sell_ok=False regime='med_low_up',-1,0.0,0.0,
SOL/USDT,1045,2026-04-22 11:00:00,short,0.60238,80.02,48.0,88.31,0.667143,med_low_up,True,False,False,False,False,0.0,0.0,50.0,0.0,0.0,0.0,0.0,0.0,50.0,0.0,0.0,-1,0.0,G2_EDGE,reg.sell_ok=False regime='med_low_up',-1,0.0,0.0,
SOL/USDT,1046,2026-04-22 12:00:00,short,0.58011,84.37,48.0,88.58,0.666429,med_low_up,True,False,False,False,False,0.0,0.0,50.0,0.0,0.0,0.0,0.0,0.0,50.0,0.0,0.0,-1,0.0,G2_EDGE,reg.sell_ok=False regime='med_low_up',-1,0.0,0.0,
SOL/USDT,1047,2026-04-22 13:00:00,short,0.56618,100.0,48.0,89.1,0.662857,med_low_up,True,False,False,False,False,0.0,0.0,50.0,0.0,0.0,0.0,0.0,0.0,50.0,0.0,0.0,-1,0.0,G2_EDGE,reg.sell_ok=False regime='med_low_up',-1,0.0,0.0,
SOL/USDT,1048,2026-04-22 14:00:00,short,0.57875,100.0,48.0,88.75,0.687857,med_low_up,True,False,False,False,False,0.0,0.0,50.0,0.0,0.0,0.0,0.0,0.0,50.0,0.0,0.0,-1,0.0,G2_EDGE,reg.sell_ok=False regime='med_low_up',-1,0.0,0.0,
SOL/USDT,1049,2026-04-22 15:00:00,short,0.62634,93.12,30.0,88.18,0.715,med_med_up,False,True,False,True,False,0.0,0.42922089854539464,46.263862917682296,0.0,0.0,0.0,0.75,0.5,70.44967858965859,1.501352083602355,-0.6819873609416387,22,0.008108,TRADE,edge=93.1 meta_conf=0.6263,1075,84.8195,3.3605,WIN
SOL/USDT,1076,2026-04-23 18:00:00,short,0.67005,81.07,30.0,85.26,0.573571,med_low_down,False,False,False,False,False,0.0,0.0,50.0,0.0,0.0,0.0,0.0,0.0,50.0,0.0,0.0,-1,0.0,G2_EDGE,reg.sell_ok=False regime='med_low_down',-1,0.0,0.0,
SOL/USDT,1077,2026-04-23 19:00:00,short,0.68235,81.97,30.0,85.3,0.56,med_low_down,False,False,False,False,False,0.0,0.0,50.0,0.0,0.0,0.0,0.0,0.0,50.0,0.0,0.0,-1,0.0,G2_EDGE,reg.sell_ok=False regime='med_low_down',-1,0.0,0.0,
SOL/USDT,1078,2026-04-23 20:00:00,short,0.67332,76.17,30.0,85.61,0.572143,med_low_down,False,False,False,False,False,0.0,0.0,50.0,0.0,0.0,0.0,0.0,0.0,50.0,0.0,0.0,-1,0.0,G2_EDGE,reg.sell_ok=False regime='med_low_down',-1,0.0,0.0,
SOL/USDT,1079,2026-04-23 21:00:00,short,0.66748,82.31,30.0,85.79,0.58,med_low_down,False,False,False,False,False,0.0,0.0,50.0,0.0,0.0,0.0,0.0,0.0,50.0,0.0,0.0,-1,0.0,G2_EDGE,reg.sell_ok=False regime='med_low_down',-1,0.0,0.0,
SOL/USDT,1080,2026-04-23 22:00:00,short,0.6669,79.84,30.0,85.97,0.584286,med_low_down,False,False,False,False,False,0.0,0.0,50.0,0.0,0.0,0.0,0.0,0.0,50.0,0.0,0.0,-1,0.0,G2_EDGE,reg.sell_ok=False regime='med_low_down',-1,0.0,0.0,
SOL/USDT,1081,2026-04-23 23:00:00,short,0.6651,75.9,68.0,86.12,0.597143,med_low_flat,False,True,False,False,False,0.0,0.3131840648210853,48.32242986122032,0.0,0.0,0.0,0.5,0.0,50.0,0.0,0.0,-1,0.0,G4_5_MTF,prior(bullish)=0.50<0.6 OR rev(bearish)=0.00<0.5,-1,0.0,0.0,
SOL/USDT,1082,2026-04-24 00:00:00,short,0.676,85.68,68.0,86.19,0.591429,med_low_flat,False,True,False,True,False,0.0,0.33881606427860306,48.457456767187736,0.0,0.0,0.0,0.75,0.0,50.0,0.0,0.0,-1,0.0,G4_5_MTF,prior(bullish)=0.75<0.6 OR rev(bearish)=0.00<0.5,-1,0.0,0.0,
SOL/USDT,1083,2026-04-24 01:00:00,short,0.67696,65.19,68.0,86.28,0.588571,med_low_flat,False,True,False,False,False,0.0,0.0,50.0,0.0,0.0,0.0,0.0,0.0,50.0,0.0,0.0,-1,0.0,G2_EDGE,edge=65.2 < thr=68.0,-1,0.0,0.0,
SOL/USDT,1084,2026-04-24 02:00:00,short,0.68288,70.42,68.0,85.89,0.600714,med_low_flat,False,True,False,True,False,0.0,-0.23397283144242198,48.76723309825835,0.0,0.0,0.0,0.0,0.0,50.0,0.0,0.0,-1,0.0,G3_5_ADX,adx=18.8 < 25 (weak trend),-1,0.0,0.0,
SOL/USDT,1085,2026-04-24 03:00:00,short,0.67597,65.18,68.0,85.69,0.605714,med_low_flat,False,True,False,False,False,0.0,0.0,50.0,0.0,0.0,0.0,0.0,0.0,50.0,0.0,0.0,-1,0.0,G2_EDGE,edge=65.2 < thr=68.0,-1,0.0,0.0,
SOL/USDT,1086,2026-04-24 04:00:00,short,0.69159,54.38,68.0,85.32,0.600714,med_low_flat,False,True,False,False,False,0.0,0.0,50.0,0.0,0.0,0.0,0.0,0.0,50.0,0.0,0.0,-1,0.0,G2_EDGE,edge=54.4 < thr=68.0,-1,0.0,0.0,
SOL/USDT,1087,2026-04-24 05:00:00,short,0.68375,64.23,68.0,85.7,0.587857,med_low_flat,False,True,False,False,False,0.0,0.0,50.0,0.0,0.0,0.0,0.0,0.0,50.0,0.0,0.0,-1,0.0,G2_EDGE,edge=64.2 < thr=68.0,-1,0.0,0.0,
SOL/USDT,1088,2026-04-24 06:00:00,short,0.6869,62.49,68.0,85.44,0.570714,med_low_flat,False,True,False,False,False,0.0,0.0,50.0,0.0,0.0,0.0,0.0,0.0,50.0,0.0,0.0,-1,0.0,G2_EDGE,edge=62.5 < thr=68.0,-1,0.0,0.0,
SOL/USDT,1089,2026-04-24 07:00:00,short,0.6939,63.71,68.0,85.51,0.490714,med_low_flat,False,True,False,False,False,0.0,0.0,50.0,0.0,0.0,0.0,0.0,0.0,50.0,0.0,0.0,-1,0.0,G2_EDGE,edge=63.7 < thr=68.0,-1,0.0,0.0,
SOL/USDT,1090,2026-04-24 08:00:00,short,0.69253,56.65,68.0,85.34,0.49,med_low_flat,False,True,False,False,False,0.0,0.0,50.0,0.0,0.0,0.0,0.0,0.0,50.0,0.0,0.0,-1,0.0,G2_EDGE,edge=56.6 < thr=68.0,-1,0.0,0.0,
SOL/USDT,1091,2026-04-24 09:00:00,short,0.69109,65.27,68.0,85.48,0.499286,med_low_flat,False,True,False,False,False,0.0,0.0,50.0,0.0,0.0,0.0,0.0,0.0,50.0,0.0,0.0,-1,0.0,G2_EDGE,edge=65.3 < thr=68.0,-1,0.0,0.0,
SOL/USDT,1092,2026-04-24 10:00:00,short,0.699,62.3,68.0,85.71,0.500714,med_low_flat,False,True,False,False,False,0.0,0.0,50.0,0.0,0.0,0.0,0.0,0.0,50.0,0.0,0.0,-1,0.0,G2_EDGE,edge=62.3 < thr=68.0,-1,0.0,0.0,
SOL/USDT,1093,2026-04-24 11:00:00,short,0.69026,74.7,68.0,86.19,0.506429,med_low_flat,False,True,False,True,False,0.0,0.13584229001059578,64.08767354579743,0.0,0.0,0.0,0.0,0.0,50.0,0.0,0.0,-1,0.0,G3_5_ADX,adx=14.8 < 25 (weak trend),-1,0.0,0.0,
SOL/USDT,1094,2026-04-24 12:00:00,short,0.68581,73.87,68.0,86.33,0.525714,med_low_flat,False,True,False,True,False,0.0,0.27721677015019924,53.90149927770484,0.0,0.0,0.0,0.0,0.0,50.0,0.0,0.0,-1,0.0,G3_5_ADX,adx=15.2 < 25 (weak trend),-1,0.0,0.0,
SOL/USDT,1095,2026-04-24 13:00:00,short,0.69313,72.74,68.0,86.09,0.534286,med_low_flat,False,True,False,True,False,0.0,0.23868358919129357,53.59314507017618,0.0,0.0,0.0,0.0,0.0,50.0,0.0,0.0,-1,0.0,G3_5_ADX,adx=15.9 < 25 (weak trend),-1,0.0,0.0,
SOL/USDT,1096,2026-04-24 14:00:00,short,0.67426,71.16,68.0,86.05,0.551429,med_low_flat,False,True,False,True,False,0.0,0.15469116979047953,53.39560507545812,0.0,0.0,0.0,0.0,0.0,50.0,0.0,0.0,-1,0.0,G3_5_ADX,adx=15.6 < 25 (weak trend),-1,0.0,0.0,
SOL/USDT,1097,2026-04-24 15:00:00,short,0.67756,71.05,68.0,86.52,0.589286,med_low_flat,False,True,False,True,False,0.0,0.5044534625719437,53.39914162109222,0.0,0.0,0.0,0.0,0.0,50.0,0.0,0.0,-1,0.0,G3_5_ADX,adx=16.1 < 25 (weak trend),-1,0.0,0.0,
SOL/USDT,1098,2026-04-24 16:00:00,short,0.6741,67.19,68.0,86.35,0.582857,med_low_flat,False,True,False,False,False,0.0,0.0,50.0,0.0,0.0,0.0,0.0,0.0,50.0,0.0,0.0,-1,0.0,G2_EDGE,edge=67.2 < thr=68.0,-1,0.0,0.0,
SOL/USDT,1099,2026-04-24 17:00:00,short,0.68095,62.95,76.0,86.49,0.575714,low_low_up,False,True,False,False,False,0.0,0.0,50.0,0.0,0.0,0.0,0.0,0.0,50.0,0.0,0.0,-1,0.0,G2_EDGE,edge=63.0 < thr=76.0,-1,0.0,0.0,
SOL/USDT,1100,2026-04-24 18:00:00,short,0.66967,61.97,76.0,86.36,0.577143,low_low_up,False,True,False,False,False,0.0,0.0,50.0,0.0,0.0,0.0,0.0,0.0,50.0,0.0,0.0,-1,0.0,G2_EDGE,edge=62.0 < thr=76.0,-1,0.0,0.0,
SOL/USDT,1101,2026-04-24 19:00:00,short,0.65532,63.03,76.0,86.33,0.549286,low_low_up,False,True,False,False,False,0.0,0.0,50.0,0.0,0.0,0.0,0.0,0.0,50.0,0.0,0.0,-1,0.0,G2_EDGE,edge=63.0 < thr=76.0,-1,0.0,0.0,
SOL/USDT,1102,2026-04-24 20:00:00,short,0.66255,68.11,76.0,86.85,0.569286,low_low_up,False,True,False,False,False,0.0,0.0,50.0,0.0,0.0,0.0,0.0,0.0,50.0,0.0,0.0,-1,0.0,G2_EDGE,edge=68.1 < thr=76.0,-1,0.0,0.0,
SOL/USDT,1103,2026-04-24 21:00:00,short,0.67073,64.08,80.0,86.46,0.590714,low_low_flat,False,True,False,False,False,0.0,0.0,50.0,0.0,0.0,0.0,0.0,0.0,50.0,0.0,0.0,-1,0.0,G2_EDGE,edge=64.1 < thr=80.0,-1,0.0,0.0,
SOL/USDT,1104,2026-04-24 22:00:00,short,0.66872,53.4,80.0,86.17,0.585,low_low_flat,False,True,False,False,False,0.0,0.0,50.0,0.0,0.0,0.0,0.0,0.0,50.0,0.0,0.0,-1,0.0,G2_EDGE,edge=53.4 < thr=80.0,-1,0.0,0.0,
SOL/USDT,1105,2026-04-24 23:00:00,short,0.67226,50.84,80.0,86.18,0.555714,low_low_flat,False,True,False,False,False,0.0,0.0,50.0,0.0,0.0,0.0,0.0,0.0,50.0,0.0,0.0,-1,0.0,G2_EDGE,edge=50.8 < thr=80.0,-1,0.0,0.0,
SOL/USDT,1106,2026-04-25 00:00:00,short,0.64525,60.7,80.0,86.23,0.530714,low_low_flat,False,True,False,False,False,0.0,0.0,50.0,0.0,0.0,0.0,0.0,0.0,50.0,0.0,0.0,-1,0.0,G2_EDGE,edge=60.7 < thr=80.0,-1,0.0,0.0,
SOL/USDT,1107,2026-04-25 01:00:00,short,0.66411,61.09,80.0,86.27,0.506429,low_low_flat,False,True,False,False,False,0.0,0.0,50.0,0.0,0.0,0.0,0.0,0.0,50.0,0.0,0.0,-1,0.0,G2_EDGE,edge=61.1 < thr=80.0,-1,0.0,0.0,
SOL/USDT,1108,2026-04-25 02:00:00,short,0.67021,63.22,80.0,86.29,0.471429,low_low_flat,False,True,False,False,False,0.0,0.0,50.0,0.0,0.0,0.0,0.0,0.0,50.0,0.0,0.0,-1,0.0,G2_EDGE,edge=63.2 < thr=80.0,-1,0.0,0.0,
SOL/USDT,1109,2026-04-25 03:00:00,short,0.66938,61.85,80.0,86.46,0.435,low_low_flat,False,True,False,False,False,0.0,0.0,50.0,0.0,0.0,0.0,0.0,0.0,50.0,0.0,0.0,-1,0.0,G2_EDGE,edge=61.9 < thr=80.0,-1,0.0,0.0,
SOL/USDT,1110,2026-04-25 04:00:00,short,0.68975,84.14,76.0,86.34,0.410714,low_low_up,False,True,False,True,False,0.0,0.3129815647755641,63.47760826388604,0.0,0.0,0.0,0.5,0.0,50.0,0.0,0.0,-1,0.0,G4_5_MTF,prior(bullish)=0.50<0.6 OR rev(bearish)=0.00<0.5,-1,0.0,0.0,
SOL/USDT,1111,2026-04-25 05:00:00,short,0.68982,78.61,80.0,86.2,0.353571,low_low_flat,False,True,False,False,False,0.0,0.0,50.0,0.0,0.0,0.0,0.0,0.0,50.0,0.0,0.0,-1,0.0,G2_EDGE,edge=78.6 < thr=80.0,-1,0.0,0.0,
SOL/USDT,1112,2026-04-25 06:00:00,short,0.68303,85.09,76.0,86.45,0.352143,low_low_up,False,True,False,True,False,0.0,0.46903204227351963,74.45461592999904,0.0,0.0,0.0,1.0,1.0,52.173912725898134,-1.4793382246740345,-0.2558333789618439,37,0.004073,TRADE,edge=85.1 meta_conf=0.6830,1152,87.277536,-0.8275,LOSS
SOL/USDT,1153,2026-04-26 23:00:00,short,0.58394,52.91,80.0,86.93,0.462143,low_low_flat,False,True,False,False,False,0.0,0.0,50.0,0.0,0.0,0.0,0.0,0.0,50.0,0.0,0.0,-1,0.0,G2_EDGE,edge=52.9 < thr=80.0,-1,0.0,0.0,
SOL/USDT,1154,2026-04-27 00:00:00,short,0.54888,81.37,76.0,87.35,0.510714,low_low_up,False,True,False,True,False,0.0,0.743361027593791,46.57809962686588,1.0,0.0,0.0,0.0,0.0,50.0,0.0,0.0,-1,0.0,G3_5_ADX,adx=11.2 < 25 (weak trend),-1,0.0,0.0,
SOL/USDT,1155,2026-04-27 01:00:00,short,0.52785,65.44,76.0,87.82,0.542143,low_low_up,False,True,False,False,False,0.0,0.0,50.0,0.0,0.0,0.0,0.0,0.0,50.0,0.0,0.0,-1,0.0,G2_EDGE,edge=65.4 < thr=76.0,-1,0.0,0.0,
SOL/USDT,1156,2026-04-27 02:00:00,short,0.53161,63.17,76.0,87.81,0.551429,low_low_up,False,True,False,False,False,0.0,0.0,50.0,0.0,0.0,0.0,0.0,0.0,50.0,0.0,0.0,-1,0.0,G2_EDGE,edge=63.2 < thr=76.0,-1,0.0,0.0,
SOL/USDT,1157,2026-04-27 03:00:00,short,0.5406,61.83,76.0,87.72,0.557143,low_low_up,False,True,False,False,False,0.0,0.0,50.0,0.0,0.0,0.0,0.0,0.0,50.0,0.0,0.0,-1,0.0,G2_EDGE,edge=61.8 < thr=76.0,-1,0.0,0.0,
SOL/USDT,1158,2026-04-27 04:00:00,short,0.56136,62.01,76.0,87.51,0.556429,low_low_up,False,True,False,False,False,0.0,0.0,50.0,0.0,0.0,0.0,0.0,0.0,50.0,0.0,0.0,-1,0.0,G2_EDGE,edge=62.0 < thr=76.0,-1,0.0,0.0,
SOL/USDT,1159,2026-04-27 05:00:00,short,0.66205,75.64,80.0,85.95,0.664286,low_low_flat,False,True,False,False,False,0.0,0.0,50.0,0.0,0.0,0.0,0.0,0.0,50.0,0.0,0.0,-1,0.0,G2_EDGE,edge=75.6 < thr=80.0,-1,0.0,0.0,
SOL/USDT,1160,2026-04-27 06:00:00,short,0.66685,58.99,30.0,85.72,0.694286,low_med_flat,False,True,False,False,False,0.0,0.0,50.0,0.0,0.0,0.0,0.0,0.0,50.0,0.0,0.0,-1,0.0,G3_MIN_QUALITY,edge=59.0 < MIN_QUALITY_SCORE=70.0,-1,0.0,0.0,
SOL/USDT,1161,2026-04-27 07:00:00,short,0.69203,60.68,30.0,85.27,0.709286,med_med_flat,False,True,False,False,False,0.0,0.0,50.0,0.0,0.0,0.0,0.0,0.0,50.0,0.0,0.0,-1,0.0,G3_MIN_QUALITY,edge=60.7 < MIN_QUALITY_SCORE=70.0,-1,0.0,0.0,
SOL/USDT,1162,2026-04-27 08:00:00,short,0.67149,59.2,30.0,85.51,0.703571,med_med_flat,False,True,False,False,False,0.0,0.0,50.0,0.0,0.0,0.0,0.0,0.0,50.0,0.0,0.0,-1,0.0,G3_MIN_QUALITY,edge=59.2 < MIN_QUALITY_SCORE=70.0,-1,0.0,0.0,
SOL/USDT,1163,2026-04-27 09:00:00,short,0.67529,78.93,30.0,85.49,0.700714,med_med_flat,False,True,False,False,True,0.0,-0.5316740623379203,35.6799983491251,0.0,0.0,0.0,0.0,0.5,50.0,0.0,0.0,-1,0.0,G4_5_MTF,prior(bullish)=0.00<0.6 OR rev(bearish)=0.50<0.5,-1,0.0,0.0,
SOL/USDT,1164,2026-04-27 10:00:00,short,0.70116,80.75,30.0,85.18,0.707143,med_med_flat,False,True,False,False,True,0.0,-0.5766828070654775,37.529268442998806,0.0,0.0,0.0,0.0,0.5,50.0,0.0,0.0,-1,0.0,G4_5_MTF,prior(bullish)=0.00<0.6 OR rev(bearish)=0.50<0.5,-1,0.0,0.0,
SOL/USDT,1165,2026-04-27 11:00:00,short,0.69326,75.11,68.0,85.26,0.654286,med_low_flat,False,True,False,False,True,0.0,-0.49176436927261846,38.814429784126084,0.0,0.0,0.0,0.25,1.0,50.0,0.0,0.0,-1,0.0,G4_5_MTF,prior(bullish)=0.25<0.6 OR rev(bearish)=1.00<0.5,-1,0.0,0.0,
SOL/USDT,1166,2026-04-27 12:00:00,short,0.69539,78.58,68.0,85.09,0.608571,med_low_flat,False,True,False,False,True,0.0,-0.6415028736367597,37.91513150034546,0.0,0.0,0.0,0.25,0.5,50.0,0.0,0.0,-1,0.0,G4_5_MTF,prior(bullish)=0.25<0.6 OR rev(bearish)=0.50<0.5,-1,0.0,0.0,
SOL/USDT,1167,2026-04-27 13:00:00,short,0.69844,67.7,68.0,85.13,0.61,med_low_flat,False,True,False,False,False,0.0,0.0,50.0,0.0,0.0,0.0,0.0,0.0,50.0,0.0,0.0,-1,0.0,G2_EDGE,edge=67.7 < thr=68.0,-1,0.0,0.0,
SOL/USDT,1168,2026-04-27 14:00:00,short,0.67666,67.64,68.0,85.23,0.607143,med_low_flat,False,True,False,False,False,0.0,0.0,50.0,0.0,0.0,0.0,0.0,0.0,50.0,0.0,0.0,-1,0.0,G2_EDGE,edge=67.6 < thr=68.0,-1,0.0,0.0,
SOL/USDT,1169,2026-04-27 15:00:00,short,0.72091,78.42,70.0,84.17,0.677857,med_med_down,False,True,False,False,True,0.0,-0.6885412538366893,26.697356663107815,-1.0,0.0,0.0,0.25,0.0,50.0,0.0,0.0,-1,0.0,G4_5_MTF,prior(bullish)=0.25<0.6 OR rev(bearish)=0.00<0.5,-1,0.0,0.0,
SOL/USDT,1170,2026-04-27 16:00:00,short,0.72583,67.36,30.0,84.29,0.652143,med_low_down,False,False,False,False,False,0.0,0.0,50.0,0.0,0.0,0.0,0.0,0.0,50.0,0.0,0.0,-1,0.0,G2_EDGE,reg.sell_ok=False regime='med_low_down',-1,0.0,0.0,
SOL/USDT,1171,2026-04-27 17:00:00,short,0.72698,66.2,30.0,84.47,0.655,med_low_down,False,False,False,False,False,0.0,0.0,50.0,0.0,0.0,0.0,0.0,0.0,50.0,0.0,0.0,-1,0.0,G2_EDGE,reg.sell_ok=False regime='med_low_down',-1,0.0,0.0,
SOL/USDT,1172,2026-04-27 18:00:00,short,0.72207,64.42,30.0,84.57,0.644286,med_low_down,False,False,False,False,False,0.0,0.0,50.0,0.0,0.0,0.0,0.0,0.0,50.0,0.0,0.0,-1,0.0,G2_EDGE,reg.sell_ok=False regime='med_low_down',-1,0.0,0.0,
SOL/USDT,1173,2026-04-27 19:00:00,short,0.71628,68.1,30.0,84.19,0.579286,med_low_down,False,False,False,False,False,0.0,0.0,50.0,0.0,0.0,0.0,0.0,0.0,50.0,0.0,0.0,-1,0.0,G2_EDGE,reg.sell_ok=False regime='med_low_down',-1,0.0,0.0,
SOL/USDT,1174,2026-04-27 20:00:00,short,0.71691,64.36,30.0,84.29,0.548571,med_low_down,False,False,False,False,False,0.0,0.0,50.0,0.0,0.0,0.0,0.0,0.0,50.0,0.0,0.0,-1,0.0,G2_EDGE,reg.sell_ok=False regime='med_low_down',-1,0.0,0.0,
SOL/USDT,1175,2026-04-27 21:00:00,short,0.71207,74.79,30.0,84.27,0.539286,med_low_down,False,False,False,False,False,0.0,0.0,50.0,0.0,0.0,0.0,0.0,0.0,50.0,0.0,0.0,-1,0.0,G2_EDGE,reg.sell_ok=False regime='med_low_down',-1,0.0,0.0,
SOL/USDT,1176,2026-04-27 22:00:00,short,0.71038,73.66,30.0,84.54,0.535,med_low_down,False,False,False,False,False,0.0,0.0,50.0,0.0,0.0,0.0,0.0,0.0,50.0,0.0,0.0,-1,0.0,G2_EDGE,reg.sell_ok=False regime='med_low_down',-1,0.0,0.0,
SOL/USDT,1177,2026-04-27 23:00:00,short,0.69925,73.51,30.0,84.82,0.532143,med_low_down,False,False,False,False,False,0.0,0.0,50.0,0.0,0.0,0.0,0.0,0.0,50.0,0.0,0.0,-1,0.0,G2_EDGE,reg.sell_ok=False regime='med_low_down',-1,0.0,0.0,
SOL/USDT,1178,2026-04-28 00:00:00,short,0.70145,71.73,30.0,84.83,0.525714,med_low_down,False,False,False,False,False,0.0,0.0,50.0,0.0,0.0,0.0,0.0,0.0,50.0,0.0,0.0,-1,0.0,G2_EDGE,reg.sell_ok=False regime='med_low_down',-1,0.0,0.0,
SOL/USDT,1179,2026-04-28 01:00:00,short,0.70591,73.66,30.0,84.4,0.545,med_low_down,False,False,False,False,False,0.0,0.0,50.0,0.0,0.0,0.0,0.0,0.0,50.0,0.0,0.0,-1,0.0,G2_EDGE,reg.sell_ok=False regime='med_low_down',-1,0.0,0.0,
SOL/USDT,1180,2026-04-28 02:00:00,short,0.7147,78.83,30.0,84.18,0.572857,med_low_down,False,False,False,False,False,0.0,0.0,50.0,0.0,0.0,0.0,0.0,0.0,50.0,0.0,0.0,-1,0.0,G2_EDGE,reg.sell_ok=False regime='med_low_down',-1,0.0,0.0,
SOL/USDT,1181,2026-04-28 03:00:00,short,0.70643,73.88,30.0,84.17,0.538571,med_low_down,False,False,False,False,False,0.0,0.0,50.0,0.0,0.0,0.0,0.0,0.0,50.0,0.0,0.0,-1,0.0,G2_EDGE,reg.sell_ok=False regime='med_low_down',-1,0.0,0.0,
SOL/USDT,1182,2026-04-28 04:00:00,short,0.67943,99.14,30.0,84.06,0.525,med_low_down,False,False,False,False,False,0.0,0.0,50.0,0.0,0.0,0.0,0.0,0.0,50.0,0.0,0.0,-1,0.0,G2_EDGE,reg.sell_ok=False regime='med_low_down',-1,0.0,0.0,
SOL/USDT,1183,2026-04-28 05:00:00,short,0.6694,76.23,30.0,84.2,0.439286,med_low_down,False,False,False,False,False,0.0,0.0,50.0,0.0,0.0,0.0,0.0,0.0,50.0,0.0,0.0,-1,0.0,G2_EDGE,reg.sell_ok=False regime='med_low_down',-1,0.0,0.0,
SOL/USDT,1184,2026-04-28 06:00:00,short,0.66701,76.91,30.0,83.95,0.458571,low_low_down,False,True,False,False,True,0.0,-0.6401069147316282,68.58763648211477,0.0,0.0,0.0,0.25,0.5,50.0,0.0,0.0,-1,0.0,G4_5_MTF,prior(bullish)=0.25<0.6 OR rev(bearish)=0.50<0.5,-1,0.0,0.0,
SOL/USDT,1185,2026-04-28 07:00:00,short,0.66856,75.68,80.0,84.02,0.457857,low_low_flat,False,True,False,False,False,0.0,0.0,50.0,0.0,0.0,0.0,0.0,0.0,50.0,0.0,0.0,-1,0.0,G2_EDGE,edge=75.7 < thr=80.0,-1,0.0,0.0,
SOL/USDT,1186,2026-04-28 08:00:00,short,0.66724,75.48,30.0,83.95,0.468571,low_low_down,False,True,False,False,True,0.0,-0.6245245681557884,65.79267955800783,0.0,0.0,0.0,0.25,0.5,50.0,0.0,0.0,-1,0.0,G4_5_MTF,prior(bullish)=0.25<0.6 OR rev(bearish)=0.50<0.5,-1,0.0,0.0,
SOL/USDT,1187,2026-04-28 09:00:00,short,0.66124,76.72,30.0,83.64,0.448571,low_low_down,False,True,False,False,True,0.0,-0.6704775486556996,58.84307938342923,0.0,0.0,0.0,0.25,0.5,50.0,0.0,0.0,-1,0.0,G4_5_MTF,prior(bullish)=0.25<0.6 OR rev(bearish)=0.50<0.5,-1,0.0,0.0,
SOL/USDT,1188,2026-04-28 10:00:00,short,0.6648,74.19,80.0,83.82,0.447143,low_low_flat,False,True,False,False,False,0.0,0.0,50.0,0.0,0.0,0.0,0.0,0.0,50.0,0.0,0.0,-1,0.0,G2_EDGE,edge=74.2 < thr=80.0,-1,0.0,0.0,
SOL/USDT,1189,2026-04-28 11:00:00,short,0.67443,78.44,30.0,83.42,0.457857,low_low_down,False,True,False,False,True,0.0,-0.665260544396396,54.96166775590406,0.0,0.0,0.0,0.5,0.5,50.0,0.0,0.0,-1,0.0,G4_5_MTF,prior(bullish)=0.50<0.6 OR rev(bearish)=0.50<0.5,-1,0.0,0.0,
SOL/USDT,1190,2026-04-28 12:00:00,short,0.67251,78.35,30.0,83.69,0.462857,low_low_down,False,True,False,False,True,0.0,-0.4565952099814248,53.4215320794255,0.0,0.0,0.0,0.25,0.5,50.0,0.0,0.0,-1,0.0,G4_5_MTF,prior(bullish)=0.25<0.6 OR rev(bearish)=0.50<0.5,-1,0.0,0.0,
SOL/USDT,1191,2026-04-28 13:00:00,short,0.68887,70.35,30.0,83.55,0.488571,low_low_down,False,True,False,False,True,0.0,-0.5993588797348877,52.069503458083936,0.0,0.0,0.0,0.5,0.5,50.0,0.0,0.0,-1,0.0,G4_5_MTF,prior(bullish)=0.50<0.6 OR rev(bearish)=0.50<0.5,-1,0.0,0.0,
SOL/USDT,1192,2026-04-28 14:00:00,short,0.68647,73.96,30.0,83.4,0.505,low_low_down,False,True,False,False,True,0.0,-0.6184725912709265,48.60273501747108,0.0,0.0,0.0,0.25,0.5,50.0,0.0,0.0,-1,0.0,G4_5_MTF,prior(bullish)=0.25<0.6 OR rev(bearish)=0.50<0.5,-1,0.0,0.0,
SOL/USDT,1193,2026-04-28 15:00:00,short,0.68236,76.73,80.0,83.46,0.491429,low_low_flat,False,True,False,False,False,0.0,0.0,50.0,0.0,0.0,0.0,0.0,0.0,50.0,0.0,0.0,-1,0.0,G2_EDGE,edge=76.7 < thr=80.0,-1,0.0,0.0,
SOL/USDT,1194,2026-04-28 16:00:00,short,0.67226,74.57,80.0,83.59,0.465,low_low_flat,False,True,False,False,False,0.0,0.0,50.0,0.0,0.0,0.0,0.0,0.0,50.0,0.0,0.0,-1,0.0,G2_EDGE,edge=74.6 < thr=80.0,-1,0.0,0.0,
SOL/USDT,1195,2026-04-28 17:00:00,short,0.6821,73.26,80.0,83.61,0.483571,low_low_flat,False,True,False,False,False,0.0,0.0,50.0,0.0,0.0,0.0,0.0,0.0,50.0,0.0,0.0,-1,0.0,G2_EDGE,edge=73.3 < thr=80.0,-1,0.0,0.0,
SOL/USDT,1196,2026-04-28 18:00:00,short,0.66925,80.5,80.0,83.81,0.455,low_low_flat,False,True,False,True,True,0.0,-0.10924059842954735,57.01785929552733,0.0,0.0,0.0,0.5,0.0,50.0,0.0,0.0,-1,0.0,G4_5_MTF,prior(bullish)=0.50<0.6 OR rev(bearish)=0.00<0.5,-1,0.0,0.0,
SOL/USDT,1197,2026-04-28 19:00:00,short,0.65996,79.96,80.0,83.89,0.448571,low_low_flat,False,True,False,False,False,0.0,0.0,50.0,0.0,0.0,0.0,0.0,0.0,50.0,0.0,0.0,-1,0.0,G2_EDGE,edge=80.0 < thr=80.0,-1,0.0,0.0,
SOL/USDT,1198,2026-04-28 20:00:00,short,0.65531,79.59,80.0,83.79,0.418571,low_low_flat,False,True,False,False,False,0.0,0.0,50.0,0.0,0.0,0.0,0.0,0.0,50.0,0.0,0.0,-1,0.0,G2_EDGE,edge=79.6 < thr=80.0,-1,0.0,0.0,
SOL/USDT,1199,2026-04-28 21:00:00,short,0.65415,79.47,80.0,83.73,0.412857,low_low_flat,False,True,False,False,False,0.0,0.0,50.0,0.0,0.0,0.0,0.0,0.0,50.0,0.0,0.0,-1,0.0,G2_EDGE,edge=79.5 < thr=80.0,-1,0.0,0.0,
SOL/USDT,1200,2026-04-28 22:00:00,short,0.65285,82.1,80.0,83.72,0.411429,low_low_flat,False,True,False,True,True,0.0,-0.08458620824643122,68.83211912040855,0.0,0.0,0.0,1.0,1.0,44.549762737584345,0.9502186923918281,0.2171129153898138,-1,0.0,G5_RSI_ACCEL,rsi_accel=0.2171>0.08 (RSI recovering),-1,0.0,0.0,
SOL/USDT,1201,2026-04-28 23:00:00,short,0.63717,78.91,80.0,84.06,0.407857,low_low_flat,False,True,False,False,False,0.0,0.0,50.0,0.0,0.0,0.0,0.0,0.0,50.0,0.0,0.0,-1,0.0,G2_EDGE,edge=78.9 < thr=80.0,-1,0.0,0.0,
SOL/USDT,1202,2026-04-29 00:00:00,short,0.65894,95.51,80.0,84.07,0.420714,low_low_flat,False,True,False,True,True,0.0,0.3918986494168317,62.695380257240295,0.0,0.0,0.0,0.5,0.5,50.0,0.0,0.0,-1,0.0,G4_5_MTF,prior(bullish)=0.50<0.6 OR rev(bearish)=0.50<0.5,-1,0.0,0.0,
SOL/USDT,1203,2026-04-29 01:00:00,short,0.65972,73.36,80.0,84.1,0.410714,low_low_flat,False,True,False,False,False,0.0,0.0,50.0,0.0,0.0,0.0,0.0,0.0,50.0,0.0,0.0,-1,0.0,G2_EDGE,edge=73.4 < thr=80.0,-1,0.0,0.0,
SOL/USDT,1204,2026-04-29 02:00:00,short,0.6684,73.08,80.0,84.06,0.396429,low_low_flat,False,True,False,False,False,0.0,0.0,50.0,0.0,0.0,0.0,0.0,0.0,50.0,0.0,0.0,-1,0.0,G2_EDGE,edge=73.1 < thr=80.0,-1,0.0,0.0,
SOL/USDT,1205,2026-04-29 03:00:00,short,0.64268,87.42,80.0,84.59,0.388571,low_low_flat,False,True,False,True,False,0.0,0.5719896940225505,47.19669207280483,1.0,0.0,0.0,0.5,0.5,50.0,0.0,0.0,-1,0.0,G4_5_MTF,prior(bullish)=0.50<0.6 OR rev(bearish)=0.50<0.5,-1,0.0,0.0,
SOL/USDT,1206,2026-04-29 04:00:00,short,0.64108,87.67,76.0,84.95,0.391429,low_low_up,False,True,False,True,False,0.0,0.6524216319629492,44.80201937609521,1.0,0.0,0.0,0.75,0.5,89.3401008879386,3.8636788987734554,0.3461172634960872,-1,0.0,G5_RSI_ACCEL,rsi_accel=0.3461>0.08 (RSI recovering),-1,0.0,0.0,
SOL/USDT,1207,2026-04-29 05:00:00,short,0.63414,86.46,80.0,84.85,0.391429,low_low_flat,False,True,False,True,False,0.0,0.5220853776639918,46.28282809887813,0.0,0.0,0.0,0.75,0.0,50.0,0.0,0.0,-1,0.0,G4_5_MTF,prior(bullish)=0.75<0.6 OR rev(bearish)=0.00<0.5,-1,0.0,0.0,
SOL/USDT,1208,2026-04-29 06:00:00,short,0.64365,88.47,80.0,84.63,0.397857,low_low_flat,False,True,False,True,False,0.0,0.4500237083288501,46.95410449429188,0.0,0.0,0.0,0.75,0.5,74.76190426349194,3.8286700213678913,-0.16394477410819874,56,0.004701,TRADE,edge=88.5 meta_conf=0.6436,1219,82.760071,1.8699,WIN
SOL/USDT,1220,2026-04-29 18:00:00,short,0.71244,91.84,70.0,82.3,0.774286,med_med_down,False,True,False,False,True,0.0,-0.6707918693860889,23.909551888323172,-1.0,0.0,0.0,0.0,0.5,50.0,0.0,0.0,-1,0.0,G4_5_MTF,prior(bullish)=0.00<0.6 OR rev(bearish)=0.50<0.5,-1,0.0,0.0,
SOL/USDT,1221,2026-04-29 19:00:00,short,0.69619,70.55,70.0,82.19,0.779286,med_med_down,False,True,False,False,True,0.0,-0.6979153349329106,25.744144968442427,0.0,0.0,0.0,0.0,0.5,50.0,0.0,0.0,-1,0.0,G4_5_MTF,prior(bullish)=0.00<0.6 OR rev(bearish)=0.50<0.5,-1,0.0,0.0,
SOL/USDT,1222,2026-04-29 20:00:00,short,0.70384,78.68,30.0,82.62,0.792143,med_med_flat,False,True,False,False,True,0.0,-0.5390862507308695,27.52233434357419,0.0,0.0,0.0,0.25,1.0,50.0,0.0,0.0,-1,0.0,G4_5_MTF,prior(bullish)=0.25<0.6 OR rev(bearish)=1.00<0.5,-1,0.0,0.0,
SOL/USDT,1223,2026-04-29 21:00:00,short,0.70949,87.92,30.0,82.91,0.823571,med_med_flat,False,True,False,False,False,0.0,-0.5412751313942654,29.406905039666512,0.0,0.0,0.0,0.25,0.5,50.0,0.0,0.0,-1,0.0,G4_5_MTF,prior(bullish)=0.25<0.6 OR rev(bearish)=0.50<0.5,-1,0.0,0.0,
SOL/USDT,1224,2026-04-29 22:00:00,short,0.69866,85.33,30.0,83.07,0.818571,med_med_flat,False,True,False,False,False,0.0,-0.5177896726078962,31.139293237224255,0.0,0.0,0.0,0.25,0.0,50.0,0.0,0.0,-1,0.0,G4_5_MTF,prior(bullish)=0.25<0.6 OR rev(bearish)=0.00<0.5,-1,0.0,0.0,
SOL/USDT,1225,2026-04-29 23:00:00,short,0.71075,75.71,30.0,83.04,0.670714,med_med_flat,False,True,False,False,False,0.0,-0.5785620764438432,31.744725611365993,0.0,0.0,0.0,0.5,0.0,50.0,0.0,0.0,-1,0.0,G4_5_MTF,prior(bullish)=0.50<0.6 OR rev(bearish)=0.00<0.5,-1,0.0,0.0,
SOL/USDT,1226,2026-04-30 00:00:00,short,0.73725,88.22,30.0,83.81,0.71,med_med_flat,False,True,False,False,False,0.0,-0.1780493665664556,36.08619504414495,0.0,0.0,0.0,0.5,0.5,50.0,0.0,0.0,-1,0.0,G4_5_MTF,prior(bullish)=0.50<0.6 OR rev(bearish)=0.50<0.5,-1,0.0,0.0,
SOL/USDT,1227,2026-04-30 01:00:00,short,0.73807,85.85,30.0,83.75,0.708571,med_med_flat,False,True,False,False,False,0.0,-0.37353789043013624,39.164309829946525,0.0,0.0,0.0,0.75,0.5,38.21138200508957,-1.4428486654830948,0.9896251997668799,-1,0.0,G5_RSI_ACCEL,rsi_accel=0.9896>0.08 (RSI recovering),-1,0.0,0.0,
SOL/USDT,1228,2026-04-30 02:00:00,short,0.72147,88.07,30.0,82.98,0.727857,med_med_flat,False,True,False,False,False,0.0,-0.4804903660968327,47.25467273935073,0.0,0.0,0.0,0.75,0.5,37.45019909874451,-0.7436257206238711,0.6992229448592236,-1,0.0,G5_RSI_ACCEL,rsi_accel=0.6992>0.08 (RSI recovering),-1,0.0,0.0,
SOL/USDT,1229,2026-04-30 03:00:00,short,0.73292,82.9,70.0,83.06,0.71,med_med_down,False,True,False,False,False,0.0,-0.240246792224606,50.78733433136403,0.0,0.0,0.0,0.75,1.0,40.32921799082117,-0.13399465916040104,0.6096310614634701,-1,0.0,G5_RSI_ACCEL,rsi_accel=0.6096>0.08 (RSI recovering),-1,0.0,0.0,
SOL/USDT,1230,2026-04-30 04:00:00,short,0.71359,77.22,70.0,82.39,0.732857,med_med_down,False,True,False,False,True,0.0,-0.5459379805354866,51.81545488337213,0.0,0.0,0.0,0.5,0.5,50.0,0.0,0.0,-1,0.0,G4_5_MTF,prior(bullish)=0.50<0.6 OR rev(bearish)=0.50<0.5,-1,0.0,0.0,
SOL/USDT,1231,2026-04-30 05:00:00,short,0.73271,76.31,70.0,82.57,0.711429,med_med_down,False,True,False,False,True,0.0,-0.4330717729627347,52.04722901246073,0.0,0.0,0.0,0.25,0.5,50.0,0.0,0.0,-1,0.0,G4_5_MTF,prior(bullish)=0.25<0.6 OR rev(bearish)=0.50<0.5,-1,0.0,0.0,
SOL/USDT,1232,2026-04-30 06:00:00,short,0.71233,84.2,70.0,82.94,0.7,med_med_down,False,True,False,False,False,0.0,-0.3430589727537612,52.13378011425937,0.0,0.0,0.0,0.5,0.5,50.0,0.0,0.0,-1,0.0,G4_5_MTF,prior(bullish)=0.50<0.6 OR rev(bearish)=0.50<0.5,-1,0.0,0.0,
SOL/USDT,1233,2026-04-30 07:00:00,short,0.70977,85.29,30.0,83.35,0.69,med_med_flat,False,True,False,False,False,0.0,-0.1158765948705673,52.199217767673915,0.0,0.0,0.0,0.25,0.0,50.0,0.0,0.0,-1,0.0,G4_5_MTF,prior(bullish)=0.25<0.6 OR rev(bearish)=0.00<0.5,-1,0.0,0.0,
SOL/USDT,1234,2026-04-30 08:00:00,short,0.69662,82.34,30.0,83.13,0.566429,med_low_down,False,False,False,False,False,0.0,0.0,50.0,0.0,0.0,0.0,0.0,0.0,50.0,0.0,0.0,-1,0.0,G2_EDGE,reg.sell_ok=False regime='med_low_down',-1,0.0,0.0,
SOL/USDT,1235,2026-04-30 09:00:00,short,0.69424,79.71,30.0,83.15,0.575714,med_low_down,False,False,False,False,False,0.0,0.0,50.0,0.0,0.0,0.0,0.0,0.0,50.0,0.0,0.0,-1,0.0,G2_EDGE,reg.sell_ok=False regime='med_low_down',-1,0.0,0.0,
SOL/USDT,1236,2026-04-30 10:00:00,short,0.69387,83.47,30.0,83.0,0.551429,low_low_down,False,True,False,False,False,0.0,-0.3335286931477382,62.77414412673829,0.0,0.0,0.0,0.75,0.5,54.54545436276639,2.2329339420820387,0.024400045838864237,17,0.006644,TRADE,edge=83.5 meta_conf=0.6939,1253,84.295857,-1.2959,LOSS
SOL/USDT,1254,2026-05-01 04:00:00,short,0.67827,87.24,76.0,83.82,0.401429,low_low_up,False,True,False,True,False,0.0,0.3992758484758169,53.515045867339595,0.0,0.0,0.0,0.75,0.0,50.0,0.0,0.0,-1,0.0,G4_5_MTF,prior(bullish)=0.75<0.6 OR rev(bearish)=0.00<0.5,-1,0.0,0.0,
SOL/USDT,1255,2026-05-01 05:00:00,short,0.67866,92.75,76.0,84.05,0.379286,low_low_up,False,True,False,True,False,0.0,0.557423538430743,52.21992159091549,0.0,0.0,0.0,1.0,0.5,66.82926783628778,1.1857672823025147,-0.004987809917164077,2,0.0,G6_COOLDOWN,bars_since_exit=2 < cooldown=3,-1,0.0,0.0,
SOL/USDT,1256,2026-05-01 06:00:00,short,0.68266,84.83,76.0,83.85,0.379286,low_low_up,False,True,False,True,False,0.0,0.4201902788389762,51.21758087511067,0.0,0.0,0.0,1.0,0.5,71.72774816534618,1.441570692528872,0.25580341022635733,-1,0.0,G5_RSI_ACCEL,rsi_accel=0.2558>0.08 (RSI recovering),-1,0.0,0.0,
SOL/USDT,1257,2026-05-01 07:00:00,short,0.67344,100.0,80.0,83.96,0.381429,low_low_flat,False,True,False,True,False,0.0,0.5818769954330504,50.25093293008852,0.0,0.0,0.0,0.75,0.5,72.99999948899969,1.6060095524431959,0.16443885991432383,-1,0.0,G5_RSI_ACCEL,rsi_accel=0.1644>0.08 (RSI recovering),-1,0.0,0.0,
SOL/USDT,1258,2026-05-01 08:00:00,short,0.67424,85.05,76.0,84.18,0.386429,low_low_up,False,True,False,True,False,0.0,0.6426542267469904,49.47046243104465,0.0,0.0,0.0,0.75,0.5,75.34246527178334,2.275345633441704,0.6693360809985083,-1,0.0,G5_RSI_ACCEL,rsi_accel=0.6693>0.08 (RSI recovering),-1,0.0,0.0,
SOL/USDT,1259,2026-05-01 09:00:00,short,0.68235,88.98,76.0,83.97,0.387143,low_low_up,False,True,False,True,False,0.0,0.4675526716352907,48.83709837906712,0.0,0.0,0.0,0.5,0.0,50.0,0.0,0.0,-1,0.0,G4_5_MTF,prior(bullish)=0.50<0.6 OR rev(bearish)=0.00<0.5,-1,0.0,0.0,
SOL/USDT,1260,2026-05-01 10:00:00,short,0.68348,88.64,76.0,83.95,0.399286,low_low_up,False,True,False,True,False,0.0,0.4714596174118337,48.415182769877234,0.0,0.0,0.0,0.5,0.5,50.0,0.0,0.0,-1,0.0,G4_5_MTF,prior(bullish)=0.50<0.6 OR rev(bearish)=0.50<0.5,-1,0.0,0.0,
SOL/USDT,1261,2026-05-01 11:00:00,short,0.68099,83.25,76.0,84.01,0.402143,low_low_up,False,True,False,True,False,0.0,0.5453128567929353,48.09325709097869,0.0,0.0,0.0,0.75,1.0,76.85185135373776,2.112924306852994,-0.5086325367112319,8,0.004787,TRADE,edge=83.2 meta_conf=0.6810,1295,84.955036,-0.945,LOSS
SOL/USDT,1296,2026-05-02 22:00:00,short,0.62067,59.55,80.0,84.46,0.307857,low_low_flat,False,True,False,False,False,0.0,0.0,50.0,0.0,0.0,0.0,0.0,0.0,50.0,0.0,0.0,-1,0.0,G2_EDGE,edge=59.6 < thr=80.0,-1,0.0,0.0,
SOL/USDT,1297,2026-05-02 23:00:00,short,0.6234,63.22,80.0,84.26,0.304286,low_low_flat,False,True,False,False,False,0.0,0.0,50.0,0.0,0.0,0.0,0.0,0.0,50.0,0.0,0.0,-1,0.0,G2_EDGE,edge=63.2 < thr=80.0,-1,0.0,0.0,
SOL/USDT,1298,2026-05-03 00:00:00,short,0.63346,76.97,80.0,84.08,0.328571,low_low_flat,False,True,False,False,False,0.0,0.0,50.0,0.0,0.0,0.0,0.0,0.0,50.0,0.0,0.0,-1,0.0,G2_EDGE,edge=77.0 < thr=80.0,-1,0.0,0.0,
SOL/USDT,1299,2026-05-03 01:00:00,short,0.6398,63.8,80.0,83.75,0.323571,low_low_flat,False,True,False,False,False,0.0,0.0,50.0,0.0,0.0,0.0,0.0,0.0,50.0,0.0,0.0,-1,0.0,G2_EDGE,edge=63.8 < thr=80.0,-1,0.0,0.0,
SOL/USDT,1300,2026-05-03 02:00:00,short,0.63572,56.96,80.0,83.66,0.307143,low_low_flat,False,True,False,False,False,0.0,0.0,50.0,0.0,0.0,0.0,0.0,0.0,50.0,0.0,0.0,-1,0.0,G2_EDGE,edge=57.0 < thr=80.0,-1,0.0,0.0,
SOL/USDT,1301,2026-05-03 03:00:00,short,0.64442,52.93,80.0,83.67,0.302857,low_low_flat,False,True,False,False,False,0.0,0.0,50.0,0.0,0.0,0.0,0.0,0.0,50.0,0.0,0.0,-1,0.0,G2_EDGE,edge=52.9 < thr=80.0,-1,0.0,0.0,
SOL/USDT,1302,2026-05-03 04:00:00,short,0.64885,52.47,80.0,83.7,0.302143,low_low_flat,False,True,False,False,False,0.0,0.0,50.0,0.0,0.0,0.0,0.0,0.0,50.0,0.0,0.0,-1,0.0,G2_EDGE,edge=52.5 < thr=80.0,-1,0.0,0.0,
SOL/USDT,1303,2026-05-03 05:00:00,short,0.63829,60.88,80.0,83.76,0.305714,low_low_flat,False,True,False,False,False,0.0,0.0,50.0,0.0,0.0,0.0,0.0,0.0,50.0,0.0,0.0,-1,0.0,G2_EDGE,edge=60.9 < thr=80.0,-1,0.0,0.0,
SOL/USDT,1304,2026-05-03 06:00:00,short,0.63983,59.96,80.0,83.76,0.307143,low_low_flat,False,True,False,False,False,0.0,0.0,50.0,0.0,0.0,0.0,0.0,0.0,50.0,0.0,0.0,-1,0.0,G2_EDGE,edge=60.0 < thr=80.0,-1,0.0,0.0,
SOL/USDT,1305,2026-05-03 07:00:00,short,0.63494,67.08,80.0,83.88,0.311429,low_low_flat,False,True,False,False,False,0.0,0.0,50.0,0.0,0.0,0.0,0.0,0.0,50.0,0.0,0.0,-1,0.0,G2_EDGE,edge=67.1 < thr=80.0,-1,0.0,0.0,
SOL/USDT,1306,2026-05-03 08:00:00,short,0.63984,58.42,80.0,83.9,0.306429,low_low_flat,False,True,False,False,False,0.0,0.0,50.0,0.0,0.0,0.0,0.0,0.0,50.0,0.0,0.0,-1,0.0,G2_EDGE,edge=58.4 < thr=80.0,-1,0.0,0.0,
SOL/USDT,1307,2026-05-03 09:00:00,short,0.64451,60.94,80.0,84.06,0.312857,low_low_flat,False,True,False,False,False,0.0,0.0,50.0,0.0,0.0,0.0,0.0,0.0,50.0,0.0,0.0,-1,0.0,G2_EDGE,edge=60.9 < thr=80.0,-1,0.0,0.0,
SOL/USDT,1308,2026-05-03 10:00:00,short,0.62696,62.64,80.0,83.83,0.32,low_low_flat,False,True,False,False,False,0.0,0.0,50.0,0.0,0.0,0.0,0.0,0.0,50.0,0.0,0.0,-1,0.0,G2_EDGE,edge=62.6 < thr=80.0,-1,0.0,0.0,
SOL/USDT,1309,2026-05-03 11:00:00,short,0.64244,68.34,80.0,83.96,0.293571,low_low_flat,False,True,False,False,False,0.0,0.0,50.0,0.0,0.0,0.0,0.0,0.0,50.0,0.0,0.0,-1,0.0,G2_EDGE,edge=68.3 < thr=80.0,-1,0.0,0.0,
SOL/USDT,1310,2026-05-03 12:00:00,short,0.62747,59.92,80.0,84.11,0.273571,low_low_flat,False,True,False,False,False,0.0,0.0,50.0,0.0,0.0,0.0,0.0,0.0,50.0,0.0,0.0,-1,0.0,G2_EDGE,edge=59.9 < thr=80.0,-1,0.0,0.0,
SOL/USDT,1311,2026-05-03 13:00:00,short,0.63065,55.75,80.0,84.1,0.269286,low_low_flat,False,True,False,False,False,0.0,0.0,50.0,0.0,0.0,0.0,0.0,0.0,50.0,0.0,0.0,-1,0.0,G2_EDGE,edge=55.7 < thr=80.0,-1,0.0,0.0,
SOL/USDT,1312,2026-05-03 14:00:00,short,0.61359,56.99,80.0,84.37,0.26,low_low_flat,False,True,False,False,False,0.0,0.0,50.0,0.0,0.0,0.0,0.0,0.0,50.0,0.0,0.0,-1,0.0,G2_EDGE,edge=57.0 < thr=80.0,-1,0.0,0.0,
SOL/USDT,1313,2026-05-03 15:00:00,short,0.6241,57.56,80.0,84.16,0.257857,low_low_flat,False,True,False,False,False,0.0,0.0,50.0,0.0,0.0,0.0,0.0,0.0,50.0,0.0,0.0,-1,0.0,G2_EDGE,edge=57.6 < thr=80.0,-1,0.0,0.0,
SOL/USDT,1314,2026-05-03 16:00:00,short,0.6287,53.29,80.0,84.14,0.262857,low_low_flat,False,True,False,False,False,0.0,0.0,50.0,0.0,0.0,0.0,0.0,0.0,50.0,0.0,0.0,-1,0.0,G2_EDGE,edge=53.3 < thr=80.0,-1,0.0,0.0,
SOL/USDT,1315,2026-05-03 17:00:00,short,0.62011,52.12,80.0,84.2,0.275,low_low_flat,False,True,False,False,False,0.0,0.0,50.0,0.0,0.0,0.0,0.0,0.0,50.0,0.0,0.0,-1,0.0,G2_EDGE,edge=52.1 < thr=80.0,-1,0.0,0.0,
SOL/USDT,1316,2026-05-03 18:00:00,short,0.61818,71.51,80.0,84.26,0.277143,low_low_flat,False,True,False,False,False,0.0,0.0,50.0,0.0,0.0,0.0,0.0,0.0,50.0,0.0,0.0,-1,0.0,G2_EDGE,edge=71.5 < thr=80.0,-1,0.0,0.0,
SOL/USDT,1317,2026-05-03 19:00:00,short,0.61158,70.92,80.0,84.38,0.282143,low_low_flat,False,True,False,False,False,0.0,0.0,50.0,0.0,0.0,0.0,0.0,0.0,50.0,0.0,0.0,-1,0.0,G2_EDGE,edge=70.9 < thr=80.0,-1,0.0,0.0,
SOL/USDT,1318,2026-05-03 20:00:00,short,0.61285,93.67,80.0,84.34,0.296429,low_low_flat,False,True,False,True,True,0.0,0.4012851357280637,53.28189899437159,0.0,0.0,0.0,0.5,0.0,50.0,0.0,0.0,-1,0.0,G4_5_MTF,prior(bullish)=0.50<0.6 OR rev(bearish)=0.00<0.5,-1,0.0,0.0,
SOL/USDT,1319,2026-05-03 21:00:00,short,0.62647,95.19,80.0,84.14,0.318571,low_low_flat,False,True,False,True,True,0.0,0.28019073885207024,53.349527636576475,0.0,0.0,0.0,0.5,0.5,50.0,0.0,0.0,-1,0.0,G4_5_MTF,prior(bullish)=0.50<0.6 OR rev(bearish)=0.50<0.5,-1,0.0,0.0,
SOL/USDT,1320,2026-05-03 22:00:00,short,0.58762,92.04,80.0,84.68,0.363571,low_low_flat,False,True,False,True,True,0.0,0.7304536340854278,45.585807584190825,0.0,0.0,0.0,0.75,1.0,67.72727229628089,2.5565519322557817,-0.08597074356053325,25,0.004293,TRADE,edge=92.0 meta_conf=0.5876,1324,85.534393,-0.8544,LOSS
SOL/USDT,1325,2026-05-04 03:00:00,short,0.56632,83.76,76.0,85.41,0.573571,low_low_up,False,True,False,True,False,0.0,0.7057702660616307,29.71918564525709,0.0,0.0,0.0,0.25,0.0,50.0,0.0,0.0,-1,0.0,G4_5_MTF,prior(bullish)=0.25<0.6 OR rev(bearish)=0.00<0.5,-1,0.0,0.0,
SOL/USDT,1326,2026-05-04 04:00:00,short,0.56842,85.34,76.0,85.76,0.585714,low_low_up,False,True,False,True,False,0.0,0.7461757044772805,28.49091714400107,1.0,0.0,0.0,0.5,0.0,50.0,0.0,0.0,-1,0.0,G4_5_MTF,prior(bullish)=0.50<0.6 OR rev(bearish)=0.00<0.5,-1,0.0,0.0,
SOL/USDT,1327,2026-05-04 05:00:00,short,0.57648,87.66,76.0,85.38,0.599286,low_low_up,False,True,False,True,False,0.0,0.5745933541079262,30.810490023166967,0.0,0.0,0.0,0.5,0.0,50.0,0.0,0.0,-1,0.0,G4_5_MTF,prior(bullish)=0.50<0.6 OR rev(bearish)=0.00<0.5,-1,0.0,0.0,
SOL/USDT,1328,2026-05-04 06:00:00,short,0.59452,89.63,48.0,84.88,0.643571,med_low_up,True,False,False,False,False,0.0,0.0,50.0,0.0,0.0,0.0,0.0,0.0,50.0,0.0,0.0,-1,0.0,G2_EDGE,reg.sell_ok=False regime='med_low_up',-1,0.0,0.0,
SOL/USDT,1329,2026-05-04 07:00:00,short,0.59104,82.66,48.0,84.87,0.643571,med_low_up,True,False,False,False,False,0.0,0.0,50.0,0.0,0.0,0.0,0.0,0.0,50.0,0.0,0.0,-1,0.0,G2_EDGE,reg.sell_ok=False regime='med_low_up',-1,0.0,0.0,
SOL/USDT,1330,2026-05-04 08:00:00,short,0.59622,83.52,48.0,84.77,0.649286,med_low_up,True,False,False,False,False,0.0,0.0,50.0,0.0,0.0,0.0,0.0,0.0,50.0,0.0,0.0,-1,0.0,G2_EDGE,reg.sell_ok=False regime='med_low_up',-1,0.0,0.0,
SOL/USDT,1331,2026-05-04 09:00:00,short,0.58848,83.29,30.0,85.03,0.667857,med_med_up,False,True,False,True,False,0.0,0.5527981220154283,39.63130449004329,0.0,0.0,0.0,0.5,1.0,50.0,0.0,0.0,-1,0.0,G4_5_MTF,prior(bullish)=0.50<0.6 OR rev(bearish)=1.00<0.5,-1,0.0,0.0,
SOL/USDT,1332,2026-05-04 10:00:00,short,0.69246,97.17,30.0,84.04,0.765,med_med_flat,False,True,False,False,True,0.0,-0.27514234471182863,40.25967143531518,0.0,0.0,0.0,0.25,0.5,50.0,0.0,0.0,-1,0.0,G4_5_MTF,prior(bullish)=0.25<0.6 OR rev(bearish)=0.50<0.5,-1,0.0,0.0,
SOL/USDT,1333,2026-05-04 11:00:00,short,0.70351,75.94,30.0,83.95,0.746429,med_med_flat,False,True,False,False,True,0.0,-0.3343975514634768,42.30213410091436,0.0,0.0,0.0,0.0,0.5,50.0,0.0,0.0,-1,0.0,G4_5_MTF,prior(bullish)=0.00<0.6 OR rev(bearish)=0.50<0.5,-1,0.0,0.0,
SOL/USDT,1334,2026-05-04 12:00:00,short,0.69687,56.01,30.0,83.9,0.709286,med_med_flat,False,True,False,False,False,0.0,0.0,50.0,0.0,0.0,0.0,0.0,0.0,50.0,0.0,0.0,-1,0.0,G3_MIN_QUALITY,edge=56.0 < MIN_QUALITY_SCORE=70.0,-1,0.0,0.0,
SOL/USDT,1335,2026-05-04 13:00:00,short,0.71124,56.12,30.0,84.0,0.697143,med_med_flat,False,True,False,False,False,0.0,0.0,50.0,0.0,0.0,0.0,0.0,0.0,50.0,0.0,0.0,-1,0.0,G3_MIN_QUALITY,edge=56.1 < MIN_QUALITY_SCORE=70.0,-1,0.0,0.0,
SOL/USDT,1336,2026-05-04 14:00:00,short,0.62219,72.1,30.0,84.99,0.767143,med_med_flat,False,True,False,True,False,0.0,0.36298459338002514,46.525815167605316,0.0,0.0,0.0,0.0,0.0,50.0,0.0,0.0,-1,0.0,G3_5_ADX,adx=22.9 < 25 (weak trend),-1,0.0,0.0,
SOL/USDT,1337,2026-05-04 15:00:00,short,0.71131,60.95,50.0,84.47,0.745,high_med_flat,False,False,False,False,False,0.0,0.0,50.0,0.0,0.0,0.0,0.0,0.0,50.0,0.0,0.0,-1,0.0,G2_EDGE,reg.sell_ok=False regime='high_med_flat',-1,0.0,0.0,
SOL/USDT,1338,2026-05-04 16:00:00,short,0.70393,53.75,50.0,84.49,0.737143,high_med_flat,False,False,False,False,False,0.0,0.0,50.0,0.0,0.0,0.0,0.0,0.0,50.0,0.0,0.0,-1,0.0,G2_EDGE,reg.sell_ok=False regime='high_med_flat',-1,0.0,0.0,
SOL/USDT,1339,2026-05-04 17:00:00,short,0.67037,71.2,50.0,84.93,0.754286,high_med_flat,False,False,False,False,False,0.0,0.0,50.0,0.0,0.0,0.0,0.0,0.0,50.0,0.0,0.0,-1,0.0,G2_EDGE,reg.sell_ok=False regime='high_med_flat',-1,0.0,0.0,
SOL/USDT,1340,2026-05-04 18:00:00,short,0.67882,69.16,50.0,84.74,0.75,high_med_flat,False,False,False,False,False,0.0,0.0,50.0,0.0,0.0,0.0,0.0,0.0,50.0,0.0,0.0,-1,0.0,G2_EDGE,reg.sell_ok=False regime='high_med_flat',-1,0.0,0.0,
SOL/USDT,1341,2026-05-04 19:00:00,short,0.68307,50.01,50.0,84.44,0.741429,high_med_flat,False,False,False,False,False,0.0,0.0,50.0,0.0,0.0,0.0,0.0,0.0,50.0,0.0,0.0,-1,0.0,G2_EDGE,reg.sell_ok=False regime='high_med_flat',-1,0.0,0.0,
SOL/USDT,1342,2026-05-04 20:00:00,short,0.70758,53.31,50.0,84.09,0.706429,high_med_flat,False,False,False,False,False,0.0,0.0,50.0,0.0,0.0,0.0,0.0,0.0,50.0,0.0,0.0,-1,0.0,G2_EDGE,reg.sell_ok=False regime='high_med_flat',-1,0.0,0.0,
SOL/USDT,1343,2026-05-04 21:00:00,short,0.68757,50.59,50.0,84.43,0.713571,high_med_flat,False,False,False,False,False,0.0,0.0,50.0,0.0,0.0,0.0,0.0,0.0,50.0,0.0,0.0,-1,0.0,G2_EDGE,reg.sell_ok=False regime='high_med_flat',-1,0.0,0.0,
SOL/USDT,1344,2026-05-04 22:00:00,short,0.70108,55.82,50.0,84.22,0.72,high_med_flat,False,False,False,False,False,0.0,0.0,50.0,0.0,0.0,0.0,0.0,0.0,50.0,0.0,0.0,-1,0.0,G2_EDGE,reg.sell_ok=False regime='high_med_flat',-1,0.0,0.0,
SOL/USDT,1345,2026-05-04 23:00:00,short,0.71011,55.06,50.0,84.1,0.697857,high_med_flat,False,False,False,False,False,0.0,0.0,50.0,0.0,0.0,0.0,0.0,0.0,50.0,0.0,0.0,-1,0.0,G2_EDGE,reg.sell_ok=False regime='high_med_flat',-1,0.0,0.0,
SOL/USDT,1346,2026-05-05 00:00:00,short,0.69984,52.67,0.0,84.33,0.590714,high_low_flat,,,True,False,False,0.0,0.0,50.0,0.0,0.0,0.0,0.0,0.0,50.0,0.0,0.0,-1,0.0,G1_REGIME,regime='high_low_flat' skipped=True reg_empty=False,-1,0.0,0.0,
SOL/USDT,1347,2026-05-05 01:00:00,short,0.68491,51.69,68.0,84.41,0.591429,med_low_flat,False,True,False,False,False,0.0,0.0,50.0,0.0,0.0,0.0,0.0,0.0,50.0,0.0,0.0,-1,0.0,G2_EDGE,edge=51.7 < thr=68.0,-1,0.0,0.0,
SOL/USDT,1348,2026-05-05 02:00:00,short,0.66259,60.79,68.0,84.51,0.602143,med_low_flat,False,True,False,False,False,0.0,0.0,50.0,0.0,0.0,0.0,0.0,0.0,50.0,0.0,0.0,-1,0.0,G2_EDGE,edge=60.8 < thr=68.0,-1,0.0,0.0,
SOL/USDT,1349,2026-05-05 03:00:00,short,0.63678,68.71,68.0,84.78,0.588571,med_low_flat,False,True,False,False,False,0.0,0.0,50.0,0.0,0.0,0.0,0.0,0.0,50.0,0.0,0.0,-1,0.0,G3_MIN_QUALITY,edge=68.7 < MIN_QUALITY_SCORE=70.0,-1,0.0,0.0,
SOL/USDT,1350,2026-05-05 04:00:00,short,0.63613,69.12,68.0,84.78,0.500714,med_low_flat,False,True,False,False,False,0.0,0.0,50.0,0.0,0.0,0.0,0.0,0.0,50.0,0.0,0.0,-1,0.0,G3_MIN_QUALITY,edge=69.1 < MIN_QUALITY_SCORE=70.0,-1,0.0,0.0,
SOL/USDT,1351,2026-05-05 05:00:00,short,0.61538,88.02,68.0,84.92,0.444286,med_low_flat,False,True,False,True,False,0.0,0.4985398938807619,76.61386099052297,0.0,0.0,0.0,0.75,0.0,50.0,0.0,0.0,-1,0.0,G4_5_MTF,prior(bullish)=0.75<0.6 OR rev(bearish)=0.00<0.5,-1,0.0,0.0,
SOL/USDT,1352,2026-05-05 06:00:00,short,0.60497,83.38,68.0,84.98,0.418571,med_low_flat,False,True,False,True,False,0.0,0.6624960748255002,76.54316932360184,0.0,0.0,0.0,1.0,0.0,50.0,0.0,0.0,-1,0.0,G4_5_MTF,prior(bullish)=1.00<0.6 OR rev(bearish)=0.00<0.5,-1,0.0,0.0,
SOL/USDT,1353,2026-05-05 07:00:00,short,0.60779,85.29,68.0,84.87,0.387857,med_low_flat,False,True,False,True,False,0.0,0.44498317072732013,77.27300209611633,0.0,0.0,0.0,1.0,0.0,50.0,0.0,0.0,-1,0.0,G4_5_MTF,prior(bullish)=1.00<0.6 OR rev(bearish)=0.00<0.5,-1,0.0,0.0,
SOL/USDT,1354,2026-05-05 08:00:00,short,0.6022,61.25,68.0,84.78,0.370714,med_low_flat,False,True,False,False,False,0.0,0.0,50.0,0.0,0.0,0.0,0.0,0.0,50.0,0.0,0.0,-1,0.0,G2_EDGE,edge=61.2 < thr=68.0,-1,0.0,0.0,
SOL/USDT,1355,2026-05-05 09:00:00,short,0.60381,65.1,68.0,84.53,0.367143,med_low_flat,False,True,False,False,False,0.0,0.0,50.0,0.0,0.0,0.0,0.0,0.0,50.0,0.0,0.0,-1,0.0,G2_EDGE,edge=65.1 < thr=68.0,-1,0.0,0.0,
SOL/USDT,1356,2026-05-05 10:00:00,short,0.59743,61.98,76.0,84.9,0.373571,low_low_up,False,True,False,False,False,0.0,0.0,50.0,0.0,0.0,0.0,0.0,0.0,50.0,0.0,0.0,-1,0.0,G2_EDGE,edge=62.0 < thr=76.0,-1,0.0,0.0,
SOL/USDT,1357,2026-05-05 11:00:00,short,0.6054,81.29,76.0,84.97,0.365,low_low_up,False,True,False,True,False,0.0,0.6540231082757987,70.22392032241302,0.0,0.0,0.0,0.5,0.5,50.0,0.0,0.0,-1,0.0,G4_5_MTF,prior(bullish)=0.50<0.6 OR rev(bearish)=0.50<0.5,-1,0.0,0.0,
SOL/USDT,1358,2026-05-05 12:00:00,short,0.60098,84.78,76.0,85.31,0.37,low_low_up,False,True,False,True,False,0.0,0.7423391999346919,61.09100765963819,1.0,0.0,0.0,0.25,0.0,50.0,0.0,0.0,-1,0.0,G4_5_MTF,prior(bullish)=0.25<0.6 OR rev(bearish)=0.00<0.5,-1,0.0,0.0,
SOL/USDT,1359,2026-05-05 13:00:00,short,0.55438,100.0,48.0,85.63,0.411429,med_low_up,True,False,False,False,False,0.0,0.0,50.0,0.0,0.0,0.0,0.0,0.0,50.0,0.0,0.0,-1,0.0,G2_EDGE,reg.sell_ok=False regime='med_low_up',-1,0.0,0.0,
SOL/USDT,1360,2026-05-05 14:00:00,short,0.57521,85.72,68.0,85.48,0.427143,med_low_flat,False,True,False,True,False,0.0,0.5913066433054792,43.75030886216444,0.0,0.0,0.0,0.5,0.0,50.0,0.0,0.0,-1,0.0,G4_5_MTF,prior(bullish)=0.50<0.6 OR rev(bearish)=0.00<0.5,-1,0.0,0.0,
SOL/USDT,1361,2026-05-05 15:00:00,short,0.5787,83.33,76.0,85.5,0.441429,low_low_up,False,True,False,True,False,0.0,0.6539483947843775,46.90346830929165,0.0,0.0,0.0,0.75,0.5,73.79912618638105,1.9357246060842075,0.22121719721966637,-1,0.0,G5_RSI_ACCEL,rsi_accel=0.2212>0.08 (RSI recovering),-1,0.0,0.0,
SOL/USDT,1362,2026-05-05 16:00:00,short,0.58854,86.73,76.0,85.31,0.458571,low_low_up,False,True,False,True,False,0.0,0.5048134476744216,47.53410027956383,0.0,0.0,0.0,1.0,0.5,66.80672229609499,1.9377633986031266,0.0020387925189191414,38,0.005375,TRADE,edge=86.7 meta_conf=0.5885,1365,86.387643,-1.0776,LOSS
SOL/USDT,1366,2026-05-05 20:00:00,short,0.56258,83.12,76.0,86.64,0.485,low_low_up,False,True,False,True,False,0.0,0.7409598213987318,32.65313643375386,1.0,0.0,0.0,0.5,0.0,50.0,0.0,0.0,-1,0.0,G4_5_MTF,prior(bullish)=0.50<0.6 OR rev(bearish)=0.00<0.5,-1,0.0,0.0,
SOL/USDT,1367,2026-05-05 21:00:00,short,0.56201,82.83,48.0,86.72,0.512857,med_low_up,True,False,False,False,False,0.0,0.0,50.0,0.0,0.0,0.0,0.0,0.0,50.0,0.0,0.0,-1,0.0,G2_EDGE,reg.sell_ok=False regime='med_low_up',-1,0.0,0.0,
SOL/USDT,1368,2026-05-05 22:00:00,short,0.56027,84.78,48.0,86.58,0.552857,med_low_up,True,False,False,False,False,0.0,0.0,50.0,0.0,0.0,0.0,0.0,0.0,50.0,0.0,0.0,-1,0.0,G2_EDGE,reg.sell_ok=False regime='med_low_up',-1,0.0,0.0,
SOL/USDT,1369,2026-05-05 23:00:00,short,0.56964,81.05,48.0,86.29,0.563571,med_low_up,True,False,False,False,False,0.0,0.0,50.0,0.0,0.0,0.0,0.0,0.0,50.0,0.0,0.0,-1,0.0,G2_EDGE,reg.sell_ok=False regime='med_low_up',-1,0.0,0.0,
SOL/USDT,1370,2026-05-06 00:00:00,short,0.57016,83.12,48.0,86.38,0.56,med_low_up,True,False,False,False,False,0.0,0.0,50.0,0.0,0.0,0.0,0.0,0.0,50.0,0.0,0.0,-1,0.0,G2_EDGE,reg.sell_ok=False regime='med_low_up',-1,0.0,0.0,
SOL/USDT,1371,2026-05-06 01:00:00,short,0.56252,80.26,48.0,86.86,0.587143,med_low_up,True,False,False,False,False,0.0,0.0,50.0,0.0,0.0,0.0,0.0,0.0,50.0,0.0,0.0,-1,0.0,G2_EDGE,reg.sell_ok=False regime='med_low_up',-1,0.0,0.0,
SOL/USDT,1372,2026-05-06 02:00:00,short,0.56034,80.55,48.0,86.88,0.593571,med_low_up,True,False,False,False,False,0.0,0.0,50.0,0.0,0.0,0.0,0.0,0.0,50.0,0.0,0.0,-1,0.0,G2_EDGE,reg.sell_ok=False regime='med_low_up',-1,0.0,0.0,
SOL/USDT,1373,2026-05-06 03:00:00,short,0.55688,88.73,48.0,87.33,0.582143,med_low_up,True,False,False,False,False,0.0,0.0,50.0,0.0,0.0,0.0,0.0,0.0,50.0,0.0,0.0,-1,0.0,G2_EDGE,reg.sell_ok=False regime='med_low_up',-1,0.0,0.0,
SOL/USDT,1374,2026-05-06 04:00:00,short,0.57109,83.74,48.0,86.81,0.596429,med_low_up,True,False,False,False,False,0.0,0.0,50.0,0.0,0.0,0.0,0.0,0.0,50.0,0.0,0.0,-1,0.0,G2_EDGE,reg.sell_ok=False regime='med_low_up',-1,0.0,0.0,
SOL/USDT,1375,2026-05-06 05:00:00,short,0.57346,84.53,48.0,87.41,0.609286,med_low_up,True,False,False,False,False,0.0,0.0,50.0,0.0,0.0,0.0,0.0,0.0,50.0,0.0,0.0,-1,0.0,G2_EDGE,reg.sell_ok=False regime='med_low_up',-1,0.0,0.0,
SOL/USDT,1376,2026-05-06 06:00:00,short,0.56892,81.2,48.0,87.49,0.585714,med_low_up,True,False,False,False,False,0.0,0.0,50.0,0.0,0.0,0.0,0.0,0.0,50.0,0.0,0.0,-1,0.0,G2_EDGE,reg.sell_ok=False regime='med_low_up',-1,0.0,0.0,
SOL/USDT,1377,2026-05-06 07:00:00,short,0.56413,80.56,48.0,87.7,0.587143,med_low_up,True,False,False,False,False,0.0,0.0,50.0,0.0,0.0,0.0,0.0,0.0,50.0,0.0,0.0,-1,0.0,G2_EDGE,reg.sell_ok=False regime='med_low_up',-1,0.0,0.0,
SOL/USDT,1378,2026-05-06 08:00:00,short,0.57007,100.0,48.0,89.02,0.667857,med_low_up,True,False,False,False,False,0.0,0.0,50.0,0.0,0.0,0.0,0.0,0.0,50.0,0.0,0.0,-1,0.0,G2_EDGE,reg.sell_ok=False regime='med_low_up',-1,0.0,0.0,
SOL/USDT,1379,2026-05-06 09:00:00,short,0.56284,100.0,48.0,89.48,0.681429,med_low_up,True,False,False,False,False,0.0,0.0,50.0,0.0,0.0,0.0,0.0,0.0,50.0,0.0,0.0,-1,0.0,G2_EDGE,reg.sell_ok=False regime='med_low_up',-1,0.0,0.0,
SOL/USDT,1380,2026-05-06 10:00:00,short,0.55679,87.69,48.0,89.38,0.681429,med_low_up,True,False,False,False,False,0.0,0.0,50.0,0.0,0.0,0.0,0.0,0.0,50.0,0.0,0.0,-1,0.0,G2_EDGE,reg.sell_ok=False regime='med_low_up',-1,0.0,0.0,
SOL/USDT,1381,2026-05-06 11:00:00,short,0.55386,85.03,0.0,89.87,0.685,high_low_up,,,True,False,False,0.0,0.0,50.0,0.0,0.0,0.0,0.0,0.0,50.0,0.0,0.0,-1,0.0,G1_REGIME,regime='high_low_up' skipped=True reg_empty=False,-1,0.0,0.0,
SOL/USDT,1382,2026-05-06 12:00:00,short,0.55244,85.29,0.0,89.66,0.662857,high_low_up,,,True,False,False,0.0,0.0,50.0,0.0,0.0,0.0,0.0,0.0,50.0,0.0,0.0,-1,0.0,G1_REGIME,regime='high_low_up' skipped=True reg_empty=False,-1,0.0,0.0,
SOL/USDT,1383,2026-05-06 13:00:00,short,0.57108,96.44,30.0,88.33,0.740714,high_med_up,False,False,False,False,False,0.0,0.0,50.0,0.0,0.0,0.0,0.0,0.0,50.0,0.0,0.0,-1,0.0,G2_EDGE,reg.sell_ok=False regime='high_med_up',-1,0.0,0.0,
SOL/USDT,1384,2026-05-06 14:00:00,short,0.5812,83.02,30.0,88.4,0.807143,high_med_up,False,False,False,False,False,0.0,0.0,50.0,0.0,0.0,0.0,0.0,0.0,50.0,0.0,0.0,-1,0.0,G2_EDGE,reg.sell_ok=False regime='high_med_up',-1,0.0,0.0,
SOL/USDT,1385,2026-05-06 15:00:00,short,0.5821,84.5,30.0,88.97,0.812143,high_med_up,False,False,False,False,False,0.0,0.0,50.0,0.0,0.0,0.0,0.0,0.0,50.0,0.0,0.0,-1,0.0,G2_EDGE,reg.sell_ok=False regime='high_med_up',-1,0.0,0.0,
SOL/USDT,1386,2026-05-06 16:00:00,short,0.58747,84.82,30.0,89.18,0.839286,high_med_up,False,False,False,False,False,0.0,0.0,50.0,0.0,0.0,0.0,0.0,0.0,50.0,0.0,0.0,-1,0.0,G2_EDGE,reg.sell_ok=False regime='high_med_up',-1,0.0,0.0,
SOL/USDT,1387,2026-05-06 17:00:00,short,0.59908,85.28,30.0,88.83,0.859286,high_med_up,False,False,False,False,False,0.0,0.0,50.0,0.0,0.0,0.0,0.0,0.0,50.0,0.0,0.0,-1,0.0,G2_EDGE,reg.sell_ok=False regime='high_med_up',-1,0.0,0.0,
SOL/USDT,1388,2026-05-06 18:00:00,short,0.60188,82.76,30.0,88.99,0.851429,high_med_up,False,False,False,False,False,0.0,0.0,50.0,0.0,0.0,0.0,0.0,0.0,50.0,0.0,0.0,-1,0.0,G2_EDGE,reg.sell_ok=False regime='high_med_up',-1,0.0,0.0,
SOL/USDT,1389,2026-05-06 19:00:00,short,0.60518,81.71,30.0,89.27,0.830714,high_med_up,False,False,False,False,False,0.0,0.0,50.0,0.0,0.0,0.0,0.0,0.0,50.0,0.0,0.0,-1,0.0,G2_EDGE,reg.sell_ok=False regime='high_med_up',-1,0.0,0.0,
SOL/USDT,1390,2026-05-06 20:00:00,short,0.60382,83.12,30.0,89.19,0.854286,high_med_up,False,False,False,False,False,0.0,0.0,50.0,0.0,0.0,0.0,0.0,0.0,50.0,0.0,0.0,-1,0.0,G2_EDGE,reg.sell_ok=False regime='high_med_up',-1,0.0,0.0,
SOL/USDT,1391,2026-05-06 21:00:00,short,0.60365,83.6,30.0,89.47,0.861429,high_med_up,False,False,False,False,False,0.0,0.0,50.0,0.0,0.0,0.0,0.0,0.0,50.0,0.0,0.0,-1,0.0,G2_EDGE,reg.sell_ok=False regime='high_med_up',-1,0.0,0.0,
SOL/USDT,1392,2026-05-06 22:00:00,short,0.59535,83.21,30.0,89.07,0.788571,high_med_up,False,False,False,False,False,0.0,0.0,50.0,0.0,0.0,0.0,0.0,0.0,50.0,0.0,0.0,-1,0.0,G2_EDGE,reg.sell_ok=False regime='high_med_up',-1,0.0,0.0,
SOL/USDT,1393,2026-05-06 23:00:00,short,0.5893,85.2,30.0,89.16,0.758571,high_med_up,False,False,False,False,False,0.0,0.0,50.0,0.0,0.0,0.0,0.0,0.0,50.0,0.0,0.0,-1,0.0,G2_EDGE,reg.sell_ok=False regime='high_med_up',-1,0.0,0.0,
SOL/USDT,1394,2026-05-07 00:00:00,short,0.62302,81.15,30.0,88.32,0.8,high_med_up,False,False,False,False,False,0.0,0.0,50.0,0.0,0.0,0.0,0.0,0.0,50.0,0.0,0.0,-1,0.0,G2_EDGE,reg.sell_ok=False regime='high_med_up',-1,0.0,0.0,
SOL/USDT,1395,2026-05-07 01:00:00,short,0.62615,80.4,30.0,88.31,0.793571,high_med_up,False,False,False,False,False,0.0,0.0,50.0,0.0,0.0,0.0,0.0,0.0,50.0,0.0,0.0,-1,0.0,G2_EDGE,reg.sell_ok=False regime='high_med_up',-1,0.0,0.0,
SOL/USDT,1396,2026-05-07 02:00:00,short,0.62506,80.35,30.0,88.15,0.800714,high_med_up,False,False,False,False,False,0.0,0.0,50.0,0.0,0.0,0.0,0.0,0.0,50.0,0.0,0.0,-1,0.0,G2_EDGE,reg.sell_ok=False regime='high_med_up',-1,0.0,0.0,
SOL/USDT,1397,2026-05-07 03:00:00,short,0.64095,71.17,50.0,87.75,0.724286,high_med_flat,False,False,False,False,False,0.0,0.0,50.0,0.0,0.0,0.0,0.0,0.0,50.0,0.0,0.0,-1,0.0,G2_EDGE,reg.sell_ok=False regime='high_med_flat',-1,0.0,0.0,
SOL/USDT,1398,2026-05-07 04:00:00,short,0.61529,79.15,48.0,88.36,0.675,med_low_up,True,False,False,False,False,0.0,0.0,50.0,0.0,0.0,0.0,0.0,0.0,50.0,0.0,0.0,-1,0.0,G2_EDGE,reg.sell_ok=False regime='med_low_up',-1,0.0,0.0,
SOL/USDT,1399,2026-05-07 05:00:00,short,0.60329,61.76,48.0,88.65,0.662857,med_low_up,True,False,False,False,False,0.0,0.0,50.0,0.0,0.0,0.0,0.0,0.0,50.0,0.0,0.0,-1,0.0,G2_EDGE,reg.sell_ok=False regime='med_low_up',-1,0.0,0.0,
SOL/USDT,1400,2026-05-07 06:00:00,short,0.60838,70.01,48.0,89.27,0.672857,med_low_up,True,False,False,False,False,0.0,0.0,50.0,0.0,0.0,0.0,0.0,0.0,50.0,0.0,0.0,-1,0.0,G2_EDGE,reg.sell_ok=False regime='med_low_up',-1,0.0,0.0,
SOL/USDT,1401,2026-05-07 07:00:00,short,0.60851,82.98,0.0,90.16,0.700714,high_low_up,,,True,False,False,0.0,0.0,50.0,0.0,0.0,0.0,0.0,0.0,50.0,0.0,0.0,-1,0.0,G1_REGIME,regime='high_low_up' skipped=True reg_empty=False,-1,0.0,0.0,
SOL/USDT,1402,2026-05-07 08:00:00,short,0.61022,68.38,30.0,89.58,0.710714,med_med_flat,False,True,False,False,False,0.0,0.0,50.0,0.0,0.0,0.0,0.0,0.0,50.0,0.0,0.0,-1,0.0,G3_MIN_QUALITY,edge=68.4 < MIN_QUALITY_SCORE=70.0,-1,0.0,0.0,
SOL/USDT,1403,2026-05-07 09:00:00,short,0.60226,65.87,30.0,89.46,0.709286,med_med_flat,False,True,False,False,False,0.0,0.0,50.0,0.0,0.0,0.0,0.0,0.0,50.0,0.0,0.0,-1,0.0,G3_MIN_QUALITY,edge=65.9 < MIN_QUALITY_SCORE=70.0,-1,0.0,0.0,
SOL/USDT,1404,2026-05-07 10:00:00,short,0.60049,69.94,30.0,89.17,0.714286,med_med_flat,False,True,False,False,False,0.0,0.0,50.0,0.0,0.0,0.0,0.0,0.0,50.0,0.0,0.0,-1,0.0,G3_MIN_QUALITY,edge=69.9 < MIN_QUALITY_SCORE=70.0,-1,0.0,0.0,
SOL/USDT,1405,2026-05-07 11:00:00,short,0.59988,66.44,30.0,89.57,0.713571,med_med_flat,False,True,False,False,False,0.0,0.0,50.0,0.0,0.0,0.0,0.0,0.0,50.0,0.0,0.0,-1,0.0,G3_MIN_QUALITY,edge=66.4 < MIN_QUALITY_SCORE=70.0,-1,0.0,0.0,
SOL/USDT,1406,2026-05-07 12:00:00,short,0.5998,70.79,30.0,89.77,0.715,med_med_flat,False,True,False,True,False,0.0,0.6114333151895193,48.670028628112206,0.0,0.0,0.0,0.0,0.0,50.0,0.0,0.0,-1,0.0,G3_5_ADX,adx=21.8 < 25 (weak trend),-1,0.0,0.0,
SOL/USDT,1407,2026-05-07 13:00:00,short,0.65196,74.45,30.0,88.68,0.776429,med_med_flat,False,True,False,False,True,0.0,-0.13910977961771093,48.73662556987263,0.0,0.0,0.0,0.0,0.0,50.0,0.0,0.0,-1,0.0,G3_5_ADX,adx=20.2 < 25 (weak trend),-1,0.0,0.0,
SOL/USDT,1408,2026-05-07 14:00:00,short,0.66622,74.18,30.0,88.15,0.777857,med_med_flat,False,True,False,False,True,0.0,-0.23944316486524367,48.654027930498565,0.0,0.0,0.0,0.0,0.0,50.0,0.0,0.0,-1,0.0,G3_5_ADX,adx=18.0 < 25 (weak trend),-1,0.0,0.0,
SOL/USDT,1409,2026-05-07 15:00:00,short,0.67276,55.33,30.0,88.32,0.789286,med_med_flat,False,True,False,False,False,0.0,0.0,50.0,0.0,0.0,0.0,0.0,0.0,50.0,0.0,0.0,-1,0.0,G3_MIN_QUALITY,edge=55.3 < MIN_QUALITY_SCORE=70.0,-1,0.0,0.0,
SOL/USDT,1410,2026-05-07 16:00:00,short,0.66943,56.94,30.0,88.43,0.799286,med_med_flat,False,True,False,False,False,0.0,0.0,50.0,0.0,0.0,0.0,0.0,0.0,50.0,0.0,0.0,-1,0.0,G3_MIN_QUALITY,edge=56.9 < MIN_QUALITY_SCORE=70.0,-1,0.0,0.0,
SOL/USDT,1411,2026-05-07 17:00:00,short,0.66945,50.49,30.0,88.8,0.826429,med_med_flat,False,True,False,False,False,0.0,0.0,50.0,0.0,0.0,0.0,0.0,0.0,50.0,0.0,0.0,-1,0.0,G3_MIN_QUALITY,edge=50.5 < MIN_QUALITY_SCORE=70.0,-1,0.0,0.0,
SOL/USDT,1412,2026-05-07 18:00:00,short,0.68613,53.46,30.0,88.58,0.835,med_med_flat,False,True,False,False,False,0.0,0.0,50.0,0.0,0.0,0.0,0.0,0.0,50.0,0.0,0.0,-1,0.0,G3_MIN_QUALITY,edge=53.5 < MIN_QUALITY_SCORE=70.0,-1,0.0,0.0,
SOL/USDT,1413,2026-05-07 19:00:00,short,0.67299,52.06,30.0,88.45,0.83,med_med_flat,False,True,False,False,False,0.0,0.0,50.0,0.0,0.0,0.0,0.0,0.0,50.0,0.0,0.0,-1,0.0,G3_MIN_QUALITY,edge=52.1 < MIN_QUALITY_SCORE=70.0,-1,0.0,0.0,
SOL/USDT,1414,2026-05-07 20:00:00,short,0.67524,54.11,30.0,88.07,0.814286,med_med_flat,False,True,False,False,False,0.0,0.0,50.0,0.0,0.0,0.0,0.0,0.0,50.0,0.0,0.0,-1,0.0,G3_MIN_QUALITY,edge=54.1 < MIN_QUALITY_SCORE=70.0,-1,0.0,0.0,
SOL/USDT,1415,2026-05-07 21:00:00,short,0.68123,46.25,70.0,87.97,0.761429,med_med_down,False,True,False,False,False,0.0,0.0,50.0,0.0,0.0,0.0,0.0,0.0,50.0,0.0,0.0,-1,0.0,G2_EDGE,edge=46.2 < thr=70.0,-1,0.0,0.0,
SOL/USDT,1416,2026-05-07 22:00:00,short,0.67364,58.09,30.0,88.1,0.743571,med_med_flat,False,True,False,False,False,0.0,0.0,50.0,0.0,0.0,0.0,0.0,0.0,50.0,0.0,0.0,-1,0.0,G3_MIN_QUALITY,edge=58.1 < MIN_QUALITY_SCORE=70.0,-1,0.0,0.0,
SOL/USDT,1417,2026-05-07 23:00:00,short,0.68698,47.98,30.0,88.42,0.745,med_med_flat,False,True,False,False,False,0.0,0.0,50.0,0.0,0.0,0.0,0.0,0.0,50.0,0.0,0.0,-1,0.0,G3_MIN_QUALITY,edge=48.0 < MIN_QUALITY_SCORE=70.0,-1,0.0,0.0,
SOL/USDT,1418,2026-05-08 00:00:00,short,0.6922,52.31,30.0,88.27,0.729286,med_med_flat,False,True,False,False,False,0.0,0.0,50.0,0.0,0.0,0.0,0.0,0.0,50.0,0.0,0.0,-1,0.0,G3_MIN_QUALITY,edge=52.3 < MIN_QUALITY_SCORE=70.0,-1,0.0,0.0,
SOL/USDT,1419,2026-05-08 01:00:00,short,0.6964,52.58,30.0,88.13,0.724286,med_med_flat,False,True,False,False,False,0.0,0.0,50.0,0.0,0.0,0.0,0.0,0.0,50.0,0.0,0.0,-1,0.0,G3_MIN_QUALITY,edge=52.6 < MIN_QUALITY_SCORE=70.0,-1,0.0,0.0,
SOL/USDT,1420,2026-05-08 02:00:00,short,0.71189,47.08,30.0,88.06,0.736429,med_med_flat,False,True,False,False,False,0.0,0.0,50.0,0.0,0.0,0.0,0.0,0.0,50.0,0.0,0.0,-1,0.0,G3_MIN_QUALITY,edge=47.1 < MIN_QUALITY_SCORE=70.0,-1,0.0,0.0,
SOL/USDT,1421,2026-05-08 03:00:00,short,0.70527,54.63,68.0,88.22,0.69,med_low_flat,False,True,False,False,False,0.0,0.0,50.0,0.0,0.0,0.0,0.0,0.0,50.0,0.0,0.0,-1,0.0,G2_EDGE,edge=54.6 < thr=68.0,-1,0.0,0.0,
SOL/USDT,1422,2026-05-08 04:00:00,short,0.69539,70.5,68.0,88.18,0.638571,med_low_flat,False,True,False,False,True,0.0,-0.14487117096566518,75.60286121758897,0.0,0.0,0.0,0.5,0.5,50.0,0.0,0.0,-1,0.0,G4_5_MTF,prior(bullish)=0.50<0.6 OR rev(bearish)=0.50<0.5,-1,0.0,0.0,
SOL/USDT,1423,2026-05-08 05:00:00,short,0.69265,72.87,68.0,88.05,0.608571,med_low_flat,False,True,False,False,True,0.0,-0.37913743251312665,74.95515727425253,0.0,0.0,0.0,0.25,0.5,50.0,0.0,0.0,-1,0.0,G4_5_MTF,prior(bullish)=0.25<0.6 OR rev(bearish)=0.50<0.5,-1,0.0,0.0,
SOL/USDT,1424,2026-05-08 06:00:00,short,0.69129,75.62,68.0,88.05,0.590714,med_low_flat,False,True,False,False,True,0.0,-0.37895368389282347,74.19358184855543,0.0,0.0,0.0,0.25,1.0,50.0,0.0,0.0,-1,0.0,G4_5_MTF,prior(bullish)=0.25<0.6 OR rev(bearish)=1.00<0.5,-1,0.0,0.0,
SOL/USDT,1425,2026-05-08 07:00:00,short,0.67497,79.3,30.0,88.22,0.567857,med_low_down,False,False,False,False,False,0.0,0.0,50.0,0.0,0.0,0.0,0.0,0.0,50.0,0.0,0.0,-1,0.0,G2_EDGE,reg.sell_ok=False regime='med_low_down',-1,0.0,0.0,
SOL/USDT,1426,2026-05-08 08:00:00,short,0.66259,77.62,68.0,88.38,0.554286,med_low_flat,False,True,False,False,True,0.0,-0.0027318736193247305,76.87571473714453,0.0,0.0,0.0,0.25,0.0,50.0,0.0,0.0,-1,0.0,G4_5_MTF,prior(bullish)=0.25<0.6 OR rev(bearish)=0.00<0.5,-1,0.0,0.0,
SOL/USDT,1427,2026-05-08 09:00:00,short,0.66632,68.49,68.0,88.44,0.552143,med_low_flat,False,True,False,False,False,0.0,0.0,50.0,0.0,0.0,0.0,0.0,0.0,50.0,0.0,0.0,-1,0.0,G3_MIN_QUALITY,edge=68.5 < MIN_QUALITY_SCORE=70.0,-1,0.0,0.0,
SOL/USDT,1428,2026-05-08 10:00:00,short,0.66842,67.61,68.0,88.63,0.550714,med_low_flat,False,True,False,False,False,0.0,0.0,50.0,0.0,0.0,0.0,0.0,0.0,50.0,0.0,0.0,-1,0.0,G2_EDGE,edge=67.6 < thr=68.0,-1,0.0,0.0,
SOL/USDT,1429,2026-05-08 11:00:00,short,0.66595,63.99,68.0,88.64,0.53,med_low_flat,False,True,False,False,False,0.0,0.0,50.0,0.0,0.0,0.0,0.0,0.0,50.0,0.0,0.0,-1,0.0,G2_EDGE,edge=64.0 < thr=68.0,-1,0.0,0.0,
SOL/USDT,1430,2026-05-08 12:00:00,short,0.67042,67.68,68.0,88.46,0.527143,med_low_flat,False,True,False,False,False,0.0,0.0,50.0,0.0,0.0,0.0,0.0,0.0,50.0,0.0,0.0,-1,0.0,G2_EDGE,edge=67.7 < thr=68.0,-1,0.0,0.0,
SOL/USDT,1431,2026-05-08 13:00:00,short,0.66925,53.33,80.0,88.34,0.536429,low_low_flat,False,True,False,False,False,0.0,0.0,50.0,0.0,0.0,0.0,0.0,0.0,50.0,0.0,0.0,-1,0.0,G2_EDGE,edge=53.3 < thr=80.0,-1,0.0,0.0,
SOL/USDT,1432,2026-05-08 14:00:00,short,0.65078,71.98,76.0,89.15,0.571429,low_low_up,False,True,False,False,False,0.0,0.0,50.0,0.0,0.0,0.0,0.0,0.0,50.0,0.0,0.0,-1,0.0,G2_EDGE,edge=72.0 < thr=76.0,-1,0.0,0.0,
SOL/USDT,1433,2026-05-08 15:00:00,short,0.61351,65.46,76.0,89.59,0.622857,low_low_up,False,True,False,False,False,0.0,0.0,50.0,0.0,0.0,0.0,0.0,0.0,50.0,0.0,0.0,-1,0.0,G2_EDGE,edge=65.5 < thr=76.0,-1,0.0,0.0,
SOL/USDT,1434,2026-05-08 16:00:00,short,0.61237,65.77,76.0,89.59,0.601429,low_low_up,False,True,False,False,False,0.0,0.0,50.0,0.0,0.0,0.0,0.0,0.0,50.0,0.0,0.0,-1,0.0,G2_EDGE,edge=65.8 < thr=76.0,-1,0.0,0.0,
SOL/USDT,1435,2026-05-08 17:00:00,short,0.57376,100.0,30.0,91.65,0.719286,med_med_up,False,True,False,True,False,0.0,0.7539643106082113,24.327956774321546,1.0,0.0,0.0,0.25,0.5,50.0,0.0,0.0,-1,0.0,G4_5_MTF,prior(bullish)=0.25<0.6 OR rev(bearish)=0.50<0.5,-1,0.0,0.0,
SOL/USDT,1436,2026-05-08 18:00:00,short,0.58046,90.18,30.0,92.32,0.758571,med_med_up,False,True,False,True,False,0.0,0.7496451464948625,19.853617087847198,1.0,0.0,0.0,0.5,0.5,50.0,0.0,0.0,-1,0.0,G4_5_MTF,prior(bullish)=0.50<0.6 OR rev(bearish)=0.50<0.5,-1,0.0,0.0,
SOL/USDT,1437,2026-05-08 19:00:00,short,0.58306,86.68,30.0,92.6,0.786429,med_med_up,False,True,False,True,False,0.0,0.7496632205210805,18.84951317285038,1.0,0.0,0.0,0.5,0.0,50.0,0.0,0.0,-1,0.0,G4_5_MTF,prior(bullish)=0.50<0.6 OR rev(bearish)=0.00<0.5,-1,0.0,0.0,
SOL/USDT,1438,2026-05-08 20:00:00,short,0.59059,84.75,30.0,92.11,0.800714,med_med_up,False,True,False,True,False,0.0,0.5962007666595515,19.77761201237469,0.0,0.0,0.0,0.75,0.0,50.0,0.0,0.0,-1,0.0,G4_5_MTF,prior(bullish)=0.75<0.6 OR rev(bearish)=0.00<0.5,-1,0.0,0.0,
SOL/USDT,1439,2026-05-08 21:00:00,short,0.59469,81.99,30.0,92.3,0.805,med_med_up,False,True,False,True,False,0.0,0.7045095094981628,23.544962947307226,0.0,0.0,0.0,0.75,0.5,86.04240261402948,3.512838172028695,-0.5769174739902234,74,0.008722,TRADE,edge=82.0 meta_conf=0.5947,1475,94.19175,-1.8917,LOSS
SOL/USDT,1476,2026-05-10 10:00:00,short,0.57853,70.59,80.0,93.87,0.422857,low_low_flat,False,True,False,False,False,0.0,0.0,50.0,0.0,0.0,0.0,0.0,0.0,50.0,0.0,0.0,-1,0.0,G2_EDGE,edge=70.6 < thr=80.0,-1,0.0,0.0,
SOL/USDT,1477,2026-05-10 11:00:00,short,0.57658,74.85,80.0,93.55,0.48,low_low_flat,False,True,False,False,False,0.0,0.0,50.0,0.0,0.0,0.0,0.0,0.0,50.0,0.0,0.0,-1,0.0,G2_EDGE,edge=74.9 < thr=80.0,-1,0.0,0.0,
SOL/USDT,1478,2026-05-10 12:00:00,short,0.58021,47.47,80.0,93.32,0.487857,low_low_flat,False,True,False,False,False,0.0,0.0,50.0,0.0,0.0,0.0,0.0,0.0,50.0,0.0,0.0,-1,0.0,G2_EDGE,edge=47.5 < thr=80.0,-1,0.0,0.0,
SOL/USDT,1479,2026-05-10 13:00:00,short,0.58628,57.8,80.0,93.77,0.506429,low_low_flat,False,True,False,False,False,0.0,0.0,50.0,0.0,0.0,0.0,0.0,0.0,50.0,0.0,0.0,-1,0.0,G2_EDGE,edge=57.8 < thr=80.0,-1,0.0,0.0,
SOL/USDT,1480,2026-05-10 14:00:00,short,0.57719,64.84,76.0,93.89,0.508571,low_low_up,False,True,False,False,False,0.0,0.0,50.0,0.0,0.0,0.0,0.0,0.0,50.0,0.0,0.0,-1,0.0,G2_EDGE,edge=64.8 < thr=76.0,-1,0.0,0.0,
SOL/USDT,1481,2026-05-10 15:00:00,short,0.57063,68.8,76.0,94.53,0.537857,low_low_up,False,True,False,False,False,0.0,0.0,50.0,0.0,0.0,0.0,0.0,0.0,50.0,0.0,0.0,-1,0.0,G2_EDGE,edge=68.8 < thr=76.0,-1,0.0,0.0,
SOL/USDT,1482,2026-05-10 16:00:00,short,0.55626,68.14,76.0,94.84,0.573571,low_low_up,False,True,False,False,False,0.0,0.0,50.0,0.0,0.0,0.0,0.0,0.0,50.0,0.0,0.0,-1,0.0,G2_EDGE,edge=68.1 < thr=76.0,-1,0.0,0.0,
SOL/USDT,1483,2026-05-10 17:00:00,short,0.54693,81.54,76.0,96.49,0.654286,low_low_up,False,True,False,True,False,0.0,0.7576986517311446,22.65267590182594,1.0,0.0,0.0,0.0,0.0,50.0,0.0,0.0,-1,0.0,G3_5_ADX,adx=23.2 < 25 (weak trend),-1,0.0,0.0,
SOL/USDT,1484,2026-05-10 18:00:00,short,0.5534,88.39,76.0,96.44,0.698571,low_low_up,False,True,False,True,False,0.0,0.6346957044821462,19.175939739069047,0.0,0.0,0.0,0.75,0.0,50.0,0.0,0.0,-1,0.0,G4_5_MTF,prior(bullish)=0.75<0.6 OR rev(bearish)=0.00<0.5,-1,0.0,0.0,
SOL/USDT,1485,2026-05-10 19:00:00,short,0.55351,83.65,50.0,96.47,0.760714,low_med_up,False,False,False,False,False,0.0,0.0,50.0,0.0,0.0,0.0,0.0,0.0,50.0,0.0,0.0,-1,0.0,G2_EDGE,reg.sell_ok=False regime='low_med_up',-1,0.0,0.0,
SOL/USDT,1486,2026-05-10 20:00:00,short,0.61298,99.74,50.0,94.52,0.972143,low_med_up,False,False,False,False,False,0.0,0.0,50.0,0.0,0.0,0.0,0.0,0.0,50.0,0.0,0.0,-1,0.0,G2_EDGE,reg.sell_ok=False regime='low_med_up',-1,0.0,0.0,
SOL/USDT,1487,2026-05-10 21:00:00,short,0.6005,77.73,50.0,95.08,1.034286,low_med_up,False,False,False,False,False,0.0,0.0,50.0,0.0,0.0,0.0,0.0,0.0,50.0,0.0,0.0,-1,0.0,G2_EDGE,reg.sell_ok=False regime='low_med_up',-1,0.0,0.0,
SOL/USDT,1488,2026-05-10 22:00:00,short,0.5718,86.51,30.0,96.23,1.091429,med_high_up,False,False,False,False,False,0.0,0.0,50.0,0.0,0.0,0.0,0.0,0.0,50.0,0.0,0.0,-1,0.0,G2_EDGE,reg.sell_ok=False regime='med_high_up',-1,0.0,0.0,
SOL/USDT,1489,2026-05-10 23:00:00,short,0.56163,87.69,30.0,96.47,1.100714,med_high_up,False,False,False,False,False,0.0,0.0,50.0,0.0,0.0,0.0,0.0,0.0,50.0,0.0,0.0,-1,0.0,G2_EDGE,reg.sell_ok=False regime='med_high_up',-1,0.0,0.0,
SOL/USDT,1490,2026-05-11 00:00:00,short,0.55879,74.01,30.0,95.79,1.140714,med_high_up,False,False,False,False,False,0.0,0.0,50.0,0.0,0.0,0.0,0.0,0.0,50.0,0.0,0.0,-1,0.0,G2_EDGE,reg.sell_ok=False regime='med_high_up',-1,0.0,0.0,
SOL/USDT,1491,2026-05-11 01:00:00,short,0.55687,88.35,30.0,96.05,1.138571,med_high_up,False,False,False,False,False,0.0,0.0,50.0,0.0,0.0,0.0,0.0,0.0,50.0,0.0,0.0,-1,0.0,G2_EDGE,reg.sell_ok=False regime='med_high_up',-1,0.0,0.0,
SOL/USDT,1492,2026-05-11 02:00:00,short,0.60521,80.39,30.0,95.3,1.176429,med_high_up,False,False,False,False,False,0.0,0.0,50.0,0.0,0.0,0.0,0.0,0.0,50.0,0.0,0.0,-1,0.0,G2_EDGE,reg.sell_ok=False regime='med_high_up',-1,0.0,0.0,
SOL/USDT,1493,2026-05-11 03:00:00,short,0.64141,84.93,30.0,94.76,1.189286,med_high_up,False,False,False,False,False,0.0,0.0,50.0,0.0,0.0,0.0,0.0,0.0,50.0,0.0,0.0,-1,0.0,G2_EDGE,reg.sell_ok=False regime='med_high_up',-1,0.0,0.0,
SOL/USDT,1494,2026-05-11 04:00:00,short,0.63812,57.16,30.0,94.97,1.212857,med_high_up,False,False,False,False,False,0.0,0.0,50.0,0.0,0.0,0.0,0.0,0.0,50.0,0.0,0.0,-1,0.0,G2_EDGE,reg.sell_ok=False regime='med_high_up',-1,0.0,0.0,
SOL/USDT,1495,2026-05-11 05:00:00,short,0.60817,65.88,30.0,95.71,1.22,med_high_up,False,False,False,False,False,0.0,0.0,50.0,0.0,0.0,0.0,0.0,0.0,50.0,0.0,0.0,-1,0.0,G2_EDGE,reg.sell_ok=False regime='med_high_up',-1,0.0,0.0,
SOL/USDT,1496,2026-05-11 06:00:00,short,0.62663,57.05,30.0,95.49,1.215714,med_high_up,False,False,False,False,False,0.0,0.0,50.0,0.0,0.0,0.0,0.0,0.0,50.0,0.0,0.0,-1,0.0,G2_EDGE,reg.sell_ok=False regime='med_high_up',-1,0.0,0.0,
SOL/USDT,1497,2026-05-11 07:00:00,short,0.65663,60.02,30.0,95.33,1.126429,med_high_up,False,False,False,False,False,0.0,0.0,50.0,0.0,0.0,0.0,0.0,0.0,50.0,0.0,0.0,-1,0.0,G2_EDGE,reg.sell_ok=False regime='med_high_up',-1,0.0,0.0,
SOL/USDT,1498,2026-05-11 08:00:00,short,0.65488,67.84,0.0,94.79,1.12,med_high_flat,,,True,False,False,0.0,0.0,50.0,0.0,0.0,0.0,0.0,0.0,50.0,0.0,0.0,-1,0.0,G1_REGIME,regime='med_high_flat' skipped=True reg_empty=False,-1,0.0,0.0,
SOL/USDT,1499,2026-05-11 09:00:00,short,0.65062,56.94,30.0,95.3,1.081429,med_high_up,False,False,False,False,False,0.0,0.0,50.0,0.0,0.0,0.0,0.0,0.0,50.0,0.0,0.0,-1,0.0,G2_EDGE,reg.sell_ok=False regime='med_high_up',-1,0.0,0.0,
SOL/USDT,1500,2026-05-11 10:00:00,short,0.64377,58.49,30.0,95.07,0.892143,med_med_up,False,True,False,False,False,0.0,0.0,50.0,0.0,0.0,0.0,0.0,0.0,50.0,0.0,0.0,-1,0.0,G3_MIN_QUALITY,edge=58.5 < MIN_QUALITY_SCORE=70.0,-1,0.0,0.0,
SOL/USDT,1501,2026-05-11 11:00:00,short,0.64148,57.03,30.0,95.25,0.854286,med_med_up,False,True,False,False,False,0.0,0.0,50.0,0.0,0.0,0.0,0.0,0.0,50.0,0.0,0.0,-1,0.0,G3_MIN_QUALITY,edge=57.0 < MIN_QUALITY_SCORE=70.0,-1,0.0,0.0,
SOL/USDT,1502,2026-05-11 12:00:00,short,0.64708,63.7,30.0,94.81,0.800714,med_med_up,False,True,False,False,False,0.0,0.0,50.0,0.0,0.0,0.0,0.0,0.0,50.0,0.0,0.0,-1,0.0,G3_MIN_QUALITY,edge=63.7 < MIN_QUALITY_SCORE=70.0,-1,0.0,0.0,
SOL/USDT,1503,2026-05-11 13:00:00,short,0.63077,67.21,30.0,95.23,0.804286,med_med_up,False,True,False,False,False,0.0,0.0,50.0,0.0,0.0,0.0,0.0,0.0,50.0,0.0,0.0,-1,0.0,G3_MIN_QUALITY,edge=67.2 < MIN_QUALITY_SCORE=70.0,-1,0.0,0.0,
SOL/USDT,1504,2026-05-11 14:00:00,short,0.6484,84.93,30.0,95.17,0.820714,med_med_up,False,True,False,False,False,0.0,-0.21379860878226703,73.61333064870003,0.0,0.0,0.0,0.0,0.0,50.0,0.0,0.0,-1,0.0,G3_5_ADX,adx=15.9 < 25 (weak trend),-1,0.0,0.0,
SOL/USDT,1505,2026-05-11 15:00:00,short,0.57931,84.15,30.0,96.8,0.879286,high_med_up,False,False,False,False,False,0.0,0.0,50.0,0.0,0.0,0.0,0.0,0.0,50.0,0.0,0.0,-1,0.0,G2_EDGE,reg.sell_ok=False regime='high_med_up',-1,0.0,0.0,
SOL/USDT,1506,2026-05-11 16:00:00,short,0.55937,83.15,30.0,97.35,0.918571,high_med_up,False,False,False,False,False,0.0,0.0,50.0,0.0,0.0,0.0,0.0,0.0,50.0,0.0,0.0,-1,0.0,G2_EDGE,reg.sell_ok=False regime='high_med_up',-1,0.0,0.0,
SOL/USDT,1507,2026-05-11 17:00:00,short,0.56046,62.25,30.0,97.77,0.932143,high_med_up,False,False,False,False,False,0.0,0.0,50.0,0.0,0.0,0.0,0.0,0.0,50.0,0.0,0.0,-1,0.0,G2_EDGE,reg.sell_ok=False regime='high_med_up',-1,0.0,0.0,
SOL/USDT,1508,2026-05-11 18:00:00,short,0.56635,63.99,50.0,97.29,0.936429,high_med_flat,False,False,False,False,False,0.0,0.0,50.0,0.0,0.0,0.0,0.0,0.0,50.0,0.0,0.0,-1,0.0,G2_EDGE,reg.sell_ok=False regime='high_med_flat',-1,0.0,0.0,
SOL/USDT,1509,2026-05-11 19:00:00,short,0.56327,81.58,30.0,98.19,0.967857,high_med_up,False,False,False,False,False,0.0,0.0,50.0,0.0,0.0,0.0,0.0,0.0,50.0,0.0,0.0,-1,0.0,G2_EDGE,reg.sell_ok=False regime='high_med_up',-1,0.0,0.0,
SOL/USDT,1510,2026-05-11 20:00:00,short,0.55722,81.48,30.0,97.63,0.972143,med_med_up,False,True,False,True,False,0.0,0.5833210703009003,43.9429564002392,0.0,0.0,0.0,0.75,0.5,65.11299422152806,2.4242986426864475,0.3890644920648785,-1,0.0,G5_RSI_ACCEL,rsi_accel=0.3891>0.08 (RSI recovering),-1,0.0,0.0,
SOL/USDT,1511,2026-05-11 21:00:00,short,0.55959,79.87,30.0,97.41,0.977143,med_med_up,False,True,False,True,False,0.0,0.5269710709769948,43.50887593191166,0.0,0.0,0.0,0.75,0.5,64.5658262039326,2.3748746270822187,-0.04942401560422871,36,0.010031,TRADE,edge=79.9 meta_conf=0.5596,1550,92.817429,4.5926,WIN
SOL/USDT,1551,2026-05-13 13:00:00,short,0.68867,79.24,70.0,92.28,0.797857,med_med_down,False,True,False,False,True,0.0,-0.6850282638271746,28.96981147212404,0.0,0.0,0.0,0.0,0.0,50.0,0.0,0.0,-1,0.0,G3_5_ADX,adx=21.6 < 25 (weak trend),-1,0.0,0.0,
SOL/USDT,1552,2026-05-13 14:00:00,short,0.69555,59.28,70.0,91.78,0.823571,med_med_down,False,True,False,False,False,0.0,0.0,50.0,0.0,0.0,0.0,0.0,0.0,50.0,0.0,0.0,-1,0.0,G2_EDGE,edge=59.3 < thr=70.0,-1,0.0,0.0,
SOL/USDT,1553,2026-05-13 15:00:00,short,0.69769,89.89,70.0,90.43,0.874286,med_med_down,False,True,False,False,True,0.0,-0.7548928927876495,17.135796484858957,-1.0,0.0,0.0,0.25,1.0,50.0,0.0,0.0,-1,0.0,G4_5_MTF,prior(bullish)=0.25<0.6 OR rev(bearish)=1.00<0.5,-1,0.0,0.0,
SOL/USDT,1554,2026-05-13 16:00:00,short,0.70888,74.9,70.0,90.87,0.895714,med_med_down,False,True,False,False,True,0.0,-0.6242720725151917,18.09002883887981,0.0,0.0,0.0,0.0,1.0,50.0,0.0,0.0,-1,0.0,G4_5_MTF,prior(bullish)=0.00<0.6 OR rev(bearish)=1.00<0.5,-1,0.0,0.0,
SOL/USDT,1555,2026-05-13 17:00:00,short,0.70515,73.71,70.0,90.89,0.891429,med_med_down,False,True,False,False,True,0.0,-0.6204087253055287,19.10093679937065,0.0,0.0,0.0,0.0,0.5,50.0,0.0,0.0,-1,0.0,G4_5_MTF,prior(bullish)=0.00<0.6 OR rev(bearish)=0.50<0.5,-1,0.0,0.0,
SOL/USDT,1556,2026-05-13 18:00:00,short,0.71616,69.44,70.0,90.93,0.897143,med_med_down,False,True,False,False,False,0.0,0.0,50.0,0.0,0.0,0.0,0.0,0.0,50.0,0.0,0.0,-1,0.0,G2_EDGE,edge=69.4 < thr=70.0,-1,0.0,0.0,
SOL/USDT,1557,2026-05-13 19:00:00,short,0.72263,67.9,70.0,90.96,0.905714,med_med_down,False,True,False,False,False,0.0,0.0,50.0,0.0,0.0,0.0,0.0,0.0,50.0,0.0,0.0,-1,0.0,G2_EDGE,edge=67.9 < thr=70.0,-1,0.0,0.0,
SOL/USDT,1558,2026-05-13 20:00:00,short,0.72781,67.53,70.0,91.24,0.894286,med_med_down,False,True,False,False,False,0.0,0.0,50.0,0.0,0.0,0.0,0.0,0.0,50.0,0.0,0.0,-1,0.0,G2_EDGE,edge=67.5 < thr=70.0,-1,0.0,0.0,
SOL/USDT,1559,2026-05-13 21:00:00,short,0.72824,68.83,70.0,90.89,0.902143,med_med_down,False,True,False,False,False,0.0,0.0,50.0,0.0,0.0,0.0,0.0,0.0,50.0,0.0,0.0,-1,0.0,G2_EDGE,edge=68.8 < thr=70.0,-1,0.0,0.0,
SOL/USDT,1560,2026-05-13 22:00:00,short,0.73446,67.1,70.0,91.18,0.892143,med_med_down,False,True,False,False,False,0.0,0.0,50.0,0.0,0.0,0.0,0.0,0.0,50.0,0.0,0.0,-1,0.0,G2_EDGE,edge=67.1 < thr=70.0,-1,0.0,0.0,
SOL/USDT,1561,2026-05-13 23:00:00,short,0.73491,67.25,70.0,91.17,0.888571,med_med_down,False,True,False,False,False,0.0,0.0,50.0,0.0,0.0,0.0,0.0,0.0,50.0,0.0,0.0,-1,0.0,G2_EDGE,edge=67.3 < thr=70.0,-1,0.0,0.0,
SOL/USDT,1562,2026-05-14 00:00:00,short,0.74999,68.48,70.0,91.21,0.839286,med_med_down,False,True,False,False,False,0.0,0.0,50.0,0.0,0.0,0.0,0.0,0.0,50.0,0.0,0.0,-1,0.0,G2_EDGE,edge=68.5 < thr=70.0,-1,0.0,0.0,
SOL/USDT,1563,2026-05-14 01:00:00,short,0.7395,67.34,70.0,91.16,0.824286,med_med_down,False,True,False,False,False,0.0,0.0,50.0,0.0,0.0,0.0,0.0,0.0,50.0,0.0,0.0,-1,0.0,G2_EDGE,edge=67.3 < thr=70.0,-1,0.0,0.0,
SOL/USDT,1564,2026-05-14 02:00:00,short,0.71441,67.17,70.0,90.58,0.71,med_med_down,False,True,False,False,False,0.0,0.0,50.0,0.0,0.0,0.0,0.0,0.0,50.0,0.0,0.0,-1,0.0,G2_EDGE,edge=67.2 < thr=70.0,-1,0.0,0.0,
SOL/USDT,1565,2026-05-14 03:00:00,short,0.71203,74.41,30.0,89.93,0.672143,med_low_down,False,False,False,False,False,0.0,0.0,50.0,0.0,0.0,0.0,0.0,0.0,50.0,0.0,0.0,-1,0.0,G2_EDGE,reg.sell_ok=False regime='med_low_down',-1,0.0,0.0,
SOL/USDT,1566,2026-05-14 04:00:00,short,0.71,75.63,30.0,90.48,0.658571,med_low_down,False,False,False,False,False,0.0,0.0,50.0,0.0,0.0,0.0,0.0,0.0,50.0,0.0,0.0,-1,0.0,G2_EDGE,reg.sell_ok=False regime='med_low_down',-1,0.0,0.0,
SOL/USDT,1567,2026-05-14 05:00:00,short,0.72787,82.27,30.0,91.29,0.615714,med_low_down,False,False,False,False,False,0.0,0.0,50.0,0.0,0.0,0.0,0.0,0.0,50.0,0.0,0.0,-1,0.0,G2_EDGE,reg.sell_ok=False regime='med_low_down',-1,0.0,0.0,
SOL/USDT,1568,2026-05-14 06:00:00,short,0.72566,81.47,30.0,91.41,0.577143,med_low_down,False,False,False,False,False,0.0,0.0,50.0,0.0,0.0,0.0,0.0,0.0,50.0,0.0,0.0,-1,0.0,G2_EDGE,reg.sell_ok=False regime='med_low_down',-1,0.0,0.0,
SOL/USDT,1569,2026-05-14 07:00:00,short,0.71717,80.86,0.0,90.88,0.64,high_low_down,,,True,False,False,0.0,0.0,50.0,0.0,0.0,0.0,0.0,0.0,50.0,0.0,0.0,-1,0.0,G1_REGIME,regime='high_low_down' skipped=True reg_empty=False,-1,0.0,0.0,
SOL/USDT,1570,2026-05-14 08:00:00,short,0.72443,74.09,0.0,91.06,0.639286,high_low_down,,,True,False,False,0.0,0.0,50.0,0.0,0.0,0.0,0.0,0.0,50.0,0.0,0.0,-1,0.0,G1_REGIME,regime='high_low_down' skipped=True reg_empty=False,-1,0.0,0.0,
SOL/USDT,1571,2026-05-14 09:00:00,short,0.71514,73.97,0.0,90.86,0.641429,high_low_down,,,True,False,False,0.0,0.0,50.0,0.0,0.0,0.0,0.0,0.0,50.0,0.0,0.0,-1,0.0,G1_REGIME,regime='high_low_down' skipped=True reg_empty=False,-1,0.0,0.0,
SOL/USDT,1572,2026-05-14 10:00:00,short,0.71424,72.95,30.0,91.05,0.645714,med_low_down,False,False,False,False,False,0.0,0.0,50.0,0.0,0.0,0.0,0.0,0.0,50.0,0.0,0.0,-1,0.0,G2_EDGE,reg.sell_ok=False regime='med_low_down',-1,0.0,0.0,
SOL/USDT,1573,2026-05-14 11:00:00,short,0.69945,73.85,30.0,90.64,0.641429,med_low_down,False,False,False,False,False,0.0,0.0,50.0,0.0,0.0,0.0,0.0,0.0,50.0,0.0,0.0,-1,0.0,G2_EDGE,reg.sell_ok=False regime='med_low_down',-1,0.0,0.0,
SOL/USDT,1574,2026-05-14 12:00:00,short,0.71001,81.68,30.0,91.22,0.651429,med_low_down,False,False,False,False,False,0.0,0.0,50.0,0.0,0.0,0.0,0.0,0.0,50.0,0.0,0.0,-1,0.0,G2_EDGE,reg.sell_ok=False regime='med_low_down',-1,0.0,0.0,
SOL/USDT,1575,2026-05-14 13:00:00,short,0.69604,82.91,68.0,90.78,0.686429,med_low_flat,False,True,False,False,True,0.0,-0.34038637234720476,55.201575980764886,0.0,0.0,0.0,0.5,0.5,50.0,0.0,0.0,-1,0.0,G4_5_MTF,prior(bullish)=0.50<0.6 OR rev(bearish)=0.50<0.5,-1,0.0,0.0,
SOL/USDT,1576,2026-05-14 14:00:00,short,0.68456,100.0,30.0,92.28,0.784286,med_med_flat,False,True,False,True,False,0.0,0.5670795518900841,49.684322618907636,1.0,0.0,0.0,0.5,0.5,50.0,0.0,0.0,-1,0.0,G4_5_MTF,prior(bullish)=0.50<0.6 OR rev(bearish)=0.50<0.5,-1,0.0,0.0,
SOL/USDT,1577,2026-05-14 15:00:00,short,0.67254,87.44,30.0,93.16,0.85,med_med_up,False,True,False,True,False,0.0,0.6381914917647853,38.25578717982346,1.0,0.0,0.0,0.5,0.5,50.0,0.0,0.0,-1,0.0,G4_5_MTF,prior(bullish)=0.50<0.6 OR rev(bearish)=0.50<0.5,-1,0.0,0.0,
SOL/USDT,1578,2026-05-14 16:00:00,short,0.67597,86.35,30.0,93.33,0.888571,med_med_up,False,True,False,True,False,0.0,0.6310133547286826,34.49251052741335,1.0,0.0,0.0,0.5,0.0,50.0,0.0,0.0,-1,0.0,G4_5_MTF,prior(bullish)=0.50<0.6 OR rev(bearish)=0.00<0.5,-1,0.0,0.0,
SOL/USDT,1579,2026-05-14 17:00:00,short,0.68563,96.15,30.0,93.02,0.912857,med_med_up,False,True,False,True,False,0.0,0.5476421480973991,35.826395806738084,0.0,0.0,0.0,0.5,0.0,50.0,0.0,0.0,-1,0.0,G4_5_MTF,prior(bullish)=0.50<0.6 OR rev(bearish)=0.00<0.5,-1,0.0,0.0,
SOL/USDT,1580,2026-05-14 18:00:00,short,0.68983,87.8,30.0,93.43,0.925714,med_med_up,False,True,False,True,False,0.0,0.6568279886067308,42.617187149558816,0.0,0.0,0.0,0.75,0.5,71.91679034073775,1.3562146303984977,-0.08811817262765986,30,0.009908,TRADE,edge=87.8 meta_conf=0.6898,1599,89.079143,4.3509,WIN
SOL/USDT,1600,2026-05-15 14:00:00,short,0.73465,90.28,70.0,89.06,0.827857,med_med_down,False,True,False,False,True,0.0,-0.6298779343045477,37.754216473327375,0.0,0.0,0.0,0.25,1.0,50.0,0.0,0.0,-1,0.0,G4_5_MTF,prior(bullish)=0.25<0.6 OR rev(bearish)=1.00<0.5,-1,0.0,0.0,
SOL/USDT,1601,2026-05-15 15:00:00,short,0.72158,83.18,70.0,89.04,0.807857,med_med_down,False,True,False,False,True,0.0,-0.6976515794870323,38.26908266853389,0.0,0.0,0.0,0.25,0.5,50.0,0.0,0.0,-1,0.0,G4_5_MTF,prior(bullish)=0.25<0.6 OR rev(bearish)=0.50<0.5,-1,0.0,0.0,
SOL/USDT,1602,2026-05-15 16:00:00,short,0.71947,71.97,70.0,89.5,0.802143,med_med_down,False,True,False,False,True,0.0,-0.5771760444850128,37.9407243038348,0.0,0.0,0.0,0.25,0.5,50.0,0.0,0.0,-1,0.0,G4_5_MTF,prior(bullish)=0.25<0.6 OR rev(bearish)=0.50<0.5,-1,0.0,0.0,
SOL/USDT,1603,2026-05-15 17:00:00,short,0.70974,77.62,70.0,89.82,0.789286,med_med_down,False,True,False,False,True,0.0,-0.5099784615760815,41.90122306967177,0.0,0.0,0.0,0.25,0.5,50.0,0.0,0.0,-1,0.0,G4_5_MTF,prior(bullish)=0.25<0.6 OR rev(bearish)=0.50<0.5,-1,0.0,0.0,
SOL/USDT,1604,2026-05-15 18:00:00,short,0.70955,77.42,70.0,89.8,0.777143,med_med_down,False,True,False,False,True,0.0,-0.5545035822124247,45.51273057971648,0.0,0.0,0.0,0.25,0.0,50.0,0.0,0.0,-1,0.0,G4_5_MTF,prior(bullish)=0.25<0.6 OR rev(bearish)=0.00<0.5,-1,0.0,0.0,
SOL/USDT,1605,2026-05-15 19:00:00,short,0.70151,76.92,70.0,89.42,0.717857,med_med_down,False,True,False,False,True,0.0,-0.5768919584061638,45.15916100681727,0.0,0.0,0.0,0.5,0.5,50.0,0.0,0.0,-1,0.0,G4_5_MTF,prior(bullish)=0.50<0.6 OR rev(bearish)=0.50<0.5,-1,0.0,0.0,
SOL/USDT,1606,2026-05-15 20:00:00,short,0.69983,75.11,70.0,89.28,0.704286,med_med_down,False,True,False,False,True,0.0,-0.5418544979505673,44.9433386763756,0.0,0.0,0.0,0.75,1.0,33.82899619449694,-0.09045425166248562,-0.11665135532666854,7,0.007889,TRADE,edge=75.1 meta_conf=0.6998,1619,85.969857,3.3101,WIN
SOL/USDT,1620,2026-05-16 10:00:00,short,0.68508,73.88,30.0,86.01,0.617857,med_low_down,False,False,False,False,False,0.0,0.0,50.0,0.0,0.0,0.0,0.0,0.0,50.0,0.0,0.0,-1,0.0,G2_EDGE,reg.sell_ok=False regime='med_low_down',-1,0.0,0.0,
SOL/USDT,1621,2026-05-16 11:00:00,short,0.69254,67.93,30.0,86.11,0.61,med_low_down,False,False,False,False,False,0.0,0.0,50.0,0.0,0.0,0.0,0.0,0.0,50.0,0.0,0.0,-1,0.0,G2_EDGE,reg.sell_ok=False regime='med_low_down',-1,0.0,0.0,
SOL/USDT,1622,2026-05-16 12:00:00,short,0.69429,67.1,30.0,86.26,0.618571,med_low_down,False,False,False,False,False,0.0,0.0,50.0,0.0,0.0,0.0,0.0,0.0,50.0,0.0,0.0,-1,0.0,G2_EDGE,reg.sell_ok=False regime='med_low_down',-1,0.0,0.0,
SOL/USDT,1623,2026-05-16 13:00:00,short,0.69509,66.46,30.0,86.26,0.622857,med_low_down,False,False,False,False,False,0.0,0.0,50.0,0.0,0.0,0.0,0.0,0.0,50.0,0.0,0.0,-1,0.0,G2_EDGE,reg.sell_ok=False regime='med_low_down',-1,0.0,0.0,
SOL/USDT,1624,2026-05-16 14:00:00,short,0.69843,67.6,30.0,86.4,0.647143,low_low_down,False,True,False,False,False,0.0,0.0,50.0,0.0,0.0,0.0,0.0,0.0,50.0,0.0,0.0,-1,0.0,G3_MIN_QUALITY,edge=67.6 < MIN_QUALITY_SCORE=70.0,-1,0.0,0.0,
SOL/USDT,1625,2026-05-16 15:00:00,short,0.69518,66.6,30.0,86.5,0.647143,low_low_down,False,True,False,False,False,0.0,0.0,50.0,0.0,0.0,0.0,0.0,0.0,50.0,0.0,0.0,-1,0.0,G3_MIN_QUALITY,edge=66.6 < MIN_QUALITY_SCORE=70.0,-1,0.0,0.0,
SOL/USDT,1626,2026-05-16 16:00:00,short,0.6986,66.78,30.0,86.63,0.646429,low_low_down,False,True,False,False,False,0.0,0.0,50.0,0.0,0.0,0.0,0.0,0.0,50.0,0.0,0.0,-1,0.0,G3_MIN_QUALITY,edge=66.8 < MIN_QUALITY_SCORE=70.0,-1,0.0,0.0,
SOL/USDT,1627,2026-05-16 17:00:00,short,0.69644,63.82,30.0,86.81,0.650714,low_low_down,False,True,False,False,False,0.0,0.0,50.0,0.0,0.0,0.0,0.0,0.0,50.0,0.0,0.0,-1,0.0,G3_MIN_QUALITY,edge=63.8 < MIN_QUALITY_SCORE=70.0,-1,0.0,0.0,
SOL/USDT,1628,2026-05-16 18:00:00,short,0.68633,63.55,30.0,86.81,0.612857,low_low_down,False,True,False,False,False,0.0,0.0,50.0,0.0,0.0,0.0,0.0,0.0,50.0,0.0,0.0,-1,0.0,G3_MIN_QUALITY,edge=63.5 < MIN_QUALITY_SCORE=70.0,-1,0.0,0.0,
SOL/USDT,1629,2026-05-16 19:00:00,short,0.67898,64.46,30.0,86.69,0.580714,low_low_down,False,True,False,False,False,0.0,0.0,50.0,0.0,0.0,0.0,0.0,0.0,50.0,0.0,0.0,-1,0.0,G3_MIN_QUALITY,edge=64.5 < MIN_QUALITY_SCORE=70.0,-1,0.0,0.0,
SOL/USDT,1630,2026-05-16 20:00:00,short,0.67751,62.85,30.0,86.68,0.535714,low_low_down,False,True,False,False,False,0.0,0.0,50.0,0.0,0.0,0.0,0.0,0.0,50.0,0.0,0.0,-1,0.0,G3_MIN_QUALITY,edge=62.9 < MIN_QUALITY_SCORE=70.0,-1,0.0,0.0,
SOL/USDT,1631,2026-05-16 21:00:00,short,0.67757,71.28,30.0,86.59,0.463571,low_low_down,False,True,False,False,True,0.0,-0.252688995796298,52.38463274818365,0.0,0.0,0.0,0.75,1.0,32.39999981856009,1.6340436069256252,0.3959110499756977,-1,0.0,G5_RSI_ACCEL,rsi_accel=0.3959>0.08 (RSI recovering),-1,0.0,0.0,
SOL/USDT,1632,2026-05-16 22:00:00,short,0.67613,71.05,30.0,86.54,0.46,low_low_down,False,True,False,False,True,0.0,-0.31541273430756084,54.189738477687385,0.0,0.0,0.0,0.5,1.0,50.0,0.0,0.0,-1,0.0,G4_5_MTF,prior(bullish)=0.50<0.6 OR rev(bearish)=1.00<0.5,-1,0.0,0.0,
SOL/USDT,1633,2026-05-16 23:00:00,short,0.66942,68.7,30.0,86.54,0.351429,low_low_down,False,True,False,False,False,0.0,0.0,50.0,0.0,0.0,0.0,0.0,0.0,50.0,0.0,0.0,-1,0.0,G3_MIN_QUALITY,edge=68.7 < MIN_QUALITY_SCORE=70.0,-1,0.0,0.0,
SOL/USDT,1634,2026-05-17 00:00:00,short,0.6718,72.64,30.0,86.13,0.36,low_low_down,False,True,False,False,True,0.0,-0.17965624492295057,77.87019408429575,0.0,0.0,0.0,0.0,0.5,50.0,0.0,0.0,-1,0.0,G4_5_MTF,prior(bullish)=0.00<0.6 OR rev(bearish)=0.50<0.5,-1,0.0,0.0,
SOL/USDT,1635,2026-05-17 01:00:00,short,0.66966,77.06,30.0,85.75,0.390714,low_low_down,False,True,False,False,True,0.0,-0.4951763384767243,64.58615757056727,0.0,0.0,0.0,0.0,0.5,50.0,0.0,0.0,-1,0.0,G4_5_MTF,prior(bullish)=0.00<0.6 OR rev(bearish)=0.50<0.5,-1,0.0,0.0,
SOL/USDT,1636,2026-05-17 02:00:00,short,0.66796,76.89,30.0,86.0,0.397143,low_low_down,False,True,False,False,True,0.0,-0.33100724296695755,63.46393009443047,0.0,0.0,0.0,0.25,1.0,50.0,0.0,0.0,-1,0.0,G4_5_MTF,prior(bullish)=0.25<0.6 OR rev(bearish)=1.00<0.5,-1,0.0,0.0,
SOL/USDT,1637,2026-05-17 03:00:00,short,0.67126,71.37,30.0,86.53,0.425714,low_low_down,False,True,False,False,True,0.0,-0.04452561829865479,62.43602629719755,0.0,0.0,0.0,0.25,0.5,50.0,0.0,0.0,-1,0.0,G4_5_MTF,prior(bullish)=0.25<0.6 OR rev(bearish)=0.50<0.5,-1,0.0,0.0,
SOL/USDT,1638,2026-05-17 04:00:00,short,0.66723,79.46,30.0,86.86,0.416429,low_low_down,False,True,False,False,False,0.0,0.11465958652109835,60.92297205512811,0.0,0.0,0.0,0.25,0.0,50.0,0.0,0.0,-1,0.0,G4_5_MTF,prior(bullish)=0.25<0.6 OR rev(bearish)=0.00<0.5,-1,0.0,0.0,
SOL/USDT,1639,2026-05-17 05:00:00,short,0.6554,80.38,30.0,86.91,0.419286,low_low_down,False,True,False,False,False,0.0,0.18814734844754838,52.02907603352388,0.0,0.0,0.0,0.5,0.0,50.0,0.0,0.0,-1,0.0,G4_5_MTF,prior(bullish)=0.50<0.6 OR rev(bearish)=0.00<0.5,-1,0.0,0.0,
SOL/USDT,1640,2026-05-17 06:00:00,short,0.65769,74.48,80.0,86.85,0.411429,low_low_flat,False,True,False,False,False,0.0,0.0,50.0,0.0,0.0,0.0,0.0,0.0,50.0,0.0,0.0,-1,0.0,G2_EDGE,edge=74.5 < thr=80.0,-1,0.0,0.0,
SOL/USDT,1641,2026-05-17 07:00:00,short,0.65237,64.62,80.0,86.97,0.410714,low_low_flat,False,True,False,False,False,0.0,0.0,50.0,0.0,0.0,0.0,0.0,0.0,50.0,0.0,0.0,-1,0.0,G2_EDGE,edge=64.6 < thr=80.0,-1,0.0,0.0,
SOL/USDT,1642,2026-05-17 08:00:00,short,0.65498,68.57,80.0,86.83,0.415,low_low_flat,False,True,False,False,False,0.0,0.0,50.0,0.0,0.0,0.0,0.0,0.0,50.0,0.0,0.0,-1,0.0,G2_EDGE,edge=68.6 < thr=80.0,-1,0.0,0.0,
SOL/USDT,1643,2026-05-17 09:00:00,short,0.64714,72.56,76.0,86.89,0.422143,low_low_up,False,True,False,False,False,0.0,0.0,50.0,0.0,0.0,0.0,0.0,0.0,50.0,0.0,0.0,-1,0.0,G2_EDGE,edge=72.6 < thr=76.0,-1,0.0,0.0,
SOL/USDT,1644,2026-05-17 10:00:00,short,0.65179,87.95,76.0,87.0,0.438571,low_low_up,False,True,False,True,False,0.0,0.36197834943354096,46.385733463260664,0.0,0.0,0.0,0.75,0.5,56.20155008262708,1.0531961339905562,-0.5007379405602657,25,0.005041,TRADE,edge=88.0 meta_conf=0.6518,1657,84.938714,2.0613,WIN
SOL/USDT,1658,2026-05-18 00:00:00,short,0.63935,63.97,80.0,85.36,0.644286,low_low_flat,False,True,False,False,False,0.0,0.0,50.0,0.0,0.0,0.0,0.0,0.0,50.0,0.0,0.0,-1,0.0,G2_EDGE,edge=64.0 < thr=80.0,-1,0.0,0.0,
SOL/USDT,1659,2026-05-18 01:00:00,short,0.63844,60.91,30.0,84.98,0.693571,low_med_flat,False,True,False,False,False,0.0,0.0,50.0,0.0,0.0,0.0,0.0,0.0,50.0,0.0,0.0,-1,0.0,G3_MIN_QUALITY,edge=60.9 < MIN_QUALITY_SCORE=70.0,-1,0.0,0.0,
SOL/USDT,1660,2026-05-18 02:00:00,short,0.63975,58.38,30.0,84.89,0.717143,low_med_flat,False,True,False,False,False,0.0,0.0,50.0,0.0,0.0,0.0,0.0,0.0,50.0,0.0,0.0,-1,0.0,G3_MIN_QUALITY,edge=58.4 < MIN_QUALITY_SCORE=70.0,-1,0.0,0.0,
SOL/USDT,1661,2026-05-18 03:00:00,short,0.63533,79.19,52.0,84.85,0.722857,low_med_down,False,True,False,False,False,0.0,-0.6443241481860111,26.895378634978254,0.0,0.0,0.0,0.5,1.0,50.0,0.0,0.0,-1,0.0,G4_5_MTF,prior(bullish)=0.50<0.6 OR rev(bearish)=1.00<0.5,-1,0.0,0.0,
SOL/USDT,1662,2026-05-18 04:00:00,short,0.63133,85.38,52.0,85.26,0.737857,low_med_down,False,True,False,False,False,0.0,-0.43990553443095515,28.45096289688097,0.0,0.0,0.0,0.25,1.0,50.0,0.0,0.0,-1,0.0,G4_5_MTF,prior(bullish)=0.25<0.6 OR rev(bearish)=1.00<0.5,-1,0.0,0.0,
SOL/USDT,1663,2026-05-18 05:00:00,short,0.64038,90.39,52.0,84.86,0.766429,low_med_down,False,True,False,False,False,0.0,-0.6331550973483984,30.23780269745838,0.0,0.0,0.0,0.25,0.5,50.0,0.0,0.0,-1,0.0,G4_5_MTF,prior(bullish)=0.25<0.6 OR rev(bearish)=0.50<0.5,-1,0.0,0.0,
SOL/USDT,1664,2026-05-18 06:00:00,short,0.64048,81.0,52.0,84.74,0.775714,low_med_down,False,True,False,False,True,0.0,-0.5590016817135918,31.967656439864847,0.0,0.0,0.0,0.25,0.5,50.0,0.0,0.0,-1,0.0,G4_5_MTF,prior(bullish)=0.25<0.6 OR rev(bearish)=0.50<0.5,-1,0.0,0.0,
SOL/USDT,1665,2026-05-18 07:00:00,short,0.63633,75.86,70.0,84.76,0.792857,med_med_down,False,True,False,False,True,0.0,-0.47373679363053406,33.788619394750754,0.0,0.0,0.0,0.25,1.0,50.0,0.0,0.0,-1,0.0,G4_5_MTF,prior(bullish)=0.25<0.6 OR rev(bearish)=1.00<0.5,-1,0.0,0.0,
SOL/USDT,1666,2026-05-18 08:00:00,short,0.64155,86.24,70.0,84.91,0.792143,med_med_down,False,True,False,False,False,0.0,-0.46608346337151346,35.55049852820254,0.0,0.0,0.0,0.25,0.5,50.0,0.0,0.0,-1,0.0,G4_5_MTF,prior(bullish)=0.25<0.6 OR rev(bearish)=0.50<0.5,-1,0.0,0.0,
SOL/USDT,1667,2026-05-18 09:00:00,short,0.65066,66.79,70.0,84.49,0.789286,med_med_down,False,True,False,False,False,0.0,0.0,50.0,0.0,0.0,0.0,0.0,0.0,50.0,0.0,0.0,-1,0.0,G2_EDGE,edge=66.8 < thr=70.0,-1,0.0,0.0,
SOL/USDT,1668,2026-05-18 10:00:00,short,0.65452,68.98,52.0,84.26,0.790714,low_med_down,False,True,False,False,False,0.0,0.0,50.0,0.0,0.0,0.0,0.0,0.0,50.0,0.0,0.0,-1,0.0,G3_MIN_QUALITY,edge=69.0 < MIN_QUALITY_SCORE=70.0,-1,0.0,0.0,
SOL/USDT,1669,2026-05-18 11:00:00,short,0.64155,78.54,70.0,84.96,0.852857,med_med_down,False,True,False,False,False,0.0,-0.4292285890534128,40.984347706433994,0.0,0.0,0.0,0.5,1.0,50.0,0.0,0.0,-1,0.0,G4_5_MTF,prior(bullish)=0.50<0.6 OR rev(bearish)=1.00<0.5,-1,0.0,0.0,
SOL/USDT,1670,2026-05-18 12:00:00,short,0.61273,85.47,30.0,85.57,0.845714,med_med_flat,False,True,False,False,False,0.0,-0.10686341150767122,50.87269470563338,0.0,0.0,0.0,0.5,0.5,50.0,0.0,0.0,-1,0.0,G4_5_MTF,prior(bullish)=0.50<0.6 OR rev(bearish)=0.50<0.5,-1,0.0,0.0,
SOL/USDT,1671,2026-05-18 13:00:00,short,0.65118,79.38,70.0,84.69,0.737857,med_med_down,False,True,False,False,True,0.0,-0.3304553849188027,69.11964732449724,0.0,0.0,0.0,0.5,0.0,50.0,0.0,0.0,-1,0.0,G4_5_MTF,prior(bullish)=0.50<0.6 OR rev(bearish)=0.00<0.5,-1,0.0,0.0,
SOL/USDT,1672,2026-05-18 14:00:00,short,0.65224,81.98,70.0,83.98,0.738571,med_med_down,False,True,False,False,True,0.0,-0.58594688725874,62.2521539294487,0.0,0.0,0.0,0.5,0.5,50.0,0.0,0.0,-1,0.0,G4_5_MTF,prior(bullish)=0.50<0.6 OR rev(bearish)=0.50<0.5,-1,0.0,0.0,
SOL/USDT,1673,2026-05-18 15:00:00,short,0.65242,77.98,70.0,84.2,0.727857,med_med_down,False,True,False,False,True,0.0,-0.472017291604735,60.5934652407271,0.0,0.0,0.0,0.5,1.0,50.0,0.0,0.0,-1,0.0,G4_5_MTF,prior(bullish)=0.50<0.6 OR rev(bearish)=1.00<0.5,-1,0.0,0.0,
SOL/USDT,1674,2026-05-18 16:00:00,short,0.65043,76.18,70.0,84.33,0.722857,med_med_down,False,True,False,False,True,0.0,-0.465642558735628,60.61353133938575,0.0,0.0,0.0,0.5,0.5,50.0,0.0,0.0,-1,0.0,G4_5_MTF,prior(bullish)=0.50<0.6 OR rev(bearish)=0.50<0.5,-1,0.0,0.0,
SOL/USDT,1675,2026-05-18 17:00:00,short,0.65464,72.64,70.0,84.41,0.715,med_med_down,False,True,False,False,True,0.0,-0.38740333685090717,60.58593771333708,0.0,0.0,0.0,0.5,0.0,50.0,0.0,0.0,-1,0.0,G4_5_MTF,prior(bullish)=0.50<0.6 OR rev(bearish)=0.00<0.5,-1,0.0,0.0,
SOL/USDT,1676,2026-05-18 18:00:00,short,0.66052,78.27,70.0,83.53,0.73,med_med_down,False,True,False,False,True,0.0,-0.6350208197708052,58.52789267619279,0.0,0.0,0.0,0.5,0.0,50.0,0.0,0.0,-1,0.0,G4_5_MTF,prior(bullish)=0.50<0.6 OR rev(bearish)=0.00<0.5,-1,0.0,0.0,
SOL/USDT,1677,2026-05-18 19:00:00,short,0.63108,89.21,70.0,84.99,0.801429,med_med_down,False,True,False,False,False,0.0,-0.09461634890367844,58.65074477641355,0.0,0.0,0.0,0.5,0.5,50.0,0.0,0.0,-1,0.0,G4_5_MTF,prior(bullish)=0.50<0.6 OR rev(bearish)=0.50<0.5,-1,0.0,0.0,
SOL/USDT,1678,2026-05-18 20:00:00,short,0.63275,80.73,70.0,84.93,0.790714,med_med_down,False,True,False,False,False,0.0,-0.12935981262045437,58.703273991120234,0.0,0.0,0.0,0.75,0.5,51.45038156941914,1.7487818721507045,0.26510912361428063,-1,0.0,G5_RSI_ACCEL,rsi_accel=0.2651>0.08 (RSI recovering),-1,0.0,0.0,
SOL/USDT,1679,2026-05-18 21:00:00,short,0.62974,76.69,30.0,85.57,0.810714,med_med_flat,False,True,False,False,False,0.0,0.3103782080513284,58.76571397191182,0.0,0.0,0.0,0.75,0.5,55.64853545619531,2.0722216907920132,0.3234398186413088,-1,0.0,G5_RSI_ACCEL,rsi_accel=0.3234>0.08 (RSI recovering),-1,0.0,0.0,
SOL/USDT,1680,2026-05-18 22:00:00,short,0.63503,74.84,30.0,85.46,0.817143,med_med_flat,False,True,False,False,False,0.0,0.29516495659222797,58.85295744931769,0.0,0.0,0.0,0.75,0.5,53.856942390743754,2.2207634359108437,0.14854174511883045,-1,0.0,G5_RSI_ACCEL,rsi_accel=0.1485>0.08 (RSI recovering),-1,0.0,0.0,
SOL/USDT,1681,2026-05-18 23:00:00,short,0.63394,62.71,30.0,85.38,0.810714,med_med_flat,False,True,False,False,False,0.0,0.0,50.0,0.0,0.0,0.0,0.0,0.0,50.0,0.0,0.0,-1,0.0,G3_MIN_QUALITY,edge=62.7 < MIN_QUALITY_SCORE=70.0,-1,0.0,0.0,
SOL/USDT,1682,2026-05-19 00:00:00,short,0.64503,66.98,30.0,85.58,0.835714,med_med_flat,False,True,False,False,False,0.0,0.0,50.0,0.0,0.0,0.0,0.0,0.0,50.0,0.0,0.0,-1,0.0,G3_MIN_QUALITY,edge=67.0 < MIN_QUALITY_SCORE=70.0,-1,0.0,0.0,
SOL/USDT,1683,2026-05-19 01:00:00,short,0.65479,69.81,30.0,84.9,0.797143,med_med_flat,False,True,False,False,False,0.0,0.0,50.0,0.0,0.0,0.0,0.0,0.0,50.0,0.0,0.0,-1,0.0,G3_MIN_QUALITY,edge=69.8 < MIN_QUALITY_SCORE=70.0,-1,0.0,0.0,
SOL/USDT,1684,2026-05-19 02:00:00,short,0.65748,70.32,30.0,84.86,0.785714,med_med_flat,False,True,False,True,False,0.0,-0.13182852039045156,55.97870602169894,0.0,0.0,0.0,0.0,0.0,50.0,0.0,0.0,-1,0.0,G3_5_ADX,adx=12.8 < 25 (weak trend),-1,0.0,0.0,
SOL/USDT,1685,2026-05-19 03:00:00,short,0.65501,64.73,30.0,85.07,0.732857,med_med_flat,False,True,False,False,False,0.0,0.0,50.0,0.0,0.0,0.0,0.0,0.0,50.0,0.0,0.0,-1,0.0,G3_MIN_QUALITY,edge=64.7 < MIN_QUALITY_SCORE=70.0,-1,0.0,0.0,
SOL/USDT,1686,2026-05-19 04:00:00,short,0.64962,65.13,30.0,85.15,0.700714,med_med_flat,False,True,False,False,False,0.0,0.0,50.0,0.0,0.0,0.0,0.0,0.0,50.0,0.0,0.0,-1,0.0,G3_MIN_QUALITY,edge=65.1 < MIN_QUALITY_SCORE=70.0,-1,0.0,0.0,
SOL/USDT,1687,2026-05-19 05:00:00,short,0.66219,69.08,30.0,85.19,0.702857,med_med_flat,False,True,False,False,False,0.0,0.0,50.0,0.0,0.0,0.0,0.0,0.0,50.0,0.0,0.0,-1,0.0,G3_MIN_QUALITY,edge=69.1 < MIN_QUALITY_SCORE=70.0,-1,0.0,0.0,
SOL/USDT,1688,2026-05-19 06:00:00,short,0.66893,68.01,30.0,85.26,0.698571,low_med_flat,False,True,False,False,False,0.0,0.0,50.0,0.0,0.0,0.0,0.0,0.0,50.0,0.0,0.0,-1,0.0,G3_MIN_QUALITY,edge=68.0 < MIN_QUALITY_SCORE=70.0,-1,0.0,0.0,
SOL/USDT,1689,2026-05-19 07:00:00,short,0.6615,64.8,30.0,85.51,0.702857,low_med_flat,False,True,False,False,False,0.0,0.0,50.0,0.0,0.0,0.0,0.0,0.0,50.0,0.0,0.0,-1,0.0,G3_MIN_QUALITY,edge=64.8 < MIN_QUALITY_SCORE=70.0,-1,0.0,0.0,
SOL/USDT,1690,2026-05-19 08:00:00,short,0.65426,70.36,30.0,85.25,0.675714,low_med_flat,False,True,False,True,False,0.0,0.1649155736406159,55.573065453141,0.0,0.0,0.0,0.0,0.0,50.0,0.0,0.0,-1,0.0,G3_5_ADX,adx=10.9 < 25 (weak trend),-1,0.0,0.0,
SOL/USDT,1691,2026-05-19 09:00:00,short,0.65018,67.69,68.0,84.77,0.610714,med_low_flat,False,True,False,False,False,0.0,0.0,50.0,0.0,0.0,0.0,0.0,0.0,50.0,0.0,0.0,-1,0.0,G2_EDGE,edge=67.7 < thr=68.0,-1,0.0,0.0,
SOL/USDT,1692,2026-05-19 10:00:00,short,0.65525,63.51,80.0,84.7,0.611429,low_low_flat,False,True,False,False,False,0.0,0.0,50.0,0.0,0.0,0.0,0.0,0.0,50.0,0.0,0.0,-1,0.0,G2_EDGE,edge=63.5 < thr=80.0,-1,0.0,0.0,
SOL/USDT,1693,2026-05-19 11:00:00,short,0.6568,45.25,80.0,84.39,0.588571,low_low_flat,False,True,False,False,False,0.0,0.0,50.0,0.0,0.0,0.0,0.0,0.0,50.0,0.0,0.0,-1,0.0,G2_EDGE,edge=45.3 < thr=80.0,-1,0.0,0.0,
SOL/USDT,1694,2026-05-19 12:00:00,short,0.65285,72.44,80.0,84.78,0.587857,low_low_flat,False,True,False,False,False,0.0,0.0,50.0,0.0,0.0,0.0,0.0,0.0,50.0,0.0,0.0,-1,0.0,G2_EDGE,edge=72.4 < thr=80.0,-1,0.0,0.0,
SOL/USDT,1695,2026-05-19 13:00:00,short,0.6613,79.34,80.0,84.8,0.611429,low_low_flat,False,True,False,False,False,0.0,0.0,50.0,0.0,0.0,0.0,0.0,0.0,50.0,0.0,0.0,-1,0.0,G2_EDGE,edge=79.3 < thr=80.0,-1,0.0,0.0,
SOL/USDT,1696,2026-05-19 14:00:00,short,0.67782,68.45,80.0,84.11,0.653571,low_low_flat,False,True,False,False,False,0.0,0.0,50.0,0.0,0.0,0.0,0.0,0.0,50.0,0.0,0.0,-1,0.0,G2_EDGE,edge=68.5 < thr=80.0,-1,0.0,0.0,
SOL/USDT,1697,2026-05-19 15:00:00,short,0.66148,57.65,80.0,84.37,0.642857,low_low_flat,False,True,False,False,False,0.0,0.0,50.0,0.0,0.0,0.0,0.0,0.0,50.0,0.0,0.0,-1,0.0,G2_EDGE,edge=57.6 < thr=80.0,-1,0.0,0.0,
SOL/USDT,1698,2026-05-19 16:00:00,short,0.66448,72.87,80.0,84.85,0.648571,low_low_flat,False,True,False,False,False,0.0,0.0,50.0,0.0,0.0,0.0,0.0,0.0,50.0,0.0,0.0,-1,0.0,G2_EDGE,edge=72.9 < thr=80.0,-1,0.0,0.0,
SOL/USDT,1699,2026-05-19 17:00:00,short,0.65678,75.44,80.0,84.68,0.653571,low_low_flat,False,True,False,False,False,0.0,0.0,50.0,0.0,0.0,0.0,0.0,0.0,50.0,0.0,0.0,-1,0.0,G2_EDGE,edge=75.4 < thr=80.0,-1,0.0,0.0,
SOL/USDT,1700,2026-05-19 18:00:00,short,0.66238,75.08,76.0,84.37,0.655714,low_low_up,False,True,False,False,False,0.0,0.0,50.0,0.0,0.0,0.0,0.0,0.0,50.0,0.0,0.0,-1,0.0,G2_EDGE,edge=75.1 < thr=76.0,-1,0.0,0.0,
SOL/USDT,1701,2026-05-19 19:00:00,short,0.65254,75.8,80.0,84.35,0.635,low_low_flat,False,True,False,False,False,0.0,0.0,50.0,0.0,0.0,0.0,0.0,0.0,50.0,0.0,0.0,-1,0.0,G2_EDGE,edge=75.8 < thr=80.0,-1,0.0,0.0,
SOL/USDT,1702,2026-05-19 20:00:00,short,0.6456,78.71,80.0,84.51,0.619286,low_low_flat,False,True,False,False,False,0.0,0.0,50.0,0.0,0.0,0.0,0.0,0.0,50.0,0.0,0.0,-1,0.0,G2_EDGE,edge=78.7 < thr=80.0,-1,0.0,0.0,
SOL/USDT,1703,2026-05-19 21:00:00,short,0.64444,72.21,80.0,84.44,0.602143,low_low_flat,False,True,False,False,False,0.0,0.0,50.0,0.0,0.0,0.0,0.0,0.0,50.0,0.0,0.0,-1,0.0,G2_EDGE,edge=72.2 < thr=80.0,-1,0.0,0.0,
SOL/USDT,1704,2026-05-19 22:00:00,short,0.64631,74.51,80.0,84.1,0.594286,low_low_flat,False,True,False,False,False,0.0,0.0,50.0,0.0,0.0,0.0,0.0,0.0,50.0,0.0,0.0,-1,0.0,G2_EDGE,edge=74.5 < thr=80.0,-1,0.0,0.0,
SOL/USDT,1705,2026-05-19 23:00:00,short,0.6368,69.25,80.0,84.29,0.576429,low_low_flat,False,True,False,False,False,0.0,0.0,50.0,0.0,0.0,0.0,0.0,0.0,50.0,0.0,0.0,-1,0.0,G2_EDGE,edge=69.2 < thr=80.0,-1,0.0,0.0,
SOL/USDT,1706,2026-05-20 00:00:00,short,0.63987,76.77,80.0,84.23,0.570714,low_low_flat,False,True,False,False,False,0.0,0.0,50.0,0.0,0.0,0.0,0.0,0.0,50.0,0.0,0.0,-1,0.0,G2_EDGE,edge=76.8 < thr=80.0,-1,0.0,0.0,
SOL/USDT,1707,2026-05-20 01:00:00,short,0.62991,74.11,80.0,84.36,0.58,low_low_flat,False,True,False,False,False,0.0,0.0,50.0,0.0,0.0,0.0,0.0,0.0,50.0,0.0,0.0,-1,0.0,G2_EDGE,edge=74.1 < thr=80.0,-1,0.0,0.0,
SOL/USDT,1708,2026-05-20 02:00:00,short,0.65332,74.82,80.0,83.99,0.585,low_low_flat,False,True,False,False,False,0.0,0.0,50.0,0.0,0.0,0.0,0.0,0.0,50.0,0.0,0.0,-1,0.0,G2_EDGE,edge=74.8 < thr=80.0,-1,0.0,0.0,
SOL/USDT,1709,2026-05-20 03:00:00,short,0.64557,70.54,80.0,84.1,0.564286,low_low_flat,False,True,False,False,False,0.0,0.0,50.0,0.0,0.0,0.0,0.0,0.0,50.0,0.0,0.0,-1,0.0,G2_EDGE,edge=70.5 < thr=80.0,-1,0.0,0.0,
SOL/USDT,1710,2026-05-20 04:00:00,short,0.64319,69.08,80.0,84.23,0.500714,low_low_flat,False,True,False,False,False,0.0,0.0,50.0,0.0,0.0,0.0,0.0,0.0,50.0,0.0,0.0,-1,0.0,G2_EDGE,edge=69.1 < thr=80.0,-1,0.0,0.0,
SOL/USDT,1711,2026-05-20 05:00:00,short,0.63336,63.01,80.0,84.78,0.513571,low_low_flat,False,True,False,False,False,0.0,0.0,50.0,0.0,0.0,0.0,0.0,0.0,50.0,0.0,0.0,-1,0.0,G2_EDGE,edge=63.0 < thr=80.0,-1,0.0,0.0,
SOL/USDT,1712,2026-05-20 06:00:00,short,0.64094,67.01,80.0,84.99,0.480714,low_low_flat,False,True,False,False,False,0.0,0.0,50.0,0.0,0.0,0.0,0.0,0.0,50.0,0.0,0.0,-1,0.0,G2_EDGE,edge=67.0 < thr=80.0,-1,0.0,0.0,
SOL/USDT,1713,2026-05-20 07:00:00,short,0.65218,57.52,80.0,84.77,0.470714,low_low_flat,False,True,False,False,False,0.0,0.0,50.0,0.0,0.0,0.0,0.0,0.0,50.0,0.0,0.0,-1,0.0,G2_EDGE,edge=57.5 < thr=80.0,-1,0.0,0.0,
SOL/USDT,1714,2026-05-20 08:00:00,short,0.64484,65.51,80.0,84.98,0.465,low_low_flat,False,True,False,False,False,0.0,0.0,50.0,0.0,0.0,0.0,0.0,0.0,50.0,0.0,0.0,-1,0.0,G2_EDGE,edge=65.5 < thr=80.0,-1,0.0,0.0,
SOL/USDT,1715,2026-05-20 09:00:00,short,0.63862,76.28,80.0,84.9,0.445714,low_low_flat,False,True,False,False,False,0.0,0.0,50.0,0.0,0.0,0.0,0.0,0.0,50.0,0.0,0.0,-1,0.0,G2_EDGE,edge=76.3 < thr=80.0,-1,0.0,0.0,
SOL/USDT,1716,2026-05-20 10:00:00,short,0.64675,84.69,80.0,84.98,0.449286,low_low_flat,False,True,False,True,False,0.0,0.5132181410236729,64.1820930485116,0.0,0.0,0.0,0.75,0.5,58.54545424740485,1.9278592742955467,0.11154753062989986,-1,0.0,G5_RSI_ACCEL,rsi_accel=0.1115>0.08 (RSI recovering),-1,0.0,0.0,
SOL/USDT,1717,2026-05-20 11:00:00,short,0.64732,80.89,80.0,84.7,0.464286,low_low_flat,False,True,False,True,True,0.0,0.2868066736081793,63.469387011006475,0.0,0.0,0.0,0.75,0.5,54.391891634633,1.6820487716634416,-0.24581050263210513,60,0.005482,TRADE,edge=80.9 meta_conf=0.6473,1720,85.791071,-1.0911,LOSS
SOL/USDT,1721,2026-05-20 15:00:00,short,0.64622,100.0,76.0,85.92,0.618571,low_low_up,False,True,False,True,False,0.0,0.6492436842207255,41.26786948055321,0.0,0.0,0.0,0.5,0.5,50.0,0.0,0.0,-1,0.0,G4_5_MTF,prior(bullish)=0.50<0.6 OR rev(bearish)=0.50<0.5,-1,0.0,0.0,
SOL/USDT,1722,2026-05-20 16:00:00,short,0.608,100.0,76.0,86.49,0.672143,low_low_up,False,True,False,True,False,0.0,0.6985850298974715,33.55482305903068,1.0,0.0,0.0,0.5,0.0,50.0,0.0,0.0,-1,0.0,G4_5_MTF,prior(bullish)=0.50<0.6 OR rev(bearish)=0.00<0.5,-1,0.0,0.0,
SOL/USDT,1723,2026-05-20 17:00:00,short,0.59977,88.04,50.0,86.52,0.697143,low_med_up,False,False,False,False,False,0.0,0.0,50.0,0.0,0.0,0.0,0.0,0.0,50.0,0.0,0.0,-1,0.0,G2_EDGE,reg.sell_ok=False regime='low_med_up',-1,0.0,0.0,
SOL/USDT,1724,2026-05-20 18:00:00,short,0.62249,93.0,50.0,85.83,0.747143,low_med_up,False,False,False,False,False,0.0,0.0,50.0,0.0,0.0,0.0,0.0,0.0,50.0,0.0,0.0,-1,0.0,G2_EDGE,reg.sell_ok=False regime='low_med_up',-1,0.0,0.0,
SOL/USDT,1725,2026-05-20 19:00:00,short,0.63818,84.76,50.0,86.16,0.743571,low_med_up,False,False,False,False,False,0.0,0.0,50.0,0.0,0.0,0.0,0.0,0.0,50.0,0.0,0.0,-1,0.0,G2_EDGE,reg.sell_ok=False regime='low_med_up',-1,0.0,0.0,
SOL/USDT,1726,2026-05-20 20:00:00,short,0.63005,85.57,50.0,86.18,0.771429,low_med_up,False,False,False,False,False,0.0,0.0,50.0,0.0,0.0,0.0,0.0,0.0,50.0,0.0,0.0,-1,0.0,G2_EDGE,reg.sell_ok=False regime='low_med_up',-1,0.0,0.0,
SOL/USDT,1727,2026-05-20 21:00:00,short,0.63059,85.6,50.0,85.99,0.767857,low_med_up,False,False,False,False,False,0.0,0.0,50.0,0.0,0.0,0.0,0.0,0.0,50.0,0.0,0.0,-1,0.0,G2_EDGE,reg.sell_ok=False regime='low_med_up',-1,0.0,0.0,
SOL/USDT,1728,2026-05-20 22:00:00,short,0.62998,88.85,50.0,86.04,0.777143,low_med_up,False,False,False,False,False,0.0,0.0,50.0,0.0,0.0,0.0,0.0,0.0,50.0,0.0,0.0,-1,0.0,G2_EDGE,reg.sell_ok=False regime='low_med_up',-1,0.0,0.0,
SOL/USDT,1729,2026-05-20 23:00:00,short,0.62699,83.85,30.0,86.17,0.780714,med_med_up,False,True,False,True,False,0.0,0.5108478027320329,43.30252419250953,0.0,0.0,0.0,0.75,0.5,64.3990927660799,0.34000723306290204,-0.17883956898732456,9,0.00906,TRADE,edge=83.9 meta_conf=0.6270,1777,84.4,1.77,TIMEOUT
SOL/USDT,1778,2026-05-23 00:00:00,short,0.69612,73.97,52.0,84.44,0.806429,low_med_down,False,True,False,False,True,0.0,-0.5484923769123993,31.679876660267496,0.0,0.0,0.0,0.5,1.0,50.0,0.0,0.0,-1,0.0,G4_5_MTF,prior(bullish)=0.50<0.6 OR rev(bearish)=1.00<0.5,-1,0.0,0.0,
SOL/USDT,1779,2026-05-23 01:00:00,short,0.69807,65.23,52.0,84.53,0.786429,low_med_down,False,True,False,False,False,0.0,0.0,50.0,0.0,0.0,0.0,0.0,0.0,50.0,0.0,0.0,-1,0.0,G3_MIN_QUALITY,edge=65.2 < MIN_QUALITY_SCORE=70.0,-1,0.0,0.0,
SOL/USDT,1780,2026-05-23 02:00:00,short,0.69303,66.62,52.0,84.54,0.795714,low_med_down,False,True,False,False,False,0.0,0.0,50.0,0.0,0.0,0.0,0.0,0.0,50.0,0.0,0.0,-1,0.0,G3_MIN_QUALITY,edge=66.6 < MIN_QUALITY_SCORE=70.0,-1,0.0,0.0,
SOL/USDT,1781,2026-05-23 03:00:00,short,0.69158,63.45,52.0,84.68,0.760714,low_med_down,False,True,False,False,False,0.0,0.0,50.0,0.0,0.0,0.0,0.0,0.0,50.0,0.0,0.0,-1,0.0,G3_MIN_QUALITY,edge=63.5 < MIN_QUALITY_SCORE=70.0,-1,0.0,0.0,
SOL/USDT,1782,2026-05-23 04:00:00,short,0.70007,65.78,52.0,84.42,0.713571,low_med_down,False,True,False,False,False,0.0,0.0,50.0,0.0,0.0,0.0,0.0,0.0,50.0,0.0,0.0,-1,0.0,G3_MIN_QUALITY,edge=65.8 < MIN_QUALITY_SCORE=70.0,-1,0.0,0.0,
SOL/USDT,1783,2026-05-23 05:00:00,short,0.70206,64.73,52.0,84.46,0.683571,low_med_down,False,True,False,False,False,0.0,0.0,50.0,0.0,0.0,0.0,0.0,0.0,50.0,0.0,0.0,-1,0.0,G3_MIN_QUALITY,edge=64.7 < MIN_QUALITY_SCORE=70.0,-1,0.0,0.0,
SOL/USDT,1784,2026-05-23 06:00:00,short,0.70069,65.79,52.0,84.27,0.681429,low_med_down,False,True,False,False,False,0.0,0.0,50.0,0.0,0.0,0.0,0.0,0.0,50.0,0.0,0.0,-1,0.0,G3_MIN_QUALITY,edge=65.8 < MIN_QUALITY_SCORE=70.0,-1,0.0,0.0,
SOL/USDT,1785,2026-05-23 07:00:00,short,0.7327,93.53,70.0,82.25,0.834286,med_med_down,False,True,False,False,True,0.0,-0.7487159440986307,27.000900216851043,-1.0,0.0,0.0,0.75,0.5,15.015974407312498,-1.2465515442033348,0.11547429439165957,-1,0.0,G5_RSI_ACCEL,rsi_accel=0.1155>0.08 (RSI recovering),-1,0.0,0.0,
SOL/USDT,1786,2026-05-23 08:00:00,short,0.72773,76.86,70.0,82.13,0.738571,med_med_down,False,True,False,False,True,0.0,-0.6989089614421906,35.874392635239786,0.0,0.0,0.0,0.75,1.0,18.04222643904197,-1.2588709732598562,-0.012319429056521392,9,0.008993,TRADE,edge=76.9 meta_conf=0.7277,1792,83.865643,-1.7356,LOSS
SOL/USDT,1793,2026-05-23 15:00:00,short,0.69515,86.43,70.0,84.1,0.716429,med_med_down,False,True,False,False,False,0.0,-0.09530777113843872,40.28431204950038,0.0,0.0,0.0,0.75,0.0,50.0,0.0,0.0,-1,0.0,G4_5_MTF,prior(bullish)=0.75<0.6 OR rev(bearish)=0.00<0.5,-1,0.0,0.0,
SOL/USDT,1794,2026-05-23 16:00:00,short,0.69625,82.87,70.0,84.11,0.697143,med_med_down,False,True,False,False,False,0.0,-0.016512258443783873,41.15970566350124,0.0,0.0,0.0,1.0,0.5,45.742574130614564,1.8207500554418068,0.4235994509509722,-1,0.0,G5_RSI_ACCEL,rsi_accel=0.4236>0.08 (RSI recovering),-1,0.0,0.0,
SOL/USDT,1795,2026-05-23 17:00:00,short,0.68619,80.84,70.0,84.21,0.704286,med_med_down,False,True,False,False,False,0.0,0.06387576240479821,41.288415896865914,0.0,0.0,0.0,1.0,0.5,45.30938111091176,2.236422929999249,0.41567287455744206,-1,0.0,G5_RSI_ACCEL,rsi_accel=0.4157>0.08 (RSI recovering),-1,0.0,0.0,
SOL/USDT,1796,2026-05-23 18:00:00,short,0.65849,81.74,30.0,84.71,0.747143,med_med_flat,False,True,False,False,False,0.0,0.1999650770368839,36.775373411260844,0.0,0.0,0.0,0.75,0.0,50.0,0.0,0.0,-1,0.0,G4_5_MTF,prior(bullish)=0.75<0.6 OR rev(bearish)=0.00<0.5,-1,0.0,0.0,
SOL/USDT,1797,2026-05-23 19:00:00,short,0.65455,88.18,30.0,84.96,0.761429,med_med_flat,False,True,False,True,False,0.0,0.3855491780675881,37.081218507604426,0.0,0.0,0.0,0.75,0.0,50.0,0.0,0.0,-1,0.0,G4_5_MTF,prior(bullish)=0.75<0.6 OR rev(bearish)=0.00<0.5,-1,0.0,0.0,
SOL/USDT,1798,2026-05-23 20:00:00,short,0.62974,100.0,30.0,87.08,0.902857,med_med_up,False,True,False,True,False,0.0,0.6778672010394681,21.68215912878656,1.0,0.0,0.0,0.75,0.0,50.0,0.0,0.0,-1,0.0,G4_5_MTF,prior(bullish)=0.75<0.6 OR rev(bearish)=0.00<0.5,-1,0.0,0.0,
SOL/USDT,1799,2026-05-23 21:00:00,short,0.66758,91.36,30.0,86.28,0.807857,med_med_up,False,True,False,True,False,0.0,0.5144175246531791,19.728933960874514,0.0,0.0,0.0,0.75,0.0,50.0,0.0,0.0,-1,0.0,G4_5_MTF,prior(bullish)=0.75<0.6 OR rev(bearish)=0.00<0.5,-1,0.0,0.0,
SOL/USDT,1800,2026-05-23 22:00:00,short,0.68322,78.3,30.0,85.81,0.833571,med_med_up,False,True,False,False,False,0.0,0.4667171762832497,22.48974786448244,0.0,0.0,0.0,1.0,0.5,78.22085872774676,4.9772131039101035,0.32207711151228313,-1,0.0,G5_RSI_ACCEL,rsi_accel=0.3221>0.08 (RSI recovering),-1,0.0,0.0,
SOL/USDT,1801,2026-05-23 23:00:00,short,0.68098,77.16,30.0,85.75,0.834286,med_med_up,False,True,False,False,False,0.0,0.4582658366895949,23.35581983787388,0.0,0.0,0.0,1.0,1.0,78.94736824995925,5.161836339603004,0.18462323569290007,-1,0.0,G5_RSI_ACCEL,rsi_accel=0.1846>0.08 (RSI recovering),-1,0.0,0.0,
SOL/USDT,1802,2026-05-24 00:00:00,short,0.6879,75.82,30.0,85.89,0.836429,med_med_up,False,True,False,False,False,0.0,0.548143802474025,25.093568389156275,0.0,0.0,0.0,0.75,1.0,78.58267699210117,4.959485650617131,-0.20235068898587283,10,0.009738,TRADE,edge=75.8 meta_conf=0.6879,1850,84.4,1.49,TIMEOUT
SOL/USDT,1851,2026-05-26 01:00:00,short,0.65737,75.46,80.0,84.11,0.525714,low_low_flat,False,True,False,False,False,0.0,0.0,50.0,0.0,0.0,0.0,0.0,0.0,50.0,0.0,0.0,-1,0.0,G2_EDGE,edge=75.5 < thr=80.0,-1,0.0,0.0,
SOL/USDT,1852,2026-05-26 02:00:00,short,0.66097,67.18,80.0,84.03,0.52,low_low_flat,False,True,False,False,False,0.0,0.0,50.0,0.0,0.0,0.0,0.0,0.0,50.0,0.0,0.0,-1,0.0,G2_EDGE,edge=67.2 < thr=80.0,-1,0.0,0.0,
SOL/USDT,1853,2026-05-26 03:00:00,short,0.66151,64.89,80.0,84.22,0.531429,low_low_flat,False,True,False,False,False,0.0,0.0,50.0,0.0,0.0,0.0,0.0,0.0,50.0,0.0,0.0,-1,0.0,G2_EDGE,edge=64.9 < thr=80.0,-1,0.0,0.0,
SOL/USDT,1854,2026-05-26 04:00:00,short,0.66194,65.33,30.0,84.37,0.528571,low_low_down,False,True,False,False,False,0.0,0.0,50.0,0.0,0.0,0.0,0.0,0.0,50.0,0.0,0.0,-1,0.0,G3_MIN_QUALITY,edge=65.3 < MIN_QUALITY_SCORE=70.0,-1,0.0,0.0,
SOL/USDT,1855,2026-05-26 05:00:00,short,0.65913,68.88,80.0,84.67,0.545,low_low_flat,False,True,False,False,False,0.0,0.0,50.0,0.0,0.0,0.0,0.0,0.0,50.0,0.0,0.0,-1,0.0,G2_EDGE,edge=68.9 < thr=80.0,-1,0.0,0.0,
SOL/USDT,1856,2026-05-26 06:00:00,short,0.65156,65.32,80.0,84.6,0.542857,low_low_flat,False,True,False,False,False,0.0,0.0,50.0,0.0,0.0,0.0,0.0,0.0,50.0,0.0,0.0,-1,0.0,G2_EDGE,edge=65.3 < thr=80.0,-1,0.0,0.0,
SOL/USDT,1857,2026-05-26 07:00:00,short,0.66003,71.14,30.0,84.35,0.557857,low_low_down,False,True,False,False,True,0.0,-0.6135313544437274,38.35399179697792,0.0,0.0,0.0,0.5,0.5,50.0,0.0,0.0,-1,0.0,G4_5_MTF,prior(bullish)=0.50<0.6 OR rev(bearish)=0.50<0.5,-1,0.0,0.0,
SOL/USDT,1858,2026-05-26 08:00:00,short,0.66803,65.51,30.0,84.44,0.544286,low_low_down,False,True,False,False,False,0.0,0.0,50.0,0.0,0.0,0.0,0.0,0.0,50.0,0.0,0.0,-1,0.0,G3_MIN_QUALITY,edge=65.5 < MIN_QUALITY_SCORE=70.0,-1,0.0,0.0,
SOL/USDT,1859,2026-05-26 09:00:00,short,0.65794,74.24,30.0,84.48,0.546429,low_low_down,False,True,False,False,True,0.0,-0.42090444430594215,47.12783496954638,0.0,0.0,0.0,0.75,0.5,31.87499986054702,-0.5299816919762855,0.526409032020691,-1,0.0,G5_RSI_ACCEL,rsi_accel=0.5264>0.08 (RSI recovering),-1,0.0,0.0,
SOL/USDT,1860,2026-05-26 10:00:00,short,0.65195,100.0,80.0,85.56,0.608571,low_low_flat,False,True,False,True,False,0.0,0.07558304120280927,49.500662213827795,0.0,0.0,0.0,0.5,0.0,50.0,0.0,0.0,-1,0.0,G4_5_MTF,prior(bullish)=0.50<0.6 OR rev(bearish)=0.00<0.5,-1,0.0,0.0,
SOL/USDT,1861,2026-05-26 11:00:00,short,0.6361,84.76,80.0,85.21,0.62,low_low_flat,False,True,False,False,False,0.0,-0.03561622323470381,50.710271295834865,0.0,0.0,0.0,0.5,0.0,50.0,0.0,0.0,-1,0.0,G4_5_MTF,prior(bullish)=0.50<0.6 OR rev(bearish)=0.00<0.5,-1,0.0,0.0,
SOL/USDT,1862,2026-05-26 12:00:00,short,0.6463,100.0,80.0,85.32,0.602857,low_low_flat,False,True,False,True,False,0.0,0.22263111856196333,51.6203493562321,0.0,0.0,0.0,0.5,0.5,50.0,0.0,0.0,-1,0.0,G4_5_MTF,prior(bullish)=0.50<0.6 OR rev(bearish)=0.50<0.5,-1,0.0,0.0,
SOL/USDT,1863,2026-05-26 13:00:00,short,0.61907,100.0,80.0,85.5,0.645714,low_low_flat,False,True,False,True,False,0.0,0.3491447453452652,52.65116250961886,0.0,0.0,0.0,0.75,0.5,55.72916646348734,2.7409472898491587,0.7813502392762433,-1,0.0,G5_RSI_ACCEL,rsi_accel=0.7814>0.08 (RSI recovering),-1,0.0,0.0,
SOL/USDT,1864,2026-05-26 14:00:00,short,0.65114,100.0,80.0,85.24,0.657857,low_low_flat,False,True,False,False,False,0.0,0.22516697354590123,47.45652365863686,0.0,0.0,0.0,0.75,0.0,50.0,0.0,0.0,-1,0.0,G4_5_MTF,prior(bullish)=0.75<0.6 OR rev(bearish)=0.00<0.5,-1,0.0,0.0,
SOL/USDT,1865,2026-05-26 15:00:00,short,0.67456,94.68,52.0,84.49,0.701429,low_med_down,False,True,False,False,True,0.0,-0.23787844457431118,48.28212626491582,0.0,0.0,0.0,0.75,0.5,54.8717946748191,3.4947597255717877,0.1940185011891784,-1,0.0,G5_RSI_ACCEL,rsi_accel=0.1940>0.08 (RSI recovering),-1,0.0,0.0,
SOL/USDT,1866,2026-05-26 16:00:00,short,0.66744,79.35,52.0,84.23,0.722143,low_med_down,False,True,False,False,True,0.0,-0.2181883594268422,49.210174560010024,0.0,0.0,0.0,0.75,1.0,52.45098021217803,3.3869674058757884,-0.10779231969599934,16,0.008573,TRADE,edge=79.4 meta_conf=0.6674,1901,80.835929,3.3941,WIN
SOL/USDT,1902,2026-05-28 04:00:00,short,0.71789,78.8,70.0,80.9,0.837857,med_med_down,False,True,False,False,True,0.0,-0.6137726096627424,28.915771024547276,0.0,0.0,0.0,0.25,1.0,50.0,0.0,0.0,-1,0.0,G4_5_MTF,prior(bullish)=0.25<0.6 OR rev(bearish)=1.00<0.5,-1,0.0,0.0,
SOL/USDT,1903,2026-05-28 05:00:00,short,0.71673,70.22,70.0,80.7,0.810714,med_med_down,False,True,False,False,True,0.0,-0.6976790263503563,30.355188348345745,0.0,0.0,0.0,0.25,0.5,50.0,0.0,0.0,-1,0.0,G4_5_MTF,prior(bullish)=0.25<0.6 OR rev(bearish)=0.50<0.5,-1,0.0,0.0,
SOL/USDT,1904,2026-05-28 06:00:00,short,0.71431,67.49,70.0,80.97,0.79,med_med_down,False,True,False,False,False,0.0,0.0,50.0,0.0,0.0,0.0,0.0,0.0,50.0,0.0,0.0,-1,0.0,G2_EDGE,edge=67.5 < thr=70.0,-1,0.0,0.0,
SOL/USDT,1905,2026-05-28 07:00:00,short,0.72963,78.7,70.0,81.26,0.747143,med_med_down,False,True,False,False,False,0.0,-0.5397696041724044,36.340579960361794,0.0,0.0,0.0,0.25,0.5,50.0,0.0,0.0,-1,0.0,G4_5_MTF,prior(bullish)=0.25<0.6 OR rev(bearish)=0.50<0.5,-1,0.0,0.0,
SOL/USDT,1906,2026-05-28 08:00:00,short,0.74014,66.79,70.0,80.99,0.724286,med_med_down,False,True,False,False,False,0.0,0.0,50.0,0.0,0.0,0.0,0.0,0.0,50.0,0.0,0.0,-1,0.0,G2_EDGE,edge=66.8 < thr=70.0,-1,0.0,0.0,
SOL/USDT,1907,2026-05-28 09:00:00,short,0.73949,78.53,70.0,81.22,0.74,med_med_down,False,True,False,False,False,0.0,-0.5344523899020067,36.77654385557386,0.0,0.0,0.0,0.5,0.5,50.0,0.0,0.0,-1,0.0,G4_5_MTF,prior(bullish)=0.50<0.6 OR rev(bearish)=0.50<0.5,-1,0.0,0.0,
SOL/USDT,1908,2026-05-28 10:00:00,short,0.74603,68.62,70.0,80.75,0.755714,med_med_down,False,True,False,False,False,0.0,0.0,50.0,0.0,0.0,0.0,0.0,0.0,50.0,0.0,0.0,-1,0.0,G2_EDGE,edge=68.6 < thr=70.0,-1,0.0,0.0,
SOL/USDT,1909,2026-05-28 11:00:00,short,0.73268,75.45,70.0,80.88,0.656429,med_med_down,False,True,False,False,True,0.0,-0.517032708756684,48.5072689430245,0.0,0.0,0.0,0.5,0.5,50.0,0.0,0.0,-1,0.0,G4_5_MTF,prior(bullish)=0.50<0.6 OR rev(bearish)=0.50<0.5,-1,0.0,0.0,
SOL/USDT,1910,2026-05-28 12:00:00,short,0.71897,75.48,70.0,81.13,0.645714,med_med_down,False,True,False,False,True,0.0,-0.43781842017059297,51.53886076535535,0.0,0.0,0.0,0.75,0.5,35.497835390266275,-0.4318124297473897,0.4186247356522133,-1,0.0,G5_RSI_ACCEL,rsi_accel=0.4186>0.08 (RSI recovering),-1,0.0,0.0,
SOL/USDT,1911,2026-05-28 13:00:00,short,0.73085,80.84,70.0,80.79,0.669286,med_med_down,False,True,False,False,True,0.0,-0.5789395350109444,51.07550300034686,0.0,0.0,0.0,0.5,0.0,50.0,0.0,0.0,-1,0.0,G4_5_MTF,prior(bullish)=0.50<0.6 OR rev(bearish)=0.00<0.5,-1,0.0,0.0,
SOL/USDT,1912,2026-05-28 14:00:00,short,0.7267,86.75,70.0,81.19,0.759286,med_med_down,False,True,False,False,True,0.0,-0.3753990217287767,50.94024150881834,0.0,0.0,0.0,0.5,0.5,50.0,0.0,0.0,-1,0.0,G4_5_MTF,prior(bullish)=0.50<0.6 OR rev(bearish)=0.50<0.5,-1,0.0,0.0,
SOL/USDT,1913,2026-05-28 15:00:00,short,0.71598,76.31,70.0,81.14,0.758571,med_med_down,False,True,False,False,True,0.0,-0.3439377456199004,55.34040676256494,0.0,0.0,0.0,0.75,0.5,37.90149881571286,0.8925428071760738,0.4654051743977289,-1,0.0,G5_RSI_ACCEL,rsi_accel=0.4654>0.08 (RSI recovering),-1,0.0,0.0,
SOL/USDT,1914,2026-05-28 16:00:00,short,0.70763,83.68,70.0,82.07,0.817857,med_med_down,False,True,False,False,False,0.0,0.18880484028038838,58.5330822462718,0.0,0.0,0.0,0.5,0.5,50.0,0.0,0.0,-1,0.0,G4_5_MTF,prior(bullish)=0.50<0.6 OR rev(bearish)=0.50<0.5,-1,0.0,0.0,
SOL/USDT,1915,2026-05-28 17:00:00,short,0.69571,78.3,30.0,82.3,0.75,med_med_flat,False,True,False,False,False,0.0,0.3092121552818822,52.179717271043124,0.0,0.0,0.0,0.75,0.5,68.77934249696926,2.6557307559274568,1.0224044304715605,-1,0.0,G5_RSI_ACCEL,rsi_accel=1.0224>0.08 (RSI recovering),-1,0.0,0.0,
SOL/USDT,1916,2026-05-28 18:00:00,short,0.68942,89.48,30.0,82.9,0.734286,med_med_flat,False,True,False,True,False,0.0,0.5457792224757908,47.085369699073944,0.0,0.0,0.0,0.5,0.0,50.0,0.0,0.0,-1,0.0,G4_5_MTF,prior(bullish)=0.50<0.6 OR rev(bearish)=0.00<0.5,-1,0.0,0.0,
SOL/USDT,1917,2026-05-28 19:00:00,short,0.70468,78.28,70.0,82.19,0.745,med_med_down,False,True,False,False,False,0.0,0.239230799020977,46.84423356874152,0.0,0.0,0.0,0.5,0.0,50.0,0.0,0.0,-1,0.0,G4_5_MTF,prior(bullish)=0.50<0.6 OR rev(bearish)=0.00<0.5,-1,0.0,0.0,
SOL/USDT,1918,2026-05-28 20:00:00,short,0.70767,77.01,70.0,82.3,0.761429,med_med_down,False,True,False,False,False,0.0,0.341700029294431,46.738911235159634,0.0,0.0,0.0,0.75,0.5,63.273452917000306,3.8867612510780973,0.13308661021918233,-1,0.0,G5_RSI_ACCEL,rsi_accel=0.1331>0.08 (RSI recovering),-1,0.0,0.0,
SOL/USDT,1919,2026-05-28 21:00:00,short,0.71199,76.92,30.0,82.44,0.764286,med_med_flat,False,True,False,False,False,0.0,0.47441628618542997,46.80213975821234,0.0,0.0,0.0,0.75,0.5,62.1399175164693,4.0541543867797065,0.16739313570160919,-1,0.0,G5_RSI_ACCEL,rsi_accel=0.1674>0.08 (RSI recovering),-1,0.0,0.0,
SOL/USDT,1920,2026-05-28 22:00:00,short,0.7114,89.5,30.0,82.04,0.782143,low_med_flat,False,True,False,True,False,0.0,0.173114670438823,47.014760438119076,0.0,0.0,0.0,0.75,0.0,50.0,0.0,0.0,-1,0.0,G4_5_MTF,prior(bullish)=0.75<0.6 OR rev(bearish)=0.00<0.5,-1,0.0,0.0,
SOL/USDT,1921,2026-05-28 23:00:00,short,0.72284,86.45,30.0,82.11,0.767143,low_med_flat,False,True,False,True,False,0.0,0.39640661019447204,47.11409875582177,0.0,0.0,0.0,0.75,0.5,59.2132503459658,3.3206585373367643,-0.41350059281025375,20,0.009343,TRADE,edge=86.4 meta_conf=0.7228,1969,82.73,-0.62,TIMEOUT
SOL/USDT,1970,2026-05-31 00:00:00,short,0.60772,50.54,80.0,82.93,0.332857,low_low_flat,False,True,False,False,False,0.0,0.0,50.0,0.0,0.0,0.0,0.0,0.0,50.0,0.0,0.0,-1,0.0,G2_EDGE,edge=50.5 < thr=80.0,-1,0.0,0.0,
SOL/USDT,1971,2026-05-31 01:00:00,short,0.59864,77.87,80.0,83.02,0.332857,low_low_flat,False,True,False,False,False,0.0,0.0,50.0,0.0,0.0,0.0,0.0,0.0,50.0,0.0,0.0,-1,0.0,G2_EDGE,edge=77.9 < thr=80.0,-1,0.0,0.0,
SOL/USDT,1972,2026-05-31 02:00:00,short,0.59517,89.07,80.0,83.15,0.357857,low_low_flat,False,True,False,True,False,0.0,0.6189163586056197,52.86959576089499,0.0,0.0,0.0,0.5,0.0,50.0,0.0,0.0,-1,0.0,G4_5_MTF,prior(bullish)=0.50<0.6 OR rev(bearish)=0.00<0.5,-1,0.0,0.0,
SOL/USDT,1973,2026-05-31 03:00:00,short,0.60603,80.88,80.0,83.25,0.352857,low_low_flat,False,True,False,True,False,0.0,0.6264254028504975,58.87153837333708,0.0,0.0,0.0,0.75,0.0,50.0,0.0,0.0,-1,0.0,G4_5_MTF,prior(bullish)=0.75<0.6 OR rev(bearish)=0.00<0.5,-1,0.0,0.0,
SOL/USDT,1974,2026-05-31 04:00:00,short,0.60741,79.07,76.0,83.22,0.342143,low_low_up,False,True,False,True,False,0.0,0.5369169804714289,59.25552001143774,0.0,0.0,0.0,0.75,0.0,50.0,0.0,0.0,-1,0.0,G4_5_MTF,prior(bullish)=0.75<0.6 OR rev(bearish)=0.00<0.5,-1,0.0,0.0,
SOL/USDT,1975,2026-05-31 05:00:00,short,0.60771,71.68,80.0,83.03,0.326429,low_low_flat,False,True,False,False,False,0.0,0.0,50.0,0.0,0.0,0.0,0.0,0.0,50.0,0.0,0.0,-1,0.0,G2_EDGE,edge=71.7 < thr=80.0,-1,0.0,0.0,
SOL/USDT,1976,2026-05-31 06:00:00,short,0.60934,75.14,80.0,82.95,0.319286,low_low_flat,False,True,False,False,False,0.0,0.0,50.0,0.0,0.0,0.0,0.0,0.0,50.0,0.0,0.0,-1,0.0,G2_EDGE,edge=75.1 < thr=80.0,-1,0.0,0.0,
SOL/USDT,1977,2026-05-31 07:00:00,short,0.62907,81.46,80.0,82.66,0.32,low_low_flat,False,True,False,True,True,0.0,-0.11625473708117667,58.159176609907604,0.0,0.0,0.0,0.75,1.0,38.59649091207545,-1.4238359612978309,-1.0327784363447847,8,0.003871,TRADE,edge=81.5 meta_conf=0.6291,2000,81.156,1.504,WIN
SOL/USDT,2001,2026-06-01 07:00:00,short,0.65676,82.34,52.0,80.74,0.714286,low_med_down,False,True,False,False,True,0.0,-0.67782807863074,43.80781605588007,-1.0,0.0,0.0,0.25,1.0,50.0,0.0,0.0,-1,0.0,G4_5_MTF,prior(bullish)=0.25<0.6 OR rev(bearish)=1.00<0.5,-1,0.0,0.0,
SOL/USDT,2002,2026-06-01 08:00:00,short,0.65457,82.11,52.0,80.99,0.737857,low_med_down,False,True,False,False,True,0.0,-0.5759523862414884,42.89591398594902,0.0,0.0,0.0,0.25,1.0,50.0,0.0,0.0,-1,0.0,G4_5_MTF,prior(bullish)=0.25<0.6 OR rev(bearish)=1.00<0.5,-1,0.0,0.0,
SOL/USDT,2003,2026-06-01 09:00:00,short,0.68069,61.6,52.0,81.08,0.725714,low_med_down,False,True,False,False,False,0.0,0.0,50.0,0.0,0.0,0.0,0.0,0.0,50.0,0.0,0.0,-1,0.0,G3_MIN_QUALITY,edge=61.6 < MIN_QUALITY_SCORE=70.0,-1,0.0,0.0,
SOL/USDT,2004,2026-06-01 10:00:00,short,0.68104,60.94,52.0,81.1,0.720714,low_med_down,False,True,False,False,False,0.0,0.0,50.0,0.0,0.0,0.0,0.0,0.0,50.0,0.0,0.0,-1,0.0,G3_MIN_QUALITY,edge=60.9 < MIN_QUALITY_SCORE=70.0,-1,0.0,0.0,
SOL/USDT,2005,2026-06-01 11:00:00,short,0.67898,100.0,52.0,80.81,0.732857,low_med_down,False,True,False,False,True,0.0,-0.6993779212534138,46.83204073986279,0.0,0.0,0.0,0.25,0.0,50.0,0.0,0.0,-1,0.0,G4_5_MTF,prior(bullish)=0.25<0.6 OR rev(bearish)=0.00<0.5,-1,0.0,0.0,
SOL/USDT,2006,2026-06-01 12:00:00,short,0.68855,99.71,52.0,80.82,0.746429,low_med_down,False,True,False,False,True,0.0,-0.5356330840673608,44.83134257126293,0.0,0.0,0.0,0.5,0.5,50.0,0.0,0.0,-1,0.0,G4_5_MTF,prior(bullish)=0.50<0.6 OR rev(bearish)=0.50<0.5,-1,0.0,0.0,
SOL/USDT,2007,2026-06-01 13:00:00,short,0.69617,92.29,52.0,79.84,0.79,low_med_down,False,True,False,False,True,0.0,-0.7444655376707882,35.14032959700786,-1.0,0.0,0.0,0.75,0.5,28.18791939687398,-1.2779662605116826,-0.4477022181352479,7,0.009895,TRADE,edge=92.3 meta_conf=0.6962,2033,76.127,3.713,WIN
SOL/USDT,2034,2026-06-02 16:00:00,short,0.73392,77.44,0.0,76.71,0.875,med_high_down,,,True,False,False,0.0,0.0,50.0,0.0,0.0,0.0,0.0,0.0,50.0,0.0,0.0,-1,0.0,G1_REGIME,regime='med_high_down' skipped=True reg_empty=False,-1,0.0,0.0,
SOL/USDT,2035,2026-06-02 17:00:00,short,0.72563,84.31,0.0,76.84,0.896429,med_high_down,,,True,False,False,0.0,0.0,50.0,0.0,0.0,0.0,0.0,0.0,50.0,0.0,0.0,-1,0.0,G1_REGIME,regime='med_high_down' skipped=True reg_empty=False,-1,0.0,0.0,
SOL/USDT,2036,2026-06-02 18:00:00,short,0.72587,72.16,0.0,76.15,0.941429,med_high_down,,,True,False,False,0.0,0.0,50.0,0.0,0.0,0.0,0.0,0.0,50.0,0.0,0.0,-1,0.0,G1_REGIME,regime='med_high_down' skipped=True reg_empty=False,-1,0.0,0.0,
SOL/USDT,2037,2026-06-02 19:00:00,short,0.73205,93.02,0.0,75.53,0.995,med_high_down,,,True,False,False,0.0,0.0,50.0,0.0,0.0,0.0,0.0,0.0,50.0,0.0,0.0,-1,0.0,G1_REGIME,regime='med_high_down' skipped=True reg_empty=False,-1,0.0,0.0,
SOL/USDT,2038,2026-06-02 20:00:00,short,0.72539,73.06,0.0,75.44,1.044286,med_high_down,,,True,False,False,0.0,0.0,50.0,0.0,0.0,0.0,0.0,0.0,50.0,0.0,0.0,-1,0.0,G1_REGIME,regime='med_high_down' skipped=True reg_empty=False,-1,0.0,0.0,
SOL/USDT,2039,2026-06-02 21:00:00,short,0.73768,81.38,0.0,75.67,1.042143,med_high_down,,,True,False,False,0.0,0.0,50.0,0.0,0.0,0.0,0.0,0.0,50.0,0.0,0.0,-1,0.0,G1_REGIME,regime='med_high_down' skipped=True reg_empty=False,-1,0.0,0.0,
SOL/USDT,2040,2026-06-02 22:00:00,short,0.72016,81.18,64.0,73.67,1.181429,high_high_down,False,True,False,False,True,0.0,-0.75279970355308,25.07667930141715,-1.0,0.0,0.0,0.5,0.5,50.0,0.0,0.0,-1,0.0,G4_5_MTF,prior(bullish)=0.50<0.6 OR rev(bearish)=0.50<0.5,-1,0.0,0.0,
SOL/USDT,2041,2026-06-02 23:00:00,short,0.72115,80.94,64.0,74.23,1.233571,high_high_down,False,True,False,False,True,0.0,-0.5964893986410632,23.87126354619532,0.0,0.0,0.0,0.25,0.5,50.0,0.0,0.0,-1,0.0,G4_5_MTF,prior(bullish)=0.25<0.6 OR rev(bearish)=0.50<0.5,-1,0.0,0.0,
SOL/USDT,2042,2026-06-03 00:00:00,short,0.72449,85.17,64.0,74.85,1.277857,high_high_down,False,True,False,False,False,0.0,-0.5452612966129552,25.64570125390709,0.0,0.0,0.0,0.25,0.5,50.0,0.0,0.0,-1,0.0,G4_5_MTF,prior(bullish)=0.25<0.6 OR rev(bearish)=0.50<0.5,-1,0.0,0.0,
SOL/USDT,2043,2026-06-03 01:00:00,short,0.71406,81.8,64.0,74.75,1.299286,high_high_down,False,True,False,False,False,0.0,-0.6027796053917189,28.57246291459298,0.0,0.0,0.0,0.25,0.0,50.0,0.0,0.0,-1,0.0,G4_5_MTF,prior(bullish)=0.25<0.6 OR rev(bearish)=0.00<0.5,-1,0.0,0.0,
SOL/USDT,2044,2026-06-03 02:00:00,short,0.71999,81.13,64.0,74.4,1.306429,high_high_down,False,True,False,False,False,0.0,-0.6277805522256277,30.25709915871187,0.0,0.0,0.0,0.5,0.5,50.0,0.0,0.0,-1,0.0,G4_5_MTF,prior(bullish)=0.50<0.6 OR rev(bearish)=0.50<0.5,-1,0.0,0.0,
SOL/USDT,2045,2026-06-03 03:00:00,short,0.71782,79.54,64.0,72.71,1.437857,high_high_down,False,True,False,False,True,0.0,-0.7180403621320283,30.96482280275843,-1.0,0.0,0.0,0.75,1.0,18.73747492361477,0.30017454719204495,0.23302890904118073,-1,0.0,G5_RSI_LEVEL,rsi=18.7<=28.0 slope=0.3002>=0 (bottom),-1,0.0,0.0,
SOL/USDT,2046,2026-06-03 04:00:00,short,0.7113,92.09,64.0,74.06,1.379286,high_high_down,False,True,False,False,False,0.0,-0.5093438267578893,40.69012562340589,0.0,0.0,0.0,0.5,1.0,50.0,0.0,0.0,-1,0.0,G4_5_MTF,prior(bullish)=0.50<0.6 OR rev(bearish)=1.00<0.5,-1,0.0,0.0,
SOL/USDT,2047,2026-06-03 05:00:00,short,0.7229,91.49,64.0,74.75,1.305,high_high_down,False,True,False,False,False,0.0,-0.3644696159879688,41.73427163908616,0.0,0.0,0.0,0.5,0.5,50.0,0.0,0.0,-1,0.0,G4_5_MTF,prior(bullish)=0.50<0.6 OR rev(bearish)=0.50<0.5,-1,0.0,0.0,
SOL/USDT,2048,2026-06-03 06:00:00,short,0.72471,90.19,64.0,74.86,1.243571,high_high_down,False,True,False,False,False,0.0,-0.3147476470389555,46.120202720361775,0.0,0.0,0.0,0.25,0.0,50.0,0.0,0.0,-1,0.0,G4_5_MTF,prior(bullish)=0.25<0.6 OR rev(bearish)=0.00<0.5,-1,0.0,0.0,
SOL/USDT,2049,2026-06-03 07:00:00,short,0.72241,86.68,64.0,75.27,1.238571,high_high_down,False,True,False,False,False,0.0,-0.2835881621258478,47.752585312944866,0.0,0.0,0.0,0.25,0.0,50.0,0.0,0.0,-1,0.0,G4_5_MTF,prior(bullish)=0.25<0.6 OR rev(bearish)=0.00<0.5,-1,0.0,0.0,
SOL/USDT,2050,2026-06-03 08:00:00,short,0.71219,86.45,64.0,75.01,1.181429,high_high_down,False,True,False,False,False,0.0,-0.38639066592143106,55.289545681102524,0.0,0.0,0.0,0.5,0.0,50.0,0.0,0.0,-1,0.0,G4_5_MTF,prior(bullish)=0.50<0.6 OR rev(bearish)=0.00<0.5,-1,0.0,0.0,
SOL/USDT,2051,2026-06-03 09:00:00,short,0.71427,86.13,64.0,75.01,1.103571,high_high_down,False,True,False,False,False,0.0,-0.13523512153921727,57.37722848488477,0.0,0.0,0.0,0.75,0.5,46.92671387033407,2.663922294037318,0.2296163586424016,-1,0.0,G5_RSI_ACCEL,rsi_accel=0.2296>0.08 (RSI recovering),-1,0.0,0.0,
SOL/USDT,2052,2026-06-03 10:00:00,short,0.72098,83.2,64.0,75.55,1.064286,high_high_down,False,True,False,False,False,0.0,0.052780412061594534,57.42107446501181,0.0,0.0,0.0,1.0,0.5,50.61728387108395,2.8565302002559583,0.19260790621864032,-1,0.0,G5_RSI_ACCEL,rsi_accel=0.1926>0.08 (RSI recovering),-1,0.0,0.0,
SOL/USDT,2053,2026-06-03 11:00:00,short,0.71653,83.3,64.0,75.12,1.061429,high_high_down,False,True,False,False,False,0.0,-0.1398938480978837,61.34502611847922,0.0,0.0,0.0,0.75,0.0,50.0,0.0,0.0,-1,0.0,G4_5_MTF,prior(bullish)=0.75<0.6 OR rev(bearish)=0.00<0.5,-1,0.0,0.0,
SOL/USDT,2054,2026-06-03 12:00:00,short,0.71221,81.82,64.0,75.18,0.939286,high_high_down,False,True,False,False,False,0.0,0.02322333481880393,60.811333760635875,0.0,0.0,0.0,0.75,0.5,60.52998593480903,2.9796064442527364,0.12116571890315164,-1,0.0,G5_RSI_ACCEL,rsi_accel=0.1212>0.08 (RSI recovering),-1,0.0,0.0,
SOL/USDT,2055,2026-06-03 13:00:00,short,0.70091,86.33,64.0,74.57,0.895714,high_high_down,False,True,False,False,False,0.0,-0.2111871437670807,60.05389452790305,0.0,0.0,0.0,0.75,0.5,52.35457053560049,2.883726382396811,-0.09588006185592546,22,0.012012,TRADE,edge=86.3 meta_conf=0.7009,2066,70.360143,4.2099,WIN
SOL/USDT,2067,2026-06-04 01:00:00,short,0.75837,98.14,64.0,68.63,1.343571,high_high_down,False,True,False,False,True,0.0,-0.7553032433455992,26.99966383732984,-1.0,0.0,0.0,0.25,1.0,50.0,0.0,0.0,-1,0.0,G4_5_MTF,prior(bullish)=0.25<0.6 OR rev(bearish)=1.00<0.5,-1,0.0,0.0,
SOL/USDT,2068,2026-06-04 02:00:00,short,0.74247,100.0,64.0,70.07,1.563571,high_high_down,False,True,False,False,False,0.0,-0.5998492604700209,20.693681037288933,0.0,0.0,0.0,0.25,1.0,50.0,0.0,0.0,-1,0.0,G4_5_MTF,prior(bullish)=0.25<0.6 OR rev(bearish)=1.00<0.5,-1,0.0,0.0,
SOL/USDT,2069,2026-06-04 03:00:00,short,0.7265,97.46,64.0,71.48,1.608571,high_high_down,False,True,False,False,False,0.0,-0.39067516402801916,25.995417045782826,0.0,0.0,0.0,0.25,0.5,50.0,0.0,0.0,-1,0.0,G4_5_MTF,prior(bullish)=0.25<0.6 OR rev(bearish)=0.50<0.5,-1,0.0,0.0,
SOL/USDT,2070,2026-06-04 04:00:00,short,0.72667,94.03,64.0,70.9,1.625,high_high_down,False,True,False,False,False,0.0,-0.5295984843646642,28.432580366643165,0.0,0.0,0.0,0.0,0.0,50.0,0.0,0.0,-1,0.0,G4_5_MTF,prior(bullish)=0.00<0.6 OR rev(bearish)=0.00<0.5,-1,0.0,0.0,
SOL/USDT,2071,2026-06-04 05:00:00,short,0.72686,93.87,64.0,70.35,1.607143,high_high_down,False,True,False,False,False,0.0,-0.5524370958468731,31.98087225224494,0.0,0.0,0.0,0.25,0.5,50.0,0.0,0.0,-1,0.0,G4_5_MTF,prior(bullish)=0.25<0.6 OR rev(bearish)=0.50<0.5,-1,0.0,0.0,
SOL/USDT,2072,2026-06-04 06:00:00,short,0.7282,91.96,64.0,70.35,1.570714,high_high_down,False,True,False,False,False,0.0,-0.4617316143864675,33.32925039679512,0.0,0.0,0.0,0.5,1.0,50.0,0.0,0.0,-1,0.0,G4_5_MTF,prior(bullish)=0.50<0.6 OR rev(bearish)=1.00<0.5,-1,0.0,0.0,
SOL/USDT,2073,2026-06-04 07:00:00,short,0.73189,95.14,64.0,69.15,1.539286,high_high_down,False,True,False,False,False,0.0,-0.654530586255868,37.955627500390655,0.0,0.0,0.0,0.5,0.5,50.0,0.0,0.0,-1,0.0,G4_5_MTF,prior(bullish)=0.50<0.6 OR rev(bearish)=0.50<0.5,-1,0.0,0.0,
SOL/USDT,2074,2026-06-04 08:00:00,short,0.73242,95.6,64.0,69.25,1.545,high_high_down,False,True,False,False,False,0.0,-0.5116763744021681,41.09636612099007,0.0,0.0,0.0,0.5,0.5,50.0,0.0,0.0,-1,0.0,G4_5_MTF,prior(bullish)=0.50<0.6 OR rev(bearish)=0.50<0.5,-1,0.0,0.0,
SOL/USDT,2075,2026-06-04 09:00:00,short,0.74058,96.73,64.0,68.86,1.55,high_high_down,False,True,False,False,False,0.0,-0.6116879246942428,42.321172338776826,0.0,0.0,0.0,0.5,0.5,50.0,0.0,0.0,-1,0.0,G4_5_MTF,prior(bullish)=0.50<0.6 OR rev(bearish)=0.50<0.5,-1,0.0,0.0,
SOL/USDT,2076,2026-06-04 10:00:00,short,0.74581,98.07,64.0,67.89,1.545,high_high_down,False,True,False,False,False,0.0,-0.7136750550710008,43.38496788269753,0.0,0.0,0.0,0.25,0.5,50.0,0.0,0.0,-1,0.0,G4_5_MTF,prior(bullish)=0.25<0.6 OR rev(bearish)=0.50<0.5,-1,0.0,0.0,
SOL/USDT,2077,2026-06-04 11:00:00,short,0.73544,95.43,64.0,68.7,1.51,high_high_down,False,True,False,False,False,0.0,-0.5229917456984499,44.19836540747007,0.0,0.0,0.0,0.5,1.0,50.0,0.0,0.0,-1,0.0,G4_5_MTF,prior(bullish)=0.50<0.6 OR rev(bearish)=1.00<0.5,-1,0.0,0.0,
SOL/USDT,2078,2026-06-04 12:00:00,short,0.73299,96.21,64.0,70.12,1.568571,high_high_down,False,True,False,False,False,0.0,-0.4094580269153514,50.76315728507991,0.0,0.0,0.0,0.5,0.5,50.0,0.0,0.0,-1,0.0,G4_5_MTF,prior(bullish)=0.50<0.6 OR rev(bearish)=0.50<0.5,-1,0.0,0.0,
SOL/USDT,2079,2026-06-04 13:00:00,short,0.73089,92.02,64.0,70.38,1.629286,high_high_down,False,True,False,False,False,0.0,-0.2542464592630875,52.990138095868076,0.0,0.0,0.0,0.25,0.0,50.0,0.0,0.0,-1,0.0,G4_5_MTF,prior(bullish)=0.25<0.6 OR rev(bearish)=0.00<0.5,-1,0.0,0.0,
SOL/USDT,2080,2026-06-04 14:00:00,short,0.73592,95.37,64.0,69.77,1.580714,high_high_down,False,True,False,False,False,0.0,-0.48129874951020396,55.7717827570043,0.0,0.0,0.0,0.5,0.0,50.0,0.0,0.0,-1,0.0,G4_5_MTF,prior(bullish)=0.50<0.6 OR rev(bearish)=0.00<0.5,-1,0.0,0.0,
SOL/USDT,2081,2026-06-04 15:00:00,short,0.7273,95.12,64.0,69.64,1.479286,high_high_down,False,True,False,False,False,0.0,-0.31808517808279096,56.0070933724097,0.0,0.0,0.0,0.5,0.5,50.0,0.0,0.0,-1,0.0,G4_5_MTF,prior(bullish)=0.50<0.6 OR rev(bearish)=0.50<0.5,-1,0.0,0.0,
SOL/USDT,2082,2026-06-04 16:00:00,short,0.71246,88.2,64.0,69.41,1.266429,high_high_down,False,True,False,False,False,0.0,-0.39318534717320586,60.07639359491693,0.0,0.0,0.0,0.75,1.0,46.18937636874698,1.0231995143999584,-0.1427604529086881,16,0.018246,TRADE,edge=88.2 meta_conf=0.7125,2106,63.457786,5.9522,WIN
SOL/USDT,2107,2026-06-05 17:00:00,short,0.7387,95.62,64.0,65.09,1.697857,high_high_down,False,True,False,False,False,0.0,-0.45609922654366813,52.48036375689507,0.0,0.0,0.0,0.25,0.5,50.0,0.0,0.0,-1,0.0,G4_5_MTF,prior(bullish)=0.25<0.6 OR rev(bearish)=0.50<0.5,-1,0.0,0.0,
SOL/USDT,2108,2026-06-05 18:00:00,short,0.7198,92.6,64.0,62.91,1.788571,high_high_down,False,True,False,False,True,0.0,-0.7007992219004769,49.824222840918075,-1.0,0.0,0.0,0.25,0.5,50.0,0.0,0.0,-1,0.0,G4_5_MTF,prior(bullish)=0.25<0.6 OR rev(bearish)=0.50<0.5,-1,0.0,0.0,
SOL/USDT,2109,2026-06-05 19:00:00,short,0.71851,94.88,64.0,63.44,1.812143,high_high_down,False,True,False,False,True,0.0,-0.5113140803053174,51.902477287381075,0.0,0.0,0.0,0.5,1.0,50.0,0.0,0.0,-1,0.0,G4_5_MTF,prior(bullish)=0.50<0.6 OR rev(bearish)=1.00<0.5,-1,0.0,0.0,
SOL/USDT,2110,2026-06-05 20:00:00,short,0.7398,95.96,64.0,64.64,1.772857,high_high_down,False,True,False,False,False,0.0,-0.3304239278085972,52.78201916237974,0.0,0.0,0.0,0.5,0.5,50.0,0.0,0.0,-1,0.0,G4_5_MTF,prior(bullish)=0.50<0.6 OR rev(bearish)=0.50<0.5,-1,0.0,0.0,
SOL/USDT,2111,2026-06-05 21:00:00,short,0.73941,91.18,64.0,64.89,1.666429,high_high_down,False,True,False,False,False,0.0,-0.2641513733568256,53.319684818643125,0.0,0.0,0.0,0.25,0.0,50.0,0.0,0.0,-1,0.0,G4_5_MTF,prior(bullish)=0.25<0.6 OR rev(bearish)=0.00<0.5,-1,0.0,0.0,
SOL/USDT,2112,2026-06-05 22:00:00,short,0.74616,93.28,64.0,64.41,1.668571,high_high_down,False,True,False,False,False,0.0,-0.389612567611686,53.87058722185584,0.0,0.0,0.0,0.5,0.0,50.0,0.0,0.0,-1,0.0,G4_5_MTF,prior(bullish)=0.50<0.6 OR rev(bearish)=0.00<0.5,-1,0.0,0.0,
SOL/USDT,2113,2026-06-05 23:00:00,short,0.75516,94.57,64.0,63.64,1.728571,high_high_down,False,True,False,False,False,0.0,-0.5201736391579225,54.43885845157004,0.0,0.0,0.0,0.5,0.5,50.0,0.0,0.0,-1,0.0,G4_5_MTF,prior(bullish)=0.50<0.6 OR rev(bearish)=0.50<0.5,-1,0.0,0.0,
SOL/USDT,2114,2026-06-06 00:00:00,short,0.70186,89.53,64.0,64.68,1.772857,high_high_down,False,True,False,False,False,0.0,-0.3026912357677999,55.08750302183566,0.0,0.0,0.0,0.75,1.0,43.26625382308614,0.619362726652427,0.09199705038406092,-1,0.0,G5_RSI_ACCEL,rsi_accel=0.0920>0.08 (RSI recovering),-1,0.0,0.0,
SOL/USDT,2115,2026-06-06 01:00:00,short,0.71037,91.76,64.0,63.85,1.781429,high_high_down,False,True,False,False,False,0.0,-0.4826545395840989,55.79607587915731,0.0,0.0,0.0,0.75,0.5,41.68530942702506,0.7320321616708557,0.11266943501842874,-1,0.0,G5_RSI_ACCEL,rsi_accel=0.1127>0.08 (RSI recovering),-1,0.0,0.0,
SOL/USDT,2116,2026-06-06 02:00:00,short,0.70179,91.83,64.0,63.53,1.747143,high_high_down,False,True,False,False,False,0.0,-0.49945564655973573,56.4186620244832,0.0,0.0,0.0,0.5,0.5,50.0,0.0,0.0,-1,0.0,G4_5_MTF,prior(bullish)=0.50<0.6 OR rev(bearish)=0.50<0.5,-1,0.0,0.0,
SOL/USDT,2117,2026-06-06 03:00:00,short,0.69796,92.83,64.0,62.84,1.635,high_high_down,False,True,False,False,False,0.0,-0.546861214503236,62.56185162359639,0.0,0.0,0.0,0.5,1.0,50.0,0.0,0.0,-1,0.0,G4_5_MTF,prior(bullish)=0.50<0.6 OR rev(bearish)=1.00<0.5,-1,0.0,0.0,
SOL/USDT,2118,2026-06-06 04:00:00,short,0.71858,94.18,64.0,60.88,1.696429,high_high_down,False,True,False,False,True,0.0,-0.6769809711577222,54.43416560594323,-1.0,0.0,0.0,0.25,1.0,50.0,0.0,0.0,-1,0.0,G4_5_MTF,prior(bullish)=0.25<0.6 OR rev(bearish)=1.00<0.5,-1,0.0,0.0,
SOL/USDT,2119,2026-06-06 05:00:00,short,0.72492,98.59,64.0,62.62,1.77,high_high_down,False,True,False,False,False,0.0,-0.5020718921841288,53.30805243631583,0.0,0.0,0.0,0.25,1.0,50.0,0.0,0.0,-1,0.0,G4_5_MTF,prior(bullish)=0.25<0.6 OR rev(bearish)=1.00<0.5,-1,0.0,0.0,
SOL/USDT,2120,2026-06-06 06:00:00,short,0.68784,93.09,64.0,62.22,1.660714,high_high_down,False,True,False,False,False,0.0,-0.5807165285110205,53.28680701944911,0.0,0.0,0.0,0.25,0.5,50.0,0.0,0.0,-1,0.0,G4_5_MTF,prior(bullish)=0.25<0.6 OR rev(bearish)=0.50<0.5,-1,0.0,0.0,
SOL/USDT,2121,2026-06-06 07:00:00,short,0.68101,89.86,64.0,62.78,1.649286,high_high_down,False,True,False,False,False,0.0,-0.39674624430009486,57.53820187986258,0.0,0.0,0.0,0.0,0.5,50.0,0.0,0.0,-1,0.0,G4_5_MTF,prior(bullish)=0.00<0.6 OR rev(bearish)=0.50<0.5,-1,0.0,0.0,
SOL/USDT,2122,2026-06-06 08:00:00,short,0.6755,86.97,64.0,63.18,1.527857,high_high_down,False,True,False,False,False,0.0,-0.20879878291318596,57.12690660303714,0.0,0.0,0.0,0.25,0.5,50.0,0.0,0.0,-1,0.0,G4_5_MTF,prior(bullish)=0.25<0.6 OR rev(bearish)=0.50<0.5,-1,0.0,0.0,
SOL/USDT,2123,2026-06-06 09:00:00,short,0.6693,87.2,64.0,62.71,1.435714,high_high_down,False,True,False,False,False,0.0,-0.34472547511046625,56.52507511683708,0.0,0.0,0.0,0.25,0.0,50.0,0.0,0.0,-1,0.0,G4_5_MTF,prior(bullish)=0.25<0.6 OR rev(bearish)=0.00<0.5,-1,0.0,0.0,
SOL/USDT,2124,2026-06-06 10:00:00,short,0.67784,93.96,64.0,61.84,1.390714,high_high_down,False,True,False,False,False,0.0,-0.5394195016980813,55.904170572763185,0.0,0.0,0.0,0.5,0.5,50.0,0.0,0.0,-1,0.0,G4_5_MTF,prior(bullish)=0.50<0.6 OR rev(bearish)=0.50<0.5,-1,0.0,0.0,
SOL/USDT,2125,2026-06-06 11:00:00,short,0.66126,89.04,64.0,62.46,1.392857,high_high_down,False,True,False,False,False,0.0,-0.35685065077728634,59.294775521003054,0.0,0.0,0.0,0.75,1.0,39.103138964354805,-0.04867478026494036,0.005461234766020194,19,0.0223,TRADE,edge=89.0 meta_conf=0.6613,2146,65.733214,-3.2732,LOSS
SOL/USDT,2147,2026-06-07 09:00:00,short,0.64351,89.1,30.0,65.02,0.837857,med_high_up,False,False,False,False,False,0.0,0.0,50.0,0.0,0.0,0.0,0.0,0.0,50.0,0.0,0.0,-1,0.0,G2_EDGE,reg.sell_ok=False regime='med_high_up',-1,0.0,0.0,
SOL/USDT,2148,2026-06-07 10:00:00,short,0.64236,78.08,30.0,64.67,0.842857,med_high_up,False,False,False,False,False,0.0,0.0,50.0,0.0,0.0,0.0,0.0,0.0,50.0,0.0,0.0,-1,0.0,G2_EDGE,reg.sell_ok=False regime='med_high_up',-1,0.0,0.0,
SOL/USDT,2149,2026-06-07 11:00:00,short,0.64082,72.57,30.0,65.04,0.853571,med_high_up,False,False,False,False,False,0.0,0.0,50.0,0.0,0.0,0.0,0.0,0.0,50.0,0.0,0.0,-1,0.0,G2_EDGE,reg.sell_ok=False regime='med_high_up',-1,0.0,0.0,
SOL/USDT,2150,2026-06-07 12:00:00,short,0.64547,100.0,30.0,64.33,0.92,med_high_up,False,False,False,False,False,0.0,0.0,50.0,0.0,0.0,0.0,0.0,0.0,50.0,0.0,0.0,-1,0.0,G2_EDGE,reg.sell_ok=False regime='med_high_up',-1,0.0,0.0,
SOL/USDT,2151,2026-06-07 13:00:00,short,0.65069,77.24,30.0,64.34,0.900714,med_high_up,False,False,False,False,False,0.0,0.0,50.0,0.0,0.0,0.0,0.0,0.0,50.0,0.0,0.0,-1,0.0,G2_EDGE,reg.sell_ok=False regime='med_high_up',-1,0.0,0.0,
SOL/USDT,2152,2026-06-07 14:00:00,short,0.64467,80.49,30.0,64.92,0.925,med_high_up,False,False,False,False,False,0.0,0.0,50.0,0.0,0.0,0.0,0.0,0.0,50.0,0.0,0.0,-1,0.0,G2_EDGE,reg.sell_ok=False regime='med_high_up',-1,0.0,0.0,
SOL/USDT,2153,2026-06-07 15:00:00,short,0.6446,75.75,30.0,64.99,0.838571,med_high_up,False,False,False,False,False,0.0,0.0,50.0,0.0,0.0,0.0,0.0,0.0,50.0,0.0,0.0,-1,0.0,G2_EDGE,reg.sell_ok=False regime='med_high_up',-1,0.0,0.0,
SOL/USDT,2154,2026-06-07 16:00:00,short,0.65817,84.71,30.0,65.15,0.828571,med_high_up,False,False,False,False,False,0.0,0.0,50.0,0.0,0.0,0.0,0.0,0.0,50.0,0.0,0.0,-1,0.0,G2_EDGE,reg.sell_ok=False regime='med_high_up',-1,0.0,0.0,
SOL/USDT,2155,2026-06-07 17:00:00,short,0.65896,83.7,30.0,65.32,0.813571,med_high_up,False,False,False,False,False,0.0,0.0,50.0,0.0,0.0,0.0,0.0,0.0,50.0,0.0,0.0,-1,0.0,G2_EDGE,reg.sell_ok=False regime='med_high_up',-1,0.0,0.0,
SOL/USDT,2156,2026-06-07 18:00:00,short,0.65688,74.09,30.0,64.95,0.802857,med_high_up,False,False,False,False,False,0.0,0.0,50.0,0.0,0.0,0.0,0.0,0.0,50.0,0.0,0.0,-1,0.0,G2_EDGE,reg.sell_ok=False regime='med_high_up',-1,0.0,0.0,
SOL/USDT,2157,2026-06-07 19:00:00,short,0.68282,90.99,30.0,63.95,0.855714,med_high_up,False,False,False,False,False,0.0,0.0,50.0,0.0,0.0,0.0,0.0,0.0,50.0,0.0,0.0,-1,0.0,G2_EDGE,reg.sell_ok=False regime='med_high_up',-1,0.0,0.0,
SOL/USDT,2158,2026-06-07 20:00:00,short,0.66506,81.34,30.0,64.7,0.861429,med_high_up,False,False,False,False,False,0.0,0.0,50.0,0.0,0.0,0.0,0.0,0.0,50.0,0.0,0.0,-1,0.0,G2_EDGE,reg.sell_ok=False regime='med_high_up',-1,0.0,0.0,
SOL/USDT,2159,2026-06-07 21:00:00,short,0.66088,78.37,30.0,64.63,0.876429,med_high_up,False,False,False,False,False,0.0,0.0,50.0,0.0,0.0,0.0,0.0,0.0,50.0,0.0,0.0,-1,0.0,G2_EDGE,reg.sell_ok=False regime='med_high_up',-1,0.0,0.0,
SOL/USDT,2160,2026-06-07 22:00:00,short,0.62907,100.0,30.0,65.83,1.013571,med_high_up,False,False,False,False,False,0.0,0.0,50.0,0.0,0.0,0.0,0.0,0.0,50.0,0.0,0.0,-1,0.0,G2_EDGE,reg.sell_ok=False regime='med_high_up',-1,0.0,0.0,
SOL/USDT,2161,2026-06-07 23:00:00,short,0.61097,81.24,30.0,66.5,0.987857,med_high_up,False,False,False,False,False,0.0,0.0,50.0,0.0,0.0,0.0,0.0,0.0,50.0,0.0,0.0,-1,0.0,G2_EDGE,reg.sell_ok=False regime='med_high_up',-1,0.0,0.0,
SOL/USDT,2162,2026-06-08 00:00:00,short,0.59432,80.61,30.0,66.71,1.020714,med_high_up,False,False,False,False,False,0.0,0.0,50.0,0.0,0.0,0.0,0.0,0.0,50.0,0.0,0.0,-1,0.0,G2_EDGE,reg.sell_ok=False regime='med_high_up',-1,0.0,0.0,
SOL/USDT,2163,2026-06-08 01:00:00,short,0.59249,81.62,30.0,66.19,1.071429,med_high_up,False,False,False,False,False,0.0,0.0,50.0,0.0,0.0,0.0,0.0,0.0,50.0,0.0,0.0,-1,0.0,G2_EDGE,reg.sell_ok=False regime='med_high_up',-1,0.0,0.0,
SOL/USDT,2164,2026-06-08 02:00:00,short,0.57995,74.99,30.0,66.46,1.010714,med_high_up,False,False,False,False,False,0.0,0.0,50.0,0.0,0.0,0.0,0.0,0.0,50.0,0.0,0.0,-1,0.0,G2_EDGE,reg.sell_ok=False regime='med_high_up',-1,0.0,0.0,
SOL/USDT,2165,2026-06-08 03:00:00,short,0.5857,75.07,30.0,66.37,1.026429,med_high_up,False,False,False,False,False,0.0,0.0,50.0,0.0,0.0,0.0,0.0,0.0,50.0,0.0,0.0,-1,0.0,G2_EDGE,reg.sell_ok=False regime='med_high_up',-1,0.0,0.0,
SOL/USDT,2166,2026-06-08 04:00:00,short,0.587,79.14,30.0,65.44,1.028571,med_high_up,False,False,False,False,False,0.0,0.0,50.0,0.0,0.0,0.0,0.0,0.0,50.0,0.0,0.0,-1,0.0,G2_EDGE,reg.sell_ok=False regime='med_high_up',-1,0.0,0.0,
SOL/USDT,2167,2026-06-08 05:00:00,short,0.5963,79.9,30.0,65.34,1.032857,med_high_up,False,False,False,False,False,0.0,0.0,50.0,0.0,0.0,0.0,0.0,0.0,50.0,0.0,0.0,-1,0.0,G2_EDGE,reg.sell_ok=False regime='med_high_up',-1,0.0,0.0,
SOL/USDT,2168,2026-06-08 06:00:00,short,0.5912,58.23,30.0,65.68,1.035714,med_high_up,False,False,False,False,False,0.0,0.0,50.0,0.0,0.0,0.0,0.0,0.0,50.0,0.0,0.0,-1,0.0,G2_EDGE,reg.sell_ok=False regime='med_high_up',-1,0.0,0.0,
SOL/USDT,2169,2026-06-08 07:00:00,short,0.58359,56.77,30.0,66.11,1.058571,med_high_up,False,False,False,False,False,0.0,0.0,50.0,0.0,0.0,0.0,0.0,0.0,50.0,0.0,0.0,-1,0.0,G2_EDGE,reg.sell_ok=False regime='med_high_up',-1,0.0,0.0,
SOL/USDT,2170,2026-06-08 08:00:00,short,0.59337,59.02,0.0,65.63,1.057857,med_high_flat,,,True,False,False,0.0,0.0,50.0,0.0,0.0,0.0,0.0,0.0,50.0,0.0,0.0,-1,0.0,G1_REGIME,regime='med_high_flat' skipped=True reg_empty=False,-1,0.0,0.0,
SOL/USDT,2171,2026-06-08 09:00:00,short,0.57811,57.13,30.0,66.38,1.018571,med_high_up,False,False,False,False,False,0.0,0.0,50.0,0.0,0.0,0.0,0.0,0.0,50.0,0.0,0.0,-1,0.0,G2_EDGE,reg.sell_ok=False regime='med_high_up',-1,0.0,0.0,
SOL/USDT,2172,2026-06-08 10:00:00,short,0.58357,58.47,30.0,66.21,0.990714,med_high_up,False,False,False,False,False,0.0,0.0,50.0,0.0,0.0,0.0,0.0,0.0,50.0,0.0,0.0,-1,0.0,G2_EDGE,reg.sell_ok=False regime='med_high_up',-1,0.0,0.0,
SOL/USDT,2173,2026-06-08 11:00:00,short,0.57561,96.33,30.0,66.68,1.019286,med_high_up,False,False,False,False,False,0.0,0.0,50.0,0.0,0.0,0.0,0.0,0.0,50.0,0.0,0.0,-1,0.0,G2_EDGE,reg.sell_ok=False regime='med_high_up',-1,0.0,0.0,
SOL/USDT,2174,2026-06-08 12:00:00,short,0.56167,93.52,30.0,67.26,0.872143,med_high_up,False,False,False,False,False,0.0,0.0,50.0,0.0,0.0,0.0,0.0,0.0,50.0,0.0,0.0,-1,0.0,G2_EDGE,reg.sell_ok=False regime='med_high_up',-1,0.0,0.0,
SOL/USDT,2175,2026-06-08 13:00:00,short,0.57169,79.59,30.0,66.78,0.87,med_high_up,False,False,False,False,False,0.0,0.0,50.0,0.0,0.0,0.0,0.0,0.0,50.0,0.0,0.0,-1,0.0,G2_EDGE,reg.sell_ok=False regime='med_high_up',-1,0.0,0.0,
SOL/USDT,2176,2026-06-08 14:00:00,short,0.54737,85.84,30.0,67.28,0.853571,med_high_up,False,False,False,False,False,0.0,0.0,50.0,0.0,0.0,0.0,0.0,0.0,50.0,0.0,0.0,-1,0.0,G2_EDGE,reg.sell_ok=False regime='med_high_up',-1,0.0,0.0,
SOL/USDT,2177,2026-06-08 15:00:00,short,0.54892,70.13,30.0,67.18,0.807143,med_high_up,False,False,False,False,False,0.0,0.0,50.0,0.0,0.0,0.0,0.0,0.0,50.0,0.0,0.0,-1,0.0,G2_EDGE,reg.sell_ok=False regime='med_high_up',-1,0.0,0.0,
SOL/USDT,2178,2026-06-08 16:00:00,short,0.55025,66.68,30.0,66.96,0.825714,med_high_up,False,False,False,False,False,0.0,0.0,50.0,0.0,0.0,0.0,0.0,0.0,50.0,0.0,0.0,-1,0.0,G2_EDGE,reg.sell_ok=False regime='med_high_up',-1,0.0,0.0,
SOL/USDT,2179,2026-06-08 17:00:00,short,0.54415,65.24,30.0,67.38,0.844286,med_high_up,False,False,False,False,False,0.0,0.0,50.0,0.0,0.0,0.0,0.0,0.0,50.0,0.0,0.0,-1,0.0,G2_EDGE,reg.sell_ok=False regime='med_high_up',-1,0.0,0.0,
SOL/USDT,2180,2026-06-08 18:00:00,short,0.5433,60.38,0.0,67.43,0.802143,high_high_up,,,True,False,False,0.0,0.0,50.0,0.0,0.0,0.0,0.0,0.0,50.0,0.0,0.0,-1,0.0,G1_REGIME,regime='high_high_up' skipped=True reg_empty=False,-1,0.0,0.0,
SOL/USDT,2181,2026-06-08 19:00:00,short,0.54784,84.17,30.0,67.46,0.792857,med_high_up,False,False,False,False,False,0.0,0.0,50.0,0.0,0.0,0.0,0.0,0.0,50.0,0.0,0.0,-1,0.0,G2_EDGE,reg.sell_ok=False regime='med_high_up',-1,0.0,0.0,
SOL/USDT,2182,2026-06-08 20:00:00,short,0.54889,81.43,30.0,67.48,0.790714,med_high_up,False,False,False,False,False,0.0,0.0,50.0,0.0,0.0,0.0,0.0,0.0,50.0,0.0,0.0,-1,0.0,G2_EDGE,reg.sell_ok=False regime='med_high_up',-1,0.0,0.0,
SOL/USDT,2183,2026-06-08 21:00:00,short,0.54983,84.4,0.0,67.48,0.783571,high_high_up,,,True,False,False,0.0,0.0,50.0,0.0,0.0,0.0,0.0,0.0,50.0,0.0,0.0,-1,0.0,G1_REGIME,regime='high_high_up' skipped=True reg_empty=False,-1,0.0,0.0,
SOL/USDT,2184,2026-06-08 22:00:00,short,0.54282,82.44,30.0,67.2,0.782143,med_high_up,False,False,False,False,False,0.0,0.0,50.0,0.0,0.0,0.0,0.0,0.0,50.0,0.0,0.0,-1,0.0,G2_EDGE,reg.sell_ok=False regime='med_high_up',-1,0.0,0.0,
SOL/USDT,2185,2026-06-08 23:00:00,short,0.54239,73.11,0.0,66.82,0.780714,med_high_flat,,,True,False,False,0.0,0.0,50.0,0.0,0.0,0.0,0.0,0.0,50.0,0.0,0.0,-1,0.0,G1_REGIME,regime='med_high_flat' skipped=True reg_empty=False,-1,0.0,0.0,
SOL/USDT,2186,2026-06-09 00:00:00,short,0.59856,95.54,0.0,65.42,0.847857,med_high_down,,,True,False,False,0.0,0.0,50.0,0.0,0.0,0.0,0.0,0.0,50.0,0.0,0.0,-1,0.0,G1_REGIME,regime='med_high_down' skipped=True reg_empty=False,-1,0.0,0.0,
SOL/USDT,2187,2026-06-09 01:00:00,short,0.60198,81.97,0.0,65.99,0.824286,med_high_flat,,,True,False,False,0.0,0.0,50.0,0.0,0.0,0.0,0.0,0.0,50.0,0.0,0.0,-1,0.0,G1_REGIME,regime='med_high_flat' skipped=True reg_empty=False,-1,0.0,0.0,
SOL/USDT,2188,2026-06-09 02:00:00,short,0.6046,70.77,0.0,65.91,0.768571,med_high_flat,,,True,False,False,0.0,0.0,50.0,0.0,0.0,0.0,0.0,0.0,50.0,0.0,0.0,-1,0.0,G1_REGIME,regime='med_high_flat' skipped=True reg_empty=False,-1,0.0,0.0,
SOL/USDT,2189,2026-06-09 03:00:00,short,0.60853,79.94,30.0,66.01,0.736429,med_med_flat,False,True,False,False,False,0.0,-0.26772629279202353,51.59753578255861,0.0,0.0,0.0,0.0,0.5,50.0,0.0,0.0,-1,0.0,G4_5_MTF,prior(bullish)=0.00<0.6 OR rev(bearish)=0.50<0.5,-1,0.0,0.0,
SOL/USDT,2190,2026-06-09 04:00:00,short,0.58549,84.49,30.0,67.02,0.787857,med_high_up,False,False,False,False,False,0.0,0.0,50.0,0.0,0.0,0.0,0.0,0.0,50.0,0.0,0.0,-1,0.0,G2_EDGE,reg.sell_ok=False regime='med_high_up',-1,0.0,0.0,
SOL/USDT,2191,2026-06-09 05:00:00,short,0.58797,100.0,30.0,67.18,0.782857,med_high_up,False,False,False,False,False,0.0,0.0,50.0,0.0,0.0,0.0,0.0,0.0,50.0,0.0,0.0,-1,0.0,G2_EDGE,reg.sell_ok=False regime='med_high_up',-1,0.0,0.0,
SOL/USDT,2192,2026-06-09 06:00:00,short,0.58678,75.75,30.0,67.05,0.757143,med_high_up,False,False,False,False,False,0.0,0.0,50.0,0.0,0.0,0.0,0.0,0.0,50.0,0.0,0.0,-1,0.0,G2_EDGE,reg.sell_ok=False regime='med_high_up',-1,0.0,0.0,
SOL/USDT,2193,2026-06-09 07:00:00,short,0.57784,78.37,30.0,66.89,0.749286,med_med_up,False,True,False,False,False,0.0,0.07890287025293947,50.732905091856175,0.0,0.0,0.0,0.75,0.5,44.39359253512358,-2.3229925160583633,-0.18320883402353205,47,0.011202,TRADE,edge=78.4 meta_conf=0.5778,2219,63.368357,3.5216,WIN
SOL/USDT,2220,2026-06-10 10:00:00,short,0.66602,70.19,70.0,63.68,0.651429,med_med_down,False,True,False,False,True,0.0,-0.5225384449858702,51.91117840028468,0.0,0.0,0.0,0.5,0.5,50.0,0.0,0.0,-1,0.0,G4_5_MTF,prior(bullish)=0.50<0.6 OR rev(bearish)=0.50<0.5,-1,0.0,0.0,
SOL/USDT,2221,2026-06-10 11:00:00,short,0.68765,90.48,70.0,63.49,0.655,med_med_down,False,True,False,False,True,0.0,-0.6219072115856971,54.14164964106572,0.0,0.0,0.0,0.5,0.0,50.0,0.0,0.0,-1,0.0,G4_5_MTF,prior(bullish)=0.50<0.6 OR rev(bearish)=0.00<0.5,-1,0.0,0.0,
SOL/USDT,2222,2026-06-10 12:00:00,short,0.65881,100.0,70.0,64.13,0.715714,med_med_down,False,True,False,False,False,0.0,-0.335627724958005,54.3389597157901,0.0,0.0,0.0,0.75,0.5,40.30612230502909,-0.590207766592998,0.013590939577867611,3,0.01116,TRADE,edge=100.0 meta_conf=0.6588,2245,65.811929,-1.6819,LOSS
SOL/USDT,2246,2026-06-11 12:00:00,short,0.59909,100.0,30.0,65.26,0.695,med_med_up,False,True,False,True,False,0.0,0.4232624473754565,42.682636723502505,0.0,0.0,0.0,0.75,0.0,50.0,0.0,0.0,-1,0.0,G4_5_MTF,prior(bullish)=0.75<0.6 OR rev(bearish)=0.00<0.5,-1,0.0,0.0,
SOL/USDT,2247,2026-06-11 13:00:00,short,0.59466,88.43,30.0,65.53,0.682857,med_med_flat,False,True,False,True,False,0.0,0.5542467339453173,50.16477381380661,0.0,0.0,0.0,0.75,0.5,72.94117627035762,2.214177043565592,-0.04933694649105913,2,0.0,G6_COOLDOWN,bars_since_exit=2 < cooldown=3,-1,0.0,0.0,
SOL/USDT,2248,2026-06-11 14:00:00,short,0.60451,87.67,30.0,65.35,0.697857,med_med_flat,False,True,False,True,False,0.0,0.4475745520780288,56.01521721766475,0.0,0.0,0.0,1.0,0.5,67.49999980312494,2.019218468120894,-0.19495857544469786,3,0.010679,TRADE,edge=87.7 meta_conf=0.6045,2251,66.989964,-1.64,LOSS
SOL/USDT,2252,2026-06-11 18:00:00,short,0.60122,88.19,30.0,66.8,0.733571,med_med_up,False,True,False,True,False,0.0,0.5563409523479672,51.479188418827974,0.0,0.0,0.0,0.5,0.5,50.0,0.0,0.0,-1,0.0,G4_5_MTF,prior(bullish)=0.50<0.6 OR rev(bearish)=0.50<0.5,-1,0.0,0.0,
SOL/USDT,2253,2026-06-11 19:00:00,short,0.60542,90.05,30.0,66.93,0.77,med_high_up,False,False,False,False,False,0.0,0.0,50.0,0.0,0.0,0.0,0.0,0.0,50.0,0.0,0.0,-1,0.0,G2_EDGE,reg.sell_ok=False regime='med_high_up',-1,0.0,0.0,
SOL/USDT,2254,2026-06-11 20:00:00,short,0.60718,83.19,30.0,66.6,0.774286,med_high_up,False,False,False,False,False,0.0,0.0,50.0,0.0,0.0,0.0,0.0,0.0,50.0,0.0,0.0,-1,0.0,G2_EDGE,reg.sell_ok=False regime='med_high_up',-1,0.0,0.0,
SOL/USDT,2255,2026-06-11 21:00:00,short,0.60688,80.12,30.0,66.91,0.782143,med_high_up,False,False,False,False,False,0.0,0.0,50.0,0.0,0.0,0.0,0.0,0.0,50.0,0.0,0.0,-1,0.0,G2_EDGE,reg.sell_ok=False regime='med_high_up',-1,0.0,0.0,
SOL/USDT,2256,2026-06-11 22:00:00,short,0.60944,82.52,30.0,66.9,0.765714,med_high_up,False,False,False,False,False,0.0,0.0,50.0,0.0,0.0,0.0,0.0,0.0,50.0,0.0,0.0,-1,0.0,G2_EDGE,reg.sell_ok=False regime='med_high_up',-1,0.0,0.0,
SOL/USDT,2257,2026-06-11 23:00:00,short,0.61153,82.49,30.0,66.93,0.757857,med_high_up,False,False,False,False,False,0.0,0.0,50.0,0.0,0.0,0.0,0.0,0.0,50.0,0.0,0.0,-1,0.0,G2_EDGE,reg.sell_ok=False regime='med_high_up',-1,0.0,0.0,
SOL/USDT,2258,2026-06-12 00:00:00,short,0.61127,84.35,30.0,66.87,0.756429,med_high_up,False,False,False,False,False,0.0,0.0,50.0,0.0,0.0,0.0,0.0,0.0,50.0,0.0,0.0,-1,0.0,G2_EDGE,reg.sell_ok=False regime='med_high_up',-1,0.0,0.0,
SOL/USDT,2259,2026-06-12 01:00:00,short,0.61347,85.74,30.0,66.7,0.73,med_med_up,False,True,False,True,False,0.0,0.38559545569284054,52.668726405494034,0.0,0.0,0.0,0.5,0.5,50.0,0.0,0.0,-1,0.0,G4_5_MTF,prior(bullish)=0.50<0.6 OR rev(bearish)=0.50<0.5,-1,0.0,0.0,
SOL/USDT,2260,2026-06-12 02:00:00,short,0.60207,84.32,30.0,67.14,0.7,med_med_up,False,True,False,True,False,0.0,0.5429861052000873,54.215497982092934,0.0,0.0,0.0,0.5,1.0,50.0,0.0,0.0,-1,0.0,G4_5_MTF,prior(bullish)=0.50<0.6 OR rev(bearish)=1.00<0.5,-1,0.0,0.0,
SOL/USDT,2261,2026-06-12 03:00:00,short,0.61471,84.64,30.0,67.04,0.687143,med_med_up,False,True,False,True,False,0.0,0.4569111434393797,54.231475066589226,0.0,0.0,0.0,0.5,0.5,50.0,0.0,0.0,-1,0.0,G4_5_MTF,prior(bullish)=0.50<0.6 OR rev(bearish)=0.50<0.5,-1,0.0,0.0,
SOL/USDT,2262,2026-06-12 04:00:00,short,0.60835,83.57,30.0,67.07,0.658571,med_med_up,False,True,False,True,False,0.0,0.5278026101401272,54.24102288973325,0.0,0.0,0.0,0.25,0.5,50.0,0.0,0.0,-1,0.0,G4_5_MTF,prior(bullish)=0.25<0.6 OR rev(bearish)=0.50<0.5,-1,0.0,0.0,
SOL/USDT,2263,2026-06-12 05:00:00,short,0.61154,85.0,30.0,66.74,0.628571,med_med_up,False,True,False,True,False,0.0,0.34159324033801314,54.9384658521056,0.0,0.0,0.0,0.5,0.5,50.0,0.0,0.0,-1,0.0,G4_5_MTF,prior(bullish)=0.50<0.6 OR rev(bearish)=0.50<0.5,-1,0.0,0.0,
SOL/USDT,2264,2026-06-12 06:00:00,short,0.60515,84.3,30.0,66.11,0.655714,med_med_up,False,True,False,False,False,0.0,-0.07039754407054392,54.98398537203909,0.0,0.0,0.0,0.25,0.5,50.0,0.0,0.0,-1,0.0,G4_5_MTF,prior(bullish)=0.25<0.6 OR rev(bearish)=0.50<0.5,-1,0.0,0.0,
SOL/USDT,2265,2026-06-12 07:00:00,short,0.61605,78.99,30.0,66.32,0.53,med_med_up,False,True,False,False,False,0.0,0.05208469890098113,72.3856225156224,0.0,0.0,0.0,0.5,1.0,50.0,0.0,0.0,-1,0.0,G4_5_MTF,prior(bullish)=0.50<0.6 OR rev(bearish)=1.00<0.5,-1,0.0,0.0,
SOL/USDT,2266,2026-06-12 08:00:00,short,0.62572,87.25,30.0,66.92,0.535,med_med_up,False,True,False,True,False,0.0,0.3336119163543453,71.62020635390333,0.0,0.0,0.0,0.5,0.5,50.0,0.0,0.0,-1,0.0,G4_5_MTF,prior(bullish)=0.50<0.6 OR rev(bearish)=0.50<0.5,-1,0.0,0.0,
SOL/USDT,2267,2026-06-12 09:00:00,short,0.62142,94.24,48.0,67.17,0.522143,med_low_up,True,False,False,False,False,0.0,0.0,50.0,0.0,0.0,0.0,0.0,0.0,50.0,0.0,0.0,-1,0.0,G2_EDGE,reg.sell_ok=False regime='med_low_up',-1,0.0,0.0,
SOL/USDT,2268,2026-06-12 10:00:00,short,0.62546,87.63,30.0,66.79,0.527857,med_med_up,False,True,False,True,False,0.0,0.28562552552438764,67.88220119599528,0.0,0.0,0.0,0.5,0.0,50.0,0.0,0.0,-1,0.0,G4_5_MTF,prior(bullish)=0.50<0.6 OR rev(bearish)=0.00<0.5,-1,0.0,0.0,
SOL/USDT,2269,2026-06-12 11:00:00,short,0.62327,84.74,48.0,66.93,0.513571,med_low_up,True,False,False,False,False,0.0,0.0,50.0,0.0,0.0,0.0,0.0,0.0,50.0,0.0,0.0,-1,0.0,G2_EDGE,reg.sell_ok=False regime='med_low_up',-1,0.0,0.0,
SOL/USDT,2270,2026-06-12 12:00:00,short,0.62714,91.87,48.0,66.77,0.520714,med_low_up,True,False,False,False,False,0.0,0.0,50.0,0.0,0.0,0.0,0.0,0.0,50.0,0.0,0.0,-1,0.0,G2_EDGE,reg.sell_ok=False regime='med_low_up',-1,0.0,0.0,
SOL/USDT,2271,2026-06-12 13:00:00,short,0.62805,93.32,30.0,66.72,0.535,med_med_up,False,True,False,True,False,0.0,-0.18041428099127163,64.73401533695606,0.0,0.0,0.0,0.75,0.5,47.04225333560789,-1.7184493319180538,-0.06097413781822225,20,0.008019,TRADE,edge=93.3 meta_conf=0.6280,2272,67.97725,-1.2572,LOSS
SOL/USDT,2273,2026-06-12 15:00:00,short,0.66675,90.45,30.0,67.25,0.69,med_med_up,False,True,False,True,False,0.0,0.3658671326638011,40.28186914182862,0.0,0.0,0.0,0.5,0.5,50.0,0.0,0.0,-1,0.0,G4_5_MTF,prior(bullish)=0.50<0.6 OR rev(bearish)=0.50<0.5,-1,0.0,0.0,
SOL/USDT,2274,2026-06-12 16:00:00,short,0.64863,68.67,30.0,68.01,0.711429,med_med_up,False,True,False,False,False,0.0,0.0,50.0,0.0,0.0,0.0,0.0,0.0,50.0,0.0,0.0,-1,0.0,G3_MIN_QUALITY,edge=68.7 < MIN_QUALITY_SCORE=70.0,-1,0.0,0.0,
SOL/USDT,2275,2026-06-12 17:00:00,short,0.64427,59.03,30.0,67.4,0.743571,med_med_flat,False,True,False,False,False,0.0,0.0,50.0,0.0,0.0,0.0,0.0,0.0,50.0,0.0,0.0,-1,0.0,G3_MIN_QUALITY,edge=59.0 < MIN_QUALITY_SCORE=70.0,-1,0.0,0.0,
SOL/USDT,2276,2026-06-12 18:00:00,short,0.64676,61.17,30.0,67.07,0.749286,med_med_flat,False,True,False,False,False,0.0,0.0,50.0,0.0,0.0,0.0,0.0,0.0,50.0,0.0,0.0,-1,0.0,G3_MIN_QUALITY,edge=61.2 < MIN_QUALITY_SCORE=70.0,-1,0.0,0.0,
SOL/USDT,2277,2026-06-12 19:00:00,short,0.63753,52.97,0.0,66.78,0.77,med_high_flat,,,True,False,False,0.0,0.0,50.0,0.0,0.0,0.0,0.0,0.0,50.0,0.0,0.0,-1,0.0,G1_REGIME,regime='med_high_flat' skipped=True reg_empty=False,-1,0.0,0.0,
SOL/USDT,2278,2026-06-12 20:00:00,short,0.62506,52.34,30.0,66.68,0.737143,med_med_flat,False,True,False,False,False,0.0,0.0,50.0,0.0,0.0,0.0,0.0,0.0,50.0,0.0,0.0,-1,0.0,G3_MIN_QUALITY,edge=52.3 < MIN_QUALITY_SCORE=70.0,-1,0.0,0.0,
SOL/USDT,2279,2026-06-12 21:00:00,short,0.62658,51.47,30.0,66.57,0.744286,med_med_flat,False,True,False,False,False,0.0,0.0,50.0,0.0,0.0,0.0,0.0,0.0,50.0,0.0,0.0,-1,0.0,G3_MIN_QUALITY,edge=51.5 < MIN_QUALITY_SCORE=70.0,-1,0.0,0.0,
SOL/USDT,2280,2026-06-12 22:00:00,short,0.61809,50.92,30.0,66.63,0.715,med_med_flat,False,True,False,False,False,0.0,0.0,50.0,0.0,0.0,0.0,0.0,0.0,50.0,0.0,0.0,-1,0.0,G3_MIN_QUALITY,edge=50.9 < MIN_QUALITY_SCORE=70.0,-1,0.0,0.0,
SOL/USDT,2281,2026-06-12 23:00:00,short,0.63953,51.32,30.0,66.82,0.694286,med_med_flat,False,True,False,False,False,0.0,0.0,50.0,0.0,0.0,0.0,0.0,0.0,50.0,0.0,0.0,-1,0.0,G3_MIN_QUALITY,edge=51.3 < MIN_QUALITY_SCORE=70.0,-1,0.0,0.0,
SOL/USDT,2282,2026-06-13 00:00:00,short,0.60829,58.8,30.0,66.99,0.661429,med_med_flat,False,True,False,False,False,0.0,0.0,50.0,0.0,0.0,0.0,0.0,0.0,50.0,0.0,0.0,-1,0.0,G3_MIN_QUALITY,edge=58.8 < MIN_QUALITY_SCORE=70.0,-1,0.0,0.0,
SOL/USDT,2283,2026-06-13 01:00:00,short,0.60753,55.8,30.0,67.45,0.676429,med_med_up,False,True,False,False,False,0.0,0.0,50.0,0.0,0.0,0.0,0.0,0.0,50.0,0.0,0.0,-1,0.0,G3_MIN_QUALITY,edge=55.8 < MIN_QUALITY_SCORE=70.0,-1,0.0,0.0,
SOL/USDT,2284,2026-06-13 02:00:00,short,0.61122,79.8,30.0,66.97,0.695714,med_med_flat,False,True,False,False,False,0.0,-0.023419616621906347,52.25271249929202,0.0,0.0,0.0,0.5,0.0,50.0,0.0,0.0,-1,0.0,G4_5_MTF,prior(bullish)=0.50<0.6 OR rev(bearish)=0.00<0.5,-1,0.0,0.0,
SOL/USDT,2285,2026-06-13 03:00:00,short,0.61553,69.78,30.0,66.88,0.675,med_med_flat,False,True,False,False,False,0.0,0.0,50.0,0.0,0.0,0.0,0.0,0.0,50.0,0.0,0.0,-1,0.0,G3_MIN_QUALITY,edge=69.8 < MIN_QUALITY_SCORE=70.0,-1,0.0,0.0,
SOL/USDT,2286,2026-06-13 04:00:00,short,0.59884,72.4,30.0,66.67,0.602143,med_med_flat,False,True,False,False,True,0.0,-0.37425221650694274,53.56445990288701,0.0,0.0,0.0,1.0,1.0,36.043955933051684,-0.6967721845176876,-0.1952959242806488,14,0.009032,TRADE,edge=72.4 meta_conf=0.5988,2295,68.085036,-1.415,LOSS
SOL/USDT,2296,2026-06-13 14:00:00,short,0.5921,84.41,80.0,68.29,0.425,low_low_flat,False,True,False,True,False,0.0,0.6516816974464443,49.924960582875904,0.0,0.0,0.0,0.75,0.0,50.0,0.0,0.0,-1,0.0,G4_5_MTF,prior(bullish)=0.75<0.6 OR rev(bearish)=0.00<0.5,-1,0.0,0.0,
SOL/USDT,2297,2026-06-13 15:00:00,short,0.59337,87.35,76.0,68.6,0.425,low_low_up,False,True,False,True,False,0.0,0.6903098772414705,43.570034722828424,1.0,0.0,0.0,1.0,0.0,50.0,0.0,0.0,-1,0.0,G4_5_MTF,prior(bullish)=1.00<0.6 OR rev(bearish)=0.00<0.5,-1,0.0,0.0,
SOL/USDT,2298,2026-06-13 16:00:00,short,0.63623,100.0,80.0,68.1,0.436429,low_low_flat,False,True,False,True,False,0.0,0.4719443814377958,42.0731955851199,0.0,0.0,0.0,1.0,0.0,50.0,0.0,0.0,-1,0.0,G4_5_MTF,prior(bullish)=1.00<0.6 OR rev(bearish)=0.00<0.5,-1,0.0,0.0,
SOL/USDT,2299,2026-06-13 17:00:00,short,0.63449,85.44,80.0,68.0,0.442857,low_low_flat,False,True,False,True,False,0.0,0.4132908060289432,40.68096263735692,0.0,0.0,0.0,1.0,0.5,69.85815568155539,2.8574079549072136,0.0498749717981295,4,0.006513,TRADE,edge=85.4 meta_conf=0.6345,2303,69.040714,-1.0407,LOSS
SOL/USDT,2304,2026-06-13 22:00:00,short,0.58514,87.37,76.0,68.91,0.5,low_low_up,False,True,False,True,False,0.0,0.5242875888286308,36.72350009682164,0.0,0.0,0.0,0.5,0.0,50.0,0.0,0.0,-1,0.0,G4_5_MTF,prior(bullish)=0.50<0.6 OR rev(bearish)=0.00<0.5,-1,0.0,0.0,
SOL/USDT,2305,2026-06-13 23:00:00,short,0.58245,81.77,76.0,68.94,0.51,low_low_up,False,True,False,True,False,0.0,0.6063092505881321,38.22896800206461,0.0,0.0,0.0,0.75,0.5,72.49283638541559,0.49630720634498504,-0.3239598535787742,2,0.0,G6_COOLDOWN,bars_since_exit=2 < cooldown=3,-1,0.0,0.0,
SOL/USDT,2306,2026-06-14 00:00:00,short,0.59589,84.57,76.0,68.75,0.511429,low_low_up,False,True,False,True,False,0.0,0.4391855740806493,39.638476037671346,0.0,0.0,0.0,1.0,0.5,68.14404405705922,0.10931503796446296,-0.3869921683805221,3,0.007439,TRADE,edge=84.6 meta_conf=0.5959,2327,69.951857,-1.2019,LOSS
SOL/USDT,2328,2026-06-14 22:00:00,short,0.54543,100.0,50.0,70.45,0.658571,low_med_up,False,False,False,False,False,0.0,0.0,50.0,0.0,0.0,0.0,0.0,0.0,50.0,0.0,0.0,-1,0.0,G2_EDGE,reg.sell_ok=False regime='low_med_up',-1,0.0,0.0,
SOL/USDT,2329,2026-06-14 23:00:00,short,0.54514,89.75,50.0,71.28,0.698571,low_med_up,False,False,False,False,False,0.0,0.0,50.0,0.0,0.0,0.0,0.0,0.0,50.0,0.0,0.0,-1,0.0,G2_EDGE,reg.sell_ok=False regime='low_med_up',-1,0.0,0.0,
SOL/USDT,2330,2026-06-15 00:00:00,short,0.53239,90.4,50.0,71.12,0.728571,low_med_up,False,False,False,False,False,0.0,0.0,50.0,0.0,0.0,0.0,0.0,0.0,50.0,0.0,0.0,-1,0.0,G2_EDGE,reg.sell_ok=False regime='low_med_up',-1,0.0,0.0,
SOL/USDT,2331,2026-06-15 01:00:00,short,0.54058,84.74,50.0,71.01,0.754286,low_med_up,False,False,False,False,False,0.0,0.0,50.0,0.0,0.0,0.0,0.0,0.0,50.0,0.0,0.0,-1,0.0,G2_EDGE,reg.sell_ok=False regime='low_med_up',-1,0.0,0.0,
SOL/USDT,2332,2026-06-15 02:00:00,short,0.54761,84.14,50.0,70.99,0.77,low_med_up,False,False,False,False,False,0.0,0.0,50.0,0.0,0.0,0.0,0.0,0.0,50.0,0.0,0.0,-1,0.0,G2_EDGE,reg.sell_ok=False regime='low_med_up',-1,0.0,0.0,
SOL/USDT,2333,2026-06-15 03:00:00,short,0.53491,82.44,50.0,71.24,0.777143,low_med_up,False,False,False,False,False,0.0,0.0,50.0,0.0,0.0,0.0,0.0,0.0,50.0,0.0,0.0,-1,0.0,G2_EDGE,reg.sell_ok=False regime='low_med_up',-1,0.0,0.0,
SOL/USDT,2334,2026-06-15 04:00:00,short,0.54547,82.5,50.0,70.93,0.741429,low_med_up,False,False,False,False,False,0.0,0.0,50.0,0.0,0.0,0.0,0.0,0.0,50.0,0.0,0.0,-1,0.0,G2_EDGE,reg.sell_ok=False regime='low_med_up',-1,0.0,0.0,
SOL/USDT,2335,2026-06-15 05:00:00,short,0.54311,81.64,50.0,71.22,0.756429,low_med_up,False,False,False,False,False,0.0,0.0,50.0,0.0,0.0,0.0,0.0,0.0,50.0,0.0,0.0,-1,0.0,G2_EDGE,reg.sell_ok=False regime='low_med_up',-1,0.0,0.0,
SOL/USDT,2336,2026-06-15 06:00:00,short,0.55466,82.37,50.0,71.36,0.759286,low_med_up,False,False,False,False,False,0.0,0.0,50.0,0.0,0.0,0.0,0.0,0.0,50.0,0.0,0.0,-1,0.0,G2_EDGE,reg.sell_ok=False regime='low_med_up',-1,0.0,0.0,
SOL/USDT,2337,2026-06-15 07:00:00,short,0.5652,85.66,50.0,71.28,0.755,low_med_up,False,False,False,False,False,0.0,0.0,50.0,0.0,0.0,0.0,0.0,0.0,50.0,0.0,0.0,-1,0.0,G2_EDGE,reg.sell_ok=False regime='low_med_up',-1,0.0,0.0,
SOL/USDT,2338,2026-06-15 08:00:00,short,0.56226,84.67,50.0,71.3,0.765,low_med_up,False,False,False,False,False,0.0,0.0,50.0,0.0,0.0,0.0,0.0,0.0,50.0,0.0,0.0,-1,0.0,G2_EDGE,reg.sell_ok=False regime='low_med_up',-1,0.0,0.0,
SOL/USDT,2339,2026-06-15 09:00:00,short,0.58198,86.52,50.0,71.23,0.785,low_med_up,False,False,False,False,False,0.0,0.0,50.0,0.0,0.0,0.0,0.0,0.0,50.0,0.0,0.0,-1,0.0,G2_EDGE,reg.sell_ok=False regime='low_med_up',-1,0.0,0.0,
SOL/USDT,2340,2026-06-15 10:00:00,short,0.57325,88.04,0.0,71.88,0.806429,low_high_up,,,True,False,False,0.0,0.0,50.0,0.0,0.0,0.0,0.0,0.0,50.0,0.0,0.0,-1,0.0,G1_REGIME,regime='low_high_up' skipped=True reg_empty=False,-1,0.0,0.0,
SOL/USDT,2341,2026-06-15 11:00:00,short,0.5449,89.36,50.0,72.61,0.693571,low_med_up,False,False,False,False,False,0.0,0.0,50.0,0.0,0.0,0.0,0.0,0.0,50.0,0.0,0.0,-1,0.0,G2_EDGE,reg.sell_ok=False regime='low_med_up',-1,0.0,0.0,
SOL/USDT,2342,2026-06-15 12:00:00,short,0.54223,84.2,30.0,72.86,0.667857,med_med_up,False,True,False,True,False,0.0,0.7237869392134152,49.26391198031849,1.0,0.0,0.0,0.5,0.0,50.0,0.0,0.0,-1,0.0,G4_5_MTF,prior(bullish)=0.50<0.6 OR rev(bearish)=0.00<0.5,-1,0.0,0.0,
SOL/USDT,2343,2026-06-15 13:00:00,short,0.53596,100.0,30.0,73.64,0.694286,med_med_up,False,True,False,True,False,0.0,0.7089871601754618,40.71326539240916,1.0,0.0,0.0,0.5,0.0,50.0,0.0,0.0,-1,0.0,G4_5_MTF,prior(bullish)=0.50<0.6 OR rev(bearish)=0.00<0.5,-1,0.0,0.0,
SOL/USDT,2344,2026-06-15 14:00:00,short,0.53073,84.39,30.0,73.82,0.693571,med_med_up,False,True,False,True,False,0.0,0.7065474749228584,40.58619251622527,0.0,0.0,0.0,0.75,0.0,50.0,0.0,0.0,-1,0.0,G4_5_MTF,prior(bullish)=0.75<0.6 OR rev(bearish)=0.00<0.5,-1,0.0,0.0,
SOL/USDT,2345,2026-06-15 15:00:00,short,0.53149,87.78,30.0,75.25,0.749286,med_med_up,False,True,False,True,False,0.0,0.7553970520339683,32.13381210732328,1.0,0.0,0.0,0.75,0.0,50.0,0.0,0.0,-1,0.0,G4_5_MTF,prior(bullish)=0.75<0.6 OR rev(bearish)=0.00<0.5,-1,0.0,0.0,
SOL/USDT,2346,2026-06-15 16:00:00,short,0.53254,88.63,30.0,75.48,0.78,med_med_up,False,True,False,True,False,0.0,0.7374234596769588,25.703117361298926,1.0,0.0,0.0,1.0,0.0,50.0,0.0,0.0,-1,0.0,G4_5_MTF,prior(bullish)=1.00<0.6 OR rev(bearish)=0.00<0.5,-1,0.0,0.0,
SOL/USDT,2347,2026-06-15 17:00:00,short,0.53759,89.82,30.0,75.28,0.806429,med_med_up,False,True,False,True,False,0.0,0.6403222531473977,25.809421789358847,0.0,0.0,0.0,1.0,0.0,50.0,0.0,0.0,-1,0.0,G4_5_MTF,prior(bullish)=1.00<0.6 OR rev(bearish)=0.00<0.5,-1,0.0,0.0,
SOL/USDT,2348,2026-06-15 18:00:00,short,0.53718,80.58,30.0,75.3,0.820714,high_med_up,False,False,False,False,False,0.0,0.0,50.0,0.0,0.0,0.0,0.0,0.0,50.0,0.0,0.0,-1,0.0,G2_EDGE,reg.sell_ok=False regime='high_med_up',-1,0.0,0.0,
SOL/USDT,2349,2026-06-15 19:00:00,short,0.53927,83.35,0.0,75.28,0.872857,high_high_up,,,True,False,False,0.0,0.0,50.0,0.0,0.0,0.0,0.0,0.0,50.0,0.0,0.0,-1,0.0,G1_REGIME,regime='high_high_up' skipped=True reg_empty=False,-1,0.0,0.0,
SOL/USDT,2350,2026-06-15 20:00:00,short,0.54294,72.0,0.0,74.95,0.894286,high_high_up,,,True,False,False,0.0,0.0,50.0,0.0,0.0,0.0,0.0,0.0,50.0,0.0,0.0,-1,0.0,G1_REGIME,regime='high_high_up' skipped=True reg_empty=False,-1,0.0,0.0,
SOL/USDT,2351,2026-06-15 21:00:00,short,0.55064,74.0,30.0,74.45,0.912143,med_high_up,False,False,False,False,False,0.0,0.0,50.0,0.0,0.0,0.0,0.0,0.0,50.0,0.0,0.0,-1,0.0,G2_EDGE,reg.sell_ok=False regime='med_high_up',-1,0.0,0.0,
SOL/USDT,2352,2026-06-15 22:00:00,short,0.55985,80.09,30.0,73.78,0.950714,med_high_up,False,False,False,False,False,0.0,0.0,50.0,0.0,0.0,0.0,0.0,0.0,50.0,0.0,0.0,-1,0.0,G2_EDGE,reg.sell_ok=False regime='med_high_up',-1,0.0,0.0,
SOL/USDT,2353,2026-06-15 23:00:00,short,0.565,74.69,30.0,73.98,0.934286,med_high_up,False,False,False,False,False,0.0,0.0,50.0,0.0,0.0,0.0,0.0,0.0,50.0,0.0,0.0,-1,0.0,G2_EDGE,reg.sell_ok=False regime='med_high_up',-1,0.0,0.0,
SOL/USDT,2354,2026-06-16 00:00:00,short,0.57715,74.53,30.0,74.04,0.908571,med_high_up,False,False,False,False,False,0.0,0.0,50.0,0.0,0.0,0.0,0.0,0.0,50.0,0.0,0.0,-1,0.0,G2_EDGE,reg.sell_ok=False regime='med_high_up',-1,0.0,0.0,
SOL/USDT,2355,2026-06-16 01:00:00,short,0.58105,75.31,30.0,73.88,0.860714,med_high_up,False,False,False,False,False,0.0,0.0,50.0,0.0,0.0,0.0,0.0,0.0,50.0,0.0,0.0,-1,0.0,G2_EDGE,reg.sell_ok=False regime='med_high_up',-1,0.0,0.0,
SOL/USDT,2356,2026-06-16 02:00:00,short,0.60592,83.42,30.0,73.01,0.891429,med_high_up,False,False,False,False,False,0.0,0.0,50.0,0.0,0.0,0.0,0.0,0.0,50.0,0.0,0.0,-1,0.0,G2_EDGE,reg.sell_ok=False regime='med_high_up',-1,0.0,0.0,
SOL/USDT,2357,2026-06-16 03:00:00,short,0.58524,77.35,30.0,73.74,0.850714,med_high_up,False,False,False,False,False,0.0,0.0,50.0,0.0,0.0,0.0,0.0,0.0,50.0,0.0,0.0,-1,0.0,G2_EDGE,reg.sell_ok=False regime='med_high_up',-1,0.0,0.0,
SOL/USDT,2358,2026-06-16 04:00:00,short,0.59263,79.22,30.0,73.36,0.848571,med_high_up,False,False,False,False,False,0.0,0.0,50.0,0.0,0.0,0.0,0.0,0.0,50.0,0.0,0.0,-1,0.0,G2_EDGE,reg.sell_ok=False regime='med_high_up',-1,0.0,0.0,
SOL/USDT,2359,2026-06-16 05:00:00,short,0.58666,77.22,30.0,73.67,0.777857,med_med_up,False,True,False,False,False,0.0,-0.08049886719309997,49.03295487156579,0.0,0.0,0.0,0.5,0.5,50.0,0.0,0.0,-1,0.0,G4_5_MTF,prior(bullish)=0.50<0.6 OR rev(bearish)=0.50<0.5,-1,0.0,0.0,
SOL/USDT,2360,2026-06-16 06:00:00,short,0.58256,76.76,30.0,74.19,0.744286,med_med_up,False,True,False,False,False,0.0,0.12105571435034161,52.259621385368405,0.0,0.0,0.0,0.5,0.5,50.0,0.0,0.0,-1,0.0,G4_5_MTF,prior(bullish)=0.50<0.6 OR rev(bearish)=0.50<0.5,-1,0.0,0.0,
SOL/USDT,2361,2026-06-16 07:00:00,short,0.57878,76.7,30.0,74.46,0.714286,med_med_up,False,True,False,False,False,0.0,0.17890374804658554,51.969326350097695,0.0,0.0,0.0,0.25,0.0,50.0,0.0,0.0,-1,0.0,G4_5_MTF,prior(bullish)=0.25<0.6 OR rev(bearish)=0.00<0.5,-1,0.0,0.0,
SOL/USDT,2362,2026-06-16 08:00:00,short,0.56982,88.19,30.0,75.4,0.765,med_med_up,False,True,False,True,False,0.0,0.3138150307542479,51.79271409029507,0.0,0.0,0.0,0.5,0.0,50.0,0.0,0.0,-1,0.0,G4_5_MTF,prior(bullish)=0.50<0.6 OR rev(bearish)=0.00<0.5,-1,0.0,0.0,
SOL/USDT,2363,2026-06-16 09:00:00,short,0.58051,75.46,30.0,74.85,0.723571,med_med_up,False,True,False,False,False,0.0,0.3074752002424854,53.36411773472395,0.0,0.0,0.0,0.75,0.0,50.0,0.0,0.0,-1,0.0,G4_5_MTF,prior(bullish)=0.75<0.6 OR rev(bearish)=0.00<0.5,-1,0.0,0.0,
SOL/USDT,2364,2026-06-16 10:00:00,short,0.57938,74.18,30.0,74.7,0.705,med_med_up,False,True,False,False,False,0.0,0.2945808308443054,52.75011644914933,0.0,0.0,0.0,0.75,0.5,48.01901732610678,-2.7251656278186185,0.7000905839467801,-1,0.0,G5_RSI_ACCEL,rsi_accel=0.7001>0.08 (RSI recovering),-1,0.0,0.0,
SOL/USDT,2365,2026-06-16 11:00:00,short,0.57567,56.82,30.0,74.66,0.697143,med_med_up,False,True,False,False,False,0.0,0.0,50.0,0.0,0.0,0.0,0.0,0.0,50.0,0.0,0.0,-1,0.0,G3_MIN_QUALITY,edge=56.8 < MIN_QUALITY_SCORE=70.0,-1,0.0,0.0,
SOL/USDT,2366,2026-06-16 12:00:00,short,0.55889,60.7,30.0,74.94,0.700714,med_med_up,False,True,False,False,False,0.0,0.0,50.0,0.0,0.0,0.0,0.0,0.0,50.0,0.0,0.0,-1,0.0,G3_MIN_QUALITY,edge=60.7 < MIN_QUALITY_SCORE=70.0,-1,0.0,0.0,
SOL/USDT,2367,2026-06-16 13:00:00,short,0.59794,82.22,30.0,73.99,0.747143,med_med_flat,False,True,False,False,False,0.0,-0.024329841635682917,50.55511089742631,0.0,0.0,0.0,0.0,0.0,50.0,0.0,0.0,-1,0.0,G3_5_ADX,adx=19.3 < 25 (weak trend),-1,0.0,0.0,
SOL/USDT,2368,2026-06-16 14:00:00,short,0.63655,77.1,0.0,72.98,0.85,med_high_flat,,,True,False,False,0.0,0.0,50.0,0.0,0.0,0.0,0.0,0.0,50.0,0.0,0.0,-1,0.0,G1_REGIME,regime='med_high_flat' skipped=True reg_empty=False,-1,0.0,0.0,
SOL/USDT,2369,2026-06-16 15:00:00,short,0.63578,57.28,0.0,73.29,0.87,med_high_down,,,True,False,False,0.0,0.0,50.0,0.0,0.0,0.0,0.0,0.0,50.0,0.0,0.0,-1,0.0,G1_REGIME,regime='med_high_down' skipped=True reg_empty=False,-1,0.0,0.0,
SOL/USDT,2370,2026-06-16 16:00:00,short,0.63041,53.64,0.0,73.1,0.823571,med_high_down,,,True,False,False,0.0,0.0,50.0,0.0,0.0,0.0,0.0,0.0,50.0,0.0,0.0,-1,0.0,G1_REGIME,regime='med_high_down' skipped=True reg_empty=False,-1,0.0,0.0,
SOL/USDT,2371,2026-06-16 17:00:00,short,0.61734,63.32,70.0,73.67,0.812143,med_med_down,False,True,False,False,False,0.0,0.0,50.0,0.0,0.0,0.0,0.0,0.0,50.0,0.0,0.0,-1,0.0,G2_EDGE,edge=63.3 < thr=70.0,-1,0.0,0.0,
SOL/USDT,2372,2026-06-16 18:00:00,short,0.61589,63.35,70.0,74.0,0.812857,med_med_down,False,True,False,False,False,0.0,0.0,50.0,0.0,0.0,0.0,0.0,0.0,50.0,0.0,0.0,-1,0.0,G2_EDGE,edge=63.3 < thr=70.0,-1,0.0,0.0,
SOL/USDT,2373,2026-06-16 19:00:00,short,0.62354,63.7,0.0,73.84,0.832143,med_high_down,,,True,False,False,0.0,0.0,50.0,0.0,0.0,0.0,0.0,0.0,50.0,0.0,0.0,-1,0.0,G1_REGIME,regime='med_high_down' skipped=True reg_empty=False,-1,0.0,0.0,
SOL/USDT,2374,2026-06-16 20:00:00,short,0.61864,58.15,30.0,74.14,0.827857,med_med_flat,False,True,False,False,False,0.0,0.0,50.0,0.0,0.0,0.0,0.0,0.0,50.0,0.0,0.0,-1,0.0,G3_MIN_QUALITY,edge=58.2 < MIN_QUALITY_SCORE=70.0,-1,0.0,0.0,
SOL/USDT,2375,2026-06-16 21:00:00,short,0.62748,60.76,0.0,73.94,0.833571,low_high_flat,,,True,False,False,0.0,0.0,50.0,0.0,0.0,0.0,0.0,0.0,50.0,0.0,0.0,-1,0.0,G1_REGIME,regime='low_high_flat' skipped=True reg_empty=False,-1,0.0,0.0,
SOL/USDT,2376,2026-06-16 22:00:00,short,0.6357,60.0,30.0,73.84,0.775,low_med_flat,False,True,False,False,False,0.0,0.0,50.0,0.0,0.0,0.0,0.0,0.0,50.0,0.0,0.0,-1,0.0,G3_MIN_QUALITY,edge=60.0 < MIN_QUALITY_SCORE=70.0,-1,0.0,0.0,
SOL/USDT,2377,2026-06-16 23:00:00,short,0.63931,61.17,30.0,73.52,0.767857,low_med_flat,False,True,False,False,False,0.0,0.0,50.0,0.0,0.0,0.0,0.0,0.0,50.0,0.0,0.0,-1,0.0,G3_MIN_QUALITY,edge=61.2 < MIN_QUALITY_SCORE=70.0,-1,0.0,0.0,
SOL/USDT,2378,2026-06-17 00:00:00,short,0.64103,52.58,30.0,73.37,0.77,low_med_flat,False,True,False,False,False,0.0,0.0,50.0,0.0,0.0,0.0,0.0,0.0,50.0,0.0,0.0,-1,0.0,G3_MIN_QUALITY,edge=52.6 < MIN_QUALITY_SCORE=70.0,-1,0.0,0.0,
SOL/USDT,2379,2026-06-17 01:00:00,short,0.6378,61.67,30.0,73.93,0.792143,low_med_flat,False,True,False,False,False,0.0,0.0,50.0,0.0,0.0,0.0,0.0,0.0,50.0,0.0,0.0,-1,0.0,G3_MIN_QUALITY,edge=61.7 < MIN_QUALITY_SCORE=70.0,-1,0.0,0.0,
SOL/USDT,2380,2026-06-17 02:00:00,short,0.61758,62.65,50.0,74.05,0.773571,low_med_up,False,False,False,False,False,0.0,0.0,50.0,0.0,0.0,0.0,0.0,0.0,50.0,0.0,0.0,-1,0.0,G2_EDGE,reg.sell_ok=False regime='low_med_up',-1,0.0,0.0,
SOL/USDT,2381,2026-06-17 03:00:00,short,0.63015,62.51,30.0,73.68,0.733571,low_med_flat,False,True,False,False,False,0.0,0.0,50.0,0.0,0.0,0.0,0.0,0.0,50.0,0.0,0.0,-1,0.0,G3_MIN_QUALITY,edge=62.5 < MIN_QUALITY_SCORE=70.0,-1,0.0,0.0,
SOL/USDT,2382,2026-06-17 04:00:00,short,0.61622,56.99,30.0,73.83,0.626429,low_med_flat,False,True,False,False,False,0.0,0.0,50.0,0.0,0.0,0.0,0.0,0.0,50.0,0.0,0.0,-1,0.0,G3_MIN_QUALITY,edge=57.0 < MIN_QUALITY_SCORE=70.0,-1,0.0,0.0,
SOL/USDT,2383,2026-06-17 05:00:00,short,0.6296,59.87,30.0,73.65,0.611429,low_med_flat,False,True,False,False,False,0.0,0.0,50.0,0.0,0.0,0.0,0.0,0.0,50.0,0.0,0.0,-1,0.0,G3_MIN_QUALITY,edge=59.9 < MIN_QUALITY_SCORE=70.0,-1,0.0,0.0,
SOL/USDT,2384,2026-06-17 06:00:00,short,0.63283,62.62,30.0,73.41,0.623571,low_med_flat,False,True,False,False,False,0.0,0.0,50.0,0.0,0.0,0.0,0.0,0.0,50.0,0.0,0.0,-1,0.0,G3_MIN_QUALITY,edge=62.6 < MIN_QUALITY_SCORE=70.0,-1,0.0,0.0,
SOL/USDT,2385,2026-06-17 07:00:00,short,0.63858,57.22,30.0,73.26,0.612143,low_med_flat,False,True,False,False,False,0.0,0.0,50.0,0.0,0.0,0.0,0.0,0.0,50.0,0.0,0.0,-1,0.0,G3_MIN_QUALITY,edge=57.2 < MIN_QUALITY_SCORE=70.0,-1,0.0,0.0,
SOL/USDT,2386,2026-06-17 08:00:00,short,0.67183,54.9,52.0,72.34,0.639286,low_med_down,False,True,False,False,False,0.0,0.0,50.0,0.0,0.0,0.0,0.0,0.0,50.0,0.0,0.0,-1,0.0,G3_MIN_QUALITY,edge=54.9 < MIN_QUALITY_SCORE=70.0,-1,0.0,0.0,
SOL/USDT,2387,2026-06-17 09:00:00,short,0.66367,77.07,52.0,72.54,0.611429,low_med_down,False,True,False,False,True,0.0,-0.5523414965338906,55.516916700111615,0.0,0.0,0.0,0.25,1.0,50.0,0.0,0.0,-1,0.0,G4_5_MTF,prior(bullish)=0.25<0.6 OR rev(bearish)=1.00<0.5,-1,0.0,0.0,
SOL/USDT,2388,2026-06-17 10:00:00,short,0.6781,66.85,52.0,72.15,0.61,low_med_down,False,True,False,False,False,0.0,0.0,50.0,0.0,0.0,0.0,0.0,0.0,50.0,0.0,0.0,-1,0.0,G3_MIN_QUALITY,edge=66.8 < MIN_QUALITY_SCORE=70.0,-1,0.0,0.0,
SOL/USDT,2389,2026-06-17 11:00:00,short,0.67382,73.38,52.0,72.04,0.612857,low_med_down,False,True,False,False,True,0.0,-0.6715501152674413,47.072957232147544,-1.0,0.0,0.0,0.0,0.5,50.0,0.0,0.0,-1,0.0,G4_5_MTF,prior(bullish)=0.00<0.6 OR rev(bearish)=0.50<0.5,-1,0.0,0.0,
SOL/USDT,2390,2026-06-17 12:00:00,short,0.67016,81.51,52.0,72.33,0.633571,low_med_down,False,True,False,False,True,0.0,-0.5158941910576843,44.89547367512833,0.0,0.0,0.0,0.25,1.0,50.0,0.0,0.0,-1,0.0,G4_5_MTF,prior(bullish)=0.25<0.6 OR rev(bearish)=1.00<0.5,-1,0.0,0.0,
SOL/USDT,2391,2026-06-17 13:00:00,short,0.67058,83.72,52.0,72.43,0.637857,low_med_down,False,True,False,False,True,0.0,-0.47149767422237016,44.36878107242941,0.0,0.0,0.0,0.25,0.5,50.0,0.0,0.0,-1,0.0,G4_5_MTF,prior(bullish)=0.25<0.6 OR rev(bearish)=0.50<0.5,-1,0.0,0.0,
SOL/USDT,2392,2026-06-17 14:00:00,short,0.68011,98.12,30.0,72.39,0.665714,low_med_flat,False,True,False,False,True,0.0,-0.5368984487604384,43.9409127635315,0.0,0.0,0.0,0.25,0.0,50.0,0.0,0.0,-1,0.0,G4_5_MTF,prior(bullish)=0.25<0.6 OR rev(bearish)=0.00<0.5,-1,0.0,0.0,
SOL/USDT,2393,2026-06-17 15:00:00,short,0.67076,100.0,30.0,73.81,0.714286,low_med_flat,False,True,False,True,False,0.0,-0.01777192665451698,43.61829705331263,0.0,0.0,0.0,0.5,0.5,50.0,0.0,0.0,-1,0.0,G4_5_MTF,prior(bullish)=0.50<0.6 OR rev(bearish)=0.50<0.5,-1,0.0,0.0,
SOL/USDT,2394,2026-06-17 16:00:00,short,0.65807,100.0,30.0,73.76,0.728571,low_med_flat,False,True,False,True,False,0.0,-0.08964673206595151,40.64124839503651,0.0,0.0,0.0,0.5,0.5,50.0,0.0,0.0,-1,0.0,G4_5_MTF,prior(bullish)=0.50<0.6 OR rev(bearish)=0.50<0.5,-1,0.0,0.0,
SOL/USDT,2395,2026-06-17 17:00:00,short,0.64737,89.54,30.0,74.22,0.752857,low_med_flat,False,True,False,True,False,0.0,0.4369945909016185,40.72181641299162,0.0,0.0,0.0,0.5,0.5,50.0,0.0,0.0,-1,0.0,G4_5_MTF,prior(bullish)=0.50<0.6 OR rev(bearish)=0.50<0.5,-1,0.0,0.0,
SOL/USDT,2396,2026-06-17 18:00:00,short,0.65471,100.0,0.0,73.5,0.872857,low_high_flat,,,True,False,False,0.0,0.0,50.0,0.0,0.0,0.0,0.0,0.0,50.0,0.0,0.0,-1,0.0,G1_REGIME,regime='low_high_flat' skipped=True reg_empty=False,-1,0.0,0.0,
SOL/USDT,2397,2026-06-17 19:00:00,short,0.70065,100.0,0.0,71.66,0.995,low_high_down,,,True,False,False,0.0,0.0,50.0,0.0,0.0,0.0,0.0,0.0,50.0,0.0,0.0,-1,0.0,G1_REGIME,regime='low_high_down' skipped=True reg_empty=False,-1,0.0,0.0,
SOL/USDT,2398,2026-06-17 20:00:00,short,0.69269,79.24,0.0,72.2,0.999286,med_high_down,,,True,False,False,0.0,0.0,50.0,0.0,0.0,0.0,0.0,0.0,50.0,0.0,0.0,-1,0.0,G1_REGIME,regime='med_high_down' skipped=True reg_empty=False,-1,0.0,0.0,
SOL/USDT,2399,2026-06-17 21:00:00,short,0.70986,79.84,0.0,71.62,1.015714,med_high_down,,,True,False,False,0.0,0.0,50.0,0.0,0.0,0.0,0.0,0.0,50.0,0.0,0.0,-1,0.0,G1_REGIME,regime='med_high_down' skipped=True reg_empty=False,-1,0.0,0.0,
SOL/USDT,2400,2026-06-17 22:00:00,short,0.70773,80.01,0.0,71.7,1.014286,med_high_down,,,True,False,False,0.0,0.0,50.0,0.0,0.0,0.0,0.0,0.0,50.0,0.0,0.0,-1,0.0,G1_REGIME,regime='med_high_down' skipped=True reg_empty=False,-1,0.0,0.0,
SOL/USDT,2401,2026-06-17 23:00:00,short,0.70432,87.54,0.0,72.05,1.02,med_high_down,,,True,False,False,0.0,0.0,50.0,0.0,0.0,0.0,0.0,0.0,50.0,0.0,0.0,-1,0.0,G1_REGIME,regime='med_high_down' skipped=True reg_empty=False,-1,0.0,0.0,
SOL/USDT,2402,2026-06-18 00:00:00,short,0.73498,67.81,0.0,72.22,1.012857,med_high_flat,,,True,False,False,0.0,0.0,50.0,0.0,0.0,0.0,0.0,0.0,50.0,0.0,0.0,-1,0.0,G1_REGIME,regime='med_high_flat' skipped=True reg_empty=False,-1,0.0,0.0,
SOL/USDT,2403,2026-06-18 01:00:00,short,0.72736,67.32,0.0,72.21,1.014286,med_high_down,,,True,False,False,0.0,0.0,50.0,0.0,0.0,0.0,0.0,0.0,50.0,0.0,0.0,-1,0.0,G1_REGIME,regime='med_high_down' skipped=True reg_empty=False,-1,0.0,0.0,
SOL/USDT,2404,2026-06-18 02:00:00,short,0.71158,65.87,0.0,72.54,0.998571,med_high_down,,,True,False,False,0.0,0.0,50.0,0.0,0.0,0.0,0.0,0.0,50.0,0.0,0.0,-1,0.0,G1_REGIME,regime='med_high_down' skipped=True reg_empty=False,-1,0.0,0.0,
SOL/USDT,2405,2026-06-18 03:00:00,short,0.73275,60.63,0.0,71.65,1.027143,med_high_down,,,True,False,False,0.0,0.0,50.0,0.0,0.0,0.0,0.0,0.0,50.0,0.0,0.0,-1,0.0,G1_REGIME,regime='med_high_down' skipped=True reg_empty=False,-1,0.0,0.0,
SOL/USDT,2406,2026-06-18 04:00:00,short,0.74745,62.59,0.0,71.06,1.025,med_high_down,,,True,False,False,0.0,0.0,50.0,0.0,0.0,0.0,0.0,0.0,50.0,0.0,0.0,-1,0.0,G1_REGIME,regime='med_high_down' skipped=True reg_empty=False,-1,0.0,0.0,
SOL/USDT,2407,2026-06-18 05:00:00,short,0.74355,60.57,0.0,71.14,0.952857,med_high_down,,,True,False,False,0.0,0.0,50.0,0.0,0.0,0.0,0.0,0.0,50.0,0.0,0.0,-1,0.0,G1_REGIME,regime='med_high_down' skipped=True reg_empty=False,-1,0.0,0.0,
SOL/USDT,2408,2026-06-18 06:00:00,short,0.73697,58.03,0.0,71.34,0.912857,med_high_down,,,True,False,False,0.0,0.0,50.0,0.0,0.0,0.0,0.0,0.0,50.0,0.0,0.0,-1,0.0,G1_REGIME,regime='med_high_down' skipped=True reg_empty=False,-1,0.0,0.0,
SOL/USDT,2409,2026-06-18 07:00:00,short,0.737,88.17,0.0,71.78,0.899286,med_high_down,,,True,False,False,0.0,0.0,50.0,0.0,0.0,0.0,0.0,0.0,50.0,0.0,0.0,-1,0.0,G1_REGIME,regime='med_high_down' skipped=True reg_empty=False,-1,0.0,0.0,
SOL/USDT,2410,2026-06-18 08:00:00,short,0.73591,87.68,30.0,71.85,0.774286,low_med_flat,False,True,False,False,False,0.0,-0.3888631663747478,56.56939887694474,0.0,0.0,0.0,0.5,0.0,50.0,0.0,0.0,-1,0.0,G4_5_MTF,prior(bullish)=0.50<0.6 OR rev(bearish)=0.00<0.5,-1,0.0,0.0,
SOL/USDT,2411,2026-06-18 09:00:00,short,0.72408,64.84,30.0,71.85,0.640714,low_med_flat,False,True,False,False,False,0.0,0.0,50.0,0.0,0.0,0.0,0.0,0.0,50.0,0.0,0.0,-1,0.0,G3_MIN_QUALITY,edge=64.8 < MIN_QUALITY_SCORE=70.0,-1,0.0,0.0,
SOL/USDT,2412,2026-06-18 10:00:00,short,0.71925,60.61,30.0,71.39,0.645714,low_med_flat,False,True,False,False,False,0.0,0.0,50.0,0.0,0.0,0.0,0.0,0.0,50.0,0.0,0.0,-1,0.0,G3_MIN_QUALITY,edge=60.6 < MIN_QUALITY_SCORE=70.0,-1,0.0,0.0,
SOL/USDT,2413,2026-06-18 11:00:00,short,0.72803,60.59,30.0,70.94,0.645,low_med_flat,False,True,False,False,False,0.0,0.0,50.0,0.0,0.0,0.0,0.0,0.0,50.0,0.0,0.0,-1,0.0,G3_MIN_QUALITY,edge=60.6 < MIN_QUALITY_SCORE=70.0,-1,0.0,0.0,
SOL/USDT,2414,2026-06-18 12:00:00,short,0.71707,55.74,30.0,71.57,0.618571,low_med_flat,False,True,False,False,False,0.0,0.0,50.0,0.0,0.0,0.0,0.0,0.0,50.0,0.0,0.0,-1,0.0,G3_MIN_QUALITY,edge=55.7 < MIN_QUALITY_SCORE=70.0,-1,0.0,0.0,
SOL/USDT,2415,2026-06-18 13:00:00,short,0.71496,61.28,52.0,71.05,0.663571,low_med_down,False,True,False,False,False,0.0,0.0,50.0,0.0,0.0,0.0,0.0,0.0,50.0,0.0,0.0,-1,0.0,G3_MIN_QUALITY,edge=61.3 < MIN_QUALITY_SCORE=70.0,-1,0.0,0.0,
SOL/USDT,2416,2026-06-18 14:00:00,short,0.7195,84.77,52.0,71.08,0.702857,low_med_down,False,True,False,False,True,0.0,-0.5191843590153206,65.59906181423864,0.0,0.0,0.0,0.25,0.5,50.0,0.0,0.0,-1,0.0,G4_5_MTF,prior(bullish)=0.25<0.6 OR rev(bearish)=0.50<0.5,-1,0.0,0.0,
SOL/USDT,2417,2026-06-18 15:00:00,short,0.71754,94.12,0.0,68.44,0.86,med_high_down,,,True,False,False,0.0,0.0,50.0,0.0,0.0,0.0,0.0,0.0,50.0,0.0,0.0,-1,0.0,G1_REGIME,regime='med_high_down' skipped=True reg_empty=False,-1,0.0,0.0,
SOL/USDT,2418,2026-06-18 16:00:00,short,0.7148,76.94,0.0,69.06,0.874286,med_high_down,,,True,False,False,0.0,0.0,50.0,0.0,0.0,0.0,0.0,0.0,50.0,0.0,0.0,-1,0.0,G1_REGIME,regime='med_high_down' skipped=True reg_empty=False,-1,0.0,0.0,
SOL/USDT,2419,2026-06-18 17:00:00,short,0.71934,74.06,0.0,68.64,0.848571,med_high_down,,,True,False,False,0.0,0.0,50.0,0.0,0.0,0.0,0.0,0.0,50.0,0.0,0.0,-1,0.0,G1_REGIME,regime='med_high_down' skipped=True reg_empty=False,-1,0.0,0.0,
SOL/USDT,2420,2026-06-18 18:00:00,short,0.7207,85.12,0.0,68.66,0.844286,med_high_down,,,True,False,False,0.0,0.0,50.0,0.0,0.0,0.0,0.0,0.0,50.0,0.0,0.0,-1,0.0,G1_REGIME,regime='med_high_down' skipped=True reg_empty=False,-1,0.0,0.0,
SOL/USDT,2421,2026-06-18 19:00:00,short,0.74434,92.19,0.0,69.37,0.877143,low_high_down,,,True,False,False,0.0,0.0,50.0,0.0,0.0,0.0,0.0,0.0,50.0,0.0,0.0,-1,0.0,G1_REGIME,regime='low_high_down' skipped=True reg_empty=False,-1,0.0,0.0,
SOL/USDT,2422,2026-06-18 20:00:00,short,0.75326,91.54,0.0,69.82,0.889286,low_high_down,,,True,False,False,0.0,0.0,50.0,0.0,0.0,0.0,0.0,0.0,50.0,0.0,0.0,-1,0.0,G1_REGIME,regime='low_high_down' skipped=True reg_empty=False,-1,0.0,0.0,
SOL/USDT,2423,2026-06-18 21:00:00,short,0.74864,91.54,0.0,69.57,0.875,low_high_down,,,True,False,False,0.0,0.0,50.0,0.0,0.0,0.0,0.0,0.0,50.0,0.0,0.0,-1,0.0,G1_REGIME,regime='low_high_down' skipped=True reg_empty=False,-1,0.0,0.0,
SOL/USDT,2424,2026-06-18 22:00:00,short,0.74206,90.74,0.0,69.52,0.874286,low_high_down,,,True,False,False,0.0,0.0,50.0,0.0,0.0,0.0,0.0,0.0,50.0,0.0,0.0,-1,0.0,G1_REGIME,regime='low_high_down' skipped=True reg_empty=False,-1,0.0,0.0,
SOL/USDT,2425,2026-06-18 23:00:00,short,0.74037,88.5,0.0,69.71,0.882143,low_high_down,,,True,False,False,0.0,0.0,50.0,0.0,0.0,0.0,0.0,0.0,50.0,0.0,0.0,-1,0.0,G1_REGIME,regime='low_high_down' skipped=True reg_empty=False,-1,0.0,0.0,
SOL/USDT,2426,2026-06-19 00:00:00,short,0.7362,88.57,0.0,69.81,0.853571,low_high_down,,,True,False,False,0.0,0.0,50.0,0.0,0.0,0.0,0.0,0.0,50.0,0.0,0.0,-1,0.0,G1_REGIME,regime='low_high_down' skipped=True reg_empty=False,-1,0.0,0.0,
SOL/USDT,2427,2026-06-19 01:00:00,short,0.7406,87.93,0.0,69.94,0.828571,low_high_down,,,True,False,False,0.0,0.0,50.0,0.0,0.0,0.0,0.0,0.0,50.0,0.0,0.0,-1,0.0,G1_REGIME,regime='low_high_down' skipped=True reg_empty=False,-1,0.0,0.0,
SOL/USDT,2428,2026-06-19 02:00:00,short,0.73624,88.84,0.0,69.66,0.823571,low_high_down,,,True,False,False,0.0,0.0,50.0,0.0,0.0,0.0,0.0,0.0,50.0,0.0,0.0,-1,0.0,G1_REGIME,regime='low_high_down' skipped=True reg_empty=False,-1,0.0,0.0,
SOL/USDT,2429,2026-06-19 03:00:00,short,0.72265,83.68,0.0,69.05,0.825714,med_high_down,,,True,False,False,0.0,0.0,50.0,0.0,0.0,0.0,0.0,0.0,50.0,0.0,0.0,-1,0.0,G1_REGIME,regime='med_high_down' skipped=True reg_empty=False,-1,0.0,0.0,
SOL/USDT,2430,2026-06-19 04:00:00,short,0.72729,83.1,0.0,68.33,0.836429,med_high_down,,,True,False,False,0.0,0.0,50.0,0.0,0.0,0.0,0.0,0.0,50.0,0.0,0.0,-1,0.0,G1_REGIME,regime='med_high_down' skipped=True reg_empty=False,-1,0.0,0.0,
SOL/USDT,2431,2026-06-19 05:00:00,short,0.7049,77.82,70.0,68.7,0.670714,med_med_down,False,True,False,False,True,0.0,-0.3601685890608267,67.45846291020737,0.0,0.0,0.0,0.75,1.0,52.642276272969184,0.851534725209438,0.21192970531384137,-1,0.0,G5_RSI_ACCEL,rsi_accel=0.2119>0.08 (RSI recovering),-1,0.0,0.0,
SOL/USDT,2432,2026-06-19 06:00:00,short,0.70355,79.76,70.0,68.75,0.644286,med_med_down,False,True,False,False,True,0.0,-0.49214779402032627,66.71281880319759,0.0,0.0,0.0,0.5,0.5,50.0,0.0,0.0,-1,0.0,G4_5_MTF,prior(bullish)=0.50<0.6 OR rev(bearish)=0.50<0.5,-1,0.0,0.0,
SOL/USDT,2433,2026-06-19 07:00:00,short,0.7069,80.7,70.0,68.38,0.654286,med_med_down,False,True,False,False,True,0.0,-0.6634273702540568,63.85259968010258,0.0,0.0,0.0,0.25,0.0,50.0,0.0,0.0,-1,0.0,G4_5_MTF,prior(bullish)=0.25<0.6 OR rev(bearish)=0.00<0.5,-1,0.0,0.0,
SOL/USDT,2434,2026-06-19 08:00:00,short,0.69943,75.98,70.0,68.68,0.637143,med_med_down,False,True,False,False,True,0.0,-0.322977877001384,63.156471381088636,0.0,0.0,0.0,0.25,0.5,50.0,0.0,0.0,-1,0.0,G4_5_MTF,prior(bullish)=0.25<0.6 OR rev(bearish)=0.50<0.5,-1,0.0,0.0,
SOL/USDT,2435,2026-06-19 09:00:00,short,0.70101,79.04,70.0,68.33,0.607143,med_med_down,False,True,False,False,True,0.0,-0.678749885956905,62.229470952390656,0.0,0.0,0.0,0.5,0.5,50.0,0.0,0.0,-1,0.0,G4_5_MTF,prior(bullish)=0.50<0.6 OR rev(bearish)=0.50<0.5,-1,0.0,0.0,
SOL/USDT,2436,2026-06-19 10:00:00,short,0.69824,69.75,70.0,68.3,0.594286,med_med_down,False,True,False,False,False,0.0,0.0,50.0,0.0,0.0,0.0,0.0,0.0,50.0,0.0,0.0,-1,0.0,G2_EDGE,edge=69.7 < thr=70.0,-1,0.0,0.0,
SOL/USDT,2437,2026-06-19 11:00:00,short,0.69388,76.72,70.0,68.25,0.586429,med_med_down,False,True,False,False,True,0.0,-0.589716672475922,60.14486147130941,0.0,0.0,0.0,0.75,1.0,31.66666654351873,0.14988105160856313,-0.3670445540965803,110,0.008592,TRADE,edge=76.7 meta_conf=0.6939,2449,69.628107,-1.3781,LOSS
SOL/USDT,2450,2026-06-20 00:00:00,short,0.6438,91.98,30.0,69.63,0.635714,low_med_flat,False,True,False,True,False,0.0,0.332343819628713,53.67204917272951,0.0,0.0,0.0,0.25,0.0,50.0,0.0,0.0,-1,0.0,G4_5_MTF,prior(bullish)=0.25<0.6 OR rev(bearish)=0.00<0.5,-1,0.0,0.0,
SOL/USDT,2451,2026-06-20 01:00:00,short,0.63548,81.33,30.0,69.8,0.637857,low_med_flat,False,True,False,True,False,0.0,0.45765197692910387,53.88631558109564,0.0,0.0,0.0,0.5,0.5,50.0,0.0,0.0,-1,0.0,G4_5_MTF,prior(bullish)=0.50<0.6 OR rev(bearish)=0.50<0.5,-1,0.0,0.0,
SOL/USDT,2452,2026-06-20 02:00:00,short,0.63554,83.84,30.0,69.65,0.608571,low_med_flat,False,True,False,True,False,0.0,0.31612992372697646,63.19802763175199,0.0,0.0,0.0,0.75,0.5,62.29116924294122,2.0146274863098945,-0.22967736113891757,3,0.008738,TRADE,edge=83.8 meta_conf=0.6355,2454,71.080143,-1.4301,LOSS
SOL/USDT,2455,2026-06-20 05:00:00,short,0.64246,100.0,50.0,71.8,0.679286,low_med_up,False,False,False,False,False,0.0,0.0,50.0,0.0,0.0,0.0,0.0,0.0,50.0,0.0,0.0,-1,0.0,G2_EDGE,reg.sell_ok=False regime='low_med_up',-1,0.0,0.0,
SOL/USDT,2456,2026-06-20 06:00:00,short,0.64603,89.77,50.0,72.12,0.665,low_med_up,False,False,False,False,False,0.0,0.0,50.0,0.0,0.0,0.0,0.0,0.0,50.0,0.0,0.0,-1,0.0,G2_EDGE,reg.sell_ok=False regime='low_med_up',-1,0.0,0.0,
SOL/USDT,2457,2026-06-20 07:00:00,short,0.64724,87.25,50.0,71.6,0.651429,low_med_up,False,False,False,False,False,0.0,0.0,50.0,0.0,0.0,0.0,0.0,0.0,50.0,0.0,0.0,-1,0.0,G2_EDGE,reg.sell_ok=False regime='low_med_up',-1,0.0,0.0,
SOL/USDT,2458,2026-06-20 08:00:00,short,0.6536,76.56,50.0,71.34,0.637857,low_med_up,False,False,False,False,False,0.0,0.0,50.0,0.0,0.0,0.0,0.0,0.0,50.0,0.0,0.0,-1,0.0,G2_EDGE,reg.sell_ok=False regime='low_med_up',-1,0.0,0.0,
SOL/USDT,2459,2026-06-20 09:00:00,short,0.65633,84.94,50.0,71.57,0.640714,low_med_up,False,False,False,False,False,0.0,0.0,50.0,0.0,0.0,0.0,0.0,0.0,50.0,0.0,0.0,-1,0.0,G2_EDGE,reg.sell_ok=False regime='low_med_up',-1,0.0,0.0,
SOL/USDT,2460,2026-06-20 10:00:00,short,0.65692,82.71,50.0,71.69,0.620714,low_med_up,False,False,False,False,False,0.0,0.0,50.0,0.0,0.0,0.0,0.0,0.0,50.0,0.0,0.0,-1,0.0,G2_EDGE,reg.sell_ok=False regime='low_med_up',-1,0.0,0.0,
SOL/USDT,2461,2026-06-20 11:00:00,short,0.65616,85.71,50.0,71.78,0.638571,low_med_up,False,False,False,False,False,0.0,0.0,50.0,0.0,0.0,0.0,0.0,0.0,50.0,0.0,0.0,-1,0.0,G2_EDGE,reg.sell_ok=False regime='low_med_up',-1,0.0,0.0,
SOL/USDT,2462,2026-06-20 12:00:00,short,0.6545,88.69,50.0,71.56,0.647143,low_med_up,False,False,False,False,False,0.0,0.0,50.0,0.0,0.0,0.0,0.0,0.0,50.0,0.0,0.0,-1,0.0,G2_EDGE,reg.sell_ok=False regime='low_med_up',-1,0.0,0.0,
SOL/USDT,2463,2026-06-20 13:00:00,short,0.66328,82.68,50.0,71.19,0.661429,low_med_up,False,False,False,False,False,0.0,0.0,50.0,0.0,0.0,0.0,0.0,0.0,50.0,0.0,0.0,-1,0.0,G2_EDGE,reg.sell_ok=False regime='low_med_up',-1,0.0,0.0,
SOL/USDT,2464,2026-06-20 14:00:00,short,0.65247,100.0,50.0,71.93,0.747143,low_med_up,False,False,False,False,False,0.0,0.0,50.0,0.0,0.0,0.0,0.0,0.0,50.0,0.0,0.0,-1,0.0,G2_EDGE,reg.sell_ok=False regime='low_med_up',-1,0.0,0.0,
SOL/USDT,2465,2026-06-20 15:00:00,short,0.62987,100.0,50.0,72.02,0.798571,low_med_up,False,False,False,False,False,0.0,0.0,50.0,0.0,0.0,0.0,0.0,0.0,50.0,0.0,0.0,-1,0.0,G2_EDGE,reg.sell_ok=False regime='low_med_up',-1,0.0,0.0,
SOL/USDT,2466,2026-06-20 16:00:00,short,0.64794,91.9,0.0,71.67,0.823571,low_high_up,,,True,False,False,0.0,0.0,50.0,0.0,0.0,0.0,0.0,0.0,50.0,0.0,0.0,-1,0.0,G1_REGIME,regime='low_high_up' skipped=True reg_empty=False,-1,0.0,0.0,
SOL/USDT,2467,2026-06-20 17:00:00,short,0.66395,87.33,0.0,71.55,0.830714,low_high_up,,,True,False,False,0.0,0.0,50.0,0.0,0.0,0.0,0.0,0.0,50.0,0.0,0.0,-1,0.0,G1_REGIME,regime='low_high_up' skipped=True reg_empty=False,-1,0.0,0.0,
SOL/USDT,2468,2026-06-20 18:00:00,short,0.66158,88.51,50.0,71.75,0.777857,low_med_up,False,False,False,False,False,0.0,0.0,50.0,0.0,0.0,0.0,0.0,0.0,50.0,0.0,0.0,-1,0.0,G2_EDGE,reg.sell_ok=False regime='low_med_up',-1,0.0,0.0,
SOL/USDT,2469,2026-06-20 19:00:00,short,0.64755,85.5,50.0,71.86,0.676429,low_med_up,False,False,False,False,False,0.0,0.0,50.0,0.0,0.0,0.0,0.0,0.0,50.0,0.0,0.0,-1,0.0,G2_EDGE,reg.sell_ok=False regime='low_med_up',-1,0.0,0.0,
SOL/USDT,2470,2026-06-20 20:00:00,short,0.64791,85.6,50.0,72.01,0.654286,low_med_up,False,False,False,False,False,0.0,0.0,50.0,0.0,0.0,0.0,0.0,0.0,50.0,0.0,0.0,-1,0.0,G2_EDGE,reg.sell_ok=False regime='low_med_up',-1,0.0,0.0,
SOL/USDT,2471,2026-06-20 21:00:00,short,0.63924,83.11,50.0,72.41,0.639286,low_med_up,False,False,False,False,False,0.0,0.0,50.0,0.0,0.0,0.0,0.0,0.0,50.0,0.0,0.0,-1,0.0,G2_EDGE,reg.sell_ok=False regime='low_med_up',-1,0.0,0.0,
SOL/USDT,2472,2026-06-20 22:00:00,short,0.63592,100.0,50.0,73.56,0.750714,low_med_up,False,False,False,False,False,0.0,0.0,50.0,0.0,0.0,0.0,0.0,0.0,50.0,0.0,0.0,-1,0.0,G2_EDGE,reg.sell_ok=False regime='low_med_up',-1,0.0,0.0,
SOL/USDT,2473,2026-06-20 23:00:00,short,0.62732,84.65,50.0,73.22,0.752143,low_med_up,False,False,False,False,False,0.0,0.0,50.0,0.0,0.0,0.0,0.0,0.0,50.0,0.0,0.0,-1,0.0,G2_EDGE,reg.sell_ok=False regime='low_med_up',-1,0.0,0.0,
SOL/USDT,2474,2026-06-21 00:00:00,short,0.62543,73.42,50.0,73.2,0.748571,low_med_up,False,False,False,False,False,0.0,0.0,50.0,0.0,0.0,0.0,0.0,0.0,50.0,0.0,0.0,-1,0.0,G2_EDGE,reg.sell_ok=False regime='low_med_up',-1,0.0,0.0,
SOL/USDT,2475,2026-06-21 01:00:00,short,0.61918,73.89,50.0,73.19,0.733571,low_med_up,False,False,False,False,False,0.0,0.0,50.0,0.0,0.0,0.0,0.0,0.0,50.0,0.0,0.0,-1,0.0,G2_EDGE,reg.sell_ok=False regime='low_med_up',-1,0.0,0.0,
SOL/USDT,2476,2026-06-21 02:00:00,short,0.61075,81.57,50.0,73.34,0.715714,low_med_up,False,False,False,False,False,0.0,0.0,50.0,0.0,0.0,0.0,0.0,0.0,50.0,0.0,0.0,-1,0.0,G2_EDGE,reg.sell_ok=False regime='low_med_up',-1,0.0,0.0,
SOL/USDT,2477,2026-06-21 03:00:00,short,0.60503,86.39,50.0,73.63,0.708571,low_med_up,False,False,False,False,False,0.0,0.0,50.0,0.0,0.0,0.0,0.0,0.0,50.0,0.0,0.0,-1,0.0,G2_EDGE,reg.sell_ok=False regime='low_med_up',-1,0.0,0.0,
SOL/USDT,2478,2026-06-21 04:00:00,short,0.60836,83.34,50.0,73.44,0.618571,low_med_up,False,False,False,False,False,0.0,0.0,50.0,0.0,0.0,0.0,0.0,0.0,50.0,0.0,0.0,-1,0.0,G2_EDGE,reg.sell_ok=False regime='low_med_up',-1,0.0,0.0,
SOL/USDT,2479,2026-06-21 05:00:00,short,0.61475,73.74,50.0,73.09,0.574286,low_med_up,False,False,False,False,False,0.0,0.0,50.0,0.0,0.0,0.0,0.0,0.0,50.0,0.0,0.0,-1,0.0,G2_EDGE,reg.sell_ok=False regime='low_med_up',-1,0.0,0.0,
SOL/USDT,2480,2026-06-21 06:00:00,short,0.61873,82.81,76.0,73.24,0.545,low_low_up,False,True,False,True,False,0.0,0.5618447131992981,42.00372554687796,0.0,0.0,0.0,0.5,1.0,50.0,0.0,0.0,-1,0.0,G4_5_MTF,prior(bullish)=0.50<0.6 OR rev(bearish)=1.00<0.5,-1,0.0,0.0,
SOL/USDT,2481,2026-06-21 07:00:00,short,0.62171,91.2,76.0,73.21,0.53,low_low_up,False,True,False,True,False,0.0,0.4667409334647406,46.399841300618526,0.0,0.0,0.0,0.5,0.5,50.0,0.0,0.0,-1,0.0,G4_5_MTF,prior(bullish)=0.50<0.6 OR rev(bearish)=0.50<0.5,-1,0.0,0.0,
SOL/USDT,2482,2026-06-21 08:00:00,short,0.62288,77.08,76.0,73.15,0.532857,low_low_up,False,True,False,False,False,0.0,0.44559023111940704,46.37168800839043,0.0,0.0,0.0,0.5,0.5,50.0,0.0,0.0,-1,0.0,G4_5_MTF,prior(bullish)=0.50<0.6 OR rev(bearish)=0.50<0.5,-1,0.0,0.0,
SOL/USDT,2483,2026-06-21 09:00:00,short,0.61165,86.2,50.0,74.05,0.582857,low_med_up,False,False,False,False,False,0.0,0.0,50.0,0.0,0.0,0.0,0.0,0.0,50.0,0.0,0.0,-1,0.0,G2_EDGE,reg.sell_ok=False regime='low_med_up',-1,0.0,0.0,
SOL/USDT,2484,2026-06-21 10:00:00,short,0.61392,86.62,50.0,73.9,0.594286,low_med_up,False,False,False,False,False,0.0,0.0,50.0,0.0,0.0,0.0,0.0,0.0,50.0,0.0,0.0,-1,0.0,G2_EDGE,reg.sell_ok=False regime='low_med_up',-1,0.0,0.0,
SOL/USDT,2485,2026-06-21 11:00:00,short,0.62982,77.87,50.0,73.21,0.628571,low_med_up,False,False,False,False,False,0.0,0.0,50.0,0.0,0.0,0.0,0.0,0.0,50.0,0.0,0.0,-1,0.0,G2_EDGE,reg.sell_ok=False regime='low_med_up',-1,0.0,0.0,
SOL/USDT,2486,2026-06-21 12:00:00,short,0.62545,91.64,48.0,73.65,0.544286,med_low_up,True,False,False,False,False,0.0,0.0,50.0,0.0,0.0,0.0,0.0,0.0,50.0,0.0,0.0,-1,0.0,G2_EDGE,reg.sell_ok=False regime='med_low_up',-1,0.0,0.0,
SOL/USDT,2487,2026-06-21 13:00:00,short,0.62022,88.65,48.0,73.91,0.545714,med_low_up,True,False,False,False,False,0.0,0.0,50.0,0.0,0.0,0.0,0.0,0.0,50.0,0.0,0.0,-1,0.0,G2_EDGE,reg.sell_ok=False regime='med_low_up',-1,0.0,0.0,
SOL/USDT,2488,2026-06-21 14:00:00,short,0.62327,88.08,48.0,74.11,0.564286,med_low_up,True,False,False,False,False,0.0,0.0,50.0,0.0,0.0,0.0,0.0,0.0,50.0,0.0,0.0,-1,0.0,G2_EDGE,reg.sell_ok=False regime='med_low_up',-1,0.0,0.0,
SOL/USDT,2489,2026-06-21 15:00:00,short,0.62114,83.08,76.0,74.14,0.56,low_low_up,False,True,False,True,False,0.0,0.638192591155702,60.962361425000175,0.0,0.0,0.0,0.5,0.0,50.0,0.0,0.0,-1,0.0,G4_5_MTF,prior(bullish)=0.50<0.6 OR rev(bearish)=0.00<0.5,-1,0.0,0.0,
SOL/USDT,2490,2026-06-21 16:00:00,short,0.61648,85.05,50.0,74.34,0.600714,low_med_up,False,False,False,False,False,0.0,0.0,50.0,0.0,0.0,0.0,0.0,0.0,50.0,0.0,0.0,-1,0.0,G2_EDGE,reg.sell_ok=False regime='low_med_up',-1,0.0,0.0,
SOL/USDT,2491,2026-06-21 17:00:00,short,0.61417,86.67,50.0,74.24,0.591429,low_med_up,False,False,False,False,False,0.0,0.0,50.0,0.0,0.0,0.0,0.0,0.0,50.0,0.0,0.0,-1,0.0,G2_EDGE,reg.sell_ok=False regime='low_med_up',-1,0.0,0.0,
SOL/USDT,2492,2026-06-21 18:00:00,short,0.60392,88.51,50.0,74.22,0.600714,low_med_up,False,False,False,False,False,0.0,0.0,50.0,0.0,0.0,0.0,0.0,0.0,50.0,0.0,0.0,-1,0.0,G2_EDGE,reg.sell_ok=False regime='low_med_up',-1,0.0,0.0,
SOL/USDT,2493,2026-06-21 19:00:00,short,0.59976,78.08,50.0,74.42,0.59,low_med_up,False,False,False,False,False,0.0,0.0,50.0,0.0,0.0,0.0,0.0,0.0,50.0,0.0,0.0,-1,0.0,G2_EDGE,reg.sell_ok=False regime='low_med_up',-1,0.0,0.0,
SOL/USDT,2494,2026-06-21 20:00:00,short,0.62698,80.13,50.0,73.42,0.653571,low_med_up,False,False,False,False,False,0.0,0.0,50.0,0.0,0.0,0.0,0.0,0.0,50.0,0.0,0.0,-1,0.0,G2_EDGE,reg.sell_ok=False regime='low_med_up',-1,0.0,0.0,
SOL/USDT,2495,2026-06-21 21:00:00,short,0.63192,81.67,50.0,73.15,0.701429,low_med_up,False,False,False,False,False,0.0,0.0,50.0,0.0,0.0,0.0,0.0,0.0,50.0,0.0,0.0,-1,0.0,G2_EDGE,reg.sell_ok=False regime='low_med_up',-1,0.0,0.0,
SOL/USDT,2496,2026-06-21 22:00:00,short,0.62686,52.24,30.0,73.06,0.710714,low_med_flat,False,True,False,False,False,0.0,0.0,50.0,0.0,0.0,0.0,0.0,0.0,50.0,0.0,0.0,-1,0.0,G3_MIN_QUALITY,edge=52.2 < MIN_QUALITY_SCORE=70.0,-1,0.0,0.0,
SOL/USDT,2497,2026-06-21 23:00:00,short,0.65035,60.45,30.0,72.46,0.694286,low_med_flat,False,True,False,False,False,0.0,0.0,50.0,0.0,0.0,0.0,0.0,0.0,50.0,0.0,0.0,-1,0.0,G3_MIN_QUALITY,edge=60.5 < MIN_QUALITY_SCORE=70.0,-1,0.0,0.0,
SOL/USDT,2498,2026-06-22 00:00:00,short,0.62698,55.61,30.0,73.36,0.737143,low_med_flat,False,True,False,False,False,0.0,0.0,50.0,0.0,0.0,0.0,0.0,0.0,50.0,0.0,0.0,-1,0.0,G3_MIN_QUALITY,edge=55.6 < MIN_QUALITY_SCORE=70.0,-1,0.0,0.0,
SOL/USDT,2499,2026-06-22 01:00:00,short,0.58993,87.55,50.0,74.37,0.790714,low_med_up,False,False,False,False,False,0.0,0.0,50.0,0.0,0.0,0.0,0.0,0.0,50.0,0.0,0.0,-1,0.0,G2_EDGE,reg.sell_ok=False regime='low_med_up',-1,0.0,0.0,
SOL/USDT,2500,2026-06-22 02:00:00,short,0.61629,56.13,30.0,73.83,0.785714,low_med_flat,False,True,False,False,False,0.0,0.0,50.0,0.0,0.0,0.0,0.0,0.0,50.0,0.0,0.0,-1,0.0,G3_MIN_QUALITY,edge=56.1 < MIN_QUALITY_SCORE=70.0,-1,0.0,0.0,
SOL/USDT,2501,2026-06-22 03:00:00,short,0.63519,61.46,30.0,73.52,0.807857,low_med_flat,False,True,False,False,False,0.0,0.0,50.0,0.0,0.0,0.0,0.0,0.0,50.0,0.0,0.0,-1,0.0,G3_MIN_QUALITY,edge=61.5 < MIN_QUALITY_SCORE=70.0,-1,0.0,0.0,
SOL/USDT,2502,2026-06-22 04:00:00,short,0.60817,58.63,30.0,73.86,0.81,med_med_flat,False,True,False,False,False,0.0,0.0,50.0,0.0,0.0,0.0,0.0,0.0,50.0,0.0,0.0,-1,0.0,G3_MIN_QUALITY,edge=58.6 < MIN_QUALITY_SCORE=70.0,-1,0.0,0.0,
SOL/USDT,2503,2026-06-22 05:00:00,short,0.5992,65.54,30.0,73.95,0.807857,med_med_up,False,True,False,False,False,0.0,0.0,50.0,0.0,0.0,0.0,0.0,0.0,50.0,0.0,0.0,-1,0.0,G3_MIN_QUALITY,edge=65.5 < MIN_QUALITY_SCORE=70.0,-1,0.0,0.0,
SOL/USDT,2504,2026-06-22 06:00:00,short,0.61143,58.26,30.0,73.71,0.791429,med_med_flat,False,True,False,False,False,0.0,0.0,50.0,0.0,0.0,0.0,0.0,0.0,50.0,0.0,0.0,-1,0.0,G3_MIN_QUALITY,edge=58.3 < MIN_QUALITY_SCORE=70.0,-1,0.0,0.0,
SOL/USDT,2505,2026-06-22 07:00:00,short,0.59628,68.05,50.0,74.1,0.806429,low_med_up,False,False,False,False,False,0.0,0.0,50.0,0.0,0.0,0.0,0.0,0.0,50.0,0.0,0.0,-1,0.0,G2_EDGE,reg.sell_ok=False regime='low_med_up',-1,0.0,0.0,
SOL/USDT,2506,2026-06-22 08:00:00,short,0.59433,68.65,50.0,73.9,0.809286,low_med_up,False,False,False,False,False,0.0,0.0,50.0,0.0,0.0,0.0,0.0,0.0,50.0,0.0,0.0,-1,0.0,G2_EDGE,reg.sell_ok=False regime='low_med_up',-1,0.0,0.0,
SOL/USDT,2507,2026-06-22 09:00:00,short,0.59677,57.85,30.0,73.8,0.816429,low_med_flat,False,True,False,False,False,0.0,0.0,50.0,0.0,0.0,0.0,0.0,0.0,50.0,0.0,0.0,-1,0.0,G3_MIN_QUALITY,edge=57.8 < MIN_QUALITY_SCORE=70.0,-1,0.0,0.0,
SOL/USDT,2508,2026-06-22 10:00:00,short,0.59704,54.65,30.0,73.78,0.759286,low_med_flat,False,True,False,False,False,0.0,0.0,50.0,0.0,0.0,0.0,0.0,0.0,50.0,0.0,0.0,-1,0.0,G3_MIN_QUALITY,edge=54.7 < MIN_QUALITY_SCORE=70.0,-1,0.0,0.0,
SOL/USDT,2509,2026-06-22 11:00:00,short,0.57473,85.35,30.0,74.17,0.741429,med_med_up,False,True,False,True,False,0.0,0.5888536408653636,53.05146116284018,0.0,0.0,0.0,0.5,1.0,50.0,0.0,0.0,-1,0.0,G4_5_MTF,prior(bullish)=0.50<0.6 OR rev(bearish)=1.00<0.5,-1,0.0,0.0,
SOL/USDT,2510,2026-06-22 12:00:00,short,0.56673,71.53,30.0,74.41,0.736429,med_med_up,False,True,False,True,False,0.0,0.6315427543972003,53.141005871314825,0.0,0.0,0.0,0.0,0.0,50.0,0.0,0.0,-1,0.0,G3_5_ADX,adx=16.9 < 25 (weak trend),-1,0.0,0.0,
SOL/USDT,2511,2026-06-22 13:00:00,short,0.55078,80.81,30.0,74.98,0.732857,med_med_up,False,True,False,True,False,0.0,0.7236459377573115,55.457429901501946,0.0,0.0,0.0,0.0,0.0,50.0,0.0,0.0,-1,0.0,G3_5_ADX,adx=18.2 < 25 (weak trend),-1,0.0,0.0,
SOL/USDT,2512,2026-06-22 14:00:00,short,0.59431,80.23,30.0,73.44,0.781429,med_med_flat,False,True,False,False,False,0.0,0.06685554241682286,68.30046178942244,0.0,0.0,0.0,0.0,0.0,50.0,0.0,0.0,-1,0.0,G3_5_ADX,adx=17.2 < 25 (weak trend),-1,0.0,0.0,
SOL/USDT,2513,2026-06-22 15:00:00,short,0.60296,55.15,30.0,73.14,0.717143,med_med_flat,False,True,False,False,False,0.0,0.0,50.0,0.0,0.0,0.0,0.0,0.0,50.0,0.0,0.0,-1,0.0,G3_MIN_QUALITY,edge=55.2 < MIN_QUALITY_SCORE=70.0,-1,0.0,0.0,
SOL/USDT,2514,2026-06-22 16:00:00,short,0.60679,55.79,70.0,72.95,0.715,med_med_down,False,True,False,False,False,0.0,0.0,50.0,0.0,0.0,0.0,0.0,0.0,50.0,0.0,0.0,-1,0.0,G2_EDGE,edge=55.8 < thr=70.0,-1,0.0,0.0,
SOL/USDT,2515,2026-06-22 17:00:00,short,0.58598,47.54,30.0,73.28,0.710714,med_med_flat,False,True,False,False,False,0.0,0.0,50.0,0.0,0.0,0.0,0.0,0.0,50.0,0.0,0.0,-1,0.0,G3_MIN_QUALITY,edge=47.5 < MIN_QUALITY_SCORE=70.0,-1,0.0,0.0,
SOL/USDT,2516,2026-06-22 18:00:00,short,0.62746,56.79,70.0,72.64,0.742143,med_med_down,False,True,False,False,False,0.0,0.0,50.0,0.0,0.0,0.0,0.0,0.0,50.0,0.0,0.0,-1,0.0,G2_EDGE,edge=56.8 < thr=70.0,-1,0.0,0.0,
SOL/USDT,2517,2026-06-22 19:00:00,short,0.63424,53.64,70.0,72.71,0.742857,med_med_down,False,True,False,False,False,0.0,0.0,50.0,0.0,0.0,0.0,0.0,0.0,50.0,0.0,0.0,-1,0.0,G2_EDGE,edge=53.6 < thr=70.0,-1,0.0,0.0,
SOL/USDT,2518,2026-06-22 20:00:00,short,0.62428,50.59,30.0,72.83,0.730714,med_med_flat,False,True,False,False,False,0.0,0.0,50.0,0.0,0.0,0.0,0.0,0.0,50.0,0.0,0.0,-1,0.0,G3_MIN_QUALITY,edge=50.6 < MIN_QUALITY_SCORE=70.0,-1,0.0,0.0,
SOL/USDT,2519,2026-06-22 21:00:00,short,0.62997,52.96,30.0,72.73,0.716429,med_med_flat,False,True,False,False,False,0.0,0.0,50.0,0.0,0.0,0.0,0.0,0.0,50.0,0.0,0.0,-1,0.0,G3_MIN_QUALITY,edge=53.0 < MIN_QUALITY_SCORE=70.0,-1,0.0,0.0,
SOL/USDT,2520,2026-06-22 22:00:00,short,0.66933,62.9,30.0,72.11,0.785714,med_med_flat,False,True,False,False,False,0.0,0.0,50.0,0.0,0.0,0.0,0.0,0.0,50.0,0.0,0.0,-1,0.0,G3_MIN_QUALITY,edge=62.9 < MIN_QUALITY_SCORE=70.0,-1,0.0,0.0,
SOL/USDT,2521,2026-06-22 23:00:00,short,0.67414,55.17,30.0,71.95,0.777857,med_med_flat,False,True,False,False,False,0.0,0.0,50.0,0.0,0.0,0.0,0.0,0.0,50.0,0.0,0.0,-1,0.0,G3_MIN_QUALITY,edge=55.2 < MIN_QUALITY_SCORE=70.0,-1,0.0,0.0,
SOL/USDT,2522,2026-06-23 00:00:00,short,0.69099,77.99,70.0,71.88,0.787857,med_med_down,False,True,False,False,True,0.0,-0.5638629877733992,39.952041494388546,0.0,0.0,0.0,0.5,1.0,50.0,0.0,0.0,-1,0.0,G4_5_MTF,prior(bullish)=0.50<0.6 OR rev(bearish)=1.00<0.5,-1,0.0,0.0,
SOL/USDT,2523,2026-06-23 01:00:00,short,0.6888,67.7,70.0,71.72,0.782857,med_med_down,False,True,False,False,False,0.0,0.0,50.0,0.0,0.0,0.0,0.0,0.0,50.0,0.0,0.0,-1,0.0,G2_EDGE,edge=67.7 < thr=70.0,-1,0.0,0.0,
SOL/USDT,2524,2026-06-23 02:00:00,short,0.68571,65.16,70.0,72.0,0.78,med_med_down,False,True,False,False,False,0.0,0.0,50.0,0.0,0.0,0.0,0.0,0.0,50.0,0.0,0.0,-1,0.0,G2_EDGE,edge=65.2 < thr=70.0,-1,0.0,0.0,
SOL/USDT,2525,2026-06-23 03:00:00,short,0.68801,64.28,52.0,72.0,0.747143,low_med_down,False,True,False,False,False,0.0,0.0,50.0,0.0,0.0,0.0,0.0,0.0,50.0,0.0,0.0,-1,0.0,G3_MIN_QUALITY,edge=64.3 < MIN_QUALITY_SCORE=70.0,-1,0.0,0.0,
SOL/USDT,2526,2026-06-23 04:00:00,short,0.6955,67.08,52.0,71.45,0.665,low_med_down,False,True,False,False,False,0.0,0.0,50.0,0.0,0.0,0.0,0.0,0.0,50.0,0.0,0.0,-1,0.0,G3_MIN_QUALITY,edge=67.1 < MIN_QUALITY_SCORE=70.0,-1,0.0,0.0,
SOL/USDT,2527,2026-06-23 05:00:00,short,0.69329,69.64,52.0,71.02,0.656429,low_med_down,False,True,False,False,False,0.0,0.0,50.0,0.0,0.0,0.0,0.0,0.0,50.0,0.0,0.0,-1,0.0,G3_MIN_QUALITY,edge=69.6 < MIN_QUALITY_SCORE=70.0,-1,0.0,0.0,
SOL/USDT,2528,2026-06-23 06:00:00,short,0.68839,89.92,70.0,70.33,0.708571,med_med_down,False,True,False,False,True,0.0,-0.6744866473536582,37.022989558308,-1.0,0.0,0.0,0.5,1.0,50.0,0.0,0.0,-1,0.0,G4_5_MTF,prior(bullish)=0.50<0.6 OR rev(bearish)=1.00<0.5,-1,0.0,0.0,
SOL/USDT,2529,2026-06-23 07:00:00,short,0.68018,75.04,70.0,70.01,0.7,med_med_down,False,True,False,False,True,0.0,-0.7132053549005816,36.98368352992028,0.0,0.0,0.0,0.5,1.0,50.0,0.0,0.0,-1,0.0,G4_5_MTF,prior(bullish)=0.50<0.6 OR rev(bearish)=1.00<0.5,-1,0.0,0.0,
SOL/USDT,2530,2026-06-23 08:00:00,short,0.69595,92.85,70.0,68.7,0.768571,med_med_down,False,True,False,False,True,0.0,-0.7492330586124964,29.03648309517869,-1.0,0.0,0.0,0.5,1.0,50.0,0.0,0.0,-1,0.0,G4_5_MTF,prior(bullish)=0.50<0.6 OR rev(bearish)=1.00<0.5,-1,0.0,0.0,
SOL/USDT,2531,2026-06-23 09:00:00,short,0.71596,72.45,70.0,68.93,0.77,med_med_down,False,True,False,False,True,0.0,-0.6202579702491369,29.135725559408442,0.0,0.0,0.0,0.25,1.0,50.0,0.0,0.0,-1,0.0,G4_5_MTF,prior(bullish)=0.25<0.6 OR rev(bearish)=1.00<0.5,-1,0.0,0.0,
SOL/USDT,2532,2026-06-23 10:00:00,short,0.72089,70.81,0.0,68.82,0.779286,med_high_down,,,True,False,False,0.0,0.0,50.0,0.0,0.0,0.0,0.0,0.0,50.0,0.0,0.0,-1,0.0,G1_REGIME,regime='med_high_down' skipped=True reg_empty=False,-1,0.0,0.0,
SOL/USDT,2533,2026-06-23 11:00:00,short,0.72861,81.16,70.0,69.33,0.775714,med_med_down,False,True,False,False,False,0.0,-0.5606587175202857,29.606395339111984,0.0,0.0,0.0,0.0,0.5,50.0,0.0,0.0,-1,0.0,G4_5_MTF,prior(bullish)=0.00<0.6 OR rev(bearish)=0.50<0.5,-1,0.0,0.0,
SOL/USDT,2534,2026-06-23 12:00:00,short,0.71489,70.55,70.0,68.98,0.698571,med_med_down,False,True,False,False,True,0.0,-0.648186152901256,36.10412281313959,0.0,0.0,0.0,0.25,0.5,50.0,0.0,0.0,-1,0.0,G4_5_MTF,prior(bullish)=0.25<0.6 OR rev(bearish)=0.50<0.5,-1,0.0,0.0,
SOL/USDT,2535,2026-06-23 13:00:00,short,0.7264,84.54,70.0,69.2,0.725714,med_med_down,False,True,False,False,False,0.0,-0.5579606142126807,36.96758652955821,0.0,0.0,0.0,0.25,0.5,50.0,0.0,0.0,-1,0.0,G4_5_MTF,prior(bullish)=0.25<0.6 OR rev(bearish)=0.50<0.5,-1,0.0,0.0,
SOL/USDT,2536,2026-06-23 14:00:00,short,0.71257,82.21,70.0,69.2,0.730714,med_med_down,False,True,False,False,False,0.0,-0.545858685900411,36.75771438867624,0.0,0.0,0.0,0.5,0.5,50.0,0.0,0.0,-1,0.0,G4_5_MTF,prior(bullish)=0.50<0.6 OR rev(bearish)=0.50<0.5,-1,0.0,0.0,
SOL/USDT,2537,2026-06-23 15:00:00,short,0.71132,70.03,70.0,68.92,0.735714,med_med_down,False,True,False,False,True,0.0,-0.5436875031590718,36.58369049368877,0.0,0.0,0.0,0.5,0.0,50.0,0.0,0.0,-1,0.0,G4_5_MTF,prior(bullish)=0.50<0.6 OR rev(bearish)=0.00<0.5,-1,0.0,0.0,
SOL/USDT,2538,2026-06-23 16:00:00,short,0.71097,70.49,70.0,68.9,0.741429,med_med_down,False,True,False,False,True,0.0,-0.5436663999367928,36.73331666319755,0.0,0.0,0.0,0.5,0.5,50.0,0.0,0.0,-1,0.0,G4_5_MTF,prior(bullish)=0.50<0.6 OR rev(bearish)=0.50<0.5,-1,0.0,0.0,
SOL/USDT,2539,2026-06-23 17:00:00,short,0.71554,66.94,70.0,68.78,0.760714,med_med_down,False,True,False,False,False,0.0,0.0,50.0,0.0,0.0,0.0,0.0,0.0,50.0,0.0,0.0,-1,0.0,G2_EDGE,edge=66.9 < thr=70.0,-1,0.0,0.0,
SOL/USDT,2540,2026-06-23 18:00:00,short,0.70901,66.36,52.0,68.91,0.739286,low_med_down,False,True,False,False,False,0.0,0.0,50.0,0.0,0.0,0.0,0.0,0.0,50.0,0.0,0.0,-1,0.0,G3_MIN_QUALITY,edge=66.4 < MIN_QUALITY_SCORE=70.0,-1,0.0,0.0,
SOL/USDT,2541,2026-06-23 19:00:00,short,0.70102,66.91,52.0,68.84,0.716429,low_med_down,False,True,False,False,False,0.0,0.0,50.0,0.0,0.0,0.0,0.0,0.0,50.0,0.0,0.0,-1,0.0,G3_MIN_QUALITY,edge=66.9 < MIN_QUALITY_SCORE=70.0,-1,0.0,0.0,
SOL/USDT,2542,2026-06-23 20:00:00,short,0.69515,74.36,52.0,69.01,0.633571,low_med_down,False,True,False,False,True,0.0,-0.4169565381358451,55.10734915582154,0.0,0.0,0.0,0.0,0.5,50.0,0.0,0.0,-1,0.0,G4_5_MTF,prior(bullish)=0.00<0.6 OR rev(bearish)=0.50<0.5,-1,0.0,0.0,
SOL/USDT,2543,2026-06-23 21:00:00,short,0.69262,82.61,52.0,69.27,0.615714,low_med_down,False,True,False,False,False,0.0,-0.17958660628100898,62.66319565054861,0.0,0.0,0.0,0.25,0.5,50.0,0.0,0.0,-1,0.0,G4_5_MTF,prior(bullish)=0.25<0.6 OR rev(bearish)=0.50<0.5,-1,0.0,0.0,
SOL/USDT,2544,2026-06-23 22:00:00,short,0.68347,80.17,30.0,69.56,0.517857,low_low_down,False,True,False,False,False,0.0,0.07176703999902735,73.20779817298663,0.0,0.0,0.0,0.25,0.0,50.0,0.0,0.0,-1,0.0,G4_5_MTF,prior(bullish)=0.25<0.6 OR rev(bearish)=0.00<0.5,-1,0.0,0.0,
SOL/USDT,2545,2026-06-23 23:00:00,short,0.67786,77.76,30.0,69.71,0.527143,low_low_down,False,True,False,False,False,0.0,0.1751593645613603,72.27057223469382,0.0,0.0,0.0,0.5,0.0,50.0,0.0,0.0,-1,0.0,G4_5_MTF,prior(bullish)=0.50<0.6 OR rev(bearish)=0.00<0.5,-1,0.0,0.0,
SOL/USDT,2546,2026-06-24 00:00:00,short,0.67555,78.92,30.0,69.99,0.522857,low_low_down,False,True,False,False,False,0.0,0.19605971952128068,64.08432919009219,0.0,0.0,0.0,0.75,0.0,50.0,0.0,0.0,-1,0.0,G4_5_MTF,prior(bullish)=0.75<0.6 OR rev(bearish)=0.00<0.5,-1,0.0,0.0,
SOL/USDT,2547,2026-06-24 01:00:00,short,0.66045,79.18,30.0,70.09,0.535714,low_low_down,False,True,False,False,False,0.0,0.25095693756205084,57.64270491072533,0.0,0.0,0.0,0.75,0.0,50.0,0.0,0.0,-1,0.0,G4_5_MTF,prior(bullish)=0.75<0.6 OR rev(bearish)=0.00<0.5,-1,0.0,0.0,
SOL/USDT,2548,2026-06-24 02:00:00,short,0.66562,83.13,52.0,69.46,0.550714,low_med_down,False,True,False,False,False,0.0,-0.13649344621593856,57.02887062733694,0.0,0.0,0.0,1.0,0.0,50.0,0.0,0.0,-1,0.0,G4_5_MTF,prior(bullish)=1.00<0.6 OR rev(bearish)=0.00<0.5,-1,0.0,0.0,
SOL/USDT,2549,2026-06-24 03:00:00,short,0.65432,79.8,52.0,69.56,0.546429,low_med_down,False,True,False,False,False,0.0,0.03467464921867234,56.27096880359079,0.0,0.0,0.0,1.0,0.5,56.92307661656802,4.25000666169521,-0.03243266640856035,95,0.007855,TRADE,edge=79.8 meta_conf=0.6543,2562,66.991786,2.5682,WIN
SOL/USDT,2563,2026-06-24 17:00:00,short,0.70179,94.38,0.0,64.98,0.939286,med_high_down,,,True,False,False,0.0,0.0,50.0,0.0,0.0,0.0,0.0,0.0,50.0,0.0,0.0,-1,0.0,G1_REGIME,regime='med_high_down' skipped=True reg_empty=False,-1,0.0,0.0,
SOL/USDT,2564,2026-06-24 18:00:00,short,0.71286,87.16,0.0,66.03,1.008571,med_high_down,,,True,False,False,0.0,0.0,50.0,0.0,0.0,0.0,0.0,0.0,50.0,0.0,0.0,-1,0.0,G1_REGIME,regime='med_high_down' skipped=True reg_empty=False,-1,0.0,0.0,
SOL/USDT,2565,2026-06-24 19:00:00,short,0.69635,82.64,0.0,66.13,1.019286,med_high_down,,,True,False,False,0.0,0.0,50.0,0.0,0.0,0.0,0.0,0.0,50.0,0.0,0.0,-1,0.0,G1_REGIME,regime='med_high_down' skipped=True reg_empty=False,-1,0.0,0.0,
SOL/USDT,2566,2026-06-24 20:00:00,short,0.70382,96.48,0.0,67.68,1.14,med_high_down,,,True,False,False,0.0,0.0,50.0,0.0,0.0,0.0,0.0,0.0,50.0,0.0,0.0,-1,0.0,G1_REGIME,regime='med_high_down' skipped=True reg_empty=False,-1,0.0,0.0,
SOL/USDT,2567,2026-06-24 21:00:00,short,0.69703,89.67,64.0,68.09,1.167857,high_high_down,False,True,False,False,False,0.0,-0.3080434202511241,24.90404001271556,0.0,0.0,0.0,0.25,0.0,50.0,0.0,0.0,-1,0.0,G4_5_MTF,prior(bullish)=0.25<0.6 OR rev(bearish)=0.00<0.5,-1,0.0,0.0,
SOL/USDT,2568,2026-06-24 22:00:00,short,0.70161,87.65,64.0,67.83,1.202143,high_high_down,False,True,False,False,False,0.0,-0.2676761993767749,27.1565785916482,0.0,0.0,0.0,0.5,0.0,50.0,0.0,0.0,-1,0.0,G4_5_MTF,prior(bullish)=0.50<0.6 OR rev(bearish)=0.00<0.5,-1,0.0,0.0,
SOL/USDT,2569,2026-06-24 23:00:00,short,0.69431,85.35,64.0,68.11,1.208571,high_high_down,False,True,False,False,False,0.0,-0.1556570544059095,29.308856175824552,0.0,0.0,0.0,0.75,0.5,43.69747892733561,-0.8255087633694197,0.7923997671426052,-1,0.0,G5_RSI_ACCEL,rsi_accel=0.7924>0.08 (RSI recovering),-1,0.0,0.0,
SOL/USDT,2570,2026-06-25 00:00:00,short,0.71324,88.84,64.0,67.72,1.234286,high_high_down,False,True,False,False,False,0.0,-0.36129383086961564,31.38671344398978,0.0,0.0,0.0,1.0,0.5,43.10880822761416,-0.21141252896180676,0.614096234407613,-1,0.0,G5_RSI_ACCEL,rsi_accel=0.6141>0.08 (RSI recovering),-1,0.0,0.0,
SOL/USDT,2571,2026-06-25 01:00:00,short,0.70009,86.81,64.0,67.89,1.158571,high_high_down,False,True,False,False,False,0.0,-0.1953468060471965,36.41774320568173,0.0,0.0,0.0,0.75,0.5,39.33701651373283,0.5458441879913463,0.757256716953153,-1,0.0,G5_RSI_ACCEL,rsi_accel=0.7573>0.08 (RSI recovering),-1,0.0,0.0,
SOL/USDT,2572,2026-06-25 02:00:00,short,0.70637,86.09,0.0,67.74,1.145,med_high_down,,,True,False,False,0.0,0.0,50.0,0.0,0.0,0.0,0.0,0.0,50.0,0.0,0.0,-1,0.0,G1_REGIME,regime='med_high_down' skipped=True reg_empty=False,-1,0.0,0.0,
SOL/USDT,2573,2026-06-25 03:00:00,short,0.70626,85.91,0.0,67.7,1.092857,med_high_down,,,True,False,False,0.0,0.0,50.0,0.0,0.0,0.0,0.0,0.0,50.0,0.0,0.0,-1,0.0,G1_REGIME,regime='med_high_down' skipped=True reg_empty=False,-1,0.0,0.0,
SOL/USDT,2574,2026-06-25 04:00:00,short,0.69875,83.8,0.0,68.46,1.105,high_high_flat,,,True,False,False,0.0,0.0,50.0,0.0,0.0,0.0,0.0,0.0,50.0,0.0,0.0,-1,0.0,G1_REGIME,regime='high_high_flat' skipped=True reg_empty=False,-1,0.0,0.0,
SOL/USDT,2575,2026-06-25 05:00:00,short,0.68063,84.96,0.0,69.04,1.055,high_high_flat,,,True,False,False,0.0,0.0,50.0,0.0,0.0,0.0,0.0,0.0,50.0,0.0,0.0,-1,0.0,G1_REGIME,regime='high_high_flat' skipped=True reg_empty=False,-1,0.0,0.0,
SOL/USDT,2576,2026-06-25 06:00:00,short,0.6755,89.98,0.0,69.47,0.976429,high_high_flat,,,True,False,False,0.0,0.0,50.0,0.0,0.0,0.0,0.0,0.0,50.0,0.0,0.0,-1,0.0,G1_REGIME,regime='high_high_flat' skipped=True reg_empty=False,-1,0.0,0.0,
SOL/USDT,2577,2026-06-25 07:00:00,short,0.66241,88.84,0.0,69.45,0.842857,high_high_flat,,,True,False,False,0.0,0.0,50.0,0.0,0.0,0.0,0.0,0.0,50.0,0.0,0.0,-1,0.0,G1_REGIME,regime='high_high_flat' skipped=True reg_empty=False,-1,0.0,0.0,
SOL/USDT,2578,2026-06-25 08:00:00,short,0.65296,78.64,50.0,69.05,0.756429,high_med_flat,False,False,False,False,False,0.0,0.0,50.0,0.0,0.0,0.0,0.0,0.0,50.0,0.0,0.0,-1,0.0,G2_EDGE,reg.sell_ok=False regime='high_med_flat',-1,0.0,0.0,
SOL/USDT,2579,2026-06-25 09:00:00,short,0.66628,78.05,50.0,68.83,0.723571,high_med_flat,False,False,False,False,False,0.0,0.0,50.0,0.0,0.0,0.0,0.0,0.0,50.0,0.0,0.0,-1,0.0,G2_EDGE,reg.sell_ok=False regime='high_med_flat',-1,0.0,0.0,
SOL/USDT,2580,2026-06-25 10:00:00,short,0.64736,80.33,50.0,68.29,0.632143,high_med_flat,False,False,False,False,False,0.0,0.0,50.0,0.0,0.0,0.0,0.0,0.0,50.0,0.0,0.0,-1,0.0,G2_EDGE,reg.sell_ok=False regime='high_med_flat',-1,0.0,0.0,
SOL/USDT,2581,2026-06-25 11:00:00,short,0.65644,80.53,0.0,68.18,0.599286,high_med_down,,,True,False,False,0.0,0.0,50.0,0.0,0.0,0.0,0.0,0.0,50.0,0.0,0.0,-1,0.0,G1_REGIME,regime='high_med_down' skipped=True reg_empty=False,-1,0.0,0.0,
SOL/USDT,2582,2026-06-25 12:00:00,short,0.64781,82.63,0.0,68.29,0.618571,high_med_down,,,True,False,False,0.0,0.0,50.0,0.0,0.0,0.0,0.0,0.0,50.0,0.0,0.0,-1,0.0,G1_REGIME,regime='high_med_down' skipped=True reg_empty=False,-1,0.0,0.0,
SOL/USDT,2583,2026-06-25 13:00:00,short,0.70739,94.76,64.0,64.23,0.902143,high_high_down,False,True,False,False,True,0.0,-0.7916967828801239,31.314231038697876,-1.0,0.0,0.0,0.0,0.5,50.0,0.0,0.0,-1,0.0,G4_5_MTF,prior(bullish)=0.00<0.6 OR rev(bearish)=0.50<0.5,-1,0.0,0.0,
SOL/USDT,2584,2026-06-25 14:00:00,short,0.72102,100.0,64.0,66.36,1.063571,high_high_down,False,True,False,False,False,0.0,-0.3805055311126633,30.807139619631375,0.0,0.0,0.0,0.0,0.5,50.0,0.0,0.0,-1,0.0,G4_5_MTF,prior(bullish)=0.00<0.6 OR rev(bearish)=0.50<0.5,-1,0.0,0.0,
SOL/USDT,2585,2026-06-25 15:00:00,short,0.7168,94.22,0.0,66.32,1.102143,high_high_flat,,,True,False,False,0.0,0.0,50.0,0.0,0.0,0.0,0.0,0.0,50.0,0.0,0.0,-1,0.0,G1_REGIME,regime='high_high_flat' skipped=True reg_empty=False,-1,0.0,0.0,
SOL/USDT,2586,2026-06-25 16:00:00,short,0.72483,95.72,0.0,65.98,1.178571,high_high_flat,,,True,False,False,0.0,0.0,50.0,0.0,0.0,0.0,0.0,0.0,50.0,0.0,0.0,-1,0.0,G1_REGIME,regime='high_high_flat' skipped=True reg_empty=False,-1,0.0,0.0,
SOL/USDT,2587,2026-06-25 17:00:00,short,0.70968,91.75,0.0,67.13,1.259286,high_high_up,,,True,False,False,0.0,0.0,50.0,0.0,0.0,0.0,0.0,0.0,50.0,0.0,0.0,-1,0.0,G1_REGIME,regime='high_high_up' skipped=True reg_empty=False,-1,0.0,0.0,
SOL/USDT,2588,2026-06-25 18:00:00,short,0.72115,96.27,0.0,66.18,1.276429,high_high_flat,,,True,False,False,0.0,0.0,50.0,0.0,0.0,0.0,0.0,0.0,50.0,0.0,0.0,-1,0.0,G1_REGIME,regime='high_high_flat' skipped=True reg_empty=False,-1,0.0,0.0,
SOL/USDT,2589,2026-06-25 19:00:00,short,0.72502,91.53,0.0,66.2,1.248571,high_high_flat,,,True,False,False,0.0,0.0,50.0,0.0,0.0,0.0,0.0,0.0,50.0,0.0,0.0,-1,0.0,G1_REGIME,regime='high_high_flat' skipped=True reg_empty=False,-1,0.0,0.0,
SOL/USDT,2590,2026-06-25 20:00:00,short,0.72494,91.31,64.0,66.27,1.253571,high_high_down,False,True,False,False,False,0.0,-0.41836644517366084,33.630020902831106,0.0,0.0,0.0,0.5,0.5,50.0,0.0,0.0,-1,0.0,G4_5_MTF,prior(bullish)=0.50<0.6 OR rev(bearish)=0.50<0.5,-1,0.0,0.0,
SOL/USDT,2591,2026-06-25 21:00:00,short,0.71379,88.23,0.0,67.28,1.303571,high_high_flat,,,True,False,False,0.0,0.0,50.0,0.0,0.0,0.0,0.0,0.0,50.0,0.0,0.0,-1,0.0,G1_REGIME,regime='high_high_flat' skipped=True reg_empty=False,-1,0.0,0.0,
SOL/USDT,2592,2026-06-25 22:00:00,short,0.71624,88.49,0.0,67.15,1.3,high_high_flat,,,True,False,False,0.0,0.0,50.0,0.0,0.0,0.0,0.0,0.0,50.0,0.0,0.0,-1,0.0,G1_REGIME,regime='high_high_flat' skipped=True reg_empty=False,-1,0.0,0.0,
SOL/USDT,2593,2026-06-25 23:00:00,short,0.69341,88.68,0.0,67.72,1.401429,high_high_flat,,,True,False,False,0.0,0.0,50.0,0.0,0.0,0.0,0.0,0.0,50.0,0.0,0.0,-1,0.0,G1_REGIME,regime='high_high_flat' skipped=True reg_empty=False,-1,0.0,0.0,
SOL/USDT,2594,2026-06-26 00:00:00,short,0.70667,85.1,0.0,67.74,1.382143,high_high_flat,,,True,False,False,0.0,0.0,50.0,0.0,0.0,0.0,0.0,0.0,50.0,0.0,0.0,-1,0.0,G1_REGIME,regime='high_high_flat' skipped=True reg_empty=False,-1,0.0,0.0,
SOL/USDT,2595,2026-06-26 01:00:00,short,0.72424,88.38,0.0,67.32,1.405714,high_high_flat,,,True,False,False,0.0,0.0,50.0,0.0,0.0,0.0,0.0,0.0,50.0,0.0,0.0,-1,0.0,G1_REGIME,regime='high_high_flat' skipped=True reg_empty=False,-1,0.0,0.0,
SOL/USDT,2596,2026-06-26 02:00:00,short,0.70637,94.26,64.0,66.2,1.427143,high_high_down,False,True,False,False,False,0.0,-0.31953682074316825,49.26378177565724,0.0,0.0,0.0,0.75,0.5,41.31338316056625,0.6262635826591896,0.4380168904870474,-1,0.0,G5_RSI_ACCEL,rsi_accel=0.4380>0.08 (RSI recovering),-1,0.0,0.0,
SOL/USDT,2597,2026-06-26 03:00:00,short,0.69074,88.0,0.0,68.21,1.297143,high_high_flat,,,True,False,False,0.0,0.0,50.0,0.0,0.0,0.0,0.0,0.0,50.0,0.0,0.0,-1,0.0,G1_REGIME,regime='high_high_flat' skipped=True reg_empty=False,-1,0.0,0.0,
SOL/USDT,2598,2026-06-26 04:00:00,short,0.66857,82.56,0.0,68.06,1.112143,high_high_flat,,,True,False,False,0.0,0.0,50.0,0.0,0.0,0.0,0.0,0.0,50.0,0.0,0.0,-1,0.0,G1_REGIME,regime='high_high_flat' skipped=True reg_empty=False,-1,0.0,0.0,
SOL/USDT,2599,2026-06-26 05:00:00,short,0.67661,80.23,0.0,68.38,1.065714,high_high_flat,,,True,False,False,0.0,0.0,50.0,0.0,0.0,0.0,0.0,0.0,50.0,0.0,0.0,-1,0.0,G1_REGIME,regime='high_high_flat' skipped=True reg_empty=False,-1,0.0,0.0,
SOL/USDT,2600,2026-06-26 06:00:00,short,0.68244,94.33,0.0,69.99,1.108571,high_high_flat,,,True,False,False,0.0,0.0,50.0,0.0,0.0,0.0,0.0,0.0,50.0,0.0,0.0,-1,0.0,G1_REGIME,regime='high_high_flat' skipped=True reg_empty=False,-1,0.0,0.0,
SOL/USDT,2601,2026-06-26 07:00:00,short,0.69279,93.49,0.0,70.77,1.075,high_high_up,,,True,False,False,0.0,0.0,50.0,0.0,0.0,0.0,0.0,0.0,50.0,0.0,0.0,-1,0.0,G1_REGIME,regime='high_high_up' skipped=True reg_empty=False,-1,0.0,0.0,
SOL/USDT,2602,2026-06-26 08:00:00,short,0.69784,80.79,0.0,69.94,1.068571,high_high_up,,,True,False,False,0.0,0.0,50.0,0.0,0.0,0.0,0.0,0.0,50.0,0.0,0.0,-1,0.0,G1_REGIME,regime='high_high_up' skipped=True reg_empty=False,-1,0.0,0.0,
SOL/USDT,2603,2026-06-26 09:00:00,short,0.69798,81.47,0.0,69.01,1.106429,high_high_flat,,,True,False,False,0.0,0.0,50.0,0.0,0.0,0.0,0.0,0.0,50.0,0.0,0.0,-1,0.0,G1_REGIME,regime='high_high_flat' skipped=True reg_empty=False,-1,0.0,0.0,
SOL/USDT,2604,2026-06-26 10:00:00,short,0.68994,76.67,0.0,68.78,1.098571,high_high_flat,,,True,False,False,0.0,0.0,50.0,0.0,0.0,0.0,0.0,0.0,50.0,0.0,0.0,-1,0.0,G1_REGIME,regime='high_high_flat' skipped=True reg_empty=False,-1,0.0,0.0,
SOL/USDT,2605,2026-06-26 11:00:00,short,0.68768,77.35,0.0,68.61,1.075,high_high_flat,,,True,False,False,0.0,0.0,50.0,0.0,0.0,0.0,0.0,0.0,50.0,0.0,0.0,-1,0.0,G1_REGIME,regime='high_high_flat' skipped=True reg_empty=False,-1,0.0,0.0,
SOL/USDT,2606,2026-06-26 12:00:00,short,0.69837,80.97,0.0,68.87,1.143571,high_high_flat,,,True,False,False,0.0,0.0,50.0,0.0,0.0,0.0,0.0,0.0,50.0,0.0,0.0,-1,0.0,G1_REGIME,regime='high_high_flat' skipped=True reg_empty=False,-1,0.0,0.0,
SOL/USDT,2607,2026-06-26 13:00:00,short,0.69887,96.94,0.0,70.71,1.210714,high_high_up,,,True,False,False,0.0,0.0,50.0,0.0,0.0,0.0,0.0,0.0,50.0,0.0,0.0,-1,0.0,G1_REGIME,regime='high_high_up' skipped=True reg_empty=False,-1,0.0,0.0,
SOL/USDT,2608,2026-06-26 14:00:00,short,0.69428,100.0,0.0,70.46,1.301429,high_high_up,,,True,False,False,0.0,0.0,50.0,0.0,0.0,0.0,0.0,0.0,50.0,0.0,0.0,-1,0.0,G1_REGIME,regime='high_high_up' skipped=True reg_empty=False,-1,0.0,0.0,
SOL/USDT,2609,2026-06-26 15:00:00,short,0.69356,95.16,0.0,72.07,1.384286,high_high_up,,,True,False,False,0.0,0.0,50.0,0.0,0.0,0.0,0.0,0.0,50.0,0.0,0.0,-1,0.0,G1_REGIME,regime='high_high_up' skipped=True reg_empty=False,-1,0.0,0.0,
SOL/USDT,2610,2026-06-26 16:00:00,short,0.68874,98.0,0.0,72.48,1.390714,high_high_up,,,True,False,False,0.0,0.0,50.0,0.0,0.0,0.0,0.0,0.0,50.0,0.0,0.0,-1,0.0,G1_REGIME,regime='high_high_up' skipped=True reg_empty=False,-1,0.0,0.0,
SOL/USDT,2611,2026-06-26 17:00:00,short,0.66831,87.63,0.0,72.56,1.255714,high_high_up,,,True,False,False,0.0,0.0,50.0,0.0,0.0,0.0,0.0,0.0,50.0,0.0,0.0,-1,0.0,G1_REGIME,regime='high_high_up' skipped=True reg_empty=False,-1,0.0,0.0,
SOL/USDT,2612,2026-06-26 18:00:00,short,0.65694,86.19,0.0,72.6,1.277857,high_high_up,,,True,False,False,0.0,0.0,50.0,0.0,0.0,0.0,0.0,0.0,50.0,0.0,0.0,-1,0.0,G1_REGIME,regime='high_high_up' skipped=True reg_empty=False,-1,0.0,0.0,
SOL/USDT,2613,2026-06-26 19:00:00,short,0.62222,90.3,0.0,73.01,1.345714,high_high_up,,,True,False,False,0.0,0.0,50.0,0.0,0.0,0.0,0.0,0.0,50.0,0.0,0.0,-1,0.0,G1_REGIME,regime='high_high_up' skipped=True reg_empty=False,-1,0.0,0.0,
SOL/USDT,2614,2026-06-26 20:00:00,short,0.65776,84.39,0.0,72.17,1.319286,high_high_up,,,True,False,False,0.0,0.0,50.0,0.0,0.0,0.0,0.0,0.0,50.0,0.0,0.0,-1,0.0,G1_REGIME,regime='high_high_up' skipped=True reg_empty=False,-1,0.0,0.0,
SOL/USDT,2615,2026-06-26 21:00:00,short,0.64863,77.06,0.0,71.99,1.286429,high_high_up,,,True,False,False,0.0,0.0,50.0,0.0,0.0,0.0,0.0,0.0,50.0,0.0,0.0,-1,0.0,G1_REGIME,regime='high_high_up' skipped=True reg_empty=False,-1,0.0,0.0,
SOL/USDT,2616,2026-06-26 22:00:00,short,0.66752,77.06,0.0,71.83,1.252143,high_high_up,,,True,False,False,0.0,0.0,50.0,0.0,0.0,0.0,0.0,0.0,50.0,0.0,0.0,-1,0.0,G1_REGIME,regime='high_high_up' skipped=True reg_empty=False,-1,0.0,0.0,
SOL/USDT,2617,2026-06-26 23:00:00,short,0.6543,74.44,0.0,71.9,1.197857,high_high_up,,,True,False,False,0.0,0.0,50.0,0.0,0.0,0.0,0.0,0.0,50.0,0.0,0.0,-1,0.0,G1_REGIME,regime='high_high_up' skipped=True reg_empty=False,-1,0.0,0.0,
SOL/USDT,2618,2026-06-27 00:00:00,short,0.63873,78.86,0.0,71.82,1.22,high_high_up,,,True,False,False,0.0,0.0,50.0,0.0,0.0,0.0,0.0,0.0,50.0,0.0,0.0,-1,0.0,G1_REGIME,regime='high_high_up' skipped=True reg_empty=False,-1,0.0,0.0,
SOL/USDT,2619,2026-06-27 01:00:00,short,0.63721,76.75,0.0,71.44,1.202857,high_high_up,,,True,False,False,0.0,0.0,50.0,0.0,0.0,0.0,0.0,0.0,50.0,0.0,0.0,-1,0.0,G1_REGIME,regime='high_high_up' skipped=True reg_empty=False,-1,0.0,0.0,
SOL/USDT,2620,2026-06-27 02:00:00,short,0.62659,75.9,0.0,72.12,1.167143,high_high_up,,,True,False,False,0.0,0.0,50.0,0.0,0.0,0.0,0.0,0.0,50.0,0.0,0.0,-1,0.0,G1_REGIME,regime='high_high_up' skipped=True reg_empty=False,-1,0.0,0.0,
SOL/USDT,2621,2026-06-27 03:00:00,short,0.6078,76.93,0.0,72.27,1.012857,high_high_up,,,True,False,False,0.0,0.0,50.0,0.0,0.0,0.0,0.0,0.0,50.0,0.0,0.0,-1,0.0,G1_REGIME,regime='high_high_up' skipped=True reg_empty=False,-1,0.0,0.0,
SOL/USDT,2622,2026-06-27 04:00:00,short,0.60669,77.4,0.0,71.94,0.937143,high_high_up,,,True,False,False,0.0,0.0,50.0,0.0,0.0,0.0,0.0,0.0,50.0,0.0,0.0,-1,0.0,G1_REGIME,regime='high_high_up' skipped=True reg_empty=False,-1,0.0,0.0,
SOL/USDT,2623,2026-06-27 05:00:00,short,0.62406,80.98,0.0,71.81,0.836429,high_high_up,,,True,False,False,0.0,0.0,50.0,0.0,0.0,0.0,0.0,0.0,50.0,0.0,0.0,-1,0.0,G1_REGIME,regime='high_high_up' skipped=True reg_empty=False,-1,0.0,0.0,
SOL/USDT,2624,2026-06-27 06:00:00,short,0.61914,76.83,30.0,72.13,0.778571,high_med_up,False,False,False,False,False,0.0,0.0,50.0,0.0,0.0,0.0,0.0,0.0,50.0,0.0,0.0,-1,0.0,G2_EDGE,reg.sell_ok=False regime='high_med_up',-1,0.0,0.0,
SOL/USDT,2625,2026-06-27 07:00:00,short,0.60486,74.76,30.0,72.31,0.752857,high_med_up,False,False,False,False,False,0.0,0.0,50.0,0.0,0.0,0.0,0.0,0.0,50.0,0.0,0.0,-1,0.0,G2_EDGE,reg.sell_ok=False regime='high_med_up',-1,0.0,0.0,
SOL/USDT,2626,2026-06-27 08:00:00,short,0.60525,77.1,30.0,72.03,0.732857,high_med_up,False,False,False,False,False,0.0,0.0,50.0,0.0,0.0,0.0,0.0,0.0,50.0,0.0,0.0,-1,0.0,G2_EDGE,reg.sell_ok=False regime='high_med_up',-1,0.0,0.0,
SOL/USDT,2627,2026-06-27 09:00:00,short,0.6093,76.66,30.0,71.86,0.657143,med_med_up,False,True,False,False,False,0.0,0.05042891965108033,69.05615822436043,0.0,0.0,0.0,0.5,0.5,50.0,0.0,0.0,-1,0.0,G4_5_MTF,prior(bullish)=0.50<0.6 OR rev(bearish)=0.50<0.5,-1,0.0,0.0,
SOL/USDT,2628,2026-06-27 10:00:00,short,0.58885,73.18,48.0,72.04,0.556429,med_low_up,True,False,False,False,False,0.0,0.0,50.0,0.0,0.0,0.0,0.0,0.0,50.0,0.0,0.0,-1,0.0,G2_EDGE,reg.sell_ok=False regime='med_low_up',-1,0.0,0.0,
SOL/USDT,2629,2026-06-27 11:00:00,short,0.58198,77.51,48.0,71.81,0.553571,med_low_up,True,False,False,False,False,0.0,0.0,50.0,0.0,0.0,0.0,0.0,0.0,50.0,0.0,0.0,-1,0.0,G2_EDGE,reg.sell_ok=False regime='med_low_up',-1,0.0,0.0,
SOL/USDT,2630,2026-06-27 12:00:00,short,0.57891,77.38,48.0,72.17,0.543571,med_low_up,True,False,False,False,False,0.0,0.0,50.0,0.0,0.0,0.0,0.0,0.0,50.0,0.0,0.0,-1,0.0,G2_EDGE,reg.sell_ok=False regime='med_low_up',-1,0.0,0.0,
SOL/USDT,2631,2026-06-27 13:00:00,short,0.57091,75.77,48.0,72.36,0.553571,med_low_up,True,False,False,False,False,0.0,0.0,50.0,0.0,0.0,0.0,0.0,0.0,50.0,0.0,0.0,-1,0.0,G2_EDGE,reg.sell_ok=False regime='med_low_up',-1,0.0,0.0,
SOL/USDT,2632,2026-06-27 14:00:00,short,0.59264,74.1,48.0,72.7,0.537143,med_low_up,True,False,False,False,False,0.0,0.0,50.0,0.0,0.0,0.0,0.0,0.0,50.0,0.0,0.0,-1,0.0,G2_EDGE,reg.sell_ok=False regime='med_low_up',-1,0.0,0.0,
SOL/USDT,2633,2026-06-27 15:00:00,short,0.55829,86.85,48.0,72.84,0.544286,med_low_up,True,False,False,False,False,0.0,0.0,50.0,0.0,0.0,0.0,0.0,0.0,50.0,0.0,0.0,-1,0.0,G2_EDGE,reg.sell_ok=False regime='med_low_up',-1,0.0,0.0,
SOL/USDT,2634,2026-06-27 16:00:00,short,0.56098,52.48,80.0,72.64,0.509286,low_low_flat,False,True,False,False,False,0.0,0.0,50.0,0.0,0.0,0.0,0.0,0.0,50.0,0.0,0.0,-1,0.0,G2_EDGE,edge=52.5 < thr=80.0,-1,0.0,0.0,
SOL/USDT,2635,2026-06-27 17:00:00,short,0.58976,69.92,80.0,72.06,0.520714,low_low_flat,False,True,False,False,False,0.0,0.0,50.0,0.0,0.0,0.0,0.0,0.0,50.0,0.0,0.0,-1,0.0,G2_EDGE,edge=69.9 < thr=80.0,-1,0.0,0.0,
SOL/USDT,2636,2026-06-27 18:00:00,short,0.60107,48.85,80.0,71.92,0.501429,low_low_flat,False,True,False,False,False,0.0,0.0,50.0,0.0,0.0,0.0,0.0,0.0,50.0,0.0,0.0,-1,0.0,G2_EDGE,edge=48.9 < thr=80.0,-1,0.0,0.0,
SOL/USDT,2637,2026-06-27 19:00:00,short,0.62517,77.16,30.0,71.11,0.540714,low_low_down,False,True,False,False,True,0.0,-0.5764390690690724,49.380189767059555,-1.0,0.0,0.0,0.0,0.0,50.0,0.0,0.0,-1,0.0,G3_5_ADX,adx=17.2 < 25 (weak trend),-1,0.0,0.0,
SOL/USDT,2638,2026-06-27 20:00:00,short,0.62848,49.01,80.0,71.3,0.508571,low_low_flat,False,True,False,False,False,0.0,0.0,50.0,0.0,0.0,0.0,0.0,0.0,50.0,0.0,0.0,-1,0.0,G2_EDGE,edge=49.0 < thr=80.0,-1,0.0,0.0,
SOL/USDT,2639,2026-06-27 21:00:00,short,0.63614,61.55,80.0,70.98,0.542857,low_low_flat,False,True,False,False,False,0.0,0.0,50.0,0.0,0.0,0.0,0.0,0.0,50.0,0.0,0.0,-1,0.0,G2_EDGE,edge=61.6 < thr=80.0,-1,0.0,0.0,
SOL/USDT,2640,2026-06-27 22:00:00,short,0.63738,58.83,30.0,71.09,0.571429,low_med_flat,False,True,False,False,False,0.0,0.0,50.0,0.0,0.0,0.0,0.0,0.0,50.0,0.0,0.0,-1,0.0,G3_MIN_QUALITY,edge=58.8 < MIN_QUALITY_SCORE=70.0,-1,0.0,0.0,
SOL/USDT,2641,2026-06-27 23:00:00,short,0.67336,57.51,52.0,70.5,0.596429,low_med_down,False,True,False,False,False,0.0,0.0,50.0,0.0,0.0,0.0,0.0,0.0,50.0,0.0,0.0,-1,0.0,G3_MIN_QUALITY,edge=57.5 < MIN_QUALITY_SCORE=70.0,-1,0.0,0.0,
SOL/USDT,2642,2026-06-28 00:00:00,short,0.6604,74.69,30.0,70.72,0.607143,low_med_flat,False,True,False,False,True,0.0,-0.49348032907857,36.14062733494543,0.0,0.0,0.0,0.25,0.5,50.0,0.0,0.0,-1,0.0,G4_5_MTF,prior(bullish)=0.25<0.6 OR rev(bearish)=0.50<0.5,-1,0.0,0.0,
SOL/USDT,2643,2026-06-28 01:00:00,short,0.62943,71.09,30.0,70.83,0.602143,low_med_flat,False,True,False,False,True,0.0,-0.43185552862940085,36.38105714555002,0.0,0.0,0.0,0.5,0.5,50.0,0.0,0.0,-1,0.0,G4_5_MTF,prior(bullish)=0.50<0.6 OR rev(bearish)=0.50<0.5,-1,0.0,0.0,
SOL/USDT,2644,2026-06-28 02:00:00,short,0.64519,72.82,52.0,70.73,0.600714,low_med_down,False,True,False,False,True,0.0,-0.5440474961262264,36.66197636876335,0.0,0.0,0.0,0.5,0.0,50.0,0.0,0.0,-1,0.0,G4_5_MTF,prior(bullish)=0.50<0.6 OR rev(bearish)=0.00<0.5,-1,0.0,0.0,
SOL/USDT,2645,2026-06-28 03:00:00,short,0.62721,71.99,52.0,70.87,0.585,low_med_down,False,True,False,False,True,0.0,-0.4358793542354363,36.81559880339756,0.0,0.0,0.0,0.5,0.5,50.0,0.0,0.0,-1,0.0,G4_5_MTF,prior(bullish)=0.50<0.6 OR rev(bearish)=0.50<0.5,-1,0.0,0.0,
SOL/USDT,2646,2026-06-28 04:00:00,short,0.6518,63.33,30.0,70.77,0.567143,low_med_flat,False,True,False,False,False,0.0,0.0,50.0,0.0,0.0,0.0,0.0,0.0,50.0,0.0,0.0,-1,0.0,G3_MIN_QUALITY,edge=63.3 < MIN_QUALITY_SCORE=70.0,-1,0.0,0.0,
SOL/USDT,2647,2026-06-28 05:00:00,short,0.66896,73.08,52.0,70.52,0.571429,low_med_down,False,True,False,False,True,0.0,-0.5705413191127168,38.006438702583296,0.0,0.0,0.0,0.5,0.5,50.0,0.0,0.0,-1,0.0,G4_5_MTF,prior(bullish)=0.50<0.6 OR rev(bearish)=0.50<0.5,-1,0.0,0.0,
SOL/USDT,2648,2026-06-28 06:00:00,short,0.66464,66.13,52.0,70.45,0.572143,low_med_down,False,True,False,False,False,0.0,0.0,50.0,0.0,0.0,0.0,0.0,0.0,50.0,0.0,0.0,-1,0.0,G3_MIN_QUALITY,edge=66.1 < MIN_QUALITY_SCORE=70.0,-1,0.0,0.0,
SOL/USDT,2649,2026-06-28 07:00:00,short,0.65995,72.39,52.0,71.08,0.565,low_med_down,False,True,False,False,True,0.0,-0.21511363774951325,51.45676060689558,0.0,0.0,0.0,0.5,1.0,50.0,0.0,0.0,-1,0.0,G4_5_MTF,prior(bullish)=0.50<0.6 OR rev(bearish)=1.00<0.5,-1,0.0,0.0,
SOL/USDT,2650,2026-06-28 08:00:00,short,0.60844,100.0,30.0,71.91,0.616429,low_med_flat,False,True,False,False,False,0.0,0.07397859196881792,51.632494121036544,0.0,0.0,0.0,0.25,0.5,50.0,0.0,0.0,-1,0.0,G4_5_MTF,prior(bullish)=0.25<0.6 OR rev(bearish)=0.50<0.5,-1,0.0,0.0,
SOL/USDT,2651,2026-06-28 09:00:00,short,0.6225,80.98,30.0,71.54,0.582857,low_med_flat,False,True,False,False,False,0.0,0.049350336699452206,51.830418237271516,0.0,0.0,0.0,0.25,0.0,50.0,0.0,0.0,-1,0.0,G4_5_MTF,prior(bullish)=0.25<0.6 OR rev(bearish)=0.00<0.5,-1,0.0,0.0,
SOL/USDT,2652,2026-06-28 10:00:00,short,0.63377,78.82,30.0,71.48,0.599286,low_med_flat,False,True,False,False,False,0.0,0.06127710909659093,52.252982603025416,0.0,0.0,0.0,0.25,0.5,50.0,0.0,0.0,-1,0.0,G4_5_MTF,prior(bullish)=0.25<0.6 OR rev(bearish)=0.50<0.5,-1,0.0,0.0,
SOL/USDT,2653,2026-06-28 11:00:00,short,0.60905,78.03,30.0,71.92,0.585,low_med_flat,False,True,False,False,False,0.0,0.38378140376962194,52.44770033952133,0.0,0.0,0.0,0.5,1.0,50.0,0.0,0.0,-1,0.0,G4_5_MTF,prior(bullish)=0.50<0.6 OR rev(bearish)=1.00<0.5,-1,0.0,0.0,
SOL/USDT,2654,2026-06-28 12:00:00,short,0.62212,78.76,30.0,71.88,0.578571,low_med_flat,False,True,False,False,False,0.0,0.3485333304099386,48.80225124509242,0.0,0.0,0.0,0.5,0.5,50.0,0.0,0.0,-1,0.0,G4_5_MTF,prior(bullish)=0.50<0.6 OR rev(bearish)=0.50<0.5,-1,0.0,0.0,
SOL/USDT,2655,2026-06-28 13:00:00,short,0.63084,77.19,30.0,71.74,0.580714,low_med_flat,False,True,False,False,False,0.0,0.34179847791180046,48.72982455060801,0.0,0.0,0.0,0.5,0.5,50.0,0.0,0.0,-1,0.0,G4_5_MTF,prior(bullish)=0.50<0.6 OR rev(bearish)=0.50<0.5,-1,0.0,0.0,
SOL/USDT,2656,2026-06-28 14:00:00,short,0.63912,76.08,30.0,71.65,0.593571,low_med_flat,False,True,False,False,False,0.0,0.263437560437554,48.667162623693805,0.0,0.0,0.0,0.5,1.0,50.0,0.0,0.0,-1,0.0,G4_5_MTF,prior(bullish)=0.50<0.6 OR rev(bearish)=1.00<0.5,-1,0.0,0.0,
SOL/USDT,2657,2026-06-28 15:00:00,short,0.62001,76.19,30.0,72.09,0.606429,low_med_flat,False,True,False,False,False,0.0,0.6196867657164846,48.68696179761931,0.0,0.0,0.0,0.25,1.0,50.0,0.0,0.0,-1,0.0,G4_5_MTF,prior(bullish)=0.25<0.6 OR rev(bearish)=1.00<0.5,-1,0.0,0.0,
SOL/USDT,2658,2026-06-28 16:00:00,short,0.62778,85.36,30.0,71.56,0.638571,low_med_flat,False,True,False,False,False,0.0,0.3943893285713306,48.86140665407481,0.0,0.0,0.0,0.25,0.5,50.0,0.0,0.0,-1,0.0,G4_5_MTF,prior(bullish)=0.25<0.6 OR rev(bearish)=0.50<0.5,-1,0.0,0.0,
SOL/USDT,2659,2026-06-28 17:00:00,short,0.63276,79.4,30.0,71.55,0.692143,low_med_flat,False,True,False,False,False,0.0,0.3639984249243205,49.35080967947197,0.0,0.0,0.0,0.25,0.5,50.0,0.0,0.0,-1,0.0,G4_5_MTF,prior(bullish)=0.25<0.6 OR rev(bearish)=0.50<0.5,-1,0.0,0.0,
SOL/USDT,2660,2026-06-28 18:00:00,short,0.65886,69.42,30.0,71.18,0.712857,low_med_flat,False,True,False,False,False,0.0,0.0,50.0,0.0,0.0,0.0,0.0,0.0,50.0,0.0,0.0,-1,0.0,G3_MIN_QUALITY,edge=69.4 < MIN_QUALITY_SCORE=70.0,-1,0.0,0.0,
SOL/USDT,2661,2026-06-28 19:00:00,short,0.64058,76.92,30.0,70.74,0.744286,low_med_flat,False,True,False,False,True,0.0,-0.20568875510092036,51.27382876677589,0.0,0.0,0.0,0.25,1.0,50.0,0.0,0.0,-1,0.0,G4_5_MTF,prior(bullish)=0.25<0.6 OR rev(bearish)=1.00<0.5,-1,0.0,0.0,
SOL/USDT,2662,2026-06-28 20:00:00,short,0.63816,53.64,30.0,70.92,0.761429,low_med_flat,False,True,False,False,False,0.0,0.0,50.0,0.0,0.0,0.0,0.0,0.0,50.0,0.0,0.0,-1,0.0,G3_MIN_QUALITY,edge=53.6 < MIN_QUALITY_SCORE=70.0,-1,0.0,0.0,
SOL/USDT,2663,2026-06-28 21:00:00,short,0.62828,58.5,30.0,70.46,0.772857,low_med_flat,False,True,False,False,False,0.0,0.0,50.0,0.0,0.0,0.0,0.0,0.0,50.0,0.0,0.0,-1,0.0,G3_MIN_QUALITY,edge=58.5 < MIN_QUALITY_SCORE=70.0,-1,0.0,0.0,
SOL/USDT,2664,2026-06-28 22:00:00,short,0.62909,69.43,0.0,70.24,0.819286,low_high_flat,,,True,False,False,0.0,0.0,50.0,0.0,0.0,0.0,0.0,0.0,50.0,0.0,0.0,-1,0.0,G1_REGIME,regime='low_high_flat' skipped=True reg_empty=False,-1,0.0,0.0,
SOL/USDT,2665,2026-06-28 23:00:00,short,0.61637,99.28,0.0,71.38,0.896429,low_high_up,,,True,False,False,0.0,0.0,50.0,0.0,0.0,0.0,0.0,0.0,50.0,0.0,0.0,-1,0.0,G1_REGIME,regime='low_high_up' skipped=True reg_empty=False,-1,0.0,0.0,
SOL/USDT,2666,2026-06-29 00:00:00,short,0.6182,100.0,0.0,71.66,0.957857,low_high_up,,,True,False,False,0.0,0.0,50.0,0.0,0.0,0.0,0.0,0.0,50.0,0.0,0.0,-1,0.0,G1_REGIME,regime='low_high_up' skipped=True reg_empty=False,-1,0.0,0.0,
SOL/USDT,2667,2026-06-29 01:00:00,short,0.6071,94.35,0.0,71.49,0.967143,low_high_up,,,True,False,False,0.0,0.0,50.0,0.0,0.0,0.0,0.0,0.0,50.0,0.0,0.0,-1,0.0,G1_REGIME,regime='low_high_up' skipped=True reg_empty=False,-1,0.0,0.0,
SOL/USDT,2668,2026-06-29 02:00:00,short,0.61897,97.42,0.0,72.18,1.034286,low_high_up,,,True,False,False,0.0,0.0,50.0,0.0,0.0,0.0,0.0,0.0,50.0,0.0,0.0,-1,0.0,G1_REGIME,regime='low_high_up' skipped=True reg_empty=False,-1,0.0,0.0,
SOL/USDT,2669,2026-06-29 03:00:00,short,0.592,100.0,0.0,72.68,1.061429,low_high_up,,,True,False,False,0.0,0.0,50.0,0.0,0.0,0.0,0.0,0.0,50.0,0.0,0.0,-1,0.0,G1_REGIME,regime='low_high_up' skipped=True reg_empty=False,-1,0.0,0.0,
SOL/USDT,2670,2026-06-29 04:00:00,short,0.61752,79.51,0.0,71.68,1.097143,low_high_up,,,True,False,False,0.0,0.0,50.0,0.0,0.0,0.0,0.0,0.0,50.0,0.0,0.0,-1,0.0,G1_REGIME,regime='low_high_up' skipped=True reg_empty=False,-1,0.0,0.0,
SOL/USDT,2671,2026-06-29 05:00:00,short,0.58411,90.55,0.0,72.32,1.143571,low_high_up,,,True,False,False,0.0,0.0,50.0,0.0,0.0,0.0,0.0,0.0,50.0,0.0,0.0,-1,0.0,G1_REGIME,regime='low_high_up' skipped=True reg_empty=False,-1,0.0,0.0,
SOL/USDT,2672,2026-06-29 06:00:00,short,0.57689,90.67,0.0,72.39,1.139286,low_high_up,,,True,False,False,0.0,0.0,50.0,0.0,0.0,0.0,0.0,0.0,50.0,0.0,0.0,-1,0.0,G1_REGIME,regime='low_high_up' skipped=True reg_empty=False,-1,0.0,0.0,
