symbol,bar_index,timestamp,direction,meta_conf,edge_score,thr,price,atr,regime_str,reg_buy_ok,reg_sell_ok,reg_skipped,at_res,at_sup,trend_1d,total_conf,choppiness,bos,ev,ev_floor,prior_frac,rev_frac,rsi_val,rsi_slope,rsi_accel,bars_since_exit,atr_pct,blocked_at,block_reason,trade_exit_bar,trade_exit_price,trade_pnl,trade_outcome
XRP/USDT,6,2026-03-10 04:00:00,long,0.54013,72.35,60.14,1.3819,0.013086,unknown,,,,True,False,0.0,0.6482693838673831,62.12686452113146,0.0,0.0,0.0,0.5,0.5,50.0,0.0,0.0,-1,0.0,G4_5_MTF,prior(bearish)=0.50<0.6 OR rev(bullish)=0.50<0.5,-1,0.0,0.0,
XRP/USDT,7,2026-03-10 05:00:00,long,0.55951,74.61,60.14,1.3842,0.01255,unknown,,,,True,False,0.0,0.64381835504544,61.965462588015406,0.0,0.0,0.0,0.25,0.5,50.0,0.0,0.0,-1,0.0,G4_5_MTF,prior(bearish)=0.25<0.6 OR rev(bullish)=0.50<0.5,-1,0.0,0.0,
XRP/USDT,8,2026-03-10 06:00:00,long,0.55348,79.13,60.14,1.3802,0.011889,unknown,,,,True,False,0.0,0.4958261805257921,61.74185670608699,0.0,0.0,0.0,0.25,1.0,50.0,0.0,0.0,-1,0.0,G4_5_MTF,prior(bearish)=0.25<0.6 OR rev(bullish)=1.00<0.5,-1,0.0,0.0,
XRP/USDT,9,2026-03-10 07:00:00,long,0.55641,83.22,60.14,1.3875,0.01194,unknown,,,,True,False,0.0,0.684572634451162,61.677306688562936,0.0,0.0,0.0,0.25,0.5,50.0,0.0,0.0,-1,0.0,G4_5_MTF,prior(bearish)=0.25<0.6 OR rev(bullish)=0.50<0.5,-1,0.0,0.0,
XRP/USDT,10,2026-03-10 08:00:00,long,0.56301,74.94,60.14,1.4015,0.013045,unknown,,,,True,False,0.0,0.7427383043372999,45.66624029875747,1.0,0.0,0.0,0.25,0.5,50.0,0.0,0.0,-1,0.0,G4_5_MTF,prior(bearish)=0.25<0.6 OR rev(bullish)=0.50<0.5,-1,0.0,0.0,
XRP/USDT,11,2026-03-10 09:00:00,long,0.56604,70.84,60.14,1.4165,0.013458,unknown,,,,True,False,0.0,0.7526785699818125,43.02124715543688,1.0,0.0,0.0,0.5,1.0,50.0,0.0,0.0,-1,0.0,G4_5_MTF,prior(bearish)=0.50<0.6 OR rev(bullish)=1.00<0.5,-1,0.0,0.0,
XRP/USDT,12,2026-03-10 10:00:00,long,0.55863,95.05,60.14,1.4055,0.013431,unknown,,,,True,False,0.0,0.592262526209539,42.876766115846415,0.0,0.0,0.0,0.25,1.0,50.0,0.0,0.0,-1,0.0,G4_5_MTF,prior(bearish)=0.25<0.6 OR rev(bullish)=1.00<0.5,-1,0.0,0.0,
XRP/USDT,13,2026-03-10 11:00:00,long,0.54752,88.69,60.14,1.3909,0.013679,unknown,,,,False,False,0.0,0.4023208498965152,42.941703307958576,0.0,0.0,0.0,0.25,0.5,50.0,0.0,0.0,-1,0.0,G4_5_MTF,prior(bearish)=0.25<0.6 OR rev(bullish)=0.50<0.5,-1,0.0,0.0,
XRP/USDT,14,2026-03-10 12:00:00,long,0.55056,82.61,60.14,1.3889,0.01345,unknown,,,,False,False,0.0,0.3481147174907703,42.90482082906992,0.0,0.0,0.0,0.25,0.0,50.0,0.0,0.0,-1,0.0,G4_5_MTF,prior(bearish)=0.25<0.6 OR rev(bullish)=0.00<0.5,-1,0.0,0.0,
XRP/USDT,15,2026-03-10 13:00:00,long,0.5467,91.03,60.14,1.393,0.014421,unknown,,,,False,False,0.0,0.562242491011151,43.355208334490065,0.0,0.0,0.0,0.25,0.0,50.0,0.0,0.0,-1,0.0,G4_5_MTF,prior(bearish)=0.25<0.6 OR rev(bullish)=0.00<0.5,-1,0.0,0.0,
XRP/USDT,16,2026-03-10 14:00:00,long,0.58719,90.12,60.14,1.4343,0.017464,unknown,,,,True,False,0.0,0.7636778486041734,37.030321649749865,1.0,0.0,0.0,0.5,0.5,50.0,0.0,0.0,-1,0.0,G4_5_MTF,prior(bearish)=0.50<0.6 OR rev(bullish)=0.50<0.5,-1,0.0,0.0,
XRP/USDT,17,2026-03-10 15:00:00,long,0.57227,98.55,60.14,1.4308,0.018479,unknown,,,,True,False,0.0,0.6216710144684888,37.29048030576672,0.0,0.0,0.0,0.75,1.0,69.00129075215263,0.22822299832797188,0.2030658935858697,-1,0.012915,TRADE,edge=98.6 meta_conf=0.5723,20,1.405854,-0.0249,LOSS
XRP/USDT,21,2026-03-10 19:00:00,long,0.58344,81.99,60.14,1.3849,0.0196,unknown,,,,False,False,0.0,0.031578061622440305,44.87115604721095,0.0,0.0,0.0,0.5,0.0,50.0,0.0,0.0,-1,0.0,G4_5_MTF,prior(bearish)=0.50<0.6 OR rev(bullish)=0.00<0.5,-1,0.0,0.0,
XRP/USDT,22,2026-03-10 20:00:00,long,0.57786,78.72,60.14,1.3899,0.019886,unknown,,,,False,False,0.0,0.05953855229325392,46.11102696324344,0.0,0.0,0.0,0.75,0.0,50.0,0.0,0.0,-1,0.0,G4_5_MTF,prior(bearish)=0.75<0.6 OR rev(bullish)=0.00<0.5,-1,0.0,0.0,
XRP/USDT,23,2026-03-10 21:00:00,long,0.57933,76.27,60.14,1.3836,0.020171,unknown,,,,False,False,0.0,-0.1582183713642537,48.67455454076043,0.0,0.0,0.0,1.0,0.5,48.80147090829383,-1.4100154538427483,-0.3067643724352527,-1,0.0,G5_RSI_ACCEL,rsi_accel=-0.3068<-0.08 (RSI free-fall),-1,0.0,0.0,
XRP/USDT,24,2026-03-10 22:00:00,long,0.5727,74.01,60.14,1.3841,0.019107,unknown,,,,False,False,0.0,-0.25783315327790474,49.557983656175814,0.0,0.0,0.0,1.0,0.5,44.16889665975505,-1.588740143177701,-0.17872468933495278,-1,0.0,G5_RSI_ACCEL,rsi_accel=-0.1787<-0.08 (RSI free-fall),-1,0.0,0.0,
XRP/USDT,25,2026-03-10 23:00:00,long,0.57059,75.03,60.14,1.3863,0.018129,unknown,,,,False,False,0.0,-0.18004699280710088,50.37891826530806,0.0,0.0,0.0,0.75,0.5,38.92961477262017,-1.7619729541805405,-0.17323281100283938,-1,0.0,G5_RSI_ACCEL,rsi_accel=-0.1732<-0.08 (RSI free-fall),-1,0.0,0.0,
XRP/USDT,26,2026-03-11 00:00:00,long,0.56923,76.48,60.14,1.3884,0.017957,unknown,,,,False,False,0.0,-0.14747946985169338,51.14310701938488,0.0,0.0,0.0,0.75,1.0,43.294112893195475,-1.908279475413662,-0.1463065212331216,-1,0.0,G5_RSI_ACCEL,rsi_accel=-0.1463<-0.08 (RSI free-fall),-1,0.0,0.0,
XRP/USDT,27,2026-03-11 01:00:00,long,0.5689,74.59,60.14,1.3902,0.017193,unknown,,,,False,False,0.0,-0.04698175602194462,51.677208010546344,0.0,0.0,0.0,0.5,1.0,50.0,0.0,0.0,-1,0.0,G4_5_MTF,prior(bearish)=0.50<0.6 OR rev(bullish)=1.00<0.5,-1,0.0,0.0,
XRP/USDT,28,2026-03-11 02:00:00,long,0.57402,84.8,60.14,1.3826,0.017386,unknown,,,,False,True,0.0,-0.2217613940863745,52.266554935738974,0.0,0.0,0.0,0.25,1.0,50.0,0.0,0.0,-1,0.0,G4_5_MTF,prior(bearish)=0.25<0.6 OR rev(bullish)=1.00<0.5,-1,0.0,0.0,
XRP/USDT,29,2026-03-11 03:00:00,long,0.57624,62.53,60.14,1.3792,0.016414,unknown,,,,False,False,0.0,0.0,50.0,0.0,0.0,0.0,0.0,0.0,50.0,0.0,0.0,-1,0.0,G3_MIN_QUALITY,edge=62.5 < MIN_QUALITY_SCORE=70.0,-1,0.0,0.0,
XRP/USDT,30,2026-03-11 04:00:00,long,0.56425,64.33,60.14,1.3878,0.013314,unknown,,,,False,False,0.0,0.0,50.0,0.0,0.0,0.0,0.0,0.0,50.0,0.0,0.0,-1,0.0,G3_MIN_QUALITY,edge=64.3 < MIN_QUALITY_SCORE=70.0,-1,0.0,0.0,
XRP/USDT,31,2026-03-11 05:00:00,long,0.56443,61.46,60.14,1.3765,0.012821,unknown,,,,False,False,0.0,0.0,50.0,0.0,0.0,0.0,0.0,0.0,50.0,0.0,0.0,-1,0.0,G3_MIN_QUALITY,edge=61.5 < MIN_QUALITY_SCORE=70.0,-1,0.0,0.0,
XRP/USDT,32,2026-03-11 06:00:00,long,0.56885,84.82,60.14,1.3825,0.012421,unknown,,,,False,True,0.0,-0.3269672293570915,55.694491137209575,0.0,0.0,0.0,0.5,0.5,50.0,0.0,0.0,-1,0.0,G4_5_MTF,prior(bearish)=0.50<0.6 OR rev(bullish)=0.50<0.5,-1,0.0,0.0,
XRP/USDT,33,2026-03-11 07:00:00,long,0.55169,80.84,60.14,1.3784,0.011571,unknown,,,,False,True,0.0,-0.5307823515388894,67.30106297915138,0.0,0.0,0.0,0.5,0.5,50.0,0.0,0.0,-1,0.0,G4_5_MTF,prior(bearish)=0.50<0.6 OR rev(bullish)=0.50<0.5,-1,0.0,0.0,
XRP/USDT,34,2026-03-11 08:00:00,long,0.53874,79.98,60.14,1.3759,0.010457,unknown,,,,False,True,0.0,-0.5780020618597358,87.1547784470136,0.0,0.0,0.0,0.75,0.5,37.321929878817386,-1.8693445608580763,0.31013308741009515,14,0.0076,TRADE,edge=80.0 meta_conf=0.5387,39,1.404134,0.0282,WIN
XRP/USDT,40,2026-03-11 14:00:00,long,0.53931,100.0,60.14,1.3921,0.011907,unknown,,,,False,False,0.0,0.21593390390603426,55.0663502893475,0.0,0.0,0.0,0.75,1.0,52.450321399940265,0.9804285063687193,0.4951665849073334,1,0.0,G6_COOLDOWN,bars_since_exit=1 < cooldown=3,-1,0.0,0.0,
XRP/USDT,41,2026-03-11 15:00:00,long,0.5622,93.35,60.14,1.3824,0.012943,unknown,,,,False,True,0.0,-0.19786104574336155,54.12737754629989,0.0,0.0,0.0,0.5,0.5,50.0,0.0,0.0,-1,0.0,G4_5_MTF,prior(bearish)=0.50<0.6 OR rev(bullish)=0.50<0.5,-1,0.0,0.0,
XRP/USDT,42,2026-03-11 16:00:00,long,0.55937,93.16,60.14,1.3873,0.012807,unknown,,,,False,True,0.0,0.16749523429220614,53.08907813093849,0.0,0.0,0.0,0.25,0.0,50.0,0.0,0.0,-1,0.0,G4_5_MTF,prior(bearish)=0.25<0.6 OR rev(bullish)=0.00<0.5,-1,0.0,0.0,
XRP/USDT,43,2026-03-11 17:00:00,long,0.55768,100.0,60.14,1.3981,0.013329,unknown,,,,False,False,0.0,0.6375503302374729,52.37291885553784,0.0,0.0,0.0,0.5,0.5,50.0,0.0,0.0,-1,0.0,G4_5_MTF,prior(bearish)=0.50<0.6 OR rev(bullish)=0.50<0.5,-1,0.0,0.0,
XRP/USDT,44,2026-03-11 18:00:00,long,0.57098,97.07,60.14,1.4044,0.013214,unknown,,,,True,False,0.0,0.6425747863139811,52.349482033303325,0.0,0.0,0.0,0.5,1.0,50.0,0.0,0.0,-1,0.0,G4_5_MTF,prior(bearish)=0.50<0.6 OR rev(bullish)=1.00<0.5,-1,0.0,0.0,
XRP/USDT,45,2026-03-11 19:00:00,long,0.57397,99.44,60.14,1.3901,0.013271,unknown,,,,False,True,0.0,0.43741331322019056,52.454833765795954,0.0,0.0,0.0,0.5,1.0,50.0,0.0,0.0,-1,0.0,G4_5_MTF,prior(bearish)=0.50<0.6 OR rev(bullish)=1.00<0.5,-1,0.0,0.0,
XRP/USDT,46,2026-03-11 20:00:00,long,0.57404,70.49,60.14,1.3916,0.01315,unknown,,,,True,False,0.0,0.3759759813126795,52.624784646647846,0.0,0.0,0.0,0.5,0.5,50.0,0.0,0.0,-1,0.0,G4_5_MTF,prior(bearish)=0.50<0.6 OR rev(bullish)=0.50<0.5,-1,0.0,0.0,
XRP/USDT,47,2026-03-11 21:00:00,long,0.56083,69.61,60.14,1.3923,0.012821,unknown,,,,False,False,0.0,0.0,50.0,0.0,0.0,0.0,0.0,0.0,50.0,0.0,0.0,-1,0.0,G3_MIN_QUALITY,edge=69.6 < MIN_QUALITY_SCORE=70.0,-1,0.0,0.0,
XRP/USDT,48,2026-03-11 22:00:00,long,0.57053,91.43,60.14,1.3903,0.013057,unknown,,,,False,True,0.0,0.4022570320888943,53.51041669988547,0.0,0.0,0.0,0.25,1.0,50.0,0.0,0.0,-1,0.0,G4_5_MTF,prior(bearish)=0.25<0.6 OR rev(bullish)=1.00<0.5,-1,0.0,0.0,
XRP/USDT,49,2026-03-11 23:00:00,long,0.57128,87.88,60.14,1.3847,0.0132,unknown,,,,False,True,0.0,0.1205120109642991,54.24861775333343,0.0,0.0,0.0,0.25,0.5,50.0,0.0,0.0,-1,0.0,G4_5_MTF,prior(bearish)=0.25<0.6 OR rev(bullish)=0.50<0.5,-1,0.0,0.0,
XRP/USDT,50,2026-03-12 00:00:00,long,0.6253,88.15,60.14,1.384,0.012936,unknown,,,,False,True,0.0,-0.05396875645432985,54.94613889136619,0.0,0.0,0.0,0.25,0.0,50.0,0.0,0.0,-1,0.0,G4_5_MTF,prior(bearish)=0.25<0.6 OR rev(bullish)=0.00<0.5,-1,0.0,0.0,
XRP/USDT,51,2026-03-12 01:00:00,long,0.61446,87.5,60.14,1.3789,0.012836,unknown,,,,False,True,0.0,-0.26583705603636776,55.72920657712901,0.0,0.0,0.0,0.5,0.0,50.0,0.0,0.0,-1,0.0,G4_5_MTF,prior(bearish)=0.50<0.6 OR rev(bullish)=0.00<0.5,-1,0.0,0.0,
XRP/USDT,52,2026-03-12 02:00:00,long,0.57985,84.88,60.14,1.3726,0.0124,unknown,,,,False,True,0.0,-0.5234640780215524,56.19549884084222,0.0,0.0,0.0,0.5,0.0,50.0,0.0,0.0,-1,0.0,G4_5_MTF,prior(bearish)=0.50<0.6 OR rev(bullish)=0.00<0.5,-1,0.0,0.0,
XRP/USDT,53,2026-03-12 03:00:00,long,0.58423,83.03,60.14,1.3738,0.01085,unknown,,,,False,True,0.0,-0.4930724145270064,59.168376202842545,0.0,0.0,0.0,0.75,0.0,50.0,0.0,0.0,-1,0.0,G4_5_MTF,prior(bearish)=0.75<0.6 OR rev(bullish)=0.00<0.5,-1,0.0,0.0,
XRP/USDT,54,2026-03-12 04:00:00,long,0.5855,81.52,60.14,1.3704,0.010279,unknown,,,,False,True,0.0,-0.6438275149650845,58.31961315592753,0.0,0.0,0.0,1.0,0.5,35.03447599334268,-1.2063272927957231,-0.5343224135385105,-1,0.0,G5_RSI_ACCEL,rsi_accel=-0.5343<-0.08 (RSI free-fall),-1,0.0,0.0,
XRP/USDT,55,2026-03-12 05:00:00,long,0.58057,84.87,60.14,1.3708,0.009286,unknown,,,,False,True,0.0,-0.5371451800549253,54.19031790237421,0.0,0.0,0.0,1.0,0.5,40.82277576710661,-1.7336590077486844,-0.5273317149529613,-1,0.0,G5_RSI_ACCEL,rsi_accel=-0.5273<-0.08 (RSI free-fall),-1,0.0,0.0,
XRP/USDT,56,2026-03-12 06:00:00,long,0.58268,82.81,60.14,1.3725,0.008993,unknown,,,,False,True,0.0,-0.4063098478342689,53.347670622892885,0.0,0.0,0.0,0.75,0.5,37.666657877779954,-2.0812181041797855,-0.34755909643110106,-1,0.0,G5_RSI_ACCEL,rsi_accel=-0.3476<-0.08 (RSI free-fall),-1,0.0,0.0,
XRP/USDT,57,2026-03-12 07:00:00,long,0.58979,83.41,60.14,1.3765,0.008543,unknown,,,,False,True,0.0,-0.35120651465175756,52.26320171541388,0.0,0.0,0.0,0.75,1.0,29.699240304711495,-2.3317866931039366,-0.2505685889241511,-1,0.0,G5_RSI_ACCEL,rsi_accel=-0.2506<-0.08 (RSI free-fall),-1,0.0,0.0,
XRP/USDT,58,2026-03-12 08:00:00,long,0.56598,83.84,60.14,1.3802,0.008336,unknown,,,,False,True,0.0,-0.26792211972767344,53.576389948513416,0.0,0.0,0.0,0.5,1.0,50.0,0.0,0.0,-1,0.0,G4_5_MTF,prior(bearish)=0.50<0.6 OR rev(bullish)=1.00<0.5,-1,0.0,0.0,
XRP/USDT,59,2026-03-12 09:00:00,long,0.57419,67.58,60.14,1.382,0.008064,unknown,,,,False,False,0.0,0.0,50.0,0.0,0.0,0.0,0.0,0.0,50.0,0.0,0.0,-1,0.0,G3_MIN_QUALITY,edge=67.6 < MIN_QUALITY_SCORE=70.0,-1,0.0,0.0,
XRP/USDT,60,2026-03-12 10:00:00,long,0.57081,58.11,60.14,1.3901,0.008486,unknown,,,,False,False,0.0,0.0,50.0,0.0,0.0,0.0,0.0,0.0,50.0,0.0,0.0,-1,0.0,G2_EDGE,edge=58.1 < thr=60.1,-1,0.0,0.0,
XRP/USDT,61,2026-03-12 11:00:00,long,0.59458,62.77,60.14,1.3878,0.008586,unknown,,,,False,False,0.0,0.0,50.0,0.0,0.0,0.0,0.0,0.0,50.0,0.0,0.0,-1,0.0,G3_MIN_QUALITY,edge=62.8 < MIN_QUALITY_SCORE=70.0,-1,0.0,0.0,
XRP/USDT,62,2026-03-12 12:00:00,long,0.57945,58.74,60.14,1.388,0.008357,unknown,,,,False,False,0.0,0.0,50.0,0.0,0.0,0.0,0.0,0.0,50.0,0.0,0.0,-1,0.0,G2_EDGE,edge=58.7 < thr=60.1,-1,0.0,0.0,
XRP/USDT,63,2026-03-12 13:00:00,long,0.60507,73.39,60.14,1.382,0.008736,unknown,,,,False,True,0.0,-0.1439317713124914,60.622723395679714,0.0,0.0,0.0,0.0,0.0,50.0,0.0,0.0,-1,0.0,G3_5_ADX,adx=16.4 < 25 (weak trend),-1,0.0,0.0,
XRP/USDT,64,2026-03-12 14:00:00,long,0.58843,85.69,60.14,1.3693,0.010314,unknown,,,,False,True,0.0,-0.4976379496555279,58.540322672010035,0.0,0.0,0.0,0.25,0.5,50.0,0.0,0.0,-1,0.0,G4_5_MTF,prior(bearish)=0.25<0.6 OR rev(bullish)=0.50<0.5,-1,0.0,0.0,
XRP/USDT,65,2026-03-12 15:00:00,long,0.60108,74.67,60.14,1.3791,0.011064,unknown,,,,False,True,0.0,-0.27393054394303706,58.03630371477932,0.0,0.0,0.0,0.0,0.0,50.0,0.0,0.0,-1,0.0,G3_5_ADX,adx=15.8 < 25 (weak trend),-1,0.0,0.0,
XRP/USDT,66,2026-03-12 16:00:00,long,0.60574,71.49,60.14,1.382,0.011386,unknown,,,,False,True,0.0,0.012397420929769514,57.74466492122382,0.0,0.0,0.0,0.0,0.0,50.0,0.0,0.0,-1,0.0,G3_5_ADX,adx=15.5 < 25 (weak trend),-1,0.0,0.0,
XRP/USDT,67,2026-03-12 17:00:00,long,0.60053,64.2,60.14,1.3801,0.011457,unknown,,,,False,False,0.0,0.0,50.0,0.0,0.0,0.0,0.0,0.0,50.0,0.0,0.0,-1,0.0,G3_MIN_QUALITY,edge=64.2 < MIN_QUALITY_SCORE=70.0,-1,0.0,0.0,
XRP/USDT,68,2026-03-12 18:00:00,long,0.58207,63.29,60.14,1.372,0.011507,unknown,,,,False,False,0.0,0.0,50.0,0.0,0.0,0.0,0.0,0.0,50.0,0.0,0.0,-1,0.0,G3_MIN_QUALITY,edge=63.3 < MIN_QUALITY_SCORE=70.0,-1,0.0,0.0,
XRP/USDT,69,2026-03-12 19:00:00,long,0.60421,65.09,60.14,1.3786,0.011886,unknown,,,,False,False,0.0,0.0,50.0,0.0,0.0,0.0,0.0,0.0,50.0,0.0,0.0,-1,0.0,G3_MIN_QUALITY,edge=65.1 < MIN_QUALITY_SCORE=70.0,-1,0.0,0.0,
XRP/USDT,70,2026-03-12 20:00:00,long,0.57968,60.48,60.14,1.3721,0.012071,unknown,,,,False,False,0.0,0.0,50.0,0.0,0.0,0.0,0.0,0.0,50.0,0.0,0.0,-1,0.0,G3_MIN_QUALITY,edge=60.5 < MIN_QUALITY_SCORE=70.0,-1,0.0,0.0,
XRP/USDT,71,2026-03-12 21:00:00,long,0.58043,60.5,60.14,1.3743,0.011821,unknown,,,,False,False,0.0,0.0,50.0,0.0,0.0,0.0,0.0,0.0,50.0,0.0,0.0,-1,0.0,G3_MIN_QUALITY,edge=60.5 < MIN_QUALITY_SCORE=70.0,-1,0.0,0.0,
XRP/USDT,72,2026-03-12 22:00:00,long,0.60049,55.34,60.14,1.3791,0.011743,unknown,,,,False,False,0.0,0.0,50.0,0.0,0.0,0.0,0.0,0.0,50.0,0.0,0.0,-1,0.0,G2_EDGE,edge=55.3 < thr=60.1,-1,0.0,0.0,
XRP/USDT,73,2026-03-12 23:00:00,long,0.59851,69.31,60.14,1.3846,0.011564,unknown,,,,False,False,0.0,0.0,50.0,0.0,0.0,0.0,0.0,0.0,50.0,0.0,0.0,-1,0.0,G3_MIN_QUALITY,edge=69.3 < MIN_QUALITY_SCORE=70.0,-1,0.0,0.0,
XRP/USDT,74,2026-03-13 00:00:00,long,0.63783,80.02,60.14,1.4064,0.0136,unknown,,,,True,False,0.0,0.7014462748881026,36.18512017825069,1.0,0.0,0.0,0.0,0.0,50.0,0.0,0.0,-1,0.0,G3_5_ADX,adx=14.9 < 25 (weak trend),-1,0.0,0.0,
XRP/USDT,75,2026-03-13 01:00:00,long,0.65916,68.03,60.14,1.4137,0.014014,unknown,,,,False,False,0.0,0.0,50.0,0.0,0.0,0.0,0.0,0.0,50.0,0.0,0.0,-1,0.0,G3_MIN_QUALITY,edge=68.0 < MIN_QUALITY_SCORE=70.0,-1,0.0,0.0,
XRP/USDT,76,2026-03-13 02:00:00,long,0.65223,71.23,60.14,1.4015,0.014536,unknown,,,,False,False,0.0,0.5803145498118923,38.93699428330492,0.0,0.0,0.0,0.0,0.0,50.0,0.0,0.0,-1,0.0,G3_5_ADX,adx=17.3 < 25 (weak trend),-1,0.0,0.0,
XRP/USDT,77,2026-03-13 03:00:00,long,0.6396,59.14,60.14,1.4124,0.01445,unknown,,,,False,False,0.0,0.0,50.0,0.0,0.0,0.0,0.0,0.0,50.0,0.0,0.0,-1,0.0,G2_EDGE,edge=59.1 < thr=60.1,-1,0.0,0.0,
XRP/USDT,78,2026-03-13 04:00:00,long,0.60545,47.04,60.14,1.4114,0.013007,unknown,,,,False,False,0.0,0.0,50.0,0.0,0.0,0.0,0.0,0.0,50.0,0.0,0.0,-1,0.0,G2_EDGE,edge=47.0 < thr=60.1,-1,0.0,0.0,
XRP/USDT,79,2026-03-13 05:00:00,long,0.62716,73.01,60.14,1.4233,0.013136,unknown,,,,True,False,0.0,0.7303592279008055,42.56055513767787,0.0,0.0,0.0,0.25,0.5,50.0,0.0,0.0,-1,0.0,G4_5_MTF,prior(bearish)=0.25<0.6 OR rev(bullish)=0.50<0.5,-1,0.0,0.0,
XRP/USDT,80,2026-03-13 06:00:00,long,0.6037,78.36,60.14,1.4133,0.013043,unknown,,,,True,False,0.0,0.4793491665333841,42.91530603655601,0.0,0.0,0.0,0.25,0.5,50.0,0.0,0.0,-1,0.0,G4_5_MTF,prior(bearish)=0.25<0.6 OR rev(bullish)=0.50<0.5,-1,0.0,0.0,
XRP/USDT,81,2026-03-13 07:00:00,long,0.61775,78.62,60.14,1.4153,0.013193,unknown,,,,True,False,0.0,0.6227198895907393,43.28334991224919,0.0,0.0,0.0,0.5,0.5,50.0,0.0,0.0,-1,0.0,G4_5_MTF,prior(bearish)=0.50<0.6 OR rev(bullish)=0.50<0.5,-1,0.0,0.0,
XRP/USDT,82,2026-03-13 08:00:00,long,0.65124,75.08,60.14,1.4264,0.013993,unknown,,,,True,False,0.0,0.7116394016937244,39.554890236714236,0.0,0.0,0.0,0.5,0.5,50.0,0.0,0.0,-1,0.0,G4_5_MTF,prior(bearish)=0.50<0.6 OR rev(bullish)=0.50<0.5,-1,0.0,0.0,
XRP/USDT,83,2026-03-13 09:00:00,long,0.64169,69.82,60.14,1.4285,0.013886,unknown,,,,False,False,0.0,0.0,50.0,0.0,0.0,0.0,0.0,0.0,50.0,0.0,0.0,-1,0.0,G3_MIN_QUALITY,edge=69.8 < MIN_QUALITY_SCORE=70.0,-1,0.0,0.0,
XRP/USDT,84,2026-03-13 10:00:00,long,0.64625,71.03,60.14,1.434,0.013979,unknown,,,,True,False,0.0,0.695081393866416,38.739425984917034,0.0,0.0,0.0,0.5,1.0,50.0,0.0,0.0,-1,0.0,G4_5_MTF,prior(bearish)=0.50<0.6 OR rev(bullish)=1.00<0.5,-1,0.0,0.0,
XRP/USDT,85,2026-03-13 11:00:00,long,0.63395,79.35,60.14,1.4202,0.014714,unknown,,,,True,False,0.0,0.44455527878461587,39.78019338909698,0.0,0.0,0.0,0.25,1.0,50.0,0.0,0.0,-1,0.0,G4_5_MTF,prior(bearish)=0.25<0.6 OR rev(bullish)=1.00<0.5,-1,0.0,0.0,
XRP/USDT,86,2026-03-13 12:00:00,long,0.62354,69.82,60.14,1.4336,0.015657,unknown,,,,False,False,0.0,0.0,50.0,0.0,0.0,0.0,0.0,0.0,50.0,0.0,0.0,-1,0.0,G3_MIN_QUALITY,edge=69.8 < MIN_QUALITY_SCORE=70.0,-1,0.0,0.0,
XRP/USDT,87,2026-03-13 13:00:00,long,0.65753,90.47,60.14,1.4436,0.016207,unknown,,,,True,False,0.0,0.7207931436200763,41.51670842012051,1.0,0.0,0.0,0.0,0.5,50.0,0.0,0.0,-1,0.0,G4_5_MTF,prior(bearish)=0.00<0.6 OR rev(bullish)=0.50<0.5,-1,0.0,0.0,
XRP/USDT,88,2026-03-13 14:00:00,long,0.62921,100.0,60.14,1.4229,0.015529,unknown,,,,False,False,0.0,0.3435845947028248,50.48431834896833,0.0,0.0,0.0,0.25,1.0,50.0,0.0,0.0,-1,0.0,G4_5_MTF,prior(bearish)=0.25<0.6 OR rev(bullish)=1.00<0.5,-1,0.0,0.0,
XRP/USDT,89,2026-03-13 15:00:00,long,0.61521,85.37,60.14,1.409,0.016236,unknown,,,,False,False,0.0,-0.04923741903250261,50.90424571221122,0.0,0.0,0.0,0.25,0.5,50.0,0.0,0.0,-1,0.0,G4_5_MTF,prior(bearish)=0.25<0.6 OR rev(bullish)=0.50<0.5,-1,0.0,0.0,
XRP/USDT,90,2026-03-13 16:00:00,long,0.61283,82.48,60.14,1.4098,0.016279,unknown,,,,False,False,0.0,0.08637638698189867,51.08667514727397,0.0,0.0,0.0,0.25,0.0,50.0,0.0,0.0,-1,0.0,G4_5_MTF,prior(bearish)=0.25<0.6 OR rev(bullish)=0.00<0.5,-1,0.0,0.0,
XRP/USDT,91,2026-03-13 17:00:00,long,0.61844,77.67,60.14,1.3941,0.016757,unknown,,,,False,False,0.0,-0.4263933339615856,46.16846307660355,0.0,0.0,0.0,0.5,0.5,50.0,0.0,0.0,-1,0.0,G4_5_MTF,prior(bearish)=0.50<0.6 OR rev(bullish)=0.50<0.5,-1,0.0,0.0,
XRP/USDT,92,2026-03-13 18:00:00,long,0.61799,75.24,60.14,1.3975,0.017086,unknown,,,,False,False,0.0,-0.31744908471990246,45.68634307917719,0.0,0.0,0.0,0.5,0.5,50.0,0.0,0.0,-1,0.0,G4_5_MTF,prior(bearish)=0.50<0.6 OR rev(bullish)=0.50<0.5,-1,0.0,0.0,
XRP/USDT,93,2026-03-13 19:00:00,long,0.61866,75.46,60.14,1.4014,0.016171,unknown,,,,False,False,0.0,-0.25835847895082265,46.23097563860027,0.0,0.0,0.0,0.5,0.5,50.0,0.0,0.0,-1,0.0,G4_5_MTF,prior(bearish)=0.50<0.6 OR rev(bullish)=0.50<0.5,-1,0.0,0.0,
XRP/USDT,94,2026-03-13 20:00:00,long,0.61832,73.08,60.14,1.4024,0.01565,unknown,,,,False,False,0.0,-0.36749688675960096,46.69255074082413,0.0,0.0,0.0,0.75,1.0,45.35378827832028,-2.8347740086633144,-0.34755108354783193,-1,0.0,G5_RSI_ACCEL,rsi_accel=-0.3476<-0.08 (RSI free-fall),-1,0.0,0.0,
XRP/USDT,95,2026-03-13 21:00:00,long,0.61474,73.54,60.14,1.4009,0.015621,unknown,,,,False,False,0.0,-0.4460737085068079,47.117511100069414,0.0,0.0,0.0,0.5,1.0,50.0,0.0,0.0,-1,0.0,G4_5_MTF,prior(bearish)=0.50<0.6 OR rev(bullish)=1.00<0.5,-1,0.0,0.0,
XRP/USDT,96,2026-03-13 22:00:00,long,0.60249,75.56,60.14,1.3948,0.014957,unknown,,,,False,False,0.0,-0.5746015608365148,47.284932307247,0.0,0.0,0.0,0.25,0.5,50.0,0.0,0.0,-1,0.0,G4_5_MTF,prior(bearish)=0.25<0.6 OR rev(bullish)=0.50<0.5,-1,0.0,0.0,
XRP/USDT,97,2026-03-13 23:00:00,long,0.61119,83.34,60.14,1.3989,0.014693,unknown,,,,False,True,0.0,-0.4290099676555309,47.42450356379892,0.0,0.0,0.0,0.25,0.0,50.0,0.0,0.0,-1,0.0,G4_5_MTF,prior(bearish)=0.25<0.6 OR rev(bullish)=0.00<0.5,-1,0.0,0.0,
XRP/USDT,98,2026-03-14 00:00:00,long,0.62876,81.74,60.14,1.3943,0.0145,unknown,,,,False,True,0.0,-0.5217564642126552,47.514396501213085,0.0,0.0,0.0,0.25,0.5,50.0,0.0,0.0,-1,0.0,G4_5_MTF,prior(bearish)=0.25<0.6 OR rev(bullish)=0.50<0.5,-1,0.0,0.0,
XRP/USDT,99,2026-03-14 01:00:00,long,0.62663,83.82,60.14,1.4001,0.014043,unknown,,,,False,True,0.0,-0.3508809907102455,47.39860440473931,0.0,0.0,0.0,0.5,0.5,50.0,0.0,0.0,-1,0.0,G4_5_MTF,prior(bearish)=0.50<0.6 OR rev(bullish)=0.50<0.5,-1,0.0,0.0,
XRP/USDT,100,2026-03-14 02:00:00,long,0.61719,82.09,60.14,1.3984,0.012964,unknown,,,,False,True,0.0,-0.4975311084865245,46.930615820308866,0.0,0.0,0.0,0.5,0.5,50.0,0.0,0.0,-1,0.0,G4_5_MTF,prior(bearish)=0.50<0.6 OR rev(bullish)=0.50<0.5,-1,0.0,0.0,
XRP/USDT,101,2026-03-14 03:00:00,long,0.61657,84.38,60.14,1.4009,0.012114,unknown,,,,False,True,0.0,-0.3464813473885325,46.208066904249804,0.0,0.0,0.0,0.75,0.5,25.087510487454452,-1.8492692152638996,0.34811150127092505,62,0.008648,TRADE,edge=84.4 meta_conf=0.6166,104,1.384546,-0.0164,LOSS
XRP/USDT,105,2026-03-14 07:00:00,long,0.58795,84.24,60.14,1.394,0.007936,unknown,,,,False,True,0.0,-0.4184986058963361,79.37170764497907,0.0,0.0,0.0,0.5,0.0,50.0,0.0,0.0,-1,0.0,G4_5_MTF,prior(bearish)=0.50<0.6 OR rev(bullish)=0.00<0.5,-1,0.0,0.0,
XRP/USDT,106,2026-03-14 08:00:00,long,0.59178,80.49,60.14,1.3934,0.00745,unknown,,,,False,True,0.0,-0.5763135165303327,77.33789598542963,0.0,0.0,0.0,0.75,0.5,45.06022576281535,-0.04747389218154661,0.42633034886682813,2,0.0,G6_COOLDOWN,bars_since_exit=2 < cooldown=3,-1,0.0,0.0,
XRP/USDT,107,2026-03-14 09:00:00,long,0.59573,80.15,60.14,1.39,0.007579,unknown,,,,False,True,0.0,-0.6135999909416812,75.4272744821222,0.0,0.0,0.0,0.75,0.5,36.09754864961727,0.006531160190281216,0.05400505237182782,3,0.005452,TRADE,edge=80.2 meta_conf=0.5957,124,1.410462,0.0205,WIN
XRP/USDT,125,2026-03-15 03:00:00,long,0.64935,66.35,60.14,1.4121,0.006421,unknown,,,,False,False,0.0,0.0,50.0,0.0,0.0,0.0,0.0,0.0,50.0,0.0,0.0,-1,0.0,G3_MIN_QUALITY,edge=66.3 < MIN_QUALITY_SCORE=70.0,-1,0.0,0.0,
XRP/USDT,126,2026-03-15 04:00:00,long,0.65449,67.86,60.14,1.417,0.006464,unknown,,,,False,False,0.0,0.0,50.0,0.0,0.0,0.0,0.0,0.0,50.0,0.0,0.0,-1,0.0,G3_MIN_QUALITY,edge=67.9 < MIN_QUALITY_SCORE=70.0,-1,0.0,0.0,
XRP/USDT,127,2026-03-15 05:00:00,long,0.64165,66.39,60.14,1.4141,0.006707,unknown,,,,False,False,0.0,0.0,50.0,0.0,0.0,0.0,0.0,0.0,50.0,0.0,0.0,-1,0.0,G3_MIN_QUALITY,edge=66.4 < MIN_QUALITY_SCORE=70.0,-1,0.0,0.0,
XRP/USDT,128,2026-03-15 06:00:00,long,0.61329,76.48,60.14,1.4103,0.007021,unknown,,,,True,False,0.0,0.46112439694004304,34.528451523652514,0.0,0.0,0.0,0.75,0.5,67.61708866315195,3.3569770934726337,-0.3691000097864472,-1,0.0,G5_RSI_ACCEL,rsi_accel=-0.3691<-0.08 (RSI free-fall),-1,0.0,0.0,
XRP/USDT,129,2026-03-15 07:00:00,long,0.61337,82.33,60.14,1.4076,0.007079,unknown,,,,True,True,0.0,0.3887493236340802,35.01956050814049,0.0,0.0,0.0,0.5,0.0,50.0,0.0,0.0,-1,0.0,G4_5_MTF,prior(bearish)=0.50<0.6 OR rev(bullish)=0.00<0.5,-1,0.0,0.0,
XRP/USDT,130,2026-03-15 08:00:00,long,0.60449,66.86,60.14,1.4132,0.007179,unknown,,,,False,False,0.0,0.0,50.0,0.0,0.0,0.0,0.0,0.0,50.0,0.0,0.0,-1,0.0,G3_MIN_QUALITY,edge=66.9 < MIN_QUALITY_SCORE=70.0,-1,0.0,0.0,
XRP/USDT,131,2026-03-15 09:00:00,long,0.63512,67.86,60.14,1.4148,0.00745,unknown,,,,False,False,0.0,0.0,50.0,0.0,0.0,0.0,0.0,0.0,50.0,0.0,0.0,-1,0.0,G3_MIN_QUALITY,edge=67.9 < MIN_QUALITY_SCORE=70.0,-1,0.0,0.0,
XRP/USDT,132,2026-03-15 10:00:00,long,0.63008,63.91,60.14,1.4164,0.007343,unknown,,,,False,False,0.0,0.0,50.0,0.0,0.0,0.0,0.0,0.0,50.0,0.0,0.0,-1,0.0,G3_MIN_QUALITY,edge=63.9 < MIN_QUALITY_SCORE=70.0,-1,0.0,0.0,
XRP/USDT,133,2026-03-15 11:00:00,long,0.64504,67.08,60.14,1.4195,0.0073,unknown,,,,False,False,0.0,0.0,50.0,0.0,0.0,0.0,0.0,0.0,50.0,0.0,0.0,-1,0.0,G3_MIN_QUALITY,edge=67.1 < MIN_QUALITY_SCORE=70.0,-1,0.0,0.0,
XRP/USDT,134,2026-03-15 12:00:00,long,0.662,75.96,60.14,1.4237,0.007786,unknown,,,,True,False,0.0,0.726680536111344,45.24164795286965,1.0,0.0,0.0,0.5,1.0,50.0,0.0,0.0,-1,0.0,G4_5_MTF,prior(bearish)=0.50<0.6 OR rev(bullish)=1.00<0.5,-1,0.0,0.0,
XRP/USDT,135,2026-03-15 13:00:00,long,0.63613,97.1,60.14,1.4233,0.007971,unknown,,,,True,False,0.0,0.5771001835106497,46.877881168847296,0.0,0.0,0.0,0.25,1.0,50.0,0.0,0.0,-1,0.0,G4_5_MTF,prior(bearish)=0.25<0.6 OR rev(bullish)=1.00<0.5,-1,0.0,0.0,
XRP/USDT,136,2026-03-15 14:00:00,long,0.64037,76.68,60.14,1.4172,0.008329,unknown,,,,True,False,0.0,0.4232567548413278,47.976688335252824,0.0,0.0,0.0,0.0,0.5,50.0,0.0,0.0,-1,0.0,G4_5_MTF,prior(bearish)=0.00<0.6 OR rev(bullish)=0.50<0.5,-1,0.0,0.0,
XRP/USDT,137,2026-03-15 15:00:00,long,0.63887,72.83,60.14,1.4156,0.00845,unknown,,,,True,False,0.0,0.39117849859446774,53.195264905316016,0.0,0.0,0.0,0.0,0.0,50.0,0.0,0.0,-1,0.0,G4_5_MTF,prior(bearish)=0.00<0.6 OR rev(bullish)=0.00<0.5,-1,0.0,0.0,
XRP/USDT,138,2026-03-15 16:00:00,long,0.62507,73.99,60.14,1.4126,0.008029,unknown,,,,True,False,0.0,0.18788893259623846,54.60944150474446,0.0,0.0,0.0,0.25,0.0,50.0,0.0,0.0,-1,0.0,G4_5_MTF,prior(bearish)=0.25<0.6 OR rev(bullish)=0.00<0.5,-1,0.0,0.0,
XRP/USDT,139,2026-03-15 17:00:00,long,0.62573,77.07,60.14,1.4192,0.008286,unknown,,,,True,False,0.0,0.44215774607883057,55.28571471440661,0.0,0.0,0.0,0.5,0.0,50.0,0.0,0.0,-1,0.0,G4_5_MTF,prior(bearish)=0.50<0.6 OR rev(bullish)=0.00<0.5,-1,0.0,0.0,
XRP/USDT,140,2026-03-15 18:00:00,long,0.6227,69.2,60.14,1.4109,0.008686,unknown,,,,False,False,0.0,0.0,50.0,0.0,0.0,0.0,0.0,0.0,50.0,0.0,0.0,-1,0.0,G3_MIN_QUALITY,edge=69.2 < MIN_QUALITY_SCORE=70.0,-1,0.0,0.0,
XRP/USDT,141,2026-03-15 19:00:00,long,0.62278,67.88,60.14,1.4128,0.008557,unknown,,,,False,False,0.0,0.0,50.0,0.0,0.0,0.0,0.0,0.0,50.0,0.0,0.0,-1,0.0,G3_MIN_QUALITY,edge=67.9 < MIN_QUALITY_SCORE=70.0,-1,0.0,0.0,
XRP/USDT,142,2026-03-15 20:00:00,long,0.62261,73.55,60.14,1.4177,0.008721,unknown,,,,True,False,0.0,0.4678574810751723,58.56386865554962,0.0,0.0,0.0,0.75,0.5,57.17052712427546,-2.0480111200964295,-0.02815032243619031,18,0.006152,TRADE,edge=73.6 meta_conf=0.6226,144,1.441248,0.0235,WIN
XRP/USDT,145,2026-03-15 23:00:00,long,0.66926,87.25,60.14,1.4487,0.012936,unknown,,,,True,False,0.0,0.615090231838357,30.26410932423259,0.0,0.0,0.0,0.25,1.0,50.0,0.0,0.0,-1,0.0,G4_5_MTF,prior(bearish)=0.25<0.6 OR rev(bullish)=1.00<0.5,-1,0.0,0.0,
XRP/USDT,146,2026-03-16 00:00:00,long,0.6948,82.16,60.14,1.4467,0.013657,unknown,,,,True,False,0.0,0.5876164162094153,32.14909394830772,0.0,0.0,0.0,0.25,0.5,50.0,0.0,0.0,-1,0.0,G4_5_MTF,prior(bearish)=0.25<0.6 OR rev(bullish)=0.50<0.5,-1,0.0,0.0,
XRP/USDT,147,2026-03-16 01:00:00,long,0.69734,82.01,60.14,1.447,0.014036,unknown,,,,True,False,0.0,0.6749066659704659,34.06160451736668,0.0,0.0,0.0,0.0,0.0,50.0,0.0,0.0,-1,0.0,G4_5_MTF,prior(bearish)=0.00<0.6 OR rev(bullish)=0.00<0.5,-1,0.0,0.0,
XRP/USDT,148,2026-03-16 02:00:00,long,0.69633,91.05,60.14,1.4427,0.014279,unknown,,,,False,False,0.0,0.538286747002385,35.81806228688808,0.0,0.0,0.0,0.25,0.5,50.0,0.0,0.0,-1,0.0,G4_5_MTF,prior(bearish)=0.25<0.6 OR rev(bullish)=0.50<0.5,-1,0.0,0.0,
XRP/USDT,149,2026-03-16 03:00:00,long,0.70659,93.04,60.14,1.4674,0.016107,unknown,,,,True,False,0.0,0.7454055584271847,28.820334779035527,1.0,0.0,0.0,0.5,0.5,50.0,0.0,0.0,-1,0.0,G4_5_MTF,prior(bearish)=0.50<0.6 OR rev(bullish)=0.50<0.5,-1,0.0,0.0,
XRP/USDT,150,2026-03-16 04:00:00,long,0.71203,79.99,60.14,1.4801,0.016557,unknown,,,,True,False,0.0,0.7479414371004506,27.79174409357776,1.0,0.0,0.0,0.5,0.5,50.0,0.0,0.0,-1,0.0,G4_5_MTF,prior(bearish)=0.50<0.6 OR rev(bullish)=0.50<0.5,-1,0.0,0.0,
XRP/USDT,151,2026-03-16 05:00:00,long,0.71999,75.26,60.14,1.4811,0.016786,unknown,,,,True,False,0.0,0.7125395559261684,29.71960171908832,0.0,0.0,0.0,0.75,1.0,78.85461582410038,2.2266507065258003,0.40639242120620955,7,0.011333,TRADE,edge=75.3 meta_conf=0.7200,164,1.526421,0.0453,WIN
XRP/USDT,165,2026-03-16 19:00:00,long,0.68828,81.79,60.14,1.5298,0.017686,unknown,,,,True,False,0.0,0.5937359376159642,41.438312335758205,0.0,0.0,0.0,0.25,1.0,50.0,0.0,0.0,-1,0.0,G4_5_MTF,prior(bearish)=0.25<0.6 OR rev(bullish)=1.00<0.5,-1,0.0,0.0,
XRP/USDT,166,2026-03-16 20:00:00,long,0.68842,76.2,60.14,1.5285,0.017657,unknown,,,,True,False,0.0,0.5913845964804004,41.58592576033652,0.0,0.0,0.0,0.25,0.5,50.0,0.0,0.0,-1,0.0,G4_5_MTF,prior(bearish)=0.25<0.6 OR rev(bullish)=0.50<0.5,-1,0.0,0.0,
XRP/USDT,167,2026-03-16 21:00:00,long,0.69308,77.56,60.14,1.528,0.017786,unknown,,,,True,False,0.0,0.5253305142159213,41.74651063015876,0.0,0.0,0.0,0.25,0.0,50.0,0.0,0.0,-1,0.0,G4_5_MTF,prior(bearish)=0.25<0.6 OR rev(bullish)=0.00<0.5,-1,0.0,0.0,
XRP/USDT,168,2026-03-16 22:00:00,long,0.7267,73.41,60.14,1.5514,0.017757,unknown,,,,True,False,0.0,0.7597777565936507,38.91911951045921,1.0,0.0,0.0,0.25,0.0,50.0,0.0,0.0,-1,0.0,G4_5_MTF,prior(bearish)=0.25<0.6 OR rev(bullish)=0.00<0.5,-1,0.0,0.0,
XRP/USDT,169,2026-03-16 23:00:00,long,0.69715,67.35,60.14,1.543,0.018114,unknown,,,,False,False,0.0,0.0,50.0,0.0,0.0,0.0,0.0,0.0,50.0,0.0,0.0,-1,0.0,G3_MIN_QUALITY,edge=67.4 < MIN_QUALITY_SCORE=70.0,-1,0.0,0.0,
XRP/USDT,170,2026-03-17 00:00:00,long,0.60328,73.91,60.14,1.5454,0.018907,unknown,,,,True,False,0.0,0.6450136032832341,38.15778570318989,0.0,0.0,0.0,0.75,0.5,74.3271149718453,0.5550625891796689,0.23040026811675868,6,0.012234,TRADE,edge=73.9 meta_conf=0.6033,172,1.596449,0.051,WIN
XRP/USDT,173,2026-03-17 03:00:00,long,0.61358,100.0,60.14,1.5443,0.026271,unknown,,,,False,False,0.0,0.3990267082542835,25.25588911784518,0.0,0.0,0.0,0.5,1.0,50.0,0.0,0.0,-1,0.0,G4_5_MTF,prior(bearish)=0.50<0.6 OR rev(bullish)=1.00<0.5,-1,0.0,0.0,
XRP/USDT,174,2026-03-17 04:00:00,long,0.59557,90.91,60.14,1.5301,0.025607,unknown,,,,False,False,0.0,0.29560639394580135,32.64892887570565,0.0,0.0,0.0,0.25,0.5,50.0,0.0,0.0,-1,0.0,G4_5_MTF,prior(bearish)=0.25<0.6 OR rev(bullish)=0.50<0.5,-1,0.0,0.0,
XRP/USDT,175,2026-03-17 05:00:00,long,0.60319,82.68,60.14,1.5153,0.0254,unknown,,,,False,False,0.0,0.05080934859119831,33.704117143553475,0.0,0.0,0.0,0.25,0.0,50.0,0.0,0.0,-1,0.0,G4_5_MTF,prior(bearish)=0.25<0.6 OR rev(bullish)=0.00<0.5,-1,0.0,0.0,
XRP/USDT,176,2026-03-17 06:00:00,long,0.60007,81.79,60.14,1.5168,0.025364,unknown,,,,False,False,0.0,0.018348123499368957,38.94715728710637,0.0,0.0,0.0,0.25,0.0,50.0,0.0,0.0,-1,0.0,G4_5_MTF,prior(bearish)=0.25<0.6 OR rev(bullish)=0.00<0.5,-1,0.0,0.0,
XRP/USDT,177,2026-03-17 07:00:00,long,0.5965,82.34,60.14,1.53,0.026357,unknown,,,,False,False,0.0,0.16540963349794108,40.25773039604042,0.0,0.0,0.0,0.5,0.5,50.0,0.0,0.0,-1,0.0,G4_5_MTF,prior(bearish)=0.50<0.6 OR rev(bullish)=0.50<0.5,-1,0.0,0.0,
XRP/USDT,178,2026-03-17 08:00:00,long,0.5944,77.91,60.14,1.5206,0.025307,unknown,,,,False,False,0.0,-0.17272251991609372,41.312006259996274,0.0,0.0,0.0,0.75,1.0,46.122023548560826,-1.9392953777555864,-0.5054190539190513,-1,0.0,G5_RSI_ACCEL,rsi_accel=-0.5054<-0.08 (RSI free-fall),-1,0.0,0.0,
XRP/USDT,179,2026-03-17 09:00:00,long,0.59172,78.32,60.14,1.5125,0.024843,unknown,,,,False,False,0.0,-0.23991310180088016,42.18771355629138,0.0,0.0,0.0,0.75,0.5,45.57996608012503,-2.4560774219047503,-0.516782044149164,-1,0.0,G5_RSI_ACCEL,rsi_accel=-0.5168<-0.08 (RSI free-fall),-1,0.0,0.0,
XRP/USDT,180,2026-03-17 10:00:00,long,0.59267,76.25,60.14,1.5089,0.025014,unknown,,,,False,False,0.0,-0.3766989473053674,42.44638172142057,0.0,0.0,0.0,0.5,0.0,50.0,0.0,0.0,-1,0.0,G4_5_MTF,prior(bearish)=0.50<0.6 OR rev(bullish)=0.00<0.5,-1,0.0,0.0,
XRP/USDT,181,2026-03-17 11:00:00,long,0.59155,78.26,60.14,1.5097,0.024793,unknown,,,,False,False,0.0,-0.16984393823647,43.26553998964903,0.0,0.0,0.0,0.5,0.0,50.0,0.0,0.0,-1,0.0,G4_5_MTF,prior(bearish)=0.50<0.6 OR rev(bullish)=0.00<0.5,-1,0.0,0.0,
XRP/USDT,182,2026-03-17 12:00:00,long,0.5964,76.8,60.14,1.5049,0.023964,unknown,,,,False,False,0.0,-0.48347743585904907,43.90429078793584,0.0,0.0,0.0,0.5,0.5,50.0,0.0,0.0,-1,0.0,G4_5_MTF,prior(bearish)=0.50<0.6 OR rev(bullish)=0.50<0.5,-1,0.0,0.0,
XRP/USDT,183,2026-03-17 13:00:00,long,0.59645,85.68,60.14,1.5039,0.024471,unknown,,,,False,False,0.0,-0.46698201506911735,42.338845442295565,0.0,0.0,0.0,0.75,0.5,38.65350817673182,-3.2495072996216297,-0.011551396202840625,11,0.016272,TRADE,edge=85.7 meta_conf=0.5965,206,1.470864,-0.033,LOSS
XRP/USDT,207,2026-03-18 13:00:00,long,0.59312,91.14,60.14,1.4664,0.014979,unknown,,,,False,True,0.0,-0.5713729269490115,31.402426661556735,0.0,0.0,0.0,0.5,0.0,50.0,0.0,0.0,-1,0.0,G4_5_MTF,prior(bearish)=0.50<0.6 OR rev(bullish)=0.00<0.5,-1,0.0,0.0,
XRP/USDT,208,2026-03-18 14:00:00,long,0.59926,91.89,60.14,1.446,0.015821,unknown,,,,False,True,0.0,-0.7436922956355583,26.37167844484734,-1.0,0.0,0.0,0.5,0.5,50.0,0.0,0.0,-1,0.0,G4_5_MTF,prior(bearish)=0.50<0.6 OR rev(bullish)=0.50<0.5,-1,0.0,0.0,
XRP/USDT,209,2026-03-18 15:00:00,long,0.61535,92.26,60.14,1.4408,0.016157,unknown,,,,False,True,0.0,-0.7395737774375372,24.456206110694993,-1.0,0.0,0.0,0.75,0.5,22.637360315581986,-3.8795008042145893,-0.3028150675344823,-1,0.0,G5_RSI_ACCEL,rsi_accel=-0.3028<-0.08 (RSI free-fall),-1,0.0,0.0,
XRP/USDT,210,2026-03-18 16:00:00,long,0.6274,88.72,60.14,1.4424,0.015793,unknown,,,,False,True,0.0,-0.6138603201296725,23.51342616957126,0.0,0.0,0.0,0.75,0.0,50.0,0.0,0.0,-1,0.0,G4_5_MTF,prior(bearish)=0.75<0.6 OR rev(bullish)=0.00<0.5,-1,0.0,0.0,
XRP/USDT,211,2026-03-18 17:00:00,long,0.6013,89.26,60.14,1.4566,0.016157,unknown,,,,False,True,0.0,-0.47929755614020986,23.690946751516428,0.0,0.0,0.0,0.75,0.5,18.076025965365503,-3.3063123958100307,0.5167349639622945,5,0.011092,TRADE,edge=89.3 meta_conf=0.6013,231,1.434788,-0.0218,LOSS
XRP/USDT,232,2026-03-19 14:00:00,long,0.65148,68.13,60.14,1.4443,0.014529,unknown,,,,False,False,0.0,0.0,50.0,0.0,0.0,0.0,0.0,0.0,50.0,0.0,0.0,-1,0.0,G3_MIN_QUALITY,edge=68.1 < MIN_QUALITY_SCORE=70.0,-1,0.0,0.0,
XRP/USDT,233,2026-03-19 15:00:00,long,0.67278,74.84,60.14,1.4319,0.015586,unknown,,,,False,True,0.0,-0.6871340914456063,44.59262775214102,-1.0,0.0,0.0,0.0,0.0,50.0,0.0,0.0,-1,0.0,G3_5_ADX,adx=23.8 < 25 (weak trend),-1,0.0,0.0,
XRP/USDT,234,2026-03-19 16:00:00,long,0.69882,91.49,60.14,1.4271,0.01605,unknown,,,,False,True,0.0,-0.7124603358932475,43.37295948324663,0.0,0.0,0.0,0.75,0.0,50.0,0.0,0.0,-1,0.0,G4_5_MTF,prior(bearish)=0.75<0.6 OR rev(bullish)=0.00<0.5,-1,0.0,0.0,
XRP/USDT,235,2026-03-19 17:00:00,long,0.69471,87.72,60.14,1.4388,0.015764,unknown,,,,False,True,0.0,-0.5169928108195946,43.66435573812543,0.0,0.0,0.0,0.75,0.0,50.0,0.0,0.0,-1,0.0,G4_5_MTF,prior(bearish)=0.75<0.6 OR rev(bullish)=0.00<0.5,-1,0.0,0.0,
XRP/USDT,236,2026-03-19 18:00:00,long,0.69467,85.13,60.14,1.4371,0.015579,unknown,,,,False,True,0.0,-0.595525899476308,44.168562017382285,0.0,0.0,0.0,0.75,0.5,37.19511741522967,-2.353127436928061,0.05852654535251611,5,0.01084,TRADE,edge=85.1 meta_conf=0.6947,284,1.4374,0.0003,TIMEOUT
XRP/USDT,285,2026-03-21 19:00:00,long,0.64476,48.24,60.14,1.4373,0.00585,unknown,,,,False,False,0.0,0.0,50.0,0.0,0.0,0.0,0.0,0.0,50.0,0.0,0.0,-1,0.0,G2_EDGE,edge=48.2 < thr=60.1,-1,0.0,0.0,
XRP/USDT,286,2026-03-21 20:00:00,long,0.6569,51.72,60.14,1.4414,0.005879,unknown,,,,False,False,0.0,0.0,50.0,0.0,0.0,0.0,0.0,0.0,50.0,0.0,0.0,-1,0.0,G2_EDGE,edge=51.7 < thr=60.1,-1,0.0,0.0,
XRP/USDT,287,2026-03-21 21:00:00,long,0.65882,53.15,60.14,1.4402,0.0057,unknown,,,,False,False,0.0,0.0,50.0,0.0,0.0,0.0,0.0,0.0,50.0,0.0,0.0,-1,0.0,G2_EDGE,edge=53.1 < thr=60.1,-1,0.0,0.0,
XRP/USDT,288,2026-03-21 22:00:00,long,0.66317,54.19,60.14,1.4393,0.005593,unknown,,,,False,False,0.0,0.0,50.0,0.0,0.0,0.0,0.0,0.0,50.0,0.0,0.0,-1,0.0,G2_EDGE,edge=54.2 < thr=60.1,-1,0.0,0.0,
XRP/USDT,289,2026-03-21 23:00:00,long,0.74225,87.01,60.14,1.4086,0.00795,unknown,,,,False,True,0.0,-0.7512701957470249,22.7434446111827,-1.0,0.0,0.0,0.5,0.0,50.0,0.0,0.0,-1,0.0,G4_5_MTF,prior(bearish)=0.50<0.6 OR rev(bullish)=0.00<0.5,-1,0.0,0.0,
XRP/USDT,290,2026-03-22 00:00:00,long,0.76314,89.43,60.14,1.4111,0.00945,unknown,,,,False,True,0.0,-0.6142053276055309,19.04709829740793,0.0,0.0,0.0,0.75,0.0,50.0,0.0,0.0,-1,0.0,G4_5_MTF,prior(bearish)=0.75<0.6 OR rev(bullish)=0.00<0.5,-1,0.0,0.0,
XRP/USDT,291,2026-03-22 01:00:00,long,0.76974,69.75,60.14,1.4101,0.00995,unknown,,,,False,False,0.0,0.0,50.0,0.0,0.0,0.0,0.0,0.0,50.0,0.0,0.0,-1,0.0,G3_MIN_QUALITY,edge=69.8 < MIN_QUALITY_SCORE=70.0,-1,0.0,0.0,
XRP/USDT,292,2026-03-22 02:00:00,long,0.7499,78.41,60.14,1.4166,0.010407,unknown,,,,False,False,0.0,-0.5921274221285566,23.210811348418428,0.0,0.0,0.0,0.75,0.5,27.61904148148274,-1.246684320048703,0.04397659372342955,8,0.007347,TRADE,edge=78.4 meta_conf=0.7499,298,1.40255,-0.014,LOSS
XRP/USDT,299,2026-03-22 09:00:00,long,0.76429,87.3,60.14,1.3958,0.011493,unknown,,,,False,True,0.0,-0.7084065495964998,36.616933807551,0.0,0.0,0.0,0.5,0.0,50.0,0.0,0.0,-1,0.0,G4_5_MTF,prior(bearish)=0.50<0.6 OR rev(bullish)=0.00<0.5,-1,0.0,0.0,
XRP/USDT,300,2026-03-22 10:00:00,long,0.71534,88.06,60.14,1.3884,0.011779,unknown,,,,False,True,0.0,-0.7414593099603772,34.309468493074675,-1.0,0.0,0.0,0.75,0.0,50.0,0.0,0.0,-1,0.0,G4_5_MTF,prior(bearish)=0.75<0.6 OR rev(bullish)=0.00<0.5,-1,0.0,0.0,
XRP/USDT,301,2026-03-22 11:00:00,long,0.72632,88.74,60.14,1.3909,0.012257,unknown,,,,False,True,0.0,-0.6056566266354797,35.408827911058815,0.0,0.0,0.0,1.0,0.0,50.0,0.0,0.0,-1,0.0,G4_5_MTF,prior(bearish)=1.00<0.6 OR rev(bullish)=0.00<0.5,-1,0.0,0.0,
XRP/USDT,302,2026-03-22 12:00:00,long,0.70526,87.96,60.14,1.3995,0.012793,unknown,,,,False,True,0.0,-0.49796747412813364,38.71814622921336,0.0,0.0,0.0,1.0,0.5,25.672367244338048,-0.590195930173527,0.696448343739558,4,0.009141,TRADE,edge=88.0 meta_conf=0.7053,308,1.38223,-0.0173,LOSS
XRP/USDT,309,2026-03-22 19:00:00,long,0.694,85.54,60.14,1.3847,0.008514,unknown,,,,False,True,0.0,-0.6862606506944983,57.20477751156903,0.0,0.0,0.0,0.75,0.0,50.0,0.0,0.0,-1,0.0,G4_5_MTF,prior(bearish)=0.75<0.6 OR rev(bullish)=0.00<0.5,-1,0.0,0.0,
XRP/USDT,310,2026-03-22 20:00:00,long,0.74134,82.15,60.14,1.3867,0.008707,unknown,,,,False,True,0.0,-0.5916367259931326,56.85508808489167,0.0,0.0,0.0,0.75,0.0,50.0,0.0,0.0,-1,0.0,G4_5_MTF,prior(bearish)=0.75<0.6 OR rev(bullish)=0.00<0.5,-1,0.0,0.0,
XRP/USDT,311,2026-03-22 21:00:00,long,0.68958,100.0,60.14,1.3793,0.009193,unknown,,,,False,True,0.0,-0.7269625057173547,51.98888978913088,-1.0,0.0,0.0,0.75,0.5,27.72642535730205,0.6126297292571797,-0.07041667764149084,3,0.006665,TRADE,edge=100.0 meta_conf=0.6896,321,1.36689,-0.0124,LOSS
XRP/USDT,322,2026-03-23 08:00:00,long,0.69838,89.39,60.14,1.3686,0.013393,unknown,,,,False,True,0.0,-0.561265141383217,54.94801070555254,0.0,0.0,0.0,0.25,0.5,50.0,0.0,0.0,-1,0.0,G4_5_MTF,prior(bearish)=0.25<0.6 OR rev(bullish)=0.50<0.5,-1,0.0,0.0,
XRP/USDT,323,2026-03-23 09:00:00,long,0.73951,91.74,60.14,1.3694,0.013579,unknown,,,,False,True,0.0,-0.46111111322724474,55.35067559317589,0.0,0.0,0.0,0.5,0.5,50.0,0.0,0.0,-1,0.0,G4_5_MTF,prior(bearish)=0.50<0.6 OR rev(bullish)=0.50<0.5,-1,0.0,0.0,
XRP/USDT,324,2026-03-23 10:00:00,long,0.73843,93.37,60.14,1.3723,0.014043,unknown,,,,False,True,0.0,-0.4423762891677652,56.62166966503582,0.0,0.0,0.0,0.25,0.5,50.0,0.0,0.0,-1,0.0,G4_5_MTF,prior(bearish)=0.25<0.6 OR rev(bullish)=0.50<0.5,-1,0.0,0.0,
XRP/USDT,325,2026-03-23 11:00:00,long,0.68892,100.0,60.14,1.4115,0.018043,unknown,,,,True,False,0.0,0.4417054077172041,27.256656429836905,1.0,0.0,0.0,0.5,1.0,50.0,0.0,0.0,-1,0.0,G4_5_MTF,prior(bearish)=0.50<0.6 OR rev(bullish)=1.00<0.5,-1,0.0,0.0,
XRP/USDT,326,2026-03-23 12:00:00,long,0.70839,83.83,60.14,1.4251,0.01835,unknown,,,,True,False,0.0,0.5562860828506878,29.080868719971896,0.0,0.0,0.0,0.5,1.0,50.0,0.0,0.0,-1,0.0,G4_5_MTF,prior(bearish)=0.50<0.6 OR rev(bullish)=1.00<0.5,-1,0.0,0.0,
XRP/USDT,327,2026-03-23 13:00:00,long,0.6631,73.94,60.14,1.4422,0.019307,unknown,,,,True,False,0.0,0.6841935820282831,30.999914487626405,0.0,0.0,0.0,0.25,1.0,50.0,0.0,0.0,-1,0.0,G4_5_MTF,prior(bearish)=0.25<0.6 OR rev(bullish)=1.00<0.5,-1,0.0,0.0,
XRP/USDT,328,2026-03-23 14:00:00,long,0.66798,74.93,60.14,1.4554,0.019179,unknown,,,,True,False,0.0,0.7158794348273102,27.715741553637386,1.0,0.0,0.0,0.25,1.0,50.0,0.0,0.0,-1,0.0,G4_5_MTF,prior(bearish)=0.25<0.6 OR rev(bullish)=1.00<0.5,-1,0.0,0.0,
XRP/USDT,329,2026-03-23 15:00:00,long,0.6549,95.4,60.14,1.4314,0.020679,unknown,,,,False,False,0.0,0.5383296893501224,25.94964887650347,0.0,0.0,0.0,0.0,1.0,50.0,0.0,0.0,-1,0.0,G4_5_MTF,prior(bearish)=0.00<0.6 OR rev(bullish)=1.00<0.5,-1,0.0,0.0,
XRP/USDT,330,2026-03-23 16:00:00,long,0.6691,92.98,60.14,1.4342,0.020957,unknown,,,,False,False,0.0,0.6773622937594109,27.76339128148707,0.0,0.0,0.0,0.0,0.5,50.0,0.0,0.0,-1,0.0,G4_5_MTF,prior(bearish)=0.00<0.6 OR rev(bullish)=0.50<0.5,-1,0.0,0.0,
XRP/USDT,331,2026-03-23 17:00:00,long,0.67022,92.53,60.14,1.4441,0.0214,unknown,,,,False,False,0.0,0.7203534762389501,29.538329064636827,0.0,0.0,0.0,0.0,0.5,50.0,0.0,0.0,-1,0.0,G4_5_MTF,prior(bearish)=0.00<0.6 OR rev(bullish)=0.50<0.5,-1,0.0,0.0,
XRP/USDT,332,2026-03-23 18:00:00,long,0.66324,88.66,60.14,1.4418,0.021207,unknown,,,,False,False,0.0,0.5675663276230384,31.15636668927816,0.0,0.0,0.0,0.25,1.0,50.0,0.0,0.0,-1,0.0,G4_5_MTF,prior(bearish)=0.25<0.6 OR rev(bullish)=1.00<0.5,-1,0.0,0.0,
XRP/USDT,333,2026-03-23 19:00:00,long,0.66186,87.87,60.14,1.4346,0.0215,unknown,,,,False,False,0.0,0.5220912048439483,32.748611944441144,0.0,0.0,0.0,0.25,0.5,50.0,0.0,0.0,-1,0.0,G4_5_MTF,prior(bearish)=0.25<0.6 OR rev(bullish)=0.50<0.5,-1,0.0,0.0,
XRP/USDT,334,2026-03-23 20:00:00,long,0.68406,79.05,60.14,1.4381,0.0205,unknown,,,,False,False,0.0,0.6163354023101584,33.93694767663781,0.0,0.0,0.0,0.25,0.0,50.0,0.0,0.0,-1,0.0,G4_5_MTF,prior(bearish)=0.25<0.6 OR rev(bullish)=0.00<0.5,-1,0.0,0.0,
XRP/USDT,335,2026-03-23 21:00:00,long,0.68502,77.68,60.14,1.4359,0.019929,unknown,,,,False,False,0.0,0.4887877895776571,34.910892501358106,0.0,0.0,0.0,0.5,0.5,50.0,0.0,0.0,-1,0.0,G4_5_MTF,prior(bearish)=0.50<0.6 OR rev(bullish)=0.50<0.5,-1,0.0,0.0,
XRP/USDT,336,2026-03-23 22:00:00,long,0.69173,77.89,60.14,1.4296,0.019821,unknown,,,,False,False,0.0,0.42586468107236475,35.8291928170637,0.0,0.0,0.0,0.5,0.5,50.0,0.0,0.0,-1,0.0,G4_5_MTF,prior(bearish)=0.50<0.6 OR rev(bullish)=0.50<0.5,-1,0.0,0.0,
XRP/USDT,337,2026-03-23 23:00:00,long,0.69535,79.07,60.14,1.4323,0.019914,unknown,,,,False,False,0.0,0.5630741821128437,39.228781102272706,0.0,0.0,0.0,0.5,0.0,50.0,0.0,0.0,-1,0.0,G4_5_MTF,prior(bearish)=0.50<0.6 OR rev(bullish)=0.00<0.5,-1,0.0,0.0,
XRP/USDT,338,2026-03-24 00:00:00,long,0.54932,82.33,60.14,1.4198,0.020379,unknown,,,,False,False,0.0,0.20357136772631598,41.59721223833371,0.0,0.0,0.0,0.75,0.5,65.17571301942505,0.0671560394674695,-0.9427574240065606,-1,0.0,G5_RSI_ACCEL,rsi_accel=-0.9428<-0.08 (RSI free-fall),-1,0.0,0.0,
XRP/USDT,339,2026-03-24 01:00:00,long,0.5369,77.65,60.14,1.4136,0.016136,unknown,,,,False,False,0.0,-0.11424577606474577,55.706625754991514,0.0,0.0,0.0,0.75,0.5,50.85019666475503,-0.6091161042477775,-0.676272143715247,-1,0.0,G5_RSI_ACCEL,rsi_accel=-0.6763<-0.08 (RSI free-fall),-1,0.0,0.0,
XRP/USDT,340,2026-03-24 02:00:00,long,0.54239,76.26,60.14,1.4092,0.0149,unknown,,,,False,False,0.0,-0.2464690219992678,59.544035095462405,0.0,0.0,0.0,0.5,0.0,50.0,0.0,0.0,-1,0.0,G4_5_MTF,prior(bearish)=0.50<0.6 OR rev(bullish)=0.00<0.5,-1,0.0,0.0,
XRP/USDT,341,2026-03-24 03:00:00,long,0.53615,75.82,60.14,1.4144,0.013786,unknown,,,,False,False,0.0,-0.17967994259268708,58.64573755158006,0.0,0.0,0.0,0.75,0.0,50.0,0.0,0.0,-1,0.0,G4_5_MTF,prior(bearish)=0.75<0.6 OR rev(bullish)=0.00<0.5,-1,0.0,0.0,
XRP/USDT,342,2026-03-24 04:00:00,long,0.54865,75.17,60.14,1.4085,0.013443,unknown,,,,False,False,0.0,-0.29450950837716294,56.601120763234526,0.0,0.0,0.0,0.75,0.5,25.341741800374407,-2.6732314949733595,-0.6013482507552954,-1,0.0,G5_RSI_ACCEL,rsi_accel=-0.6013<-0.08 (RSI free-fall),-1,0.0,0.0,
XRP/USDT,343,2026-03-24 05:00:00,long,0.52159,75.25,60.14,1.414,0.011643,unknown,,,,False,False,0.0,-0.13328160116473656,69.05555920387647,0.0,0.0,0.0,0.75,0.5,38.642290587570756,-3.0830106053267556,-0.4097791103533961,-1,0.0,G5_RSI_ACCEL,rsi_accel=-0.4098<-0.08 (RSI free-fall),-1,0.0,0.0,
XRP/USDT,344,2026-03-24 06:00:00,long,0.51336,76.04,60.14,1.4158,0.011043,unknown,,,,False,False,0.0,-0.08822204580845053,67.55600388388842,0.0,0.0,0.0,0.75,0.5,37.83068082500612,-3.3985429396062092,-0.3155323342794536,-1,0.0,G5_RSI_ACCEL,rsi_accel=-0.3155<-0.08 (RSI free-fall),-1,0.0,0.0,
XRP/USDT,345,2026-03-24 07:00:00,long,0.53136,80.86,60.14,1.4313,0.010914,unknown,,,,False,False,0.0,0.21563314675041623,65.9945283470929,0.0,0.0,0.0,0.75,1.0,42.118219339223266,-3.3454829192762676,0.053060020329941615,24,0.007625,TRADE,edge=80.9 meta_conf=0.5314,346,1.416566,-0.0147,LOSS
XRP/USDT,347,2026-03-24 09:00:00,long,0.52671,76.15,60.14,1.4234,0.011364,unknown,,,,False,False,0.0,-0.1588839193925012,68.95685445187567,0.0,0.0,0.0,0.25,0.5,50.0,0.0,0.0,-1,0.0,G4_5_MTF,prior(bearish)=0.25<0.6 OR rev(bullish)=0.50<0.5,-1,0.0,0.0,
XRP/USDT,348,2026-03-24 10:00:00,long,0.51093,72.96,60.14,1.4216,0.0112,unknown,,,,False,False,0.0,-0.26335757672313975,67.28412623120194,0.0,0.0,0.0,0.25,0.5,50.0,0.0,0.0,-1,0.0,G4_5_MTF,prior(bearish)=0.25<0.6 OR rev(bullish)=0.50<0.5,-1,0.0,0.0,
XRP/USDT,349,2026-03-24 11:00:00,long,0.51399,79.42,60.14,1.4233,0.011579,unknown,,,,False,False,0.0,-0.11143509141548326,69.24141122526484,0.0,0.0,0.0,0.25,0.5,50.0,0.0,0.0,-1,0.0,G4_5_MTF,prior(bearish)=0.25<0.6 OR rev(bullish)=0.50<0.5,-1,0.0,0.0,
XRP/USDT,350,2026-03-24 12:00:00,short,0.50298,65.89,60.25,1.4164,0.011421,unknown,,,,False,False,0.0,0.0,50.0,0.0,0.0,0.0,0.0,0.0,50.0,0.0,0.0,-1,0.0,G3_MIN_QUALITY,edge=65.9 < MIN_QUALITY_SCORE=70.0,-1,0.0,0.0,
XRP/USDT,351,2026-03-24 13:00:00,long,0.5357,100.0,60.14,1.4027,0.011871,unknown,,,,False,True,0.0,-0.46286109912605206,63.08353768423489,-1.0,0.0,0.0,0.5,0.5,50.0,0.0,0.0,-1,0.0,G4_5_MTF,prior(bearish)=0.50<0.6 OR rev(bullish)=0.50<0.5,-1,0.0,0.0,
XRP/USDT,352,2026-03-24 14:00:00,long,0.5308,100.0,60.14,1.4021,0.0115,unknown,,,,False,True,0.0,-0.5960424682349932,57.3986527519457,0.0,0.0,0.0,0.5,0.0,50.0,0.0,0.0,-1,0.0,G4_5_MTF,prior(bearish)=0.50<0.6 OR rev(bullish)=0.00<0.5,-1,0.0,0.0,
XRP/USDT,353,2026-03-24 15:00:00,long,0.54384,83.22,60.14,1.4009,0.011143,unknown,,,,False,True,0.0,-0.5845615780940044,56.28495950447749,0.0,0.0,0.0,0.5,0.0,50.0,0.0,0.0,-1,0.0,G4_5_MTF,prior(bearish)=0.50<0.6 OR rev(bullish)=0.00<0.5,-1,0.0,0.0,
XRP/USDT,354,2026-03-24 16:00:00,long,0.56593,85.0,60.14,1.391,0.011593,unknown,,,,False,True,0.0,-0.6420120496072088,50.13308348943376,-1.0,0.0,0.0,0.75,0.0,50.0,0.0,0.0,-1,0.0,G4_5_MTF,prior(bearish)=0.75<0.6 OR rev(bullish)=0.00<0.5,-1,0.0,0.0,
XRP/USDT,355,2026-03-24 17:00:00,long,0.56913,85.02,60.14,1.3883,0.011821,unknown,,,,False,True,0.0,-0.712787277579601,44.72546299694483,-1.0,0.0,0.0,0.75,0.0,50.0,0.0,0.0,-1,0.0,G4_5_MTF,prior(bearish)=0.75<0.6 OR rev(bullish)=0.00<0.5,-1,0.0,0.0,
XRP/USDT,356,2026-03-24 18:00:00,long,0.56629,83.35,60.14,1.389,0.011657,unknown,,,,False,True,0.0,-0.6035634020098598,44.30577593408214,0.0,0.0,0.0,1.0,0.0,50.0,0.0,0.0,-1,0.0,G4_5_MTF,prior(bearish)=1.00<0.6 OR rev(bullish)=0.00<0.5,-1,0.0,0.0,
XRP/USDT,357,2026-03-24 19:00:00,long,0.56622,77.33,60.14,1.3882,0.011371,unknown,,,,False,True,0.0,-0.7042421046070401,44.241574559243425,0.0,0.0,0.0,1.0,0.5,33.33332730404942,-0.33916262702411737,-0.22105790237319436,-1,0.0,G5_RSI_ACCEL,rsi_accel=-0.2211<-0.08 (RSI free-fall),-1,0.0,0.0,
XRP/USDT,358,2026-03-24 20:00:00,long,0.53521,76.35,60.14,1.4099,0.012786,unknown,,,,False,False,0.0,-0.3334842159651562,44.65193433001671,0.0,0.0,0.0,0.0,0.0,50.0,0.0,0.0,-1,0.0,G3_5_ADX,adx=22.8 < 25 (weak trend),-1,0.0,0.0,
XRP/USDT,359,2026-03-24 21:00:00,long,0.52045,52.56,60.14,1.4131,0.012171,unknown,,,,False,False,0.0,0.0,50.0,0.0,0.0,0.0,0.0,0.0,50.0,0.0,0.0,-1,0.0,G2_EDGE,edge=52.6 < thr=60.1,-1,0.0,0.0,
XRP/USDT,360,2026-03-24 22:00:00,long,0.51963,53.55,60.14,1.4111,0.011279,unknown,,,,False,False,0.0,0.0,50.0,0.0,0.0,0.0,0.0,0.0,50.0,0.0,0.0,-1,0.0,G2_EDGE,edge=53.6 < thr=60.1,-1,0.0,0.0,
XRP/USDT,361,2026-03-24 23:00:00,long,0.5156,45.98,60.14,1.416,0.011143,unknown,,,,False,False,0.0,0.0,50.0,0.0,0.0,0.0,0.0,0.0,50.0,0.0,0.0,-1,0.0,G2_EDGE,edge=46.0 < thr=60.1,-1,0.0,0.0,
XRP/USDT,362,2026-03-25 00:00:00,long,0.5355,50.22,60.14,1.4204,0.011579,unknown,,,,False,False,0.0,0.0,50.0,0.0,0.0,0.0,0.0,0.0,50.0,0.0,0.0,-1,0.0,G2_EDGE,edge=50.2 < thr=60.1,-1,0.0,0.0,
XRP/USDT,363,2026-03-25 01:00:00,long,0.51718,48.27,60.14,1.4169,0.011279,unknown,,,,False,False,0.0,0.0,50.0,0.0,0.0,0.0,0.0,0.0,50.0,0.0,0.0,-1,0.0,G2_EDGE,edge=48.3 < thr=60.1,-1,0.0,0.0,
XRP/USDT,364,2026-03-25 02:00:00,long,0.51943,56.86,60.14,1.4106,0.0111,unknown,,,,False,False,0.0,0.0,50.0,0.0,0.0,0.0,0.0,0.0,50.0,0.0,0.0,-1,0.0,G2_EDGE,edge=56.9 < thr=60.1,-1,0.0,0.0,
XRP/USDT,365,2026-03-25 03:00:00,long,0.52806,46.08,60.14,1.4132,0.010407,unknown,,,,False,False,0.0,0.0,50.0,0.0,0.0,0.0,0.0,0.0,50.0,0.0,0.0,-1,0.0,G2_EDGE,edge=46.1 < thr=60.1,-1,0.0,0.0,
XRP/USDT,366,2026-03-25 04:00:00,long,0.51623,48.81,60.14,1.4162,0.009879,unknown,,,,False,False,0.0,0.0,50.0,0.0,0.0,0.0,0.0,0.0,50.0,0.0,0.0,-1,0.0,G2_EDGE,edge=48.8 < thr=60.1,-1,0.0,0.0,
XRP/USDT,367,2026-03-25 05:00:00,long,0.54743,52.15,60.14,1.4176,0.009886,unknown,,,,False,False,0.0,0.0,50.0,0.0,0.0,0.0,0.0,0.0,50.0,0.0,0.0,-1,0.0,G2_EDGE,edge=52.1 < thr=60.1,-1,0.0,0.0,
XRP/USDT,368,2026-03-25 06:00:00,long,0.53033,41.86,60.14,1.4179,0.009371,unknown,,,,False,False,0.0,0.0,50.0,0.0,0.0,0.0,0.0,0.0,50.0,0.0,0.0,-1,0.0,G2_EDGE,edge=41.9 < thr=60.1,-1,0.0,0.0,
XRP/USDT,369,2026-03-25 07:00:00,long,0.54348,44.87,60.14,1.42,0.009321,unknown,,,,False,False,0.0,0.0,50.0,0.0,0.0,0.0,0.0,0.0,50.0,0.0,0.0,-1,0.0,G2_EDGE,edge=44.9 < thr=60.1,-1,0.0,0.0,
XRP/USDT,370,2026-03-25 08:00:00,long,0.54176,44.28,60.14,1.4197,0.009314,unknown,,,,False,False,0.0,0.0,50.0,0.0,0.0,0.0,0.0,0.0,50.0,0.0,0.0,-1,0.0,G2_EDGE,edge=44.3 < thr=60.1,-1,0.0,0.0,
XRP/USDT,371,2026-03-25 09:00:00,long,0.54465,63.22,60.14,1.4179,0.009493,unknown,,,,False,False,0.0,0.0,50.0,0.0,0.0,0.0,0.0,0.0,50.0,0.0,0.0,-1,0.0,G3_MIN_QUALITY,edge=63.2 < MIN_QUALITY_SCORE=70.0,-1,0.0,0.0,
XRP/USDT,372,2026-03-25 10:00:00,long,0.55921,70.96,60.14,1.4228,0.008114,unknown,,,,True,False,0.0,0.49923417152684646,72.15034445790296,0.0,0.0,0.0,0.0,0.0,50.0,0.0,0.0,-1,0.0,G4_5_MTF,prior(bearish)=0.00<0.6 OR rev(bullish)=0.00<0.5,-1,0.0,0.0,
XRP/USDT,373,2026-03-25 11:00:00,long,0.54503,94.63,60.14,1.429,0.008536,unknown,,,,True,False,0.0,0.5886789934454068,57.56279807285404,1.0,0.0,0.0,0.25,0.5,50.0,0.0,0.0,-1,0.0,G4_5_MTF,prior(bearish)=0.25<0.6 OR rev(bullish)=0.50<0.5,-1,0.0,0.0,
XRP/USDT,374,2026-03-25 12:00:00,long,0.54547,78.56,60.14,1.4223,0.009393,unknown,,,,True,False,0.0,0.27645082216758476,57.05151708706997,0.0,0.0,0.0,0.5,1.0,50.0,0.0,0.0,-1,0.0,G4_5_MTF,prior(bearish)=0.50<0.6 OR rev(bullish)=1.00<0.5,-1,0.0,0.0,
XRP/USDT,375,2026-03-25 13:00:00,long,0.54141,70.55,60.14,1.4207,0.00955,unknown,,,,True,False,0.0,0.2662678887945747,56.61419889616033,0.0,0.0,0.0,0.5,0.5,50.0,0.0,0.0,-1,0.0,G4_5_MTF,prior(bearish)=0.50<0.6 OR rev(bullish)=0.50<0.5,-1,0.0,0.0,
XRP/USDT,376,2026-03-25 14:00:00,long,0.52657,76.6,60.14,1.4155,0.00915,unknown,,,,False,False,0.0,0.0081749325625378,55.93756791512931,0.0,0.0,0.0,0.5,0.0,50.0,0.0,0.0,-1,0.0,G4_5_MTF,prior(bearish)=0.50<0.6 OR rev(bullish)=0.00<0.5,-1,0.0,0.0,
XRP/USDT,377,2026-03-25 15:00:00,long,0.53191,79.02,60.14,1.4075,0.00975,unknown,,,,False,False,0.0,-0.261657306829326,49.59404580724344,0.0,0.0,0.0,0.5,0.0,50.0,0.0,0.0,-1,0.0,G4_5_MTF,prior(bearish)=0.50<0.6 OR rev(bullish)=0.00<0.5,-1,0.0,0.0,
XRP/USDT,378,2026-03-25 16:00:00,long,0.52095,80.23,60.14,1.4159,0.010429,unknown,,,,False,False,0.0,0.08253863886359013,49.40264948909251,0.0,0.0,0.0,0.5,0.0,50.0,0.0,0.0,-1,0.0,G4_5_MTF,prior(bearish)=0.50<0.6 OR rev(bullish)=0.00<0.5,-1,0.0,0.0,
XRP/USDT,379,2026-03-25 17:00:00,long,0.52285,71.43,60.14,1.4115,0.010393,unknown,,,,False,False,0.0,-0.32127517115775844,49.39856670510311,0.0,0.0,0.0,0.75,0.5,48.43460998002686,-2.012577096726702,-0.5525137556173678,-1,0.0,G5_RSI_ACCEL,rsi_accel=-0.5525<-0.08 (RSI free-fall),-1,0.0,0.0,
XRP/USDT,380,2026-03-25 18:00:00,long,0.52504,69.39,60.14,1.4129,0.010579,unknown,,,,False,False,0.0,0.0,50.0,0.0,0.0,0.0,0.0,0.0,50.0,0.0,0.0,-1,0.0,G3_MIN_QUALITY,edge=69.4 < MIN_QUALITY_SCORE=70.0,-1,0.0,0.0,
XRP/USDT,381,2026-03-25 19:00:00,long,0.51253,67.77,60.14,1.4121,0.010457,unknown,,,,False,False,0.0,0.0,50.0,0.0,0.0,0.0,0.0,0.0,50.0,0.0,0.0,-1,0.0,G3_MIN_QUALITY,edge=67.8 < MIN_QUALITY_SCORE=70.0,-1,0.0,0.0,
XRP/USDT,382,2026-03-25 20:00:00,long,0.51615,68.78,60.14,1.4147,0.010329,unknown,,,,False,False,0.0,0.0,50.0,0.0,0.0,0.0,0.0,0.0,50.0,0.0,0.0,-1,0.0,G3_MIN_QUALITY,edge=68.8 < MIN_QUALITY_SCORE=70.0,-1,0.0,0.0,
XRP/USDT,383,2026-03-25 21:00:00,long,0.52191,58.31,60.14,1.4137,0.010014,unknown,,,,False,False,0.0,0.0,50.0,0.0,0.0,0.0,0.0,0.0,50.0,0.0,0.0,-1,0.0,G2_EDGE,edge=58.3 < thr=60.1,-1,0.0,0.0,
XRP/USDT,384,2026-03-25 22:00:00,long,0.51769,54.51,60.14,1.418,0.010179,unknown,,,,False,False,0.0,0.0,50.0,0.0,0.0,0.0,0.0,0.0,50.0,0.0,0.0,-1,0.0,G2_EDGE,edge=54.5 < thr=60.1,-1,0.0,0.0,
XRP/USDT,385,2026-03-25 23:00:00,long,0.51757,61.06,60.14,1.4145,0.010036,unknown,,,,False,False,0.0,0.0,50.0,0.0,0.0,0.0,0.0,0.0,50.0,0.0,0.0,-1,0.0,G3_MIN_QUALITY,edge=61.1 < MIN_QUALITY_SCORE=70.0,-1,0.0,0.0,
XRP/USDT,386,2026-03-26 00:00:00,long,0.57212,61.97,60.14,1.4135,0.009879,unknown,,,,False,False,0.0,0.0,50.0,0.0,0.0,0.0,0.0,0.0,50.0,0.0,0.0,-1,0.0,G3_MIN_QUALITY,edge=62.0 < MIN_QUALITY_SCORE=70.0,-1,0.0,0.0,
XRP/USDT,387,2026-03-26 01:00:00,long,0.56674,61.58,60.14,1.4109,0.009136,unknown,,,,False,False,0.0,0.0,50.0,0.0,0.0,0.0,0.0,0.0,50.0,0.0,0.0,-1,0.0,G3_MIN_QUALITY,edge=61.6 < MIN_QUALITY_SCORE=70.0,-1,0.0,0.0,
XRP/USDT,388,2026-03-26 02:00:00,long,0.59959,62.63,60.14,1.4036,0.00865,unknown,,,,False,False,0.0,0.0,50.0,0.0,0.0,0.0,0.0,0.0,50.0,0.0,0.0,-1,0.0,G3_MIN_QUALITY,edge=62.6 < MIN_QUALITY_SCORE=70.0,-1,0.0,0.0,
XRP/USDT,389,2026-03-26 03:00:00,long,0.60044,63.06,60.14,1.4017,0.008371,unknown,,,,False,False,0.0,0.0,50.0,0.0,0.0,0.0,0.0,0.0,50.0,0.0,0.0,-1,0.0,G3_MIN_QUALITY,edge=63.1 < MIN_QUALITY_SCORE=70.0,-1,0.0,0.0,
XRP/USDT,390,2026-03-26 04:00:00,long,0.60183,62.88,60.14,1.4027,0.008421,unknown,,,,False,False,0.0,0.0,50.0,0.0,0.0,0.0,0.0,0.0,50.0,0.0,0.0,-1,0.0,G3_MIN_QUALITY,edge=62.9 < MIN_QUALITY_SCORE=70.0,-1,0.0,0.0,
XRP/USDT,391,2026-03-26 05:00:00,long,0.6207,66.91,60.14,1.3889,0.008407,unknown,,,,False,False,0.0,0.0,50.0,0.0,0.0,0.0,0.0,0.0,50.0,0.0,0.0,-1,0.0,G3_MIN_QUALITY,edge=66.9 < MIN_QUALITY_SCORE=70.0,-1,0.0,0.0,
XRP/USDT,392,2026-03-26 06:00:00,long,0.59837,65.15,60.14,1.3856,0.007786,unknown,,,,False,False,0.0,0.0,50.0,0.0,0.0,0.0,0.0,0.0,50.0,0.0,0.0,-1,0.0,G3_MIN_QUALITY,edge=65.2 < MIN_QUALITY_SCORE=70.0,-1,0.0,0.0,
XRP/USDT,393,2026-03-26 07:00:00,long,0.59795,70.55,60.14,1.3856,0.007821,unknown,,,,False,True,0.0,-0.6641327403264751,42.20559658062203,0.0,0.0,0.0,0.0,0.0,50.0,0.0,0.0,-1,0.0,G3_5_ADX,adx=24.9 < 25 (weak trend),-1,0.0,0.0,
XRP/USDT,394,2026-03-26 08:00:00,long,0.58695,83.6,60.14,1.3821,0.00765,unknown,,,,False,True,0.0,-0.7148128914152664,41.34264824109467,0.0,0.0,0.0,0.75,0.0,50.0,0.0,0.0,-1,0.0,G4_5_MTF,prior(bearish)=0.75<0.6 OR rev(bullish)=0.00<0.5,-1,0.0,0.0,
XRP/USDT,395,2026-03-26 09:00:00,long,0.61118,100.0,60.14,1.3731,0.008293,unknown,,,,False,True,0.0,-0.7467010338155425,31.655402233088516,-1.0,0.0,0.0,0.75,0.0,50.0,0.0,0.0,-1,0.0,G4_5_MTF,prior(bearish)=0.75<0.6 OR rev(bullish)=0.00<0.5,-1,0.0,0.0,
XRP/USDT,396,2026-03-26 10:00:00,long,0.61832,85.19,60.14,1.3737,0.008457,unknown,,,,False,True,0.0,-0.6214055799225793,31.08367889886709,0.0,0.0,0.0,0.5,0.0,50.0,0.0,0.0,-1,0.0,G4_5_MTF,prior(bearish)=0.50<0.6 OR rev(bullish)=0.00<0.5,-1,0.0,0.0,
XRP/USDT,397,2026-03-26 11:00:00,long,0.62486,82.82,60.14,1.3715,0.008621,unknown,,,,False,True,0.0,-0.7059356288962507,30.652489229102244,0.0,0.0,0.0,0.75,0.5,10.92592309327921,-2.9339868991209324,-0.12265242401256016,-1,0.0,G5_RSI_ACCEL,rsi_accel=-0.1227<-0.08 (RSI free-fall),-1,0.0,0.0,
XRP/USDT,398,2026-03-26 12:00:00,long,0.62069,84.61,60.14,1.3745,0.008343,unknown,,,,False,True,0.0,-0.5557173933351658,32.23424435300236,0.0,0.0,0.0,0.75,0.5,8.728650432616845,-2.8277128586083227,0.10627404051260969,52,0.00607,TRADE,edge=84.6 meta_conf=0.6207,401,1.363237,-0.0113,LOSS
XRP/USDT,402,2026-03-26 16:00:00,long,0.63065,88.16,60.14,1.361,0.010029,unknown,,,,False,True,0.0,-0.6108396358092014,31.2732476670054,0.0,0.0,0.0,0.25,0.0,50.0,0.0,0.0,-1,0.0,G4_5_MTF,prior(bearish)=0.25<0.6 OR rev(bullish)=0.00<0.5,-1,0.0,0.0,
XRP/USDT,403,2026-03-26 17:00:00,long,0.62833,84.26,60.14,1.3541,0.010436,unknown,,,,False,True,0.0,-0.7046195353385243,31.065605456471214,0.0,0.0,0.0,0.5,0.5,50.0,0.0,0.0,-1,0.0,G4_5_MTF,prior(bearish)=0.50<0.6 OR rev(bullish)=0.50<0.5,-1,0.0,0.0,
XRP/USDT,404,2026-03-26 18:00:00,long,0.63199,100.0,60.14,1.3476,0.011279,unknown,,,,False,True,0.0,-0.7231919292190403,23.890038387811984,-1.0,0.0,0.0,0.5,0.5,50.0,0.0,0.0,-1,0.0,G4_5_MTF,prior(bearish)=0.50<0.6 OR rev(bullish)=0.50<0.5,-1,0.0,0.0,
XRP/USDT,405,2026-03-26 19:00:00,long,0.64079,84.54,60.14,1.3444,0.010771,unknown,,,,False,True,0.0,-0.7094653364196325,30.66466000562741,0.0,0.0,0.0,0.5,0.0,50.0,0.0,0.0,-1,0.0,G4_5_MTF,prior(bearish)=0.50<0.6 OR rev(bullish)=0.00<0.5,-1,0.0,0.0,
XRP/USDT,406,2026-03-26 20:00:00,long,0.61601,80.88,60.14,1.3594,0.011707,unknown,,,,False,False,0.0,-0.41863330060467646,35.65270662737965,0.0,0.0,0.0,0.75,0.0,50.0,0.0,0.0,-1,0.0,G4_5_MTF,prior(bearish)=0.75<0.6 OR rev(bullish)=0.00<0.5,-1,0.0,0.0,
XRP/USDT,407,2026-03-26 21:00:00,long,0.61863,78.44,60.14,1.3669,0.01205,unknown,,,,False,False,0.0,-0.3350260694204917,37.59092814044903,0.0,0.0,0.0,0.75,0.5,38.35615769631125,1.142984265167741,0.8504258220379824,6,0.008816,TRADE,edge=78.4 meta_conf=0.6186,418,1.350633,-0.0163,LOSS
XRP/USDT,419,2026-03-27 09:00:00,long,0.70687,64.76,60.14,1.3462,0.009707,unknown,,,,False,False,0.0,0.0,50.0,0.0,0.0,0.0,0.0,0.0,50.0,0.0,0.0,-1,0.0,G3_MIN_QUALITY,edge=64.8 < MIN_QUALITY_SCORE=70.0,-1,0.0,0.0,
XRP/USDT,420,2026-03-27 10:00:00,long,0.69215,73.41,60.14,1.333,0.009757,unknown,,,,False,True,0.0,-0.7084366951981638,45.05833982642378,-1.0,0.0,0.0,0.0,0.0,50.0,0.0,0.0,-1,0.0,G3_5_ADX,adx=19.5 < 25 (weak trend),-1,0.0,0.0,
XRP/USDT,421,2026-03-27 11:00:00,long,0.73148,68.43,60.14,1.335,0.009514,unknown,,,,False,False,0.0,0.0,50.0,0.0,0.0,0.0,0.0,0.0,50.0,0.0,0.0,-1,0.0,G3_MIN_QUALITY,edge=68.4 < MIN_QUALITY_SCORE=70.0,-1,0.0,0.0,
XRP/USDT,422,2026-03-27 12:00:00,long,0.73242,74.39,60.14,1.3325,0.009357,unknown,,,,False,True,0.0,-0.6416765207150871,43.643297266467236,0.0,0.0,0.0,0.0,0.0,50.0,0.0,0.0,-1,0.0,G3_5_ADX,adx=22.5 < 25 (weak trend),-1,0.0,0.0,
XRP/USDT,423,2026-03-27 13:00:00,long,0.7006,71.8,60.14,1.3406,0.009986,unknown,,,,False,True,0.0,-0.4735567520629046,43.18140501082397,0.0,0.0,0.0,0.0,0.0,50.0,0.0,0.0,-1,0.0,G3_5_ADX,adx=23.5 < 25 (weak trend),-1,0.0,0.0,
XRP/USDT,424,2026-03-27 14:00:00,long,0.72119,71.06,60.14,1.3323,0.010764,unknown,,,,False,True,0.0,-0.640639273977277,42.96053432302994,0.0,0.0,0.0,0.0,0.0,50.0,0.0,0.0,-1,0.0,G3_5_ADX,adx=24.3 < 25 (weak trend),-1,0.0,0.0,
XRP/USDT,425,2026-03-27 15:00:00,long,0.72602,100.0,60.14,1.336,0.011107,unknown,,,,False,True,0.0,-0.5025661759219366,42.79686047518795,0.0,0.0,0.0,0.75,0.5,23.974758112829562,-2.1898367139127757,-0.2372569329071832,-1,0.0,G5_RSI_ACCEL,rsi_accel=-0.2373<-0.08 (RSI free-fall),-1,0.0,0.0,
XRP/USDT,426,2026-03-27 16:00:00,long,0.7308,87.88,60.14,1.3307,0.0112,unknown,,,,False,True,0.0,-0.6485208312499207,44.07523658597935,0.0,0.0,0.0,0.5,0.5,50.0,0.0,0.0,-1,0.0,G4_5_MTF,prior(bearish)=0.50<0.6 OR rev(bullish)=0.50<0.5,-1,0.0,0.0,
XRP/USDT,427,2026-03-27 17:00:00,long,0.70325,84.49,60.14,1.324,0.011671,unknown,,,,False,True,0.0,-0.7332874917747544,43.8954976498388,-1.0,0.0,0.0,0.5,0.5,50.0,0.0,0.0,-1,0.0,G4_5_MTF,prior(bearish)=0.50<0.6 OR rev(bullish)=0.50<0.5,-1,0.0,0.0,
XRP/USDT,428,2026-03-27 18:00:00,long,0.69713,84.95,60.14,1.3236,0.0116,unknown,,,,False,True,0.0,-0.6819260562749954,40.032721650218804,0.0,0.0,0.0,0.5,0.0,50.0,0.0,0.0,-1,0.0,G4_5_MTF,prior(bearish)=0.50<0.6 OR rev(bullish)=0.00<0.5,-1,0.0,0.0,
XRP/USDT,429,2026-03-27 19:00:00,long,0.6971,84.15,60.14,1.3253,0.011729,unknown,,,,False,True,0.0,-0.5404865436276144,43.32298209803772,0.0,0.0,0.0,0.5,0.0,50.0,0.0,0.0,-1,0.0,G4_5_MTF,prior(bearish)=0.50<0.6 OR rev(bullish)=0.00<0.5,-1,0.0,0.0,
XRP/USDT,430,2026-03-27 20:00:00,long,0.69555,84.64,60.14,1.3262,0.011829,unknown,,,,False,True,0.0,-0.5164194973462229,43.78499911437034,0.0,0.0,0.0,0.75,0.5,24.661648943412203,-2.286535405376659,0.36158337625034864,12,0.008919,TRADE,edge=84.6 meta_conf=0.6955,449,1.358137,0.0319,WIN
XRP/USDT,450,2026-03-28 16:00:00,long,0.69534,65.43,60.14,1.35,0.007386,unknown,,,,False,False,0.0,0.0,50.0,0.0,0.0,0.0,0.0,0.0,50.0,0.0,0.0,-1,0.0,G3_MIN_QUALITY,edge=65.4 < MIN_QUALITY_SCORE=70.0,-1,0.0,0.0,
XRP/USDT,451,2026-03-28 17:00:00,long,0.70964,73.0,60.14,1.3457,0.007629,unknown,,,,True,False,0.0,0.36631805040552706,41.85938186962446,0.0,0.0,0.0,0.5,0.5,50.0,0.0,0.0,-1,0.0,G4_5_MTF,prior(bearish)=0.50<0.6 OR rev(bullish)=0.50<0.5,-1,0.0,0.0,
XRP/USDT,452,2026-03-28 18:00:00,long,0.71017,72.88,60.14,1.3459,0.007443,unknown,,,,True,False,0.0,0.46991082955442315,45.10659351210935,0.0,0.0,0.0,0.5,0.0,50.0,0.0,0.0,-1,0.0,G4_5_MTF,prior(bearish)=0.50<0.6 OR rev(bullish)=0.00<0.5,-1,0.0,0.0,
XRP/USDT,453,2026-03-28 19:00:00,long,0.74052,71.57,60.14,1.3449,0.006807,unknown,,,,True,False,0.0,0.2879133265136773,52.27112085474886,0.0,0.0,0.0,0.5,0.5,50.0,0.0,0.0,-1,0.0,G4_5_MTF,prior(bearish)=0.50<0.6 OR rev(bullish)=0.50<0.5,-1,0.0,0.0,
XRP/USDT,454,2026-03-28 20:00:00,long,0.70305,75.15,60.14,1.3469,0.00665,unknown,,,,True,False,0.0,0.4029986314575252,53.54560128849948,0.0,0.0,0.0,0.75,0.5,62.387367715694694,-0.4589129473094088,-0.5871151956370653,-1,0.0,G5_RSI_ACCEL,rsi_accel=-0.5871<-0.08 (RSI free-fall),-1,0.0,0.0,
XRP/USDT,455,2026-03-28 21:00:00,long,0.68331,71.96,60.14,1.3414,0.006671,unknown,,,,True,False,0.0,0.18012617310297566,53.461051640547716,0.0,0.0,0.0,0.5,0.5,50.0,0.0,0.0,-1,0.0,G4_5_MTF,prior(bearish)=0.50<0.6 OR rev(bullish)=0.50<0.5,-1,0.0,0.0,
XRP/USDT,456,2026-03-28 22:00:00,long,0.68658,70.05,60.14,1.3412,0.006664,unknown,,,,True,False,0.0,0.11498688859926738,53.4412962141007,0.0,0.0,0.0,0.75,0.5,53.95681641737557,-1.1835423735595374,-0.3493862549293444,-1,0.0,G5_RSI_ACCEL,rsi_accel=-0.3494<-0.08 (RSI free-fall),-1,0.0,0.0,
XRP/USDT,457,2026-03-28 23:00:00,long,0.73154,94.02,60.14,1.3333,0.007236,unknown,,,,False,True,0.0,-0.18204672540587327,48.154732947414715,0.0,0.0,0.0,0.5,0.0,50.0,0.0,0.0,-1,0.0,G4_5_MTF,prior(bearish)=0.50<0.6 OR rev(bullish)=0.00<0.5,-1,0.0,0.0,
XRP/USDT,458,2026-03-29 00:00:00,long,0.71217,90.09,60.14,1.3326,0.007029,unknown,,,,False,True,0.0,-0.34531121234603634,47.04818832142668,0.0,0.0,0.0,0.5,0.0,50.0,0.0,0.0,-1,0.0,G4_5_MTF,prior(bearish)=0.50<0.6 OR rev(bullish)=0.00<0.5,-1,0.0,0.0,
XRP/USDT,459,2026-03-29 01:00:00,long,0.71835,87.64,60.14,1.3357,0.007036,unknown,,,,False,True,0.0,-0.3191526369512427,47.360242845538636,0.0,0.0,0.0,0.75,0.0,50.0,0.0,0.0,-1,0.0,G4_5_MTF,prior(bearish)=0.75<0.6 OR rev(bullish)=0.00<0.5,-1,0.0,0.0,
XRP/USDT,460,2026-03-29 02:00:00,long,0.72294,86.79,60.14,1.3367,0.006943,unknown,,,,False,True,0.0,-0.1939549624180496,47.667020553790586,0.0,0.0,0.0,0.75,0.5,48.0572459549807,-2.914709433672154,-0.1273073411509964,-1,0.0,G5_RSI_ACCEL,rsi_accel=-0.1273<-0.08 (RSI free-fall),-1,0.0,0.0,
XRP/USDT,461,2026-03-29 03:00:00,long,0.69382,76.95,60.14,1.3384,0.006029,unknown,,,,True,True,0.0,-0.3565667957688407,47.2583484004582,0.0,0.0,0.0,1.0,1.0,34.5360700127583,-3.094101434277262,-0.17939200060510796,-1,0.0,G5_RSI_ACCEL,rsi_accel=-0.1794<-0.08 (RSI free-fall),-1,0.0,0.0,
XRP/USDT,462,2026-03-29 04:00:00,long,0.6949,85.89,60.14,1.3363,0.005864,unknown,,,,False,True,0.0,-0.4726611512279578,46.74192985789495,0.0,0.0,0.0,0.75,1.0,34.89582061089875,-3.224656767293386,-0.1305553330161242,-1,0.0,G5_RSI_ACCEL,rsi_accel=-0.1306<-0.08 (RSI free-fall),-1,0.0,0.0,
XRP/USDT,463,2026-03-29 05:00:00,long,0.66929,89.35,60.14,1.3336,0.005571,unknown,,,,False,True,0.0,-0.5282834642809511,49.08302184166812,0.0,0.0,0.0,0.5,0.5,50.0,0.0,0.0,-1,0.0,G4_5_MTF,prior(bearish)=0.50<0.6 OR rev(bullish)=0.50<0.5,-1,0.0,0.0,
XRP/USDT,464,2026-03-29 06:00:00,long,0.67514,91.45,60.14,1.3345,0.005907,unknown,,,,False,True,0.0,-0.35464378631113425,52.31912729778255,0.0,0.0,0.0,0.25,0.0,50.0,0.0,0.0,-1,0.0,G4_5_MTF,prior(bearish)=0.25<0.6 OR rev(bullish)=0.00<0.5,-1,0.0,0.0,
XRP/USDT,465,2026-03-29 07:00:00,long,0.67133,85.22,60.14,1.3341,0.005686,unknown,,,,False,True,0.0,-0.43452639773491436,58.59344857667585,0.0,0.0,0.0,0.25,0.5,50.0,0.0,0.0,-1,0.0,G4_5_MTF,prior(bearish)=0.25<0.6 OR rev(bullish)=0.50<0.5,-1,0.0,0.0,
XRP/USDT,466,2026-03-29 08:00:00,long,0.7127,89.7,60.14,1.3373,0.006071,unknown,,,,False,True,0.0,-0.27124303893088075,58.02143322574331,0.0,0.0,0.0,0.5,0.5,50.0,0.0,0.0,-1,0.0,G4_5_MTF,prior(bearish)=0.50<0.6 OR rev(bullish)=0.50<0.5,-1,0.0,0.0,
XRP/USDT,467,2026-03-29 09:00:00,long,0.69813,63.29,60.14,1.3355,0.005993,unknown,,,,False,False,0.0,0.0,50.0,0.0,0.0,0.0,0.0,0.0,50.0,0.0,0.0,-1,0.0,G3_MIN_QUALITY,edge=63.3 < MIN_QUALITY_SCORE=70.0,-1,0.0,0.0,
XRP/USDT,468,2026-03-29 10:00:00,long,0.68784,63.21,60.14,1.3336,0.006057,unknown,,,,False,False,0.0,0.0,50.0,0.0,0.0,0.0,0.0,0.0,50.0,0.0,0.0,-1,0.0,G3_MIN_QUALITY,edge=63.2 < MIN_QUALITY_SCORE=70.0,-1,0.0,0.0,
XRP/USDT,469,2026-03-29 11:00:00,long,0.73128,60.63,60.14,1.3382,0.006136,unknown,,,,False,False,0.0,0.0,50.0,0.0,0.0,0.0,0.0,0.0,50.0,0.0,0.0,-1,0.0,G3_MIN_QUALITY,edge=60.6 < MIN_QUALITY_SCORE=70.0,-1,0.0,0.0,
XRP/USDT,470,2026-03-29 12:00:00,long,0.69331,64.14,60.14,1.3347,0.0061,unknown,,,,False,False,0.0,0.0,50.0,0.0,0.0,0.0,0.0,0.0,50.0,0.0,0.0,-1,0.0,G3_MIN_QUALITY,edge=64.1 < MIN_QUALITY_SCORE=70.0,-1,0.0,0.0,
XRP/USDT,471,2026-03-29 13:00:00,long,0.69427,86.01,60.14,1.3266,0.006064,unknown,,,,False,True,0.0,-0.6642106427322719,59.26613402672566,-1.0,0.0,0.0,0.75,0.5,40.616230570666055,-0.24091582758559021,0.38631837590997137,22,0.004571,TRADE,edge=86.0 meta_conf=0.6943,477,1.318413,-0.0082,LOSS
XRP/USDT,478,2026-03-29 20:00:00,long,0.70788,67.37,60.14,1.3241,0.006671,unknown,,,,False,False,0.0,0.0,50.0,0.0,0.0,0.0,0.0,0.0,50.0,0.0,0.0,-1,0.0,G3_MIN_QUALITY,edge=67.4 < MIN_QUALITY_SCORE=70.0,-1,0.0,0.0,
XRP/USDT,479,2026-03-29 21:00:00,long,0.70628,57.33,60.14,1.3278,0.006686,unknown,,,,False,False,0.0,0.0,50.0,0.0,0.0,0.0,0.0,0.0,50.0,0.0,0.0,-1,0.0,G2_EDGE,edge=57.3 < thr=60.1,-1,0.0,0.0,
XRP/USDT,480,2026-03-29 22:00:00,long,0.72788,88.73,60.14,1.319,0.008443,unknown,,,,False,True,0.0,-0.566796617002324,26.59511271484453,0.0,0.0,0.0,0.75,1.0,30.49039601566041,-0.46742204867039217,-0.10800352865490354,-1,0.0,G5_RSI_ACCEL,rsi_accel=-0.1080<-0.08 (RSI free-fall),-1,0.0,0.0,
XRP/USDT,481,2026-03-29 23:00:00,long,0.69014,55.93,60.14,1.3278,0.009171,unknown,,,,False,False,0.0,0.0,50.0,0.0,0.0,0.0,0.0,0.0,50.0,0.0,0.0,-1,0.0,G2_EDGE,edge=55.9 < thr=60.1,-1,0.0,0.0,
XRP/USDT,482,2026-03-30 00:00:00,long,0.71483,59.98,60.14,1.3314,0.010707,unknown,,,,False,False,0.0,0.0,50.0,0.0,0.0,0.0,0.0,0.0,50.0,0.0,0.0,-1,0.0,G2_EDGE,edge=60.0 < thr=60.1,-1,0.0,0.0,
XRP/USDT,483,2026-03-30 01:00:00,long,0.71629,57.44,60.14,1.3403,0.010957,unknown,,,,False,False,0.0,0.0,50.0,0.0,0.0,0.0,0.0,0.0,50.0,0.0,0.0,-1,0.0,G2_EDGE,edge=57.4 < thr=60.1,-1,0.0,0.0,
XRP/USDT,484,2026-03-30 02:00:00,long,0.72023,60.12,60.14,1.3486,0.01175,unknown,,,,False,False,0.0,0.0,50.0,0.0,0.0,0.0,0.0,0.0,50.0,0.0,0.0,-1,0.0,G2_EDGE,edge=60.1 < thr=60.1,-1,0.0,0.0,
XRP/USDT,485,2026-03-30 03:00:00,long,0.70453,49.14,60.14,1.352,0.01175,unknown,,,,False,False,0.0,0.0,50.0,0.0,0.0,0.0,0.0,0.0,50.0,0.0,0.0,-1,0.0,G2_EDGE,edge=49.1 < thr=60.1,-1,0.0,0.0,
XRP/USDT,486,2026-03-30 04:00:00,long,0.69943,51.42,60.14,1.3509,0.011879,unknown,,,,False,False,0.0,0.0,50.0,0.0,0.0,0.0,0.0,0.0,50.0,0.0,0.0,-1,0.0,G2_EDGE,edge=51.4 < thr=60.1,-1,0.0,0.0,
XRP/USDT,487,2026-03-30 05:00:00,long,0.70822,56.23,60.14,1.3519,0.012129,unknown,,,,False,False,0.0,0.0,50.0,0.0,0.0,0.0,0.0,0.0,50.0,0.0,0.0,-1,0.0,G2_EDGE,edge=56.2 < thr=60.1,-1,0.0,0.0,
XRP/USDT,488,2026-03-30 06:00:00,long,0.70655,47.96,60.14,1.3507,0.012207,unknown,,,,False,False,0.0,0.0,50.0,0.0,0.0,0.0,0.0,0.0,50.0,0.0,0.0,-1,0.0,G2_EDGE,edge=48.0 < thr=60.1,-1,0.0,0.0,
XRP/USDT,489,2026-03-30 07:00:00,long,0.754,52.04,60.14,1.3584,0.012243,unknown,,,,False,False,0.0,0.0,50.0,0.0,0.0,0.0,0.0,0.0,50.0,0.0,0.0,-1,0.0,G2_EDGE,edge=52.0 < thr=60.1,-1,0.0,0.0,
XRP/USDT,490,2026-03-30 08:00:00,long,0.74963,52.47,60.14,1.3612,0.012629,unknown,,,,False,False,0.0,0.0,50.0,0.0,0.0,0.0,0.0,0.0,50.0,0.0,0.0,-1,0.0,G2_EDGE,edge=52.5 < thr=60.1,-1,0.0,0.0,
XRP/USDT,491,2026-03-30 09:00:00,long,0.7082,49.71,60.14,1.3499,0.012907,unknown,,,,False,False,0.0,0.0,50.0,0.0,0.0,0.0,0.0,0.0,50.0,0.0,0.0,-1,0.0,G2_EDGE,edge=49.7 < thr=60.1,-1,0.0,0.0,
XRP/USDT,492,2026-03-30 10:00:00,long,0.70382,57.4,60.14,1.3479,0.0126,unknown,,,,False,False,0.0,0.0,50.0,0.0,0.0,0.0,0.0,0.0,50.0,0.0,0.0,-1,0.0,G2_EDGE,edge=57.4 < thr=60.1,-1,0.0,0.0,
XRP/USDT,493,2026-03-30 11:00:00,long,0.71467,63.44,60.14,1.3499,0.013207,unknown,,,,False,False,0.0,0.0,50.0,0.0,0.0,0.0,0.0,0.0,50.0,0.0,0.0,-1,0.0,G3_MIN_QUALITY,edge=63.4 < MIN_QUALITY_SCORE=70.0,-1,0.0,0.0,
XRP/USDT,494,2026-03-30 12:00:00,long,0.72472,48.3,60.14,1.3515,0.011336,unknown,,,,False,False,0.0,0.0,50.0,0.0,0.0,0.0,0.0,0.0,50.0,0.0,0.0,-1,0.0,G2_EDGE,edge=48.3 < thr=60.1,-1,0.0,0.0,
XRP/USDT,495,2026-03-30 13:00:00,long,0.70597,67.46,60.14,1.3459,0.011229,unknown,,,,False,False,0.0,0.0,50.0,0.0,0.0,0.0,0.0,0.0,50.0,0.0,0.0,-1,0.0,G3_MIN_QUALITY,edge=67.5 < MIN_QUALITY_SCORE=70.0,-1,0.0,0.0,
XRP/USDT,496,2026-03-30 14:00:00,long,0.73937,59.69,60.14,1.3481,0.010407,unknown,,,,False,False,0.0,0.0,50.0,0.0,0.0,0.0,0.0,0.0,50.0,0.0,0.0,-1,0.0,G2_EDGE,edge=59.7 < thr=60.1,-1,0.0,0.0,
XRP/USDT,497,2026-03-30 15:00:00,long,0.74267,63.35,60.14,1.3454,0.010464,unknown,,,,False,False,0.0,0.0,50.0,0.0,0.0,0.0,0.0,0.0,50.0,0.0,0.0,-1,0.0,G3_MIN_QUALITY,edge=63.3 < MIN_QUALITY_SCORE=70.0,-1,0.0,0.0,
XRP/USDT,498,2026-03-30 16:00:00,long,0.71961,57.41,60.14,1.342,0.009886,unknown,,,,False,False,0.0,0.0,50.0,0.0,0.0,0.0,0.0,0.0,50.0,0.0,0.0,-1,0.0,G2_EDGE,edge=57.4 < thr=60.1,-1,0.0,0.0,
XRP/USDT,499,2026-03-30 17:00:00,long,0.7003,57.67,60.14,1.3342,0.010143,unknown,,,,False,False,0.0,0.0,50.0,0.0,0.0,0.0,0.0,0.0,50.0,0.0,0.0,-1,0.0,G2_EDGE,edge=57.7 < thr=60.1,-1,0.0,0.0,
XRP/USDT,500,2026-03-30 18:00:00,long,0.68104,57.5,60.14,1.3255,0.010236,unknown,,,,False,False,0.0,0.0,50.0,0.0,0.0,0.0,0.0,0.0,50.0,0.0,0.0,-1,0.0,G2_EDGE,edge=57.5 < thr=60.1,-1,0.0,0.0,
XRP/USDT,501,2026-03-30 19:00:00,long,0.68263,58.06,60.14,1.323,0.010179,unknown,,,,False,False,0.0,0.0,50.0,0.0,0.0,0.0,0.0,0.0,50.0,0.0,0.0,-1,0.0,G2_EDGE,edge=58.1 < thr=60.1,-1,0.0,0.0,
XRP/USDT,502,2026-03-30 20:00:00,long,0.71085,52.77,60.14,1.3274,0.010171,unknown,,,,False,False,0.0,0.0,50.0,0.0,0.0,0.0,0.0,0.0,50.0,0.0,0.0,-1,0.0,G2_EDGE,edge=52.8 < thr=60.1,-1,0.0,0.0,
XRP/USDT,503,2026-03-30 21:00:00,long,0.71691,78.0,60.14,1.3309,0.010214,unknown,,,,False,False,0.0,-0.4969275101258067,42.79290966068065,0.0,0.0,0.0,1.0,0.5,27.272720961684172,-4.332172115583802,-0.14458845119349206,-1,0.0,G5_RSI_ACCEL,rsi_accel=-0.1446<-0.08 (RSI free-fall),-1,0.0,0.0,
XRP/USDT,504,2026-03-30 22:00:00,long,0.71848,70.6,60.14,1.3289,0.009921,unknown,,,,False,False,0.0,-0.5921641144720009,46.43121171201442,0.0,0.0,0.0,1.0,1.0,22.94806832038583,-4.356819423446199,-0.024647307862396772,27,0.007466,TRADE,edge=70.6 meta_conf=0.7185,512,1.315506,-0.0134,LOSS
XRP/USDT,513,2026-03-31 07:00:00,long,0.66327,92.27,60.14,1.3196,0.010336,unknown,,,,False,True,0.0,-0.6447335632289799,54.83368788094931,0.0,0.0,0.0,0.75,0.5,38.557985269407645,0.8925213752014183,0.23387101256471843,1,0.0,G6_COOLDOWN,bars_since_exit=1 < cooldown=3,-1,0.0,0.0,
XRP/USDT,514,2026-03-31 08:00:00,long,0.65584,84.87,60.14,1.3141,0.010493,unknown,,,,False,True,0.0,-0.6986157015781107,50.376126015861914,-1.0,0.0,0.0,1.0,0.5,40.59405002777731,1.0223361499468426,0.12981477474542436,2,0.0,G6_COOLDOWN,bars_since_exit=2 < cooldown=3,-1,0.0,0.0,
XRP/USDT,515,2026-03-31 09:00:00,long,0.65663,93.29,60.14,1.3073,0.010729,unknown,,,,False,True,0.0,-0.7167677556568742,44.82106689981493,-1.0,0.0,0.0,0.75,0.0,50.0,0.0,0.0,-1,0.0,G4_5_MTF,prior(bearish)=0.75<0.6 OR rev(bullish)=0.00<0.5,-1,0.0,0.0,
XRP/USDT,516,2026-03-31 10:00:00,long,0.67466,87.45,60.14,1.3108,0.010757,unknown,,,,False,True,0.0,-0.5766713762212035,44.97391884310329,0.0,0.0,0.0,0.75,0.0,50.0,0.0,0.0,-1,0.0,G4_5_MTF,prior(bearish)=0.75<0.6 OR rev(bullish)=0.00<0.5,-1,0.0,0.0,
XRP/USDT,517,2026-03-31 11:00:00,long,0.66771,94.14,60.14,1.315,0.010829,unknown,,,,False,True,0.0,-0.5042425244645824,45.1335672941649,0.0,0.0,0.0,0.75,0.5,37.71251115958026,0.8493127305283693,-0.12791314097425144,-1,0.0,G5_RSI_ACCEL,rsi_accel=-0.1279<-0.08 (RSI free-fall),-1,0.0,0.0,
XRP/USDT,518,2026-03-31 12:00:00,long,0.6669,65.4,60.14,1.3156,0.010943,unknown,,,,False,False,0.0,0.0,50.0,0.0,0.0,0.0,0.0,0.0,50.0,0.0,0.0,-1,0.0,G3_MIN_QUALITY,edge=65.4 < MIN_QUALITY_SCORE=70.0,-1,0.0,0.0,
XRP/USDT,519,2026-03-31 13:00:00,long,0.67069,61.15,60.14,1.3265,0.011264,unknown,,,,False,False,0.0,0.0,50.0,0.0,0.0,0.0,0.0,0.0,50.0,0.0,0.0,-1,0.0,G3_MIN_QUALITY,edge=61.1 < MIN_QUALITY_SCORE=70.0,-1,0.0,0.0,
XRP/USDT,520,2026-03-31 14:00:00,long,0.66291,89.07,60.14,1.3147,0.0125,unknown,,,,False,True,0.0,-0.4619433134195504,46.39964642537479,0.0,0.0,0.0,0.5,1.0,50.0,0.0,0.0,-1,0.0,G4_5_MTF,prior(bearish)=0.50<0.6 OR rev(bullish)=1.00<0.5,-1,0.0,0.0,
XRP/USDT,521,2026-03-31 15:00:00,long,0.65552,73.74,60.14,1.3151,0.011771,unknown,,,,False,True,0.0,-0.4118472984548708,53.42568753520741,0.0,0.0,0.0,0.0,0.0,50.0,0.0,0.0,-1,0.0,G3_5_ADX,adx=18.4 < 25 (weak trend),-1,0.0,0.0,
XRP/USDT,522,2026-03-31 16:00:00,long,0.67512,58.72,60.14,1.3305,0.013021,unknown,,,,False,False,0.0,0.0,50.0,0.0,0.0,0.0,0.0,0.0,50.0,0.0,0.0,-1,0.0,G2_EDGE,edge=58.7 < thr=60.1,-1,0.0,0.0,
XRP/USDT,523,2026-03-31 17:00:00,long,0.69208,63.8,60.14,1.331,0.013471,unknown,,,,False,False,0.0,0.0,50.0,0.0,0.0,0.0,0.0,0.0,50.0,0.0,0.0,-1,0.0,G3_MIN_QUALITY,edge=63.8 < MIN_QUALITY_SCORE=70.0,-1,0.0,0.0,
XRP/USDT,524,2026-03-31 18:00:00,long,0.63872,49.22,60.14,1.3405,0.013814,unknown,,,,False,False,0.0,0.0,50.0,0.0,0.0,0.0,0.0,0.0,50.0,0.0,0.0,-1,0.0,G2_EDGE,edge=49.2 < thr=60.1,-1,0.0,0.0,
XRP/USDT,525,2026-03-31 19:00:00,long,0.62071,54.17,60.14,1.345,0.013586,unknown,,,,False,False,0.0,0.0,50.0,0.0,0.0,0.0,0.0,0.0,50.0,0.0,0.0,-1,0.0,G2_EDGE,edge=54.2 < thr=60.1,-1,0.0,0.0,
XRP/USDT,526,2026-03-31 20:00:00,long,0.623,52.79,60.14,1.3445,0.013171,unknown,,,,False,False,0.0,0.0,50.0,0.0,0.0,0.0,0.0,0.0,50.0,0.0,0.0,-1,0.0,G2_EDGE,edge=52.8 < thr=60.1,-1,0.0,0.0,
XRP/USDT,527,2026-03-31 21:00:00,long,0.64037,70.41,60.14,1.3409,0.012864,unknown,,,,True,False,0.0,0.4357765607594536,48.946020457734974,0.0,0.0,0.0,0.0,0.5,50.0,0.0,0.0,-1,0.0,G4_5_MTF,prior(bearish)=0.00<0.6 OR rev(bullish)=0.50<0.5,-1,0.0,0.0,
XRP/USDT,528,2026-03-31 22:00:00,long,0.67339,70.79,60.14,1.3357,0.012543,unknown,,,,True,False,0.0,0.2573122609768346,49.40232048630219,0.0,0.0,0.0,0.0,0.0,50.0,0.0,0.0,-1,0.0,G4_5_MTF,prior(bearish)=0.00<0.6 OR rev(bullish)=0.00<0.5,-1,0.0,0.0,
XRP/USDT,529,2026-03-31 23:00:00,long,0.65274,60.91,60.14,1.3411,0.012164,unknown,,,,False,False,0.0,0.0,50.0,0.0,0.0,0.0,0.0,0.0,50.0,0.0,0.0,-1,0.0,G3_MIN_QUALITY,edge=60.9 < MIN_QUALITY_SCORE=70.0,-1,0.0,0.0,
XRP/USDT,530,2026-04-01 00:00:00,long,0.61784,62.45,60.14,1.3452,0.012229,unknown,,,,False,False,0.0,0.0,50.0,0.0,0.0,0.0,0.0,0.0,50.0,0.0,0.0,-1,0.0,G3_MIN_QUALITY,edge=62.4 < MIN_QUALITY_SCORE=70.0,-1,0.0,0.0,
XRP/USDT,531,2026-04-01 01:00:00,long,0.67574,73.0,60.14,1.3351,0.012314,unknown,,,,True,False,0.0,0.2900647610522262,57.0268919325751,0.0,0.0,0.0,0.75,1.0,62.18180762975389,2.489721183350709,-0.3360423325672919,-1,0.0,G5_RSI_ACCEL,rsi_accel=-0.3360<-0.08 (RSI free-fall),-1,0.0,0.0,
XRP/USDT,532,2026-04-01 02:00:00,long,0.68268,74.51,60.14,1.3345,0.01225,unknown,,,,True,False,0.0,0.29527432247552876,57.307821540909636,0.0,0.0,0.0,0.75,0.5,61.454535025897094,2.0840879198007944,-0.4056332635499147,-1,0.0,G5_RSI_ACCEL,rsi_accel=-0.4056<-0.08 (RSI free-fall),-1,0.0,0.0,
XRP/USDT,533,2026-04-01 03:00:00,long,0.54704,80.62,60.14,1.3481,0.012521,unknown,,,,True,False,0.0,0.5945599439969212,56.23966298694579,0.0,0.0,0.0,0.5,0.0,50.0,0.0,0.0,-1,0.0,G4_5_MTF,prior(bearish)=0.50<0.6 OR rev(bullish)=0.00<0.5,-1,0.0,0.0,
XRP/USDT,534,2026-04-01 04:00:00,long,0.55132,72.72,60.14,1.3391,0.011321,unknown,,,,True,False,0.0,0.35892439366167794,58.709893856296254,0.0,0.0,0.0,0.5,0.5,50.0,0.0,0.0,-1,0.0,G4_5_MTF,prior(bearish)=0.50<0.6 OR rev(bullish)=0.50<0.5,-1,0.0,0.0,
XRP/USDT,535,2026-04-01 05:00:00,long,0.53782,81.82,60.14,1.3467,0.011264,unknown,,,,True,False,0.0,0.5650743242709534,58.904739666984305,0.0,0.0,0.0,0.5,0.5,50.0,0.0,0.0,-1,0.0,G4_5_MTF,prior(bearish)=0.50<0.6 OR rev(bullish)=0.50<0.5,-1,0.0,0.0,
XRP/USDT,536,2026-04-01 06:00:00,long,0.57198,84.81,60.14,1.3624,0.010829,unknown,,,,True,False,0.0,0.745484057654841,60.412175874607414,1.0,0.0,0.0,0.5,0.5,50.0,0.0,0.0,-1,0.0,G4_5_MTF,prior(bearish)=0.50<0.6 OR rev(bullish)=0.50<0.5,-1,0.0,0.0,
XRP/USDT,537,2026-04-01 07:00:00,long,0.55014,76.35,60.14,1.3566,0.010379,unknown,,,,True,False,0.0,0.4837828682187951,58.57440730103382,0.0,0.0,0.0,0.75,1.0,63.445368821059255,0.16383908479467363,-0.37496729698763814,-1,0.0,G5_RSI_ACCEL,rsi_accel=-0.3750<-0.08 (RSI free-fall),-1,0.0,0.0,
XRP/USDT,538,2026-04-01 08:00:00,long,0.5406,73.13,60.14,1.3527,0.010014,unknown,,,,True,False,0.0,0.44003995156697145,58.141666305682016,0.0,0.0,0.0,0.5,0.5,50.0,0.0,0.0,-1,0.0,G4_5_MTF,prior(bearish)=0.50<0.6 OR rev(bullish)=0.50<0.5,-1,0.0,0.0,
XRP/USDT,539,2026-04-01 09:00:00,long,0.51964,71.65,60.14,1.3512,0.009886,unknown,,,,True,False,0.0,0.399203886084591,57.295003200863825,0.0,0.0,0.0,0.25,0.0,50.0,0.0,0.0,-1,0.0,G4_5_MTF,prior(bearish)=0.25<0.6 OR rev(bullish)=0.00<0.5,-1,0.0,0.0,
XRP/USDT,540,2026-04-01 10:00:00,long,0.53217,73.48,60.14,1.3528,0.009736,unknown,,,,True,False,0.0,0.4906125061285194,56.491507952168554,0.0,0.0,0.0,0.5,0.0,50.0,0.0,0.0,-1,0.0,G4_5_MTF,prior(bearish)=0.50<0.6 OR rev(bullish)=0.00<0.5,-1,0.0,0.0,
XRP/USDT,541,2026-04-01 11:00:00,long,0.5283,71.9,60.14,1.3544,0.0096,unknown,,,,True,False,0.0,0.5674834378604289,55.71198914270403,0.0,0.0,0.0,0.5,0.5,50.0,0.0,0.0,-1,0.0,G4_5_MTF,prior(bearish)=0.50<0.6 OR rev(bullish)=0.50<0.5,-1,0.0,0.0,
XRP/USDT,542,2026-04-01 12:00:00,long,0.53228,90.5,60.14,1.3539,0.009743,unknown,,,,True,False,0.0,0.4084171567511805,55.03032289024027,0.0,0.0,0.0,0.75,1.0,61.2345573174839,-1.0085118878654498,-0.017161964708763078,30,0.007196,TRADE,edge=90.5 meta_conf=0.5323,555,1.340747,-0.0132,LOSS
XRP/USDT,556,2026-04-02 02:00:00,long,0.71736,93.62,60.14,1.3182,0.011579,unknown,,,,False,True,0.0,-0.7155286053886564,37.92394131434845,-1.0,0.0,0.0,0.75,0.5,31.540843417044343,-1.7867165101440914,-0.27863461445968096,-1,0.0,G5_RSI_ACCEL,rsi_accel=-0.2786<-0.08 (RSI free-fall),-1,0.0,0.0,
XRP/USDT,557,2026-04-02 03:00:00,long,0.71044,100.0,60.14,1.3129,0.011493,unknown,,,,False,True,0.0,-0.7014176080071342,31.36703385504879,-1.0,0.0,0.0,0.5,0.0,50.0,0.0,0.0,-1,0.0,G4_5_MTF,prior(bearish)=0.50<0.6 OR rev(bullish)=0.00<0.5,-1,0.0,0.0,
XRP/USDT,558,2026-04-02 04:00:00,long,0.70286,100.0,60.14,1.3082,0.011757,unknown,,,,False,True,0.0,-0.6859635611239474,30.692852104226407,0.0,0.0,0.0,0.75,0.0,50.0,0.0,0.0,-1,0.0,G4_5_MTF,prior(bearish)=0.75<0.6 OR rev(bullish)=0.00<0.5,-1,0.0,0.0,
XRP/USDT,559,2026-04-02 05:00:00,long,0.72522,90.7,60.14,1.3152,0.011871,unknown,,,,False,True,0.0,-0.5937070889453181,31.161668007409784,0.0,0.0,0.0,0.75,0.0,50.0,0.0,0.0,-1,0.0,G4_5_MTF,prior(bearish)=0.75<0.6 OR rev(bullish)=0.00<0.5,-1,0.0,0.0,
XRP/USDT,560,2026-04-02 06:00:00,long,0.71401,88.98,60.14,1.3157,0.011564,unknown,,,,False,True,0.0,-0.5583262910777563,31.47226251826773,0.0,0.0,0.0,0.75,0.5,27.56813012627022,-2.2820387984772283,0.26041500907624826,5,0.008789,TRADE,edge=89.0 meta_conf=0.7140,565,1.300088,-0.0156,LOSS
XRP/USDT,566,2026-04-02 12:00:00,long,0.7107,91.36,60.14,1.2908,0.010521,unknown,,,,False,True,0.0,-0.7389311941441618,30.908304986730805,-1.0,0.0,0.0,0.25,0.0,50.0,0.0,0.0,-1,0.0,G4_5_MTF,prior(bearish)=0.25<0.6 OR rev(bullish)=0.00<0.5,-1,0.0,0.0,
XRP/USDT,567,2026-04-02 13:00:00,long,0.71691,100.0,60.14,1.2889,0.011143,unknown,,,,False,True,0.0,-0.717162775950961,26.24730487086963,-1.0,0.0,0.0,0.5,0.0,50.0,0.0,0.0,-1,0.0,G4_5_MTF,prior(bearish)=0.50<0.6 OR rev(bullish)=0.00<0.5,-1,0.0,0.0,
XRP/USDT,568,2026-04-02 14:00:00,long,0.69257,99.21,60.14,1.3001,0.01195,unknown,,,,False,False,0.0,-0.5246376630407138,26.88793117166961,0.0,0.0,0.0,0.75,0.0,50.0,0.0,0.0,-1,0.0,G4_5_MTF,prior(bearish)=0.75<0.6 OR rev(bullish)=0.00<0.5,-1,0.0,0.0,
XRP/USDT,569,2026-04-02 15:00:00,long,0.70808,78.28,60.14,1.3001,0.010257,unknown,,,,False,False,0.0,-0.5280598329711528,42.962155263943124,0.0,0.0,0.0,0.75,0.5,29.725823720612908,-0.6451112107536355,0.3508315678904548,4,0.00789,TRADE,edge=78.3 meta_conf=0.7081,590,1.327794,0.0277,WIN
XRP/USDT,591,2026-04-03 13:00:00,long,0.68051,75.61,60.14,1.3176,0.009357,unknown,,,,True,False,0.0,0.10974329448611868,55.75130260808049,0.0,0.0,0.0,0.75,0.5,47.55100682216134,-1.13698113978822,-0.4759280399309942,-1,0.0,G5_RSI_ACCEL,rsi_accel=-0.4759<-0.08 (RSI free-fall),-1,0.0,0.0,
XRP/USDT,592,2026-04-03 14:00:00,long,0.67848,74.52,60.14,1.3191,0.0091,unknown,,,,True,False,0.0,0.3902096418107111,55.12660453302873,0.0,0.0,0.0,0.5,0.0,50.0,0.0,0.0,-1,0.0,G4_5_MTF,prior(bearish)=0.50<0.6 OR rev(bullish)=0.00<0.5,-1,0.0,0.0,
XRP/USDT,593,2026-04-03 15:00:00,long,0.69654,71.26,60.14,1.3187,0.008871,unknown,,,,True,False,0.0,0.3048305079900436,54.46755676647931,0.0,0.0,0.0,0.5,0.5,50.0,0.0,0.0,-1,0.0,G4_5_MTF,prior(bearish)=0.50<0.6 OR rev(bullish)=0.50<0.5,-1,0.0,0.0,
XRP/USDT,594,2026-04-03 16:00:00,long,0.70476,74.89,60.14,1.3246,0.008386,unknown,,,,True,False,0.0,0.4738425528392875,58.2036981304146,0.0,0.0,0.0,0.5,0.5,50.0,0.0,0.0,-1,0.0,G4_5_MTF,prior(bearish)=0.50<0.6 OR rev(bullish)=0.50<0.5,-1,0.0,0.0,
XRP/USDT,595,2026-04-03 17:00:00,long,0.68408,69.58,60.14,1.3212,0.007757,unknown,,,,False,False,0.0,0.0,50.0,0.0,0.0,0.0,0.0,0.0,50.0,0.0,0.0,-1,0.0,G3_MIN_QUALITY,edge=69.6 < MIN_QUALITY_SCORE=70.0,-1,0.0,0.0,
XRP/USDT,596,2026-04-03 18:00:00,long,0.68625,69.21,60.14,1.318,0.00745,unknown,,,,False,False,0.0,0.0,50.0,0.0,0.0,0.0,0.0,0.0,50.0,0.0,0.0,-1,0.0,G3_MIN_QUALITY,edge=69.2 < MIN_QUALITY_SCORE=70.0,-1,0.0,0.0,
XRP/USDT,597,2026-04-03 19:00:00,long,0.68359,76.31,60.14,1.3178,0.007086,unknown,,,,True,True,0.0,-0.058514232706568,58.2060136509012,0.0,0.0,0.0,0.5,0.0,50.0,0.0,0.0,-1,0.0,G4_5_MTF,prior(bearish)=0.50<0.6 OR rev(bullish)=0.00<0.5,-1,0.0,0.0,
XRP/USDT,598,2026-04-03 20:00:00,long,0.6637,76.25,60.14,1.3166,0.006879,unknown,,,,True,True,0.0,0.04217194341156444,57.20961671359689,0.0,0.0,0.0,0.5,0.0,50.0,0.0,0.0,-1,0.0,G4_5_MTF,prior(bearish)=0.50<0.6 OR rev(bullish)=0.00<0.5,-1,0.0,0.0,
XRP/USDT,599,2026-04-03 21:00:00,long,0.65931,80.59,60.14,1.3184,0.006779,unknown,,,,True,True,0.0,0.22519898075998268,56.281971041016725,0.0,0.0,0.0,0.75,0.0,50.0,0.0,0.0,-1,0.0,G4_5_MTF,prior(bearish)=0.75<0.6 OR rev(bullish)=0.00<0.5,-1,0.0,0.0,
XRP/USDT,600,2026-04-03 22:00:00,long,0.67882,60.76,60.14,1.3167,0.006879,unknown,,,,False,False,0.0,0.0,50.0,0.0,0.0,0.0,0.0,0.0,50.0,0.0,0.0,-1,0.0,G3_MIN_QUALITY,edge=60.8 < MIN_QUALITY_SCORE=70.0,-1,0.0,0.0,
XRP/USDT,601,2026-04-03 23:00:00,long,0.65226,60.77,60.14,1.3184,0.006886,unknown,,,,False,False,0.0,0.0,50.0,0.0,0.0,0.0,0.0,0.0,50.0,0.0,0.0,-1,0.0,G3_MIN_QUALITY,edge=60.8 < MIN_QUALITY_SCORE=70.0,-1,0.0,0.0,
XRP/USDT,602,2026-04-04 00:00:00,long,0.6575,57.42,60.14,1.3163,0.006521,unknown,,,,False,False,0.0,0.0,50.0,0.0,0.0,0.0,0.0,0.0,50.0,0.0,0.0,-1,0.0,G2_EDGE,edge=57.4 < thr=60.1,-1,0.0,0.0,
XRP/USDT,603,2026-04-04 01:00:00,long,0.65395,63.24,60.14,1.315,0.006071,unknown,,,,False,False,0.0,0.0,50.0,0.0,0.0,0.0,0.0,0.0,50.0,0.0,0.0,-1,0.0,G3_MIN_QUALITY,edge=63.2 < MIN_QUALITY_SCORE=70.0,-1,0.0,0.0,
XRP/USDT,604,2026-04-04 02:00:00,long,0.65302,62.3,60.14,1.3146,0.004964,unknown,,,,False,False,0.0,0.0,50.0,0.0,0.0,0.0,0.0,0.0,50.0,0.0,0.0,-1,0.0,G3_MIN_QUALITY,edge=62.3 < MIN_QUALITY_SCORE=70.0,-1,0.0,0.0,
XRP/USDT,605,2026-04-04 03:00:00,long,0.65075,54.46,60.14,1.3159,0.0047,unknown,,,,False,False,0.0,0.0,50.0,0.0,0.0,0.0,0.0,0.0,50.0,0.0,0.0,-1,0.0,G2_EDGE,edge=54.5 < thr=60.1,-1,0.0,0.0,
XRP/USDT,606,2026-04-04 04:00:00,long,0.64702,55.69,60.14,1.3164,0.004486,unknown,,,,False,False,0.0,0.0,50.0,0.0,0.0,0.0,0.0,0.0,50.0,0.0,0.0,-1,0.0,G2_EDGE,edge=55.7 < thr=60.1,-1,0.0,0.0,
XRP/USDT,607,2026-04-04 05:00:00,long,0.65079,56.14,60.14,1.3171,0.004336,unknown,,,,False,False,0.0,0.0,50.0,0.0,0.0,0.0,0.0,0.0,50.0,0.0,0.0,-1,0.0,G2_EDGE,edge=56.1 < thr=60.1,-1,0.0,0.0,
XRP/USDT,608,2026-04-04 06:00:00,long,0.66204,60.21,60.14,1.3198,0.00415,unknown,,,,False,False,0.0,0.0,50.0,0.0,0.0,0.0,0.0,0.0,50.0,0.0,0.0,-1,0.0,G3_MIN_QUALITY,edge=60.2 < MIN_QUALITY_SCORE=70.0,-1,0.0,0.0,
XRP/USDT,609,2026-04-04 07:00:00,long,0.64974,54.91,60.14,1.3161,0.004057,unknown,,,,False,False,0.0,0.0,50.0,0.0,0.0,0.0,0.0,0.0,50.0,0.0,0.0,-1,0.0,G2_EDGE,edge=54.9 < thr=60.1,-1,0.0,0.0,
XRP/USDT,610,2026-04-04 08:00:00,long,0.65537,65.04,60.14,1.314,0.003907,unknown,,,,False,False,0.0,0.0,50.0,0.0,0.0,0.0,0.0,0.0,50.0,0.0,0.0,-1,0.0,G3_MIN_QUALITY,edge=65.0 < MIN_QUALITY_SCORE=70.0,-1,0.0,0.0,
XRP/USDT,611,2026-04-04 09:00:00,long,0.65603,62.38,60.14,1.3126,0.003671,unknown,,,,False,False,0.0,0.0,50.0,0.0,0.0,0.0,0.0,0.0,50.0,0.0,0.0,-1,0.0,G3_MIN_QUALITY,edge=62.4 < MIN_QUALITY_SCORE=70.0,-1,0.0,0.0,
XRP/USDT,612,2026-04-04 10:00:00,long,0.64649,85.73,60.14,1.3143,0.004043,unknown,,,,False,True,0.0,-0.4893410719904336,58.39755708689688,0.0,0.0,0.0,0.25,0.0,50.0,0.0,0.0,-1,0.0,G4_5_MTF,prior(bearish)=0.25<0.6 OR rev(bullish)=0.00<0.5,-1,0.0,0.0,
XRP/USDT,613,2026-04-04 11:00:00,long,0.639,69.38,60.14,1.3118,0.003993,unknown,,,,False,False,0.0,0.0,50.0,0.0,0.0,0.0,0.0,0.0,50.0,0.0,0.0,-1,0.0,G3_MIN_QUALITY,edge=69.4 < MIN_QUALITY_SCORE=70.0,-1,0.0,0.0,
XRP/USDT,614,2026-04-04 12:00:00,long,0.64278,63.17,60.14,1.3104,0.003743,unknown,,,,False,False,0.0,0.0,50.0,0.0,0.0,0.0,0.0,0.0,50.0,0.0,0.0,-1,0.0,G3_MIN_QUALITY,edge=63.2 < MIN_QUALITY_SCORE=70.0,-1,0.0,0.0,
XRP/USDT,615,2026-04-04 13:00:00,long,0.64245,77.43,60.14,1.3094,0.003514,unknown,,,,True,True,0.0,-0.6802228007674292,57.02782804888163,0.0,0.0,0.0,0.75,0.0,50.0,0.0,0.0,-1,0.0,G4_5_MTF,prior(bearish)=0.75<0.6 OR rev(bullish)=0.00<0.5,-1,0.0,0.0,
XRP/USDT,616,2026-04-04 14:00:00,long,0.64014,77.35,60.14,1.3126,0.003736,unknown,,,,True,True,0.0,-0.46607793376833295,54.47544567261245,0.0,0.0,0.0,0.75,0.0,50.0,0.0,0.0,-1,0.0,G4_5_MTF,prior(bearish)=0.75<0.6 OR rev(bullish)=0.00<0.5,-1,0.0,0.0,
XRP/USDT,617,2026-04-04 15:00:00,long,0.64122,82.36,60.14,1.3126,0.0039,unknown,,,,True,True,0.0,-0.388229015486367,53.06360776496694,0.0,0.0,0.0,0.75,0.5,44.690237802507745,-0.4189067629246461,0.11098024226489511,27,0.002971,TRADE,edge=82.4 meta_conf=0.6412,631,1.307335,-0.0053,LOSS
XRP/USDT,632,2026-04-05 06:00:00,long,0.66829,85.48,60.14,1.3015,0.005357,unknown,,,,False,True,0.0,-0.6219630811625647,33.07530986349805,0.0,0.0,0.0,0.5,0.0,50.0,0.0,0.0,-1,0.0,G4_5_MTF,prior(bearish)=0.50<0.6 OR rev(bullish)=0.00<0.5,-1,0.0,0.0,
XRP/USDT,633,2026-04-05 07:00:00,long,0.68621,85.01,60.14,1.2979,0.005586,unknown,,,,False,True,0.0,-0.7296038674088698,33.84504029609439,0.0,0.0,0.0,0.5,0.5,50.0,0.0,0.0,-1,0.0,G4_5_MTF,prior(bearish)=0.50<0.6 OR rev(bullish)=0.50<0.5,-1,0.0,0.0,
XRP/USDT,634,2026-04-05 08:00:00,long,0.685,65.2,60.14,1.2993,0.005614,unknown,,,,False,False,0.0,0.0,50.0,0.0,0.0,0.0,0.0,0.0,50.0,0.0,0.0,-1,0.0,G3_MIN_QUALITY,edge=65.2 < MIN_QUALITY_SCORE=70.0,-1,0.0,0.0,
XRP/USDT,635,2026-04-05 09:00:00,long,0.68936,64.9,60.14,1.3009,0.005171,unknown,,,,False,False,0.0,0.0,50.0,0.0,0.0,0.0,0.0,0.0,50.0,0.0,0.0,-1,0.0,G3_MIN_QUALITY,edge=64.9 < MIN_QUALITY_SCORE=70.0,-1,0.0,0.0,
XRP/USDT,636,2026-04-05 10:00:00,long,0.70812,64.8,60.14,1.299,0.0054,unknown,,,,False,False,0.0,0.0,50.0,0.0,0.0,0.0,0.0,0.0,50.0,0.0,0.0,-1,0.0,G3_MIN_QUALITY,edge=64.8 < MIN_QUALITY_SCORE=70.0,-1,0.0,0.0,
XRP/USDT,637,2026-04-05 11:00:00,long,0.68286,64.71,60.14,1.2987,0.005286,unknown,,,,False,False,0.0,0.0,50.0,0.0,0.0,0.0,0.0,0.0,50.0,0.0,0.0,-1,0.0,G3_MIN_QUALITY,edge=64.7 < MIN_QUALITY_SCORE=70.0,-1,0.0,0.0,
XRP/USDT,638,2026-04-05 12:00:00,long,0.73789,100.0,60.14,1.2825,0.006536,unknown,,,,False,True,0.0,-0.7519494050587797,20.671501524510884,-1.0,0.0,0.0,0.25,0.0,50.0,0.0,0.0,-1,0.0,G4_5_MTF,prior(bearish)=0.25<0.6 OR rev(bullish)=0.00<0.5,-1,0.0,0.0,
XRP/USDT,639,2026-04-05 13:00:00,long,0.73573,94.0,60.14,1.2891,0.007179,unknown,,,,False,True,0.0,-0.5928867791301751,22.003681221370588,0.0,0.0,0.0,0.5,0.0,50.0,0.0,0.0,-1,0.0,G4_5_MTF,prior(bearish)=0.50<0.6 OR rev(bullish)=0.00<0.5,-1,0.0,0.0,
XRP/USDT,640,2026-04-05 14:00:00,long,0.7093,85.39,60.14,1.2863,0.007286,unknown,,,,False,True,0.0,-0.6940279400265525,23.481523320206968,0.0,0.0,0.0,0.5,0.5,50.0,0.0,0.0,-1,0.0,G4_5_MTF,prior(bearish)=0.50<0.6 OR rev(bullish)=0.50<0.5,-1,0.0,0.0,
XRP/USDT,641,2026-04-05 15:00:00,long,0.69552,95.18,60.14,1.2967,0.008721,unknown,,,,False,True,0.0,-0.381507304438179,25.67715582065227,0.0,0.0,0.0,0.75,0.5,37.764342466755345,-2.3296851901962063,0.669861932423975,10,0.006726,TRADE,edge=95.2 meta_conf=0.6955,649,1.320248,0.0235,WIN
XRP/USDT,650,2026-04-06 00:00:00,long,0.72178,99.82,60.14,1.3315,0.010871,unknown,,,,True,False,0.0,0.6211401597413138,23.948147355420033,0.0,0.0,0.0,0.5,1.0,50.0,0.0,0.0,-1,0.0,G4_5_MTF,prior(bearish)=0.50<0.6 OR rev(bullish)=1.00<0.5,-1,0.0,0.0,
XRP/USDT,651,2026-04-06 01:00:00,long,0.69744,84.03,60.14,1.3296,0.011186,unknown,,,,True,False,0.0,0.5785072373568236,25.83869311232212,0.0,0.0,0.0,0.5,1.0,50.0,0.0,0.0,-1,0.0,G4_5_MTF,prior(bearish)=0.50<0.6 OR rev(bullish)=1.00<0.5,-1,0.0,0.0,
XRP/USDT,652,2026-04-06 02:00:00,long,0.71693,89.48,60.14,1.3404,0.011164,unknown,,,,True,False,0.0,0.6872464705546747,22.829791440540696,1.0,0.0,0.0,0.25,0.5,50.0,0.0,0.0,-1,0.0,G4_5_MTF,prior(bearish)=0.25<0.6 OR rev(bullish)=0.50<0.5,-1,0.0,0.0,
XRP/USDT,653,2026-04-06 03:00:00,long,0.7113,71.56,60.14,1.3381,0.010721,unknown,,,,True,False,0.0,0.6086838329112096,25.741489707307526,0.0,0.0,0.0,0.25,0.5,50.0,0.0,0.0,-1,0.0,G4_5_MTF,prior(bearish)=0.25<0.6 OR rev(bullish)=0.50<0.5,-1,0.0,0.0,
XRP/USDT,654,2026-04-06 04:00:00,long,0.70556,70.91,60.14,1.3397,0.010771,unknown,,,,True,False,0.0,0.6383418218304584,26.748708662712264,0.0,0.0,0.0,0.25,0.5,50.0,0.0,0.0,-1,0.0,G4_5_MTF,prior(bearish)=0.25<0.6 OR rev(bullish)=0.50<0.5,-1,0.0,0.0,
XRP/USDT,655,2026-04-06 05:00:00,long,0.69164,67.99,60.14,1.3402,0.00945,unknown,,,,False,False,0.0,0.0,50.0,0.0,0.0,0.0,0.0,0.0,50.0,0.0,0.0,-1,0.0,G3_MIN_QUALITY,edge=68.0 < MIN_QUALITY_SCORE=70.0,-1,0.0,0.0,
XRP/USDT,656,2026-04-06 06:00:00,long,0.69092,73.08,60.14,1.3414,0.009693,unknown,,,,True,False,0.0,0.6331915310254422,35.9789151370685,0.0,0.0,0.0,0.5,1.0,50.0,0.0,0.0,-1,0.0,G4_5_MTF,prior(bearish)=0.50<0.6 OR rev(bullish)=1.00<0.5,-1,0.0,0.0,
XRP/USDT,657,2026-04-06 07:00:00,long,0.69621,74.22,60.14,1.3443,0.00985,unknown,,,,True,False,0.0,0.6488352386953926,36.63180084404956,0.0,0.0,0.0,0.5,1.0,50.0,0.0,0.0,-1,0.0,G4_5_MTF,prior(bearish)=0.50<0.6 OR rev(bullish)=1.00<0.5,-1,0.0,0.0,
XRP/USDT,658,2026-04-06 08:00:00,long,0.68718,68.6,60.14,1.3389,0.009986,unknown,,,,False,False,0.0,0.0,50.0,0.0,0.0,0.0,0.0,0.0,50.0,0.0,0.0,-1,0.0,G3_MIN_QUALITY,edge=68.6 < MIN_QUALITY_SCORE=70.0,-1,0.0,0.0,
XRP/USDT,659,2026-04-06 09:00:00,long,0.7037,76.5,60.14,1.3525,0.010836,unknown,,,,True,False,0.0,0.7232764183226245,31.85150298934784,1.0,0.0,0.0,0.25,0.5,50.0,0.0,0.0,-1,0.0,G4_5_MTF,prior(bearish)=0.25<0.6 OR rev(bullish)=0.50<0.5,-1,0.0,0.0,
XRP/USDT,660,2026-04-06 10:00:00,long,0.70352,69.94,60.14,1.3531,0.010707,unknown,,,,False,False,0.0,0.0,50.0,0.0,0.0,0.0,0.0,0.0,50.0,0.0,0.0,-1,0.0,G3_MIN_QUALITY,edge=69.9 < MIN_QUALITY_SCORE=70.0,-1,0.0,0.0,
XRP/USDT,661,2026-04-06 11:00:00,long,0.69703,69.23,60.14,1.3499,0.010643,unknown,,,,False,False,0.0,0.0,50.0,0.0,0.0,0.0,0.0,0.0,50.0,0.0,0.0,-1,0.0,G3_MIN_QUALITY,edge=69.2 < MIN_QUALITY_SCORE=70.0,-1,0.0,0.0,
XRP/USDT,662,2026-04-06 12:00:00,long,0.6581,67.15,60.14,1.3433,0.010114,unknown,,,,False,False,0.0,0.0,50.0,0.0,0.0,0.0,0.0,0.0,50.0,0.0,0.0,-1,0.0,G3_MIN_QUALITY,edge=67.2 < MIN_QUALITY_SCORE=70.0,-1,0.0,0.0,
XRP/USDT,663,2026-04-06 13:00:00,long,0.66058,73.63,60.14,1.3469,0.009071,unknown,,,,True,False,0.0,0.5669315730524924,57.62892167698974,0.0,0.0,0.0,0.25,0.0,50.0,0.0,0.0,-1,0.0,G4_5_MTF,prior(bearish)=0.25<0.6 OR rev(bullish)=0.00<0.5,-1,0.0,0.0,
XRP/USDT,664,2026-04-06 14:00:00,long,0.66504,78.24,60.14,1.3478,0.009,unknown,,,,True,False,0.0,0.5194326734147757,57.13690428945816,0.0,0.0,0.0,0.5,0.5,50.0,0.0,0.0,-1,0.0,G4_5_MTF,prior(bearish)=0.50<0.6 OR rev(bullish)=0.50<0.5,-1,0.0,0.0,
XRP/USDT,665,2026-04-06 15:00:00,long,0.67302,73.49,60.14,1.3504,0.008929,unknown,,,,True,False,0.0,0.5389473151771486,60.700260695559365,0.0,0.0,0.0,0.5,1.0,50.0,0.0,0.0,-1,0.0,G4_5_MTF,prior(bearish)=0.50<0.6 OR rev(bullish)=1.00<0.5,-1,0.0,0.0,
XRP/USDT,666,2026-04-06 16:00:00,long,0.66382,69.5,60.14,1.3434,0.008379,unknown,,,,False,False,0.0,0.0,50.0,0.0,0.0,0.0,0.0,0.0,50.0,0.0,0.0,-1,0.0,G3_MIN_QUALITY,edge=69.5 < MIN_QUALITY_SCORE=70.0,-1,0.0,0.0,
XRP/USDT,667,2026-04-06 17:00:00,long,0.65686,73.4,60.14,1.3392,0.008579,unknown,,,,True,False,0.0,0.1961112315535634,67.84022524762914,0.0,0.0,0.0,0.5,0.5,50.0,0.0,0.0,-1,0.0,G4_5_MTF,prior(bearish)=0.50<0.6 OR rev(bullish)=0.50<0.5,-1,0.0,0.0,
XRP/USDT,668,2026-04-06 18:00:00,long,0.66199,69.69,60.14,1.3411,0.008579,unknown,,,,False,False,0.0,0.0,50.0,0.0,0.0,0.0,0.0,0.0,50.0,0.0,0.0,-1,0.0,G3_MIN_QUALITY,edge=69.7 < MIN_QUALITY_SCORE=70.0,-1,0.0,0.0,
XRP/USDT,669,2026-04-06 19:00:00,long,0.65667,66.48,60.14,1.3415,0.008721,unknown,,,,False,False,0.0,0.0,50.0,0.0,0.0,0.0,0.0,0.0,50.0,0.0,0.0,-1,0.0,G3_MIN_QUALITY,edge=66.5 < MIN_QUALITY_SCORE=70.0,-1,0.0,0.0,
XRP/USDT,670,2026-04-06 20:00:00,long,0.65937,64.47,60.14,1.3412,0.008357,unknown,,,,False,False,0.0,0.0,50.0,0.0,0.0,0.0,0.0,0.0,50.0,0.0,0.0,-1,0.0,G3_MIN_QUALITY,edge=64.5 < MIN_QUALITY_SCORE=70.0,-1,0.0,0.0,
XRP/USDT,671,2026-04-06 21:00:00,long,0.6579,72.65,60.14,1.3357,0.0082,unknown,,,,False,False,0.0,-0.20803712561765442,65.99109409844893,0.0,0.0,0.0,0.5,0.5,50.0,0.0,0.0,-1,0.0,G4_5_MTF,prior(bearish)=0.50<0.6 OR rev(bullish)=0.50<0.5,-1,0.0,0.0,
XRP/USDT,672,2026-04-06 22:00:00,long,0.67018,74.44,60.14,1.3185,0.008864,unknown,,,,False,False,0.0,-0.6340151050433853,45.1285954243967,-1.0,0.0,0.0,0.5,0.0,50.0,0.0,0.0,-1,0.0,G4_5_MTF,prior(bearish)=0.50<0.6 OR rev(bullish)=0.00<0.5,-1,0.0,0.0,
XRP/USDT,673,2026-04-06 23:00:00,long,0.65425,88.16,60.14,1.3212,0.008229,unknown,,,,False,True,0.0,-0.49916887170619795,39.54958435431076,0.0,0.0,0.0,0.5,0.0,50.0,0.0,0.0,-1,0.0,G4_5_MTF,prior(bearish)=0.50<0.6 OR rev(bullish)=0.00<0.5,-1,0.0,0.0,
XRP/USDT,674,2026-04-07 00:00:00,long,0.54468,78.67,60.14,1.3214,0.008314,unknown,,,,False,True,0.0,-0.524629994008046,41.37873535566965,0.0,0.0,0.0,0.5,0.5,50.0,0.0,0.0,-1,0.0,G4_5_MTF,prior(bearish)=0.50<0.6 OR rev(bullish)=0.50<0.5,-1,0.0,0.0,
XRP/USDT,675,2026-04-07 01:00:00,long,0.55372,78.16,60.14,1.3146,0.008686,unknown,,,,False,True,0.0,-0.680241691600363,40.77579027769577,0.0,0.0,0.0,0.75,1.0,20.53421890686029,-4.058127243945254,0.09431626393343429,26,0.006607,TRADE,edge=78.2 meta_conf=0.5537,686,1.302874,-0.0117,LOSS
XRP/USDT,687,2026-04-07 13:00:00,long,0.56492,82.64,60.14,1.3048,0.008386,unknown,,,,False,True,0.0,-0.6063767982570828,58.65876448784093,0.0,0.0,0.0,0.25,0.5,50.0,0.0,0.0,-1,0.0,G4_5_MTF,prior(bearish)=0.25<0.6 OR rev(bullish)=0.50<0.5,-1,0.0,0.0,
XRP/USDT,688,2026-04-07 14:00:00,long,0.5711,100.0,60.14,1.2966,0.008557,unknown,,,,False,True,0.0,-0.7189753008196633,54.15603040242789,-1.0,0.0,0.0,0.5,0.5,50.0,0.0,0.0,-1,0.0,G4_5_MTF,prior(bearish)=0.50<0.6 OR rev(bullish)=0.50<0.5,-1,0.0,0.0,
XRP/USDT,689,2026-04-07 15:00:00,long,0.57027,86.93,60.14,1.2976,0.008336,unknown,,,,False,True,0.0,-0.5964375377033753,51.817075947020605,0.0,0.0,0.0,0.5,0.0,50.0,0.0,0.0,-1,0.0,G4_5_MTF,prior(bearish)=0.50<0.6 OR rev(bullish)=0.00<0.5,-1,0.0,0.0,
XRP/USDT,690,2026-04-07 16:00:00,long,0.56765,90.61,60.14,1.3007,0.008393,unknown,,,,False,True,0.0,-0.5080885469455239,51.75455308683295,0.0,0.0,0.0,0.75,0.5,33.466924478217706,1.2064461303582728,0.21845874664628995,4,0.006453,TRADE,edge=90.6 meta_conf=0.5676,695,1.323361,0.0227,WIN
XRP/USDT,696,2026-04-07 22:00:00,long,0.58409,88.46,60.14,1.3735,0.0129,unknown,,,,True,False,0.0,0.7180798863936008,19.0149672361795,1.0,0.0,0.0,0.25,1.0,50.0,0.0,0.0,-1,0.0,G4_5_MTF,prior(bearish)=0.25<0.6 OR rev(bullish)=1.00<0.5,-1,0.0,0.0,
XRP/USDT,697,2026-04-07 23:00:00,long,0.5655,88.17,60.14,1.3787,0.014507,unknown,,,,True,False,0.0,0.6996202647968409,11.399949687076287,1.0,0.0,0.0,0.25,1.0,50.0,0.0,0.0,-1,0.0,G4_5_MTF,prior(bearish)=0.25<0.6 OR rev(bullish)=1.00<0.5,-1,0.0,0.0,
XRP/USDT,698,2026-04-08 00:00:00,long,0.57357,82.51,60.14,1.3665,0.015121,unknown,,,,False,False,0.0,0.5820236498370075,13.063687751863277,0.0,0.0,0.0,0.25,1.0,50.0,0.0,0.0,-1,0.0,G4_5_MTF,prior(bearish)=0.25<0.6 OR rev(bullish)=1.00<0.5,-1,0.0,0.0,
XRP/USDT,699,2026-04-08 01:00:00,long,0.58469,78.58,60.14,1.3698,0.015371,unknown,,,,False,False,0.0,0.7092055517556876,14.728148107725,0.0,0.0,0.0,0.0,0.5,50.0,0.0,0.0,-1,0.0,G4_5_MTF,prior(bearish)=0.00<0.6 OR rev(bullish)=0.50<0.5,-1,0.0,0.0,
XRP/USDT,700,2026-04-08 02:00:00,long,0.61057,77.93,60.14,1.3744,0.0151,unknown,,,,False,False,0.0,0.7165636121702477,16.352074558644087,0.0,0.0,0.0,0.0,0.5,50.0,0.0,0.0,-1,0.0,G4_5_MTF,prior(bearish)=0.00<0.6 OR rev(bullish)=0.50<0.5,-1,0.0,0.0,
XRP/USDT,701,2026-04-08 03:00:00,long,0.61535,77.52,60.14,1.37,0.0151,unknown,,,,False,False,0.0,0.5634993763849047,17.949207585482984,0.0,0.0,0.0,0.25,1.0,50.0,0.0,0.0,-1,0.0,G4_5_MTF,prior(bearish)=0.25<0.6 OR rev(bullish)=1.00<0.5,-1,0.0,0.0,
XRP/USDT,702,2026-04-08 04:00:00,long,0.6307,69.3,60.14,1.3761,0.0151,unknown,,,,False,False,0.0,0.0,50.0,0.0,0.0,0.0,0.0,0.0,50.0,0.0,0.0,-1,0.0,G3_MIN_QUALITY,edge=69.3 < MIN_QUALITY_SCORE=70.0,-1,0.0,0.0,
XRP/USDT,703,2026-04-08 05:00:00,long,0.62334,69.12,60.14,1.3845,0.015443,unknown,,,,False,False,0.0,0.0,50.0,0.0,0.0,0.0,0.0,0.0,50.0,0.0,0.0,-1,0.0,G3_MIN_QUALITY,edge=69.1 < MIN_QUALITY_SCORE=70.0,-1,0.0,0.0,
XRP/USDT,704,2026-04-08 06:00:00,long,0.62214,66.0,60.14,1.3799,0.015407,unknown,,,,False,False,0.0,0.0,50.0,0.0,0.0,0.0,0.0,0.0,50.0,0.0,0.0,-1,0.0,G3_MIN_QUALITY,edge=66.0 < MIN_QUALITY_SCORE=70.0,-1,0.0,0.0,
XRP/USDT,705,2026-04-08 07:00:00,long,0.61528,65.3,60.14,1.3797,0.014836,unknown,,,,False,False,0.0,0.0,50.0,0.0,0.0,0.0,0.0,0.0,50.0,0.0,0.0,-1,0.0,G3_MIN_QUALITY,edge=65.3 < MIN_QUALITY_SCORE=70.0,-1,0.0,0.0,
XRP/USDT,706,2026-04-08 08:00:00,long,0.6034,64.85,60.14,1.3812,0.014564,unknown,,,,False,False,0.0,0.0,50.0,0.0,0.0,0.0,0.0,0.0,50.0,0.0,0.0,-1,0.0,G3_MIN_QUALITY,edge=64.8 < MIN_QUALITY_SCORE=70.0,-1,0.0,0.0,
XRP/USDT,707,2026-04-08 09:00:00,long,0.6006,64.53,60.14,1.3809,0.014236,unknown,,,,False,False,0.0,0.0,50.0,0.0,0.0,0.0,0.0,0.0,50.0,0.0,0.0,-1,0.0,G3_MIN_QUALITY,edge=64.5 < MIN_QUALITY_SCORE=70.0,-1,0.0,0.0,
XRP/USDT,708,2026-04-08 10:00:00,long,0.59852,66.03,60.14,1.3835,0.014079,unknown,,,,False,False,0.0,0.0,50.0,0.0,0.0,0.0,0.0,0.0,50.0,0.0,0.0,-1,0.0,G3_MIN_QUALITY,edge=66.0 < MIN_QUALITY_SCORE=70.0,-1,0.0,0.0,
XRP/USDT,709,2026-04-08 11:00:00,long,0.58348,65.01,60.14,1.3781,0.013443,unknown,,,,False,False,0.0,0.0,50.0,0.0,0.0,0.0,0.0,0.0,50.0,0.0,0.0,-1,0.0,G3_MIN_QUALITY,edge=65.0 < MIN_QUALITY_SCORE=70.0,-1,0.0,0.0,
XRP/USDT,710,2026-04-08 12:00:00,long,0.58,74.76,60.14,1.3803,0.011436,unknown,,,,True,False,0.0,0.5559612661422787,65.57514996279063,0.0,0.0,0.0,0.75,0.5,55.57375773717048,-0.3825763353671984,-0.7784625392160267,-1,0.0,G5_RSI_ACCEL,rsi_accel=-0.7785<-0.08 (RSI free-fall),-1,0.0,0.0,
XRP/USDT,711,2026-04-08 13:00:00,long,0.57409,82.53,60.14,1.3742,0.010507,unknown,,,,False,False,0.0,0.310542681605277,72.21835327926523,0.0,0.0,0.0,0.5,0.5,50.0,0.0,0.0,-1,0.0,G4_5_MTF,prior(bearish)=0.50<0.6 OR rev(bullish)=0.50<0.5,-1,0.0,0.0,
XRP/USDT,712,2026-04-08 14:00:00,long,0.57256,82.45,60.14,1.3502,0.010907,unknown,,,,False,False,0.0,-0.3039887688642948,56.174112080290854,0.0,0.0,0.0,0.5,0.5,50.0,0.0,0.0,-1,0.0,G4_5_MTF,prior(bearish)=0.50<0.6 OR rev(bullish)=0.50<0.5,-1,0.0,0.0,
XRP/USDT,713,2026-04-08 15:00:00,long,0.56862,76.78,60.14,1.3549,0.010814,unknown,,,,False,False,0.0,-0.19262660576429447,55.28050944152308,0.0,0.0,0.0,0.5,0.0,50.0,0.0,0.0,-1,0.0,G4_5_MTF,prior(bearish)=0.50<0.6 OR rev(bullish)=0.00<0.5,-1,0.0,0.0,
XRP/USDT,714,2026-04-08 16:00:00,long,0.56768,74.69,60.14,1.3572,0.010771,unknown,,,,False,False,0.0,-0.1900098002100517,54.41175634308777,0.0,0.0,0.0,0.5,0.5,50.0,0.0,0.0,-1,0.0,G4_5_MTF,prior(bearish)=0.50<0.6 OR rev(bullish)=0.50<0.5,-1,0.0,0.0,
XRP/USDT,715,2026-04-08 17:00:00,long,0.58132,75.64,60.14,1.3621,0.010786,unknown,,,,False,False,0.0,-0.11167987780684598,53.52558616748829,0.0,0.0,0.0,0.75,1.0,44.61117838258529,-4.094816624690204,-0.32565450966964127,-1,0.0,G5_RSI_ACCEL,rsi_accel=-0.3257<-0.08 (RSI free-fall),-1,0.0,0.0,
XRP/USDT,716,2026-04-08 18:00:00,long,0.57053,71.98,60.14,1.3481,0.011236,unknown,,,,False,False,0.0,-0.4722086398267925,52.71386087740323,0.0,0.0,0.0,0.5,1.0,50.0,0.0,0.0,-1,0.0,G4_5_MTF,prior(bearish)=0.50<0.6 OR rev(bullish)=1.00<0.5,-1,0.0,0.0,
XRP/USDT,717,2026-04-08 19:00:00,long,0.5614,71.21,60.14,1.3519,0.010929,unknown,,,,False,False,0.0,-0.36932676540854886,50.982630499734604,0.0,0.0,0.0,0.5,0.5,50.0,0.0,0.0,-1,0.0,G4_5_MTF,prior(bearish)=0.50<0.6 OR rev(bullish)=0.50<0.5,-1,0.0,0.0,
XRP/USDT,718,2026-04-08 20:00:00,long,0.56556,68.85,60.14,1.3486,0.010936,unknown,,,,False,False,0.0,0.0,50.0,0.0,0.0,0.0,0.0,0.0,50.0,0.0,0.0,-1,0.0,G3_MIN_QUALITY,edge=68.8 < MIN_QUALITY_SCORE=70.0,-1,0.0,0.0,
XRP/USDT,719,2026-04-08 21:00:00,long,0.5422,71.44,60.14,1.3528,0.011086,unknown,,,,False,False,0.0,-0.32365321391170115,49.1480146757971,0.0,0.0,0.0,0.25,0.5,50.0,0.0,0.0,-1,0.0,G4_5_MTF,prior(bearish)=0.25<0.6 OR rev(bullish)=0.50<0.5,-1,0.0,0.0,
XRP/USDT,720,2026-04-08 22:00:00,long,0.54621,80.49,60.14,1.3446,0.011307,unknown,,,,False,True,0.0,-0.5685507866238105,48.31232807084307,0.0,0.0,0.0,0.25,0.5,50.0,0.0,0.0,-1,0.0,G4_5_MTF,prior(bearish)=0.25<0.6 OR rev(bullish)=0.50<0.5,-1,0.0,0.0,
XRP/USDT,721,2026-04-08 23:00:00,long,0.53053,81.38,60.14,1.3428,0.011071,unknown,,,,False,True,0.0,-0.6112045990573007,43.23404038752546,-1.0,0.0,0.0,0.5,0.5,50.0,0.0,0.0,-1,0.0,G4_5_MTF,prior(bearish)=0.50<0.6 OR rev(bullish)=0.50<0.5,-1,0.0,0.0,
XRP/USDT,722,2026-04-09 00:00:00,long,0.61354,83.54,60.14,1.3398,0.011257,unknown,,,,False,True,0.0,-0.5843258162597805,39.278482998132624,0.0,0.0,0.0,0.5,0.0,50.0,0.0,0.0,-1,0.0,G4_5_MTF,prior(bearish)=0.50<0.6 OR rev(bullish)=0.00<0.5,-1,0.0,0.0,
XRP/USDT,723,2026-04-09 01:00:00,long,0.62101,92.44,60.14,1.3345,0.011279,unknown,,,,False,True,0.0,-0.6365600612878465,33.82773457639445,0.0,0.0,0.0,0.5,0.0,50.0,0.0,0.0,-1,0.0,G4_5_MTF,prior(bearish)=0.50<0.6 OR rev(bullish)=0.00<0.5,-1,0.0,0.0,
XRP/USDT,724,2026-04-09 02:00:00,long,0.62942,81.86,60.14,1.3342,0.010943,unknown,,,,False,True,0.0,-0.6220984534798726,33.70652402572991,0.0,0.0,0.0,0.75,0.0,50.0,0.0,0.0,-1,0.0,G4_5_MTF,prior(bearish)=0.75<0.6 OR rev(bullish)=0.00<0.5,-1,0.0,0.0,
XRP/USDT,725,2026-04-09 03:00:00,long,0.60766,85.45,60.14,1.3311,0.010321,unknown,,,,False,True,0.0,-0.6772792465979087,43.77059006282106,0.0,0.0,0.0,0.75,0.0,50.0,0.0,0.0,-1,0.0,G4_5_MTF,prior(bearish)=0.75<0.6 OR rev(bullish)=0.00<0.5,-1,0.0,0.0,
XRP/USDT,726,2026-04-09 04:00:00,long,0.58952,87.78,60.14,1.3316,0.008586,unknown,,,,False,True,0.0,-0.5288901654272453,53.2686133077956,0.0,0.0,0.0,1.0,0.0,50.0,0.0,0.0,-1,0.0,G4_5_MTF,prior(bearish)=1.00<0.6 OR rev(bullish)=0.00<0.5,-1,0.0,0.0,
XRP/USDT,727,2026-04-09 05:00:00,long,0.60326,90.21,60.14,1.3332,0.00835,unknown,,,,False,True,0.0,-0.5176924755430037,52.64645300043501,0.0,0.0,0.0,1.0,0.5,30.72823392193122,-0.8175407612506195,0.2854626818951612,32,0.006263,TRADE,edge=90.2 meta_conf=0.6033,736,1.321927,-0.0113,LOSS
XRP/USDT,737,2026-04-09 15:00:00,long,0.6375,96.33,60.14,1.3523,0.008064,unknown,,,,True,False,0.0,0.48176042203299463,46.27413353957767,0.0,0.0,0.0,0.5,0.5,50.0,0.0,0.0,-1,0.0,G4_5_MTF,prior(bearish)=0.50<0.6 OR rev(bullish)=0.50<0.5,-1,0.0,0.0,
XRP/USDT,738,2026-04-09 16:00:00,long,0.6141,80.19,60.14,1.3524,0.0087,unknown,,,,True,False,0.0,0.47577629533291693,40.74259709931465,0.0,0.0,0.0,0.75,1.0,69.27964046790328,2.3413661841851696,0.7885873674715531,2,0.0,G6_COOLDOWN,bars_since_exit=2 < cooldown=3,-1,0.0,0.0,
XRP/USDT,739,2026-04-09 17:00:00,long,0.64313,66.43,60.14,1.3585,0.008786,unknown,,,,False,False,0.0,0.0,50.0,0.0,0.0,0.0,0.0,0.0,50.0,0.0,0.0,-1,0.0,G3_MIN_QUALITY,edge=66.4 < MIN_QUALITY_SCORE=70.0,-1,0.0,0.0,
XRP/USDT,740,2026-04-09 18:00:00,long,0.61551,62.56,60.14,1.3553,0.00905,unknown,,,,False,False,0.0,0.0,50.0,0.0,0.0,0.0,0.0,0.0,50.0,0.0,0.0,-1,0.0,G3_MIN_QUALITY,edge=62.6 < MIN_QUALITY_SCORE=70.0,-1,0.0,0.0,
XRP/USDT,741,2026-04-09 19:00:00,long,0.62016,61.43,60.14,1.3559,0.009329,unknown,,,,False,False,0.0,0.0,50.0,0.0,0.0,0.0,0.0,0.0,50.0,0.0,0.0,-1,0.0,G3_MIN_QUALITY,edge=61.4 < MIN_QUALITY_SCORE=70.0,-1,0.0,0.0,
XRP/USDT,742,2026-04-09 20:00:00,long,0.63889,61.05,60.14,1.3566,0.009036,unknown,,,,False,False,0.0,0.0,50.0,0.0,0.0,0.0,0.0,0.0,50.0,0.0,0.0,-1,0.0,G3_MIN_QUALITY,edge=61.0 < MIN_QUALITY_SCORE=70.0,-1,0.0,0.0,
XRP/USDT,743,2026-04-09 21:00:00,long,0.63052,70.63,60.14,1.3534,0.009507,unknown,,,,True,False,0.0,0.40718953426100774,39.86403884955695,0.0,0.0,0.0,0.25,1.0,50.0,0.0,0.0,-1,0.0,G4_5_MTF,prior(bearish)=0.25<0.6 OR rev(bullish)=1.00<0.5,-1,0.0,0.0,
XRP/USDT,744,2026-04-09 22:00:00,long,0.63817,82.1,60.14,1.3525,0.010364,unknown,,,,True,False,0.0,0.4583447791383991,33.57998306247872,0.0,0.0,0.0,0.25,0.5,50.0,0.0,0.0,-1,0.0,G4_5_MTF,prior(bearish)=0.25<0.6 OR rev(bullish)=0.50<0.5,-1,0.0,0.0,
XRP/USDT,745,2026-04-09 23:00:00,long,0.65327,81.0,60.14,1.3438,0.010814,unknown,,,,False,False,0.0,0.17164966400187423,34.70225536238362,0.0,0.0,0.0,0.25,0.0,50.0,0.0,0.0,-1,0.0,G4_5_MTF,prior(bearish)=0.25<0.6 OR rev(bullish)=0.00<0.5,-1,0.0,0.0,
XRP/USDT,746,2026-04-10 00:00:00,long,0.65218,81.42,60.14,1.3451,0.010921,unknown,,,,False,False,0.0,0.3446314431125568,35.86483133016682,0.0,0.0,0.0,0.5,0.0,50.0,0.0,0.0,-1,0.0,G4_5_MTF,prior(bearish)=0.50<0.6 OR rev(bullish)=0.00<0.5,-1,0.0,0.0,
XRP/USDT,747,2026-04-10 01:00:00,long,0.64942,85.55,60.14,1.3435,0.010929,unknown,,,,False,False,0.0,0.25869727458954056,36.97999674403946,0.0,0.0,0.0,0.5,0.5,50.0,0.0,0.0,-1,0.0,G4_5_MTF,prior(bearish)=0.50<0.6 OR rev(bullish)=0.50<0.5,-1,0.0,0.0,
XRP/USDT,748,2026-04-10 02:00:00,long,0.64764,77.73,60.14,1.3433,0.01085,unknown,,,,False,False,0.0,0.19402269275448092,38.0922994573208,0.0,0.0,0.0,0.75,0.5,61.7187331237839,0.9877647288186149,-0.9736301083520102,-1,0.0,G5_RSI_ACCEL,rsi_accel=-0.9736<-0.08 (RSI free-fall),-1,0.0,0.0,
XRP/USDT,749,2026-04-10 03:00:00,long,0.62579,87.42,60.14,1.3412,0.010757,unknown,,,,False,True,0.0,-0.03207509423498913,39.160795321507045,0.0,0.0,0.0,0.75,0.0,50.0,0.0,0.0,-1,0.0,G4_5_MTF,prior(bearish)=0.75<0.6 OR rev(bullish)=0.00<0.5,-1,0.0,0.0,
XRP/USDT,750,2026-04-10 04:00:00,long,0.61203,77.23,60.14,1.3463,0.010443,unknown,,,,False,False,0.0,0.20474121570740053,47.18193613623217,0.0,0.0,0.0,0.75,0.0,50.0,0.0,0.0,-1,0.0,G4_5_MTF,prior(bearish)=0.75<0.6 OR rev(bullish)=0.00<0.5,-1,0.0,0.0,
XRP/USDT,751,2026-04-10 05:00:00,long,0.59762,74.0,60.14,1.3436,0.009064,unknown,,,,False,False,0.0,-0.19719831058067733,58.87116220331513,0.0,0.0,0.0,0.75,0.5,38.0821771739593,-1.7985209299028952,-0.7469728242047691,-1,0.0,G5_RSI_ACCEL,rsi_accel=-0.7470<-0.08 (RSI free-fall),-1,0.0,0.0,
XRP/USDT,752,2026-04-10 06:00:00,long,0.59153,75.19,60.14,1.3422,0.008629,unknown,,,,False,False,0.0,-0.3207135044619414,57.579948421689366,0.0,0.0,0.0,0.75,0.5,36.50792298648359,-2.4389610391467897,-0.6404401092438945,-1,0.0,G5_RSI_ACCEL,rsi_accel=-0.6404<-0.08 (RSI free-fall),-1,0.0,0.0,
XRP/USDT,753,2026-04-10 07:00:00,long,0.60539,84.37,60.14,1.337,0.00855,unknown,,,,False,True,0.0,-0.4487500707389391,53.149713841500535,0.0,0.0,0.0,0.75,0.0,50.0,0.0,0.0,-1,0.0,G4_5_MTF,prior(bearish)=0.75<0.6 OR rev(bullish)=0.00<0.5,-1,0.0,0.0,
XRP/USDT,754,2026-04-10 08:00:00,long,0.60906,89.79,60.14,1.3395,0.008757,unknown,,,,False,True,0.0,-0.26570247627502763,52.18810026184706,0.0,0.0,0.0,0.75,0.0,50.0,0.0,0.0,-1,0.0,G4_5_MTF,prior(bearish)=0.75<0.6 OR rev(bullish)=0.00<0.5,-1,0.0,0.0,
XRP/USDT,755,2026-04-10 09:00:00,long,0.60644,84.75,60.14,1.3387,0.008643,unknown,,,,False,True,0.0,-0.3589366928878117,51.999277522596515,0.0,0.0,0.0,0.0,0.0,50.0,0.0,0.0,-1,0.0,G3_5_ADX,adx=24.9 < 25 (weak trend),-1,0.0,0.0,
XRP/USDT,756,2026-04-10 10:00:00,long,0.6053,71.23,60.14,1.3374,0.008571,unknown,,,,False,True,0.0,-0.4787186007132424,51.870892470227595,0.0,0.0,0.0,0.0,0.0,50.0,0.0,0.0,-1,0.0,G3_5_ADX,adx=22.7 < 25 (weak trend),-1,0.0,0.0,
XRP/USDT,757,2026-04-10 11:00:00,long,0.609,65.09,60.14,1.3415,0.008329,unknown,,,,False,False,0.0,0.0,50.0,0.0,0.0,0.0,0.0,0.0,50.0,0.0,0.0,-1,0.0,G3_MIN_QUALITY,edge=65.1 < MIN_QUALITY_SCORE=70.0,-1,0.0,0.0,
XRP/USDT,758,2026-04-10 12:00:00,long,0.5999,63.79,60.14,1.3431,0.007593,unknown,,,,False,False,0.0,0.0,50.0,0.0,0.0,0.0,0.0,0.0,50.0,0.0,0.0,-1,0.0,G3_MIN_QUALITY,edge=63.8 < MIN_QUALITY_SCORE=70.0,-1,0.0,0.0,
XRP/USDT,759,2026-04-10 13:00:00,long,0.59428,55.74,60.14,1.3445,0.0073,unknown,,,,False,False,0.0,0.0,50.0,0.0,0.0,0.0,0.0,0.0,50.0,0.0,0.0,-1,0.0,G2_EDGE,edge=55.7 < thr=60.1,-1,0.0,0.0,
XRP/USDT,760,2026-04-10 14:00:00,long,0.61057,62.55,60.14,1.358,0.007864,unknown,,,,False,False,0.0,0.0,50.0,0.0,0.0,0.0,0.0,0.0,50.0,0.0,0.0,-1,0.0,G3_MIN_QUALITY,edge=62.6 < MIN_QUALITY_SCORE=70.0,-1,0.0,0.0,
XRP/USDT,761,2026-04-10 15:00:00,long,0.61766,77.66,60.14,1.3478,0.008271,unknown,,,,False,True,0.0,0.23380992637991962,57.369230795367315,0.0,0.0,0.0,0.0,0.0,50.0,0.0,0.0,-1,0.0,G3_5_ADX,adx=22.1 < 25 (weak trend),-1,0.0,0.0,
XRP/USDT,762,2026-04-10 16:00:00,long,0.60705,62.75,60.14,1.3515,0.00835,unknown,,,,False,False,0.0,0.0,50.0,0.0,0.0,0.0,0.0,0.0,50.0,0.0,0.0,-1,0.0,G3_MIN_QUALITY,edge=62.7 < MIN_QUALITY_SCORE=70.0,-1,0.0,0.0,
XRP/USDT,763,2026-04-10 17:00:00,long,0.60738,69.07,60.14,1.3553,0.008507,unknown,,,,False,False,0.0,0.0,50.0,0.0,0.0,0.0,0.0,0.0,50.0,0.0,0.0,-1,0.0,G3_MIN_QUALITY,edge=69.1 < MIN_QUALITY_SCORE=70.0,-1,0.0,0.0,
XRP/USDT,764,2026-04-10 18:00:00,long,0.61487,72.67,60.14,1.3597,0.008464,unknown,,,,True,False,0.0,0.5317199798164206,55.24854416375571,0.0,0.0,0.0,0.25,1.0,50.0,0.0,0.0,-1,0.0,G4_5_MTF,prior(bearish)=0.25<0.6 OR rev(bullish)=1.00<0.5,-1,0.0,0.0,
XRP/USDT,765,2026-04-10 19:00:00,long,0.64512,77.3,60.14,1.3631,0.0084,unknown,,,,True,False,0.0,0.5767133154152322,53.26351032782012,1.0,0.0,0.0,0.25,1.0,50.0,0.0,0.0,-1,0.0,G4_5_MTF,prior(bearish)=0.25<0.6 OR rev(bullish)=1.00<0.5,-1,0.0,0.0,
XRP/USDT,766,2026-04-10 20:00:00,long,0.64912,79.13,60.14,1.3642,0.008314,unknown,,,,True,False,0.0,0.6733982853082817,49.73112406927707,1.0,0.0,0.0,0.25,1.0,50.0,0.0,0.0,-1,0.0,G4_5_MTF,prior(bearish)=0.25<0.6 OR rev(bullish)=1.00<0.5,-1,0.0,0.0,
XRP/USDT,767,2026-04-10 21:00:00,long,0.63363,62.09,60.14,1.3604,0.008257,unknown,,,,False,False,0.0,0.0,50.0,0.0,0.0,0.0,0.0,0.0,50.0,0.0,0.0,-1,0.0,G3_MIN_QUALITY,edge=62.1 < MIN_QUALITY_SCORE=70.0,-1,0.0,0.0,
XRP/USDT,768,2026-04-10 22:00:00,long,0.60993,68.93,60.14,1.3563,0.007871,unknown,,,,False,False,0.0,0.0,50.0,0.0,0.0,0.0,0.0,0.0,50.0,0.0,0.0,-1,0.0,G3_MIN_QUALITY,edge=68.9 < MIN_QUALITY_SCORE=70.0,-1,0.0,0.0,
XRP/USDT,769,2026-04-10 23:00:00,long,0.61394,68.88,60.14,1.3559,0.00755,unknown,,,,False,False,0.0,0.0,50.0,0.0,0.0,0.0,0.0,0.0,50.0,0.0,0.0,-1,0.0,G3_MIN_QUALITY,edge=68.9 < MIN_QUALITY_SCORE=70.0,-1,0.0,0.0,
XRP/USDT,770,2026-04-11 00:00:00,long,0.63683,80.21,60.14,1.3541,0.007436,unknown,,,,True,True,0.0,0.40086622858171334,51.37140569132105,0.0,0.0,0.0,0.25,0.0,50.0,0.0,0.0,-1,0.0,G4_5_MTF,prior(bearish)=0.25<0.6 OR rev(bullish)=0.00<0.5,-1,0.0,0.0,
XRP/USDT,771,2026-04-11 01:00:00,long,0.64322,86.25,60.14,1.3532,0.007329,unknown,,,,True,True,0.0,0.3741321673493201,52.22770354221216,0.0,0.0,0.0,0.5,0.0,50.0,0.0,0.0,-1,0.0,G4_5_MTF,prior(bearish)=0.50<0.6 OR rev(bullish)=0.00<0.5,-1,0.0,0.0,
XRP/USDT,772,2026-04-11 02:00:00,long,0.63958,79.96,60.14,1.355,0.007093,unknown,,,,True,True,0.0,0.3739804100071501,52.05741163568091,0.0,0.0,0.0,0.75,0.0,50.0,0.0,0.0,-1,0.0,G4_5_MTF,prior(bearish)=0.75<0.6 OR rev(bullish)=0.00<0.5,-1,0.0,0.0,
XRP/USDT,773,2026-04-11 03:00:00,long,0.64316,77.21,60.14,1.3506,0.007043,unknown,,,,True,True,0.0,0.09846336483817374,59.7235398037643,0.0,0.0,0.0,1.0,0.5,55.32284861221848,0.021283812574261107,-0.580787662785237,-1,0.0,G5_RSI_ACCEL,rsi_accel=-0.5808<-0.08 (RSI free-fall),-1,0.0,0.0,
XRP/USDT,774,2026-04-11 04:00:00,long,0.59938,75.08,60.14,1.3509,0.00625,unknown,,,,True,True,0.0,-0.0576016147043313,64.487890879196,0.0,0.0,0.0,1.0,0.5,41.950100061192614,-0.5081069100401889,-0.5293907226144501,-1,0.0,G5_RSI_ACCEL,rsi_accel=-0.5294<-0.08 (RSI free-fall),-1,0.0,0.0,
XRP/USDT,775,2026-04-11 05:00:00,long,0.61102,72.53,60.14,1.3476,0.005493,unknown,,,,True,True,0.0,-0.2490524217775188,63.510667323449326,0.0,0.0,0.0,0.75,0.5,49.73116407966916,-1.067398167972424,-0.5592912579322351,-1,0.0,G5_RSI_ACCEL,rsi_accel=-0.5593<-0.08 (RSI free-fall),-1,0.0,0.0,
XRP/USDT,776,2026-04-11 06:00:00,long,0.6088,72.23,60.14,1.3464,0.005286,unknown,,,,True,True,0.0,-0.2921772184189107,58.60144494921206,0.0,0.0,0.0,0.75,0.5,42.65127962196232,-1.702593109316903,-0.6351949413444791,-1,0.0,G5_RSI_ACCEL,rsi_accel=-0.6352<-0.08 (RSI free-fall),-1,0.0,0.0,
XRP/USDT,777,2026-04-11 07:00:00,long,0.61728,71.71,60.14,1.3464,0.004929,unknown,,,,True,True,0.0,-0.31217787005391906,57.26538934698045,0.0,0.0,0.0,0.5,0.0,50.0,0.0,0.0,-1,0.0,G4_5_MTF,prior(bearish)=0.50<0.6 OR rev(bullish)=0.00<0.5,-1,0.0,0.0,
XRP/USDT,778,2026-04-11 08:00:00,long,0.60454,82.0,60.14,1.3455,0.004693,unknown,,,,False,True,0.0,-0.37793562791238816,55.80440639953506,0.0,0.0,0.0,0.5,0.0,50.0,0.0,0.0,-1,0.0,G4_5_MTF,prior(bearish)=0.50<0.6 OR rev(bullish)=0.00<0.5,-1,0.0,0.0,
XRP/USDT,779,2026-04-11 09:00:00,long,0.58983,76.78,60.14,1.3479,0.004814,unknown,,,,True,True,0.0,-0.23030470107831333,51.381128073487204,0.0,0.0,0.0,0.75,0.0,50.0,0.0,0.0,-1,0.0,G4_5_MTF,prior(bearish)=0.75<0.6 OR rev(bullish)=0.00<0.5,-1,0.0,0.0,
XRP/USDT,780,2026-04-11 10:00:00,long,0.60119,70.46,60.14,1.3472,0.004536,unknown,,,,True,True,0.0,-0.4097610716220513,52.77821957295908,0.0,0.0,0.0,0.5,0.5,50.0,0.0,0.0,-1,0.0,G4_5_MTF,prior(bearish)=0.50<0.6 OR rev(bullish)=0.50<0.5,-1,0.0,0.0,
XRP/USDT,781,2026-04-11 11:00:00,long,0.59775,86.28,60.14,1.3457,0.004471,unknown,,,,False,True,0.0,-0.4376578850862002,56.67827897714848,0.0,0.0,0.0,0.75,0.5,18.987330556007592,-4.2298664268288135,-0.08278155443527258,-1,0.0,G5_RSI_ACCEL,rsi_accel=-0.0828<-0.08 (RSI free-fall),-1,0.0,0.0,
XRP/USDT,782,2026-04-11 12:00:00,long,0.6052,85.85,60.14,1.3446,0.004293,unknown,,,,False,True,0.0,-0.44539010360186504,64.51030436863796,0.0,0.0,0.0,0.5,0.0,50.0,0.0,0.0,-1,0.0,G4_5_MTF,prior(bearish)=0.50<0.6 OR rev(bullish)=0.00<0.5,-1,0.0,0.0,
XRP/USDT,783,2026-04-11 13:00:00,long,0.59973,86.26,60.14,1.3449,0.004464,unknown,,,,False,True,0.0,-0.3392555208339422,57.79118177171339,0.0,0.0,0.0,0.5,0.0,50.0,0.0,0.0,-1,0.0,G4_5_MTF,prior(bearish)=0.50<0.6 OR rev(bullish)=0.00<0.5,-1,0.0,0.0,
XRP/USDT,784,2026-04-11 14:00:00,long,0.60333,89.79,60.14,1.3424,0.00475,unknown,,,,False,True,0.0,-0.5212896507923279,56.46569671129828,0.0,0.0,0.0,0.75,0.5,22.535196455739722,-3.544566271298944,0.40676776871575004,48,0.003538,TRADE,edge=89.8 meta_conf=0.6033,786,1.355225,0.0128,WIN
XRP/USDT,787,2026-04-11 17:00:00,long,0.60717,81.92,60.14,1.3531,0.005393,unknown,,,,True,True,0.0,0.2588675279310286,49.28590093303406,0.0,0.0,0.0,0.75,1.0,54.41693421070379,0.001096263335125907,1.3605714683228305,1,0.0,G6_COOLDOWN,bars_since_exit=1 < cooldown=3,-1,0.0,0.0,
XRP/USDT,788,2026-04-11 18:00:00,long,0.66555,99.13,60.14,1.3642,0.006229,unknown,,,,True,False,0.0,0.7341187841500901,34.98910574041181,1.0,0.0,0.0,0.5,0.5,50.0,0.0,0.0,-1,0.0,G4_5_MTF,prior(bearish)=0.50<0.6 OR rev(bullish)=0.50<0.5,-1,0.0,0.0,
XRP/USDT,789,2026-04-11 19:00:00,long,0.67353,89.63,60.14,1.3712,0.00675,unknown,,,,True,False,0.0,0.7454218447090436,25.946081125927122,1.0,0.0,0.0,0.25,0.5,50.0,0.0,0.0,-1,0.0,G4_5_MTF,prior(bearish)=0.25<0.6 OR rev(bullish)=0.50<0.5,-1,0.0,0.0,
XRP/USDT,790,2026-04-11 20:00:00,long,0.66182,95.37,60.14,1.3616,0.007543,unknown,,,,True,False,0.0,0.5595771183441841,27.131954549692207,0.0,0.0,0.0,0.5,1.0,50.0,0.0,0.0,-1,0.0,G4_5_MTF,prior(bearish)=0.50<0.6 OR rev(bullish)=1.00<0.5,-1,0.0,0.0,
XRP/USDT,791,2026-04-11 21:00:00,long,0.65627,77.1,60.14,1.3623,0.00785,unknown,,,,True,False,0.0,0.5889917767959006,28.613712877037862,0.0,0.0,0.0,0.25,0.5,50.0,0.0,0.0,-1,0.0,G4_5_MTF,prior(bearish)=0.25<0.6 OR rev(bullish)=0.50<0.5,-1,0.0,0.0,
XRP/USDT,792,2026-04-11 22:00:00,long,0.65833,79.14,60.14,1.3617,0.008293,unknown,,,,True,False,0.0,0.5033999818169081,30.36338049953348,0.0,0.0,0.0,0.25,0.5,50.0,0.0,0.0,-1,0.0,G4_5_MTF,prior(bearish)=0.25<0.6 OR rev(bullish)=0.50<0.5,-1,0.0,0.0,
XRP/USDT,793,2026-04-11 23:00:00,long,0.65214,94.4,60.14,1.3546,0.00855,unknown,,,,False,True,0.0,0.3346550015906111,32.09743770157925,0.0,0.0,0.0,0.5,0.5,50.0,0.0,0.0,-1,0.0,G4_5_MTF,prior(bearish)=0.50<0.6 OR rev(bullish)=0.50<0.5,-1,0.0,0.0,
XRP/USDT,794,2026-04-12 00:00:00,long,0.64789,89.64,60.14,1.3537,0.008621,unknown,,,,False,True,0.0,0.23806243110259775,33.907299646771506,0.0,0.0,0.0,0.25,0.0,50.0,0.0,0.0,-1,0.0,G4_5_MTF,prior(bearish)=0.25<0.6 OR rev(bullish)=0.00<0.5,-1,0.0,0.0,
XRP/USDT,795,2026-04-12 01:00:00,long,0.75914,100.0,60.14,1.3296,0.010343,unknown,,,,False,True,0.0,-0.5355075539937747,24.317856296455673,-1.0,0.0,0.0,0.5,0.0,50.0,0.0,0.0,-1,0.0,G4_5_MTF,prior(bearish)=0.50<0.6 OR rev(bullish)=0.00<0.5,-1,0.0,0.0,
XRP/USDT,796,2026-04-12 02:00:00,long,0.75051,92.82,60.14,1.3345,0.010943,unknown,,,,False,True,0.0,-0.543578394950228,26.462810152162938,0.0,0.0,0.0,0.75,0.0,50.0,0.0,0.0,-1,0.0,G4_5_MTF,prior(bearish)=0.75<0.6 OR rev(bullish)=0.00<0.5,-1,0.0,0.0,
XRP/USDT,797,2026-04-12 03:00:00,long,0.73678,88.16,60.14,1.3302,0.011043,unknown,,,,False,True,0.0,-0.6765627717607615,28.874179641556783,0.0,0.0,0.0,0.75,0.5,41.54199560888456,0.38529084981968886,-1.2132795769990734,-1,0.0,G5_RSI_ACCEL,rsi_accel=-1.2133<-0.08 (RSI free-fall),-1,0.0,0.0,
XRP/USDT,798,2026-04-12 04:00:00,long,0.74796,88.55,60.14,1.3279,0.010786,unknown,,,,False,True,0.0,-0.7136499799612177,30.959208597328924,0.0,0.0,0.0,1.0,0.5,41.6378248797054,-0.9306759345583357,-1.3159667843780247,-1,0.0,G5_RSI_ACCEL,rsi_accel=-1.3160<-0.08 (RSI free-fall),-1,0.0,0.0,
XRP/USDT,799,2026-04-12 05:00:00,long,0.73211,68.06,60.14,1.3305,0.010571,unknown,,,,False,False,0.0,0.0,50.0,0.0,0.0,0.0,0.0,0.0,50.0,0.0,0.0,-1,0.0,G3_MIN_QUALITY,edge=68.1 < MIN_QUALITY_SCORE=70.0,-1,0.0,0.0,
XRP/USDT,800,2026-04-12 06:00:00,long,0.73579,85.51,60.14,1.3295,0.009893,unknown,,,,False,True,0.0,-0.6971591238287049,34.20161306731462,0.0,0.0,0.0,0.75,0.5,33.76122628167953,-2.695506848252485,-0.7563661500644292,-1,0.0,G5_RSI_ACCEL,rsi_accel=-0.7564<-0.08 (RSI free-fall),-1,0.0,0.0,
XRP/USDT,801,2026-04-12 07:00:00,long,0.71997,84.75,60.14,1.3298,0.009771,unknown,,,,False,True,0.0,-0.5563572578672131,35.52910051977086,0.0,0.0,0.0,0.75,0.5,34.77123546670222,-3.196805921297165,-0.50129907304468,-1,0.0,G5_RSI_ACCEL,rsi_accel=-0.5013<-0.08 (RSI free-fall),-1,0.0,0.0,
XRP/USDT,802,2026-04-12 08:00:00,long,0.7099,83.44,60.14,1.3287,0.008964,unknown,,,,False,True,0.0,-0.6490742608015168,36.335507275979005,0.0,0.0,0.0,0.5,0.5,50.0,0.0,0.0,-1,0.0,G4_5_MTF,prior(bearish)=0.50<0.6 OR rev(bullish)=0.50<0.5,-1,0.0,0.0,
XRP/USDT,803,2026-04-12 09:00:00,long,0.70051,85.62,60.14,1.3304,0.008457,unknown,,,,False,True,0.0,-0.5430049958825471,38.70176832412082,0.0,0.0,0.0,0.75,0.5,16.666662854031856,-3.5010277261383,0.023157470637156674,17,0.006357,TRADE,edge=85.6 meta_conf=0.7005,837,1.353234,0.0228,WIN
XRP/USDT,838,2026-04-13 20:00:00,long,0.73315,80.15,60.14,1.347,0.009614,unknown,,,,True,False,0.0,0.5621414352239114,47.01411874087461,0.0,0.0,0.0,0.5,1.0,50.0,0.0,0.0,-1,0.0,G4_5_MTF,prior(bearish)=0.50<0.6 OR rev(bullish)=1.00<0.5,-1,0.0,0.0,
XRP/USDT,839,2026-04-13 21:00:00,long,0.70467,76.91,60.14,1.3508,0.009593,unknown,,,,True,False,0.0,0.6835342488319792,47.71693304307338,0.0,0.0,0.0,0.5,0.5,50.0,0.0,0.0,-1,0.0,G4_5_MTF,prior(bearish)=0.50<0.6 OR rev(bullish)=0.50<0.5,-1,0.0,0.0,
XRP/USDT,840,2026-04-13 22:00:00,long,0.70756,92.01,60.14,1.3747,0.0111,unknown,,,,True,False,0.0,0.7551091259296003,30.5089839698225,1.0,0.0,0.0,0.25,0.5,50.0,0.0,0.0,-1,0.0,G4_5_MTF,prior(bearish)=0.25<0.6 OR rev(bullish)=0.50<0.5,-1,0.0,0.0,
XRP/USDT,841,2026-04-13 23:00:00,long,0.71376,90.51,60.14,1.3756,0.011621,unknown,,,,True,False,0.0,0.7124700141014086,27.16021918831606,0.0,0.0,0.0,0.5,1.0,50.0,0.0,0.0,-1,0.0,G4_5_MTF,prior(bearish)=0.50<0.6 OR rev(bullish)=1.00<0.5,-1,0.0,0.0,
XRP/USDT,842,2026-04-14 00:00:00,long,0.58218,91.23,60.14,1.3621,0.012586,unknown,,,,False,False,0.0,0.5228826755830629,28.71815546239398,0.0,0.0,0.0,0.25,1.0,50.0,0.0,0.0,-1,0.0,G4_5_MTF,prior(bearish)=0.25<0.6 OR rev(bullish)=1.00<0.5,-1,0.0,0.0,
XRP/USDT,843,2026-04-14 01:00:00,long,0.58269,75.23,60.14,1.3667,0.012986,unknown,,,,True,False,0.0,0.6294947304369548,30.369431111476,0.0,0.0,0.0,0.25,0.5,50.0,0.0,0.0,-1,0.0,G4_5_MTF,prior(bearish)=0.25<0.6 OR rev(bullish)=0.50<0.5,-1,0.0,0.0,
XRP/USDT,844,2026-04-14 02:00:00,long,0.58157,74.23,60.14,1.3682,0.012693,unknown,,,,True,False,0.0,0.6194058447601466,34.72615803717045,0.0,0.0,0.0,0.25,0.5,50.0,0.0,0.0,-1,0.0,G4_5_MTF,prior(bearish)=0.25<0.6 OR rev(bullish)=0.50<0.5,-1,0.0,0.0,
XRP/USDT,845,2026-04-14 03:00:00,long,0.57839,71.73,60.14,1.3672,0.011914,unknown,,,,True,False,0.0,0.53512602510213,37.043402299620645,0.0,0.0,0.0,0.25,1.0,50.0,0.0,0.0,-1,0.0,G4_5_MTF,prior(bearish)=0.25<0.6 OR rev(bullish)=1.00<0.5,-1,0.0,0.0,
XRP/USDT,846,2026-04-14 04:00:00,long,0.56389,73.31,60.14,1.3635,0.011421,unknown,,,,True,False,0.0,0.4869048328689867,37.949841070072246,0.0,0.0,0.0,0.25,0.5,50.0,0.0,0.0,-1,0.0,G4_5_MTF,prior(bearish)=0.25<0.6 OR rev(bullish)=0.50<0.5,-1,0.0,0.0,
XRP/USDT,847,2026-04-14 05:00:00,long,0.5622,80.68,60.14,1.3623,0.01065,unknown,,,,False,False,0.0,0.4781673689635478,38.48959068726233,0.0,0.0,0.0,0.25,0.0,50.0,0.0,0.0,-1,0.0,G4_5_MTF,prior(bearish)=0.25<0.6 OR rev(bullish)=0.00<0.5,-1,0.0,0.0,
XRP/USDT,848,2026-04-14 06:00:00,long,0.58272,75.28,60.14,1.3716,0.010507,unknown,,,,True,False,0.0,0.5733349598396852,42.48148431974811,0.0,0.0,0.0,0.5,0.0,50.0,0.0,0.0,-1,0.0,G4_5_MTF,prior(bearish)=0.50<0.6 OR rev(bullish)=0.00<0.5,-1,0.0,0.0,
XRP/USDT,849,2026-04-14 07:00:00,long,0.56005,74.51,60.14,1.3682,0.010593,unknown,,,,True,False,0.0,0.4848056082589716,42.853136769731826,0.0,0.0,0.0,0.5,0.5,50.0,0.0,0.0,-1,0.0,G4_5_MTF,prior(bearish)=0.50<0.6 OR rev(bullish)=0.50<0.5,-1,0.0,0.0,
XRP/USDT,850,2026-04-14 08:00:00,long,0.55456,74.34,60.14,1.3735,0.010779,unknown,,,,True,False,0.0,0.6666644585559096,47.235818633944824,0.0,0.0,0.0,0.75,0.5,68.12704322257835,-0.10349941611078486,-0.1021687290303677,-1,0.0,G5_RSI_ACCEL,rsi_accel=-0.1022<-0.08 (RSI free-fall),-1,0.0,0.0,
XRP/USDT,851,2026-04-14 09:00:00,long,0.55717,72.66,60.14,1.3733,0.009957,unknown,,,,True,False,0.0,0.5515376722449388,51.38503595317769,0.0,0.0,0.0,0.75,0.5,62.72263513846205,-0.30633849408527775,-0.20283907797449288,-1,0.0,G5_RSI_ACCEL,rsi_accel=-0.2028<-0.08 (RSI free-fall),-1,0.0,0.0,
XRP/USDT,852,2026-04-14 10:00:00,long,0.55267,72.13,60.14,1.3702,0.009629,unknown,,,,True,False,0.0,0.47531309036439323,51.38850546910457,0.0,0.0,0.0,0.75,0.5,65.38460324423835,-0.6524489985588203,-0.3461105044735426,-1,0.0,G5_RSI_ACCEL,rsi_accel=-0.3461<-0.08 (RSI free-fall),-1,0.0,0.0,
XRP/USDT,853,2026-04-14 11:00:00,long,0.55496,70.09,60.14,1.3692,0.009386,unknown,,,,True,False,0.0,0.41219263837727654,57.90892883317689,0.0,0.0,0.0,0.5,0.0,50.0,0.0,0.0,-1,0.0,G4_5_MTF,prior(bearish)=0.50<0.6 OR rev(bullish)=0.00<0.5,-1,0.0,0.0,
XRP/USDT,854,2026-04-14 12:00:00,long,0.5292,70.0,60.14,1.3673,0.007929,unknown,,,,True,False,0.0,0.18051258570321907,69.32303214044218,0.0,0.0,0.0,0.5,0.0,50.0,0.0,0.0,-1,0.0,G4_5_MTF,prior(bearish)=0.50<0.6 OR rev(bullish)=0.00<0.5,-1,0.0,0.0,
XRP/USDT,855,2026-04-14 13:00:00,long,0.57625,96.37,60.14,1.3926,0.008893,unknown,,,,True,False,0.0,0.7222663584954692,56.000514177668244,1.0,0.0,0.0,0.75,0.0,50.0,0.0,0.0,-1,0.0,G4_5_MTF,prior(bearish)=0.75<0.6 OR rev(bullish)=0.00<0.5,-1,0.0,0.0,
XRP/USDT,856,2026-04-14 14:00:00,long,0.57319,100.0,60.14,1.3719,0.009386,unknown,,,,False,False,0.0,0.39245872898955103,53.13423230349569,0.0,0.0,0.0,0.75,0.5,55.96106102852965,-0.9640131878578668,-0.08930043488220996,-1,0.0,G5_RSI_ACCEL,rsi_accel=-0.0893<-0.08 (RSI free-fall),-1,0.0,0.0,
XRP/USDT,857,2026-04-14 15:00:00,long,0.5728,84.9,60.14,1.3745,0.009614,unknown,,,,False,False,0.0,0.39239065405651463,53.10252961673351,0.0,0.0,0.0,1.0,0.5,54.862833315714894,-0.9914497904209604,-0.02743660256309355,20,0.006995,TRADE,edge=84.9 meta_conf=0.5728,860,1.361521,-0.013,LOSS
XRP/USDT,861,2026-04-14 19:00:00,long,0.5595,72.98,60.14,1.3607,0.011729,unknown,,,,False,False,0.0,-0.3120532776442519,44.585135821016245,0.0,0.0,0.0,0.5,0.5,50.0,0.0,0.0,-1,0.0,G4_5_MTF,prior(bearish)=0.50<0.6 OR rev(bullish)=0.50<0.5,-1,0.0,0.0,
XRP/USDT,862,2026-04-14 20:00:00,long,0.56166,81.23,60.14,1.3569,0.011407,unknown,,,,False,True,0.0,-0.43349308114172297,44.82663547960966,0.0,0.0,0.0,0.5,0.5,50.0,0.0,0.0,-1,0.0,G4_5_MTF,prior(bearish)=0.50<0.6 OR rev(bullish)=0.50<0.5,-1,0.0,0.0,
XRP/USDT,863,2026-04-14 21:00:00,long,0.56026,82.66,60.14,1.3601,0.011157,unknown,,,,False,True,0.0,-0.29836282687230525,44.97727063259133,0.0,0.0,0.0,0.5,0.5,50.0,0.0,0.0,-1,0.0,G4_5_MTF,prior(bearish)=0.50<0.6 OR rev(bullish)=0.50<0.5,-1,0.0,0.0,
XRP/USDT,864,2026-04-14 22:00:00,long,0.55397,87.12,60.14,1.3584,0.011257,unknown,,,,False,True,0.0,-0.439305908100644,45.10455687282662,0.0,0.0,0.0,0.5,0.5,50.0,0.0,0.0,-1,0.0,G4_5_MTF,prior(bearish)=0.50<0.6 OR rev(bullish)=0.50<0.5,-1,0.0,0.0,
XRP/USDT,865,2026-04-14 23:00:00,long,0.55503,66.58,60.14,1.3617,0.011529,unknown,,,,False,False,0.0,0.0,50.0,0.0,0.0,0.0,0.0,0.0,50.0,0.0,0.0,-1,0.0,G3_MIN_QUALITY,edge=66.6 < MIN_QUALITY_SCORE=70.0,-1,0.0,0.0,
XRP/USDT,866,2026-04-15 00:00:00,long,0.54513,71.89,60.14,1.3621,0.011879,unknown,,,,False,True,0.0,-0.18973682777199344,46.1058938908163,0.0,0.0,0.0,0.0,0.0,50.0,0.0,0.0,-1,0.0,G3_5_ADX,adx=22.2 < 25 (weak trend),-1,0.0,0.0,
XRP/USDT,867,2026-04-15 01:00:00,long,0.55368,68.21,60.14,1.3624,0.011864,unknown,,,,False,False,0.0,0.0,50.0,0.0,0.0,0.0,0.0,0.0,50.0,0.0,0.0,-1,0.0,G3_MIN_QUALITY,edge=68.2 < MIN_QUALITY_SCORE=70.0,-1,0.0,0.0,
XRP/USDT,868,2026-04-15 02:00:00,long,0.58607,65.24,60.14,1.3571,0.012014,unknown,,,,False,False,0.0,0.0,50.0,0.0,0.0,0.0,0.0,0.0,50.0,0.0,0.0,-1,0.0,G3_MIN_QUALITY,edge=65.2 < MIN_QUALITY_SCORE=70.0,-1,0.0,0.0,
XRP/USDT,869,2026-04-15 03:00:00,long,0.57459,63.17,60.14,1.3578,0.010293,unknown,,,,False,False,0.0,0.0,50.0,0.0,0.0,0.0,0.0,0.0,50.0,0.0,0.0,-1,0.0,G3_MIN_QUALITY,edge=63.2 < MIN_QUALITY_SCORE=70.0,-1,0.0,0.0,
XRP/USDT,870,2026-04-15 04:00:00,long,0.57478,61.92,60.14,1.3592,0.008829,unknown,,,,False,False,0.0,0.0,50.0,0.0,0.0,0.0,0.0,0.0,50.0,0.0,0.0,-1,0.0,G3_MIN_QUALITY,edge=61.9 < MIN_QUALITY_SCORE=70.0,-1,0.0,0.0,
XRP/USDT,871,2026-04-15 05:00:00,long,0.55078,61.43,60.14,1.3588,0.008421,unknown,,,,False,False,0.0,0.0,50.0,0.0,0.0,0.0,0.0,0.0,50.0,0.0,0.0,-1,0.0,G3_MIN_QUALITY,edge=61.4 < MIN_QUALITY_SCORE=70.0,-1,0.0,0.0,
XRP/USDT,872,2026-04-15 06:00:00,long,0.55251,59.68,60.14,1.3557,0.007693,unknown,,,,False,False,0.0,0.0,50.0,0.0,0.0,0.0,0.0,0.0,50.0,0.0,0.0,-1,0.0,G2_EDGE,edge=59.7 < thr=60.1,-1,0.0,0.0,
XRP/USDT,873,2026-04-15 07:00:00,long,0.55744,62.8,60.14,1.352,0.007514,unknown,,,,False,False,0.0,0.0,50.0,0.0,0.0,0.0,0.0,0.0,50.0,0.0,0.0,-1,0.0,G3_MIN_QUALITY,edge=62.8 < MIN_QUALITY_SCORE=70.0,-1,0.0,0.0,
XRP/USDT,874,2026-04-15 08:00:00,long,0.55798,63.14,60.14,1.3557,0.006657,unknown,,,,False,False,0.0,0.0,50.0,0.0,0.0,0.0,0.0,0.0,50.0,0.0,0.0,-1,0.0,G3_MIN_QUALITY,edge=63.1 < MIN_QUALITY_SCORE=70.0,-1,0.0,0.0,
XRP/USDT,875,2026-04-15 09:00:00,long,0.53581,59.62,60.14,1.3526,0.006457,unknown,,,,False,False,0.0,0.0,50.0,0.0,0.0,0.0,0.0,0.0,50.0,0.0,0.0,-1,0.0,G2_EDGE,edge=59.6 < thr=60.1,-1,0.0,0.0,
XRP/USDT,876,2026-04-15 10:00:00,long,0.53778,61.59,60.14,1.3562,0.006571,unknown,,,,False,False,0.0,0.0,50.0,0.0,0.0,0.0,0.0,0.0,50.0,0.0,0.0,-1,0.0,G3_MIN_QUALITY,edge=61.6 < MIN_QUALITY_SCORE=70.0,-1,0.0,0.0,
XRP/USDT,877,2026-04-15 11:00:00,long,0.52967,70.47,60.14,1.3636,0.00675,unknown,,,,False,True,0.0,0.05246488289088424,77.54841140460297,0.0,0.0,0.0,0.0,0.0,50.0,0.0,0.0,-1,0.0,G3_5_ADX,adx=23.0 < 25 (weak trend),-1,0.0,0.0,
XRP/USDT,878,2026-04-15 12:00:00,long,0.53016,74.65,60.14,1.3652,0.006571,unknown,,,,False,True,0.0,0.11562945846621468,71.3894741224894,0.0,0.0,0.0,0.0,0.0,50.0,0.0,0.0,-1,0.0,G3_5_ADX,adx=23.7 < 25 (weak trend),-1,0.0,0.0,
XRP/USDT,879,2026-04-15 13:00:00,long,0.55171,78.08,60.14,1.3673,0.006414,unknown,,,,False,True,0.0,0.5131123726102188,69.78080833268125,0.0,0.0,0.0,0.0,0.0,50.0,0.0,0.0,-1,0.0,G3_5_ADX,adx=24.3 < 25 (weak trend),-1,0.0,0.0,
XRP/USDT,880,2026-04-15 14:00:00,long,0.57829,96.4,60.14,1.3764,0.006843,unknown,,,,True,False,0.0,0.7062454002238274,51.501091784517364,1.0,0.0,0.0,0.25,1.0,50.0,0.0,0.0,-1,0.0,G4_5_MTF,prior(bearish)=0.25<0.6 OR rev(bullish)=1.00<0.5,-1,0.0,0.0,
XRP/USDT,881,2026-04-15 15:00:00,long,0.55232,94.25,60.14,1.3733,0.007243,unknown,,,,True,False,0.0,0.5566248577889634,44.79218327144434,0.0,0.0,0.0,0.25,1.0,50.0,0.0,0.0,-1,0.0,G4_5_MTF,prior(bearish)=0.25<0.6 OR rev(bullish)=1.00<0.5,-1,0.0,0.0,
XRP/USDT,882,2026-04-15 16:00:00,long,0.55322,69.52,60.14,1.3782,0.007357,unknown,,,,False,False,0.0,0.0,50.0,0.0,0.0,0.0,0.0,0.0,50.0,0.0,0.0,-1,0.0,G3_MIN_QUALITY,edge=69.5 < MIN_QUALITY_SCORE=70.0,-1,0.0,0.0,
XRP/USDT,883,2026-04-15 17:00:00,long,0.55848,66.97,60.14,1.3801,0.007764,unknown,,,,False,False,0.0,0.0,50.0,0.0,0.0,0.0,0.0,0.0,50.0,0.0,0.0,-1,0.0,G3_MIN_QUALITY,edge=67.0 < MIN_QUALITY_SCORE=70.0,-1,0.0,0.0,
XRP/USDT,884,2026-04-15 18:00:00,long,0.56294,66.13,60.14,1.3868,0.008143,unknown,,,,False,False,0.0,0.0,50.0,0.0,0.0,0.0,0.0,0.0,50.0,0.0,0.0,-1,0.0,G3_MIN_QUALITY,edge=66.1 < MIN_QUALITY_SCORE=70.0,-1,0.0,0.0,
XRP/USDT,885,2026-04-15 19:00:00,long,0.58743,87.78,60.14,1.4,0.009407,unknown,,,,True,False,0.0,0.7466889872597345,20.96695966992082,1.0,0.0,0.0,0.25,1.0,50.0,0.0,0.0,-1,0.0,G4_5_MTF,prior(bearish)=0.25<0.6 OR rev(bullish)=1.00<0.5,-1,0.0,0.0,
XRP/USDT,886,2026-04-15 20:00:00,long,0.56547,64.98,60.14,1.3883,0.010143,unknown,,,,False,False,0.0,0.0,50.0,0.0,0.0,0.0,0.0,0.0,50.0,0.0,0.0,-1,0.0,G3_MIN_QUALITY,edge=65.0 < MIN_QUALITY_SCORE=70.0,-1,0.0,0.0,
XRP/USDT,887,2026-04-15 21:00:00,long,0.5672,65.71,60.14,1.3887,0.010343,unknown,,,,False,False,0.0,0.0,50.0,0.0,0.0,0.0,0.0,0.0,50.0,0.0,0.0,-1,0.0,G3_MIN_QUALITY,edge=65.7 < MIN_QUALITY_SCORE=70.0,-1,0.0,0.0,
XRP/USDT,888,2026-04-15 22:00:00,long,0.57804,69.43,60.14,1.3942,0.010886,unknown,,,,False,False,0.0,0.0,50.0,0.0,0.0,0.0,0.0,0.0,50.0,0.0,0.0,-1,0.0,G3_MIN_QUALITY,edge=69.4 < MIN_QUALITY_SCORE=70.0,-1,0.0,0.0,
XRP/USDT,889,2026-04-15 23:00:00,long,0.58354,63.44,60.14,1.3922,0.011093,unknown,,,,False,False,0.0,0.0,50.0,0.0,0.0,0.0,0.0,0.0,50.0,0.0,0.0,-1,0.0,G3_MIN_QUALITY,edge=63.4 < MIN_QUALITY_SCORE=70.0,-1,0.0,0.0,
XRP/USDT,890,2026-04-16 00:00:00,long,0.65347,67.16,60.14,1.3971,0.011364,unknown,,,,False,False,0.0,0.0,50.0,0.0,0.0,0.0,0.0,0.0,50.0,0.0,0.0,-1,0.0,G3_MIN_QUALITY,edge=67.2 < MIN_QUALITY_SCORE=70.0,-1,0.0,0.0,
XRP/USDT,891,2026-04-16 01:00:00,long,0.66842,71.15,60.14,1.4002,0.0116,unknown,,,,True,False,0.0,0.6385630704043466,36.79578937635194,0.0,0.0,0.0,0.25,0.5,50.0,0.0,0.0,-1,0.0,G4_5_MTF,prior(bearish)=0.25<0.6 OR rev(bullish)=0.50<0.5,-1,0.0,0.0,
XRP/USDT,892,2026-04-16 02:00:00,long,0.67912,73.86,60.14,1.4067,0.012021,unknown,,,,True,False,0.0,0.6967467701553042,37.23018266063376,0.0,0.0,0.0,0.5,1.0,50.0,0.0,0.0,-1,0.0,G4_5_MTF,prior(bearish)=0.50<0.6 OR rev(bullish)=1.00<0.5,-1,0.0,0.0,
XRP/USDT,893,2026-04-16 03:00:00,long,0.67421,70.68,60.14,1.4063,0.012279,unknown,,,,True,False,0.0,0.5828671710191246,36.93129792506165,0.0,0.0,0.0,0.25,1.0,50.0,0.0,0.0,-1,0.0,G4_5_MTF,prior(bearish)=0.25<0.6 OR rev(bullish)=1.00<0.5,-1,0.0,0.0,
XRP/USDT,894,2026-04-16 04:00:00,long,0.6374,66.14,60.14,1.4038,0.01185,unknown,,,,False,False,0.0,0.0,50.0,0.0,0.0,0.0,0.0,0.0,50.0,0.0,0.0,-1,0.0,G3_MIN_QUALITY,edge=66.1 < MIN_QUALITY_SCORE=70.0,-1,0.0,0.0,
XRP/USDT,895,2026-04-16 05:00:00,long,0.64531,63.99,60.14,1.4057,0.011486,unknown,,,,False,False,0.0,0.0,50.0,0.0,0.0,0.0,0.0,0.0,50.0,0.0,0.0,-1,0.0,G3_MIN_QUALITY,edge=64.0 < MIN_QUALITY_SCORE=70.0,-1,0.0,0.0,
XRP/USDT,896,2026-04-16 06:00:00,long,0.66287,64.71,60.14,1.4099,0.01115,unknown,,,,False,False,0.0,0.0,50.0,0.0,0.0,0.0,0.0,0.0,50.0,0.0,0.0,-1,0.0,G3_MIN_QUALITY,edge=64.7 < MIN_QUALITY_SCORE=70.0,-1,0.0,0.0,
XRP/USDT,897,2026-04-16 07:00:00,long,0.63941,72.99,60.14,1.4058,0.011171,unknown,,,,True,False,0.0,0.49361465931399495,54.08146563187659,0.0,0.0,0.0,0.5,1.0,50.0,0.0,0.0,-1,0.0,G4_5_MTF,prior(bearish)=0.50<0.6 OR rev(bullish)=1.00<0.5,-1,0.0,0.0,
XRP/USDT,898,2026-04-16 08:00:00,long,0.62329,73.02,60.14,1.4052,0.011057,unknown,,,,True,False,0.0,0.45245769053592116,55.84354962199335,0.0,0.0,0.0,0.5,0.5,50.0,0.0,0.0,-1,0.0,G4_5_MTF,prior(bearish)=0.50<0.6 OR rev(bullish)=0.50<0.5,-1,0.0,0.0,
XRP/USDT,899,2026-04-16 09:00:00,long,0.64179,98.28,60.14,1.4174,0.010707,unknown,,,,True,False,0.0,0.7154524912286665,48.93263326847197,1.0,0.0,0.0,0.5,0.0,50.0,0.0,0.0,-1,0.0,G4_5_MTF,prior(bearish)=0.50<0.6 OR rev(bullish)=0.00<0.5,-1,0.0,0.0,
XRP/USDT,900,2026-04-16 10:00:00,long,0.62708,76.8,60.14,1.4087,0.010343,unknown,,,,True,False,0.0,0.48422975116189443,48.98082700236953,0.0,0.0,0.0,0.5,0.5,50.0,0.0,0.0,-1,0.0,G4_5_MTF,prior(bearish)=0.50<0.6 OR rev(bullish)=0.50<0.5,-1,0.0,0.0,
XRP/USDT,901,2026-04-16 11:00:00,long,0.62583,77.49,60.14,1.4095,0.010243,unknown,,,,True,False,0.0,0.5389983825935807,54.52111729345771,0.0,0.0,0.0,0.5,0.5,50.0,0.0,0.0,-1,0.0,G4_5_MTF,prior(bearish)=0.50<0.6 OR rev(bullish)=0.50<0.5,-1,0.0,0.0,
XRP/USDT,902,2026-04-16 12:00:00,long,0.62194,79.81,60.14,1.414,0.010271,unknown,,,,True,False,0.0,0.613942854777582,54.06925894043253,0.0,0.0,0.0,0.5,0.5,50.0,0.0,0.0,-1,0.0,G4_5_MTF,prior(bearish)=0.50<0.6 OR rev(bullish)=0.50<0.5,-1,0.0,0.0,
XRP/USDT,903,2026-04-16 13:00:00,long,0.63193,95.35,60.14,1.4072,0.012171,unknown,,,,True,False,0.0,0.2927926529355512,45.313667327470164,0.0,0.0,0.0,0.75,1.0,62.25488771947011,-1.102552553397616,-0.10621210699665229,-1,0.0,G5_RSI_ACCEL,rsi_accel=-0.1062<-0.08 (RSI free-fall),-1,0.0,0.0,
XRP/USDT,904,2026-04-16 14:00:00,long,0.62326,100.0,60.14,1.4104,0.012771,unknown,,,,False,False,0.0,0.3679286367206874,48.882370146547544,0.0,0.0,0.0,0.5,0.5,50.0,0.0,0.0,-1,0.0,G4_5_MTF,prior(bearish)=0.50<0.6 OR rev(bullish)=0.50<0.5,-1,0.0,0.0,
XRP/USDT,905,2026-04-16 15:00:00,long,0.61572,84.01,60.14,1.4291,0.013721,unknown,,,,True,False,0.0,0.5312816131120113,51.51956108201068,0.0,0.0,0.0,0.25,0.5,50.0,0.0,0.0,-1,0.0,G4_5_MTF,prior(bearish)=0.25<0.6 OR rev(bullish)=0.50<0.5,-1,0.0,0.0,
XRP/USDT,906,2026-04-16 16:00:00,long,0.61979,83.91,60.14,1.4194,0.014607,unknown,,,,True,False,0.0,0.4859631834566102,45.58169038737063,0.0,0.0,0.0,0.5,1.0,50.0,0.0,0.0,-1,0.0,G4_5_MTF,prior(bearish)=0.50<0.6 OR rev(bullish)=1.00<0.5,-1,0.0,0.0,
XRP/USDT,907,2026-04-16 17:00:00,long,0.62785,76.09,60.14,1.4273,0.014979,unknown,,,,True,False,0.0,0.5585046908686068,46.20108996361835,0.0,0.0,0.0,0.25,0.5,50.0,0.0,0.0,-1,0.0,G4_5_MTF,prior(bearish)=0.25<0.6 OR rev(bullish)=0.50<0.5,-1,0.0,0.0,
XRP/USDT,908,2026-04-16 18:00:00,long,0.62085,70.43,60.14,1.4466,0.01605,unknown,,,,True,False,0.0,0.6771599758034482,42.37502133658243,1.0,0.0,0.0,0.25,0.5,50.0,0.0,0.0,-1,0.0,G4_5_MTF,prior(bearish)=0.25<0.6 OR rev(bullish)=0.50<0.5,-1,0.0,0.0,
XRP/USDT,909,2026-04-16 19:00:00,long,0.6442,77.08,60.14,1.4645,0.017357,unknown,,,,True,False,0.0,0.7553319953843577,33.16495776829801,1.0,0.0,0.0,0.5,1.0,50.0,0.0,0.0,-1,0.0,G4_5_MTF,prior(bearish)=0.50<0.6 OR rev(bullish)=1.00<0.5,-1,0.0,0.0,
XRP/USDT,910,2026-04-16 20:00:00,long,0.63227,81.1,60.14,1.4524,0.01855,unknown,,,,True,False,0.0,0.6070186597638186,34.72037943263564,0.0,0.0,0.0,0.25,1.0,50.0,0.0,0.0,-1,0.0,G4_5_MTF,prior(bearish)=0.25<0.6 OR rev(bullish)=1.00<0.5,-1,0.0,0.0,
XRP/USDT,911,2026-04-16 21:00:00,long,0.63095,73.6,60.14,1.4467,0.018879,unknown,,,,True,False,0.0,0.5292823670404895,36.27522069692439,0.0,0.0,0.0,0.25,0.5,50.0,0.0,0.0,-1,0.0,G4_5_MTF,prior(bearish)=0.25<0.6 OR rev(bullish)=0.50<0.5,-1,0.0,0.0,
XRP/USDT,912,2026-04-16 22:00:00,long,0.63793,75.1,60.14,1.4513,0.018893,unknown,,,,True,False,0.0,0.6329375355727079,37.79319173993255,0.0,0.0,0.0,0.25,0.0,50.0,0.0,0.0,-1,0.0,G4_5_MTF,prior(bearish)=0.25<0.6 OR rev(bullish)=0.00<0.5,-1,0.0,0.0,
XRP/USDT,913,2026-04-16 23:00:00,long,0.6361,75.09,60.14,1.453,0.018229,unknown,,,,True,False,0.0,0.554778735922249,39.195217668391,0.0,0.0,0.0,0.25,0.5,50.0,0.0,0.0,-1,0.0,G4_5_MTF,prior(bearish)=0.25<0.6 OR rev(bullish)=0.50<0.5,-1,0.0,0.0,
XRP/USDT,914,2026-04-17 00:00:00,long,0.64607,85.97,60.14,1.4404,0.018607,unknown,,,,False,False,0.0,0.37374965915222585,40.67816372886033,0.0,0.0,0.0,0.5,1.0,50.0,0.0,0.0,-1,0.0,G4_5_MTF,prior(bearish)=0.50<0.6 OR rev(bullish)=1.00<0.5,-1,0.0,0.0,
XRP/USDT,915,2026-04-17 01:00:00,long,0.64803,85.49,60.14,1.4302,0.019114,unknown,,,,False,False,0.0,0.27267045630719056,42.20800582148267,0.0,0.0,0.0,0.5,0.5,50.0,0.0,0.0,-1,0.0,G4_5_MTF,prior(bearish)=0.50<0.6 OR rev(bullish)=0.50<0.5,-1,0.0,0.0,
XRP/USDT,916,2026-04-17 02:00:00,long,0.64691,82.46,60.14,1.4296,0.018729,unknown,,,,False,False,0.0,0.22753770768964343,43.61105868146189,0.0,0.0,0.0,0.5,0.0,50.0,0.0,0.0,-1,0.0,G4_5_MTF,prior(bearish)=0.50<0.6 OR rev(bullish)=0.00<0.5,-1,0.0,0.0,
XRP/USDT,917,2026-04-17 03:00:00,long,0.64295,85.68,60.14,1.4308,0.017086,unknown,,,,False,False,0.0,0.409921204247763,44.40310097343226,0.0,0.0,0.0,0.5,0.0,50.0,0.0,0.0,-1,0.0,G4_5_MTF,prior(bearish)=0.50<0.6 OR rev(bullish)=0.00<0.5,-1,0.0,0.0,
XRP/USDT,918,2026-04-17 04:00:00,long,0.63371,81.7,60.14,1.4319,0.0162,unknown,,,,False,False,0.0,0.3721311596830918,53.32432368344738,0.0,0.0,0.0,0.5,0.5,50.0,0.0,0.0,-1,0.0,G4_5_MTF,prior(bearish)=0.50<0.6 OR rev(bullish)=0.50<0.5,-1,0.0,0.0,
XRP/USDT,919,2026-04-17 05:00:00,long,0.63891,78.78,60.14,1.4253,0.015243,unknown,,,,False,False,0.0,-0.15215069461783012,58.34834721566511,0.0,0.0,0.0,0.75,1.0,48.29136082662721,-1.0102665712155139,-0.2693104383571292,-1,0.0,G5_RSI_ACCEL,rsi_accel=-0.2693<-0.08 (RSI free-fall),-1,0.0,0.0,
XRP/USDT,920,2026-04-17 06:00:00,long,0.62699,78.36,60.14,1.4325,0.01405,unknown,,,,False,False,0.0,0.12867295637573123,58.26119730353334,0.0,0.0,0.0,0.75,0.5,56.02575175381308,-1.3334699191607435,-0.32320334794522965,-1,0.0,G5_RSI_ACCEL,rsi_accel=-0.3232<-0.08 (RSI free-fall),-1,0.0,0.0,
XRP/USDT,921,2026-04-17 07:00:00,long,0.6257,81.29,60.14,1.4373,0.013493,unknown,,,,False,False,0.0,0.3072323138406658,64.44409613772372,0.0,0.0,0.0,0.5,0.5,50.0,0.0,0.0,-1,0.0,G4_5_MTF,prior(bearish)=0.50<0.6 OR rev(bullish)=0.50<0.5,-1,0.0,0.0,
XRP/USDT,922,2026-04-17 08:00:00,long,0.62476,74.2,60.14,1.4467,0.012643,unknown,,,,True,False,0.0,0.3333833766482882,63.903391575446115,0.0,0.0,0.0,0.5,1.0,50.0,0.0,0.0,-1,0.0,G4_5_MTF,prior(bearish)=0.50<0.6 OR rev(bullish)=1.00<0.5,-1,0.0,0.0,
XRP/USDT,923,2026-04-17 09:00:00,long,0.6169,74.64,60.14,1.4518,0.012036,unknown,,,,True,False,0.0,0.22847412754978208,63.12956317911451,0.0,0.0,0.0,0.25,1.0,50.0,0.0,0.0,-1,0.0,G4_5_MTF,prior(bearish)=0.25<0.6 OR rev(bullish)=1.00<0.5,-1,0.0,0.0,
XRP/USDT,924,2026-04-17 10:00:00,long,0.61668,82.03,60.14,1.4371,0.011914,unknown,,,,False,False,0.0,0.03169099111150704,68.7302775537744,0.0,0.0,0.0,0.25,1.0,50.0,0.0,0.0,-1,0.0,G4_5_MTF,prior(bearish)=0.25<0.6 OR rev(bullish)=1.00<0.5,-1,0.0,0.0,
XRP/USDT,925,2026-04-17 11:00:00,long,0.61226,72.52,60.14,1.4475,0.011821,unknown,,,,True,False,0.0,0.4514652357480123,67.52336712556445,0.0,0.0,0.0,0.25,0.5,50.0,0.0,0.0,-1,0.0,G4_5_MTF,prior(bearish)=0.25<0.6 OR rev(bullish)=0.50<0.5,-1,0.0,0.0,
XRP/USDT,926,2026-04-17 12:00:00,long,0.62272,82.24,60.14,1.4588,0.012507,unknown,,,,True,False,0.0,0.5879039589762509,64.68134293137479,0.0,0.0,0.0,0.0,0.5,50.0,0.0,0.0,-1,0.0,G4_5_MTF,prior(bearish)=0.00<0.6 OR rev(bullish)=0.50<0.5,-1,0.0,0.0,
XRP/USDT,927,2026-04-17 13:00:00,long,0.65812,100.0,60.14,1.4874,0.01435,unknown,,,,True,False,0.0,0.7548145725097233,42.104764176417504,1.0,0.0,0.0,0.25,1.0,50.0,0.0,0.0,-1,0.0,G4_5_MTF,prior(bearish)=0.25<0.6 OR rev(bullish)=1.00<0.5,-1,0.0,0.0,
XRP/USDT,928,2026-04-17 14:00:00,long,0.68382,90.48,60.14,1.4988,0.015171,unknown,,,,True,False,0.0,0.7447782898502423,32.14141463029045,1.0,0.0,0.0,0.25,1.0,50.0,0.0,0.0,-1,0.0,G4_5_MTF,prior(bearish)=0.25<0.6 OR rev(bullish)=1.00<0.5,-1,0.0,0.0,
XRP/USDT,929,2026-04-17 15:00:00,long,0.68685,85.65,60.14,1.4861,0.015957,unknown,,,,False,False,0.0,0.6272915972960137,31.551441648857065,0.0,0.0,0.0,0.25,1.0,50.0,0.0,0.0,-1,0.0,G4_5_MTF,prior(bearish)=0.25<0.6 OR rev(bullish)=1.00<0.5,-1,0.0,0.0,
XRP/USDT,930,2026-04-17 16:00:00,long,0.69491,75.1,60.14,1.4977,0.0164,unknown,,,,True,False,0.0,0.7101375285325087,31.89796908237627,0.0,0.0,0.0,0.25,0.5,50.0,0.0,0.0,-1,0.0,G4_5_MTF,prior(bearish)=0.25<0.6 OR rev(bullish)=0.50<0.5,-1,0.0,0.0,
XRP/USDT,931,2026-04-17 17:00:00,long,0.66122,90.66,60.14,1.4838,0.017029,unknown,,,,False,False,0.0,0.5558576248255821,31.887079702843316,0.0,0.0,0.0,0.0,0.5,50.0,0.0,0.0,-1,0.0,G4_5_MTF,prior(bearish)=0.00<0.6 OR rev(bullish)=0.50<0.5,-1,0.0,0.0,
XRP/USDT,932,2026-04-17 18:00:00,long,0.6673,88.35,60.14,1.4777,0.017329,unknown,,,,False,False,0.0,0.5359514706125986,32.101567656712454,0.0,0.0,0.0,0.25,0.5,50.0,0.0,0.0,-1,0.0,G4_5_MTF,prior(bearish)=0.25<0.6 OR rev(bullish)=0.50<0.5,-1,0.0,0.0,
XRP/USDT,933,2026-04-17 19:00:00,long,0.6676,88.87,60.14,1.4871,0.017621,unknown,,,,False,False,0.0,0.6510578602887459,32.549684176045794,0.0,0.0,0.0,0.25,0.0,50.0,0.0,0.0,-1,0.0,G4_5_MTF,prior(bearish)=0.25<0.6 OR rev(bullish)=0.00<0.5,-1,0.0,0.0,
XRP/USDT,934,2026-04-17 20:00:00,long,0.66538,86.23,60.14,1.4817,0.017964,unknown,,,,False,False,0.0,0.5139782191925282,37.03793425409921,0.0,0.0,0.0,0.5,0.5,50.0,0.0,0.0,-1,0.0,G4_5_MTF,prior(bearish)=0.50<0.6 OR rev(bullish)=0.50<0.5,-1,0.0,0.0,
XRP/USDT,935,2026-04-17 21:00:00,long,0.66587,86.34,60.14,1.4792,0.018093,unknown,,,,False,False,0.0,0.4719413826245103,37.97160524569145,0.0,0.0,0.0,0.75,0.5,63.73769906670306,1.9731991229536303,-0.0926589636676638,-1,0.0,G5_RSI_ACCEL,rsi_accel=-0.0927<-0.08 (RSI free-fall),-1,0.0,0.0,
XRP/USDT,936,2026-04-17 22:00:00,long,0.65811,87.72,60.14,1.4845,0.018,unknown,,,,False,False,0.0,0.5683538225825162,38.92238571040654,0.0,0.0,0.0,0.5,0.0,50.0,0.0,0.0,-1,0.0,G4_5_MTF,prior(bearish)=0.50<0.6 OR rev(bullish)=0.00<0.5,-1,0.0,0.0,
XRP/USDT,937,2026-04-17 23:00:00,long,0.66766,86.9,60.14,1.4757,0.017707,unknown,,,,False,False,0.0,0.4397152993080374,39.903607397691864,0.0,0.0,0.0,0.75,0.5,57.85666791588858,0.8933418707751787,-0.7646293391785203,-1,0.0,G5_RSI_ACCEL,rsi_accel=-0.7646<-0.08 (RSI free-fall),-1,0.0,0.0,
XRP/USDT,938,2026-04-18 00:00:00,long,0.67674,86.35,60.14,1.476,0.016829,unknown,,,,False,False,0.0,0.503734536768169,42.84782440436465,0.0,0.0,0.0,0.75,0.5,64.1249027033505,0.19715426081982862,-0.6961876099553501,-1,0.0,G5_RSI_ACCEL,rsi_accel=-0.6962<-0.08 (RSI free-fall),-1,0.0,0.0,
XRP/USDT,939,2026-04-18 01:00:00,long,0.67415,84.8,60.14,1.4782,0.01665,unknown,,,,False,False,0.0,0.3954751339658927,47.68455459169427,0.0,0.0,0.0,0.5,0.5,50.0,0.0,0.0,-1,0.0,G4_5_MTF,prior(bearish)=0.50<0.6 OR rev(bullish)=0.50<0.5,-1,0.0,0.0,
XRP/USDT,940,2026-04-18 02:00:00,long,0.64701,82.72,60.14,1.4756,0.016071,unknown,,,,False,False,0.0,0.22952706138879347,55.26408946888553,0.0,0.0,0.0,0.75,1.0,56.953635783519026,-0.9858669963293418,-0.6301010773790807,-1,0.0,G5_RSI_ACCEL,rsi_accel=-0.6301<-0.08 (RSI free-fall),-1,0.0,0.0,
XRP/USDT,941,2026-04-18 03:00:00,long,0.63219,76.84,60.14,1.4686,0.01415,unknown,,,,False,False,0.0,-0.24194938503306945,64.26313240194828,0.0,0.0,0.0,0.5,0.5,50.0,0.0,0.0,-1,0.0,G4_5_MTF,prior(bearish)=0.50<0.6 OR rev(bullish)=0.50<0.5,-1,0.0,0.0,
XRP/USDT,942,2026-04-18 04:00:00,long,0.61866,77.03,60.14,1.4686,0.01275,unknown,,,,False,False,0.0,-0.2118571434756727,67.17567438010232,0.0,0.0,0.0,0.25,0.0,50.0,0.0,0.0,-1,0.0,G4_5_MTF,prior(bearish)=0.25<0.6 OR rev(bullish)=0.00<0.5,-1,0.0,0.0,
XRP/USDT,943,2026-04-18 05:00:00,long,0.60465,76.46,60.14,1.469,0.01155,unknown,,,,False,False,0.0,-0.14156787695766154,68.0175015731008,0.0,0.0,0.0,0.5,0.0,50.0,0.0,0.0,-1,0.0,G4_5_MTF,prior(bearish)=0.50<0.6 OR rev(bullish)=0.00<0.5,-1,0.0,0.0,
XRP/USDT,944,2026-04-18 06:00:00,long,0.59836,78.22,60.14,1.4708,0.011136,unknown,,,,False,False,0.0,-0.029510303421654067,69.9333420569478,0.0,0.0,0.0,0.5,0.5,50.0,0.0,0.0,-1,0.0,G4_5_MTF,prior(bearish)=0.50<0.6 OR rev(bullish)=0.50<0.5,-1,0.0,0.0,
XRP/USDT,945,2026-04-18 07:00:00,long,0.60432,77.72,60.14,1.4741,0.010136,unknown,,,,False,False,0.0,-0.002715241766199362,75.30862821789411,0.0,0.0,0.0,0.75,1.0,41.197811673877204,-2.918165887943803,-0.0033373607834956687,85,0.006876,TRADE,edge=77.7 meta_conf=0.6043,946,1.460417,-0.0137,LOSS
XRP/USDT,947,2026-04-18 09:00:00,long,0.59745,86.09,60.14,1.4506,0.0109,unknown,,,,False,True,0.0,-0.44722293849017813,57.83406267468251,0.0,0.0,0.0,0.5,0.5,50.0,0.0,0.0,-1,0.0,G4_5_MTF,prior(bearish)=0.50<0.6 OR rev(bullish)=0.50<0.5,-1,0.0,0.0,
XRP/USDT,948,2026-04-18 10:00:00,long,0.58598,89.51,60.14,1.4397,0.010957,unknown,,,,False,True,0.0,-0.6216800994400852,49.84051196110597,-1.0,0.0,0.0,0.25,0.0,50.0,0.0,0.0,-1,0.0,G4_5_MTF,prior(bearish)=0.25<0.6 OR rev(bullish)=0.00<0.5,-1,0.0,0.0,
XRP/USDT,949,2026-04-18 11:00:00,long,0.60111,89.85,60.14,1.4314,0.011386,unknown,,,,False,True,0.0,-0.6427423037967482,41.34035580110935,-1.0,0.0,0.0,0.25,0.0,50.0,0.0,0.0,-1,0.0,G4_5_MTF,prior(bearish)=0.25<0.6 OR rev(bullish)=0.00<0.5,-1,0.0,0.0,
XRP/USDT,950,2026-04-18 12:00:00,long,0.60669,86.1,60.14,1.4362,0.011121,unknown,,,,False,True,0.0,-0.5240670411494992,42.27114786882877,0.0,0.0,0.0,0.5,0.0,50.0,0.0,0.0,-1,0.0,G4_5_MTF,prior(bearish)=0.50<0.6 OR rev(bullish)=0.00<0.5,-1,0.0,0.0,
XRP/USDT,951,2026-04-18 13:00:00,long,0.60966,83.88,60.14,1.4372,0.010879,unknown,,,,False,True,0.0,-0.513644549580441,42.24622419674735,0.0,0.0,0.0,0.75,0.5,20.877453974518104,-3.554151787582795,0.1667190988548355,5,0.007569,TRADE,edge=83.9 meta_conf=0.6097,968,1.422514,-0.0147,LOSS
XRP/USDT,969,2026-04-19 07:00:00,long,0.63509,100.0,60.14,1.42,0.009443,unknown,,,,False,True,0.0,-0.5541934730414257,56.76915968868346,0.0,0.0,0.0,0.75,0.0,50.0,0.0,0.0,-1,0.0,G4_5_MTF,prior(bearish)=0.75<0.6 OR rev(bullish)=0.00<0.5,-1,0.0,0.0,
XRP/USDT,970,2026-04-19 08:00:00,long,0.62515,94.33,60.14,1.4248,0.009629,unknown,,,,False,True,0.0,-0.4242660892711856,56.42985528093789,0.0,0.0,0.0,0.75,0.0,50.0,0.0,0.0,-1,0.0,G4_5_MTF,prior(bearish)=0.75<0.6 OR rev(bullish)=0.00<0.5,-1,0.0,0.0,
XRP/USDT,971,2026-04-19 09:00:00,long,0.63891,90.45,60.14,1.4215,0.010093,unknown,,,,False,True,0.0,-0.5750717566976755,54.08107605222247,0.0,0.0,0.0,0.75,0.5,42.39128822070554,1.3526691230041088,-0.3674899296499696,-1,0.0,G5_RSI_ACCEL,rsi_accel=-0.3675<-0.08 (RSI free-fall),-1,0.0,0.0,
XRP/USDT,972,2026-04-19 10:00:00,long,0.63493,94.6,60.14,1.4231,0.010486,unknown,,,,False,True,0.0,-0.36999990311644154,54.12218927015586,0.0,0.0,0.0,0.75,0.5,43.31549180703536,0.8807478338087864,-0.4719212891953224,-1,0.0,G5_RSI_ACCEL,rsi_accel=-0.4719<-0.08 (RSI free-fall),-1,0.0,0.0,
XRP/USDT,973,2026-04-19 11:00:00,long,0.62848,57.06,60.14,1.4297,0.010371,unknown,,,,False,False,0.0,0.0,50.0,0.0,0.0,0.0,0.0,0.0,50.0,0.0,0.0,-1,0.0,G2_EDGE,edge=57.1 < thr=60.1,-1,0.0,0.0,
XRP/USDT,974,2026-04-19 12:00:00,long,0.61387,60.83,60.14,1.4316,0.010471,unknown,,,,False,False,0.0,0.0,50.0,0.0,0.0,0.0,0.0,0.0,50.0,0.0,0.0,-1,0.0,G3_MIN_QUALITY,edge=60.8 < MIN_QUALITY_SCORE=70.0,-1,0.0,0.0,
XRP/USDT,975,2026-04-19 13:00:00,long,0.61331,75.12,60.14,1.4387,0.01115,unknown,,,,True,False,0.0,0.3618889989567133,50.6182068224164,0.0,0.0,0.0,0.0,0.0,50.0,0.0,0.0,-1,0.0,G3_5_ADX,adx=16.5 < 25 (weak trend),-1,0.0,0.0,
XRP/USDT,976,2026-04-19 14:00:00,long,0.61877,56.92,60.14,1.4378,0.011364,unknown,,,,False,False,0.0,0.0,50.0,0.0,0.0,0.0,0.0,0.0,50.0,0.0,0.0,-1,0.0,G2_EDGE,edge=56.9 < thr=60.1,-1,0.0,0.0,
XRP/USDT,977,2026-04-19 15:00:00,long,0.63539,66.99,60.14,1.4315,0.012007,unknown,,,,False,False,0.0,0.0,50.0,0.0,0.0,0.0,0.0,0.0,50.0,0.0,0.0,-1,0.0,G3_MIN_QUALITY,edge=67.0 < MIN_QUALITY_SCORE=70.0,-1,0.0,0.0,
XRP/USDT,978,2026-04-19 16:00:00,long,0.63406,70.36,60.14,1.4222,0.012071,unknown,,,,False,True,0.0,-0.3317036989019532,53.871158693049665,0.0,0.0,0.0,0.0,0.0,50.0,0.0,0.0,-1,0.0,G3_5_ADX,adx=13.2 < 25 (weak trend),-1,0.0,0.0,
XRP/USDT,979,2026-04-19 17:00:00,long,0.63501,69.61,60.14,1.4129,0.01245,unknown,,,,False,False,0.0,0.0,50.0,0.0,0.0,0.0,0.0,0.0,50.0,0.0,0.0,-1,0.0,G3_MIN_QUALITY,edge=69.6 < MIN_QUALITY_SCORE=70.0,-1,0.0,0.0,
XRP/USDT,980,2026-04-19 18:00:00,long,0.63572,66.66,60.14,1.4156,0.012236,unknown,,,,False,False,0.0,0.0,50.0,0.0,0.0,0.0,0.0,0.0,50.0,0.0,0.0,-1,0.0,G3_MIN_QUALITY,edge=66.7 < MIN_QUALITY_SCORE=70.0,-1,0.0,0.0,
XRP/USDT,981,2026-04-19 19:00:00,long,0.62673,60.5,60.14,1.4175,0.011679,unknown,,,,False,False,0.0,0.0,50.0,0.0,0.0,0.0,0.0,0.0,50.0,0.0,0.0,-1,0.0,G3_MIN_QUALITY,edge=60.5 < MIN_QUALITY_SCORE=70.0,-1,0.0,0.0,
XRP/USDT,982,2026-04-19 20:00:00,long,0.62567,66.35,60.14,1.4105,0.011357,unknown,,,,False,False,0.0,0.0,50.0,0.0,0.0,0.0,0.0,0.0,50.0,0.0,0.0,-1,0.0,G3_MIN_QUALITY,edge=66.4 < MIN_QUALITY_SCORE=70.0,-1,0.0,0.0,
XRP/USDT,983,2026-04-19 21:00:00,long,0.62944,61.11,60.14,1.4095,0.010857,unknown,,,,False,False,0.0,0.0,50.0,0.0,0.0,0.0,0.0,0.0,50.0,0.0,0.0,-1,0.0,G3_MIN_QUALITY,edge=61.1 < MIN_QUALITY_SCORE=70.0,-1,0.0,0.0,
XRP/USDT,984,2026-04-19 22:00:00,long,0.62082,84.4,60.14,1.3991,0.011221,unknown,,,,False,True,0.0,-0.7428987838194385,39.19138447135359,-1.0,0.0,0.0,0.0,0.0,50.0,0.0,0.0,-1,0.0,G3_5_ADX,adx=14.1 < 25 (weak trend),-1,0.0,0.0,
XRP/USDT,985,2026-04-19 23:00:00,long,0.60689,63.12,60.14,1.3942,0.010771,unknown,,,,False,False,0.0,0.0,50.0,0.0,0.0,0.0,0.0,0.0,50.0,0.0,0.0,-1,0.0,G3_MIN_QUALITY,edge=63.1 < MIN_QUALITY_SCORE=70.0,-1,0.0,0.0,
XRP/USDT,986,2026-04-20 00:00:00,long,0.65957,64.75,60.14,1.4056,0.010971,unknown,,,,False,False,0.0,0.0,50.0,0.0,0.0,0.0,0.0,0.0,50.0,0.0,0.0,-1,0.0,G3_MIN_QUALITY,edge=64.7 < MIN_QUALITY_SCORE=70.0,-1,0.0,0.0,
XRP/USDT,987,2026-04-20 01:00:00,long,0.65439,65.41,60.14,1.408,0.01085,unknown,,,,False,False,0.0,0.0,50.0,0.0,0.0,0.0,0.0,0.0,50.0,0.0,0.0,-1,0.0,G3_MIN_QUALITY,edge=65.4 < MIN_QUALITY_SCORE=70.0,-1,0.0,0.0,
XRP/USDT,988,2026-04-20 02:00:00,long,0.65313,69.54,60.14,1.408,0.010629,unknown,,,,False,False,0.0,0.0,50.0,0.0,0.0,0.0,0.0,0.0,50.0,0.0,0.0,-1,0.0,G3_MIN_QUALITY,edge=69.5 < MIN_QUALITY_SCORE=70.0,-1,0.0,0.0,
XRP/USDT,989,2026-04-20 03:00:00,long,0.65022,75.15,60.14,1.4111,0.0099,unknown,,,,False,True,0.0,-0.31525705412394717,42.418183628066956,0.0,0.0,0.0,0.0,0.0,50.0,0.0,0.0,-1,0.0,G3_5_ADX,adx=19.1 < 25 (weak trend),-1,0.0,0.0,
XRP/USDT,990,2026-04-20 04:00:00,long,0.64423,63.76,60.14,1.4091,0.0096,unknown,,,,False,False,0.0,0.0,50.0,0.0,0.0,0.0,0.0,0.0,50.0,0.0,0.0,-1,0.0,G3_MIN_QUALITY,edge=63.8 < MIN_QUALITY_SCORE=70.0,-1,0.0,0.0,
XRP/USDT,991,2026-04-20 05:00:00,long,0.64305,63.01,60.14,1.3994,0.009286,unknown,,,,False,False,0.0,0.0,50.0,0.0,0.0,0.0,0.0,0.0,50.0,0.0,0.0,-1,0.0,G3_MIN_QUALITY,edge=63.0 < MIN_QUALITY_SCORE=70.0,-1,0.0,0.0,
XRP/USDT,992,2026-04-20 06:00:00,long,0.65146,56.31,60.14,1.4138,0.009571,unknown,,,,False,False,0.0,0.0,50.0,0.0,0.0,0.0,0.0,0.0,50.0,0.0,0.0,-1,0.0,G2_EDGE,edge=56.3 < thr=60.1,-1,0.0,0.0,
XRP/USDT,993,2026-04-20 07:00:00,long,0.65905,80.61,60.14,1.4154,0.010186,unknown,,,,False,False,0.0,-0.06213415072873026,48.282841871957,0.0,0.0,0.0,0.0,0.0,50.0,0.0,0.0,-1,0.0,G3_5_ADX,adx=24.4 < 25 (weak trend),-1,0.0,0.0,
XRP/USDT,994,2026-04-20 08:00:00,long,0.66649,68.27,60.14,1.4099,0.010436,unknown,,,,False,False,0.0,0.0,50.0,0.0,0.0,0.0,0.0,0.0,50.0,0.0,0.0,-1,0.0,G3_MIN_QUALITY,edge=68.3 < MIN_QUALITY_SCORE=70.0,-1,0.0,0.0,
XRP/USDT,995,2026-04-20 09:00:00,long,0.66174,65.83,60.14,1.4179,0.010929,unknown,,,,False,False,0.0,0.0,50.0,0.0,0.0,0.0,0.0,0.0,50.0,0.0,0.0,-1,0.0,G3_MIN_QUALITY,edge=65.8 < MIN_QUALITY_SCORE=70.0,-1,0.0,0.0,
XRP/USDT,996,2026-04-20 10:00:00,long,0.66223,64.08,60.14,1.4143,0.011336,unknown,,,,False,False,0.0,0.0,50.0,0.0,0.0,0.0,0.0,0.0,50.0,0.0,0.0,-1,0.0,G3_MIN_QUALITY,edge=64.1 < MIN_QUALITY_SCORE=70.0,-1,0.0,0.0,
XRP/USDT,997,2026-04-20 11:00:00,long,0.66811,66.04,60.14,1.4155,0.011321,unknown,,,,False,False,0.0,0.0,50.0,0.0,0.0,0.0,0.0,0.0,50.0,0.0,0.0,-1,0.0,G3_MIN_QUALITY,edge=66.0 < MIN_QUALITY_SCORE=70.0,-1,0.0,0.0,
XRP/USDT,998,2026-04-20 12:00:00,long,0.67761,64.4,60.14,1.4221,0.010771,unknown,,,,False,False,0.0,0.0,50.0,0.0,0.0,0.0,0.0,0.0,50.0,0.0,0.0,-1,0.0,G3_MIN_QUALITY,edge=64.4 < MIN_QUALITY_SCORE=70.0,-1,0.0,0.0,
XRP/USDT,999,2026-04-20 13:00:00,long,0.67752,80.47,60.14,1.4246,0.011007,unknown,,,,False,False,0.0,0.49835495911218297,49.93441782498996,0.0,0.0,0.0,0.5,1.0,50.0,0.0,0.0,-1,0.0,G4_5_MTF,prior(bearish)=0.50<0.6 OR rev(bullish)=1.00<0.5,-1,0.0,0.0,
XRP/USDT,1000,2026-04-20 14:00:00,long,0.69936,100.0,60.14,1.4168,0.011179,unknown,,,,False,False,0.0,0.23610131823518393,52.06873618081813,0.0,0.0,0.0,0.5,1.0,50.0,0.0,0.0,-1,0.0,G4_5_MTF,prior(bearish)=0.50<0.6 OR rev(bullish)=1.00<0.5,-1,0.0,0.0,
XRP/USDT,1001,2026-04-20 15:00:00,long,0.66044,100.0,60.14,1.4327,0.012557,unknown,,,,True,False,0.0,0.673732229265162,50.13721109068923,1.0,0.0,0.0,0.25,0.5,50.0,0.0,0.0,-1,0.0,G4_5_MTF,prior(bearish)=0.25<0.6 OR rev(bullish)=0.50<0.5,-1,0.0,0.0,
XRP/USDT,1002,2026-04-20 16:00:00,long,0.68766,75.48,60.14,1.4236,0.013029,unknown,,,,True,False,0.0,0.4453440555250558,50.74387668672342,0.0,0.0,0.0,0.25,0.5,50.0,0.0,0.0,-1,0.0,G4_5_MTF,prior(bearish)=0.25<0.6 OR rev(bullish)=0.50<0.5,-1,0.0,0.0,
XRP/USDT,1003,2026-04-20 17:00:00,long,0.6998,76.63,60.14,1.4274,0.01335,unknown,,,,True,False,0.0,0.5934862224131853,51.59928607249232,0.0,0.0,0.0,0.25,0.5,50.0,0.0,0.0,-1,0.0,G4_5_MTF,prior(bearish)=0.25<0.6 OR rev(bullish)=0.50<0.5,-1,0.0,0.0,
XRP/USDT,1004,2026-04-20 18:00:00,long,0.69217,80.42,60.14,1.4324,0.013629,unknown,,,,True,False,0.0,0.6388735422388888,50.79850918379603,0.0,0.0,0.0,0.25,0.5,50.0,0.0,0.0,-1,0.0,G4_5_MTF,prior(bearish)=0.25<0.6 OR rev(bullish)=0.50<0.5,-1,0.0,0.0,
XRP/USDT,1005,2026-04-20 19:00:00,long,0.68044,74.65,60.14,1.4303,0.013064,unknown,,,,True,False,0.0,0.4951443423163011,55.43033849938562,0.0,0.0,0.0,0.5,1.0,50.0,0.0,0.0,-1,0.0,G4_5_MTF,prior(bearish)=0.50<0.6 OR rev(bullish)=1.00<0.5,-1,0.0,0.0,
XRP/USDT,1006,2026-04-20 20:00:00,long,0.66496,75.26,60.14,1.4317,0.012521,unknown,,,,True,False,0.0,0.6106018273860909,65.4344904261772,0.0,0.0,0.0,0.5,0.5,50.0,0.0,0.0,-1,0.0,G4_5_MTF,prior(bearish)=0.50<0.6 OR rev(bullish)=0.50<0.5,-1,0.0,0.0,
XRP/USDT,1007,2026-04-20 21:00:00,long,0.67144,73.11,60.14,1.43,0.011629,unknown,,,,True,False,0.0,0.5114612452803564,65.76377829192828,0.0,0.0,0.0,0.25,0.5,50.0,0.0,0.0,-1,0.0,G4_5_MTF,prior(bearish)=0.25<0.6 OR rev(bullish)=0.50<0.5,-1,0.0,0.0,
XRP/USDT,1008,2026-04-20 22:00:00,long,0.67386,71.95,60.14,1.4259,0.011393,unknown,,,,True,False,0.0,0.4339929831930635,66.89376065889829,0.0,0.0,0.0,0.5,0.5,50.0,0.0,0.0,-1,0.0,G4_5_MTF,prior(bearish)=0.50<0.6 OR rev(bullish)=0.50<0.5,-1,0.0,0.0,
XRP/USDT,1009,2026-04-20 23:00:00,long,0.68364,72.92,60.14,1.4243,0.010814,unknown,,,,True,False,0.0,0.42768080116372464,67.8035911565196,0.0,0.0,0.0,0.25,0.0,50.0,0.0,0.0,-1,0.0,G4_5_MTF,prior(bearish)=0.25<0.6 OR rev(bullish)=0.00<0.5,-1,0.0,0.0,
XRP/USDT,1010,2026-04-21 00:00:00,long,0.55913,69.88,60.14,1.4278,0.010179,unknown,,,,False,False,0.0,0.0,50.0,0.0,0.0,0.0,0.0,0.0,50.0,0.0,0.0,-1,0.0,G3_MIN_QUALITY,edge=69.9 < MIN_QUALITY_SCORE=70.0,-1,0.0,0.0,
XRP/USDT,1011,2026-04-21 01:00:00,long,0.56396,72.14,60.14,1.4257,0.010121,unknown,,,,True,False,0.0,0.3617208435338898,67.26688683247956,0.0,0.0,0.0,0.75,0.5,57.5892737165203,-0.5716755503770751,-0.3559268171474874,-1,0.0,G5_RSI_ACCEL,rsi_accel=-0.3559<-0.08 (RSI free-fall),-1,0.0,0.0,
XRP/USDT,1012,2026-04-21 02:00:00,long,0.55346,66.42,60.14,1.4224,0.009657,unknown,,,,False,False,0.0,0.0,50.0,0.0,0.0,0.0,0.0,0.0,50.0,0.0,0.0,-1,0.0,G3_MIN_QUALITY,edge=66.4 < MIN_QUALITY_SCORE=70.0,-1,0.0,0.0,
XRP/USDT,1013,2026-04-21 03:00:00,long,0.5491,73.64,60.14,1.4241,0.0094,unknown,,,,True,False,0.0,0.22442041650527064,66.63763214172825,0.0,0.0,0.0,0.75,0.0,50.0,0.0,0.0,-1,0.0,G4_5_MTF,prior(bearish)=0.75<0.6 OR rev(bullish)=0.00<0.5,-1,0.0,0.0,
XRP/USDT,1014,2026-04-21 04:00:00,long,0.54745,69.46,60.14,1.428,0.008507,unknown,,,,False,False,0.0,0.0,50.0,0.0,0.0,0.0,0.0,0.0,50.0,0.0,0.0,-1,0.0,G3_MIN_QUALITY,edge=69.5 < MIN_QUALITY_SCORE=70.0,-1,0.0,0.0,
XRP/USDT,1015,2026-04-21 05:00:00,long,0.51865,69.58,60.14,1.4316,0.007029,unknown,,,,False,False,0.0,0.0,50.0,0.0,0.0,0.0,0.0,0.0,50.0,0.0,0.0,-1,0.0,G3_MIN_QUALITY,edge=69.6 < MIN_QUALITY_SCORE=70.0,-1,0.0,0.0,
XRP/USDT,1016,2026-04-21 06:00:00,long,0.51473,77.6,60.14,1.437,0.007157,unknown,,,,True,False,0.0,0.6172304880226087,73.21535602435024,1.0,0.0,0.0,0.5,1.0,50.0,0.0,0.0,-1,0.0,G4_5_MTF,prior(bearish)=0.50<0.6 OR rev(bullish)=1.00<0.5,-1,0.0,0.0,
XRP/USDT,1017,2026-04-21 07:00:00,long,0.52036,75.38,60.14,1.4393,0.007164,unknown,,,,True,False,0.0,0.6873994096560396,69.04708794773369,0.0,0.0,0.0,0.5,1.0,50.0,0.0,0.0,-1,0.0,G4_5_MTF,prior(bearish)=0.50<0.6 OR rev(bullish)=1.00<0.5,-1,0.0,0.0,
XRP/USDT,1018,2026-04-21 08:00:00,long,0.52179,76.19,60.14,1.4426,0.007386,unknown,,,,True,False,0.0,0.712991301707905,56.65226379023861,1.0,0.0,0.0,0.25,1.0,50.0,0.0,0.0,-1,0.0,G4_5_MTF,prior(bearish)=0.25<0.6 OR rev(bullish)=1.00<0.5,-1,0.0,0.0,
XRP/USDT,1019,2026-04-21 09:00:00,long,0.52409,73.61,60.14,1.4414,0.007486,unknown,,,,True,False,0.0,0.5842747900889607,55.065440294114104,0.0,0.0,0.0,0.0,1.0,50.0,0.0,0.0,-1,0.0,G4_5_MTF,prior(bearish)=0.00<0.6 OR rev(bullish)=1.00<0.5,-1,0.0,0.0,
XRP/USDT,1020,2026-04-21 10:00:00,long,0.52222,75.81,60.14,1.4445,0.0075,unknown,,,,True,False,0.0,0.6845191870500504,53.57794857589981,0.0,0.0,0.0,0.0,0.5,50.0,0.0,0.0,-1,0.0,G4_5_MTF,prior(bearish)=0.00<0.6 OR rev(bullish)=0.50<0.5,-1,0.0,0.0,
XRP/USDT,1021,2026-04-21 11:00:00,long,0.52535,73.82,60.14,1.4397,0.007464,unknown,,,,True,False,0.0,0.5125509801793573,52.29847439674325,0.0,0.0,0.0,0.0,0.5,50.0,0.0,0.0,-1,0.0,G4_5_MTF,prior(bearish)=0.00<0.6 OR rev(bullish)=0.50<0.5,-1,0.0,0.0,
XRP/USDT,1022,2026-04-21 12:00:00,long,0.55075,79.38,60.14,1.4324,0.008021,unknown,,,,True,False,0.0,0.32833158694495235,51.22999415623301,0.0,0.0,0.0,0.25,0.5,50.0,0.0,0.0,-1,0.0,G4_5_MTF,prior(bearish)=0.25<0.6 OR rev(bullish)=0.50<0.5,-1,0.0,0.0,
XRP/USDT,1023,2026-04-21 13:00:00,long,0.54849,72.75,60.14,1.4332,0.008193,unknown,,,,True,False,0.0,0.3667540243862241,50.37787156088896,0.0,0.0,0.0,0.25,0.0,50.0,0.0,0.0,-1,0.0,G4_5_MTF,prior(bearish)=0.25<0.6 OR rev(bullish)=0.00<0.5,-1,0.0,0.0,
XRP/USDT,1024,2026-04-21 14:00:00,long,0.55011,73.65,60.14,1.4316,0.008871,unknown,,,,True,False,0.0,0.0918942389924744,49.94570245481124,0.0,0.0,0.0,0.5,0.5,50.0,0.0,0.0,-1,0.0,G4_5_MTF,prior(bearish)=0.50<0.6 OR rev(bullish)=0.50<0.5,-1,0.0,0.0,
XRP/USDT,1025,2026-04-21 15:00:00,long,0.55377,73.04,60.14,1.4324,0.008971,unknown,,,,True,False,0.0,0.2577569216919972,49.56136909883606,0.0,0.0,0.0,0.75,0.5,57.77260304370196,0.4190970774182914,-0.055032599666000825,57,0.006263,TRADE,edge=73.0 meta_conf=0.5538,1027,1.420289,-0.0121,LOSS
XRP/USDT,1028,2026-04-21 18:00:00,long,0.56475,100.0,60.14,1.4266,0.010214,unknown,,,,False,True,0.0,-0.11325615263539611,43.40822893814665,0.0,0.0,0.0,0.5,0.0,50.0,0.0,0.0,-1,0.0,G4_5_MTF,prior(bearish)=0.50<0.6 OR rev(bullish)=0.00<0.5,-1,0.0,0.0,
XRP/USDT,1029,2026-04-21 19:00:00,long,0.6242,91.89,60.14,1.4136,0.011279,unknown,,,,False,True,0.0,-0.5454044461715215,42.86326165014084,0.0,0.0,0.0,0.5,0.5,50.0,0.0,0.0,-1,0.0,G4_5_MTF,prior(bearish)=0.50<0.6 OR rev(bullish)=0.50<0.5,-1,0.0,0.0,
XRP/USDT,1030,2026-04-21 20:00:00,long,0.59614,88.32,60.14,1.4234,0.011557,unknown,,,,False,True,0.0,-0.3676508495238915,44.23887929878311,0.0,0.0,0.0,0.75,0.5,38.43536499838252,-2.0498390416678065,-0.2626373156753794,-1,0.0,G5_RSI_ACCEL,rsi_accel=-0.2626<-0.08 (RSI free-fall),-1,0.0,0.0,
XRP/USDT,1031,2026-04-21 21:00:00,long,0.59345,80.39,60.14,1.4226,0.01115,unknown,,,,False,True,0.0,-0.4656510545370536,45.443281737178474,0.0,0.0,0.0,0.5,0.5,50.0,0.0,0.0,-1,0.0,G4_5_MTF,prior(bearish)=0.50<0.6 OR rev(bullish)=0.50<0.5,-1,0.0,0.0,
XRP/USDT,1032,2026-04-21 22:00:00,long,0.591,76.2,60.14,1.4222,0.010743,unknown,,,,False,True,0.0,-0.4551440747733714,49.511235253748616,0.0,0.0,0.0,0.75,0.5,31.249991957722628,-2.633427456763005,-0.3131186503246677,-1,0.0,G5_RSI_ACCEL,rsi_accel=-0.3131<-0.08 (RSI free-fall),-1,0.0,0.0,
XRP/USDT,1033,2026-04-21 23:00:00,long,0.55701,63.16,60.14,1.4334,0.011079,unknown,,,,False,False,0.0,0.0,50.0,0.0,0.0,0.0,0.0,0.0,50.0,0.0,0.0,-1,0.0,G3_MIN_QUALITY,edge=63.2 < MIN_QUALITY_SCORE=70.0,-1,0.0,0.0,
XRP/USDT,1034,2026-04-22 00:00:00,long,0.54857,71.46,60.14,1.4323,0.01075,unknown,,,,True,True,0.0,0.001149890168198762,53.64775443445467,0.0,0.0,0.0,0.5,0.5,50.0,0.0,0.0,-1,0.0,G4_5_MTF,prior(bearish)=0.50<0.6 OR rev(bullish)=0.50<0.5,-1,0.0,0.0,
XRP/USDT,1035,2026-04-22 01:00:00,long,0.54608,68.95,60.14,1.4292,0.010543,unknown,,,,False,False,0.0,0.0,50.0,0.0,0.0,0.0,0.0,0.0,50.0,0.0,0.0,-1,0.0,G3_MIN_QUALITY,edge=68.9 < MIN_QUALITY_SCORE=70.0,-1,0.0,0.0,
XRP/USDT,1036,2026-04-22 02:00:00,long,0.57732,84.31,60.14,1.4487,0.011086,unknown,,,,True,False,0.0,0.6454467576392094,50.81442896148898,0.0,0.0,0.0,0.5,0.0,50.0,0.0,0.0,-1,0.0,G4_5_MTF,prior(bearish)=0.50<0.6 OR rev(bullish)=0.00<0.5,-1,0.0,0.0,
XRP/USDT,1037,2026-04-22 03:00:00,long,0.58145,60.33,60.14,1.4432,0.011286,unknown,,,,False,False,0.0,0.0,50.0,0.0,0.0,0.0,0.0,0.0,50.0,0.0,0.0,-1,0.0,G3_MIN_QUALITY,edge=60.3 < MIN_QUALITY_SCORE=70.0,-1,0.0,0.0,
XRP/USDT,1038,2026-04-22 04:00:00,long,0.58154,51.44,60.14,1.4446,0.010636,unknown,,,,False,False,0.0,0.0,50.0,0.0,0.0,0.0,0.0,0.0,50.0,0.0,0.0,-1,0.0,G2_EDGE,edge=51.4 < thr=60.1,-1,0.0,0.0,
XRP/USDT,1039,2026-04-22 05:00:00,long,0.58875,78.3,60.14,1.4545,0.011314,unknown,,,,True,False,0.0,0.7527610127930348,42.63192786797621,1.0,0.0,0.0,0.0,0.0,50.0,0.0,0.0,-1,0.0,G3_5_ADX,adx=21.7 < 25 (weak trend),-1,0.0,0.0,
XRP/USDT,1040,2026-04-22 06:00:00,long,0.58952,53.49,60.14,1.4565,0.011129,unknown,,,,False,False,0.0,0.0,50.0,0.0,0.0,0.0,0.0,0.0,50.0,0.0,0.0,-1,0.0,G2_EDGE,edge=53.5 < thr=60.1,-1,0.0,0.0,
XRP/USDT,1041,2026-04-22 07:00:00,long,0.57136,53.05,60.14,1.4544,0.010386,unknown,,,,False,False,0.0,0.0,50.0,0.0,0.0,0.0,0.0,0.0,50.0,0.0,0.0,-1,0.0,G2_EDGE,edge=53.1 < thr=60.1,-1,0.0,0.0,
XRP/USDT,1042,2026-04-22 08:00:00,long,0.55418,74.51,60.14,1.4525,0.010314,unknown,,,,True,False,0.0,0.5528455206993131,43.206725503904366,0.0,0.0,0.0,0.25,0.5,50.0,0.0,0.0,-1,0.0,G4_5_MTF,prior(bearish)=0.25<0.6 OR rev(bullish)=0.50<0.5,-1,0.0,0.0,
XRP/USDT,1043,2026-04-22 09:00:00,long,0.55144,61.93,60.14,1.4515,0.009264,unknown,,,,False,False,0.0,0.0,50.0,0.0,0.0,0.0,0.0,0.0,50.0,0.0,0.0,-1,0.0,G3_MIN_QUALITY,edge=61.9 < MIN_QUALITY_SCORE=70.0,-1,0.0,0.0,
XRP/USDT,1044,2026-04-22 10:00:00,long,0.556,59.74,60.14,1.4505,0.008379,unknown,,,,False,False,0.0,0.0,50.0,0.0,0.0,0.0,0.0,0.0,50.0,0.0,0.0,-1,0.0,G2_EDGE,edge=59.7 < thr=60.1,-1,0.0,0.0,
XRP/USDT,1045,2026-04-22 11:00:00,long,0.56163,63.43,60.14,1.4543,0.008457,unknown,,,,False,False,0.0,0.0,50.0,0.0,0.0,0.0,0.0,0.0,50.0,0.0,0.0,-1,0.0,G3_MIN_QUALITY,edge=63.4 < MIN_QUALITY_SCORE=70.0,-1,0.0,0.0,
XRP/USDT,1046,2026-04-22 12:00:00,long,0.53977,66.27,60.14,1.4506,0.008543,unknown,,,,False,False,0.0,0.0,50.0,0.0,0.0,0.0,0.0,0.0,50.0,0.0,0.0,-1,0.0,G3_MIN_QUALITY,edge=66.3 < MIN_QUALITY_SCORE=70.0,-1,0.0,0.0,
XRP/USDT,1047,2026-04-22 13:00:00,long,0.55744,81.28,60.14,1.459,0.008629,unknown,,,,True,False,0.0,0.6847914924244174,53.598904538184655,0.0,0.0,0.0,1.0,0.5,69.87576120713263,2.310666077350836,-0.34167542411180607,-1,0.0,G5_RSI_ACCEL,rsi_accel=-0.3417<-0.08 (RSI free-fall),-1,0.0,0.0,
XRP/USDT,1048,2026-04-22 14:00:00,long,0.53734,78.98,60.14,1.4576,0.009093,unknown,,,,True,False,0.0,0.5375447172309779,51.41748956254206,0.0,0.0,0.0,0.75,0.5,69.55176238447183,1.7275559444522477,-0.5831101328985882,-1,0.0,G5_RSI_ACCEL,rsi_accel=-0.5831<-0.08 (RSI free-fall),-1,0.0,0.0,
XRP/USDT,1049,2026-04-22 15:00:00,long,0.53783,68.94,60.14,1.4564,0.009457,unknown,,,,False,False,0.0,0.0,50.0,0.0,0.0,0.0,0.0,0.0,50.0,0.0,0.0,-1,0.0,G3_MIN_QUALITY,edge=68.9 < MIN_QUALITY_SCORE=70.0,-1,0.0,0.0,
XRP/USDT,1050,2026-04-22 16:00:00,long,0.52507,70.71,60.14,1.4468,0.008779,unknown,,,,True,False,0.0,0.10694518125656512,69.27751475572809,0.0,0.0,0.0,0.5,0.0,50.0,0.0,0.0,-1,0.0,G4_5_MTF,prior(bearish)=0.50<0.6 OR rev(bullish)=0.00<0.5,-1,0.0,0.0,
XRP/USDT,1051,2026-04-22 17:00:00,long,0.5211,68.26,60.14,1.4492,0.008557,unknown,,,,False,False,0.0,0.0,50.0,0.0,0.0,0.0,0.0,0.0,50.0,0.0,0.0,-1,0.0,G3_MIN_QUALITY,edge=68.3 < MIN_QUALITY_SCORE=70.0,-1,0.0,0.0,
XRP/USDT,1052,2026-04-22 18:00:00,long,0.52342,66.04,60.14,1.448,0.008514,unknown,,,,False,False,0.0,0.0,50.0,0.0,0.0,0.0,0.0,0.0,50.0,0.0,0.0,-1,0.0,G3_MIN_QUALITY,edge=66.0 < MIN_QUALITY_SCORE=70.0,-1,0.0,0.0,
XRP/USDT,1053,2026-04-22 19:00:00,long,0.53729,68.54,60.14,1.4413,0.008021,unknown,,,,False,False,0.0,0.0,50.0,0.0,0.0,0.0,0.0,0.0,50.0,0.0,0.0,-1,0.0,G3_MIN_QUALITY,edge=68.5 < MIN_QUALITY_SCORE=70.0,-1,0.0,0.0,
XRP/USDT,1054,2026-04-22 20:00:00,long,0.53265,75.26,60.14,1.437,0.008221,unknown,,,,False,False,0.0,-0.3153464056494105,55.90326187558101,0.0,0.0,0.0,0.75,0.0,50.0,0.0,0.0,-1,0.0,G4_5_MTF,prior(bearish)=0.75<0.6 OR rev(bullish)=0.00<0.5,-1,0.0,0.0,
XRP/USDT,1055,2026-04-22 21:00:00,long,0.53074,59.79,60.14,1.4418,0.008093,unknown,,,,False,False,0.0,0.0,50.0,0.0,0.0,0.0,0.0,0.0,50.0,0.0,0.0,-1,0.0,G2_EDGE,edge=59.8 < thr=60.1,-1,0.0,0.0,
XRP/USDT,1056,2026-04-22 22:00:00,long,0.53142,78.76,60.14,1.438,0.008107,unknown,,,,False,True,0.0,-0.4425721731216378,54.50959825699667,0.0,0.0,0.0,0.75,0.5,36.397739032488886,-3.751712816624144,-0.4527291485290763,-1,0.0,G5_RSI_ACCEL,rsi_accel=-0.4527<-0.08 (RSI free-fall),-1,0.0,0.0,
XRP/USDT,1057,2026-04-22 23:00:00,long,0.5324,82.55,60.14,1.4294,0.008386,unknown,,,,False,True,0.0,-0.6485768529829539,47.656686660327736,-1.0,0.0,0.0,0.75,0.5,31.855493497916157,-3.8310008270450644,-0.0792880104209206,30,0.005867,TRADE,edge=82.6 meta_conf=0.5324,1058,1.418079,-0.0113,LOSS
XRP/USDT,1059,2026-04-23 01:00:00,long,0.58459,82.27,60.14,1.4259,0.009386,unknown,,,,False,True,0.0,-0.5446036923871503,36.62514729949292,0.0,0.0,0.0,0.75,0.0,50.0,0.0,0.0,-1,0.0,G4_5_MTF,prior(bearish)=0.75<0.6 OR rev(bullish)=0.00<0.5,-1,0.0,0.0,
XRP/USDT,1060,2026-04-23 02:00:00,long,0.5899,81.54,60.14,1.419,0.009571,unknown,,,,False,True,0.0,-0.6895770336396563,35.97025993070752,0.0,0.0,0.0,0.75,0.0,50.0,0.0,0.0,-1,0.0,G4_5_MTF,prior(bearish)=0.75<0.6 OR rev(bullish)=0.00<0.5,-1,0.0,0.0,
XRP/USDT,1061,2026-04-23 03:00:00,long,0.59178,82.08,60.14,1.4162,0.009371,unknown,,,,False,True,0.0,-0.7072049567537991,33.11799218350335,0.0,0.0,0.0,0.75,0.0,50.0,0.0,0.0,-1,0.0,G4_5_MTF,prior(bearish)=0.75<0.6 OR rev(bullish)=0.00<0.5,-1,0.0,0.0,
XRP/USDT,1062,2026-04-23 04:00:00,long,0.58889,78.85,60.14,1.4179,0.008886,unknown,,,,False,True,0.0,-0.599394197325536,34.7181696451296,0.0,0.0,0.0,1.0,0.0,50.0,0.0,0.0,-1,0.0,G4_5_MTF,prior(bearish)=1.00<0.6 OR rev(bullish)=0.00<0.5,-1,0.0,0.0,
XRP/USDT,1063,2026-04-23 05:00:00,long,0.59347,80.67,60.14,1.4196,0.008536,unknown,,,,False,True,0.0,-0.4803798840268706,35.61014900581327,0.0,0.0,0.0,1.0,0.5,18.275857657551555,-2.899552332668563,0.6322774835055665,5,0.006013,TRADE,edge=80.7 meta_conf=0.5935,1083,1.442646,0.023,WIN
XRP/USDT,1084,2026-04-24 02:00:00,long,0.63631,54.72,60.14,1.4373,0.009129,unknown,,,,False,False,0.0,0.0,50.0,0.0,0.0,0.0,0.0,0.0,50.0,0.0,0.0,-1,0.0,G2_EDGE,edge=54.7 < thr=60.1,-1,0.0,0.0,
XRP/USDT,1085,2026-04-24 03:00:00,long,0.62915,52.58,60.14,1.4307,0.009464,unknown,,,,False,False,0.0,0.0,50.0,0.0,0.0,0.0,0.0,0.0,50.0,0.0,0.0,-1,0.0,G2_EDGE,edge=52.6 < thr=60.1,-1,0.0,0.0,
XRP/USDT,1086,2026-04-24 04:00:00,long,0.61103,60.44,60.14,1.4292,0.008679,unknown,,,,False,False,0.0,0.0,50.0,0.0,0.0,0.0,0.0,0.0,50.0,0.0,0.0,-1,0.0,G3_MIN_QUALITY,edge=60.4 < MIN_QUALITY_SCORE=70.0,-1,0.0,0.0,
XRP/USDT,1087,2026-04-24 05:00:00,long,0.61009,50.65,60.14,1.433,0.008471,unknown,,,,False,False,0.0,0.0,50.0,0.0,0.0,0.0,0.0,0.0,50.0,0.0,0.0,-1,0.0,G2_EDGE,edge=50.7 < thr=60.1,-1,0.0,0.0,
XRP/USDT,1088,2026-04-24 06:00:00,long,0.60765,58.99,60.14,1.43,0.008264,unknown,,,,False,False,0.0,0.0,50.0,0.0,0.0,0.0,0.0,0.0,50.0,0.0,0.0,-1,0.0,G2_EDGE,edge=59.0 < thr=60.1,-1,0.0,0.0,
XRP/USDT,1089,2026-04-24 07:00:00,long,0.60658,48.39,60.14,1.4326,0.007357,unknown,,,,False,False,0.0,0.0,50.0,0.0,0.0,0.0,0.0,0.0,50.0,0.0,0.0,-1,0.0,G2_EDGE,edge=48.4 < thr=60.1,-1,0.0,0.0,
XRP/USDT,1090,2026-04-24 08:00:00,long,0.6094,47.86,60.14,1.4315,0.00715,unknown,,,,False,False,0.0,0.0,50.0,0.0,0.0,0.0,0.0,0.0,50.0,0.0,0.0,-1,0.0,G2_EDGE,edge=47.9 < thr=60.1,-1,0.0,0.0,
XRP/USDT,1091,2026-04-24 09:00:00,long,0.59771,55.97,60.14,1.4258,0.007157,unknown,,,,False,False,0.0,0.0,50.0,0.0,0.0,0.0,0.0,0.0,50.0,0.0,0.0,-1,0.0,G2_EDGE,edge=56.0 < thr=60.1,-1,0.0,0.0,
XRP/USDT,1092,2026-04-24 10:00:00,long,0.58337,68.0,60.14,1.4315,0.0071,unknown,,,,False,False,0.0,0.0,50.0,0.0,0.0,0.0,0.0,0.0,50.0,0.0,0.0,-1,0.0,G3_MIN_QUALITY,edge=68.0 < MIN_QUALITY_SCORE=70.0,-1,0.0,0.0,
XRP/USDT,1093,2026-04-24 11:00:00,long,0.60671,75.53,60.14,1.4383,0.007179,unknown,,,,True,False,0.0,0.42867024277019267,62.94509034776544,0.0,0.0,0.0,0.5,0.5,50.0,0.0,0.0,-1,0.0,G4_5_MTF,prior(bearish)=0.50<0.6 OR rev(bullish)=0.50<0.5,-1,0.0,0.0,
XRP/USDT,1094,2026-04-24 12:00:00,long,0.61753,83.03,60.14,1.4347,0.007357,unknown,,,,True,True,0.0,0.20110723045702256,62.50156739867857,0.0,0.0,0.0,0.75,1.0,48.736449777792615,-2.4190820608516868,-0.03781530168137248,11,0.005128,TRADE,edge=83.0 meta_conf=0.6175,1121,1.424768,-0.0099,LOSS
XRP/USDT,1122,2026-04-25 16:00:00,long,0.58832,100.0,60.14,1.4242,0.004129,unknown,,,,False,True,0.0,-0.7301029053514799,51.65274755170621,-1.0,0.0,0.0,0.5,0.0,50.0,0.0,0.0,-1,0.0,G4_5_MTF,prior(bearish)=0.50<0.6 OR rev(bullish)=0.00<0.5,-1,0.0,0.0,
XRP/USDT,1123,2026-04-25 17:00:00,long,0.57613,99.92,60.14,1.4202,0.004229,unknown,,,,False,True,0.0,-0.7522867280578426,47.3918099077802,-1.0,0.0,0.0,0.75,0.0,50.0,0.0,0.0,-1,0.0,G4_5_MTF,prior(bearish)=0.75<0.6 OR rev(bullish)=0.00<0.5,-1,0.0,0.0,
XRP/USDT,1124,2026-04-25 18:00:00,long,0.58273,87.05,60.14,1.4212,0.0042,unknown,,,,False,True,0.0,-0.6228248968809535,45.75943723433808,0.0,0.0,0.0,0.75,0.0,50.0,0.0,0.0,-1,0.0,G4_5_MTF,prior(bearish)=0.75<0.6 OR rev(bullish)=0.00<0.5,-1,0.0,0.0,
XRP/USDT,1125,2026-04-25 19:00:00,long,0.585,86.03,60.14,1.4204,0.004157,unknown,,,,False,True,0.0,-0.698998316847055,44.58512383540619,0.0,0.0,0.0,0.75,0.5,24.686178008096604,-1.403904988785116,-0.5722832610954487,-1,0.0,G5_RSI_ACCEL,rsi_accel=-0.5723<-0.08 (RSI free-fall),-1,0.0,0.0,
XRP/USDT,1126,2026-04-25 20:00:00,long,0.58173,75.13,60.14,1.4222,0.004129,unknown,,,,True,True,0.0,-0.5562207143449743,42.939714358350486,0.0,0.0,0.0,1.0,0.5,29.133842209692844,-1.5606105491078563,-0.1567055603227403,-1,0.0,G5_RSI_ACCEL,rsi_accel=-0.1567<-0.08 (RSI free-fall),-1,0.0,0.0,
XRP/USDT,1127,2026-04-25 21:00:00,long,0.58354,71.54,60.14,1.4229,0.003971,unknown,,,,True,True,0.0,-0.5524250911570135,42.371831950486744,0.0,0.0,0.0,0.75,0.5,29.133842209693455,-1.6774340595564587,-0.1168235104486024,-1,0.0,G5_RSI_ACCEL,rsi_accel=-0.1168<-0.08 (RSI free-fall),-1,0.0,0.0,
XRP/USDT,1128,2026-04-25 22:00:00,long,0.5923,69.83,60.14,1.4234,0.003993,unknown,,,,False,False,0.0,0.0,50.0,0.0,0.0,0.0,0.0,0.0,50.0,0.0,0.0,-1,0.0,G3_MIN_QUALITY,edge=69.8 < MIN_QUALITY_SCORE=70.0,-1,0.0,0.0,
XRP/USDT,1129,2026-04-25 23:00:00,long,0.58972,70.07,60.14,1.4238,0.003893,unknown,,,,True,True,0.0,-0.5287501144168417,42.80993869903205,0.0,0.0,0.0,0.5,1.0,50.0,0.0,0.0,-1,0.0,G4_5_MTF,prior(bearish)=0.50<0.6 OR rev(bullish)=1.00<0.5,-1,0.0,0.0,
XRP/USDT,1130,2026-04-26 00:00:00,long,0.5793,68.28,60.14,1.4208,0.004043,unknown,,,,False,False,0.0,0.0,50.0,0.0,0.0,0.0,0.0,0.0,50.0,0.0,0.0,-1,0.0,G3_MIN_QUALITY,edge=68.3 < MIN_QUALITY_SCORE=70.0,-1,0.0,0.0,
XRP/USDT,1131,2026-04-26 01:00:00,long,0.57937,67.94,60.14,1.4193,0.003829,unknown,,,,False,False,0.0,0.0,50.0,0.0,0.0,0.0,0.0,0.0,50.0,0.0,0.0,-1,0.0,G3_MIN_QUALITY,edge=67.9 < MIN_QUALITY_SCORE=70.0,-1,0.0,0.0,
XRP/USDT,1132,2026-04-26 02:00:00,long,0.57662,69.6,60.14,1.4218,0.003829,unknown,,,,False,False,0.0,0.0,50.0,0.0,0.0,0.0,0.0,0.0,50.0,0.0,0.0,-1,0.0,G3_MIN_QUALITY,edge=69.6 < MIN_QUALITY_SCORE=70.0,-1,0.0,0.0,
XRP/USDT,1133,2026-04-26 03:00:00,long,0.58926,70.84,60.14,1.4186,0.004007,unknown,,,,True,True,0.0,-0.7404665292735775,51.71200117303193,-1.0,0.0,0.0,0.25,0.5,50.0,0.0,0.0,-1,0.0,G4_5_MTF,prior(bearish)=0.25<0.6 OR rev(bullish)=0.50<0.5,-1,0.0,0.0,
XRP/USDT,1134,2026-04-26 04:00:00,long,0.57132,73.89,60.14,1.4221,0.00415,unknown,,,,True,True,0.0,-0.4525001738627042,55.062782037312154,0.0,0.0,0.0,0.5,0.5,50.0,0.0,0.0,-1,0.0,G4_5_MTF,prior(bearish)=0.50<0.6 OR rev(bullish)=0.50<0.5,-1,0.0,0.0,
XRP/USDT,1135,2026-04-26 05:00:00,long,0.5838,86.87,60.14,1.4256,0.004257,unknown,,,,True,True,0.0,0.10025863973821222,60.86166988546384,0.0,0.0,0.0,0.5,0.5,50.0,0.0,0.0,-1,0.0,G4_5_MTF,prior(bearish)=0.50<0.6 OR rev(bullish)=0.50<0.5,-1,0.0,0.0,
XRP/USDT,1136,2026-04-26 06:00:00,long,0.58928,78.13,60.14,1.4275,0.003921,unknown,,,,True,True,0.0,0.1827693681348664,60.7232633801877,0.0,0.0,0.0,0.75,1.0,55.83036107331984,1.9513171542645211,0.838233551769765,15,0.002747,TRADE,edge=78.1 meta_conf=0.5893,1151,1.422206,-0.0053,LOSS
XRP/USDT,1152,2026-04-26 22:00:00,long,0.63903,99.85,60.14,1.4271,0.005736,unknown,,,,True,True,0.0,0.08868839615968402,49.90570426048867,0.0,0.0,0.0,0.5,0.5,50.0,0.0,0.0,-1,0.0,G4_5_MTF,prior(bearish)=0.50<0.6 OR rev(bullish)=0.50<0.5,-1,0.0,0.0,
XRP/USDT,1153,2026-04-26 23:00:00,long,0.64439,84.76,60.14,1.4307,0.006229,unknown,,,,True,True,0.0,0.4823345557291521,51.34580280554803,0.0,0.0,0.0,0.5,0.5,50.0,0.0,0.0,-1,0.0,G4_5_MTF,prior(bearish)=0.50<0.6 OR rev(bullish)=0.50<0.5,-1,0.0,0.0,
XRP/USDT,1154,2026-04-27 00:00:00,long,0.68912,100.0,60.14,1.4393,0.007193,unknown,,,,True,True,0.0,0.7471315437697108,44.78987499177691,1.0,0.0,0.0,0.25,0.5,50.0,0.0,0.0,-1,0.0,G4_5_MTF,prior(bearish)=0.25<0.6 OR rev(bullish)=0.50<0.5,-1,0.0,0.0,
XRP/USDT,1155,2026-04-27 01:00:00,long,0.71343,100.0,60.14,1.4446,0.007693,unknown,,,,True,False,0.0,0.7481271874214658,38.38486137136185,1.0,0.0,0.0,0.5,1.0,50.0,0.0,0.0,-1,0.0,G4_5_MTF,prior(bearish)=0.50<0.6 OR rev(bullish)=1.00<0.5,-1,0.0,0.0,
XRP/USDT,1156,2026-04-27 02:00:00,long,0.7093,72.97,60.14,1.4436,0.007557,unknown,,,,True,False,0.0,0.6265241769577228,40.10308366524093,0.0,0.0,0.0,0.5,1.0,50.0,0.0,0.0,-1,0.0,G4_5_MTF,prior(bearish)=0.50<0.6 OR rev(bullish)=1.00<0.5,-1,0.0,0.0,
XRP/USDT,1157,2026-04-27 03:00:00,long,0.71702,73.1,60.14,1.4425,0.007729,unknown,,,,True,False,0.0,0.5971908558879276,40.96519090309027,0.0,0.0,0.0,0.25,0.5,50.0,0.0,0.0,-1,0.0,G4_5_MTF,prior(bearish)=0.25<0.6 OR rev(bullish)=0.50<0.5,-1,0.0,0.0,
XRP/USDT,1158,2026-04-27 04:00:00,long,0.70739,95.94,60.14,1.4401,0.007564,unknown,,,,True,True,0.0,0.5576143452191514,42.45759366940514,0.0,0.0,0.0,0.25,0.0,50.0,0.0,0.0,-1,0.0,G4_5_MTF,prior(bearish)=0.25<0.6 OR rev(bullish)=0.00<0.5,-1,0.0,0.0,
XRP/USDT,1159,2026-04-27 05:00:00,long,0.73778,100.0,60.14,1.4196,0.009043,unknown,,,,False,True,0.0,-0.3707824950188973,40.24777100071906,-1.0,0.0,0.0,0.25,0.0,50.0,0.0,0.0,-1,0.0,G4_5_MTF,prior(bearish)=0.25<0.6 OR rev(bullish)=0.00<0.5,-1,0.0,0.0,
XRP/USDT,1160,2026-04-27 06:00:00,long,0.73083,94.45,60.14,1.4181,0.0093,unknown,,,,False,True,0.0,-0.38682270983719563,37.65564377920811,0.0,0.0,0.0,0.5,0.0,50.0,0.0,0.0,-1,0.0,G4_5_MTF,prior(bearish)=0.50<0.6 OR rev(bullish)=0.00<0.5,-1,0.0,0.0,
XRP/USDT,1161,2026-04-27 07:00:00,long,0.70827,86.55,60.14,1.4145,0.009386,unknown,,,,False,True,0.0,-0.6065336288789346,39.71830025609425,0.0,0.0,0.0,0.75,0.0,50.0,0.0,0.0,-1,0.0,G4_5_MTF,prior(bearish)=0.75<0.6 OR rev(bullish)=0.00<0.5,-1,0.0,0.0,
XRP/USDT,1162,2026-04-27 08:00:00,long,0.74076,86.86,60.14,1.4183,0.009264,unknown,,,,False,True,0.0,-0.5339597354899482,41.58074597486288,0.0,0.0,0.0,1.0,0.0,50.0,0.0,0.0,-1,0.0,G4_5_MTF,prior(bearish)=1.00<0.6 OR rev(bullish)=0.00<0.5,-1,0.0,0.0,
XRP/USDT,1163,2026-04-27 09:00:00,long,0.74327,87.03,60.14,1.4168,0.008921,unknown,,,,False,True,0.0,-0.643823579880159,43.21497842211824,0.0,0.0,0.0,1.0,0.5,38.275852829966674,-1.1353023900541641,-0.4086480635575982,-1,0.0,G5_RSI_ACCEL,rsi_accel=-0.4086<-0.08 (RSI free-fall),-1,0.0,0.0,
XRP/USDT,1164,2026-04-27 10:00:00,long,0.74283,85.58,60.14,1.4152,0.008721,unknown,,,,False,True,0.0,-0.6560394973726043,44.650846925583295,0.0,0.0,0.0,1.0,0.5,39.084497408750664,-1.6747329497981567,-0.5394305597439926,-1,0.0,G5_RSI_ACCEL,rsi_accel=-0.5394<-0.08 (RSI free-fall),-1,0.0,0.0,
XRP/USDT,1165,2026-04-27 11:00:00,long,0.76321,88.28,60.14,1.4137,0.008193,unknown,,,,False,True,0.0,-0.6422470659253346,45.351292304079045,0.0,0.0,0.0,0.75,0.0,50.0,0.0,0.0,-1,0.0,G4_5_MTF,prior(bearish)=0.75<0.6 OR rev(bullish)=0.00<0.5,-1,0.0,0.0,
XRP/USDT,1166,2026-04-27 12:00:00,long,0.75469,88.74,60.14,1.4108,0.007693,unknown,,,,False,True,0.0,-0.7329201429987305,43.21246714194183,-1.0,0.0,0.0,0.75,0.0,50.0,0.0,0.0,-1,0.0,G4_5_MTF,prior(bearish)=0.75<0.6 OR rev(bullish)=0.00<0.5,-1,0.0,0.0,
XRP/USDT,1167,2026-04-27 13:00:00,long,0.75797,100.0,60.14,1.4018,0.008029,unknown,,,,False,True,0.0,-0.7404826589197314,33.05826878690172,-1.0,0.0,0.0,0.75,0.0,50.0,0.0,0.0,-1,0.0,G4_5_MTF,prior(bearish)=0.75<0.6 OR rev(bullish)=0.00<0.5,-1,0.0,0.0,
XRP/USDT,1168,2026-04-27 14:00:00,long,0.71918,100.0,60.14,1.404,0.007779,unknown,,,,False,True,0.0,-0.6123360557163512,33.248647846148785,0.0,0.0,0.0,0.75,0.0,50.0,0.0,0.0,-1,0.0,G4_5_MTF,prior(bearish)=0.75<0.6 OR rev(bullish)=0.00<0.5,-1,0.0,0.0,
XRP/USDT,1169,2026-04-27 15:00:00,long,0.68109,100.0,60.14,1.3882,0.008457,unknown,,,,False,True,0.0,-0.7561519772735901,23.662158945648645,-1.0,0.0,0.0,1.0,0.5,8.771928029137271,-4.099236875417175,-0.40146764081919306,-1,0.0,G5_RSI_ACCEL,rsi_accel=-0.4015<-0.08 (RSI free-fall),-1,0.0,0.0,
XRP/USDT,1170,2026-04-27 16:00:00,long,0.67654,85.93,60.14,1.3888,0.008514,unknown,,,,False,True,0.0,-0.617865246783193,23.96922222701963,0.0,0.0,0.0,1.0,0.5,9.705880354671365,-3.965390990211217,0.13384588520595742,19,0.006131,TRADE,edge=85.9 meta_conf=0.6765,1191,1.377306,-0.0115,LOSS
XRP/USDT,1192,2026-04-28 14:00:00,long,0.69109,100.0,60.14,1.3699,0.006807,unknown,,,,False,True,0.0,-0.7512763284744604,40.58359355760508,-1.0,0.0,0.0,0.75,0.5,16.666661111112788,-1.3314120191583882,-0.8470781537499478,-1,0.0,G5_RSI_ACCEL,rsi_accel=-0.8471<-0.08 (RSI free-fall),-1,0.0,0.0,
XRP/USDT,1193,2026-04-28 15:00:00,long,0.69207,89.13,60.14,1.3753,0.007086,unknown,,,,False,True,0.0,-0.5896796855860952,40.27614912723521,0.0,0.0,0.0,0.5,0.0,50.0,0.0,0.0,-1,0.0,G4_5_MTF,prior(bearish)=0.50<0.6 OR rev(bullish)=0.00<0.5,-1,0.0,0.0,
XRP/USDT,1194,2026-04-28 16:00:00,long,0.69204,86.29,60.14,1.3767,0.006993,unknown,,,,False,True,0.0,-0.5274566368606597,42.19168771790095,0.0,0.0,0.0,0.5,0.5,50.0,0.0,0.0,-1,0.0,G4_5_MTF,prior(bearish)=0.50<0.6 OR rev(bullish)=0.50<0.5,-1,0.0,0.0,
XRP/USDT,1195,2026-04-28 17:00:00,long,0.6911,89.05,60.14,1.3788,0.007093,unknown,,,,False,True,0.0,-0.4577749133574604,42.062336607392396,0.0,0.0,0.0,0.75,1.0,34.5652068714588,-2.1088077669970855,0.0020846270842880266,4,0.005144,TRADE,edge=89.0 meta_conf=0.6911,1211,1.397951,0.0192,WIN
XRP/USDT,1212,2026-04-29 10:00:00,long,0.69,80.3,60.14,1.3978,0.006907,unknown,,,,True,False,0.0,0.48602443507057164,41.79264708521459,0.0,0.0,0.0,0.5,0.5,50.0,0.0,0.0,-1,0.0,G4_5_MTF,prior(bearish)=0.50<0.6 OR rev(bullish)=0.50<0.5,-1,0.0,0.0,
XRP/USDT,1213,2026-04-29 11:00:00,long,0.6787,76.74,60.14,1.3946,0.006907,unknown,,,,True,False,0.0,0.4035000946461355,41.916453629982946,0.0,0.0,0.0,0.75,0.5,64.37245139242265,2.517184685766289,-0.6070627907650574,-1,0.0,G5_RSI_ACCEL,rsi_accel=-0.6071<-0.08 (RSI free-fall),-1,0.0,0.0,
XRP/USDT,1214,2026-04-29 12:00:00,long,0.63787,100.0,60.14,1.3833,0.007621,unknown,,,,False,True,0.0,0.09445927415866466,42.3242565112866,0.0,0.0,0.0,0.75,0.0,50.0,0.0,0.0,-1,0.0,G4_5_MTF,prior(bearish)=0.75<0.6 OR rev(bullish)=0.00<0.5,-1,0.0,0.0,
XRP/USDT,1215,2026-04-29 13:00:00,long,0.67822,100.0,60.14,1.3758,0.008357,unknown,,,,False,True,0.0,-0.41356894507475916,35.62758031516377,0.0,0.0,0.0,0.75,0.0,50.0,0.0,0.0,-1,0.0,G4_5_MTF,prior(bearish)=0.75<0.6 OR rev(bullish)=0.00<0.5,-1,0.0,0.0,
XRP/USDT,1216,2026-04-29 14:00:00,long,0.67326,87.5,60.14,1.3723,0.0085,unknown,,,,False,True,0.0,-0.6520025852494289,35.86233406680339,0.0,0.0,0.0,0.75,0.0,50.0,0.0,0.0,-1,0.0,G4_5_MTF,prior(bearish)=0.75<0.6 OR rev(bullish)=0.00<0.5,-1,0.0,0.0,
XRP/USDT,1217,2026-04-29 15:00:00,long,0.68984,100.0,60.14,1.3618,0.009021,unknown,,,,False,True,0.0,-0.7317680208525602,26.863242725834315,-1.0,0.0,0.0,0.75,0.0,50.0,0.0,0.0,-1,0.0,G4_5_MTF,prior(bearish)=0.75<0.6 OR rev(bullish)=0.00<0.5,-1,0.0,0.0,
XRP/USDT,1218,2026-04-29 16:00:00,long,0.69036,92.14,60.14,1.3638,0.009293,unknown,,,,False,True,0.0,-0.6228365944333197,27.994358738565246,0.0,0.0,0.0,1.0,0.0,50.0,0.0,0.0,-1,0.0,G4_5_MTF,prior(bearish)=1.00<0.6 OR rev(bullish)=0.00<0.5,-1,0.0,0.0,
XRP/USDT,1219,2026-04-29 17:00:00,long,0.68458,85.51,60.14,1.3682,0.008929,unknown,,,,False,True,0.0,-0.5787223000642149,28.932064150584804,0.0,0.0,0.0,1.0,0.5,35.37603767041057,-3.7813470445265915,-0.6432258761098786,-1,0.0,G5_RSI_ACCEL,rsi_accel=-0.6432<-0.08 (RSI free-fall),-1,0.0,0.0,
XRP/USDT,1220,2026-04-29 18:00:00,long,0.69739,100.0,60.14,1.3575,0.009979,unknown,,,,False,True,0.0,-0.7348296365866777,21.06392746563497,-1.0,0.0,0.0,1.0,1.0,25.456914407352485,-3.9515752796442487,-0.17022823511765717,-1,0.0,G5_RSI_ACCEL,rsi_accel=-0.1702<-0.08 (RSI free-fall),-1,0.0,0.0,
XRP/USDT,1221,2026-04-29 19:00:00,long,0.67337,84.04,60.14,1.3534,0.010207,unknown,,,,False,True,0.0,-0.7078012586005684,22.494656852447783,0.0,0.0,0.0,0.75,0.5,23.30826658752227,-4.006296383048095,-0.054721103403846616,10,0.007542,TRADE,edge=84.0 meta_conf=0.6734,1226,1.380959,0.0276,WIN
XRP/USDT,1227,2026-04-30 01:00:00,long,0.6977,79.82,60.14,1.3795,0.010893,unknown,,,,False,False,0.0,-0.15032269934354048,38.89428711726647,0.0,0.0,0.0,0.25,0.5,50.0,0.0,0.0,-1,0.0,G4_5_MTF,prior(bearish)=0.25<0.6 OR rev(bullish)=0.50<0.5,-1,0.0,0.0,
XRP/USDT,1228,2026-04-30 02:00:00,long,0.67577,82.17,60.14,1.3731,0.010771,unknown,,,,False,False,0.0,-0.2627339907731024,48.428001162665055,0.0,0.0,0.0,0.25,0.5,50.0,0.0,0.0,-1,0.0,G4_5_MTF,prior(bearish)=0.25<0.6 OR rev(bullish)=0.50<0.5,-1,0.0,0.0,
XRP/USDT,1229,2026-04-30 03:00:00,long,0.67927,77.0,60.14,1.3733,0.010129,unknown,,,,False,False,0.0,-0.12496864957628794,48.905682215666275,0.0,0.0,0.0,0.25,0.0,50.0,0.0,0.0,-1,0.0,G4_5_MTF,prior(bearish)=0.25<0.6 OR rev(bullish)=0.00<0.5,-1,0.0,0.0,
XRP/USDT,1230,2026-04-30 04:00:00,long,0.68271,88.1,60.14,1.3629,0.010429,unknown,,,,False,True,0.0,-0.37975539026384136,49.418981551113504,0.0,0.0,0.0,0.5,0.5,50.0,0.0,0.0,-1,0.0,G4_5_MTF,prior(bearish)=0.50<0.6 OR rev(bullish)=0.50<0.5,-1,0.0,0.0,
XRP/USDT,1231,2026-04-30 05:00:00,long,0.67221,87.29,60.14,1.3647,0.010014,unknown,,,,False,True,0.0,-0.2176612617038678,49.68054901020945,0.0,0.0,0.0,0.75,0.5,51.94629896311168,1.4419515948547459,0.4297235441608489,5,0.007338,TRADE,edge=87.3 meta_conf=0.6722,1263,1.391739,0.027,WIN
XRP/USDT,1264,2026-05-01 14:00:00,long,0.65437,70.11,60.14,1.3948,0.007129,unknown,,,,True,False,0.0,0.5816125332888966,34.78030261778766,0.0,0.0,0.0,0.25,1.0,50.0,0.0,0.0,-1,0.0,G4_5_MTF,prior(bearish)=0.25<0.6 OR rev(bullish)=1.00<0.5,-1,0.0,0.0,
XRP/USDT,1265,2026-05-01 15:00:00,long,0.66115,70.02,60.14,1.396,0.007164,unknown,,,,True,False,0.0,0.65951410020482,38.35383717095057,0.0,0.0,0.0,0.25,0.5,50.0,0.0,0.0,-1,0.0,G4_5_MTF,prior(bearish)=0.25<0.6 OR rev(bullish)=0.50<0.5,-1,0.0,0.0,
XRP/USDT,1266,2026-05-01 16:00:00,long,0.60997,65.8,60.14,1.3915,0.007443,unknown,,,,False,False,0.0,0.0,50.0,0.0,0.0,0.0,0.0,0.0,50.0,0.0,0.0,-1,0.0,G3_MIN_QUALITY,edge=65.8 < MIN_QUALITY_SCORE=70.0,-1,0.0,0.0,
XRP/USDT,1267,2026-05-01 17:00:00,long,0.62837,75.08,60.14,1.3949,0.007064,unknown,,,,True,False,0.0,0.6470077558658627,42.97558198993543,0.0,0.0,0.0,0.25,0.5,50.0,0.0,0.0,-1,0.0,G4_5_MTF,prior(bearish)=0.25<0.6 OR rev(bullish)=0.50<0.5,-1,0.0,0.0,
XRP/USDT,1268,2026-05-01 18:00:00,long,0.62605,72.29,60.14,1.3936,0.006936,unknown,,,,True,False,0.0,0.4711475026911998,43.309464161480484,0.0,0.0,0.0,0.25,0.5,50.0,0.0,0.0,-1,0.0,G4_5_MTF,prior(bearish)=0.25<0.6 OR rev(bullish)=0.50<0.5,-1,0.0,0.0,
XRP/USDT,1269,2026-05-01 19:00:00,long,0.63344,71.49,60.14,1.3937,0.006964,unknown,,,,True,False,0.0,0.5508389079095686,43.854468943899796,0.0,0.0,0.0,0.5,0.5,50.0,0.0,0.0,-1,0.0,G4_5_MTF,prior(bearish)=0.50<0.6 OR rev(bullish)=0.50<0.5,-1,0.0,0.0,
XRP/USDT,1270,2026-05-01 20:00:00,long,0.61774,82.34,60.14,1.3846,0.007343,unknown,,,,True,True,0.0,0.27815056118395404,44.49238175091595,0.0,0.0,0.0,0.5,0.5,50.0,0.0,0.0,-1,0.0,G4_5_MTF,prior(bearish)=0.50<0.6 OR rev(bullish)=0.50<0.5,-1,0.0,0.0,
XRP/USDT,1271,2026-05-01 21:00:00,long,0.60723,69.68,60.14,1.3887,0.0074,unknown,,,,False,False,0.0,0.0,50.0,0.0,0.0,0.0,0.0,0.0,50.0,0.0,0.0,-1,0.0,G3_MIN_QUALITY,edge=69.7 < MIN_QUALITY_SCORE=70.0,-1,0.0,0.0,
XRP/USDT,1272,2026-05-01 22:00:00,long,0.60824,79.9,60.14,1.3836,0.0074,unknown,,,,True,True,0.0,0.24997332401987632,45.899562115809445,0.0,0.0,0.0,0.5,0.5,50.0,0.0,0.0,-1,0.0,G4_5_MTF,prior(bearish)=0.50<0.6 OR rev(bullish)=0.50<0.5,-1,0.0,0.0,
XRP/USDT,1273,2026-05-01 23:00:00,long,0.60787,74.1,60.14,1.3858,0.007421,unknown,,,,True,False,0.0,0.3140782067057956,46.588224421889336,0.0,0.0,0.0,0.5,0.5,50.0,0.0,0.0,-1,0.0,G4_5_MTF,prior(bearish)=0.50<0.6 OR rev(bullish)=0.50<0.5,-1,0.0,0.0,
XRP/USDT,1274,2026-05-02 00:00:00,long,0.61005,71.2,60.14,1.3863,0.007457,unknown,,,,True,False,0.0,0.1784098869670769,52.85573224847086,0.0,0.0,0.0,0.5,0.5,50.0,0.0,0.0,-1,0.0,G4_5_MTF,prior(bearish)=0.50<0.6 OR rev(bullish)=0.50<0.5,-1,0.0,0.0,
XRP/USDT,1275,2026-05-02 01:00:00,long,0.60378,77.17,60.14,1.385,0.007457,unknown,,,,True,True,0.0,0.01278062803453733,56.62227138839962,0.0,0.0,0.0,0.5,1.0,50.0,0.0,0.0,-1,0.0,G4_5_MTF,prior(bearish)=0.50<0.6 OR rev(bullish)=1.00<0.5,-1,0.0,0.0,
XRP/USDT,1276,2026-05-02 02:00:00,long,0.59643,79.08,60.14,1.3859,0.007229,unknown,,,,True,True,0.0,0.07958762066522691,63.45309727484712,0.0,0.0,0.0,0.5,0.5,50.0,0.0,0.0,-1,0.0,G4_5_MTF,prior(bearish)=0.50<0.6 OR rev(bullish)=0.50<0.5,-1,0.0,0.0,
XRP/USDT,1277,2026-05-02 03:00:00,long,0.5903,74.99,60.14,1.386,0.006386,unknown,,,,True,True,0.0,-0.05139642918915534,63.228200498914774,0.0,0.0,0.0,0.25,0.5,50.0,0.0,0.0,-1,0.0,G4_5_MTF,prior(bearish)=0.25<0.6 OR rev(bullish)=0.50<0.5,-1,0.0,0.0,
XRP/USDT,1278,2026-05-02 04:00:00,long,0.59621,73.87,60.14,1.3849,0.005879,unknown,,,,True,True,0.0,-0.16264086050196053,62.95529403105274,0.0,0.0,0.0,0.5,1.0,50.0,0.0,0.0,-1,0.0,G4_5_MTF,prior(bearish)=0.50<0.6 OR rev(bullish)=1.00<0.5,-1,0.0,0.0,
XRP/USDT,1279,2026-05-02 05:00:00,long,0.60405,72.65,60.14,1.3838,0.005436,unknown,,,,True,True,0.0,-0.1999897275886907,64.99183094516039,0.0,0.0,0.0,0.25,0.5,50.0,0.0,0.0,-1,0.0,G4_5_MTF,prior(bearish)=0.25<0.6 OR rev(bullish)=0.50<0.5,-1,0.0,0.0,
XRP/USDT,1280,2026-05-02 06:00:00,long,0.60271,73.97,60.14,1.3871,0.005186,unknown,,,,True,True,0.0,0.03162072060603607,69.91244912788595,0.0,0.0,0.0,0.25,0.0,50.0,0.0,0.0,-1,0.0,G4_5_MTF,prior(bearish)=0.25<0.6 OR rev(bullish)=0.00<0.5,-1,0.0,0.0,
XRP/USDT,1281,2026-05-02 07:00:00,long,0.59865,73.29,60.14,1.3853,0.004957,unknown,,,,True,True,0.0,-0.15629779720356102,69.06753041705493,0.0,0.0,0.0,0.5,0.5,50.0,0.0,0.0,-1,0.0,G4_5_MTF,prior(bearish)=0.50<0.6 OR rev(bullish)=0.50<0.5,-1,0.0,0.0,
XRP/USDT,1282,2026-05-02 08:00:00,long,0.5817,72.71,60.14,1.3847,0.004886,unknown,,,,True,True,0.0,-0.16562117505084337,68.22703880694273,0.0,0.0,0.0,0.5,0.5,50.0,0.0,0.0,-1,0.0,G4_5_MTF,prior(bearish)=0.50<0.6 OR rev(bullish)=0.50<0.5,-1,0.0,0.0,
XRP/USDT,1283,2026-05-02 09:00:00,long,0.58191,78.26,60.14,1.3865,0.004893,unknown,,,,True,True,0.0,-0.11290890646073946,70.76969112919166,0.0,0.0,0.0,0.5,0.0,50.0,0.0,0.0,-1,0.0,G4_5_MTF,prior(bearish)=0.50<0.6 OR rev(bullish)=0.00<0.5,-1,0.0,0.0,
XRP/USDT,1284,2026-05-02 10:00:00,long,0.59268,76.46,60.14,1.3878,0.004171,unknown,,,,True,True,0.0,0.19422942167958124,83.54805114648335,0.0,0.0,0.0,0.75,0.5,56.34917504410881,-1.6253241547216744,0.7059846122083078,21,0.003006,TRADE,edge=76.5 meta_conf=0.5927,1295,1.399063,0.0113,WIN
XRP/USDT,1296,2026-05-02 22:00:00,long,0.62044,80.72,60.14,1.3961,0.004307,unknown,,,,True,True,0.0,0.6998071391384466,45.49315368075087,0.0,0.0,0.0,0.5,0.5,50.0,0.0,0.0,-1,0.0,G4_5_MTF,prior(bearish)=0.50<0.6 OR rev(bullish)=0.50<0.5,-1,0.0,0.0,
XRP/USDT,1297,2026-05-02 23:00:00,long,0.60432,100.0,60.14,1.3937,0.004464,unknown,,,,True,True,0.0,0.462691914836775,47.32108400832452,0.0,0.0,0.0,0.5,1.0,50.0,0.0,0.0,-1,0.0,G4_5_MTF,prior(bearish)=0.50<0.6 OR rev(bullish)=1.00<0.5,-1,0.0,0.0,
XRP/USDT,1298,2026-05-03 00:00:00,long,0.60922,78.99,60.14,1.3892,0.004793,unknown,,,,True,True,0.0,0.09918273113208766,47.75159881637019,0.0,0.0,0.0,0.25,0.5,50.0,0.0,0.0,-1,0.0,G4_5_MTF,prior(bearish)=0.25<0.6 OR rev(bullish)=0.50<0.5,-1,0.0,0.0,
XRP/USDT,1299,2026-05-03 01:00:00,long,0.60686,74.46,60.14,1.384,0.004793,unknown,,,,True,True,0.0,-0.42770540766940174,45.08584292876295,0.0,0.0,0.0,0.25,0.0,50.0,0.0,0.0,-1,0.0,G4_5_MTF,prior(bearish)=0.25<0.6 OR rev(bullish)=0.00<0.5,-1,0.0,0.0,
XRP/USDT,1300,2026-05-03 02:00:00,long,0.61399,71.53,60.14,1.3834,0.004793,unknown,,,,True,True,0.0,-0.5072110314836245,41.37511866676159,0.0,0.0,0.0,0.5,0.0,50.0,0.0,0.0,-1,0.0,G4_5_MTF,prior(bearish)=0.50<0.6 OR rev(bullish)=0.00<0.5,-1,0.0,0.0,
XRP/USDT,1301,2026-05-03 03:00:00,long,0.58582,71.56,60.14,1.384,0.004571,unknown,,,,True,True,0.0,-0.4177527435316193,41.71955316912697,0.0,0.0,0.0,0.5,0.0,50.0,0.0,0.0,-1,0.0,G4_5_MTF,prior(bearish)=0.50<0.6 OR rev(bullish)=0.00<0.5,-1,0.0,0.0,
XRP/USDT,1302,2026-05-03 04:00:00,long,0.57264,72.56,60.14,1.3838,0.004571,unknown,,,,True,True,0.0,-0.5536093194612977,42.169276759780395,0.0,0.0,0.0,0.75,0.5,33.47105501674503,-2.6866909155329095,-0.724132171801475,-1,0.0,G5_RSI_ACCEL,rsi_accel=-0.7241<-0.08 (RSI free-fall),-1,0.0,0.0,
XRP/USDT,1303,2026-05-03 05:00:00,long,0.58096,69.71,60.14,1.385,0.004514,unknown,,,,False,False,0.0,0.0,50.0,0.0,0.0,0.0,0.0,0.0,50.0,0.0,0.0,-1,0.0,G3_MIN_QUALITY,edge=69.7 < MIN_QUALITY_SCORE=70.0,-1,0.0,0.0,
XRP/USDT,1304,2026-05-03 06:00:00,long,0.57271,76.82,60.14,1.3853,0.004464,unknown,,,,True,True,0.0,-0.447703286735356,43.19985536663625,0.0,0.0,0.0,0.75,0.5,33.8982849755936,-3.4132164595745063,-0.308028109019697,-1,0.0,G5_RSI_ACCEL,rsi_accel=-0.3080<-0.08 (RSI free-fall),-1,0.0,0.0,
XRP/USDT,1305,2026-05-03 07:00:00,long,0.57292,72.32,60.14,1.3861,0.0045,unknown,,,,True,True,0.0,-0.32708682095053154,43.84015064987716,0.0,0.0,0.0,0.75,1.0,38.095215007229406,-3.587933351944001,-0.17471689236949484,-1,0.0,G5_RSI_ACCEL,rsi_accel=-0.1747<-0.08 (RSI free-fall),-1,0.0,0.0,
XRP/USDT,1306,2026-05-03 08:00:00,long,0.57047,78.86,60.14,1.3882,0.0044,unknown,,,,True,True,0.0,-0.04327234436479383,44.363366754786426,0.0,0.0,0.0,0.5,1.0,50.0,0.0,0.0,-1,0.0,G4_5_MTF,prior(bearish)=0.50<0.6 OR rev(bullish)=1.00<0.5,-1,0.0,0.0,
XRP/USDT,1307,2026-05-03 09:00:00,long,0.56998,74.16,60.14,1.3893,0.004493,unknown,,,,True,True,0.0,-0.10332143732671599,44.95386255545501,0.0,0.0,0.0,0.25,1.0,50.0,0.0,0.0,-1,0.0,G4_5_MTF,prior(bearish)=0.25<0.6 OR rev(bullish)=1.00<0.5,-1,0.0,0.0,
XRP/USDT,1308,2026-05-03 10:00:00,long,0.57136,72.11,60.14,1.3882,0.004521,unknown,,,,True,True,0.0,-0.33788112788236146,45.647086886898585,0.0,0.0,0.0,0.25,1.0,50.0,0.0,0.0,-1,0.0,G4_5_MTF,prior(bearish)=0.25<0.6 OR rev(bullish)=1.00<0.5,-1,0.0,0.0,
XRP/USDT,1309,2026-05-03 11:00:00,long,0.64909,68.53,60.14,1.3952,0.004621,unknown,,,,False,False,0.0,0.0,50.0,0.0,0.0,0.0,0.0,0.0,50.0,0.0,0.0,-1,0.0,G3_MIN_QUALITY,edge=68.5 < MIN_QUALITY_SCORE=70.0,-1,0.0,0.0,
XRP/USDT,1310,2026-05-03 12:00:00,long,0.62903,67.06,60.14,1.3962,0.004271,unknown,,,,False,False,0.0,0.0,50.0,0.0,0.0,0.0,0.0,0.0,50.0,0.0,0.0,-1,0.0,G3_MIN_QUALITY,edge=67.1 < MIN_QUALITY_SCORE=70.0,-1,0.0,0.0,
XRP/USDT,1311,2026-05-03 13:00:00,long,0.61677,63.63,60.14,1.3951,0.004243,unknown,,,,False,False,0.0,0.0,50.0,0.0,0.0,0.0,0.0,0.0,50.0,0.0,0.0,-1,0.0,G3_MIN_QUALITY,edge=63.6 < MIN_QUALITY_SCORE=70.0,-1,0.0,0.0,
XRP/USDT,1312,2026-05-03 14:00:00,long,0.63146,64.58,60.14,1.3969,0.0041,unknown,,,,False,False,0.0,0.0,50.0,0.0,0.0,0.0,0.0,0.0,50.0,0.0,0.0,-1,0.0,G3_MIN_QUALITY,edge=64.6 < MIN_QUALITY_SCORE=70.0,-1,0.0,0.0,
XRP/USDT,1313,2026-05-03 15:00:00,long,0.6254,52.95,60.14,1.3958,0.004,unknown,,,,False,False,0.0,0.0,50.0,0.0,0.0,0.0,0.0,0.0,50.0,0.0,0.0,-1,0.0,G2_EDGE,edge=52.9 < thr=60.1,-1,0.0,0.0,
XRP/USDT,1314,2026-05-03 16:00:00,long,0.62405,49.97,60.14,1.3944,0.004064,unknown,,,,False,False,0.0,0.0,50.0,0.0,0.0,0.0,0.0,0.0,50.0,0.0,0.0,-1,0.0,G2_EDGE,edge=50.0 < thr=60.1,-1,0.0,0.0,
XRP/USDT,1315,2026-05-03 17:00:00,long,0.61263,53.27,60.14,1.395,0.0042,unknown,,,,False,False,0.0,0.0,50.0,0.0,0.0,0.0,0.0,0.0,50.0,0.0,0.0,-1,0.0,G2_EDGE,edge=53.3 < thr=60.1,-1,0.0,0.0,
XRP/USDT,1316,2026-05-03 18:00:00,long,0.61413,49.67,60.14,1.3943,0.004093,unknown,,,,False,False,0.0,0.0,50.0,0.0,0.0,0.0,0.0,0.0,50.0,0.0,0.0,-1,0.0,G2_EDGE,edge=49.7 < thr=60.1,-1,0.0,0.0,
XRP/USDT,1317,2026-05-03 19:00:00,long,0.62817,51.85,60.14,1.3952,0.004243,unknown,,,,False,False,0.0,0.0,50.0,0.0,0.0,0.0,0.0,0.0,50.0,0.0,0.0,-1,0.0,G2_EDGE,edge=51.8 < thr=60.1,-1,0.0,0.0,
XRP/USDT,1318,2026-05-03 20:00:00,long,0.65538,87.13,60.14,1.3931,0.004529,unknown,,,,True,True,0.0,0.31903533455501176,52.958887205642014,0.0,0.0,0.0,0.5,0.5,50.0,0.0,0.0,-1,0.0,G4_5_MTF,prior(bearish)=0.50<0.6 OR rev(bullish)=0.50<0.5,-1,0.0,0.0,
XRP/USDT,1319,2026-05-03 21:00:00,long,0.63298,100.0,60.14,1.3919,0.004779,unknown,,,,True,True,0.0,0.2596900813601822,54.95694913474967,0.0,0.0,0.0,0.75,0.5,62.49996228450528,2.8470094174739407,-0.5872561210796357,-1,0.0,G5_RSI_ACCEL,rsi_accel=-0.5873<-0.08 (RSI free-fall),-1,0.0,0.0,
XRP/USDT,1320,2026-05-03 22:00:00,long,0.62692,100.0,60.14,1.3978,0.005457,unknown,,,,True,True,0.0,0.6906580694161545,48.79319358729059,0.0,0.0,0.0,0.5,0.0,50.0,0.0,0.0,-1,0.0,G4_5_MTF,prior(bearish)=0.50<0.6 OR rev(bullish)=0.00<0.5,-1,0.0,0.0,
XRP/USDT,1321,2026-05-03 23:00:00,long,0.63777,79.47,60.14,1.388,0.006236,unknown,,,,True,True,0.0,-0.29889539717730307,48.96890167941118,0.0,0.0,0.0,0.5,0.5,50.0,0.0,0.0,-1,0.0,G4_5_MTF,prior(bearish)=0.50<0.6 OR rev(bullish)=0.50<0.5,-1,0.0,0.0,
XRP/USDT,1322,2026-05-04 00:00:00,long,0.68181,100.0,60.14,1.3884,0.006686,unknown,,,,True,True,0.0,-0.21113524642748902,42.578465826676265,0.0,0.0,0.0,0.75,0.5,50.28569417143658,-0.02977436561784671,-1.1749550473357864,-1,0.0,G5_RSI_ACCEL,rsi_accel=-1.1750<-0.08 (RSI free-fall),-1,0.0,0.0,
XRP/USDT,1323,2026-05-04 01:00:00,long,0.69581,98.96,60.14,1.4049,0.007564,unknown,,,,True,False,0.0,0.5933755059931906,38.78527903866899,1.0,0.0,0.0,0.5,0.5,50.0,0.0,0.0,-1,0.0,G4_5_MTF,prior(bearish)=0.50<0.6 OR rev(bullish)=0.50<0.5,-1,0.0,0.0,
XRP/USDT,1324,2026-05-04 02:00:00,long,0.6949,100.0,60.14,1.4104,0.008329,unknown,,,,True,False,0.0,0.7181687246828533,30.883225394808846,1.0,0.0,0.0,0.75,1.0,64.48977749271658,-0.9871251941560325,-0.4892821729435183,-1,0.0,G5_RSI_ACCEL,rsi_accel=-0.4893<-0.08 (RSI free-fall),-1,0.0,0.0,
XRP/USDT,1325,2026-05-04 03:00:00,long,0.6971,87.8,60.14,1.4129,0.008429,unknown,,,,True,False,0.0,0.7140154481550113,33.009467440682606,0.0,0.0,0.0,0.5,1.0,50.0,0.0,0.0,-1,0.0,G4_5_MTF,prior(bearish)=0.50<0.6 OR rev(bullish)=1.00<0.5,-1,0.0,0.0,
XRP/USDT,1326,2026-05-04 04:00:00,long,0.6928,84.98,60.14,1.4163,0.008686,unknown,,,,True,False,0.0,0.7342752074434445,28.816045793945634,1.0,0.0,0.0,0.25,1.0,50.0,0.0,0.0,-1,0.0,G4_5_MTF,prior(bearish)=0.25<0.6 OR rev(bullish)=1.00<0.5,-1,0.0,0.0,
XRP/USDT,1327,2026-05-04 05:00:00,long,0.68236,78.58,60.14,1.4116,0.008836,unknown,,,,True,False,0.0,0.5789014786919867,31.005579197370583,0.0,0.0,0.0,0.25,1.0,50.0,0.0,0.0,-1,0.0,G4_5_MTF,prior(bearish)=0.25<0.6 OR rev(bullish)=1.00<0.5,-1,0.0,0.0,
XRP/USDT,1328,2026-05-04 06:00:00,long,0.68578,83.33,60.14,1.409,0.009286,unknown,,,,True,False,0.0,0.5339133849555873,33.23581064113195,0.0,0.0,0.0,0.0,0.5,50.0,0.0,0.0,-1,0.0,G4_5_MTF,prior(bearish)=0.00<0.6 OR rev(bullish)=0.50<0.5,-1,0.0,0.0,
XRP/USDT,1329,2026-05-04 07:00:00,long,0.68359,77.49,60.14,1.4106,0.009457,unknown,,,,True,False,0.0,0.6117490184486671,35.35605250376399,0.0,0.0,0.0,0.0,0.0,50.0,0.0,0.0,-1,0.0,G4_5_MTF,prior(bearish)=0.00<0.6 OR rev(bullish)=0.00<0.5,-1,0.0,0.0,
XRP/USDT,1330,2026-05-04 08:00:00,long,0.68677,77.52,60.14,1.4115,0.009736,unknown,,,,True,False,0.0,0.6308817277282093,37.50712793439167,0.0,0.0,0.0,0.25,0.5,50.0,0.0,0.0,-1,0.0,G4_5_MTF,prior(bearish)=0.25<0.6 OR rev(bullish)=0.50<0.5,-1,0.0,0.0,
XRP/USDT,1331,2026-05-04 09:00:00,long,0.70818,81.42,60.14,1.4174,0.010057,unknown,,,,True,False,0.0,0.6935048392635409,39.60278127969744,0.0,0.0,0.0,0.5,1.0,50.0,0.0,0.0,-1,0.0,G4_5_MTF,prior(bearish)=0.50<0.6 OR rev(bullish)=1.00<0.5,-1,0.0,0.0,
XRP/USDT,1332,2026-05-04 10:00:00,long,0.71694,100.0,60.14,1.3953,0.011836,unknown,,,,False,True,0.0,0.017936042039006665,42.08209268053682,0.0,0.0,0.0,0.5,1.0,50.0,0.0,0.0,-1,0.0,G4_5_MTF,prior(bearish)=0.50<0.6 OR rev(bullish)=1.00<0.5,-1,0.0,0.0,
XRP/USDT,1333,2026-05-04 11:00:00,long,0.7225,92.01,60.14,1.3941,0.011729,unknown,,,,False,True,0.0,-0.1431820113180665,44.29862289688799,0.0,0.0,0.0,0.5,0.5,50.0,0.0,0.0,-1,0.0,G4_5_MTF,prior(bearish)=0.50<0.6 OR rev(bullish)=0.50<0.5,-1,0.0,0.0,
XRP/USDT,1334,2026-05-04 12:00:00,long,0.72154,88.76,60.14,1.3934,0.011143,unknown,,,,False,True,0.0,-0.2619516144708464,46.020215865070554,0.0,0.0,0.0,0.25,0.0,50.0,0.0,0.0,-1,0.0,G4_5_MTF,prior(bearish)=0.25<0.6 OR rev(bullish)=0.00<0.5,-1,0.0,0.0,
XRP/USDT,1335,2026-05-04 13:00:00,long,0.73059,91.87,60.14,1.3935,0.010921,unknown,,,,False,True,0.0,-0.1926438699953507,47.38248437074401,0.0,0.0,0.0,0.25,0.0,50.0,0.0,0.0,-1,0.0,G4_5_MTF,prior(bearish)=0.25<0.6 OR rev(bullish)=0.00<0.5,-1,0.0,0.0,
XRP/USDT,1336,2026-05-04 14:00:00,long,0.6719,80.77,60.14,1.4081,0.012071,unknown,,,,True,False,0.0,0.31732780663449905,49.900581046987746,0.0,0.0,0.0,0.5,0.5,50.0,0.0,0.0,-1,0.0,G4_5_MTF,prior(bearish)=0.50<0.6 OR rev(bullish)=0.50<0.5,-1,0.0,0.0,
XRP/USDT,1337,2026-05-04 15:00:00,long,0.67861,78.11,60.14,1.399,0.01155,unknown,,,,False,True,0.0,-0.16060056128734604,52.76113798517103,0.0,0.0,0.0,0.0,0.0,50.0,0.0,0.0,-1,0.0,G3_5_ADX,adx=23.9 < 25 (weak trend),-1,0.0,0.0,
XRP/USDT,1338,2026-05-04 16:00:00,long,0.67469,60.94,60.14,1.4007,0.011379,unknown,,,,False,False,0.0,0.0,50.0,0.0,0.0,0.0,0.0,0.0,50.0,0.0,0.0,-1,0.0,G3_MIN_QUALITY,edge=60.9 < MIN_QUALITY_SCORE=70.0,-1,0.0,0.0,
XRP/USDT,1339,2026-05-04 17:00:00,long,0.6766,53.52,60.14,1.4086,0.011736,unknown,,,,False,False,0.0,0.0,50.0,0.0,0.0,0.0,0.0,0.0,50.0,0.0,0.0,-1,0.0,G2_EDGE,edge=53.5 < thr=60.1,-1,0.0,0.0,
XRP/USDT,1340,2026-05-04 18:00:00,long,0.68025,61.15,60.14,1.4038,0.011736,unknown,,,,False,False,0.0,0.0,50.0,0.0,0.0,0.0,0.0,0.0,50.0,0.0,0.0,-1,0.0,G3_MIN_QUALITY,edge=61.2 < MIN_QUALITY_SCORE=70.0,-1,0.0,0.0,
XRP/USDT,1341,2026-05-04 19:00:00,long,0.68367,66.9,60.14,1.398,0.011729,unknown,,,,False,False,0.0,0.0,50.0,0.0,0.0,0.0,0.0,0.0,50.0,0.0,0.0,-1,0.0,G3_MIN_QUALITY,edge=66.9 < MIN_QUALITY_SCORE=70.0,-1,0.0,0.0,
XRP/USDT,1342,2026-05-04 20:00:00,long,0.69203,66.06,60.14,1.3931,0.011371,unknown,,,,False,False,0.0,0.0,50.0,0.0,0.0,0.0,0.0,0.0,50.0,0.0,0.0,-1,0.0,G3_MIN_QUALITY,edge=66.1 < MIN_QUALITY_SCORE=70.0,-1,0.0,0.0,
XRP/USDT,1343,2026-05-04 21:00:00,long,0.68695,68.51,60.14,1.3975,0.011314,unknown,,,,False,False,0.0,0.0,50.0,0.0,0.0,0.0,0.0,0.0,50.0,0.0,0.0,-1,0.0,G3_MIN_QUALITY,edge=68.5 < MIN_QUALITY_SCORE=70.0,-1,0.0,0.0,
XRP/USDT,1344,2026-05-04 22:00:00,long,0.68871,65.89,60.14,1.3955,0.011407,unknown,,,,False,False,0.0,0.0,50.0,0.0,0.0,0.0,0.0,0.0,50.0,0.0,0.0,-1,0.0,G3_MIN_QUALITY,edge=65.9 < MIN_QUALITY_SCORE=70.0,-1,0.0,0.0,
XRP/USDT,1345,2026-05-04 23:00:00,long,0.74537,66.69,60.14,1.3918,0.011157,unknown,,,,False,False,0.0,0.0,50.0,0.0,0.0,0.0,0.0,0.0,50.0,0.0,0.0,-1,0.0,G3_MIN_QUALITY,edge=66.7 < MIN_QUALITY_SCORE=70.0,-1,0.0,0.0,
XRP/USDT,1346,2026-05-05 00:00:00,long,0.67703,65.48,60.14,1.3956,0.009243,unknown,,,,False,False,0.0,0.0,50.0,0.0,0.0,0.0,0.0,0.0,50.0,0.0,0.0,-1,0.0,G3_MIN_QUALITY,edge=65.5 < MIN_QUALITY_SCORE=70.0,-1,0.0,0.0,
XRP/USDT,1347,2026-05-05 01:00:00,long,0.6562,66.39,60.14,1.3972,0.009171,unknown,,,,False,False,0.0,0.0,50.0,0.0,0.0,0.0,0.0,0.0,50.0,0.0,0.0,-1,0.0,G3_MIN_QUALITY,edge=66.4 < MIN_QUALITY_SCORE=70.0,-1,0.0,0.0,
XRP/USDT,1348,2026-05-05 02:00:00,long,0.6447,58.75,60.14,1.4008,0.009479,unknown,,,,False,False,0.0,0.0,50.0,0.0,0.0,0.0,0.0,0.0,50.0,0.0,0.0,-1,0.0,G2_EDGE,edge=58.7 < thr=60.1,-1,0.0,0.0,
XRP/USDT,1349,2026-05-05 03:00:00,long,0.64659,62.25,60.14,1.4057,0.009436,unknown,,,,False,False,0.0,0.0,50.0,0.0,0.0,0.0,0.0,0.0,50.0,0.0,0.0,-1,0.0,G3_MIN_QUALITY,edge=62.3 < MIN_QUALITY_SCORE=70.0,-1,0.0,0.0,
XRP/USDT,1350,2026-05-05 04:00:00,long,0.645,56.73,60.14,1.4016,0.008136,unknown,,,,False,False,0.0,0.0,50.0,0.0,0.0,0.0,0.0,0.0,50.0,0.0,0.0,-1,0.0,G2_EDGE,edge=56.7 < thr=60.1,-1,0.0,0.0,
XRP/USDT,1351,2026-05-05 05:00:00,long,0.64399,64.5,60.14,1.4018,0.007464,unknown,,,,False,False,0.0,0.0,50.0,0.0,0.0,0.0,0.0,0.0,50.0,0.0,0.0,-1,0.0,G3_MIN_QUALITY,edge=64.5 < MIN_QUALITY_SCORE=70.0,-1,0.0,0.0,
XRP/USDT,1352,2026-05-05 06:00:00,long,0.61251,55.98,60.14,1.4071,0.0071,unknown,,,,False,False,0.0,0.0,50.0,0.0,0.0,0.0,0.0,0.0,50.0,0.0,0.0,-1,0.0,G2_EDGE,edge=56.0 < thr=60.1,-1,0.0,0.0,
XRP/USDT,1353,2026-05-05 07:00:00,long,0.61497,65.81,60.14,1.4067,0.006793,unknown,,,,False,False,0.0,0.0,50.0,0.0,0.0,0.0,0.0,0.0,50.0,0.0,0.0,-1,0.0,G3_MIN_QUALITY,edge=65.8 < MIN_QUALITY_SCORE=70.0,-1,0.0,0.0,
XRP/USDT,1354,2026-05-05 08:00:00,long,0.61662,56.87,60.14,1.4069,0.006464,unknown,,,,False,False,0.0,0.0,50.0,0.0,0.0,0.0,0.0,0.0,50.0,0.0,0.0,-1,0.0,G2_EDGE,edge=56.9 < thr=60.1,-1,0.0,0.0,
XRP/USDT,1355,2026-05-05 09:00:00,long,0.63592,63.13,60.14,1.4035,0.006379,unknown,,,,False,False,0.0,0.0,50.0,0.0,0.0,0.0,0.0,0.0,50.0,0.0,0.0,-1,0.0,G3_MIN_QUALITY,edge=63.1 < MIN_QUALITY_SCORE=70.0,-1,0.0,0.0,
XRP/USDT,1356,2026-05-05 10:00:00,long,0.63561,64.03,60.14,1.4063,0.00635,unknown,,,,False,False,0.0,0.0,50.0,0.0,0.0,0.0,0.0,0.0,50.0,0.0,0.0,-1,0.0,G3_MIN_QUALITY,edge=64.0 < MIN_QUALITY_SCORE=70.0,-1,0.0,0.0,
XRP/USDT,1357,2026-05-05 11:00:00,long,0.63024,88.53,60.14,1.4079,0.006407,unknown,,,,True,True,0.0,0.6580808657019293,66.46646495240768,0.0,0.0,0.0,0.25,0.5,50.0,0.0,0.0,-1,0.0,G4_5_MTF,prior(bearish)=0.25<0.6 OR rev(bullish)=0.50<0.5,-1,0.0,0.0,
XRP/USDT,1358,2026-05-05 12:00:00,long,0.58424,86.72,60.14,1.4129,0.006429,unknown,,,,True,False,0.0,0.7369150651136461,58.00782191715802,1.0,0.0,0.0,0.5,1.0,50.0,0.0,0.0,-1,0.0,G4_5_MTF,prior(bearish)=0.50<0.6 OR rev(bullish)=1.00<0.5,-1,0.0,0.0,
XRP/USDT,1359,2026-05-05 13:00:00,long,0.56068,85.03,60.14,1.4134,0.006729,unknown,,,,True,False,0.0,0.6307523716994305,47.426535871876354,0.0,0.0,0.0,0.5,1.0,50.0,0.0,0.0,-1,0.0,G4_5_MTF,prior(bearish)=0.50<0.6 OR rev(bullish)=1.00<0.5,-1,0.0,0.0,
XRP/USDT,1360,2026-05-05 14:00:00,long,0.60805,83.2,60.14,1.411,0.006979,unknown,,,,True,False,0.0,0.5197120568396304,51.2725525883338,0.0,0.0,0.0,0.25,1.0,50.0,0.0,0.0,-1,0.0,G4_5_MTF,prior(bearish)=0.25<0.6 OR rev(bullish)=1.00<0.5,-1,0.0,0.0,
XRP/USDT,1361,2026-05-05 15:00:00,long,0.61354,64.16,60.14,1.4116,0.007079,unknown,,,,False,False,0.0,0.0,50.0,0.0,0.0,0.0,0.0,0.0,50.0,0.0,0.0,-1,0.0,G3_MIN_QUALITY,edge=64.2 < MIN_QUALITY_SCORE=70.0,-1,0.0,0.0,
XRP/USDT,1362,2026-05-05 16:00:00,long,0.66254,87.7,60.14,1.4081,0.007221,unknown,,,,True,True,0.0,0.44932301410684916,58.204567888185004,0.0,0.0,0.0,0.0,0.5,50.0,0.0,0.0,-1,0.0,G4_5_MTF,prior(bearish)=0.00<0.6 OR rev(bullish)=0.50<0.5,-1,0.0,0.0,
XRP/USDT,1363,2026-05-05 17:00:00,long,0.63264,83.99,60.14,1.4082,0.006807,unknown,,,,True,True,0.0,0.47573488317069274,58.084607064857806,0.0,0.0,0.0,0.25,0.5,50.0,0.0,0.0,-1,0.0,G4_5_MTF,prior(bearish)=0.25<0.6 OR rev(bullish)=0.50<0.5,-1,0.0,0.0,
XRP/USDT,1364,2026-05-05 18:00:00,long,0.60271,84.64,60.14,1.4099,0.006693,unknown,,,,True,True,0.0,0.5570106218070527,57.512786242566555,0.0,0.0,0.0,0.25,0.5,50.0,0.0,0.0,-1,0.0,G4_5_MTF,prior(bearish)=0.25<0.6 OR rev(bullish)=0.50<0.5,-1,0.0,0.0,
XRP/USDT,1365,2026-05-05 19:00:00,long,0.59853,71.78,60.14,1.413,0.006536,unknown,,,,True,False,0.0,0.6413966685205693,58.626329558996666,0.0,0.0,0.0,0.5,1.0,50.0,0.0,0.0,-1,0.0,G4_5_MTF,prior(bearish)=0.50<0.6 OR rev(bullish)=1.00<0.5,-1,0.0,0.0,
XRP/USDT,1366,2026-05-05 20:00:00,long,0.56629,75.7,60.14,1.4169,0.006479,unknown,,,,True,False,0.0,0.6937915311947106,60.71950044821005,0.0,0.0,0.0,0.5,1.0,50.0,0.0,0.0,-1,0.0,G4_5_MTF,prior(bearish)=0.50<0.6 OR rev(bullish)=1.00<0.5,-1,0.0,0.0,
XRP/USDT,1367,2026-05-05 21:00:00,long,0.58688,79.75,60.14,1.4159,0.006571,unknown,,,,True,False,0.0,0.5847369949756243,57.53453546251901,0.0,0.0,0.0,0.25,1.0,50.0,0.0,0.0,-1,0.0,G4_5_MTF,prior(bearish)=0.25<0.6 OR rev(bullish)=1.00<0.5,-1,0.0,0.0,
XRP/USDT,1368,2026-05-05 22:00:00,long,0.60955,80.1,60.14,1.4156,0.007143,unknown,,,,True,False,0.0,0.5568727417156091,57.809653811682075,0.0,0.0,0.0,0.25,0.5,50.0,0.0,0.0,-1,0.0,G4_5_MTF,prior(bearish)=0.25<0.6 OR rev(bullish)=0.50<0.5,-1,0.0,0.0,
XRP/USDT,1369,2026-05-05 23:00:00,long,0.61996,72.57,60.14,1.4126,0.007357,unknown,,,,True,False,0.0,0.4735658518836062,58.20291877786855,0.0,0.0,0.0,0.0,0.0,50.0,0.0,0.0,-1,0.0,G4_5_MTF,prior(bearish)=0.00<0.6 OR rev(bullish)=0.00<0.5,-1,0.0,0.0,
XRP/USDT,1370,2026-05-06 00:00:00,long,0.6199,81.62,60.14,1.4111,0.007543,unknown,,,,True,True,0.0,0.3491630291068053,58.676844980812,0.0,0.0,0.0,0.25,0.0,50.0,0.0,0.0,-1,0.0,G4_5_MTF,prior(bearish)=0.25<0.6 OR rev(bullish)=0.00<0.5,-1,0.0,0.0,
XRP/USDT,1371,2026-05-06 01:00:00,long,0.58295,72.28,60.14,1.4183,0.007757,unknown,,,,True,False,0.0,0.6650723134347601,65.01633138450875,0.0,0.0,0.0,0.5,0.0,50.0,0.0,0.0,-1,0.0,G4_5_MTF,prior(bearish)=0.50<0.6 OR rev(bullish)=0.00<0.5,-1,0.0,0.0,
XRP/USDT,1372,2026-05-06 02:00:00,long,0.59562,81.57,60.14,1.4164,0.0078,unknown,,,,True,True,0.0,0.5356828312740939,65.54657289795342,0.0,0.0,0.0,0.75,0.5,55.700300332110736,-0.8556321686738201,-0.12517739760321833,-1,0.0,G5_RSI_ACCEL,rsi_accel=-0.1252<-0.08 (RSI free-fall),-1,0.0,0.0,
XRP/USDT,1373,2026-05-06 03:00:00,long,0.57172,58.01,60.14,1.4222,0.0077,unknown,,,,False,False,0.0,0.0,50.0,0.0,0.0,0.0,0.0,0.0,50.0,0.0,0.0,-1,0.0,G2_EDGE,edge=58.0 < thr=60.1,-1,0.0,0.0,
XRP/USDT,1374,2026-05-06 04:00:00,long,0.56629,67.77,60.14,1.4198,0.007571,unknown,,,,False,False,0.0,0.0,50.0,0.0,0.0,0.0,0.0,0.0,50.0,0.0,0.0,-1,0.0,G3_MIN_QUALITY,edge=67.8 < MIN_QUALITY_SCORE=70.0,-1,0.0,0.0,
XRP/USDT,1375,2026-05-06 05:00:00,long,0.55748,58.56,60.14,1.4224,0.007793,unknown,,,,False,False,0.0,0.0,50.0,0.0,0.0,0.0,0.0,0.0,50.0,0.0,0.0,-1,0.0,G2_EDGE,edge=58.6 < thr=60.1,-1,0.0,0.0,
XRP/USDT,1376,2026-05-06 06:00:00,long,0.56762,48.15,60.14,1.4261,0.007507,unknown,,,,False,False,0.0,0.0,50.0,0.0,0.0,0.0,0.0,0.0,50.0,0.0,0.0,-1,0.0,G2_EDGE,edge=48.2 < thr=60.1,-1,0.0,0.0,
XRP/USDT,1377,2026-05-06 07:00:00,long,0.58152,74.03,60.14,1.4311,0.00795,unknown,,,,True,False,0.0,0.7399249176633856,48.86459588160399,1.0,0.0,0.0,0.5,1.0,50.0,0.0,0.0,-1,0.0,G4_5_MTF,prior(bearish)=0.50<0.6 OR rev(bullish)=1.00<0.5,-1,0.0,0.0,
XRP/USDT,1378,2026-05-06 08:00:00,long,0.58886,72.27,60.14,1.4429,0.008579,unknown,,,,True,False,0.0,0.7569609765897515,40.30285386063575,1.0,0.0,0.0,0.5,1.0,50.0,0.0,0.0,-1,0.0,G4_5_MTF,prior(bearish)=0.50<0.6 OR rev(bullish)=1.00<0.5,-1,0.0,0.0,
XRP/USDT,1379,2026-05-06 09:00:00,long,0.6075,88.29,60.14,1.4491,0.009164,unknown,,,,True,False,0.0,0.7535264375611658,33.988282936794604,1.0,0.0,0.0,0.25,1.0,50.0,0.0,0.0,-1,0.0,G4_5_MTF,prior(bearish)=0.25<0.6 OR rev(bullish)=1.00<0.5,-1,0.0,0.0,
XRP/USDT,1380,2026-05-06 10:00:00,long,0.60227,71.87,60.14,1.4512,0.009264,unknown,,,,True,False,0.0,0.7450984285522069,32.36023604373765,1.0,0.0,0.0,0.25,1.0,50.0,0.0,0.0,-1,0.0,G4_5_MTF,prior(bearish)=0.25<0.6 OR rev(bullish)=1.00<0.5,-1,0.0,0.0,
XRP/USDT,1381,2026-05-06 11:00:00,long,0.6045,73.77,60.14,1.451,0.009257,unknown,,,,True,False,0.0,0.6204436227906973,30.68951165868807,0.0,0.0,0.0,0.0,1.0,50.0,0.0,0.0,-1,0.0,G4_5_MTF,prior(bearish)=0.00<0.6 OR rev(bullish)=1.00<0.5,-1,0.0,0.0,
XRP/USDT,1382,2026-05-06 12:00:00,long,0.60027,69.2,60.14,1.4451,0.009,unknown,,,,False,False,0.0,0.0,50.0,0.0,0.0,0.0,0.0,0.0,50.0,0.0,0.0,-1,0.0,G3_MIN_QUALITY,edge=69.2 < MIN_QUALITY_SCORE=70.0,-1,0.0,0.0,
XRP/USDT,1383,2026-05-06 13:00:00,long,0.67758,100.0,60.14,1.4226,0.010321,unknown,,,,False,True,0.0,0.133329662508903,32.28121595455828,0.0,0.0,0.0,0.0,0.0,50.0,0.0,0.0,-1,0.0,G4_5_MTF,prior(bearish)=0.00<0.6 OR rev(bullish)=0.00<0.5,-1,0.0,0.0,
XRP/USDT,1384,2026-05-06 14:00:00,long,0.68294,99.57,60.14,1.4233,0.010957,unknown,,,,False,True,0.0,0.167680705271408,35.39274009863684,0.0,0.0,0.0,0.25,0.0,50.0,0.0,0.0,-1,0.0,G4_5_MTF,prior(bearish)=0.25<0.6 OR rev(bullish)=0.00<0.5,-1,0.0,0.0,
XRP/USDT,1385,2026-05-06 15:00:00,long,0.6722,83.19,60.14,1.4301,0.011057,unknown,,,,False,False,0.0,0.28396658000288333,36.8981942528648,0.0,0.0,0.0,0.5,0.5,50.0,0.0,0.0,-1,0.0,G4_5_MTF,prior(bearish)=0.50<0.6 OR rev(bullish)=0.50<0.5,-1,0.0,0.0,
XRP/USDT,1386,2026-05-06 16:00:00,long,0.67604,84.26,60.14,1.4293,0.011243,unknown,,,,False,False,0.0,0.1925152102842456,40.274294285003734,0.0,0.0,0.0,0.75,1.0,58.431361855698476,-0.6201365673415157,-0.7507359777517557,-1,0.0,G5_RSI_ACCEL,rsi_accel=-0.7507<-0.08 (RSI free-fall),-1,0.0,0.0,
XRP/USDT,1387,2026-05-06 17:00:00,long,0.66055,88.55,60.14,1.4261,0.011136,unknown,,,,False,True,0.0,0.028740944522408232,41.282914552538315,0.0,0.0,0.0,0.75,0.5,52.63869097507885,-1.3333744771952099,-0.7132379098536942,-1,0.0,G5_RSI_ACCEL,rsi_accel=-0.7132<-0.08 (RSI free-fall),-1,0.0,0.0,
XRP/USDT,1388,2026-05-06 18:00:00,long,0.66302,87.05,60.14,1.4228,0.011036,unknown,,,,False,True,0.0,-0.042905549483093844,42.2734462734996,0.0,0.0,0.0,0.5,0.0,50.0,0.0,0.0,-1,0.0,G4_5_MTF,prior(bearish)=0.50<0.6 OR rev(bullish)=0.00<0.5,-1,0.0,0.0,
XRP/USDT,1389,2026-05-06 19:00:00,long,0.65773,89.75,60.14,1.4279,0.01085,unknown,,,,False,True,0.0,0.07839983840717511,43.1265627444681,0.0,0.0,0.0,0.5,0.0,50.0,0.0,0.0,-1,0.0,G4_5_MTF,prior(bearish)=0.50<0.6 OR rev(bullish)=0.00<0.5,-1,0.0,0.0,
XRP/USDT,1390,2026-05-06 20:00:00,long,0.66159,85.85,60.14,1.4249,0.010929,unknown,,,,False,True,0.0,-0.17474553013506355,44.05909820515539,0.0,0.0,0.0,0.5,0.5,50.0,0.0,0.0,-1,0.0,G4_5_MTF,prior(bearish)=0.50<0.6 OR rev(bullish)=0.50<0.5,-1,0.0,0.0,
XRP/USDT,1391,2026-05-06 21:00:00,long,0.65834,86.57,60.14,1.4267,0.010614,unknown,,,,False,True,0.0,-0.03694570886177313,44.769701201261526,0.0,0.0,0.0,0.75,0.5,47.002715830544666,-3.0208778324688237,-0.16052484412094215,-1,0.0,G5_RSI_ACCEL,rsi_accel=-0.1605<-0.08 (RSI free-fall),-1,0.0,0.0,
XRP/USDT,1392,2026-05-06 22:00:00,long,0.64714,84.84,60.14,1.422,0.010036,unknown,,,,False,True,0.0,-0.2987994280103337,45.15277760460849,0.0,0.0,0.0,0.75,0.5,34.23830347909106,-3.269483673442647,-0.24860584097382343,-1,0.0,G5_RSI_ACCEL,rsi_accel=-0.2486<-0.08 (RSI free-fall),-1,0.0,0.0,
XRP/USDT,1393,2026-05-06 23:00:00,long,0.64737,67.17,60.14,1.4249,0.009736,unknown,,,,False,False,0.0,0.0,50.0,0.0,0.0,0.0,0.0,0.0,50.0,0.0,0.0,-1,0.0,G3_MIN_QUALITY,edge=67.2 < MIN_QUALITY_SCORE=70.0,-1,0.0,0.0,
XRP/USDT,1394,2026-05-07 00:00:00,long,0.69921,65.63,60.14,1.418,0.009864,unknown,,,,False,False,0.0,0.0,50.0,0.0,0.0,0.0,0.0,0.0,50.0,0.0,0.0,-1,0.0,G3_MIN_QUALITY,edge=65.6 < MIN_QUALITY_SCORE=70.0,-1,0.0,0.0,
XRP/USDT,1395,2026-05-07 01:00:00,long,0.70613,67.32,60.14,1.4156,0.009721,unknown,,,,False,False,0.0,0.0,50.0,0.0,0.0,0.0,0.0,0.0,50.0,0.0,0.0,-1,0.0,G3_MIN_QUALITY,edge=67.3 < MIN_QUALITY_SCORE=70.0,-1,0.0,0.0,
XRP/USDT,1396,2026-05-07 02:00:00,long,0.7049,86.33,60.14,1.4121,0.0096,unknown,,,,False,True,0.0,-0.6131001242023663,54.29633727791901,-1.0,0.0,0.0,0.5,0.0,50.0,0.0,0.0,-1,0.0,G4_5_MTF,prior(bearish)=0.50<0.6 OR rev(bullish)=0.00<0.5,-1,0.0,0.0,
XRP/USDT,1397,2026-05-07 03:00:00,long,0.70258,87.88,60.14,1.4052,0.0083,unknown,,,,False,True,0.0,-0.6410528677949584,58.23508733474607,-1.0,0.0,0.0,0.5,0.0,50.0,0.0,0.0,-1,0.0,G4_5_MTF,prior(bearish)=0.50<0.6 OR rev(bullish)=0.00<0.5,-1,0.0,0.0,
XRP/USDT,1398,2026-05-07 04:00:00,long,0.68134,86.51,60.14,1.4078,0.007529,unknown,,,,False,True,0.0,-0.5217461374278256,57.32884550978569,0.0,0.0,0.0,0.75,0.0,50.0,0.0,0.0,-1,0.0,G4_5_MTF,prior(bearish)=0.75<0.6 OR rev(bullish)=0.00<0.5,-1,0.0,0.0,
XRP/USDT,1399,2026-05-07 05:00:00,long,0.68212,89.03,60.14,1.411,0.007229,unknown,,,,False,True,0.0,-0.47804758283743226,56.29058178559046,0.0,0.0,0.0,0.75,0.5,31.01390786889256,-2.4141057125152594,0.23478320470997982,104,0.005123,TRADE,edge=89.0 meta_conf=0.6821,1407,1.401241,-0.0098,LOSS
XRP/USDT,1408,2026-05-07 14:00:00,long,0.70394,100.0,60.14,1.3934,0.008057,unknown,,,,False,True,0.0,-0.7303859332901718,48.422742094673396,-1.0,0.0,0.0,1.0,0.5,30.900614400487598,0.5261121284440967,-0.39342091769860466,-1,0.0,G5_RSI_ACCEL,rsi_accel=-0.3934<-0.08 (RSI free-fall),-1,0.0,0.0,
XRP/USDT,1409,2026-05-07 15:00:00,long,0.71755,100.0,60.14,1.3907,0.008386,unknown,,,,False,True,0.0,-0.7326577791673352,38.977391288550876,-1.0,0.0,0.0,0.75,0.0,50.0,0.0,0.0,-1,0.0,G4_5_MTF,prior(bearish)=0.75<0.6 OR rev(bullish)=0.00<0.5,-1,0.0,0.0,
XRP/USDT,1410,2026-05-07 16:00:00,long,0.72572,88.74,60.14,1.3889,0.008379,unknown,,,,False,True,0.0,-0.7060763595686563,38.54404188017372,0.0,0.0,0.0,0.75,0.0,50.0,0.0,0.0,-1,0.0,G4_5_MTF,prior(bearish)=0.75<0.6 OR rev(bullish)=0.00<0.5,-1,0.0,0.0,
XRP/USDT,1411,2026-05-07 17:00:00,long,0.72441,86.66,60.14,1.3919,0.008407,unknown,,,,False,True,0.0,-0.5871329289061435,38.58225390886059,0.0,0.0,0.0,0.75,0.0,50.0,0.0,0.0,-1,0.0,G4_5_MTF,prior(bearish)=0.75<0.6 OR rev(bullish)=0.00<0.5,-1,0.0,0.0,
XRP/USDT,1412,2026-05-07 18:00:00,long,0.71716,83.86,60.14,1.3925,0.008514,unknown,,,,False,True,0.0,-0.5486178459444142,38.93200824186952,0.0,0.0,0.0,0.75,0.5,36.60244286455006,-0.33129244472411595,0.0019632417347285602,5,0.006114,TRADE,edge=83.9 meta_conf=0.7172,1415,1.381006,-0.0115,LOSS
XRP/USDT,1416,2026-05-07 22:00:00,long,0.7322,84.06,60.14,1.3849,0.0086,unknown,,,,False,True,0.0,-0.5371520203174973,43.02013801864597,0.0,0.0,0.0,0.5,0.5,50.0,0.0,0.0,-1,0.0,G4_5_MTF,prior(bearish)=0.50<0.6 OR rev(bullish)=0.50<0.5,-1,0.0,0.0,
XRP/USDT,1417,2026-05-07 23:00:00,long,0.73109,81.83,60.14,1.3869,0.008443,unknown,,,,False,True,0.0,-0.5264658731724388,44.824351296245716,0.0,0.0,0.0,0.5,1.0,50.0,0.0,0.0,-1,0.0,G4_5_MTF,prior(bearish)=0.50<0.6 OR rev(bullish)=1.00<0.5,-1,0.0,0.0,
XRP/USDT,1418,2026-05-08 00:00:00,long,0.72956,82.82,60.14,1.3855,0.008286,unknown,,,,False,True,0.0,-0.5793686200525839,45.17538429552063,0.0,0.0,0.0,0.5,1.0,50.0,0.0,0.0,-1,0.0,G4_5_MTF,prior(bearish)=0.50<0.6 OR rev(bullish)=1.00<0.5,-1,0.0,0.0,
XRP/USDT,1419,2026-05-08 01:00:00,long,0.72723,83.34,60.14,1.3858,0.008257,unknown,,,,False,True,0.0,-0.47595573430187404,45.553594138535544,0.0,0.0,0.0,0.5,0.5,50.0,0.0,0.0,-1,0.0,G4_5_MTF,prior(bearish)=0.50<0.6 OR rev(bullish)=0.50<0.5,-1,0.0,0.0,
XRP/USDT,1420,2026-05-08 02:00:00,long,0.73216,85.79,60.14,1.3834,0.008293,unknown,,,,False,True,0.0,-0.6105942867375511,45.7109177358421,0.0,0.0,0.0,0.25,0.5,50.0,0.0,0.0,-1,0.0,G4_5_MTF,prior(bearish)=0.25<0.6 OR rev(bullish)=0.50<0.5,-1,0.0,0.0,
XRP/USDT,1421,2026-05-08 03:00:00,long,0.7345,85.14,60.14,1.3853,0.007593,unknown,,,,False,True,0.0,-0.4694898251055355,59.47189190536458,0.0,0.0,0.0,0.25,0.5,50.0,0.0,0.0,-1,0.0,G4_5_MTF,prior(bearish)=0.25<0.6 OR rev(bullish)=0.50<0.5,-1,0.0,0.0,
XRP/USDT,1422,2026-05-08 04:00:00,long,0.74048,84.57,60.14,1.3861,0.006929,unknown,,,,False,True,0.0,-0.43356412609731415,73.08975670469874,0.0,0.0,0.0,0.25,0.5,50.0,0.0,0.0,-1,0.0,G4_5_MTF,prior(bearish)=0.25<0.6 OR rev(bullish)=0.50<0.5,-1,0.0,0.0,
XRP/USDT,1423,2026-05-08 05:00:00,long,0.72873,83.65,60.14,1.3834,0.0064,unknown,,,,False,True,0.0,-0.5704983681865615,72.4332895816222,0.0,0.0,0.0,0.5,1.0,50.0,0.0,0.0,-1,0.0,G4_5_MTF,prior(bearish)=0.50<0.6 OR rev(bullish)=1.00<0.5,-1,0.0,0.0,
XRP/USDT,1424,2026-05-08 06:00:00,long,0.72658,90.9,60.14,1.3817,0.006379,unknown,,,,False,True,0.0,-0.6030245875654976,68.10788940645536,0.0,0.0,0.0,0.5,0.5,50.0,0.0,0.0,-1,0.0,G4_5_MTF,prior(bearish)=0.50<0.6 OR rev(bullish)=0.50<0.5,-1,0.0,0.0,
XRP/USDT,1425,2026-05-08 07:00:00,long,0.73345,86.17,60.14,1.384,0.006179,unknown,,,,False,True,0.0,-0.4650156637043981,67.34374747776464,0.0,0.0,0.0,0.25,0.0,50.0,0.0,0.0,-1,0.0,G4_5_MTF,prior(bearish)=0.25<0.6 OR rev(bullish)=0.00<0.5,-1,0.0,0.0,
XRP/USDT,1426,2026-05-08 08:00:00,long,0.73368,91.32,60.14,1.3881,0.00625,unknown,,,,False,True,0.0,-0.2387445383402824,73.50082139042395,0.0,0.0,0.0,0.5,0.5,50.0,0.0,0.0,-1,0.0,G4_5_MTF,prior(bearish)=0.50<0.6 OR rev(bullish)=0.50<0.5,-1,0.0,0.0,
XRP/USDT,1427,2026-05-08 09:00:00,long,0.73816,91.35,60.14,1.3871,0.006164,unknown,,,,False,True,0.0,-0.06137991182312873,72.66040993708256,0.0,0.0,0.0,0.5,1.0,50.0,0.0,0.0,-1,0.0,G4_5_MTF,prior(bearish)=0.50<0.6 OR rev(bullish)=1.00<0.5,-1,0.0,0.0,
XRP/USDT,1428,2026-05-08 10:00:00,long,0.72721,94.4,60.14,1.3896,0.005857,unknown,,,,False,True,0.0,0.1804674481639536,75.03427466735917,0.0,0.0,0.0,0.5,0.5,50.0,0.0,0.0,-1,0.0,G4_5_MTF,prior(bearish)=0.50<0.6 OR rev(bullish)=0.50<0.5,-1,0.0,0.0,
XRP/USDT,1429,2026-05-08 11:00:00,long,0.69727,94.88,60.14,1.3913,0.005614,unknown,,,,False,True,0.0,0.40831739781741055,72.36380829627619,0.0,0.0,0.0,0.5,0.5,50.0,0.0,0.0,-1,0.0,G4_5_MTF,prior(bearish)=0.50<0.6 OR rev(bullish)=0.50<0.5,-1,0.0,0.0,
XRP/USDT,1430,2026-05-08 12:00:00,long,0.72907,100.0,60.14,1.3878,0.005693,unknown,,,,False,True,0.0,0.05101966951569208,67.55547865270267,0.0,0.0,0.0,0.5,1.0,50.0,0.0,0.0,-1,0.0,G4_5_MTF,prior(bearish)=0.50<0.6 OR rev(bullish)=1.00<0.5,-1,0.0,0.0,
XRP/USDT,1431,2026-05-08 13:00:00,long,0.72461,95.94,60.14,1.387,0.005786,unknown,,,,False,True,0.0,-0.0393838297471568,66.49564395710853,0.0,0.0,0.0,0.25,0.5,50.0,0.0,0.0,-1,0.0,G4_5_MTF,prior(bearish)=0.25<0.6 OR rev(bullish)=0.50<0.5,-1,0.0,0.0,
XRP/USDT,1432,2026-05-08 14:00:00,long,0.69772,100.0,60.14,1.3931,0.006079,unknown,,,,True,True,0.0,0.43674460872425797,59.75105863742924,0.0,0.0,0.0,0.25,0.0,50.0,0.0,0.0,-1,0.0,G4_5_MTF,prior(bearish)=0.25<0.6 OR rev(bullish)=0.00<0.5,-1,0.0,0.0,
XRP/USDT,1433,2026-05-08 15:00:00,long,0.71827,95.03,60.14,1.3973,0.006671,unknown,,,,True,True,0.0,0.5630139168049922,56.00916928240594,1.0,0.0,0.0,0.5,0.5,50.0,0.0,0.0,-1,0.0,G4_5_MTF,prior(bearish)=0.50<0.6 OR rev(bullish)=0.50<0.5,-1,0.0,0.0,
XRP/USDT,1434,2026-05-08 16:00:00,long,0.71288,69.27,60.14,1.3944,0.006571,unknown,,,,False,False,0.0,0.0,50.0,0.0,0.0,0.0,0.0,0.0,50.0,0.0,0.0,-1,0.0,G3_MIN_QUALITY,edge=69.3 < MIN_QUALITY_SCORE=70.0,-1,0.0,0.0,
XRP/USDT,1435,2026-05-08 17:00:00,long,0.72348,70.36,60.14,1.4087,0.007179,unknown,,,,True,False,0.0,0.6613156575458574,37.28844028604461,1.0,0.0,0.0,0.0,0.0,50.0,0.0,0.0,-1,0.0,G3_5_ADX,adx=22.1 < 25 (weak trend),-1,0.0,0.0,
XRP/USDT,1436,2026-05-08 18:00:00,long,0.69371,70.11,60.14,1.4191,0.008064,unknown,,,,True,False,0.0,0.7022929887031222,24.46899753070298,1.0,0.0,0.0,0.0,0.0,50.0,0.0,0.0,-1,0.0,G3_5_ADX,adx=22.4 < 25 (weak trend),-1,0.0,0.0,
XRP/USDT,1437,2026-05-08 19:00:00,long,0.70583,55.46,60.14,1.4188,0.008507,unknown,,,,False,False,0.0,0.0,50.0,0.0,0.0,0.0,0.0,0.0,50.0,0.0,0.0,-1,0.0,G2_EDGE,edge=55.5 < thr=60.1,-1,0.0,0.0,
XRP/USDT,1438,2026-05-08 20:00:00,long,0.70423,71.22,60.14,1.4121,0.008664,unknown,,,,True,False,0.0,0.5377169835783255,24.939163649946018,0.0,0.0,0.0,0.25,0.5,50.0,0.0,0.0,-1,0.0,G4_5_MTF,prior(bearish)=0.25<0.6 OR rev(bullish)=0.50<0.5,-1,0.0,0.0,
XRP/USDT,1439,2026-05-08 21:00:00,long,0.71541,68.69,60.14,1.4217,0.008929,unknown,,,,False,False,0.0,0.0,50.0,0.0,0.0,0.0,0.0,0.0,50.0,0.0,0.0,-1,0.0,G3_MIN_QUALITY,edge=68.7 < MIN_QUALITY_SCORE=70.0,-1,0.0,0.0,
XRP/USDT,1440,2026-05-08 22:00:00,long,0.7184,72.64,60.14,1.4185,0.008821,unknown,,,,True,False,0.0,0.5443052306652448,31.094883322613956,0.0,0.0,0.0,0.5,0.5,50.0,0.0,0.0,-1,0.0,G4_5_MTF,prior(bearish)=0.50<0.6 OR rev(bullish)=0.50<0.5,-1,0.0,0.0,
XRP/USDT,1441,2026-05-08 23:00:00,long,0.71398,63.43,60.14,1.4182,0.008679,unknown,,,,False,False,0.0,0.0,50.0,0.0,0.0,0.0,0.0,0.0,50.0,0.0,0.0,-1,0.0,G3_MIN_QUALITY,edge=63.4 < MIN_QUALITY_SCORE=70.0,-1,0.0,0.0,
XRP/USDT,1442,2026-05-09 00:00:00,long,0.71482,68.06,60.14,1.4248,0.008693,unknown,,,,False,False,0.0,0.0,50.0,0.0,0.0,0.0,0.0,0.0,50.0,0.0,0.0,-1,0.0,G3_MIN_QUALITY,edge=68.1 < MIN_QUALITY_SCORE=70.0,-1,0.0,0.0,
XRP/USDT,1443,2026-05-09 01:00:00,long,0.70812,91.18,60.14,1.4324,0.009193,unknown,,,,True,False,0.0,0.7366423449035903,27.969017299688982,1.0,0.0,0.0,0.75,0.5,76.862731031657,1.6964227141878534,0.054529684834159875,28,0.006418,TRADE,edge=91.2 meta_conf=0.7081,1451,1.41999,-0.0124,LOSS
XRP/USDT,1452,2026-05-09 10:00:00,long,0.62067,67.92,60.14,1.4211,0.006414,unknown,,,,False,False,0.0,0.0,50.0,0.0,0.0,0.0,0.0,0.0,50.0,0.0,0.0,-1,0.0,G3_MIN_QUALITY,edge=67.9 < MIN_QUALITY_SCORE=70.0,-1,0.0,0.0,
XRP/USDT,1453,2026-05-09 11:00:00,long,0.61234,65.72,60.14,1.422,0.005879,unknown,,,,False,False,0.0,0.0,50.0,0.0,0.0,0.0,0.0,0.0,50.0,0.0,0.0,-1,0.0,G3_MIN_QUALITY,edge=65.7 < MIN_QUALITY_SCORE=70.0,-1,0.0,0.0,
XRP/USDT,1454,2026-05-09 12:00:00,long,0.61938,65.25,60.14,1.4206,0.005636,unknown,,,,False,False,0.0,0.0,50.0,0.0,0.0,0.0,0.0,0.0,50.0,0.0,0.0,-1,0.0,G3_MIN_QUALITY,edge=65.3 < MIN_QUALITY_SCORE=70.0,-1,0.0,0.0,
XRP/USDT,1455,2026-05-09 13:00:00,long,0.622,65.0,60.14,1.4199,0.005671,unknown,,,,False,False,0.0,0.0,50.0,0.0,0.0,0.0,0.0,0.0,50.0,0.0,0.0,-1,0.0,G3_MIN_QUALITY,edge=65.0 < MIN_QUALITY_SCORE=70.0,-1,0.0,0.0,
XRP/USDT,1456,2026-05-09 14:00:00,long,0.6223,71.04,60.14,1.4156,0.005586,unknown,,,,True,False,0.0,-0.3795865389527001,62.651020710568986,0.0,0.0,0.0,0.25,0.0,50.0,0.0,0.0,-1,0.0,G4_5_MTF,prior(bearish)=0.25<0.6 OR rev(bullish)=0.00<0.5,-1,0.0,0.0,
XRP/USDT,1457,2026-05-09 15:00:00,long,0.59993,63.97,60.14,1.4144,0.00515,unknown,,,,False,False,0.0,0.0,50.0,0.0,0.0,0.0,0.0,0.0,50.0,0.0,0.0,-1,0.0,G3_MIN_QUALITY,edge=64.0 < MIN_QUALITY_SCORE=70.0,-1,0.0,0.0,
XRP/USDT,1458,2026-05-09 16:00:00,long,0.60292,69.46,60.14,1.4173,0.0053,unknown,,,,False,False,0.0,0.0,50.0,0.0,0.0,0.0,0.0,0.0,50.0,0.0,0.0,-1,0.0,G3_MIN_QUALITY,edge=69.5 < MIN_QUALITY_SCORE=70.0,-1,0.0,0.0,
XRP/USDT,1459,2026-05-09 17:00:00,long,0.60133,66.3,60.14,1.4211,0.005357,unknown,,,,False,False,0.0,0.0,50.0,0.0,0.0,0.0,0.0,0.0,50.0,0.0,0.0,-1,0.0,G3_MIN_QUALITY,edge=66.3 < MIN_QUALITY_SCORE=70.0,-1,0.0,0.0,
XRP/USDT,1460,2026-05-09 18:00:00,long,0.5782,75.39,60.14,1.4222,0.005179,unknown,,,,True,True,0.0,0.08025350386096601,56.13653186643698,0.0,0.0,0.0,1.0,1.0,39.642837321438364,-3.4993474791199453,0.45047706947447796,9,0.003641,TRADE,edge=75.4 meta_conf=0.5782,1467,1.415209,-0.007,LOSS
XRP/USDT,1468,2026-05-10 02:00:00,long,0.61311,97.8,60.14,1.4173,0.005386,unknown,,,,True,True,0.0,-0.11426850632976082,62.00353792559173,0.0,0.0,0.0,0.5,0.0,50.0,0.0,0.0,-1,0.0,G4_5_MTF,prior(bearish)=0.50<0.6 OR rev(bullish)=0.00<0.5,-1,0.0,0.0,
XRP/USDT,1469,2026-05-10 03:00:00,long,0.60662,82.36,60.14,1.4172,0.005521,unknown,,,,True,True,0.0,-0.36083712831292375,61.92384049708838,0.0,0.0,0.0,0.5,0.5,50.0,0.0,0.0,-1,0.0,G4_5_MTF,prior(bearish)=0.50<0.6 OR rev(bullish)=0.50<0.5,-1,0.0,0.0,
XRP/USDT,1470,2026-05-10 04:00:00,long,0.61282,74.38,60.14,1.4179,0.005357,unknown,,,,True,True,0.0,-0.09685391771737552,61.80207355343815,0.0,0.0,0.0,0.75,0.5,54.24351441294461,1.8689931379533204,0.27248912514312473,3,0.003778,TRADE,edge=74.4 meta_conf=0.6128,1479,1.432364,0.0145,WIN
XRP/USDT,1480,2026-05-10 14:00:00,long,0.67347,56.37,60.14,1.4352,0.006171,unknown,,,,False,False,0.0,0.0,50.0,0.0,0.0,0.0,0.0,0.0,50.0,0.0,0.0,-1,0.0,G2_EDGE,edge=56.4 < thr=60.1,-1,0.0,0.0,
XRP/USDT,1481,2026-05-10 15:00:00,long,0.66959,69.48,60.14,1.4442,0.006636,unknown,,,,False,False,0.0,0.0,50.0,0.0,0.0,0.0,0.0,0.0,50.0,0.0,0.0,-1,0.0,G3_MIN_QUALITY,edge=69.5 < MIN_QUALITY_SCORE=70.0,-1,0.0,0.0,
XRP/USDT,1482,2026-05-10 16:00:00,long,0.70845,91.1,60.14,1.4721,0.00855,unknown,,,,True,False,0.0,0.7519139123719599,8.223441639975292,1.0,0.0,0.0,0.5,1.0,50.0,0.0,0.0,-1,0.0,G4_5_MTF,prior(bearish)=0.50<0.6 OR rev(bullish)=1.00<0.5,-1,0.0,0.0,
XRP/USDT,1483,2026-05-10 17:00:00,long,0.6907,91.11,60.14,1.5045,0.0107,unknown,,,,True,False,0.0,0.7546928432133981,0.0,1.0,0.0,0.0,0.25,1.0,50.0,0.0,0.0,-1,0.0,G4_5_MTF,prior(bearish)=0.25<0.6 OR rev(bullish)=1.00<0.5,-1,0.0,0.0,
XRP/USDT,1484,2026-05-10 18:00:00,long,0.68072,76.82,60.14,1.4863,0.011964,unknown,,,,True,False,0.0,0.6028488204128173,0.0,0.0,0.0,0.0,0.0,1.0,50.0,0.0,0.0,-1,0.0,G4_5_MTF,prior(bearish)=0.00<0.6 OR rev(bullish)=1.00<0.5,-1,0.0,0.0,
XRP/USDT,1485,2026-05-10 19:00:00,long,0.67872,73.44,60.14,1.4867,0.012814,unknown,,,,True,False,0.0,0.6930761648392936,2.7832428783093026,0.0,0.0,0.0,0.0,0.5,50.0,0.0,0.0,-1,0.0,G4_5_MTF,prior(bearish)=0.00<0.6 OR rev(bullish)=0.50<0.5,-1,0.0,0.0,
XRP/USDT,1486,2026-05-10 20:00:00,long,0.66126,100.0,60.14,1.45,0.01635,unknown,,,,False,False,0.0,0.19403244576478018,7.5673171155403605,0.0,0.0,0.0,0.0,0.5,50.0,0.0,0.0,-1,0.0,G4_5_MTF,prior(bearish)=0.00<0.6 OR rev(bullish)=0.50<0.5,-1,0.0,0.0,
XRP/USDT,1487,2026-05-10 21:00:00,long,0.67557,87.91,60.14,1.455,0.017464,unknown,,,,False,False,0.0,0.2617180032588051,12.140311218999596,0.0,0.0,0.0,0.25,0.5,50.0,0.0,0.0,-1,0.0,G4_5_MTF,prior(bearish)=0.25<0.6 OR rev(bullish)=0.50<0.5,-1,0.0,0.0,
XRP/USDT,1488,2026-05-10 22:00:00,long,0.66187,90.79,60.14,1.4736,0.01845,unknown,,,,False,False,0.0,0.46950555035075264,16.050973277588998,0.0,0.0,0.0,0.25,0.5,50.0,0.0,0.0,-1,0.0,G4_5_MTF,prior(bearish)=0.25<0.6 OR rev(bullish)=0.50<0.5,-1,0.0,0.0,
XRP/USDT,1489,2026-05-10 23:00:00,long,0.65991,87.51,60.14,1.4734,0.018621,unknown,,,,False,False,0.0,0.3825472396229284,19.60271414395251,0.0,0.0,0.0,0.5,1.0,50.0,0.0,0.0,-1,0.0,G4_5_MTF,prior(bearish)=0.50<0.6 OR rev(bullish)=1.00<0.5,-1,0.0,0.0,
XRP/USDT,1490,2026-05-11 00:00:00,long,0.67077,87.33,60.14,1.4579,0.019971,unknown,,,,False,False,0.0,0.1378067575181941,23.1177468123929,0.0,0.0,0.0,0.5,0.5,50.0,0.0,0.0,-1,0.0,G4_5_MTF,prior(bearish)=0.50<0.6 OR rev(bullish)=0.50<0.5,-1,0.0,0.0,
XRP/USDT,1491,2026-05-11 01:00:00,long,0.67205,86.42,60.14,1.4606,0.0205,unknown,,,,False,False,0.0,0.20029466843692167,27.50603207458643,0.0,0.0,0.0,0.25,0.0,50.0,0.0,0.0,-1,0.0,G4_5_MTF,prior(bearish)=0.25<0.6 OR rev(bullish)=0.00<0.5,-1,0.0,0.0,
XRP/USDT,1492,2026-05-11 02:00:00,long,0.67149,85.03,60.14,1.4537,0.021214,unknown,,,,False,False,0.0,0.09650688345367829,31.55670347727088,0.0,0.0,0.0,0.5,0.5,50.0,0.0,0.0,-1,0.0,G4_5_MTF,prior(bearish)=0.50<0.6 OR rev(bullish)=0.50<0.5,-1,0.0,0.0,
XRP/USDT,1493,2026-05-11 03:00:00,long,0.6678,85.46,60.14,1.4487,0.021464,unknown,,,,False,False,0.0,-0.15159085105423414,37.20270599447428,0.0,0.0,0.0,0.5,0.5,50.0,0.0,0.0,-1,0.0,G4_5_MTF,prior(bearish)=0.50<0.6 OR rev(bullish)=0.50<0.5,-1,0.0,0.0,
XRP/USDT,1494,2026-05-11 04:00:00,long,0.66305,82.49,60.14,1.4481,0.021714,unknown,,,,False,False,0.0,-0.16412175575910062,42.01827394250187,0.0,0.0,0.0,0.5,0.0,50.0,0.0,0.0,-1,0.0,G4_5_MTF,prior(bearish)=0.50<0.6 OR rev(bullish)=0.00<0.5,-1,0.0,0.0,
XRP/USDT,1495,2026-05-11 05:00:00,long,0.70597,82.83,60.14,1.4553,0.021529,unknown,,,,False,False,0.0,-0.03941002114982292,46.303777078616505,0.0,0.0,0.0,0.75,0.0,50.0,0.0,0.0,-1,0.0,G4_5_MTF,prior(bearish)=0.75<0.6 OR rev(bullish)=0.00<0.5,-1,0.0,0.0,
XRP/USDT,1496,2026-05-11 06:00:00,long,0.69408,79.31,60.14,1.4535,0.019557,unknown,,,,False,False,0.0,-0.22002819102044205,47.993960225568465,0.0,0.0,0.0,0.75,0.5,43.84920228909504,-2.7756865904292383,0.1826063185327409,17,0.013455,TRADE,edge=79.3 meta_conf=0.6941,1528,1.427098,-0.0264,LOSS
XRP/USDT,1529,2026-05-12 15:00:00,long,0.56169,100.0,60.14,1.424,0.011271,unknown,,,,False,True,0.0,-0.7381150652017024,41.94030914748934,-1.0,0.0,0.0,0.75,0.0,50.0,0.0,0.0,-1,0.0,G4_5_MTF,prior(bearish)=0.75<0.6 OR rev(bullish)=0.00<0.5,-1,0.0,0.0,
XRP/USDT,1530,2026-05-12 16:00:00,long,0.56173,82.46,60.14,1.4225,0.011229,unknown,,,,False,True,0.0,-0.708078799740793,41.45867813953524,0.0,0.0,0.0,0.75,0.0,50.0,0.0,0.0,-1,0.0,G4_5_MTF,prior(bearish)=0.75<0.6 OR rev(bullish)=0.00<0.5,-1,0.0,0.0,
XRP/USDT,1531,2026-05-12 17:00:00,long,0.58233,84.75,60.14,1.4339,0.011621,unknown,,,,False,True,0.0,-0.4557863084474888,41.162261396894294,0.0,0.0,0.0,0.75,0.0,50.0,0.0,0.0,-1,0.0,G4_5_MTF,prior(bearish)=0.75<0.6 OR rev(bullish)=0.00<0.5,-1,0.0,0.0,
XRP/USDT,1532,2026-05-12 18:00:00,long,0.57243,78.8,60.14,1.4362,0.011436,unknown,,,,False,True,0.0,-0.45630365882367824,40.95182463896944,0.0,0.0,0.0,0.75,0.5,30.99999380000095,-1.4231262019456066,0.5052907783362148,4,0.007962,TRADE,edge=78.8 meta_conf=0.5724,1547,1.467076,0.0309,WIN
XRP/USDT,1548,2026-05-13 10:00:00,long,0.56122,71.83,60.14,1.458,0.008307,unknown,,,,True,False,0.0,0.4508654124258637,45.823772276101245,0.0,0.0,0.0,0.5,1.0,50.0,0.0,0.0,-1,0.0,G4_5_MTF,prior(bearish)=0.50<0.6 OR rev(bullish)=1.00<0.5,-1,0.0,0.0,
XRP/USDT,1549,2026-05-13 11:00:00,long,0.56614,77.91,60.14,1.4484,0.008971,unknown,,,,True,False,0.0,0.24113835835490968,45.43818256382003,0.0,0.0,0.0,0.5,0.5,50.0,0.0,0.0,-1,0.0,G4_5_MTF,prior(bearish)=0.50<0.6 OR rev(bullish)=0.50<0.5,-1,0.0,0.0,
XRP/USDT,1550,2026-05-13 12:00:00,long,0.60618,100.0,60.14,1.4337,0.010343,unknown,,,,False,True,0.0,-0.1336127646013599,38.294723028166594,0.0,0.0,0.0,0.25,0.0,50.0,0.0,0.0,-1,0.0,G4_5_MTF,prior(bearish)=0.25<0.6 OR rev(bullish)=0.00<0.5,-1,0.0,0.0,
XRP/USDT,1551,2026-05-13 13:00:00,long,0.58937,100.0,60.14,1.427,0.010971,unknown,,,,False,True,0.0,-0.6274323795235984,36.566367748318406,0.0,0.0,0.0,0.25,0.0,50.0,0.0,0.0,-1,0.0,G4_5_MTF,prior(bearish)=0.25<0.6 OR rev(bullish)=0.00<0.5,-1,0.0,0.0,
XRP/USDT,1552,2026-05-13 14:00:00,long,0.61448,90.8,60.14,1.4288,0.011293,unknown,,,,False,True,0.0,-0.5992544917577975,35.87763904158116,0.0,0.0,0.0,0.5,0.0,50.0,0.0,0.0,-1,0.0,G4_5_MTF,prior(bearish)=0.50<0.6 OR rev(bullish)=0.00<0.5,-1,0.0,0.0,
XRP/USDT,1553,2026-05-13 15:00:00,long,0.68613,100.0,60.14,1.4131,0.011864,unknown,,,,False,True,0.0,-0.7550861973468438,29.365265998090138,-1.0,0.0,0.0,0.75,0.5,31.236892690602744,-2.5647511692584635,-1.341060262936382,-1,0.0,G5_RSI_ACCEL,rsi_accel=-1.3411<-0.08 (RSI free-fall),-1,0.0,0.0,
XRP/USDT,1554,2026-05-13 16:00:00,long,0.64022,92.2,60.14,1.4233,0.012286,unknown,,,,False,True,0.0,-0.5855212034998452,30.260334943629555,0.0,0.0,0.0,1.0,0.5,38.05898636702374,-3.6835769159457614,-1.118825746687298,-1,0.0,G5_RSI_ACCEL,rsi_accel=-1.1188<-0.08 (RSI free-fall),-1,0.0,0.0,
XRP/USDT,1555,2026-05-13 17:00:00,long,0.63489,85.05,60.14,1.4293,0.0124,unknown,,,,False,True,0.0,-0.5159029794111429,31.44685585024138,0.0,0.0,0.0,0.75,0.5,39.328979025109945,-4.090701836180586,-0.4071249202348248,-1,0.0,G5_RSI_ACCEL,rsi_accel=-0.4071<-0.08 (RSI free-fall),-1,0.0,0.0,
XRP/USDT,1556,2026-05-13 18:00:00,long,0.63958,83.55,60.14,1.4266,0.011971,unknown,,,,False,True,0.0,-0.6283101147676683,32.530282494930276,0.0,0.0,0.0,0.75,1.0,32.06412375853981,-4.12165110257305,-0.030949266392463315,9,0.008392,TRADE,edge=83.6 meta_conf=0.6396,1575,1.458923,0.0323,WIN
XRP/USDT,1576,2026-05-14 14:00:00,long,0.66712,90.82,60.14,1.471,0.01245,unknown,,,,True,False,0.0,0.7416226145648204,34.821049646886955,1.0,0.0,0.0,0.5,0.5,50.0,0.0,0.0,-1,0.0,G4_5_MTF,prior(bearish)=0.50<0.6 OR rev(bullish)=0.50<0.5,-1,0.0,0.0,
XRP/USDT,1577,2026-05-14 15:00:00,long,0.66766,90.76,60.14,1.4727,0.012793,unknown,,,,True,False,0.0,0.7258654197511133,35.29462236811228,0.0,0.0,0.0,0.5,0.5,50.0,0.0,0.0,-1,0.0,G4_5_MTF,prior(bearish)=0.50<0.6 OR rev(bullish)=0.50<0.5,-1,0.0,0.0,
XRP/USDT,1578,2026-05-14 16:00:00,long,0.66318,90.25,60.14,1.4803,0.013193,unknown,,,,True,False,0.0,0.7552404071928855,31.797816158807006,1.0,0.0,0.0,0.5,1.0,50.0,0.0,0.0,-1,0.0,G4_5_MTF,prior(bearish)=0.50<0.6 OR rev(bullish)=1.00<0.5,-1,0.0,0.0,
XRP/USDT,1579,2026-05-14 17:00:00,long,0.67037,91.49,60.14,1.4918,0.014529,unknown,,,,True,False,0.0,0.7482800135377667,22.505741357435788,1.0,0.0,0.0,0.5,1.0,50.0,0.0,0.0,-1,0.0,G4_5_MTF,prior(bearish)=0.50<0.6 OR rev(bullish)=1.00<0.5,-1,0.0,0.0,
XRP/USDT,1580,2026-05-14 18:00:00,long,0.67676,92.51,60.14,1.5362,0.017957,unknown,,,,True,False,0.0,0.7531280210649316,9.647455751769689,1.0,0.0,0.0,0.25,1.0,50.0,0.0,0.0,-1,0.0,G4_5_MTF,prior(bearish)=0.25<0.6 OR rev(bullish)=1.00<0.5,-1,0.0,0.0,
XRP/USDT,1581,2026-05-14 19:00:00,long,0.67624,100.0,60.14,1.517,0.019971,unknown,,,,False,False,0.0,0.6262510245630672,10.896521124617548,0.0,0.0,0.0,0.25,1.0,50.0,0.0,0.0,-1,0.0,G4_5_MTF,prior(bearish)=0.25<0.6 OR rev(bullish)=1.00<0.5,-1,0.0,0.0,
XRP/USDT,1582,2026-05-14 20:00:00,long,0.65964,85.19,60.14,1.508,0.02075,unknown,,,,False,False,0.0,0.5700734313939826,13.63433768134518,0.0,0.0,0.0,0.0,0.5,50.0,0.0,0.0,-1,0.0,G4_5_MTF,prior(bearish)=0.00<0.6 OR rev(bullish)=0.50<0.5,-1,0.0,0.0,
XRP/USDT,1583,2026-05-14 21:00:00,long,0.65557,89.96,60.14,1.4978,0.021564,unknown,,,,False,False,0.0,0.5323920883507389,16.308200392293994,0.0,0.0,0.0,0.0,0.0,50.0,0.0,0.0,-1,0.0,G4_5_MTF,prior(bearish)=0.00<0.6 OR rev(bullish)=0.00<0.5,-1,0.0,0.0,
XRP/USDT,1584,2026-05-14 22:00:00,long,0.65577,89.47,60.14,1.5007,0.021893,unknown,,,,False,False,0.0,0.6012742629698705,18.87171478816685,0.0,0.0,0.0,0.25,0.0,50.0,0.0,0.0,-1,0.0,G4_5_MTF,prior(bearish)=0.25<0.6 OR rev(bullish)=0.00<0.5,-1,0.0,0.0,
XRP/USDT,1585,2026-05-14 23:00:00,long,0.65178,86.09,60.14,1.4852,0.02255,unknown,,,,False,False,0.0,0.34969064420104357,21.651215450358112,0.0,0.0,0.0,0.5,0.5,50.0,0.0,0.0,-1,0.0,G4_5_MTF,prior(bearish)=0.50<0.6 OR rev(bullish)=0.50<0.5,-1,0.0,0.0,
XRP/USDT,1586,2026-05-15 00:00:00,long,0.66491,88.3,60.14,1.4952,0.022979,unknown,,,,False,False,0.0,0.5258652975218594,25.208117529199065,0.0,0.0,0.0,0.75,0.5,65.71887918420438,0.22221782343444288,-0.5208233709088711,-1,0.0,G5_RSI_ACCEL,rsi_accel=-0.5208<-0.08 (RSI free-fall),-1,0.0,0.0,
XRP/USDT,1587,2026-05-15 01:00:00,long,0.6666,86.18,60.14,1.4846,0.02355,unknown,,,,False,False,0.0,0.21540328617294607,27.582451880319987,0.0,0.0,0.0,0.75,0.5,63.50440181927614,-0.3028885886454486,-0.5251064120798915,-1,0.0,G5_RSI_ACCEL,rsi_accel=-0.5251<-0.08 (RSI free-fall),-1,0.0,0.0,
XRP/USDT,1588,2026-05-15 02:00:00,long,0.67492,88.19,60.14,1.4907,0.023271,unknown,,,,False,False,0.0,0.4149773852016979,32.0068430834868,0.0,0.0,0.0,0.75,0.5,61.59301220784412,-0.6923368309028196,-0.389448242257371,-1,0.0,G5_RSI_ACCEL,rsi_accel=-0.3894<-0.08 (RSI free-fall),-1,0.0,0.0,
XRP/USDT,1589,2026-05-15 03:00:00,long,0.67531,86.01,60.14,1.489,0.022586,unknown,,,,False,False,0.0,0.32128655117515165,33.75551686762646,0.0,0.0,0.0,0.5,0.5,50.0,0.0,0.0,-1,0.0,G4_5_MTF,prior(bearish)=0.50<0.6 OR rev(bullish)=0.50<0.5,-1,0.0,0.0,
XRP/USDT,1590,2026-05-15 04:00:00,long,0.65094,81.67,60.14,1.4734,0.021264,unknown,,,,False,False,0.0,-0.02089612400172322,43.402395597562034,0.0,0.0,0.0,0.5,0.5,50.0,0.0,0.0,-1,0.0,G4_5_MTF,prior(bearish)=0.50<0.6 OR rev(bullish)=0.50<0.5,-1,0.0,0.0,
XRP/USDT,1591,2026-05-15 05:00:00,long,0.65606,85.84,60.14,1.4604,0.021857,unknown,,,,False,False,0.0,-0.1577446145912382,41.5388266265566,0.0,0.0,0.0,0.5,0.0,50.0,0.0,0.0,-1,0.0,G4_5_MTF,prior(bearish)=0.50<0.6 OR rev(bullish)=0.00<0.5,-1,0.0,0.0,
XRP/USDT,1592,2026-05-15 06:00:00,long,0.63395,82.09,60.14,1.4686,0.021707,unknown,,,,False,False,0.0,-0.053609002859798714,42.64314014379062,0.0,0.0,0.0,0.5,0.0,50.0,0.0,0.0,-1,0.0,G4_5_MTF,prior(bearish)=0.50<0.6 OR rev(bullish)=0.00<0.5,-1,0.0,0.0,
XRP/USDT,1593,2026-05-15 07:00:00,long,0.62912,79.79,60.14,1.4696,0.020207,unknown,,,,False,False,0.0,-0.05691921118637749,43.362163876484296,0.0,0.0,0.0,0.75,0.5,43.36917200018872,-2.841953471407164,-0.07443164782466294,18,0.01375,TRADE,edge=79.8 meta_conf=0.6291,1599,1.44232,-0.0273,LOSS
XRP/USDT,1600,2026-05-15 14:00:00,long,0.63411,89.56,60.14,1.4394,0.014379,unknown,,,,False,True,0.0,-0.5548588377760817,48.25039394640293,0.0,0.0,0.0,0.5,0.0,50.0,0.0,0.0,-1,0.0,G4_5_MTF,prior(bearish)=0.50<0.6 OR rev(bullish)=0.00<0.5,-1,0.0,0.0,
XRP/USDT,1601,2026-05-15 15:00:00,long,0.61766,83.58,60.14,1.4352,0.014064,unknown,,,,False,True,0.0,-0.6533697742284684,50.651199508162115,0.0,0.0,0.0,0.75,0.5,29.06779316144845,-2.592910454066255,0.345315519022384,2,0.0,G6_COOLDOWN,bars_since_exit=2 < cooldown=3,-1,0.0,0.0,
XRP/USDT,1602,2026-05-15 16:00:00,long,0.63245,87.97,60.14,1.4467,0.013864,unknown,,,,False,True,0.0,-0.4361771571933412,49.1801081833202,0.0,0.0,0.0,0.75,0.5,32.17179537759229,-2.0705522933866267,0.5223581606796284,3,0.009583,TRADE,edge=88.0 meta_conf=0.6324,1614,1.427983,-0.0187,LOSS
XRP/USDT,1615,2026-05-16 05:00:00,long,0.61367,84.38,60.14,1.4251,0.007679,unknown,,,,False,True,0.0,-0.6510266178851092,57.21899482766828,0.0,0.0,0.0,0.25,0.0,50.0,0.0,0.0,-1,0.0,G4_5_MTF,prior(bearish)=0.25<0.6 OR rev(bullish)=0.00<0.5,-1,0.0,0.0,
XRP/USDT,1616,2026-05-16 06:00:00,long,0.62786,83.81,60.14,1.4196,0.007614,unknown,,,,False,True,0.0,-0.6945033533017707,51.04199130752194,0.0,0.0,0.0,0.5,0.0,50.0,0.0,0.0,-1,0.0,G4_5_MTF,prior(bearish)=0.50<0.6 OR rev(bullish)=0.00<0.5,-1,0.0,0.0,
XRP/USDT,1617,2026-05-16 07:00:00,long,0.65624,88.33,60.14,1.4168,0.008336,unknown,,,,False,True,0.0,-0.6781376872428513,42.5619674766512,0.0,0.0,0.0,0.75,0.0,50.0,0.0,0.0,-1,0.0,G4_5_MTF,prior(bearish)=0.75<0.6 OR rev(bullish)=0.00<0.5,-1,0.0,0.0,
XRP/USDT,1618,2026-05-16 08:00:00,long,0.63371,81.64,60.14,1.415,0.0079,unknown,,,,False,True,0.0,-0.7042283215635602,49.11097983787799,0.0,0.0,0.0,1.0,0.0,50.0,0.0,0.0,-1,0.0,G4_5_MTF,prior(bearish)=1.00<0.6 OR rev(bullish)=0.00<0.5,-1,0.0,0.0,
XRP/USDT,1619,2026-05-16 09:00:00,long,0.65127,88.74,60.14,1.4022,0.008307,unknown,,,,False,True,0.0,-0.7027963790737469,46.070456636413105,-1.0,0.0,0.0,1.0,0.0,50.0,0.0,0.0,-1,0.0,G4_5_MTF,prior(bearish)=1.00<0.6 OR rev(bullish)=0.00<0.5,-1,0.0,0.0,
XRP/USDT,1620,2026-05-16 10:00:00,long,0.65347,100.0,60.14,1.4073,0.008971,unknown,,,,False,True,0.0,-0.553199867372121,38.51706930926882,0.0,0.0,0.0,1.0,0.0,50.0,0.0,0.0,-1,0.0,G4_5_MTF,prior(bearish)=1.00<0.6 OR rev(bullish)=0.00<0.5,-1,0.0,0.0,
XRP/USDT,1621,2026-05-16 11:00:00,long,0.64741,85.81,60.14,1.4109,0.008979,unknown,,,,False,True,0.0,-0.4874613977534622,37.76653002702401,0.0,0.0,0.0,1.0,0.5,30.616293665445426,-1.173630081305419,0.08716320014747625,7,0.006364,TRADE,edge=85.8 meta_conf=0.6474,1657,1.398779,-0.0121,LOSS
XRP/USDT,1658,2026-05-18 00:00:00,long,0.68988,75.1,60.14,1.3963,0.010079,unknown,,,,False,False,0.0,-0.6439227045639956,21.15186608317438,0.0,0.0,0.0,0.0,0.0,50.0,0.0,0.0,-1,0.0,G3_5_ADX,adx=15.0 < 25 (weak trend),-1,0.0,0.0,
XRP/USDT,1659,2026-05-18 01:00:00,long,0.68669,59.23,60.14,1.3941,0.010686,unknown,,,,False,False,0.0,0.0,50.0,0.0,0.0,0.0,0.0,0.0,50.0,0.0,0.0,-1,0.0,G2_EDGE,edge=59.2 < thr=60.1,-1,0.0,0.0,
XRP/USDT,1660,2026-05-18 02:00:00,long,0.69331,58.7,60.14,1.3925,0.011257,unknown,,,,False,False,0.0,0.0,50.0,0.0,0.0,0.0,0.0,0.0,50.0,0.0,0.0,-1,0.0,G2_EDGE,edge=58.7 < thr=60.1,-1,0.0,0.0,
XRP/USDT,1661,2026-05-18 03:00:00,long,0.69196,58.64,60.14,1.3932,0.011514,unknown,,,,False,False,0.0,0.0,50.0,0.0,0.0,0.0,0.0,0.0,50.0,0.0,0.0,-1,0.0,G2_EDGE,edge=58.6 < thr=60.1,-1,0.0,0.0,
XRP/USDT,1662,2026-05-18 04:00:00,long,0.6949,78.63,60.14,1.395,0.011786,unknown,,,,False,False,0.0,-0.5248843719052354,28.317324281334773,0.0,0.0,0.0,1.0,0.5,32.9608852615942,-2.766894025873096,-0.059618513707855314,5,0.008449,TRADE,edge=78.6 meta_conf=0.6949,1664,1.379089,-0.0159,LOSS
XRP/USDT,1665,2026-05-18 07:00:00,long,0.69721,88.69,60.14,1.3867,0.013179,unknown,,,,False,True,0.0,-0.5647274487572354,34.28523026268111,0.0,0.0,0.0,0.5,0.0,50.0,0.0,0.0,-1,0.0,G4_5_MTF,prior(bearish)=0.50<0.6 OR rev(bullish)=0.00<0.5,-1,0.0,0.0,
XRP/USDT,1666,2026-05-18 08:00:00,long,0.70047,87.24,60.14,1.3879,0.013179,unknown,,,,False,True,0.0,-0.468596749038082,36.24413703490461,0.0,0.0,0.0,0.5,0.0,50.0,0.0,0.0,-1,0.0,G4_5_MTF,prior(bearish)=0.50<0.6 OR rev(bullish)=0.00<0.5,-1,0.0,0.0,
XRP/USDT,1667,2026-05-18 09:00:00,long,0.69247,86.95,60.14,1.3829,0.012907,unknown,,,,False,True,0.0,-0.5877713783837203,37.985489440934174,0.0,0.0,0.0,0.5,0.5,50.0,0.0,0.0,-1,0.0,G4_5_MTF,prior(bearish)=0.50<0.6 OR rev(bullish)=0.50<0.5,-1,0.0,0.0,
XRP/USDT,1668,2026-05-18 10:00:00,long,0.69308,87.55,60.14,1.3783,0.012936,unknown,,,,False,True,0.0,-0.6409573762448083,39.615613278426636,0.0,0.0,0.0,0.75,0.5,13.214282410714944,-2.0241072553255233,0.08767043524145723,4,0.009385,TRADE,edge=87.6 meta_conf=0.6931,1696,1.360837,-0.0175,LOSS
XRP/USDT,1697,2026-05-19 15:00:00,long,0.67244,93.03,60.14,1.3672,0.009543,unknown,,,,False,True,0.0,-0.6078083353146037,57.0960594606656,0.0,0.0,0.0,0.75,0.0,50.0,0.0,0.0,-1,0.0,G4_5_MTF,prior(bearish)=0.75<0.6 OR rev(bullish)=0.00<0.5,-1,0.0,0.0,
XRP/USDT,1698,2026-05-19 16:00:00,long,0.66858,100.0,60.14,1.3723,0.009579,unknown,,,,False,True,0.0,-0.38738130677495,56.40483710474615,0.0,0.0,0.0,0.75,0.5,43.53368653057184,-1.7848470808893522,-0.16895706337614902,-1,0.0,G5_RSI_ACCEL,rsi_accel=-0.1690<-0.08 (RSI free-fall),-1,0.0,0.0,
XRP/USDT,1699,2026-05-19 17:00:00,long,0.6797,100.0,60.14,1.3639,0.009943,unknown,,,,False,True,0.0,-0.6526833835783683,56.13168344809577,0.0,0.0,0.0,0.75,1.0,33.558170829436875,-1.9604601245285334,-0.17561304363918118,-1,0.0,G5_RSI_ACCEL,rsi_accel=-0.1756<-0.08 (RSI free-fall),-1,0.0,0.0,
XRP/USDT,1700,2026-05-19 18:00:00,long,0.64744,91.56,60.14,1.3625,0.009821,unknown,,,,False,True,0.0,-0.6971183035953901,55.92602861967937,0.0,0.0,0.0,0.5,0.5,50.0,0.0,0.0,-1,0.0,G4_5_MTF,prior(bearish)=0.50<0.6 OR rev(bullish)=0.50<0.5,-1,0.0,0.0,
XRP/USDT,1701,2026-05-19 19:00:00,long,0.64734,100.0,60.14,1.3573,0.009864,unknown,,,,False,True,0.0,-0.7419696620966096,50.384108303920314,-1.0,0.0,0.0,0.5,0.0,50.0,0.0,0.0,-1,0.0,G4_5_MTF,prior(bearish)=0.50<0.6 OR rev(bullish)=0.00<0.5,-1,0.0,0.0,
XRP/USDT,1702,2026-05-19 20:00:00,long,0.64712,89.79,60.14,1.3585,0.009757,unknown,,,,False,True,0.0,-0.606021225187514,49.93235383668081,0.0,0.0,0.0,0.5,0.0,50.0,0.0,0.0,-1,0.0,G4_5_MTF,prior(bearish)=0.50<0.6 OR rev(bullish)=0.00<0.5,-1,0.0,0.0,
XRP/USDT,1703,2026-05-19 21:00:00,long,0.64352,88.0,60.14,1.3597,0.009614,unknown,,,,False,True,0.0,-0.5534697968194044,52.19419978201872,0.0,0.0,0.0,0.5,0.5,50.0,0.0,0.0,-1,0.0,G4_5_MTF,prior(bearish)=0.50<0.6 OR rev(bullish)=0.50<0.5,-1,0.0,0.0,
XRP/USDT,1704,2026-05-19 22:00:00,long,0.64163,80.73,60.14,1.3581,0.009471,unknown,,,,False,True,0.0,-0.6156006887083457,54.64013314133147,0.0,0.0,0.0,0.75,1.0,25.976555397035526,-1.0681766892606366,0.5514070831984301,8,0.006974,TRADE,edge=80.7 meta_conf=0.6416,1732,1.383673,0.0256,WIN
XRP/USDT,1733,2026-05-21 03:00:00,long,0.7317,47.56,60.14,1.3842,0.008979,unknown,,,,False,False,0.0,0.0,50.0,0.0,0.0,0.0,0.0,0.0,50.0,0.0,0.0,-1,0.0,G2_EDGE,edge=47.6 < thr=60.1,-1,0.0,0.0,
XRP/USDT,1734,2026-05-21 04:00:00,long,0.71336,57.68,60.14,1.3819,0.008043,unknown,,,,False,False,0.0,0.0,50.0,0.0,0.0,0.0,0.0,0.0,50.0,0.0,0.0,-1,0.0,G2_EDGE,edge=57.7 < thr=60.1,-1,0.0,0.0,
XRP/USDT,1735,2026-05-21 05:00:00,long,0.73243,71.28,60.14,1.3746,0.007971,unknown,,,,True,True,0.0,0.2283056870927001,61.72242948340533,0.0,0.0,0.0,0.0,0.0,50.0,0.0,0.0,-1,0.0,G3_5_ADX,adx=18.2 < 25 (weak trend),-1,0.0,0.0,
XRP/USDT,1736,2026-05-21 06:00:00,long,0.74358,65.98,60.14,1.3708,0.00765,unknown,,,,False,False,0.0,0.0,50.0,0.0,0.0,0.0,0.0,0.0,50.0,0.0,0.0,-1,0.0,G3_MIN_QUALITY,edge=66.0 < MIN_QUALITY_SCORE=70.0,-1,0.0,0.0,
XRP/USDT,1737,2026-05-21 07:00:00,long,0.72009,63.78,60.14,1.376,0.007529,unknown,,,,False,False,0.0,0.0,50.0,0.0,0.0,0.0,0.0,0.0,50.0,0.0,0.0,-1,0.0,G3_MIN_QUALITY,edge=63.8 < MIN_QUALITY_SCORE=70.0,-1,0.0,0.0,
XRP/USDT,1738,2026-05-21 08:00:00,long,0.70294,65.69,60.14,1.3803,0.007443,unknown,,,,False,False,0.0,0.0,50.0,0.0,0.0,0.0,0.0,0.0,50.0,0.0,0.0,-1,0.0,G3_MIN_QUALITY,edge=65.7 < MIN_QUALITY_SCORE=70.0,-1,0.0,0.0,
XRP/USDT,1739,2026-05-21 09:00:00,long,0.72065,62.05,60.14,1.3742,0.007479,unknown,,,,False,False,0.0,0.0,50.0,0.0,0.0,0.0,0.0,0.0,50.0,0.0,0.0,-1,0.0,G3_MIN_QUALITY,edge=62.1 < MIN_QUALITY_SCORE=70.0,-1,0.0,0.0,
XRP/USDT,1740,2026-05-21 10:00:00,long,0.7048,80.22,60.14,1.3663,0.00765,unknown,,,,True,True,0.0,-0.31672100052607965,58.98156535867901,0.0,0.0,0.0,0.0,0.0,50.0,0.0,0.0,-1,0.0,G3_5_ADX,adx=14.8 < 25 (weak trend),-1,0.0,0.0,
XRP/USDT,1741,2026-05-21 11:00:00,long,0.72456,69.5,60.14,1.3636,0.007714,unknown,,,,False,False,0.0,0.0,50.0,0.0,0.0,0.0,0.0,0.0,50.0,0.0,0.0,-1,0.0,G3_MIN_QUALITY,edge=69.5 < MIN_QUALITY_SCORE=70.0,-1,0.0,0.0,
XRP/USDT,1742,2026-05-21 12:00:00,long,0.72322,68.94,60.14,1.3651,0.007521,unknown,,,,False,False,0.0,0.0,50.0,0.0,0.0,0.0,0.0,0.0,50.0,0.0,0.0,-1,0.0,G3_MIN_QUALITY,edge=68.9 < MIN_QUALITY_SCORE=70.0,-1,0.0,0.0,
XRP/USDT,1743,2026-05-21 13:00:00,long,0.72662,88.25,60.14,1.3618,0.008193,unknown,,,,False,True,0.0,-0.5954497503127021,49.6168728927035,0.0,0.0,0.0,0.5,0.5,50.0,0.0,0.0,-1,0.0,G4_5_MTF,prior(bearish)=0.50<0.6 OR rev(bullish)=0.50<0.5,-1,0.0,0.0,
XRP/USDT,1744,2026-05-21 14:00:00,long,0.72651,73.17,60.14,1.357,0.008286,unknown,,,,False,True,0.0,-0.6742050616268455,45.01450258309592,0.0,0.0,0.0,0.0,0.0,50.0,0.0,0.0,-1,0.0,G3_5_ADX,adx=13.7 < 25 (weak trend),-1,0.0,0.0,
XRP/USDT,1745,2026-05-21 15:00:00,long,0.72531,69.47,60.14,1.3615,0.008586,unknown,,,,False,False,0.0,0.0,50.0,0.0,0.0,0.0,0.0,0.0,50.0,0.0,0.0,-1,0.0,G3_MIN_QUALITY,edge=69.5 < MIN_QUALITY_SCORE=70.0,-1,0.0,0.0,
XRP/USDT,1746,2026-05-21 16:00:00,long,0.72812,65.82,60.14,1.3613,0.008557,unknown,,,,False,False,0.0,0.0,50.0,0.0,0.0,0.0,0.0,0.0,50.0,0.0,0.0,-1,0.0,G3_MIN_QUALITY,edge=65.8 < MIN_QUALITY_SCORE=70.0,-1,0.0,0.0,
XRP/USDT,1747,2026-05-21 17:00:00,long,0.5945,71.38,60.14,1.3812,0.010014,unknown,,,,True,False,0.0,0.06480539633400409,44.28894895988617,0.0,0.0,0.0,0.0,0.0,50.0,0.0,0.0,-1,0.0,G3_5_ADX,adx=16.2 < 25 (weak trend),-1,0.0,0.0,
XRP/USDT,1748,2026-05-21 18:00:00,long,0.68079,64.73,60.14,1.3713,0.010836,unknown,,,,False,False,0.0,0.0,50.0,0.0,0.0,0.0,0.0,0.0,50.0,0.0,0.0,-1,0.0,G3_MIN_QUALITY,edge=64.7 < MIN_QUALITY_SCORE=70.0,-1,0.0,0.0,
XRP/USDT,1749,2026-05-21 19:00:00,long,0.62043,50.7,60.14,1.3796,0.010786,unknown,,,,False,False,0.0,0.0,50.0,0.0,0.0,0.0,0.0,0.0,50.0,0.0,0.0,-1,0.0,G2_EDGE,edge=50.7 < thr=60.1,-1,0.0,0.0,
XRP/USDT,1750,2026-05-21 20:00:00,long,0.63837,49.33,60.14,1.3772,0.010629,unknown,,,,False,False,0.0,0.0,50.0,0.0,0.0,0.0,0.0,0.0,50.0,0.0,0.0,-1,0.0,G2_EDGE,edge=49.3 < thr=60.1,-1,0.0,0.0,
XRP/USDT,1751,2026-05-21 21:00:00,long,0.63982,47.35,60.14,1.376,0.010329,unknown,,,,False,False,0.0,0.0,50.0,0.0,0.0,0.0,0.0,0.0,50.0,0.0,0.0,-1,0.0,G2_EDGE,edge=47.3 < thr=60.1,-1,0.0,0.0,
XRP/USDT,1752,2026-05-21 22:00:00,long,0.63488,45.95,60.14,1.3727,0.010036,unknown,,,,False,False,0.0,0.0,50.0,0.0,0.0,0.0,0.0,0.0,50.0,0.0,0.0,-1,0.0,G2_EDGE,edge=46.0 < thr=60.1,-1,0.0,0.0,
XRP/USDT,1753,2026-05-21 23:00:00,long,0.61525,47.95,60.14,1.3739,0.009864,unknown,,,,False,False,0.0,0.0,50.0,0.0,0.0,0.0,0.0,0.0,50.0,0.0,0.0,-1,0.0,G2_EDGE,edge=48.0 < thr=60.1,-1,0.0,0.0,
XRP/USDT,1754,2026-05-22 00:00:00,long,0.65398,57.53,60.14,1.3681,0.009586,unknown,,,,False,False,0.0,0.0,50.0,0.0,0.0,0.0,0.0,0.0,50.0,0.0,0.0,-1,0.0,G2_EDGE,edge=57.5 < thr=60.1,-1,0.0,0.0,
XRP/USDT,1755,2026-05-22 01:00:00,long,0.62049,59.28,60.14,1.371,0.009643,unknown,,,,False,False,0.0,0.0,50.0,0.0,0.0,0.0,0.0,0.0,50.0,0.0,0.0,-1,0.0,G2_EDGE,edge=59.3 < thr=60.1,-1,0.0,0.0,
XRP/USDT,1756,2026-05-22 02:00:00,long,0.63049,54.43,60.14,1.3731,0.0097,unknown,,,,False,False,0.0,0.0,50.0,0.0,0.0,0.0,0.0,0.0,50.0,0.0,0.0,-1,0.0,G2_EDGE,edge=54.4 < thr=60.1,-1,0.0,0.0,
XRP/USDT,1757,2026-05-22 03:00:00,long,0.62879,50.65,60.14,1.3721,0.008971,unknown,,,,False,False,0.0,0.0,50.0,0.0,0.0,0.0,0.0,0.0,50.0,0.0,0.0,-1,0.0,G2_EDGE,edge=50.7 < thr=60.1,-1,0.0,0.0,
XRP/USDT,1758,2026-05-22 04:00:00,long,0.62572,60.12,60.14,1.3704,0.008614,unknown,,,,False,False,0.0,0.0,50.0,0.0,0.0,0.0,0.0,0.0,50.0,0.0,0.0,-1,0.0,G2_EDGE,edge=60.1 < thr=60.1,-1,0.0,0.0,
XRP/USDT,1759,2026-05-22 05:00:00,long,0.62531,59.75,60.14,1.3682,0.0083,unknown,,,,False,False,0.0,0.0,50.0,0.0,0.0,0.0,0.0,0.0,50.0,0.0,0.0,-1,0.0,G2_EDGE,edge=59.8 < thr=60.1,-1,0.0,0.0,
XRP/USDT,1760,2026-05-22 06:00:00,long,0.70799,74.11,60.14,1.3606,0.008421,unknown,,,,False,True,0.0,-0.5595257494602622,62.76536956032508,0.0,0.0,0.0,0.0,0.0,50.0,0.0,0.0,-1,0.0,G3_5_ADX,adx=12.6 < 25 (weak trend),-1,0.0,0.0,
XRP/USDT,1761,2026-05-22 07:00:00,long,0.64936,69.42,60.14,1.3652,0.007457,unknown,,,,False,False,0.0,0.0,50.0,0.0,0.0,0.0,0.0,0.0,50.0,0.0,0.0,-1,0.0,G3_MIN_QUALITY,edge=69.4 < MIN_QUALITY_SCORE=70.0,-1,0.0,0.0,
XRP/USDT,1762,2026-05-22 08:00:00,long,0.66879,64.63,60.14,1.3628,0.00685,unknown,,,,False,False,0.0,0.0,50.0,0.0,0.0,0.0,0.0,0.0,50.0,0.0,0.0,-1,0.0,G3_MIN_QUALITY,edge=64.6 < MIN_QUALITY_SCORE=70.0,-1,0.0,0.0,
XRP/USDT,1763,2026-05-22 09:00:00,long,0.67101,82.68,60.14,1.3601,0.006529,unknown,,,,False,True,0.0,-0.6802627999130814,61.88417939214223,0.0,0.0,0.0,1.0,0.5,26.2773633118468,-1.125776809174726,-0.6358732031281455,-1,0.0,G5_RSI_ACCEL,rsi_accel=-0.6359<-0.08 (RSI free-fall),-1,0.0,0.0,
XRP/USDT,1764,2026-05-22 10:00:00,long,0.66926,85.94,60.14,1.3598,0.006514,unknown,,,,False,True,0.0,-0.5783915338302974,64.19573325663886,0.0,0.0,0.0,0.75,0.0,50.0,0.0,0.0,-1,0.0,G4_5_MTF,prior(bearish)=0.75<0.6 OR rev(bullish)=0.00<0.5,-1,0.0,0.0,
XRP/USDT,1765,2026-05-22 11:00:00,long,0.66001,90.09,60.14,1.3616,0.006757,unknown,,,,False,True,0.0,-0.3882111164682647,64.09690708918949,0.0,0.0,0.0,0.75,0.0,50.0,0.0,0.0,-1,0.0,G4_5_MTF,prior(bearish)=0.75<0.6 OR rev(bullish)=0.00<0.5,-1,0.0,0.0,
XRP/USDT,1766,2026-05-22 12:00:00,long,0.61582,79.71,60.14,1.366,0.006757,unknown,,,,True,True,0.0,-0.25893779333915445,64.27052153249988,0.0,0.0,0.0,0.75,0.5,41.769027401317395,-2.063104233410959,-0.14515801003467255,-1,0.0,G5_RSI_ACCEL,rsi_accel=-0.1452<-0.08 (RSI free-fall),-1,0.0,0.0,
XRP/USDT,1767,2026-05-22 13:00:00,long,0.65799,100.0,60.14,1.3626,0.007257,unknown,,,,False,True,0.0,-0.5507357938489414,63.39359565442903,0.0,0.0,0.0,0.75,1.0,36.82982481077992,-2.177300231873512,-0.11419599846255313,-1,0.0,G5_RSI_ACCEL,rsi_accel=-0.1142<-0.08 (RSI free-fall),-1,0.0,0.0,
XRP/USDT,1768,2026-05-22 14:00:00,long,0.7361,100.0,60.14,1.3521,0.007643,unknown,,,,False,True,0.0,-0.7508609770688862,54.45296209562552,-1.0,0.0,0.0,0.75,0.5,33.193267548198634,-2.288478844193223,-0.11117861231971071,-1,0.0,G5_RSI_ACCEL,rsi_accel=-0.1112<-0.08 (RSI free-fall),-1,0.0,0.0,
XRP/USDT,1769,2026-05-22 15:00:00,long,0.7325,91.96,60.14,1.3534,0.007886,unknown,,,,False,True,0.0,-0.6029499174198124,50.62753731146669,0.0,0.0,0.0,0.5,0.0,50.0,0.0,0.0,-1,0.0,G4_5_MTF,prior(bearish)=0.50<0.6 OR rev(bullish)=0.00<0.5,-1,0.0,0.0,
XRP/USDT,1770,2026-05-22 16:00:00,long,0.72902,87.07,60.14,1.3547,0.007843,unknown,,,,False,True,0.0,-0.5740017375335378,49.96817100716674,0.0,0.0,0.0,0.5,0.5,50.0,0.0,0.0,-1,0.0,G4_5_MTF,prior(bearish)=0.50<0.6 OR rev(bullish)=0.50<0.5,-1,0.0,0.0,
XRP/USDT,1771,2026-05-22 17:00:00,long,0.72631,84.74,60.14,1.3535,0.008179,unknown,,,,False,True,0.0,-0.6695374068367697,49.683139519403134,0.0,0.0,0.0,0.5,1.0,50.0,0.0,0.0,-1,0.0,G4_5_MTF,prior(bearish)=0.50<0.6 OR rev(bullish)=1.00<0.5,-1,0.0,0.0,
XRP/USDT,1772,2026-05-22 18:00:00,long,0.7269,100.0,60.14,1.35,0.00915,unknown,,,,False,True,0.0,-0.6825554844474062,38.01650923364029,0.0,0.0,0.0,0.5,0.5,50.0,0.0,0.0,-1,0.0,G4_5_MTF,prior(bearish)=0.50<0.6 OR rev(bullish)=0.50<0.5,-1,0.0,0.0,
XRP/USDT,1773,2026-05-22 19:00:00,long,0.68069,92.87,60.14,1.3386,0.010007,unknown,,,,False,True,0.0,-0.715672920549651,41.25979578197363,0.0,0.0,0.0,0.5,0.0,50.0,0.0,0.0,-1,0.0,G4_5_MTF,prior(bearish)=0.50<0.6 OR rev(bullish)=0.00<0.5,-1,0.0,0.0,
XRP/USDT,1774,2026-05-22 20:00:00,long,0.68158,86.05,60.14,1.342,0.009843,unknown,,,,False,True,0.0,-0.5925645123635231,41.75869950005753,0.0,0.0,0.0,0.5,0.0,50.0,0.0,0.0,-1,0.0,G4_5_MTF,prior(bearish)=0.50<0.6 OR rev(bullish)=0.00<0.5,-1,0.0,0.0,
XRP/USDT,1775,2026-05-22 21:00:00,long,0.71306,81.81,60.14,1.3426,0.009293,unknown,,,,False,True,0.0,-0.5872166575326458,42.3934430872408,0.0,0.0,0.0,0.5,0.5,50.0,0.0,0.0,-1,0.0,G4_5_MTF,prior(bearish)=0.50<0.6 OR rev(bullish)=0.50<0.5,-1,0.0,0.0,
XRP/USDT,1776,2026-05-22 22:00:00,long,0.68832,80.17,60.14,1.3405,0.009207,unknown,,,,False,True,0.0,-0.6867197037929805,43.19319552897754,0.0,0.0,0.0,0.75,1.0,26.722330394308585,-0.40428869798369277,0.18040165893621202,44,0.006868,TRADE,edge=80.2 meta_conf=0.6883,1778,1.32807,-0.0124,LOSS
XRP/USDT,1779,2026-05-23 01:00:00,long,0.68413,82.45,60.14,1.3375,0.009893,unknown,,,,False,True,0.0,-0.4778428243379634,39.448390100587595,0.0,0.0,0.0,0.5,0.0,50.0,0.0,0.0,-1,0.0,G4_5_MTF,prior(bearish)=0.50<0.6 OR rev(bullish)=0.00<0.5,-1,0.0,0.0,
XRP/USDT,1780,2026-05-23 02:00:00,long,0.68839,83.45,60.14,1.3399,0.009764,unknown,,,,False,True,0.0,-0.4113747180830287,40.36633630746002,0.0,0.0,0.0,0.5,0.5,50.0,0.0,0.0,-1,0.0,G4_5_MTF,prior(bearish)=0.50<0.6 OR rev(bullish)=0.50<0.5,-1,0.0,0.0,
XRP/USDT,1781,2026-05-23 03:00:00,long,0.72436,84.02,60.14,1.3411,0.00905,unknown,,,,False,True,0.0,-0.42776025803184,48.53627744281795,0.0,0.0,0.0,0.5,1.0,50.0,0.0,0.0,-1,0.0,G4_5_MTF,prior(bearish)=0.50<0.6 OR rev(bullish)=1.00<0.5,-1,0.0,0.0,
XRP/USDT,1782,2026-05-23 04:00:00,long,0.69919,83.24,60.14,1.3363,0.008593,unknown,,,,False,True,0.0,-0.5463202145770557,52.290332950888896,0.0,0.0,0.0,0.5,1.0,50.0,0.0,0.0,-1,0.0,G4_5_MTF,prior(bearish)=0.50<0.6 OR rev(bullish)=1.00<0.5,-1,0.0,0.0,
XRP/USDT,1783,2026-05-23 05:00:00,long,0.73191,84.57,60.14,1.3313,0.008386,unknown,,,,False,True,0.0,-0.614046375203038,52.43761850874125,0.0,0.0,0.0,0.25,0.5,50.0,0.0,0.0,-1,0.0,G4_5_MTF,prior(bearish)=0.25<0.6 OR rev(bullish)=0.50<0.5,-1,0.0,0.0,
XRP/USDT,1784,2026-05-23 06:00:00,long,0.69404,85.97,60.14,1.3331,0.008521,unknown,,,,False,True,0.0,-0.4604901815092318,52.63659474054779,0.0,0.0,0.0,0.0,0.0,50.0,0.0,0.0,-1,0.0,G4_5_MTF,prior(bearish)=0.00<0.6 OR rev(bullish)=0.00<0.5,-1,0.0,0.0,
XRP/USDT,1785,2026-05-23 07:00:00,long,0.67557,100.0,60.14,1.3122,0.010193,unknown,,,,False,True,0.0,-0.7477967796863602,33.81789656707472,-1.0,0.0,0.0,0.25,0.5,50.0,0.0,0.0,-1,0.0,G4_5_MTF,prior(bearish)=0.25<0.6 OR rev(bullish)=0.50<0.5,-1,0.0,0.0,
XRP/USDT,1786,2026-05-23 08:00:00,long,0.67139,100.0,60.14,1.3107,0.009486,unknown,,,,False,True,0.0,-0.7120563698152712,36.383408354159045,0.0,0.0,0.0,0.5,0.5,50.0,0.0,0.0,-1,0.0,G4_5_MTF,prior(bearish)=0.50<0.6 OR rev(bullish)=0.50<0.5,-1,0.0,0.0,
XRP/USDT,1787,2026-05-23 09:00:00,long,0.67438,87.57,60.14,1.3173,0.008814,unknown,,,,False,True,0.0,-0.581606488121451,42.75319968162936,0.0,0.0,0.0,0.5,0.0,50.0,0.0,0.0,-1,0.0,G4_5_MTF,prior(bearish)=0.50<0.6 OR rev(bullish)=0.00<0.5,-1,0.0,0.0,
XRP/USDT,1788,2026-05-23 10:00:00,long,0.68053,76.8,60.14,1.3225,0.0088,unknown,,,,False,False,0.0,-0.4615077799298147,42.44969364532761,0.0,0.0,0.0,0.75,0.5,34.04254539123339,0.14965318043751755,0.4151394192892237,10,0.006654,TRADE,edge=76.8 meta_conf=0.6805,1796,1.34626,0.0238,WIN
XRP/USDT,1797,2026-05-23 19:00:00,long,0.75845,77.57,60.14,1.347,0.009079,unknown,,,,True,False,0.0,0.562042242135893,35.79432241740157,0.0,0.0,0.0,0.25,1.0,50.0,0.0,0.0,-1,0.0,G4_5_MTF,prior(bearish)=0.25<0.6 OR rev(bullish)=1.00<0.5,-1,0.0,0.0,
XRP/USDT,1798,2026-05-23 20:00:00,long,0.75051,77.04,60.14,1.3719,0.010493,unknown,,,,True,False,0.0,0.6735363216377311,22.58406004808142,1.0,0.0,0.0,0.25,1.0,50.0,0.0,0.0,-1,0.0,G4_5_MTF,prior(bearish)=0.25<0.6 OR rev(bullish)=1.00<0.5,-1,0.0,0.0,
XRP/USDT,1799,2026-05-23 21:00:00,long,0.70944,71.63,60.14,1.3598,0.009821,unknown,,,,True,False,0.0,0.5079283709320366,23.01770916391751,0.0,0.0,0.0,0.25,1.0,50.0,0.0,0.0,-1,0.0,G4_5_MTF,prior(bearish)=0.25<0.6 OR rev(bullish)=1.00<0.5,-1,0.0,0.0,
XRP/USDT,1800,2026-05-23 22:00:00,long,0.70699,67.71,60.14,1.3588,0.009771,unknown,,,,False,False,0.0,0.0,50.0,0.0,0.0,0.0,0.0,0.0,50.0,0.0,0.0,-1,0.0,G3_MIN_QUALITY,edge=67.7 < MIN_QUALITY_SCORE=70.0,-1,0.0,0.0,
XRP/USDT,1801,2026-05-23 23:00:00,long,0.71119,65.71,60.14,1.3583,0.009507,unknown,,,,False,False,0.0,0.0,50.0,0.0,0.0,0.0,0.0,0.0,50.0,0.0,0.0,-1,0.0,G3_MIN_QUALITY,edge=65.7 < MIN_QUALITY_SCORE=70.0,-1,0.0,0.0,
XRP/USDT,1802,2026-05-24 00:00:00,long,0.72062,66.33,60.14,1.3619,0.009486,unknown,,,,False,False,0.0,0.0,50.0,0.0,0.0,0.0,0.0,0.0,50.0,0.0,0.0,-1,0.0,G3_MIN_QUALITY,edge=66.3 < MIN_QUALITY_SCORE=70.0,-1,0.0,0.0,
XRP/USDT,1803,2026-05-24 01:00:00,long,0.72187,65.2,60.14,1.3605,0.0094,unknown,,,,False,False,0.0,0.0,50.0,0.0,0.0,0.0,0.0,0.0,50.0,0.0,0.0,-1,0.0,G3_MIN_QUALITY,edge=65.2 < MIN_QUALITY_SCORE=70.0,-1,0.0,0.0,
XRP/USDT,1804,2026-05-24 02:00:00,long,0.73436,66.92,60.14,1.3612,0.009436,unknown,,,,False,False,0.0,0.0,50.0,0.0,0.0,0.0,0.0,0.0,50.0,0.0,0.0,-1,0.0,G3_MIN_QUALITY,edge=66.9 < MIN_QUALITY_SCORE=70.0,-1,0.0,0.0,
XRP/USDT,1805,2026-05-24 03:00:00,long,0.76103,64.9,60.14,1.3607,0.008957,unknown,,,,False,False,0.0,0.0,50.0,0.0,0.0,0.0,0.0,0.0,50.0,0.0,0.0,-1,0.0,G3_MIN_QUALITY,edge=64.9 < MIN_QUALITY_SCORE=70.0,-1,0.0,0.0,
XRP/USDT,1806,2026-05-24 04:00:00,long,0.75373,74.74,60.14,1.361,0.00845,unknown,,,,True,False,0.0,0.5368293976845113,42.80903258661474,0.0,0.0,0.0,0.75,0.5,67.55406080271466,2.0567234253842237,-0.33297689642892747,-1,0.0,G5_RSI_ACCEL,rsi_accel=-0.3330<-0.08 (RSI free-fall),-1,0.0,0.0,
XRP/USDT,1807,2026-05-24 05:00:00,long,0.74959,65.0,60.14,1.3595,0.008414,unknown,,,,False,False,0.0,0.0,50.0,0.0,0.0,0.0,0.0,0.0,50.0,0.0,0.0,-1,0.0,G3_MIN_QUALITY,edge=65.0 < MIN_QUALITY_SCORE=70.0,-1,0.0,0.0,
XRP/USDT,1808,2026-05-24 06:00:00,long,0.7317,65.56,60.14,1.3628,0.008479,unknown,,,,False,False,0.0,0.0,50.0,0.0,0.0,0.0,0.0,0.0,50.0,0.0,0.0,-1,0.0,G3_MIN_QUALITY,edge=65.6 < MIN_QUALITY_SCORE=70.0,-1,0.0,0.0,
XRP/USDT,1809,2026-05-24 07:00:00,long,0.74656,74.74,60.14,1.3595,0.008636,unknown,,,,True,False,0.0,0.3727980169022495,46.66992905942686,0.0,0.0,0.0,0.5,0.5,50.0,0.0,0.0,-1,0.0,G4_5_MTF,prior(bearish)=0.50<0.6 OR rev(bullish)=0.50<0.5,-1,0.0,0.0,
XRP/USDT,1810,2026-05-24 08:00:00,long,0.72772,73.76,60.14,1.361,0.008036,unknown,,,,True,False,0.0,0.39071219463067186,50.78350225318396,0.0,0.0,0.0,0.5,0.5,50.0,0.0,0.0,-1,0.0,G4_5_MTF,prior(bearish)=0.50<0.6 OR rev(bullish)=0.50<0.5,-1,0.0,0.0,
XRP/USDT,1811,2026-05-24 09:00:00,long,0.71231,79.08,60.14,1.3648,0.008136,unknown,,,,True,False,0.0,0.42429367473959834,53.32009782447463,0.0,0.0,0.0,0.5,0.5,50.0,0.0,0.0,-1,0.0,G4_5_MTF,prior(bearish)=0.50<0.6 OR rev(bullish)=0.50<0.5,-1,0.0,0.0,
XRP/USDT,1812,2026-05-24 10:00:00,long,0.69837,78.78,60.14,1.3635,0.0068,unknown,,,,True,False,0.0,0.29632644388261137,63.14370983895945,0.0,0.0,0.0,0.5,1.0,50.0,0.0,0.0,-1,0.0,G4_5_MTF,prior(bearish)=0.50<0.6 OR rev(bullish)=1.00<0.5,-1,0.0,0.0,
XRP/USDT,1813,2026-05-24 11:00:00,long,0.66508,93.75,60.14,1.3651,0.005743,unknown,,,,True,False,0.0,0.42076700140070444,71.43877152994276,0.0,0.0,0.0,0.5,0.5,50.0,0.0,0.0,-1,0.0,G4_5_MTF,prior(bearish)=0.50<0.6 OR rev(bullish)=0.50<0.5,-1,0.0,0.0,
XRP/USDT,1814,2026-05-24 12:00:00,long,0.67836,74.16,60.14,1.3627,0.005307,unknown,,,,True,False,0.0,0.3600424085138516,74.66598884646982,0.0,0.0,0.0,0.25,0.5,50.0,0.0,0.0,-1,0.0,G4_5_MTF,prior(bearish)=0.25<0.6 OR rev(bullish)=0.50<0.5,-1,0.0,0.0,
XRP/USDT,1815,2026-05-24 13:00:00,long,0.70274,72.7,60.14,1.3589,0.005493,unknown,,,,True,False,0.0,0.18127888472238243,73.31709204376455,0.0,0.0,0.0,0.5,0.5,50.0,0.0,0.0,-1,0.0,G4_5_MTF,prior(bearish)=0.50<0.6 OR rev(bullish)=0.50<0.5,-1,0.0,0.0,
XRP/USDT,1816,2026-05-24 14:00:00,long,0.74391,97.56,60.14,1.3498,0.006479,unknown,,,,False,True,0.0,-0.3303880062833201,46.00924559520873,0.0,0.0,0.0,0.25,0.0,50.0,0.0,0.0,-1,0.0,G4_5_MTF,prior(bearish)=0.25<0.6 OR rev(bullish)=0.00<0.5,-1,0.0,0.0,
XRP/USDT,1817,2026-05-24 15:00:00,long,0.74263,86.92,60.14,1.3484,0.006414,unknown,,,,False,True,0.0,-0.3528176807205117,44.94458428463356,0.0,0.0,0.0,0.5,0.0,50.0,0.0,0.0,-1,0.0,G4_5_MTF,prior(bearish)=0.50<0.6 OR rev(bullish)=0.00<0.5,-1,0.0,0.0,
XRP/USDT,1818,2026-05-24 16:00:00,long,0.72056,86.89,60.14,1.3509,0.006514,unknown,,,,False,True,0.0,-0.37275447199675393,43.87306498862801,0.0,0.0,0.0,0.75,0.0,50.0,0.0,0.0,-1,0.0,G4_5_MTF,prior(bearish)=0.75<0.6 OR rev(bullish)=0.00<0.5,-1,0.0,0.0,
XRP/USDT,1819,2026-05-24 17:00:00,long,0.71891,85.48,60.14,1.3532,0.006529,unknown,,,,False,True,0.0,-0.3688314741747125,42.95865665770347,0.0,0.0,0.0,0.75,0.5,40.157465558936515,-3.0598346962070937,0.029967004695508948,23,0.004825,TRADE,edge=85.5 meta_conf=0.7189,1822,1.344386,-0.0088,LOSS
XRP/USDT,1823,2026-05-24 21:00:00,long,0.73107,90.06,60.14,1.3358,0.0073,unknown,,,,False,True,0.0,-0.6570376877633166,33.44743513673579,-1.0,0.0,0.0,0.5,0.5,50.0,0.0,0.0,-1,0.0,G4_5_MTF,prior(bearish)=0.50<0.6 OR rev(bullish)=0.50<0.5,-1,0.0,0.0,
XRP/USDT,1824,2026-05-24 22:00:00,long,0.71397,94.82,60.14,1.3478,0.00815,unknown,,,,False,True,0.0,-0.3945954789895256,33.49405749656266,0.0,0.0,0.0,0.25,0.0,50.0,0.0,0.0,-1,0.0,G4_5_MTF,prior(bearish)=0.25<0.6 OR rev(bullish)=0.00<0.5,-1,0.0,0.0,
XRP/USDT,1825,2026-05-24 23:00:00,long,0.72156,78.09,60.14,1.351,0.008164,unknown,,,,True,True,0.0,-0.3167464223042351,33.505704128948466,0.0,0.0,0.0,0.5,0.5,50.0,0.0,0.0,-1,0.0,G4_5_MTF,prior(bearish)=0.50<0.6 OR rev(bullish)=0.50<0.5,-1,0.0,0.0,
XRP/USDT,1826,2026-05-25 00:00:00,long,0.73248,80.99,60.14,1.352,0.007921,unknown,,,,True,True,0.0,-0.2834456064279832,35.16306137218268,0.0,0.0,0.0,0.75,1.0,40.10326056031594,-1.4474212554370651,-0.03453737391848044,4,0.005859,TRADE,edge=81.0 meta_conf=0.7325,1850,1.341306,-0.0107,LOSS
XRP/USDT,1851,2026-05-26 01:00:00,long,0.64122,87.41,60.14,1.3396,0.006171,unknown,,,,False,True,0.0,-0.6882746804851205,37.514807654214835,0.0,0.0,0.0,0.75,0.5,25.606459339880658,-4.082362490100571,-0.1247849595541295,-1,0.0,G5_RSI_ACCEL,rsi_accel=-0.1248<-0.08 (RSI free-fall),-1,0.0,0.0,
XRP/USDT,1852,2026-05-26 02:00:00,long,0.66444,86.83,60.14,1.3372,0.006286,unknown,,,,False,True,0.0,-0.7143839698119104,37.33633500145875,0.0,0.0,0.0,0.5,0.0,50.0,0.0,0.0,-1,0.0,G4_5_MTF,prior(bearish)=0.50<0.6 OR rev(bullish)=0.00<0.5,-1,0.0,0.0,
XRP/USDT,1853,2026-05-26 03:00:00,long,0.65356,88.34,60.14,1.3402,0.006514,unknown,,,,False,True,0.0,-0.5859734090379811,36.137079005357585,0.0,0.0,0.0,0.5,0.0,50.0,0.0,0.0,-1,0.0,G4_5_MTF,prior(bearish)=0.50<0.6 OR rev(bullish)=0.00<0.5,-1,0.0,0.0,
XRP/USDT,1854,2026-05-26 04:00:00,long,0.62597,85.17,60.14,1.3454,0.006621,unknown,,,,False,True,0.0,-0.39398376735887525,36.203237587277904,0.0,0.0,0.0,0.75,0.5,31.40876582626514,-4.165102855659563,0.2733717275760821,4,0.004922,TRADE,edge=85.2 meta_conf=0.6260,1864,1.363278,0.0179,WIN
XRP/USDT,1865,2026-05-26 15:00:00,long,0.62032,96.38,60.14,1.3451,0.008943,unknown,,,,False,True,0.0,-0.1537462886455831,44.475856969586,0.0,0.0,0.0,0.25,0.5,50.0,0.0,0.0,-1,0.0,G4_5_MTF,prior(bearish)=0.25<0.6 OR rev(bullish)=0.50<0.5,-1,0.0,0.0,
XRP/USDT,1866,2026-05-26 16:00:00,long,0.6348,91.4,60.14,1.3411,0.009143,unknown,,,,False,True,0.0,-0.26007577280171196,45.527247666643724,0.0,0.0,0.0,0.25,0.0,50.0,0.0,0.0,-1,0.0,G4_5_MTF,prior(bearish)=0.25<0.6 OR rev(bullish)=0.00<0.5,-1,0.0,0.0,
XRP/USDT,1867,2026-05-26 17:00:00,long,0.68031,100.0,60.14,1.3332,0.009836,unknown,,,,False,True,0.0,-0.5855858049791028,39.18690595508197,-1.0,0.0,0.0,0.5,0.0,50.0,0.0,0.0,-1,0.0,G4_5_MTF,prior(bearish)=0.50<0.6 OR rev(bullish)=0.00<0.5,-1,0.0,0.0,
XRP/USDT,1868,2026-05-26 18:00:00,long,0.68535,82.77,60.14,1.3301,0.010086,unknown,,,,False,True,0.0,-0.674814137117397,40.38624743652951,0.0,0.0,0.0,0.5,0.0,50.0,0.0,0.0,-1,0.0,G4_5_MTF,prior(bearish)=0.50<0.6 OR rev(bullish)=0.00<0.5,-1,0.0,0.0,
XRP/USDT,1869,2026-05-26 19:00:00,long,0.678,85.87,60.14,1.3325,0.010186,unknown,,,,False,True,0.0,-0.5970359639728355,41.62660971551228,0.0,0.0,0.0,0.75,0.0,50.0,0.0,0.0,-1,0.0,G4_5_MTF,prior(bearish)=0.75<0.6 OR rev(bullish)=0.00<0.5,-1,0.0,0.0,
XRP/USDT,1870,2026-05-26 20:00:00,long,0.68168,61.01,60.14,1.3335,0.010057,unknown,,,,False,False,0.0,0.0,50.0,0.0,0.0,0.0,0.0,0.0,50.0,0.0,0.0,-1,0.0,G3_MIN_QUALITY,edge=61.0 < MIN_QUALITY_SCORE=70.0,-1,0.0,0.0,
XRP/USDT,1871,2026-05-26 21:00:00,long,0.67594,61.89,60.14,1.3316,0.0098,unknown,,,,False,False,0.0,0.0,50.0,0.0,0.0,0.0,0.0,0.0,50.0,0.0,0.0,-1,0.0,G3_MIN_QUALITY,edge=61.9 < MIN_QUALITY_SCORE=70.0,-1,0.0,0.0,
XRP/USDT,1872,2026-05-26 22:00:00,long,0.67541,63.21,60.14,1.33,0.009864,unknown,,,,False,False,0.0,0.0,50.0,0.0,0.0,0.0,0.0,0.0,50.0,0.0,0.0,-1,0.0,G3_MIN_QUALITY,edge=63.2 < MIN_QUALITY_SCORE=70.0,-1,0.0,0.0,
XRP/USDT,1873,2026-05-26 23:00:00,long,0.67746,61.67,60.14,1.3292,0.009779,unknown,,,,False,False,0.0,0.0,50.0,0.0,0.0,0.0,0.0,0.0,50.0,0.0,0.0,-1,0.0,G3_MIN_QUALITY,edge=61.7 < MIN_QUALITY_SCORE=70.0,-1,0.0,0.0,
XRP/USDT,1874,2026-05-27 00:00:00,long,0.6754,66.08,60.14,1.3325,0.008686,unknown,,,,False,False,0.0,0.0,50.0,0.0,0.0,0.0,0.0,0.0,50.0,0.0,0.0,-1,0.0,G3_MIN_QUALITY,edge=66.1 < MIN_QUALITY_SCORE=70.0,-1,0.0,0.0,
XRP/USDT,1875,2026-05-27 01:00:00,long,0.67306,61.27,60.14,1.3306,0.0085,unknown,,,,False,False,0.0,0.0,50.0,0.0,0.0,0.0,0.0,0.0,50.0,0.0,0.0,-1,0.0,G3_MIN_QUALITY,edge=61.3 < MIN_QUALITY_SCORE=70.0,-1,0.0,0.0,
XRP/USDT,1876,2026-05-27 02:00:00,long,0.66662,66.0,60.14,1.3311,0.008257,unknown,,,,False,False,0.0,0.0,50.0,0.0,0.0,0.0,0.0,0.0,50.0,0.0,0.0,-1,0.0,G3_MIN_QUALITY,edge=66.0 < MIN_QUALITY_SCORE=70.0,-1,0.0,0.0,
XRP/USDT,1877,2026-05-27 03:00:00,long,0.65854,65.07,60.14,1.3276,0.007857,unknown,,,,False,False,0.0,0.0,50.0,0.0,0.0,0.0,0.0,0.0,50.0,0.0,0.0,-1,0.0,G3_MIN_QUALITY,edge=65.1 < MIN_QUALITY_SCORE=70.0,-1,0.0,0.0,
XRP/USDT,1878,2026-05-27 04:00:00,long,0.66269,87.87,60.14,1.331,0.007271,unknown,,,,False,True,0.0,-0.5059139141087988,52.37197268571037,0.0,0.0,0.0,0.75,0.5,24.882620930593944,-2.5797717268801135,0.3505821640834239,14,0.005463,TRADE,edge=87.9 meta_conf=0.6627,1887,1.321184,-0.0098,LOSS
XRP/USDT,1888,2026-05-27 14:00:00,long,0.67515,96.26,60.14,1.3305,0.007986,unknown,,,,False,True,0.0,-0.26350737551824926,55.42322413726938,0.0,0.0,0.0,0.5,0.5,50.0,0.0,0.0,-1,0.0,G4_5_MTF,prior(bearish)=0.50<0.6 OR rev(bullish)=0.50<0.5,-1,0.0,0.0,
XRP/USDT,1889,2026-05-27 15:00:00,long,0.65172,88.87,60.14,1.3363,0.008707,unknown,,,,True,True,0.0,0.18865353650136102,50.83334352967511,0.0,0.0,0.0,0.5,0.5,50.0,0.0,0.0,-1,0.0,G4_5_MTF,prior(bearish)=0.50<0.6 OR rev(bullish)=0.50<0.5,-1,0.0,0.0,
XRP/USDT,1890,2026-05-27 16:00:00,long,0.64091,82.11,60.14,1.332,0.009136,unknown,,,,True,True,0.0,-0.03831777683662544,51.17990914102845,0.0,0.0,0.0,0.5,1.0,50.0,0.0,0.0,-1,0.0,G4_5_MTF,prior(bearish)=0.50<0.6 OR rev(bullish)=1.00<0.5,-1,0.0,0.0,
XRP/USDT,1891,2026-05-27 17:00:00,long,0.66223,71.21,60.14,1.3205,0.009729,unknown,,,,False,True,0.0,-0.6462170583108443,50.131194122523766,0.0,0.0,0.0,0.0,0.0,50.0,0.0,0.0,-1,0.0,G3_5_ADX,adx=24.1 < 25 (weak trend),-1,0.0,0.0,
XRP/USDT,1892,2026-05-27 18:00:00,long,0.658,54.32,60.14,1.3267,0.009707,unknown,,,,False,False,0.0,0.0,50.0,0.0,0.0,0.0,0.0,0.0,50.0,0.0,0.0,-1,0.0,G2_EDGE,edge=54.3 < thr=60.1,-1,0.0,0.0,
XRP/USDT,1893,2026-05-27 19:00:00,long,0.6582,61.68,60.14,1.3307,0.010021,unknown,,,,False,False,0.0,0.0,50.0,0.0,0.0,0.0,0.0,0.0,50.0,0.0,0.0,-1,0.0,G3_MIN_QUALITY,edge=61.7 < MIN_QUALITY_SCORE=70.0,-1,0.0,0.0,
XRP/USDT,1894,2026-05-27 20:00:00,long,0.65514,55.96,60.14,1.3307,0.010086,unknown,,,,False,False,0.0,0.0,50.0,0.0,0.0,0.0,0.0,0.0,50.0,0.0,0.0,-1,0.0,G2_EDGE,edge=56.0 < thr=60.1,-1,0.0,0.0,
XRP/USDT,1895,2026-05-27 21:00:00,long,0.67817,72.63,60.14,1.3161,0.011114,unknown,,,,False,True,0.0,-0.7460146830333861,47.591997505809935,-1.0,0.0,0.0,0.0,0.0,50.0,0.0,0.0,-1,0.0,G3_5_ADX,adx=13.0 < 25 (weak trend),-1,0.0,0.0,
XRP/USDT,1896,2026-05-27 22:00:00,long,0.69267,69.5,60.14,1.3109,0.011307,unknown,,,,False,False,0.0,0.0,50.0,0.0,0.0,0.0,0.0,0.0,50.0,0.0,0.0,-1,0.0,G3_MIN_QUALITY,edge=69.5 < MIN_QUALITY_SCORE=70.0,-1,0.0,0.0,
XRP/USDT,1897,2026-05-27 23:00:00,long,0.69051,73.49,60.14,1.3076,0.0113,unknown,,,,False,True,0.0,-0.7368957094318034,42.72073415188968,-1.0,0.0,0.0,0.0,0.0,50.0,0.0,0.0,-1,0.0,G3_5_ADX,adx=14.0 < 25 (weak trend),-1,0.0,0.0,
XRP/USDT,1898,2026-05-28 00:00:00,long,0.66822,64.69,60.14,1.3098,0.011293,unknown,,,,False,False,0.0,0.0,50.0,0.0,0.0,0.0,0.0,0.0,50.0,0.0,0.0,-1,0.0,G3_MIN_QUALITY,edge=64.7 < MIN_QUALITY_SCORE=70.0,-1,0.0,0.0,
XRP/USDT,1899,2026-05-28 01:00:00,long,0.67015,72.5,60.14,1.3031,0.0118,unknown,,,,False,True,0.0,-0.7349753466540594,41.2886249566215,-1.0,0.0,0.0,0.0,0.0,50.0,0.0,0.0,-1,0.0,G3_5_ADX,adx=16.7 < 25 (weak trend),-1,0.0,0.0,
XRP/USDT,1900,2026-05-28 02:00:00,long,0.67062,65.65,60.14,1.3014,0.011071,unknown,,,,False,False,0.0,0.0,50.0,0.0,0.0,0.0,0.0,0.0,50.0,0.0,0.0,-1,0.0,G3_MIN_QUALITY,edge=65.6 < MIN_QUALITY_SCORE=70.0,-1,0.0,0.0,
XRP/USDT,1901,2026-05-28 03:00:00,long,0.67518,86.49,60.14,1.279,0.012057,unknown,,,,False,True,0.0,-0.753705566880966,28.497490986130693,-1.0,0.0,0.0,0.75,0.0,50.0,0.0,0.0,-1,0.0,G4_5_MTF,prior(bearish)=0.75<0.6 OR rev(bullish)=0.00<0.5,-1,0.0,0.0,
XRP/USDT,1902,2026-05-28 04:00:00,long,0.67261,100.0,60.14,1.2843,0.012393,unknown,,,,False,True,0.0,-0.5990324780614878,25.69262378494373,0.0,0.0,0.0,0.75,0.0,50.0,0.0,0.0,-1,0.0,G4_5_MTF,prior(bearish)=0.75<0.6 OR rev(bullish)=0.00<0.5,-1,0.0,0.0,
XRP/USDT,1903,2026-05-28 05:00:00,long,0.67005,85.51,60.14,1.2838,0.011993,unknown,,,,False,True,0.0,-0.6813861654148452,28.987311666024468,0.0,0.0,0.0,0.75,0.5,20.136515564150002,-2.188574360486682,-0.019590090383489134,16,0.009342,TRADE,edge=85.5 meta_conf=0.6701,1914,1.316181,0.0324,WIN
XRP/USDT,1915,2026-05-28 17:00:00,long,0.70759,68.39,60.14,1.3262,0.011843,unknown,,,,False,False,0.0,0.0,50.0,0.0,0.0,0.0,0.0,0.0,50.0,0.0,0.0,-1,0.0,G3_MIN_QUALITY,edge=68.4 < MIN_QUALITY_SCORE=70.0,-1,0.0,0.0,
XRP/USDT,1916,2026-05-28 18:00:00,long,0.73414,71.89,60.14,1.3344,0.011571,unknown,,,,True,False,0.0,0.6496060975543965,36.27874184899345,1.0,0.0,0.0,0.0,1.0,50.0,0.0,0.0,-1,0.0,G4_5_MTF,prior(bearish)=0.00<0.6 OR rev(bullish)=1.00<0.5,-1,0.0,0.0,
XRP/USDT,1917,2026-05-28 19:00:00,long,0.67728,84.16,60.14,1.3161,0.012329,unknown,,,,False,False,0.0,0.33689175612916394,38.15494557386421,0.0,0.0,0.0,0.0,1.0,50.0,0.0,0.0,-1,0.0,G4_5_MTF,prior(bearish)=0.00<0.6 OR rev(bullish)=1.00<0.5,-1,0.0,0.0,
XRP/USDT,1918,2026-05-28 20:00:00,long,0.69423,76.39,60.14,1.3205,0.012721,unknown,,,,True,False,0.0,0.518390865153577,40.38323942127434,0.0,0.0,0.0,0.0,0.5,50.0,0.0,0.0,-1,0.0,G4_5_MTF,prior(bearish)=0.00<0.6 OR rev(bullish)=0.50<0.5,-1,0.0,0.0,
XRP/USDT,1919,2026-05-28 21:00:00,long,0.69099,74.71,60.14,1.32,0.012729,unknown,,,,True,False,0.0,0.4259259620627543,40.73274568452517,0.0,0.0,0.0,0.0,0.5,50.0,0.0,0.0,-1,0.0,G4_5_MTF,prior(bearish)=0.00<0.6 OR rev(bullish)=0.50<0.5,-1,0.0,0.0,
XRP/USDT,1920,2026-05-28 22:00:00,long,0.67727,83.23,60.14,1.3144,0.012907,unknown,,,,False,False,0.0,0.3179515264436874,41.16597818396675,0.0,0.0,0.0,0.25,0.5,50.0,0.0,0.0,-1,0.0,G4_5_MTF,prior(bearish)=0.25<0.6 OR rev(bullish)=0.50<0.5,-1,0.0,0.0,
XRP/USDT,1921,2026-05-28 23:00:00,long,0.67385,83.46,60.14,1.3156,0.012807,unknown,,,,False,False,0.0,0.39100859153955836,41.58936044522872,0.0,0.0,0.0,0.25,0.0,50.0,0.0,0.0,-1,0.0,G4_5_MTF,prior(bearish)=0.25<0.6 OR rev(bullish)=0.00<0.5,-1,0.0,0.0,
XRP/USDT,1922,2026-05-29 00:00:00,long,0.69152,82.57,60.14,1.3152,0.012664,unknown,,,,False,False,0.0,0.30213280167267875,41.96394936736805,0.0,0.0,0.0,0.5,0.5,50.0,0.0,0.0,-1,0.0,G4_5_MTF,prior(bearish)=0.50<0.6 OR rev(bullish)=0.50<0.5,-1,0.0,0.0,
XRP/USDT,1923,2026-05-29 01:00:00,long,0.67154,85.19,60.14,1.3103,0.013,unknown,,,,False,False,0.0,0.22594232001144815,42.67974502838049,0.0,0.0,0.0,0.75,0.5,63.78047691552829,1.715880515951297,-0.8969306551323237,-1,0.0,G5_RSI_ACCEL,rsi_accel=-0.8969<-0.08 (RSI free-fall),-1,0.0,0.0,
XRP/USDT,1924,2026-05-29 02:00:00,long,0.67616,84.37,60.14,1.3042,0.012757,unknown,,,,False,False,0.0,0.1787423673983988,45.16453478203592,0.0,0.0,0.0,0.5,0.0,50.0,0.0,0.0,-1,0.0,G4_5_MTF,prior(bearish)=0.50<0.6 OR rev(bullish)=0.00<0.5,-1,0.0,0.0,
XRP/USDT,1925,2026-05-29 03:00:00,long,0.70007,85.94,60.14,1.3124,0.012807,unknown,,,,False,False,0.0,0.2049055910149849,45.78564446718338,0.0,0.0,0.0,0.75,0.0,50.0,0.0,0.0,-1,0.0,G4_5_MTF,prior(bearish)=0.75<0.6 OR rev(bullish)=0.00<0.5,-1,0.0,0.0,
XRP/USDT,1926,2026-05-29 04:00:00,long,0.71584,81.73,60.14,1.3108,0.011721,unknown,,,,False,False,0.0,0.024158101314750567,52.27530954566255,0.0,0.0,0.0,0.75,0.5,55.26314864014252,-1.061262260347587,-0.9490978146210866,-1,0.0,G5_RSI_ACCEL,rsi_accel=-0.9491<-0.08 (RSI free-fall),-1,0.0,0.0,
XRP/USDT,1927,2026-05-29 05:00:00,long,0.70353,83.71,60.14,1.3152,0.01075,unknown,,,,False,False,0.0,0.270785365435,61.02742887598797,0.0,0.0,0.0,0.75,0.5,51.80411436523705,-1.7862722591048346,-0.7250099987572476,-1,0.0,G5_RSI_ACCEL,rsi_accel=-0.7250<-0.08 (RSI free-fall),-1,0.0,0.0,
XRP/USDT,1928,2026-05-29 06:00:00,long,0.71212,85.92,60.14,1.3162,0.009621,unknown,,,,False,False,0.0,0.25646853908880585,60.26403209074729,0.0,0.0,0.0,0.75,0.5,44.345228856648724,-2.4818988836706355,-0.6956266245658009,-1,0.0,G5_RSI_ACCEL,rsi_accel=-0.6956<-0.08 (RSI free-fall),-1,0.0,0.0,
XRP/USDT,1929,2026-05-29 07:00:00,long,0.72356,87.65,60.14,1.3169,0.009493,unknown,,,,False,False,0.0,0.22150437106790682,59.73728556356151,0.0,0.0,0.0,0.75,1.0,42.900754189151726,-2.410880018694843,0.07101886497579235,15,0.007208,TRADE,edge=87.7 meta_conf=0.7236,1934,1.304085,-0.0128,LOSS
XRP/USDT,1935,2026-05-29 13:00:00,long,0.66316,86.5,60.14,1.3027,0.008314,unknown,,,,False,True,0.0,-0.5946608628793717,59.35029619791488,-1.0,0.0,0.0,0.25,0.0,50.0,0.0,0.0,-1,0.0,G4_5_MTF,prior(bearish)=0.25<0.6 OR rev(bullish)=0.00<0.5,-1,0.0,0.0,
XRP/USDT,1936,2026-05-29 14:00:00,long,0.67795,79.52,60.14,1.3079,0.008886,unknown,,,,False,False,0.0,-0.35393755573476554,54.5679962151111,0.0,0.0,0.0,0.0,0.0,50.0,0.0,0.0,-1,0.0,G3_5_ADX,adx=18.5 < 25 (weak trend),-1,0.0,0.0,
XRP/USDT,1937,2026-05-29 15:00:00,long,0.64274,76.75,60.14,1.3227,0.010271,unknown,,,,True,False,0.0,0.43582127588346986,47.059519302206965,0.0,0.0,0.0,0.0,0.0,50.0,0.0,0.0,-1,0.0,G3_5_ADX,adx=17.1 < 25 (weak trend),-1,0.0,0.0,
XRP/USDT,1938,2026-05-29 16:00:00,long,0.65784,64.45,60.14,1.3272,0.010764,unknown,,,,False,False,0.0,0.0,50.0,0.0,0.0,0.0,0.0,0.0,50.0,0.0,0.0,-1,0.0,G3_MIN_QUALITY,edge=64.4 < MIN_QUALITY_SCORE=70.0,-1,0.0,0.0,
XRP/USDT,1939,2026-05-29 17:00:00,long,0.64744,59.22,60.14,1.3249,0.01065,unknown,,,,False,False,0.0,0.0,50.0,0.0,0.0,0.0,0.0,0.0,50.0,0.0,0.0,-1,0.0,G2_EDGE,edge=59.2 < thr=60.1,-1,0.0,0.0,
XRP/USDT,1940,2026-05-29 18:00:00,long,0.65354,56.02,60.14,1.3188,0.010993,unknown,,,,False,False,0.0,0.0,50.0,0.0,0.0,0.0,0.0,0.0,50.0,0.0,0.0,-1,0.0,G2_EDGE,edge=56.0 < thr=60.1,-1,0.0,0.0,
XRP/USDT,1941,2026-05-29 19:00:00,long,0.65192,57.36,60.14,1.321,0.011414,unknown,,,,False,False,0.0,0.0,50.0,0.0,0.0,0.0,0.0,0.0,50.0,0.0,0.0,-1,0.0,G2_EDGE,edge=57.4 < thr=60.1,-1,0.0,0.0,
XRP/USDT,1942,2026-05-29 20:00:00,long,0.63934,54.35,60.14,1.3225,0.0113,unknown,,,,False,False,0.0,0.0,50.0,0.0,0.0,0.0,0.0,0.0,50.0,0.0,0.0,-1,0.0,G2_EDGE,edge=54.4 < thr=60.1,-1,0.0,0.0,
XRP/USDT,1943,2026-05-29 21:00:00,long,0.65068,50.67,60.14,1.3162,0.011414,unknown,,,,False,False,0.0,0.0,50.0,0.0,0.0,0.0,0.0,0.0,50.0,0.0,0.0,-1,0.0,G2_EDGE,edge=50.7 < thr=60.1,-1,0.0,0.0,
XRP/USDT,1944,2026-05-29 22:00:00,long,0.64745,51.27,60.14,1.3208,0.011407,unknown,,,,False,False,0.0,0.0,50.0,0.0,0.0,0.0,0.0,0.0,50.0,0.0,0.0,-1,0.0,G2_EDGE,edge=51.3 < thr=60.1,-1,0.0,0.0,
XRP/USDT,1945,2026-05-29 23:00:00,long,0.62475,55.0,60.14,1.33,0.011693,unknown,,,,False,False,0.0,0.0,50.0,0.0,0.0,0.0,0.0,0.0,50.0,0.0,0.0,-1,0.0,G2_EDGE,edge=55.0 < thr=60.1,-1,0.0,0.0,
XRP/USDT,1946,2026-05-30 00:00:00,long,0.65888,65.57,60.14,1.3489,0.012807,unknown,,,,False,False,0.0,0.0,50.0,0.0,0.0,0.0,0.0,0.0,50.0,0.0,0.0,-1,0.0,G3_MIN_QUALITY,edge=65.6 < MIN_QUALITY_SCORE=70.0,-1,0.0,0.0,
XRP/USDT,1947,2026-05-30 01:00:00,long,0.66366,71.34,60.14,1.3567,0.013514,unknown,,,,True,False,0.0,0.7444736619383084,28.502353229214325,1.0,0.0,0.0,0.0,0.0,50.0,0.0,0.0,-1,0.0,G3_5_ADX,adx=16.8 < 25 (weak trend),-1,0.0,0.0,
XRP/USDT,1948,2026-05-30 02:00:00,long,0.67013,52.03,60.14,1.3603,0.013486,unknown,,,,False,False,0.0,0.0,50.0,0.0,0.0,0.0,0.0,0.0,50.0,0.0,0.0,-1,0.0,G2_EDGE,edge=52.0 < thr=60.1,-1,0.0,0.0,
XRP/USDT,1949,2026-05-30 03:00:00,long,0.64881,47.26,60.14,1.3504,0.013764,unknown,,,,False,False,0.0,0.0,50.0,0.0,0.0,0.0,0.0,0.0,50.0,0.0,0.0,-1,0.0,G2_EDGE,edge=47.3 < thr=60.1,-1,0.0,0.0,
XRP/USDT,1950,2026-05-30 04:00:00,long,0.629,71.73,60.14,1.344,0.013886,unknown,,,,False,False,0.0,0.5395649747026219,38.306844865598016,0.0,0.0,0.0,0.0,0.0,50.0,0.0,0.0,-1,0.0,G3_5_ADX,adx=20.1 < 25 (weak trend),-1,0.0,0.0,
XRP/USDT,1951,2026-05-30 05:00:00,long,0.62544,56.72,60.14,1.3487,0.01245,unknown,,,,False,False,0.0,0.0,50.0,0.0,0.0,0.0,0.0,0.0,50.0,0.0,0.0,-1,0.0,G2_EDGE,edge=56.7 < thr=60.1,-1,0.0,0.0,
XRP/USDT,1952,2026-05-30 06:00:00,long,0.62073,61.6,60.14,1.3455,0.01185,unknown,,,,False,False,0.0,0.0,50.0,0.0,0.0,0.0,0.0,0.0,50.0,0.0,0.0,-1,0.0,G3_MIN_QUALITY,edge=61.6 < MIN_QUALITY_SCORE=70.0,-1,0.0,0.0,
XRP/USDT,1953,2026-05-30 07:00:00,long,0.62077,61.08,60.14,1.3428,0.011586,unknown,,,,False,False,0.0,0.0,50.0,0.0,0.0,0.0,0.0,0.0,50.0,0.0,0.0,-1,0.0,G3_MIN_QUALITY,edge=61.1 < MIN_QUALITY_SCORE=70.0,-1,0.0,0.0,
XRP/USDT,1954,2026-05-30 08:00:00,long,0.61944,59.8,60.14,1.3406,0.010793,unknown,,,,False,False,0.0,0.0,50.0,0.0,0.0,0.0,0.0,0.0,50.0,0.0,0.0,-1,0.0,G2_EDGE,edge=59.8 < thr=60.1,-1,0.0,0.0,
XRP/USDT,1955,2026-05-30 09:00:00,long,0.60972,63.16,60.14,1.3446,0.010364,unknown,,,,False,False,0.0,0.0,50.0,0.0,0.0,0.0,0.0,0.0,50.0,0.0,0.0,-1,0.0,G3_MIN_QUALITY,edge=63.2 < MIN_QUALITY_SCORE=70.0,-1,0.0,0.0,
XRP/USDT,1956,2026-05-30 10:00:00,long,0.60874,61.53,60.14,1.3423,0.0103,unknown,,,,False,False,0.0,0.0,50.0,0.0,0.0,0.0,0.0,0.0,50.0,0.0,0.0,-1,0.0,G3_MIN_QUALITY,edge=61.5 < MIN_QUALITY_SCORE=70.0,-1,0.0,0.0,
XRP/USDT,1957,2026-05-30 11:00:00,long,0.61185,83.84,60.14,1.3404,0.010029,unknown,,,,False,False,0.0,0.4004662994509081,44.64021697625693,0.0,0.0,0.0,0.75,0.5,64.86485370874753,0.04984847272581382,-0.43980498516959693,-1,0.0,G5_RSI_ACCEL,rsi_accel=-0.4398<-0.08 (RSI free-fall),-1,0.0,0.0,
XRP/USDT,1958,2026-05-30 12:00:00,long,0.61033,80.26,60.14,1.3397,0.009893,unknown,,,,False,False,0.0,0.2566282617936182,48.559026825102244,0.0,0.0,0.0,0.75,0.0,50.0,0.0,0.0,-1,0.0,G4_5_MTF,prior(bearish)=0.75<0.6 OR rev(bullish)=0.00<0.5,-1,0.0,0.0,
XRP/USDT,1959,2026-05-30 13:00:00,long,0.59006,82.47,60.14,1.341,0.009386,unknown,,,,False,False,0.0,0.35288553594168437,55.433935525215844,0.0,0.0,0.0,0.75,0.0,50.0,0.0,0.0,-1,0.0,G4_5_MTF,prior(bearish)=0.75<0.6 OR rev(bullish)=0.00<0.5,-1,0.0,0.0,
XRP/USDT,1960,2026-05-30 14:00:00,long,0.59069,81.78,60.14,1.3428,0.00835,unknown,,,,False,False,0.0,0.30716551721378577,64.50203606858526,0.0,0.0,0.0,0.75,0.5,44.19046440635238,-1.7424897658933427,-0.609310374164227,-1,0.0,G5_RSI_ACCEL,rsi_accel=-0.6093<-0.08 (RSI free-fall),-1,0.0,0.0,
XRP/USDT,1961,2026-05-30 15:00:00,long,0.5862,78.45,60.14,1.3424,0.007179,unknown,,,,False,False,0.0,0.12844834419616352,66.08753910322133,0.0,0.0,0.0,0.75,1.0,34.14633086366676,-2.27080523371027,-0.5283154678169273,-1,0.0,G5_RSI_ACCEL,rsi_accel=-0.5283<-0.08 (RSI free-fall),-1,0.0,0.0,
XRP/USDT,1962,2026-05-30 16:00:00,long,0.5999,72.52,60.14,1.3479,0.007136,unknown,,,,True,False,0.0,0.22812124784126217,66.22050960305299,0.0,0.0,0.0,0.75,0.5,36.80849967406401,-2.3285845583855345,-0.057779324675264476,28,0.005294,TRADE,edge=72.5 meta_conf=0.5999,1968,1.338267,-0.0096,LOSS
XRP/USDT,1969,2026-05-30 23:00:00,long,0.57757,51.55,60.14,1.3408,0.006393,unknown,,,,False,False,0.0,0.0,50.0,0.0,0.0,0.0,0.0,0.0,50.0,0.0,0.0,-1,0.0,G2_EDGE,edge=51.6 < thr=60.1,-1,0.0,0.0,
XRP/USDT,1970,2026-05-31 00:00:00,long,0.57205,62.86,60.14,1.3405,0.006386,unknown,,,,False,False,0.0,0.0,50.0,0.0,0.0,0.0,0.0,0.0,50.0,0.0,0.0,-1,0.0,G3_MIN_QUALITY,edge=62.9 < MIN_QUALITY_SCORE=70.0,-1,0.0,0.0,
XRP/USDT,1971,2026-05-31 01:00:00,long,0.56595,61.46,60.14,1.3417,0.006171,unknown,,,,False,False,0.0,0.0,50.0,0.0,0.0,0.0,0.0,0.0,50.0,0.0,0.0,-1,0.0,G3_MIN_QUALITY,edge=61.5 < MIN_QUALITY_SCORE=70.0,-1,0.0,0.0,
XRP/USDT,1972,2026-05-31 02:00:00,long,0.57112,71.09,60.14,1.3424,0.006521,unknown,,,,False,True,0.0,-0.04368531449337178,63.53392273512934,0.0,0.0,0.0,0.0,0.0,50.0,0.0,0.0,-1,0.0,G3_5_ADX,adx=18.5 < 25 (weak trend),-1,0.0,0.0,
XRP/USDT,1973,2026-05-31 03:00:00,long,0.57561,57.27,60.14,1.3448,0.006507,unknown,,,,False,False,0.0,0.0,50.0,0.0,0.0,0.0,0.0,0.0,50.0,0.0,0.0,-1,0.0,G2_EDGE,edge=57.3 < thr=60.1,-1,0.0,0.0,
XRP/USDT,1974,2026-05-31 04:00:00,long,0.57546,55.66,60.14,1.3462,0.00625,unknown,,,,False,False,0.0,0.0,50.0,0.0,0.0,0.0,0.0,0.0,50.0,0.0,0.0,-1,0.0,G2_EDGE,edge=55.7 < thr=60.1,-1,0.0,0.0,
XRP/USDT,1975,2026-05-31 05:00:00,long,0.57452,52.8,60.14,1.3433,0.006121,unknown,,,,False,False,0.0,0.0,50.0,0.0,0.0,0.0,0.0,0.0,50.0,0.0,0.0,-1,0.0,G2_EDGE,edge=52.8 < thr=60.1,-1,0.0,0.0,
XRP/USDT,1976,2026-05-31 06:00:00,long,0.57518,50.3,60.14,1.3401,0.005757,unknown,,,,False,False,0.0,0.0,50.0,0.0,0.0,0.0,0.0,0.0,50.0,0.0,0.0,-1,0.0,G2_EDGE,edge=50.3 < thr=60.1,-1,0.0,0.0,
XRP/USDT,1977,2026-05-31 07:00:00,long,0.57151,54.42,60.14,1.3356,0.005643,unknown,,,,False,False,0.0,0.0,50.0,0.0,0.0,0.0,0.0,0.0,50.0,0.0,0.0,-1,0.0,G2_EDGE,edge=54.4 < thr=60.1,-1,0.0,0.0,
XRP/USDT,1978,2026-05-31 08:00:00,long,0.57837,52.09,60.14,1.3385,0.005607,unknown,,,,False,False,0.0,0.0,50.0,0.0,0.0,0.0,0.0,0.0,50.0,0.0,0.0,-1,0.0,G2_EDGE,edge=52.1 < thr=60.1,-1,0.0,0.0,
XRP/USDT,1979,2026-05-31 09:00:00,long,0.56623,57.92,60.14,1.3391,0.005471,unknown,,,,False,False,0.0,0.0,50.0,0.0,0.0,0.0,0.0,0.0,50.0,0.0,0.0,-1,0.0,G2_EDGE,edge=57.9 < thr=60.1,-1,0.0,0.0,
XRP/USDT,1980,2026-05-31 10:00:00,long,0.55141,70.58,60.14,1.3369,0.005607,unknown,,,,True,True,0.0,-0.533976610971207,56.843110535437354,0.0,0.0,0.0,0.75,1.0,33.431938815173254,-1.9870007849328197,-0.15797513679388708,-1,0.0,G5_RSI_ACCEL,rsi_accel=-0.1580<-0.08 (RSI free-fall),-1,0.0,0.0,
XRP/USDT,1981,2026-05-31 11:00:00,long,0.58241,76.84,60.14,1.3419,0.005707,unknown,,,,True,True,0.0,-0.18563054870838522,60.597145556641905,0.0,0.0,0.0,0.75,0.5,38.692083332720415,-1.6562863443507467,0.330714440582073,13,0.004253,TRADE,edge=76.8 meta_conf=0.5824,1984,1.334195,-0.0077,LOSS
XRP/USDT,1985,2026-05-31 15:00:00,long,0.57861,81.71,60.14,1.3307,0.006329,unknown,,,,False,True,0.0,-0.5772994047847956,52.764676579466894,0.0,0.0,0.0,0.25,0.0,50.0,0.0,0.0,-1,0.0,G4_5_MTF,prior(bearish)=0.25<0.6 OR rev(bullish)=0.00<0.5,-1,0.0,0.0,
XRP/USDT,1986,2026-05-31 16:00:00,long,0.59374,100.0,60.14,1.3278,0.006386,unknown,,,,False,True,0.0,-0.7089415809970774,42.78899026147944,-1.0,0.0,0.0,0.25,0.5,50.0,0.0,0.0,-1,0.0,G4_5_MTF,prior(bearish)=0.25<0.6 OR rev(bullish)=0.50<0.5,-1,0.0,0.0,
XRP/USDT,1987,2026-05-31 17:00:00,long,0.59508,81.5,60.14,1.3313,0.006429,unknown,,,,False,True,0.0,-0.5461833461075718,42.752652217645036,0.0,0.0,0.0,0.25,0.5,50.0,0.0,0.0,-1,0.0,G4_5_MTF,prior(bearish)=0.25<0.6 OR rev(bullish)=0.50<0.5,-1,0.0,0.0,
XRP/USDT,1988,2026-05-31 18:00:00,long,0.61016,79.95,60.14,1.3277,0.006536,unknown,,,,False,True,0.0,-0.6665916947789852,42.884623855334645,0.0,0.0,0.0,0.25,0.5,50.0,0.0,0.0,-1,0.0,G4_5_MTF,prior(bearish)=0.25<0.6 OR rev(bullish)=0.50<0.5,-1,0.0,0.0,
XRP/USDT,1989,2026-05-31 19:00:00,long,0.61564,81.15,60.14,1.3266,0.006793,unknown,,,,False,True,0.0,-0.6532141911537719,41.92742164276933,0.0,0.0,0.0,0.5,0.5,50.0,0.0,0.0,-1,0.0,G4_5_MTF,prior(bearish)=0.50<0.6 OR rev(bullish)=0.50<0.5,-1,0.0,0.0,
XRP/USDT,1990,2026-05-31 20:00:00,long,0.59123,83.16,60.14,1.3308,0.0069,unknown,,,,False,True,0.0,-0.4711992077959056,42.44654705879568,0.0,0.0,0.0,0.5,0.0,50.0,0.0,0.0,-1,0.0,G4_5_MTF,prior(bearish)=0.50<0.6 OR rev(bullish)=0.00<0.5,-1,0.0,0.0,
XRP/USDT,1991,2026-05-31 21:00:00,long,0.58263,73.15,60.14,1.3344,0.006807,unknown,,,,True,True,0.0,-0.4261152600433725,42.96819271620406,0.0,0.0,0.0,0.5,0.5,50.0,0.0,0.0,-1,0.0,G4_5_MTF,prior(bearish)=0.50<0.6 OR rev(bullish)=0.50<0.5,-1,0.0,0.0,
XRP/USDT,1992,2026-05-31 22:00:00,long,0.6013,78.96,60.14,1.3373,0.007107,unknown,,,,True,True,0.0,-0.11717983784681797,43.62983643393052,0.0,0.0,0.0,0.75,1.0,48.584889618196705,0.1336343643490203,0.08506940071577057,8,0.005315,TRADE,edge=79.0 meta_conf=0.6013,1995,1.327705,-0.0096,LOSS
XRP/USDT,1996,2026-06-01 02:00:00,long,0.64597,83.32,60.14,1.3308,0.009607,unknown,,,,True,True,0.0,-0.45485363418936975,46.37004532987875,0.0,0.0,0.0,0.25,0.5,50.0,0.0,0.0,-1,0.0,G4_5_MTF,prior(bearish)=0.25<0.6 OR rev(bullish)=0.50<0.5,-1,0.0,0.0,
XRP/USDT,1997,2026-06-01 03:00:00,long,0.64935,78.31,60.14,1.3308,0.009543,unknown,,,,True,True,0.0,-0.4852599002126989,54.33201989364835,0.0,0.0,0.0,0.25,0.5,50.0,0.0,0.0,-1,0.0,G4_5_MTF,prior(bearish)=0.25<0.6 OR rev(bullish)=0.50<0.5,-1,0.0,0.0,
XRP/USDT,1998,2026-06-01 04:00:00,long,0.66419,89.87,60.14,1.3224,0.009543,unknown,,,,False,True,0.0,-0.6027049648313054,54.80300156586473,0.0,0.0,0.0,0.5,0.5,50.0,0.0,0.0,-1,0.0,G4_5_MTF,prior(bearish)=0.50<0.6 OR rev(bullish)=0.50<0.5,-1,0.0,0.0,
XRP/USDT,1999,2026-06-01 05:00:00,long,0.66236,85.93,60.14,1.3165,0.009586,unknown,,,,False,True,0.0,-0.7058102315952199,53.3190203285631,-1.0,0.0,0.0,0.5,0.0,50.0,0.0,0.0,-1,0.0,G4_5_MTF,prior(bearish)=0.50<0.6 OR rev(bullish)=0.00<0.5,-1,0.0,0.0,
XRP/USDT,2000,2026-06-01 06:00:00,long,0.64798,100.0,60.14,1.3139,0.00935,unknown,,,,False,True,0.0,-0.6957658019256232,46.58337635306137,-1.0,0.0,0.0,0.25,0.0,50.0,0.0,0.0,-1,0.0,G4_5_MTF,prior(bearish)=0.25<0.6 OR rev(bullish)=0.00<0.5,-1,0.0,0.0,
XRP/USDT,2001,2026-06-01 07:00:00,long,0.66985,89.68,60.14,1.3036,0.009843,unknown,,,,False,True,0.0,-0.7553571220443449,41.09259174316181,-1.0,0.0,0.0,0.5,0.0,50.0,0.0,0.0,-1,0.0,G4_5_MTF,prior(bearish)=0.50<0.6 OR rev(bullish)=0.00<0.5,-1,0.0,0.0,
XRP/USDT,2002,2026-06-01 08:00:00,long,0.6751,91.87,60.14,1.303,0.010114,unknown,,,,False,True,0.0,-0.7396723648007377,38.133642938474594,-1.0,0.0,0.0,0.5,0.0,50.0,0.0,0.0,-1,0.0,G4_5_MTF,prior(bearish)=0.50<0.6 OR rev(bullish)=0.00<0.5,-1,0.0,0.0,
XRP/USDT,2003,2026-06-01 09:00:00,long,0.67319,86.99,60.14,1.3044,0.010079,unknown,,,,False,True,0.0,-0.6355814724017704,39.158725524119944,0.0,0.0,0.0,0.75,0.0,50.0,0.0,0.0,-1,0.0,G4_5_MTF,prior(bearish)=0.75<0.6 OR rev(bullish)=0.00<0.5,-1,0.0,0.0,
XRP/USDT,2004,2026-06-01 10:00:00,long,0.67403,85.89,60.14,1.3059,0.01015,unknown,,,,False,True,0.0,-0.5436823859642994,40.14609733717048,0.0,0.0,0.0,1.0,0.5,32.53856303590625,-1.206521042503385,-0.28422642343024596,-1,0.0,G5_RSI_ACCEL,rsi_accel=-0.2842<-0.08 (RSI free-fall),-1,0.0,0.0,
XRP/USDT,2005,2026-06-01 11:00:00,long,0.67194,86.29,60.14,1.3036,0.010221,unknown,,,,False,True,0.0,-0.6562811222614472,41.156393564249804,0.0,0.0,0.0,1.0,1.0,27.999994400001043,-1.2834894851477625,-0.07696844264437752,10,0.007841,TRADE,edge=86.3 meta_conf=0.6719,2007,1.289801,-0.0138,LOSS
XRP/USDT,2008,2026-06-01 14:00:00,long,0.69473,100.0,60.14,1.286,0.010564,unknown,,,,False,True,0.0,-0.737081514595904,33.59459122902095,-1.0,0.0,0.0,0.5,0.0,50.0,0.0,0.0,-1,0.0,G4_5_MTF,prior(bearish)=0.50<0.6 OR rev(bullish)=0.00<0.5,-1,0.0,0.0,
XRP/USDT,2009,2026-06-01 15:00:00,long,0.69308,100.0,60.14,1.2822,0.0101,unknown,,,,False,True,0.0,-0.715249443751914,34.53853912789226,0.0,0.0,0.0,0.5,0.0,50.0,0.0,0.0,-1,0.0,G4_5_MTF,prior(bearish)=0.50<0.6 OR rev(bullish)=0.00<0.5,-1,0.0,0.0,
XRP/USDT,2010,2026-06-01 16:00:00,long,0.6878,91.48,60.14,1.2941,0.010036,unknown,,,,False,True,0.0,-0.4644888432084749,34.45261515459435,0.0,0.0,0.0,0.75,0.0,50.0,0.0,0.0,-1,0.0,G4_5_MTF,prior(bearish)=0.75<0.6 OR rev(bullish)=0.00<0.5,-1,0.0,0.0,
XRP/USDT,2011,2026-06-01 17:00:00,long,0.68606,79.38,60.14,1.3007,0.010457,unknown,,,,False,False,0.0,-0.40605984383338223,36.41724579579148,0.0,0.0,0.0,1.0,0.5,29.355275569631615,-1.7053291782411095,0.3180803370998804,4,0.00804,TRADE,edge=79.4 meta_conf=0.6861,2019,1.286583,-0.0141,LOSS
XRP/USDT,2020,2026-06-02 02:00:00,long,0.68138,94.43,60.14,1.2844,0.01095,unknown,,,,False,True,0.0,-0.4765208615761484,50.88231640854589,0.0,0.0,0.0,0.75,0.0,50.0,0.0,0.0,-1,0.0,G4_5_MTF,prior(bearish)=0.75<0.6 OR rev(bullish)=0.00<0.5,-1,0.0,0.0,
XRP/USDT,2021,2026-06-02 03:00:00,long,0.6824,78.19,60.14,1.2881,0.010229,unknown,,,,False,False,0.0,-0.4990388572667786,50.804134811984625,0.0,0.0,0.0,0.75,0.5,48.38708836948841,2.082449247090825,0.06871444458041154,2,0.0,G6_COOLDOWN,bars_since_exit=2 < cooldown=3,-1,0.0,0.0,
XRP/USDT,2022,2026-06-02 04:00:00,long,0.68612,84.97,60.14,1.2802,0.010143,unknown,,,,False,True,0.0,-0.6689579319776653,50.69134574846192,0.0,0.0,0.0,0.75,1.0,46.53937169986629,1.7779686775876993,-0.30448056950312585,-1,0.0,G5_RSI_ACCEL,rsi_accel=-0.3045<-0.08 (RSI free-fall),-1,0.0,0.0,
XRP/USDT,2023,2026-06-02 05:00:00,long,0.69199,88.05,60.14,1.2679,0.010421,unknown,,,,False,True,0.0,-0.7332721419387723,49.079701686708304,-1.0,0.0,0.0,0.75,0.5,42.253514717776746,1.3165497347838864,-0.4614189428038129,-1,0.0,G5_RSI_ACCEL,rsi_accel=-0.4614<-0.08 (RSI free-fall),-1,0.0,0.0,
XRP/USDT,2024,2026-06-02 06:00:00,long,0.68439,90.43,60.14,1.2657,0.010029,unknown,,,,False,True,0.0,-0.7258804375853548,45.89483777670131,-1.0,0.0,0.0,0.5,0.0,50.0,0.0,0.0,-1,0.0,G4_5_MTF,prior(bearish)=0.50<0.6 OR rev(bullish)=0.00<0.5,-1,0.0,0.0,
XRP/USDT,2025,2026-06-02 07:00:00,long,0.67959,90.8,60.14,1.268,0.010129,unknown,,,,False,True,0.0,-0.6108187950518184,43.71090091884953,0.0,0.0,0.0,0.5,0.0,50.0,0.0,0.0,-1,0.0,G4_5_MTF,prior(bearish)=0.50<0.6 OR rev(bullish)=0.00<0.5,-1,0.0,0.0,
XRP/USDT,2026,2026-06-02 08:00:00,long,0.68837,84.69,60.14,1.2648,0.010064,unknown,,,,False,True,0.0,-0.7091033693478239,45.31782904260683,0.0,0.0,0.0,0.5,0.5,50.0,0.0,0.0,-1,0.0,G4_5_MTF,prior(bearish)=0.50<0.6 OR rev(bullish)=0.50<0.5,-1,0.0,0.0,
XRP/USDT,2027,2026-06-02 09:00:00,long,0.6954,88.9,60.14,1.2596,0.01015,unknown,,,,False,True,0.0,-0.7142250573855128,44.26044619432788,0.0,0.0,0.0,0.75,0.5,24.43037541740175,-1.1108569151969143,-0.4959656233770646,-1,0.0,G5_RSI_ACCEL,rsi_accel=-0.4960<-0.08 (RSI free-fall),-1,0.0,0.0,
XRP/USDT,2028,2026-06-02 10:00:00,long,0.68231,84.67,60.14,1.2671,0.010479,unknown,,,,False,True,0.0,-0.5281421849138634,44.456518510008586,0.0,0.0,0.0,0.75,0.0,50.0,0.0,0.0,-1,0.0,G4_5_MTF,prior(bearish)=0.75<0.6 OR rev(bullish)=0.00<0.5,-1,0.0,0.0,
XRP/USDT,2029,2026-06-02 11:00:00,long,0.68107,84.76,60.14,1.261,0.010486,unknown,,,,False,True,0.0,-0.5966377805346218,44.72329364073093,0.0,0.0,0.0,0.75,0.5,31.753549235193077,-1.4227859433850043,-0.10275836361870905,-1,0.0,G5_RSI_ACCEL,rsi_accel=-0.1028<-0.08 (RSI free-fall),-1,0.0,0.0,
XRP/USDT,2030,2026-06-02 12:00:00,long,0.67354,85.58,60.14,1.2639,0.009936,unknown,,,,False,True,0.0,-0.532651588821471,45.00079436178254,0.0,0.0,0.0,0.75,0.5,26.717552493056758,-1.3746939756250958,0.04809196775990854,11,0.007861,TRADE,edge=85.6 meta_conf=0.6735,2032,1.250487,-0.0134,LOSS
XRP/USDT,2033,2026-06-02 15:00:00,long,0.6577,100.0,60.14,1.222,0.012414,unknown,,,,False,True,0.0,-0.75030645959262,26.72748885314692,-1.0,0.0,0.0,0.5,0.0,50.0,0.0,0.0,-1,0.0,G4_5_MTF,prior(bearish)=0.50<0.6 OR rev(bullish)=0.00<0.5,-1,0.0,0.0,
XRP/USDT,2034,2026-06-02 16:00:00,long,0.66228,90.3,60.14,1.2328,0.012907,unknown,,,,False,True,0.0,-0.6043519784957381,27.22802619818019,0.0,0.0,0.0,0.5,0.0,50.0,0.0,0.0,-1,0.0,G4_5_MTF,prior(bearish)=0.50<0.6 OR rev(bullish)=0.00<0.5,-1,0.0,0.0,
XRP/USDT,2035,2026-06-02 17:00:00,long,0.70435,78.0,60.14,1.2365,0.013279,unknown,,,,False,False,0.0,-0.5679548323019703,27.995114278519196,0.0,0.0,0.0,0.75,0.5,25.660373969384494,-1.352601031180213,0.401123096479437,3,0.010739,TRADE,edge=78.0 meta_conf=0.7043,2036,1.218574,-0.0179,LOSS
XRP/USDT,2037,2026-06-02 19:00:00,long,0.66034,91.06,60.14,1.2217,0.014843,unknown,,,,False,True,0.0,-0.6862145904073464,34.113714965703934,0.0,0.0,0.0,0.75,0.5,27.037769597129426,-0.5072735500352408,0.43444035914931645,1,0.0,G6_COOLDOWN,bars_since_exit=1 < cooldown=3,-1,0.0,0.0,
XRP/USDT,2038,2026-06-02 20:00:00,long,0.64958,87.93,60.14,1.2233,0.015229,unknown,,,,False,True,0.0,-0.541727121549966,35.49523297013369,0.0,0.0,0.0,0.5,0.0,50.0,0.0,0.0,-1,0.0,G4_5_MTF,prior(bearish)=0.50<0.6 OR rev(bullish)=0.00<0.5,-1,0.0,0.0,
XRP/USDT,2039,2026-06-02 21:00:00,long,0.64808,76.72,60.14,1.2265,0.015157,unknown,,,,False,False,0.0,-0.5247979552244192,38.17384688270449,0.0,0.0,0.0,0.5,0.5,50.0,0.0,0.0,-1,0.0,G4_5_MTF,prior(bearish)=0.50<0.6 OR rev(bullish)=0.50<0.5,-1,0.0,0.0,
XRP/USDT,2040,2026-06-02 22:00:00,long,0.66885,95.26,60.14,1.2009,0.016914,unknown,,,,False,True,0.0,-0.7344146743611776,33.30503436711949,-1.0,0.0,0.0,0.5,1.0,50.0,0.0,0.0,-1,0.0,G4_5_MTF,prior(bearish)=0.50<0.6 OR rev(bullish)=1.00<0.5,-1,0.0,0.0,
XRP/USDT,2041,2026-06-02 23:00:00,long,0.64377,94.08,60.14,1.2117,0.017421,unknown,,,,False,True,0.0,-0.5128820458067053,34.82439274439741,0.0,0.0,0.0,0.5,0.5,50.0,0.0,0.0,-1,0.0,G4_5_MTF,prior(bearish)=0.50<0.6 OR rev(bullish)=0.50<0.5,-1,0.0,0.0,
XRP/USDT,2042,2026-06-03 00:00:00,long,0.63049,80.68,60.14,1.2246,0.017693,unknown,,,,False,False,0.0,-0.4735836793748008,36.27390831675954,0.0,0.0,0.0,0.5,0.5,50.0,0.0,0.0,-1,0.0,G4_5_MTF,prior(bearish)=0.50<0.6 OR rev(bullish)=0.50<0.5,-1,0.0,0.0,
XRP/USDT,2043,2026-06-03 01:00:00,long,0.63237,77.14,60.14,1.2236,0.0181,unknown,,,,False,False,0.0,-0.48610943107742877,37.74593465947765,0.0,0.0,0.0,0.5,1.0,50.0,0.0,0.0,-1,0.0,G4_5_MTF,prior(bearish)=0.50<0.6 OR rev(bullish)=1.00<0.5,-1,0.0,0.0,
XRP/USDT,2044,2026-06-03 02:00:00,long,0.6361,76.17,60.14,1.2205,0.018107,unknown,,,,False,False,0.0,-0.48925020675747344,39.264538249555045,0.0,0.0,0.0,0.25,0.5,50.0,0.0,0.0,-1,0.0,G4_5_MTF,prior(bearish)=0.25<0.6 OR rev(bullish)=0.50<0.5,-1,0.0,0.0,
XRP/USDT,2045,2026-06-03 03:00:00,long,0.63555,92.21,60.14,1.1979,0.019871,unknown,,,,False,True,0.0,-0.6580067763906725,41.90698665031845,0.0,0.0,0.0,0.25,0.0,50.0,0.0,0.0,-1,0.0,G4_5_MTF,prior(bearish)=0.25<0.6 OR rev(bullish)=0.00<0.5,-1,0.0,0.0,
XRP/USDT,2046,2026-06-03 04:00:00,long,0.62589,80.07,60.14,1.2184,0.01895,unknown,,,,False,False,0.0,-0.426528750796308,54.08877370872889,0.0,0.0,0.0,0.5,0.0,50.0,0.0,0.0,-1,0.0,G4_5_MTF,prior(bearish)=0.50<0.6 OR rev(bullish)=0.00<0.5,-1,0.0,0.0,
XRP/USDT,2047,2026-06-03 05:00:00,long,0.61819,84.36,60.14,1.2324,0.018686,unknown,,,,False,False,0.0,-0.06797378133642593,55.13016935202442,0.0,0.0,0.0,0.5,0.5,50.0,0.0,0.0,-1,0.0,G4_5_MTF,prior(bearish)=0.50<0.6 OR rev(bullish)=0.50<0.5,-1,0.0,0.0,
XRP/USDT,2048,2026-06-03 06:00:00,long,0.62176,82.81,60.14,1.2389,0.018043,unknown,,,,False,False,0.0,-0.038103334394940146,54.11338936685293,0.0,0.0,0.0,0.75,1.0,52.1739078372437,1.9185907451377808,0.3754410811685085,12,0.014564,TRADE,edge=82.8 meta_conf=0.6218,2058,1.214542,-0.0244,LOSS
XRP/USDT,2059,2026-06-03 17:00:00,long,0.69435,57.31,60.14,1.2214,0.012643,unknown,,,,False,False,0.0,0.0,50.0,0.0,0.0,0.0,0.0,0.0,50.0,0.0,0.0,-1,0.0,G2_EDGE,edge=57.3 < thr=60.1,-1,0.0,0.0,
XRP/USDT,2060,2026-06-03 18:00:00,long,0.68912,56.33,60.14,1.2185,0.011971,unknown,,,,False,False,0.0,0.0,50.0,0.0,0.0,0.0,0.0,0.0,50.0,0.0,0.0,-1,0.0,G2_EDGE,edge=56.3 < thr=60.1,-1,0.0,0.0,
XRP/USDT,2061,2026-06-03 19:00:00,long,0.70097,70.47,60.14,1.2043,0.01205,unknown,,,,False,True,0.0,-0.633705081763683,55.41143083064183,0.0,0.0,0.0,0.0,0.0,50.0,0.0,0.0,-1,0.0,G3_5_ADX,adx=14.9 < 25 (weak trend),-1,0.0,0.0,
XRP/USDT,2062,2026-06-03 20:00:00,long,0.70193,74.81,60.14,1.1939,0.012514,unknown,,,,False,True,0.0,-0.6646317117256806,43.76859387749641,0.0,0.0,0.0,0.0,0.0,50.0,0.0,0.0,-1,0.0,G3_5_ADX,adx=19.9 < 25 (weak trend),-1,0.0,0.0,
XRP/USDT,2063,2026-06-03 21:00:00,long,0.64569,60.69,60.14,1.2185,0.013736,unknown,,,,False,False,0.0,0.0,50.0,0.0,0.0,0.0,0.0,0.0,50.0,0.0,0.0,-1,0.0,G3_MIN_QUALITY,edge=60.7 < MIN_QUALITY_SCORE=70.0,-1,0.0,0.0,
XRP/USDT,2064,2026-06-03 22:00:00,long,0.65509,75.55,60.14,1.2063,0.0144,unknown,,,,False,False,0.0,-0.5838798854784567,44.89795316985538,0.0,0.0,0.0,1.0,0.5,30.270265688824665,-2.7397298763172753,-0.29893613795531815,-1,0.0,G5_RSI_ACCEL,rsi_accel=-0.2989<-0.08 (RSI free-fall),-1,0.0,0.0,
XRP/USDT,2065,2026-06-03 23:00:00,long,0.67518,84.87,60.14,1.2012,0.014364,unknown,,,,False,True,0.0,-0.4798614682474827,44.7843263591767,0.0,0.0,0.0,1.0,0.5,30.042913942051598,-2.9541258115527467,-0.2143959352354714,-1,0.0,G5_RSI_ACCEL,rsi_accel=-0.2144<-0.08 (RSI free-fall),-1,0.0,0.0,
XRP/USDT,2066,2026-06-04 00:00:00,long,0.67344,100.0,60.14,1.1936,0.015379,unknown,,,,False,True,0.0,-0.6936915432480606,44.785755098809574,0.0,0.0,0.0,0.75,0.0,50.0,0.0,0.0,-1,0.0,G4_5_MTF,prior(bearish)=0.75<0.6 OR rev(bullish)=0.00<0.5,-1,0.0,0.0,
XRP/USDT,2067,2026-06-04 01:00:00,long,0.67085,100.0,60.14,1.1615,0.017443,unknown,,,,False,True,0.0,-0.7539903961308951,32.48230140059932,-1.0,0.0,0.0,0.75,0.0,50.0,0.0,0.0,-1,0.0,G4_5_MTF,prior(bearish)=0.75<0.6 OR rev(bullish)=0.00<0.5,-1,0.0,0.0,
XRP/USDT,2068,2026-06-04 02:00:00,long,0.6734,100.0,60.14,1.1815,0.020179,unknown,,,,False,False,0.0,-0.5966620930328335,27.02930978850633,0.0,0.0,0.0,0.75,0.0,50.0,0.0,0.0,-1,0.0,G4_5_MTF,prior(bearish)=0.75<0.6 OR rev(bullish)=0.00<0.5,-1,0.0,0.0,
XRP/USDT,2069,2026-06-04 03:00:00,long,0.7033,88.14,60.14,1.209,0.021479,unknown,,,,False,False,0.0,-0.22921856241203925,30.10599387365826,0.0,0.0,0.0,0.75,0.5,43.329323277580976,-2.1526756823939652,0.8221333881866908,11,0.017766,TRADE,edge=88.1 meta_conf=0.7033,2073,1.180004,-0.029,LOSS
XRP/USDT,2074,2026-06-04 08:00:00,long,0.66392,82.27,60.14,1.1678,0.021936,unknown,,,,False,False,0.0,-0.5293424443648683,43.320423957543994,0.0,0.0,0.0,0.5,0.5,50.0,0.0,0.0,-1,0.0,G4_5_MTF,prior(bearish)=0.50<0.6 OR rev(bullish)=0.50<0.5,-1,0.0,0.0,
XRP/USDT,2075,2026-06-04 09:00:00,long,0.6666,84.17,60.14,1.162,0.022329,unknown,,,,False,False,0.0,-0.6721550102776469,44.84520072081434,0.0,0.0,0.0,0.5,0.5,50.0,0.0,0.0,-1,0.0,G4_5_MTF,prior(bearish)=0.50<0.6 OR rev(bullish)=0.50<0.5,-1,0.0,0.0,
XRP/USDT,2076,2026-06-04 10:00:00,long,0.66523,92.88,60.14,1.1485,0.0222,unknown,,,,False,True,0.0,-0.6982859116268096,46.22796544019754,0.0,0.0,0.0,0.75,0.5,38.18938327444663,0.9067137435870768,-0.5148305358418818,-1,0.0,G5_RSI_ACCEL,rsi_accel=-0.5148<-0.08 (RSI free-fall),-1,0.0,0.0,
XRP/USDT,2077,2026-06-04 11:00:00,long,0.66582,90.64,60.14,1.1558,0.02145,unknown,,,,False,True,0.0,-0.5666529641619519,47.29428482276126,0.0,0.0,0.0,0.5,0.0,50.0,0.0,0.0,-1,0.0,G4_5_MTF,prior(bearish)=0.50<0.6 OR rev(bullish)=0.00<0.5,-1,0.0,0.0,
XRP/USDT,2078,2026-06-04 12:00:00,long,0.6695,86.03,60.14,1.1801,0.022564,unknown,,,,False,False,0.0,-0.3975110703333807,52.65875336658833,0.0,0.0,0.0,0.5,0.5,50.0,0.0,0.0,-1,0.0,G4_5_MTF,prior(bearish)=0.50<0.6 OR rev(bullish)=0.50<0.5,-1,0.0,0.0,
XRP/USDT,2079,2026-06-04 13:00:00,long,0.66923,83.61,60.14,1.1795,0.023357,unknown,,,,False,False,0.0,-0.44189425369166635,53.83118224325071,0.0,0.0,0.0,0.75,1.0,44.05479114100232,0.9830666899380026,0.06296235263264549,6,0.019803,TRADE,edge=83.6 meta_conf=0.6692,2092,1.147968,-0.0315,LOSS
XRP/USDT,2093,2026-06-05 03:00:00,long,0.66439,91.01,60.14,1.1347,0.015679,unknown,,,,False,True,0.0,-0.6450039706094726,60.21874305145396,-1.0,0.0,0.0,0.75,0.0,50.0,0.0,0.0,-1,0.0,G4_5_MTF,prior(bearish)=0.75<0.6 OR rev(bullish)=0.00<0.5,-1,0.0,0.0,
XRP/USDT,2094,2026-06-05 04:00:00,long,0.66361,97.24,60.14,1.1479,0.015907,unknown,,,,False,True,0.0,-0.45104309736101167,57.38165492565164,0.0,0.0,0.0,0.75,0.0,50.0,0.0,0.0,-1,0.0,G4_5_MTF,prior(bearish)=0.75<0.6 OR rev(bullish)=0.00<0.5,-1,0.0,0.0,
XRP/USDT,2095,2026-06-05 05:00:00,long,0.65904,100.0,60.14,1.1208,0.016771,unknown,,,,False,True,0.0,-0.6497942112849063,50.24827648266247,-1.0,0.0,0.0,1.0,0.5,29.738833897694278,-0.7577326231489372,-0.06302259626411066,3,0.014964,TRADE,edge=100.0 meta_conf=0.6590,2096,1.098159,-0.0226,LOSS
XRP/USDT,2097,2026-06-05 07:00:00,long,0.65524,87.67,60.14,1.1364,0.019707,unknown,,,,False,False,0.0,-0.45701854689523164,35.86421177913099,0.0,0.0,0.0,0.75,0.0,50.0,0.0,0.0,-1,0.0,G4_5_MTF,prior(bearish)=0.75<0.6 OR rev(bullish)=0.00<0.5,-1,0.0,0.0,
XRP/USDT,2098,2026-06-05 08:00:00,long,0.65919,79.28,60.14,1.1194,0.019679,unknown,,,,False,False,0.0,-0.6498607679178713,36.05062116057446,0.0,0.0,0.0,0.75,0.5,29.166663831018724,-1.6576486809986284,-0.34504416172749264,-1,0.0,G5_RSI_ACCEL,rsi_accel=-0.3450<-0.08 (RSI free-fall),-1,0.0,0.0,
XRP/USDT,2099,2026-06-05 09:00:00,long,0.66934,85.33,60.14,1.1403,0.020357,unknown,,,,False,False,0.0,-0.39701053874053144,38.914717071634875,0.0,0.0,0.0,0.75,0.5,39.141253590681096,-1.5439349408762937,0.1137137401223347,3,0.017852,TRADE,edge=85.3 meta_conf=0.6693,2102,1.112818,-0.0275,LOSS
XRP/USDT,2103,2026-06-05 13:00:00,long,0.66083,98.45,60.14,1.1022,0.022,unknown,,,,False,True,0.0,-0.6599145544771313,42.299383556602834,0.0,0.0,0.0,0.5,0.5,50.0,0.0,0.0,-1,0.0,G4_5_MTF,prior(bearish)=0.50<0.6 OR rev(bullish)=0.50<0.5,-1,0.0,0.0,
XRP/USDT,2104,2026-06-05 14:00:00,long,0.65903,88.9,60.14,1.1068,0.02245,unknown,,,,False,False,0.0,-0.5690860384517176,49.337808638066804,0.0,0.0,0.0,0.75,0.5,33.84343452732149,-0.004508053052269174,0.6523047364626854,2,0.0,G6_COOLDOWN,bars_since_exit=2 < cooldown=3,-1,0.0,0.0,
XRP/USDT,2105,2026-06-05 15:00:00,long,0.66186,100.0,60.14,1.0998,0.022964,unknown,,,,False,True,0.0,-0.6866690970851212,52.22099322702424,0.0,0.0,0.0,0.5,0.5,50.0,0.0,0.0,-1,0.0,G4_5_MTF,prior(bearish)=0.50<0.6 OR rev(bullish)=0.50<0.5,-1,0.0,0.0,
XRP/USDT,2106,2026-06-05 16:00:00,long,0.66094,90.94,60.14,1.1203,0.024071,unknown,,,,False,False,0.0,-0.41024599607828705,55.31024120707605,0.0,0.0,0.0,0.75,0.5,45.64072183165534,0.6375656658273174,0.10642615541584466,4,0.021487,TRADE,edge=90.9 meta_conf=0.6609,2108,1.087804,-0.0325,LOSS
XRP/USDT,2109,2026-06-05 19:00:00,long,0.67076,91.63,60.14,1.0988,0.02605,unknown,,,,False,False,0.0,-0.4701258954510229,52.482361717200725,0.0,0.0,0.0,0.5,0.0,50.0,0.0,0.0,-1,0.0,G4_5_MTF,prior(bearish)=0.50<0.6 OR rev(bullish)=0.00<0.5,-1,0.0,0.0,
XRP/USDT,2110,2026-06-05 20:00:00,long,0.66495,85.98,60.14,1.1154,0.025786,unknown,,,,False,False,0.0,-0.2841307685737855,53.37308530055651,0.0,0.0,0.0,0.5,0.5,50.0,0.0,0.0,-1,0.0,G4_5_MTF,prior(bearish)=0.50<0.6 OR rev(bullish)=0.50<0.5,-1,0.0,0.0,
XRP/USDT,2111,2026-06-05 21:00:00,long,0.67124,81.51,60.14,1.1117,0.024036,unknown,,,,False,False,0.0,-0.379154899716388,53.8910188606294,0.0,0.0,0.0,0.75,1.0,43.247673015487,0.8906251801516158,0.1565067285041437,3,0.021621,TRADE,edge=81.5 meta_conf=0.6712,2118,1.079252,-0.0324,LOSS
XRP/USDT,2119,2026-06-06 05:00:00,long,0.67489,89.68,60.14,1.0894,0.024786,unknown,,,,False,False,0.0,-0.4024063698332265,58.08643663718035,0.0,0.0,0.0,0.75,0.0,50.0,0.0,0.0,-1,0.0,G4_5_MTF,prior(bearish)=0.75<0.6 OR rev(bullish)=0.00<0.5,-1,0.0,0.0,
XRP/USDT,2120,2026-06-06 06:00:00,long,0.67545,80.31,60.14,1.0826,0.023414,unknown,,,,False,False,0.0,-0.5450032599788021,58.74375048809291,0.0,0.0,0.0,0.75,0.5,40.094584543750976,0.03928726595265725,0.015297805657802442,2,0.0,G6_COOLDOWN,bars_since_exit=2 < cooldown=3,-1,0.0,0.0,
XRP/USDT,2121,2026-06-06 07:00:00,long,0.6845,81.17,60.14,1.0921,0.023179,unknown,,,,False,False,0.0,-0.33722872226771494,59.442823980664244,0.0,0.0,0.0,1.0,0.5,45.517237998719736,0.14446296052735175,0.1051756945746945,3,0.021224,TRADE,edge=81.2 meta_conf=0.6845,2146,1.154682,0.0626,WIN
XRP/USDT,2147,2026-06-07 09:00:00,long,0.6852,90.93,60.14,1.1461,0.014279,unknown,,,,True,False,0.0,0.5390975788296645,25.036644050452097,0.0,0.0,0.0,0.5,1.0,50.0,0.0,0.0,-1,0.0,G4_5_MTF,prior(bearish)=0.50<0.6 OR rev(bullish)=1.00<0.5,-1,0.0,0.0,
XRP/USDT,2148,2026-06-07 10:00:00,long,0.67082,79.13,60.14,1.1352,0.014743,unknown,,,,False,False,0.0,0.4305621676587056,26.914616486689106,0.0,0.0,0.0,0.25,0.5,50.0,0.0,0.0,-1,0.0,G4_5_MTF,prior(bearish)=0.25<0.6 OR rev(bullish)=0.50<0.5,-1,0.0,0.0,
XRP/USDT,2149,2026-06-07 11:00:00,long,0.65914,78.37,60.14,1.1403,0.014636,unknown,,,,False,False,0.0,0.5618563419198828,27.224150768881536,0.0,0.0,0.0,0.25,0.0,50.0,0.0,0.0,-1,0.0,G4_5_MTF,prior(bearish)=0.25<0.6 OR rev(bullish)=0.00<0.5,-1,0.0,0.0,
XRP/USDT,2150,2026-06-07 12:00:00,long,0.68818,93.99,60.14,1.1237,0.015629,unknown,,,,False,False,0.0,0.2988036318067685,29.758526380396894,0.0,0.0,0.0,0.25,0.5,50.0,0.0,0.0,-1,0.0,G4_5_MTF,prior(bearish)=0.25<0.6 OR rev(bullish)=0.50<0.5,-1,0.0,0.0,
XRP/USDT,2151,2026-06-07 13:00:00,long,0.68652,84.97,60.14,1.1222,0.015286,unknown,,,,False,False,0.0,0.25613630125661546,31.550472251316613,0.0,0.0,0.0,0.5,0.5,50.0,0.0,0.0,-1,0.0,G4_5_MTF,prior(bearish)=0.50<0.6 OR rev(bullish)=0.50<0.5,-1,0.0,0.0,
XRP/USDT,2152,2026-06-07 14:00:00,long,0.66769,89.18,60.14,1.1333,0.015771,unknown,,,,False,False,0.0,0.40186401908851854,32.389324484672,0.0,0.0,0.0,0.5,0.0,50.0,0.0,0.0,-1,0.0,G4_5_MTF,prior(bearish)=0.50<0.6 OR rev(bullish)=0.00<0.5,-1,0.0,0.0,
XRP/USDT,2153,2026-06-07 15:00:00,long,0.64644,85.32,60.14,1.1339,0.014107,unknown,,,,False,False,0.0,0.37887966119116107,42.38607174776507,0.0,0.0,0.0,0.75,0.5,58.94308104468357,-0.03849543851895931,-0.47401062944319333,-1,0.0,G5_RSI_ACCEL,rsi_accel=-0.4740<-0.08 (RSI free-fall),-1,0.0,0.0,
XRP/USDT,2154,2026-06-07 16:00:00,long,0.64919,84.35,60.14,1.138,0.013571,unknown,,,,False,False,0.0,0.4394551438151389,44.47489481981087,0.0,0.0,0.0,0.75,1.0,59.43774264931329,-0.5460753215390299,-0.5075798830200706,-1,0.0,G5_RSI_ACCEL,rsi_accel=-0.5076<-0.08 (RSI free-fall),-1,0.0,0.0,
XRP/USDT,2155,2026-06-07 17:00:00,long,0.65739,86.82,60.14,1.1444,0.013579,unknown,,,,False,False,0.0,0.5423578261557491,44.604828232147234,0.0,0.0,0.0,0.5,1.0,50.0,0.0,0.0,-1,0.0,G4_5_MTF,prior(bearish)=0.50<0.6 OR rev(bullish)=1.00<0.5,-1,0.0,0.0,
XRP/USDT,2156,2026-06-07 18:00:00,long,0.65894,84.56,60.14,1.1412,0.013471,unknown,,,,False,False,0.0,0.39549004717852465,48.4447774680473,0.0,0.0,0.0,0.5,1.0,50.0,0.0,0.0,-1,0.0,G4_5_MTF,prior(bearish)=0.50<0.6 OR rev(bullish)=1.00<0.5,-1,0.0,0.0,
XRP/USDT,2157,2026-06-07 19:00:00,long,0.65722,89.83,60.14,1.1247,0.014464,unknown,,,,False,False,0.0,0.004494870254064647,48.883035627421584,0.0,0.0,0.0,0.25,0.5,50.0,0.0,0.0,-1,0.0,G4_5_MTF,prior(bearish)=0.25<0.6 OR rev(bullish)=0.50<0.5,-1,0.0,0.0,
XRP/USDT,2158,2026-06-07 20:00:00,long,0.65472,83.23,60.14,1.1325,0.014557,unknown,,,,False,False,0.0,0.2143602165671193,51.13284535729994,0.0,0.0,0.0,0.0,0.0,50.0,0.0,0.0,-1,0.0,G4_5_MTF,prior(bearish)=0.00<0.6 OR rev(bullish)=0.00<0.5,-1,0.0,0.0,
XRP/USDT,2159,2026-06-07 21:00:00,long,0.64322,79.61,60.14,1.1304,0.014064,unknown,,,,False,False,0.0,0.008228158377241973,51.517898879405216,0.0,0.0,0.0,0.25,0.5,50.0,0.0,0.0,-1,0.0,G4_5_MTF,prior(bearish)=0.25<0.6 OR rev(bullish)=0.50<0.5,-1,0.0,0.0,
XRP/USDT,2160,2026-06-07 22:00:00,long,0.62498,97.92,60.14,1.1535,0.015336,unknown,,,,True,False,0.0,0.4047813013426071,50.69310638029321,0.0,0.0,0.0,0.5,0.5,50.0,0.0,0.0,-1,0.0,G4_5_MTF,prior(bearish)=0.50<0.6 OR rev(bullish)=0.50<0.5,-1,0.0,0.0,
XRP/USDT,2161,2026-06-07 23:00:00,long,0.62506,77.88,60.14,1.1556,0.014271,unknown,,,,True,False,0.0,0.5571251599708534,50.691776288565904,0.0,0.0,0.0,0.5,0.5,50.0,0.0,0.0,-1,0.0,G4_5_MTF,prior(bearish)=0.50<0.6 OR rev(bullish)=0.50<0.5,-1,0.0,0.0,
XRP/USDT,2162,2026-06-08 00:00:00,long,0.65417,82.59,60.14,1.1633,0.014579,unknown,,,,True,False,0.0,0.6397006487939025,50.66117128565947,0.0,0.0,0.0,0.75,1.0,63.02130785636413,-1.2789171622488409,0.5463413520538882,16,0.012532,TRADE,edge=82.6 meta_conf=0.6542,2163,1.143619,-0.0197,LOSS
XRP/USDT,2164,2026-06-08 02:00:00,long,0.65884,78.58,60.14,1.1567,0.014714,unknown,,,,True,False,0.0,0.5229457941707055,51.53437620534668,0.0,0.0,0.0,0.25,0.5,50.0,0.0,0.0,-1,0.0,G4_5_MTF,prior(bearish)=0.25<0.6 OR rev(bullish)=0.50<0.5,-1,0.0,0.0,
XRP/USDT,2165,2026-06-08 03:00:00,long,0.66056,85.87,60.14,1.1517,0.015279,unknown,,,,False,False,0.0,0.4261385894501191,51.53304541291959,0.0,0.0,0.0,0.25,0.0,50.0,0.0,0.0,-1,0.0,G4_5_MTF,prior(bearish)=0.25<0.6 OR rev(bullish)=0.00<0.5,-1,0.0,0.0,
XRP/USDT,2166,2026-06-08 04:00:00,long,0.67127,87.42,60.14,1.1402,0.01515,unknown,,,,False,False,0.0,0.041737756356701246,51.41708719158588,0.0,0.0,0.0,0.25,0.0,50.0,0.0,0.0,-1,0.0,G4_5_MTF,prior(bearish)=0.25<0.6 OR rev(bullish)=0.00<0.5,-1,0.0,0.0,
XRP/USDT,2167,2026-06-08 05:00:00,long,0.67265,85.92,60.14,1.1365,0.015379,unknown,,,,False,False,0.0,-0.06762450442518166,51.65395653654661,0.0,0.0,0.0,0.5,0.0,50.0,0.0,0.0,-1,0.0,G4_5_MTF,prior(bearish)=0.50<0.6 OR rev(bullish)=0.00<0.5,-1,0.0,0.0,
XRP/USDT,2168,2026-06-08 06:00:00,long,0.6744,63.3,60.14,1.1411,0.015271,unknown,,,,False,False,0.0,0.0,50.0,0.0,0.0,0.0,0.0,0.0,50.0,0.0,0.0,-1,0.0,G3_MIN_QUALITY,edge=63.3 < MIN_QUALITY_SCORE=70.0,-1,0.0,0.0,
XRP/USDT,2169,2026-06-08 07:00:00,long,0.66195,65.26,60.14,1.1479,0.015507,unknown,,,,False,False,0.0,0.0,50.0,0.0,0.0,0.0,0.0,0.0,50.0,0.0,0.0,-1,0.0,G3_MIN_QUALITY,edge=65.3 < MIN_QUALITY_SCORE=70.0,-1,0.0,0.0,
XRP/USDT,2170,2026-06-08 08:00:00,long,0.66759,62.63,60.14,1.1397,0.015607,unknown,,,,False,False,0.0,0.0,50.0,0.0,0.0,0.0,0.0,0.0,50.0,0.0,0.0,-1,0.0,G3_MIN_QUALITY,edge=62.6 < MIN_QUALITY_SCORE=70.0,-1,0.0,0.0,
XRP/USDT,2171,2026-06-08 09:00:00,long,0.6423,67.72,60.14,1.1501,0.0148,unknown,,,,False,False,0.0,0.0,50.0,0.0,0.0,0.0,0.0,0.0,50.0,0.0,0.0,-1,0.0,G3_MIN_QUALITY,edge=67.7 < MIN_QUALITY_SCORE=70.0,-1,0.0,0.0,
XRP/USDT,2172,2026-06-08 10:00:00,long,0.64091,68.24,60.14,1.145,0.014407,unknown,,,,False,False,0.0,0.0,50.0,0.0,0.0,0.0,0.0,0.0,50.0,0.0,0.0,-1,0.0,G3_MIN_QUALITY,edge=68.2 < MIN_QUALITY_SCORE=70.0,-1,0.0,0.0,
XRP/USDT,2173,2026-06-08 11:00:00,long,0.63257,66.08,60.14,1.1578,0.015386,unknown,,,,False,False,0.0,0.0,50.0,0.0,0.0,0.0,0.0,0.0,50.0,0.0,0.0,-1,0.0,G3_MIN_QUALITY,edge=66.1 < MIN_QUALITY_SCORE=70.0,-1,0.0,0.0,
XRP/USDT,2174,2026-06-08 12:00:00,long,0.62459,77.33,60.14,1.1701,0.013971,unknown,,,,True,False,0.0,0.5403450168543079,64.36934342823676,0.0,0.0,0.0,0.0,0.0,50.0,0.0,0.0,-1,0.0,G3_5_ADX,adx=23.7 < 25 (weak trend),-1,0.0,0.0,
XRP/USDT,2175,2026-06-08 13:00:00,long,0.63755,62.71,60.14,1.1625,0.01435,unknown,,,,False,False,0.0,0.0,50.0,0.0,0.0,0.0,0.0,0.0,50.0,0.0,0.0,-1,0.0,G3_MIN_QUALITY,edge=62.7 < MIN_QUALITY_SCORE=70.0,-1,0.0,0.0,
XRP/USDT,2176,2026-06-08 14:00:00,long,0.63701,63.84,60.14,1.1728,0.014279,unknown,,,,False,False,0.0,0.0,50.0,0.0,0.0,0.0,0.0,0.0,50.0,0.0,0.0,-1,0.0,G3_MIN_QUALITY,edge=63.8 < MIN_QUALITY_SCORE=70.0,-1,0.0,0.0,
XRP/USDT,2177,2026-06-08 15:00:00,long,0.64649,66.26,60.14,1.1711,0.013807,unknown,,,,False,False,0.0,0.0,50.0,0.0,0.0,0.0,0.0,0.0,50.0,0.0,0.0,-1,0.0,G3_MIN_QUALITY,edge=66.3 < MIN_QUALITY_SCORE=70.0,-1,0.0,0.0,
XRP/USDT,2178,2026-06-08 16:00:00,long,0.63991,66.32,60.14,1.1648,0.014079,unknown,,,,False,False,0.0,0.0,50.0,0.0,0.0,0.0,0.0,0.0,50.0,0.0,0.0,-1,0.0,G3_MIN_QUALITY,edge=66.3 < MIN_QUALITY_SCORE=70.0,-1,0.0,0.0,
XRP/USDT,2179,2026-06-08 17:00:00,long,0.64126,58.47,60.14,1.1728,0.014264,unknown,,,,False,False,0.0,0.0,50.0,0.0,0.0,0.0,0.0,0.0,50.0,0.0,0.0,-1,0.0,G2_EDGE,edge=58.5 < thr=60.1,-1,0.0,0.0,
XRP/USDT,2180,2026-06-08 18:00:00,long,0.66736,57.93,60.14,1.1746,0.013914,unknown,,,,False,False,0.0,0.0,50.0,0.0,0.0,0.0,0.0,0.0,50.0,0.0,0.0,-1,0.0,G2_EDGE,edge=57.9 < thr=60.1,-1,0.0,0.0,
XRP/USDT,2181,2026-06-08 19:00:00,long,0.67637,72.93,60.14,1.1798,0.014021,unknown,,,,True,False,0.0,0.6463433764523259,52.84082343591739,0.0,0.0,0.0,0.75,1.0,71.41443125814018,0.9495412312049709,0.2597305015191337,18,0.011885,TRADE,edge=72.9 meta_conf=0.6764,2186,1.160871,-0.0189,LOSS
XRP/USDT,2187,2026-06-09 01:00:00,long,0.52078,76.57,60.14,1.151,0.013979,unknown,,,,False,False,0.0,-0.25631139092948807,60.59045473308554,0.0,0.0,0.0,0.5,0.0,50.0,0.0,0.0,-1,0.0,G4_5_MTF,prior(bearish)=0.50<0.6 OR rev(bullish)=0.00<0.5,-1,0.0,0.0,
XRP/USDT,2188,2026-06-09 02:00:00,long,0.51991,77.1,60.14,1.1527,0.013086,unknown,,,,False,False,0.0,-0.20235437102216558,57.5117002834346,0.0,0.0,0.0,0.75,0.0,50.0,0.0,0.0,-1,0.0,G4_5_MTF,prior(bearish)=0.75<0.6 OR rev(bullish)=0.00<0.5,-1,0.0,0.0,
XRP/USDT,2189,2026-06-09 03:00:00,long,0.51862,70.76,60.14,1.1548,0.012421,unknown,,,,False,False,0.0,-0.1825548270047252,57.139934005345204,0.0,0.0,0.0,0.75,0.5,44.71878427897144,-1.0372753297609414,-0.5781193793373586,-1,0.0,G5_RSI_ACCEL,rsi_accel=-0.5781<-0.08 (RSI free-fall),-1,0.0,0.0,
XRP/USDT,2190,2026-06-09 04:00:00,long,0.50146,81.97,60.14,1.1666,0.0127,unknown,,,,False,False,0.0,0.0872437204842104,56.832898197778235,0.0,0.0,0.0,1.0,1.0,45.833324708782996,-1.5074131027045823,-0.4701377729436409,-1,0.0,G5_RSI_ACCEL,rsi_accel=-0.4701<-0.08 (RSI free-fall),-1,0.0,0.0,
XRP/USDT,2191,2026-06-09 05:00:00,long,0.51594,70.77,60.14,1.173,0.01255,unknown,,,,True,False,0.0,0.24724442868894494,56.58658886552461,0.0,0.0,0.0,0.75,1.0,51.20100231587824,-1.7091327374208574,-0.20171963471627508,-1,0.0,G5_RSI_ACCEL,rsi_accel=-0.2017<-0.08 (RSI free-fall),-1,0.0,0.0,
XRP/USDT,2192,2026-06-09 06:00:00,long,0.51032,67.23,60.14,1.1726,0.012007,unknown,,,,False,False,0.0,0.0,50.0,0.0,0.0,0.0,0.0,0.0,50.0,0.0,0.0,-1,0.0,G3_MIN_QUALITY,edge=67.2 < MIN_QUALITY_SCORE=70.0,-1,0.0,0.0,
XRP/USDT,2193,2026-06-09 07:00:00,long,0.50541,68.37,60.14,1.1714,0.011679,unknown,,,,False,False,0.0,0.0,50.0,0.0,0.0,0.0,0.0,0.0,50.0,0.0,0.0,-1,0.0,G3_MIN_QUALITY,edge=68.4 < MIN_QUALITY_SCORE=70.0,-1,0.0,0.0,
XRP/USDT,2194,2026-06-09 08:00:00,long,0.50863,53.75,60.14,1.1675,0.011629,unknown,,,,False,False,0.0,0.0,50.0,0.0,0.0,0.0,0.0,0.0,50.0,0.0,0.0,-1,0.0,G2_EDGE,edge=53.7 < thr=60.1,-1,0.0,0.0,
XRP/USDT,2195,2026-06-09 09:00:00,long,0.50606,52.36,60.14,1.1596,0.011529,unknown,,,,False,False,0.0,0.0,50.0,0.0,0.0,0.0,0.0,0.0,50.0,0.0,0.0,-1,0.0,G2_EDGE,edge=52.4 < thr=60.1,-1,0.0,0.0,
XRP/USDT,2196,2026-06-09 10:00:00,short,0.50716,47.65,60.25,1.1592,0.011057,unknown,,,,False,False,0.0,0.0,50.0,0.0,0.0,0.0,0.0,0.0,50.0,0.0,0.0,-1,0.0,G2_EDGE,edge=47.7 < thr=60.3,-1,0.0,0.0,
XRP/USDT,2197,2026-06-09 11:00:00,long,0.5055,60.11,60.14,1.1554,0.010871,unknown,,,,False,False,0.0,0.0,50.0,0.0,0.0,0.0,0.0,0.0,50.0,0.0,0.0,-1,0.0,G2_EDGE,edge=60.1 < thr=60.1,-1,0.0,0.0,
XRP/USDT,2198,2026-06-09 12:00:00,long,0.51032,59.61,60.14,1.1631,0.010907,unknown,,,,False,False,0.0,0.0,50.0,0.0,0.0,0.0,0.0,0.0,50.0,0.0,0.0,-1,0.0,G2_EDGE,edge=59.6 < thr=60.1,-1,0.0,0.0,
XRP/USDT,2199,2026-06-09 13:00:00,long,0.51673,69.14,60.14,1.1578,0.010693,unknown,,,,False,False,0.0,0.0,50.0,0.0,0.0,0.0,0.0,0.0,50.0,0.0,0.0,-1,0.0,G3_MIN_QUALITY,edge=69.1 < MIN_QUALITY_SCORE=70.0,-1,0.0,0.0,
XRP/USDT,2200,2026-06-09 14:00:00,long,0.55771,84.59,60.14,1.1373,0.011414,unknown,,,,False,True,0.0,-0.615375092185922,48.5834152652627,-1.0,0.0,0.0,0.0,0.0,50.0,0.0,0.0,-1,0.0,G3_5_ADX,adx=17.8 < 25 (weak trend),-1,0.0,0.0,
XRP/USDT,2201,2026-06-09 15:00:00,long,0.56745,81.74,60.14,1.1277,0.01195,unknown,,,,False,True,0.0,-0.7211451853099663,45.19970488913405,-1.0,0.0,0.0,0.0,0.0,50.0,0.0,0.0,-1,0.0,G3_5_ADX,adx=19.4 < 25 (weak trend),-1,0.0,0.0,
XRP/USDT,2202,2026-06-09 16:00:00,long,0.57361,69.49,60.14,1.128,0.012079,unknown,,,,False,False,0.0,0.0,50.0,0.0,0.0,0.0,0.0,0.0,50.0,0.0,0.0,-1,0.0,G3_MIN_QUALITY,edge=69.5 < MIN_QUALITY_SCORE=70.0,-1,0.0,0.0,
XRP/USDT,2203,2026-06-09 17:00:00,long,0.5641,62.1,60.14,1.1384,0.013057,unknown,,,,False,False,0.0,0.0,50.0,0.0,0.0,0.0,0.0,0.0,50.0,0.0,0.0,-1,0.0,G3_MIN_QUALITY,edge=62.1 < MIN_QUALITY_SCORE=70.0,-1,0.0,0.0,
XRP/USDT,2204,2026-06-09 18:00:00,long,0.55666,51.67,60.14,1.139,0.01225,unknown,,,,False,False,0.0,0.0,50.0,0.0,0.0,0.0,0.0,0.0,50.0,0.0,0.0,-1,0.0,G2_EDGE,edge=51.7 < thr=60.1,-1,0.0,0.0,
XRP/USDT,2205,2026-06-09 19:00:00,long,0.56036,52.88,60.14,1.1402,0.011907,unknown,,,,False,False,0.0,0.0,50.0,0.0,0.0,0.0,0.0,0.0,50.0,0.0,0.0,-1,0.0,G2_EDGE,edge=52.9 < thr=60.1,-1,0.0,0.0,
XRP/USDT,2206,2026-06-09 20:00:00,long,0.55432,71.77,60.14,1.1439,0.011979,unknown,,,,False,False,0.0,-0.45556553120975796,39.285293130730764,0.0,0.0,0.0,0.5,1.0,50.0,0.0,0.0,-1,0.0,G4_5_MTF,prior(bearish)=0.50<0.6 OR rev(bullish)=1.00<0.5,-1,0.0,0.0,
XRP/USDT,2207,2026-06-09 21:00:00,long,0.55978,70.55,60.14,1.1371,0.01195,unknown,,,,False,False,0.0,-0.6175493993322699,42.136295761091276,0.0,0.0,0.0,0.25,1.0,50.0,0.0,0.0,-1,0.0,G4_5_MTF,prior(bearish)=0.25<0.6 OR rev(bullish)=1.00<0.5,-1,0.0,0.0,
XRP/USDT,2208,2026-06-09 22:00:00,long,0.55677,80.51,60.14,1.1356,0.011921,unknown,,,,False,True,0.0,-0.5561778409503357,43.78928255183397,0.0,0.0,0.0,0.0,0.5,50.0,0.0,0.0,-1,0.0,G4_5_MTF,prior(bearish)=0.00<0.6 OR rev(bullish)=0.50<0.5,-1,0.0,0.0,
XRP/USDT,2209,2026-06-09 23:00:00,long,0.55116,71.09,60.14,1.1375,0.0115,unknown,,,,False,False,0.0,-0.472662851794756,46.528579103175716,0.0,0.0,0.0,0.0,0.0,50.0,0.0,0.0,-1,0.0,G4_5_MTF,prior(bearish)=0.00<0.6 OR rev(bullish)=0.00<0.5,-1,0.0,0.0,
XRP/USDT,2210,2026-06-10 00:00:00,long,0.55918,74.2,60.14,1.137,0.012064,unknown,,,,False,False,0.0,-0.5638059762498004,46.761225187308426,0.0,0.0,0.0,0.25,0.5,50.0,0.0,0.0,-1,0.0,G4_5_MTF,prior(bearish)=0.25<0.6 OR rev(bullish)=0.50<0.5,-1,0.0,0.0,
XRP/USDT,2211,2026-06-10 01:00:00,long,0.56737,86.01,60.14,1.1291,0.012307,unknown,,,,False,True,0.0,-0.6613837869626281,47.0904194844371,0.0,0.0,0.0,0.5,0.5,50.0,0.0,0.0,-1,0.0,G4_5_MTF,prior(bearish)=0.50<0.6 OR rev(bullish)=0.50<0.5,-1,0.0,0.0,
XRP/USDT,2212,2026-06-10 02:00:00,long,0.60567,87.1,60.14,1.1174,0.01275,unknown,,,,False,True,0.0,-0.7240225705032594,45.05836075648402,-1.0,0.0,0.0,0.5,0.0,50.0,0.0,0.0,-1,0.0,G4_5_MTF,prior(bearish)=0.50<0.6 OR rev(bullish)=0.00<0.5,-1,0.0,0.0,
XRP/USDT,2213,2026-06-10 03:00:00,long,0.60712,85.93,60.14,1.1191,0.012386,unknown,,,,False,True,0.0,-0.596641199274281,50.50908389976774,0.0,0.0,0.0,0.75,0.0,50.0,0.0,0.0,-1,0.0,G4_5_MTF,prior(bearish)=0.75<0.6 OR rev(bullish)=0.00<0.5,-1,0.0,0.0,
XRP/USDT,2214,2026-06-10 04:00:00,long,0.61254,80.75,60.14,1.116,0.010929,unknown,,,,False,True,0.0,-0.6954153536950404,60.76818378732034,0.0,0.0,0.0,0.75,0.5,32.51230779684231,-0.5794346703020664,0.24921527847217628,28,0.009793,TRADE,edge=80.7 meta_conf=0.6125,2219,1.101246,-0.0148,LOSS
XRP/USDT,2220,2026-06-10 10:00:00,long,0.65334,82.76,60.14,1.111,0.009429,unknown,,,,False,True,0.0,-0.5217828875402142,46.383661372275256,0.0,0.0,0.0,0.75,0.5,20.884950577180675,-0.589533780214215,-0.21766224459502054,-1,0.0,G5_RSI_ACCEL,rsi_accel=-0.2177<-0.08 (RSI free-fall),-1,0.0,0.0,
XRP/USDT,2221,2026-06-10 11:00:00,long,0.65436,88.24,60.14,1.1043,0.009429,unknown,,,,False,True,0.0,-0.7066757475771613,48.53934195670295,0.0,0.0,0.0,0.75,1.0,20.921980622203677,-0.8308656840966382,-0.2413319038824232,-1,0.0,G5_RSI_ACCEL,rsi_accel=-0.2413<-0.08 (RSI free-fall),-1,0.0,0.0,
XRP/USDT,2222,2026-06-10 12:00:00,long,0.59295,97.82,60.14,1.1179,0.010507,unknown,,,,False,False,0.0,-0.3727746871658861,48.36412644562504,0.0,0.0,0.0,0.5,0.5,50.0,0.0,0.0,-1,0.0,G4_5_MTF,prior(bearish)=0.50<0.6 OR rev(bullish)=0.50<0.5,-1,0.0,0.0,
XRP/USDT,2223,2026-06-10 13:00:00,long,0.54646,99.86,60.14,1.1302,0.01165,unknown,,,,False,False,0.0,-0.06590864691894399,48.402052177721295,0.0,0.0,0.0,0.25,0.5,50.0,0.0,0.0,-1,0.0,G4_5_MTF,prior(bearish)=0.25<0.6 OR rev(bullish)=0.50<0.5,-1,0.0,0.0,
XRP/USDT,2224,2026-06-10 14:00:00,long,0.55047,82.68,60.14,1.1248,0.011536,unknown,,,,False,False,0.0,-0.11531456505988263,51.68085329594595,0.0,0.0,0.0,0.5,1.0,50.0,0.0,0.0,-1,0.0,G4_5_MTF,prior(bearish)=0.50<0.6 OR rev(bullish)=1.00<0.5,-1,0.0,0.0,
XRP/USDT,2225,2026-06-10 15:00:00,long,0.56082,87.67,60.14,1.1287,0.011893,unknown,,,,False,False,0.0,0.1392566829811666,51.57564213860232,0.0,0.0,0.0,0.25,0.5,50.0,0.0,0.0,-1,0.0,G4_5_MTF,prior(bearish)=0.25<0.6 OR rev(bullish)=0.50<0.5,-1,0.0,0.0,
XRP/USDT,2226,2026-06-10 16:00:00,long,0.5888,92.76,60.14,1.114,0.012329,unknown,,,,False,True,0.0,-0.26637632438712755,51.46831642550959,0.0,0.0,0.0,0.25,0.5,50.0,0.0,0.0,-1,0.0,G4_5_MTF,prior(bearish)=0.25<0.6 OR rev(bullish)=0.50<0.5,-1,0.0,0.0,
XRP/USDT,2227,2026-06-10 17:00:00,long,0.59258,88.56,60.14,1.1102,0.012864,unknown,,,,False,True,0.0,-0.4695710248197413,51.59017140188195,0.0,0.0,0.0,0.5,0.5,50.0,0.0,0.0,-1,0.0,G4_5_MTF,prior(bearish)=0.50<0.6 OR rev(bullish)=0.50<0.5,-1,0.0,0.0,
XRP/USDT,2228,2026-06-10 18:00:00,long,0.62036,90.27,60.14,1.1073,0.0131,unknown,,,,False,True,0.0,-0.40257444931708086,51.743480244521024,0.0,0.0,0.0,0.25,0.0,50.0,0.0,0.0,-1,0.0,G4_5_MTF,prior(bearish)=0.25<0.6 OR rev(bullish)=0.00<0.5,-1,0.0,0.0,
XRP/USDT,2229,2026-06-10 19:00:00,long,0.63843,86.79,60.14,1.0981,0.013371,unknown,,,,False,True,0.0,-0.6903030813966794,49.46289279230562,-1.0,0.0,0.0,0.5,0.0,50.0,0.0,0.0,-1,0.0,G4_5_MTF,prior(bearish)=0.50<0.6 OR rev(bullish)=0.00<0.5,-1,0.0,0.0,
XRP/USDT,2230,2026-06-10 20:00:00,long,0.63806,81.37,60.14,1.0993,0.013479,unknown,,,,False,True,0.0,-0.5854437652620782,48.7856203899737,0.0,0.0,0.0,0.75,0.0,50.0,0.0,0.0,-1,0.0,G4_5_MTF,prior(bearish)=0.75<0.6 OR rev(bullish)=0.00<0.5,-1,0.0,0.0,
XRP/USDT,2231,2026-06-10 21:00:00,long,0.66127,86.41,60.14,1.0927,0.013679,unknown,,,,False,True,0.0,-0.7130653281742113,45.17141119723855,-1.0,0.0,0.0,0.75,0.5,37.10894800943609,1.7707392075887392,-0.27931570610981926,-1,0.0,G5_RSI_ACCEL,rsi_accel=-0.2793<-0.08 (RSI free-fall),-1,0.0,0.0,
XRP/USDT,2232,2026-06-10 22:00:00,long,0.65305,84.88,60.14,1.095,0.013514,unknown,,,,False,True,0.0,-0.5317727282875068,46.1376500634797,0.0,0.0,0.0,1.0,0.5,42.674411657653934,1.4425974626324354,-0.32814174495630377,-1,0.0,G5_RSI_ACCEL,rsi_accel=-0.3281<-0.08 (RSI free-fall),-1,0.0,0.0,
XRP/USDT,2233,2026-06-10 23:00:00,long,0.65518,69.3,60.14,1.097,0.013471,unknown,,,,False,False,0.0,0.0,50.0,0.0,0.0,0.0,0.0,0.0,50.0,0.0,0.0,-1,0.0,G3_MIN_QUALITY,edge=69.3 < MIN_QUALITY_SCORE=70.0,-1,0.0,0.0,
XRP/USDT,2234,2026-06-11 00:00:00,long,0.69764,65.56,60.14,1.1019,0.013586,unknown,,,,False,False,0.0,0.0,50.0,0.0,0.0,0.0,0.0,0.0,50.0,0.0,0.0,-1,0.0,G3_MIN_QUALITY,edge=65.6 < MIN_QUALITY_SCORE=70.0,-1,0.0,0.0,
XRP/USDT,2235,2026-06-11 01:00:00,long,0.68569,72.87,60.14,1.1158,0.014179,unknown,,,,False,False,0.0,0.2403803248971869,48.97088272575108,0.0,0.0,0.0,0.0,0.0,50.0,0.0,0.0,-1,0.0,G3_5_ADX,adx=11.7 < 25 (weak trend),-1,0.0,0.0,
XRP/USDT,2236,2026-06-11 02:00:00,long,0.65579,54.78,60.14,1.1093,0.013486,unknown,,,,False,False,0.0,0.0,50.0,0.0,0.0,0.0,0.0,0.0,50.0,0.0,0.0,-1,0.0,G2_EDGE,edge=54.8 < thr=60.1,-1,0.0,0.0,
XRP/USDT,2237,2026-06-11 03:00:00,long,0.62618,63.84,60.14,1.12,0.0132,unknown,,,,False,False,0.0,0.0,50.0,0.0,0.0,0.0,0.0,0.0,50.0,0.0,0.0,-1,0.0,G3_MIN_QUALITY,edge=63.8 < MIN_QUALITY_SCORE=70.0,-1,0.0,0.0,
XRP/USDT,2238,2026-06-11 04:00:00,long,0.6223,61.54,60.14,1.1198,0.012821,unknown,,,,False,False,0.0,0.0,50.0,0.0,0.0,0.0,0.0,0.0,50.0,0.0,0.0,-1,0.0,G3_MIN_QUALITY,edge=61.5 < MIN_QUALITY_SCORE=70.0,-1,0.0,0.0,
XRP/USDT,2239,2026-06-11 05:00:00,long,0.65104,57.11,60.14,1.1146,0.012136,unknown,,,,False,False,0.0,0.0,50.0,0.0,0.0,0.0,0.0,0.0,50.0,0.0,0.0,-1,0.0,G2_EDGE,edge=57.1 < thr=60.1,-1,0.0,0.0,
XRP/USDT,2240,2026-06-11 06:00:00,long,0.66399,63.5,60.14,1.1148,0.011221,unknown,,,,False,False,0.0,0.0,50.0,0.0,0.0,0.0,0.0,0.0,50.0,0.0,0.0,-1,0.0,G3_MIN_QUALITY,edge=63.5 < MIN_QUALITY_SCORE=70.0,-1,0.0,0.0,
XRP/USDT,2241,2026-06-11 07:00:00,long,0.66791,61.24,60.14,1.1151,0.010571,unknown,,,,False,False,0.0,0.0,50.0,0.0,0.0,0.0,0.0,0.0,50.0,0.0,0.0,-1,0.0,G3_MIN_QUALITY,edge=61.2 < MIN_QUALITY_SCORE=70.0,-1,0.0,0.0,
XRP/USDT,2242,2026-06-11 08:00:00,long,0.64935,54.04,60.14,1.1211,0.010307,unknown,,,,False,False,0.0,0.0,50.0,0.0,0.0,0.0,0.0,0.0,50.0,0.0,0.0,-1,0.0,G2_EDGE,edge=54.0 < thr=60.1,-1,0.0,0.0,
XRP/USDT,2243,2026-06-11 09:00:00,long,0.62995,56.86,60.14,1.1172,0.009843,unknown,,,,False,False,0.0,0.0,50.0,0.0,0.0,0.0,0.0,0.0,50.0,0.0,0.0,-1,0.0,G2_EDGE,edge=56.9 < thr=60.1,-1,0.0,0.0,
XRP/USDT,2244,2026-06-11 10:00:00,long,0.63618,55.41,60.14,1.1216,0.009907,unknown,,,,False,False,0.0,0.0,50.0,0.0,0.0,0.0,0.0,0.0,50.0,0.0,0.0,-1,0.0,G2_EDGE,edge=55.4 < thr=60.1,-1,0.0,0.0,
XRP/USDT,2245,2026-06-11 11:00:00,long,0.64469,41.92,60.14,1.1223,0.009614,unknown,,,,False,False,0.0,0.0,50.0,0.0,0.0,0.0,0.0,0.0,50.0,0.0,0.0,-1,0.0,G2_EDGE,edge=41.9 < thr=60.1,-1,0.0,0.0,
XRP/USDT,2246,2026-06-11 12:00:00,long,0.68614,92.58,60.14,1.1139,0.0099,unknown,,,,False,False,0.0,0.10087539131936134,57.40888076446551,0.0,0.0,0.0,0.25,1.0,50.0,0.0,0.0,-1,0.0,G4_5_MTF,prior(bearish)=0.25<0.6 OR rev(bullish)=1.00<0.5,-1,0.0,0.0,
XRP/USDT,2247,2026-06-11 13:00:00,long,0.68946,86.26,60.14,1.1165,0.010043,unknown,,,,False,False,0.0,0.29603083707023187,64.64738115535214,0.0,0.0,0.0,0.25,0.5,50.0,0.0,0.0,-1,0.0,G4_5_MTF,prior(bearish)=0.25<0.6 OR rev(bullish)=0.50<0.5,-1,0.0,0.0,
XRP/USDT,2248,2026-06-11 14:00:00,long,0.6786,79.78,60.14,1.113,0.010064,unknown,,,,False,False,0.0,0.09172583060107976,71.71630143546882,0.0,0.0,0.0,0.25,0.5,50.0,0.0,0.0,-1,0.0,G4_5_MTF,prior(bearish)=0.25<0.6 OR rev(bullish)=0.50<0.5,-1,0.0,0.0,
XRP/USDT,2249,2026-06-11 15:00:00,long,0.65728,84.68,60.14,1.1128,0.009557,unknown,,,,False,False,0.0,-0.21769038336888327,75.89819818079981,0.0,0.0,0.0,0.5,0.5,50.0,0.0,0.0,-1,0.0,G4_5_MTF,prior(bearish)=0.50<0.6 OR rev(bullish)=0.50<0.5,-1,0.0,0.0,
XRP/USDT,2250,2026-06-11 16:00:00,long,0.67094,76.17,60.14,1.1079,0.009279,unknown,,,,False,False,0.0,-0.37828011483489643,76.14933652800579,0.0,0.0,0.0,0.25,0.0,50.0,0.0,0.0,-1,0.0,G4_5_MTF,prior(bearish)=0.25<0.6 OR rev(bullish)=0.00<0.5,-1,0.0,0.0,
XRP/USDT,2251,2026-06-11 17:00:00,long,0.5879,96.69,60.14,1.1394,0.010886,unknown,,,,True,False,0.0,0.5234665561623885,48.81599135167453,1.0,0.0,0.0,0.5,0.0,50.0,0.0,0.0,-1,0.0,G4_5_MTF,prior(bearish)=0.50<0.6 OR rev(bullish)=0.00<0.5,-1,0.0,0.0,
XRP/USDT,2252,2026-06-11 18:00:00,long,0.58472,78.58,60.14,1.138,0.011271,unknown,,,,True,False,0.0,0.49940703706852296,46.666324795814724,0.0,0.0,0.0,0.75,0.5,62.431682048585365,0.4993484152919855,-0.2041545854513307,-1,0.0,G5_RSI_ACCEL,rsi_accel=-0.2042<-0.08 (RSI free-fall),-1,0.0,0.0,
XRP/USDT,2253,2026-06-11 19:00:00,long,0.57229,79.33,60.14,1.1434,0.012014,unknown,,,,True,False,0.0,0.6606786958564457,43.5324794235174,0.0,0.0,0.0,0.75,0.5,69.6185153316182,0.25579495678137926,-0.24355345851060622,-1,0.0,G5_RSI_ACCEL,rsi_accel=-0.2436<-0.08 (RSI free-fall),-1,0.0,0.0,
XRP/USDT,2254,2026-06-11 20:00:00,long,0.58919,76.71,60.14,1.1359,0.01225,unknown,,,,True,False,0.0,0.5096135868352117,43.80128659132138,0.0,0.0,0.0,0.75,0.5,63.07309934295661,-0.002548399631979187,-0.2583433564133584,-1,0.0,G5_RSI_ACCEL,rsi_accel=-0.2583<-0.08 (RSI free-fall),-1,0.0,0.0,
XRP/USDT,2255,2026-06-11 21:00:00,long,0.57611,73.82,60.14,1.1412,0.0124,unknown,,,,True,False,0.0,0.6307634688641922,44.27450770102944,0.0,0.0,0.0,0.75,0.5,65.22752726738169,-0.1510288087638526,-0.1484804091318734,-1,0.0,G5_RSI_ACCEL,rsi_accel=-0.1485<-0.08 (RSI free-fall),-1,0.0,0.0,
XRP/USDT,2256,2026-06-11 22:00:00,long,0.59659,75.57,60.14,1.1432,0.012243,unknown,,,,True,False,0.0,0.6278844475400406,44.769099586131276,0.0,0.0,0.0,0.5,0.5,50.0,0.0,0.0,-1,0.0,G4_5_MTF,prior(bearish)=0.50<0.6 OR rev(bullish)=0.50<0.5,-1,0.0,0.0,
XRP/USDT,2257,2026-06-11 23:00:00,long,0.61725,74.7,60.14,1.1428,0.012279,unknown,,,,True,False,0.0,0.5486686792150505,45.38241152492688,0.0,0.0,0.0,0.5,1.0,50.0,0.0,0.0,-1,0.0,G4_5_MTF,prior(bearish)=0.50<0.6 OR rev(bullish)=1.00<0.5,-1,0.0,0.0,
XRP/USDT,2258,2026-06-12 00:00:00,long,0.6268,75.17,60.14,1.1424,0.011979,unknown,,,,True,False,0.0,0.49440723168492595,45.896297640279286,0.0,0.0,0.0,0.5,0.5,50.0,0.0,0.0,-1,0.0,G4_5_MTF,prior(bearish)=0.50<0.6 OR rev(bullish)=0.50<0.5,-1,0.0,0.0,
XRP/USDT,2259,2026-06-12 01:00:00,long,0.62205,73.68,60.14,1.1399,0.011957,unknown,,,,True,False,0.0,0.4777960834726232,46.46924362061776,0.0,0.0,0.0,0.25,0.0,50.0,0.0,0.0,-1,0.0,G4_5_MTF,prior(bearish)=0.25<0.6 OR rev(bullish)=0.00<0.5,-1,0.0,0.0,
XRP/USDT,2260,2026-06-12 02:00:00,long,0.62199,65.25,60.14,1.1461,0.011721,unknown,,,,False,False,0.0,0.0,50.0,0.0,0.0,0.0,0.0,0.0,50.0,0.0,0.0,-1,0.0,G3_MIN_QUALITY,edge=65.2 < MIN_QUALITY_SCORE=70.0,-1,0.0,0.0,
XRP/USDT,2261,2026-06-12 03:00:00,long,0.61272,74.77,60.14,1.1442,0.01125,unknown,,,,True,False,0.0,0.48745355508509525,47.19727104054579,0.0,0.0,0.0,0.5,0.5,50.0,0.0,0.0,-1,0.0,G4_5_MTF,prior(bearish)=0.50<0.6 OR rev(bullish)=0.50<0.5,-1,0.0,0.0,
XRP/USDT,2262,2026-06-12 04:00:00,long,0.60256,64.75,60.14,1.1465,0.011307,unknown,,,,False,False,0.0,0.0,50.0,0.0,0.0,0.0,0.0,0.0,50.0,0.0,0.0,-1,0.0,G3_MIN_QUALITY,edge=64.7 < MIN_QUALITY_SCORE=70.0,-1,0.0,0.0,
XRP/USDT,2263,2026-06-12 05:00:00,long,0.60568,73.71,60.14,1.14,0.011093,unknown,,,,True,False,0.0,0.38621439514993816,47.115730334869866,0.0,0.0,0.0,0.75,0.5,67.39129228288877,0.9179732231308263,-0.42824371780876114,-1,0.0,G5_RSI_ACCEL,rsi_accel=-0.4282<-0.08 (RSI free-fall),-1,0.0,0.0,
XRP/USDT,2264,2026-06-12 06:00:00,long,0.63428,83.21,60.14,1.1299,0.011457,unknown,,,,False,False,0.0,0.19712521641827185,47.62213099439103,0.0,0.0,0.0,0.75,0.5,63.18943783390718,0.3293279149148771,-0.5886453082159492,-1,0.0,G5_RSI_ACCEL,rsi_accel=-0.5886<-0.08 (RSI free-fall),-1,0.0,0.0,
XRP/USDT,2265,2026-06-12 07:00:00,long,0.61257,79.37,60.14,1.1336,0.009036,unknown,,,,False,False,0.0,0.10404834238288309,73.37643982033643,0.0,0.0,0.0,0.5,0.0,50.0,0.0,0.0,-1,0.0,G4_5_MTF,prior(bearish)=0.50<0.6 OR rev(bullish)=0.00<0.5,-1,0.0,0.0,
XRP/USDT,2266,2026-06-12 08:00:00,long,0.57433,71.63,60.14,1.1426,0.00895,unknown,,,,True,False,0.0,0.35304519893235176,72.83039523675457,0.0,0.0,0.0,0.5,0.5,50.0,0.0,0.0,-1,0.0,G4_5_MTF,prior(bearish)=0.50<0.6 OR rev(bullish)=0.50<0.5,-1,0.0,0.0,
XRP/USDT,2267,2026-06-12 09:00:00,long,0.56604,75.18,60.14,1.1466,0.008721,unknown,,,,True,False,0.0,0.37577640721353667,70.45641732197402,0.0,0.0,0.0,0.75,1.0,52.588984850391846,-0.8912668855256102,-0.14287040770138282,-1,0.0,G5_RSI_ACCEL,rsi_accel=-0.1429<-0.08 (RSI free-fall),-1,0.0,0.0,
XRP/USDT,2268,2026-06-12 10:00:00,long,0.57374,72.17,60.14,1.1432,0.008471,unknown,,,,True,False,0.0,0.32069850017118356,69.53116601167557,0.0,0.0,0.0,0.5,1.0,50.0,0.0,0.0,-1,0.0,G4_5_MTF,prior(bearish)=0.50<0.6 OR rev(bullish)=1.00<0.5,-1,0.0,0.0,
XRP/USDT,2269,2026-06-12 11:00:00,long,0.57541,71.62,60.14,1.1413,0.008257,unknown,,,,True,False,0.0,0.32259907091729745,68.49005345884775,0.0,0.0,0.0,0.5,0.5,50.0,0.0,0.0,-1,0.0,G4_5_MTF,prior(bearish)=0.50<0.6 OR rev(bullish)=0.50<0.5,-1,0.0,0.0,
XRP/USDT,2270,2026-06-12 12:00:00,long,0.59565,69.88,60.14,1.1358,0.00835,unknown,,,,False,False,0.0,0.0,50.0,0.0,0.0,0.0,0.0,0.0,50.0,0.0,0.0,-1,0.0,G3_MIN_QUALITY,edge=69.9 < MIN_QUALITY_SCORE=70.0,-1,0.0,0.0,
XRP/USDT,2271,2026-06-12 13:00:00,long,0.61328,84.11,60.14,1.1302,0.00875,unknown,,,,False,False,0.0,-0.4726794901984946,64.43629472994978,0.0,0.0,0.0,0.25,0.0,50.0,0.0,0.0,-1,0.0,G4_5_MTF,prior(bearish)=0.25<0.6 OR rev(bullish)=0.00<0.5,-1,0.0,0.0,
XRP/USDT,2272,2026-06-12 14:00:00,long,0.57806,93.99,60.14,1.1487,0.009843,unknown,,,,True,False,0.0,0.3224826986566757,63.859189311170596,0.0,0.0,0.0,0.5,0.0,50.0,0.0,0.0,-1,0.0,G4_5_MTF,prior(bearish)=0.50<0.6 OR rev(bullish)=0.00<0.5,-1,0.0,0.0,
XRP/USDT,2273,2026-06-12 15:00:00,long,0.62188,98.38,60.14,1.1288,0.011543,unknown,,,,False,False,0.0,-0.43693069309326527,56.06231375821648,0.0,0.0,0.0,0.75,0.5,44.36547592774967,-2.2432266851822766,-0.2237958510039748,-1,0.0,G5_RSI_ACCEL,rsi_accel=-0.2238<-0.08 (RSI free-fall),-1,0.0,0.0,
XRP/USDT,2274,2026-06-12 16:00:00,long,0.58595,83.69,60.14,1.1358,0.0116,unknown,,,,False,False,0.0,-0.2922997730369585,56.02913736442649,0.0,0.0,0.0,1.0,0.5,44.81368955295415,-2.0410769868409218,0.20214969834135488,55,0.010213,TRADE,edge=83.7 meta_conf=0.5859,2322,1.1368,0.001,TIMEOUT
XRP/USDT,2323,2026-06-14 17:00:00,long,0.6147,82.89,60.14,1.1331,0.006136,unknown,,,,False,True,0.0,-0.677226340995127,40.83620977770493,0.0,0.0,0.0,0.75,1.0,23.514203379874914,-2.063794135891846,0.004697869191340409,1,0.0,G6_COOLDOWN,bars_since_exit=1 < cooldown=3,-1,0.0,0.0,
XRP/USDT,2324,2026-06-14 18:00:00,long,0.59103,78.59,60.14,1.1326,0.005936,unknown,,,,False,True,0.0,-0.6126876468518625,41.69933142002034,0.0,0.0,0.0,0.75,0.5,26.764694861596354,-2.2268504954925343,-0.16305635960068843,-1,0.0,G5_RSI_ACCEL,rsi_accel=-0.1631<-0.08 (RSI free-fall),-1,0.0,0.0,
XRP/USDT,2325,2026-06-14 19:00:00,long,0.5954,78.8,60.14,1.1331,0.005836,unknown,,,,False,True,0.0,-0.518689580625515,41.62896497794372,0.0,0.0,0.0,0.5,0.0,50.0,0.0,0.0,-1,0.0,G4_5_MTF,prior(bearish)=0.50<0.6 OR rev(bullish)=0.00<0.5,-1,0.0,0.0,
XRP/USDT,2326,2026-06-14 20:00:00,long,0.57292,82.78,60.14,1.1382,0.005907,unknown,,,,False,True,0.0,-0.32167347982391836,48.872536021847154,0.0,0.0,0.0,0.5,0.5,50.0,0.0,0.0,-1,0.0,G4_5_MTF,prior(bearish)=0.50<0.6 OR rev(bullish)=0.50<0.5,-1,0.0,0.0,
XRP/USDT,2327,2026-06-14 21:00:00,long,0.63794,97.71,60.14,1.1682,0.0083,unknown,,,,True,False,0.0,0.5731671627268948,20.43028302294808,1.0,0.0,0.0,0.5,1.0,50.0,0.0,0.0,-1,0.0,G4_5_MTF,prior(bearish)=0.50<0.6 OR rev(bullish)=1.00<0.5,-1,0.0,0.0,
XRP/USDT,2328,2026-06-14 22:00:00,long,0.67789,100.0,60.14,1.1738,0.0091,unknown,,,,True,False,0.0,0.6641321516252013,20.54151387277693,0.0,0.0,0.0,0.5,1.0,50.0,0.0,0.0,-1,0.0,G4_5_MTF,prior(bearish)=0.50<0.6 OR rev(bullish)=1.00<0.5,-1,0.0,0.0,
XRP/USDT,2329,2026-06-14 23:00:00,long,0.71843,78.64,60.14,1.1861,0.0099,unknown,,,,True,False,0.0,0.7156318054483112,15.479200035680115,1.0,0.0,0.0,0.5,1.0,50.0,0.0,0.0,-1,0.0,G4_5_MTF,prior(bearish)=0.50<0.6 OR rev(bullish)=1.00<0.5,-1,0.0,0.0,
XRP/USDT,2330,2026-06-15 00:00:00,long,0.7452,76.6,60.14,1.1848,0.010036,unknown,,,,True,False,0.0,0.632814898827246,16.53883986663853,0.0,0.0,0.0,0.25,1.0,50.0,0.0,0.0,-1,0.0,G4_5_MTF,prior(bearish)=0.25<0.6 OR rev(bullish)=1.00<0.5,-1,0.0,0.0,
XRP/USDT,2331,2026-06-15 01:00:00,long,0.74947,76.8,60.14,1.1825,0.010743,unknown,,,,True,False,0.0,0.6121426675496268,16.945587709497683,0.0,0.0,0.0,0.0,0.5,50.0,0.0,0.0,-1,0.0,G4_5_MTF,prior(bearish)=0.00<0.6 OR rev(bullish)=0.50<0.5,-1,0.0,0.0,
XRP/USDT,2332,2026-06-15 02:00:00,long,0.74483,74.13,60.14,1.1825,0.011171,unknown,,,,True,False,0.0,0.6383621926355291,17.83686619408501,0.0,0.0,0.0,0.0,0.0,50.0,0.0,0.0,-1,0.0,G4_5_MTF,prior(bearish)=0.00<0.6 OR rev(bullish)=0.00<0.5,-1,0.0,0.0,
XRP/USDT,2333,2026-06-15 03:00:00,long,0.72903,73.61,60.14,1.187,0.011436,unknown,,,,True,False,0.0,0.7025592833736026,19.811474476898642,0.0,0.0,0.0,0.25,0.0,50.0,0.0,0.0,-1,0.0,G4_5_MTF,prior(bearish)=0.25<0.6 OR rev(bullish)=0.00<0.5,-1,0.0,0.0,
XRP/USDT,2334,2026-06-15 04:00:00,long,0.72596,68.96,60.14,1.184,0.01115,unknown,,,,False,False,0.0,0.0,50.0,0.0,0.0,0.0,0.0,0.0,50.0,0.0,0.0,-1,0.0,G3_MIN_QUALITY,edge=69.0 < MIN_QUALITY_SCORE=70.0,-1,0.0,0.0,
XRP/USDT,2335,2026-06-15 05:00:00,long,0.73493,70.96,60.14,1.1842,0.011329,unknown,,,,True,False,0.0,0.6274309136388159,25.394427177610524,0.0,0.0,0.0,0.5,0.5,50.0,0.0,0.0,-1,0.0,G4_5_MTF,prior(bearish)=0.50<0.6 OR rev(bullish)=0.50<0.5,-1,0.0,0.0,
XRP/USDT,2336,2026-06-15 06:00:00,long,0.73941,69.93,60.14,1.1829,0.011421,unknown,,,,False,False,0.0,0.0,50.0,0.0,0.0,0.0,0.0,0.0,50.0,0.0,0.0,-1,0.0,G3_MIN_QUALITY,edge=69.9 < MIN_QUALITY_SCORE=70.0,-1,0.0,0.0,
XRP/USDT,2337,2026-06-15 07:00:00,long,0.73378,70.74,60.14,1.1815,0.011464,unknown,,,,True,False,0.0,0.4506049632305521,28.580886487513396,0.0,0.0,0.0,0.5,0.5,50.0,0.0,0.0,-1,0.0,G4_5_MTF,prior(bearish)=0.50<0.6 OR rev(bullish)=0.50<0.5,-1,0.0,0.0,
XRP/USDT,2338,2026-06-15 08:00:00,long,0.73236,67.68,60.14,1.1811,0.011443,unknown,,,,False,False,0.0,0.0,50.0,0.0,0.0,0.0,0.0,0.0,50.0,0.0,0.0,-1,0.0,G3_MIN_QUALITY,edge=67.7 < MIN_QUALITY_SCORE=70.0,-1,0.0,0.0,
XRP/USDT,2339,2026-06-15 09:00:00,long,0.73305,72.1,60.14,1.1855,0.011714,unknown,,,,True,False,0.0,0.6061947693614017,32.284308639494434,0.0,0.0,0.0,0.5,0.0,50.0,0.0,0.0,-1,0.0,G4_5_MTF,prior(bearish)=0.50<0.6 OR rev(bullish)=0.00<0.5,-1,0.0,0.0,
XRP/USDT,2340,2026-06-15 10:00:00,long,0.72786,78.03,60.14,1.1995,0.012229,unknown,,,,True,False,0.0,0.7225169948333378,33.77778844376687,1.0,0.0,0.0,0.75,0.5,87.98015821905574,1.5214202771169527,-0.9428956428862374,-1,0.0,G5_RSI_ACCEL,rsi_accel=-0.9429<-0.08 (RSI free-fall),-1,0.0,0.0,
XRP/USDT,2341,2026-06-15 11:00:00,long,0.71845,93.08,60.14,1.2324,0.012229,unknown,,,,True,False,0.0,0.7553797653806532,29.833645293719044,1.0,0.0,0.0,0.75,1.0,88.39711438325853,1.2815986769560768,-0.23982160016087595,-1,0.0,G5_RSI_ACCEL,rsi_accel=-0.2398<-0.08 (RSI free-fall),-1,0.0,0.0,
XRP/USDT,2342,2026-06-15 12:00:00,long,0.72034,91.95,60.14,1.239,0.012743,unknown,,,,True,False,0.0,0.7398728086380683,26.076480106382483,1.0,0.0,0.0,0.75,1.0,88.53426430875078,1.0618070937446105,-0.2197915832114663,-1,0.0,G5_RSI_ACCEL,rsi_accel=-0.2198<-0.08 (RSI free-fall),-1,0.0,0.0,
XRP/USDT,2343,2026-06-15 13:00:00,long,0.75101,91.4,60.14,1.24,0.012507,unknown,,,,True,False,0.0,0.6990476051796196,30.743100757634245,0.0,0.0,0.0,0.5,1.0,50.0,0.0,0.0,-1,0.0,G4_5_MTF,prior(bearish)=0.50<0.6 OR rev(bullish)=1.00<0.5,-1,0.0,0.0,
XRP/USDT,2344,2026-06-15 14:00:00,long,0.75181,74.37,60.14,1.2445,0.012886,unknown,,,,True,False,0.0,0.7111264935349441,31.405492379101748,0.0,0.0,0.0,0.25,1.0,50.0,0.0,0.0,-1,0.0,G4_5_MTF,prior(bearish)=0.25<0.6 OR rev(bullish)=1.00<0.5,-1,0.0,0.0,
XRP/USDT,2345,2026-06-15 15:00:00,long,0.74668,92.4,60.14,1.2688,0.013771,unknown,,,,True,False,0.0,0.7535192445727835,22.90976086185699,1.0,0.0,0.0,0.0,1.0,50.0,0.0,0.0,-1,0.0,G4_5_MTF,prior(bearish)=0.00<0.6 OR rev(bullish)=1.00<0.5,-1,0.0,0.0,
XRP/USDT,2346,2026-06-15 16:00:00,long,0.68508,93.84,60.14,1.28,0.020229,unknown,,,,True,False,0.0,0.6968972919572907,16.441591844868924,1.0,0.0,0.0,0.0,1.0,50.0,0.0,0.0,-1,0.0,G4_5_MTF,prior(bearish)=0.00<0.6 OR rev(bullish)=1.00<0.5,-1,0.0,0.0,
XRP/USDT,2347,2026-06-15 17:00:00,long,0.68169,77.5,60.14,1.282,0.020829,unknown,,,,True,False,0.0,0.614683668055899,18.405750936580535,0.0,0.0,0.0,0.0,1.0,50.0,0.0,0.0,-1,0.0,G4_5_MTF,prior(bearish)=0.00<0.6 OR rev(bullish)=1.00<0.5,-1,0.0,0.0,
XRP/USDT,2348,2026-06-15 18:00:00,long,0.68853,71.4,60.14,1.2817,0.021414,unknown,,,,True,False,0.0,0.5198407573105014,20.441763758879016,0.0,0.0,0.0,0.0,1.0,50.0,0.0,0.0,-1,0.0,G4_5_MTF,prior(bearish)=0.00<0.6 OR rev(bullish)=1.00<0.5,-1,0.0,0.0,
XRP/USDT,2349,2026-06-15 19:00:00,long,0.66499,73.23,60.14,1.2757,0.0227,unknown,,,,True,False,0.0,0.48707681901143574,22.57657804974988,0.0,0.0,0.0,0.0,0.5,50.0,0.0,0.0,-1,0.0,G4_5_MTF,prior(bearish)=0.00<0.6 OR rev(bullish)=0.50<0.5,-1,0.0,0.0,
XRP/USDT,2350,2026-06-15 20:00:00,long,0.67408,80.7,60.14,1.2642,0.023379,unknown,,,,False,False,0.0,0.4390945739434092,24.698737376041603,0.0,0.0,0.0,0.0,0.0,50.0,0.0,0.0,-1,0.0,G4_5_MTF,prior(bearish)=0.00<0.6 OR rev(bullish)=0.00<0.5,-1,0.0,0.0,
XRP/USDT,2351,2026-06-15 21:00:00,long,0.7003,82.32,60.14,1.25,0.024057,unknown,,,,False,False,0.0,0.3501818877180447,26.812237450317873,0.0,0.0,0.0,0.25,0.0,50.0,0.0,0.0,-1,0.0,G4_5_MTF,prior(bearish)=0.25<0.6 OR rev(bullish)=0.00<0.5,-1,0.0,0.0,
XRP/USDT,2352,2026-06-15 22:00:00,long,0.69504,80.7,60.14,1.2402,0.024993,unknown,,,,False,False,0.0,0.28801262971477043,28.961969301943242,0.0,0.0,0.0,0.5,0.0,50.0,0.0,0.0,-1,0.0,G4_5_MTF,prior(bearish)=0.50<0.6 OR rev(bullish)=0.00<0.5,-1,0.0,0.0,
XRP/USDT,2353,2026-06-15 23:00:00,long,0.68183,87.53,60.14,1.2382,0.025029,unknown,,,,False,False,0.0,0.2734843875092132,32.65520509617815,0.0,0.0,0.0,0.75,0.0,50.0,0.0,0.0,-1,0.0,G4_5_MTF,prior(bearish)=0.75<0.6 OR rev(bullish)=0.00<0.5,-1,0.0,0.0,
XRP/USDT,2354,2026-06-16 00:00:00,long,0.60184,83.16,60.14,1.2347,0.0246,unknown,,,,False,False,0.0,0.11246510075605176,36.52404639938982,0.0,0.0,0.0,1.0,0.0,50.0,0.0,0.0,-1,0.0,G4_5_MTF,prior(bearish)=1.00<0.6 OR rev(bullish)=0.00<0.5,-1,0.0,0.0,
XRP/USDT,2355,2026-06-16 01:00:00,long,0.58237,78.96,60.14,1.2285,0.022636,unknown,,,,False,False,0.0,-0.10266459286784137,37.95008815035511,0.0,0.0,0.0,1.0,0.0,50.0,0.0,0.0,-1,0.0,G4_5_MTF,prior(bearish)=1.00<0.6 OR rev(bullish)=0.00<0.5,-1,0.0,0.0,
XRP/USDT,2356,2026-06-16 02:00:00,long,0.57821,79.46,60.14,1.2178,0.022107,unknown,,,,False,False,0.0,-0.22271416972059052,39.18891403367849,0.0,0.0,0.0,1.0,0.0,50.0,0.0,0.0,-1,0.0,G4_5_MTF,prior(bearish)=1.00<0.6 OR rev(bullish)=0.00<0.5,-1,0.0,0.0,
XRP/USDT,2357,2026-06-16 03:00:00,long,0.57563,79.25,60.14,1.2273,0.021793,unknown,,,,False,False,0.0,-0.10066617033364263,40.378608546336935,0.0,0.0,0.0,1.0,0.0,50.0,0.0,0.0,-1,0.0,G4_5_MTF,prior(bearish)=1.00<0.6 OR rev(bullish)=0.00<0.5,-1,0.0,0.0,
XRP/USDT,2358,2026-06-16 04:00:00,long,0.57027,76.85,60.14,1.2224,0.021657,unknown,,,,False,False,0.0,-0.21326775402507514,41.46911022764142,0.0,0.0,0.0,1.0,0.5,40.48233792633308,-4.967272493533375,-0.5460510596252046,-1,0.0,G5_RSI_ACCEL,rsi_accel=-0.5461<-0.08 (RSI free-fall),-1,0.0,0.0,
XRP/USDT,2359,2026-06-16 05:00:00,long,0.56512,77.37,60.14,1.2255,0.020186,unknown,,,,False,False,0.0,-0.07342350032727218,42.24715342345683,0.0,0.0,0.0,1.0,0.5,27.186508107364617,-5.522024112905648,-0.554751619372273,-1,0.0,G5_RSI_ACCEL,rsi_accel=-0.5548<-0.08 (RSI free-fall),-1,0.0,0.0,
XRP/USDT,2360,2026-06-16 06:00:00,long,0.55436,77.29,60.14,1.2356,0.013607,unknown,,,,False,False,0.0,0.00993001385994658,52.40572377724898,0.0,0.0,0.0,0.75,0.5,26.332618671037807,-5.787490611875772,-0.26546649897012387,-1,0.0,G5_RSI_ACCEL,rsi_accel=-0.2655<-0.08 (RSI free-fall),-1,0.0,0.0,
XRP/USDT,2361,2026-06-16 07:00:00,long,0.55276,76.67,60.14,1.2353,0.012921,unknown,,,,False,False,0.0,-0.03564500180382325,51.42341171750888,0.0,0.0,0.0,0.75,1.0,24.64711894614922,-5.806019047337219,-0.018528435461446335,39,0.01046,TRADE,edge=76.7 meta_conf=0.5528,2368,1.217856,-0.0174,LOSS
XRP/USDT,2369,2026-06-16 15:00:00,long,0.55778,74.76,60.14,1.2098,0.013186,unknown,,,,False,False,0.0,-0.473520082225209,53.905958632397414,0.0,0.0,0.0,0.5,0.0,50.0,0.0,0.0,-1,0.0,G4_5_MTF,prior(bearish)=0.50<0.6 OR rev(bullish)=0.00<0.5,-1,0.0,0.0,
XRP/USDT,2370,2026-06-16 16:00:00,long,0.5605,72.34,60.14,1.2129,0.012543,unknown,,,,False,False,0.0,-0.3783950412492751,52.14222680260496,0.0,0.0,0.0,0.5,0.5,50.0,0.0,0.0,-1,0.0,G4_5_MTF,prior(bearish)=0.50<0.6 OR rev(bullish)=0.50<0.5,-1,0.0,0.0,
XRP/USDT,2371,2026-06-16 17:00:00,long,0.56092,82.4,60.14,1.2211,0.012479,unknown,,,,False,True,0.0,-0.3314227590835034,50.34189612066252,0.0,0.0,0.0,0.75,1.0,46.770826512587824,1.4272176709716715,0.457705913406121,3,0.010219,TRADE,edge=82.4 meta_conf=0.5609,2386,1.204254,-0.0168,LOSS
XRP/USDT,2387,2026-06-17 09:00:00,long,0.56609,63.57,60.14,1.1977,0.009257,unknown,,,,False,False,0.0,0.0,50.0,0.0,0.0,0.0,0.0,0.0,50.0,0.0,0.0,-1,0.0,G3_MIN_QUALITY,edge=63.6 < MIN_QUALITY_SCORE=70.0,-1,0.0,0.0,
XRP/USDT,2388,2026-06-17 10:00:00,long,0.57005,60.87,60.14,1.1961,0.008986,unknown,,,,False,False,0.0,0.0,50.0,0.0,0.0,0.0,0.0,0.0,50.0,0.0,0.0,-1,0.0,G3_MIN_QUALITY,edge=60.9 < MIN_QUALITY_SCORE=70.0,-1,0.0,0.0,
XRP/USDT,2389,2026-06-17 11:00:00,long,0.57362,87.83,60.14,1.1928,0.008914,unknown,,,,False,True,0.0,-0.679152493268811,47.66485210532459,-1.0,0.0,0.0,0.75,0.5,23.735402095415807,-0.9311851732510875,-0.33243739438463893,-1,0.0,G5_RSI_ACCEL,rsi_accel=-0.3324<-0.08 (RSI free-fall),-1,0.0,0.0,
XRP/USDT,2390,2026-06-17 12:00:00,long,0.57181,87.68,60.14,1.1977,0.009193,unknown,,,,False,True,0.0,-0.47749197695380285,47.01302530652075,0.0,0.0,0.0,0.75,0.0,50.0,0.0,0.0,-1,0.0,G4_5_MTF,prior(bearish)=0.75<0.6 OR rev(bullish)=0.00<0.5,-1,0.0,0.0,
XRP/USDT,2391,2026-06-17 13:00:00,long,0.5628,91.13,60.14,1.201,0.009371,unknown,,,,False,True,0.0,-0.46448398928848994,46.4591523326818,0.0,0.0,0.0,0.75,0.5,34.59356362363157,-1.4006312862665702,-0.0887269109801494,-1,0.0,G5_RSI_ACCEL,rsi_accel=-0.0887<-0.08 (RSI free-fall),-1,0.0,0.0,
XRP/USDT,2392,2026-06-17 14:00:00,long,0.56609,100.0,60.14,1.195,0.009993,unknown,,,,False,True,0.0,-0.5703178106469661,46.073989442695364,0.0,0.0,0.0,0.75,1.0,32.27512430596576,-1.6003149489115465,-0.19968366264497628,-1,0.0,G5_RSI_ACCEL,rsi_accel=-0.1997<-0.08 (RSI free-fall),-1,0.0,0.0,
XRP/USDT,2393,2026-06-17 15:00:00,long,0.55771,68.78,60.14,1.2136,0.010407,unknown,,,,False,False,0.0,0.0,50.0,0.0,0.0,0.0,0.0,0.0,50.0,0.0,0.0,-1,0.0,G3_MIN_QUALITY,edge=68.8 < MIN_QUALITY_SCORE=70.0,-1,0.0,0.0,
XRP/USDT,2394,2026-06-17 16:00:00,long,0.55299,81.56,60.14,1.2126,0.010464,unknown,,,,False,False,0.0,-0.10462950659293514,48.59838496271989,0.0,0.0,0.0,0.5,0.5,50.0,0.0,0.0,-1,0.0,G4_5_MTF,prior(bearish)=0.50<0.6 OR rev(bullish)=0.50<0.5,-1,0.0,0.0,
XRP/USDT,2395,2026-06-17 17:00:00,long,0.55596,67.21,60.14,1.2184,0.01075,unknown,,,,False,False,0.0,0.0,50.0,0.0,0.0,0.0,0.0,0.0,50.0,0.0,0.0,-1,0.0,G3_MIN_QUALITY,edge=67.2 < MIN_QUALITY_SCORE=70.0,-1,0.0,0.0,
XRP/USDT,2396,2026-06-17 18:00:00,long,0.58698,99.82,60.14,1.2089,0.012114,unknown,,,,False,False,0.0,-0.17955748654457268,49.61271757454081,0.0,0.0,0.0,0.25,0.5,50.0,0.0,0.0,-1,0.0,G4_5_MTF,prior(bearish)=0.25<0.6 OR rev(bullish)=0.50<0.5,-1,0.0,0.0,
XRP/USDT,2397,2026-06-17 19:00:00,long,0.58824,100.0,60.14,1.1808,0.014064,unknown,,,,False,True,0.0,-0.6173491701539451,41.20673090488366,-1.0,0.0,0.0,0.5,0.5,50.0,0.0,0.0,-1,0.0,G4_5_MTF,prior(bearish)=0.50<0.6 OR rev(bullish)=0.50<0.5,-1,0.0,0.0,
XRP/USDT,2398,2026-06-17 20:00:00,long,0.5803,86.76,60.14,1.1903,0.0142,unknown,,,,False,True,0.0,-0.48679668753869243,42.52059068673352,0.0,0.0,0.0,0.5,0.0,50.0,0.0,0.0,-1,0.0,G4_5_MTF,prior(bearish)=0.50<0.6 OR rev(bullish)=0.00<0.5,-1,0.0,0.0,
XRP/USDT,2399,2026-06-17 21:00:00,long,0.57511,81.7,60.14,1.1823,0.014279,unknown,,,,False,True,0.0,-0.6785619863682484,43.808277968276,0.0,0.0,0.0,0.5,0.5,50.0,0.0,0.0,-1,0.0,G4_5_MTF,prior(bearish)=0.50<0.6 OR rev(bullish)=0.50<0.5,-1,0.0,0.0,
XRP/USDT,2400,2026-06-17 22:00:00,long,0.58266,87.34,60.14,1.184,0.0144,unknown,,,,False,True,0.0,-0.510311688389713,40.575930574756974,0.0,0.0,0.0,0.75,0.5,44.066141858696625,1.4352175263965832,-0.12399687033691098,-1,0.0,G5_RSI_ACCEL,rsi_accel=-0.1240<-0.08 (RSI free-fall),-1,0.0,0.0,
XRP/USDT,2401,2026-06-17 23:00:00,long,0.57918,82.85,60.14,1.1868,0.0144,unknown,,,,False,True,0.0,-0.48243272451865543,41.80194041976333,0.0,0.0,0.0,0.5,0.5,50.0,0.0,0.0,-1,0.0,G4_5_MTF,prior(bearish)=0.50<0.6 OR rev(bullish)=0.50<0.5,-1,0.0,0.0,
XRP/USDT,2402,2026-06-18 00:00:00,long,0.64217,83.66,60.14,1.1871,0.014479,unknown,,,,False,True,0.0,-0.5017975015297513,43.069007432817315,0.0,0.0,0.0,0.75,1.0,45.622561880195896,1.1719208908478072,-0.23002281104436229,-1,0.0,G5_RSI_ACCEL,rsi_accel=-0.2300<-0.08 (RSI free-fall),-1,0.0,0.0,
XRP/USDT,2403,2026-06-18 01:00:00,long,0.63968,87.33,60.14,1.1889,0.014307,unknown,,,,False,True,0.0,-0.3868807590096935,44.27310260820787,0.0,0.0,0.0,0.5,1.0,50.0,0.0,0.0,-1,0.0,G4_5_MTF,prior(bearish)=0.50<0.6 OR rev(bullish)=1.00<0.5,-1,0.0,0.0,
XRP/USDT,2404,2026-06-18 02:00:00,long,0.63561,54.99,60.14,1.1897,0.013843,unknown,,,,False,False,0.0,0.0,50.0,0.0,0.0,0.0,0.0,0.0,50.0,0.0,0.0,-1,0.0,G2_EDGE,edge=55.0 < thr=60.1,-1,0.0,0.0,
XRP/USDT,2405,2026-06-18 03:00:00,long,0.63324,85.13,60.14,1.1788,0.013914,unknown,,,,False,True,0.0,-0.6744036394704431,46.24136158289526,0.0,0.0,0.0,0.25,1.0,50.0,0.0,0.0,-1,0.0,G4_5_MTF,prior(bearish)=0.25<0.6 OR rev(bullish)=1.00<0.5,-1,0.0,0.0,
XRP/USDT,2406,2026-06-18 04:00:00,long,0.62446,88.17,60.14,1.1695,0.013679,unknown,,,,False,True,0.0,-0.7334041447644967,44.07856996463193,-1.0,0.0,0.0,0.0,0.5,50.0,0.0,0.0,-1,0.0,G4_5_MTF,prior(bearish)=0.00<0.6 OR rev(bullish)=0.50<0.5,-1,0.0,0.0,
XRP/USDT,2407,2026-06-18 05:00:00,long,0.61751,86.46,60.14,1.1677,0.012707,unknown,,,,False,True,0.0,-0.6790676049004983,41.770619469189924,0.0,0.0,0.0,0.0,0.0,50.0,0.0,0.0,-1,0.0,G4_5_MTF,prior(bearish)=0.00<0.6 OR rev(bullish)=0.00<0.5,-1,0.0,0.0,
XRP/USDT,2408,2026-06-18 06:00:00,long,0.61485,83.54,60.14,1.1708,0.0123,unknown,,,,False,True,0.0,-0.5795116523329453,45.641804424654325,0.0,0.0,0.0,0.25,0.0,50.0,0.0,0.0,-1,0.0,G4_5_MTF,prior(bearish)=0.25<0.6 OR rev(bullish)=0.00<0.5,-1,0.0,0.0,
XRP/USDT,2409,2026-06-18 07:00:00,long,0.61632,86.69,60.14,1.1787,0.012464,unknown,,,,False,True,0.0,-0.49452018599954367,45.983166155265074,0.0,0.0,0.0,0.5,0.5,50.0,0.0,0.0,-1,0.0,G4_5_MTF,prior(bearish)=0.50<0.6 OR rev(bullish)=0.50<0.5,-1,0.0,0.0,
XRP/USDT,2410,2026-06-18 08:00:00,long,0.62007,85.89,60.14,1.1784,0.010971,unknown,,,,False,True,0.0,-0.521495120006475,50.43644197812339,0.0,0.0,0.0,0.75,1.0,32.32907934406586,-0.8830955375834842,0.010781136369865774,24,0.00931,TRADE,edge=85.9 meta_conf=0.6201,2413,1.163589,-0.0148,LOSS
XRP/USDT,2414,2026-06-18 12:00:00,long,0.61625,86.25,60.14,1.1689,0.007893,unknown,,,,False,True,0.0,-0.44936497055291896,64.09181050148426,0.0,0.0,0.0,0.25,0.0,50.0,0.0,0.0,-1,0.0,G4_5_MTF,prior(bearish)=0.25<0.6 OR rev(bullish)=0.00<0.5,-1,0.0,0.0,
XRP/USDT,2415,2026-06-18 13:00:00,long,0.67598,91.33,60.14,1.1611,0.00875,unknown,,,,False,True,0.0,-0.7148611805850419,56.25118808574634,-1.0,0.0,0.0,0.5,0.5,50.0,0.0,0.0,-1,0.0,G4_5_MTF,prior(bearish)=0.50<0.6 OR rev(bullish)=0.50<0.5,-1,0.0,0.0,
XRP/USDT,2416,2026-06-18 14:00:00,long,0.68619,87.52,60.14,1.16,0.009386,unknown,,,,False,True,0.0,-0.692103702868419,54.93368280585784,0.0,0.0,0.0,0.75,0.5,28.661411003783485,-0.8487313451965643,0.074891396146198,3,0.008091,TRADE,edge=87.5 meta_conf=0.6862,2417,1.147329,-0.0127,LOSS
XRP/USDT,2418,2026-06-18 16:00:00,long,0.71499,93.03,60.14,1.1476,0.011493,unknown,,,,False,True,0.0,-0.5911961465397041,36.88719542404394,0.0,0.0,0.0,0.75,0.0,50.0,0.0,0.0,-1,0.0,G4_5_MTF,prior(bearish)=0.75<0.6 OR rev(bullish)=0.00<0.5,-1,0.0,0.0,
XRP/USDT,2419,2026-06-18 17:00:00,long,0.69492,86.73,60.14,1.1433,0.011457,unknown,,,,False,True,0.0,-0.6894170058332731,41.4667324792148,0.0,0.0,0.0,0.75,0.5,29.384431923553578,-0.4616488252566498,0.17226087410928997,2,0.0,G6_COOLDOWN,bars_since_exit=2 < cooldown=3,-1,0.0,0.0,
XRP/USDT,2420,2026-06-18 18:00:00,long,0.70185,87.01,60.14,1.1384,0.011336,unknown,,,,False,True,0.0,-0.7086746251910597,40.86277001831618,0.0,0.0,0.0,0.75,0.5,30.966946957928485,-0.23977224444569223,0.22187658081095757,3,0.009958,TRADE,edge=87.0 meta_conf=0.7018,2433,1.123097,-0.0153,LOSS
XRP/USDT,2434,2026-06-19 08:00:00,long,0.69262,84.93,60.14,1.1268,0.00915,unknown,,,,False,True,0.0,-0.5387984830178921,57.49920635672679,0.0,0.0,0.0,0.75,0.5,41.618488689901085,0.4887338799585842,-0.055469476400787365,1,0.0,G6_COOLDOWN,bars_since_exit=1 < cooldown=3,-1,0.0,0.0,
XRP/USDT,2435,2026-06-19 09:00:00,long,0.67524,82.9,60.14,1.1249,0.008771,unknown,,,,False,True,0.0,-0.6435888239924201,56.77083049861075,0.0,0.0,0.0,0.5,0.5,50.0,0.0,0.0,-1,0.0,G4_5_MTF,prior(bearish)=0.50<0.6 OR rev(bullish)=0.50<0.5,-1,0.0,0.0,
XRP/USDT,2436,2026-06-19 10:00:00,long,0.73071,85.87,60.14,1.1252,0.008393,unknown,,,,False,True,0.0,-0.5493313264721101,57.60642025165006,0.0,0.0,0.0,0.5,0.5,50.0,0.0,0.0,-1,0.0,G4_5_MTF,prior(bearish)=0.50<0.6 OR rev(bullish)=0.50<0.5,-1,0.0,0.0,
XRP/USDT,2437,2026-06-19 11:00:00,long,0.69765,85.69,60.14,1.1274,0.008164,unknown,,,,False,True,0.0,-0.40315496517403254,56.67298608522447,0.0,0.0,0.0,0.25,0.5,50.0,0.0,0.0,-1,0.0,G4_5_MTF,prior(bearish)=0.25<0.6 OR rev(bullish)=0.50<0.5,-1,0.0,0.0,
XRP/USDT,2438,2026-06-19 12:00:00,long,0.69433,91.93,60.14,1.1314,0.008664,unknown,,,,False,True,0.0,-0.37325342345540685,53.080229109328606,0.0,0.0,0.0,0.5,1.0,50.0,0.0,0.0,-1,0.0,G4_5_MTF,prior(bearish)=0.50<0.6 OR rev(bullish)=1.00<0.5,-1,0.0,0.0,
XRP/USDT,2439,2026-06-19 13:00:00,long,0.71179,88.16,60.14,1.1397,0.009371,unknown,,,,False,False,0.0,-0.09378370711107045,52.43114048639654,0.0,0.0,0.0,0.5,1.0,50.0,0.0,0.0,-1,0.0,G4_5_MTF,prior(bearish)=0.50<0.6 OR rev(bullish)=1.00<0.5,-1,0.0,0.0,
XRP/USDT,2440,2026-06-19 14:00:00,long,0.74335,81.14,60.14,1.1366,0.009421,unknown,,,,False,False,0.0,-0.24524673633983943,51.87324582102773,0.0,0.0,0.0,0.25,1.0,50.0,0.0,0.0,-1,0.0,G4_5_MTF,prior(bearish)=0.25<0.6 OR rev(bullish)=1.00<0.5,-1,0.0,0.0,
XRP/USDT,2441,2026-06-19 15:00:00,long,0.74047,77.3,60.14,1.137,0.009271,unknown,,,,False,False,0.0,-0.14344822887158806,51.30701428527985,0.0,0.0,0.0,0.25,0.5,50.0,0.0,0.0,-1,0.0,G4_5_MTF,prior(bearish)=0.25<0.6 OR rev(bullish)=0.50<0.5,-1,0.0,0.0,
XRP/USDT,2442,2026-06-19 16:00:00,long,0.74223,88.33,60.14,1.1304,0.009429,unknown,,,,False,True,0.0,-0.28354138120528327,54.360910995529395,0.0,0.0,0.0,0.0,0.5,50.0,0.0,0.0,-1,0.0,G4_5_MTF,prior(bearish)=0.00<0.6 OR rev(bullish)=0.50<0.5,-1,0.0,0.0,
XRP/USDT,2443,2026-06-19 17:00:00,long,0.74039,80.26,60.14,1.1362,0.009207,unknown,,,,False,False,0.0,-0.046088420667429734,61.770923503217226,0.0,0.0,0.0,0.25,0.5,50.0,0.0,0.0,-1,0.0,G4_5_MTF,prior(bearish)=0.25<0.6 OR rev(bullish)=0.50<0.5,-1,0.0,0.0,
XRP/USDT,2444,2026-06-19 18:00:00,long,0.73854,89.7,60.14,1.1327,0.008621,unknown,,,,False,True,0.0,-0.06131765525782548,61.04732961050713,0.0,0.0,0.0,0.25,0.5,50.0,0.0,0.0,-1,0.0,G4_5_MTF,prior(bearish)=0.25<0.6 OR rev(bullish)=0.50<0.5,-1,0.0,0.0,
XRP/USDT,2445,2026-06-19 19:00:00,long,0.74385,86.9,60.14,1.1315,0.008579,unknown,,,,False,True,0.0,-0.19964600571098395,60.75785289197478,0.0,0.0,0.0,0.5,0.5,50.0,0.0,0.0,-1,0.0,G4_5_MTF,prior(bearish)=0.50<0.6 OR rev(bullish)=0.50<0.5,-1,0.0,0.0,
XRP/USDT,2446,2026-06-19 20:00:00,long,0.74121,89.02,60.14,1.1348,0.008579,unknown,,,,False,True,0.0,0.0040963647831859734,60.541990862554414,0.0,0.0,0.0,0.5,0.0,50.0,0.0,0.0,-1,0.0,G4_5_MTF,prior(bearish)=0.50<0.6 OR rev(bullish)=0.00<0.5,-1,0.0,0.0,
XRP/USDT,2447,2026-06-19 21:00:00,long,0.72493,87.15,60.14,1.1301,0.008079,unknown,,,,False,True,0.0,-0.14966142640312202,60.137187105770586,0.0,0.0,0.0,0.5,0.5,50.0,0.0,0.0,-1,0.0,G4_5_MTF,prior(bearish)=0.50<0.6 OR rev(bullish)=0.50<0.5,-1,0.0,0.0,
XRP/USDT,2448,2026-06-19 22:00:00,long,0.72552,89.64,60.14,1.1342,0.008064,unknown,,,,False,True,0.0,0.07173778358723505,59.80313829104226,0.0,0.0,0.0,0.75,0.5,57.489862249836705,2.002867606329078,0.4307084097128764,15,0.00711,TRADE,edge=89.6 meta_conf=0.7255,2465,1.155974,0.0218,WIN
XRP/USDT,2466,2026-06-20 16:00:00,long,0.71823,77.7,60.14,1.1489,0.007057,unknown,,,,True,False,0.0,0.46146694213232703,53.60098613713625,0.0,0.0,0.0,1.0,1.0,61.83572788163805,0.16822527732778675,-0.26274277154825115,-1,0.0,G5_RSI_ACCEL,rsi_accel=-0.2627<-0.08 (RSI free-fall),-1,0.0,0.0,
XRP/USDT,2467,2026-06-20 17:00:00,long,0.72847,85.39,60.14,1.1435,0.007521,unknown,,,,True,True,0.0,0.1828041522901897,53.93743512373041,0.0,0.0,0.0,0.75,0.5,53.812619752142204,-0.5781533694877633,-0.74637864681555,-1,0.0,G5_RSI_ACCEL,rsi_accel=-0.7464<-0.08 (RSI free-fall),-1,0.0,0.0,
XRP/USDT,2468,2026-06-20 18:00:00,long,0.72186,76.77,60.14,1.1419,0.007407,unknown,,,,True,True,0.0,-0.17526000835201505,54.247199550391834,0.0,0.0,0.0,0.5,0.0,50.0,0.0,0.0,-1,0.0,G4_5_MTF,prior(bearish)=0.50<0.6 OR rev(bullish)=0.00<0.5,-1,0.0,0.0,
XRP/USDT,2469,2026-06-20 19:00:00,long,0.71679,78.32,60.14,1.1441,0.006879,unknown,,,,True,True,0.0,-0.012696653905704031,54.137284866113326,0.0,0.0,0.0,0.5,0.0,50.0,0.0,0.0,-1,0.0,G4_5_MTF,prior(bearish)=0.50<0.6 OR rev(bullish)=0.00<0.5,-1,0.0,0.0,
XRP/USDT,2470,2026-06-20 20:00:00,long,0.70383,67.24,60.14,1.1453,0.006807,unknown,,,,False,False,0.0,0.0,50.0,0.0,0.0,0.0,0.0,0.0,50.0,0.0,0.0,-1,0.0,G3_MIN_QUALITY,edge=67.2 < MIN_QUALITY_SCORE=70.0,-1,0.0,0.0,
XRP/USDT,2471,2026-06-20 21:00:00,long,0.68808,70.63,60.14,1.1473,0.0068,unknown,,,,True,False,0.0,0.195344814957326,54.35679632581769,0.0,0.0,0.0,0.75,1.0,49.99998284314314,-2.2241433674071804,-0.18735703897045042,-1,0.0,G5_RSI_ACCEL,rsi_accel=-0.1874<-0.08 (RSI free-fall),-1,0.0,0.0,
XRP/USDT,2472,2026-06-20 22:00:00,long,0.67713,84.75,60.14,1.1526,0.007193,unknown,,,,True,False,0.0,0.4690971534550691,54.80081180815417,0.0,0.0,0.0,0.75,1.0,56.23630662345096,-1.9975878657766681,0.2265555016305123,7,0.006241,TRADE,edge=84.7 meta_conf=0.6771,2482,1.14289,-0.0097,LOSS
XRP/USDT,2483,2026-06-21 09:00:00,long,0.64929,63.85,60.14,1.1491,0.004757,unknown,,,,False,False,0.0,0.0,50.0,0.0,0.0,0.0,0.0,0.0,50.0,0.0,0.0,-1,0.0,G3_MIN_QUALITY,edge=63.8 < MIN_QUALITY_SCORE=70.0,-1,0.0,0.0,
XRP/USDT,2484,2026-06-21 10:00:00,long,0.65047,69.26,60.14,1.1485,0.004921,unknown,,,,False,False,0.0,0.0,50.0,0.0,0.0,0.0,0.0,0.0,50.0,0.0,0.0,-1,0.0,G3_MIN_QUALITY,edge=69.3 < MIN_QUALITY_SCORE=70.0,-1,0.0,0.0,
XRP/USDT,2485,2026-06-21 11:00:00,long,0.66782,75.89,60.14,1.1427,0.005207,unknown,,,,True,True,0.0,-0.44669356837139457,66.05515025068041,0.0,0.0,0.0,0.0,0.0,50.0,0.0,0.0,-1,0.0,G3_5_ADX,adx=16.2 < 25 (weak trend),-1,0.0,0.0,
XRP/USDT,2486,2026-06-21 12:00:00,long,0.63241,60.84,60.14,1.1445,0.004936,unknown,,,,False,False,0.0,0.0,50.0,0.0,0.0,0.0,0.0,0.0,50.0,0.0,0.0,-1,0.0,G3_MIN_QUALITY,edge=60.8 < MIN_QUALITY_SCORE=70.0,-1,0.0,0.0,
XRP/USDT,2487,2026-06-21 13:00:00,long,0.62754,59.47,60.14,1.1451,0.004993,unknown,,,,False,False,0.0,0.0,50.0,0.0,0.0,0.0,0.0,0.0,50.0,0.0,0.0,-1,0.0,G2_EDGE,edge=59.5 < thr=60.1,-1,0.0,0.0,
XRP/USDT,2488,2026-06-21 14:00:00,long,0.63602,59.74,60.14,1.1476,0.005243,unknown,,,,False,False,0.0,0.0,50.0,0.0,0.0,0.0,0.0,0.0,50.0,0.0,0.0,-1,0.0,G2_EDGE,edge=59.7 < thr=60.1,-1,0.0,0.0,
XRP/USDT,2489,2026-06-21 15:00:00,long,0.63562,65.75,60.14,1.1497,0.00535,unknown,,,,False,False,0.0,0.0,50.0,0.0,0.0,0.0,0.0,0.0,50.0,0.0,0.0,-1,0.0,G3_MIN_QUALITY,edge=65.8 < MIN_QUALITY_SCORE=70.0,-1,0.0,0.0,
XRP/USDT,2490,2026-06-21 16:00:00,long,0.64349,62.38,60.14,1.145,0.005664,unknown,,,,False,False,0.0,0.0,50.0,0.0,0.0,0.0,0.0,0.0,50.0,0.0,0.0,-1,0.0,G3_MIN_QUALITY,edge=62.4 < MIN_QUALITY_SCORE=70.0,-1,0.0,0.0,
XRP/USDT,2491,2026-06-21 17:00:00,long,0.63567,61.23,60.14,1.1424,0.005721,unknown,,,,False,False,0.0,0.0,50.0,0.0,0.0,0.0,0.0,0.0,50.0,0.0,0.0,-1,0.0,G3_MIN_QUALITY,edge=61.2 < MIN_QUALITY_SCORE=70.0,-1,0.0,0.0,
XRP/USDT,2492,2026-06-21 18:00:00,long,0.61718,59.11,60.14,1.1456,0.00575,unknown,,,,False,False,0.0,0.0,50.0,0.0,0.0,0.0,0.0,0.0,50.0,0.0,0.0,-1,0.0,G2_EDGE,edge=59.1 < thr=60.1,-1,0.0,0.0,
XRP/USDT,2493,2026-06-21 19:00:00,long,0.61974,55.94,60.14,1.1456,0.005779,unknown,,,,False,False,0.0,0.0,50.0,0.0,0.0,0.0,0.0,0.0,50.0,0.0,0.0,-1,0.0,G2_EDGE,edge=55.9 < thr=60.1,-1,0.0,0.0,
XRP/USDT,2494,2026-06-21 20:00:00,long,0.66764,59.46,60.14,1.1396,0.006293,unknown,,,,False,False,0.0,0.0,50.0,0.0,0.0,0.0,0.0,0.0,50.0,0.0,0.0,-1,0.0,G2_EDGE,edge=59.5 < thr=60.1,-1,0.0,0.0,
XRP/USDT,2495,2026-06-21 21:00:00,long,0.7427,88.24,60.14,1.1349,0.007236,unknown,,,,False,True,0.0,-0.6592491962547684,34.224725583359714,-1.0,0.0,0.0,0.5,0.0,50.0,0.0,0.0,-1,0.0,G4_5_MTF,prior(bearish)=0.50<0.6 OR rev(bullish)=0.00<0.5,-1,0.0,0.0,
XRP/USDT,2496,2026-06-21 22:00:00,long,0.7395,70.17,60.14,1.1319,0.007457,unknown,,,,False,True,0.0,-0.6344961397132178,35.59380658997273,0.0,0.0,0.0,0.0,0.0,50.0,0.0,0.0,-1,0.0,G3_5_ADX,adx=21.3 < 25 (weak trend),-1,0.0,0.0,
XRP/USDT,2497,2026-06-21 23:00:00,long,0.74676,71.04,60.14,1.1248,0.0076,unknown,,,,False,True,0.0,-0.7219357547873703,36.92832273113781,0.0,0.0,0.0,0.0,0.0,50.0,0.0,0.0,-1,0.0,G3_5_ADX,adx=23.4 < 25 (weak trend),-1,0.0,0.0,
XRP/USDT,2498,2026-06-22 00:00:00,long,0.74059,62.25,60.14,1.1391,0.008357,unknown,,,,False,False,0.0,0.0,50.0,0.0,0.0,0.0,0.0,0.0,50.0,0.0,0.0,-1,0.0,G3_MIN_QUALITY,edge=62.2 < MIN_QUALITY_SCORE=70.0,-1,0.0,0.0,
XRP/USDT,2499,2026-06-22 01:00:00,long,0.74347,94.55,60.14,1.1454,0.009,unknown,,,,True,False,0.0,0.12765970817298664,41.74725074796646,0.0,0.0,0.0,1.0,0.5,52.29200794417464,-0.40379215184561396,0.36206109948996607,17,0.007858,TRADE,edge=94.6 meta_conf=0.7435,2501,1.13325,-0.0121,LOSS
XRP/USDT,2502,2026-06-22 04:00:00,long,0.72371,70.44,60.14,1.1342,0.009693,unknown,,,,False,True,0.0,-0.37926558950877504,47.119573503162556,0.0,0.0,0.0,0.0,0.0,50.0,0.0,0.0,-1,0.0,G3_5_ADX,adx=24.9 < 25 (weak trend),-1,0.0,0.0,
XRP/USDT,2503,2026-06-22 05:00:00,long,0.70679,89.49,60.14,1.1353,0.009714,unknown,,,,False,True,0.0,-0.34669630819681857,48.69215860673903,0.0,0.0,0.0,0.5,0.5,50.0,0.0,0.0,-1,0.0,G4_5_MTF,prior(bearish)=0.50<0.6 OR rev(bullish)=0.50<0.5,-1,0.0,0.0,
XRP/USDT,2504,2026-06-22 06:00:00,long,0.71799,89.12,60.14,1.131,0.009779,unknown,,,,False,True,0.0,-0.5871010745124817,50.11718456232026,0.0,0.0,0.0,0.5,1.0,50.0,0.0,0.0,-1,0.0,G4_5_MTF,prior(bearish)=0.50<0.6 OR rev(bullish)=1.00<0.5,-1,0.0,0.0,
XRP/USDT,2505,2026-06-22 07:00:00,long,0.73569,88.3,60.14,1.1374,0.010029,unknown,,,,True,True,0.0,-0.29675987395731485,51.55372735394637,0.0,0.0,0.0,0.5,0.5,50.0,0.0,0.0,-1,0.0,G4_5_MTF,prior(bearish)=0.50<0.6 OR rev(bullish)=0.50<0.5,-1,0.0,0.0,
XRP/USDT,2506,2026-06-22 08:00:00,long,0.73827,91.03,60.14,1.135,0.009893,unknown,,,,False,True,0.0,-0.39815758969264065,52.885917683034364,0.0,0.0,0.0,0.5,0.5,50.0,0.0,0.0,-1,0.0,G4_5_MTF,prior(bearish)=0.50<0.6 OR rev(bullish)=0.50<0.5,-1,0.0,0.0,
XRP/USDT,2507,2026-06-22 09:00:00,long,0.74145,91.23,60.14,1.1348,0.009964,unknown,,,,False,True,0.0,-0.32549936761772813,54.18594557600915,0.0,0.0,0.0,0.5,0.5,50.0,0.0,0.0,-1,0.0,G4_5_MTF,prior(bearish)=0.50<0.6 OR rev(bullish)=0.50<0.5,-1,0.0,0.0,
XRP/USDT,2508,2026-06-22 10:00:00,long,0.72137,81.83,60.14,1.1373,0.0095,unknown,,,,True,True,0.0,0.02811393491986592,55.15271018576991,0.0,0.0,0.0,0.25,0.0,50.0,0.0,0.0,-1,0.0,G4_5_MTF,prior(bearish)=0.25<0.6 OR rev(bullish)=0.00<0.5,-1,0.0,0.0,
XRP/USDT,2509,2026-06-22 11:00:00,long,0.66806,79.03,60.14,1.1479,0.009243,unknown,,,,True,False,0.0,0.4270913157313244,57.04324135319654,0.0,0.0,0.0,0.5,0.5,50.0,0.0,0.0,-1,0.0,G4_5_MTF,prior(bearish)=0.50<0.6 OR rev(bullish)=0.50<0.5,-1,0.0,0.0,
XRP/USDT,2510,2026-06-22 12:00:00,long,0.69505,82.15,60.14,1.1577,0.009464,unknown,,,,True,False,0.0,0.7299566573318493,49.250708800034424,1.0,0.0,0.0,0.75,1.0,65.28434936041613,1.5941768584616318,0.39759307680392153,9,0.008175,TRADE,edge=82.1 meta_conf=0.6950,2512,1.144923,-0.0128,LOSS
XRP/USDT,2513,2026-06-22 15:00:00,long,0.73238,65.42,60.14,1.1401,0.00965,unknown,,,,False,False,0.0,0.0,50.0,0.0,0.0,0.0,0.0,0.0,50.0,0.0,0.0,-1,0.0,G3_MIN_QUALITY,edge=65.4 < MIN_QUALITY_SCORE=70.0,-1,0.0,0.0,
XRP/USDT,2514,2026-06-22 16:00:00,long,0.71288,71.4,60.14,1.1387,0.009493,unknown,,,,False,True,0.0,-0.09741808771240573,50.79936237657484,0.0,0.0,0.0,0.0,0.0,50.0,0.0,0.0,-1,0.0,G3_5_ADX,adx=24.7 < 25 (weak trend),-1,0.0,0.0,
XRP/USDT,2515,2026-06-22 17:00:00,long,0.70578,71.46,60.14,1.1395,0.009314,unknown,,,,False,True,0.0,0.122571332638709,51.656058754267164,0.0,0.0,0.0,0.0,0.0,50.0,0.0,0.0,-1,0.0,G3_5_ADX,adx=24.2 < 25 (weak trend),-1,0.0,0.0,
XRP/USDT,2516,2026-06-22 18:00:00,long,0.7196,69.06,60.14,1.1331,0.009793,unknown,,,,False,False,0.0,0.0,50.0,0.0,0.0,0.0,0.0,0.0,50.0,0.0,0.0,-1,0.0,G3_MIN_QUALITY,edge=69.1 < MIN_QUALITY_SCORE=70.0,-1,0.0,0.0,
XRP/USDT,2517,2026-06-22 19:00:00,long,0.71265,72.36,60.14,1.1344,0.009821,unknown,,,,False,True,0.0,-0.1836011322733463,51.93291510143385,0.0,0.0,0.0,0.0,0.0,50.0,0.0,0.0,-1,0.0,G3_5_ADX,adx=23.0 < 25 (weak trend),-1,0.0,0.0,
XRP/USDT,2518,2026-06-22 20:00:00,long,0.71217,65.83,60.14,1.1318,0.009786,unknown,,,,False,False,0.0,0.0,50.0,0.0,0.0,0.0,0.0,0.0,50.0,0.0,0.0,-1,0.0,G3_MIN_QUALITY,edge=65.8 < MIN_QUALITY_SCORE=70.0,-1,0.0,0.0,
XRP/USDT,2519,2026-06-22 21:00:00,long,0.71456,67.3,60.14,1.1316,0.009629,unknown,,,,False,False,0.0,0.0,50.0,0.0,0.0,0.0,0.0,0.0,50.0,0.0,0.0,-1,0.0,G3_MIN_QUALITY,edge=67.3 < MIN_QUALITY_SCORE=70.0,-1,0.0,0.0,
XRP/USDT,2520,2026-06-22 22:00:00,long,0.71041,74.82,60.14,1.1276,0.010121,unknown,,,,False,True,0.0,-0.575391746166784,44.163554926994976,0.0,0.0,0.0,0.0,0.0,50.0,0.0,0.0,-1,0.0,G3_5_ADX,adx=21.8 < 25 (weak trend),-1,0.0,0.0,
XRP/USDT,2521,2026-06-22 23:00:00,long,0.70382,62.17,60.14,1.1295,0.0101,unknown,,,,False,False,0.0,0.0,50.0,0.0,0.0,0.0,0.0,0.0,50.0,0.0,0.0,-1,0.0,G3_MIN_QUALITY,edge=62.2 < MIN_QUALITY_SCORE=70.0,-1,0.0,0.0,
XRP/USDT,2522,2026-06-23 00:00:00,long,0.67979,64.15,60.14,1.1314,0.010193,unknown,,,,False,False,0.0,0.0,50.0,0.0,0.0,0.0,0.0,0.0,50.0,0.0,0.0,-1,0.0,G3_MIN_QUALITY,edge=64.1 < MIN_QUALITY_SCORE=70.0,-1,0.0,0.0,
XRP/USDT,2523,2026-06-23 01:00:00,long,0.67883,66.94,60.14,1.1289,0.010029,unknown,,,,False,False,0.0,0.0,50.0,0.0,0.0,0.0,0.0,0.0,50.0,0.0,0.0,-1,0.0,G3_MIN_QUALITY,edge=66.9 < MIN_QUALITY_SCORE=70.0,-1,0.0,0.0,
XRP/USDT,2524,2026-06-23 02:00:00,long,0.67224,65.24,60.14,1.1296,0.009493,unknown,,,,False,False,0.0,0.0,50.0,0.0,0.0,0.0,0.0,0.0,50.0,0.0,0.0,-1,0.0,G3_MIN_QUALITY,edge=65.2 < MIN_QUALITY_SCORE=70.0,-1,0.0,0.0,
XRP/USDT,2525,2026-06-23 03:00:00,long,0.67778,66.13,60.14,1.1274,0.00895,unknown,,,,False,False,0.0,0.0,50.0,0.0,0.0,0.0,0.0,0.0,50.0,0.0,0.0,-1,0.0,G3_MIN_QUALITY,edge=66.1 < MIN_QUALITY_SCORE=70.0,-1,0.0,0.0,
XRP/USDT,2526,2026-06-23 04:00:00,long,0.67825,71.46,60.14,1.1175,0.0081,unknown,,,,False,True,0.0,-0.6852568136058385,55.23690613478989,-1.0,0.0,0.0,0.0,0.0,50.0,0.0,0.0,-1,0.0,G3_5_ADX,adx=22.2 < 25 (weak trend),-1,0.0,0.0,
XRP/USDT,2527,2026-06-23 05:00:00,long,0.67351,87.76,60.14,1.1158,0.007771,unknown,,,,False,True,0.0,-0.6740061681905508,56.437754422545964,-1.0,0.0,0.0,0.25,0.0,50.0,0.0,0.0,-1,0.0,G4_5_MTF,prior(bearish)=0.25<0.6 OR rev(bullish)=0.00<0.5,-1,0.0,0.0,
XRP/USDT,2528,2026-06-23 06:00:00,long,0.67725,100.0,60.14,1.1132,0.007836,unknown,,,,False,True,0.0,-0.6647076032419604,48.71615751679995,-1.0,0.0,0.0,0.5,0.0,50.0,0.0,0.0,-1,0.0,G4_5_MTF,prior(bearish)=0.50<0.6 OR rev(bullish)=0.00<0.5,-1,0.0,0.0,
XRP/USDT,2529,2026-06-23 07:00:00,long,0.67298,80.47,60.14,1.1129,0.007629,unknown,,,,False,True,0.0,-0.6444248645101868,48.22515042210337,0.0,0.0,0.0,0.75,0.0,50.0,0.0,0.0,-1,0.0,G4_5_MTF,prior(bearish)=0.75<0.6 OR rev(bullish)=0.00<0.5,-1,0.0,0.0,
XRP/USDT,2530,2026-06-23 08:00:00,long,0.68667,100.0,60.14,1.1003,0.008264,unknown,,,,False,True,0.0,-0.7453241914218739,41.33975004934647,-1.0,0.0,0.0,0.75,0.0,50.0,0.0,0.0,-1,0.0,G4_5_MTF,prior(bearish)=0.75<0.6 OR rev(bullish)=0.00<0.5,-1,0.0,0.0,
XRP/USDT,2531,2026-06-23 09:00:00,long,0.69677,84.28,60.14,1.1037,0.008264,unknown,,,,False,True,0.0,-0.6110638249357259,40.87493860769631,0.0,0.0,0.0,1.0,0.0,50.0,0.0,0.0,-1,0.0,G4_5_MTF,prior(bearish)=1.00<0.6 OR rev(bullish)=0.00<0.5,-1,0.0,0.0,
XRP/USDT,2532,2026-06-23 10:00:00,long,0.69631,86.98,60.14,1.1043,0.008136,unknown,,,,False,True,0.0,-0.6072664589585411,43.21821673974053,0.0,0.0,0.0,1.0,0.5,19.101117586165245,-2.784336627976142,0.44614598371718417,20,0.007367,TRADE,edge=87.0 meta_conf=0.6963,2537,1.093317,-0.011,LOSS
XRP/USDT,2538,2026-06-23 16:00:00,long,0.70073,87.92,60.14,1.101,0.00845,unknown,,,,False,True,0.0,-0.5055898143944103,42.05256036199089,0.0,0.0,0.0,0.25,0.0,50.0,0.0,0.0,-1,0.0,G4_5_MTF,prior(bearish)=0.25<0.6 OR rev(bullish)=0.00<0.5,-1,0.0,0.0,
XRP/USDT,2539,2026-06-23 17:00:00,long,0.69836,83.17,60.14,1.098,0.008771,unknown,,,,False,True,0.0,-0.606003869596877,43.636636551726994,0.0,0.0,0.0,0.5,0.5,50.0,0.0,0.0,-1,0.0,G4_5_MTF,prior(bearish)=0.50<0.6 OR rev(bullish)=0.50<0.5,-1,0.0,0.0,
XRP/USDT,2540,2026-06-23 18:00:00,long,0.69918,85.02,60.14,1.0987,0.008379,unknown,,,,False,True,0.0,-0.5089287173722159,54.177762407563414,0.0,0.0,0.0,0.75,0.5,29.11110205432375,0.8481519552830503,0.148974827934801,3,0.007626,TRADE,edge=85.0 meta_conf=0.6992,2556,1.087389,-0.0113,LOSS
XRP/USDT,2557,2026-06-24 11:00:00,long,0.64549,71.8,60.14,1.0958,0.00775,unknown,,,,False,True,0.0,-0.5097690540966341,40.91421210436524,0.0,0.0,0.0,0.0,0.0,50.0,0.0,0.0,-1,0.0,G3_5_ADX,adx=14.9 < 25 (weak trend),-1,0.0,0.0,
XRP/USDT,2558,2026-06-24 12:00:00,long,0.64016,65.77,60.14,1.0902,0.007593,unknown,,,,False,False,0.0,0.0,50.0,0.0,0.0,0.0,0.0,0.0,50.0,0.0,0.0,-1,0.0,G3_MIN_QUALITY,edge=65.8 < MIN_QUALITY_SCORE=70.0,-1,0.0,0.0,
XRP/USDT,2559,2026-06-24 13:00:00,long,0.68704,86.13,60.14,1.0762,0.008264,unknown,,,,False,True,0.0,-0.7552994061954187,33.828753873805425,-1.0,0.0,0.0,0.75,0.5,25.109483919229632,-2.097754872010173,-0.39349284866658363,-1,0.0,G5_RSI_ACCEL,rsi_accel=-0.3935<-0.08 (RSI free-fall),-1,0.0,0.0,
XRP/USDT,2560,2026-06-24 14:00:00,long,0.68876,92.86,60.14,1.0754,0.008593,unknown,,,,False,True,0.0,-0.7233916795984473,32.69718176955023,0.0,0.0,0.0,0.5,0.0,50.0,0.0,0.0,-1,0.0,G4_5_MTF,prior(bearish)=0.50<0.6 OR rev(bullish)=0.00<0.5,-1,0.0,0.0,
XRP/USDT,2561,2026-06-24 15:00:00,long,0.69252,100.0,60.14,1.0585,0.009479,unknown,,,,False,True,0.0,-0.7547782661812052,23.42381788849379,-1.0,0.0,0.0,0.75,0.0,50.0,0.0,0.0,-1,0.0,G4_5_MTF,prior(bearish)=0.75<0.6 OR rev(bullish)=0.00<0.5,-1,0.0,0.0,
XRP/USDT,2562,2026-06-24 16:00:00,long,0.66338,100.0,60.14,1.0569,0.010271,unknown,,,,False,True,0.0,-0.7239232871125948,23.287170489807146,0.0,0.0,0.0,0.75,0.0,50.0,0.0,0.0,-1,0.0,G4_5_MTF,prior(bearish)=0.75<0.6 OR rev(bullish)=0.00<0.5,-1,0.0,0.0,
XRP/USDT,2563,2026-06-24 17:00:00,long,0.67244,93.67,60.14,1.0513,0.010843,unknown,,,,False,True,0.0,-0.7440741377644073,21.12364997792974,-1.0,0.0,0.0,0.75,0.0,50.0,0.0,0.0,-1,0.0,G4_5_MTF,prior(bearish)=0.75<0.6 OR rev(bullish)=0.00<0.5,-1,0.0,0.0,
XRP/USDT,2564,2026-06-24 18:00:00,long,0.67533,92.06,60.14,1.0603,0.011664,unknown,,,,False,True,0.0,-0.5531541673095665,22.8722617245507,0.0,0.0,0.0,1.0,0.0,50.0,0.0,0.0,-1,0.0,G4_5_MTF,prior(bearish)=1.00<0.6 OR rev(bullish)=0.00<0.5,-1,0.0,0.0,
XRP/USDT,2565,2026-06-24 19:00:00,long,0.6586,88.67,60.14,1.0575,0.011929,unknown,,,,False,True,0.0,-0.6326592014537511,24.849826433496244,0.0,0.0,0.0,1.0,0.5,23.877323830421503,-2.7453104540150433,0.4285327495769806,9,0.01128,TRADE,edge=88.7 meta_conf=0.6586,2576,1.089707,0.0322,WIN
XRP/USDT,2577,2026-06-25 07:00:00,long,0.7059,71.9,60.14,1.087,0.009821,unknown,,,,False,False,0.0,0.21998264546889748,55.11912411144401,0.0,0.0,0.0,0.25,1.0,50.0,0.0,0.0,-1,0.0,G4_5_MTF,prior(bearish)=0.25<0.6 OR rev(bullish)=1.00<0.5,-1,0.0,0.0,
XRP/USDT,2578,2026-06-25 08:00:00,long,0.70678,70.13,60.14,1.083,0.008643,unknown,,,,False,False,0.0,0.10011094306655406,57.68720561356866,0.0,0.0,0.0,0.25,0.5,50.0,0.0,0.0,-1,0.0,G4_5_MTF,prior(bearish)=0.25<0.6 OR rev(bullish)=0.50<0.5,-1,0.0,0.0,
XRP/USDT,2579,2026-06-25 09:00:00,long,0.69298,70.4,60.14,1.0814,0.008236,unknown,,,,False,False,0.0,0.2014250995982591,58.527990937280016,0.0,0.0,0.0,0.0,0.0,50.0,0.0,0.0,-1,0.0,G4_5_MTF,prior(bearish)=0.00<0.6 OR rev(bullish)=0.00<0.5,-1,0.0,0.0,
XRP/USDT,2580,2026-06-25 10:00:00,long,0.72601,80.86,60.14,1.0737,0.007136,unknown,,,,False,False,0.0,-0.0897781118825694,73.75369471501735,0.0,0.0,0.0,0.25,0.0,50.0,0.0,0.0,-1,0.0,G4_5_MTF,prior(bearish)=0.25<0.6 OR rev(bullish)=0.00<0.5,-1,0.0,0.0,
XRP/USDT,2581,2026-06-25 11:00:00,long,0.72658,79.16,60.14,1.0721,0.00685,unknown,,,,False,False,0.0,-0.22224789339333778,73.62542200624912,0.0,0.0,0.0,0.5,0.0,50.0,0.0,0.0,-1,0.0,G4_5_MTF,prior(bearish)=0.50<0.6 OR rev(bullish)=0.00<0.5,-1,0.0,0.0,
XRP/USDT,2582,2026-06-25 12:00:00,long,0.72241,86.94,60.14,1.0749,0.006986,unknown,,,,False,False,0.0,0.08600926329841801,70.47853060793769,0.0,0.0,0.0,0.75,0.0,50.0,0.0,0.0,-1,0.0,G4_5_MTF,prior(bearish)=0.75<0.6 OR rev(bullish)=0.00<0.5,-1,0.0,0.0,
XRP/USDT,2583,2026-06-25 13:00:00,long,0.70056,100.0,60.14,1.0156,0.011143,unknown,,,,False,True,0.0,-0.800321881495598,23.07414286153239,-1.0,0.0,0.0,1.0,0.5,21.172959280104863,0.11898083859453494,-1.5309319489840256,-1,0.0,G5_RSI_ACCEL,rsi_accel=-1.5309<-0.08 (RSI free-fall),-1,0.0,0.0,
XRP/USDT,2584,2026-06-25 14:00:00,long,0.70138,99.79,60.14,1.0334,0.0132,unknown,,,,False,False,0.0,-0.6360259503484683,23.011565767386564,0.0,0.0,0.0,1.0,0.5,32.682508849277326,-0.8348950406455746,-0.9538758792401095,-1,0.0,G5_RSI_ACCEL,rsi_accel=-0.9539<-0.08 (RSI free-fall),-1,0.0,0.0,
XRP/USDT,2585,2026-06-25 15:00:00,long,0.70363,81.82,60.14,1.0351,0.013857,unknown,,,,False,False,0.0,-0.6153733071986567,23.40615314996902,0.0,0.0,0.0,0.75,0.5,32.91031759099445,-1.9086673133010887,-1.0737722726555141,-1,0.0,G5_RSI_ACCEL,rsi_accel=-1.0738<-0.08 (RSI free-fall),-1,0.0,0.0,
XRP/USDT,2586,2026-06-25 16:00:00,long,0.70636,81.75,60.14,1.0309,0.014571,unknown,,,,False,False,0.0,-0.7213441718247232,23.939541374258262,0.0,0.0,0.0,0.75,1.0,32.827000341113745,-2.936787257715763,-1.0281199444146745,-1,0.0,G5_RSI_ACCEL,rsi_accel=-1.0281<-0.08 (RSI free-fall),-1,0.0,0.0,
XRP/USDT,2587,2026-06-25 17:00:00,long,0.70489,81.53,60.14,1.0461,0.015371,unknown,,,,False,False,0.0,-0.5112280023616999,24.86702523609053,0.0,0.0,0.0,0.5,0.5,50.0,0.0,0.0,-1,0.0,G4_5_MTF,prior(bearish)=0.50<0.6 OR rev(bullish)=0.50<0.5,-1,0.0,0.0,
XRP/USDT,2588,2026-06-25 18:00:00,long,0.70431,79.38,60.14,1.0346,0.015486,unknown,,,,False,False,0.0,-0.6587769092403706,25.735276255005413,0.0,0.0,0.0,0.25,0.5,50.0,0.0,0.0,-1,0.0,G4_5_MTF,prior(bearish)=0.25<0.6 OR rev(bullish)=0.50<0.5,-1,0.0,0.0,
XRP/USDT,2589,2026-06-25 19:00:00,long,0.69978,78.52,60.14,1.0344,0.015286,unknown,,,,False,False,0.0,-0.6289593792993257,26.70133770281613,0.0,0.0,0.0,0.5,0.5,50.0,0.0,0.0,-1,0.0,G4_5_MTF,prior(bearish)=0.50<0.6 OR rev(bullish)=0.50<0.5,-1,0.0,0.0,
XRP/USDT,2590,2026-06-25 20:00:00,long,0.69653,77.91,60.14,1.0334,0.015493,unknown,,,,False,False,0.0,-0.6276525650002628,28.498756308569213,0.0,0.0,0.0,0.25,0.0,50.0,0.0,0.0,-1,0.0,G4_5_MTF,prior(bearish)=0.25<0.6 OR rev(bullish)=0.00<0.5,-1,0.0,0.0,
XRP/USDT,2591,2026-06-25 21:00:00,long,0.69432,80.15,60.14,1.0438,0.016007,unknown,,,,False,False,0.0,-0.4574680003238493,30.719983424993696,0.0,0.0,0.0,0.5,0.0,50.0,0.0,0.0,-1,0.0,G4_5_MTF,prior(bearish)=0.50<0.6 OR rev(bullish)=0.00<0.5,-1,0.0,0.0,
XRP/USDT,2592,2026-06-25 22:00:00,long,0.69199,78.89,60.14,1.0409,0.016086,unknown,,,,False,False,0.0,-0.5688087040136651,33.963941459979324,0.0,0.0,0.0,0.75,0.5,34.7353119195477,-1.8883894009100883,0.7652406696634482,16,0.015454,TRADE,edge=78.9 meta_conf=0.6920,2596,1.019184,-0.0217,LOSS
XRP/USDT,2597,2026-06-26 03:00:00,long,0.69456,85.37,60.14,1.0345,0.014843,unknown,,,,False,False,0.0,-0.31624483240794216,64.0146071242107,0.0,0.0,0.0,0.5,0.0,50.0,0.0,0.0,-1,0.0,G4_5_MTF,prior(bearish)=0.50<0.6 OR rev(bullish)=0.00<0.5,-1,0.0,0.0,
XRP/USDT,2598,2026-06-26 04:00:00,long,0.69703,78.36,60.14,1.0283,0.013029,unknown,,,,False,False,0.0,-0.5455589357990818,64.74644112285517,0.0,0.0,0.0,0.75,0.5,47.56446355393988,1.0028918399090312,0.2397470598463901,2,0.0,G6_COOLDOWN,bars_since_exit=2 < cooldown=3,-1,0.0,0.0,
XRP/USDT,2599,2026-06-26 05:00:00,long,0.67184,79.63,60.14,1.0334,0.012607,unknown,,,,False,False,0.0,-0.3290196075305807,64.5280985197599,0.0,0.0,0.0,0.75,0.5,49.21368465317691,1.2318544953741304,0.2289626554650992,3,0.0122,TRADE,edge=79.6 meta_conf=0.6718,2607,1.01638,-0.017,LOSS
XRP/USDT,2608,2026-06-26 14:00:00,long,0.67232,85.27,60.14,1.037,0.014743,unknown,,,,False,False,0.0,-0.058252966708397434,55.622416783831255,0.0,0.0,0.0,1.0,0.5,48.36652846907252,0.25564366809248185,-0.2043175893941091,-1,0.0,G5_RSI_ACCEL,rsi_accel=-0.2043<-0.08 (RSI free-fall),-1,0.0,0.0,
XRP/USDT,2609,2026-06-26 15:00:00,long,0.66926,60.0,60.14,1.0451,0.014793,unknown,,,,False,False,0.0,0.0,50.0,0.0,0.0,0.0,0.0,0.0,50.0,0.0,0.0,-1,0.0,G2_EDGE,edge=60.0 < thr=60.1,-1,0.0,0.0,
XRP/USDT,2610,2026-06-26 16:00:00,long,0.66969,59.25,60.14,1.0448,0.014271,unknown,,,,False,False,0.0,0.0,50.0,0.0,0.0,0.0,0.0,0.0,50.0,0.0,0.0,-1,0.0,G2_EDGE,edge=59.3 < thr=60.1,-1,0.0,0.0,
XRP/USDT,2611,2026-06-26 17:00:00,long,0.68024,56.59,60.14,1.0475,0.012857,unknown,,,,False,False,0.0,0.0,50.0,0.0,0.0,0.0,0.0,0.0,50.0,0.0,0.0,-1,0.0,G2_EDGE,edge=56.6 < thr=60.1,-1,0.0,0.0,
XRP/USDT,2612,2026-06-26 18:00:00,long,0.67971,51.55,60.14,1.0408,0.012993,unknown,,,,False,False,0.0,0.0,50.0,0.0,0.0,0.0,0.0,0.0,50.0,0.0,0.0,-1,0.0,G2_EDGE,edge=51.6 < thr=60.1,-1,0.0,0.0,
XRP/USDT,2613,2026-06-26 19:00:00,long,0.67115,56.8,60.14,1.0478,0.013407,unknown,,,,False,False,0.0,0.0,50.0,0.0,0.0,0.0,0.0,0.0,50.0,0.0,0.0,-1,0.0,G2_EDGE,edge=56.8 < thr=60.1,-1,0.0,0.0,
XRP/USDT,2614,2026-06-26 20:00:00,long,0.67845,55.48,60.14,1.0447,0.013136,unknown,,,,False,False,0.0,0.0,50.0,0.0,0.0,0.0,0.0,0.0,50.0,0.0,0.0,-1,0.0,G2_EDGE,edge=55.5 < thr=60.1,-1,0.0,0.0,
XRP/USDT,2615,2026-06-26 21:00:00,long,0.67567,50.64,60.14,1.0425,0.012971,unknown,,,,False,False,0.0,0.0,50.0,0.0,0.0,0.0,0.0,0.0,50.0,0.0,0.0,-1,0.0,G2_EDGE,edge=50.6 < thr=60.1,-1,0.0,0.0,
XRP/USDT,2616,2026-06-26 22:00:00,long,0.68673,54.22,60.14,1.0483,0.012736,unknown,,,,False,False,0.0,0.0,50.0,0.0,0.0,0.0,0.0,0.0,50.0,0.0,0.0,-1,0.0,G2_EDGE,edge=54.2 < thr=60.1,-1,0.0,0.0,
XRP/USDT,2617,2026-06-26 23:00:00,long,0.68798,54.93,60.14,1.049,0.012286,unknown,,,,False,False,0.0,0.0,50.0,0.0,0.0,0.0,0.0,0.0,50.0,0.0,0.0,-1,0.0,G2_EDGE,edge=54.9 < thr=60.1,-1,0.0,0.0,
XRP/USDT,2618,2026-06-27 00:00:00,long,0.67879,53.84,60.14,1.0479,0.012279,unknown,,,,False,False,0.0,0.0,50.0,0.0,0.0,0.0,0.0,0.0,50.0,0.0,0.0,-1,0.0,G2_EDGE,edge=53.8 < thr=60.1,-1,0.0,0.0,
XRP/USDT,2619,2026-06-27 01:00:00,long,0.69918,46.52,60.14,1.0521,0.011943,unknown,,,,False,False,0.0,0.0,50.0,0.0,0.0,0.0,0.0,0.0,50.0,0.0,0.0,-1,0.0,G2_EDGE,edge=46.5 < thr=60.1,-1,0.0,0.0,
XRP/USDT,2620,2026-06-27 02:00:00,long,0.7112,52.64,60.14,1.0618,0.011836,unknown,,,,False,False,0.0,0.0,50.0,0.0,0.0,0.0,0.0,0.0,50.0,0.0,0.0,-1,0.0,G2_EDGE,edge=52.6 < thr=60.1,-1,0.0,0.0,
XRP/USDT,2621,2026-06-27 03:00:00,long,0.71267,57.64,60.14,1.0591,0.010286,unknown,,,,False,False,0.0,0.0,50.0,0.0,0.0,0.0,0.0,0.0,50.0,0.0,0.0,-1,0.0,G2_EDGE,edge=57.6 < thr=60.1,-1,0.0,0.0,
XRP/USDT,2622,2026-06-27 04:00:00,long,0.75636,48.41,60.14,1.0601,0.009679,unknown,,,,False,False,0.0,0.0,50.0,0.0,0.0,0.0,0.0,0.0,50.0,0.0,0.0,-1,0.0,G2_EDGE,edge=48.4 < thr=60.1,-1,0.0,0.0,
XRP/USDT,2623,2026-06-27 05:00:00,long,0.7455,57.72,60.14,1.058,0.009179,unknown,,,,False,False,0.0,0.0,50.0,0.0,0.0,0.0,0.0,0.0,50.0,0.0,0.0,-1,0.0,G2_EDGE,edge=57.7 < thr=60.1,-1,0.0,0.0,
XRP/USDT,2624,2026-06-27 06:00:00,long,0.75317,78.38,60.14,1.0599,0.008729,unknown,,,,True,False,0.0,0.5110989546573642,65.85455044878668,0.0,0.0,0.0,0.5,0.5,50.0,0.0,0.0,-1,0.0,G4_5_MTF,prior(bearish)=0.50<0.6 OR rev(bullish)=0.50<0.5,-1,0.0,0.0,
XRP/USDT,2625,2026-06-27 07:00:00,long,0.72723,77.49,60.14,1.0602,0.008643,unknown,,,,True,False,0.0,0.5094481418585733,64.87001896740884,0.0,0.0,0.0,0.25,0.5,50.0,0.0,0.0,-1,0.0,G4_5_MTF,prior(bearish)=0.25<0.6 OR rev(bullish)=0.50<0.5,-1,0.0,0.0,
XRP/USDT,2626,2026-06-27 08:00:00,long,0.74608,75.94,60.14,1.0573,0.00825,unknown,,,,True,False,0.0,0.38298028781685883,63.73052094447173,0.0,0.0,0.0,0.5,1.0,50.0,0.0,0.0,-1,0.0,G4_5_MTF,prior(bearish)=0.50<0.6 OR rev(bullish)=1.00<0.5,-1,0.0,0.0,
XRP/USDT,2627,2026-06-27 09:00:00,long,0.73456,77.01,60.14,1.0584,0.007529,unknown,,,,True,False,0.0,0.49088775245434385,62.26887909822261,0.0,0.0,0.0,0.5,0.5,50.0,0.0,0.0,-1,0.0,G4_5_MTF,prior(bearish)=0.50<0.6 OR rev(bullish)=0.50<0.5,-1,0.0,0.0,
XRP/USDT,2628,2026-06-27 10:00:00,long,0.71391,64.46,60.14,1.0594,0.006843,unknown,,,,False,False,0.0,0.0,50.0,0.0,0.0,0.0,0.0,0.0,50.0,0.0,0.0,-1,0.0,G3_MIN_QUALITY,edge=64.5 < MIN_QUALITY_SCORE=70.0,-1,0.0,0.0,
XRP/USDT,2629,2026-06-27 11:00:00,long,0.722,65.06,60.14,1.0594,0.006814,unknown,,,,False,False,0.0,0.0,50.0,0.0,0.0,0.0,0.0,0.0,50.0,0.0,0.0,-1,0.0,G3_MIN_QUALITY,edge=65.1 < MIN_QUALITY_SCORE=70.0,-1,0.0,0.0,
XRP/USDT,2630,2026-06-27 12:00:00,long,0.72186,65.2,60.14,1.061,0.006393,unknown,,,,False,False,0.0,0.0,50.0,0.0,0.0,0.0,0.0,0.0,50.0,0.0,0.0,-1,0.0,G3_MIN_QUALITY,edge=65.2 < MIN_QUALITY_SCORE=70.0,-1,0.0,0.0,
XRP/USDT,2631,2026-06-27 13:00:00,long,0.71387,70.91,60.14,1.0648,0.006464,unknown,,,,True,False,0.0,0.6315876031560943,64.10369167846416,0.0,0.0,0.0,0.25,0.5,50.0,0.0,0.0,-1,0.0,G4_5_MTF,prior(bearish)=0.25<0.6 OR rev(bullish)=0.50<0.5,-1,0.0,0.0,
XRP/USDT,2632,2026-06-27 14:00:00,long,0.73175,72.9,60.14,1.0689,0.0063,unknown,,,,True,False,0.0,0.6822148766865588,62.244513207509705,1.0,0.0,0.0,0.25,1.0,50.0,0.0,0.0,-1,0.0,G4_5_MTF,prior(bearish)=0.25<0.6 OR rev(bullish)=1.00<0.5,-1,0.0,0.0,
XRP/USDT,2633,2026-06-27 15:00:00,long,0.71037,89.81,60.14,1.0752,0.006393,unknown,,,,True,False,0.0,0.6978891794818814,56.9714907687912,1.0,0.0,0.0,0.0,1.0,50.0,0.0,0.0,-1,0.0,G4_5_MTF,prior(bearish)=0.00<0.6 OR rev(bullish)=1.00<0.5,-1,0.0,0.0,
XRP/USDT,2634,2026-06-27 16:00:00,long,0.70832,82.22,60.14,1.0702,0.00585,unknown,,,,True,False,0.0,0.5236339072303033,55.67485115676617,0.0,0.0,0.0,0.0,1.0,50.0,0.0,0.0,-1,0.0,G4_5_MTF,prior(bearish)=0.00<0.6 OR rev(bullish)=1.00<0.5,-1,0.0,0.0,
XRP/USDT,2635,2026-06-27 17:00:00,long,0.69142,89.97,60.14,1.0605,0.006157,unknown,,,,False,False,0.0,0.28150466451171313,54.18878826621572,0.0,0.0,0.0,0.0,0.5,50.0,0.0,0.0,-1,0.0,G4_5_MTF,prior(bearish)=0.00<0.6 OR rev(bullish)=0.50<0.5,-1,0.0,0.0,
XRP/USDT,2636,2026-06-27 18:00:00,long,0.70376,81.72,60.14,1.059,0.006057,unknown,,,,False,False,0.0,0.08624126891311974,52.83549034056282,0.0,0.0,0.0,0.0,0.0,50.0,0.0,0.0,-1,0.0,G4_5_MTF,prior(bearish)=0.00<0.6 OR rev(bullish)=0.00<0.5,-1,0.0,0.0,
XRP/USDT,2637,2026-06-27 19:00:00,long,0.7244,85.95,60.14,1.0544,0.00605,unknown,,,,False,False,0.0,-0.12439616932683574,50.86675602917907,0.0,0.0,0.0,0.25,0.0,50.0,0.0,0.0,-1,0.0,G4_5_MTF,prior(bearish)=0.25<0.6 OR rev(bullish)=0.00<0.5,-1,0.0,0.0,
XRP/USDT,2638,2026-06-27 20:00:00,long,0.70713,77.71,60.14,1.0552,0.005721,unknown,,,,False,False,0.0,-0.16047553372013493,49.666801226561816,0.0,0.0,0.0,0.5,0.0,50.0,0.0,0.0,-1,0.0,G4_5_MTF,prior(bearish)=0.50<0.6 OR rev(bullish)=0.00<0.5,-1,0.0,0.0,
XRP/USDT,2639,2026-06-27 21:00:00,long,0.71414,68.54,60.14,1.0531,0.005764,unknown,,,,False,False,0.0,0.0,50.0,0.0,0.0,0.0,0.0,0.0,50.0,0.0,0.0,-1,0.0,G3_MIN_QUALITY,edge=68.5 < MIN_QUALITY_SCORE=70.0,-1,0.0,0.0,
XRP/USDT,2640,2026-06-27 22:00:00,long,0.71737,70.71,60.14,1.0536,0.006014,unknown,,,,False,True,0.0,-0.2613800272880277,38.24622162742448,0.0,0.0,0.0,0.0,0.0,50.0,0.0,0.0,-1,0.0,G3_5_ADX,adx=23.7 < 25 (weak trend),-1,0.0,0.0,
XRP/USDT,2641,2026-06-27 23:00:00,long,0.71293,68.13,60.14,1.0475,0.006314,unknown,,,,False,False,0.0,0.0,50.0,0.0,0.0,0.0,0.0,0.0,50.0,0.0,0.0,-1,0.0,G3_MIN_QUALITY,edge=68.1 < MIN_QUALITY_SCORE=70.0,-1,0.0,0.0,
XRP/USDT,2642,2026-06-28 00:00:00,long,0.69928,65.47,60.14,1.0499,0.006421,unknown,,,,False,False,0.0,0.0,50.0,0.0,0.0,0.0,0.0,0.0,50.0,0.0,0.0,-1,0.0,G3_MIN_QUALITY,edge=65.5 < MIN_QUALITY_SCORE=70.0,-1,0.0,0.0,
XRP/USDT,2643,2026-06-28 01:00:00,long,0.68838,63.99,60.14,1.0513,0.006386,unknown,,,,False,False,0.0,0.0,50.0,0.0,0.0,0.0,0.0,0.0,50.0,0.0,0.0,-1,0.0,G3_MIN_QUALITY,edge=64.0 < MIN_QUALITY_SCORE=70.0,-1,0.0,0.0,
XRP/USDT,2644,2026-06-28 02:00:00,long,0.6954,66.53,60.14,1.0466,0.006657,unknown,,,,False,False,0.0,0.0,50.0,0.0,0.0,0.0,0.0,0.0,50.0,0.0,0.0,-1,0.0,G3_MIN_QUALITY,edge=66.5 < MIN_QUALITY_SCORE=70.0,-1,0.0,0.0,
XRP/USDT,2645,2026-06-28 03:00:00,long,0.68907,63.28,60.14,1.0499,0.006586,unknown,,,,False,False,0.0,0.0,50.0,0.0,0.0,0.0,0.0,0.0,50.0,0.0,0.0,-1,0.0,G3_MIN_QUALITY,edge=63.3 < MIN_QUALITY_SCORE=70.0,-1,0.0,0.0,
XRP/USDT,2646,2026-06-28 04:00:00,long,0.69272,62.45,60.14,1.0486,0.006471,unknown,,,,False,False,0.0,0.0,50.0,0.0,0.0,0.0,0.0,0.0,50.0,0.0,0.0,-1,0.0,G3_MIN_QUALITY,edge=62.5 < MIN_QUALITY_SCORE=70.0,-1,0.0,0.0,
XRP/USDT,2647,2026-06-28 05:00:00,long,0.69901,66.11,60.14,1.0478,0.006329,unknown,,,,False,False,0.0,0.0,50.0,0.0,0.0,0.0,0.0,0.0,50.0,0.0,0.0,-1,0.0,G3_MIN_QUALITY,edge=66.1 < MIN_QUALITY_SCORE=70.0,-1,0.0,0.0,
XRP/USDT,2648,2026-06-28 06:00:00,long,0.69128,63.19,60.14,1.0449,0.006221,unknown,,,,False,False,0.0,0.0,50.0,0.0,0.0,0.0,0.0,0.0,50.0,0.0,0.0,-1,0.0,G3_MIN_QUALITY,edge=63.2 < MIN_QUALITY_SCORE=70.0,-1,0.0,0.0,
XRP/USDT,2649,2026-06-28 07:00:00,long,0.68597,86.34,60.14,1.0512,0.005957,unknown,,,,False,True,0.0,-0.3434057062760889,57.63020726889652,0.0,0.0,0.0,0.5,0.0,50.0,0.0,0.0,-1,0.0,G4_5_MTF,prior(bearish)=0.50<0.6 OR rev(bullish)=0.00<0.5,-1,0.0,0.0,
XRP/USDT,2650,2026-06-28 08:00:00,long,0.68009,92.37,60.14,1.0547,0.006321,unknown,,,,False,True,0.0,-0.14278074239672964,59.37523516005181,0.0,0.0,0.0,0.75,0.5,44.71742933552803,-1.1750199002271247,0.5702402588219428,43,0.005994,TRADE,edge=92.4 meta_conf=0.6801,2652,1.046166,-0.0085,LOSS
XRP/USDT,2653,2026-06-28 11:00:00,long,0.6827,87.78,60.14,1.0527,0.006479,unknown,,,,False,True,0.0,-0.09467634774022272,62.22375252319104,0.0,0.0,0.0,0.5,0.0,50.0,0.0,0.0,-1,0.0,G4_5_MTF,prior(bearish)=0.50<0.6 OR rev(bullish)=0.00<0.5,-1,0.0,0.0,
XRP/USDT,2654,2026-06-28 12:00:00,long,0.68802,89.71,60.14,1.052,0.006371,unknown,,,,False,True,0.0,-0.1499474010355817,62.375747585270176,0.0,0.0,0.0,0.5,0.5,50.0,0.0,0.0,-1,0.0,G4_5_MTF,prior(bearish)=0.50<0.6 OR rev(bullish)=0.50<0.5,-1,0.0,0.0,
XRP/USDT,2655,2026-06-28 13:00:00,long,0.68802,88.98,60.14,1.0496,0.006229,unknown,,,,False,True,0.0,-0.24214160932124612,62.33932433526704,0.0,0.0,0.0,0.5,0.5,50.0,0.0,0.0,-1,0.0,G4_5_MTF,prior(bearish)=0.50<0.6 OR rev(bullish)=0.50<0.5,-1,0.0,0.0,
XRP/USDT,2656,2026-06-28 14:00:00,long,0.68636,96.61,60.14,1.0525,0.006536,unknown,,,,False,True,0.0,0.058312010428266815,62.38788089250447,0.0,0.0,0.0,0.5,0.0,50.0,0.0,0.0,-1,0.0,G4_5_MTF,prior(bearish)=0.50<0.6 OR rev(bullish)=0.00<0.5,-1,0.0,0.0,
XRP/USDT,2657,2026-06-28 15:00:00,long,0.67535,97.83,60.14,1.0526,0.0067,unknown,,,,False,True,0.0,0.13146707729980042,62.52109148027566,0.0,0.0,0.0,0.75,0.5,51.67093256058994,2.1143428893794227,0.41417150611246534,5,0.006365,TRADE,edge=97.8 meta_conf=0.6753,2659,1.043555,-0.009,LOSS
XRP/USDT,2660,2026-06-28 18:00:00,long,0.66623,72.39,60.14,1.0468,0.007171,unknown,,,,True,True,0.0,-0.534790868620219,61.79766302015478,0.0,0.0,0.0,0.5,0.0,50.0,0.0,0.0,-1,0.0,G4_5_MTF,prior(bearish)=0.50<0.6 OR rev(bullish)=0.00<0.5,-1,0.0,0.0,
XRP/USDT,2661,2026-06-28 19:00:00,long,0.68063,63.83,60.14,1.0446,0.007479,unknown,,,,False,False,0.0,0.0,50.0,0.0,0.0,0.0,0.0,0.0,50.0,0.0,0.0,-1,0.0,G3_MIN_QUALITY,edge=63.8 < MIN_QUALITY_SCORE=70.0,-1,0.0,0.0,
XRP/USDT,2662,2026-06-28 20:00:00,long,0.6649,65.81,60.14,1.0468,0.007429,unknown,,,,False,False,0.0,0.0,50.0,0.0,0.0,0.0,0.0,0.0,50.0,0.0,0.0,-1,0.0,G3_MIN_QUALITY,edge=65.8 < MIN_QUALITY_SCORE=70.0,-1,0.0,0.0,
XRP/USDT,2663,2026-06-28 21:00:00,long,0.67108,69.44,60.14,1.041,0.007557,unknown,,,,False,False,0.0,0.0,50.0,0.0,0.0,0.0,0.0,0.0,50.0,0.0,0.0,-1,0.0,G3_MIN_QUALITY,edge=69.4 < MIN_QUALITY_SCORE=70.0,-1,0.0,0.0,
XRP/USDT,2664,2026-06-28 22:00:00,long,0.71066,87.19,60.14,1.0382,0.008293,unknown,,,,False,True,0.0,-0.7321445980884086,52.39601019155989,-1.0,0.0,0.0,0.75,0.5,26.495715927634834,-0.7546213686284645,-0.6952407502523206,-1,0.0,G5_RSI_ACCEL,rsi_accel=-0.6952<-0.08 (RSI free-fall),-1,0.0,0.0,
XRP/USDT,2665,2026-06-28 23:00:00,long,0.67535,67.17,60.14,1.0485,0.008893,unknown,,,,False,False,0.0,0.0,50.0,0.0,0.0,0.0,0.0,0.0,50.0,0.0,0.0,-1,0.0,G3_MIN_QUALITY,edge=67.2 < MIN_QUALITY_SCORE=70.0,-1,0.0,0.0,
XRP/USDT,2666,2026-06-29 00:00:00,long,0.70712,81.32,60.14,1.0476,0.009636,unknown,,,,True,True,0.0,-0.35710831790729597,54.61028065523066,0.0,0.0,0.0,0.0,0.0,50.0,0.0,0.0,-1,0.0,G3_5_ADX,adx=13.7 < 25 (weak trend),-1,0.0,0.0,
XRP/USDT,2667,2026-06-29 01:00:00,long,0.70216,73.12,60.14,1.0434,0.0098,unknown,,,,False,True,0.0,-0.5130829364272772,55.81652468317166,0.0,0.0,0.0,0.0,0.0,50.0,0.0,0.0,-1,0.0,G3_5_ADX,adx=15.7 < 25 (weak trend),-1,0.0,0.0,
XRP/USDT,2668,2026-06-29 02:00:00,long,0.71318,82.58,60.14,1.0464,0.010464,unknown,,,,True,True,0.0,-0.281311392207393,55.574383090339374,0.0,0.0,0.0,0.0,0.0,50.0,0.0,0.0,-1,0.0,G3_5_ADX,adx=17.0 < 25 (weak trend),-1,0.0,0.0,
XRP/USDT,2669,2026-06-29 03:00:00,long,0.71543,74.15,60.14,1.0508,0.010693,unknown,,,,True,False,0.0,0.0920983607893625,57.08049167515113,0.0,0.0,0.0,0.0,0.0,50.0,0.0,0.0,-1,0.0,G3_5_ADX,adx=17.6 < 25 (weak trend),-1,0.0,0.0,
XRP/USDT,2670,2026-06-29 04:00:00,long,0.72479,72.25,60.14,1.0434,0.0107,unknown,,,,False,True,0.0,-0.4468195639722306,58.43339380330608,0.0,0.0,0.0,0.0,0.0,50.0,0.0,0.0,-1,0.0,G3_5_ADX,adx=18.7 < 25 (weak trend),-1,0.0,0.0,
XRP/USDT,2671,2026-06-29 05:00:00,long,0.70258,55.96,60.14,1.0486,0.011043,unknown,,,,False,False,0.0,0.0,50.0,0.0,0.0,0.0,0.0,0.0,50.0,0.0,0.0,-1,0.0,G2_EDGE,edge=56.0 < thr=60.1,-1,0.0,0.0,
XRP/USDT,2672,2026-06-29 06:00:00,long,0.69723,61.43,60.14,1.0495,0.010893,unknown,,,,False,False,0.0,0.0,50.0,0.0,0.0,0.0,0.0,0.0,50.0,0.0,0.0,-1,0.0,G3_MIN_QUALITY,edge=61.4 < MIN_QUALITY_SCORE=70.0,-1,0.0,0.0,
