symbol,bar_index,timestamp,direction,meta_conf,edge_score,thr,price,atr,regime_str,reg_buy_ok,reg_sell_ok,reg_skipped,at_res,at_sup,trend_1d,total_conf,choppiness,bos,ev,ev_floor,prior_frac,rev_frac,rsi_val,rsi_slope,rsi_accel,bars_since_exit,atr_pct,blocked_at,block_reason,trade_exit_bar,trade_exit_price,trade_pnl,trade_outcome
ETH/USDT,6,2026-03-10 03:00:00,short,0.63858,86.53,60.0,2026.8,25.841429,high_high_flat,,,True,False,False,0.0,0.0,50.0,0.0,0.0,0.0,0.0,0.0,50.0,0.0,0.0,-1,0.0,G1_REGIME,regime='high_high_flat' skipped=True reg_empty=False,-1,0.0,0.0,
ETH/USDT,7,2026-03-10 04:00:00,short,0.57386,81.82,60.0,2045.7,25.23,high_high_flat,,,True,False,False,0.0,0.0,50.0,0.0,0.0,0.0,0.0,0.0,50.0,0.0,0.0,-1,0.0,G1_REGIME,regime='high_high_flat' skipped=True reg_empty=False,-1,0.0,0.0,
ETH/USDT,8,2026-03-10 05:00:00,short,0.60672,88.96,60.0,2043.99,24.032222,high_high_flat,,,True,False,False,0.0,0.0,50.0,0.0,0.0,0.0,0.0,0.0,50.0,0.0,0.0,-1,0.0,G1_REGIME,regime='high_high_flat' skipped=True reg_empty=False,-1,0.0,0.0,
ETH/USDT,9,2026-03-10 06:00:00,short,0.6156,85.2,60.0,2043.76,22.938,high_high_flat,,,True,False,False,0.0,0.0,50.0,0.0,0.0,0.0,0.0,0.0,50.0,0.0,0.0,-1,0.0,G1_REGIME,regime='high_high_flat' skipped=True reg_empty=False,-1,0.0,0.0,
ETH/USDT,10,2026-03-10 07:00:00,short,0.58049,83.26,60.0,2051.0,22.634545,high_high_flat,,,True,False,False,0.0,0.0,50.0,0.0,0.0,0.0,0.0,0.0,50.0,0.0,0.0,-1,0.0,G1_REGIME,regime='high_high_flat' skipped=True reg_empty=False,-1,0.0,0.0,
ETH/USDT,11,2026-03-10 08:00:00,short,0.61279,87.14,60.0,2057.27,22.373333,high_high_flat,,,True,False,False,0.0,0.0,50.0,0.0,0.0,0.0,0.0,0.0,50.0,0.0,0.0,-1,0.0,G1_REGIME,regime='high_high_flat' skipped=True reg_empty=False,-1,0.0,0.0,
ETH/USDT,12,2026-03-10 09:00:00,short,0.59613,82.96,60.0,2068.18,22.058462,high_high_flat,,,True,False,False,0.0,0.0,50.0,0.0,0.0,0.0,0.0,0.0,50.0,0.0,0.0,-1,0.0,G1_REGIME,regime='high_high_flat' skipped=True reg_empty=False,-1,0.0,0.0,
ETH/USDT,13,2026-03-10 10:00:00,short,0.55925,80.76,60.0,2062.86,21.458571,high_high_flat,,,True,False,False,0.0,0.0,50.0,0.0,0.0,0.0,0.0,0.0,50.0,0.0,0.0,-1,0.0,G1_REGIME,regime='high_high_flat' skipped=True reg_empty=False,-1,0.0,0.0,
ETH/USDT,14,2026-03-10 11:00:00,short,0.57925,84.93,60.0,2061.69,21.702857,high_high_flat,,,True,False,False,0.0,0.0,50.0,0.0,0.0,0.0,0.0,0.0,50.0,0.0,0.0,-1,0.0,G1_REGIME,regime='high_high_flat' skipped=True reg_empty=False,-1,0.0,0.0,
ETH/USDT,15,2026-03-10 12:00:00,short,0.56842,83.96,60.0,2049.82,20.365714,high_med_flat,,,True,False,False,0.0,0.0,50.0,0.0,0.0,0.0,0.0,0.0,50.0,0.0,0.0,-1,0.0,G1_REGIME,regime='high_med_flat' skipped=True reg_empty=False,-1,0.0,0.0,
ETH/USDT,16,2026-03-10 13:00:00,long,0.51095,85.87,60.0,2033.63,21.628571,high_high_flat,,,True,False,False,0.0,0.0,50.0,0.0,0.0,0.0,0.0,0.0,50.0,0.0,0.0,-1,0.0,G1_REGIME,regime='high_high_flat' skipped=True reg_empty=False,-1,0.0,0.0,
ETH/USDT,17,2026-03-10 14:00:00,short,0.52722,100.0,60.0,2075.19,24.494286,high_high_flat,,,True,False,False,0.0,0.0,50.0,0.0,0.0,0.0,0.0,0.0,50.0,0.0,0.0,-1,0.0,G1_REGIME,regime='high_high_flat' skipped=True reg_empty=False,-1,0.0,0.0,
ETH/USDT,18,2026-03-10 15:00:00,short,0.52466,90.56,60.0,2079.35,25.047143,high_high_flat,,,True,False,False,0.0,0.0,50.0,0.0,0.0,0.0,0.0,0.0,50.0,0.0,0.0,-1,0.0,G1_REGIME,regime='high_high_flat' skipped=True reg_empty=False,-1,0.0,0.0,
ETH/USDT,19,2026-03-10 16:00:00,short,0.56867,83.45,60.0,2080.72,23.515714,high_high_flat,,,True,False,False,0.0,0.0,50.0,0.0,0.0,0.0,0.0,0.0,50.0,0.0,0.0,-1,0.0,G1_REGIME,regime='high_high_flat' skipped=True reg_empty=False,-1,0.0,0.0,
ETH/USDT,20,2026-03-10 17:00:00,short,0.56422,85.44,60.0,2071.67,23.630714,high_high_flat,,,True,False,False,0.0,0.0,50.0,0.0,0.0,0.0,0.0,0.0,50.0,0.0,0.0,-1,0.0,G1_REGIME,regime='high_high_flat' skipped=True reg_empty=False,-1,0.0,0.0,
ETH/USDT,21,2026-03-10 18:00:00,short,0.56204,84.62,60.0,2039.68,24.805,high_high_flat,,,True,False,False,0.0,0.0,50.0,0.0,0.0,0.0,0.0,0.0,50.0,0.0,0.0,-1,0.0,G1_REGIME,regime='high_high_flat' skipped=True reg_empty=False,-1,0.0,0.0,
ETH/USDT,22,2026-03-10 19:00:00,short,0.56647,79.13,60.0,2037.02,24.997857,high_high_flat,,,True,False,False,0.0,0.0,50.0,0.0,0.0,0.0,0.0,0.0,50.0,0.0,0.0,-1,0.0,G1_REGIME,regime='high_high_flat' skipped=True reg_empty=False,-1,0.0,0.0,
ETH/USDT,23,2026-03-10 20:00:00,short,0.58205,76.19,60.0,2042.56,24.92,high_high_flat,,,True,False,False,0.0,0.0,50.0,0.0,0.0,0.0,0.0,0.0,50.0,0.0,0.0,-1,0.0,G1_REGIME,regime='high_high_flat' skipped=True reg_empty=False,-1,0.0,0.0,
ETH/USDT,24,2026-03-10 21:00:00,short,0.50994,78.16,60.0,2029.2,25.685,high_high_flat,,,True,False,False,0.0,0.0,50.0,0.0,0.0,0.0,0.0,0.0,50.0,0.0,0.0,-1,0.0,G1_REGIME,regime='high_high_flat' skipped=True reg_empty=False,-1,0.0,0.0,
ETH/USDT,25,2026-03-10 22:00:00,short,0.51492,79.04,60.0,2027.64,25.126429,high_high_up,,,True,False,False,0.0,0.0,50.0,0.0,0.0,0.0,0.0,0.0,50.0,0.0,0.0,-1,0.0,G1_REGIME,regime='high_high_up' skipped=True reg_empty=False,-1,0.0,0.0,
ETH/USDT,26,2026-03-10 23:00:00,short,0.58745,78.57,60.0,2036.51,24.517143,high_high_up,,,True,False,False,0.0,0.0,50.0,0.0,0.0,0.0,0.0,0.0,50.0,0.0,0.0,-1,0.0,G1_REGIME,regime='high_high_up' skipped=True reg_empty=False,-1,0.0,0.0,
ETH/USDT,27,2026-03-11 00:00:00,short,0.56508,79.67,60.0,2037.68,24.462857,high_high_up,,,True,False,False,0.0,0.0,50.0,0.0,0.0,0.0,0.0,0.0,50.0,0.0,0.0,-1,0.0,G1_REGIME,regime='high_high_up' skipped=True reg_empty=False,-1,0.0,0.0,
ETH/USDT,28,2026-03-11 01:00:00,short,0.57162,70.05,60.0,2036.1,24.16,high_high_up,,,True,False,False,0.0,0.0,50.0,0.0,0.0,0.0,0.0,0.0,50.0,0.0,0.0,-1,0.0,G1_REGIME,regime='high_high_up' skipped=True reg_empty=False,-1,0.0,0.0,
ETH/USDT,29,2026-03-11 02:00:00,short,0.55993,72.83,60.0,2026.71,24.561429,med_high_flat,,,True,False,False,0.0,0.0,50.0,0.0,0.0,0.0,0.0,0.0,50.0,0.0,0.0,-1,0.0,G1_REGIME,regime='med_high_flat' skipped=True reg_empty=False,-1,0.0,0.0,
ETH/USDT,30,2026-03-11 03:00:00,short,0.56505,71.91,60.0,2021.17,22.775,med_high_flat,,,True,False,False,0.0,0.0,50.0,0.0,0.0,0.0,0.0,0.0,50.0,0.0,0.0,-1,0.0,G1_REGIME,regime='med_high_flat' skipped=True reg_empty=False,-1,0.0,0.0,
ETH/USDT,31,2026-03-11 04:00:00,short,0.54076,68.48,60.0,2039.08,19.312143,med_med_flat,False,True,False,False,True,0.0,-0.17122772936076916,59.50641230855461,0.0,0.001304,0.006,0.0,0.0,50.0,0.0,0.0,-1,0.0,G4_EV,ev=0.00130 <= floor=0.00600  meta_conf=0.5408,-1,0.0,0.0,
ETH/USDT,32,2026-03-11 05:00:00,short,0.55464,62.85,60.0,2014.63,19.570714,med_med_flat,False,True,False,False,True,0.0,-0.49464218134170634,55.46641235222657,0.0,0.001805,0.006,0.0,0.0,50.0,0.0,0.0,-1,0.0,G4_EV,ev=0.00180 <= floor=0.00600  meta_conf=0.5546,-1,0.0,0.0,
ETH/USDT,33,2026-03-11 06:00:00,short,0.56767,70.91,60.0,2024.3,19.089286,med_med_flat,False,True,False,False,True,0.0,-0.33200346892371685,56.46732504101537,0.0,0.001966,0.006,0.0,0.0,50.0,0.0,0.0,-1,0.0,G4_EV,ev=0.00197 <= floor=0.00600  meta_conf=0.5677,-1,0.0,0.0,
ETH/USDT,34,2026-03-11 07:00:00,short,0.5464,62.56,60.0,2012.54,18.494286,med_med_down,False,True,False,False,True,0.0,-0.5536392933286564,60.134493606750006,0.0,0.001287,0.006,0.0,0.0,50.0,0.0,0.0,-1,0.0,G4_EV,ev=0.00129 <= floor=0.00600  meta_conf=0.5464,-1,0.0,0.0,
ETH/USDT,35,2026-03-11 08:00:00,short,0.54468,71.65,60.0,2023.76,16.983571,med_med_down,False,True,False,False,True,0.0,-0.2871618979240896,77.09185259055093,0.0,0.000789,0.006,0.0,0.0,50.0,0.0,0.0,-1,0.0,G4_EV,ev=0.00079 <= floor=0.00600  meta_conf=0.5447,-1,0.0,0.0,
ETH/USDT,36,2026-03-11 09:00:00,short,0.52409,69.43,60.0,2017.87,16.679286,med_med_down,False,True,False,False,True,0.0,-0.38216689810673404,76.07661124706766,0.0,0.000257,0.006,0.0,0.0,50.0,0.0,0.0,-1,0.0,G4_EV,ev=0.00026 <= floor=0.00600  meta_conf=0.5241,-1,0.0,0.0,
ETH/USDT,37,2026-03-11 10:00:00,short,0.53655,67.25,60.0,2028.68,16.826429,med_med_down,False,True,False,False,True,0.0,-0.14360325342674385,75.06201551447671,0.0,0.000551,0.006,0.0,0.0,50.0,0.0,0.0,-1,0.0,G4_EV,ev=0.00055 <= floor=0.00600  meta_conf=0.5366,-1,0.0,0.0,
ETH/USDT,38,2026-03-11 11:00:00,short,0.51799,70.69,60.0,2017.8,15.956429,med_med_down,False,True,False,False,True,0.0,-0.41782144639940216,80.43133360903997,0.0,-5.7e-05,0.006,0.0,0.0,50.0,0.0,0.0,-1,0.0,G4_EV,ev=-0.00006 <= floor=0.00600  meta_conf=0.5180,-1,0.0,0.0,
ETH/USDT,39,2026-03-11 12:00:00,long,0.50077,90.42,60.0,2023.09,16.742857,med_med_flat,False,True,False,False,False,0.0,0.0,50.0,0.0,0.0,0.0,0.0,0.0,50.0,0.0,0.0,-1,0.0,G2_EDGE,reg.buy_ok=False  regime='med_med_flat',-1,0.0,0.0,
ETH/USDT,40,2026-03-11 13:00:00,short,0.523,96.43,60.0,2050.72,20.402857,med_med_up,False,True,False,False,False,0.0,0.3239359625379488,49.12598009433032,0.0,0.001095,0.006,0.0,0.0,50.0,0.0,0.0,-1,0.0,G4_EV,ev=0.00110 <= floor=0.00600  meta_conf=0.5230,-1,0.0,0.0,
ETH/USDT,41,2026-03-11 14:00:00,short,0.55573,100.0,60.0,2062.68,21.957143,med_high_flat,,,True,False,False,0.0,0.0,50.0,0.0,0.0,0.0,0.0,0.0,50.0,0.0,0.0,-1,0.0,G1_REGIME,regime='med_high_flat' skipped=True reg_empty=False,-1,0.0,0.0,
ETH/USDT,42,2026-03-11 15:00:00,short,0.56448,80.56,60.0,2049.73,23.602857,med_high_flat,,,True,False,False,0.0,0.0,50.0,0.0,0.0,0.0,0.0,0.0,50.0,0.0,0.0,-1,0.0,G1_REGIME,regime='med_high_flat' skipped=True reg_empty=False,-1,0.0,0.0,
ETH/USDT,43,2026-03-11 16:00:00,short,0.58399,87.28,60.0,2067.01,24.004286,med_high_flat,,,True,False,False,0.0,0.0,50.0,0.0,0.0,0.0,0.0,0.0,50.0,0.0,0.0,-1,0.0,G1_REGIME,regime='med_high_flat' skipped=True reg_empty=False,-1,0.0,0.0,
ETH/USDT,44,2026-03-11 17:00:00,short,0.57893,90.6,60.0,2068.15,25.195,med_high_flat,,,True,False,False,0.0,0.0,50.0,0.0,0.0,0.0,0.0,0.0,50.0,0.0,0.0,-1,0.0,G1_REGIME,regime='med_high_flat' skipped=True reg_empty=False,-1,0.0,0.0,
ETH/USDT,45,2026-03-11 18:00:00,short,0.58698,85.76,60.0,2076.51,24.647857,med_high_up,,,True,False,False,0.0,0.0,50.0,0.0,0.0,0.0,0.0,0.0,50.0,0.0,0.0,-1,0.0,G1_REGIME,regime='med_high_up' skipped=True reg_empty=False,-1,0.0,0.0,
ETH/USDT,46,2026-03-11 19:00:00,short,0.58353,85.55,60.0,2076.06,23.162143,med_high_up,,,True,False,False,0.0,0.0,50.0,0.0,0.0,0.0,0.0,0.0,50.0,0.0,0.0,-1,0.0,G1_REGIME,regime='med_high_up' skipped=True reg_empty=False,-1,0.0,0.0,
ETH/USDT,47,2026-03-11 20:00:00,short,0.64121,84.8,60.0,2068.4,23.097857,med_high_up,,,True,False,False,0.0,0.0,50.0,0.0,0.0,0.0,0.0,0.0,50.0,0.0,0.0,-1,0.0,G1_REGIME,regime='med_high_up' skipped=True reg_empty=False,-1,0.0,0.0,
ETH/USDT,48,2026-03-11 21:00:00,short,0.64707,83.27,60.0,2073.07,22.594286,med_high_up,,,True,False,False,0.0,0.0,50.0,0.0,0.0,0.0,0.0,0.0,50.0,0.0,0.0,-1,0.0,G1_REGIME,regime='med_high_up' skipped=True reg_empty=False,-1,0.0,0.0,
ETH/USDT,49,2026-03-11 22:00:00,short,0.64881,87.12,60.0,2061.76,23.259286,med_high_up,,,True,False,False,0.0,0.0,50.0,0.0,0.0,0.0,0.0,0.0,50.0,0.0,0.0,-1,0.0,G1_REGIME,regime='med_high_up' skipped=True reg_empty=False,-1,0.0,0.0,
ETH/USDT,50,2026-03-11 23:00:00,short,0.63194,76.74,60.0,2051.97,23.752143,med_high_up,,,True,False,False,0.0,0.0,50.0,0.0,0.0,0.0,0.0,0.0,50.0,0.0,0.0,-1,0.0,G1_REGIME,regime='med_high_up' skipped=True reg_empty=False,-1,0.0,0.0,
ETH/USDT,51,2026-03-12 00:00:00,short,0.57077,82.13,60.0,2055.78,23.475714,med_high_up,,,True,False,False,0.0,0.0,50.0,0.0,0.0,0.0,0.0,0.0,50.0,0.0,0.0,-1,0.0,G1_REGIME,regime='med_high_up' skipped=True reg_empty=False,-1,0.0,0.0,
ETH/USDT,52,2026-03-12 01:00:00,short,0.60883,77.5,60.0,2046.24,23.122857,med_high_flat,,,True,False,False,0.0,0.0,50.0,0.0,0.0,0.0,0.0,0.0,50.0,0.0,0.0,-1,0.0,G1_REGIME,regime='med_high_flat' skipped=True reg_empty=False,-1,0.0,0.0,
ETH/USDT,53,2026-03-12 02:00:00,short,0.54323,73.0,60.0,2024.67,23.363571,med_high_flat,,,True,False,False,0.0,0.0,50.0,0.0,0.0,0.0,0.0,0.0,50.0,0.0,0.0,-1,0.0,G1_REGIME,regime='med_high_flat' skipped=True reg_empty=False,-1,0.0,0.0,
ETH/USDT,54,2026-03-12 03:00:00,short,0.53729,71.77,60.0,2023.38,20.256429,med_med_flat,False,True,False,False,True,0.0,-0.29316621296477857,59.33844161177175,0.0,0.001513,0.006,0.0,0.0,50.0,0.0,0.0,-1,0.0,G4_EV,ev=0.00151 <= floor=0.00600  meta_conf=0.5373,-1,0.0,0.0,
ETH/USDT,55,2026-03-12 04:00:00,short,0.54078,71.22,60.0,2023.09,18.385,med_med_flat,False,True,False,False,True,0.0,-0.5298759512461617,58.920289288016086,0.0,0.00109,0.006,0.0,0.0,50.0,0.0,0.0,-1,0.0,G4_EV,ev=0.00109 <= floor=0.00600  meta_conf=0.5408,-1,0.0,0.0,
ETH/USDT,56,2026-03-12 05:00:00,short,0.54017,69.42,60.0,2026.85,16.495714,med_med_flat,False,True,False,False,True,0.0,-0.2586564625959726,58.074352394362755,0.0,0.000545,0.006,0.0,0.0,50.0,0.0,0.0,-1,0.0,G4_EV,ev=0.00055 <= floor=0.00600  meta_conf=0.5402,-1,0.0,0.0,
ETH/USDT,57,2026-03-12 06:00:00,short,0.55672,57.8,60.0,2030.38,15.152143,med_med_flat,False,True,False,False,False,0.0,0.0,50.0,0.0,0.0,0.0,0.0,0.0,50.0,0.0,0.0,-1,0.0,G2_EDGE,edge=57.8 < thr=60.0,-1,0.0,0.0,
ETH/USDT,58,2026-03-12 07:00:00,short,0.5713,80.17,60.0,2040.7,14.345714,med_med_up,False,True,False,False,False,0.0,-0.10070993389315579,56.21529612670399,0.0,0.000517,0.006,0.0,0.0,50.0,0.0,0.0,-1,0.0,G4_EV,ev=0.00052 <= floor=0.00600  meta_conf=0.5713,-1,0.0,0.0,
ETH/USDT,59,2026-03-12 08:00:00,short,0.59077,79.77,60.0,2047.8,14.252143,med_med_up,False,True,False,False,False,0.0,-0.03990717552154325,54.85640527362084,0.0,0.000838,0.006,0.0,0.0,50.0,0.0,0.0,-1,0.0,G4_EV,ev=0.00084 <= floor=0.00600  meta_conf=0.5908,-1,0.0,0.0,
ETH/USDT,60,2026-03-12 09:00:00,short,0.54609,88.15,60.0,2055.65,15.523571,med_med_up,False,True,False,True,False,0.0,0.08892814006526653,53.825912450297714,0.0,0.000338,0.006,0.0,0.0,50.0,0.0,0.0,-1,0.0,G4_EV,ev=0.00034 <= floor=0.00600  meta_conf=0.5461,-1,0.0,0.0,
ETH/USDT,61,2026-03-12 10:00:00,short,0.54068,88.42,60.0,2069.86,16.372857,med_med_up,False,True,False,True,False,0.0,0.4053437788991287,52.89487229043622,0.0,0.000428,0.006,0.0,0.0,50.0,0.0,0.0,-1,0.0,G4_EV,ev=0.00043 <= floor=0.00600  meta_conf=0.5407,-1,0.0,0.0,
ETH/USDT,62,2026-03-12 11:00:00,short,0.54769,87.69,60.0,2062.83,16.87,med_med_up,False,True,False,True,False,0.0,0.2849476848122703,52.08394360788299,0.0,0.000733,0.006,0.0,0.0,50.0,0.0,0.0,-1,0.0,G4_EV,ev=0.00073 <= floor=0.00600  meta_conf=0.5477,-1,0.0,0.0,
ETH/USDT,63,2026-03-12 12:00:00,short,0.54454,62.75,60.0,2065.37,15.992857,med_med_up,False,True,False,True,False,0.0,0.41136627284933586,55.77464216144453,0.0,0.000416,0.006,0.0,0.0,50.0,0.0,0.0,-1,0.0,G4_EV,ev=0.00042 <= floor=0.00600  meta_conf=0.5445,-1,0.0,0.0,
ETH/USDT,64,2026-03-12 13:00:00,long,0.5043,73.0,60.0,2065.35,16.619286,med_med_up,False,True,False,False,False,0.0,0.0,50.0,0.0,0.0,0.0,0.0,0.0,50.0,0.0,0.0,-1,0.0,G2_EDGE,reg.buy_ok=False  regime='med_med_up',-1,0.0,0.0,
ETH/USDT,65,2026-03-12 14:00:00,short,0.50976,69.76,60.0,2045.35,19.977857,med_med_flat,False,True,False,False,True,0.0,-0.05621552357656815,43.92396622433124,0.0,0.000653,0.006,0.0,0.0,50.0,0.0,0.0,-1,0.0,G4_EV,ev=0.00065 <= floor=0.00600  meta_conf=0.5098,-1,0.0,0.0,
ETH/USDT,66,2026-03-12 15:00:00,short,0.51135,70.84,60.0,2072.33,22.103571,med_high_up,,,True,False,False,0.0,0.0,50.0,0.0,0.0,0.0,0.0,0.0,50.0,0.0,0.0,-1,0.0,G1_REGIME,regime='med_high_up' skipped=True reg_empty=False,-1,0.0,0.0,
ETH/USDT,67,2026-03-12 16:00:00,short,0.5149,89.1,60.0,2069.63,21.796429,med_high_flat,,,True,False,False,0.0,0.0,50.0,0.0,0.0,0.0,0.0,0.0,50.0,0.0,0.0,-1,0.0,G1_REGIME,regime='med_high_flat' skipped=True reg_empty=False,-1,0.0,0.0,
ETH/USDT,68,2026-03-12 17:00:00,short,0.52588,75.72,60.0,2058.4,21.97,med_high_flat,,,True,False,False,0.0,0.0,50.0,0.0,0.0,0.0,0.0,0.0,50.0,0.0,0.0,-1,0.0,G1_REGIME,regime='med_high_flat' skipped=True reg_empty=False,-1,0.0,0.0,
ETH/USDT,69,2026-03-12 18:00:00,short,0.51774,80.03,60.0,2048.78,22.46,med_high_flat,,,True,False,False,0.0,0.0,50.0,0.0,0.0,0.0,0.0,0.0,50.0,0.0,0.0,-1,0.0,G1_REGIME,regime='med_high_flat' skipped=True reg_empty=False,-1,0.0,0.0,
ETH/USDT,70,2026-03-12 19:00:00,short,0.55441,84.67,60.0,2069.59,23.825,med_high_flat,,,True,False,False,0.0,0.0,50.0,0.0,0.0,0.0,0.0,0.0,50.0,0.0,0.0,-1,0.0,G1_REGIME,regime='med_high_flat' skipped=True reg_empty=False,-1,0.0,0.0,
ETH/USDT,71,2026-03-12 20:00:00,short,0.56081,73.09,60.0,2062.57,24.275,med_high_flat,,,True,False,False,0.0,0.0,50.0,0.0,0.0,0.0,0.0,0.0,50.0,0.0,0.0,-1,0.0,G1_REGIME,regime='med_high_flat' skipped=True reg_empty=False,-1,0.0,0.0,
ETH/USDT,72,2026-03-12 21:00:00,short,0.51846,77.63,60.0,2062.61,23.94,med_high_flat,,,True,False,False,0.0,0.0,50.0,0.0,0.0,0.0,0.0,0.0,50.0,0.0,0.0,-1,0.0,G1_REGIME,regime='med_high_flat' skipped=True reg_empty=False,-1,0.0,0.0,
ETH/USDT,73,2026-03-12 22:00:00,short,0.55076,92.33,60.0,2065.3,23.824286,med_high_flat,,,True,False,False,0.0,0.0,50.0,0.0,0.0,0.0,0.0,0.0,50.0,0.0,0.0,-1,0.0,G1_REGIME,regime='med_high_flat' skipped=True reg_empty=False,-1,0.0,0.0,
ETH/USDT,74,2026-03-12 23:00:00,short,0.56239,100.0,60.0,2073.52,23.945,med_high_up,,,True,False,False,0.0,0.0,50.0,0.0,0.0,0.0,0.0,0.0,50.0,0.0,0.0,-1,0.0,G1_REGIME,regime='med_high_up' skipped=True reg_empty=False,-1,0.0,0.0,
ETH/USDT,75,2026-03-13 00:00:00,short,0.57828,100.0,60.0,2119.19,27.922857,high_high_up,,,True,False,False,0.0,0.0,50.0,0.0,0.0,0.0,0.0,0.0,50.0,0.0,0.0,-1,0.0,G1_REGIME,regime='high_high_up' skipped=True reg_empty=False,-1,0.0,0.0,
ETH/USDT,76,2026-03-13 01:00:00,short,0.61015,84.74,60.0,2124.76,27.94,high_high_up,,,True,False,False,0.0,0.0,50.0,0.0,0.0,0.0,0.0,0.0,50.0,0.0,0.0,-1,0.0,G1_REGIME,regime='high_high_up' skipped=True reg_empty=False,-1,0.0,0.0,
ETH/USDT,77,2026-03-13 02:00:00,short,0.5932,74.94,60.0,2105.81,28.756429,high_high_up,,,True,False,False,0.0,0.0,50.0,0.0,0.0,0.0,0.0,0.0,50.0,0.0,0.0,-1,0.0,G1_REGIME,regime='high_high_up' skipped=True reg_empty=False,-1,0.0,0.0,
ETH/USDT,78,2026-03-13 03:00:00,short,0.60986,83.86,60.0,2118.85,28.243571,high_high_up,,,True,False,False,0.0,0.0,50.0,0.0,0.0,0.0,0.0,0.0,50.0,0.0,0.0,-1,0.0,G1_REGIME,regime='high_high_up' skipped=True reg_empty=False,-1,0.0,0.0,
ETH/USDT,79,2026-03-13 04:00:00,short,0.58889,72.47,60.0,2111.68,24.902143,high_high_up,,,True,False,False,0.0,0.0,50.0,0.0,0.0,0.0,0.0,0.0,50.0,0.0,0.0,-1,0.0,G1_REGIME,regime='high_high_up' skipped=True reg_empty=False,-1,0.0,0.0,
ETH/USDT,80,2026-03-13 05:00:00,short,0.5726,72.5,60.0,2110.47,22.67,high_high_up,,,True,False,False,0.0,0.0,50.0,0.0,0.0,0.0,0.0,0.0,50.0,0.0,0.0,-1,0.0,G1_REGIME,regime='high_high_up' skipped=True reg_empty=False,-1,0.0,0.0,
ETH/USDT,81,2026-03-13 06:00:00,short,0.55087,76.27,60.0,2095.94,22.758571,high_high_up,,,True,False,False,0.0,0.0,50.0,0.0,0.0,0.0,0.0,0.0,50.0,0.0,0.0,-1,0.0,G1_REGIME,regime='high_high_up' skipped=True reg_empty=False,-1,0.0,0.0,
ETH/USDT,82,2026-03-13 07:00:00,short,0.59004,74.47,60.0,2099.38,22.201429,high_high_up,,,True,False,False,0.0,0.0,50.0,0.0,0.0,0.0,0.0,0.0,50.0,0.0,0.0,-1,0.0,G1_REGIME,regime='high_high_up' skipped=True reg_empty=False,-1,0.0,0.0,
ETH/USDT,83,2026-03-13 08:00:00,short,0.58944,76.07,60.0,2100.05,22.932143,high_high_up,,,True,False,False,0.0,0.0,50.0,0.0,0.0,0.0,0.0,0.0,50.0,0.0,0.0,-1,0.0,G1_REGIME,regime='high_high_up' skipped=True reg_empty=False,-1,0.0,0.0,
ETH/USDT,84,2026-03-13 09:00:00,short,0.60128,75.49,60.0,2113.55,22.418571,high_high_up,,,True,False,False,0.0,0.0,50.0,0.0,0.0,0.0,0.0,0.0,50.0,0.0,0.0,-1,0.0,G1_REGIME,regime='high_high_up' skipped=True reg_empty=False,-1,0.0,0.0,
ETH/USDT,85,2026-03-13 10:00:00,short,0.58584,85.18,60.0,2126.87,22.919286,high_high_up,,,True,False,False,0.0,0.0,50.0,0.0,0.0,0.0,0.0,0.0,50.0,0.0,0.0,-1,0.0,G1_REGIME,regime='high_high_up' skipped=True reg_empty=False,-1,0.0,0.0,
ETH/USDT,86,2026-03-13 11:00:00,short,0.55718,83.04,60.0,2121.02,22.912857,high_high_up,,,True,False,False,0.0,0.0,50.0,0.0,0.0,0.0,0.0,0.0,50.0,0.0,0.0,-1,0.0,G1_REGIME,regime='high_high_up' skipped=True reg_empty=False,-1,0.0,0.0,
ETH/USDT,87,2026-03-13 12:00:00,short,0.57888,88.39,60.0,2146.63,24.348571,high_high_up,,,True,False,False,0.0,0.0,50.0,0.0,0.0,0.0,0.0,0.0,50.0,0.0,0.0,-1,0.0,G1_REGIME,regime='high_high_up' skipped=True reg_empty=False,-1,0.0,0.0,
ETH/USDT,88,2026-03-13 13:00:00,short,0.56638,100.0,60.0,2185.52,26.461429,high_high_up,,,True,False,False,0.0,0.0,50.0,0.0,0.0,0.0,0.0,0.0,50.0,0.0,0.0,-1,0.0,G1_REGIME,regime='high_high_up' skipped=True reg_empty=False,-1,0.0,0.0,
ETH/USDT,89,2026-03-13 14:00:00,short,0.57094,95.13,60.0,2151.14,25.372857,high_high_up,,,True,False,False,0.0,0.0,50.0,0.0,0.0,0.0,0.0,0.0,50.0,0.0,0.0,-1,0.0,G1_REGIME,regime='high_high_up' skipped=True reg_empty=False,-1,0.0,0.0,
ETH/USDT,90,2026-03-13 15:00:00,short,0.56581,84.45,60.0,2128.01,26.952143,high_high_up,,,True,False,False,0.0,0.0,50.0,0.0,0.0,0.0,0.0,0.0,50.0,0.0,0.0,-1,0.0,G1_REGIME,regime='high_high_up' skipped=True reg_empty=False,-1,0.0,0.0,
ETH/USDT,91,2026-03-13 16:00:00,short,0.56902,79.12,60.0,2133.91,27.471429,high_high_up,,,True,False,False,0.0,0.0,50.0,0.0,0.0,0.0,0.0,0.0,50.0,0.0,0.0,-1,0.0,G1_REGIME,regime='high_high_up' skipped=True reg_empty=False,-1,0.0,0.0,
ETH/USDT,92,2026-03-13 17:00:00,short,0.58788,83.96,60.0,2102.75,29.587857,high_high_up,,,True,False,False,0.0,0.0,50.0,0.0,0.0,0.0,0.0,0.0,50.0,0.0,0.0,-1,0.0,G1_REGIME,regime='high_high_up' skipped=True reg_empty=False,-1,0.0,0.0,
ETH/USDT,93,2026-03-13 18:00:00,short,0.60368,83.07,60.0,2100.93,30.116429,high_high_up,,,True,False,False,0.0,0.0,50.0,0.0,0.0,0.0,0.0,0.0,50.0,0.0,0.0,-1,0.0,G1_REGIME,regime='high_high_up' skipped=True reg_empty=False,-1,0.0,0.0,
ETH/USDT,94,2026-03-13 19:00:00,short,0.56733,79.89,60.0,2102.48,29.980714,high_high_up,,,True,False,False,0.0,0.0,50.0,0.0,0.0,0.0,0.0,0.0,50.0,0.0,0.0,-1,0.0,G1_REGIME,regime='high_high_up' skipped=True reg_empty=False,-1,0.0,0.0,
ETH/USDT,95,2026-03-13 20:00:00,short,0.53669,78.64,60.0,2111.37,29.255714,high_high_up,,,True,False,False,0.0,0.0,50.0,0.0,0.0,0.0,0.0,0.0,50.0,0.0,0.0,-1,0.0,G1_REGIME,regime='high_high_up' skipped=True reg_empty=False,-1,0.0,0.0,
ETH/USDT,96,2026-03-13 21:00:00,short,0.56607,81.48,60.0,2103.07,29.475,high_high_up,,,True,False,False,0.0,0.0,50.0,0.0,0.0,0.0,0.0,0.0,50.0,0.0,0.0,-1,0.0,G1_REGIME,regime='high_high_up' skipped=True reg_empty=False,-1,0.0,0.0,
ETH/USDT,97,2026-03-13 22:00:00,short,0.56705,87.81,60.0,2088.97,29.522857,high_high_up,,,True,False,False,0.0,0.0,50.0,0.0,0.0,0.0,0.0,0.0,50.0,0.0,0.0,-1,0.0,G1_REGIME,regime='high_high_up' skipped=True reg_empty=False,-1,0.0,0.0,
ETH/USDT,98,2026-03-13 23:00:00,short,0.58481,72.57,60.0,2092.22,28.627857,high_high_up,,,True,False,False,0.0,0.0,50.0,0.0,0.0,0.0,0.0,0.0,50.0,0.0,0.0,-1,0.0,G1_REGIME,regime='high_high_up' skipped=True reg_empty=False,-1,0.0,0.0,
ETH/USDT,99,2026-03-14 00:00:00,short,0.56039,74.53,60.0,2085.32,28.050714,high_high_down,False,True,False,False,True,0.0,-0.5487365031720051,41.29329818687208,0.0,0.004246,0.006,0.0,0.0,50.0,0.0,0.0,-1,0.0,G4_EV,ev=0.00425 <= floor=0.00600  meta_conf=0.5604,-1,0.0,0.0,
ETH/USDT,100,2026-03-14 01:00:00,short,0.54947,71.64,60.0,2092.55,28.211429,high_high_down,False,True,False,False,True,0.0,-0.3488171511814566,41.80707907249449,0.0,0.003867,0.006,0.0,0.0,50.0,0.0,0.0,-1,0.0,G4_EV,ev=0.00387 <= floor=0.00600  meta_conf=0.5495,-1,0.0,0.0,
ETH/USDT,101,2026-03-14 02:00:00,short,0.54478,71.59,60.0,2092.39,26.359286,high_high_flat,,,True,False,False,0.0,0.0,50.0,0.0,0.0,0.0,0.0,0.0,50.0,0.0,0.0,-1,0.0,G1_REGIME,regime='high_high_flat' skipped=True reg_empty=False,-1,0.0,0.0,
ETH/USDT,102,2026-03-14 03:00:00,short,0.52741,58.77,60.0,2101.16,22.977143,high_high_flat,,,True,False,False,0.0,0.0,50.0,0.0,0.0,0.0,0.0,0.0,50.0,0.0,0.0,-1,0.0,G1_REGIME,regime='high_high_flat' skipped=True reg_empty=False,-1,0.0,0.0,
ETH/USDT,103,2026-03-14 04:00:00,short,0.54733,62.35,60.0,2090.42,19.747143,high_med_flat,,,True,False,False,0.0,0.0,50.0,0.0,0.0,0.0,0.0,0.0,50.0,0.0,0.0,-1,0.0,G1_REGIME,regime='high_med_flat' skipped=True reg_empty=False,-1,0.0,0.0,
ETH/USDT,104,2026-03-14 05:00:00,short,0.53992,69.61,60.0,2092.46,17.453571,high_med_flat,,,True,False,False,0.0,0.0,50.0,0.0,0.0,0.0,0.0,0.0,50.0,0.0,0.0,-1,0.0,G1_REGIME,regime='high_med_flat' skipped=True reg_empty=False,-1,0.0,0.0,
ETH/USDT,105,2026-03-14 06:00:00,short,0.55214,64.63,60.0,2078.02,16.897143,high_med_flat,,,True,False,False,0.0,0.0,50.0,0.0,0.0,0.0,0.0,0.0,50.0,0.0,0.0,-1,0.0,G1_REGIME,regime='high_med_flat' skipped=True reg_empty=False,-1,0.0,0.0,
ETH/USDT,106,2026-03-14 07:00:00,short,0.55706,71.73,60.0,2077.46,13.592857,high_low_flat,,,True,False,False,0.0,0.0,50.0,0.0,0.0,0.0,0.0,0.0,50.0,0.0,0.0,-1,0.0,G1_REGIME,regime='high_low_flat' skipped=True reg_empty=False,-1,0.0,0.0,
ETH/USDT,107,2026-03-14 08:00:00,short,0.57228,72.7,60.0,2074.34,12.957143,high_low_flat,,,True,False,False,0.0,0.0,50.0,0.0,0.0,0.0,0.0,0.0,50.0,0.0,0.0,-1,0.0,G1_REGIME,regime='high_low_flat' skipped=True reg_empty=False,-1,0.0,0.0,
ETH/USDT,108,2026-03-14 09:00:00,short,0.56498,74.01,60.0,2067.33,13.250714,high_low_down,False,True,False,False,True,0.0,-0.6626140210674129,67.75029861766306,-1.0,9e-06,0.006,0.0,0.0,50.0,0.0,0.0,-1,0.0,G4_EV,ev=0.00001 <= floor=0.00600  meta_conf=0.5650,-1,0.0,0.0,
ETH/USDT,109,2026-03-14 10:00:00,short,0.56682,62.58,60.0,2066.24,12.852857,high_low_down,False,True,False,False,True,0.0,-0.6278991462760948,64.2380140909237,0.0,-7.9e-05,0.006,0.0,0.0,50.0,0.0,0.0,-1,0.0,G4_EV,ev=-0.00008 <= floor=0.00600  meta_conf=0.5668,-1,0.0,0.0,
ETH/USDT,110,2026-03-14 11:00:00,short,0.55397,69.89,60.0,2073.67,12.539286,high_low_down,False,True,False,False,True,0.0,-0.4639860894662999,70.11305759851739,0.0,-0.000398,0.006,0.0,0.0,50.0,0.0,0.0,-1,0.0,G4_EV,ev=-0.00040 <= floor=0.00600  meta_conf=0.5540,-1,0.0,0.0,
ETH/USDT,111,2026-03-14 12:00:00,short,0.5572,70.0,60.0,2075.44,11.229286,med_low_down,False,True,False,False,True,0.0,-0.46384215390702427,67.58125447751894,0.0,-0.00073,0.006,0.0,0.0,50.0,0.0,0.0,-1,0.0,G4_EV,ev=-0.00073 <= floor=0.00600  meta_conf=0.5572,-1,0.0,0.0,
ETH/USDT,112,2026-03-14 13:00:00,short,0.57382,69.69,60.0,2078.51,11.178571,med_low_down,False,True,False,False,True,0.0,-0.4068385903626534,64.99768523492767,0.0,-0.000508,0.006,0.0,0.0,50.0,0.0,0.0,-1,0.0,G4_EV,ev=-0.00051 <= floor=0.00600  meta_conf=0.5738,-1,0.0,0.0,
ETH/USDT,113,2026-03-14 14:00:00,short,0.5288,72.49,60.0,2071.22,11.059286,med_low_down,False,True,False,False,True,0.0,-0.5335640062016825,62.30039626591336,0.0,-0.001182,0.006,0.0,0.0,50.0,0.0,0.0,-1,0.0,G4_EV,ev=-0.00118 <= floor=0.00600  meta_conf=0.5288,-1,0.0,0.0,
ETH/USDT,114,2026-03-14 15:00:00,short,0.56238,68.84,60.0,2074.72,10.606429,low_low_down,True,True,False,False,True,0.0,-0.39715948866939466,59.28714082812726,0.0,-0.000839,0.006,0.0,0.0,50.0,0.0,0.0,-1,0.0,G4_EV,ev=-0.00084 <= floor=0.00600  meta_conf=0.5624,-1,0.0,0.0,
ETH/USDT,115,2026-03-14 16:00:00,short,0.56486,68.79,60.0,2077.54,10.812143,low_low_down,True,True,False,False,True,0.0,-0.37084944927015917,56.41099622575599,0.0,-0.000747,0.006,0.0,0.0,50.0,0.0,0.0,-1,0.0,G4_EV,ev=-0.00075 <= floor=0.00600  meta_conf=0.5649,-1,0.0,0.0,
ETH/USDT,116,2026-03-14 17:00:00,short,0.59155,68.91,60.0,2075.14,10.355,low_low_flat,False,True,False,False,True,0.0,-0.477051589129707,53.90391988570933,0.0,-0.000521,0.006,0.0,0.0,50.0,0.0,0.0,-1,0.0,G4_EV,ev=-0.00052 <= floor=0.00600  meta_conf=0.5916,-1,0.0,0.0,
ETH/USDT,117,2026-03-14 18:00:00,short,0.56162,64.69,60.0,2076.91,9.441429,low_low_flat,False,True,False,False,True,0.0,-0.3468059043538303,63.28881367884051,0.0,-0.001198,0.006,0.0,0.0,50.0,0.0,0.0,-1,0.0,G4_EV,ev=-0.00120 <= floor=0.00600  meta_conf=0.5616,-1,0.0,0.0,
ETH/USDT,118,2026-03-14 19:00:00,short,0.5515,64.04,60.0,2077.49,9.157143,low_low_flat,False,True,False,False,True,0.0,-0.2118858704323299,63.73870101571432,0.0,-0.001404,0.006,0.0,0.0,50.0,0.0,0.0,-1,0.0,G4_EV,ev=-0.00140 <= floor=0.00600  meta_conf=0.5515,-1,0.0,0.0,
ETH/USDT,119,2026-03-14 20:00:00,short,0.55241,71.88,60.0,2086.01,8.220714,low_low_flat,False,True,False,True,True,0.0,0.43734177047447576,68.68104188504523,0.0,-0.001669,0.006,0.0,0.0,50.0,0.0,0.0,-1,0.0,G4_EV,ev=-0.00167 <= floor=0.00600  meta_conf=0.5524,-1,0.0,0.0,
ETH/USDT,120,2026-03-14 21:00:00,short,0.56743,71.15,60.0,2086.68,8.400714,low_low_flat,False,True,False,True,True,0.0,0.3638999804115339,65.04825883014111,0.0,-0.001455,0.006,0.0,0.0,50.0,0.0,0.0,-1,0.0,G4_EV,ev=-0.00146 <= floor=0.00600  meta_conf=0.5674,-1,0.0,0.0,
ETH/USDT,121,2026-03-14 22:00:00,short,0.53677,71.58,60.0,2084.45,8.191429,low_low_flat,False,True,False,True,True,0.0,0.20025953962633603,63.84167274106133,0.0,-0.001841,0.006,0.0,0.0,50.0,0.0,0.0,-1,0.0,G4_EV,ev=-0.00184 <= floor=0.00600  meta_conf=0.5368,-1,0.0,0.0,
ETH/USDT,122,2026-03-14 23:00:00,short,0.51323,100.0,60.0,2096.16,8.305,low_low_flat,False,True,False,True,False,0.0,0.41591218705571786,49.95465617920642,0.0,-0.002076,0.006,0.0,0.0,50.0,0.0,0.0,-1,0.0,G4_EV,ev=-0.00208 <= floor=0.00600  meta_conf=0.5132,-1,0.0,0.0,
ETH/USDT,123,2026-03-15 00:00:00,short,0.53041,74.6,60.0,2088.0,8.590714,low_low_flat,False,True,False,True,True,0.0,0.26529919169534477,53.285747349818315,0.0,-0.001811,0.006,0.0,0.0,50.0,0.0,0.0,-1,0.0,G4_EV,ev=-0.00181 <= floor=0.00600  meta_conf=0.5304,-1,0.0,0.0,
ETH/USDT,124,2026-03-15 01:00:00,short,0.52777,71.41,60.0,2088.32,8.378571,low_low_flat,False,True,False,True,True,0.0,0.3367911323744487,56.06410699803928,0.0,-0.001894,0.006,0.0,0.0,50.0,0.0,0.0,-1,0.0,G4_EV,ev=-0.00189 <= floor=0.00600  meta_conf=0.5278,-1,0.0,0.0,
ETH/USDT,125,2026-03-15 02:00:00,short,0.545,100.0,60.0,2101.99,9.215,low_low_flat,False,True,False,True,False,0.0,0.6857162156830644,46.44764023810157,1.0,-0.001495,0.006,0.0,0.0,50.0,0.0,0.0,-1,0.0,G4_EV,ev=-0.00149 <= floor=0.00600  meta_conf=0.5450,-1,0.0,0.0,
ETH/USDT,126,2026-03-15 03:00:00,short,0.58701,84.28,60.0,2096.15,9.491429,low_low_flat,False,True,False,True,False,0.0,0.4743099936056759,45.959875429226926,0.0,-0.000899,0.006,0.0,0.0,50.0,0.0,0.0,-1,0.0,G4_EV,ev=-0.00090 <= floor=0.00600  meta_conf=0.5870,-1,0.0,0.0,
ETH/USDT,127,2026-03-15 04:00:00,short,0.60708,80.3,60.0,2104.34,9.312143,low_low_flat,False,True,False,True,False,0.0,0.6190217236590947,45.4480581243405,0.0,-0.000729,0.006,0.0,0.0,50.0,0.0,0.0,-1,0.0,G4_EV,ev=-0.00073 <= floor=0.00600  meta_conf=0.6071,-1,0.0,0.0,
ETH/USDT,128,2026-03-15 05:00:00,short,0.55088,88.61,60.0,2107.91,9.755714,low_low_up,False,True,False,True,False,0.0,0.609079480193002,38.04710563550563,0.0,-0.001282,0.006,0.0,0.0,50.0,0.0,0.0,-1,0.0,G4_EV,ev=-0.00128 <= floor=0.00600  meta_conf=0.5509,-1,0.0,0.0,
ETH/USDT,129,2026-03-15 06:00:00,short,0.60881,81.54,60.0,2107.76,9.661429,low_low_up,False,True,False,True,False,0.0,0.5312397970948805,40.66944475069776,0.0,-0.000591,0.006,0.0,0.0,50.0,0.0,0.0,-1,0.0,G4_EV,ev=-0.00059 <= floor=0.00600  meta_conf=0.6088,-1,0.0,0.0,
ETH/USDT,130,2026-03-15 07:00:00,short,0.60568,86.93,60.0,2105.64,10.046429,low_low_up,False,True,False,True,False,0.0,0.4680680434353496,40.576883840164754,0.0,-0.000492,0.006,0.0,0.0,50.0,0.0,0.0,-1,0.0,G4_EV,ev=-0.00049 <= floor=0.00600  meta_conf=0.6057,-1,0.0,0.0,
ETH/USDT,131,2026-03-15 08:00:00,short,0.6092,81.66,60.0,2112.93,10.184286,low_low_up,False,True,False,True,False,0.0,0.6645681517580568,42.648982568025815,0.0,-0.00041,0.006,0.0,0.0,50.0,0.0,0.0,-1,0.0,G4_EV,ev=-0.00041 <= floor=0.00600  meta_conf=0.6092,-1,0.0,0.0,
ETH/USDT,132,2026-03-15 09:00:00,short,0.56221,89.21,60.0,2117.2,10.606429,low_low_up,False,True,False,True,False,0.0,0.6691915544994941,37.87707882181727,1.0,-0.000904,0.006,0.0,0.0,50.0,0.0,0.0,-1,0.0,G4_EV,ev=-0.00090 <= floor=0.00600  meta_conf=0.5622,-1,0.0,0.0,
ETH/USDT,133,2026-03-15 10:00:00,short,0.59552,80.99,60.0,2119.14,10.327857,low_low_up,False,True,False,True,False,0.0,0.6448997689406538,43.13905298415308,0.0,-0.00055,0.006,0.0,0.0,50.0,0.0,0.0,-1,0.0,G4_EV,ev=-0.00055 <= floor=0.00600  meta_conf=0.5955,-1,0.0,0.0,
ETH/USDT,134,2026-03-15 11:00:00,short,0.6168,80.58,60.0,2119.63,10.253571,low_low_up,False,True,False,True,False,0.0,0.639184679728005,44.26741071201273,0.0,-0.000298,0.006,0.0,0.0,50.0,0.0,0.0,-1,0.0,G4_EV,ev=-0.00030 <= floor=0.00600  meta_conf=0.6168,-1,0.0,0.0,
ETH/USDT,135,2026-03-15 12:00:00,short,0.58596,84.83,60.0,2109.59,10.655714,low_low_up,False,True,False,True,False,0.0,0.424802604856108,45.94628076383634,0.0,-0.000555,0.006,0.0,0.0,50.0,0.0,0.0,-1,0.0,G4_EV,ev=-0.00055 <= floor=0.00600  meta_conf=0.5860,-1,0.0,0.0,
ETH/USDT,136,2026-03-15 13:00:00,short,0.51282,96.01,60.0,2097.4,11.435714,low_low_up,False,True,False,True,True,0.0,0.15516785611712275,46.81636176728124,0.0,-0.001358,0.006,0.0,0.0,50.0,0.0,0.0,-1,0.0,G4_EV,ev=-0.00136 <= floor=0.00600  meta_conf=0.5128,-1,0.0,0.0,
ETH/USDT,137,2026-03-15 14:00:00,short,0.53964,77.92,60.0,2096.99,11.53,low_low_up,False,True,False,True,True,0.0,0.11540844735314018,47.61544891750301,0.0,-0.000937,0.006,0.0,0.0,50.0,0.0,0.0,-1,0.0,G4_EV,ev=-0.00094 <= floor=0.00600  meta_conf=0.5396,-1,0.0,0.0,
ETH/USDT,138,2026-03-15 15:00:00,short,0.52054,77.7,60.0,2093.79,11.48,low_low_up,False,True,False,True,True,0.0,-0.12071059952431658,51.37776764973729,0.0,-0.001229,0.006,0.0,0.0,50.0,0.0,0.0,-1,0.0,G4_EV,ev=-0.00123 <= floor=0.00600  meta_conf=0.5205,-1,0.0,0.0,
ETH/USDT,139,2026-03-15 16:00:00,long,0.51538,82.3,60.0,2091.56,10.796429,low_low_flat,False,True,False,False,False,0.0,0.0,50.0,0.0,0.0,0.0,0.0,0.0,50.0,0.0,0.0,-1,0.0,G2_EDGE,reg.buy_ok=False  regime='low_low_flat',-1,0.0,0.0,
ETH/USDT,140,2026-03-15 17:00:00,short,0.52805,89.74,60.0,2110.77,11.877857,low_low_up,False,True,False,True,False,0.0,0.28874869657922125,52.408060482483265,0.0,-0.001042,0.006,0.0,0.0,50.0,0.0,0.0,-1,0.0,G4_EV,ev=-0.00104 <= floor=0.00600  meta_conf=0.5281,-1,0.0,0.0,
ETH/USDT,141,2026-03-15 18:00:00,short,0.54057,80.51,60.0,2099.14,12.663571,low_low_up,False,True,False,True,True,0.0,-0.17295536370852907,53.25698639039956,0.0,-0.000624,0.006,0.0,0.0,50.0,0.0,0.0,-1,0.0,G4_EV,ev=-0.00062 <= floor=0.00600  meta_conf=0.5406,-1,0.0,0.0,
ETH/USDT,142,2026-03-15 19:00:00,short,0.56559,86.08,60.0,2113.49,12.945,low_low_up,False,True,False,True,False,0.0,0.26694471864438346,54.04755416049924,0.0,-0.000159,0.006,0.0,0.0,50.0,0.0,0.0,-1,0.0,G4_EV,ev=-0.00016 <= floor=0.00600  meta_conf=0.5656,-1,0.0,0.0,
ETH/USDT,143,2026-03-15 20:00:00,short,0.52212,88.63,60.0,2129.05,14.425,low_low_up,False,True,False,True,False,0.0,0.5244736314975309,41.92709546897149,1.0,-0.000546,0.006,0.0,0.0,50.0,0.0,0.0,-1,0.0,G4_EV,ev=-0.00055 <= floor=0.00600  meta_conf=0.5221,-1,0.0,0.0,
ETH/USDT,144,2026-03-15 21:00:00,short,0.53975,83.87,60.0,2139.07,15.209286,low_med_up,False,False,False,False,False,0.0,0.0,50.0,0.0,0.0,0.0,0.0,0.0,50.0,0.0,0.0,-1,0.0,G2_EDGE,reg.sell_ok=False  regime='low_med_up',-1,0.0,0.0,
ETH/USDT,145,2026-03-15 22:00:00,short,0.53908,100.0,60.0,2184.35,19.482143,low_med_up,False,False,False,False,False,0.0,0.0,50.0,0.0,0.0,0.0,0.0,0.0,50.0,0.0,0.0,-1,0.0,G2_EDGE,reg.sell_ok=False  regime='low_med_up',-1,0.0,0.0,
ETH/USDT,146,2026-03-15 23:00:00,short,0.52052,100.0,60.0,2178.3,21.415,med_med_up,False,True,False,True,False,0.0,0.6223394508358935,17.410960411563522,0.0,0.000969,0.006,0.0,0.0,50.0,0.0,0.0,-1,0.0,G4_EV,ev=0.00097 <= floor=0.00600  meta_conf=0.5205,-1,0.0,0.0,
ETH/USDT,147,2026-03-16 00:00:00,short,0.5326,85.73,60.0,2171.23,22.517143,med_high_up,,,True,False,False,0.0,0.0,50.0,0.0,0.0,0.0,0.0,0.0,50.0,0.0,0.0,-1,0.0,G1_REGIME,regime='med_high_up' skipped=True reg_empty=False,-1,0.0,0.0,
ETH/USDT,148,2026-03-16 01:00:00,short,0.51332,82.36,60.0,2185.89,23.892143,med_high_up,,,True,False,False,0.0,0.0,50.0,0.0,0.0,0.0,0.0,0.0,50.0,0.0,0.0,-1,0.0,G1_REGIME,regime='med_high_up' skipped=True reg_empty=False,-1,0.0,0.0,
ETH/USDT,149,2026-03-16 02:00:00,short,0.51238,83.21,60.0,2180.49,24.447857,med_high_up,,,True,False,False,0.0,0.0,50.0,0.0,0.0,0.0,0.0,0.0,50.0,0.0,0.0,-1,0.0,G1_REGIME,regime='med_high_up' skipped=True reg_empty=False,-1,0.0,0.0,
ETH/USDT,150,2026-03-16 03:00:00,short,0.52753,100.0,60.0,2235.67,27.996429,med_high_up,,,True,False,False,0.0,0.0,50.0,0.0,0.0,0.0,0.0,0.0,50.0,0.0,0.0,-1,0.0,G1_REGIME,regime='med_high_up' skipped=True reg_empty=False,-1,0.0,0.0,
ETH/USDT,151,2026-03-16 04:00:00,short,0.55719,100.0,60.0,2263.3,30.12,high_high_up,,,True,False,False,0.0,0.0,50.0,0.0,0.0,0.0,0.0,0.0,50.0,0.0,0.0,-1,0.0,G1_REGIME,regime='high_high_up' skipped=True reg_empty=False,-1,0.0,0.0,
ETH/USDT,152,2026-03-16 05:00:00,short,0.5544,89.79,60.0,2280.47,31.884286,high_high_up,,,True,False,False,0.0,0.0,50.0,0.0,0.0,0.0,0.0,0.0,50.0,0.0,0.0,-1,0.0,G1_REGIME,regime='high_high_up' skipped=True reg_empty=False,-1,0.0,0.0,
ETH/USDT,153,2026-03-16 06:00:00,short,0.58776,87.81,60.0,2261.7,32.645,high_high_up,,,True,False,False,0.0,0.0,50.0,0.0,0.0,0.0,0.0,0.0,50.0,0.0,0.0,-1,0.0,G1_REGIME,regime='high_high_up' skipped=True reg_empty=False,-1,0.0,0.0,
ETH/USDT,154,2026-03-16 07:00:00,short,0.56984,79.03,60.0,2248.95,32.41,high_high_up,,,True,False,False,0.0,0.0,50.0,0.0,0.0,0.0,0.0,0.0,50.0,0.0,0.0,-1,0.0,G1_REGIME,regime='high_high_up' skipped=True reg_empty=False,-1,0.0,0.0,
ETH/USDT,155,2026-03-16 08:00:00,short,0.58091,77.76,60.0,2243.54,32.745714,high_high_up,,,True,False,False,0.0,0.0,50.0,0.0,0.0,0.0,0.0,0.0,50.0,0.0,0.0,-1,0.0,G1_REGIME,regime='high_high_up' skipped=True reg_empty=False,-1,0.0,0.0,
ETH/USDT,156,2026-03-16 09:00:00,short,0.5857,84.94,60.0,2260.51,33.293571,high_high_up,,,True,False,False,0.0,0.0,50.0,0.0,0.0,0.0,0.0,0.0,50.0,0.0,0.0,-1,0.0,G1_REGIME,regime='high_high_up' skipped=True reg_empty=False,-1,0.0,0.0,
ETH/USDT,157,2026-03-16 10:00:00,short,0.59167,87.08,60.0,2278.3,32.850714,high_high_up,,,True,False,False,0.0,0.0,50.0,0.0,0.0,0.0,0.0,0.0,50.0,0.0,0.0,-1,0.0,G1_REGIME,regime='high_high_up' skipped=True reg_empty=False,-1,0.0,0.0,
ETH/USDT,158,2026-03-16 11:00:00,short,0.57844,85.1,60.0,2269.94,32.35,high_high_up,,,True,False,False,0.0,0.0,50.0,0.0,0.0,0.0,0.0,0.0,50.0,0.0,0.0,-1,0.0,G1_REGIME,regime='high_high_up' skipped=True reg_empty=False,-1,0.0,0.0,
ETH/USDT,159,2026-03-16 12:00:00,short,0.57677,91.09,60.0,2279.28,29.959286,high_high_up,,,True,False,False,0.0,0.0,50.0,0.0,0.0,0.0,0.0,0.0,50.0,0.0,0.0,-1,0.0,G1_REGIME,regime='high_high_up' skipped=True reg_empty=False,-1,0.0,0.0,
ETH/USDT,160,2026-03-16 13:00:00,short,0.58021,89.01,60.0,2288.79,29.853571,high_high_up,,,True,False,False,0.0,0.0,50.0,0.0,0.0,0.0,0.0,0.0,50.0,0.0,0.0,-1,0.0,G1_REGIME,regime='high_high_up' skipped=True reg_empty=False,-1,0.0,0.0,
ETH/USDT,161,2026-03-16 14:00:00,short,0.57384,91.35,60.0,2288.0,31.794286,high_high_up,,,True,False,False,0.0,0.0,50.0,0.0,0.0,0.0,0.0,0.0,50.0,0.0,0.0,-1,0.0,G1_REGIME,regime='high_high_up' skipped=True reg_empty=False,-1,0.0,0.0,
ETH/USDT,162,2026-03-16 15:00:00,short,0.57914,77.42,60.0,2273.88,32.058571,high_high_up,,,True,False,False,0.0,0.0,50.0,0.0,0.0,0.0,0.0,0.0,50.0,0.0,0.0,-1,0.0,G1_REGIME,regime='high_high_up' skipped=True reg_empty=False,-1,0.0,0.0,
ETH/USDT,163,2026-03-16 16:00:00,short,0.57171,83.4,60.0,2297.03,32.830714,high_high_up,,,True,False,False,0.0,0.0,50.0,0.0,0.0,0.0,0.0,0.0,50.0,0.0,0.0,-1,0.0,G1_REGIME,regime='high_high_up' skipped=True reg_empty=False,-1,0.0,0.0,
ETH/USDT,164,2026-03-16 17:00:00,short,0.56736,84.73,60.0,2314.74,29.502857,high_high_up,,,True,False,False,0.0,0.0,50.0,0.0,0.0,0.0,0.0,0.0,50.0,0.0,0.0,-1,0.0,G1_REGIME,regime='high_high_up' skipped=True reg_empty=False,-1,0.0,0.0,
ETH/USDT,165,2026-03-16 18:00:00,short,0.56785,87.5,60.0,2321.46,28.805,high_high_up,,,True,False,False,0.0,0.0,50.0,0.0,0.0,0.0,0.0,0.0,50.0,0.0,0.0,-1,0.0,G1_REGIME,regime='high_high_up' skipped=True reg_empty=False,-1,0.0,0.0,
ETH/USDT,166,2026-03-16 19:00:00,short,0.57042,82.68,60.0,2330.92,28.647857,high_high_up,,,True,False,False,0.0,0.0,50.0,0.0,0.0,0.0,0.0,0.0,50.0,0.0,0.0,-1,0.0,G1_REGIME,regime='high_high_up' skipped=True reg_empty=False,-1,0.0,0.0,
ETH/USDT,167,2026-03-16 20:00:00,short,0.57603,80.06,60.0,2345.31,28.875,high_high_up,,,True,False,False,0.0,0.0,50.0,0.0,0.0,0.0,0.0,0.0,50.0,0.0,0.0,-1,0.0,G1_REGIME,regime='high_high_up' skipped=True reg_empty=False,-1,0.0,0.0,
ETH/USDT,168,2026-03-16 21:00:00,short,0.57145,87.25,60.0,2361.05,29.542143,high_high_up,,,True,False,False,0.0,0.0,50.0,0.0,0.0,0.0,0.0,0.0,50.0,0.0,0.0,-1,0.0,G1_REGIME,regime='high_high_up' skipped=True reg_empty=False,-1,0.0,0.0,
ETH/USDT,169,2026-03-16 22:00:00,short,0.564,85.66,60.0,2357.83,30.026429,high_high_up,,,True,False,False,0.0,0.0,50.0,0.0,0.0,0.0,0.0,0.0,50.0,0.0,0.0,-1,0.0,G1_REGIME,regime='high_high_up' skipped=True reg_empty=False,-1,0.0,0.0,
ETH/USDT,170,2026-03-16 23:00:00,short,0.56988,85.84,60.0,2352.97,30.449286,high_high_up,,,True,False,False,0.0,0.0,50.0,0.0,0.0,0.0,0.0,0.0,50.0,0.0,0.0,-1,0.0,G1_REGIME,regime='high_high_up' skipped=True reg_empty=False,-1,0.0,0.0,
ETH/USDT,171,2026-03-17 00:00:00,short,0.53219,100.0,60.0,2357.62,31.424286,high_high_up,,,True,False,False,0.0,0.0,50.0,0.0,0.0,0.0,0.0,0.0,50.0,0.0,0.0,-1,0.0,G1_REGIME,regime='high_high_up' skipped=True reg_empty=False,-1,0.0,0.0,
ETH/USDT,172,2026-03-17 01:00:00,short,0.537,91.11,60.0,2361.21,32.490714,high_high_up,,,True,False,False,0.0,0.0,50.0,0.0,0.0,0.0,0.0,0.0,50.0,0.0,0.0,-1,0.0,G1_REGIME,regime='high_high_up' skipped=True reg_empty=False,-1,0.0,0.0,
ETH/USDT,173,2026-03-17 02:00:00,short,0.60803,84.26,60.0,2351.3,31.303571,high_high_up,,,True,False,False,0.0,0.0,50.0,0.0,0.0,0.0,0.0,0.0,50.0,0.0,0.0,-1,0.0,G1_REGIME,regime='high_high_up' skipped=True reg_empty=False,-1,0.0,0.0,
ETH/USDT,174,2026-03-17 03:00:00,short,0.57608,80.09,60.0,2320.0,32.144286,high_high_up,,,True,False,False,0.0,0.0,50.0,0.0,0.0,0.0,0.0,0.0,50.0,0.0,0.0,-1,0.0,G1_REGIME,regime='high_high_up' skipped=True reg_empty=False,-1,0.0,0.0,
ETH/USDT,175,2026-03-17 04:00:00,short,0.5788,84.12,60.0,2311.5,31.15,high_high_up,,,True,False,False,0.0,0.0,50.0,0.0,0.0,0.0,0.0,0.0,50.0,0.0,0.0,-1,0.0,G1_REGIME,regime='high_high_up' skipped=True reg_empty=False,-1,0.0,0.0,
ETH/USDT,176,2026-03-17 05:00:00,short,0.59095,75.2,60.0,2307.37,30.531429,high_high_up,,,True,False,False,0.0,0.0,50.0,0.0,0.0,0.0,0.0,0.0,50.0,0.0,0.0,-1,0.0,G1_REGIME,regime='high_high_up' skipped=True reg_empty=False,-1,0.0,0.0,
ETH/USDT,177,2026-03-17 06:00:00,short,0.5957,74.93,60.0,2315.34,30.293571,high_high_up,,,True,False,False,0.0,0.0,50.0,0.0,0.0,0.0,0.0,0.0,50.0,0.0,0.0,-1,0.0,G1_REGIME,regime='high_high_up' skipped=True reg_empty=False,-1,0.0,0.0,
ETH/USDT,178,2026-03-17 07:00:00,short,0.60864,75.03,60.0,2327.7,29.794286,high_high_up,,,True,False,False,0.0,0.0,50.0,0.0,0.0,0.0,0.0,0.0,50.0,0.0,0.0,-1,0.0,G1_REGIME,regime='high_high_up' skipped=True reg_empty=False,-1,0.0,0.0,
ETH/USDT,179,2026-03-17 08:00:00,short,0.58172,76.32,60.0,2320.66,28.847143,high_high_up,,,True,False,False,0.0,0.0,50.0,0.0,0.0,0.0,0.0,0.0,50.0,0.0,0.0,-1,0.0,G1_REGIME,regime='high_high_up' skipped=True reg_empty=False,-1,0.0,0.0,
ETH/USDT,180,2026-03-17 09:00:00,short,0.51903,78.26,60.0,2315.79,28.326429,high_high_up,,,True,False,False,0.0,0.0,50.0,0.0,0.0,0.0,0.0,0.0,50.0,0.0,0.0,-1,0.0,G1_REGIME,regime='high_high_up' skipped=True reg_empty=False,-1,0.0,0.0,
ETH/USDT,181,2026-03-17 10:00:00,short,0.55052,77.71,60.0,2312.94,27.557857,high_high_up,,,True,False,False,0.0,0.0,50.0,0.0,0.0,0.0,0.0,0.0,50.0,0.0,0.0,-1,0.0,G1_REGIME,regime='high_high_up' skipped=True reg_empty=False,-1,0.0,0.0,
ETH/USDT,182,2026-03-17 11:00:00,short,0.58399,76.86,60.0,2326.82,26.732143,high_high_up,,,True,False,False,0.0,0.0,50.0,0.0,0.0,0.0,0.0,0.0,50.0,0.0,0.0,-1,0.0,G1_REGIME,regime='high_high_up' skipped=True reg_empty=False,-1,0.0,0.0,
ETH/USDT,183,2026-03-17 12:00:00,short,0.52972,57.9,60.0,2315.42,26.127857,high_high_up,,,True,False,False,0.0,0.0,50.0,0.0,0.0,0.0,0.0,0.0,50.0,0.0,0.0,-1,0.0,G1_REGIME,regime='high_high_up' skipped=True reg_empty=False,-1,0.0,0.0,
ETH/USDT,184,2026-03-17 13:00:00,short,0.50616,59.56,60.0,2328.65,26.242143,high_high_up,,,True,False,False,0.0,0.0,50.0,0.0,0.0,0.0,0.0,0.0,50.0,0.0,0.0,-1,0.0,G1_REGIME,regime='high_high_up' skipped=True reg_empty=False,-1,0.0,0.0,
ETH/USDT,185,2026-03-17 14:00:00,short,0.52187,59.66,60.0,2343.45,25.781429,high_high_up,,,True,False,False,0.0,0.0,50.0,0.0,0.0,0.0,0.0,0.0,50.0,0.0,0.0,-1,0.0,G1_REGIME,regime='high_high_up' skipped=True reg_empty=False,-1,0.0,0.0,
ETH/USDT,186,2026-03-17 15:00:00,short,0.52668,65.58,60.0,2315.98,27.533571,high_high_up,,,True,False,False,0.0,0.0,50.0,0.0,0.0,0.0,0.0,0.0,50.0,0.0,0.0,-1,0.0,G1_REGIME,regime='high_high_up' skipped=True reg_empty=False,-1,0.0,0.0,
ETH/USDT,187,2026-03-17 16:00:00,short,0.52721,57.05,60.0,2326.84,28.064286,high_high_up,,,True,False,False,0.0,0.0,50.0,0.0,0.0,0.0,0.0,0.0,50.0,0.0,0.0,-1,0.0,G1_REGIME,regime='high_high_up' skipped=True reg_empty=False,-1,0.0,0.0,
ETH/USDT,188,2026-03-17 17:00:00,short,0.55873,52.78,60.0,2340.04,26.212857,high_high_up,,,True,False,False,0.0,0.0,50.0,0.0,0.0,0.0,0.0,0.0,50.0,0.0,0.0,-1,0.0,G1_REGIME,regime='high_high_up' skipped=True reg_empty=False,-1,0.0,0.0,
ETH/USDT,189,2026-03-17 18:00:00,short,0.54445,53.9,60.0,2332.98,24.694286,high_high_flat,,,True,False,False,0.0,0.0,50.0,0.0,0.0,0.0,0.0,0.0,50.0,0.0,0.0,-1,0.0,G1_REGIME,regime='high_high_flat' skipped=True reg_empty=False,-1,0.0,0.0,
ETH/USDT,190,2026-03-17 19:00:00,short,0.55219,45.7,60.0,2320.22,24.871429,high_high_flat,,,True,False,False,0.0,0.0,50.0,0.0,0.0,0.0,0.0,0.0,50.0,0.0,0.0,-1,0.0,G1_REGIME,regime='high_high_flat' skipped=True reg_empty=False,-1,0.0,0.0,
ETH/USDT,191,2026-03-17 20:00:00,short,0.54954,43.94,60.0,2327.88,23.858571,high_med_flat,,,True,False,False,0.0,0.0,50.0,0.0,0.0,0.0,0.0,0.0,50.0,0.0,0.0,-1,0.0,G1_REGIME,regime='high_med_flat' skipped=True reg_empty=False,-1,0.0,0.0,
ETH/USDT,192,2026-03-17 21:00:00,short,0.58183,52.8,60.0,2338.45,23.450714,high_med_flat,,,True,False,False,0.0,0.0,50.0,0.0,0.0,0.0,0.0,0.0,50.0,0.0,0.0,-1,0.0,G1_REGIME,regime='high_med_flat' skipped=True reg_empty=False,-1,0.0,0.0,
ETH/USDT,193,2026-03-17 22:00:00,short,0.51598,54.56,60.0,2329.54,23.766429,high_med_flat,,,True,False,False,0.0,0.0,50.0,0.0,0.0,0.0,0.0,0.0,50.0,0.0,0.0,-1,0.0,G1_REGIME,regime='high_med_flat' skipped=True reg_empty=False,-1,0.0,0.0,
ETH/USDT,194,2026-03-17 23:00:00,short,0.51457,45.13,60.0,2317.39,23.337143,high_med_down,False,True,False,False,False,0.0,0.0,50.0,0.0,0.0,0.0,0.0,0.0,50.0,0.0,0.0,-1,0.0,G2_EDGE,edge=45.1 < thr=60.0,-1,0.0,0.0,
ETH/USDT,195,2026-03-18 00:00:00,long,0.50024,67.08,60.0,2324.24,23.735,high_med_flat,,,True,False,False,0.0,0.0,50.0,0.0,0.0,0.0,0.0,0.0,50.0,0.0,0.0,-1,0.0,G1_REGIME,regime='high_med_flat' skipped=True reg_empty=False,-1,0.0,0.0,
ETH/USDT,196,2026-03-18 01:00:00,short,0.50928,44.02,60.0,2325.02,23.092857,med_med_down,False,True,False,False,False,0.0,0.0,50.0,0.0,0.0,0.0,0.0,0.0,50.0,0.0,0.0,-1,0.0,G2_EDGE,edge=44.0 < thr=60.0,-1,0.0,0.0,
ETH/USDT,197,2026-03-18 02:00:00,short,0.52277,62.13,60.0,2331.49,22.687857,med_med_flat,False,True,False,True,False,0.0,0.31652270105030106,70.90931644126175,0.0,0.000977,0.006,0.0,0.0,50.0,0.0,0.0,-1,0.0,G4_EV,ev=0.00098 <= floor=0.00600  meta_conf=0.5228,-1,0.0,0.0,
ETH/USDT,198,2026-03-18 03:00:00,short,0.54881,65.26,60.0,2340.61,21.850714,med_med_up,False,True,False,True,False,0.0,0.3996701339031405,70.42717268054015,0.0,0.001431,0.006,0.0,0.0,50.0,0.0,0.0,-1,0.0,G4_EV,ev=0.00143 <= floor=0.00600  meta_conf=0.5488,-1,0.0,0.0,
ETH/USDT,199,2026-03-18 04:00:00,long,0.50058,53.8,60.0,2327.51,20.806429,med_med_flat,False,True,False,False,False,0.0,0.0,50.0,0.0,0.0,0.0,0.0,0.0,50.0,0.0,0.0,-1,0.0,G2_EDGE,reg.buy_ok=False  regime='med_med_flat',-1,0.0,0.0,
ETH/USDT,200,2026-03-18 05:00:00,short,0.5067,48.23,60.0,2318.42,18.213571,med_med_flat,False,True,False,False,False,0.0,0.0,50.0,0.0,0.0,0.0,0.0,0.0,50.0,0.0,0.0,-1,0.0,G2_EDGE,edge=48.2 < thr=60.0,-1,0.0,0.0,
ETH/USDT,201,2026-03-18 06:00:00,short,0.52387,45.15,60.0,2322.73,17.387857,med_med_flat,False,True,False,False,False,0.0,0.0,50.0,0.0,0.0,0.0,0.0,0.0,50.0,0.0,0.0,-1,0.0,G2_EDGE,edge=45.1 < thr=60.0,-1,0.0,0.0,
ETH/USDT,202,2026-03-18 07:00:00,short,0.51252,48.81,60.0,2317.74,16.648571,med_med_flat,False,True,False,False,False,0.0,0.0,50.0,0.0,0.0,0.0,0.0,0.0,50.0,0.0,0.0,-1,0.0,G2_EDGE,edge=48.8 < thr=60.0,-1,0.0,0.0,
ETH/USDT,203,2026-03-18 08:00:00,short,0.53003,46.25,60.0,2322.59,16.192143,med_med_flat,False,True,False,False,False,0.0,0.0,50.0,0.0,0.0,0.0,0.0,0.0,50.0,0.0,0.0,-1,0.0,G2_EDGE,edge=46.2 < thr=60.0,-1,0.0,0.0,
ETH/USDT,204,2026-03-18 09:00:00,short,0.51706,54.37,60.0,2329.27,15.388571,med_low_flat,True,False,False,False,False,0.0,0.0,50.0,0.0,0.0,0.0,0.0,0.0,50.0,0.0,0.0,-1,0.0,G2_EDGE,reg.sell_ok=False  regime='med_low_flat',-1,0.0,0.0,
ETH/USDT,205,2026-03-18 10:00:00,short,0.51261,55.73,60.0,2312.83,16.092857,med_med_flat,False,True,False,False,False,0.0,0.0,50.0,0.0,0.0,0.0,0.0,0.0,50.0,0.0,0.0,-1,0.0,G2_EDGE,edge=55.7 < thr=60.0,-1,0.0,0.0,
ETH/USDT,206,2026-03-18 11:00:00,long,0.51439,82.06,60.0,2269.34,18.872857,med_med_down,False,True,False,False,False,0.0,0.0,50.0,0.0,0.0,0.0,0.0,0.0,50.0,0.0,0.0,-1,0.0,G2_EDGE,reg.buy_ok=False  regime='med_med_down',-1,0.0,0.0,
ETH/USDT,207,2026-03-18 12:00:00,long,0.51582,82.24,60.0,2237.49,19.682143,med_med_down,False,True,False,False,False,0.0,0.0,50.0,0.0,0.0,0.0,0.0,0.0,50.0,0.0,0.0,-1,0.0,G2_EDGE,reg.buy_ok=False  regime='med_med_down',-1,0.0,0.0,
ETH/USDT,208,2026-03-18 13:00:00,long,0.51118,80.13,60.0,2235.68,20.030714,med_med_down,False,True,False,False,False,0.0,0.0,50.0,0.0,0.0,0.0,0.0,0.0,50.0,0.0,0.0,-1,0.0,G2_EDGE,reg.buy_ok=False  regime='med_med_down',-1,0.0,0.0,
ETH/USDT,209,2026-03-18 14:00:00,long,0.5154,82.52,60.0,2190.27,22.289286,med_med_down,False,True,False,False,False,0.0,0.0,50.0,0.0,0.0,0.0,0.0,0.0,50.0,0.0,0.0,-1,0.0,G2_EDGE,reg.buy_ok=False  regime='med_med_down',-1,0.0,0.0,
ETH/USDT,210,2026-03-18 15:00:00,long,0.51318,100.0,60.0,2187.66,23.367857,med_high_down,,,True,False,False,0.0,0.0,50.0,0.0,0.0,0.0,0.0,0.0,50.0,0.0,0.0,-1,0.0,G1_REGIME,regime='med_high_down' skipped=True reg_empty=False,-1,0.0,0.0,
ETH/USDT,211,2026-03-18 16:00:00,long,0.50103,85.15,60.0,2181.0,23.903571,med_high_down,,,True,False,False,0.0,0.0,50.0,0.0,0.0,0.0,0.0,0.0,50.0,0.0,0.0,-1,0.0,G1_REGIME,regime='med_high_down' skipped=True reg_empty=False,-1,0.0,0.0,
ETH/USDT,212,2026-03-18 17:00:00,short,0.52099,77.43,60.0,2204.02,24.857857,med_high_down,,,True,False,False,0.0,0.0,50.0,0.0,0.0,0.0,0.0,0.0,50.0,0.0,0.0,-1,0.0,G1_REGIME,regime='med_high_down' skipped=True reg_empty=False,-1,0.0,0.0,
ETH/USDT,213,2026-03-18 18:00:00,short,0.51696,70.58,60.0,2181.2,26.902143,high_high_down,False,True,False,False,True,0.0,-0.6097578524555566,19.61634502271259,0.0,0.002115,0.006,0.0,0.0,50.0,0.0,0.0,-1,0.0,G4_EV,ev=0.00212 <= floor=0.00600  meta_conf=0.5170,-1,0.0,0.0,
ETH/USDT,214,2026-03-18 19:00:00,short,0.53721,64.36,60.0,2185.85,26.945,high_high_down,False,True,False,False,True,0.0,-0.5117268991748695,20.780613453075908,0.0,0.002785,0.006,0.0,0.0,50.0,0.0,0.0,-1,0.0,G4_EV,ev=0.00279 <= floor=0.00600  meta_conf=0.5372,-1,0.0,0.0,
ETH/USDT,215,2026-03-18 20:00:00,long,0.50297,89.43,60.0,2187.36,28.988571,high_high_down,False,True,False,False,False,0.0,0.0,50.0,0.0,0.0,0.0,0.0,0.0,50.0,0.0,0.0,-1,0.0,G2_EDGE,reg.buy_ok=False  regime='high_high_down',-1,0.0,0.0,
ETH/USDT,216,2026-03-18 21:00:00,short,0.5397,72.76,60.0,2202.49,29.668571,high_high_down,False,True,False,False,False,0.0,-0.4146333902521471,20.89961831023034,0.0,0.003506,0.006,0.0,0.0,50.0,0.0,0.0,-1,0.0,G4_EV,ev=0.00351 <= floor=0.00600  meta_conf=0.5397,-1,0.0,0.0,
ETH/USDT,217,2026-03-18 22:00:00,short,0.55135,73.38,60.0,2194.41,30.22,high_high_down,False,True,False,False,False,0.0,-0.5329462354167123,22.559954323739703,0.0,0.004107,0.006,0.0,0.0,50.0,0.0,0.0,-1,0.0,G4_EV,ev=0.00411 <= floor=0.00600  meta_conf=0.5514,-1,0.0,0.0,
ETH/USDT,218,2026-03-18 23:00:00,short,0.5336,73.64,60.0,2203.39,30.674286,high_high_down,False,True,False,False,False,0.0,-0.34056265838286465,24.63391521013523,0.0,0.003528,0.006,0.0,0.0,50.0,0.0,0.0,-1,0.0,G4_EV,ev=0.00353 <= floor=0.00600  meta_conf=0.5336,-1,0.0,0.0,
ETH/USDT,219,2026-03-19 00:00:00,short,0.58805,74.76,60.0,2193.34,30.306429,high_high_down,False,True,False,False,False,0.0,-0.5118854519921718,28.996512411709997,0.0,0.005503,0.006,0.0,0.0,50.0,0.0,0.0,-1,0.0,G4_EV,ev=0.00550 <= floor=0.00600  meta_conf=0.5881,-1,0.0,0.0,
ETH/USDT,220,2026-03-19 01:00:00,short,0.61012,82.74,60.0,2196.92,27.378571,high_high_down,False,True,False,False,False,0.0,-0.36801352060729076,43.039486409543976,0.0,0.005313,0.006,0.0,0.0,50.0,0.0,0.0,-1,0.0,G4_EV,ev=0.00531 <= floor=0.00600  meta_conf=0.6101,-1,0.0,0.0,
ETH/USDT,221,2026-03-19 02:00:00,short,0.61973,81.4,60.0,2196.68,26.022143,high_high_down,False,True,False,False,False,0.0,-0.3566661766907716,53.02209860606654,0.0,0.00516,0.006,0.0,0.0,50.0,0.0,0.0,-1,0.0,G4_EV,ev=0.00516 <= floor=0.00600  meta_conf=0.6197,-1,0.0,0.0,
ETH/USDT,222,2026-03-19 03:00:00,short,0.62042,84.72,60.0,2212.29,27.152857,high_high_down,False,True,False,False,False,0.0,-0.09609532782748456,57.0607982051904,0.0,0.005514,0.006,0.0,0.0,50.0,0.0,0.0,-1,0.0,G4_EV,ev=0.00551 <= floor=0.00600  meta_conf=0.6204,-1,0.0,0.0,
ETH/USDT,223,2026-03-19 04:00:00,short,0.61493,79.81,60.0,2193.61,25.152857,high_high_down,False,True,False,False,False,0.0,-0.16466111564762473,58.95423903202593,0.0,0.004718,0.006,0.0,0.0,50.0,0.0,0.0,-1,0.0,G4_EV,ev=0.00472 <= floor=0.00600  meta_conf=0.6149,-1,0.0,0.0,
ETH/USDT,224,2026-03-19 05:00:00,short,0.56357,77.96,60.0,2189.14,24.050714,high_high_down,False,True,False,False,False,0.0,-0.25248426904748084,59.02199566191703,0.0,0.00283,0.006,0.0,0.0,50.0,0.0,0.0,-1,0.0,G4_EV,ev=0.00283 <= floor=0.00600  meta_conf=0.5636,-1,0.0,0.0,
ETH/USDT,225,2026-03-19 06:00:00,short,0.53462,71.31,60.0,2180.64,23.611429,high_high_down,False,True,False,False,True,0.0,-0.35284354427061615,58.99302255925336,0.0,0.001885,0.006,0.0,0.0,50.0,0.0,0.0,-1,0.0,G4_EV,ev=0.00188 <= floor=0.00600  meta_conf=0.5346,-1,0.0,0.0,
ETH/USDT,226,2026-03-19 07:00:00,short,0.52082,94.13,60.0,2166.68,23.907857,high_high_down,False,True,False,False,True,0.0,-0.6340889027339353,54.43296649042436,0.0,0.001586,0.006,0.0,0.0,50.0,0.0,0.0,-1,0.0,G4_EV,ev=0.00159 <= floor=0.00600  meta_conf=0.5208,-1,0.0,0.0,
ETH/USDT,227,2026-03-19 08:00:00,short,0.57363,74.79,60.0,2160.66,21.686429,high_med_down,False,True,False,False,True,0.0,-0.6568862463033932,53.910629177069936,0.0,0.002512,0.006,0.0,0.0,50.0,0.0,0.0,-1,0.0,G4_EV,ev=0.00251 <= floor=0.00600  meta_conf=0.5736,-1,0.0,0.0,
ETH/USDT,228,2026-03-19 09:00:00,short,0.51907,86.06,60.0,2189.42,22.644286,high_high_down,False,True,False,False,False,0.0,-0.20316876664190797,53.47444305557181,0.0,0.001187,0.006,0.0,0.0,50.0,0.0,0.0,-1,0.0,G4_EV,ev=0.00119 <= floor=0.00600  meta_conf=0.5191,-1,0.0,0.0,
ETH/USDT,229,2026-03-19 10:00:00,short,0.53447,69.61,60.0,2172.76,21.074286,high_med_down,False,True,False,False,True,0.0,-0.4542840815907569,52.65840003218017,0.0,0.001267,0.006,0.0,0.0,50.0,0.0,0.0,-1,0.0,G4_EV,ev=0.00127 <= floor=0.00600  meta_conf=0.5345,-1,0.0,0.0,
ETH/USDT,230,2026-03-19 11:00:00,short,0.52709,71.03,60.0,2166.92,20.398571,high_med_down,False,True,False,False,True,0.0,-0.5889603873926431,51.67967075427761,0.0,0.000925,0.006,0.0,0.0,50.0,0.0,0.0,-1,0.0,G4_EV,ev=0.00092 <= floor=0.00600  meta_conf=0.5271,-1,0.0,0.0,
ETH/USDT,231,2026-03-19 12:00:00,long,0.50353,84.63,60.0,2132.45,21.927143,high_med_down,False,True,False,False,False,0.0,0.0,50.0,0.0,0.0,0.0,0.0,0.0,50.0,0.0,0.0,-1,0.0,G2_EDGE,reg.buy_ok=False  regime='high_med_down',-1,0.0,0.0,
ETH/USDT,232,2026-03-19 13:00:00,long,0.51767,84.21,60.0,2137.49,22.937857,high_high_down,False,True,False,False,False,0.0,0.0,50.0,0.0,0.0,0.0,0.0,0.0,50.0,0.0,0.0,-1,0.0,G2_EDGE,reg.buy_ok=False  regime='high_high_down',-1,0.0,0.0,
ETH/USDT,233,2026-03-19 14:00:00,long,0.52452,81.3,60.0,2121.68,24.915,high_high_down,False,True,False,False,False,0.0,0.0,50.0,0.0,0.0,0.0,0.0,0.0,50.0,0.0,0.0,-1,0.0,G2_EDGE,reg.buy_ok=False  regime='high_high_down',-1,0.0,0.0,
ETH/USDT,234,2026-03-19 15:00:00,long,0.5181,68.35,60.0,2118.81,26.534286,high_high_down,False,True,False,False,False,0.0,0.0,50.0,0.0,0.0,0.0,0.0,0.0,50.0,0.0,0.0,-1,0.0,G2_EDGE,reg.buy_ok=False  regime='high_high_down',-1,0.0,0.0,
ETH/USDT,235,2026-03-19 16:00:00,long,0.50257,67.66,60.0,2115.09,26.495,high_high_down,False,True,False,False,False,0.0,0.0,50.0,0.0,0.0,0.0,0.0,0.0,50.0,0.0,0.0,-1,0.0,G2_EDGE,reg.buy_ok=False  regime='high_high_down',-1,0.0,0.0,
ETH/USDT,236,2026-03-19 17:00:00,short,0.53337,63.23,60.0,2126.96,25.765714,high_high_down,False,True,False,False,True,0.0,-0.45665060713651867,40.49163801670011,0.0,0.002543,0.006,0.0,0.0,50.0,0.0,0.0,-1,0.0,G4_EV,ev=0.00254 <= floor=0.00600  meta_conf=0.5334,-1,0.0,0.0,
ETH/USDT,237,2026-03-19 18:00:00,short,0.5487,62.29,60.0,2125.04,25.257857,high_high_down,False,True,False,False,True,0.0,-0.5539340199737888,45.71369410552093,0.0,0.002912,0.006,0.0,0.0,50.0,0.0,0.0,-1,0.0,G4_EV,ev=0.00291 <= floor=0.00600  meta_conf=0.5487,-1,0.0,0.0,
ETH/USDT,238,2026-03-19 19:00:00,short,0.5249,86.85,60.0,2141.19,26.69,high_high_down,False,True,False,False,False,0.0,-0.40475302240411376,47.10026407750216,0.0,0.002447,0.006,0.0,0.0,50.0,0.0,0.0,-1,0.0,G4_EV,ev=0.00245 <= floor=0.00600  meta_conf=0.5249,-1,0.0,0.0,
ETH/USDT,239,2026-03-19 20:00:00,short,0.54731,80.41,60.0,2146.35,26.368571,high_high_down,False,True,False,False,False,0.0,-0.3530804929390914,48.86756962774836,0.0,0.003098,0.006,0.0,0.0,50.0,0.0,0.0,-1,0.0,G4_EV,ev=0.00310 <= floor=0.00600  meta_conf=0.5473,-1,0.0,0.0,
ETH/USDT,240,2026-03-19 21:00:00,short,0.53991,78.99,60.0,2149.95,24.34,high_high_down,False,True,False,False,False,0.0,-0.21972503057828136,48.91618594795644,0.0,0.002314,0.006,0.0,0.0,50.0,0.0,0.0,-1,0.0,G4_EV,ev=0.00231 <= floor=0.00600  meta_conf=0.5399,-1,0.0,0.0,
ETH/USDT,241,2026-03-19 22:00:00,short,0.53529,81.38,60.0,2140.08,24.795714,high_high_down,False,True,False,False,False,0.0,-0.39763056071813085,49.26415545621138,0.0,0.002318,0.006,0.0,0.0,50.0,0.0,0.0,-1,0.0,G4_EV,ev=0.00232 <= floor=0.00600  meta_conf=0.5353,-1,0.0,0.0,
ETH/USDT,242,2026-03-19 23:00:00,short,0.55557,82.37,60.0,2137.81,23.777143,high_high_down,False,True,False,False,False,0.0,-0.45265204955509697,49.39014686489118,0.0,0.002674,0.006,0.0,0.0,50.0,0.0,0.0,-1,0.0,G4_EV,ev=0.00267 <= floor=0.00600  meta_conf=0.5556,-1,0.0,0.0,
ETH/USDT,243,2026-03-20 00:00:00,short,0.58573,80.0,60.0,2145.6,23.397857,high_high_down,False,True,False,False,False,0.0,-0.19703929402157755,56.0886118221952,0.0,0.003431,0.006,0.0,0.0,50.0,0.0,0.0,-1,0.0,G4_EV,ev=0.00343 <= floor=0.00600  meta_conf=0.5857,-1,0.0,0.0,
ETH/USDT,244,2026-03-20 01:00:00,short,0.5633,79.61,60.0,2150.88,23.678571,high_high_down,False,True,False,False,False,0.0,-0.057929571150905045,61.688835878706655,0.0,0.002835,0.006,0.0,0.0,50.0,0.0,0.0,-1,0.0,G4_EV,ev=0.00284 <= floor=0.00600  meta_conf=0.5633,-1,0.0,0.0,
ETH/USDT,245,2026-03-20 02:00:00,short,0.53969,78.15,60.0,2144.44,22.375714,high_high_down,False,True,False,False,False,0.0,-0.09248156134791186,65.66221300113939,0.0,0.001813,0.006,0.0,0.0,50.0,0.0,0.0,-1,0.0,G4_EV,ev=0.00181 <= floor=0.00600  meta_conf=0.5397,-1,0.0,0.0,
ETH/USDT,246,2026-03-20 03:00:00,short,0.54609,74.49,60.0,2151.38,21.033571,high_med_down,False,True,False,False,False,0.0,0.15783237847873147,65.45389099315919,0.0,0.001616,0.006,0.0,0.0,50.0,0.0,0.0,-1,0.0,G4_EV,ev=0.00162 <= floor=0.00600  meta_conf=0.5461,-1,0.0,0.0,
ETH/USDT,247,2026-03-20 04:00:00,short,0.53209,76.8,60.0,2148.38,19.245,high_med_down,False,True,False,False,False,0.0,-0.03511968841182363,64.82674382471461,0.0,0.000807,0.006,0.0,0.0,50.0,0.0,0.0,-1,0.0,G4_EV,ev=0.00081 <= floor=0.00600  meta_conf=0.5321,-1,0.0,0.0,
ETH/USDT,248,2026-03-20 05:00:00,short,0.52539,76.1,60.0,2140.37,17.586429,high_med_down,False,True,False,False,False,0.0,-0.10505738812259977,67.36467149028998,0.0,0.000261,0.006,0.0,0.0,50.0,0.0,0.0,-1,0.0,G4_EV,ev=0.00026 <= floor=0.00600  meta_conf=0.5254,-1,0.0,0.0,
ETH/USDT,249,2026-03-20 06:00:00,short,0.53277,76.51,60.0,2136.61,17.172857,high_med_down,False,True,False,False,False,0.0,-0.08785063733649436,66.28153210636023,0.0,0.000328,0.006,0.0,0.0,50.0,0.0,0.0,-1,0.0,G4_EV,ev=0.00033 <= floor=0.00600  meta_conf=0.5328,-1,0.0,0.0,
ETH/USDT,250,2026-03-20 07:00:00,short,0.50415,75.39,60.0,2150.54,17.552857,high_med_flat,,,True,False,False,0.0,0.0,50.0,0.0,0.0,0.0,0.0,0.0,50.0,0.0,0.0,-1,0.0,G1_REGIME,regime='high_med_flat' skipped=True reg_empty=False,-1,0.0,0.0,
ETH/USDT,251,2026-03-20 08:00:00,short,0.53764,66.45,60.0,2164.2,18.621429,high_med_flat,,,True,False,False,0.0,0.0,50.0,0.0,0.0,0.0,0.0,0.0,50.0,0.0,0.0,-1,0.0,G1_REGIME,regime='high_med_flat' skipped=True reg_empty=False,-1,0.0,0.0,
ETH/USDT,252,2026-03-20 09:00:00,long,0.5156,59.98,60.0,2141.21,18.433571,high_med_down,False,True,False,False,False,0.0,0.0,50.0,0.0,0.0,0.0,0.0,0.0,50.0,0.0,0.0,-1,0.0,G2_EDGE,reg.buy_ok=False  regime='high_med_down',-1,0.0,0.0,
ETH/USDT,253,2026-03-20 10:00:00,short,0.50548,54.82,60.0,2148.38,18.883571,high_med_flat,,,True,False,False,0.0,0.0,50.0,0.0,0.0,0.0,0.0,0.0,50.0,0.0,0.0,-1,0.0,G1_REGIME,regime='high_med_flat' skipped=True reg_empty=False,-1,0.0,0.0,
ETH/USDT,254,2026-03-20 11:00:00,long,0.50627,57.25,60.0,2141.5,19.828571,high_med_flat,,,True,False,False,0.0,0.0,50.0,0.0,0.0,0.0,0.0,0.0,50.0,0.0,0.0,-1,0.0,G1_REGIME,regime='high_med_flat' skipped=True reg_empty=False,-1,0.0,0.0,
ETH/USDT,255,2026-03-20 12:00:00,short,0.50173,55.71,60.0,2141.13,19.692143,med_med_flat,False,True,False,False,False,0.0,0.0,50.0,0.0,0.0,0.0,0.0,0.0,50.0,0.0,0.0,-1,0.0,G2_EDGE,edge=55.7 < thr=60.0,-1,0.0,0.0,
ETH/USDT,256,2026-03-20 13:00:00,long,0.53627,70.9,60.0,2127.39,20.588571,med_med_flat,False,True,False,False,False,0.0,0.0,50.0,0.0,0.0,0.0,0.0,0.0,50.0,0.0,0.0,-1,0.0,G2_EDGE,reg.buy_ok=False  regime='med_med_flat',-1,0.0,0.0,
ETH/USDT,257,2026-03-20 14:00:00,long,0.54668,86.29,60.0,2129.3,21.772857,med_med_flat,False,True,False,False,False,0.0,0.0,50.0,0.0,0.0,0.0,0.0,0.0,50.0,0.0,0.0,-1,0.0,G2_EDGE,reg.buy_ok=False  regime='med_med_flat',-1,0.0,0.0,
ETH/USDT,258,2026-03-20 15:00:00,long,0.53406,57.77,60.0,2134.01,21.970714,med_med_up,False,True,False,False,False,0.0,0.0,50.0,0.0,0.0,0.0,0.0,0.0,50.0,0.0,0.0,-1,0.0,G2_EDGE,reg.buy_ok=False  regime='med_med_up',-1,0.0,0.0,
ETH/USDT,259,2026-03-20 16:00:00,long,0.52885,52.99,60.0,2137.31,21.620714,med_med_up,False,True,False,False,False,0.0,0.0,50.0,0.0,0.0,0.0,0.0,0.0,50.0,0.0,0.0,-1,0.0,G2_EDGE,reg.buy_ok=False  regime='med_med_up',-1,0.0,0.0,
ETH/USDT,260,2026-03-20 17:00:00,long,0.51291,61.53,60.0,2136.69,22.19,med_high_flat,,,True,False,False,0.0,0.0,50.0,0.0,0.0,0.0,0.0,0.0,50.0,0.0,0.0,-1,0.0,G1_REGIME,regime='med_high_flat' skipped=True reg_empty=False,-1,0.0,0.0,
ETH/USDT,261,2026-03-20 18:00:00,long,0.53096,63.05,60.0,2123.29,22.204286,med_high_flat,,,True,False,False,0.0,0.0,50.0,0.0,0.0,0.0,0.0,0.0,50.0,0.0,0.0,-1,0.0,G1_REGIME,regime='med_high_flat' skipped=True reg_empty=False,-1,0.0,0.0,
ETH/USDT,262,2026-03-20 19:00:00,long,0.52645,65.38,60.0,2132.91,22.438571,med_high_flat,,,True,False,False,0.0,0.0,50.0,0.0,0.0,0.0,0.0,0.0,50.0,0.0,0.0,-1,0.0,G1_REGIME,regime='med_high_flat' skipped=True reg_empty=False,-1,0.0,0.0,
ETH/USDT,263,2026-03-20 20:00:00,long,0.50993,60.14,60.0,2133.25,22.675714,med_high_flat,,,True,False,False,0.0,0.0,50.0,0.0,0.0,0.0,0.0,0.0,50.0,0.0,0.0,-1,0.0,G1_REGIME,regime='med_high_flat' skipped=True reg_empty=False,-1,0.0,0.0,
ETH/USDT,264,2026-03-20 21:00:00,long,0.50767,60.72,60.0,2147.53,22.266429,med_high_flat,,,True,False,False,0.0,0.0,50.0,0.0,0.0,0.0,0.0,0.0,50.0,0.0,0.0,-1,0.0,G1_REGIME,regime='med_high_flat' skipped=True reg_empty=False,-1,0.0,0.0,
ETH/USDT,265,2026-03-20 22:00:00,long,0.50265,49.34,60.0,2154.71,21.576429,med_med_flat,False,True,False,False,False,0.0,0.0,50.0,0.0,0.0,0.0,0.0,0.0,50.0,0.0,0.0,-1,0.0,G2_EDGE,reg.buy_ok=False  regime='med_med_flat',-1,0.0,0.0,
ETH/USDT,266,2026-03-20 23:00:00,long,0.51284,52.96,60.0,2146.22,20.384286,med_med_flat,False,True,False,False,False,0.0,0.0,50.0,0.0,0.0,0.0,0.0,0.0,50.0,0.0,0.0,-1,0.0,G2_EDGE,reg.buy_ok=False  regime='med_med_flat',-1,0.0,0.0,
ETH/USDT,267,2026-03-21 00:00:00,short,0.5036,59.58,60.0,2153.3,19.871429,med_med_flat,False,True,False,False,False,0.0,0.0,50.0,0.0,0.0,0.0,0.0,0.0,50.0,0.0,0.0,-1,0.0,G2_EDGE,edge=59.6 < thr=60.0,-1,0.0,0.0,
ETH/USDT,268,2026-03-21 01:00:00,long,0.50139,53.82,60.0,2147.55,19.073571,med_med_flat,False,True,False,False,False,0.0,0.0,50.0,0.0,0.0,0.0,0.0,0.0,50.0,0.0,0.0,-1,0.0,G2_EDGE,reg.buy_ok=False  regime='med_med_flat',-1,0.0,0.0,
ETH/USDT,269,2026-03-21 02:00:00,short,0.50958,56.86,60.0,2154.9,18.545,low_med_flat,False,True,False,False,False,0.0,0.0,50.0,0.0,0.0,0.0,0.0,0.0,50.0,0.0,0.0,-1,0.0,G2_EDGE,edge=56.9 < thr=60.0,-1,0.0,0.0,
ETH/USDT,270,2026-03-21 03:00:00,long,0.51577,44.44,60.0,2153.6,16.795,low_med_flat,False,True,False,False,False,0.0,0.0,50.0,0.0,0.0,0.0,0.0,0.0,50.0,0.0,0.0,-1,0.0,G2_EDGE,reg.buy_ok=False  regime='low_med_flat',-1,0.0,0.0,
ETH/USDT,271,2026-03-21 04:00:00,long,0.52479,45.01,60.0,2151.75,15.15,low_med_flat,False,True,False,False,False,0.0,0.0,50.0,0.0,0.0,0.0,0.0,0.0,50.0,0.0,0.0,-1,0.0,G2_EDGE,reg.buy_ok=False  regime='low_med_flat',-1,0.0,0.0,
ETH/USDT,272,2026-03-21 05:00:00,long,0.51126,48.27,60.0,2153.39,14.421429,low_low_flat,False,True,False,False,False,0.0,0.0,50.0,0.0,0.0,0.0,0.0,0.0,50.0,0.0,0.0,-1,0.0,G2_EDGE,reg.buy_ok=False  regime='low_low_flat',-1,0.0,0.0,
ETH/USDT,273,2026-03-21 06:00:00,long,0.50468,45.61,60.0,2155.8,13.709286,low_low_up,False,True,False,False,False,0.0,0.0,50.0,0.0,0.0,0.0,0.0,0.0,50.0,0.0,0.0,-1,0.0,G2_EDGE,reg.buy_ok=False  regime='low_low_up',-1,0.0,0.0,
ETH/USDT,274,2026-03-21 07:00:00,long,0.50197,45.98,60.0,2155.67,12.722143,low_low_flat,False,True,False,False,False,0.0,0.0,50.0,0.0,0.0,0.0,0.0,0.0,50.0,0.0,0.0,-1,0.0,G2_EDGE,reg.buy_ok=False  regime='low_low_flat',-1,0.0,0.0,
ETH/USDT,275,2026-03-21 08:00:00,short,0.50379,60.32,60.0,2154.0,11.821429,low_low_flat,False,True,False,True,False,0.0,0.2758178895623477,60.82754053750858,0.0,-0.001474,0.006,0.0,0.0,50.0,0.0,0.0,-1,0.0,G4_EV,ev=-0.00147 <= floor=0.00600  meta_conf=0.5038,-1,0.0,0.0,
ETH/USDT,276,2026-03-21 09:00:00,short,0.52661,79.41,60.0,2158.77,10.945,low_low_up,False,True,False,True,False,0.0,0.5349588660680809,64.24119722846727,0.0,-0.001354,0.006,0.0,0.0,50.0,0.0,0.0,-1,0.0,G4_EV,ev=-0.00135 <= floor=0.00600  meta_conf=0.5266,-1,0.0,0.0,
ETH/USDT,277,2026-03-21 10:00:00,short,0.53289,79.09,60.0,2154.34,10.475714,low_low_flat,False,True,False,True,False,0.0,0.34135788411613305,68.69035748784667,0.0,-0.00138,0.006,0.0,0.0,50.0,0.0,0.0,-1,0.0,G4_EV,ev=-0.00138 <= floor=0.00600  meta_conf=0.5329,-1,0.0,0.0,
ETH/USDT,278,2026-03-21 11:00:00,short,0.53772,77.61,60.0,2157.37,8.939286,low_low_up,False,True,False,True,False,0.0,0.43804563112129813,81.67795612040936,0.0,-0.001713,0.006,0.0,0.0,50.0,0.0,0.0,-1,0.0,G4_EV,ev=-0.00171 <= floor=0.00600  meta_conf=0.5377,-1,0.0,0.0,
ETH/USDT,279,2026-03-21 12:00:00,short,0.51984,79.15,60.0,2157.98,7.752857,low_low_up,False,True,False,True,False,0.0,0.36884994750247485,90.9803211162914,0.0,-0.002191,0.006,0.0,0.0,50.0,0.0,0.0,-1,0.0,G4_EV,ev=-0.00219 <= floor=0.00600  meta_conf=0.5198,-1,0.0,0.0,
ETH/USDT,280,2026-03-21 13:00:00,short,0.50105,78.53,60.0,2155.86,7.197857,low_low_up,False,True,False,True,False,0.0,0.3232917501882788,90.72457794911251,0.0,-0.002488,0.006,0.0,0.0,50.0,0.0,0.0,-1,0.0,G4_EV,ev=-0.00249 <= floor=0.00600  meta_conf=0.5011,-1,0.0,0.0,
ETH/USDT,281,2026-03-21 14:00:00,long,0.5228,72.41,60.0,2152.13,7.564286,low_low_up,False,True,False,False,False,0.0,0.0,50.0,0.0,0.0,0.0,0.0,0.0,50.0,0.0,0.0,-1,0.0,G2_EDGE,reg.buy_ok=False  regime='low_low_up',-1,0.0,0.0,
ETH/USDT,282,2026-03-21 15:00:00,long,0.51137,72.74,60.0,2155.12,7.465,low_low_up,False,True,False,False,False,0.0,0.0,50.0,0.0,0.0,0.0,0.0,0.0,50.0,0.0,0.0,-1,0.0,G2_EDGE,reg.buy_ok=False  regime='low_low_up',-1,0.0,0.0,
ETH/USDT,283,2026-03-21 16:00:00,long,0.5109,74.59,60.0,2146.65,7.532143,low_low_flat,False,True,False,False,False,0.0,0.0,50.0,0.0,0.0,0.0,0.0,0.0,50.0,0.0,0.0,-1,0.0,G2_EDGE,reg.buy_ok=False  regime='low_low_flat',-1,0.0,0.0,
ETH/USDT,284,2026-03-21 17:00:00,long,0.54347,74.47,60.0,2148.56,7.792143,low_low_flat,False,True,False,False,False,0.0,0.0,50.0,0.0,0.0,0.0,0.0,0.0,50.0,0.0,0.0,-1,0.0,G2_EDGE,reg.buy_ok=False  regime='low_low_flat',-1,0.0,0.0,
ETH/USDT,285,2026-03-21 18:00:00,long,0.54184,63.63,60.0,2151.46,7.793571,low_low_up,False,True,False,False,False,0.0,0.0,50.0,0.0,0.0,0.0,0.0,0.0,50.0,0.0,0.0,-1,0.0,G2_EDGE,reg.buy_ok=False  regime='low_low_up',-1,0.0,0.0,
ETH/USDT,286,2026-03-21 19:00:00,long,0.54218,65.07,60.0,2152.16,7.487857,low_low_up,False,True,False,False,False,0.0,0.0,50.0,0.0,0.0,0.0,0.0,0.0,50.0,0.0,0.0,-1,0.0,G2_EDGE,reg.buy_ok=False  regime='low_low_up',-1,0.0,0.0,
ETH/USDT,287,2026-03-21 20:00:00,long,0.54583,76.26,60.0,2155.67,7.628571,low_low_up,False,True,False,False,False,0.0,0.0,50.0,0.0,0.0,0.0,0.0,0.0,50.0,0.0,0.0,-1,0.0,G2_EDGE,reg.buy_ok=False  regime='low_low_up',-1,0.0,0.0,
ETH/USDT,288,2026-03-21 21:00:00,long,0.5453,74.85,60.0,2153.7,7.426429,low_low_flat,False,True,False,False,False,0.0,0.0,50.0,0.0,0.0,0.0,0.0,0.0,50.0,0.0,0.0,-1,0.0,G2_EDGE,reg.buy_ok=False  regime='low_low_flat',-1,0.0,0.0,
ETH/USDT,289,2026-03-21 22:00:00,long,0.54487,71.69,60.0,2149.94,7.19,low_low_flat,False,True,False,False,False,0.0,0.0,50.0,0.0,0.0,0.0,0.0,0.0,50.0,0.0,0.0,-1,0.0,G2_EDGE,reg.buy_ok=False  regime='low_low_flat',-1,0.0,0.0,
ETH/USDT,290,2026-03-21 23:00:00,long,0.52674,100.0,60.0,2084.87,12.472857,low_low_down,True,True,False,False,True,0.0,-0.7128502072854981,6.166297094661345,-1.0,-0.000876,0.006,0.0,0.0,50.0,0.0,0.0,-1,0.0,G4_EV,ev=-0.00088 <= floor=0.00600  meta_conf=0.5267,-1,0.0,0.0,
ETH/USDT,291,2026-03-22 00:00:00,long,0.52473,100.0,60.0,2087.67,15.247143,low_med_down,False,True,False,False,False,0.0,0.0,50.0,0.0,0.0,0.0,0.0,0.0,50.0,0.0,0.0,-1,0.0,G2_EDGE,reg.buy_ok=False  regime='low_med_down',-1,0.0,0.0,
ETH/USDT,292,2026-03-22 01:00:00,short,0.50691,77.15,60.0,2091.36,15.788571,low_med_down,False,True,False,False,False,0.0,-0.5673560760380641,2.539392660509898,0.0,-0.000462,0.006,0.0,0.0,50.0,0.0,0.0,-1,0.0,G4_EV,ev=-0.00046 <= floor=0.00600  meta_conf=0.5069,-1,0.0,0.0,
ETH/USDT,293,2026-03-22 02:00:00,short,0.51019,75.32,60.0,2102.29,17.038571,low_med_down,False,True,False,False,False,0.0,-0.5406744572468142,5.226817890820276,0.0,-0.00013,0.006,0.0,0.0,50.0,0.0,0.0,-1,0.0,G4_EV,ev=-0.00013 <= floor=0.00600  meta_conf=0.5102,-1,0.0,0.0,
ETH/USDT,294,2026-03-22 03:00:00,long,0.50268,76.34,60.0,2113.83,18.776429,low_med_down,False,True,False,False,False,0.0,0.0,50.0,0.0,0.0,0.0,0.0,0.0,50.0,0.0,0.0,-1,0.0,G2_EDGE,reg.buy_ok=False  regime='low_med_down',-1,0.0,0.0,
ETH/USDT,295,2026-03-22 04:00:00,long,0.50537,76.34,60.0,2119.39,18.699286,low_med_down,False,True,False,False,False,0.0,0.0,50.0,0.0,0.0,0.0,0.0,0.0,50.0,0.0,0.0,-1,0.0,G2_EDGE,reg.buy_ok=False  regime='low_med_down',-1,0.0,0.0,
ETH/USDT,296,2026-03-22 05:00:00,short,0.51002,81.67,60.0,2113.0,18.492143,low_med_down,False,True,False,False,False,0.0,-0.43845212913289366,17.4438672385774,0.0,0.000175,0.006,0.0,0.0,50.0,0.0,0.0,-1,0.0,G4_EV,ev=0.00017 <= floor=0.00600  meta_conf=0.5100,-1,0.0,0.0,
ETH/USDT,297,2026-03-22 06:00:00,short,0.52362,82.32,60.0,2108.76,18.166429,low_med_down,False,True,False,False,False,0.0,-0.5009264151336392,19.751376191911078,0.0,0.000426,0.006,0.0,0.0,50.0,0.0,0.0,-1,0.0,G4_EV,ev=0.00043 <= floor=0.00600  meta_conf=0.5236,-1,0.0,0.0,
ETH/USDT,298,2026-03-22 07:00:00,short,0.53734,84.58,60.0,2093.38,18.959286,low_med_down,False,True,False,False,False,0.0,-0.5815112327812121,22.032163626984037,0.0,0.000989,0.006,0.0,0.0,50.0,0.0,0.0,-1,0.0,G4_EV,ev=0.00099 <= floor=0.00600  meta_conf=0.5373,-1,0.0,0.0,
ETH/USDT,299,2026-03-22 08:00:00,short,0.51961,78.05,60.0,2086.5,19.936429,low_med_down,False,True,False,False,False,0.0,-0.633458862752172,24.365715393995636,0.0,0.000806,0.006,0.0,0.0,50.0,0.0,0.0,-1,0.0,G4_EV,ev=0.00081 <= floor=0.00600  meta_conf=0.5196,-1,0.0,0.0,
ETH/USDT,300,2026-03-22 09:00:00,short,0.51234,74.5,60.0,2085.09,20.861429,low_med_down,False,True,False,False,False,0.0,-0.6371657097113036,26.77969043822841,0.0,0.000836,0.006,0.0,0.0,50.0,0.0,0.0,-1,0.0,G4_EV,ev=0.00084 <= floor=0.00600  meta_conf=0.5123,-1,0.0,0.0,
ETH/USDT,301,2026-03-22 10:00:00,short,0.52888,73.5,60.0,2081.45,21.107143,low_med_down,False,True,False,False,False,0.0,-0.6335563142147809,29.0663378581301,0.0,0.001354,0.006,0.0,0.0,50.0,0.0,0.0,-1,0.0,G4_EV,ev=0.00135 <= floor=0.00600  meta_conf=0.5289,-1,0.0,0.0,
ETH/USDT,302,2026-03-22 11:00:00,short,0.53897,66.05,60.0,2069.98,21.967143,low_high_down,,,True,False,False,0.0,0.0,50.0,0.0,0.0,0.0,0.0,0.0,50.0,0.0,0.0,-1,0.0,G1_REGIME,regime='low_high_down' skipped=True reg_empty=False,-1,0.0,0.0,
ETH/USDT,303,2026-03-22 12:00:00,short,0.5302,74.02,60.0,2082.44,23.090714,med_high_down,,,True,False,False,0.0,0.0,50.0,0.0,0.0,0.0,0.0,0.0,50.0,0.0,0.0,-1,0.0,G1_REGIME,regime='med_high_down' skipped=True reg_empty=False,-1,0.0,0.0,
ETH/USDT,304,2026-03-22 13:00:00,short,0.50815,72.2,60.0,2078.71,18.855,med_med_down,False,True,False,False,True,0.0,-0.4287620046546954,47.070655419141595,0.0,0.000281,0.006,0.0,0.0,50.0,0.0,0.0,-1,0.0,G4_EV,ev=0.00028 <= floor=0.00600  meta_conf=0.5082,-1,0.0,0.0,
ETH/USDT,305,2026-03-22 14:00:00,short,0.51881,70.6,60.0,2078.14,16.584286,med_med_down,False,True,False,False,True,0.0,-0.3697354416691962,56.60560481246578,0.0,-4e-06,0.006,0.0,0.0,50.0,0.0,0.0,-1,0.0,G4_EV,ev=-0.00000 <= floor=0.00600  meta_conf=0.5188,-1,0.0,0.0,
ETH/USDT,306,2026-03-22 15:00:00,short,0.53706,80.0,60.0,2083.1,16.328571,med_med_down,False,True,False,False,False,0.0,-0.3326596385919466,56.68178650590768,0.0,0.000312,0.006,0.0,0.0,50.0,0.0,0.0,-1,0.0,G4_EV,ev=0.00031 <= floor=0.00600  meta_conf=0.5371,-1,0.0,0.0,
ETH/USDT,307,2026-03-22 16:00:00,short,0.53048,79.84,60.0,2082.09,15.272143,med_med_down,False,True,False,False,False,0.0,-0.4290523277015488,56.432012623474854,0.0,-9.6e-05,0.006,0.0,0.0,50.0,0.0,0.0,-1,0.0,G4_EV,ev=-0.00010 <= floor=0.00600  meta_conf=0.5305,-1,0.0,0.0,
ETH/USDT,308,2026-03-22 17:00:00,short,0.50983,59.25,60.0,2079.61,13.687857,med_low_down,False,True,False,False,False,0.0,0.0,50.0,0.0,0.0,0.0,0.0,0.0,50.0,0.0,0.0,-1,0.0,G2_EDGE,edge=59.2 < thr=60.0,-1,0.0,0.0,
ETH/USDT,309,2026-03-22 18:00:00,long,0.50237,81.53,60.0,2072.27,14.175714,med_low_down,False,True,False,False,False,0.0,0.0,50.0,0.0,0.0,0.0,0.0,0.0,50.0,0.0,0.0,-1,0.0,G2_EDGE,reg.buy_ok=False  regime='med_low_down',-1,0.0,0.0,
ETH/USDT,310,2026-03-22 19:00:00,long,0.50524,80.95,60.0,2063.21,14.898571,med_med_down,False,True,False,False,False,0.0,0.0,50.0,0.0,0.0,0.0,0.0,0.0,50.0,0.0,0.0,-1,0.0,G2_EDGE,reg.buy_ok=False  regime='med_med_down',-1,0.0,0.0,
ETH/USDT,311,2026-03-22 20:00:00,long,0.50162,79.27,60.0,2058.58,15.580714,med_med_down,False,True,False,False,False,0.0,0.0,50.0,0.0,0.0,0.0,0.0,0.0,50.0,0.0,0.0,-1,0.0,G2_EDGE,reg.buy_ok=False  regime='med_med_down',-1,0.0,0.0,
ETH/USDT,312,2026-03-22 21:00:00,long,0.51113,100.0,60.0,2045.96,16.638571,med_med_down,False,True,False,False,False,0.0,0.0,50.0,0.0,0.0,0.0,0.0,0.0,50.0,0.0,0.0,-1,0.0,G2_EDGE,reg.buy_ok=False  regime='med_med_down',-1,0.0,0.0,
ETH/USDT,313,2026-03-22 22:00:00,long,0.52776,81.93,60.0,2062.67,17.463571,med_med_down,False,True,False,False,False,0.0,0.0,50.0,0.0,0.0,0.0,0.0,0.0,50.0,0.0,0.0,-1,0.0,G2_EDGE,reg.buy_ok=False  regime='med_med_down',-1,0.0,0.0,
ETH/USDT,314,2026-03-22 23:00:00,short,0.5074,74.87,60.0,2053.89,17.89,med_med_down,False,True,False,False,True,0.0,-0.593019181758629,49.113229142254596,0.0,9.4e-05,0.006,0.0,0.0,50.0,0.0,0.0,-1,0.0,G4_EV,ev=0.00009 <= floor=0.00600  meta_conf=0.5074,-1,0.0,0.0,
ETH/USDT,315,2026-03-23 00:00:00,long,0.51769,88.3,60.0,2043.31,19.159286,low_med_down,False,True,False,False,False,0.0,0.0,50.0,0.0,0.0,0.0,0.0,0.0,50.0,0.0,0.0,-1,0.0,G2_EDGE,reg.buy_ok=False  regime='low_med_down',-1,0.0,0.0,
ETH/USDT,316,2026-03-23 01:00:00,short,0.52113,74.37,60.0,2047.69,19.594286,low_med_down,False,True,False,False,True,0.0,-0.5113947458562753,48.43493560327931,0.0,0.000852,0.006,0.0,0.0,50.0,0.0,0.0,-1,0.0,G4_EV,ev=0.00085 <= floor=0.00600  meta_conf=0.5211,-1,0.0,0.0,
ETH/USDT,317,2026-03-23 02:00:00,short,0.51197,84.36,60.0,2063.42,19.840714,low_med_down,False,True,False,False,False,0.0,-0.32132537469594935,47.91660683144117,0.0,0.000638,0.006,0.0,0.0,50.0,0.0,0.0,-1,0.0,G4_EV,ev=0.00064 <= floor=0.00600  meta_conf=0.5120,-1,0.0,0.0,
ETH/USDT,318,2026-03-23 03:00:00,short,0.53494,70.5,60.0,2052.54,19.897857,low_med_down,False,True,False,False,True,0.0,-0.481399543646636,52.57023980564706,0.0,0.001277,0.006,0.0,0.0,50.0,0.0,0.0,-1,0.0,G4_EV,ev=0.00128 <= floor=0.00600  meta_conf=0.5349,-1,0.0,0.0,
ETH/USDT,319,2026-03-23 04:00:00,short,0.50672,78.5,60.0,2065.47,20.044286,low_med_down,False,True,False,False,False,0.0,-0.2996812860564646,53.5119451728768,0.0,0.000543,0.006,0.0,0.0,50.0,0.0,0.0,-1,0.0,G4_EV,ev=0.00054 <= floor=0.00600  meta_conf=0.5067,-1,0.0,0.0,
ETH/USDT,320,2026-03-23 05:00:00,long,0.52459,78.62,60.0,2069.27,20.222143,low_med_down,False,True,False,False,False,0.0,0.0,50.0,0.0,0.0,0.0,0.0,0.0,50.0,0.0,0.0,-1,0.0,G2_EDGE,reg.buy_ok=False  regime='low_med_down',-1,0.0,0.0,
ETH/USDT,321,2026-03-23 06:00:00,long,0.50769,90.84,60.0,2037.3,22.667143,low_high_down,,,True,False,False,0.0,0.0,50.0,0.0,0.0,0.0,0.0,0.0,50.0,0.0,0.0,-1,0.0,G1_REGIME,regime='low_high_down' skipped=True reg_empty=False,-1,0.0,0.0,
ETH/USDT,322,2026-03-23 07:00:00,long,0.52973,100.0,60.0,2044.72,24.097143,low_high_down,,,True,False,False,0.0,0.0,50.0,0.0,0.0,0.0,0.0,0.0,50.0,0.0,0.0,-1,0.0,G1_REGIME,regime='low_high_down' skipped=True reg_empty=False,-1,0.0,0.0,
ETH/USDT,323,2026-03-23 08:00:00,short,0.51098,74.52,60.0,2048.02,23.493571,low_high_down,,,True,False,False,0.0,0.0,50.0,0.0,0.0,0.0,0.0,0.0,50.0,0.0,0.0,-1,0.0,G1_REGIME,regime='low_high_down' skipped=True reg_empty=False,-1,0.0,0.0,
ETH/USDT,324,2026-03-23 09:00:00,short,0.50389,72.98,60.0,2043.63,23.677857,low_high_down,,,True,False,False,0.0,0.0,50.0,0.0,0.0,0.0,0.0,0.0,50.0,0.0,0.0,-1,0.0,G1_REGIME,regime='low_high_down' skipped=True reg_empty=False,-1,0.0,0.0,
ETH/USDT,325,2026-03-23 10:00:00,short,0.50057,69.74,60.0,2049.04,23.517143,low_high_down,,,True,False,False,0.0,0.0,50.0,0.0,0.0,0.0,0.0,0.0,50.0,0.0,0.0,-1,0.0,G1_REGIME,regime='low_high_down' skipped=True reg_empty=False,-1,0.0,0.0,
ETH/USDT,326,2026-03-23 11:00:00,short,0.58093,100.0,60.0,2134.78,31.732857,med_high_up,,,True,False,False,0.0,0.0,50.0,0.0,0.0,0.0,0.0,0.0,50.0,0.0,0.0,-1,0.0,G1_REGIME,regime='med_high_up' skipped=True reg_empty=False,-1,0.0,0.0,
ETH/USDT,327,2026-03-23 12:00:00,short,0.59616,82.18,60.0,2144.27,32.257143,high_high_up,,,True,False,False,0.0,0.0,50.0,0.0,0.0,0.0,0.0,0.0,50.0,0.0,0.0,-1,0.0,G1_REGIME,regime='high_high_up' skipped=True reg_empty=False,-1,0.0,0.0,
ETH/USDT,328,2026-03-23 13:00:00,short,0.58509,91.31,60.0,2185.64,34.114286,high_high_up,,,True,False,False,0.0,0.0,50.0,0.0,0.0,0.0,0.0,0.0,50.0,0.0,0.0,-1,0.0,G1_REGIME,regime='high_high_up' skipped=True reg_empty=False,-1,0.0,0.0,
ETH/USDT,329,2026-03-23 14:00:00,short,0.59618,90.4,60.0,2181.16,33.812143,high_high_up,,,True,False,False,0.0,0.0,50.0,0.0,0.0,0.0,0.0,0.0,50.0,0.0,0.0,-1,0.0,G1_REGIME,regime='high_high_up' skipped=True reg_empty=False,-1,0.0,0.0,
ETH/USDT,330,2026-03-23 15:00:00,short,0.61269,82.83,60.0,2128.45,36.699286,high_high_up,,,True,False,False,0.0,0.0,50.0,0.0,0.0,0.0,0.0,0.0,50.0,0.0,0.0,-1,0.0,G1_REGIME,regime='high_high_up' skipped=True reg_empty=False,-1,0.0,0.0,
ETH/USDT,331,2026-03-23 16:00:00,short,0.58604,79.5,60.0,2135.88,36.801429,high_high_up,,,True,False,False,0.0,0.0,50.0,0.0,0.0,0.0,0.0,0.0,50.0,0.0,0.0,-1,0.0,G1_REGIME,regime='high_high_up' skipped=True reg_empty=False,-1,0.0,0.0,
ETH/USDT,332,2026-03-23 17:00:00,short,0.60564,77.56,60.0,2152.71,37.752143,high_high_up,,,True,False,False,0.0,0.0,50.0,0.0,0.0,0.0,0.0,0.0,50.0,0.0,0.0,-1,0.0,G1_REGIME,regime='high_high_up' skipped=True reg_empty=False,-1,0.0,0.0,
ETH/USDT,333,2026-03-23 18:00:00,short,0.60079,87.02,60.0,2168.72,38.500714,high_high_up,,,True,False,False,0.0,0.0,50.0,0.0,0.0,0.0,0.0,0.0,50.0,0.0,0.0,-1,0.0,G1_REGIME,regime='high_high_up' skipped=True reg_empty=False,-1,0.0,0.0,
ETH/USDT,334,2026-03-23 19:00:00,short,0.63523,79.5,60.0,2154.46,39.705,high_high_up,,,True,False,False,0.0,0.0,50.0,0.0,0.0,0.0,0.0,0.0,50.0,0.0,0.0,-1,0.0,G1_REGIME,regime='high_high_up' skipped=True reg_empty=False,-1,0.0,0.0,
ETH/USDT,335,2026-03-23 20:00:00,short,0.64861,77.03,60.0,2161.49,37.940714,high_high_up,,,True,False,False,0.0,0.0,50.0,0.0,0.0,0.0,0.0,0.0,50.0,0.0,0.0,-1,0.0,G1_REGIME,regime='high_high_up' skipped=True reg_empty=False,-1,0.0,0.0,
ETH/USDT,336,2026-03-23 21:00:00,short,0.6489,77.72,60.0,2157.7,36.674286,high_high_up,,,True,False,False,0.0,0.0,50.0,0.0,0.0,0.0,0.0,0.0,50.0,0.0,0.0,-1,0.0,G1_REGIME,regime='high_high_up' skipped=True reg_empty=False,-1,0.0,0.0,
ETH/USDT,337,2026-03-23 22:00:00,short,0.64243,77.96,60.0,2152.81,36.725,high_high_up,,,True,False,False,0.0,0.0,50.0,0.0,0.0,0.0,0.0,0.0,50.0,0.0,0.0,-1,0.0,G1_REGIME,regime='high_high_up' skipped=True reg_empty=False,-1,0.0,0.0,
ETH/USDT,338,2026-03-23 23:00:00,short,0.6367,77.55,60.0,2152.03,36.265714,high_high_up,,,True,False,False,0.0,0.0,50.0,0.0,0.0,0.0,0.0,0.0,50.0,0.0,0.0,-1,0.0,G1_REGIME,regime='high_high_up' skipped=True reg_empty=False,-1,0.0,0.0,
ETH/USDT,339,2026-03-24 00:00:00,short,0.589,78.83,60.0,2143.22,37.156429,high_high_up,,,True,False,False,0.0,0.0,50.0,0.0,0.0,0.0,0.0,0.0,50.0,0.0,0.0,-1,0.0,G1_REGIME,regime='high_high_up' skipped=True reg_empty=False,-1,0.0,0.0,
ETH/USDT,340,2026-03-24 01:00:00,short,0.58761,78.98,60.0,2137.56,28.298571,high_high_up,,,True,False,False,0.0,0.0,50.0,0.0,0.0,0.0,0.0,0.0,50.0,0.0,0.0,-1,0.0,G1_REGIME,regime='high_high_up' skipped=True reg_empty=False,-1,0.0,0.0,
ETH/USDT,341,2026-03-24 02:00:00,short,0.60203,80.37,60.0,2135.86,26.36,high_high_up,,,True,False,False,0.0,0.0,50.0,0.0,0.0,0.0,0.0,0.0,50.0,0.0,0.0,-1,0.0,G1_REGIME,regime='high_high_up' skipped=True reg_empty=False,-1,0.0,0.0,
ETH/USDT,342,2026-03-24 03:00:00,short,0.62647,79.02,60.0,2141.59,23.767857,high_high_up,,,True,False,False,0.0,0.0,50.0,0.0,0.0,0.0,0.0,0.0,50.0,0.0,0.0,-1,0.0,G1_REGIME,regime='high_high_up' skipped=True reg_empty=False,-1,0.0,0.0,
ETH/USDT,343,2026-03-24 04:00:00,short,0.61485,80.65,60.0,2136.33,23.556429,high_high_up,,,True,False,False,0.0,0.0,50.0,0.0,0.0,0.0,0.0,0.0,50.0,0.0,0.0,-1,0.0,G1_REGIME,regime='high_high_up' skipped=True reg_empty=False,-1,0.0,0.0,
ETH/USDT,344,2026-03-24 05:00:00,short,0.5867,78.27,60.0,2133.64,19.721429,high_med_up,,,True,False,False,0.0,0.0,50.0,0.0,0.0,0.0,0.0,0.0,50.0,0.0,0.0,-1,0.0,G1_REGIME,regime='high_med_up' skipped=True reg_empty=False,-1,0.0,0.0,
ETH/USDT,345,2026-03-24 06:00:00,short,0.59842,75.17,60.0,2145.3,18.964286,high_med_up,,,True,False,False,0.0,0.0,50.0,0.0,0.0,0.0,0.0,0.0,50.0,0.0,0.0,-1,0.0,G1_REGIME,regime='high_med_up' skipped=True reg_empty=False,-1,0.0,0.0,
ETH/USDT,346,2026-03-24 07:00:00,short,0.58446,76.63,60.0,2165.61,18.432143,high_med_up,,,True,False,False,0.0,0.0,50.0,0.0,0.0,0.0,0.0,0.0,50.0,0.0,0.0,-1,0.0,G1_REGIME,regime='high_med_up' skipped=True reg_empty=False,-1,0.0,0.0,
ETH/USDT,347,2026-03-24 08:00:00,short,0.52293,74.76,60.0,2155.06,17.657143,high_med_up,,,True,False,False,0.0,0.0,50.0,0.0,0.0,0.0,0.0,0.0,50.0,0.0,0.0,-1,0.0,G1_REGIME,regime='high_med_up' skipped=True reg_empty=False,-1,0.0,0.0,
ETH/USDT,348,2026-03-24 09:00:00,short,0.53923,71.74,60.0,2164.97,17.105714,high_med_up,,,True,False,False,0.0,0.0,50.0,0.0,0.0,0.0,0.0,0.0,50.0,0.0,0.0,-1,0.0,G1_REGIME,regime='high_med_up' skipped=True reg_empty=False,-1,0.0,0.0,
ETH/USDT,349,2026-03-24 10:00:00,short,0.56262,52.78,60.0,2161.25,16.649286,high_med_up,,,True,False,False,0.0,0.0,50.0,0.0,0.0,0.0,0.0,0.0,50.0,0.0,0.0,-1,0.0,G1_REGIME,regime='high_med_up' skipped=True reg_empty=False,-1,0.0,0.0,
ETH/USDT,350,2026-03-24 11:00:00,short,0.60306,56.14,60.0,2165.9,17.635,high_med_up,,,True,False,False,0.0,0.0,50.0,0.0,0.0,0.0,0.0,0.0,50.0,0.0,0.0,-1,0.0,G1_REGIME,regime='high_med_up' skipped=True reg_empty=False,-1,0.0,0.0,
ETH/USDT,351,2026-03-24 12:00:00,short,0.60099,62.6,60.0,2162.44,17.346429,med_med_up,False,True,False,True,False,0.0,0.49152358697763787,69.53491100376169,0.0,0.001797,0.006,0.0,0.0,50.0,0.0,0.0,-1,0.0,G4_EV,ev=0.00180 <= floor=0.00600  meta_conf=0.6010,-1,0.0,0.0,
ETH/USDT,352,2026-03-24 13:00:00,long,0.51024,87.24,60.0,2138.38,18.815714,med_med_down,False,True,False,False,False,0.0,0.0,50.0,0.0,0.0,0.0,0.0,0.0,50.0,0.0,0.0,-1,0.0,G2_EDGE,reg.buy_ok=False  regime='med_med_down',-1,0.0,0.0,
ETH/USDT,353,2026-03-24 14:00:00,long,0.50229,85.61,60.0,2133.98,18.972143,med_med_down,False,True,False,False,False,0.0,0.0,50.0,0.0,0.0,0.0,0.0,0.0,50.0,0.0,0.0,-1,0.0,G2_EDGE,reg.buy_ok=False  regime='med_med_down',-1,0.0,0.0,
ETH/USDT,354,2026-03-24 15:00:00,short,0.50621,52.0,60.0,2135.15,18.309286,med_med_flat,False,True,False,False,False,0.0,0.0,50.0,0.0,0.0,0.0,0.0,0.0,50.0,0.0,0.0,-1,0.0,G2_EDGE,edge=52.0 < thr=60.0,-1,0.0,0.0,
ETH/USDT,355,2026-03-24 16:00:00,short,0.52946,55.88,60.0,2127.2,18.765714,med_med_flat,False,True,False,False,False,0.0,0.0,50.0,0.0,0.0,0.0,0.0,0.0,50.0,0.0,0.0,-1,0.0,G2_EDGE,edge=55.9 < thr=60.0,-1,0.0,0.0,
ETH/USDT,356,2026-03-24 17:00:00,long,0.50957,81.82,60.0,2109.17,19.7,med_med_down,False,True,False,False,False,0.0,0.0,50.0,0.0,0.0,0.0,0.0,0.0,50.0,0.0,0.0,-1,0.0,G2_EDGE,reg.buy_ok=False  regime='med_med_down',-1,0.0,0.0,
ETH/USDT,357,2026-03-24 18:00:00,short,0.52109,52.65,60.0,2118.92,19.887857,med_med_down,False,True,False,False,False,0.0,0.0,50.0,0.0,0.0,0.0,0.0,0.0,50.0,0.0,0.0,-1,0.0,G2_EDGE,edge=52.6 < thr=60.0,-1,0.0,0.0,
ETH/USDT,358,2026-03-24 19:00:00,short,0.54588,51.43,60.0,2116.87,20.160714,med_med_down,False,True,False,False,False,0.0,0.0,50.0,0.0,0.0,0.0,0.0,0.0,50.0,0.0,0.0,-1,0.0,G2_EDGE,edge=51.4 < thr=60.0,-1,0.0,0.0,
ETH/USDT,359,2026-03-24 20:00:00,long,0.51952,55.39,60.0,2148.48,21.912143,med_med_flat,False,True,False,False,False,0.0,0.0,50.0,0.0,0.0,0.0,0.0,0.0,50.0,0.0,0.0,-1,0.0,G2_EDGE,reg.buy_ok=False  regime='med_med_flat',-1,0.0,0.0,
ETH/USDT,360,2026-03-24 21:00:00,short,0.50778,63.79,60.0,2148.88,20.827857,med_med_flat,False,True,False,True,False,0.0,0.10778616145692092,49.12261803590122,0.0,0.000565,0.006,0.0,0.0,50.0,0.0,0.0,-1,0.0,G4_EV,ev=0.00057 <= floor=0.00600  meta_conf=0.5078,-1,0.0,0.0,
ETH/USDT,361,2026-03-24 22:00:00,long,0.50294,46.3,60.0,2145.61,20.824286,med_med_flat,False,True,False,False,False,0.0,0.0,50.0,0.0,0.0,0.0,0.0,0.0,50.0,0.0,0.0,-1,0.0,G2_EDGE,reg.buy_ok=False  regime='med_med_flat',-1,0.0,0.0,
ETH/USDT,362,2026-03-24 23:00:00,short,0.51575,65.26,60.0,2156.23,20.835714,med_med_flat,False,True,False,True,False,0.0,0.15771393170723086,50.100797426957485,0.0,0.000759,0.006,0.0,0.0,50.0,0.0,0.0,-1,0.0,G4_EV,ev=0.00076 <= floor=0.00600  meta_conf=0.5158,-1,0.0,0.0,
ETH/USDT,363,2026-03-25 00:00:00,short,0.54276,65.14,60.0,2161.77,21.733571,med_med_up,False,True,False,True,False,0.0,0.5047974380030534,50.80603906512394,0.0,0.001685,0.006,0.0,0.0,50.0,0.0,0.0,-1,0.0,G4_EV,ev=0.00168 <= floor=0.00600  meta_conf=0.5428,-1,0.0,0.0,
ETH/USDT,364,2026-03-25 01:00:00,short,0.54381,64.52,60.0,2156.94,20.833571,med_med_up,False,True,False,True,False,0.0,0.242659659609419,53.76220192961055,0.0,0.001489,0.006,0.0,0.0,50.0,0.0,0.0,-1,0.0,G4_EV,ev=0.00149 <= floor=0.00600  meta_conf=0.5438,-1,0.0,0.0,
ETH/USDT,365,2026-03-25 02:00:00,short,0.50834,61.55,60.0,2155.5,20.568571,med_med_up,False,True,False,True,False,0.0,0.24489155204183533,55.273547046383854,0.0,0.000509,0.006,0.0,0.0,50.0,0.0,0.0,-1,0.0,G4_EV,ev=0.00051 <= floor=0.00600  meta_conf=0.5083,-1,0.0,0.0,
ETH/USDT,366,2026-03-25 03:00:00,short,0.51264,60.66,60.0,2158.54,19.03,med_med_up,False,True,False,True,False,0.0,0.37695110456496134,55.30231466220318,0.0,0.000268,0.006,0.0,0.0,50.0,0.0,0.0,-1,0.0,G4_EV,ev=0.00027 <= floor=0.00600  meta_conf=0.5126,-1,0.0,0.0,
ETH/USDT,367,2026-03-25 04:00:00,short,0.51113,58.27,60.0,2166.32,17.787857,med_med_up,False,True,False,False,False,0.0,0.0,50.0,0.0,0.0,0.0,0.0,0.0,50.0,0.0,0.0,-1,0.0,G2_EDGE,edge=58.3 < thr=60.0,-1,0.0,0.0,
ETH/USDT,368,2026-03-25 05:00:00,long,0.50476,55.19,60.0,2169.03,17.718571,med_med_up,False,True,False,False,False,0.0,0.0,50.0,0.0,0.0,0.0,0.0,0.0,50.0,0.0,0.0,-1,0.0,G2_EDGE,reg.buy_ok=False  regime='med_med_up',-1,0.0,0.0,
ETH/USDT,369,2026-03-25 06:00:00,short,0.50646,62.14,60.0,2163.81,17.010714,med_med_up,False,True,False,True,False,0.0,0.3549988350673543,48.902890743756124,0.0,-0.000325,0.006,0.0,0.0,50.0,0.0,0.0,-1,0.0,G4_EV,ev=-0.00033 <= floor=0.00600  meta_conf=0.5065,-1,0.0,0.0,
ETH/USDT,370,2026-03-25 07:00:00,short,0.50286,61.8,60.0,2164.57,16.439286,med_med_flat,False,True,False,True,False,0.0,0.36747159783271427,49.483570655171064,0.0,-0.000524,0.006,0.0,0.0,50.0,0.0,0.0,-1,0.0,G4_EV,ev=-0.00052 <= floor=0.00600  meta_conf=0.5029,-1,0.0,0.0,
ETH/USDT,371,2026-03-25 08:00:00,long,0.51148,68.07,60.0,2176.64,16.762857,med_med_up,False,True,False,False,False,0.0,0.0,50.0,0.0,0.0,0.0,0.0,0.0,50.0,0.0,0.0,-1,0.0,G2_EDGE,reg.buy_ok=False  regime='med_med_up',-1,0.0,0.0,
ETH/USDT,372,2026-03-25 09:00:00,short,0.5433,80.14,60.0,2186.64,16.782143,med_med_up,False,True,False,True,False,0.0,0.5956966326254697,47.75523432968217,0.0,0.000351,0.006,0.0,0.0,50.0,0.0,0.0,-1,0.0,G4_EV,ev=0.00035 <= floor=0.00600  meta_conf=0.5433,-1,0.0,0.0,
ETH/USDT,373,2026-03-25 10:00:00,short,0.5504,80.61,60.0,2185.27,14.562857,med_low_up,False,True,False,True,False,0.0,0.4948694710139612,61.62306178194561,0.0,-9.4e-05,0.006,0.0,0.0,50.0,0.0,0.0,-1,0.0,G4_EV,ev=-0.00009 <= floor=0.00600  meta_conf=0.5504,-1,0.0,0.0,
ETH/USDT,374,2026-03-25 11:00:00,short,0.51704,90.04,60.0,2186.41,15.148571,med_low_up,False,True,False,True,False,0.0,0.5617897385699165,56.03776497870887,0.0,-0.000563,0.006,0.0,0.0,50.0,0.0,0.0,-1,0.0,G4_EV,ev=-0.00056 <= floor=0.00600  meta_conf=0.5170,-1,0.0,0.0,
ETH/USDT,375,2026-03-25 12:00:00,short,0.51795,100.0,60.0,2183.31,16.214286,med_med_up,False,True,False,True,False,0.0,0.4249008264290144,56.893427523454555,0.0,-0.000298,0.006,0.0,0.0,50.0,0.0,0.0,-1,0.0,G4_EV,ev=-0.00030 <= floor=0.00600  meta_conf=0.5180,-1,0.0,0.0,
ETH/USDT,376,2026-03-25 13:00:00,short,0.52618,88.18,60.0,2184.37,16.053571,med_med_up,False,True,False,True,False,0.0,0.49249013760525057,58.50232190836391,0.0,-0.000173,0.006,0.0,0.0,50.0,0.0,0.0,-1,0.0,G4_EV,ev=-0.00017 <= floor=0.00600  meta_conf=0.5262,-1,0.0,0.0,
ETH/USDT,377,2026-03-25 14:00:00,short,0.53219,87.4,60.0,2174.14,15.521429,med_med_up,False,True,False,True,False,0.0,0.32274489242263693,58.0062636274407,0.0,-0.000167,0.006,0.0,0.0,50.0,0.0,0.0,-1,0.0,G4_EV,ev=-0.00017 <= floor=0.00600  meta_conf=0.5322,-1,0.0,0.0,
ETH/USDT,378,2026-03-25 15:00:00,long,0.50653,85.04,60.0,2162.56,16.864286,med_med_up,False,True,False,False,False,0.0,0.0,50.0,0.0,0.0,0.0,0.0,0.0,50.0,0.0,0.0,-1,0.0,G2_EDGE,reg.buy_ok=False  regime='med_med_up',-1,0.0,0.0,
ETH/USDT,379,2026-03-25 16:00:00,short,0.50585,92.64,60.0,2173.83,18.507143,med_med_up,False,True,False,True,False,0.0,0.3300131549814812,57.043703337681656,0.0,-3.4e-05,0.006,0.0,0.0,50.0,0.0,0.0,-1,0.0,G4_EV,ev=-0.00003 <= floor=0.00600  meta_conf=0.5059,-1,0.0,0.0,
ETH/USDT,380,2026-03-25 17:00:00,long,0.51186,76.0,60.0,2164.1,18.653571,med_med_up,False,True,False,False,False,0.0,0.0,50.0,0.0,0.0,0.0,0.0,0.0,50.0,0.0,0.0,-1,0.0,G2_EDGE,reg.buy_ok=False  regime='med_med_up',-1,0.0,0.0,
ETH/USDT,381,2026-03-25 18:00:00,short,0.50293,76.1,60.0,2162.38,18.980714,med_med_up,False,True,False,False,False,0.0,-0.1846217552398367,57.66666350710616,0.0,1.9e-05,0.006,0.0,0.0,50.0,0.0,0.0,-1,0.0,G4_EV,ev=0.00002 <= floor=0.00600  meta_conf=0.5029,-1,0.0,0.0,
ETH/USDT,382,2026-03-25 19:00:00,short,0.52346,84.16,60.0,2172.69,19.097143,med_med_up,False,True,False,True,False,0.0,0.12957200722724976,57.88809360335548,0.0,0.000512,0.006,0.0,0.0,50.0,0.0,0.0,-1,0.0,G4_EV,ev=0.00051 <= floor=0.00600  meta_conf=0.5235,-1,0.0,0.0,
ETH/USDT,383,2026-03-25 20:00:00,short,0.50626,73.01,60.0,2166.49,19.372143,med_med_up,False,True,False,False,False,0.0,-0.05127967437579858,58.26441207845922,0.0,0.000175,0.006,0.0,0.0,50.0,0.0,0.0,-1,0.0,G4_EV,ev=0.00017 <= floor=0.00600  meta_conf=0.5063,-1,0.0,0.0,
ETH/USDT,384,2026-03-25 21:00:00,short,0.50144,63.88,60.0,2164.04,18.662143,low_med_up,False,False,False,False,False,0.0,0.0,50.0,0.0,0.0,0.0,0.0,0.0,50.0,0.0,0.0,-1,0.0,G2_EDGE,reg.sell_ok=False  regime='low_med_up',-1,0.0,0.0,
ETH/USDT,385,2026-03-25 22:00:00,short,0.59436,86.62,60.0,2174.53,18.252857,low_med_up,False,False,False,False,False,0.0,0.0,50.0,0.0,0.0,0.0,0.0,0.0,50.0,0.0,0.0,-1,0.0,G2_EDGE,reg.sell_ok=False  regime='low_med_up',-1,0.0,0.0,
ETH/USDT,386,2026-03-25 23:00:00,short,0.51708,56.36,60.0,2169.02,18.157143,low_med_flat,False,True,False,False,False,0.0,0.0,50.0,0.0,0.0,0.0,0.0,0.0,50.0,0.0,0.0,-1,0.0,G2_EDGE,edge=56.4 < thr=60.0,-1,0.0,0.0,
ETH/USDT,387,2026-03-26 00:00:00,short,0.52011,57.06,60.0,2166.69,18.29,low_med_flat,False,True,False,False,False,0.0,0.0,50.0,0.0,0.0,0.0,0.0,0.0,50.0,0.0,0.0,-1,0.0,G2_EDGE,edge=57.1 < thr=60.0,-1,0.0,0.0,
ETH/USDT,388,2026-03-26 01:00:00,short,0.52504,47.57,60.0,2164.84,17.556429,low_med_flat,False,True,False,False,False,0.0,0.0,50.0,0.0,0.0,0.0,0.0,0.0,50.0,0.0,0.0,-1,0.0,G2_EDGE,edge=47.6 < thr=60.0,-1,0.0,0.0,
ETH/USDT,389,2026-03-26 02:00:00,long,0.50018,61.47,60.0,2149.97,16.961429,low_med_flat,False,True,False,False,False,0.0,0.0,50.0,0.0,0.0,0.0,0.0,0.0,50.0,0.0,0.0,-1,0.0,G2_EDGE,reg.buy_ok=False  regime='low_med_flat',-1,0.0,0.0,
ETH/USDT,390,2026-03-26 03:00:00,long,0.50684,61.07,60.0,2153.21,16.422857,low_med_flat,False,True,False,False,False,0.0,0.0,50.0,0.0,0.0,0.0,0.0,0.0,50.0,0.0,0.0,-1,0.0,G2_EDGE,reg.buy_ok=False  regime='low_med_flat',-1,0.0,0.0,
ETH/USDT,391,2026-03-26 04:00:00,short,0.51686,48.77,60.0,2149.71,15.840714,low_med_flat,False,True,False,False,False,0.0,0.0,50.0,0.0,0.0,0.0,0.0,0.0,50.0,0.0,0.0,-1,0.0,G2_EDGE,edge=48.8 < thr=60.0,-1,0.0,0.0,
ETH/USDT,392,2026-03-26 05:00:00,long,0.51363,79.22,60.0,2119.55,16.415,low_med_down,False,True,False,False,False,0.0,0.0,50.0,0.0,0.0,0.0,0.0,0.0,50.0,0.0,0.0,-1,0.0,G2_EDGE,reg.buy_ok=False  regime='low_med_down',-1,0.0,0.0,
ETH/USDT,393,2026-03-26 06:00:00,short,0.52421,43.19,60.0,2121.86,15.123571,low_med_down,False,True,False,False,False,0.0,0.0,50.0,0.0,0.0,0.0,0.0,0.0,50.0,0.0,0.0,-1,0.0,G2_EDGE,edge=43.2 < thr=60.0,-1,0.0,0.0,
ETH/USDT,394,2026-03-26 07:00:00,short,0.51045,45.43,60.0,2123.64,14.861429,med_med_down,False,True,False,False,False,0.0,0.0,50.0,0.0,0.0,0.0,0.0,0.0,50.0,0.0,0.0,-1,0.0,G2_EDGE,edge=45.4 < thr=60.0,-1,0.0,0.0,
ETH/USDT,395,2026-03-26 08:00:00,short,0.50584,64.24,60.0,2119.64,14.659286,low_low_down,True,True,False,False,True,0.0,-0.6932106397270061,45.923781498901086,0.0,-0.000779,0.006,0.0,0.0,50.0,0.0,0.0,-1,0.0,G4_EV,ev=-0.00078 <= floor=0.00600  meta_conf=0.5058,-1,0.0,0.0,
ETH/USDT,396,2026-03-26 09:00:00,long,0.5124,100.0,60.0,2082.64,16.802857,med_med_down,False,True,False,False,False,0.0,0.0,50.0,0.0,0.0,0.0,0.0,0.0,50.0,0.0,0.0,-1,0.0,G2_EDGE,reg.buy_ok=False  regime='med_med_down',-1,0.0,0.0,
ETH/USDT,397,2026-03-26 10:00:00,long,0.51139,82.94,60.0,2078.65,16.627857,med_med_down,False,True,False,False,False,0.0,0.0,50.0,0.0,0.0,0.0,0.0,0.0,50.0,0.0,0.0,-1,0.0,G2_EDGE,reg.buy_ok=False  regime='med_med_down',-1,0.0,0.0,
ETH/USDT,398,2026-03-26 11:00:00,long,0.52068,85.61,60.0,2068.44,17.394286,med_med_down,False,True,False,False,False,0.0,0.0,50.0,0.0,0.0,0.0,0.0,0.0,50.0,0.0,0.0,-1,0.0,G2_EDGE,reg.buy_ok=False  regime='med_med_down',-1,0.0,0.0,
ETH/USDT,399,2026-03-26 12:00:00,long,0.5038,84.95,60.0,2073.6,16.530714,med_med_down,False,True,False,False,False,0.0,0.0,50.0,0.0,0.0,0.0,0.0,0.0,50.0,0.0,0.0,-1,0.0,G2_EDGE,reg.buy_ok=False  regime='med_med_down',-1,0.0,0.0,
ETH/USDT,400,2026-03-26 13:00:00,long,0.51344,90.25,60.0,2081.22,17.382857,med_med_down,False,True,False,False,False,0.0,0.0,50.0,0.0,0.0,0.0,0.0,0.0,50.0,0.0,0.0,-1,0.0,G2_EDGE,reg.buy_ok=False  regime='med_med_down',-1,0.0,0.0,
ETH/USDT,401,2026-03-26 14:00:00,short,0.5072,67.07,60.0,2076.27,18.020714,med_med_down,False,True,False,False,True,0.0,-0.6331766685433601,29.33385089726032,0.0,7.4e-05,0.006,0.0,0.0,50.0,0.0,0.0,-1,0.0,G4_EV,ev=0.00007 <= floor=0.00600  meta_conf=0.5072,-1,0.0,0.0,
ETH/USDT,402,2026-03-26 15:00:00,long,0.5014,87.87,60.0,2070.4,19.123571,med_med_down,False,True,False,False,False,0.0,0.0,50.0,0.0,0.0,0.0,0.0,0.0,50.0,0.0,0.0,-1,0.0,G2_EDGE,reg.buy_ok=False  regime='med_med_down',-1,0.0,0.0,
ETH/USDT,403,2026-03-26 16:00:00,short,0.53381,64.94,60.0,2060.9,18.357143,med_med_down,False,True,False,False,True,0.0,-0.6546416333598823,30.821484602697428,0.0,0.000821,0.006,0.0,0.0,50.0,0.0,0.0,-1,0.0,G4_EV,ev=0.00082 <= floor=0.00600  meta_conf=0.5338,-1,0.0,0.0,
ETH/USDT,404,2026-03-26 17:00:00,short,0.50513,73.58,60.0,2049.41,19.387857,med_med_down,False,True,False,False,True,0.0,-0.7268650861436599,29.21360169153662,-1.0,0.000388,0.006,0.0,0.0,50.0,0.0,0.0,-1,0.0,G4_EV,ev=0.00039 <= floor=0.00600  meta_conf=0.5051,-1,0.0,0.0,
ETH/USDT,405,2026-03-26 18:00:00,short,0.5495,69.83,60.0,2047.17,20.431429,med_med_down,False,True,False,False,True,0.0,-0.6821326124674129,27.608342127188855,0.0,0.001825,0.006,0.0,0.0,50.0,0.0,0.0,-1,0.0,G4_EV,ev=0.00183 <= floor=0.00600  meta_conf=0.5495,-1,0.0,0.0,
ETH/USDT,406,2026-03-26 19:00:00,short,0.55897,62.71,60.0,2049.12,18.798571,med_med_down,False,True,False,False,True,0.0,-0.5418074156688412,36.738119524059925,0.0,0.001589,0.006,0.0,0.0,50.0,0.0,0.0,-1,0.0,G4_EV,ev=0.00159 <= floor=0.00600  meta_conf=0.5590,-1,0.0,0.0,
ETH/USDT,407,2026-03-26 20:00:00,short,0.53647,68.07,60.0,2064.89,20.301429,med_med_down,False,True,False,False,True,0.0,-0.3907887868127828,37.535418864487994,0.0,0.001393,0.006,0.0,0.0,50.0,0.0,0.0,-1,0.0,G4_EV,ev=0.00139 <= floor=0.00600  meta_conf=0.5365,-1,0.0,0.0,
ETH/USDT,408,2026-03-26 21:00:00,short,0.58399,70.6,60.0,2068.37,20.704286,med_med_down,False,True,False,False,False,0.0,-0.3954068456067854,38.41541924387311,0.0,0.002774,0.006,0.0,0.0,50.0,0.0,0.0,-1,0.0,G4_EV,ev=0.00277 <= floor=0.00600  meta_conf=0.5840,-1,0.0,0.0,
ETH/USDT,409,2026-03-26 22:00:00,short,0.58656,71.02,60.0,2065.88,21.087143,med_med_down,False,True,False,False,False,0.0,-0.45332469088778204,41.47835276694875,0.0,0.002979,0.006,0.0,0.0,50.0,0.0,0.0,-1,0.0,G4_EV,ev=0.00298 <= floor=0.00600  meta_conf=0.5866,-1,0.0,0.0,
ETH/USDT,410,2026-03-26 23:00:00,short,0.59199,70.2,60.0,2060.43,18.682857,med_med_down,False,True,False,False,True,0.0,-0.5014555876403836,56.44986777152312,0.0,0.002333,0.006,0.0,0.0,50.0,0.0,0.0,-1,0.0,G4_EV,ev=0.00233 <= floor=0.00600  meta_conf=0.5920,-1,0.0,0.0,
ETH/USDT,411,2026-03-27 00:00:00,short,0.58504,68.09,60.0,2065.03,18.661429,med_med_down,False,True,False,False,True,0.0,-0.30629141946421434,56.741919494765824,0.0,0.002141,0.006,0.0,0.0,50.0,0.0,0.0,-1,0.0,G4_EV,ev=0.00214 <= floor=0.00600  meta_conf=0.5850,-1,0.0,0.0,
ETH/USDT,412,2026-03-27 01:00:00,short,0.5412,75.8,60.0,2074.2,18.146429,med_med_down,False,True,False,False,False,0.0,-0.131304793836357,56.849370924316695,0.0,0.00091,0.006,0.0,0.0,50.0,0.0,0.0,-1,0.0,G4_EV,ev=0.00091 <= floor=0.00600  meta_conf=0.5412,-1,0.0,0.0,
ETH/USDT,413,2026-03-27 02:00:00,short,0.53263,76.59,60.0,2068.28,18.160714,med_med_down,False,True,False,False,False,0.0,-0.3462938390368061,57.08119294169106,0.0,0.000725,0.006,0.0,0.0,50.0,0.0,0.0,-1,0.0,G4_EV,ev=0.00072 <= floor=0.00600  meta_conf=0.5326,-1,0.0,0.0,
ETH/USDT,414,2026-03-27 03:00:00,short,0.55681,69.12,60.0,2061.48,17.127857,med_med_down,False,True,False,False,True,0.0,-0.3824694117055786,62.50435655372715,0.0,0.001013,0.006,0.0,0.0,50.0,0.0,0.0,-1,0.0,G4_EV,ev=0.00101 <= floor=0.00600  meta_conf=0.5568,-1,0.0,0.0,
ETH/USDT,415,2026-03-27 04:00:00,short,0.53022,72.24,60.0,2053.12,17.122857,med_med_down,False,True,False,False,True,0.0,-0.44630881951402757,66.60782648422018,0.0,0.000433,0.006,0.0,0.0,50.0,0.0,0.0,-1,0.0,G4_EV,ev=0.00043 <= floor=0.00600  meta_conf=0.5302,-1,0.0,0.0,
ETH/USDT,416,2026-03-27 05:00:00,short,0.55124,67.0,60.0,2061.2,16.36,med_med_down,False,True,False,False,True,0.0,-0.25813098294975767,66.2122298971341,0.0,0.00067,0.006,0.0,0.0,50.0,0.0,0.0,-1,0.0,G4_EV,ev=0.00067 <= floor=0.00600  meta_conf=0.5512,-1,0.0,0.0,
ETH/USDT,417,2026-03-27 06:00:00,short,0.51276,66.51,60.0,2062.71,16.257143,med_med_down,False,True,False,False,True,0.0,-0.10884260961849111,65.90883545888035,0.0,-0.000182,0.006,0.0,0.0,50.0,0.0,0.0,-1,0.0,G4_EV,ev=-0.00018 <= floor=0.00600  meta_conf=0.5128,-1,0.0,0.0,
ETH/USDT,418,2026-03-27 07:00:00,long,0.51624,98.73,60.0,2066.23,15.330714,med_med_down,False,True,False,False,False,0.0,0.0,50.0,0.0,0.0,0.0,0.0,0.0,50.0,0.0,0.0,-1,0.0,G2_EDGE,reg.buy_ok=False  regime='med_med_down',-1,0.0,0.0,
ETH/USDT,419,2026-03-27 08:00:00,long,0.51382,83.01,60.0,2047.93,16.329286,med_med_down,False,True,False,False,False,0.0,0.0,50.0,0.0,0.0,0.0,0.0,0.0,50.0,0.0,0.0,-1,0.0,G2_EDGE,reg.buy_ok=False  regime='med_med_down',-1,0.0,0.0,
ETH/USDT,420,2026-03-27 09:00:00,long,0.50244,61.01,60.0,2041.08,16.385714,med_med_down,False,True,False,False,False,0.0,0.0,50.0,0.0,0.0,0.0,0.0,0.0,50.0,0.0,0.0,-1,0.0,G2_EDGE,reg.buy_ok=False  regime='med_med_down',-1,0.0,0.0,
ETH/USDT,421,2026-03-27 10:00:00,short,0.50343,66.1,60.0,1991.67,18.124286,med_med_down,False,True,False,False,True,0.0,-0.735267676878608,37.83885964030778,-1.0,0.000179,0.006,0.0,0.0,50.0,0.0,0.0,-1,0.0,G4_EV,ev=0.00018 <= floor=0.00600  meta_conf=0.5034,-1,0.0,0.0,
ETH/USDT,422,2026-03-27 11:00:00,long,0.5091,69.07,60.0,1991.8,17.972143,med_med_down,False,True,False,False,False,0.0,0.0,50.0,0.0,0.0,0.0,0.0,0.0,50.0,0.0,0.0,-1,0.0,G2_EDGE,reg.buy_ok=False  regime='med_med_down',-1,0.0,0.0,
ETH/USDT,423,2026-03-27 12:00:00,short,0.51421,48.1,60.0,1989.44,17.588571,med_med_down,False,True,False,False,False,0.0,0.0,50.0,0.0,0.0,0.0,0.0,0.0,50.0,0.0,0.0,-1,0.0,G2_EDGE,edge=48.1 < thr=60.0,-1,0.0,0.0,
ETH/USDT,424,2026-03-27 13:00:00,long,0.51213,86.46,60.0,1979.22,18.529286,med_med_down,False,True,False,False,False,0.0,0.0,50.0,0.0,0.0,0.0,0.0,0.0,50.0,0.0,0.0,-1,0.0,G2_EDGE,reg.buy_ok=False  regime='med_med_down',-1,0.0,0.0,
ETH/USDT,425,2026-03-27 14:00:00,long,0.50947,87.24,60.0,1989.39,19.082857,med_med_down,False,True,False,False,False,0.0,0.0,50.0,0.0,0.0,0.0,0.0,0.0,50.0,0.0,0.0,-1,0.0,G2_EDGE,reg.buy_ok=False  regime='med_med_down',-1,0.0,0.0,
ETH/USDT,426,2026-03-27 15:00:00,long,0.51237,90.46,60.0,1991.32,20.209286,med_med_down,False,True,False,False,False,0.0,0.0,50.0,0.0,0.0,0.0,0.0,0.0,50.0,0.0,0.0,-1,0.0,G2_EDGE,reg.buy_ok=False  regime='med_med_down',-1,0.0,0.0,
ETH/USDT,427,2026-03-27 16:00:00,short,0.51849,65.54,60.0,1986.5,20.372143,med_med_down,False,True,False,False,True,0.0,-0.6360614969631055,33.6929986353558,0.0,0.001127,0.006,0.0,0.0,50.0,0.0,0.0,-1,0.0,G4_EV,ev=0.00113 <= floor=0.00600  meta_conf=0.5185,-1,0.0,0.0,
ETH/USDT,428,2026-03-27 17:00:00,short,0.53783,65.65,60.0,1977.27,21.288571,med_high_down,,,True,False,False,0.0,0.0,50.0,0.0,0.0,0.0,0.0,0.0,50.0,0.0,0.0,-1,0.0,G1_REGIME,regime='med_high_down' skipped=True reg_empty=False,-1,0.0,0.0,
ETH/USDT,429,2026-03-27 18:00:00,short,0.54358,63.34,60.0,1984.43,20.809286,med_high_down,,,True,False,False,0.0,0.0,50.0,0.0,0.0,0.0,0.0,0.0,50.0,0.0,0.0,-1,0.0,G1_REGIME,regime='med_high_down' skipped=True reg_empty=False,-1,0.0,0.0,
ETH/USDT,430,2026-03-27 19:00:00,long,0.5057,89.24,60.0,1991.71,21.149286,med_high_down,,,True,False,False,0.0,0.0,50.0,0.0,0.0,0.0,0.0,0.0,50.0,0.0,0.0,-1,0.0,G1_REGIME,regime='med_high_down' skipped=True reg_empty=False,-1,0.0,0.0,
ETH/USDT,431,2026-03-27 20:00:00,short,0.51979,62.14,60.0,1986.04,21.630714,med_high_down,,,True,False,False,0.0,0.0,50.0,0.0,0.0,0.0,0.0,0.0,50.0,0.0,0.0,-1,0.0,G1_REGIME,regime='med_high_down' skipped=True reg_empty=False,-1,0.0,0.0,
ETH/USDT,432,2026-03-27 21:00:00,short,0.53442,60.36,60.0,1985.73,21.227143,med_high_down,,,True,False,False,0.0,0.0,50.0,0.0,0.0,0.0,0.0,0.0,50.0,0.0,0.0,-1,0.0,G1_REGIME,regime='med_high_down' skipped=True reg_empty=False,-1,0.0,0.0,
ETH/USDT,433,2026-03-27 22:00:00,short,0.55236,59.86,60.0,1985.52,19.085,med_med_down,False,True,False,False,False,0.0,0.0,50.0,0.0,0.0,0.0,0.0,0.0,50.0,0.0,0.0,-1,0.0,G2_EDGE,edge=59.9 < thr=60.0,-1,0.0,0.0,
ETH/USDT,434,2026-03-27 23:00:00,short,0.55166,58.74,60.0,1992.75,18.95,med_med_down,False,True,False,False,False,0.0,0.0,50.0,0.0,0.0,0.0,0.0,0.0,50.0,0.0,0.0,-1,0.0,G2_EDGE,edge=58.7 < thr=60.0,-1,0.0,0.0,
ETH/USDT,435,2026-03-28 00:00:00,short,0.54228,65.3,60.0,1992.59,15.182857,med_med_down,False,True,False,False,True,0.0,-0.1417905547188713,73.24386004200234,0.0,0.000299,0.006,0.0,0.0,50.0,0.0,0.0,-1,0.0,G4_EV,ev=0.00030 <= floor=0.00600  meta_conf=0.5423,-1,0.0,0.0,
ETH/USDT,436,2026-03-28 01:00:00,short,0.52922,67.29,60.0,1990.43,14.636429,med_med_down,False,True,False,False,True,0.0,-0.2540909318861436,72.77814444277223,0.0,-0.000111,0.006,0.0,0.0,50.0,0.0,0.0,-1,0.0,G4_EV,ev=-0.00011 <= floor=0.00600  meta_conf=0.5292,-1,0.0,0.0,
ETH/USDT,437,2026-03-28 02:00:00,short,0.53173,65.84,60.0,1987.32,14.483571,med_med_down,False,True,False,False,True,0.0,-0.24913049492997097,72.33943519849824,0.0,-9.6e-05,0.006,0.0,0.0,50.0,0.0,0.0,-1,0.0,G4_EV,ev=-0.00010 <= floor=0.00600  meta_conf=0.5317,-1,0.0,0.0,
ETH/USDT,438,2026-03-28 03:00:00,short,0.52074,63.23,60.0,1989.19,12.890714,med_low_down,False,True,False,False,True,0.0,-0.029741876109706463,71.52953075402111,0.0,-0.000721,0.006,0.0,0.0,50.0,0.0,0.0,-1,0.0,G4_EV,ev=-0.00072 <= floor=0.00600  meta_conf=0.5207,-1,0.0,0.0,
ETH/USDT,439,2026-03-28 04:00:00,long,0.50277,82.4,60.0,1990.8,11.933571,med_low_down,False,True,False,False,False,0.0,0.0,50.0,0.0,0.0,0.0,0.0,0.0,50.0,0.0,0.0,-1,0.0,G2_EDGE,reg.buy_ok=False  regime='med_low_down',-1,0.0,0.0,
ETH/USDT,440,2026-03-28 05:00:00,short,0.52277,63.6,60.0,1994.23,10.472857,med_low_down,False,True,False,False,True,0.0,-0.020497716824199794,89.09706367949812,0.0,-0.001314,0.006,0.0,0.0,50.0,0.0,0.0,-1,0.0,G4_EV,ev=-0.00131 <= floor=0.00600  meta_conf=0.5228,-1,0.0,0.0,
ETH/USDT,441,2026-03-28 06:00:00,short,0.51815,72.56,60.0,2000.95,10.586429,med_low_down,False,True,False,False,False,0.0,0.2907560689237074,74.83201786791818,0.0,-0.00136,0.006,0.0,0.0,50.0,0.0,0.0,-1,0.0,G4_EV,ev=-0.00136 <= floor=0.00600  meta_conf=0.5181,-1,0.0,0.0,
ETH/USDT,442,2026-03-28 07:00:00,short,0.56942,71.01,60.0,2007.07,9.512857,med_low_down,False,True,False,False,False,0.0,0.4376316010780518,71.33703830615903,0.0,-0.000979,0.006,0.0,0.0,50.0,0.0,0.0,-1,0.0,G4_EV,ev=-0.00098 <= floor=0.00600  meta_conf=0.5694,-1,0.0,0.0,
ETH/USDT,443,2026-03-28 08:00:00,short,0.52628,61.27,60.0,1999.24,9.389286,med_low_down,False,True,False,False,True,0.0,0.30514157599019415,74.6911658920906,0.0,-0.001553,0.006,0.0,0.0,50.0,0.0,0.0,-1,0.0,G4_EV,ev=-0.00155 <= floor=0.00600  meta_conf=0.5263,-1,0.0,0.0,
ETH/USDT,444,2026-03-28 09:00:00,short,0.55701,62.81,60.0,1999.52,8.344286,med_low_down,False,True,False,False,True,0.0,0.3160839926499389,73.71130777397886,0.0,-0.00148,0.006,0.0,0.0,50.0,0.0,0.0,-1,0.0,G4_EV,ev=-0.00148 <= floor=0.00600  meta_conf=0.5570,-1,0.0,0.0,
ETH/USDT,445,2026-03-28 10:00:00,long,0.51718,87.2,60.0,1996.69,8.022143,med_low_flat,True,False,False,False,True,0.0,0.19751089942394084,71.74645309790303,0.0,-0.002006,0.006,0.0,0.0,50.0,0.0,0.0,-1,0.0,G4_EV,ev=-0.00201 <= floor=0.00600  meta_conf=0.5172,-1,0.0,0.0,
ETH/USDT,446,2026-03-28 11:00:00,short,0.50027,70.18,60.0,1997.64,7.877857,low_low_flat,False,True,False,True,True,0.0,0.325794436852508,68.90402753416333,0.0,-0.002223,0.006,0.0,0.0,50.0,0.0,0.0,-1,0.0,G4_EV,ev=-0.00222 <= floor=0.00600  meta_conf=0.5003,-1,0.0,0.0,
ETH/USDT,447,2026-03-28 12:00:00,short,0.52916,73.71,60.0,1999.67,8.375714,low_low_flat,False,True,False,True,True,0.0,0.3536136645426184,66.458797649069,0.0,-0.001785,0.006,0.0,0.0,50.0,0.0,0.0,-1,0.0,G4_EV,ev=-0.00179 <= floor=0.00600  meta_conf=0.5292,-1,0.0,0.0,
ETH/USDT,448,2026-03-28 13:00:00,short,0.50947,100.0,60.0,2026.4,10.864286,low_low_up,False,True,False,True,False,0.0,0.5356144187248083,32.7538808320628,1.0,-0.00145,0.006,0.0,0.0,50.0,0.0,0.0,-1,0.0,G4_EV,ev=-0.00145 <= floor=0.00600  meta_conf=0.5095,-1,0.0,0.0,
ETH/USDT,449,2026-03-28 14:00:00,short,0.54331,88.12,60.0,2020.84,11.390714,low_low_up,False,True,False,True,False,0.0,0.4058541985536037,31.800179382296985,0.0,-0.000804,0.006,0.0,0.0,50.0,0.0,0.0,-1,0.0,G4_EV,ev=-0.00080 <= floor=0.00600  meta_conf=0.5433,-1,0.0,0.0,
ETH/USDT,450,2026-03-28 15:00:00,short,0.5063,88.43,60.0,2026.84,12.397143,low_low_up,False,True,False,True,False,0.0,0.5029791900934715,31.225529935669133,0.0,-0.001143,0.006,0.0,0.0,50.0,0.0,0.0,-1,0.0,G4_EV,ev=-0.00114 <= floor=0.00600  meta_conf=0.5063,-1,0.0,0.0,
ETH/USDT,451,2026-03-28 16:00:00,short,0.52285,82.26,60.0,2024.78,12.256429,low_low_up,False,True,False,True,False,0.0,0.4354094057495755,33.05459595262122,0.0,-0.000903,0.006,0.0,0.0,50.0,0.0,0.0,-1,0.0,G4_EV,ev=-0.00090 <= floor=0.00600  meta_conf=0.5228,-1,0.0,0.0,
ETH/USDT,452,2026-03-28 17:00:00,short,0.52835,83.2,60.0,2020.84,12.722857,low_low_up,False,True,False,True,False,0.0,0.360953343134721,33.11743916106545,0.0,-0.000685,0.006,0.0,0.0,50.0,0.0,0.0,-1,0.0,G4_EV,ev=-0.00069 <= floor=0.00600  meta_conf=0.5283,-1,0.0,0.0,
ETH/USDT,453,2026-03-28 18:00:00,short,0.57071,80.96,60.0,2021.8,12.657143,low_low_up,False,True,False,True,False,0.0,0.46779935895962477,33.9552448765691,0.0,1.2e-05,0.006,0.0,0.0,50.0,0.0,0.0,-1,0.0,G4_EV,ev=0.00001 <= floor=0.00600  meta_conf=0.5707,-1,0.0,0.0,
ETH/USDT,454,2026-03-28 19:00:00,short,0.57077,81.76,60.0,2020.56,12.601429,low_low_up,False,True,False,True,False,0.0,0.3861027466499896,37.114006742709,0.0,-2e-06,0.006,0.0,0.0,50.0,0.0,0.0,-1,0.0,G4_EV,ev=-0.00000 <= floor=0.00600  meta_conf=0.5708,-1,0.0,0.0,
ETH/USDT,455,2026-03-28 20:00:00,short,0.57811,82.01,60.0,2024.59,12.052143,low_low_up,False,True,False,True,False,0.0,0.4636302070717155,37.48995767062421,0.0,-6.6e-05,0.006,0.0,0.0,50.0,0.0,0.0,-1,0.0,G4_EV,ev=-0.00007 <= floor=0.00600  meta_conf=0.5781,-1,0.0,0.0,
ETH/USDT,456,2026-03-28 21:00:00,short,0.52845,67.3,60.0,2009.61,12.852143,low_low_up,False,True,False,False,True,0.0,0.07080190590045478,38.332795094243906,0.0,-0.000631,0.006,0.0,0.0,50.0,0.0,0.0,-1,0.0,G4_EV,ev=-0.00063 <= floor=0.00600  meta_conf=0.5284,-1,0.0,0.0,
ETH/USDT,457,2026-03-28 22:00:00,short,0.54722,74.88,60.0,2011.89,12.686429,low_low_up,False,True,False,False,False,0.0,0.2500050991831413,39.14699808151157,0.0,-0.000358,0.006,0.0,0.0,50.0,0.0,0.0,-1,0.0,G4_EV,ev=-0.00036 <= floor=0.00600  meta_conf=0.5472,-1,0.0,0.0,
ETH/USDT,458,2026-03-28 23:00:00,short,0.50686,71.55,60.0,1994.74,13.978571,low_med_flat,False,True,False,False,True,0.0,-0.1473445231700521,38.74850552049341,0.0,-0.000717,0.006,0.0,0.0,50.0,0.0,0.0,-1,0.0,G4_EV,ev=-0.00072 <= floor=0.00600  meta_conf=0.5069,-1,0.0,0.0,
ETH/USDT,459,2026-03-29 00:00:00,long,0.50194,84.36,60.0,1999.16,13.741429,low_low_flat,False,True,False,False,False,0.0,0.0,50.0,0.0,0.0,0.0,0.0,0.0,50.0,0.0,0.0,-1,0.0,G2_EDGE,reg.buy_ok=False  regime='low_low_flat',-1,0.0,0.0,
ETH/USDT,460,2026-03-29 01:00:00,short,0.50793,67.07,60.0,2005.08,14.107857,low_med_up,False,False,False,False,False,0.0,0.0,50.0,0.0,0.0,0.0,0.0,0.0,50.0,0.0,0.0,-1,0.0,G2_EDGE,reg.sell_ok=False  regime='low_med_up',-1,0.0,0.0,
ETH/USDT,461,2026-03-29 02:00:00,long,0.50901,85.44,60.0,2008.93,13.804286,low_low_up,False,True,False,False,False,0.0,0.0,50.0,0.0,0.0,0.0,0.0,0.0,50.0,0.0,0.0,-1,0.0,G2_EDGE,reg.buy_ok=False  regime='low_low_up',-1,0.0,0.0,
ETH/USDT,462,2026-03-29 03:00:00,long,0.51051,84.73,60.0,2011.1,11.265714,low_low_up,False,True,False,False,False,0.0,0.0,50.0,0.0,0.0,0.0,0.0,0.0,50.0,0.0,0.0,-1,0.0,G2_EDGE,reg.buy_ok=False  regime='low_low_up',-1,0.0,0.0,
ETH/USDT,463,2026-03-29 04:00:00,long,0.50235,81.12,60.0,2005.85,10.954286,low_low_up,False,True,False,False,False,0.0,0.0,50.0,0.0,0.0,0.0,0.0,0.0,50.0,0.0,0.0,-1,0.0,G2_EDGE,reg.buy_ok=False  regime='low_low_up',-1,0.0,0.0,
ETH/USDT,464,2026-03-29 05:00:00,long,0.51313,82.09,60.0,2005.31,10.078571,low_low_flat,False,True,False,False,False,0.0,0.0,50.0,0.0,0.0,0.0,0.0,0.0,50.0,0.0,0.0,-1,0.0,G2_EDGE,reg.buy_ok=False  regime='low_low_flat',-1,0.0,0.0,
ETH/USDT,465,2026-03-29 06:00:00,long,0.50293,81.22,60.0,2004.98,10.061429,low_low_flat,False,True,False,False,False,0.0,0.0,50.0,0.0,0.0,0.0,0.0,0.0,50.0,0.0,0.0,-1,0.0,G2_EDGE,reg.buy_ok=False  regime='low_low_flat',-1,0.0,0.0,
ETH/USDT,466,2026-03-29 07:00:00,long,0.51498,83.92,60.0,2006.14,10.005714,low_low_flat,False,True,False,False,False,0.0,0.0,50.0,0.0,0.0,0.0,0.0,0.0,50.0,0.0,0.0,-1,0.0,G2_EDGE,reg.buy_ok=False  regime='low_low_flat',-1,0.0,0.0,
ETH/USDT,467,2026-03-29 08:00:00,long,0.50915,81.38,60.0,2004.26,10.045,low_low_flat,False,True,False,False,False,0.0,0.0,50.0,0.0,0.0,0.0,0.0,0.0,50.0,0.0,0.0,-1,0.0,G2_EDGE,reg.buy_ok=False  regime='low_low_flat',-1,0.0,0.0,
ETH/USDT,468,2026-03-29 09:00:00,long,0.51348,82.5,60.0,1999.21,10.410714,low_low_flat,False,True,False,False,False,0.0,0.0,50.0,0.0,0.0,0.0,0.0,0.0,50.0,0.0,0.0,-1,0.0,G2_EDGE,reg.buy_ok=False  regime='low_low_flat',-1,0.0,0.0,
ETH/USDT,469,2026-03-29 10:00:00,long,0.50944,80.05,60.0,1995.89,10.51,low_low_flat,False,True,False,False,False,0.0,0.0,50.0,0.0,0.0,0.0,0.0,0.0,50.0,0.0,0.0,-1,0.0,G2_EDGE,reg.buy_ok=False  regime='low_low_flat',-1,0.0,0.0,
ETH/USDT,470,2026-03-29 11:00:00,long,0.51421,83.32,60.0,2003.78,10.086429,low_low_flat,False,True,False,False,False,0.0,0.0,50.0,0.0,0.0,0.0,0.0,0.0,50.0,0.0,0.0,-1,0.0,G2_EDGE,reg.buy_ok=False  regime='low_low_flat',-1,0.0,0.0,
ETH/USDT,471,2026-03-29 12:00:00,long,0.51086,60.16,60.0,2001.68,10.037857,low_low_flat,False,True,False,False,False,0.0,0.0,50.0,0.0,0.0,0.0,0.0,0.0,50.0,0.0,0.0,-1,0.0,G2_EDGE,reg.buy_ok=False  regime='low_low_flat',-1,0.0,0.0,
ETH/USDT,472,2026-03-29 13:00:00,long,0.54812,82.11,60.0,1987.09,9.775714,low_low_down,True,True,False,False,True,0.0,-0.6305212285370504,55.196492741405734,-1.0,-0.001147,0.006,0.0,0.0,50.0,0.0,0.0,-1,0.0,G4_EV,ev=-0.00115 <= floor=0.00600  meta_conf=0.5481,-1,0.0,0.0,
ETH/USDT,473,2026-03-29 14:00:00,long,0.53901,70.39,60.0,1994.17,10.481429,low_low_flat,False,True,False,False,False,0.0,0.0,50.0,0.0,0.0,0.0,0.0,0.0,50.0,0.0,0.0,-1,0.0,G2_EDGE,reg.buy_ok=False  regime='low_low_flat',-1,0.0,0.0,
ETH/USDT,474,2026-03-29 15:00:00,long,0.53713,67.45,60.0,1992.97,10.683571,low_low_down,True,True,False,False,True,0.0,-0.5396929665041027,53.52485897362286,0.0,-0.00105,0.006,0.0,0.0,50.0,0.0,0.0,-1,0.0,G4_EV,ev=-0.00105 <= floor=0.00600  meta_conf=0.5371,-1,0.0,0.0,
ETH/USDT,475,2026-03-29 16:00:00,long,0.53544,68.5,60.0,1997.82,10.939286,low_low_flat,False,True,False,False,False,0.0,0.0,50.0,0.0,0.0,0.0,0.0,0.0,50.0,0.0,0.0,-1,0.0,G2_EDGE,reg.buy_ok=False  regime='low_low_flat',-1,0.0,0.0,
ETH/USDT,476,2026-03-29 17:00:00,long,0.5309,63.52,60.0,1995.1,10.939286,low_low_flat,False,True,False,False,False,0.0,0.0,50.0,0.0,0.0,0.0,0.0,0.0,50.0,0.0,0.0,-1,0.0,G2_EDGE,reg.buy_ok=False  regime='low_low_flat',-1,0.0,0.0,
ETH/USDT,477,2026-03-29 18:00:00,long,0.52777,51.3,60.0,1997.33,11.077143,low_low_flat,False,True,False,False,False,0.0,0.0,50.0,0.0,0.0,0.0,0.0,0.0,50.0,0.0,0.0,-1,0.0,G2_EDGE,reg.buy_ok=False  regime='low_low_flat',-1,0.0,0.0,
ETH/USDT,478,2026-03-29 19:00:00,long,0.52404,59.06,60.0,1995.89,10.802143,low_low_flat,False,True,False,False,False,0.0,0.0,50.0,0.0,0.0,0.0,0.0,0.0,50.0,0.0,0.0,-1,0.0,G2_EDGE,reg.buy_ok=False  regime='low_low_flat',-1,0.0,0.0,
ETH/USDT,479,2026-03-29 20:00:00,long,0.54332,58.7,60.0,2002.5,11.182857,low_low_flat,False,True,False,False,False,0.0,0.0,50.0,0.0,0.0,0.0,0.0,0.0,50.0,0.0,0.0,-1,0.0,G2_EDGE,reg.buy_ok=False  regime='low_low_flat',-1,0.0,0.0,
ETH/USDT,480,2026-03-29 21:00:00,long,0.5322,56.32,60.0,2006.51,10.887857,low_low_flat,False,True,False,False,False,0.0,0.0,50.0,0.0,0.0,0.0,0.0,0.0,50.0,0.0,0.0,-1,0.0,G2_EDGE,reg.buy_ok=False  regime='low_low_flat',-1,0.0,0.0,
ETH/USDT,481,2026-03-29 22:00:00,long,0.52319,81.55,60.0,1973.99,15.377143,low_med_down,False,True,False,False,False,0.0,0.0,50.0,0.0,0.0,0.0,0.0,0.0,50.0,0.0,0.0,-1,0.0,G2_EDGE,reg.buy_ok=False  regime='low_med_down',-1,0.0,0.0,
ETH/USDT,482,2026-03-29 23:00:00,long,0.53085,61.44,60.0,1984.64,16.1,low_med_flat,False,True,False,False,False,0.0,0.0,50.0,0.0,0.0,0.0,0.0,0.0,50.0,0.0,0.0,-1,0.0,G2_EDGE,reg.buy_ok=False  regime='low_med_flat',-1,0.0,0.0,
ETH/USDT,483,2026-03-30 00:00:00,long,0.54177,66.83,60.0,1997.25,18.681429,low_med_flat,False,True,False,False,False,0.0,0.0,50.0,0.0,0.0,0.0,0.0,0.0,50.0,0.0,0.0,-1,0.0,G2_EDGE,reg.buy_ok=False  regime='low_med_flat',-1,0.0,0.0,
ETH/USDT,484,2026-03-30 01:00:00,long,0.51622,52.3,60.0,2010.43,19.124286,low_med_flat,False,True,False,False,False,0.0,0.0,50.0,0.0,0.0,0.0,0.0,0.0,50.0,0.0,0.0,-1,0.0,G2_EDGE,reg.buy_ok=False  regime='low_med_flat',-1,0.0,0.0,
ETH/USDT,485,2026-03-30 02:00:00,short,0.51021,68.9,60.0,2029.93,21.187857,low_high_up,,,True,False,False,0.0,0.0,50.0,0.0,0.0,0.0,0.0,0.0,50.0,0.0,0.0,-1,0.0,G1_REGIME,regime='low_high_up' skipped=True reg_empty=False,-1,0.0,0.0,
ETH/USDT,486,2026-03-30 03:00:00,short,0.57307,64.76,60.0,2035.88,20.901429,low_med_up,False,False,False,False,False,0.0,0.0,50.0,0.0,0.0,0.0,0.0,0.0,50.0,0.0,0.0,-1,0.0,G2_EDGE,reg.sell_ok=False  regime='low_med_up',-1,0.0,0.0,
ETH/USDT,487,2026-03-30 04:00:00,short,0.57403,65.21,60.0,2048.39,20.812857,low_med_up,False,False,False,False,False,0.0,0.0,50.0,0.0,0.0,0.0,0.0,0.0,50.0,0.0,0.0,-1,0.0,G2_EDGE,reg.sell_ok=False  regime='low_med_up',-1,0.0,0.0,
ETH/USDT,488,2026-03-30 05:00:00,short,0.5584,67.1,60.0,2047.84,20.895714,low_med_up,False,False,False,False,False,0.0,0.0,50.0,0.0,0.0,0.0,0.0,0.0,50.0,0.0,0.0,-1,0.0,G2_EDGE,reg.sell_ok=False  regime='low_med_up',-1,0.0,0.0,
ETH/USDT,489,2026-03-30 06:00:00,short,0.54953,64.36,60.0,2042.46,20.840714,low_med_up,False,False,False,False,False,0.0,0.0,50.0,0.0,0.0,0.0,0.0,0.0,50.0,0.0,0.0,-1,0.0,G2_EDGE,reg.sell_ok=False  regime='low_med_up',-1,0.0,0.0,
ETH/USDT,490,2026-03-30 07:00:00,short,0.57916,66.02,60.0,2059.58,21.85,low_high_up,,,True,False,False,0.0,0.0,50.0,0.0,0.0,0.0,0.0,0.0,50.0,0.0,0.0,-1,0.0,G1_REGIME,regime='low_high_up' skipped=True reg_empty=False,-1,0.0,0.0,
ETH/USDT,491,2026-03-30 08:00:00,short,0.58688,67.7,60.0,2062.33,22.309286,low_high_up,,,True,False,False,0.0,0.0,50.0,0.0,0.0,0.0,0.0,0.0,50.0,0.0,0.0,-1,0.0,G1_REGIME,regime='low_high_up' skipped=True reg_empty=False,-1,0.0,0.0,
ETH/USDT,492,2026-03-30 09:00:00,short,0.63029,66.6,60.0,2055.16,22.56,low_high_up,,,True,False,False,0.0,0.0,50.0,0.0,0.0,0.0,0.0,0.0,50.0,0.0,0.0,-1,0.0,G1_REGIME,regime='low_high_up' skipped=True reg_empty=False,-1,0.0,0.0,
ETH/USDT,493,2026-03-30 10:00:00,short,0.60614,64.35,60.0,2057.78,22.311429,low_high_up,,,True,False,False,0.0,0.0,50.0,0.0,0.0,0.0,0.0,0.0,50.0,0.0,0.0,-1,0.0,G1_REGIME,regime='low_high_up' skipped=True reg_empty=False,-1,0.0,0.0,
ETH/USDT,494,2026-03-30 11:00:00,short,0.61369,69.02,60.0,2071.28,23.606429,med_high_up,,,True,False,False,0.0,0.0,50.0,0.0,0.0,0.0,0.0,0.0,50.0,0.0,0.0,-1,0.0,G1_REGIME,regime='med_high_up' skipped=True reg_empty=False,-1,0.0,0.0,
ETH/USDT,495,2026-03-30 12:00:00,short,0.59956,62.89,60.0,2074.54,19.472857,med_med_up,False,True,False,True,False,0.0,0.6479296057007247,37.50650404719773,0.0,0.002747,0.006,0.0,0.0,50.0,0.0,0.0,-1,0.0,G4_EV,ev=0.00275 <= floor=0.00600  meta_conf=0.5996,-1,0.0,0.0,
ETH/USDT,496,2026-03-30 13:00:00,short,0.59469,69.68,60.0,2060.92,19.886429,med_med_up,False,True,False,True,False,0.0,0.41672842558603757,39.172606820167516,0.0,0.002809,0.006,0.0,0.0,50.0,0.0,0.0,-1,0.0,G4_EV,ev=0.00281 <= floor=0.00600  meta_conf=0.5947,-1,0.0,0.0,
ETH/USDT,497,2026-03-30 14:00:00,short,0.56933,90.56,60.0,2071.64,19.062143,med_med_up,False,True,False,True,False,0.0,0.5576280850667793,45.894965721427134,0.0,0.001863,0.006,0.0,0.0,50.0,0.0,0.0,-1,0.0,G4_EV,ev=0.00186 <= floor=0.00600  meta_conf=0.5693,-1,0.0,0.0,
ETH/USDT,498,2026-03-30 15:00:00,short,0.6104,85.29,60.0,2074.53,18.981429,med_med_up,False,True,False,True,False,0.0,0.6244692944641088,50.62392522814921,0.0,0.002845,0.006,0.0,0.0,50.0,0.0,0.0,-1,0.0,G4_EV,ev=0.00284 <= floor=0.00600  meta_conf=0.6104,-1,0.0,0.0,
ETH/USDT,499,2026-03-30 16:00:00,short,0.58739,84.01,60.0,2066.18,17.557857,med_med_up,False,True,False,True,False,0.0,0.432320349223848,61.45017007965556,0.0,0.001829,0.006,0.0,0.0,50.0,0.0,0.0,-1,0.0,G4_EV,ev=0.00183 <= floor=0.00600  meta_conf=0.5874,-1,0.0,0.0,
ETH/USDT,500,2026-03-30 17:00:00,short,0.56661,81.53,60.0,2041.8,19.387143,med_med_up,False,True,False,False,False,0.0,0.1231338052818987,64.34046688440974,0.0,0.00198,0.006,0.0,0.0,50.0,0.0,0.0,-1,0.0,G4_EV,ev=0.00198 <= floor=0.00600  meta_conf=0.5666,-1,0.0,0.0,
ETH/USDT,501,2026-03-30 18:00:00,short,0.56302,81.27,60.0,2032.61,19.312143,med_med_up,False,True,False,False,False,0.0,-0.2201295227099649,61.413132465667566,0.0,0.001892,0.006,0.0,0.0,50.0,0.0,0.0,-1,0.0,G4_EV,ev=0.00189 <= floor=0.00600  meta_conf=0.5630,-1,0.0,0.0,
ETH/USDT,502,2026-03-30 19:00:00,short,0.53966,84.0,60.0,2023.7,19.705,med_med_up,False,True,False,False,False,0.0,-0.43679793436032005,52.55142675895556,0.0,0.001424,0.006,0.0,0.0,50.0,0.0,0.0,-1,0.0,G4_EV,ev=0.00142 <= floor=0.00600  meta_conf=0.5397,-1,0.0,0.0,
ETH/USDT,503,2026-03-30 20:00:00,short,0.55021,77.9,60.0,2023.2,19.407143,med_med_up,False,True,False,False,False,0.0,-0.4460982967966647,52.361575278264304,0.0,0.001617,0.006,0.0,0.0,50.0,0.0,0.0,-1,0.0,G4_EV,ev=0.00162 <= floor=0.00600  meta_conf=0.5502,-1,0.0,0.0,
ETH/USDT,504,2026-03-30 21:00:00,short,0.54167,81.94,60.0,2036.0,19.492857,med_med_up,False,True,False,False,False,0.0,-0.17949705860130513,52.047330143839034,0.0,0.001386,0.006,0.0,0.0,50.0,0.0,0.0,-1,0.0,G4_EV,ev=0.00139 <= floor=0.00600  meta_conf=0.5417,-1,0.0,0.0,
ETH/USDT,505,2026-03-30 22:00:00,long,0.50972,68.58,60.0,2033.08,19.34,med_med_up,False,True,False,False,False,0.0,0.0,50.0,0.0,0.0,0.0,0.0,0.0,50.0,0.0,0.0,-1,0.0,G2_EDGE,reg.buy_ok=False  regime='med_med_up',-1,0.0,0.0,
ETH/USDT,506,2026-03-30 23:00:00,long,0.51969,69.87,60.0,2026.48,20.047143,med_med_up,False,True,False,False,False,0.0,0.0,50.0,0.0,0.0,0.0,0.0,0.0,50.0,0.0,0.0,-1,0.0,G2_EDGE,reg.buy_ok=False  regime='med_med_up',-1,0.0,0.0,
ETH/USDT,507,2026-03-31 00:00:00,long,0.50788,74.49,60.0,2036.65,21.089286,med_high_up,,,True,False,False,0.0,0.0,50.0,0.0,0.0,0.0,0.0,0.0,50.0,0.0,0.0,-1,0.0,G1_REGIME,regime='med_high_up' skipped=True reg_empty=False,-1,0.0,0.0,
ETH/USDT,508,2026-03-31 01:00:00,short,0.55459,100.0,60.0,2073.0,23.675,med_high_up,,,True,False,False,0.0,0.0,50.0,0.0,0.0,0.0,0.0,0.0,50.0,0.0,0.0,-1,0.0,G1_REGIME,regime='med_high_up' skipped=True reg_empty=False,-1,0.0,0.0,
ETH/USDT,509,2026-03-31 02:00:00,short,0.59897,66.59,60.0,2073.09,24.092857,med_high_up,,,True,False,False,0.0,0.0,50.0,0.0,0.0,0.0,0.0,0.0,50.0,0.0,0.0,-1,0.0,G1_REGIME,regime='med_high_up' skipped=True reg_empty=False,-1,0.0,0.0,
ETH/USDT,510,2026-03-31 03:00:00,short,0.55422,62.93,60.0,2066.71,23.229286,med_high_up,,,True,False,False,0.0,0.0,50.0,0.0,0.0,0.0,0.0,0.0,50.0,0.0,0.0,-1,0.0,G1_REGIME,regime='med_high_up' skipped=True reg_empty=False,-1,0.0,0.0,
ETH/USDT,511,2026-03-31 04:00:00,short,0.53526,55.24,60.0,2060.87,22.034286,med_high_flat,,,True,False,False,0.0,0.0,50.0,0.0,0.0,0.0,0.0,0.0,50.0,0.0,0.0,-1,0.0,G1_REGIME,regime='med_high_flat' skipped=True reg_empty=False,-1,0.0,0.0,
ETH/USDT,512,2026-03-31 05:00:00,short,0.55775,63.15,60.0,2064.31,21.764286,med_high_up,,,True,False,False,0.0,0.0,50.0,0.0,0.0,0.0,0.0,0.0,50.0,0.0,0.0,-1,0.0,G1_REGIME,regime='med_high_up' skipped=True reg_empty=False,-1,0.0,0.0,
ETH/USDT,513,2026-03-31 06:00:00,short,0.53557,63.69,60.0,2062.33,21.315,med_high_up,,,True,False,False,0.0,0.0,50.0,0.0,0.0,0.0,0.0,0.0,50.0,0.0,0.0,-1,0.0,G1_REGIME,regime='med_high_up' skipped=True reg_empty=False,-1,0.0,0.0,
ETH/USDT,514,2026-03-31 07:00:00,short,0.53149,55.9,60.0,2055.97,19.916429,med_med_flat,False,True,False,False,False,0.0,0.0,50.0,0.0,0.0,0.0,0.0,0.0,50.0,0.0,0.0,-1,0.0,G2_EDGE,edge=55.9 < thr=60.0,-1,0.0,0.0,
ETH/USDT,515,2026-03-31 08:00:00,short,0.5186,47.17,60.0,2040.1,20.423571,med_med_flat,False,True,False,False,False,0.0,0.0,50.0,0.0,0.0,0.0,0.0,0.0,50.0,0.0,0.0,-1,0.0,G2_EDGE,edge=47.2 < thr=60.0,-1,0.0,0.0,
ETH/USDT,516,2026-03-31 09:00:00,long,0.50513,72.23,60.0,2018.37,21.319286,med_high_down,,,True,False,False,0.0,0.0,50.0,0.0,0.0,0.0,0.0,0.0,50.0,0.0,0.0,-1,0.0,G1_REGIME,regime='med_high_down' skipped=True reg_empty=False,-1,0.0,0.0,
ETH/USDT,517,2026-03-31 10:00:00,short,0.52419,50.84,60.0,2026.5,21.780714,med_high_down,,,True,False,False,0.0,0.0,50.0,0.0,0.0,0.0,0.0,0.0,50.0,0.0,0.0,-1,0.0,G1_REGIME,regime='med_high_down' skipped=True reg_empty=False,-1,0.0,0.0,
ETH/USDT,518,2026-03-31 11:00:00,short,0.51355,56.17,60.0,2041.2,21.321429,med_high_flat,,,True,False,False,0.0,0.0,50.0,0.0,0.0,0.0,0.0,0.0,50.0,0.0,0.0,-1,0.0,G1_REGIME,regime='med_high_flat' skipped=True reg_empty=False,-1,0.0,0.0,
ETH/USDT,519,2026-03-31 12:00:00,short,0.5097,60.66,60.0,2047.78,21.906429,med_high_flat,,,True,False,False,0.0,0.0,50.0,0.0,0.0,0.0,0.0,0.0,50.0,0.0,0.0,-1,0.0,G1_REGIME,regime='med_high_flat' skipped=True reg_empty=False,-1,0.0,0.0,
ETH/USDT,520,2026-03-31 13:00:00,short,0.54913,71.63,60.0,2075.37,22.830714,med_high_flat,,,True,False,False,0.0,0.0,50.0,0.0,0.0,0.0,0.0,0.0,50.0,0.0,0.0,-1,0.0,G1_REGIME,regime='med_high_flat' skipped=True reg_empty=False,-1,0.0,0.0,
ETH/USDT,521,2026-03-31 14:00:00,long,0.50538,79.68,60.0,2045.94,24.95,med_high_flat,,,True,False,False,0.0,0.0,50.0,0.0,0.0,0.0,0.0,0.0,50.0,0.0,0.0,-1,0.0,G1_REGIME,regime='med_high_flat' skipped=True reg_empty=False,-1,0.0,0.0,
ETH/USDT,522,2026-03-31 15:00:00,short,0.55821,64.37,60.0,2054.85,22.956429,med_high_flat,,,True,False,False,0.0,0.0,50.0,0.0,0.0,0.0,0.0,0.0,50.0,0.0,0.0,-1,0.0,G1_REGIME,regime='med_high_flat' skipped=True reg_empty=False,-1,0.0,0.0,
ETH/USDT,523,2026-03-31 16:00:00,short,0.58734,87.02,60.0,2091.7,25.710714,med_high_up,,,True,False,False,0.0,0.0,50.0,0.0,0.0,0.0,0.0,0.0,50.0,0.0,0.0,-1,0.0,G1_REGIME,regime='med_high_up' skipped=True reg_empty=False,-1,0.0,0.0,
ETH/USDT,524,2026-03-31 17:00:00,short,0.60762,87.42,60.0,2093.36,27.168571,med_high_up,,,True,False,False,0.0,0.0,50.0,0.0,0.0,0.0,0.0,0.0,50.0,0.0,0.0,-1,0.0,G1_REGIME,regime='med_high_up' skipped=True reg_empty=False,-1,0.0,0.0,
ETH/USDT,525,2026-03-31 18:00:00,short,0.63658,68.04,60.0,2099.89,27.640714,med_high_up,,,True,False,False,0.0,0.0,50.0,0.0,0.0,0.0,0.0,0.0,50.0,0.0,0.0,-1,0.0,G1_REGIME,regime='med_high_up' skipped=True reg_empty=False,-1,0.0,0.0,
ETH/USDT,526,2026-03-31 19:00:00,short,0.63674,65.55,60.0,2096.54,27.465,med_high_up,,,True,False,False,0.0,0.0,50.0,0.0,0.0,0.0,0.0,0.0,50.0,0.0,0.0,-1,0.0,G1_REGIME,regime='med_high_up' skipped=True reg_empty=False,-1,0.0,0.0,
ETH/USDT,527,2026-03-31 20:00:00,short,0.64734,64.67,60.0,2107.66,27.817857,med_high_up,,,True,False,False,0.0,0.0,50.0,0.0,0.0,0.0,0.0,0.0,50.0,0.0,0.0,-1,0.0,G1_REGIME,regime='med_high_up' skipped=True reg_empty=False,-1,0.0,0.0,
ETH/USDT,528,2026-03-31 21:00:00,short,0.60492,84.72,60.0,2102.63,27.482857,med_high_up,,,True,False,False,0.0,0.0,50.0,0.0,0.0,0.0,0.0,0.0,50.0,0.0,0.0,-1,0.0,G1_REGIME,regime='med_high_up' skipped=True reg_empty=False,-1,0.0,0.0,
ETH/USDT,529,2026-03-31 22:00:00,short,0.58136,84.12,60.0,2096.51,26.965,med_high_up,,,True,False,False,0.0,0.0,50.0,0.0,0.0,0.0,0.0,0.0,50.0,0.0,0.0,-1,0.0,G1_REGIME,regime='med_high_up' skipped=True reg_empty=False,-1,0.0,0.0,
ETH/USDT,530,2026-03-31 23:00:00,short,0.62144,84.23,60.0,2105.43,25.792857,med_high_up,,,True,False,False,0.0,0.0,50.0,0.0,0.0,0.0,0.0,0.0,50.0,0.0,0.0,-1,0.0,G1_REGIME,regime='med_high_up' skipped=True reg_empty=False,-1,0.0,0.0,
ETH/USDT,531,2026-04-01 00:00:00,short,0.59233,84.27,60.0,2114.72,26.35,med_high_up,,,True,False,False,0.0,0.0,50.0,0.0,0.0,0.0,0.0,0.0,50.0,0.0,0.0,-1,0.0,G1_REGIME,regime='med_high_up' skipped=True reg_empty=False,-1,0.0,0.0,
ETH/USDT,532,2026-04-01 01:00:00,short,0.60822,86.35,60.0,2092.95,26.558571,med_high_up,,,True,False,False,0.0,0.0,50.0,0.0,0.0,0.0,0.0,0.0,50.0,0.0,0.0,-1,0.0,G1_REGIME,regime='med_high_up' skipped=True reg_empty=False,-1,0.0,0.0,
ETH/USDT,533,2026-04-01 02:00:00,short,0.58974,74.74,60.0,2088.45,25.944286,med_high_up,,,True,False,False,0.0,0.0,50.0,0.0,0.0,0.0,0.0,0.0,50.0,0.0,0.0,-1,0.0,G1_REGIME,regime='med_high_up' skipped=True reg_empty=False,-1,0.0,0.0,
ETH/USDT,534,2026-04-01 03:00:00,short,0.5988,83.59,60.0,2102.91,24.967857,med_high_up,,,True,False,False,0.0,0.0,50.0,0.0,0.0,0.0,0.0,0.0,50.0,0.0,0.0,-1,0.0,G1_REGIME,regime='med_high_up' skipped=True reg_empty=False,-1,0.0,0.0,
ETH/USDT,535,2026-04-01 04:00:00,short,0.61348,82.7,60.0,2111.26,22.231429,med_high_up,,,True,False,False,0.0,0.0,50.0,0.0,0.0,0.0,0.0,0.0,50.0,0.0,0.0,-1,0.0,G1_REGIME,regime='med_high_up' skipped=True reg_empty=False,-1,0.0,0.0,
ETH/USDT,536,2026-04-01 05:00:00,short,0.60289,86.97,60.0,2122.67,22.143571,med_high_up,,,True,False,False,0.0,0.0,50.0,0.0,0.0,0.0,0.0,0.0,50.0,0.0,0.0,-1,0.0,G1_REGIME,regime='med_high_up' skipped=True reg_empty=False,-1,0.0,0.0,
ETH/USDT,537,2026-04-01 06:00:00,short,0.55429,87.53,60.0,2151.23,20.674286,med_med_up,False,True,False,True,False,0.0,0.7476996654036916,59.786394341532024,1.0,0.001733,0.006,0.0,0.0,50.0,0.0,0.0,-1,0.0,G4_EV,ev=0.00173 <= floor=0.00600  meta_conf=0.5543,-1,0.0,0.0,
ETH/USDT,538,2026-04-01 07:00:00,short,0.57618,86.32,60.0,2131.0,20.149286,high_med_up,,,True,False,False,0.0,0.0,50.0,0.0,0.0,0.0,0.0,0.0,50.0,0.0,0.0,-1,0.0,G1_REGIME,regime='high_med_up' skipped=True reg_empty=False,-1,0.0,0.0,
ETH/USDT,539,2026-04-01 08:00:00,short,0.55785,84.26,60.0,2136.96,19.873571,high_med_up,,,True,False,False,0.0,0.0,50.0,0.0,0.0,0.0,0.0,0.0,50.0,0.0,0.0,-1,0.0,G1_REGIME,regime='high_med_up' skipped=True reg_empty=False,-1,0.0,0.0,
ETH/USDT,540,2026-04-01 09:00:00,short,0.56976,83.82,60.0,2136.39,19.914286,high_med_up,,,True,False,False,0.0,0.0,50.0,0.0,0.0,0.0,0.0,0.0,50.0,0.0,0.0,-1,0.0,G1_REGIME,regime='high_med_up' skipped=True reg_empty=False,-1,0.0,0.0,
ETH/USDT,541,2026-04-01 10:00:00,short,0.57008,82.6,60.0,2132.65,19.697143,med_med_up,False,True,False,True,False,0.0,0.45052326214461913,55.5350656270003,0.0,0.001904,0.006,0.0,0.0,50.0,0.0,0.0,-1,0.0,G4_EV,ev=0.00190 <= floor=0.00600  meta_conf=0.5701,-1,0.0,0.0,
ETH/USDT,542,2026-04-01 11:00:00,short,0.58005,81.17,60.0,2135.32,19.179286,med_med_up,False,True,False,True,False,0.0,0.5986952297876882,54.56567157591161,0.0,0.001983,0.006,0.0,0.0,50.0,0.0,0.0,-1,0.0,G4_EV,ev=0.00198 <= floor=0.00600  meta_conf=0.5801,-1,0.0,0.0,
ETH/USDT,543,2026-04-01 12:00:00,short,0.56983,90.07,60.0,2130.82,20.188571,med_med_up,False,True,False,True,False,0.0,0.38707195319511734,53.75576222509914,0.0,0.00205,0.006,0.0,0.0,50.0,0.0,0.0,-1,0.0,G4_EV,ev=0.00205 <= floor=0.00600  meta_conf=0.5698,-1,0.0,0.0,
ETH/USDT,544,2026-04-01 13:00:00,short,0.52856,97.58,60.0,2119.28,20.984286,med_med_up,False,True,False,False,False,0.0,0.22388236077411888,53.17036376611948,0.0,0.001219,0.006,0.0,0.0,50.0,0.0,0.0,-1,0.0,G4_EV,ev=0.00122 <= floor=0.00600  meta_conf=0.5286,-1,0.0,0.0,
ETH/USDT,545,2026-04-01 14:00:00,short,0.54939,88.98,60.0,2126.81,20.673571,med_med_up,False,True,False,True,False,0.0,0.3412418146439413,52.46746702614802,0.0,0.00167,0.006,0.0,0.0,50.0,0.0,0.0,-1,0.0,G4_EV,ev=0.00167 <= floor=0.00600  meta_conf=0.5494,-1,0.0,0.0,
ETH/USDT,546,2026-04-01 15:00:00,short,0.59642,85.15,60.0,2135.04,20.037143,med_med_up,False,True,False,True,False,0.0,0.41730779072399304,51.64350606397012,0.0,0.002666,0.006,0.0,0.0,50.0,0.0,0.0,-1,0.0,G4_EV,ev=0.00267 <= floor=0.00600  meta_conf=0.5964,-1,0.0,0.0,
ETH/USDT,547,2026-04-01 16:00:00,short,0.56824,89.25,60.0,2146.09,20.980714,med_med_up,False,True,False,True,False,0.0,0.541315765343989,54.330256229921424,0.0,0.0022,0.006,0.0,0.0,50.0,0.0,0.0,-1,0.0,G4_EV,ev=0.00220 <= floor=0.00600  meta_conf=0.5682,-1,0.0,0.0,
ETH/USDT,548,2026-04-01 17:00:00,short,0.55567,100.0,60.0,2137.21,22.085,med_high_up,,,True,False,False,0.0,0.0,50.0,0.0,0.0,0.0,0.0,0.0,50.0,0.0,0.0,-1,0.0,G1_REGIME,regime='med_high_up' skipped=True reg_empty=False,-1,0.0,0.0,
ETH/USDT,549,2026-04-01 18:00:00,short,0.57123,77.32,60.0,2129.23,21.955,med_med_up,False,True,False,False,False,0.0,0.3501747647184482,58.61640589436966,0.0,0.002623,0.006,0.0,0.0,50.0,0.0,0.0,-1,0.0,G4_EV,ev=0.00262 <= floor=0.00600  meta_conf=0.5712,-1,0.0,0.0,
ETH/USDT,550,2026-04-01 19:00:00,short,0.56857,83.47,60.0,2141.43,20.994286,med_med_up,False,True,False,True,False,0.0,0.46956356145155176,59.91114037363613,0.0,0.002227,0.006,0.0,0.0,50.0,0.0,0.0,-1,0.0,G4_EV,ev=0.00223 <= floor=0.00600  meta_conf=0.5686,-1,0.0,0.0,
ETH/USDT,551,2026-04-01 20:00:00,short,0.58505,81.9,60.0,2143.92,19.802143,med_med_up,False,True,False,True,False,0.0,0.47723496536866905,59.79597222956797,0.0,0.002277,0.006,0.0,0.0,50.0,0.0,0.0,-1,0.0,G4_EV,ev=0.00228 <= floor=0.00600  meta_conf=0.5850,-1,0.0,0.0,
ETH/USDT,552,2026-04-01 21:00:00,short,0.51935,100.0,60.0,2156.89,19.395,med_med_up,False,True,False,True,False,0.0,0.6221103757792578,59.69608428582935,0.0,0.000516,0.006,0.0,0.0,50.0,0.0,0.0,-1,0.0,G4_EV,ev=0.00052 <= floor=0.00600  meta_conf=0.5194,-1,0.0,0.0,
ETH/USDT,553,2026-04-01 22:00:00,short,0.52459,100.0,60.0,2139.95,19.642857,med_med_up,False,True,False,True,False,0.0,0.3244164046643621,59.6654787771517,0.0,0.00074,0.006,0.0,0.0,50.0,0.0,0.0,-1,0.0,G4_EV,ev=0.00074 <= floor=0.00600  meta_conf=0.5246,-1,0.0,0.0,
ETH/USDT,554,2026-04-01 23:00:00,short,0.55726,80.46,60.0,2140.35,19.511429,med_med_up,False,True,False,True,False,0.0,0.3758633269050837,59.611978240181436,0.0,0.001511,0.006,0.0,0.0,50.0,0.0,0.0,-1,0.0,G4_EV,ev=0.00151 <= floor=0.00600  meta_conf=0.5573,-1,0.0,0.0,
ETH/USDT,555,2026-04-02 00:00:00,short,0.52958,79.95,60.0,2156.14,20.342143,med_med_up,False,True,False,True,False,0.0,0.6422838777148666,59.69759970578071,0.0,0.000999,0.006,0.0,0.0,50.0,0.0,0.0,-1,0.0,G4_EV,ev=0.00100 <= floor=0.00600  meta_conf=0.5296,-1,0.0,0.0,
ETH/USDT,556,2026-04-02 01:00:00,long,0.52989,100.0,60.0,2100.03,24.448571,high_high_flat,,,True,False,False,0.0,0.0,50.0,0.0,0.0,0.0,0.0,0.0,50.0,0.0,0.0,-1,0.0,G1_REGIME,regime='high_high_flat' skipped=True reg_empty=False,-1,0.0,0.0,
ETH/USDT,557,2026-04-02 02:00:00,short,0.50268,78.73,60.0,2073.89,24.804286,high_high_flat,,,True,False,False,0.0,0.0,50.0,0.0,0.0,0.0,0.0,0.0,50.0,0.0,0.0,-1,0.0,G1_REGIME,regime='high_high_flat' skipped=True reg_empty=False,-1,0.0,0.0,
ETH/USDT,558,2026-04-02 03:00:00,short,0.50968,77.78,60.0,2056.33,25.061429,high_high_down,False,True,False,False,True,0.0,-0.695021375725835,34.256559854013496,-1.0,0.001803,0.006,0.0,0.0,50.0,0.0,0.0,-1,0.0,G4_EV,ev=0.00180 <= floor=0.00600  meta_conf=0.5097,-1,0.0,0.0,
ETH/USDT,559,2026-04-02 04:00:00,short,0.52685,74.9,60.0,2044.56,25.070714,high_high_down,False,True,False,False,True,0.0,-0.7026424658439878,33.365738371612935,-1.0,0.002407,0.006,0.0,0.0,50.0,0.0,0.0,-1,0.0,G4_EV,ev=0.00241 <= floor=0.00600  meta_conf=0.5268,-1,0.0,0.0,
ETH/USDT,560,2026-04-02 05:00:00,short,0.51466,62.56,60.0,2050.21,24.872857,high_high_down,False,True,False,False,True,0.0,-0.5621849657579697,33.03134940175125,0.0,0.001939,0.006,0.0,0.0,50.0,0.0,0.0,-1,0.0,G4_EV,ev=0.00194 <= floor=0.00600  meta_conf=0.5147,-1,0.0,0.0,
ETH/USDT,561,2026-04-02 06:00:00,long,0.50118,79.49,60.0,2050.09,23.49,high_high_down,False,True,False,False,False,0.0,0.0,50.0,0.0,0.0,0.0,0.0,0.0,50.0,0.0,0.0,-1,0.0,G2_EDGE,reg.buy_ok=False  regime='high_high_down',-1,0.0,0.0,
ETH/USDT,562,2026-04-02 07:00:00,short,0.51601,60.99,60.0,2056.09,21.96,high_high_down,False,True,False,False,True,0.0,-0.5355659902168844,34.04199639178897,0.0,0.001268,0.006,0.0,0.0,50.0,0.0,0.0,-1,0.0,G4_EV,ev=0.00127 <= floor=0.00600  meta_conf=0.5160,-1,0.0,0.0,
ETH/USDT,563,2026-04-02 08:00:00,short,0.51839,61.41,60.0,2046.29,21.705714,med_high_down,,,True,False,False,0.0,0.0,50.0,0.0,0.0,0.0,0.0,0.0,50.0,0.0,0.0,-1,0.0,G1_REGIME,regime='med_high_down' skipped=True reg_empty=False,-1,0.0,0.0,
ETH/USDT,564,2026-04-02 09:00:00,short,0.51212,62.11,60.0,2044.0,21.090714,med_med_down,False,True,False,False,True,0.0,-0.6346146949313465,34.02338864976286,0.0,0.000981,0.006,0.0,0.0,50.0,0.0,0.0,-1,0.0,G4_EV,ev=0.00098 <= floor=0.00600  meta_conf=0.5121,-1,0.0,0.0,
ETH/USDT,565,2026-04-02 10:00:00,short,0.51479,62.41,60.0,2038.79,20.772143,med_med_down,False,True,False,False,True,0.0,-0.6379346764073524,32.363623628151856,0.0,0.000992,0.006,0.0,0.0,50.0,0.0,0.0,-1,0.0,G4_EV,ev=0.00099 <= floor=0.00600  meta_conf=0.5148,-1,0.0,0.0,
ETH/USDT,566,2026-04-02 11:00:00,short,0.52413,62.23,60.0,2033.01,20.304286,med_med_down,False,True,False,False,True,0.0,-0.6363958782526046,31.97524599469787,0.0,0.001145,0.006,0.0,0.0,50.0,0.0,0.0,-1,0.0,G4_EV,ev=0.00115 <= floor=0.00600  meta_conf=0.5241,-1,0.0,0.0,
ETH/USDT,567,2026-04-02 12:00:00,short,0.51794,63.38,60.0,2026.98,19.462143,med_med_down,False,True,False,False,True,0.0,-0.6438923228729764,31.866223129730955,0.0,0.000786,0.006,0.0,0.0,50.0,0.0,0.0,-1,0.0,G4_EV,ev=0.00079 <= floor=0.00600  meta_conf=0.5179,-1,0.0,0.0,
ETH/USDT,568,2026-04-02 13:00:00,short,0.51715,66.91,60.0,2038.81,20.425,med_med_down,False,True,False,False,True,0.0,-0.5151501879827297,29.95915978257163,0.0,0.000972,0.006,0.0,0.0,50.0,0.0,0.0,-1,0.0,G4_EV,ev=0.00097 <= floor=0.00600  meta_conf=0.5171,-1,0.0,0.0,
ETH/USDT,569,2026-04-02 14:00:00,short,0.51689,91.54,60.0,2063.82,21.564286,med_high_down,,,True,False,False,0.0,0.0,50.0,0.0,0.0,0.0,0.0,0.0,50.0,0.0,0.0,-1,0.0,G1_REGIME,regime='med_high_down' skipped=True reg_empty=False,-1,0.0,0.0,
ETH/USDT,570,2026-04-02 15:00:00,short,0.53699,82.71,60.0,2059.6,18.217143,high_med_down,False,True,False,False,False,0.0,-0.35248230773026046,49.79416330164222,0.0,0.000864,0.006,0.0,0.0,50.0,0.0,0.0,-1,0.0,G4_EV,ev=0.00086 <= floor=0.00600  meta_conf=0.5370,-1,0.0,0.0,
ETH/USDT,571,2026-04-02 16:00:00,short,0.53729,80.7,60.0,2063.31,17.509286,high_med_down,False,True,False,False,False,0.0,-0.08219020120051203,60.79800001861112,0.0,0.000673,0.006,0.0,0.0,50.0,0.0,0.0,-1,0.0,G4_EV,ev=0.00067 <= floor=0.00600  meta_conf=0.5373,-1,0.0,0.0,
ETH/USDT,572,2026-04-02 17:00:00,short,0.54624,68.62,60.0,2047.23,17.317143,med_med_down,False,True,False,False,True,0.0,-0.15779760739897147,59.812004069460215,0.0,0.000863,0.006,0.0,0.0,50.0,0.0,0.0,-1,0.0,G4_EV,ev=0.00086 <= floor=0.00600  meta_conf=0.5462,-1,0.0,0.0,
ETH/USDT,573,2026-04-02 18:00:00,short,0.56406,76.5,60.0,2058.32,17.507857,med_med_down,False,True,False,False,False,0.0,0.02898713407763984,58.82369303170912,0.0,0.001299,0.006,0.0,0.0,50.0,0.0,0.0,-1,0.0,G4_EV,ev=0.00130 <= floor=0.00600  meta_conf=0.5641,-1,0.0,0.0,
ETH/USDT,574,2026-04-02 19:00:00,short,0.53965,73.54,60.0,2065.34,17.432143,med_med_down,False,True,False,False,False,0.0,0.14068200131656278,57.825519711895346,0.0,0.000702,0.006,0.0,0.0,50.0,0.0,0.0,-1,0.0,G4_EV,ev=0.00070 <= floor=0.00600  meta_conf=0.5396,-1,0.0,0.0,
ETH/USDT,575,2026-04-02 20:00:00,short,0.53594,74.25,60.0,2068.19,17.785714,med_med_down,False,True,False,False,False,0.0,0.13814579074054562,57.042077043498665,0.0,0.000704,0.006,0.0,0.0,50.0,0.0,0.0,-1,0.0,G4_EV,ev=0.00070 <= floor=0.00600  meta_conf=0.5359,-1,0.0,0.0,
ETH/USDT,576,2026-04-02 21:00:00,short,0.53979,74.36,60.0,2062.98,17.92,med_med_down,False,True,False,False,False,0.0,0.06824169602056064,56.47724738371112,0.0,0.000842,0.006,0.0,0.0,50.0,0.0,0.0,-1,0.0,G4_EV,ev=0.00084 <= floor=0.00600  meta_conf=0.5398,-1,0.0,0.0,
ETH/USDT,577,2026-04-02 22:00:00,short,0.53639,75.09,60.0,2060.03,17.967857,med_med_down,False,True,False,False,False,0.0,-0.019787948666742886,55.94705377253284,0.0,0.000782,0.006,0.0,0.0,50.0,0.0,0.0,-1,0.0,G4_EV,ev=0.00078 <= floor=0.00600  meta_conf=0.5364,-1,0.0,0.0,
ETH/USDT,578,2026-04-02 23:00:00,short,0.52415,74.42,60.0,2057.17,17.897857,med_med_down,False,True,False,False,False,0.0,0.035760126127107876,55.488215162177376,0.0,0.000483,0.006,0.0,0.0,50.0,0.0,0.0,-1,0.0,G4_EV,ev=0.00048 <= floor=0.00600  meta_conf=0.5242,-1,0.0,0.0,
ETH/USDT,579,2026-04-03 00:00:00,short,0.53106,74.16,60.0,2053.01,17.689286,med_med_down,False,True,False,False,False,0.0,0.033170785656016534,55.0398489759042,0.0,0.0006,0.006,0.0,0.0,50.0,0.0,0.0,-1,0.0,G4_EV,ev=0.00060 <= floor=0.00600  meta_conf=0.5311,-1,0.0,0.0,
ETH/USDT,580,2026-04-03 01:00:00,long,0.50885,75.85,60.0,2050.61,17.799286,med_med_down,False,True,False,False,False,0.0,0.0,50.0,0.0,0.0,0.0,0.0,0.0,50.0,0.0,0.0,-1,0.0,G2_EDGE,reg.buy_ok=False  regime='med_med_down',-1,0.0,0.0,
ETH/USDT,581,2026-04-03 02:00:00,long,0.51373,61.63,60.0,2052.48,18.475,med_med_flat,False,True,False,False,False,0.0,0.0,50.0,0.0,0.0,0.0,0.0,0.0,50.0,0.0,0.0,-1,0.0,G2_EDGE,reg.buy_ok=False  regime='med_med_flat',-1,0.0,0.0,
ETH/USDT,582,2026-04-03 03:00:00,long,0.51142,44.66,60.0,2054.23,17.272143,low_med_flat,False,True,False,False,False,0.0,0.0,50.0,0.0,0.0,0.0,0.0,0.0,50.0,0.0,0.0,-1,0.0,G2_EDGE,reg.buy_ok=False  regime='low_med_flat',-1,0.0,0.0,
ETH/USDT,583,2026-04-03 04:00:00,long,0.51324,42.59,60.0,2054.53,15.106429,low_med_flat,False,True,False,False,False,0.0,0.0,50.0,0.0,0.0,0.0,0.0,0.0,50.0,0.0,0.0,-1,0.0,G2_EDGE,reg.buy_ok=False  regime='low_med_flat',-1,0.0,0.0,
ETH/USDT,584,2026-04-03 05:00:00,long,0.50893,45.07,60.0,2057.12,14.959286,low_med_flat,False,True,False,False,False,0.0,0.0,50.0,0.0,0.0,0.0,0.0,0.0,50.0,0.0,0.0,-1,0.0,G2_EDGE,reg.buy_ok=False  regime='low_med_flat',-1,0.0,0.0,
ETH/USDT,585,2026-04-03 06:00:00,short,0.52253,65.06,60.0,2063.66,13.995714,low_low_flat,False,True,False,True,False,0.0,0.10586640806441443,74.47522848101605,0.0,-0.000536,0.006,0.0,0.0,50.0,0.0,0.0,-1,0.0,G4_EV,ev=-0.00054 <= floor=0.00600  meta_conf=0.5225,-1,0.0,0.0,
ETH/USDT,586,2026-04-03 07:00:00,short,0.53717,63.91,60.0,2065.85,12.957857,low_low_flat,False,True,False,True,False,0.0,0.2815277089401147,72.65253165398885,0.0,-0.000548,0.006,0.0,0.0,50.0,0.0,0.0,-1,0.0,G4_EV,ev=-0.00055 <= floor=0.00600  meta_conf=0.5372,-1,0.0,0.0,
ETH/USDT,587,2026-04-03 08:00:00,short,0.52105,66.95,60.0,2060.96,12.512143,low_low_up,False,True,False,True,False,0.0,0.06577592328765197,71.83749890045165,0.0,-0.000923,0.006,0.0,0.0,50.0,0.0,0.0,-1,0.0,G4_EV,ev=-0.00092 <= floor=0.00600  meta_conf=0.5211,-1,0.0,0.0,
ETH/USDT,588,2026-04-03 09:00:00,short,0.53315,64.32,60.0,2061.35,12.179286,low_low_up,False,True,False,True,False,0.0,0.11136688349066746,70.96117570860646,0.0,-0.000812,0.006,0.0,0.0,50.0,0.0,0.0,-1,0.0,G4_EV,ev=-0.00081 <= floor=0.00600  meta_conf=0.5331,-1,0.0,0.0,
ETH/USDT,589,2026-04-03 10:00:00,long,0.50707,41.36,60.0,2059.9,11.807143,low_low_up,False,True,False,False,False,0.0,0.0,50.0,0.0,0.0,0.0,0.0,0.0,50.0,0.0,0.0,-1,0.0,G2_EDGE,reg.buy_ok=False  regime='low_low_up',-1,0.0,0.0,
ETH/USDT,590,2026-04-03 11:00:00,short,0.51667,61.32,60.0,2062.64,11.269286,low_low_up,False,True,False,True,False,0.0,0.10090957971523111,68.76741071590115,0.0,-0.001296,0.006,0.0,0.0,50.0,0.0,0.0,-1,0.0,G4_EV,ev=-0.00130 <= floor=0.00600  meta_conf=0.5167,-1,0.0,0.0,
ETH/USDT,591,2026-04-03 12:00:00,long,0.54333,64.46,60.0,2049.84,13.075,low_low_up,False,True,False,False,False,0.0,0.0,50.0,0.0,0.0,0.0,0.0,0.0,50.0,0.0,0.0,-1,0.0,G2_EDGE,reg.buy_ok=False  regime='low_low_up',-1,0.0,0.0,
ETH/USDT,592,2026-04-03 13:00:00,long,0.52394,56.6,60.0,2048.17,13.192143,low_low_flat,False,True,False,False,False,0.0,0.0,50.0,0.0,0.0,0.0,0.0,0.0,50.0,0.0,0.0,-1,0.0,G2_EDGE,reg.buy_ok=False  regime='low_low_flat',-1,0.0,0.0,
ETH/USDT,593,2026-04-03 14:00:00,long,0.5237,55.86,60.0,2054.59,13.35,low_low_flat,False,True,False,False,False,0.0,0.0,50.0,0.0,0.0,0.0,0.0,0.0,50.0,0.0,0.0,-1,0.0,G2_EDGE,reg.buy_ok=False  regime='low_low_flat',-1,0.0,0.0,
ETH/USDT,594,2026-04-03 15:00:00,long,0.51696,51.6,60.0,2051.26,12.731429,low_low_flat,False,True,False,False,False,0.0,0.0,50.0,0.0,0.0,0.0,0.0,0.0,50.0,0.0,0.0,-1,0.0,G2_EDGE,reg.buy_ok=False  regime='low_low_flat',-1,0.0,0.0,
ETH/USDT,595,2026-04-03 16:00:00,long,0.51706,51.43,60.0,2054.7,11.847857,low_low_flat,False,True,False,False,False,0.0,0.0,50.0,0.0,0.0,0.0,0.0,0.0,50.0,0.0,0.0,-1,0.0,G2_EDGE,reg.buy_ok=False  regime='low_low_flat',-1,0.0,0.0,
ETH/USDT,596,2026-04-03 17:00:00,long,0.50474,58.46,60.0,2050.36,12.167857,low_low_flat,False,True,False,False,False,0.0,0.0,50.0,0.0,0.0,0.0,0.0,0.0,50.0,0.0,0.0,-1,0.0,G2_EDGE,reg.buy_ok=False  regime='low_low_flat',-1,0.0,0.0,
ETH/USDT,597,2026-04-03 18:00:00,long,0.50608,55.24,60.0,2049.26,11.908571,low_low_flat,False,True,False,False,False,0.0,0.0,50.0,0.0,0.0,0.0,0.0,0.0,50.0,0.0,0.0,-1,0.0,G2_EDGE,reg.buy_ok=False  regime='low_low_flat',-1,0.0,0.0,
ETH/USDT,598,2026-04-03 19:00:00,short,0.50413,76.47,60.0,2052.68,11.313571,low_low_flat,False,True,False,True,True,0.0,-0.41819623266255307,55.67129343831075,0.0,-0.001458,0.006,0.0,0.0,50.0,0.0,0.0,-1,0.0,G4_EV,ev=-0.00146 <= floor=0.00600  meta_conf=0.5041,-1,0.0,0.0,
ETH/USDT,599,2026-04-03 20:00:00,short,0.51741,78.1,60.0,2052.75,10.697143,low_low_flat,False,True,False,True,True,0.0,-0.49734627438464285,54.947354169663704,0.0,-0.00141,0.006,0.0,0.0,50.0,0.0,0.0,-1,0.0,G4_EV,ev=-0.00141 <= floor=0.00600  meta_conf=0.5174,-1,0.0,0.0,
ETH/USDT,600,2026-04-03 21:00:00,short,0.54659,78.51,60.0,2058.42,10.36,low_low_flat,False,True,False,True,True,0.0,-0.16283854828621,54.36730264339495,0.0,-0.001102,0.006,0.0,0.0,50.0,0.0,0.0,-1,0.0,G4_EV,ev=-0.00110 <= floor=0.00600  meta_conf=0.5466,-1,0.0,0.0,
ETH/USDT,601,2026-04-03 22:00:00,short,0.51404,79.63,60.0,2051.79,10.147857,low_low_flat,False,True,False,True,True,0.0,-0.5237398559669598,53.83157256207342,0.0,-0.001587,0.006,0.0,0.0,50.0,0.0,0.0,-1,0.0,G4_EV,ev=-0.00159 <= floor=0.00600  meta_conf=0.5140,-1,0.0,0.0,
ETH/USDT,602,2026-04-03 23:00:00,short,0.50442,78.32,60.0,2053.83,9.993571,low_low_flat,False,True,False,True,True,0.0,-0.4005871532121588,53.329475920015255,0.0,-0.001752,0.006,0.0,0.0,50.0,0.0,0.0,-1,0.0,G4_EV,ev=-0.00175 <= floor=0.00600  meta_conf=0.5044,-1,0.0,0.0,
ETH/USDT,603,2026-04-04 00:00:00,short,0.50873,76.14,60.0,2052.26,9.598571,low_low_flat,False,True,False,True,True,0.0,-0.478503838236115,52.8152792831637,0.0,-0.001785,0.006,0.0,0.0,50.0,0.0,0.0,-1,0.0,G4_EV,ev=-0.00179 <= floor=0.00600  meta_conf=0.5087,-1,0.0,0.0,
ETH/USDT,604,2026-04-04 01:00:00,short,0.51035,76.74,60.0,2051.27,9.413571,low_low_flat,False,True,False,True,True,0.0,-0.4811674952033889,52.377773622475104,0.0,-0.001807,0.006,0.0,0.0,50.0,0.0,0.0,-1,0.0,G4_EV,ev=-0.00181 <= floor=0.00600  meta_conf=0.5103,-1,0.0,0.0,
ETH/USDT,605,2026-04-04 02:00:00,short,0.51187,67.2,60.0,2050.13,7.177857,low_low_flat,False,True,False,False,True,0.0,-0.39275078492808385,78.73089891039147,0.0,-0.002312,0.006,0.0,0.0,50.0,0.0,0.0,-1,0.0,G4_EV,ev=-0.00231 <= floor=0.00600  meta_conf=0.5119,-1,0.0,0.0,
ETH/USDT,606,2026-04-04 03:00:00,short,0.54706,66.76,60.0,2050.05,6.662143,low_low_flat,False,True,False,False,True,0.0,-0.4269542468850286,81.52651683057056,0.0,-0.002125,0.006,0.0,0.0,50.0,0.0,0.0,-1,0.0,G4_EV,ev=-0.00212 <= floor=0.00600  meta_conf=0.5471,-1,0.0,0.0,
ETH/USDT,607,2026-04-04 04:00:00,short,0.52521,76.33,60.0,2051.21,6.048571,low_low_flat,False,True,False,True,True,0.0,-0.386722120046594,79.60104397182914,0.0,-0.002472,0.006,0.0,0.0,50.0,0.0,0.0,-1,0.0,G4_EV,ev=-0.00247 <= floor=0.00600  meta_conf=0.5252,-1,0.0,0.0,
ETH/USDT,608,2026-04-04 05:00:00,long,0.51012,71.7,60.0,2053.79,5.768571,low_low_flat,False,True,False,False,False,0.0,0.0,50.0,0.0,0.0,0.0,0.0,0.0,50.0,0.0,0.0,-1,0.0,G2_EDGE,reg.buy_ok=False  regime='low_low_flat',-1,0.0,0.0,
ETH/USDT,609,2026-04-04 06:00:00,long,0.52067,76.54,60.0,2056.46,5.660714,low_low_flat,False,True,False,False,False,0.0,0.0,50.0,0.0,0.0,0.0,0.0,0.0,50.0,0.0,0.0,-1,0.0,G2_EDGE,reg.buy_ok=False  regime='low_low_flat',-1,0.0,0.0,
ETH/USDT,610,2026-04-04 07:00:00,long,0.52359,54.29,60.0,2053.82,5.242857,low_low_flat,False,True,False,False,False,0.0,0.0,50.0,0.0,0.0,0.0,0.0,0.0,50.0,0.0,0.0,-1,0.0,G2_EDGE,reg.buy_ok=False  regime='low_low_flat',-1,0.0,0.0,
ETH/USDT,611,2026-04-04 08:00:00,long,0.53152,60.85,60.0,2050.57,5.265714,low_low_flat,False,True,False,False,False,0.0,0.0,50.0,0.0,0.0,0.0,0.0,0.0,50.0,0.0,0.0,-1,0.0,G2_EDGE,reg.buy_ok=False  regime='low_low_flat',-1,0.0,0.0,
ETH/USDT,612,2026-04-04 09:00:00,long,0.52293,62.47,60.0,2050.43,4.807143,low_low_flat,False,True,False,False,False,0.0,0.0,50.0,0.0,0.0,0.0,0.0,0.0,50.0,0.0,0.0,-1,0.0,G2_EDGE,reg.buy_ok=False  regime='low_low_flat',-1,0.0,0.0,
ETH/USDT,613,2026-04-04 10:00:00,long,0.52571,59.17,60.0,2054.32,5.095,low_low_flat,False,True,False,False,False,0.0,0.0,50.0,0.0,0.0,0.0,0.0,0.0,50.0,0.0,0.0,-1,0.0,G2_EDGE,reg.buy_ok=False  regime='low_low_flat',-1,0.0,0.0,
ETH/USDT,614,2026-04-04 11:00:00,long,0.5321,53.15,60.0,2051.84,4.772143,low_low_flat,False,True,False,False,False,0.0,0.0,50.0,0.0,0.0,0.0,0.0,0.0,50.0,0.0,0.0,-1,0.0,G2_EDGE,reg.buy_ok=False  regime='low_low_flat',-1,0.0,0.0,
ETH/USDT,615,2026-04-04 12:00:00,long,0.52308,61.03,60.0,2050.15,4.398571,low_low_flat,False,True,False,False,False,0.0,0.0,50.0,0.0,0.0,0.0,0.0,0.0,50.0,0.0,0.0,-1,0.0,G2_EDGE,reg.buy_ok=False  regime='low_low_flat',-1,0.0,0.0,
ETH/USDT,616,2026-04-04 13:00:00,long,0.53805,78.49,60.0,2053.59,4.407857,low_low_flat,False,True,False,False,False,0.0,0.0,50.0,0.0,0.0,0.0,0.0,0.0,50.0,0.0,0.0,-1,0.0,G2_EDGE,reg.buy_ok=False  regime='low_low_flat',-1,0.0,0.0,
ETH/USDT,617,2026-04-04 14:00:00,long,0.53852,63.88,60.0,2053.1,4.957143,low_low_flat,False,True,False,False,False,0.0,0.0,50.0,0.0,0.0,0.0,0.0,0.0,50.0,0.0,0.0,-1,0.0,G2_EDGE,reg.buy_ok=False  regime='low_low_flat',-1,0.0,0.0,
ETH/USDT,618,2026-04-04 15:00:00,long,0.53028,81.26,60.0,2056.29,5.345714,low_low_flat,False,True,False,False,False,0.0,0.0,50.0,0.0,0.0,0.0,0.0,0.0,50.0,0.0,0.0,-1,0.0,G2_EDGE,reg.buy_ok=False  regime='low_low_flat',-1,0.0,0.0,
ETH/USDT,619,2026-04-04 16:00:00,long,0.52131,62.72,60.0,2055.75,5.584286,low_low_flat,False,True,False,False,False,0.0,0.0,50.0,0.0,0.0,0.0,0.0,0.0,50.0,0.0,0.0,-1,0.0,G2_EDGE,reg.buy_ok=False  regime='low_low_flat',-1,0.0,0.0,
ETH/USDT,620,2026-04-04 17:00:00,long,0.527,59.88,60.0,2056.98,5.792143,low_low_flat,False,True,False,False,False,0.0,0.0,50.0,0.0,0.0,0.0,0.0,0.0,50.0,0.0,0.0,-1,0.0,G2_EDGE,reg.buy_ok=False  regime='low_low_flat',-1,0.0,0.0,
ETH/USDT,621,2026-04-04 18:00:00,long,0.52089,55.6,60.0,2055.15,5.800714,low_low_flat,False,True,False,False,False,0.0,0.0,50.0,0.0,0.0,0.0,0.0,0.0,50.0,0.0,0.0,-1,0.0,G2_EDGE,reg.buy_ok=False  regime='low_low_flat',-1,0.0,0.0,
ETH/USDT,622,2026-04-04 19:00:00,short,0.51258,70.87,60.0,2064.71,7.54,low_low_flat,False,True,False,True,True,0.0,0.5971564972968327,24.253899029918994,1.0,-0.002233,0.006,0.0,0.0,50.0,0.0,0.0,-1,0.0,G4_EV,ev=-0.00223 <= floor=0.00600  meta_conf=0.5126,-1,0.0,0.0,
ETH/USDT,623,2026-04-04 20:00:00,short,0.51478,52.05,60.0,2062.81,7.547143,low_low_flat,False,True,False,False,False,0.0,0.0,50.0,0.0,0.0,0.0,0.0,0.0,50.0,0.0,0.0,-1,0.0,G2_EDGE,edge=52.0 < thr=60.0,-1,0.0,0.0,
ETH/USDT,624,2026-04-04 21:00:00,short,0.56224,51.24,60.0,2068.83,7.786429,low_low_flat,False,True,False,False,False,0.0,0.0,50.0,0.0,0.0,0.0,0.0,0.0,50.0,0.0,0.0,-1,0.0,G2_EDGE,edge=51.2 < thr=60.0,-1,0.0,0.0,
ETH/USDT,625,2026-04-04 22:00:00,short,0.57259,69.99,60.0,2069.14,7.683571,low_low_up,False,True,False,True,True,0.0,0.6143886033734046,27.57871112330006,0.0,-0.001601,0.006,0.0,0.0,50.0,0.0,0.0,-1,0.0,G4_EV,ev=-0.00160 <= floor=0.00600  meta_conf=0.5726,-1,0.0,0.0,
ETH/USDT,626,2026-04-04 23:00:00,short,0.54101,71.63,60.0,2065.52,7.977857,low_low_flat,False,True,False,True,True,0.0,0.4102543522616067,29.024627429359253,0.0,-0.001834,0.006,0.0,0.0,50.0,0.0,0.0,-1,0.0,G4_EV,ev=-0.00183 <= floor=0.00600  meta_conf=0.5410,-1,0.0,0.0,
ETH/USDT,627,2026-04-05 00:00:00,short,0.55786,71.52,60.0,2062.1,7.854286,low_low_flat,False,True,False,True,True,0.0,0.36520236742542095,30.23953225379885,0.0,-0.001691,0.006,0.0,0.0,50.0,0.0,0.0,-1,0.0,G4_EV,ev=-0.00169 <= floor=0.00600  meta_conf=0.5579,-1,0.0,0.0,
ETH/USDT,628,2026-04-05 01:00:00,long,0.52816,76.03,60.0,2057.37,7.965714,low_low_flat,False,True,False,False,False,0.0,0.0,50.0,0.0,0.0,0.0,0.0,0.0,50.0,0.0,0.0,-1,0.0,G2_EDGE,reg.buy_ok=False  regime='low_low_flat',-1,0.0,0.0,
ETH/USDT,629,2026-04-05 02:00:00,long,0.52089,78.01,60.0,2059.86,8.026429,low_low_flat,False,True,False,False,False,0.0,0.0,50.0,0.0,0.0,0.0,0.0,0.0,50.0,0.0,0.0,-1,0.0,G2_EDGE,reg.buy_ok=False  regime='low_low_flat',-1,0.0,0.0,
ETH/USDT,630,2026-04-05 03:00:00,long,0.51267,72.93,60.0,2056.64,8.039286,low_low_flat,False,True,False,False,False,0.0,0.0,50.0,0.0,0.0,0.0,0.0,0.0,50.0,0.0,0.0,-1,0.0,G2_EDGE,reg.buy_ok=False  regime='low_low_flat',-1,0.0,0.0,
ETH/USDT,631,2026-04-05 04:00:00,long,0.51389,72.66,60.0,2055.16,7.605714,low_low_flat,False,True,False,False,False,0.0,0.0,50.0,0.0,0.0,0.0,0.0,0.0,50.0,0.0,0.0,-1,0.0,G2_EDGE,reg.buy_ok=False  regime='low_low_flat',-1,0.0,0.0,
ETH/USDT,632,2026-04-05 05:00:00,long,0.51891,83.01,60.0,2048.6,7.602143,low_low_flat,False,True,False,False,False,0.0,0.0,50.0,0.0,0.0,0.0,0.0,0.0,50.0,0.0,0.0,-1,0.0,G2_EDGE,reg.buy_ok=False  regime='low_low_flat',-1,0.0,0.0,
ETH/USDT,633,2026-04-05 06:00:00,long,0.55831,100.0,60.0,2038.32,8.492143,low_low_flat,False,True,False,False,False,0.0,0.0,50.0,0.0,0.0,0.0,0.0,0.0,50.0,0.0,0.0,-1,0.0,G2_EDGE,reg.buy_ok=False  regime='low_low_flat',-1,0.0,0.0,
ETH/USDT,634,2026-04-05 07:00:00,long,0.54578,80.44,60.0,2037.29,8.698571,low_low_flat,False,True,False,False,False,0.0,0.0,50.0,0.0,0.0,0.0,0.0,0.0,50.0,0.0,0.0,-1,0.0,G2_EDGE,reg.buy_ok=False  regime='low_low_flat',-1,0.0,0.0,
ETH/USDT,635,2026-04-05 08:00:00,long,0.54399,79.07,60.0,2039.16,8.748571,low_low_flat,False,True,False,False,False,0.0,0.0,50.0,0.0,0.0,0.0,0.0,0.0,50.0,0.0,0.0,-1,0.0,G2_EDGE,reg.buy_ok=False  regime='low_low_flat',-1,0.0,0.0,
ETH/USDT,636,2026-04-05 09:00:00,long,0.53844,79.95,60.0,2044.42,7.196429,low_low_flat,False,True,False,False,False,0.0,0.0,50.0,0.0,0.0,0.0,0.0,0.0,50.0,0.0,0.0,-1,0.0,G2_EDGE,reg.buy_ok=False  regime='low_low_flat',-1,0.0,0.0,
ETH/USDT,637,2026-04-05 10:00:00,long,0.54204,81.01,60.0,2044.74,7.539286,low_low_flat,False,True,False,False,False,0.0,0.0,50.0,0.0,0.0,0.0,0.0,0.0,50.0,0.0,0.0,-1,0.0,G2_EDGE,reg.buy_ok=False  regime='low_low_flat',-1,0.0,0.0,
ETH/USDT,638,2026-04-05 11:00:00,long,0.52158,77.96,60.0,2042.32,7.267143,low_low_flat,False,True,False,False,False,0.0,0.0,50.0,0.0,0.0,0.0,0.0,0.0,50.0,0.0,0.0,-1,0.0,G2_EDGE,reg.buy_ok=False  regime='low_low_flat',-1,0.0,0.0,
ETH/USDT,639,2026-04-05 12:00:00,long,0.55937,88.68,60.0,2028.36,8.457143,low_low_flat,False,True,False,False,False,0.0,0.0,50.0,0.0,0.0,0.0,0.0,0.0,50.0,0.0,0.0,-1,0.0,G2_EDGE,reg.buy_ok=False  regime='low_low_flat',-1,0.0,0.0,
ETH/USDT,640,2026-04-05 13:00:00,long,0.53403,83.51,60.0,2036.63,8.845714,low_low_flat,False,True,False,False,False,0.0,0.0,50.0,0.0,0.0,0.0,0.0,0.0,50.0,0.0,0.0,-1,0.0,G2_EDGE,reg.buy_ok=False  regime='low_low_flat',-1,0.0,0.0,
ETH/USDT,641,2026-04-05 14:00:00,long,0.53317,84.17,60.0,2038.49,9.047857,low_low_flat,False,True,False,False,False,0.0,0.0,50.0,0.0,0.0,0.0,0.0,0.0,50.0,0.0,0.0,-1,0.0,G2_EDGE,reg.buy_ok=False  regime='low_low_flat',-1,0.0,0.0,
ETH/USDT,642,2026-04-05 15:00:00,long,0.51917,86.28,60.0,2053.85,11.192143,low_low_flat,False,True,False,False,False,0.0,0.0,50.0,0.0,0.0,0.0,0.0,0.0,50.0,0.0,0.0,-1,0.0,G2_EDGE,reg.buy_ok=False  regime='low_low_flat',-1,0.0,0.0,
ETH/USDT,643,2026-04-05 16:00:00,long,0.51054,85.9,60.0,2052.15,11.424286,low_low_flat,False,True,False,False,False,0.0,0.0,50.0,0.0,0.0,0.0,0.0,0.0,50.0,0.0,0.0,-1,0.0,G2_EDGE,reg.buy_ok=False  regime='low_low_flat',-1,0.0,0.0,
ETH/USDT,644,2026-04-05 17:00:00,long,0.51104,75.35,60.0,2062.53,12.043571,low_low_flat,False,True,False,False,False,0.0,0.0,50.0,0.0,0.0,0.0,0.0,0.0,50.0,0.0,0.0,-1,0.0,G2_EDGE,reg.buy_ok=False  regime='low_low_flat',-1,0.0,0.0,
ETH/USDT,645,2026-04-05 18:00:00,short,0.50055,82.58,60.0,2062.99,12.437857,low_low_flat,False,True,False,True,False,0.0,0.42714030249400925,37.15204819594001,0.0,-0.001278,0.006,0.0,0.0,50.0,0.0,0.0,-1,0.0,G4_EV,ev=-0.00128 <= floor=0.00600  meta_conf=0.5006,-1,0.0,0.0,
ETH/USDT,646,2026-04-05 19:00:00,long,0.51048,72.17,60.0,2062.37,12.586429,low_low_flat,False,True,False,False,False,0.0,0.0,50.0,0.0,0.0,0.0,0.0,0.0,50.0,0.0,0.0,-1,0.0,G2_EDGE,reg.buy_ok=False  regime='low_low_flat',-1,0.0,0.0,
ETH/USDT,647,2026-04-05 20:00:00,short,0.5036,82.26,60.0,2068.91,12.01,low_low_flat,False,True,False,True,False,0.0,0.6619411577966626,35.688953187246476,0.0,-0.001331,0.006,0.0,0.0,50.0,0.0,0.0,-1,0.0,G4_EV,ev=-0.00133 <= floor=0.00600  meta_conf=0.5036,-1,0.0,0.0,
ETH/USDT,648,2026-04-05 21:00:00,long,0.50322,73.14,60.0,2060.01,12.315714,low_low_flat,False,True,False,False,False,0.0,0.0,50.0,0.0,0.0,0.0,0.0,0.0,50.0,0.0,0.0,-1,0.0,G2_EDGE,reg.buy_ok=False  regime='low_low_flat',-1,0.0,0.0,
ETH/USDT,649,2026-04-05 22:00:00,short,0.54618,100.0,60.0,2085.79,14.742143,low_med_up,False,False,False,False,False,0.0,0.0,50.0,0.0,0.0,0.0,0.0,0.0,50.0,0.0,0.0,-1,0.0,G2_EDGE,reg.sell_ok=False  regime='low_med_up',-1,0.0,0.0,
ETH/USDT,650,2026-04-05 23:00:00,short,0.53786,100.0,60.0,2110.17,17.171429,low_med_up,False,False,False,False,False,0.0,0.0,50.0,0.0,0.0,0.0,0.0,0.0,50.0,0.0,0.0,-1,0.0,G2_EDGE,reg.sell_ok=False  regime='low_med_up',-1,0.0,0.0,
ETH/USDT,651,2026-04-06 00:00:00,short,0.5246,100.0,60.0,2121.99,18.252143,low_med_up,False,False,False,False,False,0.0,0.0,50.0,0.0,0.0,0.0,0.0,0.0,50.0,0.0,0.0,-1,0.0,G2_EDGE,reg.sell_ok=False  regime='low_med_up',-1,0.0,0.0,
ETH/USDT,652,2026-04-06 01:00:00,short,0.55021,86.29,60.0,2115.12,18.733571,low_med_up,False,False,False,False,False,0.0,0.0,50.0,0.0,0.0,0.0,0.0,0.0,50.0,0.0,0.0,-1,0.0,G2_EDGE,reg.sell_ok=False  regime='low_med_up',-1,0.0,0.0,
ETH/USDT,653,2026-04-06 02:00:00,short,0.51646,99.46,60.0,2133.59,19.578571,low_med_up,False,False,False,False,False,0.0,0.0,50.0,0.0,0.0,0.0,0.0,0.0,50.0,0.0,0.0,-1,0.0,G2_EDGE,reg.sell_ok=False  regime='low_med_up',-1,0.0,0.0,
ETH/USDT,654,2026-04-06 03:00:00,short,0.54963,84.06,60.0,2129.35,19.481429,low_med_up,False,False,False,False,False,0.0,0.0,50.0,0.0,0.0,0.0,0.0,0.0,50.0,0.0,0.0,-1,0.0,G2_EDGE,reg.sell_ok=False  regime='low_med_up',-1,0.0,0.0,
ETH/USDT,655,2026-04-06 04:00:00,short,0.57306,83.34,60.0,2131.06,19.59,low_med_up,False,False,False,False,False,0.0,0.0,50.0,0.0,0.0,0.0,0.0,0.0,50.0,0.0,0.0,-1,0.0,G2_EDGE,reg.sell_ok=False  regime='low_med_up',-1,0.0,0.0,
ETH/USDT,656,2026-04-06 05:00:00,short,0.6082,82.08,60.0,2131.29,17.510714,low_med_up,False,False,False,False,False,0.0,0.0,50.0,0.0,0.0,0.0,0.0,0.0,50.0,0.0,0.0,-1,0.0,G2_EDGE,reg.sell_ok=False  regime='low_med_up',-1,0.0,0.0,
ETH/USDT,657,2026-04-06 06:00:00,short,0.60082,87.78,60.0,2127.53,18.221429,low_med_up,False,False,False,False,False,0.0,0.0,50.0,0.0,0.0,0.0,0.0,0.0,50.0,0.0,0.0,-1,0.0,G2_EDGE,reg.sell_ok=False  regime='low_med_up',-1,0.0,0.0,
ETH/USDT,658,2026-04-06 07:00:00,short,0.59667,85.74,60.0,2134.9,18.53,low_med_up,False,False,False,False,False,0.0,0.0,50.0,0.0,0.0,0.0,0.0,0.0,50.0,0.0,0.0,-1,0.0,G2_EDGE,reg.sell_ok=False  regime='low_med_up',-1,0.0,0.0,
ETH/USDT,659,2026-04-06 08:00:00,short,0.57821,84.57,60.0,2138.48,18.889286,low_med_up,False,False,False,False,False,0.0,0.0,50.0,0.0,0.0,0.0,0.0,0.0,50.0,0.0,0.0,-1,0.0,G2_EDGE,reg.sell_ok=False  regime='low_med_up',-1,0.0,0.0,
ETH/USDT,660,2026-04-06 09:00:00,short,0.55979,100.0,60.0,2150.97,20.647857,low_med_up,False,False,False,False,False,0.0,0.0,50.0,0.0,0.0,0.0,0.0,0.0,50.0,0.0,0.0,-1,0.0,G2_EDGE,reg.sell_ok=False  regime='low_med_up',-1,0.0,0.0,
ETH/USDT,661,2026-04-06 10:00:00,short,0.56374,81.97,60.0,2153.27,20.292857,med_med_up,False,True,False,True,False,0.0,0.6690746647770184,26.923750059235523,0.0,0.001863,0.006,0.0,0.0,50.0,0.0,0.0,-1,0.0,G4_EV,ev=0.00186 <= floor=0.00600  meta_conf=0.5637,-1,0.0,0.0,
ETH/USDT,662,2026-04-06 11:00:00,short,0.57394,82.84,60.0,2151.53,19.914286,med_med_up,False,True,False,True,False,0.0,0.544526468240793,28.04088355798205,0.0,0.002013,0.006,0.0,0.0,50.0,0.0,0.0,-1,0.0,G4_EV,ev=0.00201 <= floor=0.00600  meta_conf=0.5739,-1,0.0,0.0,
ETH/USDT,663,2026-04-06 12:00:00,short,0.56948,84.08,60.0,2143.59,18.072143,med_med_up,False,True,False,True,False,0.0,0.4506295213753391,39.89070903791405,0.0,0.001375,0.006,0.0,0.0,50.0,0.0,0.0,-1,0.0,G4_EV,ev=0.00138 <= floor=0.00600  meta_conf=0.5695,-1,0.0,0.0,
ETH/USDT,664,2026-04-06 13:00:00,short,0.56903,85.71,60.0,2145.99,15.955,med_med_up,False,True,False,True,False,0.0,0.5401293976960707,53.28310363080267,0.0,0.000731,0.006,0.0,0.0,50.0,0.0,0.0,-1,0.0,G4_EV,ev=0.00073 <= floor=0.00600  meta_conf=0.5690,-1,0.0,0.0,
ETH/USDT,665,2026-04-06 14:00:00,short,0.53653,100.0,60.0,2156.71,16.152143,med_med_up,False,True,False,True,False,0.0,0.5722728322947626,54.35945860933333,0.0,0.000109,0.006,0.0,0.0,50.0,0.0,0.0,-1,0.0,G4_EV,ev=0.00011 <= floor=0.00600  meta_conf=0.5365,-1,0.0,0.0,
ETH/USDT,666,2026-04-06 15:00:00,short,0.56908,85.24,60.0,2164.65,16.298571,med_med_up,False,True,False,True,False,0.0,0.6189832611424673,55.31043362666114,0.0,0.000793,0.006,0.0,0.0,50.0,0.0,0.0,-1,0.0,G4_EV,ev=0.00079 <= floor=0.00600  meta_conf=0.5691,-1,0.0,0.0,
ETH/USDT,667,2026-04-06 16:00:00,short,0.55876,77.11,60.0,2140.62,15.985714,med_med_up,False,True,False,False,False,0.0,0.31536642605865967,58.377177242287125,0.0,0.000545,0.006,0.0,0.0,50.0,0.0,0.0,-1,0.0,G4_EV,ev=0.00055 <= floor=0.00600  meta_conf=0.5588,-1,0.0,0.0,
ETH/USDT,668,2026-04-06 17:00:00,short,0.5565,79.98,60.0,2134.95,16.465714,med_med_up,False,True,False,False,False,0.0,0.29203104100128624,57.92734005492394,0.0,0.000647,0.006,0.0,0.0,50.0,0.0,0.0,-1,0.0,G4_EV,ev=0.00065 <= floor=0.00600  meta_conf=0.5565,-1,0.0,0.0,
ETH/USDT,669,2026-04-06 18:00:00,short,0.54171,81.08,60.0,2144.84,16.984286,med_med_up,False,True,False,True,False,0.0,0.43228998493562976,57.53431275999602,0.0,0.000455,0.006,0.0,0.0,50.0,0.0,0.0,-1,0.0,G4_EV,ev=0.00046 <= floor=0.00600  meta_conf=0.5417,-1,0.0,0.0,
ETH/USDT,670,2026-04-06 19:00:00,short,0.57486,83.24,60.0,2144.25,17.255714,med_med_up,False,True,False,True,False,0.0,0.31615957683213325,57.49563048581955,0.0,0.001248,0.006,0.0,0.0,50.0,0.0,0.0,-1,0.0,G4_EV,ev=0.00125 <= floor=0.00600  meta_conf=0.5749,-1,0.0,0.0,
ETH/USDT,671,2026-04-06 20:00:00,short,0.58942,81.55,60.0,2148.81,16.945,med_med_up,False,True,False,True,False,0.0,0.41794127998115915,59.28329524640022,0.0,0.001452,0.006,0.0,0.0,50.0,0.0,0.0,-1,0.0,G4_EV,ev=0.00145 <= floor=0.00600  meta_conf=0.5894,-1,0.0,0.0,
ETH/USDT,672,2026-04-06 21:00:00,short,0.60092,74.04,60.0,2139.54,16.438571,med_med_up,False,True,False,False,False,0.0,0.1494248352311342,59.52862359924567,0.0,0.001551,0.006,0.0,0.0,50.0,0.0,0.0,-1,0.0,G4_EV,ev=0.00155 <= floor=0.00600  meta_conf=0.6009,-1,0.0,0.0,
ETH/USDT,673,2026-04-06 22:00:00,short,0.53419,86.64,60.0,2105.41,17.939286,med_med_up,False,True,False,False,False,0.0,-0.582508423096586,47.860857798212535,-1.0,0.000621,0.006,0.0,0.0,50.0,0.0,0.0,-1,0.0,G4_EV,ev=0.00062 <= floor=0.00600  meta_conf=0.5342,-1,0.0,0.0,
ETH/USDT,674,2026-04-06 23:00:00,short,0.50642,78.63,60.0,2107.16,16.98,med_med_flat,False,True,False,False,True,0.0,-0.35523457703913225,40.91133424748011,0.0,-0.000234,0.006,0.0,0.0,50.0,0.0,0.0,-1,0.0,G4_EV,ev=-0.00023 <= floor=0.00600  meta_conf=0.5064,-1,0.0,0.0,
ETH/USDT,675,2026-04-07 00:00:00,short,0.55099,71.8,60.0,2112.66,17.435,med_med_flat,False,True,False,False,True,0.0,-0.3350346737040746,40.46058732509149,0.0,0.00085,0.006,0.0,0.0,50.0,0.0,0.0,-1,0.0,G4_EV,ev=0.00085 <= floor=0.00600  meta_conf=0.5510,-1,0.0,0.0,
ETH/USDT,676,2026-04-07 01:00:00,short,0.54164,73.4,60.0,2099.51,18.557143,med_med_flat,False,True,False,False,True,0.0,-0.5716218263876883,40.24464371569842,0.0,0.000971,0.006,0.0,0.0,50.0,0.0,0.0,-1,0.0,G4_EV,ev=0.00097 <= floor=0.00600  meta_conf=0.5416,-1,0.0,0.0,
ETH/USDT,677,2026-04-07 02:00:00,short,0.56045,70.48,60.0,2106.84,18.97,med_med_flat,False,True,False,False,True,0.0,-0.3871572868627403,40.38764514169564,0.0,0.001521,0.006,0.0,0.0,50.0,0.0,0.0,-1,0.0,G4_EV,ev=0.00152 <= floor=0.00600  meta_conf=0.5605,-1,0.0,0.0,
ETH/USDT,678,2026-04-07 03:00:00,short,0.59251,68.37,60.0,2108.37,18.585714,med_med_flat,False,True,False,False,True,0.0,-0.31417098333616916,40.803557622087375,0.0,0.002169,0.006,0.0,0.0,50.0,0.0,0.0,-1,0.0,G4_EV,ev=0.00217 <= floor=0.00600  meta_conf=0.5925,-1,0.0,0.0,
ETH/USDT,679,2026-04-07 04:00:00,short,0.58429,69.2,60.0,2114.22,17.696429,med_med_flat,False,True,False,False,True,0.0,-0.31101978431585386,41.04559747314476,0.0,0.001672,0.006,0.0,0.0,50.0,0.0,0.0,-1,0.0,G4_EV,ev=0.00167 <= floor=0.00600  meta_conf=0.5843,-1,0.0,0.0,
ETH/USDT,680,2026-04-07 05:00:00,short,0.60665,61.17,60.0,2105.52,17.466429,med_med_flat,False,True,False,False,True,0.0,-0.4598565423938446,41.63596382877936,0.0,0.002122,0.006,0.0,0.0,50.0,0.0,0.0,-1,0.0,G4_EV,ev=0.00212 <= floor=0.00600  meta_conf=0.6066,-1,0.0,0.0,
ETH/USDT,681,2026-04-07 06:00:00,short,0.57098,71.58,60.0,2104.25,16.153571,med_med_flat,False,True,False,False,True,0.0,-0.45145799115413315,48.639751241577514,0.0,0.000926,0.006,0.0,0.0,50.0,0.0,0.0,-1,0.0,G4_EV,ev=0.00093 <= floor=0.00600  meta_conf=0.5710,-1,0.0,0.0,
ETH/USDT,682,2026-04-07 07:00:00,short,0.5782,71.71,60.0,2104.04,15.438571,med_med_flat,False,True,False,False,True,0.0,-0.45096292948816774,48.479819469866676,0.0,0.000851,0.006,0.0,0.0,50.0,0.0,0.0,-1,0.0,G4_EV,ev=0.00085 <= floor=0.00600  meta_conf=0.5782,-1,0.0,0.0,
ETH/USDT,683,2026-04-07 08:00:00,short,0.57931,70.01,60.0,2114.84,15.236429,med_med_flat,False,True,False,False,True,0.0,-0.20201573110630225,48.20610719901184,0.0,0.000785,0.006,0.0,0.0,50.0,0.0,0.0,-1,0.0,G4_EV,ev=0.00078 <= floor=0.00600  meta_conf=0.5793,-1,0.0,0.0,
ETH/USDT,684,2026-04-07 09:00:00,short,0.5641,81.4,60.0,2128.26,15.929286,med_med_flat,False,True,False,False,False,0.0,-0.11816155676995468,47.99706252751175,0.0,0.000663,0.006,0.0,0.0,50.0,0.0,0.0,-1,0.0,G4_EV,ev=0.00066 <= floor=0.00600  meta_conf=0.5641,-1,0.0,0.0,
ETH/USDT,685,2026-04-07 10:00:00,short,0.52039,80.16,60.0,2089.32,18.142143,med_med_down,False,True,False,False,True,0.0,-0.5135705676220035,50.82773522780194,0.0,0.000386,0.006,0.0,0.0,50.0,0.0,0.0,-1,0.0,G4_EV,ev=0.00039 <= floor=0.00600  meta_conf=0.5204,-1,0.0,0.0,
ETH/USDT,686,2026-04-07 11:00:00,short,0.56095,76.46,60.0,2089.58,18.185,med_med_down,False,True,False,False,True,0.0,-0.4833109790486102,53.8507899382025,0.0,0.001348,0.006,0.0,0.0,50.0,0.0,0.0,-1,0.0,G4_EV,ev=0.00135 <= floor=0.00600  meta_conf=0.5610,-1,0.0,0.0,
ETH/USDT,687,2026-04-07 12:00:00,short,0.53206,81.31,60.0,2086.99,17.009286,med_med_down,False,True,False,False,True,0.0,-0.5609286891027407,52.97524510072394,0.0,0.000373,0.006,0.0,0.0,50.0,0.0,0.0,-1,0.0,G4_EV,ev=0.00037 <= floor=0.00600  meta_conf=0.5321,-1,0.0,0.0,
ETH/USDT,688,2026-04-07 13:00:00,short,0.55358,78.59,60.0,2074.97,16.707857,med_med_down,False,True,False,False,True,0.0,-0.6372505513843507,52.93257110716994,0.0,0.000788,0.006,0.0,0.0,50.0,0.0,0.0,-1,0.0,G4_EV,ev=0.00079 <= floor=0.00600  meta_conf=0.5536,-1,0.0,0.0,
ETH/USDT,689,2026-04-07 14:00:00,long,0.50715,100.0,60.0,2069.44,17.187143,med_med_down,False,True,False,False,False,0.0,0.0,50.0,0.0,0.0,0.0,0.0,0.0,50.0,0.0,0.0,-1,0.0,G2_EDGE,reg.buy_ok=False  regime='med_med_down',-1,0.0,0.0,
ETH/USDT,690,2026-04-07 15:00:00,short,0.50801,77.36,60.0,2080.06,16.915,med_med_down,False,True,False,False,True,0.0,-0.4871485186067209,44.734045698116034,0.0,-0.000165,0.006,0.0,0.0,50.0,0.0,0.0,-1,0.0,G4_EV,ev=-0.00016 <= floor=0.00600  meta_conf=0.5080,-1,0.0,0.0,
ETH/USDT,691,2026-04-07 16:00:00,short,0.53338,71.89,60.0,2083.76,16.531429,med_med_down,False,True,False,False,True,0.0,-0.3993941299346435,44.346451126581584,0.0,0.000285,0.006,0.0,0.0,50.0,0.0,0.0,-1,0.0,G4_EV,ev=0.00029 <= floor=0.00600  meta_conf=0.5334,-1,0.0,0.0,
ETH/USDT,692,2026-04-07 17:00:00,short,0.53339,84.25,60.0,2099.5,18.620714,med_med_down,False,True,False,False,False,0.0,-0.20870641365456913,44.352042278158834,0.0,0.000791,0.006,0.0,0.0,50.0,0.0,0.0,-1,0.0,G4_EV,ev=0.00079 <= floor=0.00600  meta_conf=0.5334,-1,0.0,0.0,
ETH/USDT,693,2026-04-07 18:00:00,short,0.51845,69.63,60.0,2086.3,18.865714,med_med_down,False,True,False,False,True,0.0,-0.41305790932768016,44.53835978708417,0.0,0.00052,0.006,0.0,0.0,50.0,0.0,0.0,-1,0.0,G4_EV,ev=0.00052 <= floor=0.00600  meta_conf=0.5185,-1,0.0,0.0,
ETH/USDT,694,2026-04-07 19:00:00,short,0.51253,63.77,60.0,2113.39,20.417857,med_med_flat,False,True,False,False,False,0.0,0.25437070426620895,45.00461461617839,0.0,0.000674,0.006,0.0,0.0,50.0,0.0,0.0,-1,0.0,G4_EV,ev=0.00067 <= floor=0.00600  meta_conf=0.5125,-1,0.0,0.0,
ETH/USDT,695,2026-04-07 20:00:00,short,0.52258,57.96,60.0,2115.53,20.776429,med_med_down,False,True,False,False,False,0.0,0.0,50.0,0.0,0.0,0.0,0.0,0.0,50.0,0.0,0.0,-1,0.0,G2_EDGE,edge=58.0 < thr=60.0,-1,0.0,0.0,
ETH/USDT,696,2026-04-07 21:00:00,short,0.56955,84.88,60.0,2145.04,22.925714,med_high_flat,,,True,False,False,0.0,0.0,50.0,0.0,0.0,0.0,0.0,0.0,50.0,0.0,0.0,-1,0.0,G1_REGIME,regime='med_high_flat' skipped=True reg_empty=False,-1,0.0,0.0,
ETH/USDT,697,2026-04-07 22:00:00,short,0.59891,85.7,60.0,2219.77,27.265714,med_high_up,,,True,False,False,0.0,0.0,50.0,0.0,0.0,0.0,0.0,0.0,50.0,0.0,0.0,-1,0.0,G1_REGIME,regime='med_high_up' skipped=True reg_empty=False,-1,0.0,0.0,
ETH/USDT,698,2026-04-07 23:00:00,short,0.56393,100.0,60.0,2240.01,30.011429,high_high_up,,,True,False,False,0.0,0.0,50.0,0.0,0.0,0.0,0.0,0.0,50.0,0.0,0.0,-1,0.0,G1_REGIME,regime='high_high_up' skipped=True reg_empty=False,-1,0.0,0.0,
ETH/USDT,699,2026-04-08 00:00:00,short,0.57996,77.76,60.0,2236.08,28.408571,high_high_up,,,True,False,False,0.0,0.0,50.0,0.0,0.0,0.0,0.0,0.0,50.0,0.0,0.0,-1,0.0,G1_REGIME,regime='high_high_up' skipped=True reg_empty=False,-1,0.0,0.0,
ETH/USDT,700,2026-04-08 01:00:00,short,0.56884,73.84,60.0,2234.06,28.454286,high_high_up,,,True,False,False,0.0,0.0,50.0,0.0,0.0,0.0,0.0,0.0,50.0,0.0,0.0,-1,0.0,G1_REGIME,regime='high_high_up' skipped=True reg_empty=False,-1,0.0,0.0,
ETH/USDT,701,2026-04-08 02:00:00,short,0.58968,74.54,60.0,2237.28,28.281429,high_high_up,,,True,False,False,0.0,0.0,50.0,0.0,0.0,0.0,0.0,0.0,50.0,0.0,0.0,-1,0.0,G1_REGIME,regime='high_high_up' skipped=True reg_empty=False,-1,0.0,0.0,
ETH/USDT,702,2026-04-08 03:00:00,short,0.62428,74.5,60.0,2234.68,27.480714,high_high_up,,,True,False,False,0.0,0.0,50.0,0.0,0.0,0.0,0.0,0.0,50.0,0.0,0.0,-1,0.0,G1_REGIME,regime='high_high_up' skipped=True reg_empty=False,-1,0.0,0.0,
ETH/USDT,703,2026-04-08 04:00:00,short,0.61826,85.55,60.0,2240.77,27.237857,high_high_up,,,True,False,False,0.0,0.0,50.0,0.0,0.0,0.0,0.0,0.0,50.0,0.0,0.0,-1,0.0,G1_REGIME,regime='high_high_up' skipped=True reg_empty=False,-1,0.0,0.0,
ETH/USDT,704,2026-04-08 05:00:00,short,0.61947,84.31,60.0,2240.7,26.367143,high_high_up,,,True,False,False,0.0,0.0,50.0,0.0,0.0,0.0,0.0,0.0,50.0,0.0,0.0,-1,0.0,G1_REGIME,regime='high_high_up' skipped=True reg_empty=False,-1,0.0,0.0,
ETH/USDT,705,2026-04-08 06:00:00,short,0.59473,84.54,60.0,2246.01,26.777857,high_high_up,,,True,False,False,0.0,0.0,50.0,0.0,0.0,0.0,0.0,0.0,50.0,0.0,0.0,-1,0.0,G1_REGIME,regime='high_high_up' skipped=True reg_empty=False,-1,0.0,0.0,
ETH/USDT,706,2026-04-08 07:00:00,short,0.58874,84.46,60.0,2253.76,25.403571,high_high_up,,,True,False,False,0.0,0.0,50.0,0.0,0.0,0.0,0.0,0.0,50.0,0.0,0.0,-1,0.0,G1_REGIME,regime='high_high_up' skipped=True reg_empty=False,-1,0.0,0.0,
ETH/USDT,707,2026-04-08 08:00:00,short,0.55728,82.6,60.0,2256.48,24.697143,high_high_up,,,True,False,False,0.0,0.0,50.0,0.0,0.0,0.0,0.0,0.0,50.0,0.0,0.0,-1,0.0,G1_REGIME,regime='high_high_up' skipped=True reg_empty=False,-1,0.0,0.0,
ETH/USDT,708,2026-04-08 09:00:00,short,0.57952,85.36,60.0,2249.59,23.607857,high_high_up,,,True,False,False,0.0,0.0,50.0,0.0,0.0,0.0,0.0,0.0,50.0,0.0,0.0,-1,0.0,G1_REGIME,regime='high_high_up' skipped=True reg_empty=False,-1,0.0,0.0,
ETH/USDT,709,2026-04-08 10:00:00,short,0.59944,83.98,60.0,2242.67,23.362143,high_high_up,,,True,False,False,0.0,0.0,50.0,0.0,0.0,0.0,0.0,0.0,50.0,0.0,0.0,-1,0.0,G1_REGIME,regime='high_high_up' skipped=True reg_empty=False,-1,0.0,0.0,
ETH/USDT,710,2026-04-08 11:00:00,short,0.57808,82.87,60.0,2247.23,21.942143,high_med_up,,,True,False,False,0.0,0.0,50.0,0.0,0.0,0.0,0.0,0.0,50.0,0.0,0.0,-1,0.0,G1_REGIME,regime='high_med_up' skipped=True reg_empty=False,-1,0.0,0.0,
ETH/USDT,711,2026-04-08 12:00:00,short,0.58968,83.15,60.0,2255.88,17.786429,high_med_up,,,True,False,False,0.0,0.0,50.0,0.0,0.0,0.0,0.0,0.0,50.0,0.0,0.0,-1,0.0,G1_REGIME,regime='high_med_up' skipped=True reg_empty=False,-1,0.0,0.0,
ETH/USDT,712,2026-04-08 13:00:00,short,0.56776,81.5,60.0,2236.06,16.417143,high_med_up,,,True,False,False,0.0,0.0,50.0,0.0,0.0,0.0,0.0,0.0,50.0,0.0,0.0,-1,0.0,G1_REGIME,regime='high_med_up' skipped=True reg_empty=False,-1,0.0,0.0,
ETH/USDT,713,2026-04-08 14:00:00,short,0.53434,88.32,60.0,2195.22,18.644286,high_med_up,,,True,False,False,0.0,0.0,50.0,0.0,0.0,0.0,0.0,0.0,50.0,0.0,0.0,-1,0.0,G1_REGIME,regime='high_med_up' skipped=True reg_empty=False,-1,0.0,0.0,
ETH/USDT,714,2026-04-08 15:00:00,short,0.57224,80.58,60.0,2215.45,19.542143,high_med_up,,,True,False,False,0.0,0.0,50.0,0.0,0.0,0.0,0.0,0.0,50.0,0.0,0.0,-1,0.0,G1_REGIME,regime='high_med_up' skipped=True reg_empty=False,-1,0.0,0.0,
ETH/USDT,715,2026-04-08 16:00:00,short,0.57764,78.68,60.0,2220.76,19.365,high_med_up,,,True,False,False,0.0,0.0,50.0,0.0,0.0,0.0,0.0,0.0,50.0,0.0,0.0,-1,0.0,G1_REGIME,regime='high_med_up' skipped=True reg_empty=False,-1,0.0,0.0,
ETH/USDT,716,2026-04-08 17:00:00,short,0.57256,78.38,60.0,2231.88,20.722857,high_med_up,,,True,False,False,0.0,0.0,50.0,0.0,0.0,0.0,0.0,0.0,50.0,0.0,0.0,-1,0.0,G1_REGIME,regime='high_med_up' skipped=True reg_empty=False,-1,0.0,0.0,
ETH/USDT,717,2026-04-08 18:00:00,short,0.52485,82.41,60.0,2201.41,21.830714,high_med_up,,,True,False,False,0.0,0.0,50.0,0.0,0.0,0.0,0.0,0.0,50.0,0.0,0.0,-1,0.0,G1_REGIME,regime='high_med_up' skipped=True reg_empty=False,-1,0.0,0.0,
ETH/USDT,718,2026-04-08 19:00:00,short,0.52039,79.48,60.0,2211.04,22.347857,high_med_up,,,True,False,False,0.0,0.0,50.0,0.0,0.0,0.0,0.0,0.0,50.0,0.0,0.0,-1,0.0,G1_REGIME,regime='high_med_up' skipped=True reg_empty=False,-1,0.0,0.0,
ETH/USDT,719,2026-04-08 20:00:00,short,0.52989,78.52,60.0,2209.81,21.808571,high_med_up,,,True,False,False,0.0,0.0,50.0,0.0,0.0,0.0,0.0,0.0,50.0,0.0,0.0,-1,0.0,G1_REGIME,regime='high_med_up' skipped=True reg_empty=False,-1,0.0,0.0,
ETH/USDT,720,2026-04-08 21:00:00,short,0.50334,77.62,60.0,2214.53,21.702857,high_med_up,,,True,False,False,0.0,0.0,50.0,0.0,0.0,0.0,0.0,0.0,50.0,0.0,0.0,-1,0.0,G1_REGIME,regime='high_med_up' skipped=True reg_empty=False,-1,0.0,0.0,
ETH/USDT,721,2026-04-08 22:00:00,short,0.52025,83.32,60.0,2189.87,23.067857,high_high_flat,,,True,False,False,0.0,0.0,50.0,0.0,0.0,0.0,0.0,0.0,50.0,0.0,0.0,-1,0.0,G1_REGIME,regime='high_high_flat' skipped=True reg_empty=False,-1,0.0,0.0,
ETH/USDT,722,2026-04-08 23:00:00,short,0.53186,72.75,60.0,2190.0,22.84,med_high_down,,,True,False,False,0.0,0.0,50.0,0.0,0.0,0.0,0.0,0.0,50.0,0.0,0.0,-1,0.0,G1_REGIME,regime='med_high_down' skipped=True reg_empty=False,-1,0.0,0.0,
ETH/USDT,723,2026-04-09 00:00:00,short,0.5553,73.15,60.0,2183.03,23.055714,med_high_down,,,True,False,False,0.0,0.0,50.0,0.0,0.0,0.0,0.0,0.0,50.0,0.0,0.0,-1,0.0,G1_REGIME,regime='med_high_down' skipped=True reg_empty=False,-1,0.0,0.0,
ETH/USDT,724,2026-04-09 01:00:00,short,0.55246,75.87,60.0,2178.69,23.460714,med_high_down,,,True,False,False,0.0,0.0,50.0,0.0,0.0,0.0,0.0,0.0,50.0,0.0,0.0,-1,0.0,G1_REGIME,regime='med_high_down' skipped=True reg_empty=False,-1,0.0,0.0,
ETH/USDT,725,2026-04-09 02:00:00,short,0.56216,41.49,60.0,2181.69,23.091429,med_high_down,,,True,False,False,0.0,0.0,50.0,0.0,0.0,0.0,0.0,0.0,50.0,0.0,0.0,-1,0.0,G1_REGIME,regime='med_high_down' skipped=True reg_empty=False,-1,0.0,0.0,
ETH/USDT,726,2026-04-09 03:00:00,short,0.5894,50.5,60.0,2182.49,20.906429,med_med_down,False,True,False,False,False,0.0,0.0,50.0,0.0,0.0,0.0,0.0,0.0,50.0,0.0,0.0,-1,0.0,G2_EDGE,edge=50.5 < thr=60.0,-1,0.0,0.0,
ETH/USDT,727,2026-04-09 04:00:00,short,0.5808,71.08,60.0,2177.64,17.459286,med_med_down,False,True,False,False,True,0.0,-0.48550984995912344,51.43887126821991,0.0,0.001357,0.006,0.0,0.0,50.0,0.0,0.0,-1,0.0,G4_EV,ev=0.00136 <= floor=0.00600  meta_conf=0.5808,-1,0.0,0.0,
ETH/USDT,728,2026-04-09 05:00:00,short,0.57041,71.28,60.0,2182.17,16.637857,med_med_down,False,True,False,False,True,0.0,-0.3831278846862896,51.07172784358495,0.0,0.00088,0.006,0.0,0.0,50.0,0.0,0.0,-1,0.0,G4_EV,ev=0.00088 <= floor=0.00600  meta_conf=0.5704,-1,0.0,0.0,
ETH/USDT,729,2026-04-09 06:00:00,short,0.58435,71.53,60.0,2181.51,16.377143,med_med_down,False,True,False,False,True,0.0,-0.5014851214846658,50.69027041932072,0.0,0.001088,0.006,0.0,0.0,50.0,0.0,0.0,-1,0.0,G4_EV,ev=0.00109 <= floor=0.00600  meta_conf=0.5843,-1,0.0,0.0,
ETH/USDT,730,2026-04-09 07:00:00,short,0.57917,63.03,60.0,2181.14,14.897857,med_low_down,False,True,False,False,True,0.0,-0.5307179784616703,53.441919953328345,0.0,0.000534,0.006,0.0,0.0,50.0,0.0,0.0,-1,0.0,G4_EV,ev=0.00053 <= floor=0.00600  meta_conf=0.5792,-1,0.0,0.0,
ETH/USDT,731,2026-04-09 08:00:00,short,0.5625,70.64,60.0,2186.37,13.542143,med_low_down,False,True,False,False,True,0.0,-0.3444092624128767,58.18674083991572,0.0,-0.000168,0.006,0.0,0.0,50.0,0.0,0.0,-1,0.0,G4_EV,ev=-0.00017 <= floor=0.00600  meta_conf=0.5625,-1,0.0,0.0,
ETH/USDT,732,2026-04-09 09:00:00,short,0.54264,69.74,60.0,2194.14,13.823571,med_low_down,False,True,False,False,True,0.0,-0.24084459122024593,57.02028618621526,0.0,-0.00044,0.006,0.0,0.0,50.0,0.0,0.0,-1,0.0,G4_EV,ev=-0.00044 <= floor=0.00600  meta_conf=0.5426,-1,0.0,0.0,
ETH/USDT,733,2026-04-09 10:00:00,short,0.53756,70.14,60.0,2190.7,13.632143,med_low_down,False,True,False,False,True,0.0,-0.2565464726498469,55.86664832807236,0.0,-0.000569,0.006,0.0,0.0,50.0,0.0,0.0,-1,0.0,G4_EV,ev=-0.00057 <= floor=0.00600  meta_conf=0.5376,-1,0.0,0.0,
ETH/USDT,734,2026-04-09 11:00:00,short,0.53992,59.41,60.0,2180.26,13.644286,med_low_down,False,True,False,False,False,0.0,0.0,50.0,0.0,0.0,0.0,0.0,0.0,50.0,0.0,0.0,-1,0.0,G2_EDGE,edge=59.4 < thr=60.0,-1,0.0,0.0,
ETH/USDT,735,2026-04-09 12:00:00,short,0.53694,71.0,60.0,2183.34,12.539286,med_low_down,False,True,False,False,True,0.0,-0.17804574894820188,73.12483100825177,0.0,-0.000843,0.006,0.0,0.0,50.0,0.0,0.0,-1,0.0,G4_EV,ev=-0.00084 <= floor=0.00600  meta_conf=0.5369,-1,0.0,0.0,
ETH/USDT,736,2026-04-09 13:00:00,short,0.5181,93.54,60.0,2165.22,13.552143,med_low_down,False,True,False,False,True,0.0,-0.6184019091422279,67.82352373670695,0.0,-0.000878,0.006,0.0,0.0,50.0,0.0,0.0,-1,0.0,G4_EV,ev=-0.00088 <= floor=0.00600  meta_conf=0.5181,-1,0.0,0.0,
ETH/USDT,737,2026-04-09 14:00:00,short,0.50562,77.08,60.0,2177.63,14.294286,low_low_flat,False,True,False,False,True,0.0,-0.3376744319889883,65.55912547714932,0.0,-0.000947,0.006,0.0,0.0,50.0,0.0,0.0,-1,0.0,G4_EV,ev=-0.00095 <= floor=0.00600  meta_conf=0.5056,-1,0.0,0.0,
ETH/USDT,738,2026-04-09 15:00:00,long,0.50124,94.11,60.0,2217.99,16.595714,low_med_flat,False,True,False,False,False,0.0,0.0,50.0,0.0,0.0,0.0,0.0,0.0,50.0,0.0,0.0,-1,0.0,G2_EDGE,reg.buy_ok=False  regime='low_med_flat',-1,0.0,0.0,
ETH/USDT,739,2026-04-09 16:00:00,long,0.51253,78.27,60.0,2208.33,18.375,low_med_flat,False,True,False,False,False,0.0,0.0,50.0,0.0,0.0,0.0,0.0,0.0,50.0,0.0,0.0,-1,0.0,G2_EDGE,reg.buy_ok=False  regime='low_med_flat',-1,0.0,0.0,
ETH/USDT,740,2026-04-09 17:00:00,short,0.51747,85.99,60.0,2222.75,19.136429,low_med_flat,False,True,False,True,False,0.0,0.6455209089230879,41.3188333265782,0.0,0.00028,0.006,0.0,0.0,50.0,0.0,0.0,-1,0.0,G4_EV,ev=0.00028 <= floor=0.00600  meta_conf=0.5175,-1,0.0,0.0,
ETH/USDT,741,2026-04-09 18:00:00,short,0.5269,83.46,60.0,2206.86,20.349286,low_med_flat,False,True,False,True,False,0.0,0.4736645650164171,41.82593843082055,0.0,0.000819,0.006,0.0,0.0,50.0,0.0,0.0,-1,0.0,G4_EV,ev=0.00082 <= floor=0.00600  meta_conf=0.5269,-1,0.0,0.0,
ETH/USDT,742,2026-04-09 19:00:00,short,0.57735,84.77,60.0,2216.42,20.830714,low_med_flat,False,True,False,True,False,0.0,0.6295797630791536,42.549795204125324,0.0,0.002192,0.006,0.0,0.0,50.0,0.0,0.0,-1,0.0,G4_EV,ev=0.00219 <= floor=0.00600  meta_conf=0.5774,-1,0.0,0.0,
ETH/USDT,743,2026-04-09 20:00:00,short,0.5729,84.4,60.0,2213.08,20.913571,low_med_flat,False,True,False,True,False,0.0,0.5235080548082658,43.317699469986884,0.0,0.002113,0.006,0.0,0.0,50.0,0.0,0.0,-1,0.0,G4_EV,ev=0.00211 <= floor=0.00600  meta_conf=0.5729,-1,0.0,0.0,
ETH/USDT,744,2026-04-09 21:00:00,short,0.59848,85.17,60.0,2210.78,21.845,low_med_flat,False,True,False,True,False,0.0,0.45845143384718284,44.46431721397148,0.0,0.003074,0.006,0.0,0.0,50.0,0.0,0.0,-1,0.0,G4_EV,ev=0.00307 <= floor=0.00600  meta_conf=0.5985,-1,0.0,0.0,
ETH/USDT,745,2026-04-09 22:00:00,short,0.54105,93.75,60.0,2197.69,24.284286,low_high_flat,,,True,False,False,0.0,0.0,50.0,0.0,0.0,0.0,0.0,0.0,50.0,0.0,0.0,-1,0.0,G1_REGIME,regime='low_high_flat' skipped=True reg_empty=False,-1,0.0,0.0,
ETH/USDT,746,2026-04-09 23:00:00,short,0.56447,80.74,60.0,2190.2,24.268571,low_high_flat,,,True,False,False,0.0,0.0,50.0,0.0,0.0,0.0,0.0,0.0,50.0,0.0,0.0,-1,0.0,G1_REGIME,regime='low_high_flat' skipped=True reg_empty=False,-1,0.0,0.0,
ETH/USDT,747,2026-04-10 00:00:00,short,0.57423,76.78,60.0,2195.17,24.79,low_high_flat,,,True,False,False,0.0,0.0,50.0,0.0,0.0,0.0,0.0,0.0,50.0,0.0,0.0,-1,0.0,G1_REGIME,regime='low_high_flat' skipped=True reg_empty=False,-1,0.0,0.0,
ETH/USDT,748,2026-04-10 01:00:00,short,0.55227,80.36,60.0,2194.7,25.731429,low_high_up,,,True,False,False,0.0,0.0,50.0,0.0,0.0,0.0,0.0,0.0,50.0,0.0,0.0,-1,0.0,G1_REGIME,regime='low_high_up' skipped=True reg_empty=False,-1,0.0,0.0,
ETH/USDT,749,2026-04-10 02:00:00,short,0.56601,66.81,60.0,2189.12,25.652857,low_high_flat,,,True,False,False,0.0,0.0,50.0,0.0,0.0,0.0,0.0,0.0,50.0,0.0,0.0,-1,0.0,G1_REGIME,regime='low_high_flat' skipped=True reg_empty=False,-1,0.0,0.0,
ETH/USDT,750,2026-04-10 03:00:00,short,0.56185,68.49,60.0,2186.06,24.320714,low_high_flat,,,True,False,False,0.0,0.0,50.0,0.0,0.0,0.0,0.0,0.0,50.0,0.0,0.0,-1,0.0,G1_REGIME,regime='low_high_flat' skipped=True reg_empty=False,-1,0.0,0.0,
ETH/USDT,751,2026-04-10 04:00:00,short,0.53975,77.02,60.0,2195.71,23.5,low_high_up,,,True,False,False,0.0,0.0,50.0,0.0,0.0,0.0,0.0,0.0,50.0,0.0,0.0,-1,0.0,G1_REGIME,regime='low_high_up' skipped=True reg_empty=False,-1,0.0,0.0,
ETH/USDT,752,2026-04-10 05:00:00,short,0.52048,75.79,60.0,2196.9,20.295,low_med_flat,False,True,False,False,False,0.0,-0.02347448227627417,56.96198984319324,0.0,0.000668,0.006,0.0,0.0,50.0,0.0,0.0,-1,0.0,G4_EV,ev=0.00067 <= floor=0.00600  meta_conf=0.5205,-1,0.0,0.0,
ETH/USDT,753,2026-04-10 06:00:00,short,0.5238,71.04,60.0,2186.2,18.726429,med_med_flat,False,True,False,False,True,0.0,-0.5195800369169463,57.004335711232265,0.0,0.000405,0.006,0.0,0.0,50.0,0.0,0.0,-1,0.0,G4_EV,ev=0.00040 <= floor=0.00600  meta_conf=0.5238,-1,0.0,0.0,
ETH/USDT,754,2026-04-10 07:00:00,short,0.51897,61.6,60.0,2179.28,18.235714,med_med_flat,False,True,False,False,True,0.0,-0.5195081819591587,56.89570797350677,0.0,0.000194,0.006,0.0,0.0,50.0,0.0,0.0,-1,0.0,G4_EV,ev=0.00019 <= floor=0.00600  meta_conf=0.5190,-1,0.0,0.0,
ETH/USDT,755,2026-04-10 08:00:00,short,0.50954,67.71,60.0,2185.86,17.516429,low_med_flat,False,True,False,False,True,0.0,-0.24846839070377413,56.55201623054393,0.0,-0.000188,0.006,0.0,0.0,50.0,0.0,0.0,-1,0.0,G4_EV,ev=-0.00019 <= floor=0.00600  meta_conf=0.5095,-1,0.0,0.0,
ETH/USDT,756,2026-04-10 09:00:00,short,0.54959,77.7,60.0,2196.03,16.917857,low_med_flat,False,True,False,False,False,0.0,-0.0842000698807147,56.07210960187087,0.0,0.000498,0.006,0.0,0.0,50.0,0.0,0.0,-1,0.0,G4_EV,ev=0.00050 <= floor=0.00600  meta_conf=0.5496,-1,0.0,0.0,
ETH/USDT,757,2026-04-10 10:00:00,short,0.51545,74.94,60.0,2197.24,16.627857,low_med_flat,False,True,False,False,False,0.0,-0.07551985834467644,55.53940282672015,0.0,-0.000279,0.006,0.0,0.0,50.0,0.0,0.0,-1,0.0,G4_EV,ev=-0.00028 <= floor=0.00600  meta_conf=0.5155,-1,0.0,0.0,
ETH/USDT,758,2026-04-10 11:00:00,long,0.5053,91.3,60.0,2215.65,17.217857,med_med_up,False,True,False,False,False,0.0,0.0,50.0,0.0,0.0,0.0,0.0,0.0,50.0,0.0,0.0,-1,0.0,G2_EDGE,reg.buy_ok=False  regime='med_med_up',-1,0.0,0.0,
ETH/USDT,759,2026-04-10 12:00:00,long,0.50767,71.49,60.0,2218.9,15.205714,med_low_up,False,True,False,False,False,0.0,0.0,50.0,0.0,0.0,0.0,0.0,0.0,50.0,0.0,0.0,-1,0.0,G2_EDGE,reg.buy_ok=False  regime='med_low_up',-1,0.0,0.0,
ETH/USDT,760,2026-04-10 13:00:00,short,0.51253,84.51,60.0,2223.08,15.159286,med_low_up,False,True,False,True,False,0.0,0.5995126447012965,63.48193944514058,0.0,-0.000701,0.006,0.0,0.0,50.0,0.0,0.0,-1,0.0,G4_EV,ev=-0.00070 <= floor=0.00600  meta_conf=0.5125,-1,0.0,0.0,
ETH/USDT,761,2026-04-10 14:00:00,short,0.55051,100.0,60.0,2242.76,16.473571,med_med_up,False,True,False,True,False,0.0,0.7206594183659001,47.1900867464423,0.0,0.000307,0.006,0.0,0.0,50.0,0.0,0.0,-1,0.0,G4_EV,ev=0.00031 <= floor=0.00600  meta_conf=0.5505,-1,0.0,0.0,
ETH/USDT,762,2026-04-10 15:00:00,short,0.51958,88.47,60.0,2224.27,17.161429,med_med_flat,False,True,False,True,False,0.0,0.5055337643646709,44.35250615774243,0.0,-0.00012,0.006,0.0,0.0,50.0,0.0,0.0,-1,0.0,G4_EV,ev=-0.00012 <= floor=0.00600  meta_conf=0.5196,-1,0.0,0.0,
ETH/USDT,763,2026-04-10 16:00:00,short,0.56907,83.89,60.0,2245.36,18.186429,med_med_up,False,True,False,True,False,0.0,0.7115943091546466,43.26124354953751,0.0,0.001155,0.006,0.0,0.0,50.0,0.0,0.0,-1,0.0,G4_EV,ev=0.00116 <= floor=0.00600  meta_conf=0.5691,-1,0.0,0.0,
ETH/USDT,764,2026-04-10 17:00:00,short,0.5748,80.84,60.0,2248.42,18.219286,med_med_up,False,True,False,True,False,0.0,0.7101263547866303,42.3455429133377,0.0,0.001283,0.006,0.0,0.0,50.0,0.0,0.0,-1,0.0,G4_EV,ev=0.00128 <= floor=0.00600  meta_conf=0.5748,-1,0.0,0.0,
ETH/USDT,765,2026-04-10 18:00:00,short,0.57169,80.92,60.0,2249.33,18.18,med_med_up,False,True,False,True,False,0.0,0.6994659147320503,41.528650920232614,0.0,0.001202,0.006,0.0,0.0,50.0,0.0,0.0,-1,0.0,G4_EV,ev=0.00120 <= floor=0.00600  meta_conf=0.5717,-1,0.0,0.0,
ETH/USDT,766,2026-04-10 19:00:00,short,0.59435,80.64,60.0,2253.17,18.312857,med_med_up,False,True,False,True,False,0.0,0.7016915840599721,41.21973037501963,0.0,0.001728,0.006,0.0,0.0,50.0,0.0,0.0,-1,0.0,G4_EV,ev=0.00173 <= floor=0.00600  meta_conf=0.5944,-1,0.0,0.0,
ETH/USDT,767,2026-04-10 20:00:00,short,0.58035,82.68,60.0,2255.33,18.289286,med_med_up,False,True,False,True,False,0.0,0.6612059317521738,41.15126057502715,0.0,0.001408,0.006,0.0,0.0,50.0,0.0,0.0,-1,0.0,G4_EV,ev=0.00141 <= floor=0.00600  meta_conf=0.5803,-1,0.0,0.0,
ETH/USDT,768,2026-04-10 21:00:00,short,0.60473,82.35,60.0,2254.87,18.372857,med_med_up,False,True,False,True,False,0.0,0.5746576293789962,41.51330960090194,0.0,0.001971,0.006,0.0,0.0,50.0,0.0,0.0,-1,0.0,G4_EV,ev=0.00197 <= floor=0.00600  meta_conf=0.6047,-1,0.0,0.0,
ETH/USDT,769,2026-04-10 22:00:00,short,0.59573,83.64,60.0,2242.24,18.88,med_med_up,False,True,False,True,False,0.0,0.4980327900202261,46.039768924842164,0.0,0.001965,0.006,0.0,0.0,50.0,0.0,0.0,-1,0.0,G4_EV,ev=0.00197 <= floor=0.00600  meta_conf=0.5957,-1,0.0,0.0,
ETH/USDT,770,2026-04-10 23:00:00,short,0.6008,81.02,60.0,2245.05,18.494286,low_med_up,False,False,False,False,False,0.0,0.0,50.0,0.0,0.0,0.0,0.0,0.0,50.0,0.0,0.0,-1,0.0,G2_EDGE,reg.sell_ok=False  regime='low_med_up',-1,0.0,0.0,
ETH/USDT,771,2026-04-11 00:00:00,short,0.55645,82.8,60.0,2238.77,18.602143,low_med_up,False,False,False,False,False,0.0,0.0,50.0,0.0,0.0,0.0,0.0,0.0,50.0,0.0,0.0,-1,0.0,G2_EDGE,reg.sell_ok=False  regime='low_med_up',-1,0.0,0.0,
ETH/USDT,772,2026-04-11 01:00:00,short,0.57647,81.94,60.0,2244.2,17.504286,low_med_up,False,False,False,False,False,0.0,0.0,50.0,0.0,0.0,0.0,0.0,0.0,50.0,0.0,0.0,-1,0.0,G2_EDGE,reg.sell_ok=False  regime='low_med_up',-1,0.0,0.0,
ETH/USDT,773,2026-04-11 02:00:00,short,0.5734,81.33,60.0,2248.19,16.762857,low_med_up,False,False,False,False,False,0.0,0.0,50.0,0.0,0.0,0.0,0.0,0.0,50.0,0.0,0.0,-1,0.0,G2_EDGE,reg.sell_ok=False  regime='low_med_up',-1,0.0,0.0,
ETH/USDT,774,2026-04-11 03:00:00,short,0.60101,85.02,60.0,2237.17,16.612857,low_med_up,False,False,False,False,False,0.0,0.0,50.0,0.0,0.0,0.0,0.0,0.0,50.0,0.0,0.0,-1,0.0,G2_EDGE,reg.sell_ok=False  regime='low_med_up',-1,0.0,0.0,
ETH/USDT,775,2026-04-11 04:00:00,short,0.57611,84.59,60.0,2240.97,14.73,low_low_up,False,True,False,True,False,0.0,0.19933521846589328,71.49790141220028,0.0,0.000309,0.006,0.0,0.0,50.0,0.0,0.0,-1,0.0,G4_EV,ev=0.00031 <= floor=0.00600  meta_conf=0.5761,-1,0.0,0.0,
ETH/USDT,776,2026-04-11 05:00:00,short,0.55125,86.87,60.0,2232.79,12.95,low_low_up,False,True,False,True,False,0.0,0.04398125834758277,72.8660170889924,0.0,-0.000587,0.006,0.0,0.0,50.0,0.0,0.0,-1,0.0,G4_EV,ev=-0.00059 <= floor=0.00600  meta_conf=0.5513,-1,0.0,0.0,
ETH/USDT,777,2026-04-11 06:00:00,short,0.56595,86.16,60.0,2235.66,11.603571,low_low_up,False,True,False,True,False,0.0,-0.007421631444628468,80.82566818019335,0.0,-0.00074,0.006,0.0,0.0,50.0,0.0,0.0,-1,0.0,G4_EV,ev=-0.00074 <= floor=0.00600  meta_conf=0.5660,-1,0.0,0.0,
ETH/USDT,778,2026-04-11 07:00:00,short,0.56887,86.42,60.0,2232.6,11.301429,low_low_up,False,True,False,True,False,0.0,-0.12537434422312904,79.70562233871213,0.0,-0.000781,0.006,0.0,0.0,50.0,0.0,0.0,-1,0.0,G4_EV,ev=-0.00078 <= floor=0.00600  meta_conf=0.5689,-1,0.0,0.0,
ETH/USDT,779,2026-04-11 08:00:00,short,0.53814,85.71,60.0,2232.9,10.619286,low_low_up,False,True,False,True,False,0.0,-0.04338869405380377,78.44239825455021,0.0,-0.00137,0.006,0.0,0.0,50.0,0.0,0.0,-1,0.0,G4_EV,ev=-0.00137 <= floor=0.00600  meta_conf=0.5381,-1,0.0,0.0,
ETH/USDT,780,2026-04-11 09:00:00,short,0.56654,87.79,60.0,2243.83,10.947143,low_low_up,False,True,False,True,False,0.0,0.18469749771928234,77.16988134695121,0.0,-0.000928,0.006,0.0,0.0,50.0,0.0,0.0,-1,0.0,G4_EV,ev=-0.00093 <= floor=0.00600  meta_conf=0.5665,-1,0.0,0.0,
ETH/USDT,781,2026-04-11 10:00:00,short,0.52909,83.92,60.0,2240.46,10.469286,low_low_up,False,True,False,True,False,0.0,-0.04178821737855262,77.78923260121202,0.0,-0.00153,0.006,0.0,0.0,50.0,0.0,0.0,-1,0.0,G4_EV,ev=-0.00153 <= floor=0.00600  meta_conf=0.5291,-1,0.0,0.0,
ETH/USDT,782,2026-04-11 11:00:00,short,0.58109,82.85,60.0,2246.11,10.111429,low_low_up,False,True,False,True,False,0.0,0.2254933506830505,76.52318799148281,0.0,-0.000989,0.006,0.0,0.0,50.0,0.0,0.0,-1,0.0,G4_EV,ev=-0.00099 <= floor=0.00600  meta_conf=0.5811,-1,0.0,0.0,
ETH/USDT,783,2026-04-11 12:00:00,short,0.56358,78.38,60.0,2245.5,9.073571,low_low_up,False,True,False,True,False,0.0,0.3183394151429405,79.72096678486075,0.0,-0.001488,0.006,0.0,0.0,50.0,0.0,0.0,-1,0.0,G4_EV,ev=-0.00149 <= floor=0.00600  meta_conf=0.5636,-1,0.0,0.0,
ETH/USDT,784,2026-04-11 13:00:00,short,0.50504,78.72,60.0,2239.76,9.461429,low_low_up,False,True,False,True,True,0.0,-0.023069207465824096,77.8731142217001,0.0,-0.002042,0.006,0.0,0.0,50.0,0.0,0.0,-1,0.0,G4_EV,ev=-0.00204 <= floor=0.00600  meta_conf=0.5050,-1,0.0,0.0,
ETH/USDT,785,2026-04-11 14:00:00,short,0.51693,47.43,60.0,2242.1,9.216429,low_low_flat,False,True,False,False,False,0.0,0.0,50.0,0.0,0.0,0.0,0.0,0.0,50.0,0.0,0.0,-1,0.0,G2_EDGE,edge=47.4 < thr=60.0,-1,0.0,0.0,
ETH/USDT,786,2026-04-11 15:00:00,short,0.52461,56.46,60.0,2249.54,9.432857,low_low_up,False,True,False,False,False,0.0,0.0,50.0,0.0,0.0,0.0,0.0,0.0,50.0,0.0,0.0,-1,0.0,G2_EDGE,edge=56.5 < thr=60.0,-1,0.0,0.0,
ETH/USDT,787,2026-04-11 16:00:00,long,0.52846,74.88,60.0,2258.68,10.714286,low_low_flat,False,True,False,False,False,0.0,0.0,50.0,0.0,0.0,0.0,0.0,0.0,50.0,0.0,0.0,-1,0.0,G2_EDGE,reg.buy_ok=False  regime='low_low_flat',-1,0.0,0.0,
ETH/USDT,788,2026-04-11 17:00:00,short,0.50302,53.44,60.0,2260.01,10.472143,low_low_flat,False,True,False,False,False,0.0,0.0,50.0,0.0,0.0,0.0,0.0,0.0,50.0,0.0,0.0,-1,0.0,G2_EDGE,edge=53.4 < thr=60.0,-1,0.0,0.0,
ETH/USDT,789,2026-04-11 18:00:00,short,0.52406,80.57,60.0,2305.44,13.808571,low_low_up,False,True,False,True,False,0.0,0.7543749560623709,22.6854572913624,1.0,-0.000916,0.006,0.0,0.0,50.0,0.0,0.0,-1,0.0,G4_EV,ev=-0.00092 <= floor=0.00600  meta_conf=0.5241,-1,0.0,0.0,
ETH/USDT,790,2026-04-11 19:00:00,short,0.52983,100.0,60.0,2315.96,14.659286,low_low_up,False,True,False,True,False,0.0,0.7401548779538824,15.721366933902681,1.0,-0.000642,0.006,0.0,0.0,50.0,0.0,0.0,-1,0.0,G4_EV,ev=-0.00064 <= floor=0.00600  meta_conf=0.5298,-1,0.0,0.0,
ETH/USDT,791,2026-04-11 20:00:00,short,0.5462,87.99,60.0,2298.32,16.21,low_med_up,False,False,False,False,False,0.0,0.0,50.0,0.0,0.0,0.0,0.0,0.0,50.0,0.0,0.0,-1,0.0,G2_EDGE,reg.sell_ok=False  regime='low_med_up',-1,0.0,0.0,
ETH/USDT,792,2026-04-11 21:00:00,short,0.57049,82.21,60.0,2299.36,16.627857,low_med_up,False,False,False,False,False,0.0,0.0,50.0,0.0,0.0,0.0,0.0,0.0,50.0,0.0,0.0,-1,0.0,G2_EDGE,reg.sell_ok=False  regime='low_med_up',-1,0.0,0.0,
ETH/USDT,793,2026-04-11 22:00:00,short,0.55589,83.33,60.0,2296.88,17.747857,low_med_up,False,False,False,False,False,0.0,0.0,50.0,0.0,0.0,0.0,0.0,0.0,50.0,0.0,0.0,-1,0.0,G2_EDGE,reg.sell_ok=False  regime='low_med_up',-1,0.0,0.0,
ETH/USDT,794,2026-04-11 23:00:00,short,0.55606,74.54,60.0,2284.99,17.987143,low_med_up,False,False,False,False,False,0.0,0.0,50.0,0.0,0.0,0.0,0.0,0.0,50.0,0.0,0.0,-1,0.0,G2_EDGE,reg.sell_ok=False  regime='low_med_up',-1,0.0,0.0,
ETH/USDT,795,2026-04-12 00:00:00,short,0.58002,76.12,60.0,2285.72,18.545714,low_med_up,False,False,False,False,False,0.0,0.0,50.0,0.0,0.0,0.0,0.0,0.0,50.0,0.0,0.0,-1,0.0,G2_EDGE,reg.sell_ok=False  regime='low_med_up',-1,0.0,0.0,
ETH/USDT,796,2026-04-12 01:00:00,short,0.50595,94.32,60.0,2219.05,23.624286,low_high_flat,,,True,False,False,0.0,0.0,50.0,0.0,0.0,0.0,0.0,0.0,50.0,0.0,0.0,-1,0.0,G1_REGIME,regime='low_high_flat' skipped=True reg_empty=False,-1,0.0,0.0,
ETH/USDT,797,2026-04-12 02:00:00,short,0.54009,75.64,60.0,2223.43,25.177143,low_high_flat,,,True,False,False,0.0,0.0,50.0,0.0,0.0,0.0,0.0,0.0,50.0,0.0,0.0,-1,0.0,G1_REGIME,regime='low_high_flat' skipped=True reg_empty=False,-1,0.0,0.0,
ETH/USDT,798,2026-04-12 03:00:00,short,0.53776,77.57,60.0,2213.71,25.418571,med_high_flat,,,True,False,False,0.0,0.0,50.0,0.0,0.0,0.0,0.0,0.0,50.0,0.0,0.0,-1,0.0,G1_REGIME,regime='med_high_flat' skipped=True reg_empty=False,-1,0.0,0.0,
ETH/USDT,799,2026-04-12 04:00:00,short,0.53448,75.9,60.0,2212.16,25.540714,med_high_flat,,,True,False,False,0.0,0.0,50.0,0.0,0.0,0.0,0.0,0.0,50.0,0.0,0.0,-1,0.0,G1_REGIME,regime='med_high_flat' skipped=True reg_empty=False,-1,0.0,0.0,
ETH/USDT,800,2026-04-12 05:00:00,short,0.54689,73.71,60.0,2217.28,25.320714,med_high_flat,,,True,False,False,0.0,0.0,50.0,0.0,0.0,0.0,0.0,0.0,50.0,0.0,0.0,-1,0.0,G1_REGIME,regime='med_high_flat' skipped=True reg_empty=False,-1,0.0,0.0,
ETH/USDT,801,2026-04-12 06:00:00,short,0.56958,73.32,60.0,2216.07,23.768571,med_high_flat,,,True,False,False,0.0,0.0,50.0,0.0,0.0,0.0,0.0,0.0,50.0,0.0,0.0,-1,0.0,G1_REGIME,regime='med_high_flat' skipped=True reg_empty=False,-1,0.0,0.0,
ETH/USDT,802,2026-04-12 07:00:00,short,0.58096,72.54,60.0,2218.02,23.53,med_high_flat,,,True,False,False,0.0,0.0,50.0,0.0,0.0,0.0,0.0,0.0,50.0,0.0,0.0,-1,0.0,G1_REGIME,regime='med_high_flat' skipped=True reg_empty=False,-1,0.0,0.0,
ETH/USDT,803,2026-04-12 08:00:00,short,0.55906,62.82,60.0,2214.0,20.167857,med_med_flat,False,True,False,False,True,0.0,-0.5928299643808876,33.10121876213824,0.0,0.001552,0.006,0.0,0.0,50.0,0.0,0.0,-1,0.0,G4_EV,ev=0.00155 <= floor=0.00600  meta_conf=0.5591,-1,0.0,0.0,
ETH/USDT,804,2026-04-12 09:00:00,short,0.56513,61.87,60.0,2214.19,18.740714,med_med_flat,False,True,False,False,True,0.0,-0.49946718392861067,37.78816851937059,0.0,0.001297,0.006,0.0,0.0,50.0,0.0,0.0,-1,0.0,G4_EV,ev=0.00130 <= floor=0.00600  meta_conf=0.5651,-1,0.0,0.0,
ETH/USDT,805,2026-04-12 10:00:00,short,0.53081,64.27,60.0,2201.66,18.319286,med_med_down,False,True,False,False,True,0.0,-0.6356748465799229,36.83568858323116,-1.0,0.000436,0.006,0.0,0.0,50.0,0.0,0.0,-1,0.0,G4_EV,ev=0.00044 <= floor=0.00600  meta_conf=0.5308,-1,0.0,0.0,
ETH/USDT,806,2026-04-12 11:00:00,short,0.52985,60.63,60.0,2204.62,18.182857,med_med_down,False,True,False,False,True,0.0,-0.49498965351261687,37.03125404259649,0.0,0.000376,0.006,0.0,0.0,50.0,0.0,0.0,-1,0.0,G4_EV,ev=0.00038 <= floor=0.00600  meta_conf=0.5299,-1,0.0,0.0,
ETH/USDT,807,2026-04-12 12:00:00,short,0.53059,64.82,60.0,2194.76,18.272143,med_med_down,False,True,False,False,True,0.0,-0.5983855143512654,38.728201485007254,0.0,0.000434,0.006,0.0,0.0,50.0,0.0,0.0,-1,0.0,G4_EV,ev=0.00043 <= floor=0.00600  meta_conf=0.5306,-1,0.0,0.0,
ETH/USDT,808,2026-04-12 13:00:00,short,0.53427,66.47,60.0,2186.98,17.813571,med_med_down,False,True,False,False,True,0.0,-0.6742498572412178,40.666752147860684,-1.0,0.000419,0.006,0.0,0.0,50.0,0.0,0.0,-1,0.0,G4_EV,ev=0.00042 <= floor=0.00600  meta_conf=0.5343,-1,0.0,0.0,
ETH/USDT,809,2026-04-12 14:00:00,short,0.54303,68.04,60.0,2180.86,17.785,med_med_down,False,True,False,False,True,0.0,-0.6739592502679016,38.26807468182219,-1.0,0.000617,0.006,0.0,0.0,50.0,0.0,0.0,-1,0.0,G4_EV,ev=0.00062 <= floor=0.00600  meta_conf=0.5430,-1,0.0,0.0,
ETH/USDT,810,2026-04-12 15:00:00,short,0.56312,62.38,60.0,2186.47,13.103571,med_low_down,False,True,False,False,True,0.0,-0.4918317245500469,60.26222187839255,0.0,-0.000282,0.006,0.0,0.0,50.0,0.0,0.0,-1,0.0,G4_EV,ev=-0.00028 <= floor=0.00600  meta_conf=0.5631,-1,0.0,0.0,
ETH/USDT,811,2026-04-12 16:00:00,short,0.57152,60.68,60.0,2187.09,11.678571,med_low_down,False,True,False,False,True,0.0,-0.4947672118770341,63.36386967892526,0.0,-0.000566,0.006,0.0,0.0,50.0,0.0,0.0,-1,0.0,G4_EV,ev=-0.00057 <= floor=0.00600  meta_conf=0.5715,-1,0.0,0.0,
ETH/USDT,812,2026-04-12 17:00:00,short,0.55192,70.02,60.0,2203.17,11.875,med_low_down,False,True,False,False,True,0.0,-0.33414687285916095,66.33092361454344,0.0,-0.000819,0.006,0.0,0.0,50.0,0.0,0.0,-1,0.0,G4_EV,ev=-0.00082 <= floor=0.00600  meta_conf=0.5519,-1,0.0,0.0,
ETH/USDT,813,2026-04-12 18:00:00,short,0.54983,70.1,60.0,2200.6,11.892857,med_low_down,False,True,False,False,True,0.0,-0.44467235378358066,64.32034742592673,0.0,-0.000841,0.006,0.0,0.0,50.0,0.0,0.0,-1,0.0,G4_EV,ev=-0.00084 <= floor=0.00600  meta_conf=0.5498,-1,0.0,0.0,
ETH/USDT,814,2026-04-12 19:00:00,short,0.55088,69.53,60.0,2198.27,11.618571,low_low_down,True,True,False,False,True,0.0,-0.4742121382065842,62.18839473122558,0.0,-0.000895,0.006,0.0,0.0,50.0,0.0,0.0,-1,0.0,G4_EV,ev=-0.00090 <= floor=0.00600  meta_conf=0.5509,-1,0.0,0.0,
ETH/USDT,815,2026-04-12 20:00:00,short,0.56,79.96,60.0,2213.53,12.949286,low_low_down,True,True,False,False,False,0.0,-0.19009013848999506,60.73946815586009,0.0,-0.00042,0.006,0.0,0.0,50.0,0.0,0.0,-1,0.0,G4_EV,ev=-0.00042 <= floor=0.00600  meta_conf=0.5600,-1,0.0,0.0,
ETH/USDT,816,2026-04-12 21:00:00,short,0.53857,76.69,60.0,2211.24,13.252143,low_low_down,True,True,False,False,False,0.0,-0.2413376098405265,60.19441176433468,0.0,-0.000679,0.006,0.0,0.0,50.0,0.0,0.0,-1,0.0,G4_EV,ev=-0.00068 <= floor=0.00600  meta_conf=0.5386,-1,0.0,0.0,
ETH/USDT,817,2026-04-12 22:00:00,short,0.50874,89.08,60.0,2199.37,14.691429,low_low_down,True,True,False,False,True,0.0,-0.22456372048588685,60.01088678771913,0.0,-0.000836,0.006,0.0,0.0,50.0,0.0,0.0,-1,0.0,G4_EV,ev=-0.00084 <= floor=0.00600  meta_conf=0.5087,-1,0.0,0.0,
ETH/USDT,818,2026-04-12 23:00:00,short,0.52558,70.48,60.0,2191.65,15.29,low_med_down,False,True,False,False,True,0.0,-0.3714871159281739,59.38359595628274,0.0,-0.000379,0.006,0.0,0.0,50.0,0.0,0.0,-1,0.0,G4_EV,ev=-0.00038 <= floor=0.00600  meta_conf=0.5256,-1,0.0,0.0,
ETH/USDT,819,2026-04-13 00:00:00,long,0.50262,90.34,60.0,2205.18,15.161429,low_low_down,True,True,False,False,True,0.0,0.00865788561464112,58.80029788839705,0.0,-0.000858,0.006,0.0,0.0,50.0,0.0,0.0,-1,0.0,G4_EV,ev=-0.00086 <= floor=0.00600  meta_conf=0.5026,-1,0.0,0.0,
ETH/USDT,820,2026-04-13 01:00:00,short,0.50003,64.95,60.0,2203.69,15.063571,low_low_flat,False,True,False,False,True,0.0,-0.036912073881437156,58.215172418568784,0.0,-0.000924,0.006,0.0,0.0,50.0,0.0,0.0,-1,0.0,G4_EV,ev=-0.00092 <= floor=0.00600  meta_conf=0.5000,-1,0.0,0.0,
ETH/USDT,821,2026-04-13 02:00:00,short,0.51494,68.16,60.0,2194.22,14.572857,low_low_flat,False,True,False,False,True,0.0,-0.3345392584299166,57.50932987528875,0.0,-0.000743,0.006,0.0,0.0,50.0,0.0,0.0,-1,0.0,G4_EV,ev=-0.00074 <= floor=0.00600  meta_conf=0.5149,-1,0.0,0.0,
ETH/USDT,822,2026-04-13 03:00:00,short,0.51455,76.44,60.0,2194.36,13.98,low_low_flat,False,True,False,True,True,0.0,-0.20885205653560315,56.763721928004834,0.0,-0.000883,0.006,0.0,0.0,50.0,0.0,0.0,-1,0.0,G4_EV,ev=-0.00088 <= floor=0.00600  meta_conf=0.5146,-1,0.0,0.0,
ETH/USDT,823,2026-04-13 04:00:00,short,0.50749,76.51,60.0,2190.26,13.745714,low_low_flat,False,True,False,True,True,0.0,-0.270326381242061,55.9618994758734,0.0,-0.001049,0.006,0.0,0.0,50.0,0.0,0.0,-1,0.0,G4_EV,ev=-0.00105 <= floor=0.00600  meta_conf=0.5075,-1,0.0,0.0,
ETH/USDT,824,2026-04-13 05:00:00,short,0.5025,59.29,60.0,2191.34,13.405714,low_low_flat,False,True,False,False,False,0.0,0.0,50.0,0.0,0.0,0.0,0.0,0.0,50.0,0.0,0.0,-1,0.0,G2_EDGE,edge=59.3 < thr=60.0,-1,0.0,0.0,
ETH/USDT,825,2026-04-13 06:00:00,long,0.50343,61.7,60.0,2198.49,13.676429,low_low_flat,False,True,False,False,False,0.0,0.0,50.0,0.0,0.0,0.0,0.0,0.0,50.0,0.0,0.0,-1,0.0,G2_EDGE,reg.buy_ok=False  regime='low_low_flat',-1,0.0,0.0,
ETH/USDT,826,2026-04-13 07:00:00,short,0.51211,54.71,60.0,2186.56,13.586429,low_low_flat,False,True,False,False,False,0.0,0.0,50.0,0.0,0.0,0.0,0.0,0.0,50.0,0.0,0.0,-1,0.0,G2_EDGE,edge=54.7 < thr=60.0,-1,0.0,0.0,
ETH/USDT,827,2026-04-13 08:00:00,long,0.50469,61.04,60.0,2185.28,13.727857,low_low_flat,False,True,False,False,False,0.0,0.0,50.0,0.0,0.0,0.0,0.0,0.0,50.0,0.0,0.0,-1,0.0,G2_EDGE,reg.buy_ok=False  regime='low_low_flat',-1,0.0,0.0,
ETH/USDT,828,2026-04-13 09:00:00,short,0.50433,56.58,60.0,2188.08,13.889286,low_low_flat,False,True,False,False,False,0.0,0.0,50.0,0.0,0.0,0.0,0.0,0.0,50.0,0.0,0.0,-1,0.0,G2_EDGE,edge=56.6 < thr=60.0,-1,0.0,0.0,
ETH/USDT,829,2026-04-13 10:00:00,long,0.50236,58.64,60.0,2183.41,12.817143,low_low_flat,False,True,False,False,False,0.0,0.0,50.0,0.0,0.0,0.0,0.0,0.0,50.0,0.0,0.0,-1,0.0,G2_EDGE,reg.buy_ok=False  regime='low_low_flat',-1,0.0,0.0,
ETH/USDT,830,2026-04-13 11:00:00,long,0.51427,50.42,60.0,2187.33,12.530714,low_low_flat,False,True,False,False,False,0.0,0.0,50.0,0.0,0.0,0.0,0.0,0.0,50.0,0.0,0.0,-1,0.0,G2_EDGE,reg.buy_ok=False  regime='low_low_flat',-1,0.0,0.0,
ETH/USDT,831,2026-04-13 12:00:00,long,0.52703,77.22,60.0,2192.25,12.32,low_low_flat,False,True,False,False,False,0.0,0.0,50.0,0.0,0.0,0.0,0.0,0.0,50.0,0.0,0.0,-1,0.0,G2_EDGE,reg.buy_ok=False  regime='low_low_flat',-1,0.0,0.0,
ETH/USDT,832,2026-04-13 13:00:00,short,0.50009,83.04,60.0,2215.47,13.834286,low_low_up,False,True,False,True,False,0.0,0.446168222900645,59.55678704387554,0.0,-0.001189,0.006,0.0,0.0,50.0,0.0,0.0,-1,0.0,G4_EV,ev=-0.00119 <= floor=0.00600  meta_conf=0.5001,-1,0.0,0.0,
ETH/USDT,833,2026-04-13 14:00:00,short,0.55135,82.68,60.0,2234.18,14.581429,low_low_up,False,True,False,True,False,0.0,0.6468228535161233,44.434179167872266,1.0,-0.000158,0.006,0.0,0.0,50.0,0.0,0.0,-1,0.0,G4_EV,ev=-0.00016 <= floor=0.00600  meta_conf=0.5514,-1,0.0,0.0,
ETH/USDT,834,2026-04-13 15:00:00,short,0.50989,82.82,60.0,2209.28,16.610714,low_med_up,False,False,False,False,False,0.0,0.0,50.0,0.0,0.0,0.0,0.0,0.0,50.0,0.0,0.0,-1,0.0,G2_EDGE,reg.sell_ok=False  regime='low_med_up',-1,0.0,0.0,
ETH/USDT,835,2026-04-13 16:00:00,short,0.52257,65.28,60.0,2225.86,18.13,low_med_up,False,False,False,False,False,0.0,0.0,50.0,0.0,0.0,0.0,0.0,0.0,50.0,0.0,0.0,-1,0.0,G2_EDGE,reg.sell_ok=False  regime='low_med_up',-1,0.0,0.0,
ETH/USDT,836,2026-04-13 17:00:00,short,0.52007,63.87,60.0,2225.13,19.18,low_med_up,False,False,False,False,False,0.0,0.0,50.0,0.0,0.0,0.0,0.0,0.0,50.0,0.0,0.0,-1,0.0,G2_EDGE,reg.sell_ok=False  regime='low_med_up',-1,0.0,0.0,
ETH/USDT,837,2026-04-13 18:00:00,short,0.58668,61.82,60.0,2232.23,19.432857,low_med_up,False,False,False,False,False,0.0,0.0,50.0,0.0,0.0,0.0,0.0,0.0,50.0,0.0,0.0,-1,0.0,G2_EDGE,reg.sell_ok=False  regime='low_med_up',-1,0.0,0.0,
ETH/USDT,838,2026-04-13 19:00:00,short,0.54014,100.0,60.0,2262.33,21.720714,med_med_up,False,True,False,True,False,0.0,0.7319221919271901,31.856296782218205,1.0,0.001361,0.006,0.0,0.0,50.0,0.0,0.0,-1,0.0,G4_EV,ev=0.00136 <= floor=0.00600  meta_conf=0.5401,-1,0.0,0.0,
ETH/USDT,839,2026-04-13 20:00:00,short,0.57953,86.08,60.0,2252.49,22.067143,med_med_up,False,True,False,True,False,0.0,0.6028744333223067,33.30013932005614,0.0,0.002512,0.006,0.0,0.0,50.0,0.0,0.0,-1,0.0,G4_EV,ev=0.00251 <= floor=0.00600  meta_conf=0.5795,-1,0.0,0.0,
ETH/USDT,840,2026-04-13 21:00:00,short,0.58189,81.87,60.0,2260.07,22.095,med_med_up,False,True,False,True,False,0.0,0.7020250849603793,34.71015623811177,0.0,0.002561,0.006,0.0,0.0,50.0,0.0,0.0,-1,0.0,G4_EV,ev=0.00256 <= floor=0.00600  meta_conf=0.5819,-1,0.0,0.0,
ETH/USDT,841,2026-04-13 22:00:00,short,0.53143,100.0,60.0,2352.74,28.843571,med_high_up,,,True,False,False,0.0,0.0,50.0,0.0,0.0,0.0,0.0,0.0,50.0,0.0,0.0,-1,0.0,G1_REGIME,regime='med_high_up' skipped=True reg_empty=False,-1,0.0,0.0,
ETH/USDT,842,2026-04-13 23:00:00,short,0.53024,100.0,60.0,2369.46,31.923571,high_high_up,,,True,False,False,0.0,0.0,50.0,0.0,0.0,0.0,0.0,0.0,50.0,0.0,0.0,-1,0.0,G1_REGIME,regime='high_high_up' skipped=True reg_empty=False,-1,0.0,0.0,
ETH/USDT,843,2026-04-14 00:00:00,short,0.56799,87.35,60.0,2361.0,32.392857,high_high_up,,,True,False,False,0.0,0.0,50.0,0.0,0.0,0.0,0.0,0.0,50.0,0.0,0.0,-1,0.0,G1_REGIME,regime='high_high_up' skipped=True reg_empty=False,-1,0.0,0.0,
ETH/USDT,844,2026-04-14 01:00:00,short,0.55093,84.79,60.0,2368.7,33.129286,high_high_up,,,True,False,False,0.0,0.0,50.0,0.0,0.0,0.0,0.0,0.0,50.0,0.0,0.0,-1,0.0,G1_REGIME,regime='high_high_up' skipped=True reg_empty=False,-1,0.0,0.0,
ETH/USDT,845,2026-04-14 02:00:00,short,0.58361,85.27,60.0,2367.62,32.237857,high_high_up,,,True,False,False,0.0,0.0,50.0,0.0,0.0,0.0,0.0,0.0,50.0,0.0,0.0,-1,0.0,G1_REGIME,regime='high_high_up' skipped=True reg_empty=False,-1,0.0,0.0,
ETH/USDT,846,2026-04-14 03:00:00,short,0.60078,85.0,60.0,2365.5,30.435,high_high_up,,,True,False,False,0.0,0.0,50.0,0.0,0.0,0.0,0.0,0.0,50.0,0.0,0.0,-1,0.0,G1_REGIME,regime='high_high_up' skipped=True reg_empty=False,-1,0.0,0.0,
ETH/USDT,847,2026-04-14 04:00:00,short,0.62383,84.96,60.0,2364.33,28.648571,high_high_up,,,True,False,False,0.0,0.0,50.0,0.0,0.0,0.0,0.0,0.0,50.0,0.0,0.0,-1,0.0,G1_REGIME,regime='high_high_up' skipped=True reg_empty=False,-1,0.0,0.0,
ETH/USDT,848,2026-04-14 05:00:00,short,0.59767,75.32,60.0,2355.49,27.068571,high_high_up,,,True,False,False,0.0,0.0,50.0,0.0,0.0,0.0,0.0,0.0,50.0,0.0,0.0,-1,0.0,G1_REGIME,regime='high_high_up' skipped=True reg_empty=False,-1,0.0,0.0,
ETH/USDT,849,2026-04-14 06:00:00,short,0.59397,83.61,60.0,2373.08,26.109286,high_high_up,,,True,False,False,0.0,0.0,50.0,0.0,0.0,0.0,0.0,0.0,50.0,0.0,0.0,-1,0.0,G1_REGIME,regime='high_high_up' skipped=True reg_empty=False,-1,0.0,0.0,
ETH/USDT,850,2026-04-14 07:00:00,short,0.58046,85.71,60.0,2377.91,26.037857,high_high_up,,,True,False,False,0.0,0.0,50.0,0.0,0.0,0.0,0.0,0.0,50.0,0.0,0.0,-1,0.0,G1_REGIME,regime='high_high_up' skipped=True reg_empty=False,-1,0.0,0.0,
ETH/USDT,851,2026-04-14 08:00:00,short,0.57356,85.04,60.0,2387.61,26.53,high_high_up,,,True,False,False,0.0,0.0,50.0,0.0,0.0,0.0,0.0,0.0,50.0,0.0,0.0,-1,0.0,G1_REGIME,regime='high_high_up' skipped=True reg_empty=False,-1,0.0,0.0,
ETH/USDT,852,2026-04-14 09:00:00,short,0.5808,83.59,60.0,2387.14,24.440714,high_med_up,,,True,False,False,0.0,0.0,50.0,0.0,0.0,0.0,0.0,0.0,50.0,0.0,0.0,-1,0.0,G1_REGIME,regime='high_med_up' skipped=True reg_empty=False,-1,0.0,0.0,
ETH/USDT,853,2026-04-14 10:00:00,short,0.5866,84.3,60.0,2375.08,24.36,high_med_up,,,True,False,False,0.0,0.0,50.0,0.0,0.0,0.0,0.0,0.0,50.0,0.0,0.0,-1,0.0,G1_REGIME,regime='high_med_up' skipped=True reg_empty=False,-1,0.0,0.0,
ETH/USDT,854,2026-04-14 11:00:00,short,0.57859,84.89,60.0,2374.53,23.878571,high_med_up,,,True,False,False,0.0,0.0,50.0,0.0,0.0,0.0,0.0,0.0,50.0,0.0,0.0,-1,0.0,G1_REGIME,regime='high_med_up' skipped=True reg_empty=False,-1,0.0,0.0,
ETH/USDT,855,2026-04-14 12:00:00,short,0.57559,83.65,60.0,2373.94,17.096429,high_med_up,,,True,False,False,0.0,0.0,50.0,0.0,0.0,0.0,0.0,0.0,50.0,0.0,0.0,-1,0.0,G1_REGIME,regime='high_med_up' skipped=True reg_empty=False,-1,0.0,0.0,
ETH/USDT,856,2026-04-14 13:00:00,short,0.56461,85.53,60.0,2391.5,14.962143,high_low_up,,,True,False,False,0.0,0.0,50.0,0.0,0.0,0.0,0.0,0.0,50.0,0.0,0.0,-1,0.0,G1_REGIME,regime='high_low_up' skipped=True reg_empty=False,-1,0.0,0.0,
ETH/USDT,857,2026-04-14 14:00:00,short,0.53226,85.11,60.0,2353.05,18.287857,high_med_up,,,True,False,False,0.0,0.0,50.0,0.0,0.0,0.0,0.0,0.0,50.0,0.0,0.0,-1,0.0,G1_REGIME,regime='high_med_up' skipped=True reg_empty=False,-1,0.0,0.0,
ETH/USDT,858,2026-04-14 15:00:00,short,0.54829,80.72,60.0,2364.63,19.757857,high_med_up,,,True,False,False,0.0,0.0,50.0,0.0,0.0,0.0,0.0,0.0,50.0,0.0,0.0,-1,0.0,G1_REGIME,regime='high_med_up' skipped=True reg_empty=False,-1,0.0,0.0,
ETH/USDT,859,2026-04-14 16:00:00,short,0.55951,81.87,60.0,2334.0,21.906429,high_med_up,,,True,False,False,0.0,0.0,50.0,0.0,0.0,0.0,0.0,0.0,50.0,0.0,0.0,-1,0.0,G1_REGIME,regime='high_med_up' skipped=True reg_empty=False,-1,0.0,0.0,
ETH/USDT,860,2026-04-14 17:00:00,short,0.61341,81.29,60.0,2338.37,22.824286,high_med_up,,,True,False,False,0.0,0.0,50.0,0.0,0.0,0.0,0.0,0.0,50.0,0.0,0.0,-1,0.0,G1_REGIME,regime='high_med_up' skipped=True reg_empty=False,-1,0.0,0.0,
ETH/USDT,861,2026-04-14 18:00:00,short,0.53207,84.29,60.0,2313.89,24.884286,high_high_up,,,True,False,False,0.0,0.0,50.0,0.0,0.0,0.0,0.0,0.0,50.0,0.0,0.0,-1,0.0,G1_REGIME,regime='high_high_up' skipped=True reg_empty=False,-1,0.0,0.0,
ETH/USDT,862,2026-04-14 19:00:00,short,0.52288,82.6,60.0,2313.32,25.244286,high_high_up,,,True,False,False,0.0,0.0,50.0,0.0,0.0,0.0,0.0,0.0,50.0,0.0,0.0,-1,0.0,G1_REGIME,regime='high_high_up' skipped=True reg_empty=False,-1,0.0,0.0,
ETH/USDT,863,2026-04-14 20:00:00,short,0.53857,79.43,60.0,2315.1,24.745,high_high_up,,,True,False,False,0.0,0.0,50.0,0.0,0.0,0.0,0.0,0.0,50.0,0.0,0.0,-1,0.0,G1_REGIME,regime='high_high_up' skipped=True reg_empty=False,-1,0.0,0.0,
ETH/USDT,864,2026-04-14 21:00:00,short,0.56666,79.42,60.0,2323.72,24.169286,high_high_up,,,True,False,False,0.0,0.0,50.0,0.0,0.0,0.0,0.0,0.0,50.0,0.0,0.0,-1,0.0,G1_REGIME,regime='high_high_up' skipped=True reg_empty=False,-1,0.0,0.0,
ETH/USDT,865,2026-04-14 22:00:00,short,0.57402,72.64,60.0,2314.99,24.07,high_high_down,False,True,False,False,False,0.0,-0.47414058972541456,38.45128971846267,0.0,0.002757,0.006,0.0,0.0,50.0,0.0,0.0,-1,0.0,G4_EV,ev=0.00276 <= floor=0.00600  meta_conf=0.5740,-1,0.0,0.0,
ETH/USDT,866,2026-04-14 23:00:00,short,0.57103,69.74,60.0,2322.44,24.1,high_high_down,False,True,False,False,True,0.0,-0.34478927887039745,38.409704364207606,0.0,0.00266,0.006,0.0,0.0,50.0,0.0,0.0,-1,0.0,G4_EV,ev=0.00266 <= floor=0.00600  meta_conf=0.5710,-1,0.0,0.0,
ETH/USDT,867,2026-04-15 00:00:00,short,0.53929,70.32,60.0,2333.81,24.548571,high_high_flat,,,True,False,False,0.0,0.0,50.0,0.0,0.0,0.0,0.0,0.0,50.0,0.0,0.0,-1,0.0,G1_REGIME,regime='high_high_flat' skipped=True reg_empty=False,-1,0.0,0.0,
ETH/USDT,868,2026-04-15 01:00:00,short,0.52377,68.64,60.0,2335.66,24.628571,med_high_flat,,,True,False,False,0.0,0.0,50.0,0.0,0.0,0.0,0.0,0.0,50.0,0.0,0.0,-1,0.0,G1_REGIME,regime='med_high_flat' skipped=True reg_empty=False,-1,0.0,0.0,
ETH/USDT,869,2026-04-15 02:00:00,short,0.54185,70.43,60.0,2324.77,25.434286,med_high_down,,,True,False,False,0.0,0.0,50.0,0.0,0.0,0.0,0.0,0.0,50.0,0.0,0.0,-1,0.0,G1_REGIME,regime='med_high_down' skipped=True reg_empty=False,-1,0.0,0.0,
ETH/USDT,870,2026-04-15 03:00:00,short,0.51771,67.7,60.0,2328.81,24.4,med_high_down,,,True,False,False,0.0,0.0,50.0,0.0,0.0,0.0,0.0,0.0,50.0,0.0,0.0,-1,0.0,G1_REGIME,regime='med_high_down' skipped=True reg_empty=False,-1,0.0,0.0,
ETH/USDT,871,2026-04-15 04:00:00,short,0.55405,68.77,60.0,2333.44,20.385,med_med_flat,False,True,False,False,True,0.0,-0.24995406587040697,59.30618167379508,0.0,0.001206,0.006,0.0,0.0,50.0,0.0,0.0,-1,0.0,G4_EV,ev=0.00121 <= floor=0.00600  meta_conf=0.5540,-1,0.0,0.0,
ETH/USDT,872,2026-04-15 05:00:00,short,0.54094,69.9,60.0,2319.45,19.301429,med_med_down,False,True,False,False,True,0.0,-0.2887831635434449,59.60588753102416,0.0,0.000664,0.006,0.0,0.0,50.0,0.0,0.0,-1,0.0,G4_EV,ev=0.00066 <= floor=0.00600  meta_conf=0.5409,-1,0.0,0.0,
ETH/USDT,873,2026-04-15 06:00:00,short,0.53325,68.54,60.0,2317.37,16.737857,med_med_down,False,True,False,False,True,0.0,-0.2872163143861482,77.06007608086077,0.0,-0.000101,0.006,0.0,0.0,50.0,0.0,0.0,-1,0.0,G4_EV,ev=-0.00010 <= floor=0.00600  meta_conf=0.5332,-1,0.0,0.0,
ETH/USDT,874,2026-04-15 07:00:00,short,0.53122,70.71,60.0,2316.62,16.252143,med_med_down,False,True,False,False,True,0.0,-0.3225777216884947,77.00563055476843,0.0,-0.000252,0.006,0.0,0.0,50.0,0.0,0.0,-1,0.0,G4_EV,ev=-0.00025 <= floor=0.00600  meta_conf=0.5312,-1,0.0,0.0,
ETH/USDT,875,2026-04-15 08:00:00,short,0.5154,68.66,60.0,2327.4,15.075,med_low_down,False,True,False,False,True,0.0,-0.041733145539663515,77.61346374258599,0.0,-0.000816,0.006,0.0,0.0,50.0,0.0,0.0,-1,0.0,G4_EV,ev=-0.00082 <= floor=0.00600  meta_conf=0.5154,-1,0.0,0.0,
ETH/USDT,876,2026-04-15 09:00:00,short,0.52344,66.21,60.0,2319.95,14.455,med_low_down,False,True,False,False,True,0.0,-0.127443595026624,82.00384121436416,0.0,-0.000802,0.006,0.0,0.0,50.0,0.0,0.0,-1,0.0,G4_EV,ev=-0.00080 <= floor=0.00600  meta_conf=0.5234,-1,0.0,0.0,
ETH/USDT,877,2026-04-15 10:00:00,short,0.52021,69.64,60.0,2316.64,14.61,med_low_down,False,True,False,False,True,0.0,-0.3586372438472631,80.69404753408742,0.0,-0.000818,0.006,0.0,0.0,50.0,0.0,0.0,-1,0.0,G4_EV,ev=-0.00082 <= floor=0.00600  meta_conf=0.5202,-1,0.0,0.0,
ETH/USDT,878,2026-04-15 11:00:00,short,0.5422,69.27,60.0,2337.43,15.427143,med_low_down,False,True,False,False,True,0.0,-0.000778141441710083,79.52670841191906,0.0,-0.000278,0.006,0.0,0.0,50.0,0.0,0.0,-1,0.0,G4_EV,ev=-0.00028 <= floor=0.00600  meta_conf=0.5422,-1,0.0,0.0,
ETH/USDT,879,2026-04-15 12:00:00,short,0.52156,47.89,60.0,2332.98,14.694286,med_low_down,False,True,False,False,False,0.0,0.0,50.0,0.0,0.0,0.0,0.0,0.0,50.0,0.0,0.0,-1,0.0,G2_EDGE,edge=47.9 < thr=60.0,-1,0.0,0.0,
ETH/USDT,880,2026-04-15 13:00:00,short,0.51723,51.71,60.0,2326.94,15.043571,med_low_down,False,True,False,False,False,0.0,0.0,50.0,0.0,0.0,0.0,0.0,0.0,50.0,0.0,0.0,-1,0.0,G2_EDGE,edge=51.7 < thr=60.0,-1,0.0,0.0,
ETH/USDT,881,2026-04-15 14:00:00,short,0.54106,74.18,60.0,2338.4,15.172857,low_low_flat,False,True,False,False,False,0.0,0.4309687758874338,73.27955565981962,0.0,-0.000361,0.006,0.0,0.0,50.0,0.0,0.0,-1,0.0,G4_EV,ev=-0.00036 <= floor=0.00600  meta_conf=0.5411,-1,0.0,0.0,
ETH/USDT,882,2026-04-15 15:00:00,long,0.50268,89.64,60.0,2332.04,16.406429,low_med_flat,False,True,False,False,False,0.0,0.0,50.0,0.0,0.0,0.0,0.0,0.0,50.0,0.0,0.0,-1,0.0,G2_EDGE,reg.buy_ok=False  regime='low_med_flat',-1,0.0,0.0,
ETH/USDT,883,2026-04-15 16:00:00,short,0.5539,67.5,60.0,2341.48,16.428571,low_med_flat,False,True,False,True,False,0.0,0.45852043151929067,65.72147362192678,0.0,0.000178,0.006,0.0,0.0,50.0,0.0,0.0,-1,0.0,G4_EV,ev=0.00018 <= floor=0.00600  meta_conf=0.5539,-1,0.0,0.0,
ETH/USDT,884,2026-04-15 17:00:00,short,0.53399,81.18,60.0,2348.66,17.167857,low_med_flat,False,True,False,True,False,0.0,0.5573815070492217,57.112795843306436,0.0,-4e-05,0.006,0.0,0.0,50.0,0.0,0.0,-1,0.0,G4_EV,ev=-0.00004 <= floor=0.00600  meta_conf=0.5340,-1,0.0,0.0,
ETH/USDT,885,2026-04-15 18:00:00,short,0.561,64.62,60.0,2358.66,17.662143,low_med_up,False,False,False,False,False,0.0,0.0,50.0,0.0,0.0,0.0,0.0,0.0,50.0,0.0,0.0,-1,0.0,G2_EDGE,reg.sell_ok=False  regime='low_med_up',-1,0.0,0.0,
ETH/USDT,886,2026-04-15 19:00:00,short,0.54186,82.56,60.0,2375.05,17.948571,low_med_up,False,False,False,False,False,0.0,0.0,50.0,0.0,0.0,0.0,0.0,0.0,50.0,0.0,0.0,-1,0.0,G2_EDGE,reg.sell_ok=False  regime='low_med_up',-1,0.0,0.0,
ETH/USDT,887,2026-04-15 20:00:00,short,0.55757,65.43,60.0,2362.95,19.131429,low_med_up,False,False,False,False,False,0.0,0.0,50.0,0.0,0.0,0.0,0.0,0.0,50.0,0.0,0.0,-1,0.0,G2_EDGE,reg.sell_ok=False  regime='low_med_up',-1,0.0,0.0,
ETH/USDT,888,2026-04-15 21:00:00,short,0.53505,63.45,60.0,2361.3,19.123571,low_med_up,False,False,False,False,False,0.0,0.0,50.0,0.0,0.0,0.0,0.0,0.0,50.0,0.0,0.0,-1,0.0,G2_EDGE,reg.sell_ok=False  regime='low_med_up',-1,0.0,0.0,
ETH/USDT,889,2026-04-15 22:00:00,short,0.5358,70.71,60.0,2363.45,19.208571,low_med_up,False,False,False,False,False,0.0,0.0,50.0,0.0,0.0,0.0,0.0,0.0,50.0,0.0,0.0,-1,0.0,G2_EDGE,reg.sell_ok=False  regime='low_med_up',-1,0.0,0.0,
ETH/USDT,890,2026-04-15 23:00:00,short,0.55975,67.63,60.0,2359.95,19.402143,low_med_up,False,False,False,False,False,0.0,0.0,50.0,0.0,0.0,0.0,0.0,0.0,50.0,0.0,0.0,-1,0.0,G2_EDGE,reg.sell_ok=False  regime='low_med_up',-1,0.0,0.0,
ETH/USDT,891,2026-04-16 00:00:00,short,0.58946,58.44,60.0,2360.58,19.205,low_med_up,False,False,False,False,False,0.0,0.0,50.0,0.0,0.0,0.0,0.0,0.0,50.0,0.0,0.0,-1,0.0,G2_EDGE,reg.sell_ok=False  regime='low_med_up',-1,0.0,0.0,
ETH/USDT,892,2026-04-16 01:00:00,short,0.5769,80.73,60.0,2352.06,18.687857,low_med_up,False,False,False,False,False,0.0,0.0,50.0,0.0,0.0,0.0,0.0,0.0,50.0,0.0,0.0,-1,0.0,G2_EDGE,reg.sell_ok=False  regime='low_med_up',-1,0.0,0.0,
ETH/USDT,893,2026-04-16 02:00:00,short,0.57194,82.54,60.0,2356.68,19.347857,low_med_up,False,False,False,False,False,0.0,0.0,50.0,0.0,0.0,0.0,0.0,0.0,50.0,0.0,0.0,-1,0.0,G2_EDGE,reg.sell_ok=False  regime='low_med_up',-1,0.0,0.0,
ETH/USDT,894,2026-04-16 03:00:00,short,0.59637,79.84,60.0,2357.86,18.83,low_med_up,False,False,False,False,False,0.0,0.0,50.0,0.0,0.0,0.0,0.0,0.0,50.0,0.0,0.0,-1,0.0,G2_EDGE,reg.sell_ok=False  regime='low_med_up',-1,0.0,0.0,
ETH/USDT,895,2026-04-16 04:00:00,short,0.55282,82.04,60.0,2354.13,18.307143,low_med_up,False,False,False,False,False,0.0,0.0,50.0,0.0,0.0,0.0,0.0,0.0,50.0,0.0,0.0,-1,0.0,G2_EDGE,reg.sell_ok=False  regime='low_med_up',-1,0.0,0.0,
ETH/USDT,896,2026-04-16 05:00:00,short,0.56252,82.22,60.0,2356.86,17.129286,low_med_up,False,False,False,False,False,0.0,0.0,50.0,0.0,0.0,0.0,0.0,0.0,50.0,0.0,0.0,-1,0.0,G2_EDGE,reg.sell_ok=False  regime='low_med_up',-1,0.0,0.0,
ETH/USDT,897,2026-04-16 06:00:00,short,0.56532,82.91,60.0,2356.01,16.417143,low_med_up,False,False,False,False,False,0.0,0.0,50.0,0.0,0.0,0.0,0.0,0.0,50.0,0.0,0.0,-1,0.0,G2_EDGE,reg.sell_ok=False  regime='low_med_up',-1,0.0,0.0,
ETH/USDT,898,2026-04-16 07:00:00,long,0.50055,88.16,60.0,2341.52,16.607857,low_med_up,False,False,False,False,False,0.0,0.0,50.0,0.0,0.0,0.0,0.0,0.0,50.0,0.0,0.0,-1,0.0,G2_EDGE,reg.buy_ok=False  regime='low_med_up',-1,0.0,0.0,
ETH/USDT,899,2026-04-16 08:00:00,long,0.51304,83.61,60.0,2339.11,16.444286,low_med_flat,False,True,False,False,False,0.0,0.0,50.0,0.0,0.0,0.0,0.0,0.0,50.0,0.0,0.0,-1,0.0,G2_EDGE,reg.buy_ok=False  regime='low_med_flat',-1,0.0,0.0,
ETH/USDT,900,2026-04-16 09:00:00,long,0.51449,84.67,60.0,2338.09,15.185,low_low_up,False,True,False,False,False,0.0,0.0,50.0,0.0,0.0,0.0,0.0,0.0,50.0,0.0,0.0,-1,0.0,G2_EDGE,reg.buy_ok=False  regime='low_low_up',-1,0.0,0.0,
ETH/USDT,901,2026-04-16 10:00:00,short,0.50984,63.86,60.0,2332.42,14.397857,low_low_flat,False,True,False,False,True,0.0,-0.45799410159333104,59.378347086586146,0.0,-0.001058,0.006,0.0,0.0,50.0,0.0,0.0,-1,0.0,G4_EV,ev=-0.00106 <= floor=0.00600  meta_conf=0.5098,-1,0.0,0.0,
ETH/USDT,902,2026-04-16 11:00:00,short,0.51163,55.79,60.0,2335.67,13.793571,low_low_flat,False,True,False,False,False,0.0,0.0,50.0,0.0,0.0,0.0,0.0,0.0,50.0,0.0,0.0,-1,0.0,G2_EDGE,edge=55.8 < thr=60.0,-1,0.0,0.0,
ETH/USDT,903,2026-04-16 12:00:00,long,0.50327,82.75,60.0,2340.44,13.389286,low_low_flat,False,True,False,False,False,0.0,0.0,50.0,0.0,0.0,0.0,0.0,0.0,50.0,0.0,0.0,-1,0.0,G2_EDGE,reg.buy_ok=False  regime='low_low_flat',-1,0.0,0.0,
ETH/USDT,904,2026-04-16 13:00:00,long,0.52665,100.0,60.0,2308.29,16.772857,med_med_flat,False,True,False,False,False,0.0,0.0,50.0,0.0,0.0,0.0,0.0,0.0,50.0,0.0,0.0,-1,0.0,G2_EDGE,reg.buy_ok=False  regime='med_med_flat',-1,0.0,0.0,
ETH/USDT,905,2026-04-16 14:00:00,long,0.51877,100.0,60.0,2309.97,18.032143,med_med_flat,False,True,False,False,False,0.0,0.0,50.0,0.0,0.0,0.0,0.0,0.0,50.0,0.0,0.0,-1,0.0,G2_EDGE,reg.buy_ok=False  regime='med_med_flat',-1,0.0,0.0,
ETH/USDT,906,2026-04-16 15:00:00,long,0.5108,93.41,60.0,2339.01,19.875,med_med_flat,False,True,False,False,False,0.0,0.0,50.0,0.0,0.0,0.0,0.0,0.0,50.0,0.0,0.0,-1,0.0,G2_EDGE,reg.buy_ok=False  regime='med_med_flat',-1,0.0,0.0,
ETH/USDT,907,2026-04-16 16:00:00,long,0.50726,86.76,60.0,2316.76,21.242857,med_med_flat,False,True,False,False,False,0.0,0.0,50.0,0.0,0.0,0.0,0.0,0.0,50.0,0.0,0.0,-1,0.0,G2_EDGE,reg.buy_ok=False  regime='med_med_flat',-1,0.0,0.0,
ETH/USDT,908,2026-04-16 17:00:00,short,0.5111,82.12,60.0,2325.79,21.922143,med_med_flat,False,True,False,False,False,0.0,-0.4281425579393339,42.0771754164056,0.0,0.000524,0.006,0.0,0.0,50.0,0.0,0.0,-1,0.0,G4_EV,ev=0.00052 <= floor=0.00600  meta_conf=0.5111,-1,0.0,0.0,
ETH/USDT,909,2026-04-16 18:00:00,short,0.50313,82.52,60.0,2343.1,22.682143,med_med_flat,False,True,False,False,False,0.0,-0.11394414362658145,43.83958721255314,0.0,0.000438,0.006,0.0,0.0,50.0,0.0,0.0,-1,0.0,G4_EV,ev=0.00044 <= floor=0.00600  meta_conf=0.5031,-1,0.0,0.0,
ETH/USDT,910,2026-04-16 19:00:00,short,0.51289,68.86,60.0,2359.7,23.760714,med_med_flat,False,True,False,True,False,0.0,0.2562393775841667,44.77222089995556,0.0,0.000882,0.006,0.0,0.0,50.0,0.0,0.0,-1,0.0,G4_EV,ev=0.00088 <= floor=0.00600  meta_conf=0.5129,-1,0.0,0.0,
ETH/USDT,911,2026-04-16 20:00:00,short,0.5023,69.31,60.0,2350.23,24.644286,med_high_flat,,,True,False,False,0.0,0.0,50.0,0.0,0.0,0.0,0.0,0.0,50.0,0.0,0.0,-1,0.0,G1_REGIME,regime='med_high_flat' skipped=True reg_empty=False,-1,0.0,0.0,
ETH/USDT,912,2026-04-16 21:00:00,short,0.52212,54.76,60.0,2341.17,24.532857,med_high_flat,,,True,False,False,0.0,0.0,50.0,0.0,0.0,0.0,0.0,0.0,50.0,0.0,0.0,-1,0.0,G1_REGIME,regime='med_high_flat' skipped=True reg_empty=False,-1,0.0,0.0,
ETH/USDT,913,2026-04-16 22:00:00,short,0.51938,53.02,60.0,2342.6,24.527857,med_high_flat,,,True,False,False,0.0,0.0,50.0,0.0,0.0,0.0,0.0,0.0,50.0,0.0,0.0,-1,0.0,G1_REGIME,regime='med_high_flat' skipped=True reg_empty=False,-1,0.0,0.0,
ETH/USDT,914,2026-04-16 23:00:00,short,0.52298,61.67,60.0,2348.17,24.726429,med_high_flat,,,True,False,False,0.0,0.0,50.0,0.0,0.0,0.0,0.0,0.0,50.0,0.0,0.0,-1,0.0,G1_REGIME,regime='med_high_flat' skipped=True reg_empty=False,-1,0.0,0.0,
ETH/USDT,915,2026-04-17 00:00:00,short,0.5143,62.81,60.0,2344.4,24.607143,med_high_flat,,,True,False,False,0.0,0.0,50.0,0.0,0.0,0.0,0.0,0.0,50.0,0.0,0.0,-1,0.0,G1_REGIME,regime='med_high_flat' skipped=True reg_empty=False,-1,0.0,0.0,
ETH/USDT,916,2026-04-17 01:00:00,long,0.50659,47.21,60.0,2335.38,25.692857,med_high_flat,,,True,False,False,0.0,0.0,50.0,0.0,0.0,0.0,0.0,0.0,50.0,0.0,0.0,-1,0.0,G1_REGIME,regime='med_high_flat' skipped=True reg_empty=False,-1,0.0,0.0,
ETH/USDT,917,2026-04-17 02:00:00,short,0.50612,56.45,60.0,2331.75,25.646429,med_high_flat,,,True,False,False,0.0,0.0,50.0,0.0,0.0,0.0,0.0,0.0,50.0,0.0,0.0,-1,0.0,G1_REGIME,regime='med_high_flat' skipped=True reg_empty=False,-1,0.0,0.0,
ETH/USDT,918,2026-04-17 03:00:00,long,0.51608,52.77,60.0,2325.52,21.84,med_med_flat,False,True,False,False,False,0.0,0.0,50.0,0.0,0.0,0.0,0.0,0.0,50.0,0.0,0.0,-1,0.0,G2_EDGE,reg.buy_ok=False  regime='med_med_flat',-1,0.0,0.0,
ETH/USDT,919,2026-04-17 04:00:00,long,0.50998,53.79,60.0,2328.96,20.288571,med_med_flat,False,True,False,False,False,0.0,0.0,50.0,0.0,0.0,0.0,0.0,0.0,50.0,0.0,0.0,-1,0.0,G2_EDGE,reg.buy_ok=False  regime='med_med_flat',-1,0.0,0.0,
ETH/USDT,920,2026-04-17 05:00:00,long,0.50088,62.23,60.0,2319.29,18.187857,med_med_down,False,True,False,False,False,0.0,0.0,50.0,0.0,0.0,0.0,0.0,0.0,50.0,0.0,0.0,-1,0.0,G2_EDGE,reg.buy_ok=False  regime='med_med_down',-1,0.0,0.0,
ETH/USDT,921,2026-04-17 06:00:00,long,0.51178,45.34,60.0,2331.09,16.486429,med_med_flat,False,True,False,False,False,0.0,0.0,50.0,0.0,0.0,0.0,0.0,0.0,50.0,0.0,0.0,-1,0.0,G2_EDGE,reg.buy_ok=False  regime='med_med_flat',-1,0.0,0.0,
ETH/USDT,922,2026-04-17 07:00:00,long,0.51196,45.77,60.0,2334.16,15.947143,med_low_flat,True,False,False,False,False,0.0,0.0,50.0,0.0,0.0,0.0,0.0,0.0,50.0,0.0,0.0,-1,0.0,G2_EDGE,edge=45.8 < thr=60.0,-1,0.0,0.0,
ETH/USDT,923,2026-04-17 08:00:00,short,0.51589,64.89,60.0,2354.87,15.949286,med_low_flat,True,False,False,False,False,0.0,0.0,50.0,0.0,0.0,0.0,0.0,0.0,50.0,0.0,0.0,-1,0.0,G2_EDGE,reg.sell_ok=False  regime='med_low_flat',-1,0.0,0.0,
ETH/USDT,924,2026-04-17 09:00:00,short,0.53521,69.65,60.0,2359.1,16.050714,med_low_up,False,True,False,True,False,0.0,0.3919512708264668,61.14755401806113,0.0,-0.000291,0.006,0.0,0.0,50.0,0.0,0.0,-1,0.0,G4_EV,ev=-0.00029 <= floor=0.00600  meta_conf=0.5352,-1,0.0,0.0,
ETH/USDT,925,2026-04-17 10:00:00,short,0.55046,70.41,60.0,2344.01,16.156429,med_low_flat,True,False,False,False,False,0.0,0.0,50.0,0.0,0.0,0.0,0.0,0.0,50.0,0.0,0.0,-1,0.0,G2_EDGE,reg.sell_ok=False  regime='med_low_flat',-1,0.0,0.0,
ETH/USDT,926,2026-04-17 11:00:00,short,0.52588,61.51,60.0,2354.99,15.699286,med_low_up,False,True,False,True,False,0.0,0.5728054379506359,58.88725124077693,0.0,-0.000534,0.006,0.0,0.0,50.0,0.0,0.0,-1,0.0,G4_EV,ev=-0.00053 <= floor=0.00600  meta_conf=0.5259,-1,0.0,0.0,
ETH/USDT,927,2026-04-17 12:00:00,short,0.53149,81.97,60.0,2371.97,17.270714,med_med_up,False,True,False,True,False,0.0,0.6890522076162382,54.459268092058835,0.0,-0.000104,0.006,0.0,0.0,50.0,0.0,0.0,-1,0.0,G4_EV,ev=-0.00010 <= floor=0.00600  meta_conf=0.5315,-1,0.0,0.0,
ETH/USDT,928,2026-04-17 13:00:00,short,0.55032,100.0,60.0,2437.05,21.575,med_med_up,False,True,False,True,False,0.0,0.7564442706813916,29.981876450127942,1.0,0.001187,0.006,0.0,0.0,50.0,0.0,0.0,-1,0.0,G4_EV,ev=0.00119 <= floor=0.00600  meta_conf=0.5503,-1,0.0,0.0,
ETH/USDT,929,2026-04-17 14:00:00,short,0.55518,100.0,60.0,2447.25,23.055,high_med_up,,,True,False,False,0.0,0.0,50.0,0.0,0.0,0.0,0.0,0.0,50.0,0.0,0.0,-1,0.0,G1_REGIME,regime='high_med_up' skipped=True reg_empty=False,-1,0.0,0.0,
ETH/USDT,930,2026-04-17 15:00:00,short,0.58374,86.85,60.0,2441.96,22.71,high_med_up,,,True,False,False,0.0,0.0,50.0,0.0,0.0,0.0,0.0,0.0,50.0,0.0,0.0,-1,0.0,G1_REGIME,regime='high_med_up' skipped=True reg_empty=False,-1,0.0,0.0,
ETH/USDT,931,2026-04-17 16:00:00,short,0.57736,85.42,60.0,2451.3,23.396429,high_med_up,,,True,False,False,0.0,0.0,50.0,0.0,0.0,0.0,0.0,0.0,50.0,0.0,0.0,-1,0.0,G1_REGIME,regime='high_med_up' skipped=True reg_empty=False,-1,0.0,0.0,
ETH/USDT,932,2026-04-17 17:00:00,short,0.59211,86.16,60.0,2440.42,25.002143,high_med_up,,,True,False,False,0.0,0.0,50.0,0.0,0.0,0.0,0.0,0.0,50.0,0.0,0.0,-1,0.0,G1_REGIME,regime='high_med_up' skipped=True reg_empty=False,-1,0.0,0.0,
ETH/USDT,933,2026-04-17 18:00:00,short,0.61064,76.75,60.0,2419.99,26.27,high_high_up,,,True,False,False,0.0,0.0,50.0,0.0,0.0,0.0,0.0,0.0,50.0,0.0,0.0,-1,0.0,G1_REGIME,regime='high_high_up' skipped=True reg_empty=False,-1,0.0,0.0,
ETH/USDT,934,2026-04-17 19:00:00,short,0.62952,74.86,60.0,2427.92,26.542857,high_high_up,,,True,False,False,0.0,0.0,50.0,0.0,0.0,0.0,0.0,0.0,50.0,0.0,0.0,-1,0.0,G1_REGIME,regime='high_high_up' skipped=True reg_empty=False,-1,0.0,0.0,
ETH/USDT,935,2026-04-17 20:00:00,short,0.64225,75.58,60.0,2426.78,26.783571,high_high_up,,,True,False,False,0.0,0.0,50.0,0.0,0.0,0.0,0.0,0.0,50.0,0.0,0.0,-1,0.0,G1_REGIME,regime='high_high_up' skipped=True reg_empty=False,-1,0.0,0.0,
ETH/USDT,936,2026-04-17 21:00:00,short,0.63886,85.6,60.0,2429.49,26.986429,high_high_up,,,True,False,False,0.0,0.0,50.0,0.0,0.0,0.0,0.0,0.0,50.0,0.0,0.0,-1,0.0,G1_REGIME,regime='high_high_up' skipped=True reg_empty=False,-1,0.0,0.0,
ETH/USDT,937,2026-04-17 22:00:00,short,0.61865,91.17,60.0,2433.52,26.648571,high_high_up,,,True,False,False,0.0,0.0,50.0,0.0,0.0,0.0,0.0,0.0,50.0,0.0,0.0,-1,0.0,G1_REGIME,regime='high_high_up' skipped=True reg_empty=False,-1,0.0,0.0,
ETH/USDT,938,2026-04-17 23:00:00,short,0.62205,77.43,60.0,2419.0,25.886429,high_high_up,,,True,False,False,0.0,0.0,50.0,0.0,0.0,0.0,0.0,0.0,50.0,0.0,0.0,-1,0.0,G1_REGIME,regime='high_high_up' skipped=True reg_empty=False,-1,0.0,0.0,
ETH/USDT,939,2026-04-18 00:00:00,short,0.6206,75.1,60.0,2420.99,25.091429,high_high_up,,,True,False,False,0.0,0.0,50.0,0.0,0.0,0.0,0.0,0.0,50.0,0.0,0.0,-1,0.0,G1_REGIME,regime='high_high_up' skipped=True reg_empty=False,-1,0.0,0.0,
ETH/USDT,940,2026-04-18 01:00:00,short,0.60392,75.07,60.0,2420.99,24.874286,high_med_up,,,True,False,False,0.0,0.0,50.0,0.0,0.0,0.0,0.0,0.0,50.0,0.0,0.0,-1,0.0,G1_REGIME,regime='high_med_up' skipped=True reg_empty=False,-1,0.0,0.0,
ETH/USDT,941,2026-04-18 02:00:00,short,0.57196,75.23,60.0,2419.2,23.071429,high_med_up,,,True,False,False,0.0,0.0,50.0,0.0,0.0,0.0,0.0,0.0,50.0,0.0,0.0,-1,0.0,G1_REGIME,regime='high_med_up' skipped=True reg_empty=False,-1,0.0,0.0,
ETH/USDT,942,2026-04-18 03:00:00,short,0.59013,78.94,60.0,2405.04,19.26,high_med_up,,,True,False,False,0.0,0.0,50.0,0.0,0.0,0.0,0.0,0.0,50.0,0.0,0.0,-1,0.0,G1_REGIME,regime='high_med_up' skipped=True reg_empty=False,-1,0.0,0.0,
ETH/USDT,943,2026-04-18 04:00:00,short,0.58018,67.41,60.0,2407.48,17.855714,high_med_up,,,True,False,False,0.0,0.0,50.0,0.0,0.0,0.0,0.0,0.0,50.0,0.0,0.0,-1,0.0,G1_REGIME,regime='high_med_up' skipped=True reg_empty=False,-1,0.0,0.0,
ETH/USDT,944,2026-04-18 05:00:00,short,0.58845,76.86,60.0,2408.95,17.204286,high_med_up,,,True,False,False,0.0,0.0,50.0,0.0,0.0,0.0,0.0,0.0,50.0,0.0,0.0,-1,0.0,G1_REGIME,regime='high_med_up' skipped=True reg_empty=False,-1,0.0,0.0,
ETH/USDT,945,2026-04-18 06:00:00,short,0.57415,66.9,60.0,2410.0,15.985,high_low_up,,,True,False,False,0.0,0.0,50.0,0.0,0.0,0.0,0.0,0.0,50.0,0.0,0.0,-1,0.0,G1_REGIME,regime='high_low_up' skipped=True reg_empty=False,-1,0.0,0.0,
ETH/USDT,946,2026-04-18 07:00:00,short,0.57847,68.4,60.0,2403.71,14.487143,high_low_up,,,True,False,False,0.0,0.0,50.0,0.0,0.0,0.0,0.0,0.0,50.0,0.0,0.0,-1,0.0,G1_REGIME,regime='high_low_up' skipped=True reg_empty=False,-1,0.0,0.0,
ETH/USDT,947,2026-04-18 08:00:00,short,0.52759,72.87,60.0,2380.57,15.215,high_low_up,,,True,False,False,0.0,0.0,50.0,0.0,0.0,0.0,0.0,0.0,50.0,0.0,0.0,-1,0.0,G1_REGIME,regime='high_low_up' skipped=True reg_empty=False,-1,0.0,0.0,
ETH/USDT,948,2026-04-18 09:00:00,short,0.50962,70.05,60.0,2376.04,14.888571,high_low_up,,,True,False,False,0.0,0.0,50.0,0.0,0.0,0.0,0.0,0.0,50.0,0.0,0.0,-1,0.0,G1_REGIME,regime='high_low_up' skipped=True reg_empty=False,-1,0.0,0.0,
ETH/USDT,949,2026-04-18 10:00:00,short,0.50962,65.98,60.0,2359.34,15.165714,high_low_flat,,,True,False,False,0.0,0.0,50.0,0.0,0.0,0.0,0.0,0.0,50.0,0.0,0.0,-1,0.0,G1_REGIME,regime='high_low_flat' skipped=True reg_empty=False,-1,0.0,0.0,
ETH/USDT,950,2026-04-18 11:00:00,short,0.51578,65.13,60.0,2352.96,15.327143,high_low_flat,,,True,False,False,0.0,0.0,50.0,0.0,0.0,0.0,0.0,0.0,50.0,0.0,0.0,-1,0.0,G1_REGIME,regime='high_low_flat' skipped=True reg_empty=False,-1,0.0,0.0,
ETH/USDT,951,2026-04-18 12:00:00,short,0.52241,61.12,60.0,2357.93,14.597857,high_low_flat,,,True,False,False,0.0,0.0,50.0,0.0,0.0,0.0,0.0,0.0,50.0,0.0,0.0,-1,0.0,G1_REGIME,regime='high_low_flat' skipped=True reg_empty=False,-1,0.0,0.0,
ETH/USDT,952,2026-04-18 13:00:00,short,0.51084,62.66,60.0,2355.13,14.367143,med_low_down,False,True,False,False,True,0.0,-0.5938688461908338,40.839355503827505,0.0,-0.001076,0.006,0.0,0.0,50.0,0.0,0.0,-1,0.0,G4_EV,ev=-0.00108 <= floor=0.00600  meta_conf=0.5108,-1,0.0,0.0,
ETH/USDT,953,2026-04-18 14:00:00,long,0.5073,90.99,60.0,2365.23,14.564286,med_low_down,False,True,False,False,False,0.0,0.0,50.0,0.0,0.0,0.0,0.0,0.0,50.0,0.0,0.0,-1,0.0,G2_EDGE,reg.buy_ok=False  regime='med_low_down',-1,0.0,0.0,
ETH/USDT,954,2026-04-18 15:00:00,short,0.52661,63.93,60.0,2363.64,14.543571,med_low_down,False,True,False,False,True,0.0,-0.5079147566903908,38.778690859346824,0.0,-0.000789,0.006,0.0,0.0,50.0,0.0,0.0,-1,0.0,G4_EV,ev=-0.00079 <= floor=0.00600  meta_conf=0.5266,-1,0.0,0.0,
ETH/USDT,955,2026-04-18 16:00:00,short,0.51318,63.58,60.0,2360.87,15.225714,med_low_down,False,True,False,False,True,0.0,-0.5691298455299607,39.85477418915653,0.0,-0.000868,0.006,0.0,0.0,50.0,0.0,0.0,-1,0.0,G4_EV,ev=-0.00087 <= floor=0.00600  meta_conf=0.5132,-1,0.0,0.0,
ETH/USDT,956,2026-04-18 17:00:00,short,0.50834,61.27,60.0,2361.46,14.481429,med_low_down,False,True,False,False,True,0.0,-0.44710855930961196,42.27365130878606,0.0,-0.001102,0.006,0.0,0.0,50.0,0.0,0.0,-1,0.0,G4_EV,ev=-0.00110 <= floor=0.00600  meta_conf=0.5083,-1,0.0,0.0,
ETH/USDT,957,2026-04-18 18:00:00,short,0.53078,64.68,60.0,2347.44,15.392857,med_low_down,False,True,False,False,True,0.0,-0.6019018397664129,39.978349681641355,0.0,-0.000504,0.006,0.0,0.0,50.0,0.0,0.0,-1,0.0,G4_EV,ev=-0.00050 <= floor=0.00600  meta_conf=0.5308,-1,0.0,0.0,
ETH/USDT,958,2026-04-18 19:00:00,short,0.54775,59.56,60.0,2348.59,15.522857,med_low_down,False,True,False,False,False,0.0,0.0,50.0,0.0,0.0,0.0,0.0,0.0,50.0,0.0,0.0,-1,0.0,G2_EDGE,edge=59.6 < thr=60.0,-1,0.0,0.0,
ETH/USDT,959,2026-04-18 20:00:00,short,0.5642,59.58,60.0,2352.62,15.779286,low_low_down,True,True,False,False,False,0.0,0.0,50.0,0.0,0.0,0.0,0.0,0.0,50.0,0.0,0.0,-1,0.0,G2_EDGE,edge=59.6 < thr=60.0,-1,0.0,0.0,
ETH/USDT,960,2026-04-18 21:00:00,short,0.58511,59.67,60.0,2355.33,15.646429,low_low_down,True,True,False,False,False,0.0,0.0,50.0,0.0,0.0,0.0,0.0,0.0,50.0,0.0,0.0,-1,0.0,G2_EDGE,edge=59.7 < thr=60.0,-1,0.0,0.0,
ETH/USDT,961,2026-04-18 22:00:00,short,0.57359,67.22,60.0,2356.53,13.744286,low_low_down,True,True,False,False,True,0.0,-0.2791379264232901,61.75311530190977,0.0,-0.000216,0.006,0.0,0.0,50.0,0.0,0.0,-1,0.0,G4_EV,ev=-0.00022 <= floor=0.00600  meta_conf=0.5736,-1,0.0,0.0,
ETH/USDT,962,2026-04-18 23:00:00,short,0.58708,69.18,60.0,2350.32,13.647143,low_low_down,True,True,False,False,True,0.0,-0.4166752170322783,66.34928680346756,0.0,-2.2e-05,0.006,0.0,0.0,50.0,0.0,0.0,-1,0.0,G4_EV,ev=-0.00002 <= floor=0.00600  meta_conf=0.5871,-1,0.0,0.0,
ETH/USDT,963,2026-04-19 00:00:00,short,0.5714,68.46,60.0,2349.09,12.846429,low_low_down,True,True,False,False,True,0.0,-0.3358114242485944,66.87004085808272,0.0,-0.000485,0.006,0.0,0.0,50.0,0.0,0.0,-1,0.0,G4_EV,ev=-0.00048 <= floor=0.00600  meta_conf=0.5714,-1,0.0,0.0,
ETH/USDT,964,2026-04-19 01:00:00,short,0.57768,70.35,60.0,2348.03,12.44,low_low_down,True,True,False,False,True,0.0,-0.39884455413041714,66.33439246849115,0.0,-0.000505,0.006,0.0,0.0,50.0,0.0,0.0,-1,0.0,G4_EV,ev=-0.00050 <= floor=0.00600  meta_conf=0.5777,-1,0.0,0.0,
ETH/USDT,965,2026-04-19 02:00:00,short,0.54413,72.17,60.0,2338.25,12.755,low_low_down,True,True,False,False,True,0.0,-0.48805857413866494,59.5889662876102,-1.0,-0.000895,0.006,0.0,0.0,50.0,0.0,0.0,-1,0.0,G4_EV,ev=-0.00090 <= floor=0.00600  meta_conf=0.5441,-1,0.0,0.0,
ETH/USDT,966,2026-04-19 03:00:00,short,0.54368,67.43,60.0,2339.77,12.552857,low_low_down,True,True,False,False,True,0.0,-0.36785701428858697,58.04682309818235,0.0,-0.000953,0.006,0.0,0.0,50.0,0.0,0.0,-1,0.0,G4_EV,ev=-0.00095 <= floor=0.00600  meta_conf=0.5437,-1,0.0,0.0,
ETH/USDT,967,2026-04-19 04:00:00,short,0.53372,64.67,60.0,2333.34,13.139286,low_low_down,True,True,False,False,True,0.0,-0.6009765721442779,49.517000156900465,0.0,-0.000953,0.006,0.0,0.0,50.0,0.0,0.0,-1,0.0,G4_EV,ev=-0.00095 <= floor=0.00600  meta_conf=0.5337,-1,0.0,0.0,
ETH/USDT,968,2026-04-19 05:00:00,short,0.55687,61.61,60.0,2332.76,13.077143,low_low_down,True,True,False,False,True,0.0,-0.6000525221165486,49.234913008846654,0.0,-0.000617,0.006,0.0,0.0,50.0,0.0,0.0,-1,0.0,G4_EV,ev=-0.00062 <= floor=0.00600  meta_conf=0.5569,-1,0.0,0.0,
ETH/USDT,969,2026-04-19 06:00:00,short,0.51831,68.99,60.0,2327.2,12.625,low_low_down,True,True,False,False,True,0.0,-0.6044722547529807,56.802675551511925,0.0,-0.001291,0.006,0.0,0.0,50.0,0.0,0.0,-1,0.0,G4_EV,ev=-0.00129 <= floor=0.00600  meta_conf=0.5183,-1,0.0,0.0,
ETH/USDT,970,2026-04-19 07:00:00,long,0.52369,100.0,60.0,2316.03,13.871429,low_low_down,True,True,False,False,True,0.0,-0.640779818425817,42.04740857195594,-1.0,-0.000922,0.006,0.0,0.0,50.0,0.0,0.0,-1,0.0,G4_EV,ev=-0.00092 <= floor=0.00600  meta_conf=0.5237,-1,0.0,0.0,
ETH/USDT,971,2026-04-19 08:00:00,short,0.5138,60.59,60.0,2318.69,12.874286,low_low_down,True,True,False,False,True,0.0,-0.504429754644492,44.09863887955853,0.0,-0.001294,0.006,0.0,0.0,50.0,0.0,0.0,-1,0.0,G4_EV,ev=-0.00129 <= floor=0.00600  meta_conf=0.5138,-1,0.0,0.0,
ETH/USDT,972,2026-04-19 09:00:00,short,0.52484,61.74,60.0,2310.24,13.117857,low_low_down,True,True,False,False,True,0.0,-0.6580464146558783,43.61726994591491,0.0,-0.001064,0.006,0.0,0.0,50.0,0.0,0.0,-1,0.0,G4_EV,ev=-0.00106 <= floor=0.00600  meta_conf=0.5248,-1,0.0,0.0,
ETH/USDT,973,2026-04-19 10:00:00,short,0.532,59.62,60.0,2318.01,13.366429,low_low_down,True,True,False,False,False,0.0,0.0,50.0,0.0,0.0,0.0,0.0,0.0,50.0,0.0,0.0,-1,0.0,G2_EDGE,edge=59.6 < thr=60.0,-1,0.0,0.0,
ETH/USDT,974,2026-04-19 11:00:00,short,0.53108,72.33,60.0,2329.38,13.795714,low_low_flat,False,True,False,False,True,0.0,-0.3391906471541926,42.748576282043224,0.0,-0.000838,0.006,0.0,0.0,50.0,0.0,0.0,-1,0.0,G4_EV,ev=-0.00084 <= floor=0.00600  meta_conf=0.5311,-1,0.0,0.0,
ETH/USDT,975,2026-04-19 12:00:00,short,0.51381,73.18,60.0,2331.29,13.896429,low_low_flat,False,True,False,False,True,0.0,-0.24091890168602878,42.779920159939415,0.0,-0.001095,0.006,0.0,0.0,50.0,0.0,0.0,-1,0.0,G4_EV,ev=-0.00110 <= floor=0.00600  meta_conf=0.5138,-1,0.0,0.0,
ETH/USDT,976,2026-04-19 13:00:00,short,0.51624,84.38,60.0,2338.67,14.58,low_low_flat,False,True,False,False,False,0.0,-0.15849439781696342,45.74538564277951,0.0,-0.000921,0.006,0.0,0.0,50.0,0.0,0.0,-1,0.0,G4_EV,ev=-0.00092 <= floor=0.00600  meta_conf=0.5162,-1,0.0,0.0,
ETH/USDT,977,2026-04-19 14:00:00,short,0.51551,80.01,60.0,2338.09,14.924286,low_low_flat,False,True,False,False,False,0.0,-0.25130835416061853,47.77845176823962,0.0,-0.00086,0.006,0.0,0.0,50.0,0.0,0.0,-1,0.0,G4_EV,ev=-0.00086 <= floor=0.00600  meta_conf=0.5155,-1,0.0,0.0,
ETH/USDT,978,2026-04-19 15:00:00,short,0.52418,71.16,60.0,2330.8,15.985714,low_low_flat,False,True,False,False,True,0.0,-0.269042814501063,50.51663960232569,0.0,-0.000466,0.006,0.0,0.0,50.0,0.0,0.0,-1,0.0,G4_EV,ev=-0.00047 <= floor=0.00600  meta_conf=0.5242,-1,0.0,0.0,
ETH/USDT,979,2026-04-19 16:00:00,short,0.53107,76.76,60.0,2311.68,16.762857,low_med_down,False,True,False,False,True,0.0,-0.5458796974778478,51.305319782317554,0.0,-0.000129,0.006,0.0,0.0,50.0,0.0,0.0,-1,0.0,G4_EV,ev=-0.00013 <= floor=0.00600  meta_conf=0.5311,-1,0.0,0.0,
ETH/USDT,980,2026-04-19 17:00:00,short,0.50262,84.23,60.0,2296.59,17.571429,low_med_down,False,True,False,False,True,0.0,-0.702791557009811,48.333792892001185,-1.0,-0.000503,0.006,0.0,0.0,50.0,0.0,0.0,-1,0.0,G4_EV,ev=-0.00050 <= floor=0.00600  meta_conf=0.5026,-1,0.0,0.0,
ETH/USDT,981,2026-04-19 18:00:00,long,0.50372,87.51,60.0,2295.78,16.795714,low_med_down,False,True,False,False,False,0.0,0.0,50.0,0.0,0.0,0.0,0.0,0.0,50.0,0.0,0.0,-1,0.0,G2_EDGE,reg.buy_ok=False  regime='low_med_down',-1,0.0,0.0,
ETH/USDT,982,2026-04-19 19:00:00,short,0.55846,73.79,60.0,2299.65,16.844286,low_med_down,False,True,False,False,True,0.0,-0.5751033047834133,45.30743886838603,0.0,0.000452,0.006,0.0,0.0,50.0,0.0,0.0,-1,0.0,G4_EV,ev=0.00045 <= floor=0.00600  meta_conf=0.5585,-1,0.0,0.0,
ETH/USDT,983,2026-04-19 20:00:00,long,0.51917,98.97,60.0,2280.61,17.933571,low_med_down,False,True,False,False,False,0.0,0.0,50.0,0.0,0.0,0.0,0.0,0.0,50.0,0.0,0.0,-1,0.0,G2_EDGE,reg.buy_ok=False  regime='low_med_down',-1,0.0,0.0,
ETH/USDT,984,2026-04-19 21:00:00,short,0.51464,72.9,60.0,2276.09,17.079286,low_med_down,False,True,False,False,True,0.0,-0.705636509393485,39.13508777854806,0.0,-0.000327,0.006,0.0,0.0,50.0,0.0,0.0,-1,0.0,G4_EV,ev=-0.00033 <= floor=0.00600  meta_conf=0.5146,-1,0.0,0.0,
ETH/USDT,985,2026-04-19 22:00:00,short,0.50018,85.39,60.0,2269.79,18.051429,low_med_down,False,True,False,False,True,0.0,-0.7208397769455488,30.949289120972217,-1.0,-0.000417,0.006,0.0,0.0,50.0,0.0,0.0,-1,0.0,G4_EV,ev=-0.00042 <= floor=0.00600  meta_conf=0.5002,-1,0.0,0.0,
ETH/USDT,986,2026-04-19 23:00:00,short,0.54206,66.28,60.0,2263.27,18.132143,low_med_down,False,True,False,False,True,0.0,-0.7042060427094009,31.800546127513066,0.0,0.000515,0.006,0.0,0.0,50.0,0.0,0.0,-1,0.0,G4_EV,ev=0.00051 <= floor=0.00600  meta_conf=0.5421,-1,0.0,0.0,
ETH/USDT,987,2026-04-20 00:00:00,short,0.53899,74.68,60.0,2280.01,18.85,low_med_down,False,True,False,False,True,0.0,-0.4689612521870756,32.71008930862349,0.0,0.000591,0.006,0.0,0.0,50.0,0.0,0.0,-1,0.0,G4_EV,ev=0.00059 <= floor=0.00600  meta_conf=0.5390,-1,0.0,0.0,
ETH/USDT,988,2026-04-20 01:00:00,short,0.54877,70.42,60.0,2286.17,19.028571,low_med_down,False,True,False,False,True,0.0,-0.3980870591662349,33.55815179375802,0.0,0.000841,0.006,0.0,0.0,50.0,0.0,0.0,-1,0.0,G4_EV,ev=0.00084 <= floor=0.00600  meta_conf=0.5488,-1,0.0,0.0,
ETH/USDT,989,2026-04-20 02:00:00,short,0.55129,61.31,60.0,2277.43,19.252857,low_med_down,False,True,False,False,True,0.0,-0.5609643574053444,34.40701904776407,0.0,0.000975,0.006,0.0,0.0,50.0,0.0,0.0,-1,0.0,G4_EV,ev=0.00097 <= floor=0.00600  meta_conf=0.5513,-1,0.0,0.0,
ETH/USDT,990,2026-04-20 03:00:00,short,0.53764,57.48,60.0,2286.56,18.760714,low_med_down,False,True,False,False,False,0.0,0.0,50.0,0.0,0.0,0.0,0.0,0.0,50.0,0.0,0.0,-1,0.0,G2_EDGE,edge=57.5 < thr=60.0,-1,0.0,0.0,
ETH/USDT,991,2026-04-20 04:00:00,short,0.54876,60.53,60.0,2283.39,18.185714,low_med_down,False,True,False,False,True,0.0,-0.5021098645217382,39.117930250941406,0.0,0.000632,0.006,0.0,0.0,50.0,0.0,0.0,-1,0.0,G4_EV,ev=0.00063 <= floor=0.00600  meta_conf=0.5488,-1,0.0,0.0,
ETH/USDT,992,2026-04-20 05:00:00,short,0.52231,62.55,60.0,2270.21,17.757857,low_med_down,False,True,False,False,True,0.0,-0.5603847522996457,43.98738964890044,0.0,-9e-06,0.006,0.0,0.0,50.0,0.0,0.0,-1,0.0,G4_EV,ev=-0.00001 <= floor=0.00600  meta_conf=0.5223,-1,0.0,0.0,
ETH/USDT,993,2026-04-20 06:00:00,short,0.5494,68.71,60.0,2286.17,17.299286,low_med_down,False,True,False,False,True,0.0,-0.2382062394308134,51.224444364547416,0.0,0.000414,0.006,0.0,0.0,50.0,0.0,0.0,-1,0.0,G4_EV,ev=0.00041 <= floor=0.00600  meta_conf=0.5494,-1,0.0,0.0,
ETH/USDT,994,2026-04-20 07:00:00,short,0.51139,98.76,60.0,2298.8,19.195714,low_med_flat,False,True,False,False,False,0.0,-0.00828430318767951,43.577123696713436,0.0,1.5e-05,0.006,0.0,0.0,50.0,0.0,0.0,-1,0.0,G4_EV,ev=0.00001 <= floor=0.00600  meta_conf=0.5114,-1,0.0,0.0,
ETH/USDT,995,2026-04-20 08:00:00,short,0.52325,81.42,60.0,2294.09,19.567143,low_med_flat,False,True,False,False,False,0.0,-0.13287327428409884,43.98967805480533,0.0,0.000374,0.006,0.0,0.0,50.0,0.0,0.0,-1,0.0,G4_EV,ev=0.00037 <= floor=0.00600  meta_conf=0.5233,-1,0.0,0.0,
ETH/USDT,996,2026-04-20 09:00:00,short,0.53349,75.77,60.0,2309.06,20.28,med_med_flat,False,True,False,False,False,0.0,0.1540301104948124,44.49495987003421,0.0,0.000746,0.006,0.0,0.0,50.0,0.0,0.0,-1,0.0,G4_EV,ev=0.00075 <= floor=0.00600  meta_conf=0.5335,-1,0.0,0.0,
ETH/USDT,997,2026-04-20 10:00:00,short,0.53065,75.13,60.0,2303.39,19.585714,med_med_flat,False,True,False,False,False,0.0,0.13355585448521312,44.73555805298874,0.0,0.00053,0.006,0.0,0.0,50.0,0.0,0.0,-1,0.0,G4_EV,ev=0.00053 <= floor=0.00600  meta_conf=0.5306,-1,0.0,0.0,
ETH/USDT,998,2026-04-20 11:00:00,short,0.51425,73.02,60.0,2308.42,19.369286,med_med_flat,False,True,False,False,False,0.0,0.2881051617792224,45.06653981095351,0.0,9.9e-05,0.006,0.0,0.0,50.0,0.0,0.0,-1,0.0,G4_EV,ev=0.00010 <= floor=0.00600  meta_conf=0.5143,-1,0.0,0.0,
ETH/USDT,999,2026-04-20 12:00:00,short,0.50204,83.34,60.0,2318.88,19.025714,med_med_flat,False,True,False,True,False,0.0,0.47335357197709116,46.95258233821336,0.0,-0.000263,0.006,0.0,0.0,50.0,0.0,0.0,-1,0.0,G4_EV,ev=-0.00026 <= floor=0.00600  meta_conf=0.5020,-1,0.0,0.0,
ETH/USDT,1000,2026-04-20 13:00:00,long,0.50882,84.71,60.0,2310.82,19.794286,med_med_flat,False,True,False,False,False,0.0,0.0,50.0,0.0,0.0,0.0,0.0,0.0,50.0,0.0,0.0,-1,0.0,G2_EDGE,reg.buy_ok=False  regime='med_med_flat',-1,0.0,0.0,
ETH/USDT,1001,2026-04-20 14:00:00,long,0.53227,96.97,60.0,2290.9,20.902143,med_med_down,False,True,False,False,False,0.0,0.0,50.0,0.0,0.0,0.0,0.0,0.0,50.0,0.0,0.0,-1,0.0,G2_EDGE,reg.buy_ok=False  regime='med_med_down',-1,0.0,0.0,
ETH/USDT,1002,2026-04-20 15:00:00,long,0.522,77.79,60.0,2313.91,22.653571,med_med_flat,False,True,False,False,False,0.0,0.0,50.0,0.0,0.0,0.0,0.0,0.0,50.0,0.0,0.0,-1,0.0,G2_EDGE,reg.buy_ok=False  regime='med_med_flat',-1,0.0,0.0,
ETH/USDT,1003,2026-04-20 16:00:00,long,0.51371,69.04,60.0,2300.07,22.715714,med_med_flat,False,True,False,False,False,0.0,0.0,50.0,0.0,0.0,0.0,0.0,0.0,50.0,0.0,0.0,-1,0.0,G2_EDGE,reg.buy_ok=False  regime='med_med_flat',-1,0.0,0.0,
ETH/USDT,1004,2026-04-20 17:00:00,short,0.53203,84.23,60.0,2317.06,23.567857,med_med_up,False,True,False,True,False,0.0,0.5189146100074058,52.67911625638148,0.0,0.001457,0.006,0.0,0.0,50.0,0.0,0.0,-1,0.0,G4_EV,ev=0.00146 <= floor=0.00600  meta_conf=0.5320,-1,0.0,0.0,
ETH/USDT,1005,2026-04-20 18:00:00,short,0.52882,89.37,60.0,2334.23,24.954286,med_high_up,,,True,False,False,0.0,0.0,50.0,0.0,0.0,0.0,0.0,0.0,50.0,0.0,0.0,-1,0.0,G1_REGIME,regime='med_high_up' skipped=True reg_empty=False,-1,0.0,0.0,
ETH/USDT,1006,2026-04-20 19:00:00,short,0.56847,83.24,60.0,2331.78,24.165,med_high_up,,,True,False,False,0.0,0.0,50.0,0.0,0.0,0.0,0.0,0.0,50.0,0.0,0.0,-1,0.0,G1_REGIME,regime='med_high_up' skipped=True reg_empty=False,-1,0.0,0.0,
ETH/USDT,1007,2026-04-20 20:00:00,short,0.57918,83.19,60.0,2337.59,23.779286,med_med_up,False,True,False,True,False,0.0,0.6047255811029965,57.42689274276224,0.0,0.002752,0.006,0.0,0.0,50.0,0.0,0.0,-1,0.0,G4_EV,ev=0.00275 <= floor=0.00600  meta_conf=0.5792,-1,0.0,0.0,
ETH/USDT,1008,2026-04-20 21:00:00,short,0.53754,86.31,60.0,2321.65,22.472857,med_med_up,False,True,False,True,False,0.0,0.42415125116325875,56.37650176739405,0.0,0.001337,0.006,0.0,0.0,50.0,0.0,0.0,-1,0.0,G4_EV,ev=0.00134 <= floor=0.00600  meta_conf=0.5375,-1,0.0,0.0,
ETH/USDT,1009,2026-04-20 22:00:00,short,0.54058,81.48,60.0,2319.4,21.968571,med_med_up,False,True,False,True,False,0.0,0.4131028137882332,56.67579821727932,0.0,0.0013,0.006,0.0,0.0,50.0,0.0,0.0,-1,0.0,G4_EV,ev=0.00130 <= floor=0.00600  meta_conf=0.5406,-1,0.0,0.0,
ETH/USDT,1010,2026-04-20 23:00:00,short,0.51917,82.26,60.0,2313.85,21.348571,med_med_up,False,True,False,True,False,0.0,0.3216022352601199,56.808220884455,0.0,0.000629,0.006,0.0,0.0,50.0,0.0,0.0,-1,0.0,G4_EV,ev=0.00063 <= floor=0.00600  meta_conf=0.5192,-1,0.0,0.0,
ETH/USDT,1011,2026-04-21 00:00:00,short,0.5425,80.8,60.0,2321.94,21.082143,med_med_up,False,True,False,True,False,0.0,0.4856013597479324,56.9928913352511,0.0,0.001128,0.006,0.0,0.0,50.0,0.0,0.0,-1,0.0,G4_EV,ev=0.00113 <= floor=0.00600  meta_conf=0.5425,-1,0.0,0.0,
ETH/USDT,1012,2026-04-21 01:00:00,short,0.52104,82.06,60.0,2315.16,21.2,med_med_up,False,True,False,True,False,0.0,0.2923481658434783,57.21759791489504,0.0,0.000641,0.006,0.0,0.0,50.0,0.0,0.0,-1,0.0,G4_EV,ev=0.00064 <= floor=0.00600  meta_conf=0.5210,-1,0.0,0.0,
ETH/USDT,1013,2026-04-21 02:00:00,long,0.50961,72.64,60.0,2308.34,20.536429,med_med_up,False,True,False,False,False,0.0,0.0,50.0,0.0,0.0,0.0,0.0,0.0,50.0,0.0,0.0,-1,0.0,G2_EDGE,reg.buy_ok=False  regime='med_med_up',-1,0.0,0.0,
ETH/USDT,1014,2026-04-21 03:00:00,long,0.5281,77.62,60.0,2311.62,19.683571,med_med_up,False,True,False,False,False,0.0,0.0,50.0,0.0,0.0,0.0,0.0,0.0,50.0,0.0,0.0,-1,0.0,G2_EDGE,reg.buy_ok=False  regime='med_med_up',-1,0.0,0.0,
ETH/USDT,1015,2026-04-21 04:00:00,long,0.50119,45.35,60.0,2314.59,17.742857,med_med_up,False,True,False,False,False,0.0,0.0,50.0,0.0,0.0,0.0,0.0,0.0,50.0,0.0,0.0,-1,0.0,G2_EDGE,reg.buy_ok=False  regime='med_med_up',-1,0.0,0.0,
ETH/USDT,1016,2026-04-21 05:00:00,long,0.52028,44.05,60.0,2314.07,15.415714,med_low_up,False,True,False,False,False,0.0,0.0,50.0,0.0,0.0,0.0,0.0,0.0,50.0,0.0,0.0,-1,0.0,G2_EDGE,reg.buy_ok=False  regime='med_low_up',-1,0.0,0.0,
ETH/USDT,1017,2026-04-21 06:00:00,long,0.51582,48.59,60.0,2317.36,15.615,med_low_up,False,True,False,False,False,0.0,0.0,50.0,0.0,0.0,0.0,0.0,0.0,50.0,0.0,0.0,-1,0.0,G2_EDGE,reg.buy_ok=False  regime='med_low_up',-1,0.0,0.0,
ETH/USDT,1018,2026-04-21 07:00:00,long,0.52786,51.16,60.0,2318.48,14.828571,low_low_up,False,True,False,False,False,0.0,0.0,50.0,0.0,0.0,0.0,0.0,0.0,50.0,0.0,0.0,-1,0.0,G2_EDGE,reg.buy_ok=False  regime='low_low_up',-1,0.0,0.0,
ETH/USDT,1019,2026-04-21 08:00:00,long,0.51751,49.88,60.0,2323.43,14.658571,low_low_up,False,True,False,False,False,0.0,0.0,50.0,0.0,0.0,0.0,0.0,0.0,50.0,0.0,0.0,-1,0.0,G2_EDGE,reg.buy_ok=False  regime='low_low_up',-1,0.0,0.0,
ETH/USDT,1020,2026-04-21 09:00:00,long,0.51156,47.3,60.0,2325.69,14.667143,low_low_up,False,True,False,False,False,0.0,0.0,50.0,0.0,0.0,0.0,0.0,0.0,50.0,0.0,0.0,-1,0.0,G2_EDGE,reg.buy_ok=False  regime='low_low_up',-1,0.0,0.0,
ETH/USDT,1021,2026-04-21 10:00:00,short,0.53569,62.57,60.0,2331.15,14.461429,low_low_up,False,True,False,True,False,0.0,0.4556018825337148,64.36731249002818,0.0,-0.000611,0.006,0.0,0.0,50.0,0.0,0.0,-1,0.0,G4_EV,ev=-0.00061 <= floor=0.00600  meta_conf=0.5357,-1,0.0,0.0,
ETH/USDT,1022,2026-04-21 11:00:00,long,0.50947,51.53,60.0,2320.45,13.288571,low_low_flat,False,True,False,False,False,0.0,0.0,50.0,0.0,0.0,0.0,0.0,0.0,50.0,0.0,0.0,-1,0.0,G2_EDGE,reg.buy_ok=False  regime='low_low_flat',-1,0.0,0.0,
ETH/USDT,1023,2026-04-21 12:00:00,long,0.54404,84.72,60.0,2308.54,14.611429,low_low_flat,False,True,False,False,False,0.0,0.0,50.0,0.0,0.0,0.0,0.0,0.0,50.0,0.0,0.0,-1,0.0,G2_EDGE,reg.buy_ok=False  regime='low_low_flat',-1,0.0,0.0,
ETH/USDT,1024,2026-04-21 13:00:00,long,0.5363,59.16,60.0,2312.77,14.947857,low_low_flat,False,True,False,False,False,0.0,0.0,50.0,0.0,0.0,0.0,0.0,0.0,50.0,0.0,0.0,-1,0.0,G2_EDGE,reg.buy_ok=False  regime='low_low_flat',-1,0.0,0.0,
ETH/USDT,1025,2026-04-21 14:00:00,long,0.54442,82.82,60.0,2299.35,16.337857,low_med_flat,False,True,False,False,False,0.0,0.0,50.0,0.0,0.0,0.0,0.0,0.0,50.0,0.0,0.0,-1,0.0,G2_EDGE,reg.buy_ok=False  regime='low_med_flat',-1,0.0,0.0,
ETH/USDT,1026,2026-04-21 15:00:00,long,0.53979,71.24,60.0,2310.24,16.794286,low_med_flat,False,True,False,False,False,0.0,0.0,50.0,0.0,0.0,0.0,0.0,0.0,50.0,0.0,0.0,-1,0.0,G2_EDGE,reg.buy_ok=False  regime='low_med_flat',-1,0.0,0.0,
ETH/USDT,1027,2026-04-21 16:00:00,long,0.52775,68.88,60.0,2307.45,17.433571,low_med_flat,False,True,False,False,False,0.0,0.0,50.0,0.0,0.0,0.0,0.0,0.0,50.0,0.0,0.0,-1,0.0,G2_EDGE,reg.buy_ok=False  regime='low_med_flat',-1,0.0,0.0,
ETH/USDT,1028,2026-04-21 17:00:00,long,0.53385,84.48,60.0,2306.21,19.042857,low_med_flat,False,True,False,False,False,0.0,0.0,50.0,0.0,0.0,0.0,0.0,0.0,50.0,0.0,0.0,-1,0.0,G2_EDGE,reg.buy_ok=False  regime='low_med_flat',-1,0.0,0.0,
ETH/USDT,1029,2026-04-21 18:00:00,long,0.52459,56.62,60.0,2312.72,19.130714,low_med_flat,False,True,False,False,False,0.0,0.0,50.0,0.0,0.0,0.0,0.0,0.0,50.0,0.0,0.0,-1,0.0,G2_EDGE,reg.buy_ok=False  regime='low_med_flat',-1,0.0,0.0,
ETH/USDT,1030,2026-04-21 19:00:00,long,0.53536,84.33,60.0,2298.41,21.749286,low_med_flat,False,True,False,False,False,0.0,0.0,50.0,0.0,0.0,0.0,0.0,0.0,50.0,0.0,0.0,-1,0.0,G2_EDGE,reg.buy_ok=False  regime='low_med_flat',-1,0.0,0.0,
ETH/USDT,1031,2026-04-21 20:00:00,long,0.5434,78.08,60.0,2314.56,22.520714,low_med_flat,False,True,False,False,False,0.0,0.0,50.0,0.0,0.0,0.0,0.0,0.0,50.0,0.0,0.0,-1,0.0,G2_EDGE,reg.buy_ok=False  regime='low_med_flat',-1,0.0,0.0,
ETH/USDT,1032,2026-04-21 21:00:00,long,0.52142,52.45,60.0,2312.56,22.175714,low_med_flat,False,True,False,False,False,0.0,0.0,50.0,0.0,0.0,0.0,0.0,0.0,50.0,0.0,0.0,-1,0.0,G2_EDGE,reg.buy_ok=False  regime='low_med_flat',-1,0.0,0.0,
ETH/USDT,1033,2026-04-21 22:00:00,long,0.51989,53.32,60.0,2311.35,21.469286,low_med_flat,False,True,False,False,False,0.0,0.0,50.0,0.0,0.0,0.0,0.0,0.0,50.0,0.0,0.0,-1,0.0,G2_EDGE,reg.buy_ok=False  regime='low_med_flat',-1,0.0,0.0,
ETH/USDT,1034,2026-04-21 23:00:00,short,0.50976,62.75,60.0,2327.14,22.131429,low_med_flat,False,True,False,True,False,0.0,0.3391111458474516,59.63296978235387,0.0,0.00053,0.006,0.0,0.0,50.0,0.0,0.0,-1,0.0,G4_EV,ev=0.00053 <= floor=0.00600  meta_conf=0.5098,-1,0.0,0.0,
ETH/USDT,1035,2026-04-22 00:00:00,short,0.50156,62.27,60.0,2325.58,21.864286,low_med_flat,False,True,False,True,False,0.0,0.23277142729441075,64.67500322371104,0.0,0.00027,0.006,0.0,0.0,50.0,0.0,0.0,-1,0.0,G4_EV,ev=0.00027 <= floor=0.00600  meta_conf=0.5016,-1,0.0,0.0,
ETH/USDT,1036,2026-04-22 01:00:00,long,0.50149,49.21,60.0,2322.37,21.909286,low_med_flat,False,True,False,False,False,0.0,0.0,50.0,0.0,0.0,0.0,0.0,0.0,50.0,0.0,0.0,-1,0.0,G2_EDGE,reg.buy_ok=False  regime='low_med_flat',-1,0.0,0.0,
ETH/USDT,1037,2026-04-22 02:00:00,short,0.53108,82.31,60.0,2370.34,23.675,low_med_up,False,False,False,False,False,0.0,0.0,50.0,0.0,0.0,0.0,0.0,0.0,50.0,0.0,0.0,-1,0.0,G2_EDGE,reg.sell_ok=False  regime='low_med_up',-1,0.0,0.0,
ETH/USDT,1038,2026-04-22 03:00:00,short,0.55375,68.84,60.0,2363.62,24.017857,low_med_up,False,False,False,False,False,0.0,0.0,50.0,0.0,0.0,0.0,0.0,0.0,50.0,0.0,0.0,-1,0.0,G2_EDGE,reg.sell_ok=False  regime='low_med_up',-1,0.0,0.0,
ETH/USDT,1039,2026-04-22 04:00:00,short,0.5685,61.41,60.0,2363.81,22.491429,low_med_up,False,False,False,False,False,0.0,0.0,50.0,0.0,0.0,0.0,0.0,0.0,50.0,0.0,0.0,-1,0.0,G2_EDGE,reg.sell_ok=False  regime='low_med_up',-1,0.0,0.0,
ETH/USDT,1040,2026-04-22 05:00:00,short,0.53712,82.68,60.0,2396.81,24.749286,med_high_up,,,True,False,False,0.0,0.0,50.0,0.0,0.0,0.0,0.0,0.0,50.0,0.0,0.0,-1,0.0,G1_REGIME,regime='med_high_up' skipped=True reg_empty=False,-1,0.0,0.0,
ETH/USDT,1041,2026-04-22 06:00:00,short,0.53426,62.54,60.0,2393.37,23.992143,med_med_up,False,True,False,True,False,0.0,0.6215753997665656,33.14713776514541,0.0,0.001438,0.006,0.0,0.0,50.0,0.0,0.0,-1,0.0,G4_EV,ev=0.00144 <= floor=0.00600  meta_conf=0.5343,-1,0.0,0.0,
ETH/USDT,1042,2026-04-22 07:00:00,short,0.53215,62.77,60.0,2389.97,22.482857,med_med_up,False,True,False,True,False,0.0,0.6078505749416632,34.48417392769505,0.0,0.00105,0.006,0.0,0.0,50.0,0.0,0.0,-1,0.0,G4_EV,ev=0.00105 <= floor=0.00600  meta_conf=0.5321,-1,0.0,0.0,
ETH/USDT,1043,2026-04-22 08:00:00,short,0.53826,83.75,60.0,2388.22,22.330714,med_med_up,False,True,False,True,False,0.0,0.5557152725962535,34.86794633164486,0.0,0.001174,0.006,0.0,0.0,50.0,0.0,0.0,-1,0.0,G4_EV,ev=0.00117 <= floor=0.00600  meta_conf=0.5383,-1,0.0,0.0,
ETH/USDT,1044,2026-04-22 09:00:00,short,0.54639,81.17,60.0,2387.51,19.8,med_med_up,False,True,False,True,False,0.0,0.5410053362424905,37.34681642222298,0.0,0.000771,0.006,0.0,0.0,50.0,0.0,0.0,-1,0.0,G4_EV,ev=0.00077 <= floor=0.00600  meta_conf=0.5464,-1,0.0,0.0,
ETH/USDT,1045,2026-04-22 10:00:00,short,0.5476,80.2,60.0,2390.2,18.277857,med_med_up,False,True,False,True,False,0.0,0.6375505768344953,38.76759523843157,0.0,0.000424,0.006,0.0,0.0,50.0,0.0,0.0,-1,0.0,G4_EV,ev=0.00042 <= floor=0.00600  meta_conf=0.5476,-1,0.0,0.0,
ETH/USDT,1046,2026-04-22 11:00:00,short,0.54735,82.15,60.0,2398.44,18.683571,med_med_up,False,True,False,True,False,0.0,0.6443463117939328,38.34021221047536,0.0,0.000501,0.006,0.0,0.0,50.0,0.0,0.0,-1,0.0,G4_EV,ev=0.00050 <= floor=0.00600  meta_conf=0.5473,-1,0.0,0.0,
ETH/USDT,1047,2026-04-22 12:00:00,short,0.56039,83.18,60.0,2404.92,18.398571,med_med_up,False,True,False,True,False,0.0,0.6475773671425533,41.14404990044799,0.0,0.00069,0.006,0.0,0.0,50.0,0.0,0.0,-1,0.0,G4_EV,ev=0.00069 <= floor=0.00600  meta_conf=0.5604,-1,0.0,0.0,
ETH/USDT,1048,2026-04-22 13:00:00,short,0.54264,87.26,60.0,2417.4,18.625714,med_med_up,False,True,False,True,False,0.0,0.7236533570562322,38.16388850224092,1.0,0.000354,0.006,0.0,0.0,50.0,0.0,0.0,-1,0.0,G4_EV,ev=0.00035 <= floor=0.00600  meta_conf=0.5426,-1,0.0,0.0,
ETH/USDT,1049,2026-04-22 14:00:00,short,0.54514,88.59,60.0,2403.17,20.343571,med_med_up,False,True,False,True,False,0.0,0.5247262264723889,37.714790758286235,0.0,0.000841,0.006,0.0,0.0,50.0,0.0,0.0,-1,0.0,G4_EV,ev=0.00084 <= floor=0.00600  meta_conf=0.5451,-1,0.0,0.0,
ETH/USDT,1050,2026-04-22 15:00:00,short,0.54018,88.54,60.0,2403.83,20.858571,med_med_up,False,True,False,True,False,0.0,0.6031110314681413,40.15332116414268,0.0,0.000846,0.006,0.0,0.0,50.0,0.0,0.0,-1,0.0,G4_EV,ev=0.00085 <= floor=0.00600  meta_conf=0.5402,-1,0.0,0.0,
ETH/USDT,1051,2026-04-22 16:00:00,short,0.56432,78.49,60.0,2386.14,19.042143,med_med_up,False,True,False,False,False,0.0,0.29082790174426326,57.00126301026795,0.0,0.000977,0.006,0.0,0.0,50.0,0.0,0.0,-1,0.0,G4_EV,ev=0.00098 <= floor=0.00600  meta_conf=0.5643,-1,0.0,0.0,
ETH/USDT,1052,2026-04-22 17:00:00,short,0.54663,82.1,60.0,2399.21,18.698571,med_med_up,False,True,False,True,False,0.0,0.5390313841619676,56.30963053777847,0.0,0.000488,0.006,0.0,0.0,50.0,0.0,0.0,-1,0.0,G4_EV,ev=0.00049 <= floor=0.00600  meta_conf=0.5466,-1,0.0,0.0,
ETH/USDT,1053,2026-04-22 18:00:00,short,0.56218,81.81,60.0,2396.91,18.589286,med_med_up,False,True,False,True,False,0.0,0.4152727358669975,57.84348708927979,0.0,0.000792,0.006,0.0,0.0,50.0,0.0,0.0,-1,0.0,G4_EV,ev=0.00079 <= floor=0.00600  meta_conf=0.5622,-1,0.0,0.0,
ETH/USDT,1054,2026-04-22 19:00:00,short,0.54109,82.83,60.0,2397.79,16.166429,med_low_up,False,True,False,True,False,0.0,0.37738505321556515,72.52571505514415,0.0,-0.000218,0.006,0.0,0.0,50.0,0.0,0.0,-1,0.0,G4_EV,ev=-0.00022 <= floor=0.00600  meta_conf=0.5411,-1,0.0,0.0,
ETH/USDT,1055,2026-04-22 20:00:00,short,0.54964,84.81,60.0,2391.92,16.445714,med_low_up,False,True,False,True,False,0.0,0.0885992444986102,71.4763486950693,0.0,1.6e-05,0.006,0.0,0.0,50.0,0.0,0.0,-1,0.0,G4_EV,ev=0.00002 <= floor=0.00600  meta_conf=0.5496,-1,0.0,0.0,
ETH/USDT,1056,2026-04-22 21:00:00,short,0.5572,80.84,60.0,2402.55,16.441429,med_low_up,False,True,False,True,False,0.0,0.43489613501645324,70.61479843899069,0.0,0.000136,0.006,0.0,0.0,50.0,0.0,0.0,-1,0.0,G4_EV,ev=0.00014 <= floor=0.00600  meta_conf=0.5572,-1,0.0,0.0,
ETH/USDT,1057,2026-04-22 22:00:00,short,0.54838,81.59,60.0,2400.09,16.468571,med_low_up,False,True,False,True,False,0.0,0.3310571792292041,70.86353758744629,0.0,-1.6e-05,0.006,0.0,0.0,50.0,0.0,0.0,-1,0.0,G4_EV,ev=-0.00002 <= floor=0.00600  meta_conf=0.5484,-1,0.0,0.0,
ETH/USDT,1058,2026-04-22 23:00:00,short,0.51787,79.03,60.0,2374.07,17.701429,med_med_up,False,True,False,False,False,0.0,-0.22951696797087356,61.84913160988331,0.0,-0.000285,0.006,0.0,0.0,50.0,0.0,0.0,-1,0.0,G4_EV,ev=-0.00029 <= floor=0.00600  meta_conf=0.5179,-1,0.0,0.0,
ETH/USDT,1059,2026-04-23 00:00:00,long,0.5122,94.5,60.0,2372.96,19.892143,med_med_up,False,True,False,False,False,0.0,0.0,50.0,0.0,0.0,0.0,0.0,0.0,50.0,0.0,0.0,-1,0.0,G2_EDGE,reg.buy_ok=False  regime='med_med_up',-1,0.0,0.0,
ETH/USDT,1060,2026-04-23 01:00:00,short,0.51783,78.61,60.0,2366.79,19.747857,med_med_up,False,True,False,False,False,0.0,-0.35394101436365877,43.83676319202564,0.0,0.000156,0.006,0.0,0.0,50.0,0.0,0.0,-1,0.0,G4_EV,ev=0.00016 <= floor=0.00600  meta_conf=0.5178,-1,0.0,0.0,
ETH/USDT,1061,2026-04-23 02:00:00,short,0.51903,64.92,60.0,2351.96,20.579286,med_med_flat,False,True,False,False,True,0.0,-0.4891533904419778,44.15641309110343,0.0,0.000387,0.006,0.0,0.0,50.0,0.0,0.0,-1,0.0,G4_EV,ev=0.00039 <= floor=0.00600  meta_conf=0.5190,-1,0.0,0.0,
ETH/USDT,1062,2026-04-23 03:00:00,short,0.50766,64.39,60.0,2340.81,20.594286,med_med_flat,False,True,False,False,True,0.0,-0.5530337398137527,39.49125730290324,-1.0,0.000141,0.006,0.0,0.0,50.0,0.0,0.0,-1,0.0,G4_EV,ev=0.00014 <= floor=0.00600  meta_conf=0.5077,-1,0.0,0.0,
ETH/USDT,1063,2026-04-23 04:00:00,short,0.51936,58.91,60.0,2347.84,19.115,med_med_flat,False,True,False,False,False,0.0,0.0,50.0,0.0,0.0,0.0,0.0,0.0,50.0,0.0,0.0,-1,0.0,G2_EDGE,edge=58.9 < thr=60.0,-1,0.0,0.0,
ETH/USDT,1064,2026-04-23 05:00:00,short,0.52409,60.25,60.0,2348.77,18.36,med_med_down,False,True,False,False,True,0.0,-0.44042587116431836,43.295162473162684,0.0,2.6e-05,0.006,0.0,0.0,50.0,0.0,0.0,-1,0.0,G4_EV,ev=0.00003 <= floor=0.00600  meta_conf=0.5241,-1,0.0,0.0,
ETH/USDT,1065,2026-04-23 06:00:00,short,0.51108,70.24,60.0,2354.43,16.972857,med_med_down,False,True,False,False,True,0.0,-0.3779290122604891,46.114320355495224,0.0,-0.00054,0.006,0.0,0.0,50.0,0.0,0.0,-1,0.0,G4_EV,ev=-0.00054 <= floor=0.00600  meta_conf=0.5111,-1,0.0,0.0,
ETH/USDT,1066,2026-04-23 07:00:00,short,0.52426,61.53,60.0,2344.43,17.007857,med_med_down,False,True,False,False,True,0.0,-0.49994884602819806,45.863012362143145,0.0,-0.00026,0.006,0.0,0.0,50.0,0.0,0.0,-1,0.0,G4_EV,ev=-0.00026 <= floor=0.00600  meta_conf=0.5243,-1,0.0,0.0,
ETH/USDT,1067,2026-04-23 08:00:00,short,0.52477,65.7,60.0,2339.92,17.036429,med_med_down,False,True,False,False,True,0.0,-0.562475805153398,45.6307177951867,0.0,-0.000237,0.006,0.0,0.0,50.0,0.0,0.0,-1,0.0,G4_EV,ev=-0.00024 <= floor=0.00600  meta_conf=0.5248,-1,0.0,0.0,
ETH/USDT,1068,2026-04-23 09:00:00,short,0.50722,72.77,60.0,2316.25,17.627857,med_med_down,False,True,False,False,True,0.0,-0.7392292677962805,38.26232877993157,-1.0,-0.000427,0.006,0.0,0.0,50.0,0.0,0.0,-1,0.0,G4_EV,ev=-0.00043 <= floor=0.00600  meta_conf=0.5072,-1,0.0,0.0,
ETH/USDT,1069,2026-04-23 10:00:00,short,0.54431,69.34,60.0,2314.09,17.772857,med_med_down,False,True,False,False,True,0.0,-0.6934243376739511,35.32896119957785,0.0,0.000375,0.006,0.0,0.0,50.0,0.0,0.0,-1,0.0,G4_EV,ev=0.00038 <= floor=0.00600  meta_conf=0.5443,-1,0.0,0.0,
ETH/USDT,1070,2026-04-23 11:00:00,short,0.5533,64.51,60.0,2328.97,18.035,med_med_down,False,True,False,False,True,0.0,-0.5036510201917713,35.84097404917822,0.0,0.000599,0.006,0.0,0.0,50.0,0.0,0.0,-1,0.0,G4_EV,ev=0.00060 <= floor=0.00600  meta_conf=0.5533,-1,0.0,0.0,
ETH/USDT,1071,2026-04-23 12:00:00,short,0.55765,64.7,60.0,2328.87,18.258571,med_med_down,False,True,False,False,True,0.0,-0.5921313826183188,38.01232609159485,0.0,0.000748,0.006,0.0,0.0,50.0,0.0,0.0,-1,0.0,G4_EV,ev=0.00075 <= floor=0.00600  meta_conf=0.5577,-1,0.0,0.0,
ETH/USDT,1072,2026-04-23 13:00:00,short,0.55728,65.33,60.0,2319.82,17.597143,med_med_down,False,True,False,False,True,0.0,-0.6274127383020375,46.206636230415405,0.0,0.000587,0.006,0.0,0.0,50.0,0.0,0.0,-1,0.0,G4_EV,ev=0.00059 <= floor=0.00600  meta_conf=0.5573,-1,0.0,0.0,
ETH/USDT,1073,2026-04-23 14:00:00,short,0.53678,72.46,60.0,2334.24,16.157857,med_low_down,False,True,False,False,True,0.0,-0.36673993365888724,50.4223307495571,0.0,-0.000198,0.006,0.0,0.0,50.0,0.0,0.0,-1,0.0,G4_EV,ev=-0.00020 <= floor=0.00600  meta_conf=0.5368,-1,0.0,0.0,
ETH/USDT,1074,2026-04-23 15:00:00,short,0.57919,75.12,60.0,2333.26,16.670714,med_med_down,False,True,False,False,True,0.0,-0.43012337667849815,53.565131773625964,0.0,0.000743,0.006,0.0,0.0,50.0,0.0,0.0,-1,0.0,G4_EV,ev=0.00074 <= floor=0.00600  meta_conf=0.5792,-1,0.0,0.0,
ETH/USDT,1075,2026-04-23 16:00:00,short,0.5949,71.44,60.0,2326.38,15.946429,med_low_down,False,True,False,False,True,0.0,-0.4873576578220567,58.11527803907207,0.0,0.000841,0.006,0.0,0.0,50.0,0.0,0.0,-1,0.0,G4_EV,ev=0.00084 <= floor=0.00600  meta_conf=0.5949,-1,0.0,0.0,
ETH/USDT,1076,2026-04-23 17:00:00,short,0.53196,94.91,60.0,2310.42,17.509286,med_med_down,False,True,False,False,True,0.0,-0.5924169710114364,45.471722982598735,0.0,6.4e-05,0.006,0.0,0.0,50.0,0.0,0.0,-1,0.0,G4_EV,ev=0.00006 <= floor=0.00600  meta_conf=0.5320,-1,0.0,0.0,
ETH/USDT,1077,2026-04-23 18:00:00,short,0.56331,75.56,60.0,2305.31,17.729286,med_med_down,False,True,False,False,True,0.0,-0.6623148289660407,45.255973343319916,0.0,0.000775,0.006,0.0,0.0,50.0,0.0,0.0,-1,0.0,G4_EV,ev=0.00078 <= floor=0.00600  meta_conf=0.5633,-1,0.0,0.0,
ETH/USDT,1078,2026-04-23 19:00:00,short,0.5516,72.02,60.0,2312.88,18.147143,med_med_down,False,True,False,False,True,0.0,-0.4745102984674021,45.22272330787026,0.0,0.000624,0.006,0.0,0.0,50.0,0.0,0.0,-1,0.0,G4_EV,ev=0.00062 <= floor=0.00600  meta_conf=0.5516,-1,0.0,0.0,
ETH/USDT,1079,2026-04-23 20:00:00,short,0.53211,80.32,60.0,2325.37,18.617143,med_med_down,False,True,False,False,False,0.0,-0.37084109558085643,46.56646184623052,0.0,0.000297,0.006,0.0,0.0,50.0,0.0,0.0,-1,0.0,G4_EV,ev=0.00030 <= floor=0.00600  meta_conf=0.5321,-1,0.0,0.0,
ETH/USDT,1080,2026-04-23 21:00:00,short,0.56075,79.74,60.0,2321.66,17.993571,med_med_down,False,True,False,False,False,0.0,-0.5000313475559145,53.59275121058827,0.0,0.000759,0.006,0.0,0.0,50.0,0.0,0.0,-1,0.0,G4_EV,ev=0.00076 <= floor=0.00600  meta_conf=0.5607,-1,0.0,0.0,
ETH/USDT,1081,2026-04-23 22:00:00,short,0.56551,77.66,60.0,2331.97,18.502857,med_med_down,False,True,False,False,False,0.0,-0.09814068189168283,54.73282819197444,0.0,0.000974,0.006,0.0,0.0,50.0,0.0,0.0,-1,0.0,G4_EV,ev=0.00097 <= floor=0.00600  meta_conf=0.5655,-1,0.0,0.0,
ETH/USDT,1082,2026-04-23 23:00:00,short,0.53523,74.42,60.0,2330.26,17.297857,med_med_down,False,True,False,False,False,0.0,0.00688405809489184,54.68207969109813,0.0,4.6e-05,0.006,0.0,0.0,50.0,0.0,0.0,-1,0.0,G4_EV,ev=0.00005 <= floor=0.00600  meta_conf=0.5352,-1,0.0,0.0,
ETH/USDT,1083,2026-04-24 00:00:00,short,0.53166,72.45,60.0,2332.48,17.102143,med_med_down,False,True,False,False,False,0.0,0.1741804967382354,54.5787250837004,0.0,-7.4e-05,0.006,0.0,0.0,50.0,0.0,0.0,-1,0.0,G4_EV,ev=-0.00007 <= floor=0.00600  meta_conf=0.5317,-1,0.0,0.0,
ETH/USDT,1084,2026-04-24 01:00:00,short,0.54949,73.27,60.0,2332.84,16.933571,med_med_flat,False,True,False,False,False,0.0,0.1842541084973064,54.40838500727801,0.0,0.000236,0.006,0.0,0.0,50.0,0.0,0.0,-1,0.0,G4_EV,ev=0.00024 <= floor=0.00600  meta_conf=0.5495,-1,0.0,0.0,
ETH/USDT,1085,2026-04-24 02:00:00,short,0.55538,68.86,60.0,2319.91,17.356429,med_med_flat,False,True,False,False,True,0.0,-0.32527426452701047,54.268292499252176,0.0,0.000485,0.006,0.0,0.0,50.0,0.0,0.0,-1,0.0,G4_EV,ev=0.00049 <= floor=0.00600  meta_conf=0.5554,-1,0.0,0.0,
ETH/USDT,1086,2026-04-24 03:00:00,short,0.54097,72.24,60.0,2308.64,17.657857,med_med_flat,False,True,False,False,True,0.0,-0.5133157607724793,54.27773700920086,0.0,0.000288,0.006,0.0,0.0,50.0,0.0,0.0,-1,0.0,G4_EV,ev=0.00029 <= floor=0.00600  meta_conf=0.5410,-1,0.0,0.0,
ETH/USDT,1087,2026-04-24 04:00:00,short,0.54502,72.16,60.0,2306.16,17.100714,med_med_down,False,True,False,False,True,0.0,-0.6058007779880956,54.42410336804323,0.0,0.000238,0.006,0.0,0.0,50.0,0.0,0.0,-1,0.0,G4_EV,ev=0.00024 <= floor=0.00600  meta_conf=0.5450,-1,0.0,0.0,
ETH/USDT,1088,2026-04-24 05:00:00,short,0.51385,70.3,60.0,2314.74,16.936429,med_med_flat,False,True,False,False,True,0.0,-0.39142734889016684,57.72205863670122,0.0,-0.000434,0.006,0.0,0.0,50.0,0.0,0.0,-1,0.0,G4_EV,ev=-0.00043 <= floor=0.00600  meta_conf=0.5139,-1,0.0,0.0,
ETH/USDT,1089,2026-04-24 06:00:00,short,0.51875,70.34,60.0,2309.2,16.635714,med_med_down,False,True,False,False,True,0.0,-0.5459846873724753,57.828589126155165,0.0,-0.000394,0.006,0.0,0.0,50.0,0.0,0.0,-1,0.0,G4_EV,ev=-0.00039 <= floor=0.00600  meta_conf=0.5187,-1,0.0,0.0,
ETH/USDT,1090,2026-04-24 07:00:00,short,0.52113,69.26,60.0,2311.63,14.103571,med_low_flat,True,False,False,False,False,0.0,0.0,50.0,0.0,0.0,0.0,0.0,0.0,50.0,0.0,0.0,-1,0.0,G2_EDGE,reg.sell_ok=False  regime='med_low_flat',-1,0.0,0.0,
ETH/USDT,1091,2026-04-24 08:00:00,long,0.51036,76.15,60.0,2315.24,14.166429,med_low_flat,True,False,False,True,True,0.0,-0.2034789848486897,69.04397747682137,0.0,-0.001075,0.006,0.0,0.0,50.0,0.0,0.0,-1,0.0,G4_EV,ev=-0.00108 <= floor=0.00600  meta_conf=0.5104,-1,0.0,0.0,
ETH/USDT,1092,2026-04-24 09:00:00,long,0.50341,51.01,60.0,2310.18,13.722143,low_low_flat,False,True,False,False,False,0.0,0.0,50.0,0.0,0.0,0.0,0.0,0.0,50.0,0.0,0.0,-1,0.0,G2_EDGE,reg.buy_ok=False  regime='low_low_flat',-1,0.0,0.0,
ETH/USDT,1093,2026-04-24 10:00:00,short,0.51688,57.63,60.0,2316.02,13.459286,low_low_flat,False,True,False,False,False,0.0,0.0,50.0,0.0,0.0,0.0,0.0,0.0,50.0,0.0,0.0,-1,0.0,G2_EDGE,edge=57.6 < thr=60.0,-1,0.0,0.0,
ETH/USDT,1094,2026-04-24 11:00:00,long,0.50374,50.8,60.0,2328.1,14.04,low_low_flat,False,True,False,False,False,0.0,0.0,50.0,0.0,0.0,0.0,0.0,0.0,50.0,0.0,0.0,-1,0.0,G2_EDGE,reg.buy_ok=False  regime='low_low_flat',-1,0.0,0.0,
ETH/USDT,1095,2026-04-24 12:00:00,long,0.51155,46.68,60.0,2325.25,13.767857,low_low_flat,False,True,False,False,False,0.0,0.0,50.0,0.0,0.0,0.0,0.0,0.0,50.0,0.0,0.0,-1,0.0,G2_EDGE,reg.buy_ok=False  regime='low_low_flat',-1,0.0,0.0,
ETH/USDT,1096,2026-04-24 13:00:00,long,0.51735,57.89,60.0,2317.32,14.568571,low_low_flat,False,True,False,False,False,0.0,0.0,50.0,0.0,0.0,0.0,0.0,0.0,50.0,0.0,0.0,-1,0.0,G2_EDGE,reg.buy_ok=False  regime='low_low_flat',-1,0.0,0.0,
ETH/USDT,1097,2026-04-24 14:00:00,long,0.51999,75.1,60.0,2313.41,14.819286,low_low_flat,False,True,False,False,False,0.0,0.0,50.0,0.0,0.0,0.0,0.0,0.0,50.0,0.0,0.0,-1,0.0,G2_EDGE,reg.buy_ok=False  regime='low_low_flat',-1,0.0,0.0,
ETH/USDT,1098,2026-04-24 15:00:00,long,0.51156,69.49,60.0,2323.81,15.717857,low_low_flat,False,True,False,False,False,0.0,0.0,50.0,0.0,0.0,0.0,0.0,0.0,50.0,0.0,0.0,-1,0.0,G2_EDGE,reg.buy_ok=False  regime='low_low_flat',-1,0.0,0.0,
ETH/USDT,1099,2026-04-24 16:00:00,long,0.50071,53.13,60.0,2316.67,15.281429,low_low_flat,False,True,False,False,False,0.0,0.0,50.0,0.0,0.0,0.0,0.0,0.0,50.0,0.0,0.0,-1,0.0,G2_EDGE,reg.buy_ok=False  regime='low_low_flat',-1,0.0,0.0,
ETH/USDT,1100,2026-04-24 17:00:00,short,0.50039,55.14,60.0,2319.6,14.687857,low_low_flat,False,True,False,False,False,0.0,0.0,50.0,0.0,0.0,0.0,0.0,0.0,50.0,0.0,0.0,-1,0.0,G2_EDGE,edge=55.1 < thr=60.0,-1,0.0,0.0,
ETH/USDT,1101,2026-04-24 18:00:00,short,0.51009,51.94,60.0,2319.92,14.698571,low_low_flat,False,True,False,False,False,0.0,0.0,50.0,0.0,0.0,0.0,0.0,0.0,50.0,0.0,0.0,-1,0.0,G2_EDGE,edge=51.9 < thr=60.0,-1,0.0,0.0,
ETH/USDT,1102,2026-04-24 19:00:00,short,0.5009,51.33,60.0,2321.6,13.887857,low_low_flat,False,True,False,False,False,0.0,0.0,50.0,0.0,0.0,0.0,0.0,0.0,50.0,0.0,0.0,-1,0.0,G2_EDGE,edge=51.3 < thr=60.0,-1,0.0,0.0,
ETH/USDT,1103,2026-04-24 20:00:00,short,0.50257,51.54,60.0,2326.47,14.217857,low_low_flat,False,True,False,False,False,0.0,0.0,50.0,0.0,0.0,0.0,0.0,0.0,50.0,0.0,0.0,-1,0.0,G2_EDGE,edge=51.5 < thr=60.0,-1,0.0,0.0,
ETH/USDT,1104,2026-04-24 21:00:00,short,0.50597,56.64,60.0,2315.18,14.685714,low_low_flat,False,True,False,False,False,0.0,0.0,50.0,0.0,0.0,0.0,0.0,0.0,50.0,0.0,0.0,-1,0.0,G2_EDGE,edge=56.6 < thr=60.0,-1,0.0,0.0,
ETH/USDT,1105,2026-04-24 22:00:00,short,0.51111,59.06,60.0,2311.92,14.219286,low_low_flat,False,True,False,False,False,0.0,0.0,50.0,0.0,0.0,0.0,0.0,0.0,50.0,0.0,0.0,-1,0.0,G2_EDGE,edge=59.1 < thr=60.0,-1,0.0,0.0,
ETH/USDT,1106,2026-04-24 23:00:00,short,0.50054,48.95,60.0,2314.99,13.653571,low_low_flat,False,True,False,False,False,0.0,0.0,50.0,0.0,0.0,0.0,0.0,0.0,50.0,0.0,0.0,-1,0.0,G2_EDGE,edge=49.0 < thr=60.0,-1,0.0,0.0,
ETH/USDT,1107,2026-04-25 00:00:00,long,0.50092,47.59,60.0,2316.04,13.062143,low_low_flat,False,True,False,False,False,0.0,0.0,50.0,0.0,0.0,0.0,0.0,0.0,50.0,0.0,0.0,-1,0.0,G2_EDGE,reg.buy_ok=False  regime='low_low_flat',-1,0.0,0.0,
ETH/USDT,1108,2026-04-25 01:00:00,short,0.523,52.11,60.0,2318.0,12.322857,low_low_flat,False,True,False,False,False,0.0,0.0,50.0,0.0,0.0,0.0,0.0,0.0,50.0,0.0,0.0,-1,0.0,G2_EDGE,edge=52.1 < thr=60.0,-1,0.0,0.0,
ETH/USDT,1109,2026-04-25 02:00:00,short,0.51991,52.99,60.0,2317.4,11.692143,low_low_flat,False,True,False,False,False,0.0,0.0,50.0,0.0,0.0,0.0,0.0,0.0,50.0,0.0,0.0,-1,0.0,G2_EDGE,edge=53.0 < thr=60.0,-1,0.0,0.0,
ETH/USDT,1110,2026-04-25 03:00:00,short,0.5052,50.57,60.0,2318.43,10.594286,low_low_flat,False,True,False,False,False,0.0,0.0,50.0,0.0,0.0,0.0,0.0,0.0,50.0,0.0,0.0,-1,0.0,G2_EDGE,edge=50.6 < thr=60.0,-1,0.0,0.0,
ETH/USDT,1111,2026-04-25 04:00:00,short,0.50761,51.66,60.0,2316.79,9.775,low_low_flat,False,True,False,False,False,0.0,0.0,50.0,0.0,0.0,0.0,0.0,0.0,50.0,0.0,0.0,-1,0.0,G2_EDGE,edge=51.7 < thr=60.0,-1,0.0,0.0,
ETH/USDT,1112,2026-04-25 05:00:00,short,0.52228,54.55,60.0,2316.01,8.016429,low_low_flat,False,True,False,False,False,0.0,0.0,50.0,0.0,0.0,0.0,0.0,0.0,50.0,0.0,0.0,-1,0.0,G2_EDGE,edge=54.5 < thr=60.0,-1,0.0,0.0,
ETH/USDT,1113,2026-04-25 06:00:00,long,0.51495,49.23,60.0,2316.01,7.196429,low_low_flat,False,True,False,False,False,0.0,0.0,50.0,0.0,0.0,0.0,0.0,0.0,50.0,0.0,0.0,-1,0.0,G2_EDGE,reg.buy_ok=False  regime='low_low_flat',-1,0.0,0.0,
ETH/USDT,1114,2026-04-25 07:00:00,long,0.51158,50.28,60.0,2316.48,6.58,low_low_flat,False,True,False,False,False,0.0,0.0,50.0,0.0,0.0,0.0,0.0,0.0,50.0,0.0,0.0,-1,0.0,G2_EDGE,reg.buy_ok=False  regime='low_low_flat',-1,0.0,0.0,
ETH/USDT,1115,2026-04-25 08:00:00,long,0.51075,52.38,60.0,2319.44,6.122857,low_low_flat,False,True,False,False,False,0.0,0.0,50.0,0.0,0.0,0.0,0.0,0.0,50.0,0.0,0.0,-1,0.0,G2_EDGE,reg.buy_ok=False  regime='low_low_flat',-1,0.0,0.0,
ETH/USDT,1116,2026-04-25 09:00:00,long,0.52801,57.81,60.0,2319.12,6.141429,low_low_flat,False,True,False,False,False,0.0,0.0,50.0,0.0,0.0,0.0,0.0,0.0,50.0,0.0,0.0,-1,0.0,G2_EDGE,reg.buy_ok=False  regime='low_low_flat',-1,0.0,0.0,
ETH/USDT,1117,2026-04-25 10:00:00,short,0.51637,50.69,60.0,2320.56,5.500714,low_low_flat,False,True,False,False,False,0.0,0.0,50.0,0.0,0.0,0.0,0.0,0.0,50.0,0.0,0.0,-1,0.0,G2_EDGE,edge=50.7 < thr=60.0,-1,0.0,0.0,
ETH/USDT,1118,2026-04-25 11:00:00,short,0.501,57.94,60.0,2313.64,5.104286,low_low_flat,False,True,False,False,False,0.0,0.0,50.0,0.0,0.0,0.0,0.0,0.0,50.0,0.0,0.0,-1,0.0,G2_EDGE,edge=57.9 < thr=60.0,-1,0.0,0.0,
ETH/USDT,1119,2026-04-25 12:00:00,long,0.50877,54.52,60.0,2313.55,4.830714,low_low_flat,False,True,False,False,False,0.0,0.0,50.0,0.0,0.0,0.0,0.0,0.0,50.0,0.0,0.0,-1,0.0,G2_EDGE,reg.buy_ok=False  regime='low_low_flat',-1,0.0,0.0,
ETH/USDT,1120,2026-04-25 13:00:00,long,0.51408,53.14,60.0,2316.25,4.845,low_low_flat,False,True,False,False,False,0.0,0.0,50.0,0.0,0.0,0.0,0.0,0.0,50.0,0.0,0.0,-1,0.0,G2_EDGE,reg.buy_ok=False  regime='low_low_flat',-1,0.0,0.0,
ETH/USDT,1121,2026-04-25 14:00:00,long,0.52563,53.73,60.0,2316.02,4.765714,low_low_flat,False,True,False,False,False,0.0,0.0,50.0,0.0,0.0,0.0,0.0,0.0,50.0,0.0,0.0,-1,0.0,G2_EDGE,reg.buy_ok=False  regime='low_low_flat',-1,0.0,0.0,
ETH/USDT,1122,2026-04-25 15:00:00,long,0.53471,70.18,60.0,2308.09,5.464286,low_low_flat,False,True,False,False,False,0.0,0.0,50.0,0.0,0.0,0.0,0.0,0.0,50.0,0.0,0.0,-1,0.0,G2_EDGE,reg.buy_ok=False  regime='low_low_flat',-1,0.0,0.0,
ETH/USDT,1123,2026-04-25 16:00:00,long,0.53975,71.67,60.0,2309.53,5.892143,low_low_flat,False,True,False,False,False,0.0,0.0,50.0,0.0,0.0,0.0,0.0,0.0,50.0,0.0,0.0,-1,0.0,G2_EDGE,reg.buy_ok=False  regime='low_low_flat',-1,0.0,0.0,
ETH/USDT,1124,2026-04-25 17:00:00,long,0.53721,53.87,60.0,2309.36,5.961429,low_low_flat,False,True,False,False,False,0.0,0.0,50.0,0.0,0.0,0.0,0.0,0.0,50.0,0.0,0.0,-1,0.0,G2_EDGE,reg.buy_ok=False  regime='low_low_flat',-1,0.0,0.0,
ETH/USDT,1125,2026-04-25 18:00:00,long,0.53253,52.36,60.0,2311.55,6.164286,low_low_flat,False,True,False,False,False,0.0,0.0,50.0,0.0,0.0,0.0,0.0,0.0,50.0,0.0,0.0,-1,0.0,G2_EDGE,reg.buy_ok=False  regime='low_low_flat',-1,0.0,0.0,
ETH/USDT,1126,2026-04-25 19:00:00,long,0.52772,49.57,60.0,2310.06,6.285,low_low_flat,False,True,False,False,False,0.0,0.0,50.0,0.0,0.0,0.0,0.0,0.0,50.0,0.0,0.0,-1,0.0,G2_EDGE,reg.buy_ok=False  regime='low_low_flat',-1,0.0,0.0,
ETH/USDT,1127,2026-04-25 20:00:00,long,0.5352,50.27,60.0,2313.2,6.4,low_low_flat,False,True,False,False,False,0.0,0.0,50.0,0.0,0.0,0.0,0.0,0.0,50.0,0.0,0.0,-1,0.0,G2_EDGE,reg.buy_ok=False  regime='low_low_flat',-1,0.0,0.0,
ETH/USDT,1128,2026-04-25 21:00:00,long,0.53605,54.56,60.0,2315.8,6.395714,low_low_flat,False,True,False,False,False,0.0,0.0,50.0,0.0,0.0,0.0,0.0,0.0,50.0,0.0,0.0,-1,0.0,G2_EDGE,reg.buy_ok=False  regime='low_low_flat',-1,0.0,0.0,
ETH/USDT,1129,2026-04-25 22:00:00,long,0.53835,55.97,60.0,2317.75,6.419286,low_low_flat,False,True,False,False,False,0.0,0.0,50.0,0.0,0.0,0.0,0.0,0.0,50.0,0.0,0.0,-1,0.0,G2_EDGE,reg.buy_ok=False  regime='low_low_flat',-1,0.0,0.0,
ETH/USDT,1130,2026-04-25 23:00:00,long,0.53397,77.59,60.0,2319.5,6.197857,low_low_flat,False,True,False,False,False,0.0,0.0,50.0,0.0,0.0,0.0,0.0,0.0,50.0,0.0,0.0,-1,0.0,G2_EDGE,reg.buy_ok=False  regime='low_low_flat',-1,0.0,0.0,
ETH/USDT,1131,2026-04-26 00:00:00,long,0.54569,75.58,60.0,2315.37,6.501429,low_low_flat,False,True,False,False,False,0.0,0.0,50.0,0.0,0.0,0.0,0.0,0.0,50.0,0.0,0.0,-1,0.0,G2_EDGE,reg.buy_ok=False  regime='low_low_flat',-1,0.0,0.0,
ETH/USDT,1132,2026-04-26 01:00:00,long,0.54381,75.53,60.0,2313.85,6.146429,low_low_flat,False,True,False,False,False,0.0,0.0,50.0,0.0,0.0,0.0,0.0,0.0,50.0,0.0,0.0,-1,0.0,G2_EDGE,reg.buy_ok=False  regime='low_low_flat',-1,0.0,0.0,
ETH/USDT,1133,2026-04-26 02:00:00,long,0.54275,74.69,60.0,2315.15,6.123571,low_low_flat,False,True,False,False,False,0.0,0.0,50.0,0.0,0.0,0.0,0.0,0.0,50.0,0.0,0.0,-1,0.0,G2_EDGE,reg.buy_ok=False  regime='low_low_flat',-1,0.0,0.0,
ETH/USDT,1134,2026-04-26 03:00:00,long,0.53295,73.52,60.0,2310.0,6.502143,low_low_flat,False,True,False,False,False,0.0,0.0,50.0,0.0,0.0,0.0,0.0,0.0,50.0,0.0,0.0,-1,0.0,G2_EDGE,reg.buy_ok=False  regime='low_low_flat',-1,0.0,0.0,
ETH/USDT,1135,2026-04-26 04:00:00,long,0.53361,77.43,60.0,2317.74,7.010714,low_low_flat,False,True,False,False,False,0.0,0.0,50.0,0.0,0.0,0.0,0.0,0.0,50.0,0.0,0.0,-1,0.0,G2_EDGE,reg.buy_ok=False  regime='low_low_flat',-1,0.0,0.0,
ETH/USDT,1136,2026-04-26 05:00:00,short,0.51027,89.24,60.0,2327.84,7.241429,low_low_flat,False,True,False,True,True,0.0,0.7315217605799087,34.47339950783762,1.0,-0.002514,0.006,0.0,0.0,50.0,0.0,0.0,-1,0.0,G4_EV,ev=-0.00251 <= floor=0.00600  meta_conf=0.5103,-1,0.0,0.0,
ETH/USDT,1137,2026-04-26 06:00:00,short,0.54418,71.52,60.0,2329.99,6.907857,low_low_flat,False,True,False,True,True,0.0,0.6579223740075377,42.04143338848638,0.0,-0.002312,0.006,0.0,0.0,50.0,0.0,0.0,-1,0.0,G4_EV,ev=-0.00231 <= floor=0.00600  meta_conf=0.5442,-1,0.0,0.0,
ETH/USDT,1138,2026-04-26 07:00:00,short,0.52802,67.66,60.0,2331.24,6.721429,low_low_flat,False,True,False,True,True,0.0,0.7064430377271214,42.359165497362916,0.0,-0.002484,0.006,0.0,0.0,50.0,0.0,0.0,-1,0.0,G4_EV,ev=-0.00248 <= floor=0.00600  meta_conf=0.5280,-1,0.0,0.0,
ETH/USDT,1139,2026-04-26 08:00:00,short,0.53071,71.26,60.0,2332.38,6.827857,low_low_flat,False,True,False,True,True,0.0,0.6898521105433569,41.136506701620746,0.0,-0.00244,0.006,0.0,0.0,50.0,0.0,0.0,-1,0.0,G4_EV,ev=-0.00244 <= floor=0.00600  meta_conf=0.5307,-1,0.0,0.0,
ETH/USDT,1140,2026-04-26 09:00:00,short,0.53269,67.91,60.0,2334.69,6.880714,low_low_flat,False,True,False,True,True,0.0,0.7126576108845262,41.38192336561237,0.0,-0.002414,0.006,0.0,0.0,50.0,0.0,0.0,-1,0.0,G4_EV,ev=-0.00241 <= floor=0.00600  meta_conf=0.5327,-1,0.0,0.0,
ETH/USDT,1141,2026-04-26 10:00:00,short,0.53913,69.88,60.0,2332.95,6.899286,low_low_flat,False,True,False,True,True,0.0,0.5976964458406615,41.58639696704303,0.0,-0.002357,0.006,0.0,0.0,50.0,0.0,0.0,-1,0.0,G4_EV,ev=-0.00236 <= floor=0.00600  meta_conf=0.5391,-1,0.0,0.0,
ETH/USDT,1142,2026-04-26 11:00:00,short,0.56408,78.92,60.0,2335.95,6.917857,low_low_up,False,True,False,True,False,0.0,0.677373579608052,41.799057529766685,0.0,-0.002155,0.006,0.0,0.0,50.0,0.0,0.0,-1,0.0,G4_EV,ev=-0.00215 <= floor=0.00600  meta_conf=0.5641,-1,0.0,0.0,
ETH/USDT,1143,2026-04-26 12:00:00,short,0.54729,74.93,60.0,2328.89,7.409286,low_low_flat,False,True,False,True,True,0.0,0.4455841019008831,42.19902128417033,0.0,-0.002162,0.006,0.0,0.0,50.0,0.0,0.0,-1,0.0,G4_EV,ev=-0.00216 <= floor=0.00600  meta_conf=0.5473,-1,0.0,0.0,
ETH/USDT,1144,2026-04-26 13:00:00,short,0.56117,72.3,60.0,2335.22,7.762857,low_low_up,False,True,False,True,True,0.0,0.6458153735909865,42.82279949328861,0.0,-0.001955,0.006,0.0,0.0,50.0,0.0,0.0,-1,0.0,G4_EV,ev=-0.00196 <= floor=0.00600  meta_conf=0.5612,-1,0.0,0.0,
ETH/USDT,1145,2026-04-26 14:00:00,short,0.53498,100.0,60.0,2346.2,8.53,low_low_up,False,True,False,True,False,0.0,0.7247616704552077,28.844428126217373,1.0,-0.002021,0.006,0.0,0.0,50.0,0.0,0.0,-1,0.0,G4_EV,ev=-0.00202 <= floor=0.00600  meta_conf=0.5350,-1,0.0,0.0,
ETH/USDT,1146,2026-04-26 15:00:00,short,0.5721,80.83,60.0,2348.05,8.551429,low_low_up,False,True,False,True,False,0.0,0.6965029395887015,29.764208972992993,0.0,-0.001652,0.006,0.0,0.0,50.0,0.0,0.0,-1,0.0,G4_EV,ev=-0.00165 <= floor=0.00600  meta_conf=0.5721,-1,0.0,0.0,
ETH/USDT,1147,2026-04-26 16:00:00,short,0.5721,83.41,60.0,2342.92,8.672857,low_low_up,False,True,False,True,False,0.0,0.5014586987380588,30.715394465748318,0.0,-0.001614,0.006,0.0,0.0,50.0,0.0,0.0,-1,0.0,G4_EV,ev=-0.00161 <= floor=0.00600  meta_conf=0.5721,-1,0.0,0.0,
ETH/USDT,1148,2026-04-26 17:00:00,short,0.57256,80.36,60.0,2349.43,8.658571,low_low_up,False,True,False,True,False,0.0,0.6925385359214009,33.41399455427919,0.0,-0.00162,0.006,0.0,0.0,50.0,0.0,0.0,-1,0.0,G4_EV,ev=-0.00162 <= floor=0.00600  meta_conf=0.5726,-1,0.0,0.0,
ETH/USDT,1149,2026-04-26 18:00:00,short,0.52151,99.8,60.0,2361.99,9.43,low_low_up,False,True,False,True,False,0.0,0.7443840443726977,27.898238491530613,1.0,-0.001972,0.006,0.0,0.0,50.0,0.0,0.0,-1,0.0,G4_EV,ev=-0.00197 <= floor=0.00600  meta_conf=0.5215,-1,0.0,0.0,
ETH/USDT,1150,2026-04-26 19:00:00,short,0.52681,87.19,60.0,2367.4,9.279286,low_low_up,False,True,False,True,False,0.0,0.7140562060270773,28.08371655499004,0.0,-0.001952,0.006,0.0,0.0,50.0,0.0,0.0,-1,0.0,G4_EV,ev=-0.00195 <= floor=0.00600  meta_conf=0.5268,-1,0.0,0.0,
ETH/USDT,1151,2026-04-26 20:00:00,short,0.56366,82.42,60.0,2362.5,9.591429,low_low_up,False,True,False,True,False,0.0,0.5846251430488987,29.001585776483992,0.0,-0.001475,0.006,0.0,0.0,50.0,0.0,0.0,-1,0.0,G4_EV,ev=-0.00148 <= floor=0.00600  meta_conf=0.5637,-1,0.0,0.0,
ETH/USDT,1152,2026-04-26 21:00:00,short,0.56966,88.36,60.0,2364.34,10.890714,low_low_up,False,True,False,True,False,0.0,0.6805802394834466,30.38492411565393,0.0,-0.001061,0.006,0.0,0.0,50.0,0.0,0.0,-1,0.0,G4_EV,ev=-0.00106 <= floor=0.00600  meta_conf=0.5697,-1,0.0,0.0,
ETH/USDT,1153,2026-04-26 22:00:00,short,0.5535,100.0,60.0,2361.89,12.267857,low_low_up,False,True,False,True,False,0.0,0.5258959474038302,29.55419540360685,0.0,-0.000912,0.006,0.0,0.0,50.0,0.0,0.0,-1,0.0,G4_EV,ev=-0.00091 <= floor=0.00600  meta_conf=0.5535,-1,0.0,0.0,
ETH/USDT,1154,2026-04-26 23:00:00,short,0.53809,87.56,60.0,2369.44,13.407143,low_low_up,False,True,False,True,False,0.0,0.6852016187085328,31.532972242444558,0.0,-0.000872,0.006,0.0,0.0,50.0,0.0,0.0,-1,0.0,G4_EV,ev=-0.00087 <= floor=0.00600  meta_conf=0.5381,-1,0.0,0.0,
ETH/USDT,1155,2026-04-27 00:00:00,short,0.526,86.11,60.0,2390.76,15.401429,low_low_up,False,True,False,True,False,0.0,0.7540646852443765,26.58510752412136,1.0,-0.000649,0.006,0.0,0.0,50.0,0.0,0.0,-1,0.0,G4_EV,ev=-0.00065 <= floor=0.00600  meta_conf=0.5260,-1,0.0,0.0,
ETH/USDT,1156,2026-04-27 01:00:00,short,0.51788,100.0,60.0,2394.61,16.977143,low_med_up,False,False,False,False,False,0.0,0.0,50.0,0.0,0.0,0.0,0.0,0.0,50.0,0.0,0.0,-1,0.0,G2_EDGE,reg.sell_ok=False  regime='low_med_up',-1,0.0,0.0,
ETH/USDT,1157,2026-04-27 02:00:00,short,0.54739,81.87,60.0,2392.16,16.798571,low_med_up,False,False,False,False,False,0.0,0.0,50.0,0.0,0.0,0.0,0.0,0.0,50.0,0.0,0.0,-1,0.0,G2_EDGE,reg.sell_ok=False  regime='low_med_up',-1,0.0,0.0,
ETH/USDT,1158,2026-04-27 03:00:00,short,0.57756,82.69,60.0,2394.85,16.939286,low_med_up,False,False,False,False,False,0.0,0.0,50.0,0.0,0.0,0.0,0.0,0.0,50.0,0.0,0.0,-1,0.0,G2_EDGE,reg.sell_ok=False  regime='low_med_up',-1,0.0,0.0,
ETH/USDT,1159,2026-04-27 04:00:00,short,0.59197,85.61,60.0,2382.84,16.710714,low_med_up,False,False,False,False,False,0.0,0.0,50.0,0.0,0.0,0.0,0.0,0.0,50.0,0.0,0.0,-1,0.0,G2_EDGE,reg.sell_ok=False  regime='low_med_up',-1,0.0,0.0,
ETH/USDT,1160,2026-04-27 05:00:00,long,0.5151,100.0,60.0,2323.18,20.957143,low_med_flat,False,True,False,False,False,0.0,0.0,50.0,0.0,0.0,0.0,0.0,0.0,50.0,0.0,0.0,-1,0.0,G2_EDGE,reg.buy_ok=False  regime='low_med_flat',-1,0.0,0.0,
ETH/USDT,1161,2026-04-27 06:00:00,short,0.50406,75.87,60.0,2321.0,21.664286,low_med_flat,False,True,False,False,True,0.0,-0.5504714453462775,29.369802664892703,0.0,0.000303,0.006,0.0,0.0,50.0,0.0,0.0,-1,0.0,G4_EV,ev=0.00030 <= floor=0.00600  meta_conf=0.5041,-1,0.0,0.0,
ETH/USDT,1162,2026-04-27 07:00:00,short,0.51934,73.68,60.0,2316.01,21.620714,low_med_flat,False,True,False,False,True,0.0,-0.5653934819113168,31.761224195008236,0.0,0.000688,0.006,0.0,0.0,50.0,0.0,0.0,-1,0.0,G4_EV,ev=0.00069 <= floor=0.00600  meta_conf=0.5193,-1,0.0,0.0,
ETH/USDT,1163,2026-04-27 08:00:00,short,0.51728,74.5,60.0,2319.68,20.832143,low_med_flat,False,True,False,False,True,0.0,-0.5172520121790672,32.29507931418777,0.0,0.00046,0.006,0.0,0.0,50.0,0.0,0.0,-1,0.0,G4_EV,ev=0.00046 <= floor=0.00600  meta_conf=0.5173,-1,0.0,0.0,
ETH/USDT,1164,2026-04-27 09:00:00,short,0.52429,73.19,60.0,2322.19,20.341429,low_med_flat,False,True,False,False,True,0.0,-0.5516972209348114,34.126921987139895,0.0,0.000516,0.006,0.0,0.0,50.0,0.0,0.0,-1,0.0,G4_EV,ev=0.00052 <= floor=0.00600  meta_conf=0.5243,-1,0.0,0.0,
ETH/USDT,1165,2026-04-27 10:00:00,short,0.54479,71.65,60.0,2320.14,19.978571,low_med_flat,False,True,False,False,True,0.0,-0.6463270927150344,35.76993178692909,0.0,0.000916,0.006,0.0,0.0,50.0,0.0,0.0,-1,0.0,G4_EV,ev=0.00092 <= floor=0.00600  meta_conf=0.5448,-1,0.0,0.0,
ETH/USDT,1166,2026-04-27 11:00:00,short,0.53945,69.9,60.0,2320.39,18.845714,low_med_flat,False,True,False,False,True,0.0,-0.5104870921220043,36.98175625884873,0.0,0.00052,0.006,0.0,0.0,50.0,0.0,0.0,-1,0.0,G4_EV,ev=0.00052 <= floor=0.00600  meta_conf=0.5394,-1,0.0,0.0,
ETH/USDT,1167,2026-04-27 12:00:00,short,0.51735,71.52,60.0,2314.11,17.552857,low_med_flat,False,True,False,False,True,0.0,-0.6144410034905213,37.765938293457225,0.0,-0.000231,0.006,0.0,0.0,50.0,0.0,0.0,-1,0.0,G4_EV,ev=-0.00023 <= floor=0.00600  meta_conf=0.5174,-1,0.0,0.0,
ETH/USDT,1168,2026-04-27 13:00:00,short,0.50261,67.33,60.0,2312.28,17.222857,low_med_flat,False,True,False,False,True,0.0,-0.6231336896273321,36.145936359211234,0.0,-0.000596,0.006,0.0,0.0,50.0,0.0,0.0,-1,0.0,G4_EV,ev=-0.00060 <= floor=0.00600  meta_conf=0.5026,-1,0.0,0.0,
ETH/USDT,1169,2026-04-27 14:00:00,short,0.52668,65.59,60.0,2314.75,16.407857,low_med_flat,False,True,False,False,True,0.0,-0.534921821121283,36.29130144207916,0.0,-0.0003,0.006,0.0,0.0,50.0,0.0,0.0,-1,0.0,G4_EV,ev=-0.00030 <= floor=0.00600  meta_conf=0.5267,-1,0.0,0.0,
ETH/USDT,1170,2026-04-27 15:00:00,long,0.52475,100.0,60.0,2275.07,17.997857,med_med_down,False,True,False,False,False,0.0,0.0,50.0,0.0,0.0,0.0,0.0,0.0,50.0,0.0,0.0,-1,0.0,G2_EDGE,reg.buy_ok=False  regime='med_med_down',-1,0.0,0.0,
ETH/USDT,1171,2026-04-27 16:00:00,short,0.50872,63.37,60.0,2278.12,18.058571,med_med_down,False,True,False,False,True,0.0,-0.6045016941322853,25.76095502967832,0.0,-0.000246,0.006,0.0,0.0,50.0,0.0,0.0,-1,0.0,G4_EV,ev=-0.00025 <= floor=0.00600  meta_conf=0.5087,-1,0.0,0.0,
ETH/USDT,1172,2026-04-27 17:00:00,short,0.51072,65.68,60.0,2287.08,18.410714,med_med_down,False,True,False,False,True,0.0,-0.5427894661594653,27.226693688722804,0.0,-0.000145,0.006,0.0,0.0,50.0,0.0,0.0,-1,0.0,G4_EV,ev=-0.00014 <= floor=0.00600  meta_conf=0.5107,-1,0.0,0.0,
ETH/USDT,1173,2026-04-27 18:00:00,short,0.50063,60.33,60.0,2288.75,17.838571,med_med_down,False,True,False,False,True,0.0,-0.5322211284813041,31.247710865595845,0.0,-0.000479,0.006,0.0,0.0,50.0,0.0,0.0,-1,0.0,G4_EV,ev=-0.00048 <= floor=0.00600  meta_conf=0.5006,-1,0.0,0.0,
ETH/USDT,1174,2026-04-27 19:00:00,short,0.52846,60.84,60.0,2289.14,14.406429,med_low_down,False,True,False,False,True,0.0,-0.5162390868525113,53.448969445445606,0.0,-0.000684,0.006,0.0,0.0,50.0,0.0,0.0,-1,0.0,G4_EV,ev=-0.00068 <= floor=0.00600  meta_conf=0.5285,-1,0.0,0.0,
ETH/USDT,1175,2026-04-27 20:00:00,short,0.53748,70.15,60.0,2291.7,13.753571,med_low_down,False,True,False,False,True,0.0,-0.5069950332272767,52.283526687111404,0.0,-0.000692,0.006,0.0,0.0,50.0,0.0,0.0,-1,0.0,G4_EV,ev=-0.00069 <= floor=0.00600  meta_conf=0.5375,-1,0.0,0.0,
ETH/USDT,1176,2026-04-27 21:00:00,short,0.55984,70.91,60.0,2287.33,13.509286,med_low_down,False,True,False,False,True,0.0,-0.6044402213316173,51.050087707647144,0.0,-0.000388,0.006,0.0,0.0,50.0,0.0,0.0,-1,0.0,G4_EV,ev=-0.00039 <= floor=0.00600  meta_conf=0.5598,-1,0.0,0.0,
ETH/USDT,1177,2026-04-27 22:00:00,short,0.55159,69.8,60.0,2294.36,13.544286,med_low_down,False,True,False,False,True,0.0,-0.45980792444853014,49.90656611098042,0.0,-0.000521,0.006,0.0,0.0,50.0,0.0,0.0,-1,0.0,G4_EV,ev=-0.00052 <= floor=0.00600  meta_conf=0.5516,-1,0.0,0.0,
ETH/USDT,1178,2026-04-27 23:00:00,short,0.53336,78.35,60.0,2303.67,14.081429,med_low_down,False,True,False,False,False,0.0,-0.31922749630391,48.89599520305727,0.0,-0.000699,0.006,0.0,0.0,50.0,0.0,0.0,-1,0.0,G4_EV,ev=-0.00070 <= floor=0.00600  meta_conf=0.5334,-1,0.0,0.0,
ETH/USDT,1179,2026-04-28 00:00:00,short,0.54318,77.96,60.0,2306.77,14.532143,med_low_down,False,True,False,False,False,0.0,-0.21765798869392955,47.99428814015359,0.0,-0.000431,0.006,0.0,0.0,50.0,0.0,0.0,-1,0.0,G4_EV,ev=-0.00043 <= floor=0.00600  meta_conf=0.5432,-1,0.0,0.0,
ETH/USDT,1180,2026-04-28 01:00:00,short,0.54268,69.0,60.0,2298.61,14.887857,low_low_down,True,True,False,False,True,0.0,-0.3430974511566064,47.32529836715451,0.0,-0.000339,0.006,0.0,0.0,50.0,0.0,0.0,-1,0.0,G4_EV,ev=-0.00034 <= floor=0.00600  meta_conf=0.5427,-1,0.0,0.0,
ETH/USDT,1181,2026-04-28 02:00:00,short,0.53078,71.7,60.0,2289.11,15.72,low_low_down,True,True,False,False,True,0.0,-0.4273560400770871,47.011446518426496,0.0,-0.000339,0.006,0.0,0.0,50.0,0.0,0.0,-1,0.0,G4_EV,ev=-0.00034 <= floor=0.00600  meta_conf=0.5308,-1,0.0,0.0,
ETH/USDT,1182,2026-04-28 03:00:00,short,0.5426,69.01,60.0,2290.94,15.102143,low_low_down,True,True,False,False,True,0.0,-0.3317612644209096,46.64502905432158,0.0,-0.000275,0.006,0.0,0.0,50.0,0.0,0.0,-1,0.0,G4_EV,ev=-0.00028 <= floor=0.00600  meta_conf=0.5426,-1,0.0,0.0,
ETH/USDT,1183,2026-04-28 04:00:00,short,0.51297,70.15,60.0,2288.57,14.398571,low_low_down,True,True,False,False,True,0.0,-0.42118607993863705,56.19990295764289,0.0,-0.000948,0.006,0.0,0.0,50.0,0.0,0.0,-1,0.0,G4_EV,ev=-0.00095 <= floor=0.00600  meta_conf=0.5130,-1,0.0,0.0,
ETH/USDT,1184,2026-04-28 05:00:00,short,0.50321,69.88,60.0,2288.13,11.622143,low_low_down,True,True,False,False,True,0.0,-0.239843994764443,62.022369075012854,0.0,-0.00167,0.006,0.0,0.0,50.0,0.0,0.0,-1,0.0,G4_EV,ev=-0.00167 <= floor=0.00600  meta_conf=0.5032,-1,0.0,0.0,
ETH/USDT,1185,2026-04-28 06:00:00,short,0.52394,73.47,60.0,2277.63,12.33,low_low_down,True,True,False,False,True,0.0,-0.5279941157437885,61.4310505477301,0.0,-0.001214,0.006,0.0,0.0,50.0,0.0,0.0,-1,0.0,G4_EV,ev=-0.00121 <= floor=0.00600  meta_conf=0.5239,-1,0.0,0.0,
ETH/USDT,1186,2026-04-28 07:00:00,short,0.52757,71.03,60.0,2287.99,12.559286,low_low_flat,False,True,False,False,True,0.0,-0.32699318203701244,60.3290265582374,0.0,-0.001121,0.006,0.0,0.0,50.0,0.0,0.0,-1,0.0,G4_EV,ev=-0.00112 <= floor=0.00600  meta_conf=0.5276,-1,0.0,0.0,
ETH/USDT,1187,2026-04-28 08:00:00,short,0.53491,71.41,60.0,2287.07,12.572857,low_low_flat,False,True,False,False,True,0.0,-0.5397729193673991,59.30914793603369,0.0,-0.001008,0.006,0.0,0.0,50.0,0.0,0.0,-1,0.0,G4_EV,ev=-0.00101 <= floor=0.00600  meta_conf=0.5349,-1,0.0,0.0,
ETH/USDT,1188,2026-04-28 09:00:00,short,0.5263,52.44,60.0,2282.27,12.268571,low_low_down,True,True,False,False,False,0.0,0.0,50.0,0.0,0.0,0.0,0.0,0.0,50.0,0.0,0.0,-1,0.0,G2_EDGE,edge=52.4 < thr=60.0,-1,0.0,0.0,
ETH/USDT,1189,2026-04-28 10:00:00,short,0.5078,49.58,60.0,2284.51,12.233571,low_low_down,True,True,False,False,False,0.0,0.0,50.0,0.0,0.0,0.0,0.0,0.0,50.0,0.0,0.0,-1,0.0,G2_EDGE,edge=49.6 < thr=60.0,-1,0.0,0.0,
ETH/USDT,1190,2026-04-28 11:00:00,long,0.52731,69.54,60.0,2275.32,12.919286,low_low_down,True,True,False,False,True,0.0,-0.47570488500255914,58.30661568909844,0.0,-0.001026,0.006,0.0,0.0,50.0,0.0,0.0,-1,0.0,G4_EV,ev=-0.00103 <= floor=0.00600  meta_conf=0.5273,-1,0.0,0.0,
ETH/USDT,1191,2026-04-28 12:00:00,long,0.50999,62.31,60.0,2278.23,12.823571,low_low_down,True,True,False,False,True,0.0,-0.34944311340972445,58.16166951060071,0.0,-0.001315,0.006,0.0,0.0,50.0,0.0,0.0,-1,0.0,G4_EV,ev=-0.00132 <= floor=0.00600  meta_conf=0.5100,-1,0.0,0.0,
ETH/USDT,1192,2026-04-28 13:00:00,long,0.52958,100.0,60.0,2276.36,13.574286,low_low_down,True,True,False,False,True,0.0,-0.5914078969305234,48.143657460720796,0.0,-0.00084,0.006,0.0,0.0,50.0,0.0,0.0,-1,0.0,G4_EV,ev=-0.00084 <= floor=0.00600  meta_conf=0.5296,-1,0.0,0.0,
ETH/USDT,1193,2026-04-28 14:00:00,long,0.51456,99.92,60.0,2273.44,13.875714,low_low_down,True,True,False,False,True,0.0,-0.5821431162012165,49.56843606089301,0.0,-0.001014,0.006,0.0,0.0,50.0,0.0,0.0,-1,0.0,G4_EV,ev=-0.00101 <= floor=0.00600  meta_conf=0.5146,-1,0.0,0.0,
ETH/USDT,1194,2026-04-28 15:00:00,long,0.51002,85.71,60.0,2279.76,13.905,low_low_flat,False,True,False,False,False,0.0,0.0,50.0,0.0,0.0,0.0,0.0,0.0,50.0,0.0,0.0,-1,0.0,G2_EDGE,reg.buy_ok=False  regime='low_low_flat',-1,0.0,0.0,
ETH/USDT,1195,2026-04-28 16:00:00,long,0.5156,76.69,60.0,2286.18,13.475,low_low_flat,False,True,False,False,False,0.0,0.0,50.0,0.0,0.0,0.0,0.0,0.0,50.0,0.0,0.0,-1,0.0,G2_EDGE,reg.buy_ok=False  regime='low_low_flat',-1,0.0,0.0,
ETH/USDT,1196,2026-04-28 17:00:00,long,0.50878,77.94,60.0,2290.73,13.887857,low_low_flat,False,True,False,False,False,0.0,0.0,50.0,0.0,0.0,0.0,0.0,0.0,50.0,0.0,0.0,-1,0.0,G2_EDGE,reg.buy_ok=False  regime='low_low_flat',-1,0.0,0.0,
ETH/USDT,1197,2026-04-28 18:00:00,short,0.52336,82.19,60.0,2296.96,13.825714,low_low_flat,False,True,False,True,False,0.0,0.4279892947044429,57.31894923902489,0.0,-0.000912,0.006,0.0,0.0,50.0,0.0,0.0,-1,0.0,G4_EV,ev=-0.00091 <= floor=0.00600  meta_conf=0.5234,-1,0.0,0.0,
ETH/USDT,1198,2026-04-28 19:00:00,short,0.51572,84.66,60.0,2301.96,14.189286,low_low_flat,False,True,False,True,False,0.0,0.35798496819193687,51.55638350125053,0.0,-0.000965,0.006,0.0,0.0,50.0,0.0,0.0,-1,0.0,G4_EV,ev=-0.00096 <= floor=0.00600  meta_conf=0.5157,-1,0.0,0.0,
ETH/USDT,1199,2026-04-28 20:00:00,short,0.53322,79.58,60.0,2295.55,13.472143,low_low_flat,False,True,False,True,False,0.0,0.2190563079638546,51.47127983453835,0.0,-0.000833,0.006,0.0,0.0,50.0,0.0,0.0,-1,0.0,G4_EV,ev=-0.00083 <= floor=0.00600  meta_conf=0.5332,-1,0.0,0.0,
ETH/USDT,1200,2026-04-28 21:00:00,short,0.5042,72.07,60.0,2290.12,13.004286,low_low_flat,False,True,False,True,True,0.0,0.08479242802015309,51.56203154765999,0.0,-0.00138,0.006,0.0,0.0,50.0,0.0,0.0,-1,0.0,G4_EV,ev=-0.00138 <= floor=0.00600  meta_conf=0.5042,-1,0.0,0.0,
ETH/USDT,1201,2026-04-28 22:00:00,long,0.50523,69.8,60.0,2286.18,13.092857,low_low_flat,False,True,False,False,False,0.0,0.0,50.0,0.0,0.0,0.0,0.0,0.0,50.0,0.0,0.0,-1,0.0,G2_EDGE,reg.buy_ok=False  regime='low_low_flat',-1,0.0,0.0,
ETH/USDT,1202,2026-04-28 23:00:00,short,0.53339,69.45,60.0,2289.42,12.677857,low_low_flat,False,True,False,True,True,0.0,0.17459355871244062,51.75084877991796,0.0,-0.001009,0.006,0.0,0.0,50.0,0.0,0.0,-1,0.0,G4_EV,ev=-0.00101 <= floor=0.00600  meta_conf=0.5334,-1,0.0,0.0,
ETH/USDT,1203,2026-04-29 00:00:00,short,0.53454,70.08,60.0,2292.4,12.825714,low_low_flat,False,True,False,True,True,0.0,0.31904866070280236,51.870674599291995,0.0,-0.000961,0.006,0.0,0.0,50.0,0.0,0.0,-1,0.0,G4_EV,ev=-0.00096 <= floor=0.00600  meta_conf=0.5345,-1,0.0,0.0,
ETH/USDT,1204,2026-04-29 01:00:00,short,0.52571,77.51,60.0,2292.45,13.072857,low_low_flat,False,True,False,True,True,0.0,0.29511066261580016,51.90168947833917,0.0,-0.001038,0.006,0.0,0.0,50.0,0.0,0.0,-1,0.0,G4_EV,ev=-0.00104 <= floor=0.00600  meta_conf=0.5257,-1,0.0,0.0,
ETH/USDT,1205,2026-04-29 02:00:00,short,0.51067,75.23,60.0,2288.88,13.160714,low_low_flat,False,True,False,True,True,0.0,0.1307655447359024,51.96968904861947,0.0,-0.001247,0.006,0.0,0.0,50.0,0.0,0.0,-1,0.0,G4_EV,ev=-0.00125 <= floor=0.00600  meta_conf=0.5107,-1,0.0,0.0,
ETH/USDT,1206,2026-04-29 03:00:00,short,0.58534,100.0,60.0,2311.52,13.217143,low_low_up,False,True,False,True,False,0.0,0.5905207043912538,46.262446723770786,1.0,-0.000109,0.006,0.0,0.0,50.0,0.0,0.0,-1,0.0,G4_EV,ev=-0.00011 <= floor=0.00600  meta_conf=0.5853,-1,0.0,0.0,
ETH/USDT,1207,2026-04-29 04:00:00,short,0.56106,82.25,60.0,2327.32,14.47,low_low_up,False,True,False,True,False,0.0,0.707162711596132,35.75608292684798,1.0,-0.000177,0.006,0.0,0.0,50.0,0.0,0.0,-1,0.0,G4_EV,ev=-0.00018 <= floor=0.00600  meta_conf=0.5611,-1,0.0,0.0,
ETH/USDT,1208,2026-04-29 05:00:00,short,0.60943,66.54,60.0,2329.19,14.398571,low_low_up,False,True,False,True,False,0.0,0.6725745297184554,38.622066884771726,0.0,0.000608,0.006,0.0,0.0,50.0,0.0,0.0,-1,0.0,G4_EV,ev=0.00061 <= floor=0.00600  meta_conf=0.6094,-1,0.0,0.0,
ETH/USDT,1209,2026-04-29 06:00:00,short,0.58454,83.93,60.0,2324.58,14.57,low_low_up,False,True,False,True,False,0.0,0.5769044759259098,41.40709105364141,0.0,0.000251,0.006,0.0,0.0,50.0,0.0,0.0,-1,0.0,G4_EV,ev=0.00025 <= floor=0.00600  meta_conf=0.5845,-1,0.0,0.0,
ETH/USDT,1210,2026-04-29 07:00:00,short,0.61745,82.87,60.0,2323.73,14.157143,low_low_up,False,True,False,True,False,0.0,0.5556675772739541,41.460795689706515,0.0,0.000674,0.006,0.0,0.0,50.0,0.0,0.0,-1,0.0,G4_EV,ev=0.00067 <= floor=0.00600  meta_conf=0.6175,-1,0.0,0.0,
ETH/USDT,1211,2026-04-29 08:00:00,short,0.61599,80.04,60.0,2325.33,13.979286,low_low_up,False,True,False,True,False,0.0,0.6539090447571896,41.49138895489078,0.0,0.000588,0.006,0.0,0.0,50.0,0.0,0.0,-1,0.0,G4_EV,ev=0.00059 <= floor=0.00600  meta_conf=0.6160,-1,0.0,0.0,
ETH/USDT,1212,2026-04-29 09:00:00,short,0.5975,86.45,60.0,2339.72,14.595714,low_low_up,False,True,False,True,False,0.0,0.7124425477582594,39.17362457618655,0.0,0.000449,0.006,0.0,0.0,50.0,0.0,0.0,-1,0.0,G4_EV,ev=0.00045 <= floor=0.00600  meta_conf=0.5975,-1,0.0,0.0,
ETH/USDT,1213,2026-04-29 10:00:00,short,0.63449,86.76,60.0,2333.68,15.060714,low_low_up,False,True,False,True,False,0.0,0.5344542439046039,39.326294479603234,0.0,0.001248,0.006,0.0,0.0,50.0,0.0,0.0,-1,0.0,G4_EV,ev=0.00125 <= floor=0.00600  meta_conf=0.6345,-1,0.0,0.0,
ETH/USDT,1214,2026-04-29 11:00:00,short,0.62494,85.5,60.0,2331.74,14.757857,low_low_up,False,True,False,True,False,0.0,0.5273055256716834,39.6702966836155,0.0,0.000983,0.006,0.0,0.0,50.0,0.0,0.0,-1,0.0,G4_EV,ev=0.00098 <= floor=0.00600  meta_conf=0.6249,-1,0.0,0.0,
ETH/USDT,1215,2026-04-29 12:00:00,short,0.537,92.04,60.0,2316.13,15.866429,low_low_up,False,True,False,True,False,0.0,0.2949744628550293,40.208097761261484,0.0,-0.000233,0.006,0.0,0.0,50.0,0.0,0.0,-1,0.0,G4_EV,ev=-0.00023 <= floor=0.00600  meta_conf=0.5370,-1,0.0,0.0,
ETH/USDT,1216,2026-04-29 13:00:00,long,0.51458,86.1,60.0,2303.03,17.450714,low_med_up,False,False,False,False,False,0.0,0.0,50.0,0.0,0.0,0.0,0.0,0.0,50.0,0.0,0.0,-1,0.0,G2_EDGE,reg.buy_ok=False  regime='low_med_up',-1,0.0,0.0,
ETH/USDT,1217,2026-04-29 14:00:00,long,0.50611,81.61,60.0,2299.39,17.848571,low_med_up,False,False,False,False,False,0.0,0.0,50.0,0.0,0.0,0.0,0.0,0.0,50.0,0.0,0.0,-1,0.0,G2_EDGE,reg.buy_ok=False  regime='low_med_up',-1,0.0,0.0,
ETH/USDT,1218,2026-04-29 15:00:00,long,0.51907,100.0,60.0,2272.51,19.254286,low_med_flat,False,True,False,False,False,0.0,0.0,50.0,0.0,0.0,0.0,0.0,0.0,50.0,0.0,0.0,-1,0.0,G2_EDGE,reg.buy_ok=False  regime='low_med_flat',-1,0.0,0.0,
ETH/USDT,1219,2026-04-29 16:00:00,long,0.52191,87.16,60.0,2267.47,19.610714,low_med_flat,False,True,False,False,False,0.0,0.0,50.0,0.0,0.0,0.0,0.0,0.0,50.0,0.0,0.0,-1,0.0,G2_EDGE,reg.buy_ok=False  regime='low_med_flat',-1,0.0,0.0,
ETH/USDT,1220,2026-04-29 17:00:00,long,0.52075,83.1,60.0,2283.12,18.773571,low_med_flat,False,True,False,False,False,0.0,0.0,50.0,0.0,0.0,0.0,0.0,0.0,50.0,0.0,0.0,-1,0.0,G2_EDGE,reg.buy_ok=False  regime='low_med_flat',-1,0.0,0.0,
ETH/USDT,1221,2026-04-29 18:00:00,long,0.52303,100.0,60.0,2239.41,21.087143,med_med_down,False,True,False,False,False,0.0,0.0,50.0,0.0,0.0,0.0,0.0,0.0,50.0,0.0,0.0,-1,0.0,G2_EDGE,reg.buy_ok=False  regime='med_med_down',-1,0.0,0.0,
ETH/USDT,1222,2026-04-29 19:00:00,short,0.5202,67.08,60.0,2233.7,21.590714,med_med_down,False,True,False,False,True,0.0,-0.6871623513875208,24.01793092693863,0.0,0.000877,0.006,0.0,0.0,50.0,0.0,0.0,-1,0.0,G4_EV,ev=0.00088 <= floor=0.00600  meta_conf=0.5202,-1,0.0,0.0,
ETH/USDT,1223,2026-04-29 20:00:00,short,0.52783,64.17,60.0,2240.42,21.722143,med_med_down,False,True,False,False,True,0.0,-0.6025723055331568,25.13706616370998,0.0,0.001092,0.006,0.0,0.0,50.0,0.0,0.0,-1,0.0,G4_EV,ev=0.00109 <= floor=0.00600  meta_conf=0.5278,-1,0.0,0.0,
ETH/USDT,1224,2026-04-29 21:00:00,short,0.51112,64.34,60.0,2253.13,22.979286,med_med_down,False,True,False,False,True,0.0,-0.538467036598511,26.473482781742018,0.0,0.000896,0.006,0.0,0.0,50.0,0.0,0.0,-1,0.0,G4_EV,ev=0.00090 <= floor=0.00600  meta_conf=0.5111,-1,0.0,0.0,
ETH/USDT,1225,2026-04-29 22:00:00,short,0.53143,80.68,60.0,2257.78,23.043571,med_med_flat,False,True,False,False,False,0.0,-0.5367865136530061,27.799185297146614,0.0,0.001459,0.006,0.0,0.0,50.0,0.0,0.0,-1,0.0,G4_EV,ev=0.00146 <= floor=0.00600  meta_conf=0.5314,-1,0.0,0.0,
ETH/USDT,1226,2026-04-29 23:00:00,short,0.53886,61.91,60.0,2252.9,22.045714,med_med_down,False,True,False,False,True,0.0,-0.6180979591825764,28.85509960627953,0.0,0.00143,0.006,0.0,0.0,50.0,0.0,0.0,-1,0.0,G4_EV,ev=0.00143 <= floor=0.00600  meta_conf=0.5389,-1,0.0,0.0,
ETH/USDT,1227,2026-04-30 00:00:00,short,0.52159,81.73,60.0,2272.46,22.659286,med_med_flat,False,True,False,False,False,0.0,-0.4305945889837337,33.33077026940221,0.0,0.001068,0.006,0.0,0.0,50.0,0.0,0.0,-1,0.0,G4_EV,ev=0.00107 <= floor=0.00600  meta_conf=0.5216,-1,0.0,0.0,
ETH/USDT,1228,2026-04-30 01:00:00,short,0.55334,83.07,60.0,2269.35,22.997143,med_med_flat,False,True,False,False,False,0.0,-0.5152259415871009,35.789066085663286,0.0,0.00202,0.006,0.0,0.0,50.0,0.0,0.0,-1,0.0,G4_EV,ev=0.00202 <= floor=0.00600  meta_conf=0.5533,-1,0.0,0.0,
ETH/USDT,1229,2026-04-30 02:00:00,short,0.56281,76.07,60.0,2245.13,23.871429,med_high_down,,,True,False,False,0.0,0.0,50.0,0.0,0.0,0.0,0.0,0.0,50.0,0.0,0.0,-1,0.0,G1_REGIME,regime='med_high_down' skipped=True reg_empty=False,-1,0.0,0.0,
ETH/USDT,1230,2026-04-30 03:00:00,short,0.56897,71.88,60.0,2253.24,22.78,med_med_down,False,True,False,False,True,0.0,-0.4816849570774811,46.536299275603895,0.0,0.002432,0.006,0.0,0.0,50.0,0.0,0.0,-1,0.0,G4_EV,ev=0.00243 <= floor=0.00600  meta_conf=0.5690,-1,0.0,0.0,
ETH/USDT,1231,2026-04-30 04:00:00,short,0.61199,76.0,60.0,2238.97,22.990714,med_med_down,False,True,False,False,True,0.0,-0.6656150021463967,50.34655798488572,0.0,0.003726,0.006,0.0,0.0,50.0,0.0,0.0,-1,0.0,G4_EV,ev=0.00373 <= floor=0.00600  meta_conf=0.6120,-1,0.0,0.0,
ETH/USDT,1232,2026-04-30 05:00:00,short,0.59915,74.43,60.0,2242.76,21.457143,med_med_down,False,True,False,False,True,0.0,-0.53918243589654,58.57630796827924,0.0,0.002866,0.006,0.0,0.0,50.0,0.0,0.0,-1,0.0,G4_EV,ev=0.00287 <= floor=0.00600  meta_conf=0.5991,-1,0.0,0.0,
ETH/USDT,1233,2026-04-30 06:00:00,short,0.61226,73.28,60.0,2248.03,21.079286,med_med_down,False,True,False,False,True,0.0,-0.47831005170143176,58.75678135927798,0.0,0.003062,0.006,0.0,0.0,50.0,0.0,0.0,-1,0.0,G4_EV,ev=0.00306 <= floor=0.00600  meta_conf=0.6123,-1,0.0,0.0,
ETH/USDT,1234,2026-04-30 07:00:00,short,0.57016,82.31,60.0,2260.31,21.185714,med_med_down,False,True,False,False,False,0.0,-0.295228851904218,59.051357864646675,0.0,0.001993,0.006,0.0,0.0,50.0,0.0,0.0,-1,0.0,G4_EV,ev=0.00199 <= floor=0.00600  meta_conf=0.5702,-1,0.0,0.0,
ETH/USDT,1235,2026-04-30 08:00:00,short,0.53581,79.0,60.0,2256.65,17.07,med_med_down,False,True,False,False,False,0.0,-0.17822734971477622,65.9099150558861,0.0,0.000135,0.006,0.0,0.0,50.0,0.0,0.0,-1,0.0,G4_EV,ev=0.00014 <= floor=0.00600  meta_conf=0.5358,-1,0.0,0.0,
ETH/USDT,1236,2026-04-30 09:00:00,short,0.53978,75.37,60.0,2261.86,16.903571,med_med_down,False,True,False,False,False,0.0,0.05804538559634759,69.39042209730556,0.0,0.000166,0.006,0.0,0.0,50.0,0.0,0.0,-1,0.0,G4_EV,ev=0.00017 <= floor=0.00600  meta_conf=0.5398,-1,0.0,0.0,
ETH/USDT,1237,2026-04-30 10:00:00,short,0.53259,75.26,60.0,2262.01,16.240714,med_med_down,False,True,False,False,False,0.0,0.02330442915329314,69.60726967157795,0.0,-0.000137,0.006,0.0,0.0,50.0,0.0,0.0,-1,0.0,G4_EV,ev=-0.00014 <= floor=0.00600  meta_conf=0.5326,-1,0.0,0.0,
ETH/USDT,1238,2026-04-30 11:00:00,long,0.50592,74.13,60.0,2258.18,15.913571,med_med_down,False,True,False,False,False,0.0,0.0,50.0,0.0,0.0,0.0,0.0,0.0,50.0,0.0,0.0,-1,0.0,G2_EDGE,reg.buy_ok=False  regime='med_med_down',-1,0.0,0.0,
ETH/USDT,1239,2026-04-30 12:00:00,short,0.50668,75.27,60.0,2265.45,16.235714,med_med_down,False,True,False,False,False,0.0,0.03807625665005234,67.79645021062721,0.0,-0.000646,0.006,0.0,0.0,50.0,0.0,0.0,-1,0.0,G4_EV,ev=-0.00065 <= floor=0.00600  meta_conf=0.5067,-1,0.0,0.0,
ETH/USDT,1240,2026-04-30 13:00:00,short,0.50013,77.91,60.0,2263.9,16.797857,med_med_down,False,True,False,False,False,0.0,-0.02792812521034529,67.08827727293615,0.0,-0.000659,0.006,0.0,0.0,50.0,0.0,0.0,-1,0.0,G4_EV,ev=-0.00066 <= floor=0.00600  meta_conf=0.5001,-1,0.0,0.0,
ETH/USDT,1241,2026-04-30 14:00:00,long,0.51737,64.95,60.0,2262.01,16.777857,med_med_down,False,True,False,False,False,0.0,0.0,50.0,0.0,0.0,0.0,0.0,0.0,50.0,0.0,0.0,-1,0.0,G2_EDGE,reg.buy_ok=False  regime='med_med_down',-1,0.0,0.0,
ETH/USDT,1242,2026-04-30 15:00:00,short,0.51535,53.51,60.0,2265.7,17.173571,med_med_flat,False,True,False,False,False,0.0,0.0,50.0,0.0,0.0,0.0,0.0,0.0,50.0,0.0,0.0,-1,0.0,G2_EDGE,edge=53.5 < thr=60.0,-1,0.0,0.0,
ETH/USDT,1243,2026-04-30 16:00:00,long,0.50822,40.48,60.0,2257.24,15.357857,low_low_flat,False,True,False,False,False,0.0,0.0,50.0,0.0,0.0,0.0,0.0,0.0,50.0,0.0,0.0,-1,0.0,G2_EDGE,reg.buy_ok=False  regime='low_low_flat',-1,0.0,0.0,
ETH/USDT,1244,2026-04-30 17:00:00,long,0.52207,43.46,60.0,2258.14,15.066429,low_low_flat,False,True,False,False,False,0.0,0.0,50.0,0.0,0.0,0.0,0.0,0.0,50.0,0.0,0.0,-1,0.0,G2_EDGE,reg.buy_ok=False  regime='low_low_flat',-1,0.0,0.0,
ETH/USDT,1245,2026-04-30 18:00:00,long,0.523,43.27,60.0,2259.84,14.592143,low_low_up,False,True,False,False,False,0.0,0.0,50.0,0.0,0.0,0.0,0.0,0.0,50.0,0.0,0.0,-1,0.0,G2_EDGE,reg.buy_ok=False  regime='low_low_up',-1,0.0,0.0,
ETH/USDT,1246,2026-04-30 19:00:00,long,0.52385,45.26,60.0,2261.99,14.041429,low_low_up,False,True,False,False,False,0.0,0.0,50.0,0.0,0.0,0.0,0.0,0.0,50.0,0.0,0.0,-1,0.0,G2_EDGE,reg.buy_ok=False  regime='low_low_up',-1,0.0,0.0,
ETH/USDT,1247,2026-04-30 20:00:00,long,0.52044,53.97,60.0,2264.34,13.765,low_low_up,False,True,False,False,False,0.0,0.0,50.0,0.0,0.0,0.0,0.0,0.0,50.0,0.0,0.0,-1,0.0,G2_EDGE,reg.buy_ok=False  regime='low_low_up',-1,0.0,0.0,
ETH/USDT,1248,2026-04-30 21:00:00,long,0.52821,49.16,60.0,2256.29,13.202857,low_low_flat,False,True,False,False,False,0.0,0.0,50.0,0.0,0.0,0.0,0.0,0.0,50.0,0.0,0.0,-1,0.0,G2_EDGE,reg.buy_ok=False  regime='low_low_flat',-1,0.0,0.0,
ETH/USDT,1249,2026-04-30 22:00:00,long,0.52263,46.83,60.0,2254.25,13.272857,low_low_flat,False,True,False,False,False,0.0,0.0,50.0,0.0,0.0,0.0,0.0,0.0,50.0,0.0,0.0,-1,0.0,G2_EDGE,reg.buy_ok=False  regime='low_low_flat',-1,0.0,0.0,
ETH/USDT,1250,2026-04-30 23:00:00,long,0.52635,48.58,60.0,2257.51,12.551429,low_low_flat,False,True,False,False,False,0.0,0.0,50.0,0.0,0.0,0.0,0.0,0.0,50.0,0.0,0.0,-1,0.0,G2_EDGE,reg.buy_ok=False  regime='low_low_flat',-1,0.0,0.0,
ETH/USDT,1251,2026-05-01 00:00:00,long,0.50614,53.36,60.0,2260.0,12.539286,low_low_flat,False,True,False,False,False,0.0,0.0,50.0,0.0,0.0,0.0,0.0,0.0,50.0,0.0,0.0,-1,0.0,G2_EDGE,reg.buy_ok=False  regime='low_low_flat',-1,0.0,0.0,
ETH/USDT,1252,2026-05-01 01:00:00,long,0.50067,46.31,60.0,2267.75,11.748571,low_low_flat,False,True,False,False,False,0.0,0.0,50.0,0.0,0.0,0.0,0.0,0.0,50.0,0.0,0.0,-1,0.0,G2_EDGE,reg.buy_ok=False  regime='low_low_flat',-1,0.0,0.0,
ETH/USDT,1253,2026-05-01 02:00:00,long,0.50063,44.51,60.0,2266.94,11.153571,low_low_up,False,True,False,False,False,0.0,0.0,50.0,0.0,0.0,0.0,0.0,0.0,50.0,0.0,0.0,-1,0.0,G2_EDGE,reg.buy_ok=False  regime='low_low_up',-1,0.0,0.0,
ETH/USDT,1254,2026-05-01 03:00:00,long,0.50104,72.58,60.0,2282.87,11.934286,low_low_up,False,True,False,False,False,0.0,0.0,50.0,0.0,0.0,0.0,0.0,0.0,50.0,0.0,0.0,-1,0.0,G2_EDGE,reg.buy_ok=False  regime='low_low_up',-1,0.0,0.0,
ETH/USDT,1255,2026-05-01 04:00:00,short,0.53658,62.75,60.0,2280.12,10.725714,low_low_up,False,True,False,True,False,0.0,0.40735103493132646,55.39016985019864,0.0,-0.001419,0.006,0.0,0.0,50.0,0.0,0.0,-1,0.0,G4_EV,ev=-0.00142 <= floor=0.00600  meta_conf=0.5366,-1,0.0,0.0,
ETH/USDT,1256,2026-05-01 05:00:00,short,0.54559,59.92,60.0,2283.26,10.082143,low_low_up,False,True,False,False,False,0.0,0.0,50.0,0.0,0.0,0.0,0.0,0.0,50.0,0.0,0.0,-1,0.0,G2_EDGE,edge=59.9 < thr=60.0,-1,0.0,0.0,
ETH/USDT,1257,2026-05-01 06:00:00,long,0.50187,53.56,60.0,2277.45,10.311429,low_low_up,False,True,False,False,False,0.0,0.0,50.0,0.0,0.0,0.0,0.0,0.0,50.0,0.0,0.0,-1,0.0,G2_EDGE,reg.buy_ok=False  regime='low_low_up',-1,0.0,0.0,
ETH/USDT,1258,2026-05-01 07:00:00,short,0.52025,82.22,60.0,2279.48,10.247857,low_low_up,False,True,False,True,False,0.0,0.5625460838778704,52.4962026154576,0.0,-0.001731,0.006,0.0,0.0,50.0,0.0,0.0,-1,0.0,G4_EV,ev=-0.00173 <= floor=0.00600  meta_conf=0.5203,-1,0.0,0.0,
ETH/USDT,1259,2026-05-01 08:00:00,short,0.51307,81.16,60.0,2286.92,10.270714,low_low_up,False,True,False,True,False,0.0,0.6109092429069318,51.521498348173715,0.0,-0.00182,0.006,0.0,0.0,50.0,0.0,0.0,-1,0.0,G4_EV,ev=-0.00182 <= floor=0.00600  meta_conf=0.5131,-1,0.0,0.0,
ETH/USDT,1260,2026-05-01 09:00:00,short,0.5439,81.24,60.0,2282.07,10.147143,low_low_up,False,True,False,True,False,0.0,0.42759069024937624,50.62112948857636,0.0,-0.001472,0.006,0.0,0.0,50.0,0.0,0.0,-1,0.0,G4_EV,ev=-0.00147 <= floor=0.00600  meta_conf=0.5439,-1,0.0,0.0,
ETH/USDT,1261,2026-05-01 10:00:00,short,0.5474,81.49,60.0,2282.53,10.294286,low_low_up,False,True,False,True,False,0.0,0.49244743019041537,49.80025440793483,0.0,-0.001393,0.006,0.0,0.0,50.0,0.0,0.0,-1,0.0,G4_EV,ev=-0.00139 <= floor=0.00600  meta_conf=0.5474,-1,0.0,0.0,
ETH/USDT,1262,2026-05-01 11:00:00,short,0.55557,83.92,60.0,2286.45,10.34,low_low_up,False,True,False,True,False,0.0,0.5308258713871915,49.10950111656678,0.0,-0.001286,0.006,0.0,0.0,50.0,0.0,0.0,-1,0.0,G4_EV,ev=-0.00129 <= floor=0.00600  meta_conf=0.5556,-1,0.0,0.0,
ETH/USDT,1263,2026-05-01 12:00:00,short,0.50545,99.86,60.0,2301.36,11.655714,low_low_up,False,True,False,True,False,0.0,0.7333174067005847,37.33740401405584,1.0,-0.001646,0.006,0.0,0.0,50.0,0.0,0.0,-1,0.0,G4_EV,ev=-0.00165 <= floor=0.00600  meta_conf=0.5054,-1,0.0,0.0,
ETH/USDT,1264,2026-05-01 13:00:00,short,0.52699,100.0,60.0,2318.22,12.915,low_low_up,False,True,False,True,False,0.0,0.7498118769263559,31.745092349578265,1.0,-0.001087,0.006,0.0,0.0,50.0,0.0,0.0,-1,0.0,G4_EV,ev=-0.00109 <= floor=0.00600  meta_conf=0.5270,-1,0.0,0.0,
ETH/USDT,1265,2026-05-01 14:00:00,short,0.51331,100.0,60.0,2308.04,13.991429,low_low_up,False,True,False,True,False,0.0,0.5871162469957543,32.96639380442072,0.0,-0.001054,0.006,0.0,0.0,50.0,0.0,0.0,-1,0.0,G4_EV,ev=-0.00105 <= floor=0.00600  meta_conf=0.5133,-1,0.0,0.0,
ETH/USDT,1266,2026-05-01 15:00:00,short,0.55438,86.9,60.0,2307.64,14.520714,low_low_up,False,True,False,True,False,0.0,0.5799340994062536,36.65406851455719,0.0,-0.000245,0.006,0.0,0.0,50.0,0.0,0.0,-1,0.0,G4_EV,ev=-0.00024 <= floor=0.00600  meta_conf=0.5544,-1,0.0,0.0,
ETH/USDT,1267,2026-05-01 16:00:00,short,0.52455,88.63,60.0,2301.94,15.309286,low_low_up,False,True,False,True,False,0.0,0.44420265389183194,38.42823522543068,0.0,-0.000566,0.006,0.0,0.0,50.0,0.0,0.0,-1,0.0,G4_EV,ev=-0.00057 <= floor=0.00600  meta_conf=0.5246,-1,0.0,0.0,
ETH/USDT,1268,2026-05-01 17:00:00,short,0.57516,81.29,60.0,2311.76,14.314286,low_low_up,False,True,False,True,False,0.0,0.6011649228684917,42.9258079040109,0.0,4.3e-05,0.006,0.0,0.0,50.0,0.0,0.0,-1,0.0,G4_EV,ev=0.00004 <= floor=0.00600  meta_conf=0.5752,-1,0.0,0.0,
ETH/USDT,1269,2026-05-01 18:00:00,short,0.58037,82.08,60.0,2304.76,14.365714,low_low_up,False,True,False,True,False,0.0,0.4241652122919602,43.752025595651105,0.0,0.000157,0.006,0.0,0.0,50.0,0.0,0.0,-1,0.0,G4_EV,ev=0.00016 <= floor=0.00600  meta_conf=0.5804,-1,0.0,0.0,
ETH/USDT,1270,2026-05-01 19:00:00,short,0.54047,79.26,60.0,2304.85,14.163571,low_low_up,False,True,False,True,False,0.0,0.5120526462683951,44.65750761167216,0.0,-0.000563,0.006,0.0,0.0,50.0,0.0,0.0,-1,0.0,G4_EV,ev=-0.00056 <= floor=0.00600  meta_conf=0.5405,-1,0.0,0.0,
ETH/USDT,1271,2026-05-01 20:00:00,short,0.51465,68.15,60.0,2285.19,15.042857,low_low_up,False,True,False,False,True,0.0,0.01242448243441448,46.436306806641596,0.0,-0.000777,0.006,0.0,0.0,50.0,0.0,0.0,-1,0.0,G4_EV,ev=-0.00078 <= floor=0.00600  meta_conf=0.5147,-1,0.0,0.0,
ETH/USDT,1272,2026-05-01 21:00:00,short,0.52406,85.69,60.0,2292.68,15.236429,low_low_up,False,True,False,True,False,0.0,0.09263363905134558,50.447715694321914,0.0,-0.000578,0.006,0.0,0.0,50.0,0.0,0.0,-1,0.0,G4_EV,ev=-0.00058 <= floor=0.00600  meta_conf=0.5241,-1,0.0,0.0,
ETH/USDT,1273,2026-05-01 22:00:00,short,0.5107,82.07,60.0,2293.5,15.042857,low_low_up,False,True,False,True,False,0.0,0.15115513472297656,51.425463440781755,0.0,-0.000859,0.006,0.0,0.0,50.0,0.0,0.0,-1,0.0,G4_EV,ev=-0.00086 <= floor=0.00600  meta_conf=0.5107,-1,0.0,0.0,
ETH/USDT,1274,2026-05-01 23:00:00,long,0.50773,64.31,60.0,2295.63,15.042857,low_low_up,False,True,False,False,False,0.0,0.0,50.0,0.0,0.0,0.0,0.0,0.0,50.0,0.0,0.0,-1,0.0,G2_EDGE,reg.buy_ok=False  regime='low_low_up',-1,0.0,0.0,
ETH/USDT,1275,2026-05-02 00:00:00,short,0.50886,81.08,60.0,2297.6,14.869286,low_low_up,False,True,False,True,False,0.0,0.2433628380954467,54.833853701561026,0.0,-0.000933,0.006,0.0,0.0,50.0,0.0,0.0,-1,0.0,G4_EV,ev=-0.00093 <= floor=0.00600  meta_conf=0.5089,-1,0.0,0.0,
ETH/USDT,1276,2026-05-02 01:00:00,long,0.50952,65.6,60.0,2298.63,14.427143,low_low_up,False,True,False,False,False,0.0,0.0,50.0,0.0,0.0,0.0,0.0,0.0,50.0,0.0,0.0,-1,0.0,G2_EDGE,reg.buy_ok=False  regime='low_low_up',-1,0.0,0.0,
ETH/USDT,1277,2026-05-02 02:00:00,short,0.55558,82.63,60.0,2303.31,13.396429,low_low_up,False,True,False,True,False,0.0,0.27962650872964745,55.9396134846097,0.0,-0.00051,0.006,0.0,0.0,50.0,0.0,0.0,-1,0.0,G4_EV,ev=-0.00051 <= floor=0.00600  meta_conf=0.5556,-1,0.0,0.0,
ETH/USDT,1278,2026-05-02 03:00:00,short,0.5256,82.34,60.0,2304.44,12.302857,low_low_up,False,True,False,True,False,0.0,0.1880238075986071,55.82497242849086,0.0,-0.001229,0.006,0.0,0.0,50.0,0.0,0.0,-1,0.0,G4_EV,ev=-0.00123 <= floor=0.00600  meta_conf=0.5256,-1,0.0,0.0,
ETH/USDT,1279,2026-05-02 04:00:00,long,0.50064,74.05,60.0,2301.26,10.978571,low_low_up,False,True,False,False,False,0.0,0.0,50.0,0.0,0.0,0.0,0.0,0.0,50.0,0.0,0.0,-1,0.0,G2_EDGE,reg.buy_ok=False  regime='low_low_up',-1,0.0,0.0,
ETH/USDT,1280,2026-05-02 05:00:00,long,0.50638,73.68,60.0,2299.47,10.045,low_low_up,False,True,False,False,False,0.0,0.0,50.0,0.0,0.0,0.0,0.0,0.0,50.0,0.0,0.0,-1,0.0,G2_EDGE,reg.buy_ok=False  regime='low_low_up',-1,0.0,0.0,
ETH/USDT,1281,2026-05-02 06:00:00,short,0.51572,68.86,60.0,2305.58,9.560714,low_low_up,False,True,False,True,True,0.0,0.4710762829488026,64.34949896281813,0.0,-0.001958,0.006,0.0,0.0,50.0,0.0,0.0,-1,0.0,G4_EV,ev=-0.00196 <= floor=0.00600  meta_conf=0.5157,-1,0.0,0.0,
ETH/USDT,1282,2026-05-02 07:00:00,long,0.51039,54.97,60.0,2301.02,8.87,low_low_up,False,True,False,False,False,0.0,0.0,50.0,0.0,0.0,0.0,0.0,0.0,50.0,0.0,0.0,-1,0.0,G2_EDGE,reg.buy_ok=False  regime='low_low_up',-1,0.0,0.0,
ETH/USDT,1283,2026-05-02 08:00:00,long,0.52001,57.07,60.0,2303.35,8.608571,low_low_up,False,True,False,False,False,0.0,0.0,50.0,0.0,0.0,0.0,0.0,0.0,50.0,0.0,0.0,-1,0.0,G2_EDGE,reg.buy_ok=False  regime='low_low_up',-1,0.0,0.0,
ETH/USDT,1284,2026-05-02 09:00:00,long,0.50187,57.73,60.0,2305.13,8.522857,low_low_up,False,True,False,False,False,0.0,0.0,50.0,0.0,0.0,0.0,0.0,0.0,50.0,0.0,0.0,-1,0.0,G2_EDGE,reg.buy_ok=False  regime='low_low_up',-1,0.0,0.0,
ETH/USDT,1285,2026-05-02 10:00:00,long,0.51835,46.37,60.0,2303.54,6.856429,low_low_up,False,True,False,False,False,0.0,0.0,50.0,0.0,0.0,0.0,0.0,0.0,50.0,0.0,0.0,-1,0.0,G2_EDGE,reg.buy_ok=False  regime='low_low_up',-1,0.0,0.0,
ETH/USDT,1286,2026-05-02 11:00:00,long,0.52289,56.07,60.0,2302.1,6.432857,low_low_flat,False,True,False,False,False,0.0,0.0,50.0,0.0,0.0,0.0,0.0,0.0,50.0,0.0,0.0,-1,0.0,G2_EDGE,reg.buy_ok=False  regime='low_low_flat',-1,0.0,0.0,
ETH/USDT,1287,2026-05-02 12:00:00,short,0.51766,49.75,60.0,2303.52,6.162143,low_low_flat,False,True,False,False,False,0.0,0.0,50.0,0.0,0.0,0.0,0.0,0.0,50.0,0.0,0.0,-1,0.0,G2_EDGE,edge=49.7 < thr=60.0,-1,0.0,0.0,
ETH/USDT,1288,2026-05-02 13:00:00,short,0.50467,74.91,60.0,2308.08,6.239286,low_low_flat,False,True,False,True,True,0.0,0.5018973380722921,75.09294374752331,0.0,-0.002749,0.006,0.0,0.0,50.0,0.0,0.0,-1,0.0,G4_EV,ev=-0.00275 <= floor=0.00600  meta_conf=0.5047,-1,0.0,0.0,
ETH/USDT,1289,2026-05-02 14:00:00,long,0.5008,80.24,60.0,2306.69,6.022857,low_low_flat,False,True,False,False,False,0.0,0.0,50.0,0.0,0.0,0.0,0.0,0.0,50.0,0.0,0.0,-1,0.0,G2_EDGE,reg.buy_ok=False  regime='low_low_flat',-1,0.0,0.0,
ETH/USDT,1290,2026-05-02 15:00:00,short,0.50835,66.72,60.0,2309.19,6.0,low_low_flat,False,True,False,True,True,0.0,0.6787137370179644,75.41323489733706,0.0,-0.002772,0.006,0.0,0.0,50.0,0.0,0.0,-1,0.0,G4_EV,ev=-0.00277 <= floor=0.00600  meta_conf=0.5084,-1,0.0,0.0,
ETH/USDT,1291,2026-05-02 16:00:00,short,0.50859,73.88,60.0,2309.31,5.507857,low_low_flat,False,True,False,True,True,0.0,0.6604908830305586,70.68098907679378,0.0,-0.002871,0.006,0.0,0.0,50.0,0.0,0.0,-1,0.0,G4_EV,ev=-0.00287 <= floor=0.00600  meta_conf=0.5086,-1,0.0,0.0,
ETH/USDT,1292,2026-05-02 17:00:00,short,0.53757,66.01,60.0,2305.9,5.31,low_low_flat,False,True,False,True,True,0.0,0.3221731010282762,68.24052835252178,0.0,-0.00273,0.006,0.0,0.0,50.0,0.0,0.0,-1,0.0,G4_EV,ev=-0.00273 <= floor=0.00600  meta_conf=0.5376,-1,0.0,0.0,
ETH/USDT,1293,2026-05-02 18:00:00,short,0.50216,88.28,60.0,2310.3,5.465,low_low_flat,False,True,False,True,True,0.0,0.6879381749677552,66.19899055505313,0.0,-0.002922,0.006,0.0,0.0,50.0,0.0,0.0,-1,0.0,G4_EV,ev=-0.00292 <= floor=0.00600  meta_conf=0.5022,-1,0.0,0.0,
ETH/USDT,1294,2026-05-02 19:00:00,short,0.53916,64.17,60.0,2311.08,5.373571,low_low_flat,False,True,False,True,True,0.0,0.6835890168487759,65.41883726472334,0.0,-0.002708,0.006,0.0,0.0,50.0,0.0,0.0,-1,0.0,G4_EV,ev=-0.00271 <= floor=0.00600  meta_conf=0.5392,-1,0.0,0.0,
ETH/USDT,1295,2026-05-02 20:00:00,short,0.53933,63.41,60.0,2311.58,4.872857,low_low_up,False,True,False,True,True,0.0,0.6965127069663594,68.17387584632183,0.0,-0.002828,0.006,0.0,0.0,50.0,0.0,0.0,-1,0.0,G4_EV,ev=-0.00283 <= floor=0.00600  meta_conf=0.5393,-1,0.0,0.0,
ETH/USDT,1296,2026-05-02 21:00:00,short,0.53126,100.0,60.0,2325.62,6.848571,low_low_up,False,True,False,True,False,0.0,0.6853171893802795,25.890075183730726,1.0,-0.002426,0.006,0.0,0.0,50.0,0.0,0.0,-1,0.0,G4_EV,ev=-0.00243 <= floor=0.00600  meta_conf=0.5313,-1,0.0,0.0,
ETH/USDT,1297,2026-05-02 22:00:00,short,0.52183,87.18,60.0,2327.0,7.212143,low_low_up,False,True,False,True,False,0.0,0.7018205615562936,26.320168982600478,0.0,-0.002423,0.006,0.0,0.0,50.0,0.0,0.0,-1,0.0,G4_EV,ev=-0.00242 <= floor=0.00600  meta_conf=0.5218,-1,0.0,0.0,
ETH/USDT,1298,2026-05-02 23:00:00,short,0.56268,76.52,60.0,2316.97,7.825,low_low_up,False,True,False,True,True,0.0,0.490719767733853,26.0143834499613,0.0,-0.001909,0.006,0.0,0.0,50.0,0.0,0.0,-1,0.0,G4_EV,ev=-0.00191 <= floor=0.00600  meta_conf=0.5627,-1,0.0,0.0,
ETH/USDT,1299,2026-05-03 00:00:00,short,0.55229,76.02,60.0,2313.98,8.199286,low_low_up,False,True,False,True,True,0.0,0.4624499399399571,26.600615996520048,0.0,-0.001905,0.006,0.0,0.0,50.0,0.0,0.0,-1,0.0,G4_EV,ev=-0.00191 <= floor=0.00600  meta_conf=0.5523,-1,0.0,0.0,
ETH/USDT,1300,2026-05-03 01:00:00,short,0.50703,66.24,60.0,2304.14,8.622143,low_low_flat,False,True,False,False,True,0.0,0.12782368417355752,28.520224150932094,0.0,-0.002245,0.006,0.0,0.0,50.0,0.0,0.0,-1,0.0,G4_EV,ev=-0.00225 <= floor=0.00600  meta_conf=0.5070,-1,0.0,0.0,
ETH/USDT,1301,2026-05-03 02:00:00,long,0.50559,86.01,60.0,2303.41,8.828571,low_low_flat,False,True,False,False,False,0.0,0.0,50.0,0.0,0.0,0.0,0.0,0.0,50.0,0.0,0.0,-1,0.0,G2_EDGE,reg.buy_ok=False  regime='low_low_flat',-1,0.0,0.0,
ETH/USDT,1302,2026-05-03 03:00:00,long,0.50419,83.54,60.0,2301.9,8.520714,low_low_flat,False,True,False,False,False,0.0,0.0,50.0,0.0,0.0,0.0,0.0,0.0,50.0,0.0,0.0,-1,0.0,G2_EDGE,reg.buy_ok=False  regime='low_low_flat',-1,0.0,0.0,
ETH/USDT,1303,2026-05-03 04:00:00,long,0.51408,81.24,60.0,2301.53,8.765,low_low_flat,False,True,False,False,False,0.0,0.0,50.0,0.0,0.0,0.0,0.0,0.0,50.0,0.0,0.0,-1,0.0,G2_EDGE,reg.buy_ok=False  regime='low_low_flat',-1,0.0,0.0,
ETH/USDT,1304,2026-05-03 05:00:00,long,0.50852,81.28,60.0,2304.11,8.730714,low_low_flat,False,True,False,False,False,0.0,0.0,50.0,0.0,0.0,0.0,0.0,0.0,50.0,0.0,0.0,-1,0.0,G2_EDGE,reg.buy_ok=False  regime='low_low_flat',-1,0.0,0.0,
ETH/USDT,1305,2026-05-03 06:00:00,short,0.5023,65.67,60.0,2304.49,8.778571,low_low_flat,False,True,False,False,True,0.0,-0.1662047799251294,30.665618614079218,0.0,-0.002262,0.006,0.0,0.0,50.0,0.0,0.0,-1,0.0,G4_EV,ev=-0.00226 <= floor=0.00600  meta_conf=0.5023,-1,0.0,0.0,
ETH/USDT,1306,2026-05-03 07:00:00,short,0.52143,75.78,60.0,2309.28,9.137857,low_low_flat,False,True,False,True,True,0.0,0.06754702142525972,32.04367295805884,0.0,-0.00199,0.006,0.0,0.0,50.0,0.0,0.0,-1,0.0,G4_EV,ev=-0.00199 <= floor=0.00600  meta_conf=0.5214,-1,0.0,0.0,
ETH/USDT,1307,2026-05-03 08:00:00,short,0.51841,64.44,60.0,2308.28,8.961429,low_low_flat,False,True,False,False,True,0.0,-0.07931658702856244,33.260062686086144,0.0,-0.00206,0.006,0.0,0.0,50.0,0.0,0.0,-1,0.0,G4_EV,ev=-0.00206 <= floor=0.00600  meta_conf=0.5184,-1,0.0,0.0,
ETH/USDT,1308,2026-05-03 09:00:00,short,0.55443,77.3,60.0,2316.47,9.758571,low_low_flat,False,True,False,True,True,0.0,0.32601091657926073,34.732378594632074,0.0,-0.001485,0.006,0.0,0.0,50.0,0.0,0.0,-1,0.0,G4_EV,ev=-0.00149 <= floor=0.00600  meta_conf=0.5544,-1,0.0,0.0,
ETH/USDT,1309,2026-05-03 10:00:00,short,0.52215,74.61,60.0,2311.54,9.984286,low_low_flat,False,True,False,True,True,0.0,-0.003110122915703533,36.37936953922835,0.0,-0.001798,0.006,0.0,0.0,50.0,0.0,0.0,-1,0.0,G4_EV,ev=-0.00180 <= floor=0.00600  meta_conf=0.5221,-1,0.0,0.0,
ETH/USDT,1310,2026-05-03 11:00:00,short,0.57116,80.83,60.0,2319.63,8.853571,low_low_up,False,True,False,True,True,0.0,0.15848252062007745,52.25114375882482,0.0,-0.001549,0.006,0.0,0.0,50.0,0.0,0.0,-1,0.0,G4_EV,ev=-0.00155 <= floor=0.00600  meta_conf=0.5712,-1,0.0,0.0,
ETH/USDT,1311,2026-05-03 12:00:00,short,0.54205,78.76,60.0,2325.71,9.032143,low_low_up,False,True,False,True,True,0.0,0.4696986241019407,47.90896140357017,0.0,-0.001811,0.006,0.0,0.0,50.0,0.0,0.0,-1,0.0,G4_EV,ev=-0.00181 <= floor=0.00600  meta_conf=0.5420,-1,0.0,0.0,
ETH/USDT,1312,2026-05-03 13:00:00,short,0.56321,71.79,60.0,2322.21,8.682857,low_low_flat,False,True,False,True,True,0.0,0.4692622318185155,48.17021001155125,0.0,-0.001679,0.006,0.0,0.0,50.0,0.0,0.0,-1,0.0,G4_EV,ev=-0.00168 <= floor=0.00600  meta_conf=0.5632,-1,0.0,0.0,
ETH/USDT,1313,2026-05-03 14:00:00,short,0.59922,71.37,60.0,2328.28,8.655714,low_low_up,False,True,False,True,True,0.0,0.6713397120667969,48.30847842091459,0.0,-0.001331,0.006,0.0,0.0,50.0,0.0,0.0,-1,0.0,G4_EV,ev=-0.00133 <= floor=0.00600  meta_conf=0.5992,-1,0.0,0.0,
ETH/USDT,1314,2026-05-03 15:00:00,short,0.58624,72.55,60.0,2328.44,8.533571,low_low_up,False,True,False,True,True,0.0,0.5956846891438364,46.90054071547858,0.0,-0.001497,0.006,0.0,0.0,50.0,0.0,0.0,-1,0.0,G4_EV,ev=-0.00150 <= floor=0.00600  meta_conf=0.5862,-1,0.0,0.0,
ETH/USDT,1315,2026-05-03 16:00:00,short,0.57562,74.26,60.0,2328.41,8.902857,low_low_up,False,True,False,True,True,0.0,0.5123542301144082,45.802556010877915,0.0,-0.001499,0.006,0.0,0.0,50.0,0.0,0.0,-1,0.0,G4_EV,ev=-0.00150 <= floor=0.00600  meta_conf=0.5756,-1,0.0,0.0,
ETH/USDT,1316,2026-05-03 17:00:00,short,0.5085,71.71,60.0,2331.85,9.42,low_low_up,False,True,False,True,True,0.0,0.7131515707205976,45.72068045684269,0.0,-0.002089,0.006,0.0,0.0,50.0,0.0,0.0,-1,0.0,G4_EV,ev=-0.00209 <= floor=0.00600  meta_conf=0.5085,-1,0.0,0.0,
ETH/USDT,1317,2026-05-03 18:00:00,short,0.50598,65.82,60.0,2330.98,9.315,low_low_up,False,True,False,True,True,0.0,0.5178401043980153,48.05369227723712,0.0,-0.002137,0.006,0.0,0.0,50.0,0.0,0.0,-1,0.0,G4_EV,ev=-0.00214 <= floor=0.00600  meta_conf=0.5060,-1,0.0,0.0,
ETH/USDT,1318,2026-05-03 19:00:00,short,0.52439,83.14,60.0,2335.59,9.679286,low_low_up,False,True,False,True,False,0.0,0.7154105151988857,45.748850159558835,1.0,-0.001862,0.006,0.0,0.0,50.0,0.0,0.0,-1,0.0,G4_EV,ev=-0.00186 <= floor=0.00600  meta_conf=0.5244,-1,0.0,0.0,
ETH/USDT,1319,2026-05-03 20:00:00,short,0.51267,92.53,60.0,2329.58,10.349286,low_low_up,False,True,False,True,True,0.0,0.4631173100972203,44.513913281218606,0.0,-0.001849,0.006,0.0,0.0,50.0,0.0,0.0,-1,0.0,G4_EV,ev=-0.00185 <= floor=0.00600  meta_conf=0.5127,-1,0.0,0.0,
ETH/USDT,1320,2026-05-03 21:00:00,short,0.50599,79.19,60.0,2324.27,11.034286,low_low_flat,False,True,False,True,True,0.0,0.3041099490155607,48.09720383377428,0.0,-0.001787,0.006,0.0,0.0,50.0,0.0,0.0,-1,0.0,G4_EV,ev=-0.00179 <= floor=0.00600  meta_conf=0.5060,-1,0.0,0.0,
ETH/USDT,1321,2026-05-03 22:00:00,short,0.55484,100.0,60.0,2343.89,13.008571,low_low_up,False,True,False,True,False,0.0,0.6540724759894359,38.129963557034905,0.0,-0.000681,0.006,0.0,0.0,50.0,0.0,0.0,-1,0.0,G4_EV,ev=-0.00068 <= floor=0.00600  meta_conf=0.5548,-1,0.0,0.0,
ETH/USDT,1322,2026-05-03 23:00:00,short,0.54137,82.84,60.0,2322.65,13.917857,low_low_flat,False,True,False,True,True,0.0,0.2470764989044542,41.675020486238274,0.0,-0.000634,0.006,0.0,0.0,50.0,0.0,0.0,-1,0.0,G4_EV,ev=-0.00063 <= floor=0.00600  meta_conf=0.5414,-1,0.0,0.0,
ETH/USDT,1323,2026-05-04 00:00:00,short,0.52015,71.79,60.0,2319.0,14.489286,low_low_flat,False,True,False,False,True,0.0,0.08962579119091496,41.849332609444374,0.0,-0.000848,0.006,0.0,0.0,50.0,0.0,0.0,-1,0.0,G4_EV,ev=-0.00085 <= floor=0.00600  meta_conf=0.5202,-1,0.0,0.0,
ETH/USDT,1324,2026-05-04 01:00:00,short,0.52533,100.0,60.0,2351.2,16.207857,low_low_up,False,True,False,True,False,0.0,0.634693323249731,43.73835970280997,0.0,-0.000427,0.006,0.0,0.0,50.0,0.0,0.0,-1,0.0,G4_EV,ev=-0.00043 <= floor=0.00600  meta_conf=0.5253,-1,0.0,0.0,
ETH/USDT,1325,2026-05-04 02:00:00,short,0.54638,100.0,60.0,2374.73,18.322143,low_med_up,False,False,False,False,False,0.0,0.0,50.0,0.0,0.0,0.0,0.0,0.0,50.0,0.0,0.0,-1,0.0,G2_EDGE,reg.sell_ok=False  regime='low_med_up',-1,0.0,0.0,
ETH/USDT,1326,2026-05-04 03:00:00,short,0.53176,100.0,60.0,2385.12,19.117143,low_med_up,False,False,False,False,False,0.0,0.0,50.0,0.0,0.0,0.0,0.0,0.0,50.0,0.0,0.0,-1,0.0,G2_EDGE,reg.sell_ok=False  regime='low_med_up',-1,0.0,0.0,
ETH/USDT,1327,2026-05-04 04:00:00,short,0.5625,86.61,60.0,2390.12,19.556429,low_med_up,False,False,False,False,False,0.0,0.0,50.0,0.0,0.0,0.0,0.0,0.0,50.0,0.0,0.0,-1,0.0,G2_EDGE,reg.sell_ok=False  regime='low_med_up',-1,0.0,0.0,
ETH/USDT,1328,2026-05-04 05:00:00,short,0.55423,85.9,60.0,2376.19,20.061429,low_med_up,False,False,False,False,False,0.0,0.0,50.0,0.0,0.0,0.0,0.0,0.0,50.0,0.0,0.0,-1,0.0,G2_EDGE,reg.sell_ok=False  regime='low_med_up',-1,0.0,0.0,
ETH/USDT,1329,2026-05-04 06:00:00,short,0.564,87.64,60.0,2368.41,20.89,med_med_up,False,True,False,True,False,0.0,0.5268718402843375,31.391777086604257,0.0,0.001493,0.006,0.0,0.0,50.0,0.0,0.0,-1,0.0,G4_EV,ev=0.00149 <= floor=0.00600  meta_conf=0.5640,-1,0.0,0.0,
ETH/USDT,1330,2026-05-04 07:00:00,short,0.55666,73.61,60.0,2362.8,20.898571,med_med_up,False,True,False,False,False,0.0,0.49506384844764423,33.45260462824681,0.0,0.001333,0.006,0.0,0.0,50.0,0.0,0.0,-1,0.0,G4_EV,ev=0.00133 <= floor=0.00600  meta_conf=0.5567,-1,0.0,0.0,
ETH/USDT,1331,2026-05-04 08:00:00,short,0.55221,73.32,60.0,2360.04,21.077143,med_med_up,False,True,False,False,False,0.0,0.4943464262487684,35.45414037873869,0.0,0.001278,0.006,0.0,0.0,50.0,0.0,0.0,-1,0.0,G4_EV,ev=0.00128 <= floor=0.00600  meta_conf=0.5522,-1,0.0,0.0,
ETH/USDT,1332,2026-05-04 09:00:00,short,0.58867,83.07,60.0,2368.71,21.337857,med_med_up,False,True,False,True,False,0.0,0.5653522096481622,37.33890435902159,0.0,0.00221,0.006,0.0,0.0,50.0,0.0,0.0,-1,0.0,G4_EV,ev=0.00221 <= floor=0.00600  meta_conf=0.5887,-1,0.0,0.0,
ETH/USDT,1333,2026-05-04 10:00:00,long,0.50021,100.0,60.0,2338.36,24.164286,med_high_up,,,True,False,False,0.0,0.0,50.0,0.0,0.0,0.0,0.0,0.0,50.0,0.0,0.0,-1,0.0,G1_REGIME,regime='med_high_up' skipped=True reg_empty=False,-1,0.0,0.0,
ETH/USDT,1334,2026-05-04 11:00:00,short,0.53373,66.25,60.0,2337.59,23.559286,med_med_up,False,True,False,False,True,0.0,0.11871590389638124,41.28063405813597,0.0,0.001453,0.006,0.0,0.0,50.0,0.0,0.0,-1,0.0,G4_EV,ev=0.00145 <= floor=0.00600  meta_conf=0.5337,-1,0.0,0.0,
ETH/USDT,1335,2026-05-04 12:00:00,short,0.52762,67.76,60.0,2335.53,21.993571,med_med_flat,False,True,False,False,True,0.0,-0.15363366592071034,42.53660307362415,0.0,0.00094,0.006,0.0,0.0,50.0,0.0,0.0,-1,0.0,G4_EV,ev=0.00094 <= floor=0.00600  meta_conf=0.5276,-1,0.0,0.0,
ETH/USDT,1336,2026-05-04 13:00:00,short,0.51698,68.65,60.0,2336.53,21.372857,med_med_flat,False,True,False,False,True,0.0,0.0344897061568212,43.548000902454405,0.0,0.000536,0.006,0.0,0.0,50.0,0.0,0.0,-1,0.0,G4_EV,ev=0.00054 <= floor=0.00600  meta_conf=0.5170,-1,0.0,0.0,
ETH/USDT,1337,2026-05-04 14:00:00,short,0.54163,91.65,60.0,2371.39,24.295714,med_med_up,False,True,False,True,False,0.0,0.44442470845423565,46.452550360860045,0.0,0.001762,0.006,0.0,0.0,50.0,0.0,0.0,-1,0.0,G4_EV,ev=0.00176 <= floor=0.00600  meta_conf=0.5416,-1,0.0,0.0,
ETH/USDT,1338,2026-05-04 15:00:00,short,0.50639,86.19,60.0,2350.1,24.105,high_med_up,,,True,False,False,0.0,0.0,50.0,0.0,0.0,0.0,0.0,0.0,50.0,0.0,0.0,-1,0.0,G1_REGIME,regime='high_med_up' skipped=True reg_empty=False,-1,0.0,0.0,
ETH/USDT,1339,2026-05-04 16:00:00,short,0.53303,59.45,60.0,2355.28,23.09,high_med_up,,,True,False,False,0.0,0.0,50.0,0.0,0.0,0.0,0.0,0.0,50.0,0.0,0.0,-1,0.0,G1_REGIME,regime='high_med_up' skipped=True reg_empty=False,-1,0.0,0.0,
ETH/USDT,1340,2026-05-04 17:00:00,short,0.55008,67.51,60.0,2370.09,23.548571,high_med_up,,,True,False,False,0.0,0.0,50.0,0.0,0.0,0.0,0.0,0.0,50.0,0.0,0.0,-1,0.0,G1_REGIME,regime='high_med_up' skipped=True reg_empty=False,-1,0.0,0.0,
ETH/USDT,1341,2026-05-04 18:00:00,long,0.50061,56.35,60.0,2361.41,23.782857,high_med_up,,,True,False,False,0.0,0.0,50.0,0.0,0.0,0.0,0.0,0.0,50.0,0.0,0.0,-1,0.0,G1_REGIME,regime='high_med_up' skipped=True reg_empty=False,-1,0.0,0.0,
ETH/USDT,1342,2026-05-04 19:00:00,short,0.53423,54.77,60.0,2356.52,23.412143,high_med_up,,,True,False,False,0.0,0.0,50.0,0.0,0.0,0.0,0.0,0.0,50.0,0.0,0.0,-1,0.0,G1_REGIME,regime='high_med_up' skipped=True reg_empty=False,-1,0.0,0.0,
ETH/USDT,1343,2026-05-04 20:00:00,short,0.56359,56.06,60.0,2350.15,22.492857,high_med_up,,,True,False,False,0.0,0.0,50.0,0.0,0.0,0.0,0.0,0.0,50.0,0.0,0.0,-1,0.0,G1_REGIME,regime='high_med_up' skipped=True reg_empty=False,-1,0.0,0.0,
ETH/USDT,1344,2026-05-04 21:00:00,short,0.51492,50.86,60.0,2360.89,22.713571,high_med_up,,,True,False,False,0.0,0.0,50.0,0.0,0.0,0.0,0.0,0.0,50.0,0.0,0.0,-1,0.0,G1_REGIME,regime='high_med_up' skipped=True reg_empty=False,-1,0.0,0.0,
ETH/USDT,1345,2026-05-04 22:00:00,short,0.50562,55.13,60.0,2354.58,23.01,high_med_flat,,,True,False,False,0.0,0.0,50.0,0.0,0.0,0.0,0.0,0.0,50.0,0.0,0.0,-1,0.0,G1_REGIME,regime='high_med_flat' skipped=True reg_empty=False,-1,0.0,0.0,
ETH/USDT,1346,2026-05-04 23:00:00,short,0.52035,57.73,60.0,2347.16,22.774286,high_med_up,,,True,False,False,0.0,0.0,50.0,0.0,0.0,0.0,0.0,0.0,50.0,0.0,0.0,-1,0.0,G1_REGIME,regime='high_med_up' skipped=True reg_empty=False,-1,0.0,0.0,
ETH/USDT,1347,2026-05-05 00:00:00,short,0.53323,53.91,60.0,2358.83,19.805,high_med_up,,,True,False,False,0.0,0.0,50.0,0.0,0.0,0.0,0.0,0.0,50.0,0.0,0.0,-1,0.0,G1_REGIME,regime='high_med_up' skipped=True reg_empty=False,-1,0.0,0.0,
ETH/USDT,1348,2026-05-05 01:00:00,short,0.51396,51.91,60.0,2361.82,19.710714,med_med_flat,False,True,False,False,False,0.0,0.0,50.0,0.0,0.0,0.0,0.0,0.0,50.0,0.0,0.0,-1,0.0,G2_EDGE,edge=51.9 < thr=60.0,-1,0.0,0.0,
ETH/USDT,1349,2026-05-05 02:00:00,short,0.51521,63.89,60.0,2367.72,20.279286,med_med_flat,False,True,False,True,False,0.0,0.3420201385563524,65.31445067163128,0.0,0.000206,0.006,0.0,0.0,50.0,0.0,0.0,-1,0.0,G4_EV,ev=0.00021 <= floor=0.00600  meta_conf=0.5152,-1,0.0,0.0,
ETH/USDT,1350,2026-05-05 03:00:00,short,0.50962,63.85,60.0,2382.43,20.697143,med_med_flat,False,True,False,True,False,0.0,0.7599248563652364,61.49203449437941,1.0,0.000135,0.006,0.0,0.0,50.0,0.0,0.0,-1,0.0,G4_EV,ev=0.00013 <= floor=0.00600  meta_conf=0.5096,-1,0.0,0.0,
ETH/USDT,1351,2026-05-05 04:00:00,short,0.52247,81.55,60.0,2381.11,17.527857,med_med_flat,False,True,False,True,False,0.0,0.49358194814535333,66.29010028814703,0.0,-0.000241,0.006,0.0,0.0,50.0,0.0,0.0,-1,0.0,G4_EV,ev=-0.00024 <= floor=0.00600  meta_conf=0.5225,-1,0.0,0.0,
ETH/USDT,1352,2026-05-05 05:00:00,short,0.50701,81.21,60.0,2380.19,15.777143,med_low_flat,True,False,False,False,False,0.0,0.0,50.0,0.0,0.0,0.0,0.0,0.0,50.0,0.0,0.0,-1,0.0,G2_EDGE,reg.sell_ok=False  regime='med_low_flat',-1,0.0,0.0,
ETH/USDT,1353,2026-05-05 06:00:00,short,0.54864,82.4,60.0,2378.85,14.762143,med_low_flat,True,False,False,False,False,0.0,0.0,50.0,0.0,0.0,0.0,0.0,0.0,50.0,0.0,0.0,-1,0.0,G2_EDGE,reg.sell_ok=False  regime='med_low_flat',-1,0.0,0.0,
ETH/USDT,1354,2026-05-05 07:00:00,short,0.54204,81.84,60.0,2380.59,13.838571,med_low_up,False,True,False,True,False,0.0,0.6695937397594546,68.5922446378225,0.0,-0.000724,0.006,0.0,0.0,50.0,0.0,0.0,-1,0.0,G4_EV,ev=-0.00072 <= floor=0.00600  meta_conf=0.5420,-1,0.0,0.0,
ETH/USDT,1355,2026-05-05 08:00:00,short,0.57868,81.21,60.0,2376.81,13.394286,med_low_up,False,True,False,True,False,0.0,0.5226623190907884,67.16265472410662,0.0,-0.000267,0.006,0.0,0.0,50.0,0.0,0.0,-1,0.0,G4_EV,ev=-0.00027 <= floor=0.00600  meta_conf=0.5787,-1,0.0,0.0,
ETH/USDT,1356,2026-05-05 09:00:00,short,0.55419,81.05,60.0,2369.6,13.349286,med_low_flat,True,False,False,False,False,0.0,0.0,50.0,0.0,0.0,0.0,0.0,0.0,50.0,0.0,0.0,-1,0.0,G2_EDGE,reg.sell_ok=False  regime='med_low_flat',-1,0.0,0.0,
ETH/USDT,1357,2026-05-05 10:00:00,short,0.51818,79.93,60.0,2378.41,13.398571,med_low_up,False,True,False,True,False,0.0,0.53158251657137,64.37604729844645,0.0,-0.001188,0.006,0.0,0.0,50.0,0.0,0.0,-1,0.0,G4_EV,ev=-0.00119 <= floor=0.00600  meta_conf=0.5182,-1,0.0,0.0,
ETH/USDT,1358,2026-05-05 11:00:00,short,0.55672,81.39,60.0,2379.89,13.119286,med_low_up,False,True,False,True,False,0.0,0.5955997158015751,62.899460735413975,0.0,-0.000675,0.006,0.0,0.0,50.0,0.0,0.0,-1,0.0,G4_EV,ev=-0.00068 <= floor=0.00600  meta_conf=0.5567,-1,0.0,0.0,
ETH/USDT,1359,2026-05-05 12:00:00,short,0.538,83.52,60.0,2388.52,13.274286,med_low_up,False,True,False,True,False,0.0,0.6970198337386607,61.3398718269515,0.0,-0.000929,0.006,0.0,0.0,50.0,0.0,0.0,-1,0.0,G4_EV,ev=-0.00093 <= floor=0.00600  meta_conf=0.5380,-1,0.0,0.0,
ETH/USDT,1360,2026-05-05 13:00:00,short,0.51518,100.0,60.0,2388.72,13.720714,med_low_up,False,True,False,True,False,0.0,0.6180229428240994,53.28175266399395,0.0,-0.00118,0.006,0.0,0.0,50.0,0.0,0.0,-1,0.0,G4_EV,ev=-0.00118 <= floor=0.00600  meta_conf=0.5152,-1,0.0,0.0,
ETH/USDT,1361,2026-05-05 14:00:00,short,0.51692,100.0,60.0,2378.78,14.372143,med_low_flat,True,False,False,False,False,0.0,0.0,50.0,0.0,0.0,0.0,0.0,0.0,50.0,0.0,0.0,-1,0.0,G2_EDGE,reg.sell_ok=False  regime='med_low_flat',-1,0.0,0.0,
ETH/USDT,1362,2026-05-05 15:00:00,short,0.56661,85.78,60.0,2381.31,14.589286,med_low_up,False,True,False,True,False,0.0,0.5393533842210746,62.83410587448389,0.0,-0.000141,0.006,0.0,0.0,50.0,0.0,0.0,-1,0.0,G4_EV,ev=-0.00014 <= floor=0.00600  meta_conf=0.5666,-1,0.0,0.0,
ETH/USDT,1363,2026-05-05 16:00:00,short,0.53326,84.96,60.0,2365.94,14.852143,low_low_flat,False,True,False,True,True,0.0,-0.2040444207754195,63.67724121267004,0.0,-0.000611,0.006,0.0,0.0,50.0,0.0,0.0,-1,0.0,G4_EV,ev=-0.00061 <= floor=0.00600  meta_conf=0.5333,-1,0.0,0.0,
ETH/USDT,1364,2026-05-05 17:00:00,short,0.50767,68.46,60.0,2362.8,13.819286,low_low_flat,False,True,False,False,True,0.0,-0.23605146126346313,61.14593261403619,0.0,-0.001247,0.006,0.0,0.0,50.0,0.0,0.0,-1,0.0,G4_EV,ev=-0.00125 <= floor=0.00600  meta_conf=0.5077,-1,0.0,0.0,
ETH/USDT,1365,2026-05-05 18:00:00,short,0.54007,76.88,60.0,2372.28,13.963571,low_low_flat,False,True,False,True,True,0.0,-0.07538627524955263,60.46384208131835,0.0,-0.000714,0.006,0.0,0.0,50.0,0.0,0.0,-1,0.0,G4_EV,ev=-0.00071 <= floor=0.00600  meta_conf=0.5401,-1,0.0,0.0,
ETH/USDT,1366,2026-05-05 19:00:00,short,0.53113,73.8,60.0,2371.94,13.502143,low_low_flat,False,True,False,True,True,0.0,-0.11607372669355617,60.0219712503705,0.0,-0.00096,0.006,0.0,0.0,50.0,0.0,0.0,-1,0.0,G4_EV,ev=-0.00096 <= floor=0.00600  meta_conf=0.5311,-1,0.0,0.0,
ETH/USDT,1367,2026-05-05 20:00:00,short,0.53481,84.32,60.0,2382.41,13.618571,low_low_up,False,True,False,True,False,0.0,0.35897931742081046,59.797895242520916,0.0,-0.00089,0.006,0.0,0.0,50.0,0.0,0.0,-1,0.0,G4_EV,ev=-0.00089 <= floor=0.00600  meta_conf=0.5348,-1,0.0,0.0,
ETH/USDT,1368,2026-05-05 21:00:00,long,0.50854,54.91,60.0,2375.43,14.110714,low_low_flat,False,True,False,False,False,0.0,0.0,50.0,0.0,0.0,0.0,0.0,0.0,50.0,0.0,0.0,-1,0.0,G2_EDGE,reg.buy_ok=False  regime='low_low_flat',-1,0.0,0.0,
ETH/USDT,1369,2026-05-05 22:00:00,long,0.50376,55.26,60.0,2367.51,15.233571,med_low_flat,True,False,False,False,False,0.0,0.0,50.0,0.0,0.0,0.0,0.0,0.0,50.0,0.0,0.0,-1,0.0,G2_EDGE,edge=55.3 < thr=60.0,-1,0.0,0.0,
ETH/USDT,1370,2026-05-05 23:00:00,short,0.57155,52.06,60.0,2360.77,15.558571,med_low_flat,True,False,False,False,False,0.0,0.0,50.0,0.0,0.0,0.0,0.0,0.0,50.0,0.0,0.0,-1,0.0,G2_EDGE,reg.sell_ok=False  regime='med_low_flat',-1,0.0,0.0,
ETH/USDT,1371,2026-05-06 00:00:00,short,0.54914,59.61,60.0,2364.63,15.607143,med_low_flat,True,False,False,False,False,0.0,0.0,50.0,0.0,0.0,0.0,0.0,0.0,50.0,0.0,0.0,-1,0.0,G2_EDGE,reg.sell_ok=False  regime='med_low_flat',-1,0.0,0.0,
ETH/USDT,1372,2026-05-06 01:00:00,short,0.55717,58.19,60.0,2373.19,15.871429,med_low_flat,True,False,False,False,False,0.0,0.0,50.0,0.0,0.0,0.0,0.0,0.0,50.0,0.0,0.0,-1,0.0,G2_EDGE,reg.sell_ok=False  regime='med_low_flat',-1,0.0,0.0,
ETH/USDT,1373,2026-05-06 02:00:00,short,0.55281,58.19,60.0,2369.75,15.840714,med_low_flat,True,False,False,False,False,0.0,0.0,50.0,0.0,0.0,0.0,0.0,0.0,50.0,0.0,0.0,-1,0.0,G2_EDGE,reg.sell_ok=False  regime='med_low_flat',-1,0.0,0.0,
ETH/USDT,1374,2026-05-06 03:00:00,short,0.52652,55.45,60.0,2376.8,15.611429,low_low_flat,False,True,False,False,False,0.0,0.0,50.0,0.0,0.0,0.0,0.0,0.0,50.0,0.0,0.0,-1,0.0,G2_EDGE,edge=55.4 < thr=60.0,-1,0.0,0.0,
ETH/USDT,1375,2026-05-06 04:00:00,short,0.54057,59.49,60.0,2366.08,15.251429,low_low_flat,False,True,False,False,False,0.0,0.0,50.0,0.0,0.0,0.0,0.0,0.0,50.0,0.0,0.0,-1,0.0,G2_EDGE,edge=59.5 < thr=60.0,-1,0.0,0.0,
ETH/USDT,1376,2026-05-06 05:00:00,short,0.5208,61.04,60.0,2365.03,15.22,low_low_flat,False,True,False,True,True,0.0,-0.29939027404663154,68.41853219148965,0.0,-0.000743,0.006,0.0,0.0,50.0,0.0,0.0,-1,0.0,G4_EV,ev=-0.00074 <= floor=0.00600  meta_conf=0.5208,-1,0.0,0.0,
ETH/USDT,1377,2026-05-06 06:00:00,short,0.55065,54.56,60.0,2370.52,14.356429,low_low_flat,False,True,False,False,False,0.0,0.0,50.0,0.0,0.0,0.0,0.0,0.0,50.0,0.0,0.0,-1,0.0,G2_EDGE,edge=54.6 < thr=60.0,-1,0.0,0.0,
ETH/USDT,1378,2026-05-06 07:00:00,short,0.55278,54.66,60.0,2371.74,14.086429,low_low_flat,False,True,False,False,False,0.0,0.0,50.0,0.0,0.0,0.0,0.0,0.0,50.0,0.0,0.0,-1,0.0,G2_EDGE,edge=54.7 < thr=60.0,-1,0.0,0.0,
ETH/USDT,1379,2026-05-06 08:00:00,short,0.50545,66.73,60.0,2394.33,15.161429,low_low_up,False,True,False,True,False,0.0,0.6222079735455118,60.94547349635608,0.0,-0.001057,0.006,0.0,0.0,50.0,0.0,0.0,-1,0.0,G4_EV,ev=-0.00106 <= floor=0.00600  meta_conf=0.5054,-1,0.0,0.0,
ETH/USDT,1380,2026-05-06 09:00:00,short,0.5339,81.31,60.0,2412.76,17.032143,med_med_up,False,True,False,True,False,0.0,0.7526491107748252,45.454119530934264,1.0,-0.000177,0.006,0.0,0.0,50.0,0.0,0.0,-1,0.0,G4_EV,ev=-0.00018 <= floor=0.00600  meta_conf=0.5339,-1,0.0,0.0,
ETH/USDT,1381,2026-05-06 10:00:00,short,0.55942,65.81,60.0,2410.2,16.565,med_low_up,False,True,False,True,False,0.0,0.6299140745592172,45.97576180261702,0.0,0.000195,0.006,0.0,0.0,50.0,0.0,0.0,-1,0.0,G4_EV,ev=0.00020 <= floor=0.00600  meta_conf=0.5594,-1,0.0,0.0,
ETH/USDT,1382,2026-05-06 11:00:00,short,0.53177,80.33,60.0,2410.47,16.262143,med_low_up,False,True,False,True,False,0.0,0.6874527502149166,43.31234061840018,0.0,-0.000385,0.006,0.0,0.0,50.0,0.0,0.0,-1,0.0,G4_EV,ev=-0.00039 <= floor=0.00600  meta_conf=0.5318,-1,0.0,0.0,
ETH/USDT,1383,2026-05-06 12:00:00,short,0.53558,67.08,60.0,2405.11,15.240714,med_low_flat,True,False,False,False,False,0.0,0.0,50.0,0.0,0.0,0.0,0.0,0.0,50.0,0.0,0.0,-1,0.0,G2_EDGE,reg.sell_ok=False  regime='med_low_flat',-1,0.0,0.0,
ETH/USDT,1384,2026-05-06 13:00:00,long,0.52035,89.03,60.0,2368.51,17.051429,med_med_flat,False,True,False,False,False,0.0,0.0,50.0,0.0,0.0,0.0,0.0,0.0,50.0,0.0,0.0,-1,0.0,G2_EDGE,reg.buy_ok=False  regime='med_med_flat',-1,0.0,0.0,
ETH/USDT,1385,2026-05-06 14:00:00,long,0.5258,86.72,60.0,2359.23,18.043571,med_med_flat,False,True,False,False,False,0.0,0.0,50.0,0.0,0.0,0.0,0.0,0.0,50.0,0.0,0.0,-1,0.0,G2_EDGE,reg.buy_ok=False  regime='med_med_flat',-1,0.0,0.0,
ETH/USDT,1386,2026-05-06 15:00:00,short,0.50315,52.56,60.0,2359.1,17.813571,med_med_flat,False,True,False,False,False,0.0,0.0,50.0,0.0,0.0,0.0,0.0,0.0,50.0,0.0,0.0,-1,0.0,G2_EDGE,edge=52.6 < thr=60.0,-1,0.0,0.0,
ETH/USDT,1387,2026-05-06 16:00:00,short,0.5184,53.05,60.0,2358.08,18.042857,med_med_flat,False,True,False,False,False,0.0,0.0,50.0,0.0,0.0,0.0,0.0,0.0,50.0,0.0,0.0,-1,0.0,G2_EDGE,edge=53.1 < thr=60.0,-1,0.0,0.0,
ETH/USDT,1388,2026-05-06 17:00:00,short,0.51449,52.7,60.0,2349.7,18.077857,med_med_flat,False,True,False,False,False,0.0,0.0,50.0,0.0,0.0,0.0,0.0,0.0,50.0,0.0,0.0,-1,0.0,G2_EDGE,edge=52.7 < thr=60.0,-1,0.0,0.0,
ETH/USDT,1389,2026-05-06 18:00:00,short,0.5165,54.5,60.0,2345.0,17.820714,med_med_flat,False,True,False,False,False,0.0,0.0,50.0,0.0,0.0,0.0,0.0,0.0,50.0,0.0,0.0,-1,0.0,G2_EDGE,edge=54.5 < thr=60.0,-1,0.0,0.0,
ETH/USDT,1390,2026-05-06 19:00:00,short,0.51496,50.13,60.0,2348.5,17.525714,med_med_flat,False,True,False,False,False,0.0,0.0,50.0,0.0,0.0,0.0,0.0,0.0,50.0,0.0,0.0,-1,0.0,G2_EDGE,edge=50.1 < thr=60.0,-1,0.0,0.0,
ETH/USDT,1391,2026-05-06 20:00:00,short,0.50858,51.16,60.0,2350.94,17.634286,med_med_flat,False,True,False,False,False,0.0,0.0,50.0,0.0,0.0,0.0,0.0,0.0,50.0,0.0,0.0,-1,0.0,G2_EDGE,edge=51.2 < thr=60.0,-1,0.0,0.0,
ETH/USDT,1392,2026-05-06 21:00:00,short,0.54093,50.26,60.0,2354.52,18.005,med_med_flat,False,True,False,False,False,0.0,0.0,50.0,0.0,0.0,0.0,0.0,0.0,50.0,0.0,0.0,-1,0.0,G2_EDGE,edge=50.3 < thr=60.0,-1,0.0,0.0,
ETH/USDT,1393,2026-05-06 22:00:00,short,0.52871,40.48,60.0,2347.28,16.792857,med_med_flat,False,True,False,False,False,0.0,0.0,50.0,0.0,0.0,0.0,0.0,0.0,50.0,0.0,0.0,-1,0.0,G2_EDGE,edge=40.5 < thr=60.0,-1,0.0,0.0,
ETH/USDT,1394,2026-05-06 23:00:00,short,0.50722,39.31,60.0,2350.84,15.326429,med_low_flat,True,False,False,False,False,0.0,0.0,50.0,0.0,0.0,0.0,0.0,0.0,50.0,0.0,0.0,-1,0.0,G2_EDGE,reg.sell_ok=False  regime='med_low_flat',-1,0.0,0.0,
ETH/USDT,1395,2026-05-07 00:00:00,short,0.50148,62.88,60.0,2329.65,16.326429,med_med_flat,False,True,False,False,True,0.0,-0.7297292810062923,35.2352606237881,-1.0,-0.000818,0.006,0.0,0.0,50.0,0.0,0.0,-1,0.0,G4_EV,ev=-0.00082 <= floor=0.00600  meta_conf=0.5015,-1,0.0,0.0,
ETH/USDT,1396,2026-05-07 01:00:00,short,0.50867,64.76,60.0,2327.41,16.715,high_med_down,False,True,False,False,True,0.0,-0.7056290999836266,33.455834774769265,-1.0,-0.0006,0.006,0.0,0.0,50.0,0.0,0.0,-1,0.0,G4_EV,ev=-0.00060 <= floor=0.00600  meta_conf=0.5087,-1,0.0,0.0,
ETH/USDT,1397,2026-05-07 02:00:00,short,0.51633,64.69,60.0,2321.88,16.787857,high_med_down,False,True,False,False,True,0.0,-0.6799539968389505,36.96444943795574,0.0,-0.000428,0.006,0.0,0.0,50.0,0.0,0.0,-1,0.0,G4_EV,ev=-0.00043 <= floor=0.00600  meta_conf=0.5163,-1,0.0,0.0,
ETH/USDT,1398,2026-05-07 03:00:00,short,0.53584,60.79,60.0,2322.39,14.670714,high_low_down,False,True,False,False,True,0.0,-0.5888398585137117,52.84481977061534,0.0,-0.000546,0.006,0.0,0.0,50.0,0.0,0.0,-1,0.0,G4_EV,ev=-0.00055 <= floor=0.00600  meta_conf=0.5358,-1,0.0,0.0,
ETH/USDT,1399,2026-05-07 04:00:00,short,0.52945,59.32,60.0,2327.51,13.464286,high_low_down,False,True,False,False,False,0.0,0.0,50.0,0.0,0.0,0.0,0.0,0.0,50.0,0.0,0.0,-1,0.0,G2_EDGE,edge=59.3 < thr=60.0,-1,0.0,0.0,
ETH/USDT,1400,2026-05-07 05:00:00,short,0.53724,70.1,60.0,2331.08,13.173571,high_low_flat,,,True,False,False,0.0,0.0,50.0,0.0,0.0,0.0,0.0,0.0,50.0,0.0,0.0,-1,0.0,G1_REGIME,regime='high_low_flat' skipped=True reg_empty=False,-1,0.0,0.0,
ETH/USDT,1401,2026-05-07 06:00:00,short,0.51766,70.02,60.0,2337.13,13.292143,high_low_flat,,,True,False,False,0.0,0.0,50.0,0.0,0.0,0.0,0.0,0.0,50.0,0.0,0.0,-1,0.0,G1_REGIME,regime='high_low_flat' skipped=True reg_empty=False,-1,0.0,0.0,
ETH/USDT,1402,2026-05-07 07:00:00,short,0.5457,69.54,60.0,2344.59,13.07,high_low_flat,,,True,False,False,0.0,0.0,50.0,0.0,0.0,0.0,0.0,0.0,50.0,0.0,0.0,-1,0.0,G1_REGIME,regime='high_low_flat' skipped=True reg_empty=False,-1,0.0,0.0,
ETH/USDT,1403,2026-05-07 08:00:00,short,0.52139,70.97,60.0,2333.73,13.073571,high_low_down,False,True,False,False,True,0.0,-0.41395504966839897,60.64592861362389,0.0,-0.001156,0.006,0.0,0.0,50.0,0.0,0.0,-1,0.0,G4_EV,ev=-0.00116 <= floor=0.00600  meta_conf=0.5214,-1,0.0,0.0,
ETH/USDT,1404,2026-05-07 09:00:00,short,0.52807,71.82,60.0,2329.05,13.246429,med_low_down,False,True,False,False,True,0.0,-0.4824479806954749,59.88718432871665,0.0,-0.00101,0.006,0.0,0.0,50.0,0.0,0.0,-1,0.0,G4_EV,ev=-0.00101 <= floor=0.00600  meta_conf=0.5281,-1,0.0,0.0,
ETH/USDT,1405,2026-05-07 10:00:00,short,0.51734,72.53,60.0,2326.78,13.422857,med_low_down,False,True,False,False,True,0.0,-0.5344880828382828,59.12533780990018,0.0,-0.001134,0.006,0.0,0.0,50.0,0.0,0.0,-1,0.0,G4_EV,ev=-0.00113 <= floor=0.00600  meta_conf=0.5173,-1,0.0,0.0,
ETH/USDT,1406,2026-05-07 11:00:00,short,0.50954,68.32,60.0,2329.94,13.031429,med_low_down,False,True,False,False,True,0.0,-0.3941056561415814,60.35288609794634,0.0,-0.001339,0.006,0.0,0.0,50.0,0.0,0.0,-1,0.0,G4_EV,ev=-0.00134 <= floor=0.00600  meta_conf=0.5095,-1,0.0,0.0,
ETH/USDT,1407,2026-05-07 12:00:00,short,0.52468,70.17,60.0,2333.01,12.890714,med_low_down,False,True,False,False,True,0.0,-0.36424953646929764,62.23540721830963,0.0,-0.001145,0.006,0.0,0.0,50.0,0.0,0.0,-1,0.0,G4_EV,ev=-0.00115 <= floor=0.00600  meta_conf=0.5247,-1,0.0,0.0,
ETH/USDT,1408,2026-05-07 13:00:00,long,0.52863,100.0,60.0,2314.32,13.930714,med_low_down,False,True,False,False,False,0.0,0.0,50.0,0.0,0.0,0.0,0.0,0.0,50.0,0.0,0.0,-1,0.0,G2_EDGE,reg.buy_ok=False  regime='med_low_down',-1,0.0,0.0,
ETH/USDT,1409,2026-05-07 14:00:00,long,0.53262,100.0,60.0,2298.98,14.358571,med_low_down,False,True,False,False,False,0.0,0.0,50.0,0.0,0.0,0.0,0.0,0.0,50.0,0.0,0.0,-1,0.0,G2_EDGE,reg.buy_ok=False  regime='med_low_down',-1,0.0,0.0,
ETH/USDT,1410,2026-05-07 15:00:00,long,0.524,88.31,60.0,2294.82,14.196429,med_low_down,False,True,False,False,False,0.0,0.0,50.0,0.0,0.0,0.0,0.0,0.0,50.0,0.0,0.0,-1,0.0,G2_EDGE,reg.buy_ok=False  regime='med_low_down',-1,0.0,0.0,
ETH/USDT,1411,2026-05-07 16:00:00,long,0.51506,86.5,60.0,2291.81,14.108571,med_low_down,False,True,False,False,False,0.0,0.0,50.0,0.0,0.0,0.0,0.0,0.0,50.0,0.0,0.0,-1,0.0,G2_EDGE,reg.buy_ok=False  regime='med_low_down',-1,0.0,0.0,
ETH/USDT,1412,2026-05-07 17:00:00,long,0.50337,87.33,60.0,2299.6,14.872143,med_low_down,False,True,False,False,False,0.0,0.0,50.0,0.0,0.0,0.0,0.0,0.0,50.0,0.0,0.0,-1,0.0,G2_EDGE,reg.buy_ok=False  regime='med_low_down',-1,0.0,0.0,
ETH/USDT,1413,2026-05-07 18:00:00,short,0.52229,76.64,60.0,2296.19,15.087143,med_low_down,False,True,False,False,True,0.0,-0.6220829448440945,39.96356615449743,0.0,-0.000648,0.006,0.0,0.0,50.0,0.0,0.0,-1,0.0,G4_EV,ev=-0.00065 <= floor=0.00600  meta_conf=0.5223,-1,0.0,0.0,
ETH/USDT,1414,2026-05-07 19:00:00,short,0.53569,73.68,60.0,2295.98,15.248571,high_low_down,False,True,False,False,True,0.0,-0.5620234777321614,40.371401576177824,0.0,-0.000371,0.006,0.0,0.0,50.0,0.0,0.0,-1,0.0,G4_EV,ev=-0.00037 <= floor=0.00600  meta_conf=0.5357,-1,0.0,0.0,
ETH/USDT,1415,2026-05-07 20:00:00,short,0.51167,70.71,60.0,2289.1,14.967143,high_low_down,False,True,False,False,True,0.0,-0.6462232975189514,40.69744602332723,0.0,-0.000852,0.006,0.0,0.0,50.0,0.0,0.0,-1,0.0,G4_EV,ev=-0.00085 <= floor=0.00600  meta_conf=0.5117,-1,0.0,0.0,
ETH/USDT,1416,2026-05-07 21:00:00,short,0.558,61.58,60.0,2287.68,15.169286,high_low_down,False,True,False,False,True,0.0,-0.5862990282136292,41.26704256415659,0.0,2.2e-05,0.006,0.0,0.0,50.0,0.0,0.0,-1,0.0,G4_EV,ev=0.00002 <= floor=0.00600  meta_conf=0.5580,-1,0.0,0.0,
ETH/USDT,1417,2026-05-07 22:00:00,short,0.55584,63.14,60.0,2287.03,14.783571,high_low_down,False,True,False,False,True,0.0,-0.5765859201617007,47.41472878021282,0.0,-0.000117,0.006,0.0,0.0,50.0,0.0,0.0,-1,0.0,G4_EV,ev=-0.00012 <= floor=0.00600  meta_conf=0.5558,-1,0.0,0.0,
ETH/USDT,1418,2026-05-07 23:00:00,short,0.54832,58.33,60.0,2291.06,14.558571,high_low_down,False,True,False,False,False,0.0,0.0,50.0,0.0,0.0,0.0,0.0,0.0,50.0,0.0,0.0,-1,0.0,G2_EDGE,edge=58.3 < thr=60.0,-1,0.0,0.0,
ETH/USDT,1419,2026-05-08 00:00:00,short,0.54135,60.23,60.0,2286.83,14.297143,high_low_down,False,True,False,False,True,0.0,-0.6260129158094361,47.828136283222385,0.0,-0.000489,0.006,0.0,0.0,50.0,0.0,0.0,-1,0.0,G4_EV,ev=-0.00049 <= floor=0.00600  meta_conf=0.5414,-1,0.0,0.0,
ETH/USDT,1420,2026-05-08 01:00:00,short,0.53822,60.17,60.0,2285.06,14.503571,high_low_down,False,True,False,False,True,0.0,-0.6181418044572544,48.10396814379312,0.0,-0.000489,0.006,0.0,0.0,50.0,0.0,0.0,-1,0.0,G4_EV,ev=-0.00049 <= floor=0.00600  meta_conf=0.5382,-1,0.0,0.0,
ETH/USDT,1421,2026-05-08 02:00:00,short,0.53806,64.91,60.0,2279.15,15.190714,high_low_down,False,True,False,False,True,0.0,-0.6929090931855556,43.562589455513326,-1.0,-0.000316,0.006,0.0,0.0,50.0,0.0,0.0,-1,0.0,G4_EV,ev=-0.00032 <= floor=0.00600  meta_conf=0.5381,-1,0.0,0.0,
ETH/USDT,1422,2026-05-08 03:00:00,short,0.55613,63.42,60.0,2278.76,14.36,high_low_down,False,True,False,False,True,0.0,-0.6466790383189422,51.287093539887906,0.0,-0.000209,0.006,0.0,0.0,50.0,0.0,0.0,-1,0.0,G4_EV,ev=-0.00021 <= floor=0.00600  meta_conf=0.5561,-1,0.0,0.0,
ETH/USDT,1423,2026-05-08 04:00:00,short,0.57359,69.62,60.0,2281.63,12.845714,high_low_down,False,True,False,False,True,0.0,-0.49627051515407405,62.81760653699118,0.0,-0.000348,0.006,0.0,0.0,50.0,0.0,0.0,-1,0.0,G4_EV,ev=-0.00035 <= floor=0.00600  meta_conf=0.5736,-1,0.0,0.0,
ETH/USDT,1424,2026-05-08 05:00:00,short,0.5633,71.57,60.0,2275.97,12.092857,high_low_down,False,True,False,False,True,0.0,-0.6359608046025668,62.935025067289494,0.0,-0.000701,0.006,0.0,0.0,50.0,0.0,0.0,-1,0.0,G4_EV,ev=-0.00070 <= floor=0.00600  meta_conf=0.5633,-1,0.0,0.0,
ETH/USDT,1425,2026-05-08 06:00:00,short,0.51925,78.46,60.0,2275.22,11.883571,high_low_down,False,True,False,False,True,0.0,-0.6145803223615987,62.51550862047458,0.0,-0.001378,0.006,0.0,0.0,50.0,0.0,0.0,-1,0.0,G4_EV,ev=-0.00138 <= floor=0.00600  meta_conf=0.5193,-1,0.0,0.0,
ETH/USDT,1426,2026-05-08 07:00:00,short,0.50649,60.91,60.0,2281.35,11.482857,high_low_down,False,True,False,False,True,0.0,-0.37758492389785747,61.86740834037123,0.0,-0.001647,0.006,0.0,0.0,50.0,0.0,0.0,-1,0.0,G4_EV,ev=-0.00165 <= floor=0.00600  meta_conf=0.5065,-1,0.0,0.0,
ETH/USDT,1427,2026-05-08 08:00:00,long,0.50054,81.59,60.0,2283.56,11.215,high_low_down,False,True,False,False,False,0.0,0.0,50.0,0.0,0.0,0.0,0.0,0.0,50.0,0.0,0.0,-1,0.0,G2_EDGE,reg.buy_ok=False  regime='high_low_down',-1,0.0,0.0,
ETH/USDT,1428,2026-05-08 09:00:00,short,0.50684,66.83,60.0,2284.34,11.397857,high_low_down,False,True,False,False,True,0.0,-0.2332935870843595,61.78629657190287,0.0,-0.001662,0.006,0.0,0.0,50.0,0.0,0.0,-1,0.0,G4_EV,ev=-0.00166 <= floor=0.00600  meta_conf=0.5068,-1,0.0,0.0,
ETH/USDT,1429,2026-05-08 10:00:00,long,0.50167,84.15,60.0,2287.94,11.052143,high_low_down,False,True,False,False,False,0.0,0.0,50.0,0.0,0.0,0.0,0.0,0.0,50.0,0.0,0.0,-1,0.0,G2_EDGE,reg.buy_ok=False  regime='high_low_down',-1,0.0,0.0,
ETH/USDT,1430,2026-05-08 11:00:00,short,0.51002,63.99,60.0,2295.38,10.842857,high_low_down,False,True,False,False,True,0.0,0.2879470599527358,65.08414767610043,0.0,-0.001747,0.006,0.0,0.0,50.0,0.0,0.0,-1,0.0,G4_EV,ev=-0.00175 <= floor=0.00600  meta_conf=0.5100,-1,0.0,0.0,
ETH/USDT,1431,2026-05-08 12:00:00,long,0.50139,85.43,60.0,2284.53,11.581429,high_low_down,False,True,False,False,False,0.0,0.0,50.0,0.0,0.0,0.0,0.0,0.0,50.0,0.0,0.0,-1,0.0,G2_EDGE,reg.buy_ok=False  regime='high_low_down',-1,0.0,0.0,
ETH/USDT,1432,2026-05-08 13:00:00,long,0.5201,100.0,60.0,2276.46,12.289286,high_low_down,False,True,False,False,False,0.0,0.0,50.0,0.0,0.0,0.0,0.0,0.0,50.0,0.0,0.0,-1,0.0,G2_EDGE,reg.buy_ok=False  regime='high_low_down',-1,0.0,0.0,
ETH/USDT,1433,2026-05-08 14:00:00,long,0.53767,82.63,60.0,2285.72,12.912143,high_low_flat,,,True,False,False,0.0,0.0,50.0,0.0,0.0,0.0,0.0,0.0,50.0,0.0,0.0,-1,0.0,G1_REGIME,regime='high_low_flat' skipped=True reg_empty=False,-1,0.0,0.0,
ETH/USDT,1434,2026-05-08 15:00:00,long,0.52138,78.76,60.0,2293.2,13.66,high_low_flat,,,True,False,False,0.0,0.0,50.0,0.0,0.0,0.0,0.0,0.0,50.0,0.0,0.0,-1,0.0,G1_REGIME,regime='high_low_flat' skipped=True reg_empty=False,-1,0.0,0.0,
ETH/USDT,1435,2026-05-08 16:00:00,long,0.52199,77.84,60.0,2289.93,12.962857,high_low_flat,,,True,False,False,0.0,0.0,50.0,0.0,0.0,0.0,0.0,0.0,50.0,0.0,0.0,-1,0.0,G1_REGIME,regime='high_low_flat' skipped=True reg_empty=False,-1,0.0,0.0,
ETH/USDT,1436,2026-05-08 17:00:00,short,0.50319,87.82,60.0,2304.86,13.695,med_low_flat,True,False,False,False,False,0.0,0.0,50.0,0.0,0.0,0.0,0.0,0.0,50.0,0.0,0.0,-1,0.0,G2_EDGE,reg.sell_ok=False  regime='med_low_flat',-1,0.0,0.0,
ETH/USDT,1437,2026-05-08 18:00:00,short,0.54333,85.01,60.0,2313.49,14.289286,med_low_up,False,True,False,True,False,0.0,0.5677426460446321,43.707668524965065,0.0,-0.000498,0.006,0.0,0.0,50.0,0.0,0.0,-1,0.0,G4_EV,ev=-0.00050 <= floor=0.00600  meta_conf=0.5433,-1,0.0,0.0,
ETH/USDT,1438,2026-05-08 19:00:00,short,0.53324,84.51,60.0,2316.05,14.278571,med_low_up,False,True,False,True,False,0.0,0.5613093208384483,44.18794042923979,0.0,-0.000672,0.006,0.0,0.0,50.0,0.0,0.0,-1,0.0,G4_EV,ev=-0.00067 <= floor=0.00600  meta_conf=0.5332,-1,0.0,0.0,
ETH/USDT,1439,2026-05-08 20:00:00,short,0.51079,70.22,60.0,2306.65,14.402857,med_low_up,False,True,False,True,False,0.0,0.41003153814741666,44.73406092674044,0.0,-0.001008,0.006,0.0,0.0,50.0,0.0,0.0,-1,0.0,G4_EV,ev=-0.00101 <= floor=0.00600  meta_conf=0.5108,-1,0.0,0.0,
ETH/USDT,1440,2026-05-08 21:00:00,short,0.53721,58.5,60.0,2314.63,14.059286,med_low_up,False,True,False,False,False,0.0,0.0,50.0,0.0,0.0,0.0,0.0,0.0,50.0,0.0,0.0,-1,0.0,G2_EDGE,edge=58.5 < thr=60.0,-1,0.0,0.0,
ETH/USDT,1441,2026-05-08 22:00:00,short,0.58238,60.8,60.0,2310.98,14.052857,med_low_up,False,True,False,True,False,0.0,0.42383815540996045,47.90403906723982,0.0,8.9e-05,0.006,0.0,0.0,50.0,0.0,0.0,-1,0.0,G4_EV,ev=0.00009 <= floor=0.00600  meta_conf=0.5824,-1,0.0,0.0,
ETH/USDT,1442,2026-05-08 23:00:00,short,0.59222,61.14,60.0,2307.06,13.768571,med_low_flat,True,False,False,False,False,0.0,0.0,50.0,0.0,0.0,0.0,0.0,0.0,50.0,0.0,0.0,-1,0.0,G2_EDGE,reg.sell_ok=False  regime='med_low_flat',-1,0.0,0.0,
ETH/USDT,1443,2026-05-09 00:00:00,short,0.57728,59.15,60.0,2308.55,13.629286,med_low_up,False,True,False,False,False,0.0,0.0,50.0,0.0,0.0,0.0,0.0,0.0,50.0,0.0,0.0,-1,0.0,G2_EDGE,edge=59.2 < thr=60.0,-1,0.0,0.0,
ETH/USDT,1444,2026-05-09 01:00:00,short,0.5915,58.12,60.0,2314.22,13.64,med_low_up,False,True,False,False,False,0.0,0.0,50.0,0.0,0.0,0.0,0.0,0.0,50.0,0.0,0.0,-1,0.0,G2_EDGE,edge=58.1 < thr=60.0,-1,0.0,0.0,
ETH/USDT,1445,2026-05-09 02:00:00,short,0.5719,76.51,60.0,2317.07,12.708571,med_low_up,False,True,False,True,False,0.0,0.5687409161704684,49.71268498604895,0.0,-0.000467,0.006,0.0,0.0,50.0,0.0,0.0,-1,0.0,G4_EV,ev=-0.00047 <= floor=0.00600  meta_conf=0.5719,-1,0.0,0.0,
ETH/USDT,1446,2026-05-09 03:00:00,short,0.55177,76.49,60.0,2315.33,12.075,med_low_up,False,True,False,True,False,0.0,0.41569064316782456,52.238921433317415,0.0,-0.000924,0.006,0.0,0.0,50.0,0.0,0.0,-1,0.0,G4_EV,ev=-0.00092 <= floor=0.00600  meta_conf=0.5518,-1,0.0,0.0,
ETH/USDT,1447,2026-05-09 04:00:00,long,0.5022,88.68,60.0,2312.35,11.697857,med_low_up,False,True,False,False,False,0.0,0.0,50.0,0.0,0.0,0.0,0.0,0.0,50.0,0.0,0.0,-1,0.0,G2_EDGE,reg.buy_ok=False  regime='med_low_up',-1,0.0,0.0,
ETH/USDT,1448,2026-05-09 05:00:00,short,0.52253,74.78,60.0,2314.82,10.832857,med_low_up,False,True,False,True,False,0.0,0.4824000246991958,59.30126930191509,0.0,-0.001609,0.006,0.0,0.0,50.0,0.0,0.0,-1,0.0,G4_EV,ev=-0.00161 <= floor=0.00600  meta_conf=0.5225,-1,0.0,0.0,
ETH/USDT,1449,2026-05-09 06:00:00,short,0.51301,78.98,60.0,2314.35,10.739286,med_low_up,False,True,False,True,False,0.0,0.3877304943728736,61.854443316724655,0.0,-0.001749,0.006,0.0,0.0,50.0,0.0,0.0,-1,0.0,G4_EV,ev=-0.00175 <= floor=0.00600  meta_conf=0.5130,-1,0.0,0.0,
ETH/USDT,1450,2026-05-09 07:00:00,short,0.5043,76.91,60.0,2314.69,9.380714,med_low_up,False,True,False,True,False,0.0,0.45340620461338144,79.31224596246723,0.0,-0.002129,0.006,0.0,0.0,50.0,0.0,0.0,-1,0.0,G4_EV,ev=-0.00213 <= floor=0.00600  meta_conf=0.5043,-1,0.0,0.0,
ETH/USDT,1451,2026-05-09 08:00:00,short,0.51301,77.6,60.0,2317.16,8.662143,med_low_up,False,True,False,True,False,0.0,0.46176285414350304,78.10571785083835,0.0,-0.002187,0.006,0.0,0.0,50.0,0.0,0.0,-1,0.0,G4_EV,ev=-0.00219 <= floor=0.00600  meta_conf=0.5130,-1,0.0,0.0,
ETH/USDT,1452,2026-05-09 09:00:00,long,0.50541,62.39,60.0,2313.28,8.538571,med_low_up,False,True,False,False,False,0.0,0.0,50.0,0.0,0.0,0.0,0.0,0.0,50.0,0.0,0.0,-1,0.0,G2_EDGE,reg.buy_ok=False  regime='med_low_up',-1,0.0,0.0,
ETH/USDT,1453,2026-05-09 10:00:00,long,0.51099,62.72,60.0,2312.5,8.049286,med_low_up,False,True,False,False,False,0.0,0.0,50.0,0.0,0.0,0.0,0.0,0.0,50.0,0.0,0.0,-1,0.0,G2_EDGE,reg.buy_ok=False  regime='med_low_up',-1,0.0,0.0,
ETH/USDT,1454,2026-05-09 11:00:00,long,0.50457,64.35,60.0,2314.57,7.502143,med_low_up,False,True,False,False,False,0.0,0.0,50.0,0.0,0.0,0.0,0.0,0.0,50.0,0.0,0.0,-1,0.0,G2_EDGE,reg.buy_ok=False  regime='med_low_up',-1,0.0,0.0,
ETH/USDT,1455,2026-05-09 12:00:00,short,0.51513,56.87,60.0,2316.54,7.226429,med_low_up,False,True,False,False,False,0.0,0.0,50.0,0.0,0.0,0.0,0.0,0.0,50.0,0.0,0.0,-1,0.0,G2_EDGE,edge=56.9 < thr=60.0,-1,0.0,0.0,
ETH/USDT,1456,2026-05-09 13:00:00,short,0.50159,78.29,60.0,2314.34,7.017143,med_low_up,False,True,False,True,False,0.0,0.29570124764573874,72.09165575956537,0.0,-0.002623,0.006,0.0,0.0,50.0,0.0,0.0,-1,0.0,G4_EV,ev=-0.00262 <= floor=0.00600  meta_conf=0.5016,-1,0.0,0.0,
ETH/USDT,1457,2026-05-09 14:00:00,long,0.5377,62.57,60.0,2308.27,7.179286,med_low_up,False,True,False,False,False,0.0,0.0,50.0,0.0,0.0,0.0,0.0,0.0,50.0,0.0,0.0,-1,0.0,G2_EDGE,reg.buy_ok=False  regime='med_low_up',-1,0.0,0.0,
ETH/USDT,1458,2026-05-09 15:00:00,long,0.5293,71.5,60.0,2317.63,7.709286,med_low_up,False,True,False,False,False,0.0,0.0,50.0,0.0,0.0,0.0,0.0,0.0,50.0,0.0,0.0,-1,0.0,G2_EDGE,reg.buy_ok=False  regime='med_low_up',-1,0.0,0.0,
ETH/USDT,1459,2026-05-09 16:00:00,long,0.52996,67.38,60.0,2319.99,7.958571,med_low_up,False,True,False,False,False,0.0,0.0,50.0,0.0,0.0,0.0,0.0,0.0,50.0,0.0,0.0,-1,0.0,G2_EDGE,reg.buy_ok=False  regime='med_low_up',-1,0.0,0.0,
ETH/USDT,1460,2026-05-09 17:00:00,long,0.50603,71.99,60.0,2329.45,8.347857,med_low_up,False,True,False,False,False,0.0,0.0,50.0,0.0,0.0,0.0,0.0,0.0,50.0,0.0,0.0,-1,0.0,G2_EDGE,reg.buy_ok=False  regime='med_low_up',-1,0.0,0.0,
ETH/USDT,1461,2026-05-09 18:00:00,short,0.51975,51.29,60.0,2330.22,8.027143,med_low_up,False,True,False,False,False,0.0,0.0,50.0,0.0,0.0,0.0,0.0,0.0,50.0,0.0,0.0,-1,0.0,G2_EDGE,edge=51.3 < thr=60.0,-1,0.0,0.0,
ETH/USDT,1462,2026-05-09 19:00:00,short,0.524,49.47,60.0,2332.01,7.967857,low_low_flat,False,True,False,False,False,0.0,0.0,50.0,0.0,0.0,0.0,0.0,0.0,50.0,0.0,0.0,-1,0.0,G2_EDGE,edge=49.5 < thr=60.0,-1,0.0,0.0,
ETH/USDT,1463,2026-05-09 20:00:00,short,0.52212,48.21,60.0,2329.18,7.89,low_low_up,False,True,False,False,False,0.0,0.0,50.0,0.0,0.0,0.0,0.0,0.0,50.0,0.0,0.0,-1,0.0,G2_EDGE,edge=48.2 < thr=60.0,-1,0.0,0.0,
ETH/USDT,1464,2026-05-09 21:00:00,short,0.53772,47.88,60.0,2330.82,7.583571,low_low_flat,False,True,False,False,False,0.0,0.0,50.0,0.0,0.0,0.0,0.0,0.0,50.0,0.0,0.0,-1,0.0,G2_EDGE,edge=47.9 < thr=60.0,-1,0.0,0.0,
ETH/USDT,1465,2026-05-09 22:00:00,short,0.51941,49.56,60.0,2329.89,7.58,low_low_up,False,True,False,False,False,0.0,0.0,50.0,0.0,0.0,0.0,0.0,0.0,50.0,0.0,0.0,-1,0.0,G2_EDGE,edge=49.6 < thr=60.0,-1,0.0,0.0,
ETH/USDT,1466,2026-05-09 23:00:00,short,0.52137,50.2,60.0,2326.44,7.659286,low_low_up,False,True,False,False,False,0.0,0.0,50.0,0.0,0.0,0.0,0.0,0.0,50.0,0.0,0.0,-1,0.0,G2_EDGE,edge=50.2 < thr=60.0,-1,0.0,0.0,
ETH/USDT,1467,2026-05-10 00:00:00,short,0.52255,51.68,60.0,2323.89,7.927857,low_low_flat,False,True,False,False,False,0.0,0.0,50.0,0.0,0.0,0.0,0.0,0.0,50.0,0.0,0.0,-1,0.0,G2_EDGE,edge=51.7 < thr=60.0,-1,0.0,0.0,
ETH/USDT,1468,2026-05-10 01:00:00,short,0.52653,53.62,60.0,2323.67,8.182857,low_low_flat,False,True,False,False,False,0.0,0.0,50.0,0.0,0.0,0.0,0.0,0.0,50.0,0.0,0.0,-1,0.0,G2_EDGE,edge=53.6 < thr=60.0,-1,0.0,0.0,
ETH/USDT,1469,2026-05-10 02:00:00,short,0.55342,50.6,60.0,2327.94,8.389286,low_low_flat,False,True,False,False,False,0.0,0.0,50.0,0.0,0.0,0.0,0.0,0.0,50.0,0.0,0.0,-1,0.0,G2_EDGE,edge=50.6 < thr=60.0,-1,0.0,0.0,
ETH/USDT,1470,2026-05-10 03:00:00,short,0.52563,52.59,60.0,2327.76,8.7,low_low_flat,False,True,False,False,False,0.0,0.0,50.0,0.0,0.0,0.0,0.0,0.0,50.0,0.0,0.0,-1,0.0,G2_EDGE,edge=52.6 < thr=60.0,-1,0.0,0.0,
ETH/USDT,1471,2026-05-10 04:00:00,short,0.51118,50.03,60.0,2328.27,8.326429,low_low_flat,False,True,False,False,False,0.0,0.0,50.0,0.0,0.0,0.0,0.0,0.0,50.0,0.0,0.0,-1,0.0,G2_EDGE,edge=50.0 < thr=60.0,-1,0.0,0.0,
ETH/USDT,1472,2026-05-10 05:00:00,short,0.51184,50.38,60.0,2327.3,7.315714,low_low_flat,False,True,False,False,False,0.0,0.0,50.0,0.0,0.0,0.0,0.0,0.0,50.0,0.0,0.0,-1,0.0,G2_EDGE,edge=50.4 < thr=60.0,-1,0.0,0.0,
ETH/USDT,1473,2026-05-10 06:00:00,short,0.51412,49.32,60.0,2329.3,6.895,low_low_flat,False,True,False,False,False,0.0,0.0,50.0,0.0,0.0,0.0,0.0,0.0,50.0,0.0,0.0,-1,0.0,G2_EDGE,edge=49.3 < thr=60.0,-1,0.0,0.0,
ETH/USDT,1474,2026-05-10 07:00:00,short,0.51652,50.6,60.0,2327.36,6.26,low_low_flat,False,True,False,False,False,0.0,0.0,50.0,0.0,0.0,0.0,0.0,0.0,50.0,0.0,0.0,-1,0.0,G2_EDGE,edge=50.6 < thr=60.0,-1,0.0,0.0,
ETH/USDT,1475,2026-05-10 08:00:00,short,0.51642,51.65,60.0,2330.15,5.981429,low_low_flat,False,True,False,False,False,0.0,0.0,50.0,0.0,0.0,0.0,0.0,0.0,50.0,0.0,0.0,-1,0.0,G2_EDGE,edge=51.6 < thr=60.0,-1,0.0,0.0,
ETH/USDT,1476,2026-05-10 09:00:00,short,0.50217,49.89,60.0,2328.22,5.989286,low_low_flat,False,True,False,False,False,0.0,0.0,50.0,0.0,0.0,0.0,0.0,0.0,50.0,0.0,0.0,-1,0.0,G2_EDGE,edge=49.9 < thr=60.0,-1,0.0,0.0,
ETH/USDT,1477,2026-05-10 10:00:00,long,0.52017,55.51,60.0,2325.46,5.981429,low_low_flat,False,True,False,False,False,0.0,0.0,50.0,0.0,0.0,0.0,0.0,0.0,50.0,0.0,0.0,-1,0.0,G2_EDGE,reg.buy_ok=False  regime='low_low_flat',-1,0.0,0.0,
ETH/USDT,1478,2026-05-10 11:00:00,long,0.53964,54.22,60.0,2322.58,6.373571,low_low_flat,False,True,False,False,False,0.0,0.0,50.0,0.0,0.0,0.0,0.0,0.0,50.0,0.0,0.0,-1,0.0,G2_EDGE,reg.buy_ok=False  regime='low_low_flat',-1,0.0,0.0,
ETH/USDT,1479,2026-05-10 12:00:00,long,0.54084,54.02,60.0,2324.12,6.247143,low_low_flat,False,True,False,False,False,0.0,0.0,50.0,0.0,0.0,0.0,0.0,0.0,50.0,0.0,0.0,-1,0.0,G2_EDGE,reg.buy_ok=False  regime='low_low_flat',-1,0.0,0.0,
ETH/USDT,1480,2026-05-10 13:00:00,long,0.54362,82.43,60.0,2329.8,6.350714,low_low_flat,False,True,False,False,False,0.0,0.0,50.0,0.0,0.0,0.0,0.0,0.0,50.0,0.0,0.0,-1,0.0,G2_EDGE,reg.buy_ok=False  regime='low_low_flat',-1,0.0,0.0,
ETH/USDT,1481,2026-05-10 14:00:00,long,0.54934,82.62,60.0,2330.9,6.315714,low_low_up,False,True,False,False,False,0.0,0.0,50.0,0.0,0.0,0.0,0.0,0.0,50.0,0.0,0.0,-1,0.0,G2_EDGE,reg.buy_ok=False  regime='low_low_up',-1,0.0,0.0,
ETH/USDT,1482,2026-05-10 15:00:00,short,0.51581,79.41,60.0,2347.56,7.324286,low_low_up,False,True,False,True,False,0.0,0.7309208686220098,41.03259295002422,1.0,-0.002463,0.006,0.0,0.0,50.0,0.0,0.0,-1,0.0,G4_EV,ev=-0.00246 <= floor=0.00600  meta_conf=0.5158,-1,0.0,0.0,
ETH/USDT,1483,2026-05-10 16:00:00,short,0.5464,90.17,60.0,2350.0,7.525714,low_low_up,False,True,False,True,True,0.0,0.7505714718462684,40.69179361153627,0.0,-0.002158,0.006,0.0,0.0,50.0,0.0,0.0,-1,0.0,G4_EV,ev=-0.00216 <= floor=0.00600  meta_conf=0.5464,-1,0.0,0.0,
ETH/USDT,1484,2026-05-10 17:00:00,short,0.51812,99.45,60.0,2364.1,8.482143,med_low_up,False,True,False,True,False,0.0,0.7524942056457162,25.233585440561356,1.0,-0.00221,0.006,0.0,0.0,50.0,0.0,0.0,-1,0.0,G4_EV,ev=-0.00221 <= floor=0.00600  meta_conf=0.5181,-1,0.0,0.0,
ETH/USDT,1485,2026-05-10 18:00:00,short,0.57084,81.83,60.0,2358.54,8.859286,med_low_up,False,True,False,True,False,0.0,0.6079906689118287,25.44471363245598,0.0,-0.001591,0.006,0.0,0.0,50.0,0.0,0.0,-1,0.0,G4_EV,ev=-0.00159 <= floor=0.00600  meta_conf=0.5708,-1,0.0,0.0,
ETH/USDT,1486,2026-05-10 19:00:00,short,0.54769,79.96,60.0,2365.54,9.72,med_low_up,False,True,False,True,False,0.0,0.7314706873209275,26.382975868115853,0.0,-0.001622,0.006,0.0,0.0,50.0,0.0,0.0,-1,0.0,G4_EV,ev=-0.00162 <= floor=0.00600  meta_conf=0.5477,-1,0.0,0.0,
ETH/USDT,1487,2026-05-10 20:00:00,short,0.52689,70.49,60.0,2328.76,13.572143,med_low_flat,True,False,False,False,False,0.0,0.0,50.0,0.0,0.0,0.0,0.0,0.0,50.0,0.0,0.0,-1,0.0,G2_EDGE,reg.sell_ok=False  regime='med_low_flat',-1,0.0,0.0,
ETH/USDT,1488,2026-05-10 21:00:00,short,0.54249,66.51,60.0,2330.8,14.150714,med_low_flat,True,False,False,False,False,0.0,0.0,50.0,0.0,0.0,0.0,0.0,0.0,50.0,0.0,0.0,-1,0.0,G2_EDGE,reg.sell_ok=False  regime='med_low_flat',-1,0.0,0.0,
ETH/USDT,1489,2026-05-10 22:00:00,short,0.5392,85.08,60.0,2373.78,17.297143,med_med_up,False,True,False,True,False,0.0,0.7344164629374631,24.062951940379403,1.0,5e-05,0.006,0.0,0.0,50.0,0.0,0.0,-1,0.0,G4_EV,ev=0.00005 <= floor=0.00600  meta_conf=0.5392,-1,0.0,0.0,
ETH/USDT,1490,2026-05-10 23:00:00,short,0.53287,83.92,60.0,2371.27,17.862143,med_med_up,False,True,False,True,False,0.0,0.5993882871483509,24.806817717974123,0.0,5.8e-05,0.006,0.0,0.0,50.0,0.0,0.0,-1,0.0,G4_EV,ev=0.00006 <= floor=0.00600  meta_conf=0.5329,-1,0.0,0.0,
ETH/USDT,1491,2026-05-11 00:00:00,short,0.55131,85.84,60.0,2352.35,19.64,med_med_up,False,True,False,True,False,0.0,0.4139436676536161,28.431594588656825,0.0,0.000914,0.006,0.0,0.0,50.0,0.0,0.0,-1,0.0,G4_EV,ev=0.00091 <= floor=0.00600  meta_conf=0.5513,-1,0.0,0.0,
ETH/USDT,1492,2026-05-11 01:00:00,short,0.56855,83.29,60.0,2358.54,20.485,med_med_up,False,True,False,True,False,0.0,0.5215903859395039,31.844583372989906,0.0,0.001516,0.006,0.0,0.0,50.0,0.0,0.0,-1,0.0,G4_EV,ev=0.00152 <= floor=0.00600  meta_conf=0.5686,-1,0.0,0.0,
ETH/USDT,1493,2026-05-11 02:00:00,short,0.5505,65.67,60.0,2345.39,21.408571,med_med_up,False,True,False,False,True,0.0,0.24462509250654701,35.1983379841058,0.0,0.001352,0.006,0.0,0.0,50.0,0.0,0.0,-1,0.0,G4_EV,ev=0.00135 <= floor=0.00600  meta_conf=0.5505,-1,0.0,0.0,
ETH/USDT,1494,2026-05-11 03:00:00,short,0.53226,69.59,60.0,2330.56,22.6,med_med_flat,False,True,False,False,True,0.0,0.0787403427570491,38.49096495932708,0.0,0.001208,0.006,0.0,0.0,50.0,0.0,0.0,-1,0.0,G4_EV,ev=0.00121 <= floor=0.00600  meta_conf=0.5323,-1,0.0,0.0,
ETH/USDT,1495,2026-05-11 04:00:00,short,0.53317,67.86,60.0,2332.85,22.690714,med_med_flat,False,True,False,False,True,0.0,0.007797486518668978,41.54273202927617,0.0,0.001248,0.006,0.0,0.0,50.0,0.0,0.0,-1,0.0,G4_EV,ev=0.00125 <= floor=0.00600  meta_conf=0.5332,-1,0.0,0.0,
ETH/USDT,1496,2026-05-11 05:00:00,short,0.54776,68.24,60.0,2335.3,21.810714,med_med_flat,False,True,False,False,True,0.0,-0.02873031952379537,44.051743328648676,0.0,0.001407,0.006,0.0,0.0,50.0,0.0,0.0,-1,0.0,G4_EV,ev=0.00141 <= floor=0.00600  meta_conf=0.5478,-1,0.0,0.0,
ETH/USDT,1497,2026-05-11 06:00:00,short,0.5496,49.65,60.0,2333.48,21.928571,med_med_flat,False,True,False,False,False,0.0,0.0,50.0,0.0,0.0,0.0,0.0,0.0,50.0,0.0,0.0,-1,0.0,G2_EDGE,edge=49.7 < thr=60.0,-1,0.0,0.0,
ETH/USDT,1498,2026-05-11 07:00:00,short,0.579,50.95,60.0,2330.54,20.688571,med_med_flat,False,True,False,False,False,0.0,0.0,50.0,0.0,0.0,0.0,0.0,0.0,50.0,0.0,0.0,-1,0.0,G2_EDGE,edge=51.0 < thr=60.0,-1,0.0,0.0,
ETH/USDT,1499,2026-05-11 08:00:00,short,0.58402,51.33,60.0,2330.48,20.534286,med_med_flat,False,True,False,False,False,0.0,0.0,50.0,0.0,0.0,0.0,0.0,0.0,50.0,0.0,0.0,-1,0.0,G2_EDGE,edge=51.3 < thr=60.0,-1,0.0,0.0,
ETH/USDT,1500,2026-05-11 09:00:00,short,0.58119,48.55,60.0,2336.08,20.020714,med_med_flat,False,True,False,False,False,0.0,0.0,50.0,0.0,0.0,0.0,0.0,0.0,50.0,0.0,0.0,-1,0.0,G2_EDGE,edge=48.6 < thr=60.0,-1,0.0,0.0,
ETH/USDT,1501,2026-05-11 10:00:00,short,0.5734,50.55,60.0,2329.94,16.587857,med_med_flat,False,True,False,False,False,0.0,0.0,50.0,0.0,0.0,0.0,0.0,0.0,50.0,0.0,0.0,-1,0.0,G2_EDGE,edge=50.5 < thr=60.0,-1,0.0,0.0,
ETH/USDT,1502,2026-05-11 11:00:00,short,0.56267,48.16,60.0,2335.8,16.269286,med_med_flat,False,True,False,False,False,0.0,0.0,50.0,0.0,0.0,0.0,0.0,0.0,50.0,0.0,0.0,-1,0.0,G2_EDGE,edge=48.2 < thr=60.0,-1,0.0,0.0,
ETH/USDT,1503,2026-05-11 12:00:00,short,0.56615,40.98,60.0,2329.5,13.439286,med_low_flat,True,False,False,False,False,0.0,0.0,50.0,0.0,0.0,0.0,0.0,0.0,50.0,0.0,0.0,-1,0.0,G2_EDGE,reg.sell_ok=False  regime='med_low_flat',-1,0.0,0.0,
ETH/USDT,1504,2026-05-11 13:00:00,short,0.54064,45.94,60.0,2322.32,13.69,med_low_flat,True,False,False,False,False,0.0,0.0,50.0,0.0,0.0,0.0,0.0,0.0,50.0,0.0,0.0,-1,0.0,G2_EDGE,reg.sell_ok=False  regime='med_low_flat',-1,0.0,0.0,
ETH/USDT,1505,2026-05-11 14:00:00,short,0.54872,67.68,60.0,2316.48,13.295,high_low_flat,,,True,False,False,0.0,0.0,50.0,0.0,0.0,0.0,0.0,0.0,50.0,0.0,0.0,-1,0.0,G1_REGIME,regime='high_low_flat' skipped=True reg_empty=False,-1,0.0,0.0,
ETH/USDT,1506,2026-05-11 15:00:00,short,0.54865,71.07,60.0,2333.48,13.434286,med_low_flat,True,False,False,False,False,0.0,0.0,50.0,0.0,0.0,0.0,0.0,0.0,50.0,0.0,0.0,-1,0.0,G2_EDGE,reg.sell_ok=False  regime='med_low_flat',-1,0.0,0.0,
ETH/USDT,1507,2026-05-11 16:00:00,short,0.50611,72.33,60.0,2329.78,13.178571,med_low_flat,True,False,False,False,False,0.0,0.0,50.0,0.0,0.0,0.0,0.0,0.0,50.0,0.0,0.0,-1,0.0,G2_EDGE,reg.sell_ok=False  regime='med_low_flat',-1,0.0,0.0,
ETH/USDT,1508,2026-05-11 17:00:00,short,0.51814,66.4,60.0,2336.71,12.804286,med_low_flat,True,False,False,False,False,0.0,0.0,50.0,0.0,0.0,0.0,0.0,0.0,50.0,0.0,0.0,-1,0.0,G2_EDGE,reg.sell_ok=False  regime='med_low_flat',-1,0.0,0.0,
ETH/USDT,1509,2026-05-11 18:00:00,short,0.54626,69.22,60.0,2335.35,12.837857,med_low_flat,True,False,False,False,False,0.0,0.0,50.0,0.0,0.0,0.0,0.0,0.0,50.0,0.0,0.0,-1,0.0,G2_EDGE,reg.sell_ok=False  regime='med_low_flat',-1,0.0,0.0,
ETH/USDT,1510,2026-05-11 19:00:00,short,0.56213,73.81,60.0,2340.43,13.097857,med_low_flat,True,False,False,False,False,0.0,0.0,50.0,0.0,0.0,0.0,0.0,0.0,50.0,0.0,0.0,-1,0.0,G2_EDGE,reg.sell_ok=False  regime='med_low_flat',-1,0.0,0.0,
ETH/USDT,1511,2026-05-11 20:00:00,short,0.54527,65.22,60.0,2338.15,12.867857,med_low_flat,True,False,False,False,False,0.0,0.0,50.0,0.0,0.0,0.0,0.0,0.0,50.0,0.0,0.0,-1,0.0,G2_EDGE,reg.sell_ok=False  regime='med_low_flat',-1,0.0,0.0,
ETH/USDT,1512,2026-05-11 21:00:00,short,0.57672,73.03,60.0,2340.71,12.931429,med_low_flat,True,False,False,False,False,0.0,0.0,50.0,0.0,0.0,0.0,0.0,0.0,50.0,0.0,0.0,-1,0.0,G2_EDGE,reg.sell_ok=False  regime='med_low_flat',-1,0.0,0.0,
ETH/USDT,1513,2026-05-11 22:00:00,short,0.5421,71.37,60.0,2341.43,13.006429,low_low_flat,False,True,False,False,False,0.0,0.319256758747692,58.942192525373976,0.0,-0.000869,0.006,0.0,0.0,50.0,0.0,0.0,-1,0.0,G4_EV,ev=-0.00087 <= floor=0.00600  meta_conf=0.5421,-1,0.0,0.0,
ETH/USDT,1514,2026-05-11 23:00:00,short,0.59516,70.67,60.0,2339.87,12.920714,low_low_flat,False,True,False,False,False,0.0,0.32579160465010437,57.55461823510674,0.0,-9.6e-05,0.006,0.0,0.0,50.0,0.0,0.0,-1,0.0,G4_EV,ev=-0.00010 <= floor=0.00600  meta_conf=0.5952,-1,0.0,0.0,
ETH/USDT,1515,2026-05-12 00:00:00,short,0.56736,64.29,60.0,2333.54,12.831429,low_low_flat,False,True,False,False,True,0.0,0.08222890581932579,56.79940489527895,0.0,-0.000526,0.006,0.0,0.0,50.0,0.0,0.0,-1,0.0,G4_EV,ev=-0.00053 <= floor=0.00600  meta_conf=0.5674,-1,0.0,0.0,
ETH/USDT,1516,2026-05-12 01:00:00,short,0.53817,93.67,60.0,2311.41,15.137143,low_low_down,True,True,False,False,True,0.0,-0.49082604003728675,49.16796097700225,0.0,-0.000378,0.006,0.0,0.0,50.0,0.0,0.0,-1,0.0,G4_EV,ev=-0.00038 <= floor=0.00600  meta_conf=0.5382,-1,0.0,0.0,
ETH/USDT,1517,2026-05-12 02:00:00,short,0.55723,73.78,60.0,2315.89,15.115714,low_low_flat,False,True,False,False,True,0.0,-0.5015166897108633,49.50891997893043,0.0,-5.4e-05,0.006,0.0,0.0,50.0,0.0,0.0,-1,0.0,G4_EV,ev=-0.00005 <= floor=0.00600  meta_conf=0.5572,-1,0.0,0.0,
ETH/USDT,1518,2026-05-12 03:00:00,short,0.55578,72.5,60.0,2309.37,14.545714,low_low_flat,False,True,False,False,True,0.0,-0.6395625425865823,49.681783139068735,0.0,-0.000217,0.006,0.0,0.0,50.0,0.0,0.0,-1,0.0,G4_EV,ev=-0.00022 <= floor=0.00600  meta_conf=0.5558,-1,0.0,0.0,
ETH/USDT,1519,2026-05-12 04:00:00,short,0.53949,69.79,60.0,2310.92,13.405714,low_low_flat,False,True,False,False,True,0.0,-0.46059630668141416,49.70409106754062,0.0,-0.000771,0.006,0.0,0.0,50.0,0.0,0.0,-1,0.0,G4_EV,ev=-0.00077 <= floor=0.00600  meta_conf=0.5395,-1,0.0,0.0,
ETH/USDT,1520,2026-05-12 05:00:00,short,0.57555,72.34,60.0,2310.12,12.13,low_low_flat,False,True,False,False,True,0.0,-0.5734678797511974,49.44045159573955,0.0,-0.000566,0.006,0.0,0.0,50.0,0.0,0.0,-1,0.0,G4_EV,ev=-0.00057 <= floor=0.00600  meta_conf=0.5755,-1,0.0,0.0,
ETH/USDT,1521,2026-05-12 06:00:00,short,0.54921,74.36,60.0,2303.89,11.942857,low_low_flat,False,True,False,False,True,0.0,-0.7046626312380998,49.188969065909276,0.0,-0.000978,0.006,0.0,0.0,50.0,0.0,0.0,-1,0.0,G4_EV,ev=-0.00098 <= floor=0.00600  meta_conf=0.5492,-1,0.0,0.0,
ETH/USDT,1522,2026-05-12 07:00:00,long,0.51718,85.16,60.0,2295.2,11.445714,low_low_down,True,True,False,False,True,0.0,-0.7165653263218901,46.46362740021046,0.0,-0.001525,0.006,0.0,0.0,50.0,0.0,0.0,-1,0.0,G4_EV,ev=-0.00152 <= floor=0.00600  meta_conf=0.5172,-1,0.0,0.0,
ETH/USDT,1523,2026-05-12 08:00:00,long,0.52972,100.0,60.0,2288.01,11.907857,low_low_down,True,True,False,False,True,0.0,-0.7370361344282806,38.887205518156705,-1.0,-0.00124,0.006,0.0,0.0,50.0,0.0,0.0,-1,0.0,G4_EV,ev=-0.00124 <= floor=0.00600  meta_conf=0.5297,-1,0.0,0.0,
ETH/USDT,1524,2026-05-12 09:00:00,short,0.51666,63.78,60.0,2292.84,12.059286,low_low_down,True,True,False,False,True,0.0,-0.5951415985457826,38.67188243384981,0.0,-0.001397,0.006,0.0,0.0,50.0,0.0,0.0,-1,0.0,G4_EV,ev=-0.00140 <= floor=0.00600  meta_conf=0.5167,-1,0.0,0.0,
ETH/USDT,1525,2026-05-12 10:00:00,short,0.50832,67.31,60.0,2286.2,12.294286,low_low_down,True,True,False,False,True,0.0,-0.6984791728677692,38.552439473388816,0.0,-0.001459,0.006,0.0,0.0,50.0,0.0,0.0,-1,0.0,G4_EV,ev=-0.00146 <= floor=0.00600  meta_conf=0.5083,-1,0.0,0.0,
ETH/USDT,1526,2026-05-12 11:00:00,short,0.51887,62.1,60.0,2287.01,12.465,low_low_down,True,True,False,False,True,0.0,-0.5381234927108453,37.63888260601364,0.0,-0.00127,0.006,0.0,0.0,50.0,0.0,0.0,-1,0.0,G4_EV,ev=-0.00127 <= floor=0.00600  meta_conf=0.5189,-1,0.0,0.0,
ETH/USDT,1527,2026-05-12 12:00:00,long,0.50219,82.3,60.0,2288.97,12.737857,low_low_down,True,True,False,False,True,0.0,-0.5390547245818047,39.582509381632654,0.0,-0.001463,0.006,0.0,0.0,50.0,0.0,0.0,-1,0.0,G4_EV,ev=-0.00146 <= floor=0.00600  meta_conf=0.5022,-1,0.0,0.0,
ETH/USDT,1528,2026-05-12 13:00:00,long,0.50934,85.82,60.0,2271.99,13.915,low_low_down,True,True,False,False,True,0.0,-0.7484356821729068,35.141042688217574,-1.0,-0.001089,0.006,0.0,0.0,50.0,0.0,0.0,-1,0.0,G4_EV,ev=-0.00109 <= floor=0.00600  meta_conf=0.5093,-1,0.0,0.0,
ETH/USDT,1529,2026-05-12 14:00:00,short,0.51656,70.57,60.0,2269.18,14.686429,low_low_down,True,True,False,False,True,0.0,-0.7021642492440883,34.83675190881362,0.0,-0.000798,0.006,0.0,0.0,50.0,0.0,0.0,-1,0.0,G4_EV,ev=-0.00080 <= floor=0.00600  meta_conf=0.5166,-1,0.0,0.0,
ETH/USDT,1530,2026-05-12 15:00:00,short,0.54857,69.77,60.0,2261.85,13.047857,low_low_down,True,True,False,False,True,0.0,-0.7328200899785345,41.58296565225118,-1.0,-0.000648,0.006,0.0,0.0,50.0,0.0,0.0,-1,0.0,G4_EV,ev=-0.00065 <= floor=0.00600  meta_conf=0.5486,-1,0.0,0.0,
ETH/USDT,1531,2026-05-12 16:00:00,short,0.53531,64.26,60.0,2263.83,13.417143,low_low_down,True,True,False,False,True,0.0,-0.6006369300171915,40.97794390474187,0.0,-0.000768,0.006,0.0,0.0,50.0,0.0,0.0,-1,0.0,G4_EV,ev=-0.00077 <= floor=0.00600  meta_conf=0.5353,-1,0.0,0.0,
ETH/USDT,1532,2026-05-12 17:00:00,short,0.51971,58.58,60.0,2276.59,13.707143,low_low_down,True,True,False,False,False,0.0,0.0,50.0,0.0,0.0,0.0,0.0,0.0,50.0,0.0,0.0,-1,0.0,G2_EDGE,edge=58.6 < thr=60.0,-1,0.0,0.0,
ETH/USDT,1533,2026-05-12 18:00:00,short,0.52272,68.81,60.0,2279.3,13.785,low_low_down,True,True,False,False,True,0.0,-0.4401257117785964,42.941250169525716,0.0,-0.000907,0.006,0.0,0.0,50.0,0.0,0.0,-1,0.0,G4_EV,ev=-0.00091 <= floor=0.00600  meta_conf=0.5227,-1,0.0,0.0,
ETH/USDT,1534,2026-05-12 19:00:00,short,0.55293,67.07,60.0,2285.09,14.066429,low_low_down,True,True,False,False,True,0.0,-0.2932951371355593,43.50538487588597,0.0,-0.00035,0.006,0.0,0.0,50.0,0.0,0.0,-1,0.0,G4_EV,ev=-0.00035 <= floor=0.00600  meta_conf=0.5529,-1,0.0,0.0,
ETH/USDT,1535,2026-05-12 20:00:00,short,0.54081,66.2,60.0,2285.04,13.699286,low_low_down,True,True,False,False,True,0.0,-0.35317684894952434,50.327492857495635,0.0,-0.000642,0.006,0.0,0.0,50.0,0.0,0.0,-1,0.0,G4_EV,ev=-0.00064 <= floor=0.00600  meta_conf=0.5408,-1,0.0,0.0,
ETH/USDT,1536,2026-05-12 21:00:00,short,0.51563,63.96,60.0,2285.4,13.102143,low_low_down,True,True,False,False,True,0.0,-0.22071525832239314,58.00879903658654,0.0,-0.001178,0.006,0.0,0.0,50.0,0.0,0.0,-1,0.0,G4_EV,ev=-0.00118 <= floor=0.00600  meta_conf=0.5156,-1,0.0,0.0,
ETH/USDT,1537,2026-05-12 22:00:00,short,0.52009,66.25,60.0,2282.34,12.592143,low_low_down,True,True,False,False,True,0.0,-0.33363762133256714,59.07899439277295,0.0,-0.001218,0.006,0.0,0.0,50.0,0.0,0.0,-1,0.0,G4_EV,ev=-0.00122 <= floor=0.00600  meta_conf=0.5201,-1,0.0,0.0,
ETH/USDT,1538,2026-05-12 23:00:00,short,0.52453,68.67,60.0,2274.96,12.313571,low_low_down,True,True,False,False,True,0.0,-0.4673351968120915,60.404443498193274,0.0,-0.001206,0.006,0.0,0.0,50.0,0.0,0.0,-1,0.0,G4_EV,ev=-0.00121 <= floor=0.00600  meta_conf=0.5245,-1,0.0,0.0,
ETH/USDT,1539,2026-05-13 00:00:00,short,0.54232,65.06,60.0,2281.56,12.384286,low_low_down,True,True,False,False,True,0.0,-0.11141033797540746,60.422790891910125,0.0,-0.000937,0.006,0.0,0.0,50.0,0.0,0.0,-1,0.0,G4_EV,ev=-0.00094 <= floor=0.00600  meta_conf=0.5423,-1,0.0,0.0,
ETH/USDT,1540,2026-05-13 01:00:00,short,0.51117,64.96,60.0,2289.98,12.797143,low_low_flat,False,True,False,False,True,0.0,0.09129572853666663,59.226572104051165,0.0,-0.001317,0.006,0.0,0.0,50.0,0.0,0.0,-1,0.0,G4_EV,ev=-0.00132 <= floor=0.00600  meta_conf=0.5112,-1,0.0,0.0,
ETH/USDT,1541,2026-05-13 02:00:00,long,0.50807,65.18,60.0,2293.99,12.801429,low_low_flat,False,True,False,False,False,0.0,0.0,50.0,0.0,0.0,0.0,0.0,0.0,50.0,0.0,0.0,-1,0.0,G2_EDGE,reg.buy_ok=False  regime='low_low_flat',-1,0.0,0.0,
ETH/USDT,1542,2026-05-13 03:00:00,long,0.51769,57.55,60.0,2301.77,11.922857,low_low_flat,False,True,False,False,False,0.0,0.0,50.0,0.0,0.0,0.0,0.0,0.0,50.0,0.0,0.0,-1,0.0,G2_EDGE,reg.buy_ok=False  regime='low_low_flat',-1,0.0,0.0,
ETH/USDT,1543,2026-05-13 04:00:00,short,0.51103,79.18,60.0,2306.67,11.280714,low_low_flat,False,True,False,True,False,0.0,0.48105121626367875,46.715718707166495,1.0,-0.001654,0.006,0.0,0.0,50.0,0.0,0.0,-1,0.0,G4_EV,ev=-0.00165 <= floor=0.00600  meta_conf=0.5110,-1,0.0,0.0,
ETH/USDT,1544,2026-05-13 05:00:00,long,0.53066,57.16,60.0,2297.76,10.862143,low_low_flat,False,True,False,False,False,0.0,0.0,50.0,0.0,0.0,0.0,0.0,0.0,50.0,0.0,0.0,-1,0.0,G2_EDGE,reg.buy_ok=False  regime='low_low_flat',-1,0.0,0.0,
ETH/USDT,1545,2026-05-13 06:00:00,short,0.51261,79.34,60.0,2301.84,10.355,low_low_flat,False,True,False,True,False,0.0,0.39114293136390693,51.4642104975015,0.0,-0.001822,0.006,0.0,0.0,50.0,0.0,0.0,-1,0.0,G4_EV,ev=-0.00182 <= floor=0.00600  meta_conf=0.5126,-1,0.0,0.0,
ETH/USDT,1546,2026-05-13 07:00:00,long,0.50265,65.59,60.0,2301.07,9.777143,low_low_flat,False,True,False,False,False,0.0,0.0,50.0,0.0,0.0,0.0,0.0,0.0,50.0,0.0,0.0,-1,0.0,G2_EDGE,reg.buy_ok=False  regime='low_low_flat',-1,0.0,0.0,
ETH/USDT,1547,2026-05-13 08:00:00,short,0.50015,84.42,60.0,2316.64,10.227143,low_low_up,False,True,False,True,False,0.0,0.5990996801246119,51.13672797965835,1.0,-0.002012,0.006,0.0,0.0,50.0,0.0,0.0,-1,0.0,G4_EV,ev=-0.00201 <= floor=0.00600  meta_conf=0.5001,-1,0.0,0.0,
ETH/USDT,1548,2026-05-13 09:00:00,short,0.51105,85.64,60.0,2321.19,10.272143,low_low_up,False,True,False,True,False,0.0,0.6902976469338984,45.08433122226702,1.0,-0.001877,0.006,0.0,0.0,50.0,0.0,0.0,-1,0.0,G4_EV,ev=-0.00188 <= floor=0.00600  meta_conf=0.5110,-1,0.0,0.0,
ETH/USDT,1549,2026-05-13 10:00:00,short,0.54047,84.29,60.0,2308.46,10.985,low_low_up,False,True,False,True,False,0.0,0.41543371498020054,44.45344761961397,0.0,-0.001339,0.006,0.0,0.0,50.0,0.0,0.0,-1,0.0,G4_EV,ev=-0.00134 <= floor=0.00600  meta_conf=0.5405,-1,0.0,0.0,
ETH/USDT,1550,2026-05-13 11:00:00,short,0.51868,89.27,60.0,2301.82,11.347857,low_low_flat,False,True,False,True,False,0.0,0.2788882912895584,44.0400372740015,0.0,-0.001533,0.006,0.0,0.0,50.0,0.0,0.0,-1,0.0,G4_EV,ev=-0.00153 <= floor=0.00600  meta_conf=0.5187,-1,0.0,0.0,
ETH/USDT,1551,2026-05-13 12:00:00,long,0.51686,100.0,60.0,2284.35,13.376429,low_low_flat,False,True,False,False,False,0.0,0.0,50.0,0.0,0.0,0.0,0.0,0.0,50.0,0.0,0.0,-1,0.0,G2_EDGE,reg.buy_ok=False  regime='low_low_flat',-1,0.0,0.0,
ETH/USDT,1552,2026-05-13 13:00:00,long,0.52809,100.0,60.0,2262.8,14.769286,low_low_flat,False,True,False,False,False,0.0,0.0,50.0,0.0,0.0,0.0,0.0,0.0,50.0,0.0,0.0,-1,0.0,G2_EDGE,reg.buy_ok=False  regime='low_low_flat',-1,0.0,0.0,
ETH/USDT,1553,2026-05-13 14:00:00,long,0.53519,100.0,60.0,2267.39,15.231429,low_low_flat,False,True,False,False,False,0.0,0.0,50.0,0.0,0.0,0.0,0.0,0.0,50.0,0.0,0.0,-1,0.0,G2_EDGE,reg.buy_ok=False  regime='low_low_flat',-1,0.0,0.0,
ETH/USDT,1554,2026-05-13 15:00:00,long,0.52489,100.0,60.0,2236.49,16.79,low_med_flat,False,True,False,False,False,0.0,0.0,50.0,0.0,0.0,0.0,0.0,0.0,50.0,0.0,0.0,-1,0.0,G2_EDGE,reg.buy_ok=False  regime='low_med_flat',-1,0.0,0.0,
ETH/USDT,1555,2026-05-13 16:00:00,long,0.5182,89.99,60.0,2250.75,17.142857,low_med_flat,False,True,False,False,False,0.0,0.0,50.0,0.0,0.0,0.0,0.0,0.0,50.0,0.0,0.0,-1,0.0,G2_EDGE,reg.buy_ok=False  regime='low_med_flat',-1,0.0,0.0,
ETH/USDT,1556,2026-05-13 17:00:00,long,0.51989,81.54,60.0,2258.31,17.120714,low_med_flat,False,True,False,False,False,0.0,0.0,50.0,0.0,0.0,0.0,0.0,0.0,50.0,0.0,0.0,-1,0.0,G2_EDGE,reg.buy_ok=False  regime='low_med_flat',-1,0.0,0.0,
ETH/USDT,1557,2026-05-13 18:00:00,long,0.51304,84.25,60.0,2259.68,17.095714,low_med_flat,False,True,False,False,False,0.0,0.0,50.0,0.0,0.0,0.0,0.0,0.0,50.0,0.0,0.0,-1,0.0,G2_EDGE,reg.buy_ok=False  regime='low_med_flat',-1,0.0,0.0,
ETH/USDT,1558,2026-05-13 19:00:00,long,0.50577,79.26,60.0,2256.53,16.974286,low_med_flat,False,True,False,False,False,0.0,0.0,50.0,0.0,0.0,0.0,0.0,0.0,50.0,0.0,0.0,-1,0.0,G2_EDGE,reg.buy_ok=False  regime='low_med_flat',-1,0.0,0.0,
ETH/USDT,1559,2026-05-13 20:00:00,short,0.50046,68.48,60.0,2263.75,16.985714,low_med_flat,False,True,False,False,True,0.0,-0.48634451775958165,30.220374695996107,0.0,-0.000614,0.006,0.0,0.0,50.0,0.0,0.0,-1,0.0,G4_EV,ev=-0.00061 <= floor=0.00600  meta_conf=0.5005,-1,0.0,0.0,
ETH/USDT,1560,2026-05-13 21:00:00,short,0.51595,70.01,60.0,2255.79,17.292143,low_med_flat,False,True,False,False,True,0.0,-0.6343524952687849,31.631269590730824,0.0,-0.00022,0.006,0.0,0.0,50.0,0.0,0.0,-1,0.0,G4_EV,ev=-0.00022 <= floor=0.00600  meta_conf=0.5160,-1,0.0,0.0,
ETH/USDT,1561,2026-05-13 22:00:00,short,0.50568,68.39,60.0,2259.6,16.815,low_med_flat,False,True,False,False,True,0.0,-0.46720392881182,32.82631181668566,0.0,-0.000537,0.006,0.0,0.0,50.0,0.0,0.0,-1,0.0,G4_EV,ev=-0.00054 <= floor=0.00600  meta_conf=0.5057,-1,0.0,0.0,
ETH/USDT,1562,2026-05-13 23:00:00,short,0.51208,59.1,60.0,2258.65,16.675714,low_med_flat,False,True,False,False,False,0.0,0.0,50.0,0.0,0.0,0.0,0.0,0.0,50.0,0.0,0.0,-1,0.0,G2_EDGE,edge=59.1 < thr=60.0,-1,0.0,0.0,
ETH/USDT,1563,2026-05-14 00:00:00,short,0.5152,69.25,60.0,2266.58,16.331429,low_med_flat,False,True,False,False,True,0.0,-0.39358119466493197,41.56279410025677,0.0,-0.000462,0.006,0.0,0.0,50.0,0.0,0.0,-1,0.0,G4_EV,ev=-0.00046 <= floor=0.00600  meta_conf=0.5152,-1,0.0,0.0,
ETH/USDT,1564,2026-05-14 01:00:00,short,0.53739,69.43,60.0,2264.91,16.3,low_med_flat,False,True,False,False,True,0.0,-0.461993012690582,43.09221207776464,0.0,-3.5e-05,0.006,0.0,0.0,50.0,0.0,0.0,-1,0.0,G4_EV,ev=-0.00004 <= floor=0.00600  meta_conf=0.5374,-1,0.0,0.0,
ETH/USDT,1565,2026-05-14 02:00:00,short,0.5299,71.3,60.0,2251.53,14.979286,low_low_down,True,True,False,False,True,0.0,-0.4849917395195547,54.86635336260303,0.0,-0.000469,0.006,0.0,0.0,50.0,0.0,0.0,-1,0.0,G4_EV,ev=-0.00047 <= floor=0.00600  meta_conf=0.5299,-1,0.0,0.0,
ETH/USDT,1566,2026-05-14 03:00:00,short,0.53543,71.42,60.0,2242.14,14.019286,low_low_down,True,True,False,False,True,0.0,-0.44587739577403995,69.35897428247486,0.0,-0.000588,0.006,0.0,0.0,50.0,0.0,0.0,-1,0.0,G4_EV,ev=-0.00059 <= floor=0.00600  meta_conf=0.5354,-1,0.0,0.0,
ETH/USDT,1567,2026-05-14 04:00:00,short,0.53442,68.05,60.0,2256.7,13.932857,low_low_down,True,True,False,False,True,0.0,-0.34378904699200274,69.89209764872659,0.0,-0.000648,0.006,0.0,0.0,50.0,0.0,0.0,-1,0.0,G4_EV,ev=-0.00065 <= floor=0.00600  meta_conf=0.5344,-1,0.0,0.0,
ETH/USDT,1568,2026-05-14 05:00:00,long,0.50373,76.21,60.0,2268.44,12.651429,low_low_flat,False,True,False,False,False,0.0,0.0,50.0,0.0,0.0,0.0,0.0,0.0,50.0,0.0,0.0,-1,0.0,G2_EDGE,reg.buy_ok=False  regime='low_low_flat',-1,0.0,0.0,
ETH/USDT,1569,2026-05-14 06:00:00,long,0.51196,85.47,60.0,2267.71,11.970714,low_low_flat,False,True,False,False,False,0.0,0.0,50.0,0.0,0.0,0.0,0.0,0.0,50.0,0.0,0.0,-1,0.0,G2_EDGE,reg.buy_ok=False  regime='low_low_flat',-1,0.0,0.0,
ETH/USDT,1570,2026-05-14 07:00:00,long,0.50097,83.22,60.0,2265.48,11.677143,low_low_down,True,True,False,False,True,0.0,-0.009980422320206668,66.90350142689155,0.0,-0.001667,0.006,0.0,0.0,50.0,0.0,0.0,-1,0.0,G4_EV,ev=-0.00167 <= floor=0.00600  meta_conf=0.5010,-1,0.0,0.0,
ETH/USDT,1571,2026-05-14 08:00:00,long,0.50449,85.62,60.0,2266.36,11.588571,low_low_down,True,True,False,False,True,0.0,0.046963338410443055,65.91420022089437,0.0,-0.001637,0.006,0.0,0.0,50.0,0.0,0.0,-1,0.0,G4_EV,ev=-0.00164 <= floor=0.00600  meta_conf=0.5045,-1,0.0,0.0,
ETH/USDT,1572,2026-05-14 09:00:00,long,0.51199,84.67,60.0,2257.8,11.932143,low_low_down,True,True,False,False,True,0.0,-0.17357906709390955,64.98520849288552,0.0,-0.001451,0.006,0.0,0.0,50.0,0.0,0.0,-1,0.0,G4_EV,ev=-0.00145 <= floor=0.00600  meta_conf=0.5120,-1,0.0,0.0,
ETH/USDT,1573,2026-05-14 10:00:00,long,0.51544,84.45,60.0,2262.14,12.049286,low_low_down,True,True,False,False,True,0.0,-0.16912332738246966,64.0530819311729,0.0,-0.001381,0.006,0.0,0.0,50.0,0.0,0.0,-1,0.0,G4_EV,ev=-0.00138 <= floor=0.00600  meta_conf=0.5154,-1,0.0,0.0,
ETH/USDT,1574,2026-05-14 11:00:00,short,0.52058,71.23,60.0,2253.81,12.127857,low_low_down,True,True,False,False,True,0.0,-0.3235477022356391,63.05274832117378,0.0,-0.001279,0.006,0.0,0.0,50.0,0.0,0.0,-1,0.0,G4_EV,ev=-0.00128 <= floor=0.00600  meta_conf=0.5206,-1,0.0,0.0,
ETH/USDT,1575,2026-05-14 12:00:00,long,0.52394,89.59,60.0,2261.48,12.534286,low_low_flat,False,True,False,False,False,0.0,0.0,50.0,0.0,0.0,0.0,0.0,0.0,50.0,0.0,0.0,-1,0.0,G2_EDGE,reg.buy_ok=False  regime='low_low_flat',-1,0.0,0.0,
ETH/USDT,1576,2026-05-14 13:00:00,long,0.53854,83.56,60.0,2249.42,13.243571,low_low_flat,False,True,False,False,False,0.0,0.0,50.0,0.0,0.0,0.0,0.0,0.0,50.0,0.0,0.0,-1,0.0,G2_EDGE,reg.buy_ok=False  regime='low_low_flat',-1,0.0,0.0,
ETH/USDT,1577,2026-05-14 14:00:00,short,0.51418,81.91,60.0,2286.99,15.503571,low_low_up,False,True,False,True,False,0.0,0.6229192790822613,49.20341967512649,1.0,-0.00069,0.006,0.0,0.0,50.0,0.0,0.0,-1,0.0,G4_EV,ev=-0.00069 <= floor=0.00600  meta_conf=0.5142,-1,0.0,0.0,
ETH/USDT,1578,2026-05-14 15:00:00,short,0.53178,82.41,60.0,2298.48,16.189286,low_med_up,False,False,False,False,False,0.0,0.0,50.0,0.0,0.0,0.0,0.0,0.0,50.0,0.0,0.0,-1,0.0,G2_EDGE,reg.sell_ok=False  regime='low_med_up',-1,0.0,0.0,
ETH/USDT,1579,2026-05-14 16:00:00,short,0.57221,82.97,60.0,2316.36,16.593571,low_med_up,False,False,False,False,False,0.0,0.0,50.0,0.0,0.0,0.0,0.0,0.0,50.0,0.0,0.0,-1,0.0,G2_EDGE,reg.sell_ok=False  regime='low_med_up',-1,0.0,0.0,
ETH/USDT,1580,2026-05-14 17:00:00,short,0.53,70.06,60.0,2308.18,17.050714,low_med_up,False,False,False,False,False,0.0,0.0,50.0,0.0,0.0,0.0,0.0,0.0,50.0,0.0,0.0,-1,0.0,G2_EDGE,reg.sell_ok=False  regime='low_med_up',-1,0.0,0.0,
ETH/USDT,1581,2026-05-14 18:00:00,short,0.55973,63.47,60.0,2309.63,16.698571,low_med_up,False,False,False,False,False,0.0,0.0,50.0,0.0,0.0,0.0,0.0,0.0,50.0,0.0,0.0,-1,0.0,G2_EDGE,reg.sell_ok=False  regime='low_med_up',-1,0.0,0.0,
ETH/USDT,1582,2026-05-14 19:00:00,short,0.56091,64.26,60.0,2298.34,16.451429,low_med_up,False,False,False,False,False,0.0,0.0,50.0,0.0,0.0,0.0,0.0,0.0,50.0,0.0,0.0,-1,0.0,G2_EDGE,reg.sell_ok=False  regime='low_med_up',-1,0.0,0.0,
ETH/USDT,1583,2026-05-14 20:00:00,short,0.54199,62.22,60.0,2298.08,16.765,low_med_up,False,False,False,False,False,0.0,0.0,50.0,0.0,0.0,0.0,0.0,0.0,50.0,0.0,0.0,-1,0.0,G2_EDGE,reg.sell_ok=False  regime='low_med_up',-1,0.0,0.0,
ETH/USDT,1584,2026-05-14 21:00:00,short,0.58542,62.26,60.0,2297.19,17.005,low_med_up,False,False,False,False,False,0.0,0.0,50.0,0.0,0.0,0.0,0.0,0.0,50.0,0.0,0.0,-1,0.0,G2_EDGE,reg.sell_ok=False  regime='low_med_up',-1,0.0,0.0,
ETH/USDT,1585,2026-05-14 22:00:00,short,0.60055,80.59,60.0,2298.16,16.828571,low_med_up,False,False,False,False,False,0.0,0.0,50.0,0.0,0.0,0.0,0.0,0.0,50.0,0.0,0.0,-1,0.0,G2_EDGE,reg.sell_ok=False  regime='low_med_up',-1,0.0,0.0,
ETH/USDT,1586,2026-05-14 23:00:00,short,0.56806,74.71,60.0,2283.25,17.044286,low_med_up,False,False,False,False,False,0.0,0.0,50.0,0.0,0.0,0.0,0.0,0.0,50.0,0.0,0.0,-1,0.0,G2_EDGE,reg.sell_ok=False  regime='low_med_up',-1,0.0,0.0,
ETH/USDT,1587,2026-05-15 00:00:00,short,0.58738,84.26,60.0,2291.39,17.675714,low_med_up,False,False,False,False,False,0.0,0.0,50.0,0.0,0.0,0.0,0.0,0.0,50.0,0.0,0.0,-1,0.0,G2_EDGE,reg.sell_ok=False  regime='low_med_up',-1,0.0,0.0,
ETH/USDT,1588,2026-05-15 01:00:00,long,0.50169,80.36,60.0,2275.45,18.333571,low_med_flat,False,True,False,False,False,0.0,0.0,50.0,0.0,0.0,0.0,0.0,0.0,50.0,0.0,0.0,-1,0.0,G2_EDGE,reg.buy_ok=False  regime='low_med_flat',-1,0.0,0.0,
ETH/USDT,1589,2026-05-15 02:00:00,long,0.50502,84.49,60.0,2276.37,18.588571,med_med_up,False,True,False,False,False,0.0,0.0,50.0,0.0,0.0,0.0,0.0,0.0,50.0,0.0,0.0,-1,0.0,G2_EDGE,reg.buy_ok=False  regime='med_med_up',-1,0.0,0.0,
ETH/USDT,1590,2026-05-15 03:00:00,short,0.51866,79.07,60.0,2273.34,18.215,med_med_up,False,True,False,False,False,0.0,-0.0661642813234431,44.82771168459809,0.0,9e-06,0.006,0.0,0.0,50.0,0.0,0.0,-1,0.0,G4_EV,ev=0.00001 <= floor=0.00600  meta_conf=0.5187,-1,0.0,0.0,
ETH/USDT,1591,2026-05-15 04:00:00,short,0.53794,68.05,60.0,2263.33,15.950714,med_med_flat,False,True,False,False,True,0.0,-0.44631855076591137,53.14748304175348,0.0,-0.000107,0.006,0.0,0.0,50.0,0.0,0.0,-1,0.0,G4_EV,ev=-0.00011 <= floor=0.00600  meta_conf=0.5379,-1,0.0,0.0,
ETH/USDT,1592,2026-05-15 05:00:00,long,0.5222,100.0,60.0,2245.41,16.663571,med_med_flat,False,True,False,False,False,0.0,0.0,50.0,0.0,0.0,0.0,0.0,0.0,50.0,0.0,0.0,-1,0.0,G2_EDGE,reg.buy_ok=False  regime='med_med_flat',-1,0.0,0.0,
ETH/USDT,1593,2026-05-15 06:00:00,short,0.51369,59.44,60.0,2255.35,15.836429,med_med_flat,False,True,False,False,False,0.0,0.0,50.0,0.0,0.0,0.0,0.0,0.0,50.0,0.0,0.0,-1,0.0,G2_EDGE,edge=59.4 < thr=60.0,-1,0.0,0.0,
ETH/USDT,1594,2026-05-15 07:00:00,short,0.50208,58.7,60.0,2265.11,15.497143,med_low_flat,True,False,False,False,False,0.0,0.0,50.0,0.0,0.0,0.0,0.0,0.0,50.0,0.0,0.0,-1,0.0,G2_EDGE,reg.sell_ok=False  regime='med_low_flat',-1,0.0,0.0,
ETH/USDT,1595,2026-05-15 08:00:00,short,0.5085,60.95,60.0,2257.56,15.614286,med_low_flat,True,False,False,False,False,0.0,0.0,50.0,0.0,0.0,0.0,0.0,0.0,50.0,0.0,0.0,-1,0.0,G2_EDGE,reg.sell_ok=False  regime='med_low_flat',-1,0.0,0.0,
ETH/USDT,1596,2026-05-15 09:00:00,short,0.52968,57.82,60.0,2254.5,15.218571,med_low_flat,True,False,False,False,False,0.0,0.0,50.0,0.0,0.0,0.0,0.0,0.0,50.0,0.0,0.0,-1,0.0,G2_EDGE,reg.sell_ok=False  regime='med_low_flat',-1,0.0,0.0,
ETH/USDT,1597,2026-05-15 10:00:00,short,0.51953,68.55,60.0,2262.44,15.176429,med_low_flat,True,False,False,False,False,0.0,0.0,50.0,0.0,0.0,0.0,0.0,0.0,50.0,0.0,0.0,-1,0.0,G2_EDGE,reg.sell_ok=False  regime='med_low_flat',-1,0.0,0.0,
ETH/USDT,1598,2026-05-15 11:00:00,short,0.51421,69.1,60.0,2257.57,14.920714,med_low_flat,True,False,False,False,False,0.0,0.0,50.0,0.0,0.0,0.0,0.0,0.0,50.0,0.0,0.0,-1,0.0,G2_EDGE,reg.sell_ok=False  regime='med_low_flat',-1,0.0,0.0,
ETH/USDT,1599,2026-05-15 12:00:00,short,0.54069,71.17,60.0,2254.29,15.142857,med_low_flat,True,False,False,False,False,0.0,0.0,50.0,0.0,0.0,0.0,0.0,0.0,50.0,0.0,0.0,-1,0.0,G2_EDGE,reg.sell_ok=False  regime='med_low_flat',-1,0.0,0.0,
ETH/USDT,1600,2026-05-15 13:00:00,long,0.5063,100.0,60.0,2213.68,17.0,med_med_down,False,True,False,False,False,0.0,0.0,50.0,0.0,0.0,0.0,0.0,0.0,50.0,0.0,0.0,-1,0.0,G2_EDGE,reg.buy_ok=False  regime='med_med_down',-1,0.0,0.0,
ETH/USDT,1601,2026-05-15 14:00:00,short,0.51468,85.65,60.0,2213.35,17.012143,med_med_down,False,True,False,False,True,0.0,-0.7139015016756859,35.57232312864587,0.0,-0.000237,0.006,0.0,0.0,50.0,0.0,0.0,-1,0.0,G4_EV,ev=-0.00024 <= floor=0.00600  meta_conf=0.5147,-1,0.0,0.0,
ETH/USDT,1602,2026-05-15 15:00:00,short,0.52179,63.87,60.0,2222.85,16.547143,med_med_down,False,True,False,False,True,0.0,-0.5867187130535212,42.26647871667411,0.0,-0.000212,0.006,0.0,0.0,50.0,0.0,0.0,-1,0.0,G4_EV,ev=-0.00021 <= floor=0.00600  meta_conf=0.5218,-1,0.0,0.0,
ETH/USDT,1603,2026-05-15 16:00:00,short,0.51921,73.45,60.0,2224.59,16.075714,med_med_down,False,True,False,False,True,0.0,-0.586916042242985,41.8453927689447,0.0,-0.000373,0.006,0.0,0.0,50.0,0.0,0.0,-1,0.0,G4_EV,ev=-0.00037 <= floor=0.00600  meta_conf=0.5192,-1,0.0,0.0,
ETH/USDT,1604,2026-05-15 17:00:00,short,0.52155,71.43,60.0,2229.47,15.858571,med_med_down,False,True,False,False,True,0.0,-0.5211988087713579,44.47753168817931,0.0,-0.000385,0.006,0.0,0.0,50.0,0.0,0.0,-1,0.0,G4_EV,ev=-0.00039 <= floor=0.00600  meta_conf=0.5215,-1,0.0,0.0,
ETH/USDT,1605,2026-05-15 18:00:00,short,0.54115,71.53,60.0,2228.36,15.624286,med_med_down,False,True,False,False,True,0.0,-0.5879892111694732,45.69321932075103,0.0,-6.6e-05,0.006,0.0,0.0,50.0,0.0,0.0,-1,0.0,G4_EV,ev=-0.00007 <= floor=0.00600  meta_conf=0.5412,-1,0.0,0.0,
ETH/USDT,1606,2026-05-15 19:00:00,short,0.55278,71.54,60.0,2223.35,13.988571,med_low_down,False,True,False,False,True,0.0,-0.6195067238052013,45.234251576024924,0.0,-0.000272,0.006,0.0,0.0,50.0,0.0,0.0,-1,0.0,G4_EV,ev=-0.00027 <= floor=0.00600  meta_conf=0.5528,-1,0.0,0.0,
ETH/USDT,1607,2026-05-15 20:00:00,short,0.5497,71.46,60.0,2220.14,13.704286,med_low_down,False,True,False,False,True,0.0,-0.5916422333013779,44.86440188165902,0.0,-0.000394,0.006,0.0,0.0,50.0,0.0,0.0,-1,0.0,G4_EV,ev=-0.00039 <= floor=0.00600  meta_conf=0.5497,-1,0.0,0.0,
ETH/USDT,1608,2026-05-15 21:00:00,short,0.55417,61.4,60.0,2216.99,13.137857,med_low_down,False,True,False,False,True,0.0,-0.6005840924046869,48.17022158594408,0.0,-0.000467,0.006,0.0,0.0,50.0,0.0,0.0,-1,0.0,G4_EV,ev=-0.00047 <= floor=0.00600  meta_conf=0.5542,-1,0.0,0.0,
ETH/USDT,1609,2026-05-15 22:00:00,short,0.54655,70.19,60.0,2224.18,12.609286,med_low_down,False,True,False,False,True,0.0,-0.48860513093154756,48.22579188774629,0.0,-0.000736,0.006,0.0,0.0,50.0,0.0,0.0,-1,0.0,G4_EV,ev=-0.00074 <= floor=0.00600  meta_conf=0.5465,-1,0.0,0.0,
ETH/USDT,1610,2026-05-15 23:00:00,short,0.56486,69.59,60.0,2224.66,12.197143,med_low_down,False,True,False,False,True,0.0,-0.45585232869563275,47.68190689759156,0.0,-0.000573,0.006,0.0,0.0,50.0,0.0,0.0,-1,0.0,G4_EV,ev=-0.00057 <= floor=0.00600  meta_conf=0.5649,-1,0.0,0.0,
ETH/USDT,1611,2026-05-16 00:00:00,short,0.55464,58.81,60.0,2227.0,11.88,med_low_down,False,True,False,False,False,0.0,0.0,50.0,0.0,0.0,0.0,0.0,0.0,50.0,0.0,0.0,-1,0.0,G2_EDGE,edge=58.8 < thr=60.0,-1,0.0,0.0,
ETH/USDT,1612,2026-05-16 01:00:00,short,0.5245,66.94,60.0,2229.62,11.925,low_low_down,True,True,False,False,True,0.0,-0.2620455361545722,49.009094764749065,0.0,-0.001239,0.006,0.0,0.0,50.0,0.0,0.0,-1,0.0,G4_EV,ev=-0.00124 <= floor=0.00600  meta_conf=0.5245,-1,0.0,0.0,
ETH/USDT,1613,2026-05-16 02:00:00,short,0.55268,67.07,60.0,2229.91,11.562143,low_low_down,True,True,False,False,True,0.0,-0.197830926493263,52.989806895701015,0.0,-0.000929,0.006,0.0,0.0,50.0,0.0,0.0,-1,0.0,G4_EV,ev=-0.00093 <= floor=0.00600  meta_conf=0.5527,-1,0.0,0.0,
ETH/USDT,1614,2026-05-16 03:00:00,short,0.55828,66.26,60.0,2228.01,8.672857,low_low_down,True,True,False,False,True,0.0,-0.13736805079598685,73.0277144887312,0.0,-0.001636,0.006,0.0,0.0,50.0,0.0,0.0,-1,0.0,G4_EV,ev=-0.00164 <= floor=0.00600  meta_conf=0.5583,-1,0.0,0.0,
ETH/USDT,1615,2026-05-16 04:00:00,short,0.53547,66.04,60.0,2225.98,8.096429,low_low_down,True,True,False,False,True,0.0,-0.09095548558427828,78.20760675191954,0.0,-0.002015,0.006,0.0,0.0,50.0,0.0,0.0,-1,0.0,G4_EV,ev=-0.00201 <= floor=0.00600  meta_conf=0.5355,-1,0.0,0.0,
ETH/USDT,1616,2026-05-16 05:00:00,short,0.54432,65.91,60.0,2225.37,7.401429,low_low_flat,False,True,False,False,True,0.0,-0.13981395992518922,85.9423386753805,0.0,-0.002105,0.006,0.0,0.0,50.0,0.0,0.0,-1,0.0,G4_EV,ev=-0.00211 <= floor=0.00600  meta_conf=0.5443,-1,0.0,0.0,
ETH/USDT,1617,2026-05-16 06:00:00,short,0.52015,72.22,60.0,2215.45,7.757143,low_low_down,True,True,False,False,True,0.0,-0.5717207310122174,74.2349875994036,0.0,-0.002234,0.006,0.0,0.0,50.0,0.0,0.0,-1,0.0,G4_EV,ev=-0.00223 <= floor=0.00600  meta_conf=0.5201,-1,0.0,0.0,
ETH/USDT,1618,2026-05-16 07:00:00,long,0.50951,99.78,60.0,2194.81,9.556429,low_low_down,True,True,False,False,True,0.0,-0.7247961550719267,42.97869133113319,-1.0,-0.001929,0.006,0.0,0.0,50.0,0.0,0.0,-1,0.0,G4_EV,ev=-0.00193 <= floor=0.00600  meta_conf=0.5095,-1,0.0,0.0,
ETH/USDT,1619,2026-05-16 08:00:00,short,0.52941,62.88,60.0,2193.26,9.34,low_low_down,True,True,False,False,True,0.0,-0.7131679149690086,42.46127520087561,0.0,-0.001745,0.006,0.0,0.0,50.0,0.0,0.0,-1,0.0,G4_EV,ev=-0.00175 <= floor=0.00600  meta_conf=0.5294,-1,0.0,0.0,
ETH/USDT,1620,2026-05-16 09:00:00,long,0.50448,97.87,60.0,2173.57,11.132857,low_low_down,True,True,False,False,True,0.0,-0.7469169047622556,29.21356836357065,-1.0,-0.001633,0.006,0.0,0.0,50.0,0.0,0.0,-1,0.0,G4_EV,ev=-0.00163 <= floor=0.00600  meta_conf=0.5045,-1,0.0,0.0,
ETH/USDT,1621,2026-05-16 10:00:00,long,0.50989,87.04,60.0,2173.85,11.369286,low_low_down,True,True,False,False,True,0.0,-0.5624204032562323,28.58745642021356,0.0,-0.001507,0.006,0.0,0.0,50.0,0.0,0.0,-1,0.0,G4_EV,ev=-0.00151 <= floor=0.00600  meta_conf=0.5099,-1,0.0,0.0,
ETH/USDT,1622,2026-05-16 11:00:00,short,0.50543,65.83,60.0,2176.1,11.16,med_low_down,False,True,False,False,True,0.0,-0.6331964742159384,28.07288522069379,0.0,-0.001617,0.006,0.0,0.0,50.0,0.0,0.0,-1,0.0,G4_EV,ev=-0.00162 <= floor=0.00600  meta_conf=0.5054,-1,0.0,0.0,
ETH/USDT,1623,2026-05-16 12:00:00,short,0.51138,62.96,60.0,2176.5,11.021429,med_low_down,False,True,False,False,True,0.0,-0.6089769152054537,27.65466153347235,0.0,-0.001566,0.006,0.0,0.0,50.0,0.0,0.0,-1,0.0,G4_EV,ev=-0.00157 <= floor=0.00600  meta_conf=0.5114,-1,0.0,0.0,
ETH/USDT,1624,2026-05-16 13:00:00,short,0.52668,63.36,60.0,2177.12,11.327857,low_low_down,True,True,False,False,True,0.0,-0.5570192604580578,27.423731008072487,0.0,-0.001284,0.006,0.0,0.0,50.0,0.0,0.0,-1,0.0,G4_EV,ev=-0.00128 <= floor=0.00600  meta_conf=0.5267,-1,0.0,0.0,
ETH/USDT,1625,2026-05-16 14:00:00,long,0.50068,82.77,60.0,2179.93,11.824286,low_low_down,True,True,False,False,True,0.0,-0.5471440059800023,27.414377324428497,0.0,-0.001549,0.006,0.0,0.0,50.0,0.0,0.0,-1,0.0,G4_EV,ev=-0.00155 <= floor=0.00600  meta_conf=0.5007,-1,0.0,0.0,
ETH/USDT,1626,2026-05-16 15:00:00,long,0.50762,82.45,60.0,2180.0,11.793571,low_low_down,True,True,False,False,True,0.0,-0.540397758353918,27.379326060866077,0.0,-0.001454,0.006,0.0,0.0,50.0,0.0,0.0,-1,0.0,G4_EV,ev=-0.00145 <= floor=0.00600  meta_conf=0.5076,-1,0.0,0.0,
ETH/USDT,1627,2026-05-16 16:00:00,long,0.51385,83.58,60.0,2174.11,12.402143,low_low_down,True,True,False,False,True,0.0,-0.6239734072373637,28.078388523499623,0.0,-0.00122,0.006,0.0,0.0,50.0,0.0,0.0,-1,0.0,G4_EV,ev=-0.00122 <= floor=0.00600  meta_conf=0.5139,-1,0.0,0.0,
ETH/USDT,1628,2026-05-16 17:00:00,short,0.50567,58.52,60.0,2178.91,12.627143,low_low_down,True,True,False,False,False,0.0,0.0,50.0,0.0,0.0,0.0,0.0,0.0,50.0,0.0,0.0,-1,0.0,G2_EDGE,edge=58.5 < thr=60.0,-1,0.0,0.0,
ETH/USDT,1629,2026-05-16 18:00:00,long,0.50047,80.22,60.0,2181.35,12.502143,low_low_down,True,True,False,False,True,0.0,-0.403715150126855,32.23888370718086,0.0,-0.001414,0.006,0.0,0.0,50.0,0.0,0.0,-1,0.0,G4_EV,ev=-0.00141 <= floor=0.00600  meta_conf=0.5005,-1,0.0,0.0,
ETH/USDT,1630,2026-05-16 19:00:00,short,0.50585,58.3,60.0,2179.57,12.437857,low_low_down,True,True,False,False,False,0.0,0.0,50.0,0.0,0.0,0.0,0.0,0.0,50.0,0.0,0.0,-1,0.0,G2_EDGE,edge=58.3 < thr=60.0,-1,0.0,0.0,
ETH/USDT,1631,2026-05-16 20:00:00,short,0.53021,57.52,60.0,2181.45,11.447857,low_low_down,True,True,False,False,False,0.0,0.0,50.0,0.0,0.0,0.0,0.0,0.0,50.0,0.0,0.0,-1,0.0,G2_EDGE,edge=57.5 < thr=60.0,-1,0.0,0.0,
ETH/USDT,1632,2026-05-16 21:00:00,short,0.53339,65.29,60.0,2182.39,9.218571,low_low_down,True,True,False,False,True,0.0,-0.15720344745997605,58.23949790514652,0.0,-0.001718,0.006,0.0,0.0,50.0,0.0,0.0,-1,0.0,G4_EV,ev=-0.00172 <= floor=0.00600  meta_conf=0.5334,-1,0.0,0.0,
ETH/USDT,1633,2026-05-16 22:00:00,short,0.51358,65.67,60.0,2180.47,9.122143,low_low_down,True,True,False,False,True,0.0,-0.25453318653146234,61.678008569286476,0.0,-0.001964,0.006,0.0,0.0,50.0,0.0,0.0,-1,0.0,G4_EV,ev=-0.00196 <= floor=0.00600  meta_conf=0.5136,-1,0.0,0.0,
ETH/USDT,1634,2026-05-16 23:00:00,short,0.51257,62.88,60.0,2180.77,7.152857,low_low_down,True,True,False,False,True,0.0,0.0003165689360378346,68.3223316418552,0.0,-0.002413,0.006,0.0,0.0,50.0,0.0,0.0,-1,0.0,G4_EV,ev=-0.00241 <= floor=0.00600  meta_conf=0.5126,-1,0.0,0.0,
ETH/USDT,1635,2026-05-17 00:00:00,long,0.50906,82.44,60.0,2177.59,7.086429,low_low_down,True,True,False,False,True,0.0,-0.17039920171967532,81.347243318431,0.0,-0.002456,0.006,0.0,0.0,50.0,0.0,0.0,-1,0.0,G4_EV,ev=-0.00246 <= floor=0.00600  meta_conf=0.5091,-1,0.0,0.0,
ETH/USDT,1636,2026-05-17 01:00:00,long,0.51512,81.45,60.0,2169.18,7.691429,low_low_down,True,True,False,False,True,0.0,-0.5319538982262928,75.41296173049608,0.0,-0.00226,0.006,0.0,0.0,50.0,0.0,0.0,-1,0.0,G4_EV,ev=-0.00226 <= floor=0.00600  meta_conf=0.5151,-1,0.0,0.0,
ETH/USDT,1637,2026-05-17 02:00:00,short,0.50759,68.15,60.0,2174.5,7.762857,low_low_down,True,True,False,False,True,0.0,-0.4535861861446215,74.56736172029184,0.0,-0.00232,0.006,0.0,0.0,50.0,0.0,0.0,-1,0.0,G4_EV,ev=-0.00232 <= floor=0.00600  meta_conf=0.5076,-1,0.0,0.0,
ETH/USDT,1638,2026-05-17 03:00:00,short,0.51992,65.54,60.0,2181.7,7.944286,low_low_down,True,True,False,False,True,0.0,-0.12965680880873393,73.6688854849999,0.0,-0.002166,0.006,0.0,0.0,50.0,0.0,0.0,-1,0.0,G4_EV,ev=-0.00217 <= floor=0.00600  meta_conf=0.5199,-1,0.0,0.0,
ETH/USDT,1639,2026-05-17 04:00:00,short,0.51248,62.93,60.0,2187.61,7.557143,low_low_down,True,True,False,False,True,0.0,0.21560150251531324,68.5666761960805,0.0,-0.002329,0.006,0.0,0.0,50.0,0.0,0.0,-1,0.0,G4_EV,ev=-0.00233 <= floor=0.00600  meta_conf=0.5125,-1,0.0,0.0,
ETH/USDT,1640,2026-05-17 05:00:00,short,0.53646,64.33,60.0,2185.91,7.734286,low_low_down,True,True,False,False,True,0.0,0.12695283681528713,60.302468514917905,0.0,-0.002059,0.006,0.0,0.0,50.0,0.0,0.0,-1,0.0,G4_EV,ev=-0.00206 <= floor=0.00600  meta_conf=0.5365,-1,0.0,0.0,
ETH/USDT,1641,2026-05-17 06:00:00,short,0.53056,62.34,60.0,2185.02,7.254286,low_low_flat,False,True,False,False,True,0.0,0.2133312608338132,58.80308435909319,0.0,-0.002232,0.006,0.0,0.0,50.0,0.0,0.0,-1,0.0,G4_EV,ev=-0.00223 <= floor=0.00600  meta_conf=0.5306,-1,0.0,0.0,
ETH/USDT,1642,2026-05-17 07:00:00,short,0.52149,70.74,60.0,2186.64,7.202857,low_low_flat,False,True,False,True,True,0.0,0.28655840812580946,57.156238108131035,0.0,-0.002327,0.006,0.0,0.0,50.0,0.0,0.0,-1,0.0,G4_EV,ev=-0.00233 <= floor=0.00600  meta_conf=0.5215,-1,0.0,0.0,
ETH/USDT,1643,2026-05-17 08:00:00,short,0.50864,50.84,60.0,2185.95,6.851429,low_low_flat,False,True,False,False,False,0.0,0.0,50.0,0.0,0.0,0.0,0.0,0.0,50.0,0.0,0.0,-1,0.0,G2_EDGE,edge=50.8 < thr=60.0,-1,0.0,0.0,
ETH/USDT,1644,2026-05-17 09:00:00,short,0.50228,49.99,60.0,2190.23,6.989286,low_low_up,False,True,False,False,False,0.0,0.0,50.0,0.0,0.0,0.0,0.0,0.0,50.0,0.0,0.0,-1,0.0,G2_EDGE,edge=50.0 < thr=60.0,-1,0.0,0.0,
ETH/USDT,1645,2026-05-17 10:00:00,long,0.51053,62.38,60.0,2194.28,7.317143,low_low_up,False,True,False,False,False,0.0,0.0,50.0,0.0,0.0,0.0,0.0,0.0,50.0,0.0,0.0,-1,0.0,G2_EDGE,reg.buy_ok=False  regime='low_low_up',-1,0.0,0.0,
ETH/USDT,1646,2026-05-17 11:00:00,long,0.51104,60.15,60.0,2192.0,7.611429,low_low_up,False,True,False,False,False,0.0,0.0,50.0,0.0,0.0,0.0,0.0,0.0,50.0,0.0,0.0,-1,0.0,G2_EDGE,reg.buy_ok=False  regime='low_low_up',-1,0.0,0.0,
ETH/USDT,1647,2026-05-17 12:00:00,long,0.50513,61.03,60.0,2194.3,7.839286,low_low_up,False,True,False,False,False,0.0,0.0,50.0,0.0,0.0,0.0,0.0,0.0,50.0,0.0,0.0,-1,0.0,G2_EDGE,reg.buy_ok=False  regime='low_low_up',-1,0.0,0.0,
ETH/USDT,1648,2026-05-17 13:00:00,long,0.52305,62.38,60.0,2192.12,8.122143,low_low_flat,False,True,False,False,False,0.0,0.0,50.0,0.0,0.0,0.0,0.0,0.0,50.0,0.0,0.0,-1,0.0,G2_EDGE,reg.buy_ok=False  regime='low_low_flat',-1,0.0,0.0,
ETH/USDT,1649,2026-05-17 14:00:00,long,0.55916,66.95,60.0,2186.64,8.299286,low_low_flat,False,True,False,False,False,0.0,0.0,50.0,0.0,0.0,0.0,0.0,0.0,50.0,0.0,0.0,-1,0.0,G2_EDGE,reg.buy_ok=False  regime='low_low_flat',-1,0.0,0.0,
ETH/USDT,1650,2026-05-17 15:00:00,long,0.53775,58.02,60.0,2186.51,7.729286,low_low_flat,False,True,False,False,False,0.0,0.0,50.0,0.0,0.0,0.0,0.0,0.0,50.0,0.0,0.0,-1,0.0,G2_EDGE,reg.buy_ok=False  regime='low_low_flat',-1,0.0,0.0,
ETH/USDT,1651,2026-05-17 16:00:00,long,0.54854,54.39,60.0,2182.51,7.721429,low_low_flat,False,True,False,False,False,0.0,0.0,50.0,0.0,0.0,0.0,0.0,0.0,50.0,0.0,0.0,-1,0.0,G2_EDGE,reg.buy_ok=False  regime='low_low_flat',-1,0.0,0.0,
ETH/USDT,1652,2026-05-17 17:00:00,long,0.55494,57.04,60.0,2183.67,7.584286,low_low_flat,False,True,False,False,False,0.0,0.0,50.0,0.0,0.0,0.0,0.0,0.0,50.0,0.0,0.0,-1,0.0,G2_EDGE,reg.buy_ok=False  regime='low_low_flat',-1,0.0,0.0,
ETH/USDT,1653,2026-05-17 18:00:00,long,0.54695,54.88,60.0,2188.49,7.594286,low_low_flat,False,True,False,False,False,0.0,0.0,50.0,0.0,0.0,0.0,0.0,0.0,50.0,0.0,0.0,-1,0.0,G2_EDGE,reg.buy_ok=False  regime='low_low_flat',-1,0.0,0.0,
ETH/USDT,1654,2026-05-17 19:00:00,long,0.52444,54.14,60.0,2192.53,7.357857,low_low_flat,False,True,False,False,False,0.0,0.0,50.0,0.0,0.0,0.0,0.0,0.0,50.0,0.0,0.0,-1,0.0,G2_EDGE,reg.buy_ok=False  regime='low_low_flat',-1,0.0,0.0,
ETH/USDT,1655,2026-05-17 20:00:00,long,0.52905,54.14,60.0,2189.55,7.386429,low_low_flat,False,True,False,False,False,0.0,0.0,50.0,0.0,0.0,0.0,0.0,0.0,50.0,0.0,0.0,-1,0.0,G2_EDGE,reg.buy_ok=False  regime='low_low_flat',-1,0.0,0.0,
ETH/USDT,1656,2026-05-17 21:00:00,long,0.51662,53.31,60.0,2191.81,7.502143,low_low_flat,False,True,False,False,False,0.0,0.0,50.0,0.0,0.0,0.0,0.0,0.0,50.0,0.0,0.0,-1,0.0,G2_EDGE,reg.buy_ok=False  regime='low_low_flat',-1,0.0,0.0,
ETH/USDT,1657,2026-05-17 22:00:00,long,0.55639,75.13,60.0,2179.69,8.492143,low_low_flat,False,True,False,False,False,0.0,0.0,50.0,0.0,0.0,0.0,0.0,0.0,50.0,0.0,0.0,-1,0.0,G2_EDGE,reg.buy_ok=False  regime='low_low_flat',-1,0.0,0.0,
ETH/USDT,1658,2026-05-17 23:00:00,short,0.5116,65.84,60.0,2131.0,14.402857,low_low_down,True,True,False,False,True,0.0,-0.7790440615859129,2.839575925387687,-1.0,-0.000747,0.006,0.0,0.0,50.0,0.0,0.0,-1,0.0,G4_EV,ev=-0.00075 <= floor=0.00600  meta_conf=0.5116,-1,0.0,0.0,
ETH/USDT,1659,2026-05-18 00:00:00,short,0.52038,53.03,60.0,2115.46,15.766429,low_med_down,False,True,False,False,False,0.0,0.0,50.0,0.0,0.0,0.0,0.0,0.0,50.0,0.0,0.0,-1,0.0,G2_EDGE,edge=53.0 < thr=60.0,-1,0.0,0.0,
ETH/USDT,1660,2026-05-18 01:00:00,short,0.54658,67.1,60.0,2117.54,16.345714,low_med_down,False,True,False,False,True,0.0,-0.5580013082854115,8.153698846618486,0.0,0.000444,0.006,0.0,0.0,50.0,0.0,0.0,-1,0.0,G4_EV,ev=0.00044 <= floor=0.00600  meta_conf=0.5466,-1,0.0,0.0,
ETH/USDT,1661,2026-05-18 02:00:00,short,0.5359,65.97,60.0,2116.64,16.668571,low_med_down,False,True,False,False,True,0.0,-0.6955211441436431,11.726875412674174,0.0,0.000307,0.006,0.0,0.0,50.0,0.0,0.0,-1,0.0,G4_EV,ev=0.00031 <= floor=0.00600  meta_conf=0.5359,-1,0.0,0.0,
ETH/USDT,1662,2026-05-18 03:00:00,short,0.52805,64.4,60.0,2118.44,16.695714,low_med_down,False,True,False,False,True,0.0,-0.6063445979854133,14.004333161214236,0.0,0.000143,0.006,0.0,0.0,50.0,0.0,0.0,-1,0.0,G4_EV,ev=0.00014 <= floor=0.00600  meta_conf=0.5280,-1,0.0,0.0,
ETH/USDT,1663,2026-05-18 04:00:00,short,0.53656,73.61,60.0,2124.85,16.5,low_med_down,False,True,False,False,False,0.0,-0.5474926280639699,16.027270866814703,0.0,0.000261,0.006,0.0,0.0,50.0,0.0,0.0,-1,0.0,G4_EV,ev=0.00026 <= floor=0.00600  meta_conf=0.5366,-1,0.0,0.0,
ETH/USDT,1664,2026-05-18 05:00:00,short,0.57446,65.54,60.0,2118.25,16.585,low_med_down,False,True,False,False,True,0.0,-0.6418000554943417,18.096929955804434,0.0,0.001097,0.006,0.0,0.0,50.0,0.0,0.0,-1,0.0,G4_EV,ev=0.00110 <= floor=0.00600  meta_conf=0.5745,-1,0.0,0.0,
ETH/USDT,1665,2026-05-18 06:00:00,short,0.55898,64.79,60.0,2119.03,16.872857,low_med_down,False,True,False,False,True,0.0,-0.5342518563220219,20.123185156030793,0.0,0.000851,0.006,0.0,0.0,50.0,0.0,0.0,-1,0.0,G4_EV,ev=0.00085 <= floor=0.00600  meta_conf=0.5590,-1,0.0,0.0,
ETH/USDT,1666,2026-05-18 07:00:00,short,0.55364,64.02,60.0,2120.82,17.13,low_med_down,False,True,False,False,True,0.0,-0.4540274760075793,22.127280217429995,0.0,0.000804,0.006,0.0,0.0,50.0,0.0,0.0,-1,0.0,G4_EV,ev=0.00080 <= floor=0.00600  meta_conf=0.5536,-1,0.0,0.0,
ETH/USDT,1667,2026-05-18 08:00:00,short,0.54197,62.3,60.0,2121.57,16.93,low_med_down,False,True,False,False,True,0.0,-0.43120397688545464,23.989822031816082,0.0,0.000495,0.006,0.0,0.0,50.0,0.0,0.0,-1,0.0,G4_EV,ev=0.00050 <= floor=0.00600  meta_conf=0.5420,-1,0.0,0.0,
ETH/USDT,1668,2026-05-18 09:00:00,short,0.55408,63.1,60.0,2116.88,16.918571,low_med_down,False,True,False,False,True,0.0,-0.5381248958198876,25.806862367491714,0.0,0.000764,0.006,0.0,0.0,50.0,0.0,0.0,-1,0.0,G4_EV,ev=0.00076 <= floor=0.00600  meta_conf=0.5541,-1,0.0,0.0,
ETH/USDT,1669,2026-05-18 10:00:00,short,0.5453,64.23,60.0,2114.55,16.792857,low_med_down,False,True,False,False,True,0.0,-0.6146730577561328,27.513383362940708,0.0,0.000545,0.006,0.0,0.0,50.0,0.0,0.0,-1,0.0,G4_EV,ev=0.00055 <= floor=0.00600  meta_conf=0.5453,-1,0.0,0.0,
ETH/USDT,1670,2026-05-18 11:00:00,short,0.5504,74.58,60.0,2133.9,18.340714,low_med_down,False,True,False,False,False,0.0,-0.33009913946382335,30.51277780060857,0.0,0.001037,0.006,0.0,0.0,50.0,0.0,0.0,-1,0.0,G4_EV,ev=0.00104 <= floor=0.00600  meta_conf=0.5504,-1,0.0,0.0,
ETH/USDT,1671,2026-05-18 12:00:00,short,0.5208,81.98,60.0,2151.01,18.736429,low_med_down,False,True,False,False,False,0.0,0.10751990774306645,37.074357095592184,0.0,0.000409,0.006,0.0,0.0,50.0,0.0,0.0,-1,0.0,G4_EV,ev=0.00041 <= floor=0.00600  meta_conf=0.5208,-1,0.0,0.0,
ETH/USDT,1672,2026-05-18 13:00:00,short,0.54527,84.07,60.0,2130.91,14.660714,med_low_down,False,True,False,False,False,0.0,-0.14852221897358242,56.963729283020555,0.0,-6.3e-05,0.006,0.0,0.0,50.0,0.0,0.0,-1,0.0,G4_EV,ev=-0.00006 <= floor=0.00600  meta_conf=0.5453,-1,0.0,0.0,
ETH/USDT,1673,2026-05-18 14:00:00,short,0.5212,76.85,60.0,2110.32,15.081429,med_med_down,False,True,False,False,True,0.0,-0.3420558473110111,52.101836729994226,0.0,-0.000375,0.006,0.0,0.0,50.0,0.0,0.0,-1,0.0,G4_EV,ev=-0.00037 <= floor=0.00600  meta_conf=0.5212,-1,0.0,0.0,
ETH/USDT,1674,2026-05-18 15:00:00,short,0.54013,77.65,60.0,2107.48,15.274286,med_med_down,False,True,False,False,True,0.0,-0.41792562971983405,49.30828714760443,0.0,4.7e-05,0.006,0.0,0.0,50.0,0.0,0.0,-1,0.0,G4_EV,ev=0.00005 <= floor=0.00600  meta_conf=0.5401,-1,0.0,0.0,
ETH/USDT,1675,2026-05-18 16:00:00,short,0.5501,75.67,60.0,2097.71,15.946429,med_med_down,False,True,False,False,True,0.0,-0.5894072001704245,47.32123869190627,0.0,0.000449,0.006,0.0,0.0,50.0,0.0,0.0,-1,0.0,G4_EV,ev=0.00045 <= floor=0.00600  meta_conf=0.5501,-1,0.0,0.0,
ETH/USDT,1676,2026-05-18 17:00:00,short,0.52681,71.28,60.0,2108.21,16.435,med_med_down,False,True,False,False,True,0.0,-0.46822898253196493,47.27871782811833,0.0,7.2e-05,0.006,0.0,0.0,50.0,0.0,0.0,-1,0.0,G4_EV,ev=0.00007 <= floor=0.00600  meta_conf=0.5268,-1,0.0,0.0,
ETH/USDT,1677,2026-05-18 18:00:00,short,0.51228,79.4,60.0,2081.32,17.908571,med_med_down,False,True,False,False,True,0.0,-0.725563581453997,40.60213659170863,-1.0,0.000157,0.006,0.0,0.0,50.0,0.0,0.0,-1,0.0,G4_EV,ev=0.00016 <= floor=0.00600  meta_conf=0.5123,-1,0.0,0.0,
ETH/USDT,1678,2026-05-18 19:00:00,long,0.51793,96.73,60.0,2125.07,20.767143,med_med_down,False,True,False,False,False,0.0,0.0,50.0,0.0,0.0,0.0,0.0,0.0,50.0,0.0,0.0,-1,0.0,G2_EDGE,reg.buy_ok=False  regime='med_med_down',-1,0.0,0.0,
ETH/USDT,1679,2026-05-18 20:00:00,short,0.50214,79.03,60.0,2117.61,21.125714,high_med_down,False,True,False,False,False,0.0,-0.2527932256290825,41.94618374133269,0.0,0.000547,0.006,0.0,0.0,50.0,0.0,0.0,-1,0.0,G4_EV,ev=0.00055 <= floor=0.00600  meta_conf=0.5021,-1,0.0,0.0,
ETH/USDT,1680,2026-05-18 21:00:00,short,0.53824,77.72,60.0,2137.38,22.28,high_high_down,False,True,False,False,False,0.0,0.19170550390711447,42.74395320998713,0.0,0.001767,0.006,0.0,0.0,50.0,0.0,0.0,-1,0.0,G4_EV,ev=0.00177 <= floor=0.00600  meta_conf=0.5382,-1,0.0,0.0,
ETH/USDT,1681,2026-05-18 22:00:00,long,0.50755,79.36,60.0,2135.74,22.672857,high_high_down,False,True,False,False,False,0.0,0.0,50.0,0.0,0.0,0.0,0.0,0.0,50.0,0.0,0.0,-1,0.0,G2_EDGE,reg.buy_ok=False  regime='high_high_down',-1,0.0,0.0,
ETH/USDT,1682,2026-05-18 23:00:00,short,0.50528,53.34,60.0,2130.08,23.067143,med_high_flat,,,True,False,False,0.0,0.0,50.0,0.0,0.0,0.0,0.0,0.0,50.0,0.0,0.0,-1,0.0,G1_REGIME,regime='med_high_flat' skipped=True reg_empty=False,-1,0.0,0.0,
ETH/USDT,1683,2026-05-19 00:00:00,short,0.50707,63.81,60.0,2135.88,24.036429,med_high_up,,,True,False,False,0.0,0.0,50.0,0.0,0.0,0.0,0.0,0.0,50.0,0.0,0.0,-1,0.0,G1_REGIME,regime='med_high_up' skipped=True reg_empty=False,-1,0.0,0.0,
ETH/USDT,1684,2026-05-19 01:00:00,long,0.50581,56.38,60.0,2124.92,22.996429,med_high_flat,,,True,False,False,0.0,0.0,50.0,0.0,0.0,0.0,0.0,0.0,50.0,0.0,0.0,-1,0.0,G1_REGIME,regime='med_high_flat' skipped=True reg_empty=False,-1,0.0,0.0,
ETH/USDT,1685,2026-05-19 02:00:00,long,0.50803,55.18,60.0,2123.31,22.548571,med_high_flat,,,True,False,False,0.0,0.0,50.0,0.0,0.0,0.0,0.0,0.0,50.0,0.0,0.0,-1,0.0,G1_REGIME,regime='med_high_flat' skipped=True reg_empty=False,-1,0.0,0.0,
ETH/USDT,1686,2026-05-19 03:00:00,short,0.51962,61.68,60.0,2131.3,21.219286,med_med_flat,False,True,False,True,False,0.0,0.2800733916541387,52.865286901899395,0.0,0.001008,0.006,0.0,0.0,50.0,0.0,0.0,-1,0.0,G4_EV,ev=0.00101 <= floor=0.00600  meta_conf=0.5196,-1,0.0,0.0,
ETH/USDT,1687,2026-05-19 04:00:00,short,0.52335,60.61,60.0,2133.88,19.471429,med_med_flat,False,True,False,True,False,0.0,0.35508114085174725,53.451949167157586,0.0,0.000682,0.006,0.0,0.0,50.0,0.0,0.0,-1,0.0,G4_EV,ev=0.00068 <= floor=0.00600  meta_conf=0.5234,-1,0.0,0.0,
ETH/USDT,1688,2026-05-19 05:00:00,short,0.51056,61.49,60.0,2135.21,19.228571,med_med_up,False,True,False,True,False,0.0,0.3419136459905312,53.97271957956567,0.0,0.000309,0.006,0.0,0.0,50.0,0.0,0.0,-1,0.0,G4_EV,ev=0.00031 <= floor=0.00600  meta_conf=0.5106,-1,0.0,0.0,
ETH/USDT,1689,2026-05-19 06:00:00,short,0.54938,60.81,60.0,2137.52,18.297857,med_med_up,False,True,False,True,False,0.0,0.4230926130496348,54.27903759250815,0.0,0.000993,0.006,0.0,0.0,50.0,0.0,0.0,-1,0.0,G4_EV,ev=0.00099 <= floor=0.00600  meta_conf=0.5494,-1,0.0,0.0,
ETH/USDT,1690,2026-05-19 07:00:00,short,0.50389,60.33,60.0,2140.97,17.93,med_med_up,False,True,False,True,False,0.0,0.43131990735647857,54.47250977505712,0.0,-0.000143,0.006,0.0,0.0,50.0,0.0,0.0,-1,0.0,G4_EV,ev=-0.00014 <= floor=0.00600  meta_conf=0.5039,-1,0.0,0.0,
ETH/USDT,1691,2026-05-19 08:00:00,short,0.50643,63.2,60.0,2133.72,16.394286,med_med_flat,False,True,False,True,False,0.0,0.16122086749598688,55.60952668516858,0.0,-0.000409,0.006,0.0,0.0,50.0,0.0,0.0,-1,0.0,G4_EV,ev=-0.00041 <= floor=0.00600  meta_conf=0.5064,-1,0.0,0.0,
ETH/USDT,1692,2026-05-19 09:00:00,long,0.51684,55.2,60.0,2114.49,14.565714,med_low_flat,True,False,False,False,False,0.0,0.0,50.0,0.0,0.0,0.0,0.0,0.0,50.0,0.0,0.0,-1,0.0,G2_EDGE,edge=55.2 < thr=60.0,-1,0.0,0.0,
ETH/USDT,1693,2026-05-19 10:00:00,long,0.51699,54.78,60.0,2118.36,14.506429,med_low_flat,True,False,False,False,False,0.0,0.0,50.0,0.0,0.0,0.0,0.0,0.0,50.0,0.0,0.0,-1,0.0,G2_EDGE,edge=54.8 < thr=60.0,-1,0.0,0.0,
ETH/USDT,1694,2026-05-19 11:00:00,long,0.51892,49.81,60.0,2110.85,13.287857,med_low_flat,True,False,False,False,False,0.0,0.0,50.0,0.0,0.0,0.0,0.0,0.0,50.0,0.0,0.0,-1,0.0,G2_EDGE,edge=49.8 < thr=60.0,-1,0.0,0.0,
ETH/USDT,1695,2026-05-19 12:00:00,short,0.50619,56.82,60.0,2118.49,13.190714,med_low_down,False,True,False,False,False,0.0,0.0,50.0,0.0,0.0,0.0,0.0,0.0,50.0,0.0,0.0,-1,0.0,G2_EDGE,edge=56.8 < thr=60.0,-1,0.0,0.0,
ETH/USDT,1696,2026-05-19 13:00:00,long,0.53158,60.09,60.0,2119.03,13.795,med_low_flat,True,False,False,False,False,0.0,-0.25930613472838643,69.492566047743,0.0,-0.000515,0.006,0.0,0.0,50.0,0.0,0.0,-1,0.0,G4_EV,ev=-0.00052 <= floor=0.00600  meta_conf=0.5316,-1,0.0,0.0,
ETH/USDT,1697,2026-05-19 14:00:00,long,0.52152,82.26,60.0,2106.55,14.553571,med_low_flat,True,False,False,False,True,0.0,-0.480279001377681,59.35117269475009,0.0,-0.00049,0.006,0.0,0.0,50.0,0.0,0.0,-1,0.0,G4_EV,ev=-0.00049 <= floor=0.00600  meta_conf=0.5215,-1,0.0,0.0,
ETH/USDT,1698,2026-05-19 15:00:00,long,0.52704,72.66,60.0,2110.19,14.207143,med_low_flat,True,False,False,False,False,0.0,-0.510447419277475,57.94924964303834,0.0,-0.000479,0.006,0.0,0.0,50.0,0.0,0.0,-1,0.0,G4_EV,ev=-0.00048 <= floor=0.00600  meta_conf=0.5270,-1,0.0,0.0,
ETH/USDT,1699,2026-05-19 16:00:00,long,0.52696,64.16,60.0,2121.12,14.082857,low_low_up,False,True,False,False,False,0.0,0.0,50.0,0.0,0.0,0.0,0.0,0.0,50.0,0.0,0.0,-1,0.0,G2_EDGE,reg.buy_ok=False  regime='low_low_up',-1,0.0,0.0,
ETH/USDT,1700,2026-05-19 17:00:00,long,0.51661,60.04,60.0,2115.75,14.054286,low_low_flat,False,True,False,False,False,0.0,0.0,50.0,0.0,0.0,0.0,0.0,0.0,50.0,0.0,0.0,-1,0.0,G2_EDGE,reg.buy_ok=False  regime='low_low_flat',-1,0.0,0.0,
ETH/USDT,1701,2026-05-19 18:00:00,long,0.50851,59.23,60.0,2115.28,14.086429,low_low_up,False,True,False,False,False,0.0,0.0,50.0,0.0,0.0,0.0,0.0,0.0,50.0,0.0,0.0,-1,0.0,G2_EDGE,reg.buy_ok=False  regime='low_low_up',-1,0.0,0.0,
ETH/USDT,1702,2026-05-19 19:00:00,long,0.51767,71.34,60.0,2113.15,14.007143,low_low_flat,False,True,False,False,False,0.0,0.0,50.0,0.0,0.0,0.0,0.0,0.0,50.0,0.0,0.0,-1,0.0,G2_EDGE,reg.buy_ok=False  regime='low_low_flat',-1,0.0,0.0,
ETH/USDT,1703,2026-05-19 20:00:00,short,0.50298,75.34,60.0,2118.39,13.922143,low_low_flat,False,True,False,True,True,0.0,-0.3603770380311551,52.61671525345581,0.0,-0.00099,0.006,0.0,0.0,50.0,0.0,0.0,-1,0.0,G4_EV,ev=-0.00099 <= floor=0.00600  meta_conf=0.5030,-1,0.0,0.0,
ETH/USDT,1704,2026-05-19 21:00:00,short,0.50555,77.34,60.0,2116.97,13.507143,low_low_flat,False,True,False,True,True,0.0,-0.4160419996367337,54.580900678946996,0.0,-0.001033,0.006,0.0,0.0,50.0,0.0,0.0,-1,0.0,G4_EV,ev=-0.00103 <= floor=0.00600  meta_conf=0.5056,-1,0.0,0.0,
ETH/USDT,1705,2026-05-19 22:00:00,short,0.51048,72.58,60.0,2106.4,13.827857,low_low_flat,False,True,False,False,True,0.0,-0.5372168496873996,60.11288016377213,0.0,-0.00086,0.006,0.0,0.0,50.0,0.0,0.0,-1,0.0,G4_EV,ev=-0.00086 <= floor=0.00600  meta_conf=0.5105,-1,0.0,0.0,
ETH/USDT,1706,2026-05-19 23:00:00,short,0.50581,67.77,60.0,2111.93,13.168571,low_low_flat,False,True,False,False,True,0.0,-0.3021635420466631,67.09023449713683,0.0,-0.001096,0.006,0.0,0.0,50.0,0.0,0.0,-1,0.0,G4_EV,ev=-0.00110 <= floor=0.00600  meta_conf=0.5058,-1,0.0,0.0,
ETH/USDT,1707,2026-05-20 00:00:00,long,0.5048,81.57,60.0,2111.29,12.987143,low_low_flat,False,True,False,False,False,0.0,0.0,50.0,0.0,0.0,0.0,0.0,0.0,50.0,0.0,0.0,-1,0.0,G2_EDGE,reg.buy_ok=False  regime='low_low_flat',-1,0.0,0.0,
ETH/USDT,1708,2026-05-20 01:00:00,long,0.51388,74.43,60.0,2115.28,13.339286,low_low_flat,False,True,False,False,False,0.0,0.0,50.0,0.0,0.0,0.0,0.0,0.0,50.0,0.0,0.0,-1,0.0,G2_EDGE,reg.buy_ok=False  regime='low_low_flat',-1,0.0,0.0,
ETH/USDT,1709,2026-05-20 02:00:00,long,0.507,59.13,60.0,2109.43,13.369286,low_low_flat,False,True,False,False,False,0.0,0.0,50.0,0.0,0.0,0.0,0.0,0.0,50.0,0.0,0.0,-1,0.0,G2_EDGE,reg.buy_ok=False  regime='low_low_flat',-1,0.0,0.0,
ETH/USDT,1710,2026-05-20 03:00:00,long,0.51384,60.31,60.0,2111.6,12.677857,low_low_flat,False,True,False,False,False,0.0,0.0,50.0,0.0,0.0,0.0,0.0,0.0,50.0,0.0,0.0,-1,0.0,G2_EDGE,reg.buy_ok=False  regime='low_low_flat',-1,0.0,0.0,
ETH/USDT,1711,2026-05-20 04:00:00,long,0.52075,63.38,60.0,2113.2,11.131429,low_low_flat,False,True,False,False,False,0.0,0.0,50.0,0.0,0.0,0.0,0.0,0.0,50.0,0.0,0.0,-1,0.0,G2_EDGE,reg.buy_ok=False  regime='low_low_flat',-1,0.0,0.0,
ETH/USDT,1712,2026-05-20 05:00:00,long,0.52026,67.23,60.0,2125.63,11.655714,low_low_flat,False,True,False,False,False,0.0,0.0,50.0,0.0,0.0,0.0,0.0,0.0,50.0,0.0,0.0,-1,0.0,G2_EDGE,reg.buy_ok=False  regime='low_low_flat',-1,0.0,0.0,
ETH/USDT,1713,2026-05-20 06:00:00,short,0.51292,64.47,60.0,2133.75,11.188571,low_low_flat,False,True,False,True,False,0.0,0.5346813903411193,65.68172146785083,1.0,-0.001457,0.006,0.0,0.0,50.0,0.0,0.0,-1,0.0,G4_EV,ev=-0.00146 <= floor=0.00600  meta_conf=0.5129,-1,0.0,0.0,
ETH/USDT,1714,2026-05-20 07:00:00,short,0.50916,62.66,60.0,2129.74,10.891429,low_low_flat,False,True,False,True,False,0.0,0.4038866611314421,62.64643778237494,0.0,-0.001572,0.006,0.0,0.0,50.0,0.0,0.0,-1,0.0,G4_EV,ev=-0.00157 <= floor=0.00600  meta_conf=0.5092,-1,0.0,0.0,
ETH/USDT,1715,2026-05-20 08:00:00,short,0.50015,62.04,60.0,2131.91,10.909286,low_low_flat,False,True,False,True,False,0.0,0.5341912489834904,60.35391446964973,0.0,-0.001695,0.006,0.0,0.0,50.0,0.0,0.0,-1,0.0,G4_EV,ev=-0.00170 <= floor=0.00600  meta_conf=0.5001,-1,0.0,0.0,
ETH/USDT,1716,2026-05-20 09:00:00,long,0.50965,48.69,60.0,2129.36,10.357857,low_low_up,False,True,False,False,False,0.0,0.0,50.0,0.0,0.0,0.0,0.0,0.0,50.0,0.0,0.0,-1,0.0,G2_EDGE,reg.buy_ok=False  regime='low_low_up',-1,0.0,0.0,
ETH/USDT,1717,2026-05-20 10:00:00,short,0.53805,60.43,60.0,2130.82,10.447143,low_low_flat,False,True,False,True,False,0.0,0.5251031674565747,58.793443208591356,0.0,-0.00129,0.006,0.0,0.0,50.0,0.0,0.0,-1,0.0,G4_EV,ev=-0.00129 <= floor=0.00600  meta_conf=0.5380,-1,0.0,0.0,
ETH/USDT,1718,2026-05-20 11:00:00,short,0.51576,61.57,60.0,2128.3,10.737143,low_low_up,False,True,False,True,False,0.0,0.40092598831471443,58.16893040544505,0.0,-0.001515,0.006,0.0,0.0,50.0,0.0,0.0,-1,0.0,G4_EV,ev=-0.00152 <= floor=0.00600  meta_conf=0.5158,-1,0.0,0.0,
ETH/USDT,1719,2026-05-20 12:00:00,short,0.51281,62.04,60.0,2134.01,10.601429,low_low_up,False,True,False,True,False,0.0,0.520228677919443,56.593398221132574,0.0,-0.001593,0.006,0.0,0.0,50.0,0.0,0.0,-1,0.0,G4_EV,ev=-0.00159 <= floor=0.00600  meta_conf=0.5128,-1,0.0,0.0,
ETH/USDT,1720,2026-05-20 13:00:00,long,0.53894,79.72,60.0,2120.61,11.031429,low_low_flat,False,True,False,False,False,0.0,0.0,50.0,0.0,0.0,0.0,0.0,0.0,50.0,0.0,0.0,-1,0.0,G2_EDGE,reg.buy_ok=False  regime='low_low_flat',-1,0.0,0.0,
ETH/USDT,1721,2026-05-20 14:00:00,long,0.50116,92.4,60.0,2135.25,11.967857,low_low_up,False,True,False,False,False,0.0,0.0,50.0,0.0,0.0,0.0,0.0,0.0,50.0,0.0,0.0,-1,0.0,G2_EDGE,reg.buy_ok=False  regime='low_low_up',-1,0.0,0.0,
ETH/USDT,1722,2026-05-20 15:00:00,short,0.50391,100.0,60.0,2136.75,12.255714,low_low_up,False,True,False,True,False,0.0,0.5600313249967116,49.61365586159787,0.0,-0.001358,0.006,0.0,0.0,50.0,0.0,0.0,-1,0.0,G4_EV,ev=-0.00136 <= floor=0.00600  meta_conf=0.5039,-1,0.0,0.0,
ETH/USDT,1723,2026-05-20 16:00:00,short,0.51567,84.72,60.0,2135.46,12.632857,low_low_flat,False,True,False,True,False,0.0,0.4434951248574248,49.51740221570137,0.0,-0.001088,0.006,0.0,0.0,50.0,0.0,0.0,-1,0.0,G4_EV,ev=-0.00109 <= floor=0.00600  meta_conf=0.5157,-1,0.0,0.0,
ETH/USDT,1724,2026-05-20 17:00:00,short,0.52458,85.06,60.0,2140.5,13.092143,low_low_up,False,True,False,True,False,0.0,0.5570664340009809,50.69135595129217,0.0,-0.000842,0.006,0.0,0.0,50.0,0.0,0.0,-1,0.0,G4_EV,ev=-0.00084 <= floor=0.00600  meta_conf=0.5246,-1,0.0,0.0,
ETH/USDT,1725,2026-05-20 18:00:00,short,0.51933,71.77,60.0,2132.1,13.247143,low_low_up,False,True,False,True,True,0.0,0.39448602961900536,56.973149244362084,0.0,-0.00088,0.006,0.0,0.0,50.0,0.0,0.0,-1,0.0,G4_EV,ev=-0.00088 <= floor=0.00600  meta_conf=0.5193,-1,0.0,0.0,
ETH/USDT,1726,2026-05-20 19:00:00,short,0.53154,80.6,60.0,2139.12,12.901429,low_low_up,False,True,False,True,False,0.0,0.533376084682101,57.98105663195153,0.0,-0.000772,0.006,0.0,0.0,50.0,0.0,0.0,-1,0.0,G4_EV,ev=-0.00077 <= floor=0.00600  meta_conf=0.5315,-1,0.0,0.0,
ETH/USDT,1727,2026-05-20 20:00:00,short,0.52846,81.56,60.0,2135.93,13.077143,low_low_up,False,True,False,True,False,0.0,0.33080928089706807,58.41954096033826,0.0,-0.000774,0.006,0.0,0.0,50.0,0.0,0.0,-1,0.0,G4_EV,ev=-0.00077 <= floor=0.00600  meta_conf=0.5285,-1,0.0,0.0,
ETH/USDT,1728,2026-05-20 21:00:00,short,0.54262,70.59,60.0,2130.62,13.076429,low_low_flat,False,True,False,True,True,0.0,0.30958395211861756,58.920598022543686,0.0,-0.000532,0.006,0.0,0.0,50.0,0.0,0.0,-1,0.0,G4_EV,ev=-0.00053 <= floor=0.00600  meta_conf=0.5426,-1,0.0,0.0,
ETH/USDT,1729,2026-05-20 22:00:00,short,0.50891,79.33,60.0,2128.32,13.293571,low_low_up,False,True,False,True,True,0.0,-0.031696645402108314,59.45989951371209,0.0,-0.001039,0.006,0.0,0.0,50.0,0.0,0.0,-1,0.0,G4_EV,ev=-0.00104 <= floor=0.00600  meta_conf=0.5089,-1,0.0,0.0,
ETH/USDT,1730,2026-05-20 23:00:00,short,0.51622,71.02,60.0,2129.44,13.470714,low_low_up,False,True,False,True,True,0.0,0.21000808265169185,60.152638692531504,0.0,-0.000876,0.006,0.0,0.0,50.0,0.0,0.0,-1,0.0,G4_EV,ev=-0.00088 <= floor=0.00600  meta_conf=0.5162,-1,0.0,0.0,
ETH/USDT,1731,2026-05-21 00:00:00,short,0.53356,81.76,60.0,2142.92,14.118571,low_low_up,False,True,False,True,False,0.0,0.579689311027302,60.953731787536405,0.0,-0.000438,0.006,0.0,0.0,50.0,0.0,0.0,-1,0.0,G4_EV,ev=-0.00044 <= floor=0.00600  meta_conf=0.5336,-1,0.0,0.0,
ETH/USDT,1732,2026-05-21 01:00:00,short,0.50824,87.02,60.0,2141.07,14.849286,low_low_up,False,True,False,True,False,0.0,0.4513690473630317,53.62045928389556,0.0,-0.000725,0.006,0.0,0.0,50.0,0.0,0.0,-1,0.0,G4_EV,ev=-0.00072 <= floor=0.00600  meta_conf=0.5082,-1,0.0,0.0,
ETH/USDT,1733,2026-05-21 02:00:00,long,0.51039,68.95,60.0,2141.5,14.532143,low_low_up,False,True,False,False,False,0.0,0.0,50.0,0.0,0.0,0.0,0.0,0.0,50.0,0.0,0.0,-1,0.0,G2_EDGE,reg.buy_ok=False  regime='low_low_up',-1,0.0,0.0,
ETH/USDT,1734,2026-05-21 03:00:00,short,0.5314,77.91,60.0,2145.76,13.529286,low_low_up,False,True,False,True,False,0.0,0.5784048555940727,54.95294615915405,0.0,-0.000628,0.006,0.0,0.0,50.0,0.0,0.0,-1,0.0,G4_EV,ev=-0.00063 <= floor=0.00600  meta_conf=0.5314,-1,0.0,0.0,
ETH/USDT,1735,2026-05-21 04:00:00,short,0.5117,78.03,60.0,2145.0,12.121429,low_low_up,False,True,False,True,False,0.0,0.5178585966388822,59.1865497795157,0.0,-0.001279,0.006,0.0,0.0,50.0,0.0,0.0,-1,0.0,G4_EV,ev=-0.00128 <= floor=0.00600  meta_conf=0.5117,-1,0.0,0.0,
ETH/USDT,1736,2026-05-21 05:00:00,long,0.53127,58.72,60.0,2136.3,11.764286,low_low_flat,False,True,False,False,False,0.0,0.0,50.0,0.0,0.0,0.0,0.0,0.0,50.0,0.0,0.0,-1,0.0,G2_EDGE,reg.buy_ok=False  regime='low_low_flat',-1,0.0,0.0,
ETH/USDT,1737,2026-05-21 06:00:00,long,0.5348,56.52,60.0,2128.57,11.375714,low_low_flat,False,True,False,False,False,0.0,0.0,50.0,0.0,0.0,0.0,0.0,0.0,50.0,0.0,0.0,-1,0.0,G2_EDGE,reg.buy_ok=False  regime='low_low_flat',-1,0.0,0.0,
ETH/USDT,1738,2026-05-21 07:00:00,long,0.53001,58.84,60.0,2135.06,11.098571,low_low_flat,False,True,False,False,False,0.0,0.0,50.0,0.0,0.0,0.0,0.0,0.0,50.0,0.0,0.0,-1,0.0,G2_EDGE,reg.buy_ok=False  regime='low_low_flat',-1,0.0,0.0,
ETH/USDT,1739,2026-05-21 08:00:00,long,0.52309,61.02,60.0,2138.26,11.360714,low_low_flat,False,True,False,False,False,0.0,0.0,50.0,0.0,0.0,0.0,0.0,0.0,50.0,0.0,0.0,-1,0.0,G2_EDGE,reg.buy_ok=False  regime='low_low_flat',-1,0.0,0.0,
ETH/USDT,1740,2026-05-21 09:00:00,long,0.53004,54.46,60.0,2127.98,11.406429,low_low_flat,False,True,False,False,False,0.0,0.0,50.0,0.0,0.0,0.0,0.0,0.0,50.0,0.0,0.0,-1,0.0,G2_EDGE,reg.buy_ok=False  regime='low_low_flat',-1,0.0,0.0,
ETH/USDT,1741,2026-05-21 10:00:00,long,0.54705,83.43,60.0,2114.19,12.037857,low_low_flat,False,True,False,False,False,0.0,0.0,50.0,0.0,0.0,0.0,0.0,0.0,50.0,0.0,0.0,-1,0.0,G2_EDGE,reg.buy_ok=False  regime='low_low_flat',-1,0.0,0.0,
ETH/USDT,1742,2026-05-21 11:00:00,long,0.53452,63.71,60.0,2115.27,12.022857,low_low_flat,False,True,False,False,False,0.0,0.0,50.0,0.0,0.0,0.0,0.0,0.0,50.0,0.0,0.0,-1,0.0,G2_EDGE,reg.buy_ok=False  regime='low_low_flat',-1,0.0,0.0,
ETH/USDT,1743,2026-05-21 12:00:00,long,0.54436,69.78,60.0,2117.22,11.711429,low_low_flat,False,True,False,False,False,0.0,0.0,50.0,0.0,0.0,0.0,0.0,0.0,50.0,0.0,0.0,-1,0.0,G2_EDGE,reg.buy_ok=False  regime='low_low_flat',-1,0.0,0.0,
ETH/USDT,1744,2026-05-21 13:00:00,long,0.54102,85.24,60.0,2120.46,12.508571,low_low_flat,False,True,False,False,False,0.0,0.0,50.0,0.0,0.0,0.0,0.0,0.0,50.0,0.0,0.0,-1,0.0,G2_EDGE,reg.buy_ok=False  regime='low_low_flat',-1,0.0,0.0,
ETH/USDT,1745,2026-05-21 14:00:00,long,0.54529,72.46,60.0,2121.96,12.378571,low_low_flat,False,True,False,False,False,0.0,0.0,50.0,0.0,0.0,0.0,0.0,0.0,50.0,0.0,0.0,-1,0.0,G2_EDGE,reg.buy_ok=False  regime='low_low_flat',-1,0.0,0.0,
ETH/USDT,1746,2026-05-21 15:00:00,long,0.53157,78.39,60.0,2132.65,12.408571,low_low_flat,False,True,False,False,False,0.0,0.0,50.0,0.0,0.0,0.0,0.0,0.0,50.0,0.0,0.0,-1,0.0,G2_EDGE,reg.buy_ok=False  regime='low_low_flat',-1,0.0,0.0,
ETH/USDT,1747,2026-05-21 16:00:00,long,0.52022,55.63,60.0,2127.79,12.787143,low_low_flat,False,True,False,False,False,0.0,0.0,50.0,0.0,0.0,0.0,0.0,0.0,50.0,0.0,0.0,-1,0.0,G2_EDGE,reg.buy_ok=False  regime='low_low_flat',-1,0.0,0.0,
ETH/USDT,1748,2026-05-21 17:00:00,short,0.55594,85.96,60.0,2146.6,14.340714,low_low_flat,False,True,False,True,False,0.0,0.338751523110923,47.296576121931764,0.0,1.5e-05,0.006,0.0,0.0,50.0,0.0,0.0,-1,0.0,G4_EV,ev=0.00002 <= floor=0.00600  meta_conf=0.5559,-1,0.0,0.0,
ETH/USDT,1749,2026-05-21 18:00:00,short,0.50364,61.29,60.0,2126.87,15.780714,low_med_flat,False,True,False,True,True,0.0,-0.09968613274062348,48.10675476873028,0.0,-0.000588,0.006,0.0,0.0,50.0,0.0,0.0,-1,0.0,G4_EV,ev=-0.00059 <= floor=0.00600  meta_conf=0.5036,-1,0.0,0.0,
ETH/USDT,1750,2026-05-21 19:00:00,short,0.5544,62.99,60.0,2142.83,16.089286,low_med_flat,False,True,False,True,False,0.0,0.5340027857851677,49.04251050782032,0.0,0.000482,0.006,0.0,0.0,50.0,0.0,0.0,-1,0.0,G4_EV,ev=0.00048 <= floor=0.00600  meta_conf=0.5544,-1,0.0,0.0,
ETH/USDT,1751,2026-05-21 20:00:00,short,0.53359,61.07,60.0,2138.62,15.757857,low_med_flat,False,True,False,True,False,0.0,0.3251057301910986,49.96763279973237,0.0,-1.6e-05,0.006,0.0,0.0,50.0,0.0,0.0,-1,0.0,G4_EV,ev=-0.00002 <= floor=0.00600  meta_conf=0.5336,-1,0.0,0.0,
ETH/USDT,1752,2026-05-21 21:00:00,short,0.55058,49.57,60.0,2135.42,15.332143,low_med_flat,False,True,False,False,False,0.0,0.0,50.0,0.0,0.0,0.0,0.0,0.0,50.0,0.0,0.0,-1,0.0,G2_EDGE,edge=49.6 < thr=60.0,-1,0.0,0.0,
ETH/USDT,1753,2026-05-21 22:00:00,short,0.53685,51.19,60.0,2131.85,14.797857,low_med_flat,False,True,False,False,False,0.0,0.0,50.0,0.0,0.0,0.0,0.0,0.0,50.0,0.0,0.0,-1,0.0,G2_EDGE,edge=51.2 < thr=60.0,-1,0.0,0.0,
ETH/USDT,1754,2026-05-21 23:00:00,short,0.552,50.66,60.0,2133.76,14.549286,low_low_flat,False,True,False,False,False,0.0,0.0,50.0,0.0,0.0,0.0,0.0,0.0,50.0,0.0,0.0,-1,0.0,G2_EDGE,edge=50.7 < thr=60.0,-1,0.0,0.0,
ETH/USDT,1755,2026-05-22 00:00:00,short,0.55273,52.89,60.0,2129.33,13.522143,low_low_flat,False,True,False,False,False,0.0,0.0,50.0,0.0,0.0,0.0,0.0,0.0,50.0,0.0,0.0,-1,0.0,G2_EDGE,edge=52.9 < thr=60.0,-1,0.0,0.0,
ETH/USDT,1756,2026-05-22 01:00:00,short,0.52592,49.87,60.0,2135.88,13.775714,low_low_flat,False,True,False,False,False,0.0,0.0,50.0,0.0,0.0,0.0,0.0,0.0,50.0,0.0,0.0,-1,0.0,G2_EDGE,edge=49.9 < thr=60.0,-1,0.0,0.0,
ETH/USDT,1757,2026-05-22 02:00:00,short,0.53098,58.03,60.0,2137.98,13.613571,low_low_flat,False,True,False,False,False,0.0,0.0,50.0,0.0,0.0,0.0,0.0,0.0,50.0,0.0,0.0,-1,0.0,G2_EDGE,edge=58.0 < thr=60.0,-1,0.0,0.0,
ETH/USDT,1758,2026-05-22 03:00:00,short,0.53894,58.21,60.0,2137.88,12.696429,low_low_flat,False,True,False,False,False,0.0,0.0,50.0,0.0,0.0,0.0,0.0,0.0,50.0,0.0,0.0,-1,0.0,G2_EDGE,edge=58.2 < thr=60.0,-1,0.0,0.0,
ETH/USDT,1759,2026-05-22 04:00:00,short,0.52188,49.96,60.0,2134.0,12.258571,low_low_flat,False,True,False,False,False,0.0,0.0,50.0,0.0,0.0,0.0,0.0,0.0,50.0,0.0,0.0,-1,0.0,G2_EDGE,edge=50.0 < thr=60.0,-1,0.0,0.0,
ETH/USDT,1760,2026-05-22 05:00:00,short,0.51461,53.86,60.0,2129.21,11.540714,low_low_flat,False,True,False,False,False,0.0,0.0,50.0,0.0,0.0,0.0,0.0,0.0,50.0,0.0,0.0,-1,0.0,G2_EDGE,edge=53.9 < thr=60.0,-1,0.0,0.0,
ETH/USDT,1761,2026-05-22 06:00:00,short,0.52771,58.39,60.0,2125.68,11.045714,low_low_flat,False,True,False,False,False,0.0,0.0,50.0,0.0,0.0,0.0,0.0,0.0,50.0,0.0,0.0,-1,0.0,G2_EDGE,edge=58.4 < thr=60.0,-1,0.0,0.0,
ETH/USDT,1762,2026-05-22 07:00:00,short,0.54951,59.75,60.0,2128.7,9.814286,low_low_flat,False,True,False,False,False,0.0,0.0,50.0,0.0,0.0,0.0,0.0,0.0,50.0,0.0,0.0,-1,0.0,G2_EDGE,edge=59.7 < thr=60.0,-1,0.0,0.0,
ETH/USDT,1763,2026-05-22 08:00:00,long,0.51634,58.33,60.0,2122.3,8.899286,low_low_flat,False,True,False,False,False,0.0,0.0,50.0,0.0,0.0,0.0,0.0,0.0,50.0,0.0,0.0,-1,0.0,G2_EDGE,reg.buy_ok=False  regime='low_low_flat',-1,0.0,0.0,
ETH/USDT,1764,2026-05-22 09:00:00,long,0.51295,72.53,60.0,2123.98,7.953571,low_low_flat,False,True,False,False,False,0.0,0.0,50.0,0.0,0.0,0.0,0.0,0.0,50.0,0.0,0.0,-1,0.0,G2_EDGE,reg.buy_ok=False  regime='low_low_flat',-1,0.0,0.0,
ETH/USDT,1765,2026-05-22 10:00:00,long,0.51107,69.41,60.0,2123.0,7.829286,low_low_flat,False,True,False,False,False,0.0,0.0,50.0,0.0,0.0,0.0,0.0,0.0,50.0,0.0,0.0,-1,0.0,G2_EDGE,reg.buy_ok=False  regime='low_low_flat',-1,0.0,0.0,
ETH/USDT,1766,2026-05-22 11:00:00,long,0.50475,75.85,60.0,2130.78,8.123571,low_low_up,False,True,False,False,False,0.0,0.0,50.0,0.0,0.0,0.0,0.0,0.0,50.0,0.0,0.0,-1,0.0,G2_EDGE,reg.buy_ok=False  regime='low_low_up',-1,0.0,0.0,
ETH/USDT,1767,2026-05-22 12:00:00,short,0.51605,75.45,60.0,2134.99,8.327143,low_low_up,False,True,False,True,True,0.0,0.234960772623223,73.3625819703323,0.0,-0.002076,0.006,0.0,0.0,50.0,0.0,0.0,-1,0.0,G4_EV,ev=-0.00208 <= floor=0.00600  meta_conf=0.5161,-1,0.0,0.0,
ETH/USDT,1768,2026-05-22 13:00:00,long,0.51259,80.73,60.0,2130.23,8.487143,low_low_flat,False,True,False,False,False,0.0,0.0,50.0,0.0,0.0,0.0,0.0,0.0,50.0,0.0,0.0,-1,0.0,G2_EDGE,reg.buy_ok=False  regime='low_low_flat',-1,0.0,0.0,
ETH/USDT,1769,2026-05-22 14:00:00,long,0.54051,100.0,60.0,2116.94,9.34,low_low_flat,False,True,False,False,False,0.0,0.0,50.0,0.0,0.0,0.0,0.0,0.0,50.0,0.0,0.0,-1,0.0,G2_EDGE,reg.buy_ok=False  regime='low_low_flat',-1,0.0,0.0,
ETH/USDT,1770,2026-05-22 15:00:00,long,0.51115,82.65,60.0,2119.48,9.461429,low_low_flat,False,True,False,False,False,0.0,0.0,50.0,0.0,0.0,0.0,0.0,0.0,50.0,0.0,0.0,-1,0.0,G2_EDGE,reg.buy_ok=False  regime='low_low_flat',-1,0.0,0.0,
ETH/USDT,1771,2026-05-22 16:00:00,long,0.51776,70.74,60.0,2122.78,9.486429,low_low_flat,False,True,False,False,False,0.0,0.0,50.0,0.0,0.0,0.0,0.0,0.0,50.0,0.0,0.0,-1,0.0,G2_EDGE,reg.buy_ok=False  regime='low_low_flat',-1,0.0,0.0,
ETH/USDT,1772,2026-05-22 17:00:00,long,0.50423,82.42,60.0,2119.6,9.805714,low_low_flat,False,True,False,False,False,0.0,0.0,50.0,0.0,0.0,0.0,0.0,0.0,50.0,0.0,0.0,-1,0.0,G2_EDGE,reg.buy_ok=False  regime='low_low_flat',-1,0.0,0.0,
ETH/USDT,1773,2026-05-22 18:00:00,long,0.53057,100.0,60.0,2099.99,11.825714,low_low_flat,False,True,False,False,False,0.0,0.0,50.0,0.0,0.0,0.0,0.0,0.0,50.0,0.0,0.0,-1,0.0,G2_EDGE,reg.buy_ok=False  regime='low_low_flat',-1,0.0,0.0,
ETH/USDT,1774,2026-05-22 19:00:00,short,0.50542,85.48,60.0,2065.54,14.435714,low_med_down,False,True,False,False,True,0.0,-0.7526624036533732,19.78074398570197,-1.0,-0.000753,0.006,0.0,0.0,50.0,0.0,0.0,-1,0.0,G4_EV,ev=-0.00075 <= floor=0.00600  meta_conf=0.5054,-1,0.0,0.0,
ETH/USDT,1775,2026-05-22 20:00:00,short,0.52639,66.92,60.0,2073.4,14.980714,low_med_down,False,True,False,False,True,0.0,-0.6203177122396357,20.870757353984512,0.0,-0.000234,0.006,0.0,0.0,50.0,0.0,0.0,-1,0.0,G4_EV,ev=-0.00023 <= floor=0.00600  meta_conf=0.5264,-1,0.0,0.0,
ETH/USDT,1776,2026-05-22 21:00:00,short,0.53981,62.73,60.0,2078.18,14.806429,low_med_down,False,True,False,False,True,0.0,-0.5946788434685722,22.2099575820379,0.0,-2.8e-05,0.006,0.0,0.0,50.0,0.0,0.0,-1,0.0,G4_EV,ev=-0.00003 <= floor=0.00600  meta_conf=0.5398,-1,0.0,0.0,
ETH/USDT,1777,2026-05-22 22:00:00,short,0.53196,64.85,60.0,2072.71,14.78,low_med_down,False,True,False,False,True,0.0,-0.6885924102696276,23.729111945662023,0.0,-0.000176,0.006,0.0,0.0,50.0,0.0,0.0,-1,0.0,G4_EV,ev=-0.00018 <= floor=0.00600  meta_conf=0.5320,-1,0.0,0.0,
ETH/USDT,1778,2026-05-22 23:00:00,short,0.54357,67.46,60.0,2065.85,15.736429,low_med_down,False,True,False,False,True,0.0,-0.7003007667355684,25.550998408190612,0.0,0.000324,0.006,0.0,0.0,50.0,0.0,0.0,-1,0.0,G4_EV,ev=0.00032 <= floor=0.00600  meta_conf=0.5436,-1,0.0,0.0,
ETH/USDT,1779,2026-05-23 00:00:00,short,0.52351,72.25,60.0,2064.63,16.666429,low_med_down,False,True,False,False,True,0.0,-0.6883005529269937,25.422666977039334,0.0,0.000145,0.006,0.0,0.0,50.0,0.0,0.0,-1,0.0,G4_EV,ev=0.00014 <= floor=0.00600  meta_conf=0.5235,-1,0.0,0.0,
ETH/USDT,1780,2026-05-23 01:00:00,short,0.58346,63.02,60.0,2068.93,16.405,low_med_down,False,True,False,False,True,0.0,-0.5404979380479648,27.26455508169218,0.0,0.001355,0.006,0.0,0.0,50.0,0.0,0.0,-1,0.0,G4_EV,ev=0.00136 <= floor=0.00600  meta_conf=0.5835,-1,0.0,0.0,
ETH/USDT,1781,2026-05-23 02:00:00,short,0.60382,62.48,60.0,2068.52,16.175,low_med_down,False,True,False,False,True,0.0,-0.5998819027000651,29.94762474967828,0.0,0.001711,0.006,0.0,0.0,50.0,0.0,0.0,-1,0.0,G4_EV,ev=0.00171 <= floor=0.00600  meta_conf=0.6038,-1,0.0,0.0,
ETH/USDT,1782,2026-05-23 03:00:00,short,0.6101,62.23,60.0,2070.78,15.607143,low_med_down,False,True,False,False,True,0.0,-0.527014408103096,34.01461227096976,0.0,0.001632,0.006,0.0,0.0,50.0,0.0,0.0,-1,0.0,G4_EV,ev=0.00163 <= floor=0.00600  meta_conf=0.6101,-1,0.0,0.0,
ETH/USDT,1783,2026-05-23 04:00:00,short,0.59508,62.36,60.0,2067.3,14.749286,low_med_down,False,True,False,False,True,0.0,-0.6235404211957662,35.194048824672024,0.0,0.001042,0.006,0.0,0.0,50.0,0.0,0.0,-1,0.0,G4_EV,ev=0.00104 <= floor=0.00600  meta_conf=0.5951,-1,0.0,0.0,
ETH/USDT,1784,2026-05-23 05:00:00,short,0.53812,63.67,60.0,2064.85,14.255,low_low_down,True,True,False,False,True,0.0,-0.6187481122066891,36.11463524144946,0.0,-0.000183,0.006,0.0,0.0,50.0,0.0,0.0,-1,0.0,G4_EV,ev=-0.00018 <= floor=0.00600  meta_conf=0.5381,-1,0.0,0.0,
ETH/USDT,1785,2026-05-23 06:00:00,short,0.54503,62.61,60.0,2061.69,14.198571,low_low_down,True,True,False,False,True,0.0,-0.6305227570714257,36.99829516898754,0.0,-6.4e-05,0.006,0.0,0.0,50.0,0.0,0.0,-1,0.0,G4_EV,ev=-0.00006 <= floor=0.00600  meta_conf=0.5450,-1,0.0,0.0,
ETH/USDT,1786,2026-05-23 07:00:00,short,0.51911,86.35,60.0,2028.59,17.283571,med_med_down,False,True,False,False,True,0.0,-0.7371149030553044,24.07038943124242,-1.0,0.000274,0.006,0.0,0.0,50.0,0.0,0.0,-1,0.0,G4_EV,ev=0.00027 <= floor=0.00600  meta_conf=0.5191,-1,0.0,0.0,
ETH/USDT,1787,2026-05-23 08:00:00,short,0.60445,68.08,60.0,2030.32,15.424286,med_med_down,False,True,False,False,True,0.0,-0.5989407437845748,31.519308686609502,0.0,0.001561,0.006,0.0,0.0,50.0,0.0,0.0,-1,0.0,G4_EV,ev=0.00156 <= floor=0.00600  meta_conf=0.6045,-1,0.0,0.0,
ETH/USDT,1788,2026-05-23 09:00:00,short,0.61043,64.93,60.0,2027.29,12.481429,med_low_down,False,True,False,False,True,0.0,-0.7023383820459395,42.1073880734768,0.0,0.000606,0.006,0.0,0.0,50.0,0.0,0.0,-1,0.0,G4_EV,ev=0.00061 <= floor=0.00600  meta_conf=0.6104,-1,0.0,0.0,
ETH/USDT,1789,2026-05-23 10:00:00,short,0.59131,62.9,60.0,2031.57,11.92,med_low_down,False,True,False,False,True,0.0,-0.5702151613347971,41.560363453928865,0.0,8.7e-05,0.006,0.0,0.0,50.0,0.0,0.0,-1,0.0,G4_EV,ev=0.00009 <= floor=0.00600  meta_conf=0.5913,-1,0.0,0.0,
ETH/USDT,1790,2026-05-23 11:00:00,short,0.61346,65.02,60.0,2031.48,11.712857,med_low_down,False,True,False,False,True,0.0,-0.6191843154516411,41.00471452530369,0.0,0.000361,0.006,0.0,0.0,50.0,0.0,0.0,-1,0.0,G4_EV,ev=0.00036 <= floor=0.00600  meta_conf=0.6135,-1,0.0,0.0,
ETH/USDT,1791,2026-05-23 12:00:00,short,0.6101,64.58,60.0,2031.07,11.119286,med_low_down,False,True,False,False,True,0.0,-0.6202841993366413,41.61302783183371,0.0,9.1e-05,0.006,0.0,0.0,50.0,0.0,0.0,-1,0.0,G4_EV,ev=0.00009 <= floor=0.00600  meta_conf=0.6101,-1,0.0,0.0,
ETH/USDT,1792,2026-05-23 13:00:00,short,0.53728,83.43,60.0,2044.89,10.803571,med_low_down,False,True,False,False,False,0.0,-0.36430887664229916,43.72565232158252,0.0,-0.001091,0.006,0.0,0.0,50.0,0.0,0.0,-1,0.0,G4_EV,ev=-0.00109 <= floor=0.00600  meta_conf=0.5373,-1,0.0,0.0,
ETH/USDT,1793,2026-05-23 14:00:00,short,0.54065,79.76,60.0,2061.64,11.274286,med_low_down,False,True,False,False,False,0.0,-0.00841933097281445,42.683693702722415,0.0,-0.000939,0.006,0.0,0.0,50.0,0.0,0.0,-1,0.0,G4_EV,ev=-0.00094 <= floor=0.00600  meta_conf=0.5406,-1,0.0,0.0,
ETH/USDT,1794,2026-05-23 15:00:00,short,0.50723,79.0,60.0,2060.27,11.685714,med_low_down,False,True,False,False,False,0.0,-0.10589365796740167,41.74763453529884,0.0,-0.001337,0.006,0.0,0.0,50.0,0.0,0.0,-1,0.0,G4_EV,ev=-0.00134 <= floor=0.00600  meta_conf=0.5072,-1,0.0,0.0,
ETH/USDT,1795,2026-05-23 16:00:00,short,0.51608,75.95,60.0,2061.65,11.848571,med_low_down,False,True,False,False,False,0.0,-0.01154033965699399,40.86869504283039,0.0,-0.001164,0.006,0.0,0.0,50.0,0.0,0.0,-1,0.0,G4_EV,ev=-0.00116 <= floor=0.00600  meta_conf=0.5161,-1,0.0,0.0,
ETH/USDT,1796,2026-05-23 17:00:00,short,0.52592,74.38,60.0,2063.98,12.048571,med_low_down,False,True,False,False,False,0.0,0.12399244644141764,40.622857057516235,0.0,-0.000965,0.006,0.0,0.0,50.0,0.0,0.0,-1,0.0,G4_EV,ev=-0.00096 <= floor=0.00600  meta_conf=0.5259,-1,0.0,0.0,
ETH/USDT,1797,2026-05-23 18:00:00,short,0.50144,75.83,60.0,2074.27,13.067143,med_low_flat,True,False,False,False,False,0.0,0.0,50.0,0.0,0.0,0.0,0.0,0.0,50.0,0.0,0.0,-1,0.0,G2_EDGE,reg.sell_ok=False  regime='med_low_flat',-1,0.0,0.0,
ETH/USDT,1798,2026-05-23 19:00:00,long,0.50947,72.69,60.0,2077.33,13.427143,low_low_flat,False,True,False,False,False,0.0,0.0,50.0,0.0,0.0,0.0,0.0,0.0,50.0,0.0,0.0,-1,0.0,G2_EDGE,reg.buy_ok=False  regime='low_low_flat',-1,0.0,0.0,
ETH/USDT,1799,2026-05-23 20:00:00,short,0.56681,100.0,60.0,2146.3,18.217143,med_med_up,False,True,False,True,False,0.0,0.71811007476381,10.634506329163003,1.0,0.00135,0.006,0.0,0.0,50.0,0.0,0.0,-1,0.0,G4_EV,ev=0.00135 <= floor=0.00600  meta_conf=0.5668,-1,0.0,0.0,
ETH/USDT,1800,2026-05-23 21:00:00,short,0.53256,89.63,60.0,2116.84,17.497143,med_med_up,False,True,False,True,False,0.0,0.5130626781718944,13.187176616668568,0.0,0.000446,0.006,0.0,0.0,50.0,0.0,0.0,-1,0.0,G4_EV,ev=0.00045 <= floor=0.00600  meta_conf=0.5326,-1,0.0,0.0,
ETH/USDT,1801,2026-05-23 22:00:00,short,0.57932,73.9,60.0,2116.83,17.968571,med_med_up,False,True,False,False,False,0.0,0.5438439273057211,15.527428956280483,0.0,0.001638,0.006,0.0,0.0,50.0,0.0,0.0,-1,0.0,G4_EV,ev=0.00164 <= floor=0.00600  meta_conf=0.5793,-1,0.0,0.0,
ETH/USDT,1802,2026-05-23 23:00:00,short,0.56817,71.39,60.0,2117.68,18.22,med_med_up,False,True,False,False,False,0.0,0.6067568634024725,16.687605381641756,0.0,0.001455,0.006,0.0,0.0,50.0,0.0,0.0,-1,0.0,G4_EV,ev=0.00146 <= floor=0.00600  meta_conf=0.5682,-1,0.0,0.0,
ETH/USDT,1803,2026-05-24 00:00:00,short,0.57218,81.62,60.0,2119.45,18.342857,med_med_up,False,True,False,True,False,0.0,0.5770502746259358,18.01620668921845,0.0,0.001581,0.006,0.0,0.0,50.0,0.0,0.0,-1,0.0,G4_EV,ev=0.00158 <= floor=0.00600  meta_conf=0.5722,-1,0.0,0.0,
ETH/USDT,1804,2026-05-24 01:00:00,short,0.57516,82.42,60.0,2122.56,18.487857,med_med_up,False,True,False,True,False,0.0,0.5866807489974697,19.295961451229672,0.0,0.001687,0.006,0.0,0.0,50.0,0.0,0.0,-1,0.0,G4_EV,ev=0.00169 <= floor=0.00600  meta_conf=0.5752,-1,0.0,0.0,
ETH/USDT,1805,2026-05-24 02:00:00,short,0.58328,83.87,60.0,2122.53,18.661429,med_med_up,False,True,False,True,False,0.0,0.49960867430355504,21.839116176844836,0.0,0.001933,0.006,0.0,0.0,50.0,0.0,0.0,-1,0.0,G4_EV,ev=0.00193 <= floor=0.00600  meta_conf=0.5833,-1,0.0,0.0,
ETH/USDT,1806,2026-05-24 03:00:00,short,0.61981,85.14,60.0,2119.04,18.340714,med_med_up,False,True,False,True,False,0.0,0.44372363123711217,26.51259310250831,0.0,0.002695,0.006,0.0,0.0,50.0,0.0,0.0,-1,0.0,G4_EV,ev=0.00269 <= floor=0.00600  meta_conf=0.6198,-1,0.0,0.0,
ETH/USDT,1807,2026-05-24 04:00:00,short,0.63323,83.18,60.0,2120.21,16.956429,med_med_up,False,True,False,True,False,0.0,0.5412599572353032,32.92105069002675,0.0,0.002476,0.006,0.0,0.0,50.0,0.0,0.0,-1,0.0,G4_EV,ev=0.00248 <= floor=0.00600  meta_conf=0.6332,-1,0.0,0.0,
ETH/USDT,1808,2026-05-24 05:00:00,short,0.59209,84.45,60.0,2119.98,16.58,med_med_up,False,True,False,True,False,0.0,0.4656216349940527,34.377693216518814,0.0,0.001464,0.006,0.0,0.0,50.0,0.0,0.0,-1,0.0,G4_EV,ev=0.00146 <= floor=0.00600  meta_conf=0.5921,-1,0.0,0.0,
ETH/USDT,1809,2026-05-24 06:00:00,short,0.60125,84.85,60.0,2128.13,16.907143,med_med_up,False,True,False,True,False,0.0,0.5801467869132605,36.04225991715444,0.0,0.001747,0.006,0.0,0.0,50.0,0.0,0.0,-1,0.0,G4_EV,ev=0.00175 <= floor=0.00600  meta_conf=0.6012,-1,0.0,0.0,
ETH/USDT,1810,2026-05-24 07:00:00,short,0.62056,84.2,60.0,2121.01,17.172143,med_med_up,False,True,False,True,False,0.0,0.4523257514970795,38.771786719526034,0.0,0.002279,0.006,0.0,0.0,50.0,0.0,0.0,-1,0.0,G4_EV,ev=0.00228 <= floor=0.00600  meta_conf=0.6206,-1,0.0,0.0,
ETH/USDT,1811,2026-05-24 08:00:00,short,0.60853,83.29,60.0,2120.32,16.035,med_med_up,False,True,False,True,False,0.0,0.42960528061697995,42.02799758585381,0.0,0.001619,0.006,0.0,0.0,50.0,0.0,0.0,-1,0.0,G4_EV,ev=0.00162 <= floor=0.00600  meta_conf=0.6085,-1,0.0,0.0,
ETH/USDT,1812,2026-05-24 09:00:00,short,0.61974,84.15,60.0,2123.41,15.619286,med_med_up,False,True,False,True,False,0.0,0.44737328047299135,44.801142245327206,0.0,0.001688,0.006,0.0,0.0,50.0,0.0,0.0,-1,0.0,G4_EV,ev=0.00169 <= floor=0.00600  meta_conf=0.6197,-1,0.0,0.0,
ETH/USDT,1813,2026-05-24 10:00:00,short,0.56003,84.99,60.0,2122.35,11.376429,med_low_up,False,True,False,True,False,0.0,0.2533988960757261,61.25116711630256,0.0,-0.000719,0.006,0.0,0.0,50.0,0.0,0.0,-1,0.0,G4_EV,ev=-0.00072 <= floor=0.00600  meta_conf=0.5600,-1,0.0,0.0,
ETH/USDT,1814,2026-05-24 11:00:00,short,0.57843,82.03,60.0,2126.18,8.655714,med_low_up,False,True,False,True,False,0.0,0.45014004894356546,77.72028049697614,0.0,-0.001306,0.006,0.0,0.0,50.0,0.0,0.0,-1,0.0,G4_EV,ev=-0.00131 <= floor=0.00600  meta_conf=0.5784,-1,0.0,0.0,
ETH/USDT,1815,2026-05-24 12:00:00,short,0.54343,83.09,60.0,2119.97,8.057857,med_low_up,False,True,False,True,False,0.0,0.30878026836294864,92.6244796070857,0.0,-0.001844,0.006,0.0,0.0,50.0,0.0,0.0,-1,0.0,G4_EV,ev=-0.00184 <= floor=0.00600  meta_conf=0.5434,-1,0.0,0.0,
ETH/USDT,1816,2026-05-24 13:00:00,short,0.52064,78.93,60.0,2110.14,8.617857,low_low_up,False,True,False,False,False,0.0,-0.13400546176787032,78.61661303813808,0.0,-0.001935,0.006,0.0,0.0,50.0,0.0,0.0,-1,0.0,G4_EV,ev=-0.00193 <= floor=0.00600  meta_conf=0.5206,-1,0.0,0.0,
ETH/USDT,1817,2026-05-24 14:00:00,long,0.52494,80.33,60.0,2097.98,10.375,med_low_up,False,True,False,False,False,0.0,0.0,50.0,0.0,0.0,0.0,0.0,0.0,50.0,0.0,0.0,-1,0.0,G2_EDGE,reg.buy_ok=False  regime='med_low_up',-1,0.0,0.0,
ETH/USDT,1818,2026-05-24 15:00:00,short,0.5079,68.59,60.0,2095.84,10.279286,med_low_up,False,True,False,False,False,0.0,-0.41089090346985746,49.36895324488201,0.0,-0.001688,0.006,0.0,0.0,50.0,0.0,0.0,-1,0.0,G4_EV,ev=-0.00169 <= floor=0.00600  meta_conf=0.5079,-1,0.0,0.0,
ETH/USDT,1819,2026-05-24 16:00:00,short,0.5045,79.11,60.0,2103.62,10.752857,med_low_up,False,True,False,False,False,0.0,-0.32381326430162893,47.78883130648605,0.0,-0.001638,0.006,0.0,0.0,50.0,0.0,0.0,-1,0.0,G4_EV,ev=-0.00164 <= floor=0.00600  meta_conf=0.5045,-1,0.0,0.0,
ETH/USDT,1820,2026-05-24 17:00:00,short,0.50866,76.78,60.0,2102.88,10.377143,low_low_up,False,True,False,False,False,0.0,-0.391229585714095,46.128217500371385,0.0,-0.001664,0.006,0.0,0.0,50.0,0.0,0.0,-1,0.0,G4_EV,ev=-0.00166 <= floor=0.00600  meta_conf=0.5087,-1,0.0,0.0,
ETH/USDT,1821,2026-05-24 18:00:00,short,0.50656,77.57,60.0,2099.97,10.531429,low_low_up,False,True,False,False,False,0.0,-0.4393024093792981,44.73328116959072,0.0,-0.001654,0.006,0.0,0.0,50.0,0.0,0.0,-1,0.0,G4_EV,ev=-0.00165 <= floor=0.00600  meta_conf=0.5066,-1,0.0,0.0,
ETH/USDT,1822,2026-05-24 19:00:00,long,0.50256,79.73,60.0,2100.87,10.424286,low_low_up,False,True,False,False,False,0.0,0.0,50.0,0.0,0.0,0.0,0.0,0.0,50.0,0.0,0.0,-1,0.0,G2_EDGE,reg.buy_ok=False  regime='low_low_up',-1,0.0,0.0,
ETH/USDT,1823,2026-05-24 20:00:00,long,0.50408,80.94,60.0,2093.15,10.300714,low_low_down,True,True,False,False,True,0.0,-0.5778053818169245,41.8002056836573,0.0,-0.001731,0.006,0.0,0.0,50.0,0.0,0.0,-1,0.0,G4_EV,ev=-0.00173 <= floor=0.00600  meta_conf=0.5041,-1,0.0,0.0,
ETH/USDT,1824,2026-05-24 21:00:00,long,0.52075,99.58,60.0,2070.59,12.11,low_low_down,True,True,False,False,True,0.0,-0.7081242277532528,30.224841269979358,-1.0,-0.00104,0.006,0.0,0.0,50.0,0.0,0.0,-1,0.0,G4_EV,ev=-0.00104 <= floor=0.00600  meta_conf=0.5208,-1,0.0,0.0,
ETH/USDT,1825,2026-05-24 22:00:00,long,0.51981,88.92,60.0,2092.37,13.892143,low_low_flat,False,True,False,False,False,0.0,0.0,50.0,0.0,0.0,0.0,0.0,0.0,50.0,0.0,0.0,-1,0.0,G2_EDGE,reg.buy_ok=False  regime='low_low_flat',-1,0.0,0.0,
ETH/USDT,1826,2026-05-24 23:00:00,long,0.52327,75.32,60.0,2099.85,14.607143,low_med_flat,False,True,False,False,False,0.0,0.0,50.0,0.0,0.0,0.0,0.0,0.0,50.0,0.0,0.0,-1,0.0,G2_EDGE,reg.buy_ok=False  regime='low_med_flat',-1,0.0,0.0,
ETH/USDT,1827,2026-05-25 00:00:00,long,0.52713,63.52,60.0,2104.95,14.388571,low_low_flat,False,True,False,False,False,0.0,0.0,50.0,0.0,0.0,0.0,0.0,0.0,50.0,0.0,0.0,-1,0.0,G2_EDGE,reg.buy_ok=False  regime='low_low_flat',-1,0.0,0.0,
ETH/USDT,1828,2026-05-25 01:00:00,long,0.52256,80.4,60.0,2094.13,15.044286,low_med_flat,False,True,False,False,False,0.0,0.0,50.0,0.0,0.0,0.0,0.0,0.0,50.0,0.0,0.0,-1,0.0,G2_EDGE,reg.buy_ok=False  regime='low_med_flat',-1,0.0,0.0,
ETH/USDT,1829,2026-05-25 02:00:00,long,0.52551,76.66,60.0,2098.35,15.748571,low_med_flat,False,True,False,False,False,0.0,0.0,50.0,0.0,0.0,0.0,0.0,0.0,50.0,0.0,0.0,-1,0.0,G2_EDGE,reg.buy_ok=False  regime='low_med_flat',-1,0.0,0.0,
ETH/USDT,1830,2026-05-25 03:00:00,long,0.51868,71.67,60.0,2095.58,15.189286,low_med_flat,False,True,False,False,False,0.0,0.0,50.0,0.0,0.0,0.0,0.0,0.0,50.0,0.0,0.0,-1,0.0,G2_EDGE,reg.buy_ok=False  regime='low_med_flat',-1,0.0,0.0,
ETH/USDT,1831,2026-05-25 04:00:00,long,0.52734,68.68,60.0,2105.83,13.966429,low_low_flat,False,True,False,False,False,0.0,0.0,50.0,0.0,0.0,0.0,0.0,0.0,50.0,0.0,0.0,-1,0.0,G2_EDGE,reg.buy_ok=False  regime='low_low_flat',-1,0.0,0.0,
ETH/USDT,1832,2026-05-25 05:00:00,long,0.52243,68.88,60.0,2108.22,14.07,low_low_flat,False,True,False,False,False,0.0,0.0,50.0,0.0,0.0,0.0,0.0,0.0,50.0,0.0,0.0,-1,0.0,G2_EDGE,reg.buy_ok=False  regime='low_low_flat',-1,0.0,0.0,
ETH/USDT,1833,2026-05-25 06:00:00,long,0.52876,74.2,60.0,2108.99,13.953571,low_low_flat,False,True,False,False,False,0.0,0.0,50.0,0.0,0.0,0.0,0.0,0.0,50.0,0.0,0.0,-1,0.0,G2_EDGE,reg.buy_ok=False  regime='low_low_flat',-1,0.0,0.0,
ETH/USDT,1834,2026-05-25 07:00:00,long,0.52629,76.83,60.0,2116.28,14.365714,low_low_flat,False,True,False,False,False,0.0,0.0,50.0,0.0,0.0,0.0,0.0,0.0,50.0,0.0,0.0,-1,0.0,G2_EDGE,reg.buy_ok=False  regime='low_low_flat',-1,0.0,0.0,
ETH/USDT,1835,2026-05-25 08:00:00,long,0.51258,69.04,60.0,2116.82,14.302143,low_low_flat,False,True,False,False,False,0.0,0.0,50.0,0.0,0.0,0.0,0.0,0.0,50.0,0.0,0.0,-1,0.0,G2_EDGE,reg.buy_ok=False  regime='low_low_flat',-1,0.0,0.0,
ETH/USDT,1836,2026-05-25 09:00:00,long,0.50506,71.72,60.0,2117.02,14.422857,low_low_flat,False,True,False,False,False,0.0,0.0,50.0,0.0,0.0,0.0,0.0,0.0,50.0,0.0,0.0,-1,0.0,G2_EDGE,reg.buy_ok=False  regime='low_low_flat',-1,0.0,0.0,
ETH/USDT,1837,2026-05-25 10:00:00,short,0.54951,79.8,60.0,2117.03,14.120714,low_low_flat,False,True,False,True,False,0.0,0.5143378105028859,44.967277470203776,0.0,-0.000107,0.006,0.0,0.0,50.0,0.0,0.0,-1,0.0,G4_EV,ev=-0.00011 <= floor=0.00600  meta_conf=0.5495,-1,0.0,0.0,
ETH/USDT,1838,2026-05-25 11:00:00,short,0.52645,83.65,60.0,2114.95,12.007143,low_low_flat,False,True,False,True,False,0.0,0.3174422067691525,49.952727196875045,0.0,-0.00104,0.006,0.0,0.0,50.0,0.0,0.0,-1,0.0,G4_EV,ev=-0.00104 <= floor=0.00600  meta_conf=0.5264,-1,0.0,0.0,
ETH/USDT,1839,2026-05-25 12:00:00,short,0.53126,80.73,60.0,2117.34,10.466429,low_low_flat,False,True,False,True,False,0.0,0.4852015692549678,68.29545107916577,0.0,-0.001358,0.006,0.0,0.0,50.0,0.0,0.0,-1,0.0,G4_EV,ev=-0.00136 <= floor=0.00600  meta_conf=0.5313,-1,0.0,0.0,
ETH/USDT,1840,2026-05-25 13:00:00,short,0.53948,80.19,60.0,2116.28,9.780714,low_low_flat,False,True,False,True,False,0.0,0.3855452084476733,68.04958589339523,0.0,-0.001428,0.006,0.0,0.0,50.0,0.0,0.0,-1,0.0,G4_EV,ev=-0.00143 <= floor=0.00600  meta_conf=0.5395,-1,0.0,0.0,
ETH/USDT,1841,2026-05-25 14:00:00,short,0.552,83.55,60.0,2128.34,10.121429,low_low_up,False,True,False,True,False,0.0,0.6903862882682444,60.51536897576035,1.0,-0.001192,0.006,0.0,0.0,50.0,0.0,0.0,-1,0.0,G4_EV,ev=-0.00119 <= floor=0.00600  meta_conf=0.5520,-1,0.0,0.0,
ETH/USDT,1842,2026-05-25 15:00:00,short,0.53309,84.87,60.0,2127.12,10.165,low_low_up,False,True,False,True,False,0.0,0.5501030896718169,52.24061971737605,0.0,-0.001423,0.006,0.0,0.0,50.0,0.0,0.0,-1,0.0,G4_EV,ev=-0.00142 <= floor=0.00600  meta_conf=0.5331,-1,0.0,0.0,
ETH/USDT,1843,2026-05-25 16:00:00,short,0.54511,80.42,60.0,2136.4,10.002143,low_low_up,False,True,False,True,False,0.0,0.7065328022974846,48.09926175378528,0.0,-0.001323,0.006,0.0,0.0,50.0,0.0,0.0,-1,0.0,G4_EV,ev=-0.00132 <= floor=0.00600  meta_conf=0.5451,-1,0.0,0.0,
ETH/USDT,1844,2026-05-25 17:00:00,short,0.54175,80.63,60.0,2128.55,10.348571,low_low_up,False,True,False,True,False,0.0,0.47555427114208065,47.04812273879854,0.0,-0.001264,0.006,0.0,0.0,50.0,0.0,0.0,-1,0.0,G4_EV,ev=-0.00126 <= floor=0.00600  meta_conf=0.5417,-1,0.0,0.0,
ETH/USDT,1845,2026-05-25 18:00:00,short,0.55133,78.13,60.0,2126.85,9.726429,low_low_up,False,True,False,True,False,0.0,0.4525806184472049,51.86149785555619,0.0,-0.001308,0.006,0.0,0.0,50.0,0.0,0.0,-1,0.0,G4_EV,ev=-0.00131 <= floor=0.00600  meta_conf=0.5513,-1,0.0,0.0,
ETH/USDT,1846,2026-05-25 19:00:00,short,0.50972,82.9,60.0,2121.43,9.940714,low_low_up,False,True,False,True,False,0.0,0.33721940164395114,50.91766539807251,0.0,-0.001768,0.006,0.0,0.0,50.0,0.0,0.0,-1,0.0,G4_EV,ev=-0.00177 <= floor=0.00600  meta_conf=0.5097,-1,0.0,0.0,
ETH/USDT,1847,2026-05-25 20:00:00,long,0.5298,79.96,60.0,2108.64,10.2,low_low_up,False,True,False,False,False,0.0,0.0,50.0,0.0,0.0,0.0,0.0,0.0,50.0,0.0,0.0,-1,0.0,G2_EDGE,reg.buy_ok=False  regime='low_low_up',-1,0.0,0.0,
ETH/USDT,1848,2026-05-25 21:00:00,long,0.50015,62.83,60.0,2110.9,9.770714,low_low_up,False,True,False,False,False,0.0,0.0,50.0,0.0,0.0,0.0,0.0,0.0,50.0,0.0,0.0,-1,0.0,G2_EDGE,reg.buy_ok=False  regime='low_low_up',-1,0.0,0.0,
ETH/USDT,1849,2026-05-25 22:00:00,long,0.53888,74.68,60.0,2103.61,10.287857,low_low_flat,False,True,False,False,False,0.0,0.0,50.0,0.0,0.0,0.0,0.0,0.0,50.0,0.0,0.0,-1,0.0,G2_EDGE,reg.buy_ok=False  regime='low_low_flat',-1,0.0,0.0,
ETH/USDT,1850,2026-05-25 23:00:00,short,0.50451,72.37,60.0,2113.01,10.523571,low_low_flat,False,True,False,True,True,0.0,-0.2070212999162605,49.78975706207181,0.0,-0.001698,0.006,0.0,0.0,50.0,0.0,0.0,-1,0.0,G4_EV,ev=-0.00170 <= floor=0.00600  meta_conf=0.5045,-1,0.0,0.0,
ETH/USDT,1851,2026-05-26 00:00:00,long,0.5465,100.0,60.0,2097.75,12.144286,low_low_flat,False,True,False,False,False,0.0,0.0,50.0,0.0,0.0,0.0,0.0,0.0,50.0,0.0,0.0,-1,0.0,G2_EDGE,reg.buy_ok=False  regime='low_low_flat',-1,0.0,0.0,
ETH/USDT,1852,2026-05-26 01:00:00,long,0.53173,82.71,60.0,2094.35,12.603571,low_low_flat,False,True,False,False,False,0.0,0.0,50.0,0.0,0.0,0.0,0.0,0.0,50.0,0.0,0.0,-1,0.0,G2_EDGE,reg.buy_ok=False  regime='low_low_flat',-1,0.0,0.0,
ETH/USDT,1853,2026-05-26 02:00:00,long,0.5297,83.68,60.0,2088.83,12.864286,low_low_flat,False,True,False,False,False,0.0,0.0,50.0,0.0,0.0,0.0,0.0,0.0,50.0,0.0,0.0,-1,0.0,G2_EDGE,reg.buy_ok=False  regime='low_low_flat',-1,0.0,0.0,
ETH/USDT,1854,2026-05-26 03:00:00,long,0.51264,78.98,60.0,2093.12,13.120714,low_low_flat,False,True,False,False,False,0.0,0.0,50.0,0.0,0.0,0.0,0.0,0.0,50.0,0.0,0.0,-1,0.0,G2_EDGE,reg.buy_ok=False  regime='low_low_flat',-1,0.0,0.0,
ETH/USDT,1855,2026-05-26 04:00:00,long,0.5148,76.85,60.0,2093.67,12.632143,low_low_flat,False,True,False,False,False,0.0,0.0,50.0,0.0,0.0,0.0,0.0,0.0,50.0,0.0,0.0,-1,0.0,G2_EDGE,reg.buy_ok=False  regime='low_low_flat',-1,0.0,0.0,
ETH/USDT,1856,2026-05-26 05:00:00,long,0.52461,81.86,60.0,2100.91,12.362143,low_low_flat,False,True,False,False,False,0.0,0.0,50.0,0.0,0.0,0.0,0.0,0.0,50.0,0.0,0.0,-1,0.0,G2_EDGE,reg.buy_ok=False  regime='low_low_flat',-1,0.0,0.0,
ETH/USDT,1857,2026-05-26 06:00:00,long,0.51495,78.79,60.0,2101.73,11.864286,low_low_flat,False,True,False,False,False,0.0,0.0,50.0,0.0,0.0,0.0,0.0,0.0,50.0,0.0,0.0,-1,0.0,G2_EDGE,reg.buy_ok=False  regime='low_low_flat',-1,0.0,0.0,
ETH/USDT,1858,2026-05-26 07:00:00,long,0.52801,86.03,60.0,2095.61,11.842857,low_low_flat,False,True,False,False,False,0.0,0.0,50.0,0.0,0.0,0.0,0.0,0.0,50.0,0.0,0.0,-1,0.0,G2_EDGE,reg.buy_ok=False  regime='low_low_flat',-1,0.0,0.0,
ETH/USDT,1859,2026-05-26 08:00:00,long,0.51407,78.97,60.0,2097.25,11.688571,low_low_flat,False,True,False,False,False,0.0,0.0,50.0,0.0,0.0,0.0,0.0,0.0,50.0,0.0,0.0,-1,0.0,G2_EDGE,reg.buy_ok=False  regime='low_low_flat',-1,0.0,0.0,
ETH/USDT,1860,2026-05-26 09:00:00,short,0.50132,69.92,60.0,2096.81,11.346429,low_low_flat,False,True,False,False,True,0.0,-0.533843668253604,54.602963467206166,0.0,-0.001546,0.006,0.0,0.0,50.0,0.0,0.0,-1,0.0,G4_EV,ev=-0.00155 <= floor=0.00600  meta_conf=0.5013,-1,0.0,0.0,
ETH/USDT,1861,2026-05-26 10:00:00,short,0.51331,100.0,60.0,2127.56,13.295,low_low_flat,False,True,False,True,False,0.0,0.3177512873962095,43.50529533974359,0.0,-0.000963,0.006,0.0,0.0,50.0,0.0,0.0,-1,0.0,G4_EV,ev=-0.00096 <= floor=0.00600  meta_conf=0.5133,-1,0.0,0.0,
ETH/USDT,1862,2026-05-26 11:00:00,long,0.50076,74.55,60.0,2121.01,13.792143,low_low_flat,False,True,False,False,False,0.0,0.0,50.0,0.0,0.0,0.0,0.0,0.0,50.0,0.0,0.0,-1,0.0,G2_EDGE,reg.buy_ok=False  regime='low_low_flat',-1,0.0,0.0,
ETH/USDT,1863,2026-05-26 12:00:00,long,0.50111,79.36,60.0,2126.2,13.977143,low_low_flat,False,True,False,False,False,0.0,0.0,50.0,0.0,0.0,0.0,0.0,0.0,50.0,0.0,0.0,-1,0.0,G2_EDGE,reg.buy_ok=False  regime='low_low_flat',-1,0.0,0.0,
ETH/USDT,1864,2026-05-26 13:00:00,long,0.51631,78.23,60.0,2125.3,14.737857,low_low_flat,False,True,False,False,False,0.0,0.0,50.0,0.0,0.0,0.0,0.0,0.0,50.0,0.0,0.0,-1,0.0,G2_EDGE,reg.buy_ok=False  regime='low_low_flat',-1,0.0,0.0,
ETH/USDT,1865,2026-05-26 14:00:00,long,0.50379,100.0,60.0,2109.29,15.136429,low_med_flat,False,True,False,False,False,0.0,0.0,50.0,0.0,0.0,0.0,0.0,0.0,50.0,0.0,0.0,-1,0.0,G2_EDGE,reg.buy_ok=False  regime='low_med_flat',-1,0.0,0.0,
ETH/USDT,1866,2026-05-26 15:00:00,short,0.52196,92.77,60.0,2087.36,16.635,low_med_down,False,True,False,False,True,0.0,-0.3925704971017495,41.64430678460856,0.0,5.9e-05,0.006,0.0,0.0,50.0,0.0,0.0,-1,0.0,G4_EV,ev=0.00006 <= floor=0.00600  meta_conf=0.5220,-1,0.0,0.0,
ETH/USDT,1867,2026-05-26 16:00:00,short,0.50449,79.09,60.0,2079.56,17.026429,low_med_down,False,True,False,False,True,0.0,-0.48859759540479525,39.38228117351929,0.0,-0.000216,0.006,0.0,0.0,50.0,0.0,0.0,-1,0.0,G4_EV,ev=-0.00022 <= floor=0.00600  meta_conf=0.5045,-1,0.0,0.0,
ETH/USDT,1868,2026-05-26 17:00:00,long,0.516,88.25,60.0,2070.84,18.416429,low_med_down,False,True,False,False,False,0.0,0.0,50.0,0.0,0.0,0.0,0.0,0.0,50.0,0.0,0.0,-1,0.0,G2_EDGE,reg.buy_ok=False  regime='low_med_down',-1,0.0,0.0,
ETH/USDT,1869,2026-05-26 18:00:00,short,0.51668,75.58,60.0,2068.59,18.900714,med_med_down,False,True,False,False,True,0.0,-0.6465255650154579,32.42499416010312,0.0,0.000523,0.006,0.0,0.0,50.0,0.0,0.0,-1,0.0,G4_EV,ev=0.00052 <= floor=0.00600  meta_conf=0.5167,-1,0.0,0.0,
ETH/USDT,1870,2026-05-26 19:00:00,short,0.52125,71.94,60.0,2074.29,18.867143,med_med_down,False,True,False,False,True,0.0,-0.5768484795780328,33.63175786422831,0.0,0.000615,0.006,0.0,0.0,50.0,0.0,0.0,-1,0.0,G4_EV,ev=0.00061 <= floor=0.00600  meta_conf=0.5212,-1,0.0,0.0,
ETH/USDT,1871,2026-05-26 20:00:00,short,0.5305,70.84,60.0,2078.35,18.491429,med_med_flat,False,True,False,False,True,0.0,-0.5552914423843781,34.82289087330932,0.0,0.000736,0.006,0.0,0.0,50.0,0.0,0.0,-1,0.0,G4_EV,ev=0.00074 <= floor=0.00600  meta_conf=0.5305,-1,0.0,0.0,
ETH/USDT,1872,2026-05-26 21:00:00,short,0.54966,52.98,60.0,2072.85,18.302143,med_med_down,False,True,False,False,False,0.0,0.0,50.0,0.0,0.0,0.0,0.0,0.0,50.0,0.0,0.0,-1,0.0,G2_EDGE,edge=53.0 < thr=60.0,-1,0.0,0.0,
ETH/USDT,1873,2026-05-26 22:00:00,short,0.56663,53.36,60.0,2068.79,18.697143,med_med_down,False,True,False,False,False,0.0,0.0,50.0,0.0,0.0,0.0,0.0,0.0,50.0,0.0,0.0,-1,0.0,G2_EDGE,edge=53.4 < thr=60.0,-1,0.0,0.0,
ETH/USDT,1874,2026-05-26 23:00:00,short,0.55885,51.67,60.0,2073.77,18.878571,med_med_down,False,True,False,False,False,0.0,0.0,50.0,0.0,0.0,0.0,0.0,0.0,50.0,0.0,0.0,-1,0.0,G2_EDGE,edge=51.7 < thr=60.0,-1,0.0,0.0,
ETH/USDT,1875,2026-05-27 00:00:00,short,0.52684,40.06,60.0,2083.36,16.55,low_med_flat,False,True,False,False,False,0.0,0.0,50.0,0.0,0.0,0.0,0.0,0.0,50.0,0.0,0.0,-1,0.0,G2_EDGE,edge=40.1 < thr=60.0,-1,0.0,0.0,
ETH/USDT,1876,2026-05-27 01:00:00,short,0.56581,41.92,60.0,2074.53,16.555,low_med_flat,False,True,False,False,False,0.0,0.0,50.0,0.0,0.0,0.0,0.0,0.0,50.0,0.0,0.0,-1,0.0,G2_EDGE,edge=41.9 < thr=60.0,-1,0.0,0.0,
ETH/USDT,1877,2026-05-27 02:00:00,short,0.5665,40.62,60.0,2076.26,15.928571,low_med_flat,False,True,False,False,False,0.0,0.0,50.0,0.0,0.0,0.0,0.0,0.0,50.0,0.0,0.0,-1,0.0,G2_EDGE,edge=40.6 < thr=60.0,-1,0.0,0.0,
ETH/USDT,1878,2026-05-27 03:00:00,short,0.55245,42.14,60.0,2070.0,15.158571,low_med_flat,False,True,False,False,False,0.0,0.0,50.0,0.0,0.0,0.0,0.0,0.0,50.0,0.0,0.0,-1,0.0,G2_EDGE,edge=42.1 < thr=60.0,-1,0.0,0.0,
ETH/USDT,1879,2026-05-27 04:00:00,short,0.54862,72.47,60.0,2072.21,13.882143,low_low_flat,False,True,False,False,True,0.0,-0.49519369131101054,54.74030422614624,0.0,-0.000106,0.006,0.0,0.0,50.0,0.0,0.0,-1,0.0,G4_EV,ev=-0.00011 <= floor=0.00600  meta_conf=0.5486,-1,0.0,0.0,
ETH/USDT,1880,2026-05-27 05:00:00,short,0.51977,67.46,60.0,2077.37,12.034286,low_low_flat,False,True,False,False,True,0.0,-0.2745958841187345,72.68458895251997,0.0,-0.001084,0.006,0.0,0.0,50.0,0.0,0.0,-1,0.0,G4_EV,ev=-0.00108 <= floor=0.00600  meta_conf=0.5198,-1,0.0,0.0,
ETH/USDT,1881,2026-05-27 06:00:00,short,0.5284,65.61,60.0,2079.62,11.317143,low_low_flat,False,True,False,False,True,0.0,-0.12172556047354258,78.56999826351604,0.0,-0.001134,0.006,0.0,0.0,50.0,0.0,0.0,-1,0.0,G4_EV,ev=-0.00113 <= floor=0.00600  meta_conf=0.5284,-1,0.0,0.0,
ETH/USDT,1882,2026-05-27 07:00:00,short,0.52357,64.32,60.0,2083.78,9.839286,low_low_flat,False,True,False,False,True,0.0,0.009217232083147373,78.80200923796258,0.0,-0.001575,0.006,0.0,0.0,50.0,0.0,0.0,-1,0.0,G4_EV,ev=-0.00157 <= floor=0.00600  meta_conf=0.5236,-1,0.0,0.0,
ETH/USDT,1883,2026-05-27 08:00:00,short,0.50432,65.93,60.0,2085.05,9.749286,med_low_flat,True,False,False,False,False,0.0,0.0,50.0,0.0,0.0,0.0,0.0,0.0,50.0,0.0,0.0,-1,0.0,G2_EDGE,reg.sell_ok=False  regime='med_low_flat',-1,0.0,0.0,
ETH/USDT,1884,2026-05-27 09:00:00,long,0.5038,84.33,60.0,2083.36,9.634286,med_low_flat,True,False,False,False,True,0.0,-0.03373534371739695,61.54725326120901,0.0,-0.001872,0.006,0.0,0.0,50.0,0.0,0.0,-1,0.0,G4_EV,ev=-0.00187 <= floor=0.00600  meta_conf=0.5038,-1,0.0,0.0,
ETH/USDT,1885,2026-05-27 10:00:00,short,0.50617,66.25,60.0,2079.5,9.907143,low_low_down,True,True,False,False,True,0.0,-0.16818570917875886,59.92649392370546,0.0,-0.001777,0.006,0.0,0.0,50.0,0.0,0.0,-1,0.0,G4_EV,ev=-0.00178 <= floor=0.00600  meta_conf=0.5062,-1,0.0,0.0,
ETH/USDT,1886,2026-05-27 11:00:00,long,0.51109,84.0,60.0,2080.55,9.698571,low_low_down,True,True,False,False,True,0.0,-0.06475287235676323,58.22941003170634,0.0,-0.001763,0.006,0.0,0.0,50.0,0.0,0.0,-1,0.0,G4_EV,ev=-0.00176 <= floor=0.00600  meta_conf=0.5111,-1,0.0,0.0,
ETH/USDT,1887,2026-05-27 12:00:00,long,0.53373,100.0,60.0,2078.76,10.628571,low_low_down,True,True,False,False,True,0.0,-0.059621597470150466,55.92397616633336,0.0,-0.001234,0.006,0.0,0.0,50.0,0.0,0.0,-1,0.0,G4_EV,ev=-0.00123 <= floor=0.00600  meta_conf=0.5337,-1,0.0,0.0,
ETH/USDT,1888,2026-05-27 13:00:00,long,0.52577,100.0,60.0,2064.53,12.101429,low_low_down,True,True,False,False,True,0.0,-0.5688984617847928,50.65475338160363,0.0,-0.000954,0.006,0.0,0.0,50.0,0.0,0.0,-1,0.0,G4_EV,ev=-0.00095 <= floor=0.00600  meta_conf=0.5258,-1,0.0,0.0,
ETH/USDT,1889,2026-05-27 14:00:00,long,0.54256,87.4,60.0,2062.62,12.57,low_low_down,True,True,False,False,True,0.0,-0.6515362080066622,49.772745922660626,0.0,-0.000557,0.006,0.0,0.0,50.0,0.0,0.0,-1,0.0,G4_EV,ev=-0.00056 <= floor=0.00600  meta_conf=0.5426,-1,0.0,0.0,
ETH/USDT,1890,2026-05-27 15:00:00,long,0.54624,70.32,60.0,2071.38,13.030714,low_low_flat,False,True,False,False,False,0.0,0.0,50.0,0.0,0.0,0.0,0.0,0.0,50.0,0.0,0.0,-1,0.0,G2_EDGE,reg.buy_ok=False  regime='low_low_flat',-1,0.0,0.0,
ETH/USDT,1891,2026-05-27 16:00:00,long,0.52694,52.39,60.0,2070.15,13.555714,low_low_flat,False,True,False,False,False,0.0,0.0,50.0,0.0,0.0,0.0,0.0,0.0,50.0,0.0,0.0,-1,0.0,G2_EDGE,reg.buy_ok=False  regime='low_low_flat',-1,0.0,0.0,
ETH/USDT,1892,2026-05-27 17:00:00,long,0.53461,68.2,60.0,2052.28,14.635714,low_med_flat,False,True,False,False,False,0.0,0.0,50.0,0.0,0.0,0.0,0.0,0.0,50.0,0.0,0.0,-1,0.0,G2_EDGE,reg.buy_ok=False  regime='low_med_flat',-1,0.0,0.0,
ETH/USDT,1893,2026-05-27 18:00:00,long,0.53258,63.35,60.0,2056.71,14.41,low_med_flat,False,True,False,False,False,0.0,0.0,50.0,0.0,0.0,0.0,0.0,0.0,50.0,0.0,0.0,-1,0.0,G2_EDGE,reg.buy_ok=False  regime='low_med_flat',-1,0.0,0.0,
ETH/USDT,1894,2026-05-27 19:00:00,long,0.52329,60.61,60.0,2057.47,14.35,low_med_flat,False,True,False,False,False,0.0,0.0,50.0,0.0,0.0,0.0,0.0,0.0,50.0,0.0,0.0,-1,0.0,G2_EDGE,reg.buy_ok=False  regime='low_med_flat',-1,0.0,0.0,
ETH/USDT,1895,2026-05-27 20:00:00,long,0.52086,60.84,60.0,2063.29,14.526429,low_med_flat,False,True,False,False,False,0.0,0.0,50.0,0.0,0.0,0.0,0.0,0.0,50.0,0.0,0.0,-1,0.0,G2_EDGE,reg.buy_ok=False  regime='low_med_flat',-1,0.0,0.0,
ETH/USDT,1896,2026-05-27 21:00:00,long,0.5192,81.37,60.0,2021.04,17.327143,low_med_down,False,True,False,False,False,0.0,0.0,50.0,0.0,0.0,0.0,0.0,0.0,50.0,0.0,0.0,-1,0.0,G2_EDGE,reg.buy_ok=False  regime='low_med_down',-1,0.0,0.0,
ETH/USDT,1897,2026-05-27 22:00:00,long,0.50038,66.6,60.0,2025.34,17.725714,low_med_down,False,True,False,False,False,0.0,0.0,50.0,0.0,0.0,0.0,0.0,0.0,50.0,0.0,0.0,-1,0.0,G2_EDGE,reg.buy_ok=False  regime='low_med_down',-1,0.0,0.0,
ETH/USDT,1898,2026-05-27 23:00:00,short,0.51885,46.61,60.0,2024.84,17.904286,low_med_down,False,True,False,False,False,0.0,0.0,50.0,0.0,0.0,0.0,0.0,0.0,50.0,0.0,0.0,-1,0.0,G2_EDGE,edge=46.6 < thr=60.0,-1,0.0,0.0,
ETH/USDT,1899,2026-05-28 00:00:00,short,0.51935,41.53,60.0,2028.23,17.909286,low_med_down,False,True,False,False,False,0.0,0.0,50.0,0.0,0.0,0.0,0.0,0.0,50.0,0.0,0.0,-1,0.0,G2_EDGE,edge=41.5 < thr=60.0,-1,0.0,0.0,
ETH/USDT,1900,2026-05-28 01:00:00,short,0.51895,45.63,60.0,2020.32,18.63,low_med_down,False,True,False,False,False,0.0,0.0,50.0,0.0,0.0,0.0,0.0,0.0,50.0,0.0,0.0,-1,0.0,G2_EDGE,edge=45.6 < thr=60.0,-1,0.0,0.0,
ETH/USDT,1901,2026-05-28 02:00:00,short,0.58216,43.56,60.0,2017.75,17.462857,low_med_down,False,True,False,False,False,0.0,0.0,50.0,0.0,0.0,0.0,0.0,0.0,50.0,0.0,0.0,-1,0.0,G2_EDGE,edge=43.6 < thr=60.0,-1,0.0,0.0,
ETH/USDT,1902,2026-05-28 03:00:00,short,0.5055,86.5,60.0,1981.55,18.911429,med_med_down,False,True,False,False,True,0.0,-0.7517913675888267,27.559698010263062,-1.0,0.000436,0.006,0.0,0.0,50.0,0.0,0.0,-1,0.0,G4_EV,ev=0.00044 <= floor=0.00600  meta_conf=0.5055,-1,0.0,0.0,
ETH/USDT,1903,2026-05-28 04:00:00,short,0.53551,70.67,60.0,1982.33,19.080714,med_med_down,False,True,False,False,True,0.0,-0.6191726137648129,26.931326399389064,0.0,0.001254,0.006,0.0,0.0,50.0,0.0,0.0,-1,0.0,G4_EV,ev=0.00125 <= floor=0.00600  meta_conf=0.5355,-1,0.0,0.0,
ETH/USDT,1904,2026-05-28 05:00:00,short,0.548,66.58,60.0,1978.52,18.321429,med_med_down,False,True,False,False,True,0.0,-0.7048977633260871,29.595162806532713,0.0,0.001367,0.006,0.0,0.0,50.0,0.0,0.0,-1,0.0,G4_EV,ev=0.00137 <= floor=0.00600  meta_conf=0.5480,-1,0.0,0.0,
ETH/USDT,1905,2026-05-28 06:00:00,short,0.58916,65.41,60.0,1984.07,18.166429,med_med_down,False,True,False,False,True,0.0,-0.5497517258746405,31.842327845600376,0.0,0.002324,0.006,0.0,0.0,50.0,0.0,0.0,-1,0.0,G4_EV,ev=0.00232 <= floor=0.00600  meta_conf=0.5892,-1,0.0,0.0,
ETH/USDT,1906,2026-05-28 07:00:00,short,0.54451,64.74,60.0,1995.56,17.32,med_med_down,False,True,False,False,True,0.0,-0.5141197078548977,33.82244135831825,0.0,0.000949,0.006,0.0,0.0,50.0,0.0,0.0,-1,0.0,G4_EV,ev=0.00095 <= floor=0.00600  meta_conf=0.5445,-1,0.0,0.0,
ETH/USDT,1907,2026-05-28 08:00:00,short,0.55997,64.03,60.0,1988.26,17.15,med_med_down,False,True,False,False,True,0.0,-0.6288498442413493,34.24897934250666,0.0,0.001278,0.006,0.0,0.0,50.0,0.0,0.0,-1,0.0,G4_EV,ev=0.00128 <= floor=0.00600  meta_conf=0.5600,-1,0.0,0.0,
ETH/USDT,1908,2026-05-28 09:00:00,short,0.54978,61.63,60.0,1994.04,17.43,med_med_down,False,True,False,False,True,0.0,-0.510938803380663,34.72278233498411,0.0,0.001108,0.006,0.0,0.0,50.0,0.0,0.0,-1,0.0,G4_EV,ev=0.00111 <= floor=0.00600  meta_conf=0.5498,-1,0.0,0.0,
ETH/USDT,1909,2026-05-28 10:00:00,short,0.54919,62.86,60.0,1990.32,17.485,med_med_down,False,True,False,False,True,0.0,-0.5741634613807071,36.273721965237456,0.0,0.00112,0.006,0.0,0.0,50.0,0.0,0.0,-1,0.0,G4_EV,ev=0.00112 <= floor=0.00600  meta_conf=0.5492,-1,0.0,0.0,
ETH/USDT,1910,2026-05-28 11:00:00,short,0.55747,71.74,60.0,1989.89,14.548571,med_med_down,False,True,False,False,True,0.0,-0.5398965756484279,49.03665188558263,0.0,0.000424,0.006,0.0,0.0,50.0,0.0,0.0,-1,0.0,G4_EV,ev=0.00042 <= floor=0.00600  meta_conf=0.5575,-1,0.0,0.0,
ETH/USDT,1911,2026-05-28 12:00:00,short,0.56646,71.35,60.0,1991.89,14.14,med_med_down,False,True,False,False,True,0.0,-0.41603301988501695,51.26473079480863,0.0,0.000468,0.006,0.0,0.0,50.0,0.0,0.0,-1,0.0,G4_EV,ev=0.00047 <= floor=0.00600  meta_conf=0.5665,-1,0.0,0.0,
ETH/USDT,1912,2026-05-28 13:00:00,short,0.56711,66.96,60.0,1981.55,14.685,med_med_down,False,True,False,False,True,0.0,-0.5395829150268024,51.36077320106303,0.0,0.000678,0.006,0.0,0.0,50.0,0.0,0.0,-1,0.0,G4_EV,ev=0.00068 <= floor=0.00600  meta_conf=0.5671,-1,0.0,0.0,
ETH/USDT,1913,2026-05-28 14:00:00,short,0.52287,79.37,60.0,1993.62,16.586429,med_med_down,False,True,False,False,True,0.0,-0.376731743054256,51.1524167338892,0.0,0.000258,0.006,0.0,0.0,50.0,0.0,0.0,-1,0.0,G4_EV,ev=0.00026 <= floor=0.00600  meta_conf=0.5229,-1,0.0,0.0,
ETH/USDT,1914,2026-05-28 15:00:00,short,0.55502,72.0,60.0,1990.65,16.519286,med_med_down,False,True,False,False,True,0.0,-0.3589197983026173,55.48605004072905,0.0,0.000967,0.006,0.0,0.0,50.0,0.0,0.0,-1,0.0,G4_EV,ev=0.00097 <= floor=0.00600  meta_conf=0.5550,-1,0.0,0.0,
ETH/USDT,1915,2026-05-28 16:00:00,short,0.54316,80.56,60.0,2013.19,18.130714,med_med_down,False,True,False,False,False,0.0,0.07901341272214324,56.30879765275232,0.0,0.001102,0.006,0.0,0.0,50.0,0.0,0.0,-1,0.0,G4_EV,ev=0.00110 <= floor=0.00600  meta_conf=0.5432,-1,0.0,0.0,
ETH/USDT,1916,2026-05-28 17:00:00,short,0.51602,74.86,60.0,2019.51,15.910714,med_med_down,False,True,False,False,False,0.0,0.3051318309392368,51.72023072131913,0.0,-0.000114,0.006,0.0,0.0,50.0,0.0,0.0,-1,0.0,G4_EV,ev=-0.00011 <= floor=0.00600  meta_conf=0.5160,-1,0.0,0.0,
ETH/USDT,1917,2026-05-28 18:00:00,short,0.51249,72.84,60.0,2025.0,15.365714,med_med_down,False,True,False,False,False,0.0,0.38704188070750256,49.58643909895215,0.0,-0.000329,0.006,0.0,0.0,50.0,0.0,0.0,-1,0.0,G4_EV,ev=-0.00033 <= floor=0.00600  meta_conf=0.5125,-1,0.0,0.0,
ETH/USDT,1918,2026-05-28 19:00:00,short,0.51269,73.08,60.0,2014.55,15.585714,med_med_down,False,True,False,False,False,0.0,0.23606679805730676,49.13649278450582,0.0,-0.000253,0.006,0.0,0.0,50.0,0.0,0.0,-1,0.0,G4_EV,ev=-0.00025 <= floor=0.00600  meta_conf=0.5127,-1,0.0,0.0,
ETH/USDT,1919,2026-05-28 20:00:00,short,0.51347,73.18,60.0,2014.11,15.675714,med_med_down,False,True,False,False,False,0.0,0.24752049088459988,48.722142891978535,0.0,-0.000215,0.006,0.0,0.0,50.0,0.0,0.0,-1,0.0,G4_EV,ev=-0.00021 <= floor=0.00600  meta_conf=0.5135,-1,0.0,0.0,
ETH/USDT,1920,2026-05-28 21:00:00,short,0.50439,72.51,60.0,2020.17,15.45,med_med_flat,False,True,False,False,False,0.0,0.35703171870039735,48.4080484160996,0.0,-0.000468,0.006,0.0,0.0,50.0,0.0,0.0,-1,0.0,G4_EV,ev=-0.00047 <= floor=0.00600  meta_conf=0.5044,-1,0.0,0.0,
ETH/USDT,1921,2026-05-28 22:00:00,short,0.51595,84.0,60.0,2005.6,15.895714,med_med_flat,False,True,False,True,False,0.0,0.11179573686832561,48.19590403699291,0.0,-9.2e-05,0.006,0.0,0.0,50.0,0.0,0.0,-1,0.0,G4_EV,ev=-0.00009 <= floor=0.00600  meta_conf=0.5160,-1,0.0,0.0,
ETH/USDT,1922,2026-05-28 23:00:00,short,0.61408,83.26,60.0,2009.9,15.588571,med_med_flat,False,True,False,True,False,0.0,0.3161942474192456,47.882285143248055,0.0,0.001879,0.006,0.0,0.0,50.0,0.0,0.0,-1,0.0,G4_EV,ev=0.00188 <= floor=0.00600  meta_conf=0.6141,-1,0.0,0.0,
ETH/USDT,1923,2026-05-29 00:00:00,short,0.60283,83.19,60.0,2012.46,15.416429,med_med_flat,False,True,False,True,False,0.0,0.35479027048577133,47.52685719277634,0.0,0.001574,0.006,0.0,0.0,50.0,0.0,0.0,-1,0.0,G4_EV,ev=0.00157 <= floor=0.00600  meta_conf=0.6028,-1,0.0,0.0,
ETH/USDT,1924,2026-05-29 01:00:00,short,0.59716,83.68,60.0,2008.23,15.729286,med_med_flat,False,True,False,True,False,0.0,0.2505953641019567,47.73013915236365,0.0,0.001579,0.006,0.0,0.0,50.0,0.0,0.0,-1,0.0,G4_EV,ev=0.00158 <= floor=0.00600  meta_conf=0.5972,-1,0.0,0.0,
ETH/USDT,1925,2026-05-29 02:00:00,short,0.56837,77.08,60.0,1999.22,15.755714,med_med_flat,False,True,False,False,False,0.0,0.1306468906270843,48.00655895034759,0.0,0.001001,0.006,0.0,0.0,50.0,0.0,0.0,-1,0.0,G4_EV,ev=0.00100 <= floor=0.00600  meta_conf=0.5684,-1,0.0,0.0,
ETH/USDT,1926,2026-05-29 03:00:00,short,0.53132,61.48,60.0,2002.78,14.969286,med_med_up,False,True,False,True,False,0.0,0.25008448823051405,48.05498722120442,0.0,-4e-06,0.006,0.0,0.0,50.0,0.0,0.0,-1,0.0,G4_EV,ev=-0.00000 <= floor=0.00600  meta_conf=0.5313,-1,0.0,0.0,
ETH/USDT,1927,2026-05-29 04:00:00,short,0.53471,62.95,60.0,2008.51,13.182857,low_low_up,False,True,False,True,False,0.0,0.2201790395359353,59.02714263692532,0.0,-0.000431,0.006,0.0,0.0,50.0,0.0,0.0,-1,0.0,G4_EV,ev=-0.00043 <= floor=0.00600  meta_conf=0.5347,-1,0.0,0.0,
ETH/USDT,1928,2026-05-29 05:00:00,short,0.5338,62.34,60.0,2014.56,12.592857,low_low_up,False,True,False,True,False,0.0,0.34414461380226047,59.492273854382546,0.0,-0.000617,0.006,0.0,0.0,50.0,0.0,0.0,-1,0.0,G4_EV,ev=-0.00062 <= floor=0.00600  meta_conf=0.5338,-1,0.0,0.0,
ETH/USDT,1929,2026-05-29 06:00:00,short,0.54837,62.73,60.0,2018.09,11.132857,low_low_up,False,True,False,True,False,0.0,0.33030966672242346,70.08327788636869,0.0,-0.000797,0.006,0.0,0.0,50.0,0.0,0.0,-1,0.0,G4_EV,ev=-0.00080 <= floor=0.00600  meta_conf=0.5484,-1,0.0,0.0,
ETH/USDT,1930,2026-05-29 07:00:00,short,0.5249,71.69,60.0,2007.62,11.023571,low_low_flat,False,True,False,True,False,0.0,-0.112915626665105,69.18343918619475,0.0,-0.00116,0.006,0.0,0.0,50.0,0.0,0.0,-1,0.0,G4_EV,ev=-0.00116 <= floor=0.00600  meta_conf=0.5249,-1,0.0,0.0,
ETH/USDT,1931,2026-05-29 08:00:00,long,0.51197,46.19,60.0,2006.11,10.787857,low_low_up,False,True,False,False,False,0.0,0.0,50.0,0.0,0.0,0.0,0.0,0.0,50.0,0.0,0.0,-1,0.0,G2_EDGE,reg.buy_ok=False  regime='low_low_up',-1,0.0,0.0,
ETH/USDT,1932,2026-05-29 09:00:00,short,0.5181,62.28,60.0,2014.85,10.718571,low_low_up,False,True,False,True,False,0.0,0.22885005272608266,74.16527159885366,0.0,-0.001346,0.006,0.0,0.0,50.0,0.0,0.0,-1,0.0,G4_EV,ev=-0.00135 <= floor=0.00600  meta_conf=0.5181,-1,0.0,0.0,
ETH/USDT,1933,2026-05-29 10:00:00,long,0.50037,42.09,60.0,2011.1,10.110714,low_low_up,False,True,False,False,False,0.0,0.0,50.0,0.0,0.0,0.0,0.0,0.0,50.0,0.0,0.0,-1,0.0,G2_EDGE,reg.buy_ok=False  regime='low_low_up',-1,0.0,0.0,
ETH/USDT,1934,2026-05-29 11:00:00,long,0.5156,42.89,60.0,2007.58,10.162857,low_low_up,False,True,False,False,False,0.0,0.0,50.0,0.0,0.0,0.0,0.0,0.0,50.0,0.0,0.0,-1,0.0,G2_EDGE,reg.buy_ok=False  regime='low_low_up',-1,0.0,0.0,
ETH/USDT,1935,2026-05-29 12:00:00,long,0.52497,54.94,60.0,1999.78,9.806429,low_low_flat,False,True,False,False,False,0.0,0.0,50.0,0.0,0.0,0.0,0.0,0.0,50.0,0.0,0.0,-1,0.0,G2_EDGE,reg.buy_ok=False  regime='low_low_flat',-1,0.0,0.0,
ETH/USDT,1936,2026-05-29 13:00:00,long,0.53377,72.0,60.0,1999.53,10.639286,low_low_up,False,True,False,False,False,0.0,0.0,50.0,0.0,0.0,0.0,0.0,0.0,50.0,0.0,0.0,-1,0.0,G2_EDGE,reg.buy_ok=False  regime='low_low_up',-1,0.0,0.0,
ETH/USDT,1937,2026-05-29 14:00:00,long,0.54113,63.64,60.0,2001.84,12.107143,low_low_flat,False,True,False,False,False,0.0,0.0,50.0,0.0,0.0,0.0,0.0,0.0,50.0,0.0,0.0,-1,0.0,G2_EDGE,reg.buy_ok=False  regime='low_low_flat',-1,0.0,0.0,
ETH/USDT,1938,2026-05-29 15:00:00,short,0.50734,83.0,60.0,2031.62,14.719286,low_med_up,False,False,False,False,False,0.0,0.0,50.0,0.0,0.0,0.0,0.0,0.0,50.0,0.0,0.0,-1,0.0,G2_EDGE,reg.sell_ok=False  regime='low_med_up',-1,0.0,0.0,
ETH/USDT,1939,2026-05-29 16:00:00,short,0.54711,67.51,60.0,2040.45,15.246429,low_med_up,False,False,False,False,False,0.0,0.0,50.0,0.0,0.0,0.0,0.0,0.0,50.0,0.0,0.0,-1,0.0,G2_EDGE,reg.sell_ok=False  regime='low_med_up',-1,0.0,0.0,
ETH/USDT,1940,2026-05-29 17:00:00,short,0.51446,66.29,60.0,2028.27,15.920714,low_med_flat,False,True,False,True,False,0.0,0.4251894502773848,33.1481808642783,0.0,-0.000161,0.006,0.0,0.0,50.0,0.0,0.0,-1,0.0,G4_EV,ev=-0.00016 <= floor=0.00600  meta_conf=0.5145,-1,0.0,0.0,
ETH/USDT,1941,2026-05-29 18:00:00,long,0.50494,63.99,60.0,2011.41,17.015,med_med_flat,False,True,False,False,False,0.0,0.0,50.0,0.0,0.0,0.0,0.0,0.0,50.0,0.0,0.0,-1,0.0,G2_EDGE,reg.buy_ok=False  regime='med_med_flat',-1,0.0,0.0,
ETH/USDT,1942,2026-05-29 19:00:00,short,0.50555,63.52,60.0,2016.96,17.722143,med_med_flat,False,True,False,True,False,0.0,0.34311471239063207,35.11563362910622,0.0,8.6e-05,0.006,0.0,0.0,50.0,0.0,0.0,-1,0.0,G4_EV,ev=0.00009 <= floor=0.00600  meta_conf=0.5056,-1,0.0,0.0,
ETH/USDT,1943,2026-05-29 20:00:00,short,0.52055,62.18,60.0,2018.17,17.686429,med_med_flat,False,True,False,True,False,0.0,0.3370707973781019,36.49241629195361,0.0,0.00043,0.006,0.0,0.0,50.0,0.0,0.0,-1,0.0,G4_EV,ev=0.00043 <= floor=0.00600  meta_conf=0.5206,-1,0.0,0.0,
ETH/USDT,1944,2026-05-29 21:00:00,short,0.50874,55.68,60.0,2009.4,17.644286,low_med_flat,False,True,False,False,False,0.0,0.0,50.0,0.0,0.0,0.0,0.0,0.0,50.0,0.0,0.0,-1,0.0,G2_EDGE,edge=55.7 < thr=60.0,-1,0.0,0.0,
ETH/USDT,1945,2026-05-29 22:00:00,short,0.53246,54.73,60.0,2013.83,17.715714,low_med_flat,False,True,False,False,False,0.0,0.0,50.0,0.0,0.0,0.0,0.0,0.0,50.0,0.0,0.0,-1,0.0,G2_EDGE,edge=54.7 < thr=60.0,-1,0.0,0.0,
ETH/USDT,1946,2026-05-29 23:00:00,short,0.52302,55.68,60.0,2014.54,17.615714,med_med_flat,False,True,False,False,False,0.0,0.0,50.0,0.0,0.0,0.0,0.0,0.0,50.0,0.0,0.0,-1,0.0,G2_EDGE,edge=55.7 < thr=60.0,-1,0.0,0.0,
ETH/USDT,1947,2026-05-30 00:00:00,short,0.52371,52.73,60.0,2014.74,17.645,low_med_flat,False,True,False,False,False,0.0,0.0,50.0,0.0,0.0,0.0,0.0,0.0,50.0,0.0,0.0,-1,0.0,G2_EDGE,edge=52.7 < thr=60.0,-1,0.0,0.0,
ETH/USDT,1948,2026-05-30 01:00:00,short,0.54922,62.59,60.0,2019.46,17.355,low_med_flat,False,True,False,True,False,0.0,0.3782647785283864,43.1316474727987,0.0,0.001009,0.006,0.0,0.0,50.0,0.0,0.0,-1,0.0,G4_EV,ev=0.00101 <= floor=0.00600  meta_conf=0.5492,-1,0.0,0.0,
ETH/USDT,1949,2026-05-30 02:00:00,short,0.52806,60.33,60.0,2021.34,16.765,low_med_up,False,False,False,False,False,0.0,0.0,50.0,0.0,0.0,0.0,0.0,0.0,50.0,0.0,0.0,-1,0.0,G2_EDGE,reg.sell_ok=False  regime='low_med_up',-1,0.0,0.0,
ETH/USDT,1950,2026-05-30 03:00:00,short,0.51786,63.48,60.0,2016.83,16.107143,low_med_flat,False,True,False,True,False,0.0,0.20374392673688052,45.22443633669081,0.0,-2.1e-05,0.006,0.0,0.0,50.0,0.0,0.0,-1,0.0,G4_EV,ev=-0.00002 <= floor=0.00600  meta_conf=0.5179,-1,0.0,0.0,
ETH/USDT,1951,2026-05-30 04:00:00,short,0.51349,57.04,60.0,2010.8,15.293571,low_med_flat,False,True,False,False,False,0.0,0.0,50.0,0.0,0.0,0.0,0.0,0.0,50.0,0.0,0.0,-1,0.0,G2_EDGE,edge=57.0 < thr=60.0,-1,0.0,0.0,
ETH/USDT,1952,2026-05-30 05:00:00,short,0.51672,54.72,60.0,2015.95,12.746429,low_low_flat,False,True,False,False,False,0.0,0.0,50.0,0.0,0.0,0.0,0.0,0.0,50.0,0.0,0.0,-1,0.0,G2_EDGE,edge=54.7 < thr=60.0,-1,0.0,0.0,
ETH/USDT,1953,2026-05-30 06:00:00,short,0.52063,64.4,60.0,2016.98,11.813571,low_low_flat,False,True,False,True,False,0.0,0.10830837213764838,64.01418183938182,0.0,-0.001038,0.006,0.0,0.0,50.0,0.0,0.0,-1,0.0,G4_EV,ev=-0.00104 <= floor=0.00600  meta_conf=0.5206,-1,0.0,0.0,
ETH/USDT,1954,2026-05-30 07:00:00,short,0.51738,52.09,60.0,2016.32,10.826429,low_low_flat,False,True,False,False,False,0.0,0.0,50.0,0.0,0.0,0.0,0.0,0.0,50.0,0.0,0.0,-1,0.0,G2_EDGE,edge=52.1 < thr=60.0,-1,0.0,0.0,
ETH/USDT,1955,2026-05-30 08:00:00,short,0.52322,52.36,60.0,2014.16,9.181429,low_low_flat,False,True,False,False,False,0.0,0.0,50.0,0.0,0.0,0.0,0.0,0.0,50.0,0.0,0.0,-1,0.0,G2_EDGE,edge=52.4 < thr=60.0,-1,0.0,0.0,
ETH/USDT,1956,2026-05-30 09:00:00,short,0.53244,80.41,60.0,2016.79,8.192143,low_low_flat,False,True,False,True,False,0.0,0.3438226589708541,84.88402091487411,0.0,-0.001816,0.006,0.0,0.0,50.0,0.0,0.0,-1,0.0,G4_EV,ev=-0.00182 <= floor=0.00600  meta_conf=0.5324,-1,0.0,0.0,
ETH/USDT,1957,2026-05-30 10:00:00,short,0.53076,82.04,60.0,2017.98,7.965,low_low_flat,False,True,False,True,False,0.0,0.3214378651803958,83.05759946960157,0.0,-0.001896,0.006,0.0,0.0,50.0,0.0,0.0,-1,0.0,G4_EV,ev=-0.00190 <= floor=0.00600  meta_conf=0.5308,-1,0.0,0.0,
ETH/USDT,1958,2026-05-30 11:00:00,long,0.50723,64.22,60.0,2017.4,7.115,low_low_flat,False,True,False,False,False,0.0,0.0,50.0,0.0,0.0,0.0,0.0,0.0,50.0,0.0,0.0,-1,0.0,G2_EDGE,reg.buy_ok=False  regime='low_low_flat',-1,0.0,0.0,
ETH/USDT,1959,2026-05-30 12:00:00,short,0.50618,78.34,60.0,2019.86,6.668571,low_low_up,False,True,False,True,False,0.0,0.42079066902348666,79.42479707115251,0.0,-0.002459,0.006,0.0,0.0,50.0,0.0,0.0,-1,0.0,G4_EV,ev=-0.00246 <= floor=0.00600  meta_conf=0.5062,-1,0.0,0.0,
ETH/USDT,1960,2026-05-30 13:00:00,short,0.51713,80.09,60.0,2020.73,6.435,low_low_up,False,True,False,True,False,0.0,0.40389621989273494,76.92734609522586,0.0,-0.00242,0.006,0.0,0.0,50.0,0.0,0.0,-1,0.0,G4_EV,ev=-0.00242 <= floor=0.00600  meta_conf=0.5171,-1,0.0,0.0,
ETH/USDT,1961,2026-05-30 14:00:00,short,0.53464,100.0,60.0,2026.6,6.757857,low_low_up,False,True,False,True,False,0.0,0.6136794533297372,63.57508756979591,0.0,-0.002188,0.006,0.0,0.0,50.0,0.0,0.0,-1,0.0,G4_EV,ev=-0.00219 <= floor=0.00600  meta_conf=0.5346,-1,0.0,0.0,
ETH/USDT,1962,2026-05-30 15:00:00,short,0.53451,75.78,60.0,2026.61,6.752143,low_low_flat,False,True,False,True,True,0.0,0.6351279319700464,59.07341773456678,0.0,-0.00219,0.006,0.0,0.0,50.0,0.0,0.0,-1,0.0,G4_EV,ev=-0.00219 <= floor=0.00600  meta_conf=0.5345,-1,0.0,0.0,
ETH/USDT,1963,2026-05-30 16:00:00,short,0.55545,68.94,60.0,2027.09,6.735,low_low_flat,False,True,False,True,True,0.0,0.6415828387907513,56.310216324740075,0.0,-0.002007,0.006,0.0,0.0,50.0,0.0,0.0,-1,0.0,G4_EV,ev=-0.00201 <= floor=0.00600  meta_conf=0.5555,-1,0.0,0.0,
ETH/USDT,1964,2026-05-30 17:00:00,short,0.55211,74.16,60.0,2027.17,6.785,low_low_flat,False,True,False,True,True,0.0,0.5834472340499528,53.54777616293779,0.0,-0.002023,0.006,0.0,0.0,50.0,0.0,0.0,-1,0.0,G4_EV,ev=-0.00202 <= floor=0.00600  meta_conf=0.5521,-1,0.0,0.0,
ETH/USDT,1965,2026-05-30 18:00:00,short,0.55133,69.82,60.0,2027.59,6.0,low_low_up,False,True,False,True,True,0.0,0.6387808262877143,59.064516136529136,0.0,-0.002258,0.006,0.0,0.0,50.0,0.0,0.0,-1,0.0,G4_EV,ev=-0.00226 <= floor=0.00600  meta_conf=0.5513,-1,0.0,0.0,
ETH/USDT,1966,2026-05-30 19:00:00,short,0.57189,68.3,60.0,2028.76,5.507143,low_low_flat,False,True,False,True,True,0.0,0.6563400980815066,65.12029994523594,0.0,-0.002252,0.006,0.0,0.0,50.0,0.0,0.0,-1,0.0,G4_EV,ev=-0.00225 <= floor=0.00600  meta_conf=0.5719,-1,0.0,0.0,
ETH/USDT,1967,2026-05-30 20:00:00,short,0.55595,72.84,60.0,2027.05,5.241429,low_low_flat,False,True,False,True,True,0.0,0.47686345976235545,64.24745553855199,0.0,-0.002446,0.006,0.0,0.0,50.0,0.0,0.0,-1,0.0,G4_EV,ev=-0.00245 <= floor=0.00600  meta_conf=0.5559,-1,0.0,0.0,
ETH/USDT,1968,2026-05-30 21:00:00,short,0.58353,69.73,60.0,2028.15,5.248571,low_low_up,False,True,False,True,True,0.0,0.5674561075267605,62.6998502728484,0.0,-0.002252,0.006,0.0,0.0,50.0,0.0,0.0,-1,0.0,G4_EV,ev=-0.00225 <= floor=0.00600  meta_conf=0.5835,-1,0.0,0.0,
ETH/USDT,1969,2026-05-30 22:00:00,long,0.5076,68.6,60.0,2023.57,5.592143,low_low_flat,False,True,False,False,False,0.0,0.0,50.0,0.0,0.0,0.0,0.0,0.0,50.0,0.0,0.0,-1,0.0,G2_EDGE,reg.buy_ok=False  regime='low_low_flat',-1,0.0,0.0,
ETH/USDT,1970,2026-05-30 23:00:00,short,0.50719,69.26,60.0,2022.44,5.763571,low_low_flat,False,True,False,True,True,0.0,0.29279139033437296,62.968655877578925,0.0,-0.002662,0.006,0.0,0.0,50.0,0.0,0.0,-1,0.0,G4_EV,ev=-0.00266 <= floor=0.00600  meta_conf=0.5072,-1,0.0,0.0,
ETH/USDT,1971,2026-05-31 00:00:00,short,0.54963,69.72,60.0,2027.12,5.859286,low_low_flat,False,True,False,True,True,0.0,0.486234861298963,62.05686306264325,0.0,-0.002312,0.006,0.0,0.0,50.0,0.0,0.0,-1,0.0,G4_EV,ev=-0.00231 <= floor=0.00600  meta_conf=0.5496,-1,0.0,0.0,
ETH/USDT,1972,2026-05-31 01:00:00,short,0.53227,72.67,60.0,2029.11,6.110714,low_low_flat,False,True,False,True,True,0.0,0.5871140294149519,60.98818405531488,0.0,-0.002382,0.006,0.0,0.0,50.0,0.0,0.0,-1,0.0,G4_EV,ev=-0.00238 <= floor=0.00600  meta_conf=0.5323,-1,0.0,0.0,
ETH/USDT,1973,2026-05-31 02:00:00,long,0.50035,81.4,60.0,2034.36,6.609286,low_low_flat,False,True,False,False,False,0.0,0.0,50.0,0.0,0.0,0.0,0.0,0.0,50.0,0.0,0.0,-1,0.0,G2_EDGE,reg.buy_ok=False  regime='low_low_flat',-1,0.0,0.0,
ETH/USDT,1974,2026-05-31 03:00:00,short,0.53174,79.89,60.0,2033.41,6.568571,low_low_up,False,True,False,True,False,0.0,0.5256526644852563,58.01711063742989,0.0,-0.002269,0.006,0.0,0.0,50.0,0.0,0.0,-1,0.0,G4_EV,ev=-0.00227 <= floor=0.00600  meta_conf=0.5317,-1,0.0,0.0,
ETH/USDT,1975,2026-05-31 04:00:00,short,0.55617,77.44,60.0,2033.91,6.119286,low_low_up,False,True,False,True,False,0.0,0.5993867915436696,57.73314561780269,0.0,-0.00219,0.006,0.0,0.0,50.0,0.0,0.0,-1,0.0,G4_EV,ev=-0.00219 <= floor=0.00600  meta_conf=0.5562,-1,0.0,0.0,
ETH/USDT,1976,2026-05-31 05:00:00,short,0.54448,70.31,60.0,2030.18,5.892143,low_low_up,False,True,False,True,True,0.0,0.442484166409233,57.34731980202309,0.0,-0.002345,0.006,0.0,0.0,50.0,0.0,0.0,-1,0.0,G4_EV,ev=-0.00235 <= floor=0.00600  meta_conf=0.5445,-1,0.0,0.0,
ETH/USDT,1977,2026-05-31 06:00:00,short,0.54462,69.97,60.0,2029.87,5.78,low_low_flat,False,True,False,True,True,0.0,0.44721216100806593,56.914219299529755,0.0,-0.002376,0.006,0.0,0.0,50.0,0.0,0.0,-1,0.0,G4_EV,ev=-0.00238 <= floor=0.00600  meta_conf=0.5446,-1,0.0,0.0,
ETH/USDT,1978,2026-05-31 07:00:00,short,0.51246,75.93,60.0,2024.01,5.607143,low_low_flat,False,True,False,True,True,0.0,0.009578783262058039,58.155405292824,0.0,-0.00266,0.006,0.0,0.0,50.0,0.0,0.0,-1,0.0,G4_EV,ev=-0.00266 <= floor=0.00600  meta_conf=0.5125,-1,0.0,0.0,
ETH/USDT,1979,2026-05-31 08:00:00,long,0.50009,83.97,60.0,2027.63,5.665,low_low_flat,False,True,False,False,False,0.0,0.0,50.0,0.0,0.0,0.0,0.0,0.0,50.0,0.0,0.0,-1,0.0,G2_EDGE,reg.buy_ok=False  regime='low_low_flat',-1,0.0,0.0,
ETH/USDT,1980,2026-05-31 09:00:00,long,0.52012,57.74,60.0,2021.13,6.07,low_low_flat,False,True,False,False,False,0.0,0.0,50.0,0.0,0.0,0.0,0.0,0.0,50.0,0.0,0.0,-1,0.0,G2_EDGE,reg.buy_ok=False  regime='low_low_flat',-1,0.0,0.0,
ETH/USDT,1981,2026-05-31 10:00:00,long,0.53975,60.52,60.0,2021.05,6.236429,low_low_flat,False,True,False,False,False,0.0,0.0,50.0,0.0,0.0,0.0,0.0,0.0,50.0,0.0,0.0,-1,0.0,G2_EDGE,reg.buy_ok=False  regime='low_low_flat',-1,0.0,0.0,
ETH/USDT,1982,2026-05-31 11:00:00,long,0.52146,51.01,60.0,2023.27,6.145,low_low_flat,False,True,False,False,False,0.0,0.0,50.0,0.0,0.0,0.0,0.0,0.0,50.0,0.0,0.0,-1,0.0,G2_EDGE,reg.buy_ok=False  regime='low_low_flat',-1,0.0,0.0,
ETH/USDT,1983,2026-05-31 12:00:00,long,0.50961,51.43,60.0,2022.35,6.020714,low_low_flat,False,True,False,False,False,0.0,0.0,50.0,0.0,0.0,0.0,0.0,0.0,50.0,0.0,0.0,-1,0.0,G2_EDGE,reg.buy_ok=False  regime='low_low_flat',-1,0.0,0.0,
ETH/USDT,1984,2026-05-31 13:00:00,long,0.51247,53.8,60.0,2020.5,6.09,low_low_flat,False,True,False,False,False,0.0,0.0,50.0,0.0,0.0,0.0,0.0,0.0,50.0,0.0,0.0,-1,0.0,G2_EDGE,reg.buy_ok=False  regime='low_low_flat',-1,0.0,0.0,
ETH/USDT,1985,2026-05-31 14:00:00,long,0.53648,70.15,60.0,2008.06,6.722857,low_low_flat,False,True,False,False,False,0.0,0.0,50.0,0.0,0.0,0.0,0.0,0.0,50.0,0.0,0.0,-1,0.0,G2_EDGE,reg.buy_ok=False  regime='low_low_flat',-1,0.0,0.0,
ETH/USDT,1986,2026-05-31 15:00:00,long,0.52529,55.36,60.0,2010.52,6.742143,low_low_flat,False,True,False,False,False,0.0,0.0,50.0,0.0,0.0,0.0,0.0,0.0,50.0,0.0,0.0,-1,0.0,G2_EDGE,reg.buy_ok=False  regime='low_low_flat',-1,0.0,0.0,
ETH/USDT,1987,2026-05-31 16:00:00,long,0.54143,80.23,60.0,2002.09,7.064286,low_low_flat,False,True,False,False,False,0.0,0.0,50.0,0.0,0.0,0.0,0.0,0.0,50.0,0.0,0.0,-1,0.0,G2_EDGE,reg.buy_ok=False  regime='low_low_flat',-1,0.0,0.0,
ETH/USDT,1988,2026-05-31 17:00:00,long,0.54533,88.81,60.0,2006.0,7.544286,low_low_flat,False,True,False,False,False,0.0,0.0,50.0,0.0,0.0,0.0,0.0,0.0,50.0,0.0,0.0,-1,0.0,G2_EDGE,reg.buy_ok=False  regime='low_low_flat',-1,0.0,0.0,
ETH/USDT,1989,2026-05-31 18:00:00,long,0.53325,83.17,60.0,2000.68,7.783571,low_low_flat,False,True,False,False,False,0.0,0.0,50.0,0.0,0.0,0.0,0.0,0.0,50.0,0.0,0.0,-1,0.0,G2_EDGE,reg.buy_ok=False  regime='low_low_flat',-1,0.0,0.0,
ETH/USDT,1990,2026-05-31 19:00:00,long,0.52534,83.88,60.0,1999.59,8.077857,low_low_flat,False,True,False,False,False,0.0,0.0,50.0,0.0,0.0,0.0,0.0,0.0,50.0,0.0,0.0,-1,0.0,G2_EDGE,reg.buy_ok=False  regime='low_low_flat',-1,0.0,0.0,
ETH/USDT,1991,2026-05-31 20:00:00,long,0.51851,84.42,60.0,2007.09,8.525,low_low_flat,False,True,False,False,False,0.0,0.0,50.0,0.0,0.0,0.0,0.0,0.0,50.0,0.0,0.0,-1,0.0,G2_EDGE,reg.buy_ok=False  regime='low_low_flat',-1,0.0,0.0,
ETH/USDT,1992,2026-05-31 21:00:00,long,0.53275,80.51,60.0,2012.18,8.681429,low_low_flat,False,True,False,False,False,0.0,0.0,50.0,0.0,0.0,0.0,0.0,0.0,50.0,0.0,0.0,-1,0.0,G2_EDGE,reg.buy_ok=False  regime='low_low_flat',-1,0.0,0.0,
ETH/USDT,1993,2026-05-31 22:00:00,long,0.52986,79.76,60.0,2012.43,8.945,low_low_flat,False,True,False,False,False,0.0,0.0,50.0,0.0,0.0,0.0,0.0,0.0,50.0,0.0,0.0,-1,0.0,G2_EDGE,reg.buy_ok=False  regime='low_low_flat',-1,0.0,0.0,
ETH/USDT,1994,2026-05-31 23:00:00,long,0.53088,100.0,60.0,2007.01,9.847857,low_low_flat,False,True,False,False,False,0.0,0.0,50.0,0.0,0.0,0.0,0.0,0.0,50.0,0.0,0.0,-1,0.0,G2_EDGE,reg.buy_ok=False  regime='low_low_flat',-1,0.0,0.0,
ETH/USDT,1995,2026-06-01 00:00:00,long,0.52451,97.87,60.0,2015.44,11.147143,low_low_flat,False,True,False,False,False,0.0,0.0,50.0,0.0,0.0,0.0,0.0,0.0,50.0,0.0,0.0,-1,0.0,G2_EDGE,reg.buy_ok=False  regime='low_low_flat',-1,0.0,0.0,
ETH/USDT,1996,2026-06-01 01:00:00,long,0.51046,85.91,60.0,1994.7,12.542143,low_low_down,True,True,False,False,True,0.0,-0.5897387170525381,47.83503362750246,0.0,-0.000993,0.006,0.0,0.0,50.0,0.0,0.0,-1,0.0,G4_EV,ev=-0.00099 <= floor=0.00600  meta_conf=0.5105,-1,0.0,0.0,
ETH/USDT,1997,2026-06-01 02:00:00,short,0.50044,83.22,60.0,2011.47,14.05,low_med_flat,False,True,False,True,True,0.0,-0.16121592168410404,47.6538003957192,0.0,-0.000848,0.006,0.0,0.0,50.0,0.0,0.0,-1,0.0,G4_EV,ev=-0.00085 <= floor=0.00600  meta_conf=0.5004,-1,0.0,0.0,
ETH/USDT,1998,2026-06-01 03:00:00,short,0.5042,82.18,60.0,2009.09,14.243571,low_med_flat,False,True,False,True,True,0.0,-0.3069325381702803,54.04099524971452,0.0,-0.000729,0.006,0.0,0.0,50.0,0.0,0.0,-1,0.0,G4_EV,ev=-0.00073 <= floor=0.00600  meta_conf=0.5042,-1,0.0,0.0,
ETH/USDT,1999,2026-06-01 04:00:00,short,0.50453,72.38,60.0,1999.99,14.400714,low_med_down,False,True,False,False,True,0.0,-0.4510060740128954,56.18461496437871,0.0,-0.000672,0.006,0.0,0.0,50.0,0.0,0.0,-1,0.0,G4_EV,ev=-0.00067 <= floor=0.00600  meta_conf=0.5045,-1,0.0,0.0,
ETH/USDT,2000,2026-06-01 05:00:00,short,0.50681,71.75,60.0,1994.55,14.541429,low_med_down,False,True,False,False,True,0.0,-0.5357888353399939,58.2446626231697,0.0,-0.000585,0.006,0.0,0.0,50.0,0.0,0.0,-1,0.0,G4_EV,ev=-0.00059 <= floor=0.00600  meta_conf=0.5068,-1,0.0,0.0,
ETH/USDT,2001,2026-06-01 06:00:00,long,0.50404,81.59,60.0,1988.07,14.577143,low_med_down,False,True,False,False,False,0.0,0.0,50.0,0.0,0.0,0.0,0.0,0.0,50.0,0.0,0.0,-1,0.0,G2_EDGE,reg.buy_ok=False  regime='low_med_down',-1,0.0,0.0,
ETH/USDT,2002,2026-06-01 07:00:00,long,0.52085,82.51,60.0,1976.43,15.108571,low_med_down,False,True,False,False,False,0.0,0.0,50.0,0.0,0.0,0.0,0.0,0.0,50.0,0.0,0.0,-1,0.0,G2_EDGE,reg.buy_ok=False  regime='low_med_down',-1,0.0,0.0,
ETH/USDT,2003,2026-06-01 08:00:00,long,0.53767,100.0,60.0,1983.96,15.687143,low_med_down,False,True,False,False,False,0.0,0.0,50.0,0.0,0.0,0.0,0.0,0.0,50.0,0.0,0.0,-1,0.0,G2_EDGE,reg.buy_ok=False  regime='low_med_down',-1,0.0,0.0,
ETH/USDT,2004,2026-06-01 09:00:00,long,0.51123,82.08,60.0,1987.53,15.503571,low_med_down,False,True,False,False,False,0.0,0.0,50.0,0.0,0.0,0.0,0.0,0.0,50.0,0.0,0.0,-1,0.0,G2_EDGE,reg.buy_ok=False  regime='low_med_down',-1,0.0,0.0,
ETH/USDT,2005,2026-06-01 10:00:00,long,0.50861,80.64,60.0,1984.49,15.450714,low_med_down,False,True,False,False,False,0.0,0.0,50.0,0.0,0.0,0.0,0.0,0.0,50.0,0.0,0.0,-1,0.0,G2_EDGE,reg.buy_ok=False  regime='low_med_down',-1,0.0,0.0,
ETH/USDT,2006,2026-06-01 11:00:00,short,0.51789,69.61,60.0,1981.44,15.489286,low_med_down,False,True,False,False,True,0.0,-0.5434636623876559,48.611672342418785,0.0,-0.000105,0.006,0.0,0.0,50.0,0.0,0.0,-1,0.0,G4_EV,ev=-0.00010 <= floor=0.00600  meta_conf=0.5179,-1,0.0,0.0,
ETH/USDT,2007,2026-06-01 12:00:00,short,0.50805,75.42,60.0,1989.55,16.698571,med_med_down,False,True,False,False,True,0.0,-0.33370888650699526,48.44712765906758,0.0,-4.1e-05,0.006,0.0,0.0,50.0,0.0,0.0,-1,0.0,G4_EV,ev=-0.00004 <= floor=0.00600  meta_conf=0.5080,-1,0.0,0.0,
ETH/USDT,2008,2026-06-01 13:00:00,long,0.50439,100.0,60.0,1971.22,17.51,med_med_down,False,True,False,False,False,0.0,0.0,50.0,0.0,0.0,0.0,0.0,0.0,50.0,0.0,0.0,-1,0.0,G2_EDGE,reg.buy_ok=False  regime='med_med_down',-1,0.0,0.0,
ETH/USDT,2009,2026-06-01 14:00:00,long,0.50014,86.65,60.0,1968.63,16.667143,med_med_down,False,True,False,False,False,0.0,0.0,50.0,0.0,0.0,0.0,0.0,0.0,50.0,0.0,0.0,-1,0.0,G2_EDGE,reg.buy_ok=False  regime='med_med_down',-1,0.0,0.0,
ETH/USDT,2010,2026-06-01 15:00:00,short,0.52614,76.52,60.0,1968.45,16.48,med_med_down,False,True,False,False,True,0.0,-0.6181721812780787,47.33600627206287,0.0,0.000358,0.006,0.0,0.0,50.0,0.0,0.0,-1,0.0,G4_EV,ev=0.00036 <= floor=0.00600  meta_conf=0.5261,-1,0.0,0.0,
ETH/USDT,2011,2026-06-01 16:00:00,long,0.52143,87.37,60.0,1978.15,16.022857,med_med_flat,False,True,False,False,False,0.0,0.0,50.0,0.0,0.0,0.0,0.0,0.0,50.0,0.0,0.0,-1,0.0,G2_EDGE,reg.buy_ok=False  regime='med_med_flat',-1,0.0,0.0,
ETH/USDT,2012,2026-06-01 17:00:00,long,0.50584,80.34,60.0,1990.62,16.707143,med_med_flat,False,True,False,False,False,0.0,0.0,50.0,0.0,0.0,0.0,0.0,0.0,50.0,0.0,0.0,-1,0.0,G2_EDGE,reg.buy_ok=False  regime='med_med_flat',-1,0.0,0.0,
ETH/USDT,2013,2026-06-01 18:00:00,long,0.5089,75.88,60.0,1992.72,16.313571,med_med_flat,False,True,False,False,False,0.0,0.0,50.0,0.0,0.0,0.0,0.0,0.0,50.0,0.0,0.0,-1,0.0,G2_EDGE,reg.buy_ok=False  regime='med_med_flat',-1,0.0,0.0,
ETH/USDT,2014,2026-06-01 19:00:00,short,0.50481,85.07,60.0,2004.53,16.813571,med_med_flat,False,True,False,True,False,0.0,0.31480161151396846,54.94040456565511,0.0,-0.000117,0.006,0.0,0.0,50.0,0.0,0.0,-1,0.0,G4_EV,ev=-0.00012 <= floor=0.00600  meta_conf=0.5048,-1,0.0,0.0,
ETH/USDT,2015,2026-06-01 20:00:00,short,0.51072,79.51,60.0,2005.57,16.267857,med_med_flat,False,True,False,True,False,0.0,0.3684456804532809,55.2240370352383,0.0,-0.000115,0.006,0.0,0.0,50.0,0.0,0.0,-1,0.0,G4_EV,ev=-0.00012 <= floor=0.00600  meta_conf=0.5107,-1,0.0,0.0,
ETH/USDT,2016,2026-06-01 21:00:00,long,0.50558,70.66,60.0,1994.57,16.102857,med_med_flat,False,True,False,False,False,0.0,0.0,50.0,0.0,0.0,0.0,0.0,0.0,50.0,0.0,0.0,-1,0.0,G2_EDGE,reg.buy_ok=False  regime='med_med_flat',-1,0.0,0.0,
ETH/USDT,2017,2026-06-01 22:00:00,short,0.51772,83.9,60.0,2004.43,16.555,med_med_flat,False,True,False,True,False,0.0,0.3008440021398091,55.26933359279261,0.0,0.000112,0.006,0.0,0.0,50.0,0.0,0.0,-1,0.0,G4_EV,ev=0.00011 <= floor=0.00600  meta_conf=0.5177,-1,0.0,0.0,
ETH/USDT,2018,2026-06-01 23:00:00,short,0.52976,83.69,60.0,2006.73,16.846429,med_med_flat,False,True,False,True,False,0.0,0.2851651737083472,55.49128919978409,0.0,0.000452,0.006,0.0,0.0,50.0,0.0,0.0,-1,0.0,G4_EV,ev=0.00045 <= floor=0.00600  meta_conf=0.5298,-1,0.0,0.0,
ETH/USDT,2019,2026-06-02 00:00:00,short,0.56456,84.25,60.0,1996.44,17.094286,med_med_flat,False,True,False,True,False,0.0,0.04076493208422988,55.761191095155255,0.0,0.001346,0.006,0.0,0.0,50.0,0.0,0.0,-1,0.0,G4_EV,ev=0.00135 <= floor=0.00600  meta_conf=0.5646,-1,0.0,0.0,
ETH/USDT,2020,2026-06-02 01:00:00,short,0.52802,69.13,60.0,1980.15,17.786429,med_med_flat,False,True,False,False,True,0.0,-0.3135840565115197,56.13522789249923,0.0,0.000722,0.006,0.0,0.0,50.0,0.0,0.0,-1,0.0,G4_EV,ev=0.00072 <= floor=0.00600  meta_conf=0.5280,-1,0.0,0.0,
ETH/USDT,2021,2026-06-02 02:00:00,short,0.53708,91.42,60.0,1997.07,18.317857,med_med_flat,False,True,False,True,False,0.0,0.11473090429832351,56.396690083027224,0.0,0.001046,0.006,0.0,0.0,50.0,0.0,0.0,-1,0.0,G4_EV,ev=0.00105 <= floor=0.00600  meta_conf=0.5371,-1,0.0,0.0,
ETH/USDT,2022,2026-06-02 03:00:00,short,0.61519,85.87,60.0,2003.94,16.575714,med_med_flat,False,True,False,True,False,0.0,0.2646184063533686,58.25876705091456,0.0,0.002295,0.006,0.0,0.0,50.0,0.0,0.0,-1,0.0,G4_EV,ev=0.00229 <= floor=0.00600  meta_conf=0.6152,-1,0.0,0.0,
ETH/USDT,2023,2026-06-02 04:00:00,short,0.54006,83.89,60.0,1996.85,16.417857,med_med_flat,False,True,False,True,False,0.0,0.16902064816261092,58.21847283605501,0.0,0.000589,0.006,0.0,0.0,50.0,0.0,0.0,-1,0.0,G4_EV,ev=0.00059 <= floor=0.00600  meta_conf=0.5401,-1,0.0,0.0,
ETH/USDT,2024,2026-06-02 05:00:00,short,0.51337,79.66,60.0,1985.01,16.149286,med_med_flat,False,True,False,True,True,0.0,-0.19278977492863317,58.16495039953188,0.0,-4.5e-05,0.006,0.0,0.0,50.0,0.0,0.0,-1,0.0,G4_EV,ev=-0.00005 <= floor=0.00600  meta_conf=0.5134,-1,0.0,0.0,
ETH/USDT,2025,2026-06-02 06:00:00,short,0.50888,61.14,60.0,1982.38,15.475,med_med_flat,False,True,False,True,True,0.0,-0.4580623024340821,61.18436576915945,0.0,-0.0003,0.006,0.0,0.0,50.0,0.0,0.0,-1,0.0,G4_EV,ev=-0.00030 <= floor=0.00600  meta_conf=0.5089,-1,0.0,0.0,
ETH/USDT,2026,2026-06-02 07:00:00,long,0.50129,51.04,60.0,1981.88,15.268571,med_med_flat,False,True,False,False,False,0.0,0.0,50.0,0.0,0.0,0.0,0.0,0.0,50.0,0.0,0.0,-1,0.0,G2_EDGE,reg.buy_ok=False  regime='med_med_flat',-1,0.0,0.0,
ETH/USDT,2027,2026-06-02 08:00:00,short,0.50367,49.87,60.0,1979.21,15.229286,med_med_flat,False,True,False,False,False,0.0,0.0,50.0,0.0,0.0,0.0,0.0,0.0,50.0,0.0,0.0,-1,0.0,G2_EDGE,edge=49.9 < thr=60.0,-1,0.0,0.0,
ETH/USDT,2028,2026-06-02 09:00:00,short,0.50247,75.86,60.0,1975.28,14.977143,med_med_flat,False,True,False,False,True,0.0,-0.5030043890627101,60.4700168791804,0.0,-0.000537,0.006,0.0,0.0,50.0,0.0,0.0,-1,0.0,G4_EV,ev=-0.00054 <= floor=0.00600  meta_conf=0.5025,-1,0.0,0.0,
ETH/USDT,2029,2026-06-02 10:00:00,short,0.50783,84.83,60.0,1983.49,15.303571,med_med_flat,False,True,False,True,True,0.0,-0.3380803349587506,60.31016541833209,0.0,-0.000365,0.006,0.0,0.0,50.0,0.0,0.0,-1,0.0,G4_EV,ev=-0.00036 <= floor=0.00600  meta_conf=0.5078,-1,0.0,0.0,
ETH/USDT,2030,2026-06-02 11:00:00,short,0.52717,65.99,60.0,1978.53,14.682857,med_med_flat,False,True,False,False,True,0.0,-0.4846360341677066,60.74858417633793,0.0,-0.000116,0.006,0.0,0.0,50.0,0.0,0.0,-1,0.0,G4_EV,ev=-0.00012 <= floor=0.00600  meta_conf=0.5272,-1,0.0,0.0,
ETH/USDT,2031,2026-06-02 12:00:00,short,0.50335,76.07,60.0,1976.27,13.874286,med_med_flat,False,True,False,False,True,0.0,-0.5793068432664206,60.29779798825012,0.0,-0.000777,0.006,0.0,0.0,50.0,0.0,0.0,-1,0.0,G4_EV,ev=-0.00078 <= floor=0.00600  meta_conf=0.5033,-1,0.0,0.0,
ETH/USDT,2032,2026-06-02 13:00:00,short,0.51711,76.47,60.0,1974.33,13.948571,med_med_flat,False,True,False,False,True,0.0,-0.6034157522646525,61.15722550721138,0.0,-0.000494,0.006,0.0,0.0,50.0,0.0,0.0,-1,0.0,G4_EV,ev=-0.00049 <= floor=0.00600  meta_conf=0.5171,-1,0.0,0.0,
ETH/USDT,2033,2026-06-02 14:00:00,long,0.50309,100.0,60.0,1941.36,16.664286,med_med_flat,False,True,False,False,False,0.0,0.0,50.0,0.0,0.0,0.0,0.0,0.0,50.0,0.0,0.0,-1,0.0,G2_EDGE,reg.buy_ok=False  regime='med_med_flat',-1,0.0,0.0,
ETH/USDT,2034,2026-06-02 15:00:00,short,0.51043,86.7,60.0,1914.81,18.955714,med_med_down,False,True,False,False,True,0.0,-0.7428585562450416,24.424641146976597,-1.0,0.000734,0.006,0.0,0.0,50.0,0.0,0.0,-1,0.0,G4_EV,ev=0.00073 <= floor=0.00600  meta_conf=0.5104,-1,0.0,0.0,
ETH/USDT,2035,2026-06-02 16:00:00,short,0.55126,80.64,60.0,1920.59,18.954286,high_med_down,False,True,False,False,False,0.0,-0.6441537595247727,24.533193380756295,0.0,0.001807,0.006,0.0,0.0,50.0,0.0,0.0,-1,0.0,G4_EV,ev=0.00181 <= floor=0.00600  meta_conf=0.5513,-1,0.0,0.0,
ETH/USDT,2036,2026-06-02 17:00:00,short,0.53327,74.46,60.0,1924.18,19.102857,med_med_down,False,True,False,False,False,0.0,-0.6265786691754218,24.96119158973868,0.0,0.001359,0.006,0.0,0.0,50.0,0.0,0.0,-1,0.0,G4_EV,ev=0.00136 <= floor=0.00600  meta_conf=0.5333,-1,0.0,0.0,
ETH/USDT,2037,2026-06-02 18:00:00,short,0.52963,65.65,60.0,1913.11,20.112143,med_high_down,,,True,False,False,0.0,0.0,50.0,0.0,0.0,0.0,0.0,0.0,50.0,0.0,0.0,-1,0.0,G1_REGIME,regime='med_high_down' skipped=True reg_empty=False,-1,0.0,0.0,
ETH/USDT,2038,2026-06-02 19:00:00,short,0.52034,71.46,60.0,1912.28,21.580714,high_high_down,False,True,False,False,True,0.0,-0.6701101806152734,28.9731231809831,0.0,0.001698,0.006,0.0,0.0,50.0,0.0,0.0,-1,0.0,G4_EV,ev=0.00170 <= floor=0.00600  meta_conf=0.5203,-1,0.0,0.0,
ETH/USDT,2039,2026-06-02 20:00:00,short,0.57424,68.14,60.0,1906.74,22.490714,high_high_down,False,True,False,False,True,0.0,-0.6807590657325243,30.091891846942584,0.0,0.003672,0.006,0.0,0.0,50.0,0.0,0.0,-1,0.0,G4_EV,ev=0.00367 <= floor=0.00600  meta_conf=0.5742,-1,0.0,0.0,
ETH/USDT,2040,2026-06-02 21:00:00,short,0.60175,67.26,60.0,1900.34,22.355,high_high_down,False,True,False,False,True,0.0,-0.6941194208163446,31.53864264913064,0.0,0.004525,0.006,0.0,0.0,50.0,0.0,0.0,-1,0.0,G4_EV,ev=0.00453 <= floor=0.00600  meta_conf=0.6017,-1,0.0,0.0,
ETH/USDT,2041,2026-06-02 22:00:00,short,0.51713,86.16,60.0,1868.77,24.880714,high_high_down,False,True,False,False,True,0.0,-0.7502493850039753,28.47067254136294,-1.0,0.002607,0.006,0.0,0.0,50.0,0.0,0.0,-1,0.0,G4_EV,ev=0.00261 <= floor=0.00600  meta_conf=0.5171,-1,0.0,0.0,
ETH/USDT,2042,2026-06-02 23:00:00,short,0.52838,88.85,60.0,1859.84,26.399286,high_high_down,False,True,False,False,True,0.0,-0.7324743108228976,23.496147679967184,-1.0,0.003475,0.006,0.0,0.0,50.0,0.0,0.0,-1,0.0,G4_EV,ev=0.00348 <= floor=0.00600  meta_conf=0.5284,-1,0.0,0.0,
ETH/USDT,2043,2026-06-03 00:00:00,short,0.56779,79.13,60.0,1867.35,26.925,high_high_down,False,True,False,False,False,0.0,-0.6232985333673544,25.138907515691017,0.0,0.005127,0.006,0.0,0.0,50.0,0.0,0.0,-1,0.0,G4_EV,ev=0.00513 <= floor=0.00600  meta_conf=0.5678,-1,0.0,0.0,
ETH/USDT,2044,2026-06-03 01:00:00,short,0.57866,67.44,60.0,1864.51,27.788571,high_high_down,False,True,False,False,True,0.0,-0.6279871890625055,27.12152340180374,0.0,0.005872,0.006,0.0,0.0,50.0,0.0,0.0,-1,0.0,G4_EV,ev=0.00587 <= floor=0.00600  meta_conf=0.5787,-1,0.0,0.0,
ETH/USDT,2045,2026-06-03 02:00:00,short,0.5837,70.21,60.0,1854.09,28.042857,high_high_down,False,True,False,False,True,0.0,-0.7018102946296808,29.158756350014816,0.0,0.006224,0.006,0.0,0.5,50.0,0.0,0.0,-1,0.0,G4_5_MTF,prior(bullish)=0.00<0.6 OR rev(bearish)=0.50<0.5,-1,0.0,0.0,
ETH/USDT,2046,2026-06-03 03:00:00,short,0.51353,74.81,60.0,1828.24,30.078571,high_high_down,False,True,False,False,True,0.0,-0.7374392232402208,27.179089418419775,-1.0,0.004004,0.006,0.0,0.0,50.0,0.0,0.0,-1,0.0,G4_EV,ev=0.00400 <= floor=0.00600  meta_conf=0.5135,-1,0.0,0.0,
ETH/USDT,2047,2026-06-03 04:00:00,short,0.61494,78.75,60.0,1850.84,28.287857,high_high_down,False,True,False,False,False,0.0,-0.5443133936829482,36.87611395196584,0.0,0.007621,0.006,0.25,1.0,50.0,0.0,0.0,-1,0.0,G4_5_MTF,prior(bullish)=0.25<0.6 OR rev(bearish)=1.00<0.5,-1,0.0,0.0,
ETH/USDT,2048,2026-06-03 05:00:00,short,0.55543,86.75,60.0,1873.45,26.469286,high_high_down,False,True,False,False,False,0.0,-0.42469607064248877,37.71423278337226,0.0,0.004472,0.006,0.0,0.0,50.0,0.0,0.0,-1,0.0,G4_EV,ev=0.00447 <= floor=0.00600  meta_conf=0.5554,-1,0.0,0.0,
ETH/USDT,2049,2026-06-03 06:00:00,short,0.56268,84.1,60.0,1871.87,25.028571,high_high_down,False,True,False,False,False,0.0,-0.44565227280754327,42.253309990460615,0.0,0.00428,0.006,0.0,0.0,50.0,0.0,0.0,-1,0.0,G4_EV,ev=0.00428 <= floor=0.00600  meta_conf=0.5627,-1,0.0,0.0,
ETH/USDT,2050,2026-06-03 07:00:00,short,0.60418,82.14,60.0,1878.39,25.062143,high_high_down,False,True,False,False,False,0.0,-0.29271263484187543,44.07932303017619,0.0,0.005757,0.006,0.0,0.0,50.0,0.0,0.0,-1,0.0,G4_EV,ev=0.00576 <= floor=0.00600  meta_conf=0.6042,-1,0.0,0.0,
ETH/USDT,2051,2026-06-03 08:00:00,short,0.61441,81.74,60.0,1880.02,24.025714,high_high_down,False,True,False,False,False,0.0,-0.29442388980288325,47.69214061364646,0.0,0.005699,0.006,0.0,0.0,50.0,0.0,0.0,-1,0.0,G4_EV,ev=0.00570 <= floor=0.00600  meta_conf=0.6144,-1,0.0,0.0,
ETH/USDT,2052,2026-06-03 09:00:00,short,0.58176,82.94,60.0,1876.28,22.585714,high_high_down,False,True,False,False,False,0.0,-0.3881004491302494,47.79794765137991,0.0,0.004074,0.006,0.0,0.0,50.0,0.0,0.0,-1,0.0,G4_EV,ev=0.00407 <= floor=0.00600  meta_conf=0.5818,-1,0.0,0.0,
ETH/USDT,2053,2026-06-03 10:00:00,short,0.58662,79.75,60.0,1884.79,22.198571,high_high_down,False,True,False,False,False,0.0,-0.1480110967514653,50.68256258281083,0.0,0.004054,0.006,0.0,0.0,50.0,0.0,0.0,-1,0.0,G4_EV,ev=0.00405 <= floor=0.00600  meta_conf=0.5866,-1,0.0,0.0,
ETH/USDT,2054,2026-06-03 11:00:00,short,0.5673,79.49,60.0,1878.16,22.052143,high_high_down,False,True,False,False,False,0.0,-0.2512295636757942,51.403695983259134,0.0,0.003417,0.006,0.0,0.0,50.0,0.0,0.0,-1,0.0,G4_EV,ev=0.00342 <= floor=0.00600  meta_conf=0.5673,-1,0.0,0.0,
ETH/USDT,2055,2026-06-03 12:00:00,short,0.5735,79.1,60.0,1876.4,19.525,high_high_down,False,True,False,False,False,0.0,-0.09122915245739378,58.27522594759469,0.0,0.002748,0.006,0.0,0.0,50.0,0.0,0.0,-1,0.0,G4_EV,ev=0.00275 <= floor=0.00600  meta_conf=0.5735,-1,0.0,0.0,
ETH/USDT,2056,2026-06-03 13:00:00,short,0.56178,80.86,60.0,1867.64,18.380714,high_med_down,False,True,False,False,False,0.0,-0.20447428133288964,57.40820684126544,0.0,0.00207,0.006,0.0,0.0,50.0,0.0,0.0,-1,0.0,G4_EV,ev=0.00207 <= floor=0.00600  meta_conf=0.5618,-1,0.0,0.0,
ETH/USDT,2057,2026-06-03 14:00:00,short,0.57527,81.99,60.0,1858.51,18.125714,high_med_down,False,True,False,False,False,0.0,-0.3809582372977868,56.43337076722557,0.0,0.002371,0.006,0.0,0.0,50.0,0.0,0.0,-1,0.0,G4_EV,ev=0.00237 <= floor=0.00600  meta_conf=0.5753,-1,0.0,0.0,
ETH/USDT,2058,2026-06-03 15:00:00,short,0.57622,78.09,60.0,1837.21,18.377857,high_med_down,False,True,False,False,True,0.0,-0.5305917201331523,55.36227381230619,0.0,0.00256,0.006,0.0,0.0,50.0,0.0,0.0,-1,0.0,G4_EV,ev=0.00256 <= floor=0.00600  meta_conf=0.5762,-1,0.0,0.0,
ETH/USDT,2059,2026-06-03 16:00:00,short,0.54302,80.85,60.0,1832.68,19.748571,high_high_down,False,True,False,False,True,0.0,-0.6297221218927795,51.6248887234279,0.0,0.002101,0.006,0.0,0.0,50.0,0.0,0.0,-1,0.0,G4_EV,ev=0.00210 <= floor=0.00600  meta_conf=0.5430,-1,0.0,0.0,
ETH/USDT,2060,2026-06-03 17:00:00,short,0.55318,73.88,60.0,1828.11,18.434286,high_med_down,False,True,False,False,True,0.0,-0.6581463523103347,50.2200959884462,0.0,0.001985,0.006,0.0,0.0,50.0,0.0,0.0,-1,0.0,G4_EV,ev=0.00199 <= floor=0.00600  meta_conf=0.5532,-1,0.0,0.0,
ETH/USDT,2061,2026-06-03 18:00:00,short,0.55658,71.24,60.0,1832.25,17.606429,high_med_down,False,True,False,False,True,0.0,-0.5211603971587501,48.883998434244624,0.0,0.001792,0.006,0.0,0.0,50.0,0.0,0.0,-1,0.0,G4_EV,ev=0.00179 <= floor=0.00600  meta_conf=0.5566,-1,0.0,0.0,
ETH/USDT,2062,2026-06-03 19:00:00,long,0.51473,99.68,60.0,1803.41,18.483571,high_med_down,False,True,False,False,False,0.0,0.0,50.0,0.0,0.0,0.0,0.0,0.0,50.0,0.0,0.0,-1,0.0,G2_EDGE,reg.buy_ok=False  regime='high_med_down',-1,0.0,0.0,
ETH/USDT,2063,2026-06-03 20:00:00,short,0.50546,86.9,60.0,1781.44,20.580714,high_high_down,False,True,False,False,True,0.0,-0.7493935729616861,31.727593833691824,-1.0,0.001369,0.006,0.0,0.0,50.0,0.0,0.0,-1,0.0,G4_EV,ev=0.00137 <= floor=0.00600  meta_conf=0.5055,-1,0.0,0.0,
ETH/USDT,2064,2026-06-03 21:00:00,short,0.50959,90.06,60.0,1850.1,24.881429,high_high_down,False,True,False,False,False,0.0,-0.33051612674199726,31.70357503101018,0.0,0.0024,0.006,0.0,0.0,50.0,0.0,0.0,-1,0.0,G4_EV,ev=0.00240 <= floor=0.00600  meta_conf=0.5096,-1,0.0,0.0,
ETH/USDT,2065,2026-06-03 22:00:00,short,0.51399,86.48,60.0,1829.0,26.261429,high_high_down,False,True,False,False,False,0.0,-0.48116147831173134,31.999659048742515,0.0,0.003003,0.006,0.0,0.0,50.0,0.0,0.0,-1,0.0,G4_EV,ev=0.00300 <= floor=0.00600  meta_conf=0.5140,-1,0.0,0.0,
ETH/USDT,2066,2026-06-03 23:00:00,short,0.52546,85.9,60.0,1813.05,26.365714,high_high_down,False,True,False,False,False,0.0,-0.5522795302482664,32.495055380056506,0.0,0.003544,0.006,0.0,0.0,50.0,0.0,0.0,-1,0.0,G4_EV,ev=0.00354 <= floor=0.00600  meta_conf=0.5255,-1,0.0,0.0,
ETH/USDT,2067,2026-06-04 00:00:00,short,0.51195,83.65,60.0,1793.85,27.782857,high_high_down,False,True,False,False,True,0.0,-0.6622820762902615,34.71162076382509,0.0,0.003469,0.006,0.0,0.0,50.0,0.0,0.0,-1,0.0,G4_EV,ev=0.00347 <= floor=0.00600  meta_conf=0.5119,-1,0.0,0.0,
ETH/USDT,2068,2026-06-04 01:00:00,short,0.50205,87.69,60.0,1759.77,30.203571,high_high_down,False,True,False,False,True,0.0,-0.7505399095525254,33.76977843470225,-1.0,0.003819,0.006,0.0,0.0,50.0,0.0,0.0,-1,0.0,G4_EV,ev=0.00382 <= floor=0.00600  meta_conf=0.5021,-1,0.0,0.0,
ETH/USDT,2069,2026-06-04 02:00:00,long,0.50232,100.0,60.0,1766.82,33.751429,high_high_down,False,True,False,False,False,0.0,0.0,50.0,0.0,0.0,0.0,0.0,0.0,50.0,0.0,0.0,-1,0.0,G2_EDGE,reg.buy_ok=False  regime='high_high_down',-1,0.0,0.0,
ETH/USDT,2070,2026-06-04 03:00:00,short,0.54224,89.56,60.0,1809.24,35.722143,high_high_flat,,,True,False,False,0.0,0.0,50.0,0.0,0.0,0.0,0.0,0.0,50.0,0.0,0.0,-1,0.0,G1_REGIME,regime='high_high_flat' skipped=True reg_empty=False,-1,0.0,0.0,
ETH/USDT,2071,2026-06-04 04:00:00,short,0.56726,85.8,60.0,1805.49,35.678571,high_high_down,False,True,False,False,False,0.0,-0.4194060544112767,34.47527927036637,0.0,0.008481,0.006,0.0,0.0,50.0,0.0,0.0,-1,0.0,G4_5_MTF,prior(bullish)=0.00<0.6 OR rev(bearish)=0.00<0.5,-1,0.0,0.0,
ETH/USDT,2072,2026-06-04 05:00:00,short,0.5654,89.64,60.0,1784.06,35.775714,high_high_down,False,True,False,False,False,0.0,-0.5144643274384972,38.35706235305851,0.0,0.008565,0.006,0.25,0.5,50.0,0.0,0.0,-1,0.0,G4_5_MTF,prior(bullish)=0.25<0.6 OR rev(bearish)=0.50<0.5,-1,0.0,0.0,
ETH/USDT,2073,2026-06-04 06:00:00,short,0.58623,85.81,60.0,1789.95,34.851429,high_high_down,False,True,False,False,False,0.0,-0.35318794128972114,39.86792823686125,0.0,0.009295,0.006,0.5,1.0,50.0,0.0,0.0,-1,0.0,G4_5_MTF,prior(bullish)=0.50<0.6 OR rev(bearish)=1.00<0.5,-1,0.0,0.0,
ETH/USDT,2074,2026-06-04 07:00:00,short,0.58586,87.6,60.0,1777.45,34.552143,high_high_down,False,True,False,False,False,0.0,-0.5271241119828377,41.41653066325535,0.0,0.009254,0.006,0.5,0.5,50.0,0.0,0.0,-1,0.0,G4_5_MTF,prior(bullish)=0.50<0.6 OR rev(bearish)=0.50<0.5,-1,0.0,0.0,
ETH/USDT,2075,2026-06-04 08:00:00,short,0.58453,88.38,60.0,1773.63,35.018571,high_high_down,False,True,False,False,False,0.0,-0.5482535064000711,43.02129698406723,0.0,0.009391,0.006,0.5,0.5,50.0,0.0,0.0,-1,0.0,G4_5_MTF,prior(bullish)=0.50<0.6 OR rev(bearish)=0.50<0.5,-1,0.0,0.0,
ETH/USDT,2076,2026-06-04 09:00:00,short,0.57745,93.7,60.0,1766.52,34.39,high_high_down,False,True,False,False,False,0.0,-0.5796015310265209,44.43016288360841,0.0,0.008831,0.006,0.5,1.0,50.0,0.0,0.0,-1,0.0,G4_5_MTF,prior(bullish)=0.50<0.6 OR rev(bearish)=1.00<0.5,-1,0.0,0.0,
ETH/USDT,2077,2026-06-04 10:00:00,short,0.56143,83.94,60.0,1736.86,33.932857,high_high_down,False,True,False,False,True,0.0,-0.5945521455375907,45.57364634806261,0.0,0.008032,0.006,0.25,1.0,50.0,0.0,0.0,-1,0.0,G4_5_MTF,prior(bullish)=0.25<0.6 OR rev(bearish)=1.00<0.5,-1,0.0,0.0,
ETH/USDT,2078,2026-06-04 11:00:00,short,0.55734,79.44,60.0,1751.51,30.327143,high_high_down,False,True,False,False,False,0.0,-0.5387340611600281,46.030290463962764,0.0,0.006472,0.006,0.25,1.0,50.0,0.0,0.0,-1,0.0,G4_5_MTF,prior(bullish)=0.25<0.6 OR rev(bearish)=1.00<0.5,-1,0.0,0.0,
ETH/USDT,2079,2026-06-04 12:00:00,short,0.55155,88.58,60.0,1778.16,30.983571,high_high_down,False,True,False,False,False,0.0,-0.39976698252712506,52.92260158228822,0.0,0.006266,0.006,0.25,0.5,50.0,0.0,0.0,-1,0.0,G4_5_MTF,prior(bullish)=0.25<0.6 OR rev(bearish)=0.50<0.5,-1,0.0,0.0,
ETH/USDT,2080,2026-06-04 13:00:00,short,0.52409,84.83,60.0,1785.52,32.145,high_high_down,False,True,False,False,False,0.0,-0.23866857777716227,57.043931452902065,0.0,0.005273,0.006,0.0,0.0,50.0,0.0,0.0,-1,0.0,G4_EV,ev=0.00527 <= floor=0.00600  meta_conf=0.5241,-1,0.0,0.0,
ETH/USDT,2081,2026-06-04 14:00:00,short,0.54235,83.14,60.0,1774.38,31.445,high_high_down,False,True,False,False,False,0.0,-0.3098164719615493,58.27016614482865,0.0,0.006001,0.006,0.25,0.0,50.0,0.0,0.0,-1,0.0,G4_5_MTF,prior(bullish)=0.25<0.6 OR rev(bearish)=0.00<0.5,-1,0.0,0.0,
ETH/USDT,2082,2026-06-04 15:00:00,short,0.51975,78.0,60.0,1777.02,29.63,high_high_down,False,True,False,False,False,0.0,-0.0826474578546402,58.22377468031405,0.0,0.004392,0.006,0.0,0.0,50.0,0.0,0.0,-1,0.0,G4_EV,ev=0.00439 <= floor=0.00600  meta_conf=0.5197,-1,0.0,0.0,
ETH/USDT,2083,2026-06-04 16:00:00,short,0.51986,77.66,60.0,1772.2,26.306429,high_high_down,False,True,False,False,False,0.0,-0.1956104579572549,62.78816801256797,0.0,0.003476,0.006,0.0,0.0,50.0,0.0,0.0,-1,0.0,G4_EV,ev=0.00348 <= floor=0.00600  meta_conf=0.5199,-1,0.0,0.0,
ETH/USDT,2084,2026-06-04 17:00:00,short,0.52076,80.8,60.0,1768.05,24.6,high_high_down,False,True,False,False,False,0.0,-0.3528659784518441,61.86227376950181,0.0,0.003041,0.006,0.0,0.0,50.0,0.0,0.0,-1,0.0,G4_EV,ev=0.00304 <= floor=0.00600  meta_conf=0.5208,-1,0.0,0.0,
ETH/USDT,2085,2026-06-04 18:00:00,short,0.5289,79.56,60.0,1776.28,25.194286,high_high_down,False,True,False,False,False,0.0,-0.224067156602544,66.78783631741311,0.0,0.003489,0.006,0.0,0.0,50.0,0.0,0.0,-1,0.0,G4_EV,ev=0.00349 <= floor=0.00600  meta_conf=0.5289,-1,0.0,0.0,
ETH/USDT,2086,2026-06-04 19:00:00,short,0.54739,77.7,60.0,1776.94,24.566429,high_high_flat,,,True,False,False,0.0,0.0,50.0,0.0,0.0,0.0,0.0,0.0,50.0,0.0,0.0,-1,0.0,G1_REGIME,regime='high_high_flat' skipped=True reg_empty=False,-1,0.0,0.0,
ETH/USDT,2087,2026-06-04 20:00:00,short,0.5394,77.62,60.0,1774.88,24.057143,high_high_flat,,,True,False,False,0.0,0.0,50.0,0.0,0.0,0.0,0.0,0.0,50.0,0.0,0.0,-1,0.0,G1_REGIME,regime='high_high_flat' skipped=True reg_empty=False,-1,0.0,0.0,
ETH/USDT,2088,2026-06-04 21:00:00,short,0.52509,79.91,60.0,1761.2,24.679286,high_high_down,False,True,False,False,False,0.0,-0.21588997036082647,69.9465955056546,0.0,0.003255,0.006,0.0,0.0,50.0,0.0,0.0,-1,0.0,G4_EV,ev=0.00325 <= floor=0.00600  meta_conf=0.5251,-1,0.0,0.0,
ETH/USDT,2089,2026-06-04 22:00:00,short,0.5054,78.02,60.0,1768.73,24.572857,high_high_down,False,True,False,False,False,0.0,-0.041724782440595666,68.9620617827854,0.0,0.002454,0.006,0.0,0.0,50.0,0.0,0.0,-1,0.0,G4_EV,ev=0.00245 <= floor=0.00600  meta_conf=0.5054,-1,0.0,0.0,
ETH/USDT,2090,2026-06-04 23:00:00,short,0.51745,75.05,60.0,1770.77,23.862857,high_high_down,False,True,False,False,False,0.0,0.03757881818223708,67.94327711036662,0.0,0.002699,0.006,0.0,0.0,50.0,0.0,0.0,-1,0.0,G4_EV,ev=0.00270 <= floor=0.00600  meta_conf=0.5174,-1,0.0,0.0,
ETH/USDT,2091,2026-06-05 00:00:00,short,0.53889,78.7,60.0,1759.42,22.390714,high_high_down,False,True,False,False,False,0.0,-0.25978722789527153,68.23525685282205,0.0,0.003063,0.006,0.0,0.0,50.0,0.0,0.0,-1,0.0,G4_EV,ev=0.00306 <= floor=0.00600  meta_conf=0.5389,-1,0.0,0.0,
ETH/USDT,2092,2026-06-05 01:00:00,short,0.51246,61.66,60.0,1753.33,22.062857,high_high_flat,,,True,False,False,0.0,0.0,50.0,0.0,0.0,0.0,0.0,0.0,50.0,0.0,0.0,-1,0.0,G1_REGIME,regime='high_high_flat' skipped=True reg_empty=False,-1,0.0,0.0,
ETH/USDT,2093,2026-06-05 02:00:00,long,0.52284,70.48,60.0,1730.24,21.250714,high_high_down,False,True,False,False,False,0.0,0.0,50.0,0.0,0.0,0.0,0.0,0.0,50.0,0.0,0.0,-1,0.0,G2_EDGE,reg.buy_ok=False  regime='high_high_down',-1,0.0,0.0,
ETH/USDT,2094,2026-06-05 03:00:00,long,0.51168,64.39,60.0,1729.71,20.021429,high_high_down,False,True,False,False,False,0.0,0.0,50.0,0.0,0.0,0.0,0.0,0.0,50.0,0.0,0.0,-1,0.0,G2_EDGE,reg.buy_ok=False  regime='high_high_down',-1,0.0,0.0,
ETH/USDT,2095,2026-06-05 04:00:00,long,0.51253,68.48,60.0,1744.64,20.0,high_high_down,False,True,False,False,False,0.0,0.0,50.0,0.0,0.0,0.0,0.0,0.0,50.0,0.0,0.0,-1,0.0,G2_EDGE,reg.buy_ok=False  regime='high_high_down',-1,0.0,0.0,
ETH/USDT,2096,2026-06-05 05:00:00,long,0.52234,100.0,60.0,1684.16,23.275714,high_high_down,False,True,False,False,False,0.0,0.0,50.0,0.0,0.0,0.0,0.0,0.0,50.0,0.0,0.0,-1,0.0,G2_EDGE,reg.buy_ok=False  regime='high_high_down',-1,0.0,0.0,
ETH/USDT,2097,2026-06-05 06:00:00,long,0.50157,100.0,60.0,1656.52,26.747143,high_high_down,False,True,False,False,False,0.0,0.0,50.0,0.0,0.0,0.0,0.0,0.0,50.0,0.0,0.0,-1,0.0,G2_EDGE,reg.buy_ok=False  regime='high_high_down',-1,0.0,0.0,
ETH/USDT,2098,2026-06-05 07:00:00,long,0.50346,83.71,60.0,1679.21,28.498571,high_high_down,False,True,False,False,False,0.0,0.0,50.0,0.0,0.0,0.0,0.0,0.0,50.0,0.0,0.0,-1,0.0,G2_EDGE,reg.buy_ok=False  regime='high_high_down',-1,0.0,0.0,
ETH/USDT,2099,2026-06-05 08:00:00,short,0.51916,80.73,60.0,1663.87,28.254286,high_high_down,False,True,False,False,False,0.0,-0.7217769561813453,27.601042726502563,0.0,0.00452,0.006,0.0,0.0,50.0,0.0,0.0,-1,0.0,G4_EV,ev=0.00452 <= floor=0.00600  meta_conf=0.5192,-1,0.0,0.0,
ETH/USDT,2100,2026-06-05 09:00:00,short,0.53236,78.57,60.0,1682.72,29.047857,high_high_down,False,True,False,False,False,0.0,-0.5487980729559551,29.078743980452266,0.0,0.005276,0.006,0.0,0.0,50.0,0.0,0.0,-1,0.0,G4_EV,ev=0.00528 <= floor=0.00600  meta_conf=0.5324,-1,0.0,0.0,
ETH/USDT,2101,2026-06-05 10:00:00,short,0.5441,78.26,60.0,1676.87,29.056429,high_high_down,False,True,False,False,False,0.0,-0.642464495100073,29.633920461299613,0.0,0.005861,0.006,0.0,0.0,50.0,0.0,0.0,-1,0.0,G4_EV,ev=0.00586 <= floor=0.00600  meta_conf=0.5441,-1,0.0,0.0,
ETH/USDT,2102,2026-06-05 11:00:00,short,0.56098,79.41,60.0,1663.44,28.548571,high_high_down,False,True,False,False,False,0.0,-0.6701191860169616,31.532306475878222,0.0,0.006549,0.006,0.25,0.5,50.0,0.0,0.0,-1,0.0,G4_5_MTF,prior(bullish)=0.25<0.6 OR rev(bearish)=0.50<0.5,-1,0.0,0.0,
ETH/USDT,2103,2026-06-05 12:00:00,short,0.55776,81.6,60.0,1657.28,29.089286,high_high_down,False,True,False,False,False,0.0,-0.6573412358211627,32.021490980202735,0.0,0.006636,0.006,0.5,1.0,50.0,0.0,0.0,-1,0.0,G4_5_MTF,prior(bullish)=0.50<0.6 OR rev(bearish)=1.00<0.5,-1,0.0,0.0,
ETH/USDT,2104,2026-06-05 13:00:00,short,0.52321,76.53,60.0,1615.04,32.352143,high_high_down,False,True,False,False,True,0.0,-0.7493218917888006,30.170555504179966,-1.0,0.006269,0.006,0.5,1.0,50.0,0.0,0.0,-1,0.0,G4_5_MTF,prior(bullish)=0.50<0.6 OR rev(bearish)=1.00<0.5,-1,0.0,0.0,
ETH/USDT,2105,2026-06-05 14:00:00,short,0.51959,91.38,60.0,1600.96,33.586429,high_high_down,False,True,False,False,True,0.0,-0.7398360621473956,28.930100951432205,-1.0,0.00655,0.006,0.25,1.0,50.0,0.0,0.0,-1,0.0,G4_5_MTF,prior(bullish)=0.25<0.6 OR rev(bearish)=1.00<0.5,-1,0.0,0.0,
ETH/USDT,2106,2026-06-05 15:00:00,short,0.51675,76.39,60.0,1583.29,34.645714,high_high_down,False,True,False,False,True,0.0,-0.73903438409768,28.187367647709817,-1.0,0.006837,0.006,0.25,1.0,50.0,0.0,0.0,-1,0.0,G4_5_MTF,prior(bullish)=0.25<0.6 OR rev(bearish)=1.00<0.5,-1,0.0,0.0,
ETH/USDT,2107,2026-06-05 16:00:00,short,0.51265,87.34,60.0,1608.49,37.372857,high_high_down,False,True,False,False,False,0.0,-0.5527680829474796,26.162571593661568,0.0,0.00725,0.006,0.0,1.0,50.0,0.0,0.0,-1,0.0,G4_5_MTF,prior(bullish)=0.00<0.6 OR rev(bearish)=1.00<0.5,-1,0.0,0.0,
ETH/USDT,2108,2026-06-05 17:00:00,short,0.54846,80.95,60.0,1594.28,37.926429,high_high_down,False,True,False,False,False,0.0,-0.6971664741639275,27.819848136225882,0.0,0.009817,0.006,0.0,0.5,50.0,0.0,0.0,-1,0.0,G4_5_MTF,prior(bullish)=0.00<0.6 OR rev(bearish)=0.50<0.5,-1,0.0,0.0,
ETH/USDT,2109,2026-06-05 18:00:00,short,0.53089,75.28,60.0,1553.26,39.796429,high_high_down,False,True,False,False,True,0.0,-0.7163307942290438,29.13440306828001,0.0,0.009667,0.006,0.0,0.5,50.0,0.0,0.0,-1,0.0,G4_5_MTF,prior(bullish)=0.00<0.6 OR rev(bearish)=0.50<0.5,-1,0.0,0.0,
ETH/USDT,2110,2026-06-05 19:00:00,short,0.54892,93.16,60.0,1574.06,37.910714,high_high_down,False,True,False,False,False,0.0,-0.5413798153568244,41.897085837342495,0.0,0.010019,0.006,0.25,1.0,50.0,0.0,0.0,-1,0.0,G4_5_MTF,prior(bullish)=0.25<0.6 OR rev(bearish)=1.00<0.5,-1,0.0,0.0,
ETH/USDT,2111,2026-06-05 20:00:00,short,0.53206,89.73,60.0,1603.38,37.012143,high_high_down,False,True,False,False,False,0.0,-0.4543839281227795,42.74645342799467,0.0,0.008386,0.006,0.25,0.5,50.0,0.0,0.0,-1,0.0,G4_5_MTF,prior(bullish)=0.25<0.6 OR rev(bearish)=0.50<0.5,-1,0.0,0.0,
ETH/USDT,2112,2026-06-05 21:00:00,short,0.54142,86.12,60.0,1609.8,34.890714,high_high_down,False,True,False,False,False,0.0,-0.401654257390038,43.2659045493818,0.0,0.008177,0.006,0.25,0.0,50.0,0.0,0.0,-1,0.0,G4_5_MTF,prior(bullish)=0.25<0.6 OR rev(bearish)=0.00<0.5,-1,0.0,0.0,
ETH/USDT,2113,2026-06-05 22:00:00,short,0.55327,86.25,60.0,1597.14,34.916429,high_high_down,False,True,False,False,False,0.0,-0.48628534973794846,43.79982367601009,0.0,0.008982,0.006,0.5,0.0,50.0,0.0,0.0,-1,0.0,G4_5_MTF,prior(bullish)=0.50<0.6 OR rev(bearish)=0.00<0.5,-1,0.0,0.0,
ETH/USDT,2114,2026-06-05 23:00:00,short,0.56832,87.42,60.0,1583.4,36.030714,high_high_down,False,True,False,False,False,0.0,-0.5269170128837736,45.64760375916988,0.0,0.010437,0.006,0.5,0.5,50.0,0.0,0.0,-1,0.0,G4_5_MTF,prior(bullish)=0.50<0.6 OR rev(bearish)=0.50<0.5,-1,0.0,0.0,
ETH/USDT,2115,2026-06-06 00:00:00,short,0.60529,85.04,60.0,1593.03,36.425714,high_high_down,False,True,False,False,False,0.0,-0.4119888498206428,47.07579491447687,0.0,0.01279,0.006,0.75,1.0,34.274889337235166,1.0968532084011278,0.1733648079637652,-1,0.0,G5_RSI_ACCEL,rsi_accel=0.1734>0.08 (RSI recovering),-1,0.0,0.0,
ETH/USDT,2116,2026-06-06 01:00:00,short,0.59129,85.58,60.0,1583.16,36.412857,high_high_down,False,True,False,False,False,0.0,-0.5008152415142709,48.79178827839655,0.0,0.012019,0.006,0.75,0.5,34.73880313099252,1.2600048634154353,0.1631516550143075,-1,0.0,G5_RSI_ACCEL,rsi_accel=0.1632>0.08 (RSI recovering),-1,0.0,0.0,
ETH/USDT,2117,2026-06-06 02:00:00,short,0.55467,86.13,60.0,1576.2,35.970714,high_high_down,False,True,False,False,False,0.0,-0.5494644983899554,49.311422678768665,0.0,0.009638,0.006,0.5,0.5,50.0,0.0,0.0,-1,0.0,G4_5_MTF,prior(bullish)=0.50<0.6 OR rev(bearish)=0.50<0.5,-1,0.0,0.0,
ETH/USDT,2118,2026-06-06 03:00:00,short,0.57329,76.93,60.0,1563.34,32.835,high_high_down,False,True,False,False,True,0.0,-0.607060240013442,67.85743800547749,0.0,0.009608,0.006,0.5,1.0,50.0,0.0,0.0,-1,0.0,G4_5_MTF,prior(bullish)=0.50<0.6 OR rev(bearish)=1.00<0.5,-1,0.0,0.0,
ETH/USDT,2119,2026-06-06 04:00:00,short,0.53783,83.38,60.0,1522.56,34.647857,high_high_down,False,True,False,False,True,0.0,-0.7022147075951237,58.276515860193,-1.0,0.008565,0.006,0.25,1.0,50.0,0.0,0.0,-1,0.0,G4_5_MTF,prior(bullish)=0.25<0.6 OR rev(bearish)=1.00<0.5,-1,0.0,0.0,
ETH/USDT,2120,2026-06-06 05:00:00,short,0.53975,90.51,60.0,1566.71,36.87,high_high_down,False,True,False,False,False,0.0,-0.2820151732259695,56.82426592350608,0.0,0.009116,0.006,0.25,1.0,50.0,0.0,0.0,-1,0.0,G4_5_MTF,prior(bullish)=0.25<0.6 OR rev(bearish)=1.00<0.5,-1,0.0,0.0,
ETH/USDT,2121,2026-06-06 06:00:00,short,0.53709,87.88,60.0,1560.16,34.025714,high_high_down,False,True,False,False,False,0.0,-0.4970891230712082,56.57427536060968,0.0,0.007998,0.006,0.25,0.5,50.0,0.0,0.0,-1,0.0,G4_5_MTF,prior(bullish)=0.25<0.6 OR rev(bearish)=0.50<0.5,-1,0.0,0.0,
ETH/USDT,2122,2026-06-06 07:00:00,short,0.53895,84.8,60.0,1575.14,33.972857,high_high_down,False,True,False,False,False,0.0,-0.34477830841888346,56.27685159852598,0.0,0.007974,0.006,0.0,0.5,50.0,0.0,0.0,-1,0.0,G4_5_MTF,prior(bullish)=0.00<0.6 OR rev(bearish)=0.50<0.5,-1,0.0,0.0,
ETH/USDT,2123,2026-06-06 08:00:00,short,0.5419,80.77,60.0,1582.57,31.762143,high_high_down,False,True,False,False,False,0.0,-0.18275332244411988,55.66515000118273,0.0,0.007302,0.006,0.25,0.5,50.0,0.0,0.0,-1,0.0,G4_5_MTF,prior(bullish)=0.25<0.6 OR rev(bearish)=0.50<0.5,-1,0.0,0.0,
ETH/USDT,2124,2026-06-06 09:00:00,short,0.53459,82.08,60.0,1570.69,30.508571,high_high_down,False,True,False,False,False,0.0,-0.3014433626890023,55.09270162434522,0.0,0.006555,0.006,0.25,0.0,50.0,0.0,0.0,-1,0.0,G4_5_MTF,prior(bullish)=0.25<0.6 OR rev(bearish)=0.00<0.5,-1,0.0,0.0,
ETH/USDT,2125,2026-06-06 10:00:00,short,0.52576,88.08,60.0,1548.27,29.357143,high_high_down,False,True,False,False,False,0.0,-0.5245469519086369,54.49145917589401,0.0,0.005851,0.006,0.0,0.0,50.0,0.0,0.0,-1,0.0,G4_EV,ev=0.00585 <= floor=0.00600  meta_conf=0.5258,-1,0.0,0.0,
ETH/USDT,2126,2026-06-06 11:00:00,short,0.52462,83.02,60.0,1558.89,29.593571,high_high_down,False,True,False,False,False,0.0,-0.34891934559043886,57.21492254140824,0.0,0.005805,0.006,0.0,0.0,50.0,0.0,0.0,-1,0.0,G4_EV,ev=0.00580 <= floor=0.00600  meta_conf=0.5246,-1,0.0,0.0,
ETH/USDT,2127,2026-06-06 12:00:00,long,0.51248,77.91,60.0,1571.32,29.857143,high_high_down,False,True,False,False,False,0.0,0.0,50.0,0.0,0.0,0.0,0.0,0.0,50.0,0.0,0.0,-1,0.0,G2_EDGE,reg.buy_ok=False  regime='high_high_down',-1,0.0,0.0,
ETH/USDT,2128,2026-06-06 13:00:00,long,0.50729,77.44,60.0,1557.03,28.187143,high_high_down,False,True,False,False,False,0.0,0.0,50.0,0.0,0.0,0.0,0.0,0.0,50.0,0.0,0.0,-1,0.0,G2_EDGE,reg.buy_ok=False  regime='high_high_down',-1,0.0,0.0,
ETH/USDT,2129,2026-06-06 14:00:00,long,0.51793,77.42,60.0,1557.7,27.641429,high_high_down,False,True,False,False,False,0.0,0.0,50.0,0.0,0.0,0.0,0.0,0.0,50.0,0.0,0.0,-1,0.0,G2_EDGE,reg.buy_ok=False  regime='high_high_down',-1,0.0,0.0,
ETH/USDT,2130,2026-06-06 15:00:00,long,0.5153,77.01,60.0,1560.45,27.809286,high_high_flat,,,True,False,False,0.0,0.0,50.0,0.0,0.0,0.0,0.0,0.0,50.0,0.0,0.0,-1,0.0,G1_REGIME,regime='high_high_flat' skipped=True reg_empty=False,-1,0.0,0.0,
ETH/USDT,2131,2026-06-06 16:00:00,long,0.50495,74.12,60.0,1563.57,27.342143,high_high_down,False,True,False,False,False,0.0,0.0,50.0,0.0,0.0,0.0,0.0,0.0,50.0,0.0,0.0,-1,0.0,G2_EDGE,reg.buy_ok=False  regime='high_high_down',-1,0.0,0.0,
ETH/USDT,2132,2026-06-06 17:00:00,long,0.50397,75.57,60.0,1553.54,27.2,high_high_down,False,True,False,False,False,0.0,0.0,50.0,0.0,0.0,0.0,0.0,0.0,50.0,0.0,0.0,-1,0.0,G2_EDGE,reg.buy_ok=False  regime='high_high_down',-1,0.0,0.0,
ETH/USDT,2133,2026-06-06 18:00:00,long,0.51507,75.82,60.0,1556.58,24.135714,high_high_flat,,,True,False,False,0.0,0.0,50.0,0.0,0.0,0.0,0.0,0.0,50.0,0.0,0.0,-1,0.0,G1_REGIME,regime='high_high_flat' skipped=True reg_empty=False,-1,0.0,0.0,
ETH/USDT,2134,2026-06-06 19:00:00,long,0.52442,69.89,60.0,1554.56,20.314286,high_high_flat,,,True,False,False,0.0,0.0,50.0,0.0,0.0,0.0,0.0,0.0,50.0,0.0,0.0,-1,0.0,G1_REGIME,regime='high_high_flat' skipped=True reg_empty=False,-1,0.0,0.0,
ETH/USDT,2135,2026-06-06 20:00:00,long,0.51666,71.87,60.0,1557.61,19.137857,high_high_down,False,True,False,False,False,0.0,0.0,50.0,0.0,0.0,0.0,0.0,0.0,50.0,0.0,0.0,-1,0.0,G2_EDGE,reg.buy_ok=False  regime='high_high_down',-1,0.0,0.0,
ETH/USDT,2136,2026-06-06 21:00:00,long,0.5125,70.24,60.0,1558.2,17.955714,high_high_down,False,True,False,False,False,0.0,0.0,50.0,0.0,0.0,0.0,0.0,0.0,50.0,0.0,0.0,-1,0.0,G2_EDGE,reg.buy_ok=False  regime='high_high_down',-1,0.0,0.0,
ETH/USDT,2137,2026-06-06 22:00:00,long,0.52242,71.15,60.0,1558.33,17.050714,high_high_down,False,True,False,False,False,0.0,0.0,50.0,0.0,0.0,0.0,0.0,0.0,50.0,0.0,0.0,-1,0.0,G2_EDGE,reg.buy_ok=False  regime='high_high_down',-1,0.0,0.0,
ETH/USDT,2138,2026-06-06 23:00:00,long,0.50473,75.01,60.0,1569.69,16.382143,high_high_flat,,,True,False,False,0.0,0.0,50.0,0.0,0.0,0.0,0.0,0.0,50.0,0.0,0.0,-1,0.0,G1_REGIME,regime='high_high_flat' skipped=True reg_empty=False,-1,0.0,0.0,
ETH/USDT,2139,2026-06-07 00:00:00,short,0.53925,72.71,60.0,1565.03,14.475,high_med_down,False,True,False,False,False,0.0,0.18619126689320709,89.34396063045291,0.0,0.001142,0.006,0.0,0.0,50.0,0.0,0.0,-1,0.0,G4_EV,ev=0.00114 <= floor=0.00600  meta_conf=0.5393,-1,0.0,0.0,
ETH/USDT,2140,2026-06-07 01:00:00,short,0.51354,87.01,60.0,1590.12,15.347857,high_med_flat,,,True,False,False,0.0,0.0,50.0,0.0,0.0,0.0,0.0,0.0,50.0,0.0,0.0,-1,0.0,G1_REGIME,regime='high_med_flat' skipped=True reg_empty=False,-1,0.0,0.0,
ETH/USDT,2141,2026-06-07 02:00:00,short,0.5236,81.37,60.0,1592.67,14.51,high_med_up,,,True,False,False,0.0,0.0,50.0,0.0,0.0,0.0,0.0,0.0,50.0,0.0,0.0,-1,0.0,G1_REGIME,regime='high_med_up' skipped=True reg_empty=False,-1,0.0,0.0,
ETH/USDT,2142,2026-06-07 03:00:00,short,0.52241,81.6,60.0,1595.01,13.892143,high_med_up,,,True,False,False,0.0,0.0,50.0,0.0,0.0,0.0,0.0,0.0,50.0,0.0,0.0,-1,0.0,G1_REGIME,regime='high_med_up' skipped=True reg_empty=False,-1,0.0,0.0,
ETH/USDT,2143,2026-06-07 04:00:00,short,0.50559,81.2,60.0,1597.0,14.122857,high_med_up,,,True,False,False,0.0,0.0,50.0,0.0,0.0,0.0,0.0,0.0,50.0,0.0,0.0,-1,0.0,G1_REGIME,regime='high_med_up' skipped=True reg_empty=False,-1,0.0,0.0,
ETH/USDT,2144,2026-06-07 05:00:00,short,0.51771,83.42,60.0,1604.02,13.818571,high_med_up,,,True,False,False,0.0,0.0,50.0,0.0,0.0,0.0,0.0,0.0,50.0,0.0,0.0,-1,0.0,G1_REGIME,regime='high_med_up' skipped=True reg_empty=False,-1,0.0,0.0,
ETH/USDT,2145,2026-06-07 06:00:00,long,0.50715,85.35,60.0,1612.01,14.7,high_med_up,,,True,False,False,0.0,0.0,50.0,0.0,0.0,0.0,0.0,0.0,50.0,0.0,0.0,-1,0.0,G1_REGIME,regime='high_med_up' skipped=True reg_empty=False,-1,0.0,0.0,
ETH/USDT,2146,2026-06-07 07:00:00,short,0.51829,85.51,60.0,1615.18,13.986429,high_med_up,,,True,False,False,0.0,0.0,50.0,0.0,0.0,0.0,0.0,0.0,50.0,0.0,0.0,-1,0.0,G1_REGIME,regime='high_med_up' skipped=True reg_empty=False,-1,0.0,0.0,
ETH/USDT,2147,2026-06-07 08:00:00,long,0.50308,71.2,60.0,1641.35,15.246429,high_med_up,,,True,False,False,0.0,0.0,50.0,0.0,0.0,0.0,0.0,0.0,50.0,0.0,0.0,-1,0.0,G1_REGIME,regime='high_med_up' skipped=True reg_empty=False,-1,0.0,0.0,
ETH/USDT,2148,2026-06-07 09:00:00,short,0.5102,87.87,60.0,1633.52,16.018571,high_med_up,,,True,False,False,0.0,0.0,50.0,0.0,0.0,0.0,0.0,0.0,50.0,0.0,0.0,-1,0.0,G1_REGIME,regime='high_med_up' skipped=True reg_empty=False,-1,0.0,0.0,
ETH/USDT,2149,2026-06-07 10:00:00,short,0.51916,84.42,60.0,1625.7,16.147857,high_med_up,,,True,False,False,0.0,0.0,50.0,0.0,0.0,0.0,0.0,0.0,50.0,0.0,0.0,-1,0.0,G1_REGIME,regime='high_med_up' skipped=True reg_empty=False,-1,0.0,0.0,
ETH/USDT,2150,2026-06-07 11:00:00,short,0.54257,82.12,60.0,1630.12,16.445714,high_med_up,,,True,False,False,0.0,0.0,50.0,0.0,0.0,0.0,0.0,0.0,50.0,0.0,0.0,-1,0.0,G1_REGIME,regime='high_med_up' skipped=True reg_empty=False,-1,0.0,0.0,
ETH/USDT,2151,2026-06-07 12:00:00,short,0.50782,81.58,60.0,1620.17,17.437143,high_high_up,,,True,False,False,0.0,0.0,50.0,0.0,0.0,0.0,0.0,0.0,50.0,0.0,0.0,-1,0.0,G1_REGIME,regime='high_high_up' skipped=True reg_empty=False,-1,0.0,0.0,
ETH/USDT,2152,2026-06-07 13:00:00,short,0.54294,72.86,60.0,1617.46,17.182857,med_high_up,,,True,False,False,0.0,0.0,50.0,0.0,0.0,0.0,0.0,0.0,50.0,0.0,0.0,-1,0.0,G1_REGIME,regime='med_high_up' skipped=True reg_empty=False,-1,0.0,0.0,
ETH/USDT,2153,2026-06-07 14:00:00,short,0.51066,89.25,60.0,1628.13,18.237857,med_high_up,,,True,False,False,0.0,0.0,50.0,0.0,0.0,0.0,0.0,0.0,50.0,0.0,0.0,-1,0.0,G1_REGIME,regime='med_high_up' skipped=True reg_empty=False,-1,0.0,0.0,
ETH/USDT,2154,2026-06-07 15:00:00,short,0.51913,83.06,60.0,1630.07,17.015714,med_high_up,,,True,False,False,0.0,0.0,50.0,0.0,0.0,0.0,0.0,0.0,50.0,0.0,0.0,-1,0.0,G1_REGIME,regime='med_high_up' skipped=True reg_empty=False,-1,0.0,0.0,
ETH/USDT,2155,2026-06-07 16:00:00,short,0.52025,83.52,60.0,1628.52,16.845714,med_high_up,,,True,False,False,0.0,0.0,50.0,0.0,0.0,0.0,0.0,0.0,50.0,0.0,0.0,-1,0.0,G1_REGIME,regime='med_high_up' skipped=True reg_empty=False,-1,0.0,0.0,
ETH/USDT,2156,2026-06-07 17:00:00,short,0.52345,84.58,60.0,1631.35,16.814286,med_med_up,False,True,False,True,False,0.0,0.47071839260199044,47.65151392800975,0.0,0.001291,0.006,0.0,0.0,50.0,0.0,0.0,-1,0.0,G4_EV,ev=0.00129 <= floor=0.00600  meta_conf=0.5234,-1,0.0,0.0,
ETH/USDT,2157,2026-06-07 18:00:00,short,0.55697,79.18,60.0,1630.36,16.36,med_med_up,False,True,False,True,False,0.0,0.38109411074490823,53.283815517247334,0.0,0.002059,0.006,0.0,0.0,50.0,0.0,0.0,-1,0.0,G4_EV,ev=0.00206 <= floor=0.00600  meta_conf=0.5570,-1,0.0,0.0,
ETH/USDT,2158,2026-06-07 19:00:00,long,0.5148,85.55,60.0,1613.11,17.063571,med_high_up,,,True,False,False,0.0,0.0,50.0,0.0,0.0,0.0,0.0,0.0,50.0,0.0,0.0,-1,0.0,G1_REGIME,regime='med_high_up' skipped=True reg_empty=False,-1,0.0,0.0,
ETH/USDT,2159,2026-06-07 20:00:00,short,0.51037,81.3,60.0,1628.14,16.866429,med_high_up,,,True,False,False,0.0,0.0,50.0,0.0,0.0,0.0,0.0,0.0,50.0,0.0,0.0,-1,0.0,G1_REGIME,regime='med_high_up' skipped=True reg_empty=False,-1,0.0,0.0,
ETH/USDT,2160,2026-06-07 21:00:00,short,0.52782,79.22,60.0,1634.53,16.965,med_high_up,,,True,False,False,0.0,0.0,50.0,0.0,0.0,0.0,0.0,0.0,50.0,0.0,0.0,-1,0.0,G1_REGIME,regime='med_high_up' skipped=True reg_empty=False,-1,0.0,0.0,
ETH/USDT,2161,2026-06-07 22:00:00,short,0.52743,100.0,60.0,1672.56,21.179286,high_high_up,,,True,False,False,0.0,0.0,50.0,0.0,0.0,0.0,0.0,0.0,50.0,0.0,0.0,-1,0.0,G1_REGIME,regime='high_high_up' skipped=True reg_empty=False,-1,0.0,0.0,
ETH/USDT,2162,2026-06-07 23:00:00,short,0.63833,78.1,60.0,1690.51,21.205714,high_high_up,,,True,False,False,0.0,0.0,50.0,0.0,0.0,0.0,0.0,0.0,50.0,0.0,0.0,-1,0.0,G1_REGIME,regime='high_high_up' skipped=True reg_empty=False,-1,0.0,0.0,
ETH/USDT,2163,2026-06-08 00:00:00,short,0.60176,90.0,60.0,1697.59,22.447857,high_high_up,,,True,False,False,0.0,0.0,50.0,0.0,0.0,0.0,0.0,0.0,50.0,0.0,0.0,-1,0.0,G1_REGIME,regime='high_high_up' skipped=True reg_empty=False,-1,0.0,0.0,
ETH/USDT,2164,2026-06-08 01:00:00,short,0.57836,78.26,60.0,1687.34,23.697143,high_high_up,,,True,False,False,0.0,0.0,50.0,0.0,0.0,0.0,0.0,0.0,50.0,0.0,0.0,-1,0.0,G1_REGIME,regime='high_high_up' skipped=True reg_empty=False,-1,0.0,0.0,
ETH/USDT,2165,2026-06-08 02:00:00,short,0.58432,74.1,60.0,1683.9,22.782143,high_high_up,,,True,False,False,0.0,0.0,50.0,0.0,0.0,0.0,0.0,0.0,50.0,0.0,0.0,-1,0.0,G1_REGIME,regime='high_high_up' skipped=True reg_empty=False,-1,0.0,0.0,
ETH/USDT,2166,2026-06-08 03:00:00,short,0.56031,73.58,60.0,1680.01,23.209286,high_high_up,,,True,False,False,0.0,0.0,50.0,0.0,0.0,0.0,0.0,0.0,50.0,0.0,0.0,-1,0.0,G1_REGIME,regime='high_high_up' skipped=True reg_empty=False,-1,0.0,0.0,
ETH/USDT,2167,2026-06-08 04:00:00,long,0.50638,84.0,60.0,1657.05,23.349286,high_high_up,,,True,False,False,0.0,0.0,50.0,0.0,0.0,0.0,0.0,0.0,50.0,0.0,0.0,-1,0.0,G1_REGIME,regime='high_high_up' skipped=True reg_empty=False,-1,0.0,0.0,
ETH/USDT,2168,2026-06-08 05:00:00,short,0.50179,77.92,60.0,1653.68,23.320714,high_high_up,,,True,False,False,0.0,0.0,50.0,0.0,0.0,0.0,0.0,0.0,50.0,0.0,0.0,-1,0.0,G1_REGIME,regime='high_high_up' skipped=True reg_empty=False,-1,0.0,0.0,
ETH/USDT,2169,2026-06-08 06:00:00,short,0.57177,76.16,60.0,1666.53,23.825,high_high_up,,,True,False,False,0.0,0.0,50.0,0.0,0.0,0.0,0.0,0.0,50.0,0.0,0.0,-1,0.0,G1_REGIME,regime='high_high_up' skipped=True reg_empty=False,-1,0.0,0.0,
ETH/USDT,2170,2026-06-08 07:00:00,short,0.58194,80.71,60.0,1673.47,24.647143,high_high_up,,,True,False,False,0.0,0.0,50.0,0.0,0.0,0.0,0.0,0.0,50.0,0.0,0.0,-1,0.0,G1_REGIME,regime='high_high_up' skipped=True reg_empty=False,-1,0.0,0.0,
ETH/USDT,2171,2026-06-08 08:00:00,short,0.57074,80.58,60.0,1661.17,25.145,high_high_up,,,True,False,False,0.0,0.0,50.0,0.0,0.0,0.0,0.0,0.0,50.0,0.0,0.0,-1,0.0,G1_REGIME,regime='high_high_up' skipped=True reg_empty=False,-1,0.0,0.0,
ETH/USDT,2172,2026-06-08 09:00:00,short,0.59822,78.78,60.0,1671.1,24.304286,high_high_up,,,True,False,False,0.0,0.0,50.0,0.0,0.0,0.0,0.0,0.0,50.0,0.0,0.0,-1,0.0,G1_REGIME,regime='high_high_up' skipped=True reg_empty=False,-1,0.0,0.0,
ETH/USDT,2173,2026-06-08 10:00:00,short,0.56327,76.11,60.0,1672.36,23.690714,high_high_up,,,True,False,False,0.0,0.0,50.0,0.0,0.0,0.0,0.0,0.0,50.0,0.0,0.0,-1,0.0,G1_REGIME,regime='high_high_up' skipped=True reg_empty=False,-1,0.0,0.0,
ETH/USDT,2174,2026-06-08 11:00:00,short,0.59067,81.8,60.0,1683.76,24.984286,high_high_up,,,True,False,False,0.0,0.0,50.0,0.0,0.0,0.0,0.0,0.0,50.0,0.0,0.0,-1,0.0,G1_REGIME,regime='high_high_up' skipped=True reg_empty=False,-1,0.0,0.0,
ETH/USDT,2175,2026-06-08 12:00:00,short,0.54952,80.95,60.0,1695.61,20.595714,high_high_up,,,True,False,False,0.0,0.0,50.0,0.0,0.0,0.0,0.0,0.0,50.0,0.0,0.0,-1,0.0,G1_REGIME,regime='high_high_up' skipped=True reg_empty=False,-1,0.0,0.0,
ETH/USDT,2176,2026-06-08 13:00:00,short,0.51044,84.28,60.0,1681.59,20.396429,high_high_up,,,True,False,False,0.0,0.0,50.0,0.0,0.0,0.0,0.0,0.0,50.0,0.0,0.0,-1,0.0,G1_REGIME,regime='high_high_up' skipped=True reg_empty=False,-1,0.0,0.0,
ETH/USDT,2177,2026-06-08 14:00:00,short,0.53775,81.89,60.0,1691.25,19.651429,high_high_up,,,True,False,False,0.0,0.0,50.0,0.0,0.0,0.0,0.0,0.0,50.0,0.0,0.0,-1,0.0,G1_REGIME,regime='high_high_up' skipped=True reg_empty=False,-1,0.0,0.0,
ETH/USDT,2178,2026-06-08 15:00:00,short,0.57402,77.57,60.0,1691.59,18.813571,high_high_up,,,True,False,False,0.0,0.0,50.0,0.0,0.0,0.0,0.0,0.0,50.0,0.0,0.0,-1,0.0,G1_REGIME,regime='high_high_up' skipped=True reg_empty=False,-1,0.0,0.0,
ETH/USDT,2179,2026-06-08 16:00:00,short,0.53557,77.23,60.0,1682.7,19.510714,high_high_up,,,True,False,False,0.0,0.0,50.0,0.0,0.0,0.0,0.0,0.0,50.0,0.0,0.0,-1,0.0,G1_REGIME,regime='high_high_up' skipped=True reg_empty=False,-1,0.0,0.0,
ETH/USDT,2180,2026-06-08 17:00:00,short,0.53035,73.25,60.0,1686.8,19.256429,high_high_up,,,True,False,False,0.0,0.0,50.0,0.0,0.0,0.0,0.0,0.0,50.0,0.0,0.0,-1,0.0,G1_REGIME,regime='high_high_up' skipped=True reg_empty=False,-1,0.0,0.0,
ETH/USDT,2181,2026-06-08 18:00:00,short,0.5134,69.5,60.0,1684.71,18.456429,high_high_up,,,True,False,False,0.0,0.0,50.0,0.0,0.0,0.0,0.0,0.0,50.0,0.0,0.0,-1,0.0,G1_REGIME,regime='high_high_up' skipped=True reg_empty=False,-1,0.0,0.0,
ETH/USDT,2182,2026-06-08 19:00:00,long,0.50149,82.03,60.0,1684.78,18.152857,high_high_up,,,True,False,False,0.0,0.0,50.0,0.0,0.0,0.0,0.0,0.0,50.0,0.0,0.0,-1,0.0,G1_REGIME,regime='high_high_up' skipped=True reg_empty=False,-1,0.0,0.0,
ETH/USDT,2183,2026-06-08 20:00:00,short,0.52773,69.57,60.0,1689.71,17.670714,high_high_up,,,True,False,False,0.0,0.0,50.0,0.0,0.0,0.0,0.0,0.0,50.0,0.0,0.0,-1,0.0,G1_REGIME,regime='high_high_up' skipped=True reg_empty=False,-1,0.0,0.0,
ETH/USDT,2184,2026-06-08 21:00:00,short,0.52041,83.02,60.0,1703.52,17.88,high_high_up,,,True,False,False,0.0,0.0,50.0,0.0,0.0,0.0,0.0,0.0,50.0,0.0,0.0,-1,0.0,G1_REGIME,regime='high_high_up' skipped=True reg_empty=False,-1,0.0,0.0,
ETH/USDT,2185,2026-06-08 22:00:00,short,0.57253,80.12,60.0,1703.22,17.96,high_high_up,,,True,False,False,0.0,0.0,50.0,0.0,0.0,0.0,0.0,0.0,50.0,0.0,0.0,-1,0.0,G1_REGIME,regime='high_high_up' skipped=True reg_empty=False,-1,0.0,0.0,
ETH/USDT,2186,2026-06-08 23:00:00,short,0.52197,83.0,60.0,1690.49,18.884286,high_high_flat,,,True,False,False,0.0,0.0,50.0,0.0,0.0,0.0,0.0,0.0,50.0,0.0,0.0,-1,0.0,G1_REGIME,regime='high_high_flat' skipped=True reg_empty=False,-1,0.0,0.0,
ETH/USDT,2187,2026-06-09 00:00:00,long,0.52664,94.85,60.0,1663.26,20.545,high_high_down,False,True,False,False,False,0.0,0.0,50.0,0.0,0.0,0.0,0.0,0.0,50.0,0.0,0.0,-1,0.0,G2_EDGE,reg.buy_ok=False  regime='high_high_down',-1,0.0,0.0,
ETH/USDT,2188,2026-06-09 01:00:00,short,0.50344,65.39,60.0,1669.02,19.581429,high_high_flat,,,True,False,False,0.0,0.0,50.0,0.0,0.0,0.0,0.0,0.0,50.0,0.0,0.0,-1,0.0,G1_REGIME,regime='high_high_flat' skipped=True reg_empty=False,-1,0.0,0.0,
ETH/USDT,2189,2026-06-09 02:00:00,short,0.50172,69.78,60.0,1667.89,18.59,high_high_flat,,,True,False,False,0.0,0.0,50.0,0.0,0.0,0.0,0.0,0.0,50.0,0.0,0.0,-1,0.0,G1_REGIME,regime='high_high_flat' skipped=True reg_empty=False,-1,0.0,0.0,
ETH/USDT,2190,2026-06-09 03:00:00,short,0.51359,64.62,60.0,1669.44,17.837857,high_high_flat,,,True,False,False,0.0,0.0,50.0,0.0,0.0,0.0,0.0,0.0,50.0,0.0,0.0,-1,0.0,G1_REGIME,regime='high_high_flat' skipped=True reg_empty=False,-1,0.0,0.0,
ETH/USDT,2191,2026-06-09 04:00:00,short,0.57462,79.41,60.0,1686.35,18.85,high_high_up,,,True,False,False,0.0,0.0,50.0,0.0,0.0,0.0,0.0,0.0,50.0,0.0,0.0,-1,0.0,G1_REGIME,regime='high_high_up' skipped=True reg_empty=False,-1,0.0,0.0,
ETH/USDT,2192,2026-06-09 05:00:00,short,0.56197,74.7,60.0,1688.25,18.576429,high_high_up,,,True,False,False,0.0,0.0,50.0,0.0,0.0,0.0,0.0,0.0,50.0,0.0,0.0,-1,0.0,G1_REGIME,regime='high_high_up' skipped=True reg_empty=False,-1,0.0,0.0,
ETH/USDT,2193,2026-06-09 06:00:00,short,0.51668,73.58,60.0,1685.98,17.879286,high_high_up,,,True,False,False,0.0,0.0,50.0,0.0,0.0,0.0,0.0,0.0,50.0,0.0,0.0,-1,0.0,G1_REGIME,regime='high_high_up' skipped=True reg_empty=False,-1,0.0,0.0,
ETH/USDT,2194,2026-06-09 07:00:00,long,0.51238,75.81,60.0,1679.86,18.188571,high_high_flat,,,True,False,False,0.0,0.0,50.0,0.0,0.0,0.0,0.0,0.0,50.0,0.0,0.0,-1,0.0,G1_REGIME,regime='high_high_flat' skipped=True reg_empty=False,-1,0.0,0.0,
ETH/USDT,2195,2026-06-09 08:00:00,short,0.50099,69.81,60.0,1675.28,18.090714,high_high_up,,,True,False,False,0.0,0.0,50.0,0.0,0.0,0.0,0.0,0.0,50.0,0.0,0.0,-1,0.0,G1_REGIME,regime='high_high_up' skipped=True reg_empty=False,-1,0.0,0.0,
ETH/USDT,2196,2026-06-09 09:00:00,long,0.50015,60.34,60.0,1670.61,18.415,high_high_flat,,,True,False,False,0.0,0.0,50.0,0.0,0.0,0.0,0.0,0.0,50.0,0.0,0.0,-1,0.0,G1_REGIME,regime='high_high_flat' skipped=True reg_empty=False,-1,0.0,0.0,
ETH/USDT,2197,2026-06-09 10:00:00,long,0.50891,60.57,60.0,1674.72,18.332143,high_high_flat,,,True,False,False,0.0,0.0,50.0,0.0,0.0,0.0,0.0,0.0,50.0,0.0,0.0,-1,0.0,G1_REGIME,regime='high_high_flat' skipped=True reg_empty=False,-1,0.0,0.0,
ETH/USDT,2198,2026-06-09 11:00:00,short,0.51058,47.6,60.0,1671.96,17.228571,med_med_flat,False,True,False,False,False,0.0,0.0,50.0,0.0,0.0,0.0,0.0,0.0,50.0,0.0,0.0,-1,0.0,G2_EDGE,edge=47.6 < thr=60.0,-1,0.0,0.0,
ETH/USDT,2199,2026-06-09 12:00:00,short,0.50214,51.9,60.0,1676.9,16.975,med_med_flat,False,True,False,False,False,0.0,0.0,50.0,0.0,0.0,0.0,0.0,0.0,50.0,0.0,0.0,-1,0.0,G2_EDGE,edge=51.9 < thr=60.0,-1,0.0,0.0,
ETH/USDT,2200,2026-06-09 13:00:00,long,0.5209,83.15,60.0,1666.71,16.178571,med_med_flat,False,True,False,False,False,0.0,0.0,50.0,0.0,0.0,0.0,0.0,0.0,50.0,0.0,0.0,-1,0.0,G2_EDGE,reg.buy_ok=False  regime='med_med_flat',-1,0.0,0.0,
ETH/USDT,2201,2026-06-09 14:00:00,long,0.53925,83.11,60.0,1645.9,16.187143,med_med_down,False,True,False,False,False,0.0,0.0,50.0,0.0,0.0,0.0,0.0,0.0,50.0,0.0,0.0,-1,0.0,G2_EDGE,reg.buy_ok=False  regime='med_med_down',-1,0.0,0.0,
ETH/USDT,2202,2026-06-09 15:00:00,long,0.52395,69.3,60.0,1636.4,16.470714,med_med_down,False,True,False,False,False,0.0,0.0,50.0,0.0,0.0,0.0,0.0,0.0,50.0,0.0,0.0,-1,0.0,G2_EDGE,reg.buy_ok=False  regime='med_med_down',-1,0.0,0.0,
ETH/USDT,2203,2026-06-09 16:00:00,long,0.5336,82.69,60.0,1632.27,17.025714,med_high_down,,,True,False,False,0.0,0.0,50.0,0.0,0.0,0.0,0.0,0.0,50.0,0.0,0.0,-1,0.0,G1_REGIME,regime='med_high_down' skipped=True reg_empty=False,-1,0.0,0.0,
ETH/USDT,2204,2026-06-09 17:00:00,long,0.51085,54.99,60.0,1643.04,17.720714,med_high_down,,,True,False,False,0.0,0.0,50.0,0.0,0.0,0.0,0.0,0.0,50.0,0.0,0.0,-1,0.0,G1_REGIME,regime='med_high_down' skipped=True reg_empty=False,-1,0.0,0.0,
ETH/USDT,2205,2026-06-09 18:00:00,long,0.50002,51.47,60.0,1652.28,16.545,med_med_down,False,True,False,False,False,0.0,0.0,50.0,0.0,0.0,0.0,0.0,0.0,50.0,0.0,0.0,-1,0.0,G2_EDGE,reg.buy_ok=False  regime='med_med_down',-1,0.0,0.0,
ETH/USDT,2206,2026-06-09 19:00:00,long,0.51091,53.34,60.0,1657.33,16.339286,med_med_down,False,True,False,False,False,0.0,0.0,50.0,0.0,0.0,0.0,0.0,0.0,50.0,0.0,0.0,-1,0.0,G2_EDGE,reg.buy_ok=False  regime='med_med_down',-1,0.0,0.0,
ETH/USDT,2207,2026-06-09 20:00:00,long,0.5121,71.37,60.0,1660.59,16.125,med_med_down,False,True,False,False,False,0.0,0.0,50.0,0.0,0.0,0.0,0.0,0.0,50.0,0.0,0.0,-1,0.0,G2_EDGE,reg.buy_ok=False  regime='med_med_down',-1,0.0,0.0,
ETH/USDT,2208,2026-06-09 21:00:00,short,0.51655,79.84,60.0,1650.33,15.982857,med_med_down,False,True,False,False,False,0.0,-0.5379064937676611,46.69140032993021,0.0,0.000791,0.006,0.0,0.0,50.0,0.0,0.0,-1,0.0,G4_EV,ev=0.00079 <= floor=0.00600  meta_conf=0.5166,-1,0.0,0.0,
ETH/USDT,2209,2026-06-09 22:00:00,short,0.53407,81.78,60.0,1640.0,16.197143,med_med_down,False,True,False,False,False,0.0,-0.6361047969068155,46.38822585876626,0.0,0.001353,0.006,0.0,0.0,50.0,0.0,0.0,-1,0.0,G4_EV,ev=0.00135 <= floor=0.00600  meta_conf=0.5341,-1,0.0,0.0,
ETH/USDT,2210,2026-06-09 23:00:00,short,0.52596,83.53,60.0,1639.52,16.007857,med_med_down,False,True,False,False,False,0.0,-0.6289090051203537,45.999289726944625,0.0,0.001078,0.006,0.0,0.0,50.0,0.0,0.0,-1,0.0,G4_EV,ev=0.00108 <= floor=0.00600  meta_conf=0.5260,-1,0.0,0.0,
ETH/USDT,2211,2026-06-10 00:00:00,short,0.54282,81.3,60.0,1645.74,16.58,med_med_flat,False,True,False,False,False,0.0,-0.4609364819061998,45.71365398861163,0.0,0.001698,0.006,0.0,0.0,50.0,0.0,0.0,-1,0.0,G4_EV,ev=0.00170 <= floor=0.00600  meta_conf=0.5428,-1,0.0,0.0,
ETH/USDT,2212,2026-06-10 01:00:00,short,0.53963,82.91,60.0,1638.98,16.867143,med_med_down,False,True,False,False,False,0.0,-0.6563135141874221,45.654464775643454,0.0,0.001732,0.006,0.0,0.0,50.0,0.0,0.0,-1,0.0,G4_EV,ev=0.00173 <= floor=0.00600  meta_conf=0.5396,-1,0.0,0.0,
ETH/USDT,2213,2026-06-10 02:00:00,short,0.54103,64.02,60.0,1624.22,17.470714,med_high_down,,,True,False,False,0.0,0.0,50.0,0.0,0.0,0.0,0.0,0.0,50.0,0.0,0.0,-1,0.0,G1_REGIME,regime='med_high_down' skipped=True reg_empty=False,-1,0.0,0.0,
ETH/USDT,2214,2026-06-10 03:00:00,short,0.5488,71.49,60.0,1630.82,17.215714,med_high_down,,,True,False,False,0.0,0.0,50.0,0.0,0.0,0.0,0.0,0.0,50.0,0.0,0.0,-1,0.0,G1_REGIME,regime='med_high_down' skipped=True reg_empty=False,-1,0.0,0.0,
ETH/USDT,2215,2026-06-10 04:00:00,short,0.5516,72.29,60.0,1625.98,15.320714,med_med_down,False,True,False,False,True,0.0,-0.6362115326044278,58.32234971870805,0.0,0.001553,0.006,0.0,0.0,50.0,0.0,0.0,-1,0.0,G4_EV,ev=0.00155 <= floor=0.00600  meta_conf=0.5516,-1,0.0,0.0,
ETH/USDT,2216,2026-06-10 05:00:00,short,0.55776,72.4,60.0,1627.99,14.908571,med_med_down,False,True,False,False,True,0.0,-0.4762877324175466,58.06619808963687,0.0,0.001549,0.006,0.0,0.0,50.0,0.0,0.0,-1,0.0,G4_EV,ev=0.00155 <= floor=0.00600  meta_conf=0.5578,-1,0.0,0.0,
ETH/USDT,2217,2026-06-10 06:00:00,short,0.53992,70.44,60.0,1632.08,13.931429,med_med_down,False,True,False,False,True,0.0,-0.3560396248079525,59.35522350363977,0.0,0.000761,0.006,0.0,0.0,50.0,0.0,0.0,-1,0.0,G4_EV,ev=0.00076 <= floor=0.00600  meta_conf=0.5399,-1,0.0,0.0,
ETH/USDT,2218,2026-06-10 07:00:00,short,0.54429,80.11,60.0,1640.09,13.593571,med_med_down,False,True,False,False,False,0.0,-0.31798103599947447,58.660609327091464,0.0,0.000721,0.006,0.0,0.0,50.0,0.0,0.0,-1,0.0,G4_EV,ev=0.00072 <= floor=0.00600  meta_conf=0.5443,-1,0.0,0.0,
ETH/USDT,2219,2026-06-10 08:00:00,short,0.5483,76.93,60.0,1621.34,14.1,med_med_down,False,True,False,False,True,0.0,-0.6653560740829737,58.2430189024552,0.0,0.001048,0.006,0.0,0.0,50.0,0.0,0.0,-1,0.0,G4_EV,ev=0.00105 <= floor=0.00600  meta_conf=0.5483,-1,0.0,0.0,
ETH/USDT,2220,2026-06-10 09:00:00,short,0.52179,73.95,60.0,1623.67,14.786429,med_med_down,False,True,False,False,True,0.0,-0.5066115108296534,50.517018091928065,0.0,0.000634,0.006,0.0,0.0,50.0,0.0,0.0,-1,0.0,G4_EV,ev=0.00063 <= floor=0.00600  meta_conf=0.5218,-1,0.0,0.0,
ETH/USDT,2221,2026-06-10 10:00:00,short,0.5234,69.97,60.0,1628.23,15.033571,med_med_down,False,True,False,False,True,0.0,-0.43308078101192227,51.717496698370596,0.0,0.000738,0.006,0.0,0.0,50.0,0.0,0.0,-1,0.0,G4_EV,ev=0.00074 <= floor=0.00600  meta_conf=0.5234,-1,0.0,0.0,
ETH/USDT,2222,2026-06-10 11:00:00,long,0.51797,88.0,60.0,1620.05,15.306429,med_med_down,False,True,False,False,False,0.0,0.0,50.0,0.0,0.0,0.0,0.0,0.0,50.0,0.0,0.0,-1,0.0,G2_EDGE,reg.buy_ok=False  regime='med_med_down',-1,0.0,0.0,
ETH/USDT,2223,2026-06-10 12:00:00,long,0.50145,96.92,60.0,1635.4,16.311429,med_med_down,False,True,False,False,False,0.0,0.0,50.0,0.0,0.0,0.0,0.0,0.0,50.0,0.0,0.0,-1,0.0,G2_EDGE,reg.buy_ok=False  regime='med_med_down',-1,0.0,0.0,
ETH/USDT,2224,2026-06-10 13:00:00,short,0.53641,96.81,60.0,1651.81,17.986429,med_high_flat,,,True,False,False,0.0,0.0,50.0,0.0,0.0,0.0,0.0,0.0,50.0,0.0,0.0,-1,0.0,G1_REGIME,regime='med_high_flat' skipped=True reg_empty=False,-1,0.0,0.0,
ETH/USDT,2225,2026-06-10 14:00:00,short,0.51955,94.14,60.0,1646.72,18.062143,med_high_flat,,,True,False,False,0.0,0.0,50.0,0.0,0.0,0.0,0.0,0.0,50.0,0.0,0.0,-1,0.0,G1_REGIME,regime='med_high_flat' skipped=True reg_empty=False,-1,0.0,0.0,
ETH/USDT,2226,2026-06-10 15:00:00,short,0.51942,100.0,60.0,1657.97,19.193571,med_high_up,,,True,False,False,0.0,0.0,50.0,0.0,0.0,0.0,0.0,0.0,50.0,0.0,0.0,-1,0.0,G1_REGIME,regime='med_high_up' skipped=True reg_empty=False,-1,0.0,0.0,
ETH/USDT,2227,2026-06-10 16:00:00,long,0.51758,86.69,60.0,1641.99,19.586429,med_high_flat,,,True,False,False,0.0,0.0,50.0,0.0,0.0,0.0,0.0,0.0,50.0,0.0,0.0,-1,0.0,G1_REGIME,regime='med_high_flat' skipped=True reg_empty=False,-1,0.0,0.0,
ETH/USDT,2228,2026-06-10 17:00:00,long,0.51892,85.25,60.0,1632.32,20.448571,med_high_flat,,,True,False,False,0.0,0.0,50.0,0.0,0.0,0.0,0.0,0.0,50.0,0.0,0.0,-1,0.0,G1_REGIME,regime='med_high_flat' skipped=True reg_empty=False,-1,0.0,0.0,
ETH/USDT,2229,2026-06-10 18:00:00,short,0.51444,81.39,60.0,1631.13,20.726429,low_high_flat,,,True,False,False,0.0,0.0,50.0,0.0,0.0,0.0,0.0,0.0,50.0,0.0,0.0,-1,0.0,G1_REGIME,regime='low_high_flat' skipped=True reg_empty=False,-1,0.0,0.0,
ETH/USDT,2230,2026-06-10 19:00:00,long,0.51346,64.35,60.0,1630.15,20.504286,low_high_down,,,True,False,False,0.0,0.0,50.0,0.0,0.0,0.0,0.0,0.0,50.0,0.0,0.0,-1,0.0,G1_REGIME,regime='low_high_down' skipped=True reg_empty=False,-1,0.0,0.0,
ETH/USDT,2231,2026-06-10 20:00:00,long,0.51211,55.24,60.0,1630.65,20.605,low_high_down,,,True,False,False,0.0,0.0,50.0,0.0,0.0,0.0,0.0,0.0,50.0,0.0,0.0,-1,0.0,G1_REGIME,regime='low_high_down' skipped=True reg_empty=False,-1,0.0,0.0,
ETH/USDT,2232,2026-06-10 21:00:00,long,0.50988,68.14,60.0,1611.44,21.630714,med_high_down,,,True,False,False,0.0,0.0,50.0,0.0,0.0,0.0,0.0,0.0,50.0,0.0,0.0,-1,0.0,G1_REGIME,regime='med_high_down' skipped=True reg_empty=False,-1,0.0,0.0,
ETH/USDT,2233,2026-06-10 22:00:00,long,0.50762,66.11,60.0,1616.52,21.277143,med_high_flat,,,True,False,False,0.0,0.0,50.0,0.0,0.0,0.0,0.0,0.0,50.0,0.0,0.0,-1,0.0,G1_REGIME,regime='med_high_flat' skipped=True reg_empty=False,-1,0.0,0.0,
ETH/USDT,2234,2026-06-10 23:00:00,short,0.50538,53.22,60.0,1621.59,20.939286,med_high_flat,,,True,False,False,0.0,0.0,50.0,0.0,0.0,0.0,0.0,0.0,50.0,0.0,0.0,-1,0.0,G1_REGIME,regime='med_high_flat' skipped=True reg_empty=False,-1,0.0,0.0,
ETH/USDT,2235,2026-06-11 00:00:00,short,0.51439,57.61,60.0,1628.64,21.027857,med_high_flat,,,True,False,False,0.0,0.0,50.0,0.0,0.0,0.0,0.0,0.0,50.0,0.0,0.0,-1,0.0,G1_REGIME,regime='med_high_flat' skipped=True reg_empty=False,-1,0.0,0.0,
ETH/USDT,2236,2026-06-11 01:00:00,short,0.53142,53.34,60.0,1642.83,21.105714,med_high_flat,,,True,False,False,0.0,0.0,50.0,0.0,0.0,0.0,0.0,0.0,50.0,0.0,0.0,-1,0.0,G1_REGIME,regime='med_high_flat' skipped=True reg_empty=False,-1,0.0,0.0,
ETH/USDT,2237,2026-06-11 02:00:00,short,0.51334,53.56,60.0,1641.07,20.037857,med_high_up,,,True,False,False,0.0,0.0,50.0,0.0,0.0,0.0,0.0,0.0,50.0,0.0,0.0,-1,0.0,G1_REGIME,regime='med_high_up' skipped=True reg_empty=False,-1,0.0,0.0,
ETH/USDT,2238,2026-06-11 03:00:00,short,0.53174,69.85,60.0,1653.95,19.27,med_high_up,,,True,False,False,0.0,0.0,50.0,0.0,0.0,0.0,0.0,0.0,50.0,0.0,0.0,-1,0.0,G1_REGIME,regime='med_high_up' skipped=True reg_empty=False,-1,0.0,0.0,
ETH/USDT,2239,2026-06-11 04:00:00,short,0.61282,62.22,60.0,1656.89,18.652143,med_high_up,,,True,False,False,0.0,0.0,50.0,0.0,0.0,0.0,0.0,0.0,50.0,0.0,0.0,-1,0.0,G1_REGIME,regime='med_high_up' skipped=True reg_empty=False,-1,0.0,0.0,
ETH/USDT,2240,2026-06-11 05:00:00,short,0.57951,64.73,60.0,1647.95,17.228571,med_high_up,,,True,False,False,0.0,0.0,50.0,0.0,0.0,0.0,0.0,0.0,50.0,0.0,0.0,-1,0.0,G1_REGIME,regime='med_high_up' skipped=True reg_empty=False,-1,0.0,0.0,
ETH/USDT,2241,2026-06-11 06:00:00,short,0.54784,68.28,60.0,1654.82,16.565,med_med_up,False,True,False,True,False,0.0,0.4766100182271028,58.56348362505511,0.0,0.001797,0.006,0.0,0.0,50.0,0.0,0.0,-1,0.0,G4_EV,ev=0.00180 <= floor=0.00600  meta_conf=0.5478,-1,0.0,0.0,
ETH/USDT,2242,2026-06-11 07:00:00,short,0.57997,59.81,60.0,1654.41,15.245,med_med_up,False,True,False,False,False,0.0,0.0,50.0,0.0,0.0,0.0,0.0,0.0,50.0,0.0,0.0,-1,0.0,G2_EDGE,edge=59.8 < thr=60.0,-1,0.0,0.0,
ETH/USDT,2243,2026-06-11 08:00:00,short,0.55263,60.11,60.0,1659.96,14.92,med_med_up,False,True,False,True,False,0.0,0.579027826039271,56.41406605123076,0.0,0.001322,0.006,0.0,0.0,50.0,0.0,0.0,-1,0.0,G4_EV,ev=0.00132 <= floor=0.00600  meta_conf=0.5526,-1,0.0,0.0,
ETH/USDT,2244,2026-06-11 09:00:00,short,0.51088,57.91,60.0,1658.98,14.560714,med_med_up,False,True,False,False,False,0.0,0.0,50.0,0.0,0.0,0.0,0.0,0.0,50.0,0.0,0.0,-1,0.0,G2_EDGE,edge=57.9 < thr=60.0,-1,0.0,0.0,
ETH/USDT,2245,2026-06-11 10:00:00,short,0.50123,79.66,60.0,1658.85,14.149286,med_med_up,False,True,False,True,False,0.0,0.4572546075597655,54.62598045045068,0.0,-0.000133,0.006,0.0,0.0,50.0,0.0,0.0,-1,0.0,G4_EV,ev=-0.00013 <= floor=0.00600  meta_conf=0.5012,-1,0.0,0.0,
ETH/USDT,2246,2026-06-11 11:00:00,short,0.50305,82.52,60.0,1666.84,13.425,med_med_up,False,True,False,True,False,0.0,0.6765560905953768,48.604054681174375,1.0,-0.000309,0.006,0.0,0.0,50.0,0.0,0.0,-1,0.0,G4_EV,ev=-0.00031 <= floor=0.00600  meta_conf=0.5030,-1,0.0,0.0,
ETH/USDT,2247,2026-06-11 12:00:00,long,0.53557,92.97,60.0,1651.84,13.925,med_med_up,False,True,False,False,False,0.0,0.0,50.0,0.0,0.0,0.0,0.0,0.0,50.0,0.0,0.0,-1,0.0,G2_EDGE,reg.buy_ok=False  regime='med_med_up',-1,0.0,0.0,
ETH/USDT,2248,2026-06-11 13:00:00,short,0.51534,85.84,60.0,1653.24,13.88,low_med_flat,False,True,False,True,False,0.0,0.42680964362079804,57.064646916511904,0.0,0.000126,0.006,0.0,0.0,50.0,0.0,0.0,-1,0.0,G4_EV,ev=0.00013 <= floor=0.00600  meta_conf=0.5153,-1,0.0,0.0,
ETH/USDT,2249,2026-06-11 14:00:00,long,0.52861,84.92,60.0,1643.04,14.117143,low_med_flat,False,True,False,False,False,0.0,0.0,50.0,0.0,0.0,0.0,0.0,0.0,50.0,0.0,0.0,-1,0.0,G2_EDGE,reg.buy_ok=False  regime='low_med_flat',-1,0.0,0.0,
ETH/USDT,2250,2026-06-11 15:00:00,short,0.50037,78.71,60.0,1645.55,13.783571,low_med_flat,False,True,False,False,False,0.0,0.05645473250078099,62.16911318190666,0.0,-0.000222,0.006,0.0,0.0,50.0,0.0,0.0,-1,0.0,G4_EV,ev=-0.00022 <= floor=0.00600  meta_conf=0.5004,-1,0.0,0.0,
ETH/USDT,2251,2026-06-11 16:00:00,long,0.51344,72.99,60.0,1639.75,13.537143,low_med_flat,False,True,False,False,False,0.0,0.0,50.0,0.0,0.0,0.0,0.0,0.0,50.0,0.0,0.0,-1,0.0,G2_EDGE,reg.buy_ok=False  regime='low_med_flat',-1,0.0,0.0,
ETH/USDT,2252,2026-06-11 17:00:00,short,0.53299,100.0,60.0,1688.66,16.085,low_med_up,False,False,False,False,False,0.0,0.0,50.0,0.0,0.0,0.0,0.0,0.0,50.0,0.0,0.0,-1,0.0,G2_EDGE,reg.sell_ok=False  regime='low_med_up',-1,0.0,0.0,
ETH/USDT,2253,2026-06-11 18:00:00,short,0.5568,88.52,60.0,1683.98,16.452857,med_med_up,False,True,False,True,False,0.0,0.5075037146614362,46.53285754824622,0.0,0.001895,0.006,0.0,0.0,50.0,0.0,0.0,-1,0.0,G4_EV,ev=0.00190 <= floor=0.00600  meta_conf=0.5568,-1,0.0,0.0,
ETH/USDT,2254,2026-06-11 19:00:00,short,0.56077,87.15,60.0,1681.26,17.045714,med_med_up,False,True,False,True,False,0.0,0.48656221360425717,46.49951080550199,0.0,0.002226,0.006,0.0,0.0,50.0,0.0,0.0,-1,0.0,G4_EV,ev=0.00223 <= floor=0.00600  meta_conf=0.5608,-1,0.0,0.0,
ETH/USDT,2255,2026-06-11 20:00:00,short,0.52875,85.44,60.0,1672.37,16.966429,med_med_up,False,True,False,True,False,0.0,0.396184805054312,46.57267886114814,0.0,0.001353,0.006,0.0,0.0,50.0,0.0,0.0,-1,0.0,G4_EV,ev=0.00135 <= floor=0.00600  meta_conf=0.5287,-1,0.0,0.0,
ETH/USDT,2256,2026-06-11 21:00:00,short,0.55043,83.4,60.0,1677.0,17.291429,med_med_up,False,True,False,True,False,0.0,0.4919839496242921,46.94349943398648,0.0,0.002044,0.006,0.0,0.0,50.0,0.0,0.0,-1,0.0,G4_EV,ev=0.00204 <= floor=0.00600  meta_conf=0.5504,-1,0.0,0.0,
ETH/USDT,2257,2026-06-11 22:00:00,short,0.54296,84.22,60.0,1676.17,17.146429,med_med_up,False,True,False,True,False,0.0,0.3568355257461737,47.34285717279142,0.0,0.00179,0.006,0.0,0.0,50.0,0.0,0.0,-1,0.0,G4_EV,ev=0.00179 <= floor=0.00600  meta_conf=0.5430,-1,0.0,0.0,
ETH/USDT,2258,2026-06-11 23:00:00,short,0.56511,84.57,60.0,1673.46,17.398571,low_high_up,,,True,False,False,0.0,0.0,50.0,0.0,0.0,0.0,0.0,0.0,50.0,0.0,0.0,-1,0.0,G1_REGIME,regime='low_high_up' skipped=True reg_empty=False,-1,0.0,0.0,
ETH/USDT,2259,2026-06-12 00:00:00,short,0.57702,84.0,60.0,1672.74,17.44,low_high_up,,,True,False,False,0.0,0.0,50.0,0.0,0.0,0.0,0.0,0.0,50.0,0.0,0.0,-1,0.0,G1_REGIME,regime='low_high_up' skipped=True reg_empty=False,-1,0.0,0.0,
ETH/USDT,2260,2026-06-12 01:00:00,short,0.54489,76.22,60.0,1667.09,17.064286,low_med_up,False,False,False,False,False,0.0,0.0,50.0,0.0,0.0,0.0,0.0,0.0,50.0,0.0,0.0,-1,0.0,G2_EDGE,reg.sell_ok=False  regime='low_med_up',-1,0.0,0.0,
ETH/USDT,2261,2026-06-12 02:00:00,short,0.56063,83.02,60.0,1675.59,16.120714,low_med_up,False,False,False,False,False,0.0,0.0,50.0,0.0,0.0,0.0,0.0,0.0,50.0,0.0,0.0,-1,0.0,G2_EDGE,reg.sell_ok=False  regime='low_med_up',-1,0.0,0.0,
ETH/USDT,2262,2026-06-12 03:00:00,short,0.55565,82.6,60.0,1673.25,15.600714,low_med_up,False,False,False,False,False,0.0,0.0,50.0,0.0,0.0,0.0,0.0,0.0,50.0,0.0,0.0,-1,0.0,G2_EDGE,reg.sell_ok=False  regime='low_med_up',-1,0.0,0.0,
ETH/USDT,2263,2026-06-12 04:00:00,short,0.54174,81.86,60.0,1677.47,15.333571,low_med_up,False,False,False,False,False,0.0,0.0,50.0,0.0,0.0,0.0,0.0,0.0,50.0,0.0,0.0,-1,0.0,G2_EDGE,reg.sell_ok=False  regime='low_med_up',-1,0.0,0.0,
ETH/USDT,2264,2026-06-12 05:00:00,long,0.51655,78.6,60.0,1664.23,15.398571,low_med_up,False,False,False,False,False,0.0,0.0,50.0,0.0,0.0,0.0,0.0,0.0,50.0,0.0,0.0,-1,0.0,G2_EDGE,reg.buy_ok=False  regime='low_med_up',-1,0.0,0.0,
ETH/USDT,2265,2026-06-12 06:00:00,long,0.5144,86.38,60.0,1657.34,15.654286,low_med_flat,False,True,False,False,False,0.0,0.0,50.0,0.0,0.0,0.0,0.0,0.0,50.0,0.0,0.0,-1,0.0,G2_EDGE,reg.buy_ok=False  regime='low_med_flat',-1,0.0,0.0,
ETH/USDT,2266,2026-06-12 07:00:00,long,0.52246,74.71,60.0,1662.12,11.931429,low_med_flat,False,True,False,False,False,0.0,0.0,50.0,0.0,0.0,0.0,0.0,0.0,50.0,0.0,0.0,-1,0.0,G2_EDGE,reg.buy_ok=False  regime='low_med_flat',-1,0.0,0.0,
ETH/USDT,2267,2026-06-12 08:00:00,short,0.50702,89.05,60.0,1673.53,12.019286,low_med_up,False,False,False,False,False,0.0,0.0,50.0,0.0,0.0,0.0,0.0,0.0,50.0,0.0,0.0,-1,0.0,G2_EDGE,reg.sell_ok=False  regime='low_med_up',-1,0.0,0.0,
ETH/USDT,2268,2026-06-12 09:00:00,short,0.53075,64.01,60.0,1680.16,11.776429,low_med_up,False,False,False,False,False,0.0,0.0,50.0,0.0,0.0,0.0,0.0,0.0,50.0,0.0,0.0,-1,0.0,G2_EDGE,reg.sell_ok=False  regime='low_med_up',-1,0.0,0.0,
ETH/USDT,2269,2026-06-12 10:00:00,short,0.50773,62.36,60.0,1674.85,11.462857,low_low_up,False,True,False,True,False,0.0,0.3185563975345995,69.78041233556925,0.0,-0.000777,0.006,0.0,0.0,50.0,0.0,0.0,-1,0.0,G4_EV,ev=-0.00078 <= floor=0.00600  meta_conf=0.5077,-1,0.0,0.0,
ETH/USDT,2270,2026-06-12 11:00:00,short,0.51641,61.69,60.0,1673.89,11.124286,low_low_flat,False,True,False,True,False,0.0,0.27573149090872895,68.6598236647585,0.0,-0.000715,0.006,0.0,0.0,50.0,0.0,0.0,-1,0.0,G4_EV,ev=-0.00071 <= floor=0.00600  meta_conf=0.5164,-1,0.0,0.0,
ETH/USDT,2271,2026-06-12 12:00:00,long,0.5112,55.77,60.0,1666.54,11.341429,low_low_up,False,True,False,False,False,0.0,0.0,50.0,0.0,0.0,0.0,0.0,0.0,50.0,0.0,0.0,-1,0.0,G2_EDGE,reg.buy_ok=False  regime='low_low_up',-1,0.0,0.0,
ETH/USDT,2272,2026-06-12 13:00:00,long,0.51528,58.55,60.0,1657.6,11.777857,low_med_flat,False,True,False,False,False,0.0,0.0,50.0,0.0,0.0,0.0,0.0,0.0,50.0,0.0,0.0,-1,0.0,G2_EDGE,reg.buy_ok=False  regime='low_med_flat',-1,0.0,0.0,
ETH/USDT,2273,2026-06-12 14:00:00,long,0.51962,72.8,60.0,1685.64,13.334286,low_med_up,False,False,False,False,False,0.0,0.0,50.0,0.0,0.0,0.0,0.0,0.0,50.0,0.0,0.0,-1,0.0,G2_EDGE,reg.buy_ok=False  regime='low_med_up',-1,0.0,0.0,
ETH/USDT,2274,2026-06-12 15:00:00,long,0.52079,75.03,60.0,1660.08,14.799286,low_med_up,False,False,False,False,False,0.0,0.0,50.0,0.0,0.0,0.0,0.0,0.0,50.0,0.0,0.0,-1,0.0,G2_EDGE,reg.buy_ok=False  regime='low_med_up',-1,0.0,0.0,
ETH/USDT,2275,2026-06-12 16:00:00,long,0.53469,56.88,60.0,1672.9,15.290714,low_med_up,False,False,False,False,False,0.0,0.0,50.0,0.0,0.0,0.0,0.0,0.0,50.0,0.0,0.0,-1,0.0,G2_EDGE,reg.buy_ok=False  regime='low_med_up',-1,0.0,0.0,
ETH/USDT,2276,2026-06-12 17:00:00,long,0.51655,47.22,60.0,1668.84,15.500714,low_med_flat,False,True,False,False,False,0.0,0.0,50.0,0.0,0.0,0.0,0.0,0.0,50.0,0.0,0.0,-1,0.0,G2_EDGE,reg.buy_ok=False  regime='low_med_flat',-1,0.0,0.0,
ETH/USDT,2277,2026-06-12 18:00:00,long,0.5219,66.19,60.0,1666.87,15.305,low_med_flat,False,True,False,False,False,0.0,0.0,50.0,0.0,0.0,0.0,0.0,0.0,50.0,0.0,0.0,-1,0.0,G2_EDGE,reg.buy_ok=False  regime='low_med_flat',-1,0.0,0.0,
ETH/USDT,2278,2026-06-12 19:00:00,long,0.52256,67.2,60.0,1665.92,14.735,low_med_flat,False,True,False,False,False,0.0,0.0,50.0,0.0,0.0,0.0,0.0,0.0,50.0,0.0,0.0,-1,0.0,G2_EDGE,reg.buy_ok=False  regime='low_med_flat',-1,0.0,0.0,
ETH/USDT,2279,2026-06-12 20:00:00,long,0.51996,62.98,60.0,1664.92,14.099286,low_med_flat,False,True,False,False,False,0.0,0.0,50.0,0.0,0.0,0.0,0.0,0.0,50.0,0.0,0.0,-1,0.0,G2_EDGE,reg.buy_ok=False  regime='low_med_flat',-1,0.0,0.0,
ETH/USDT,2280,2026-06-12 21:00:00,long,0.51584,61.27,60.0,1664.19,13.816429,low_med_flat,False,True,False,False,False,0.0,0.0,50.0,0.0,0.0,0.0,0.0,0.0,50.0,0.0,0.0,-1,0.0,G2_EDGE,reg.buy_ok=False  regime='low_med_flat',-1,0.0,0.0,
ETH/USDT,2281,2026-06-12 22:00:00,short,0.51053,47.44,60.0,1662.6,13.097143,low_med_flat,False,True,False,False,False,0.0,0.0,50.0,0.0,0.0,0.0,0.0,0.0,50.0,0.0,0.0,-1,0.0,G2_EDGE,edge=47.4 < thr=60.0,-1,0.0,0.0,
ETH/USDT,2282,2026-06-12 23:00:00,short,0.50279,55.92,60.0,1666.41,12.612857,low_med_flat,False,True,False,False,False,0.0,0.0,50.0,0.0,0.0,0.0,0.0,0.0,50.0,0.0,0.0,-1,0.0,G2_EDGE,edge=55.9 < thr=60.0,-1,0.0,0.0,
ETH/USDT,2283,2026-06-13 00:00:00,long,0.51195,50.72,60.0,1667.47,12.083571,low_med_flat,False,True,False,False,False,0.0,0.0,50.0,0.0,0.0,0.0,0.0,0.0,50.0,0.0,0.0,-1,0.0,G2_EDGE,reg.buy_ok=False  regime='low_med_flat',-1,0.0,0.0,
ETH/USDT,2284,2026-06-13 01:00:00,short,0.50437,54.55,60.0,1674.03,12.295,low_med_flat,False,True,False,False,False,0.0,0.0,50.0,0.0,0.0,0.0,0.0,0.0,50.0,0.0,0.0,-1,0.0,G2_EDGE,edge=54.6 < thr=60.0,-1,0.0,0.0,
ETH/USDT,2285,2026-06-13 02:00:00,long,0.51266,54.71,60.0,1668.02,12.152857,low_med_flat,False,True,False,False,False,0.0,0.0,50.0,0.0,0.0,0.0,0.0,0.0,50.0,0.0,0.0,-1,0.0,G2_EDGE,reg.buy_ok=False  regime='low_med_flat',-1,0.0,0.0,
ETH/USDT,2286,2026-06-13 03:00:00,long,0.51911,62.2,60.0,1665.25,11.512857,low_low_flat,False,True,False,False,False,0.0,0.0,50.0,0.0,0.0,0.0,0.0,0.0,50.0,0.0,0.0,-1,0.0,G2_EDGE,reg.buy_ok=False  regime='low_low_flat',-1,0.0,0.0,
ETH/USDT,2287,2026-06-13 04:00:00,long,0.50386,59.53,60.0,1664.51,9.733571,low_low_flat,False,True,False,False,False,0.0,0.0,50.0,0.0,0.0,0.0,0.0,0.0,50.0,0.0,0.0,-1,0.0,G2_EDGE,reg.buy_ok=False  regime='low_low_flat',-1,0.0,0.0,
ETH/USDT,2288,2026-06-13 05:00:00,short,0.50871,45.88,60.0,1665.22,7.668571,low_low_flat,False,True,False,False,False,0.0,0.0,50.0,0.0,0.0,0.0,0.0,0.0,50.0,0.0,0.0,-1,0.0,G2_EDGE,edge=45.9 < thr=60.0,-1,0.0,0.0,
ETH/USDT,2289,2026-06-13 06:00:00,short,0.51435,54.4,60.0,1669.7,6.807143,low_low_up,False,True,False,False,False,0.0,0.0,50.0,0.0,0.0,0.0,0.0,0.0,50.0,0.0,0.0,-1,0.0,G2_EDGE,edge=54.4 < thr=60.0,-1,0.0,0.0,
ETH/USDT,2290,2026-06-13 07:00:00,short,0.50962,53.27,60.0,1676.38,6.702857,low_low_up,False,True,False,False,False,0.0,0.0,50.0,0.0,0.0,0.0,0.0,0.0,50.0,0.0,0.0,-1,0.0,G2_EDGE,edge=53.3 < thr=60.0,-1,0.0,0.0,
ETH/USDT,2291,2026-06-13 08:00:00,short,0.50657,53.27,60.0,1674.57,6.44,low_low_flat,False,True,False,False,False,0.0,0.0,50.0,0.0,0.0,0.0,0.0,0.0,50.0,0.0,0.0,-1,0.0,G2_EDGE,edge=53.3 < thr=60.0,-1,0.0,0.0,
ETH/USDT,2292,2026-06-13 09:00:00,short,0.55469,51.82,60.0,1673.7,6.14,low_low_flat,False,True,False,False,False,0.0,0.0,50.0,0.0,0.0,0.0,0.0,0.0,50.0,0.0,0.0,-1,0.0,G2_EDGE,edge=51.8 < thr=60.0,-1,0.0,0.0,
ETH/USDT,2293,2026-06-13 10:00:00,short,0.54822,51.37,60.0,1674.18,5.978571,low_low_flat,False,True,False,False,False,0.0,0.0,50.0,0.0,0.0,0.0,0.0,0.0,50.0,0.0,0.0,-1,0.0,G2_EDGE,edge=51.4 < thr=60.0,-1,0.0,0.0,
ETH/USDT,2294,2026-06-13 11:00:00,short,0.53627,50.42,60.0,1678.34,6.022143,low_low_flat,False,True,False,False,False,0.0,0.0,50.0,0.0,0.0,0.0,0.0,0.0,50.0,0.0,0.0,-1,0.0,G2_EDGE,edge=50.4 < thr=60.0,-1,0.0,0.0,
ETH/USDT,2295,2026-06-13 12:00:00,short,0.52826,61.49,60.0,1680.53,6.075714,low_low_up,False,True,False,True,False,0.0,0.5694464495606288,60.51569799161515,1.0,-0.002097,0.006,0.0,0.0,50.0,0.0,0.0,-1,0.0,G4_EV,ev=-0.00210 <= floor=0.00600  meta_conf=0.5283,-1,0.0,0.0,
ETH/USDT,2296,2026-06-13 13:00:00,short,0.53247,72.87,60.0,1678.02,5.897143,low_low_up,False,True,False,True,True,0.0,0.44610127739782224,63.58534265331035,0.0,-0.00211,0.006,0.0,0.0,50.0,0.0,0.0,-1,0.0,G4_EV,ev=-0.00211 <= floor=0.00600  meta_conf=0.5325,-1,0.0,0.0,
ETH/USDT,2297,2026-06-13 14:00:00,short,0.56932,70.26,60.0,1679.97,5.87,low_low_flat,False,True,False,True,True,0.0,0.5446080163453441,61.49014803594782,0.0,-0.001774,0.006,0.0,0.0,50.0,0.0,0.0,-1,0.0,G4_EV,ev=-0.00177 <= floor=0.00600  meta_conf=0.5693,-1,0.0,0.0,
ETH/USDT,2298,2026-06-13 15:00:00,short,0.50681,90.53,60.0,1682.15,5.776429,low_low_up,False,True,False,True,True,0.0,0.604563731086363,54.55082287673581,0.0,-0.002392,0.006,0.0,0.0,50.0,0.0,0.0,-1,0.0,G4_EV,ev=-0.00239 <= floor=0.00600  meta_conf=0.5068,-1,0.0,0.0,
ETH/USDT,2299,2026-06-13 16:00:00,short,0.50451,92.57,60.0,1676.74,5.934286,low_low_flat,False,True,False,True,True,0.0,0.397875828515751,52.18585898453454,0.0,-0.002364,0.006,0.0,0.0,50.0,0.0,0.0,-1,0.0,G4_EV,ev=-0.00236 <= floor=0.00600  meta_conf=0.5045,-1,0.0,0.0,
ETH/USDT,2300,2026-06-13 17:00:00,short,0.52053,71.87,60.0,1674.31,5.86,low_low_flat,False,True,False,True,True,0.0,0.3094037939101993,49.89994959108692,0.0,-0.002231,0.006,0.0,0.0,50.0,0.0,0.0,-1,0.0,G4_EV,ev=-0.00223 <= floor=0.00600  meta_conf=0.5205,-1,0.0,0.0,
ETH/USDT,2301,2026-06-13 18:00:00,short,0.53919,68.79,60.0,1678.53,6.122143,low_low_flat,False,True,False,True,True,0.0,0.4998071170825747,48.363888507873604,0.0,-0.001973,0.006,0.0,0.0,50.0,0.0,0.0,-1,0.0,G4_EV,ev=-0.00197 <= floor=0.00600  meta_conf=0.5392,-1,0.0,0.0,
ETH/USDT,2302,2026-06-13 19:00:00,short,0.52583,69.47,60.0,1678.29,6.174286,low_low_up,False,True,False,True,True,0.0,0.39803584876292053,50.41739099915367,0.0,-0.002088,0.006,0.0,0.0,50.0,0.0,0.0,-1,0.0,G4_EV,ev=-0.00209 <= floor=0.00600  meta_conf=0.5258,-1,0.0,0.0,
ETH/USDT,2303,2026-06-13 20:00:00,short,0.52402,69.57,60.0,1676.53,5.947143,low_low_flat,False,True,False,True,True,0.0,0.25872695922783157,58.6040408190025,0.0,-0.002174,0.006,0.0,0.0,50.0,0.0,0.0,-1,0.0,G4_EV,ev=-0.00217 <= floor=0.00600  meta_conf=0.5240,-1,0.0,0.0,
ETH/USDT,2304,2026-06-13 21:00:00,long,0.50512,76.1,60.0,1686.44,6.882857,low_low_up,False,True,False,False,False,0.0,0.0,50.0,0.0,0.0,0.0,0.0,0.0,50.0,0.0,0.0,-1,0.0,G2_EDGE,reg.buy_ok=False  regime='low_low_up',-1,0.0,0.0,
ETH/USDT,2305,2026-06-13 22:00:00,short,0.52755,72.67,60.0,1681.63,6.792857,low_low_up,False,True,False,True,True,0.0,0.23918844499198186,45.3299566357772,0.0,-0.001882,0.006,0.0,0.0,50.0,0.0,0.0,-1,0.0,G4_EV,ev=-0.00188 <= floor=0.00600  meta_conf=0.5275,-1,0.0,0.0,
ETH/USDT,2306,2026-06-13 23:00:00,short,0.50887,69.7,60.0,1681.18,6.987857,low_low_up,False,True,False,True,True,0.0,0.32179062004589687,45.703978388033754,0.0,-0.00203,0.006,0.0,0.0,50.0,0.0,0.0,-1,0.0,G4_EV,ev=-0.00203 <= floor=0.00600  meta_conf=0.5089,-1,0.0,0.0,
ETH/USDT,2307,2026-06-14 00:00:00,short,0.50857,69.14,60.0,1681.91,7.067857,low_low_up,False,True,False,True,True,0.0,0.408868200870072,46.17914781919618,0.0,-0.002012,0.006,0.0,0.0,50.0,0.0,0.0,-1,0.0,G4_EV,ev=-0.00201 <= floor=0.00600  meta_conf=0.5086,-1,0.0,0.0,
ETH/USDT,2308,2026-06-14 01:00:00,short,0.50569,70.06,60.0,1683.99,7.4,low_low_flat,False,True,False,True,True,0.0,0.4817410566667196,46.77178660661014,0.0,-0.001955,0.006,0.0,0.0,50.0,0.0,0.0,-1,0.0,G4_EV,ev=-0.00196 <= floor=0.00600  meta_conf=0.5057,-1,0.0,0.0,
ETH/USDT,2309,2026-06-14 02:00:00,short,0.50651,69.19,60.0,1682.47,7.209286,low_low_up,False,True,False,True,True,0.0,0.2787303592881004,47.25249897457876,0.0,-0.001996,0.006,0.0,0.0,50.0,0.0,0.0,-1,0.0,G4_EV,ev=-0.00200 <= floor=0.00600  meta_conf=0.5065,-1,0.0,0.0,
ETH/USDT,2310,2026-06-14 03:00:00,long,0.53015,76.07,60.0,1681.73,7.105,low_low_up,False,True,False,False,False,0.0,0.0,50.0,0.0,0.0,0.0,0.0,0.0,50.0,0.0,0.0,-1,0.0,G2_EDGE,reg.buy_ok=False  regime='low_low_up',-1,0.0,0.0,
ETH/USDT,2311,2026-06-14 04:00:00,long,0.52836,75.39,60.0,1677.95,7.295,low_low_up,False,True,False,False,False,0.0,0.0,50.0,0.0,0.0,0.0,0.0,0.0,50.0,0.0,0.0,-1,0.0,G2_EDGE,reg.buy_ok=False  regime='low_low_up',-1,0.0,0.0,
ETH/USDT,2312,2026-06-14 05:00:00,long,0.53557,77.63,60.0,1678.13,7.086429,low_low_up,False,True,False,False,False,0.0,0.0,50.0,0.0,0.0,0.0,0.0,0.0,50.0,0.0,0.0,-1,0.0,G2_EDGE,reg.buy_ok=False  regime='low_low_up',-1,0.0,0.0,
ETH/USDT,2313,2026-06-14 06:00:00,long,0.51599,77.64,60.0,1676.39,6.812143,low_low_flat,False,True,False,False,False,0.0,0.0,50.0,0.0,0.0,0.0,0.0,0.0,50.0,0.0,0.0,-1,0.0,G2_EDGE,reg.buy_ok=False  regime='low_low_flat',-1,0.0,0.0,
ETH/USDT,2314,2026-06-14 07:00:00,long,0.51286,71.33,60.0,1675.91,6.716429,low_low_flat,False,True,False,False,False,0.0,0.0,50.0,0.0,0.0,0.0,0.0,0.0,50.0,0.0,0.0,-1,0.0,G2_EDGE,reg.buy_ok=False  regime='low_low_flat',-1,0.0,0.0,
ETH/USDT,2315,2026-06-14 08:00:00,long,0.50656,70.71,60.0,1675.58,6.413571,low_low_flat,False,True,False,False,False,0.0,0.0,50.0,0.0,0.0,0.0,0.0,0.0,50.0,0.0,0.0,-1,0.0,G2_EDGE,reg.buy_ok=False  regime='low_low_flat',-1,0.0,0.0,
ETH/USDT,2316,2026-06-14 09:00:00,long,0.53733,83.72,60.0,1678.49,6.821429,low_low_flat,False,True,False,False,False,0.0,0.0,50.0,0.0,0.0,0.0,0.0,0.0,50.0,0.0,0.0,-1,0.0,G2_EDGE,reg.buy_ok=False  regime='low_low_flat',-1,0.0,0.0,
ETH/USDT,2317,2026-06-14 10:00:00,short,0.521,78.24,60.0,1673.13,6.980714,low_low_flat,False,True,False,True,True,0.0,-0.5178522920048511,47.12849827174824,0.0,-0.001886,0.006,0.0,0.0,50.0,0.0,0.0,-1,0.0,G4_EV,ev=-0.00189 <= floor=0.00600  meta_conf=0.5210,-1,0.0,0.0,
ETH/USDT,2318,2026-06-14 11:00:00,short,0.5325,69.18,60.0,1673.73,5.725,low_low_flat,False,True,False,True,True,0.0,-0.47211239111364,57.375570759528195,0.0,-0.002161,0.006,0.0,0.0,50.0,0.0,0.0,-1,0.0,G4_EV,ev=-0.00216 <= floor=0.00600  meta_conf=0.5325,-1,0.0,0.0,
ETH/USDT,2319,2026-06-14 12:00:00,long,0.50948,84.0,60.0,1666.9,6.025,low_low_flat,False,True,False,False,False,0.0,0.0,50.0,0.0,0.0,0.0,0.0,0.0,50.0,0.0,0.0,-1,0.0,G2_EDGE,reg.buy_ok=False  regime='low_low_flat',-1,0.0,0.0,
ETH/USDT,2320,2026-06-14 13:00:00,long,0.5147,83.5,60.0,1666.54,5.921429,low_low_flat,False,True,False,False,False,0.0,0.0,50.0,0.0,0.0,0.0,0.0,0.0,50.0,0.0,0.0,-1,0.0,G2_EDGE,reg.buy_ok=False  regime='low_low_flat',-1,0.0,0.0,
ETH/USDT,2321,2026-06-14 14:00:00,long,0.52856,100.0,60.0,1659.76,6.679286,low_low_flat,False,True,False,False,False,0.0,0.0,50.0,0.0,0.0,0.0,0.0,0.0,50.0,0.0,0.0,-1,0.0,G2_EDGE,reg.buy_ok=False  regime='low_low_flat',-1,0.0,0.0,
ETH/USDT,2322,2026-06-14 15:00:00,long,0.52827,82.4,60.0,1662.95,6.322857,low_low_flat,False,True,False,False,False,0.0,0.0,50.0,0.0,0.0,0.0,0.0,0.0,50.0,0.0,0.0,-1,0.0,G2_EDGE,reg.buy_ok=False  regime='low_low_flat',-1,0.0,0.0,
ETH/USDT,2323,2026-06-14 16:00:00,long,0.54738,86.54,60.0,1661.38,6.687143,low_low_flat,False,True,False,False,False,0.0,0.0,50.0,0.0,0.0,0.0,0.0,0.0,50.0,0.0,0.0,-1,0.0,G2_EDGE,reg.buy_ok=False  regime='low_low_flat',-1,0.0,0.0,
ETH/USDT,2324,2026-06-14 17:00:00,long,0.52992,84.57,60.0,1662.09,6.842143,low_low_flat,False,True,False,False,False,0.0,0.0,50.0,0.0,0.0,0.0,0.0,0.0,50.0,0.0,0.0,-1,0.0,G2_EDGE,reg.buy_ok=False  regime='low_low_flat',-1,0.0,0.0,
ETH/USDT,2325,2026-06-14 18:00:00,long,0.5178,78.8,60.0,1662.08,6.7,low_low_flat,False,True,False,False,False,0.0,0.0,50.0,0.0,0.0,0.0,0.0,0.0,50.0,0.0,0.0,-1,0.0,G2_EDGE,reg.buy_ok=False  regime='low_low_flat',-1,0.0,0.0,
ETH/USDT,2326,2026-06-14 19:00:00,long,0.52912,80.63,60.0,1665.43,6.818571,low_low_flat,False,True,False,False,False,0.0,0.0,50.0,0.0,0.0,0.0,0.0,0.0,50.0,0.0,0.0,-1,0.0,G2_EDGE,reg.buy_ok=False  regime='low_low_flat',-1,0.0,0.0,
ETH/USDT,2327,2026-06-14 20:00:00,long,0.52943,84.93,60.0,1670.48,7.093571,low_low_flat,False,True,False,False,False,0.0,0.0,50.0,0.0,0.0,0.0,0.0,0.0,50.0,0.0,0.0,-1,0.0,G2_EDGE,reg.buy_ok=False  regime='low_low_flat',-1,0.0,0.0,
ETH/USDT,2328,2026-06-14 21:00:00,short,0.56395,100.0,60.0,1718.67,11.270714,low_low_up,False,True,False,True,False,0.0,0.7270068781648695,8.28912663427929,1.0,8.3e-05,0.006,0.0,0.0,50.0,0.0,0.0,-1,0.0,G4_EV,ev=0.00008 <= floor=0.00600  meta_conf=0.5639,-1,0.0,0.0,
ETH/USDT,2329,2026-06-14 22:00:00,short,0.55378,100.0,60.0,1722.62,12.168571,low_med_up,False,False,False,False,False,0.0,0.0,50.0,0.0,0.0,0.0,0.0,0.0,50.0,0.0,0.0,-1,0.0,G2_EDGE,reg.sell_ok=False  regime='low_med_up',-1,0.0,0.0,
ETH/USDT,2330,2026-06-14 23:00:00,short,0.56769,85.17,60.0,1725.62,12.153571,low_med_up,False,False,False,False,False,0.0,0.0,50.0,0.0,0.0,0.0,0.0,0.0,50.0,0.0,0.0,-1,0.0,G2_EDGE,reg.sell_ok=False  regime='low_med_up',-1,0.0,0.0,
ETH/USDT,2331,2026-06-15 00:00:00,short,0.5691,86.61,60.0,1720.83,12.713571,low_med_up,False,False,False,False,False,0.0,0.0,50.0,0.0,0.0,0.0,0.0,0.0,50.0,0.0,0.0,-1,0.0,G2_EDGE,reg.sell_ok=False  regime='low_med_up',-1,0.0,0.0,
ETH/USDT,2332,2026-06-15 01:00:00,short,0.57358,85.57,60.0,1715.79,13.246429,low_med_up,False,False,False,False,False,0.0,0.0,50.0,0.0,0.0,0.0,0.0,0.0,50.0,0.0,0.0,-1,0.0,G2_EDGE,reg.sell_ok=False  regime='low_med_up',-1,0.0,0.0,
ETH/USDT,2333,2026-06-15 02:00:00,short,0.59697,84.54,60.0,1716.78,13.496429,low_med_up,False,False,False,False,False,0.0,0.0,50.0,0.0,0.0,0.0,0.0,0.0,50.0,0.0,0.0,-1,0.0,G2_EDGE,reg.sell_ok=False  regime='low_med_up',-1,0.0,0.0,
ETH/USDT,2334,2026-06-15 03:00:00,short,0.6184,85.8,60.0,1720.78,13.78,low_med_up,False,False,False,False,False,0.0,0.0,50.0,0.0,0.0,0.0,0.0,0.0,50.0,0.0,0.0,-1,0.0,G2_EDGE,reg.sell_ok=False  regime='low_med_up',-1,0.0,0.0,
ETH/USDT,2335,2026-06-15 04:00:00,short,0.6126,86.73,60.0,1717.04,13.028571,low_med_up,False,False,False,False,False,0.0,0.0,50.0,0.0,0.0,0.0,0.0,0.0,50.0,0.0,0.0,-1,0.0,G2_EDGE,reg.sell_ok=False  regime='low_med_up',-1,0.0,0.0,
ETH/USDT,2336,2026-06-15 05:00:00,short,0.63538,84.43,60.0,1720.66,13.143571,low_med_up,False,False,False,False,False,0.0,0.0,50.0,0.0,0.0,0.0,0.0,0.0,50.0,0.0,0.0,-1,0.0,G2_EDGE,reg.sell_ok=False  regime='low_med_up',-1,0.0,0.0,
ETH/USDT,2337,2026-06-15 06:00:00,short,0.62951,85.08,60.0,1719.82,12.845714,low_med_up,False,False,False,False,False,0.0,0.0,50.0,0.0,0.0,0.0,0.0,0.0,50.0,0.0,0.0,-1,0.0,G2_EDGE,reg.sell_ok=False  regime='low_med_up',-1,0.0,0.0,
ETH/USDT,2338,2026-06-15 07:00:00,short,0.63453,86.18,60.0,1716.59,12.967857,low_med_up,False,False,False,False,False,0.0,0.0,50.0,0.0,0.0,0.0,0.0,0.0,50.0,0.0,0.0,-1,0.0,G2_EDGE,reg.sell_ok=False  regime='low_med_up',-1,0.0,0.0,
ETH/USDT,2339,2026-06-15 08:00:00,short,0.58722,82.37,60.0,1720.36,13.11,low_med_up,False,False,False,False,False,0.0,0.0,50.0,0.0,0.0,0.0,0.0,0.0,50.0,0.0,0.0,-1,0.0,G2_EDGE,reg.sell_ok=False  regime='low_med_up',-1,0.0,0.0,
ETH/USDT,2340,2026-06-15 09:00:00,short,0.57809,86.91,60.0,1718.65,13.679286,low_med_up,False,False,False,False,False,0.0,0.0,50.0,0.0,0.0,0.0,0.0,0.0,50.0,0.0,0.0,-1,0.0,G2_EDGE,reg.sell_ok=False  regime='low_med_up',-1,0.0,0.0,
ETH/USDT,2341,2026-06-15 10:00:00,short,0.55034,90.22,60.0,1737.77,15.056429,low_med_up,False,False,False,False,False,0.0,0.0,50.0,0.0,0.0,0.0,0.0,0.0,50.0,0.0,0.0,-1,0.0,G2_EDGE,reg.sell_ok=False  regime='low_med_up',-1,0.0,0.0,
ETH/USDT,2342,2026-06-15 11:00:00,short,0.56179,100.0,60.0,1764.67,13.097857,med_med_up,False,True,False,True,False,0.0,0.7448946943403,42.98125769236929,1.0,0.000578,0.006,0.0,0.0,50.0,0.0,0.0,-1,0.0,G4_EV,ev=0.00058 <= floor=0.00600  meta_conf=0.5618,-1,0.0,0.0,
ETH/USDT,2343,2026-06-15 12:00:00,short,0.55447,87.02,60.0,1777.48,13.15,med_med_up,False,True,False,True,False,0.0,0.7512566752345688,37.95920748535752,1.0,0.000417,0.006,0.0,0.0,50.0,0.0,0.0,-1,0.0,G4_EV,ev=0.00042 <= floor=0.00600  meta_conf=0.5545,-1,0.0,0.0,
ETH/USDT,2344,2026-06-15 13:00:00,short,0.55434,100.0,60.0,1814.12,16.252143,med_med_up,False,True,False,True,False,0.0,0.7499080560710573,17.960113016371363,1.0,0.001346,0.006,0.0,0.0,50.0,0.0,0.0,-1,0.0,G4_EV,ev=0.00135 <= floor=0.00600  meta_conf=0.5543,-1,0.0,0.0,
ETH/USDT,2345,2026-06-15 14:00:00,short,0.56931,85.37,60.0,1814.55,16.295714,med_med_up,False,True,False,True,False,0.0,0.7161549932509748,18.66945886082699,0.0,0.001722,0.006,0.0,0.0,50.0,0.0,0.0,-1,0.0,G4_EV,ev=0.00172 <= floor=0.00600  meta_conf=0.5693,-1,0.0,0.0,
ETH/USDT,2346,2026-06-15 15:00:00,short,0.55565,90.24,60.0,1845.53,18.02,high_med_up,,,True,False,False,0.0,0.0,50.0,0.0,0.0,0.0,0.0,0.0,50.0,0.0,0.0,-1,0.0,G1_REGIME,regime='high_med_up' skipped=True reg_empty=False,-1,0.0,0.0,
ETH/USDT,2347,2026-06-15 16:00:00,short,0.56465,86.0,60.0,1842.85,17.8,high_med_up,,,True,False,False,0.0,0.0,50.0,0.0,0.0,0.0,0.0,0.0,50.0,0.0,0.0,-1,0.0,G1_REGIME,regime='high_med_up' skipped=True reg_empty=False,-1,0.0,0.0,
ETH/USDT,2348,2026-06-15 17:00:00,short,0.58114,86.61,60.0,1829.19,18.561429,high_med_up,,,True,False,False,0.0,0.0,50.0,0.0,0.0,0.0,0.0,0.0,50.0,0.0,0.0,-1,0.0,G1_REGIME,regime='high_med_up' skipped=True reg_empty=False,-1,0.0,0.0,
ETH/USDT,2349,2026-06-15 18:00:00,short,0.60625,83.52,60.0,1828.13,18.915,high_high_up,,,True,False,False,0.0,0.0,50.0,0.0,0.0,0.0,0.0,0.0,50.0,0.0,0.0,-1,0.0,G1_REGIME,regime='high_high_up' skipped=True reg_empty=False,-1,0.0,0.0,
ETH/USDT,2350,2026-06-15 19:00:00,short,0.59399,75.85,60.0,1821.89,20.065,high_high_up,,,True,False,False,0.0,0.0,50.0,0.0,0.0,0.0,0.0,0.0,50.0,0.0,0.0,-1,0.0,G1_REGIME,regime='high_high_up' skipped=True reg_empty=False,-1,0.0,0.0,
ETH/USDT,2351,2026-06-15 20:00:00,short,0.6156,74.46,60.0,1816.95,20.511429,high_high_up,,,True,False,False,0.0,0.0,50.0,0.0,0.0,0.0,0.0,0.0,50.0,0.0,0.0,-1,0.0,G1_REGIME,regime='high_high_up' skipped=True reg_empty=False,-1,0.0,0.0,
ETH/USDT,2352,2026-06-15 21:00:00,short,0.63625,76.37,60.0,1811.35,20.890714,high_high_up,,,True,False,False,0.0,0.0,50.0,0.0,0.0,0.0,0.0,0.0,50.0,0.0,0.0,-1,0.0,G1_REGIME,regime='high_high_up' skipped=True reg_empty=False,-1,0.0,0.0,
ETH/USDT,2353,2026-06-15 22:00:00,short,0.62326,79.36,60.0,1789.68,22.336429,high_high_up,,,True,False,False,0.0,0.0,50.0,0.0,0.0,0.0,0.0,0.0,50.0,0.0,0.0,-1,0.0,G1_REGIME,regime='high_high_up' skipped=True reg_empty=False,-1,0.0,0.0,
ETH/USDT,2354,2026-06-15 23:00:00,short,0.59809,77.04,60.0,1796.13,22.335714,high_high_up,,,True,False,False,0.0,0.0,50.0,0.0,0.0,0.0,0.0,0.0,50.0,0.0,0.0,-1,0.0,G1_REGIME,regime='high_high_up' skipped=True reg_empty=False,-1,0.0,0.0,
ETH/USDT,2355,2026-06-16 00:00:00,short,0.60199,76.84,60.0,1789.6,21.104286,high_high_up,,,True,False,False,0.0,0.0,50.0,0.0,0.0,0.0,0.0,0.0,50.0,0.0,0.0,-1,0.0,G1_REGIME,regime='high_high_up' skipped=True reg_empty=False,-1,0.0,0.0,
ETH/USDT,2356,2026-06-16 01:00:00,short,0.60744,75.91,60.0,1792.27,19.204286,high_high_up,,,True,False,False,0.0,0.0,50.0,0.0,0.0,0.0,0.0,0.0,50.0,0.0,0.0,-1,0.0,G1_REGIME,regime='high_high_up' skipped=True reg_empty=False,-1,0.0,0.0,
ETH/USDT,2357,2026-06-16 02:00:00,short,0.60211,84.31,60.0,1770.13,19.862143,high_high_up,,,True,False,False,0.0,0.0,50.0,0.0,0.0,0.0,0.0,0.0,50.0,0.0,0.0,-1,0.0,G1_REGIME,regime='high_high_up' skipped=True reg_empty=False,-1,0.0,0.0,
ETH/USDT,2358,2026-06-16 03:00:00,short,0.59935,81.44,60.0,1779.16,17.206429,high_med_up,,,True,False,False,0.0,0.0,50.0,0.0,0.0,0.0,0.0,0.0,50.0,0.0,0.0,-1,0.0,G1_REGIME,regime='high_med_up' skipped=True reg_empty=False,-1,0.0,0.0,
ETH/USDT,2359,2026-06-16 04:00:00,short,0.54353,82.07,60.0,1760.64,18.024286,high_med_up,,,True,False,False,0.0,0.0,50.0,0.0,0.0,0.0,0.0,0.0,50.0,0.0,0.0,-1,0.0,G1_REGIME,regime='high_med_up' skipped=True reg_empty=False,-1,0.0,0.0,
ETH/USDT,2360,2026-06-16 05:00:00,short,0.55052,69.05,60.0,1762.05,15.812857,high_med_up,,,True,False,False,0.0,0.0,50.0,0.0,0.0,0.0,0.0,0.0,50.0,0.0,0.0,-1,0.0,G1_REGIME,regime='high_med_up' skipped=True reg_empty=False,-1,0.0,0.0,
ETH/USDT,2361,2026-06-16 06:00:00,short,0.61504,70.22,60.0,1771.4,15.989286,high_med_up,,,True,False,False,0.0,0.0,50.0,0.0,0.0,0.0,0.0,0.0,50.0,0.0,0.0,-1,0.0,G1_REGIME,regime='high_med_up' skipped=True reg_empty=False,-1,0.0,0.0,
ETH/USDT,2362,2026-06-16 07:00:00,short,0.54447,67.93,60.0,1774.24,15.144286,high_med_up,,,True,False,False,0.0,0.0,50.0,0.0,0.0,0.0,0.0,0.0,50.0,0.0,0.0,-1,0.0,G1_REGIME,regime='high_med_up' skipped=True reg_empty=False,-1,0.0,0.0,
ETH/USDT,2363,2026-06-16 08:00:00,short,0.58334,80.37,60.0,1803.23,16.929286,high_med_up,,,True,False,False,0.0,0.0,50.0,0.0,0.0,0.0,0.0,0.0,50.0,0.0,0.0,-1,0.0,G1_REGIME,regime='high_med_up' skipped=True reg_empty=False,-1,0.0,0.0,
ETH/USDT,2364,2026-06-16 09:00:00,short,0.52032,79.05,60.0,1789.63,16.639286,high_med_up,,,True,False,False,0.0,0.0,50.0,0.0,0.0,0.0,0.0,0.0,50.0,0.0,0.0,-1,0.0,G1_REGIME,regime='high_med_up' skipped=True reg_empty=False,-1,0.0,0.0,
ETH/USDT,2365,2026-06-16 10:00:00,short,0.57154,80.25,60.0,1793.95,16.646429,high_med_up,,,True,False,False,0.0,0.0,50.0,0.0,0.0,0.0,0.0,0.0,50.0,0.0,0.0,-1,0.0,G1_REGIME,regime='high_med_up' skipped=True reg_empty=False,-1,0.0,0.0,
ETH/USDT,2366,2026-06-16 11:00:00,short,0.57726,75.41,60.0,1799.59,16.409286,high_med_up,,,True,False,False,0.0,0.0,50.0,0.0,0.0,0.0,0.0,0.0,50.0,0.0,0.0,-1,0.0,G1_REGIME,regime='high_med_up' skipped=True reg_empty=False,-1,0.0,0.0,
ETH/USDT,2367,2026-06-16 12:00:00,short,0.53134,94.94,60.0,1814.88,17.588571,high_med_up,,,True,False,False,0.0,0.0,50.0,0.0,0.0,0.0,0.0,0.0,50.0,0.0,0.0,-1,0.0,G1_REGIME,regime='high_med_up' skipped=True reg_empty=False,-1,0.0,0.0,
ETH/USDT,2368,2026-06-16 13:00:00,short,0.51243,98.11,60.0,1797.88,18.357857,med_med_flat,False,True,False,False,False,0.0,0.13482707012519385,41.56845526952527,0.0,0.000938,0.006,0.0,0.0,50.0,0.0,0.0,-1,0.0,G4_EV,ev=0.00094 <= floor=0.00600  meta_conf=0.5124,-1,0.0,0.0,
ETH/USDT,2369,2026-06-16 14:00:00,short,0.50309,91.45,60.0,1780.56,20.437857,high_high_down,False,True,False,False,True,0.0,-0.17693292465014393,41.46520894528215,0.0,0.001261,0.006,0.0,0.0,50.0,0.0,0.0,-1,0.0,G4_EV,ev=0.00126 <= floor=0.00600  meta_conf=0.5031,-1,0.0,0.0,
ETH/USDT,2370,2026-06-16 15:00:00,short,0.52192,70.74,60.0,1782.44,20.831429,med_high_down,,,True,False,False,0.0,0.0,50.0,0.0,0.0,0.0,0.0,0.0,50.0,0.0,0.0,-1,0.0,G1_REGIME,regime='med_high_down' skipped=True reg_empty=False,-1,0.0,0.0,
ETH/USDT,2371,2026-06-16 16:00:00,short,0.53629,68.02,60.0,1777.89,19.820714,med_high_down,,,True,False,False,0.0,0.0,50.0,0.0,0.0,0.0,0.0,0.0,50.0,0.0,0.0,-1,0.0,G1_REGIME,regime='med_high_down' skipped=True reg_empty=False,-1,0.0,0.0,
ETH/USDT,2372,2026-06-16 17:00:00,short,0.52329,75.07,60.0,1795.1,20.262143,med_high_down,,,True,False,False,0.0,0.0,50.0,0.0,0.0,0.0,0.0,0.0,50.0,0.0,0.0,-1,0.0,G1_REGIME,regime='med_high_down' skipped=True reg_empty=False,-1,0.0,0.0,
ETH/USDT,2373,2026-06-16 18:00:00,short,0.52551,75.59,60.0,1799.21,19.586429,med_high_down,,,True,False,False,0.0,0.0,50.0,0.0,0.0,0.0,0.0,0.0,50.0,0.0,0.0,-1,0.0,G1_REGIME,regime='med_high_down' skipped=True reg_empty=False,-1,0.0,0.0,
ETH/USDT,2374,2026-06-16 19:00:00,short,0.52623,75.97,60.0,1795.41,19.977143,med_high_flat,,,True,False,False,0.0,0.0,50.0,0.0,0.0,0.0,0.0,0.0,50.0,0.0,0.0,-1,0.0,G1_REGIME,regime='med_high_flat' skipped=True reg_empty=False,-1,0.0,0.0,
ETH/USDT,2375,2026-06-16 20:00:00,short,0.55383,73.15,60.0,1797.82,19.752143,med_high_flat,,,True,False,False,0.0,0.0,50.0,0.0,0.0,0.0,0.0,0.0,50.0,0.0,0.0,-1,0.0,G1_REGIME,regime='med_high_flat' skipped=True reg_empty=False,-1,0.0,0.0,
ETH/USDT,2376,2026-06-16 21:00:00,short,0.54959,73.37,60.0,1796.52,19.927857,med_high_flat,,,True,False,False,0.0,0.0,50.0,0.0,0.0,0.0,0.0,0.0,50.0,0.0,0.0,-1,0.0,G1_REGIME,regime='med_high_flat' skipped=True reg_empty=False,-1,0.0,0.0,
ETH/USDT,2377,2026-06-16 22:00:00,short,0.59744,76.09,60.0,1796.21,18.052143,med_med_flat,False,True,False,False,False,0.0,0.07500019578341555,47.02174109069517,0.0,0.003166,0.006,0.0,0.0,50.0,0.0,0.0,-1,0.0,G4_EV,ev=0.00317 <= floor=0.00600  meta_conf=0.5974,-1,0.0,0.0,
ETH/USDT,2378,2026-06-16 23:00:00,short,0.53993,74.35,60.0,1792.99,17.26,med_med_flat,False,True,False,False,False,0.0,0.015078670084535208,47.11063128623178,0.0,0.00137,0.006,0.0,0.0,50.0,0.0,0.0,-1,0.0,G4_EV,ev=0.00137 <= floor=0.00600  meta_conf=0.5399,-1,0.0,0.0,
ETH/USDT,2379,2026-06-17 00:00:00,short,0.57467,75.06,60.0,1794.22,16.950714,med_med_flat,False,True,False,False,False,0.0,0.08127445171607121,47.154130868035345,0.0,0.002156,0.006,0.0,0.0,50.0,0.0,0.0,-1,0.0,G4_EV,ev=0.00216 <= floor=0.00600  meta_conf=0.5747,-1,0.0,0.0,
ETH/USDT,2380,2026-06-17 01:00:00,short,0.58452,76.79,60.0,1797.76,17.724286,med_med_flat,False,True,False,False,False,0.0,0.23582204701508586,47.34154639179031,0.0,0.002687,0.006,0.0,0.0,50.0,0.0,0.0,-1,0.0,G4_EV,ev=0.00269 <= floor=0.00600  meta_conf=0.5845,-1,0.0,0.0,
ETH/USDT,2381,2026-06-17 02:00:00,short,0.56574,77.97,60.0,1795.59,16.179286,med_med_up,False,True,False,False,False,0.0,0.12353789035388245,60.47708522895106,0.0,0.001654,0.006,0.0,0.0,50.0,0.0,0.0,-1,0.0,G4_EV,ev=0.00165 <= floor=0.00600  meta_conf=0.5657,-1,0.0,0.0,
ETH/USDT,2382,2026-06-17 03:00:00,short,0.55073,76.08,60.0,1793.58,15.049286,med_med_up,False,True,False,False,False,0.0,0.0025008891550205286,65.200307637623,0.0,0.000925,0.006,0.0,0.0,50.0,0.0,0.0,-1,0.0,G4_EV,ev=0.00093 <= floor=0.00600  meta_conf=0.5507,-1,0.0,0.0,
ETH/USDT,2383,2026-06-17 04:00:00,short,0.52858,72.53,60.0,1794.3,12.733571,med_med_up,False,True,False,False,False,0.0,0.2009158353386014,72.82846781917975,0.0,-0.000259,0.006,0.0,0.0,50.0,0.0,0.0,-1,0.0,G4_EV,ev=-0.00026 <= floor=0.00600  meta_conf=0.5286,-1,0.0,0.0,
ETH/USDT,2384,2026-06-17 05:00:00,short,0.52553,74.28,60.0,1793.98,12.485,med_med_up,False,True,False,False,False,0.0,0.11040367548133198,71.56295366824155,0.0,-0.000389,0.006,0.0,0.0,50.0,0.0,0.0,-1,0.0,G4_EV,ev=-0.00039 <= floor=0.00600  meta_conf=0.5255,-1,0.0,0.0,
ETH/USDT,2385,2026-06-17 06:00:00,short,0.54877,77.32,60.0,1790.38,12.357143,med_low_up,False,True,False,False,False,0.0,-0.14482879276718463,75.10923088165612,0.0,1.5e-05,0.006,0.0,0.0,50.0,0.0,0.0,-1,0.0,G4_EV,ev=0.00001 <= floor=0.00600  meta_conf=0.5488,-1,0.0,0.0,
ETH/USDT,2386,2026-06-17 07:00:00,short,0.53048,70.25,60.0,1785.08,11.754286,med_low_flat,True,False,False,False,False,0.0,0.0,50.0,0.0,0.0,0.0,0.0,0.0,50.0,0.0,0.0,-1,0.0,G2_EDGE,reg.sell_ok=False  regime='med_low_flat',-1,0.0,0.0,
ETH/USDT,2387,2026-06-17 08:00:00,short,0.54072,67.11,60.0,1765.31,12.460714,med_med_down,False,True,False,False,True,0.0,-0.6007595805769937,56.741708491610225,0.0,-4.7e-05,0.006,0.0,0.0,50.0,0.0,0.0,-1,0.0,G4_EV,ev=-0.00005 <= floor=0.00600  meta_conf=0.5407,-1,0.0,0.0,
ETH/USDT,2388,2026-06-17 09:00:00,short,0.53582,61.29,60.0,1773.07,12.595,med_med_flat,False,True,False,False,True,0.0,-0.4744965327597088,55.46413708947202,0.0,-0.000116,0.006,0.0,0.0,50.0,0.0,0.0,-1,0.0,G4_EV,ev=-0.00012 <= floor=0.00600  meta_conf=0.5358,-1,0.0,0.0,
ETH/USDT,2389,2026-06-17 10:00:00,short,0.50937,59.1,60.0,1768.38,12.590714,med_med_flat,False,True,False,False,False,0.0,0.0,50.0,0.0,0.0,0.0,0.0,0.0,50.0,0.0,0.0,-1,0.0,G2_EDGE,edge=59.1 < thr=60.0,-1,0.0,0.0,
ETH/USDT,2390,2026-06-17 11:00:00,short,0.50204,65.11,60.0,1763.92,12.698571,med_med_down,False,True,False,False,True,0.0,-0.6006816530052922,52.05208218650135,0.0,-0.000721,0.006,0.0,0.0,50.0,0.0,0.0,-1,0.0,G4_EV,ev=-0.00072 <= floor=0.00600  meta_conf=0.5020,-1,0.0,0.0,
ETH/USDT,2391,2026-06-17 12:00:00,short,0.50339,84.05,60.0,1759.44,13.740714,low_med_down,False,True,False,False,True,0.0,-0.5829189444201247,40.63388299614341,0.0,-0.000414,0.006,0.0,0.0,50.0,0.0,0.0,-1,0.0,G4_EV,ev=-0.00041 <= floor=0.00600  meta_conf=0.5034,-1,0.0,0.0,
ETH/USDT,2392,2026-06-17 13:00:00,short,0.52137,84.26,60.0,1761.25,14.423571,low_med_down,False,True,False,False,True,0.0,-0.5341049921350162,40.083154589758905,0.0,0.000158,0.006,0.0,0.0,50.0,0.0,0.0,-1,0.0,G4_EV,ev=0.00016 <= floor=0.00600  meta_conf=0.5214,-1,0.0,0.0,
ETH/USDT,2393,2026-06-17 14:00:00,short,0.55012,85.74,60.0,1754.96,15.667143,low_med_flat,False,True,False,False,True,0.0,-0.5663257735653368,38.781346515677846,0.0,0.001225,0.006,0.0,0.0,50.0,0.0,0.0,-1,0.0,G4_EV,ev=0.00123 <= floor=0.00600  meta_conf=0.5501,-1,0.0,0.0,
ETH/USDT,2394,2026-06-17 15:00:00,short,0.53372,88.35,60.0,1773.41,16.067143,low_med_flat,False,True,False,False,False,0.0,-0.3122832869456187,38.453667438023125,0.0,0.000902,0.006,0.0,0.0,50.0,0.0,0.0,-1,0.0,G4_EV,ev=0.00090 <= floor=0.00600  meta_conf=0.5337,-1,0.0,0.0,
ETH/USDT,2395,2026-06-17 16:00:00,short,0.52467,100.0,60.0,1772.02,16.122857,low_med_flat,False,True,False,False,False,0.0,-0.40963394967449734,43.361647726775544,0.0,0.0007,0.006,0.0,0.0,50.0,0.0,0.0,-1,0.0,G4_EV,ev=0.00070 <= floor=0.00600  meta_conf=0.5247,-1,0.0,0.0,
ETH/USDT,2396,2026-06-17 17:00:00,short,0.55863,93.06,60.0,1789.27,17.467857,low_med_flat,False,True,False,True,False,0.0,-0.09095436452870383,43.83908509761787,0.0,0.001939,0.006,0.0,0.0,50.0,0.0,0.0,-1,0.0,G4_EV,ev=0.00194 <= floor=0.00600  meta_conf=0.5586,-1,0.0,0.0,
ETH/USDT,2397,2026-06-17 18:00:00,short,0.51576,100.0,60.0,1770.32,19.838571,med_high_down,,,True,False,False,0.0,0.0,50.0,0.0,0.0,0.0,0.0,0.0,50.0,0.0,0.0,-1,0.0,G1_REGIME,regime='med_high_down' skipped=True reg_empty=False,-1,0.0,0.0,
ETH/USDT,2398,2026-06-17 19:00:00,long,0.52948,100.0,60.0,1734.72,22.429286,med_high_down,,,True,False,False,0.0,0.0,50.0,0.0,0.0,0.0,0.0,0.0,50.0,0.0,0.0,-1,0.0,G1_REGIME,regime='med_high_down' skipped=True reg_empty=False,-1,0.0,0.0,
ETH/USDT,2399,2026-06-17 20:00:00,short,0.51555,74.57,60.0,1747.36,22.728571,med_high_down,,,True,False,False,0.0,0.0,50.0,0.0,0.0,0.0,0.0,0.0,50.0,0.0,0.0,-1,0.0,G1_REGIME,regime='med_high_down' skipped=True reg_empty=False,-1,0.0,0.0,
ETH/USDT,2400,2026-06-17 21:00:00,short,0.53427,73.94,60.0,1738.9,22.585,med_high_down,,,True,False,False,0.0,0.0,50.0,0.0,0.0,0.0,0.0,0.0,50.0,0.0,0.0,-1,0.0,G1_REGIME,regime='med_high_down' skipped=True reg_empty=False,-1,0.0,0.0,
ETH/USDT,2401,2026-06-17 22:00:00,short,0.53826,74.53,60.0,1740.31,22.264286,med_high_down,,,True,False,False,0.0,0.0,50.0,0.0,0.0,0.0,0.0,0.0,50.0,0.0,0.0,-1,0.0,G1_REGIME,regime='med_high_down' skipped=True reg_empty=False,-1,0.0,0.0,
ETH/USDT,2402,2026-06-17 23:00:00,short,0.54241,71.7,60.0,1750.6,22.177143,med_high_down,,,True,False,False,0.0,0.0,50.0,0.0,0.0,0.0,0.0,0.0,50.0,0.0,0.0,-1,0.0,G1_REGIME,regime='med_high_down' skipped=True reg_empty=False,-1,0.0,0.0,
ETH/USDT,2403,2026-06-18 00:00:00,short,0.56542,83.7,60.0,1752.97,22.22,med_high_down,,,True,False,False,0.0,0.0,50.0,0.0,0.0,0.0,0.0,0.0,50.0,0.0,0.0,-1,0.0,G1_REGIME,regime='med_high_down' skipped=True reg_empty=False,-1,0.0,0.0,
ETH/USDT,2404,2026-06-18 01:00:00,short,0.56727,82.53,60.0,1754.92,22.143571,med_high_down,,,True,False,False,0.0,0.0,50.0,0.0,0.0,0.0,0.0,0.0,50.0,0.0,0.0,-1,0.0,G1_REGIME,regime='med_high_down' skipped=True reg_empty=False,-1,0.0,0.0,
ETH/USDT,2405,2026-06-18 02:00:00,short,0.54781,80.7,60.0,1755.85,21.115714,med_high_down,,,True,False,False,0.0,0.0,50.0,0.0,0.0,0.0,0.0,0.0,50.0,0.0,0.0,-1,0.0,G1_REGIME,regime='med_high_down' skipped=True reg_empty=False,-1,0.0,0.0,
ETH/USDT,2406,2026-06-18 03:00:00,short,0.57621,75.56,60.0,1744.17,20.945,med_high_down,,,True,False,False,0.0,0.0,50.0,0.0,0.0,0.0,0.0,0.0,50.0,0.0,0.0,-1,0.0,G1_REGIME,regime='med_high_down' skipped=True reg_empty=False,-1,0.0,0.0,
ETH/USDT,2407,2026-06-18 04:00:00,short,0.52822,75.45,60.0,1730.64,20.334286,med_high_down,,,True,False,False,0.0,0.0,50.0,0.0,0.0,0.0,0.0,0.0,50.0,0.0,0.0,-1,0.0,G1_REGIME,regime='med_high_down' skipped=True reg_empty=False,-1,0.0,0.0,
ETH/USDT,2408,2026-06-18 05:00:00,short,0.51548,73.07,60.0,1730.97,19.265,med_high_down,,,True,False,False,0.0,0.0,50.0,0.0,0.0,0.0,0.0,0.0,50.0,0.0,0.0,-1,0.0,G1_REGIME,regime='med_high_down' skipped=True reg_empty=False,-1,0.0,0.0,
ETH/USDT,2409,2026-06-18 06:00:00,short,0.54078,72.85,60.0,1735.56,18.482857,med_high_down,,,True,False,False,0.0,0.0,50.0,0.0,0.0,0.0,0.0,0.0,50.0,0.0,0.0,-1,0.0,G1_REGIME,regime='med_high_down' skipped=True reg_empty=False,-1,0.0,0.0,
ETH/USDT,2410,2026-06-18 07:00:00,short,0.51757,82.96,60.0,1749.79,17.9,med_med_down,False,True,False,False,False,0.0,-0.39699260541408105,56.003369423969,0.0,0.001089,0.006,0.0,0.0,50.0,0.0,0.0,-1,0.0,G4_EV,ev=0.00109 <= floor=0.00600  meta_conf=0.5176,-1,0.0,0.0,
ETH/USDT,2411,2026-06-18 08:00:00,short,0.50348,73.0,60.0,1747.67,15.537857,med_med_flat,False,True,False,False,True,0.0,-0.3780129541795124,63.98453484418347,0.0,8.4e-05,0.006,0.0,0.0,50.0,0.0,0.0,-1,0.0,G4_EV,ev=0.00008 <= floor=0.00600  meta_conf=0.5035,-1,0.0,0.0,
ETH/USDT,2412,2026-06-18 09:00:00,short,0.50268,67.81,60.0,1746.07,12.877143,med_med_down,False,True,False,False,True,0.0,-0.2312358359174092,73.10907190652466,0.0,-0.000628,0.006,0.0,0.0,50.0,0.0,0.0,-1,0.0,G4_EV,ev=-0.00063 <= floor=0.00600  meta_conf=0.5027,-1,0.0,0.0,
ETH/USDT,2413,2026-06-18 10:00:00,long,0.51202,84.63,60.0,1746.9,12.765,med_med_flat,False,True,False,False,False,0.0,0.0,50.0,0.0,0.0,0.0,0.0,0.0,50.0,0.0,0.0,-1,0.0,G2_EDGE,reg.buy_ok=False  regime='med_med_flat',-1,0.0,0.0,
ETH/USDT,2414,2026-06-18 11:00:00,short,0.50837,69.54,60.0,1743.31,12.669286,med_med_flat,False,True,False,False,True,0.0,-0.2942977092860317,70.32448673382648,0.0,-0.000566,0.006,0.0,0.0,50.0,0.0,0.0,-1,0.0,G4_EV,ev=-0.00057 <= floor=0.00600  meta_conf=0.5084,-1,0.0,0.0,
ETH/USDT,2415,2026-06-18 12:00:00,short,0.51814,57.27,60.0,1750.41,11.949286,med_low_flat,True,False,False,False,False,0.0,0.0,50.0,0.0,0.0,0.0,0.0,0.0,50.0,0.0,0.0,-1,0.0,G2_EDGE,reg.sell_ok=False  regime='med_low_flat',-1,0.0,0.0,
ETH/USDT,2416,2026-06-18 13:00:00,short,0.51211,53.64,60.0,1736.78,12.797143,med_med_flat,False,True,False,False,False,0.0,0.0,50.0,0.0,0.0,0.0,0.0,0.0,50.0,0.0,0.0,-1,0.0,G2_EDGE,edge=53.6 < thr=60.0,-1,0.0,0.0,
ETH/USDT,2417,2026-06-18 14:00:00,short,0.504,54.68,60.0,1739.79,13.246429,med_med_flat,False,True,False,False,False,0.0,0.0,50.0,0.0,0.0,0.0,0.0,0.0,50.0,0.0,0.0,-1,0.0,G2_EDGE,edge=54.7 < thr=60.0,-1,0.0,0.0,
ETH/USDT,2418,2026-06-18 15:00:00,long,0.53304,82.42,60.0,1682.23,16.799286,med_med_down,False,True,False,False,False,0.0,0.0,50.0,0.0,0.0,0.0,0.0,0.0,50.0,0.0,0.0,-1,0.0,G2_EDGE,reg.buy_ok=False  regime='med_med_down',-1,0.0,0.0,
ETH/USDT,2419,2026-06-18 16:00:00,long,0.52541,88.19,60.0,1686.93,17.077857,med_med_down,False,True,False,False,False,0.0,0.0,50.0,0.0,0.0,0.0,0.0,0.0,50.0,0.0,0.0,-1,0.0,G2_EDGE,reg.buy_ok=False  regime='med_med_down',-1,0.0,0.0,
ETH/USDT,2420,2026-06-18 17:00:00,long,0.51554,84.22,60.0,1679.42,17.155714,med_med_down,False,True,False,False,False,0.0,0.0,50.0,0.0,0.0,0.0,0.0,0.0,50.0,0.0,0.0,-1,0.0,G2_EDGE,reg.buy_ok=False  regime='med_med_down',-1,0.0,0.0,
ETH/USDT,2421,2026-06-18 18:00:00,long,0.51476,82.29,60.0,1685.38,16.950714,med_med_down,False,True,False,False,False,0.0,0.0,50.0,0.0,0.0,0.0,0.0,0.0,50.0,0.0,0.0,-1,0.0,G2_EDGE,reg.buy_ok=False  regime='med_med_down',-1,0.0,0.0,
ETH/USDT,2422,2026-06-18 19:00:00,long,0.51231,73.74,60.0,1705.39,17.946429,med_high_down,,,True,False,False,0.0,0.0,50.0,0.0,0.0,0.0,0.0,0.0,50.0,0.0,0.0,-1,0.0,G1_REGIME,regime='med_high_down' skipped=True reg_empty=False,-1,0.0,0.0,
ETH/USDT,2423,2026-06-18 20:00:00,long,0.50507,72.96,60.0,1710.47,17.987857,med_high_down,,,True,False,False,0.0,0.0,50.0,0.0,0.0,0.0,0.0,0.0,50.0,0.0,0.0,-1,0.0,G1_REGIME,regime='med_high_down' skipped=True reg_empty=False,-1,0.0,0.0,
ETH/USDT,2424,2026-06-18 21:00:00,long,0.50114,70.15,60.0,1708.39,17.269286,med_med_down,False,True,False,False,False,0.0,0.0,50.0,0.0,0.0,0.0,0.0,0.0,50.0,0.0,0.0,-1,0.0,G2_EDGE,reg.buy_ok=False  regime='med_med_down',-1,0.0,0.0,
ETH/USDT,2425,2026-06-18 22:00:00,short,0.5246,81.24,60.0,1706.81,17.159286,med_med_down,False,True,False,False,False,0.0,-0.5785091825758584,36.80235236517166,0.0,0.001192,0.006,0.0,0.0,50.0,0.0,0.0,-1,0.0,G4_EV,ev=0.00119 <= floor=0.00600  meta_conf=0.5246,-1,0.0,0.0,
ETH/USDT,2426,2026-06-18 23:00:00,short,0.52893,80.07,60.0,1711.11,17.165,med_med_down,False,True,False,False,False,0.0,-0.4332148705319506,37.551827268463235,0.0,0.001298,0.006,0.0,0.0,50.0,0.0,0.0,-1,0.0,G4_EV,ev=0.00130 <= floor=0.00600  meta_conf=0.5289,-1,0.0,0.0,
ETH/USDT,2427,2026-06-19 00:00:00,short,0.52176,79.31,60.0,1713.84,16.756429,med_med_down,False,True,False,False,False,0.0,-0.35566037338154444,38.23641361391645,0.0,0.000974,0.006,0.0,0.0,50.0,0.0,0.0,-1,0.0,G4_EV,ev=0.00097 <= floor=0.00600  meta_conf=0.5218,-1,0.0,0.0,
ETH/USDT,2428,2026-06-19 01:00:00,short,0.53036,80.24,60.0,1713.5,16.973571,med_med_down,False,True,False,False,False,0.0,-0.4361401881085179,38.961057214584756,0.0,0.00127,0.006,0.0,0.0,50.0,0.0,0.0,-1,0.0,G4_EV,ev=0.00127 <= floor=0.00600  meta_conf=0.5304,-1,0.0,0.0,
ETH/USDT,2429,2026-06-19 02:00:00,short,0.52755,80.81,60.0,1707.15,17.169286,med_med_down,False,True,False,False,False,0.0,-0.3904546488281086,40.07897809509843,0.0,0.001274,0.006,0.0,0.0,50.0,0.0,0.0,-1,0.0,G4_EV,ev=0.00127 <= floor=0.00600  meta_conf=0.5276,-1,0.0,0.0,
ETH/USDT,2430,2026-06-19 03:00:00,short,0.51589,86.75,60.0,1697.69,17.347857,med_med_down,False,True,False,False,False,0.0,-0.43777346563787484,44.2766272690657,0.0,0.001037,0.006,0.0,0.0,50.0,0.0,0.0,-1,0.0,G4_EV,ev=0.00104 <= floor=0.00600  meta_conf=0.5159,-1,0.0,0.0,
ETH/USDT,2431,2026-06-19 04:00:00,short,0.50743,71.82,60.0,1689.72,17.431429,med_med_down,False,True,False,False,True,0.0,-0.44345070302088124,47.80779954546496,0.0,0.000849,0.006,0.0,0.0,50.0,0.0,0.0,-1,0.0,G4_EV,ev=0.00085 <= floor=0.00600  meta_conf=0.5074,-1,0.0,0.0,
ETH/USDT,2432,2026-06-19 05:00:00,short,0.50871,77.29,60.0,1697.51,13.736429,med_med_down,False,True,False,False,False,0.0,-0.17361130865044475,60.91016399781246,0.0,-0.000168,0.006,0.0,0.0,50.0,0.0,0.0,-1,0.0,G4_EV,ev=-0.00017 <= floor=0.00600  meta_conf=0.5087,-1,0.0,0.0,
ETH/USDT,2433,2026-06-19 06:00:00,short,0.5303,77.64,60.0,1700.26,13.355,med_med_down,False,True,False,False,False,0.0,-0.17857184980436946,60.31307945406044,0.0,0.000177,0.006,0.0,0.0,50.0,0.0,0.0,-1,0.0,G4_EV,ev=0.00018 <= floor=0.00600  meta_conf=0.5303,-1,0.0,0.0,
ETH/USDT,2434,2026-06-19 07:00:00,short,0.5126,70.88,60.0,1695.82,12.997857,med_med_down,False,True,False,False,True,0.0,-0.340512986135697,63.440684092894074,0.0,-0.00029,0.006,0.0,0.0,50.0,0.0,0.0,-1,0.0,G4_EV,ev=-0.00029 <= floor=0.00600  meta_conf=0.5126,-1,0.0,0.0,
ETH/USDT,2435,2026-06-19 08:00:00,short,0.52012,78.19,60.0,1697.94,12.455,med_med_down,False,True,False,False,False,0.0,-0.3175666209356567,68.36526141851144,0.0,-0.000301,0.006,0.0,0.0,50.0,0.0,0.0,-1,0.0,G4_EV,ev=-0.00030 <= floor=0.00600  meta_conf=0.5201,-1,0.0,0.0,
ETH/USDT,2436,2026-06-19 09:00:00,short,0.50948,70.99,60.0,1689.2,11.483571,med_low_down,False,True,False,False,True,0.0,-0.5981351028721194,67.2646383620417,0.0,-0.000767,0.006,0.0,0.0,50.0,0.0,0.0,-1,0.0,G4_EV,ev=-0.00077 <= floor=0.00600  meta_conf=0.5095,-1,0.0,0.0,
ETH/USDT,2437,2026-06-19 10:00:00,long,0.50802,79.86,60.0,1692.61,11.182143,med_low_down,False,True,False,False,False,0.0,0.0,50.0,0.0,0.0,0.0,0.0,0.0,50.0,0.0,0.0,-1,0.0,G2_EDGE,reg.buy_ok=False  regime='med_low_down',-1,0.0,0.0,
ETH/USDT,2438,2026-06-19 11:00:00,short,0.5039,66.99,60.0,1691.74,10.830714,med_low_down,False,True,False,False,True,0.0,-0.4726742656844342,64.90403694604315,0.0,-0.001052,0.006,0.0,0.0,50.0,0.0,0.0,-1,0.0,G4_EV,ev=-0.00105 <= floor=0.00600  meta_conf=0.5039,-1,0.0,0.0,
ETH/USDT,2439,2026-06-19 12:00:00,long,0.50678,85.87,60.0,1695.36,11.447857,med_low_down,False,True,False,False,False,0.0,0.0,50.0,0.0,0.0,0.0,0.0,0.0,50.0,0.0,0.0,-1,0.0,G2_EDGE,reg.buy_ok=False  regime='med_low_down',-1,0.0,0.0,
ETH/USDT,2440,2026-06-19 13:00:00,short,0.52045,83.45,60.0,1703.47,12.477857,low_med_down,False,True,False,False,False,0.0,-0.058328081688595226,59.77407121081648,0.0,-0.000299,0.006,0.0,0.0,50.0,0.0,0.0,-1,0.0,G4_EV,ev=-0.00030 <= floor=0.00600  meta_conf=0.5204,-1,0.0,0.0,
ETH/USDT,2441,2026-06-19 14:00:00,short,0.53088,79.1,60.0,1706.97,12.892857,low_med_down,False,True,False,False,False,0.0,-0.0003522357414226388,59.01829142698145,0.0,2.9e-05,0.006,0.0,0.0,50.0,0.0,0.0,-1,0.0,G4_EV,ev=0.00003 <= floor=0.00600  meta_conf=0.5309,-1,0.0,0.0,
ETH/USDT,2442,2026-06-19 15:00:00,long,0.50987,81.12,60.0,1707.86,12.919286,low_med_up,False,False,False,False,False,0.0,0.0,50.0,0.0,0.0,0.0,0.0,0.0,50.0,0.0,0.0,-1,0.0,G2_EDGE,reg.buy_ok=False  regime='low_med_up',-1,0.0,0.0,
ETH/USDT,2443,2026-06-19 16:00:00,long,0.52709,74.99,60.0,1696.8,13.115714,low_med_flat,False,True,False,False,False,0.0,0.0,50.0,0.0,0.0,0.0,0.0,0.0,50.0,0.0,0.0,-1,0.0,G2_EDGE,reg.buy_ok=False  regime='low_med_flat',-1,0.0,0.0,
ETH/USDT,2444,2026-06-19 17:00:00,long,0.51985,69.84,60.0,1704.85,12.16,low_med_up,False,False,False,False,False,0.0,0.0,50.0,0.0,0.0,0.0,0.0,0.0,50.0,0.0,0.0,-1,0.0,G2_EDGE,reg.buy_ok=False  regime='low_med_up',-1,0.0,0.0,
ETH/USDT,2445,2026-06-19 18:00:00,long,0.50962,43.59,60.0,1702.7,11.458571,low_low_up,False,True,False,False,False,0.0,0.0,50.0,0.0,0.0,0.0,0.0,0.0,50.0,0.0,0.0,-1,0.0,G2_EDGE,reg.buy_ok=False  regime='low_low_up',-1,0.0,0.0,
ETH/USDT,2446,2026-06-19 19:00:00,long,0.50967,53.63,60.0,1701.2,11.322857,low_low_flat,False,True,False,False,False,0.0,0.0,50.0,0.0,0.0,0.0,0.0,0.0,50.0,0.0,0.0,-1,0.0,G2_EDGE,reg.buy_ok=False  regime='low_low_flat',-1,0.0,0.0,
ETH/USDT,2447,2026-06-19 20:00:00,short,0.50815,59.44,60.0,1708.96,11.555714,low_low_flat,False,True,False,False,False,0.0,0.0,50.0,0.0,0.0,0.0,0.0,0.0,50.0,0.0,0.0,-1,0.0,G2_EDGE,edge=59.4 < thr=60.0,-1,0.0,0.0,
ETH/USDT,2448,2026-06-19 21:00:00,long,0.50659,52.9,60.0,1702.03,11.31,low_low_flat,False,True,False,False,False,0.0,0.0,50.0,0.0,0.0,0.0,0.0,0.0,50.0,0.0,0.0,-1,0.0,G2_EDGE,reg.buy_ok=False  regime='low_low_flat',-1,0.0,0.0,
ETH/USDT,2449,2026-06-19 22:00:00,long,0.50019,48.18,60.0,1707.61,11.63,low_low_flat,False,True,False,False,False,0.0,0.0,50.0,0.0,0.0,0.0,0.0,0.0,50.0,0.0,0.0,-1,0.0,G2_EDGE,reg.buy_ok=False  regime='low_low_flat',-1,0.0,0.0,
ETH/USDT,2450,2026-06-19 23:00:00,short,0.55887,59.34,60.0,1711.19,11.56,low_low_flat,False,True,False,False,False,0.0,0.0,50.0,0.0,0.0,0.0,0.0,0.0,50.0,0.0,0.0,-1,0.0,G2_EDGE,edge=59.3 < thr=60.0,-1,0.0,0.0,
ETH/USDT,2451,2026-06-20 00:00:00,short,0.53752,66.18,60.0,1708.8,11.700714,low_low_flat,False,True,False,True,False,0.0,0.3121099937627467,55.078381343333156,0.0,-0.000225,0.006,0.0,0.0,50.0,0.0,0.0,-1,0.0,G4_EV,ev=-0.00023 <= floor=0.00600  meta_conf=0.5375,-1,0.0,0.0,
ETH/USDT,2452,2026-06-20 01:00:00,short,0.56329,59.77,60.0,1709.89,11.796429,low_low_flat,False,True,False,False,False,0.0,0.0,50.0,0.0,0.0,0.0,0.0,0.0,50.0,0.0,0.0,-1,0.0,G2_EDGE,edge=59.8 < thr=60.0,-1,0.0,0.0,
ETH/USDT,2453,2026-06-20 02:00:00,long,0.50534,44.47,60.0,1704.85,11.042857,low_low_flat,False,True,False,False,False,0.0,0.0,50.0,0.0,0.0,0.0,0.0,0.0,50.0,0.0,0.0,-1,0.0,G2_EDGE,reg.buy_ok=False  regime='low_low_flat',-1,0.0,0.0,
ETH/USDT,2454,2026-06-20 03:00:00,short,0.53782,58.66,60.0,1708.17,9.680714,low_low_flat,False,True,False,False,False,0.0,0.0,50.0,0.0,0.0,0.0,0.0,0.0,50.0,0.0,0.0,-1,0.0,G2_EDGE,edge=58.7 < thr=60.0,-1,0.0,0.0,
ETH/USDT,2455,2026-06-20 04:00:00,short,0.51988,60.52,60.0,1713.52,9.358571,low_low_up,False,True,False,True,False,0.0,0.5060182658715703,71.56008280363699,0.0,-0.001249,0.006,0.0,0.0,50.0,0.0,0.0,-1,0.0,G4_EV,ev=-0.00125 <= floor=0.00600  meta_conf=0.5199,-1,0.0,0.0,
ETH/USDT,2456,2026-06-20 05:00:00,short,0.50063,100.0,60.0,1726.1,9.926429,low_low_up,False,True,False,True,False,0.0,0.7031013722266927,51.78211877679516,1.0,-0.001402,0.006,0.0,0.0,50.0,0.0,0.0,-1,0.0,G4_EV,ev=-0.00140 <= floor=0.00600  meta_conf=0.5006,-1,0.0,0.0,
ETH/USDT,2457,2026-06-20 06:00:00,short,0.51596,78.81,60.0,1727.67,9.154286,low_low_up,False,True,False,True,False,0.0,0.6706080925974861,50.81759883741967,0.0,-0.001387,0.006,0.0,0.0,50.0,0.0,0.0,-1,0.0,G4_EV,ev=-0.00139 <= floor=0.00600  meta_conf=0.5160,-1,0.0,0.0,
ETH/USDT,2458,2026-06-20 07:00:00,short,0.52082,79.84,60.0,1725.82,8.722857,low_low_up,False,True,False,True,False,0.0,0.5868015217215815,54.40694146299309,0.0,-0.001441,0.006,0.0,0.0,50.0,0.0,0.0,-1,0.0,G4_EV,ev=-0.00144 <= floor=0.00600  meta_conf=0.5208,-1,0.0,0.0,
ETH/USDT,2459,2026-06-20 08:00:00,short,0.5293,80.64,60.0,1722.83,8.615714,low_low_up,False,True,False,True,False,0.0,0.5058175450959191,53.6829713118175,0.0,-0.001354,0.006,0.0,0.0,50.0,0.0,0.0,-1,0.0,G4_EV,ev=-0.00135 <= floor=0.00600  meta_conf=0.5293,-1,0.0,0.0,
ETH/USDT,2460,2026-06-20 09:00:00,short,0.52387,78.78,60.0,1728.47,8.666429,low_low_up,False,True,False,True,False,0.0,0.6774665607458084,53.78654337164687,0.0,-0.001421,0.006,0.0,0.0,50.0,0.0,0.0,-1,0.0,G4_EV,ev=-0.00142 <= floor=0.00600  meta_conf=0.5239,-1,0.0,0.0,
ETH/USDT,2461,2026-06-20 10:00:00,short,0.54522,77.83,60.0,1727.62,8.222857,low_low_up,False,True,False,True,False,0.0,0.5823453719488239,54.631404532775804,0.0,-0.001277,0.006,0.0,0.0,50.0,0.0,0.0,-1,0.0,G4_EV,ev=-0.00128 <= floor=0.00600  meta_conf=0.5452,-1,0.0,0.0,
ETH/USDT,2462,2026-06-20 11:00:00,short,0.52644,79.85,60.0,1727.18,8.113571,low_low_up,False,True,False,True,False,0.0,0.5187404539821369,53.76492141063754,0.0,-0.001551,0.006,0.0,0.0,50.0,0.0,0.0,-1,0.0,G4_EV,ev=-0.00155 <= floor=0.00600  meta_conf=0.5264,-1,0.0,0.0,
ETH/USDT,2463,2026-06-20 12:00:00,short,0.53007,80.36,60.0,1726.86,7.885714,low_low_up,False,True,False,True,False,0.0,0.5160183336504655,57.05281641421265,0.0,-0.001574,0.006,0.0,0.0,50.0,0.0,0.0,-1,0.0,G4_EV,ev=-0.00157 <= floor=0.00600  meta_conf=0.5301,-1,0.0,0.0,
ETH/USDT,2464,2026-06-20 13:00:00,long,0.52349,75.08,60.0,1717.56,8.191429,low_low_up,False,True,False,False,False,0.0,0.0,50.0,0.0,0.0,0.0,0.0,0.0,50.0,0.0,0.0,-1,0.0,G2_EDGE,reg.buy_ok=False  regime='low_low_up',-1,0.0,0.0,
ETH/USDT,2465,2026-06-20 14:00:00,long,0.50245,94.12,60.0,1733.48,10.260714,low_low_up,False,True,False,False,False,0.0,0.0,50.0,0.0,0.0,0.0,0.0,0.0,50.0,0.0,0.0,-1,0.0,G2_EDGE,reg.buy_ok=False  regime='low_low_up',-1,0.0,0.0,
ETH/USDT,2466,2026-06-20 15:00:00,short,0.52124,100.0,60.0,1740.63,11.215714,low_low_up,False,True,False,True,False,0.0,0.6747882679561131,39.51290771485023,0.0,-0.000731,0.006,0.0,0.0,50.0,0.0,0.0,-1,0.0,G4_EV,ev=-0.00073 <= floor=0.00600  meta_conf=0.5212,-1,0.0,0.0,
ETH/USDT,2467,2026-06-20 16:00:00,short,0.55695,82.74,60.0,1733.92,11.469286,low_low_up,False,True,False,True,False,0.0,0.5390205072356483,40.056700292288305,0.0,-6e-06,0.006,0.0,0.0,50.0,0.0,0.0,-1,0.0,G4_EV,ev=-0.00001 <= floor=0.00600  meta_conf=0.5570,-1,0.0,0.0,
ETH/USDT,2468,2026-06-20 17:00:00,short,0.52677,83.48,60.0,1726.86,12.05,low_med_up,False,False,False,False,False,0.0,0.0,50.0,0.0,0.0,0.0,0.0,0.0,50.0,0.0,0.0,-1,0.0,G2_EDGE,reg.sell_ok=False  regime='low_med_up',-1,0.0,0.0,
ETH/USDT,2469,2026-06-20 18:00:00,short,0.50621,82.85,60.0,1726.63,11.838571,low_low_up,False,True,False,True,False,0.0,0.31240422362358056,44.56437662512729,0.0,-0.0008,0.006,0.0,0.0,50.0,0.0,0.0,-1,0.0,G4_EV,ev=-0.00080 <= floor=0.00600  meta_conf=0.5062,-1,0.0,0.0,
ETH/USDT,2470,2026-06-20 19:00:00,short,0.51782,86.92,60.0,1729.27,10.645714,low_low_up,False,True,False,True,False,0.0,0.4752050401186986,44.76672882272143,0.0,-0.000934,0.006,0.0,0.0,50.0,0.0,0.0,-1,0.0,G4_EV,ev=-0.00093 <= floor=0.00600  meta_conf=0.5178,-1,0.0,0.0,
ETH/USDT,2471,2026-06-20 20:00:00,short,0.54086,80.53,60.0,1730.98,10.570714,low_low_up,False,True,False,True,False,0.0,0.459517458750096,45.16207226244742,0.0,-0.000578,0.006,0.0,0.0,50.0,0.0,0.0,-1,0.0,G4_EV,ev=-0.00058 <= floor=0.00600  meta_conf=0.5409,-1,0.0,0.0,
ETH/USDT,2472,2026-06-20 21:00:00,short,0.55693,87.21,60.0,1735.33,10.650714,low_low_up,False,True,False,True,False,0.0,0.5578275161955873,45.69361898156007,0.0,-0.000295,0.006,0.0,0.0,50.0,0.0,0.0,-1,0.0,G4_EV,ev=-0.00029 <= floor=0.00600  meta_conf=0.5569,-1,0.0,0.0,
ETH/USDT,2473,2026-06-20 22:00:00,short,0.50947,87.37,60.0,1743.32,11.190714,low_low_up,False,True,False,True,False,0.0,0.6637951004534798,46.392160214004804,0.0,-0.000947,0.006,0.0,0.0,50.0,0.0,0.0,-1,0.0,G4_EV,ev=-0.00095 <= floor=0.00600  meta_conf=0.5095,-1,0.0,0.0,
ETH/USDT,2474,2026-06-20 23:00:00,short,0.54078,84.44,60.0,1741.08,10.91,low_low_up,False,True,False,True,False,0.0,0.5488555424847844,46.99046789345188,0.0,-0.00049,0.006,0.0,0.0,50.0,0.0,0.0,-1,0.0,G4_EV,ev=-0.00049 <= floor=0.00600  meta_conf=0.5408,-1,0.0,0.0,
ETH/USDT,2475,2026-06-21 00:00:00,short,0.54028,80.27,60.0,1737.92,10.955,low_low_up,False,True,False,True,False,0.0,0.47597490954177035,47.70653532065116,0.0,-0.000478,0.006,0.0,0.0,50.0,0.0,0.0,-1,0.0,G4_EV,ev=-0.00048 <= floor=0.00600  meta_conf=0.5403,-1,0.0,0.0,
ETH/USDT,2476,2026-06-21 01:00:00,short,0.52122,79.37,60.0,1737.01,10.925,low_low_up,False,True,False,True,False,0.0,0.4278925307853649,48.42952273637574,0.0,-0.000809,0.006,0.0,0.0,50.0,0.0,0.0,-1,0.0,G4_EV,ev=-0.00081 <= floor=0.00600  meta_conf=0.5212,-1,0.0,0.0,
ETH/USDT,2477,2026-06-21 02:00:00,short,0.50197,78.46,60.0,1736.09,10.623571,low_low_up,False,True,False,True,False,0.0,0.41103170570226316,49.12057624593019,0.0,-0.001214,0.006,0.0,0.0,50.0,0.0,0.0,-1,0.0,G4_EV,ev=-0.00121 <= floor=0.00600  meta_conf=0.5020,-1,0.0,0.0,
ETH/USDT,2478,2026-06-21 03:00:00,short,0.5279,80.23,60.0,1737.87,10.162143,low_low_up,False,True,False,True,False,0.0,0.5553985283619224,49.610310951251,0.0,-0.000928,0.006,0.0,0.0,50.0,0.0,0.0,-1,0.0,G4_EV,ev=-0.00093 <= floor=0.00600  meta_conf=0.5279,-1,0.0,0.0,
ETH/USDT,2479,2026-06-21 04:00:00,short,0.50483,61.87,60.0,1732.85,8.106429,low_low_up,False,True,False,True,False,0.0,0.22905172820996067,63.232757442014666,0.0,-0.001834,0.006,0.0,0.0,50.0,0.0,0.0,-1,0.0,G4_EV,ev=-0.00183 <= floor=0.00600  meta_conf=0.5048,-1,0.0,0.0,
ETH/USDT,2480,2026-06-21 05:00:00,long,0.51105,57.42,60.0,1733.47,7.132143,low_low_flat,False,True,False,False,False,0.0,0.0,50.0,0.0,0.0,0.0,0.0,0.0,50.0,0.0,0.0,-1,0.0,G2_EDGE,reg.buy_ok=False  regime='low_low_flat',-1,0.0,0.0,
ETH/USDT,2481,2026-06-21 06:00:00,short,0.50552,64.84,60.0,1736.14,6.855714,low_low_flat,False,True,False,True,False,0.0,0.4278353674450884,65.76964001645122,0.0,-0.002164,0.006,0.0,0.0,50.0,0.0,0.0,-1,0.0,G4_EV,ev=-0.00216 <= floor=0.00600  meta_conf=0.5055,-1,0.0,0.0,
ETH/USDT,2482,2026-06-21 07:00:00,long,0.5037,55.0,60.0,1732.36,6.266429,low_low_flat,False,True,False,False,False,0.0,0.0,50.0,0.0,0.0,0.0,0.0,0.0,50.0,0.0,0.0,-1,0.0,G2_EDGE,reg.buy_ok=False  regime='low_low_flat',-1,0.0,0.0,
ETH/USDT,2483,2026-06-21 08:00:00,long,0.51946,55.18,60.0,1729.1,6.496429,low_low_flat,False,True,False,False,False,0.0,0.0,50.0,0.0,0.0,0.0,0.0,0.0,50.0,0.0,0.0,-1,0.0,G2_EDGE,reg.buy_ok=False  regime='low_low_flat',-1,0.0,0.0,
ETH/USDT,2484,2026-06-21 09:00:00,short,0.5304,52.27,60.0,1732.78,6.749286,low_low_flat,False,True,False,False,False,0.0,0.0,50.0,0.0,0.0,0.0,0.0,0.0,50.0,0.0,0.0,-1,0.0,G2_EDGE,edge=52.3 < thr=60.0,-1,0.0,0.0,
ETH/USDT,2485,2026-06-21 10:00:00,long,0.51597,53.95,60.0,1731.38,6.833571,low_low_flat,False,True,False,False,False,0.0,0.0,50.0,0.0,0.0,0.0,0.0,0.0,50.0,0.0,0.0,-1,0.0,G2_EDGE,reg.buy_ok=False  regime='low_low_flat',-1,0.0,0.0,
ETH/USDT,2486,2026-06-21 11:00:00,long,0.54104,58.8,60.0,1725.36,7.449286,low_low_flat,False,True,False,False,False,0.0,0.0,50.0,0.0,0.0,0.0,0.0,0.0,50.0,0.0,0.0,-1,0.0,G2_EDGE,reg.buy_ok=False  regime='low_low_flat',-1,0.0,0.0,
ETH/USDT,2487,2026-06-21 12:00:00,long,0.53161,57.94,60.0,1726.0,7.205,low_low_flat,False,True,False,False,False,0.0,0.0,50.0,0.0,0.0,0.0,0.0,0.0,50.0,0.0,0.0,-1,0.0,G2_EDGE,reg.buy_ok=False  regime='low_low_flat',-1,0.0,0.0,
ETH/USDT,2488,2026-06-21 13:00:00,long,0.50726,49.84,60.0,1725.15,7.403571,low_low_flat,False,True,False,False,False,0.0,0.0,50.0,0.0,0.0,0.0,0.0,0.0,50.0,0.0,0.0,-1,0.0,G2_EDGE,reg.buy_ok=False  regime='low_low_flat',-1,0.0,0.0,
ETH/USDT,2489,2026-06-21 14:00:00,short,0.51681,54.43,60.0,1728.44,7.530714,low_low_flat,False,True,False,False,False,0.0,0.0,50.0,0.0,0.0,0.0,0.0,0.0,50.0,0.0,0.0,-1,0.0,G2_EDGE,edge=54.4 < thr=60.0,-1,0.0,0.0,
ETH/USDT,2490,2026-06-21 15:00:00,long,0.50069,55.06,60.0,1730.72,7.527143,low_low_flat,False,True,False,False,False,0.0,0.0,50.0,0.0,0.0,0.0,0.0,0.0,50.0,0.0,0.0,-1,0.0,G2_EDGE,reg.buy_ok=False  regime='low_low_flat',-1,0.0,0.0,
ETH/USDT,2491,2026-06-21 16:00:00,long,0.52808,75.95,60.0,1728.15,7.955,low_low_flat,False,True,False,False,False,0.0,0.0,50.0,0.0,0.0,0.0,0.0,0.0,50.0,0.0,0.0,-1,0.0,G2_EDGE,reg.buy_ok=False  regime='low_low_flat',-1,0.0,0.0,
ETH/USDT,2492,2026-06-21 17:00:00,long,0.51897,74.0,60.0,1727.36,7.785714,low_low_flat,False,True,False,False,False,0.0,0.0,50.0,0.0,0.0,0.0,0.0,0.0,50.0,0.0,0.0,-1,0.0,G2_EDGE,reg.buy_ok=False  regime='low_low_flat',-1,0.0,0.0,
ETH/USDT,2493,2026-06-21 18:00:00,long,0.50951,85.94,60.0,1735.39,8.24,low_low_flat,False,True,False,False,False,0.0,0.0,50.0,0.0,0.0,0.0,0.0,0.0,50.0,0.0,0.0,-1,0.0,G2_EDGE,reg.buy_ok=False  regime='low_low_flat',-1,0.0,0.0,
ETH/USDT,2494,2026-06-21 19:00:00,short,0.51068,70.43,60.0,1734.14,8.187143,low_low_flat,False,True,False,True,True,0.0,0.28434943510546284,57.995157864263774,0.0,-0.001739,0.006,0.0,0.0,50.0,0.0,0.0,-1,0.0,G4_EV,ev=-0.00174 <= floor=0.00600  meta_conf=0.5107,-1,0.0,0.0,
ETH/USDT,2495,2026-06-21 20:00:00,long,0.52831,76.31,60.0,1721.3,9.037143,low_low_flat,False,True,False,False,False,0.0,0.0,50.0,0.0,0.0,0.0,0.0,0.0,50.0,0.0,0.0,-1,0.0,G2_EDGE,reg.buy_ok=False  regime='low_low_flat',-1,0.0,0.0,
ETH/USDT,2496,2026-06-21 21:00:00,long,0.53229,100.0,60.0,1718.6,10.29,low_low_flat,False,True,False,False,False,0.0,0.0,50.0,0.0,0.0,0.0,0.0,0.0,50.0,0.0,0.0,-1,0.0,G2_EDGE,reg.buy_ok=False  regime='low_low_flat',-1,0.0,0.0,
ETH/USDT,2497,2026-06-21 22:00:00,long,0.50583,85.04,60.0,1717.65,10.546429,low_low_flat,False,True,False,False,False,0.0,0.0,50.0,0.0,0.0,0.0,0.0,0.0,50.0,0.0,0.0,-1,0.0,G2_EDGE,reg.buy_ok=False  regime='low_low_flat',-1,0.0,0.0,
ETH/USDT,2498,2026-06-21 23:00:00,long,0.5097,85.62,60.0,1706.94,10.897857,low_low_down,True,True,False,False,True,0.0,-0.6507556354789498,43.26134605810148,0.0,-0.00096,0.006,0.0,0.0,50.0,0.0,0.0,-1,0.0,G4_EV,ev=-0.00096 <= floor=0.00600  meta_conf=0.5097,-1,0.0,0.0,
ETH/USDT,2499,2026-06-22 00:00:00,long,0.53585,84.87,60.0,1726.95,12.274286,low_med_flat,False,True,False,False,False,0.0,0.0,50.0,0.0,0.0,0.0,0.0,0.0,50.0,0.0,0.0,-1,0.0,G2_EDGE,reg.buy_ok=False  regime='low_med_flat',-1,0.0,0.0,
ETH/USDT,2500,2026-06-22 01:00:00,long,0.51824,93.76,60.0,1743.82,13.633571,low_med_flat,False,True,False,False,False,0.0,0.0,50.0,0.0,0.0,0.0,0.0,0.0,50.0,0.0,0.0,-1,0.0,G2_EDGE,reg.buy_ok=False  regime='low_med_flat',-1,0.0,0.0,
ETH/USDT,2501,2026-06-22 02:00:00,long,0.50714,72.32,60.0,1737.28,13.505714,low_med_flat,False,True,False,False,False,0.0,0.0,50.0,0.0,0.0,0.0,0.0,0.0,50.0,0.0,0.0,-1,0.0,G2_EDGE,reg.buy_ok=False  regime='low_med_flat',-1,0.0,0.0,
ETH/USDT,2502,2026-06-22 03:00:00,long,0.51267,83.74,60.0,1730.0,14.107143,low_med_flat,False,True,False,False,False,0.0,0.0,50.0,0.0,0.0,0.0,0.0,0.0,50.0,0.0,0.0,-1,0.0,G2_EDGE,reg.buy_ok=False  regime='low_med_flat',-1,0.0,0.0,
ETH/USDT,2503,2026-06-22 04:00:00,long,0.50139,73.16,60.0,1735.31,14.220714,low_med_flat,False,True,False,False,False,0.0,0.0,50.0,0.0,0.0,0.0,0.0,0.0,50.0,0.0,0.0,-1,0.0,G2_EDGE,reg.buy_ok=False  regime='low_med_flat',-1,0.0,0.0,
ETH/USDT,2504,2026-06-22 05:00:00,short,0.50294,80.85,60.0,1736.85,14.233571,low_med_flat,False,True,False,True,False,0.0,0.5544670072144379,37.33118563381229,0.0,-0.000247,0.006,0.0,0.0,50.0,0.0,0.0,-1,0.0,G4_EV,ev=-0.00025 <= floor=0.00600  meta_conf=0.5029,-1,0.0,0.0,
ETH/USDT,2505,2026-06-22 06:00:00,short,0.51662,83.26,60.0,1735.06,14.125714,low_med_flat,False,True,False,True,False,0.0,0.478187966126748,38.81126744070455,0.0,2.9e-05,0.006,0.0,0.0,50.0,0.0,0.0,-1,0.0,G4_EV,ev=0.00003 <= floor=0.00600  meta_conf=0.5166,-1,0.0,0.0,
ETH/USDT,2506,2026-06-22 07:00:00,short,0.54666,68.73,60.0,1746.34,14.929286,low_med_up,False,False,False,False,False,0.0,0.0,50.0,0.0,0.0,0.0,0.0,0.0,50.0,0.0,0.0,-1,0.0,G2_EDGE,reg.sell_ok=False  regime='low_med_up',-1,0.0,0.0,
ETH/USDT,2507,2026-06-22 08:00:00,short,0.54682,61.65,60.0,1747.79,14.395714,low_med_up,False,False,False,False,False,0.0,0.0,50.0,0.0,0.0,0.0,0.0,0.0,50.0,0.0,0.0,-1,0.0,G2_EDGE,reg.sell_ok=False  regime='low_med_up',-1,0.0,0.0,
ETH/USDT,2508,2026-06-22 09:00:00,short,0.55156,63.87,60.0,1746.2,14.46,low_med_up,False,False,False,False,False,0.0,0.0,50.0,0.0,0.0,0.0,0.0,0.0,50.0,0.0,0.0,-1,0.0,G2_EDGE,reg.sell_ok=False  regime='low_med_up',-1,0.0,0.0,
ETH/USDT,2509,2026-06-22 10:00:00,short,0.55715,58.38,60.0,1748.81,13.625,low_med_up,False,False,False,False,False,0.0,0.0,50.0,0.0,0.0,0.0,0.0,0.0,50.0,0.0,0.0,-1,0.0,G2_EDGE,reg.sell_ok=False  regime='low_med_up',-1,0.0,0.0,
ETH/USDT,2510,2026-06-22 11:00:00,short,0.55826,82.42,60.0,1767.68,13.984286,low_med_up,False,False,False,False,False,0.0,0.0,50.0,0.0,0.0,0.0,0.0,0.0,50.0,0.0,0.0,-1,0.0,G2_EDGE,reg.sell_ok=False  regime='low_med_up',-1,0.0,0.0,
ETH/USDT,2511,2026-06-22 12:00:00,short,0.56096,67.94,60.0,1764.0,13.834286,low_med_up,False,False,False,False,False,0.0,0.0,50.0,0.0,0.0,0.0,0.0,0.0,50.0,0.0,0.0,-1,0.0,G2_EDGE,reg.sell_ok=False  regime='low_med_up',-1,0.0,0.0,
ETH/USDT,2512,2026-06-22 13:00:00,short,0.53637,100.0,60.0,1777.51,14.151429,low_med_up,False,False,False,False,False,0.0,0.0,50.0,0.0,0.0,0.0,0.0,0.0,50.0,0.0,0.0,-1,0.0,G2_EDGE,reg.sell_ok=False  regime='low_med_up',-1,0.0,0.0,
ETH/USDT,2513,2026-06-22 14:00:00,short,0.54381,90.22,60.0,1754.61,14.357857,low_med_up,False,False,False,False,False,0.0,0.0,50.0,0.0,0.0,0.0,0.0,0.0,50.0,0.0,0.0,-1,0.0,G2_EDGE,reg.sell_ok=False  regime='low_med_up',-1,0.0,0.0,
ETH/USDT,2514,2026-06-22 15:00:00,short,0.51551,76.69,60.0,1744.74,12.955714,low_med_up,False,False,False,False,False,0.0,0.0,50.0,0.0,0.0,0.0,0.0,0.0,50.0,0.0,0.0,-1,0.0,G2_EDGE,reg.sell_ok=False  regime='low_med_up',-1,0.0,0.0,
ETH/USDT,2515,2026-06-22 16:00:00,short,0.525,81.73,60.0,1740.1,13.282857,low_med_flat,False,True,False,False,False,0.0,0.1783057850112397,49.42799435785937,0.0,-5e-05,0.006,0.0,0.0,50.0,0.0,0.0,-1,0.0,G4_EV,ev=-0.00005 <= floor=0.00600  meta_conf=0.5250,-1,0.0,0.0,
ETH/USDT,2516,2026-06-22 17:00:00,short,0.54548,74.47,60.0,1740.93,13.094286,low_med_up,False,False,False,False,False,0.0,0.0,50.0,0.0,0.0,0.0,0.0,0.0,50.0,0.0,0.0,-1,0.0,G2_EDGE,reg.sell_ok=False  regime='low_med_up',-1,0.0,0.0,
ETH/USDT,2517,2026-06-22 18:00:00,short,0.55304,82.52,60.0,1733.51,13.809286,low_med_flat,False,True,False,False,False,0.0,-0.18576160577784015,51.25499469372246,0.0,0.000725,0.006,0.0,0.0,50.0,0.0,0.0,-1,0.0,G4_EV,ev=0.00073 <= floor=0.00600  meta_conf=0.5530,-1,0.0,0.0,
ETH/USDT,2518,2026-06-22 19:00:00,short,0.55968,81.21,60.0,1734.59,13.955,low_med_flat,False,True,False,False,False,0.0,-0.18354153869850118,50.99875777689356,0.0,0.000917,0.006,0.0,0.0,50.0,0.0,0.0,-1,0.0,G4_EV,ev=0.00092 <= floor=0.00600  meta_conf=0.5597,-1,0.0,0.0,
ETH/USDT,2519,2026-06-22 20:00:00,short,0.53199,76.1,60.0,1734.61,14.092857,low_med_up,False,False,False,False,False,0.0,0.0,50.0,0.0,0.0,0.0,0.0,0.0,50.0,0.0,0.0,-1,0.0,G2_EDGE,reg.sell_ok=False  regime='low_med_up',-1,0.0,0.0,
ETH/USDT,2520,2026-06-22 21:00:00,short,0.522,79.28,60.0,1732.74,13.655714,low_med_up,False,False,False,False,False,0.0,0.0,50.0,0.0,0.0,0.0,0.0,0.0,50.0,0.0,0.0,-1,0.0,G2_EDGE,reg.sell_ok=False  regime='low_med_up',-1,0.0,0.0,
ETH/USDT,2521,2026-06-22 22:00:00,short,0.51039,75.73,60.0,1724.15,14.387143,low_med_flat,False,True,False,False,True,0.0,-0.6631821553627849,42.62136004846644,-1.0,-1.1e-05,0.006,0.0,0.0,50.0,0.0,0.0,-1,0.0,G4_EV,ev=-0.00001 <= floor=0.00600  meta_conf=0.5104,-1,0.0,0.0,
ETH/USDT,2522,2026-06-22 23:00:00,short,0.51833,69.39,60.0,1728.19,14.572143,low_med_up,False,False,False,False,False,0.0,0.0,50.0,0.0,0.0,0.0,0.0,0.0,50.0,0.0,0.0,-1,0.0,G2_EDGE,reg.sell_ok=False  regime='low_med_up',-1,0.0,0.0,
ETH/USDT,2523,2026-06-23 00:00:00,short,0.51658,67.53,60.0,1731.27,14.975,low_med_flat,False,True,False,False,True,0.0,-0.3245616894198701,42.906395339057056,0.0,0.00028,0.006,0.0,0.0,50.0,0.0,0.0,-1,0.0,G4_EV,ev=0.00028 <= floor=0.00600  meta_conf=0.5166,-1,0.0,0.0,
ETH/USDT,2524,2026-06-23 01:00:00,short,0.52611,59.1,60.0,1730.61,14.104286,low_med_flat,False,True,False,False,False,0.0,0.0,50.0,0.0,0.0,0.0,0.0,0.0,50.0,0.0,0.0,-1,0.0,G2_EDGE,edge=59.1 < thr=60.0,-1,0.0,0.0,
ETH/USDT,2525,2026-06-23 02:00:00,short,0.51963,65.7,60.0,1732.65,13.959286,low_med_flat,False,True,False,False,True,0.0,-0.34921384718167625,42.953947468273114,0.0,5.3e-05,0.006,0.0,0.0,50.0,0.0,0.0,-1,0.0,G4_EV,ev=0.00005 <= floor=0.00600  meta_conf=0.5196,-1,0.0,0.0,
ETH/USDT,2526,2026-06-23 03:00:00,short,0.53383,38.58,60.0,1729.9,13.194286,low_med_flat,False,True,False,False,False,0.0,0.0,50.0,0.0,0.0,0.0,0.0,0.0,50.0,0.0,0.0,-1,0.0,G2_EDGE,edge=38.6 < thr=60.0,-1,0.0,0.0,
ETH/USDT,2527,2026-06-23 04:00:00,short,0.5227,41.21,60.0,1719.07,12.147857,low_med_flat,False,True,False,False,False,0.0,0.0,50.0,0.0,0.0,0.0,0.0,0.0,50.0,0.0,0.0,-1,0.0,G2_EDGE,edge=41.2 < thr=60.0,-1,0.0,0.0,
ETH/USDT,2528,2026-06-23 05:00:00,long,0.50067,80.82,60.0,1713.44,11.807143,low_low_flat,False,True,False,False,False,0.0,0.0,50.0,0.0,0.0,0.0,0.0,0.0,50.0,0.0,0.0,-1,0.0,G2_EDGE,reg.buy_ok=False  regime='low_low_flat',-1,0.0,0.0,
ETH/USDT,2529,2026-06-23 06:00:00,long,0.53374,100.0,60.0,1692.29,13.278571,low_med_down,False,True,False,False,False,0.0,0.0,50.0,0.0,0.0,0.0,0.0,0.0,50.0,0.0,0.0,-1,0.0,G2_EDGE,reg.buy_ok=False  regime='low_med_down',-1,0.0,0.0,
ETH/USDT,2530,2026-06-23 07:00:00,long,0.50275,81.12,60.0,1683.01,13.445,low_med_down,False,True,False,False,False,0.0,0.0,50.0,0.0,0.0,0.0,0.0,0.0,50.0,0.0,0.0,-1,0.0,G2_EDGE,reg.buy_ok=False  regime='low_med_down',-1,0.0,0.0,
ETH/USDT,2531,2026-06-23 08:00:00,short,0.508,86.53,60.0,1648.48,15.65,med_med_down,False,True,False,False,True,0.0,-0.7497294785158857,23.32008408590197,-1.0,0.000477,0.006,0.0,0.0,50.0,0.0,0.0,-1,0.0,G4_EV,ev=0.00048 <= floor=0.00600  meta_conf=0.5080,-1,0.0,0.0,
ETH/USDT,2532,2026-06-23 09:00:00,short,0.57741,66.33,60.0,1650.97,15.547857,med_med_down,False,True,False,False,True,0.0,-0.6319634861322393,23.631171429766553,0.0,0.002206,0.006,0.0,0.0,50.0,0.0,0.0,-1,0.0,G4_EV,ev=0.00221 <= floor=0.00600  meta_conf=0.5774,-1,0.0,0.0,
ETH/USDT,2533,2026-06-23 10:00:00,short,0.54087,64.4,60.0,1652.65,15.591429,med_med_down,False,True,False,False,True,0.0,-0.6268939171262985,24.854651431573117,0.0,0.001286,0.006,0.0,0.0,50.0,0.0,0.0,-1,0.0,G4_EV,ev=0.00129 <= floor=0.00600  meta_conf=0.5409,-1,0.0,0.0,
ETH/USDT,2534,2026-06-23 11:00:00,short,0.54872,74.66,60.0,1660.9,15.630714,med_med_down,False,True,False,False,False,0.0,-0.577021204409249,25.713043159058337,0.0,0.001473,0.006,0.0,0.0,50.0,0.0,0.0,-1,0.0,G4_EV,ev=0.00147 <= floor=0.00600  meta_conf=0.5487,-1,0.0,0.0,
ETH/USDT,2535,2026-06-23 12:00:00,short,0.54279,65.47,60.0,1654.53,14.922143,low_med_down,False,True,False,False,True,0.0,-0.6548244591793626,25.8151411888881,0.0,0.001101,0.006,0.0,0.0,50.0,0.0,0.0,-1,0.0,G4_EV,ev=0.00110 <= floor=0.00600  meta_conf=0.5428,-1,0.0,0.0,
ETH/USDT,2536,2026-06-23 13:00:00,short,0.55153,79.57,60.0,1662.83,15.592857,low_med_down,False,True,False,False,False,0.0,-0.5546999732261849,26.00917187639779,0.0,0.001524,0.006,0.0,0.0,50.0,0.0,0.0,-1,0.0,G4_EV,ev=0.00152 <= floor=0.00600  meta_conf=0.5515,-1,0.0,0.0,
ETH/USDT,2537,2026-06-23 14:00:00,short,0.553,77.32,60.0,1662.1,15.733571,low_med_down,False,True,False,False,False,0.0,-0.6484981056741884,26.15273018212814,0.0,0.001614,0.006,0.0,0.0,50.0,0.0,0.0,-1,0.0,G4_EV,ev=0.00161 <= floor=0.00600  meta_conf=0.5530,-1,0.0,0.0,
ETH/USDT,2538,2026-06-23 15:00:00,short,0.55669,65.8,60.0,1659.78,15.517143,low_med_down,False,True,False,False,True,0.0,-0.5882141582079113,26.877195210637975,0.0,0.001638,0.006,0.0,0.0,50.0,0.0,0.0,-1,0.0,G4_EV,ev=0.00164 <= floor=0.00600  meta_conf=0.5567,-1,0.0,0.0,
ETH/USDT,2539,2026-06-23 16:00:00,short,0.56414,68.68,60.0,1659.35,16.104286,low_med_down,False,True,False,False,True,0.0,-0.5153858187891701,28.02045825077821,0.0,0.002048,0.006,0.0,0.0,50.0,0.0,0.0,-1,0.0,G4_EV,ev=0.00205 <= floor=0.00600  meta_conf=0.5641,-1,0.0,0.0,
ETH/USDT,2540,2026-06-23 17:00:00,short,0.55293,62.46,60.0,1656.85,16.323571,low_med_down,False,True,False,False,True,0.0,-0.5117755853754623,29.326998231122715,0.0,0.001841,0.006,0.0,0.0,50.0,0.0,0.0,-1,0.0,G4_EV,ev=0.00184 <= floor=0.00600  meta_conf=0.5529,-1,0.0,0.0,
ETH/USDT,2541,2026-06-23 18:00:00,short,0.53679,64.25,60.0,1655.53,16.119286,low_med_down,False,True,False,False,True,0.0,-0.5393130511389078,34.1752213867888,0.0,0.001349,0.006,0.0,0.0,50.0,0.0,0.0,-1,0.0,G4_EV,ev=0.00135 <= floor=0.00600  meta_conf=0.5368,-1,0.0,0.0,
ETH/USDT,2542,2026-06-23 19:00:00,short,0.54055,71.44,60.0,1662.58,15.949286,low_med_down,False,True,False,False,False,0.0,-0.35937099573032555,38.46728279531131,0.0,0.001367,0.006,0.0,0.0,50.0,0.0,0.0,-1,0.0,G4_EV,ev=0.00137 <= floor=0.00600  meta_conf=0.5406,-1,0.0,0.0,
ETH/USDT,2543,2026-06-23 20:00:00,short,0.5753,80.27,60.0,1664.13,14.023571,low_med_down,False,True,False,False,False,0.0,-0.2794904265160305,48.04962814547293,0.0,0.001505,0.006,0.0,0.0,50.0,0.0,0.0,-1,0.0,G4_EV,ev=0.00151 <= floor=0.00600  meta_conf=0.5753,-1,0.0,0.0,
ETH/USDT,2544,2026-06-23 21:00:00,short,0.58633,78.71,60.0,1666.75,13.360714,low_med_down,False,True,False,False,False,0.0,-0.17920396462509064,56.10749856989358,0.0,0.001476,0.006,0.0,0.0,50.0,0.0,0.0,-1,0.0,G4_EV,ev=0.00148 <= floor=0.00600  meta_conf=0.5863,-1,0.0,0.0,
ETH/USDT,2545,2026-06-23 22:00:00,short,0.58076,76.89,60.0,1664.67,10.558571,low_low_down,True,True,False,False,False,0.0,-0.06023233703523683,76.02742735719683,0.0,0.000237,0.006,0.0,0.0,50.0,0.0,0.0,-1,0.0,G4_EV,ev=0.00024 <= floor=0.00600  meta_conf=0.5808,-1,0.0,0.0,
ETH/USDT,2546,2026-06-23 23:00:00,short,0.55707,75.55,60.0,1667.13,10.775714,low_low_down,True,True,False,False,False,0.0,0.04347843847922558,75.16048084840018,0.0,-9.5e-05,0.006,0.0,0.0,50.0,0.0,0.0,-1,0.0,G4_EV,ev=-0.00010 <= floor=0.00600  meta_conf=0.5571,-1,0.0,0.0,
ETH/USDT,2547,2026-06-24 00:00:00,short,0.55355,74.82,60.0,1671.37,10.663571,low_low_down,True,True,False,False,False,0.0,0.08257337716580425,73.1512499260107,0.0,-0.000207,0.006,0.0,0.0,50.0,0.0,0.0,-1,0.0,G4_EV,ev=-0.00021 <= floor=0.00600  meta_conf=0.5535,-1,0.0,0.0,
ETH/USDT,2548,2026-06-24 01:00:00,short,0.5245,74.49,60.0,1672.71,10.884286,low_low_down,True,True,False,False,False,0.0,0.15797659435141265,65.44668424951975,0.0,-0.000641,0.006,0.0,0.0,50.0,0.0,0.0,-1,0.0,G4_EV,ev=-0.00064 <= floor=0.00600  meta_conf=0.5245,-1,0.0,0.0,
ETH/USDT,2549,2026-06-24 02:00:00,short,0.53189,77.02,60.0,1664.03,10.962857,low_low_down,True,True,False,False,False,0.0,-0.1523721816202217,64.67550707861623,0.0,-0.000468,0.006,0.0,0.0,50.0,0.0,0.0,-1,0.0,G4_EV,ev=-0.00047 <= floor=0.00600  meta_conf=0.5319,-1,0.0,0.0,
ETH/USDT,2550,2026-06-24 03:00:00,short,0.50155,75.59,60.0,1666.67,10.484286,low_low_down,True,True,False,False,False,0.0,-0.006173487832000929,68.85621360915397,0.0,-0.001143,0.006,0.0,0.0,50.0,0.0,0.0,-1,0.0,G4_EV,ev=-0.00114 <= floor=0.00600  meta_conf=0.5015,-1,0.0,0.0,
ETH/USDT,2551,2026-06-24 04:00:00,short,0.54083,74.16,60.0,1669.0,10.400714,low_low_down,True,True,False,False,False,0.0,0.24490367189032108,67.76262814137928,0.0,-0.000509,0.006,0.0,0.0,50.0,0.0,0.0,-1,0.0,G4_EV,ev=-0.00051 <= floor=0.00600  meta_conf=0.5408,-1,0.0,0.0,
ETH/USDT,2552,2026-06-24 05:00:00,short,0.5496,73.3,60.0,1674.48,10.384286,low_low_down,True,True,False,False,False,0.0,0.4023516504416787,66.67938268487549,0.0,-0.000379,0.006,0.0,0.0,50.0,0.0,0.0,-1,0.0,G4_EV,ev=-0.00038 <= floor=0.00600  meta_conf=0.5496,-1,0.0,0.0,
ETH/USDT,2553,2026-06-24 06:00:00,short,0.52771,70.59,60.0,1674.89,9.638571,low_low_flat,False,True,False,False,False,0.0,0.4069991441339989,65.26924136374467,0.0,-0.00098,0.006,0.0,0.0,50.0,0.0,0.0,-1,0.0,G4_EV,ev=-0.00098 <= floor=0.00600  meta_conf=0.5277,-1,0.0,0.0,
ETH/USDT,2554,2026-06-24 07:00:00,short,0.50139,83.23,60.0,1673.12,9.452143,low_low_flat,False,True,False,True,False,0.0,0.23885440259127752,63.710766920397255,0.0,-0.001437,0.006,0.0,0.0,50.0,0.0,0.0,-1,0.0,G4_EV,ev=-0.00144 <= floor=0.00600  meta_conf=0.5014,-1,0.0,0.0,
ETH/USDT,2555,2026-06-24 08:00:00,short,0.50857,81.67,60.0,1673.28,9.118571,low_low_up,False,True,False,True,False,0.0,0.3332742743760869,69.55452799107488,0.0,-0.001422,0.006,0.0,0.0,50.0,0.0,0.0,-1,0.0,G4_EV,ev=-0.00142 <= floor=0.00600  meta_conf=0.5086,-1,0.0,0.0,
ETH/USDT,2556,2026-06-24 09:00:00,long,0.53048,78.05,60.0,1667.15,9.089286,low_low_up,False,True,False,False,False,0.0,0.0,50.0,0.0,0.0,0.0,0.0,0.0,50.0,0.0,0.0,-1,0.0,G2_EDGE,reg.buy_ok=False  regime='low_low_up',-1,0.0,0.0,
ETH/USDT,2557,2026-06-24 10:00:00,long,0.53385,77.54,60.0,1663.69,9.010714,low_low_flat,False,True,False,False,False,0.0,0.0,50.0,0.0,0.0,0.0,0.0,0.0,50.0,0.0,0.0,-1,0.0,G2_EDGE,reg.buy_ok=False  regime='low_low_flat',-1,0.0,0.0,
ETH/USDT,2558,2026-06-24 11:00:00,long,0.51997,91.65,60.0,1679.57,11.372143,low_low_up,False,True,False,False,False,0.0,0.0,50.0,0.0,0.0,0.0,0.0,0.0,50.0,0.0,0.0,-1,0.0,G2_EDGE,reg.buy_ok=False  regime='low_low_up',-1,0.0,0.0,
ETH/USDT,2559,2026-06-24 12:00:00,long,0.50002,71.54,60.0,1671.53,11.432857,low_low_up,False,True,False,False,False,0.0,0.0,50.0,0.0,0.0,0.0,0.0,0.0,50.0,0.0,0.0,-1,0.0,G2_EDGE,reg.buy_ok=False  regime='low_low_up',-1,0.0,0.0,
ETH/USDT,2560,2026-06-24 13:00:00,long,0.54133,100.0,60.0,1645.43,12.965,low_med_flat,False,True,False,False,False,0.0,0.0,50.0,0.0,0.0,0.0,0.0,0.0,50.0,0.0,0.0,-1,0.0,G2_EDGE,reg.buy_ok=False  regime='low_med_flat',-1,0.0,0.0,
ETH/USDT,2561,2026-06-24 14:00:00,long,0.53494,100.0,60.0,1647.26,13.771429,low_med_flat,False,True,False,False,False,0.0,0.0,50.0,0.0,0.0,0.0,0.0,0.0,50.0,0.0,0.0,-1,0.0,G2_EDGE,reg.buy_ok=False  regime='low_med_flat',-1,0.0,0.0,
ETH/USDT,2562,2026-06-24 15:00:00,long,0.51295,100.0,60.0,1618.08,15.207143,low_med_down,False,True,False,False,False,0.0,0.0,50.0,0.0,0.0,0.0,0.0,0.0,50.0,0.0,0.0,-1,0.0,G2_EDGE,reg.buy_ok=False  regime='low_med_down',-1,0.0,0.0,
ETH/USDT,2563,2026-06-24 16:00:00,long,0.51908,100.0,60.0,1589.87,18.120714,low_high_down,,,True,False,False,0.0,0.0,50.0,0.0,0.0,0.0,0.0,0.0,50.0,0.0,0.0,-1,0.0,G1_REGIME,regime='low_high_down' skipped=True reg_empty=False,-1,0.0,0.0,
ETH/USDT,2564,2026-06-24 17:00:00,long,0.51211,100.0,60.0,1560.66,20.475714,med_high_down,,,True,False,False,0.0,0.0,50.0,0.0,0.0,0.0,0.0,0.0,50.0,0.0,0.0,-1,0.0,G1_REGIME,regime='med_high_down' skipped=True reg_empty=False,-1,0.0,0.0,
ETH/USDT,2565,2026-06-24 18:00:00,short,0.50017,71.43,60.0,1572.26,21.58,med_high_down,,,True,False,False,0.0,0.0,50.0,0.0,0.0,0.0,0.0,0.0,50.0,0.0,0.0,-1,0.0,G1_REGIME,regime='med_high_down' skipped=True reg_empty=False,-1,0.0,0.0,
ETH/USDT,2566,2026-06-24 19:00:00,short,0.50312,76.54,60.0,1584.58,22.044286,med_high_down,,,True,False,False,0.0,0.0,50.0,0.0,0.0,0.0,0.0,0.0,50.0,0.0,0.0,-1,0.0,G1_REGIME,regime='med_high_down' skipped=True reg_empty=False,-1,0.0,0.0,
ETH/USDT,2567,2026-06-24 20:00:00,long,0.51698,79.74,60.0,1613.63,24.591429,med_high_down,,,True,False,False,0.0,0.0,50.0,0.0,0.0,0.0,0.0,0.0,50.0,0.0,0.0,-1,0.0,G1_REGIME,regime='med_high_down' skipped=True reg_empty=False,-1,0.0,0.0,
ETH/USDT,2568,2026-06-24 21:00:00,long,0.52571,75.42,60.0,1621.37,25.172143,med_high_down,,,True,False,False,0.0,0.0,50.0,0.0,0.0,0.0,0.0,0.0,50.0,0.0,0.0,-1,0.0,G1_REGIME,regime='med_high_down' skipped=True reg_empty=False,-1,0.0,0.0,
ETH/USDT,2569,2026-06-24 22:00:00,long,0.51562,74.78,60.0,1615.46,25.900714,med_high_down,,,True,False,False,0.0,0.0,50.0,0.0,0.0,0.0,0.0,0.0,50.0,0.0,0.0,-1,0.0,G1_REGIME,regime='med_high_down' skipped=True reg_empty=False,-1,0.0,0.0,
ETH/USDT,2570,2026-06-24 23:00:00,long,0.51427,74.43,60.0,1622.17,26.016429,med_high_down,,,True,False,False,0.0,0.0,50.0,0.0,0.0,0.0,0.0,0.0,50.0,0.0,0.0,-1,0.0,G1_REGIME,regime='med_high_down' skipped=True reg_empty=False,-1,0.0,0.0,
ETH/USDT,2571,2026-06-25 00:00:00,short,0.50681,83.61,60.0,1619.12,26.361429,med_high_down,,,True,False,False,0.0,0.0,50.0,0.0,0.0,0.0,0.0,0.0,50.0,0.0,0.0,-1,0.0,G1_REGIME,regime='med_high_down' skipped=True reg_empty=False,-1,0.0,0.0,
ETH/USDT,2572,2026-06-25 01:00:00,short,0.52992,80.57,60.0,1620.72,24.335714,med_high_down,,,True,False,False,0.0,0.0,50.0,0.0,0.0,0.0,0.0,0.0,50.0,0.0,0.0,-1,0.0,G1_REGIME,regime='med_high_down' skipped=True reg_empty=False,-1,0.0,0.0,
ETH/USDT,2573,2026-06-25 02:00:00,short,0.54796,78.86,60.0,1621.0,24.025714,med_high_down,,,True,False,False,0.0,0.0,50.0,0.0,0.0,0.0,0.0,0.0,50.0,0.0,0.0,-1,0.0,G1_REGIME,regime='med_high_down' skipped=True reg_empty=False,-1,0.0,0.0,
ETH/USDT,2574,2026-06-25 03:00:00,short,0.54603,80.34,60.0,1619.6,22.394286,med_high_down,,,True,False,False,0.0,0.0,50.0,0.0,0.0,0.0,0.0,0.0,50.0,0.0,0.0,-1,0.0,G1_REGIME,regime='med_high_down' skipped=True reg_empty=False,-1,0.0,0.0,
ETH/USDT,2575,2026-06-25 04:00:00,short,0.51742,77.76,60.0,1635.03,22.404286,med_high_down,,,True,False,False,0.0,0.0,50.0,0.0,0.0,0.0,0.0,0.0,50.0,0.0,0.0,-1,0.0,G1_REGIME,regime='med_high_down' skipped=True reg_empty=False,-1,0.0,0.0,
ETH/USDT,2576,2026-06-25 05:00:00,long,0.50416,87.22,60.0,1645.89,21.276429,med_high_down,,,True,False,False,0.0,0.0,50.0,0.0,0.0,0.0,0.0,0.0,50.0,0.0,0.0,-1,0.0,G1_REGIME,regime='med_high_down' skipped=True reg_empty=False,-1,0.0,0.0,
ETH/USDT,2577,2026-06-25 06:00:00,long,0.50189,71.33,60.0,1653.95,18.812857,med_high_flat,,,True,False,False,0.0,0.0,50.0,0.0,0.0,0.0,0.0,0.0,50.0,0.0,0.0,-1,0.0,G1_REGIME,regime='med_high_flat' skipped=True reg_empty=False,-1,0.0,0.0,
ETH/USDT,2578,2026-06-25 07:00:00,short,0.50743,72.4,60.0,1657.19,16.226429,med_med_flat,False,True,False,False,False,0.0,0.3809963372284083,42.840092651860644,0.0,0.000603,0.006,0.0,0.0,50.0,0.0,0.0,-1,0.0,G4_EV,ev=0.00060 <= floor=0.00600  meta_conf=0.5074,-1,0.0,0.0,
ETH/USDT,2579,2026-06-25 08:00:00,short,0.50858,71.05,60.0,1652.92,14.776429,med_med_flat,False,True,False,False,False,0.0,0.2904980217896454,45.977220322853896,0.0,0.00023,0.006,0.0,0.0,50.0,0.0,0.0,-1,0.0,G4_EV,ev=0.00023 <= floor=0.00600  meta_conf=0.5086,-1,0.0,0.0,
ETH/USDT,2580,2026-06-25 09:00:00,short,0.50548,71.12,60.0,1648.88,14.099286,med_med_flat,False,True,False,False,False,0.0,0.31019749600878255,50.62855157557908,0.0,-2.6e-05,0.006,0.0,0.0,50.0,0.0,0.0,-1,0.0,G4_EV,ev=-0.00003 <= floor=0.00600  meta_conf=0.5055,-1,0.0,0.0,
ETH/USDT,2581,2026-06-25 10:00:00,long,0.52614,78.44,60.0,1636.58,12.25,med_med_down,False,True,False,False,False,0.0,0.0,50.0,0.0,0.0,0.0,0.0,0.0,50.0,0.0,0.0,-1,0.0,G2_EDGE,reg.buy_ok=False  regime='med_med_down',-1,0.0,0.0,
ETH/USDT,2582,2026-06-25 11:00:00,long,0.53211,82.18,60.0,1633.27,11.921429,med_med_down,False,True,False,False,False,0.0,0.0,50.0,0.0,0.0,0.0,0.0,0.0,50.0,0.0,0.0,-1,0.0,G2_EDGE,reg.buy_ok=False  regime='med_med_down',-1,0.0,0.0,
ETH/USDT,2583,2026-06-25 12:00:00,short,0.50126,75.28,60.0,1635.81,12.6,med_med_down,False,True,False,False,False,0.0,0.2787473516831598,66.06346562066324,0.0,-0.000508,0.006,0.0,0.0,50.0,0.0,0.0,-1,0.0,G4_EV,ev=-0.00051 <= floor=0.00600  meta_conf=0.5013,-1,0.0,0.0,
ETH/USDT,2584,2026-06-25 13:00:00,long,0.51767,100.0,60.0,1538.15,19.626429,high_high_down,False,True,False,False,False,0.0,0.0,50.0,0.0,0.0,0.0,0.0,0.0,50.0,0.0,0.0,-1,0.0,G2_EDGE,reg.buy_ok=False  regime='high_high_down',-1,0.0,0.0,
ETH/USDT,2585,2026-06-25 14:00:00,long,0.51679,95.22,60.0,1568.37,22.838571,high_high_down,False,True,False,False,False,0.0,0.0,50.0,0.0,0.0,0.0,0.0,0.0,50.0,0.0,0.0,-1,0.0,G2_EDGE,reg.buy_ok=False  regime='high_high_down',-1,0.0,0.0,
ETH/USDT,2586,2026-06-25 15:00:00,long,0.50346,80.89,60.0,1570.01,24.218571,high_high_down,False,True,False,False,False,0.0,0.0,50.0,0.0,0.0,0.0,0.0,0.0,50.0,0.0,0.0,-1,0.0,G2_EDGE,reg.buy_ok=False  regime='high_high_down',-1,0.0,0.0,
ETH/USDT,2587,2026-06-25 16:00:00,short,0.52008,91.4,60.0,1562.04,25.868571,high_high_down,False,True,False,False,False,0.0,-0.7165403165722933,26.858993191124735,0.0,0.00435,0.006,0.0,0.0,50.0,0.0,0.0,-1,0.0,G4_EV,ev=0.00435 <= floor=0.00600  meta_conf=0.5201,-1,0.0,0.0,
ETH/USDT,2588,2026-06-25 17:00:00,short,0.50126,85.85,60.0,1574.92,26.581429,high_high_up,,,True,False,False,0.0,0.0,50.0,0.0,0.0,0.0,0.0,0.0,50.0,0.0,0.0,-1,0.0,G1_REGIME,regime='high_high_up' skipped=True reg_empty=False,-1,0.0,0.0,
ETH/USDT,2589,2026-06-25 18:00:00,short,0.50297,87.18,60.0,1567.56,26.445,high_high_flat,,,True,False,False,0.0,0.0,50.0,0.0,0.0,0.0,0.0,0.0,50.0,0.0,0.0,-1,0.0,G1_REGIME,regime='high_high_flat' skipped=True reg_empty=False,-1,0.0,0.0,
ETH/USDT,2590,2026-06-25 19:00:00,short,0.51132,76.55,60.0,1559.42,26.057857,high_high_down,False,True,False,False,False,0.0,-0.6616497814829657,28.71383380977504,0.0,0.00403,0.006,0.0,0.0,50.0,0.0,0.0,-1,0.0,G4_EV,ev=0.00403 <= floor=0.00600  meta_conf=0.5113,-1,0.0,0.0,
ETH/USDT,2591,2026-06-25 20:00:00,short,0.51882,75.09,60.0,1560.33,25.887857,high_high_down,False,True,False,False,False,0.0,-0.5590095659179005,29.87917030979141,0.0,0.004309,0.006,0.0,0.0,50.0,0.0,0.0,-1,0.0,G4_EV,ev=0.00431 <= floor=0.00600  meta_conf=0.5188,-1,0.0,0.0,
ETH/USDT,2592,2026-06-25 21:00:00,short,0.51521,84.88,60.0,1580.77,26.907857,high_high_down,False,True,False,False,False,0.0,-0.48514801374779687,31.57330646669106,0.0,0.004359,0.006,0.0,0.0,50.0,0.0,0.0,-1,0.0,G4_EV,ev=0.00436 <= floor=0.00600  meta_conf=0.5152,-1,0.0,0.0,
ETH/USDT,2593,2026-06-25 22:00:00,short,0.51917,85.93,60.0,1570.3,27.556429,high_high_down,False,True,False,False,False,0.0,-0.5886542118733894,34.29541391869345,0.0,0.004805,0.006,0.0,0.0,50.0,0.0,0.0,-1,0.0,G4_EV,ev=0.00480 <= floor=0.00600  meta_conf=0.5192,-1,0.0,0.0,
ETH/USDT,2594,2026-06-25 23:00:00,short,0.53298,86.04,60.0,1567.84,28.017857,high_high_down,False,True,False,False,False,0.0,-0.5868553834937208,37.586627794886134,0.0,0.005633,0.006,0.0,0.0,50.0,0.0,0.0,-1,0.0,G4_EV,ev=0.00563 <= floor=0.00600  meta_conf=0.5330,-1,0.0,0.0,
ETH/USDT,2595,2026-06-26 00:00:00,short,0.5381,85.49,60.0,1564.72,27.436429,high_high_down,False,True,False,False,False,0.0,-0.6290013850642467,39.360997276737734,0.0,0.005694,0.006,0.0,0.0,50.0,0.0,0.0,-1,0.0,G4_EV,ev=0.00569 <= floor=0.00600  meta_conf=0.5381,-1,0.0,0.0,
ETH/USDT,2596,2026-06-26 01:00:00,short,0.54666,86.6,60.0,1560.13,27.593571,high_high_down,False,True,False,False,False,0.0,-0.6251470700765199,41.108962266550435,0.0,0.006187,0.006,0.5,1.0,50.0,0.0,0.0,-1,0.0,G4_5_MTF,prior(bullish)=0.50<0.6 OR rev(bearish)=1.00<0.5,-1,0.0,0.0,
ETH/USDT,2597,2026-06-26 02:00:00,short,0.52494,74.19,60.0,1524.7,28.684286,high_high_down,False,True,False,False,True,0.0,-0.7272443286101794,41.71038838945039,-1.0,0.005733,0.006,0.0,0.0,50.0,0.0,0.0,-1,0.0,G4_EV,ev=0.00573 <= floor=0.00600  meta_conf=0.5249,-1,0.0,0.0,
ETH/USDT,2598,2026-06-26 03:00:00,short,0.54259,90.03,60.0,1557.93,24.653571,high_high_down,False,True,False,False,False,0.0,-0.38227032283364426,57.39928801425544,0.0,0.004941,0.006,0.0,0.0,50.0,0.0,0.0,-1,0.0,G4_EV,ev=0.00494 <= floor=0.00600  meta_conf=0.5426,-1,0.0,0.0,
ETH/USDT,2599,2026-06-26 04:00:00,short,0.57098,85.54,60.0,1549.79,21.68,high_high_down,False,True,False,False,False,0.0,-0.6080589754902043,59.876989608354364,0.0,0.004976,0.006,0.0,0.0,50.0,0.0,0.0,-1,0.0,G4_EV,ev=0.00498 <= floor=0.00600  meta_conf=0.5710,-1,0.0,0.0,
ETH/USDT,2600,2026-06-26 05:00:00,short,0.56821,83.62,60.0,1555.69,20.390714,high_high_down,False,True,False,False,False,0.0,-0.40879137756490475,59.48033256698685,0.0,0.004312,0.006,0.0,0.0,50.0,0.0,0.0,-1,0.0,G4_EV,ev=0.00431 <= floor=0.00600  meta_conf=0.5682,-1,0.0,0.0,
ETH/USDT,2601,2026-06-26 06:00:00,short,0.51946,81.44,60.0,1570.99,20.466429,high_high_down,False,True,False,False,False,0.0,-0.2514889536189679,60.99689090372217,0.0,0.002547,0.006,0.0,0.0,50.0,0.0,0.0,-1,0.0,G4_EV,ev=0.00255 <= floor=0.00600  meta_conf=0.5195,-1,0.0,0.0,
ETH/USDT,2602,2026-06-26 07:00:00,short,0.54817,83.46,60.0,1581.12,20.322143,high_high_down,False,True,False,False,False,0.0,0.070124587995311,58.85116944346546,0.0,0.003456,0.006,0.0,0.0,50.0,0.0,0.0,-1,0.0,G4_EV,ev=0.00346 <= floor=0.00600  meta_conf=0.5482,-1,0.0,0.0,
ETH/USDT,2603,2026-06-26 08:00:00,short,0.52282,84.18,60.0,1566.43,20.421429,high_high_down,False,True,False,False,False,0.0,-0.22539250752348103,58.19731537679889,0.0,0.00267,0.006,0.0,0.0,50.0,0.0,0.0,-1,0.0,G4_EV,ev=0.00267 <= floor=0.00600  meta_conf=0.5228,-1,0.0,0.0,
ETH/USDT,2604,2026-06-26 09:00:00,short,0.53068,83.07,60.0,1552.99,20.758571,high_high_down,False,True,False,False,False,0.0,-0.31183721727926594,57.61260208953092,0.0,0.003122,0.006,0.0,0.0,50.0,0.0,0.0,-1,0.0,G4_EV,ev=0.00312 <= floor=0.00600  meta_conf=0.5307,-1,0.0,0.0,
ETH/USDT,2605,2026-06-26 10:00:00,short,0.52505,83.16,60.0,1548.37,20.554286,high_high_down,False,True,False,False,False,0.0,-0.5476821290062579,57.014851762350574,0.0,0.002872,0.006,0.0,0.0,50.0,0.0,0.0,-1,0.0,G4_EV,ev=0.00287 <= floor=0.00600  meta_conf=0.5251,-1,0.0,0.0,
ETH/USDT,2606,2026-06-26 11:00:00,short,0.54228,86.73,60.0,1545.14,19.928571,high_high_down,False,True,False,False,False,0.0,-0.5732721907110807,56.21814163259772,0.0,0.003276,0.006,0.0,0.0,50.0,0.0,0.0,-1,0.0,G4_EV,ev=0.00328 <= floor=0.00600  meta_conf=0.5423,-1,0.0,0.0,
ETH/USDT,2607,2026-06-26 12:00:00,short,0.50033,88.67,60.0,1536.28,21.055,high_high_down,False,True,False,False,False,0.0,-0.5929213096834554,55.46060127528383,0.0,0.00218,0.006,0.0,0.0,50.0,0.0,0.0,-1,0.0,G4_EV,ev=0.00218 <= floor=0.00600  meta_conf=0.5003,-1,0.0,0.0,
ETH/USDT,2608,2026-06-26 13:00:00,long,0.52331,99.41,60.0,1569.4,23.527143,high_high_up,,,True,False,False,0.0,0.0,50.0,0.0,0.0,0.0,0.0,0.0,50.0,0.0,0.0,-1,0.0,G1_REGIME,regime='high_high_up' skipped=True reg_empty=False,-1,0.0,0.0,
ETH/USDT,2609,2026-06-26 14:00:00,long,0.52717,87.78,60.0,1559.98,24.499286,high_high_flat,,,True,False,False,0.0,0.0,50.0,0.0,0.0,0.0,0.0,0.0,50.0,0.0,0.0,-1,0.0,G1_REGIME,regime='high_high_flat' skipped=True reg_empty=False,-1,0.0,0.0,
ETH/USDT,2610,2026-06-26 15:00:00,long,0.52014,81.12,60.0,1580.14,25.595714,high_high_flat,,,True,False,False,0.0,0.0,50.0,0.0,0.0,0.0,0.0,0.0,50.0,0.0,0.0,-1,0.0,G1_REGIME,regime='high_high_flat' skipped=True reg_empty=False,-1,0.0,0.0,
ETH/USDT,2611,2026-06-26 16:00:00,long,0.51433,74.11,60.0,1577.84,24.261429,high_high_up,,,True,False,False,0.0,0.0,50.0,0.0,0.0,0.0,0.0,0.0,50.0,0.0,0.0,-1,0.0,G1_REGIME,regime='high_high_up' skipped=True reg_empty=False,-1,0.0,0.0,
ETH/USDT,2612,2026-06-26 17:00:00,long,0.515,72.17,60.0,1581.92,21.460714,high_high_flat,,,True,False,False,0.0,0.0,50.0,0.0,0.0,0.0,0.0,0.0,50.0,0.0,0.0,-1,0.0,G1_REGIME,regime='high_high_flat' skipped=True reg_empty=False,-1,0.0,0.0,
ETH/USDT,2613,2026-06-26 18:00:00,long,0.51149,68.21,60.0,1573.34,21.596429,high_high_flat,,,True,False,False,0.0,0.0,50.0,0.0,0.0,0.0,0.0,0.0,50.0,0.0,0.0,-1,0.0,G1_REGIME,regime='high_high_flat' skipped=True reg_empty=False,-1,0.0,0.0,
ETH/USDT,2614,2026-06-26 19:00:00,long,0.51216,69.73,60.0,1574.51,21.802143,high_high_up,,,True,False,False,0.0,0.0,50.0,0.0,0.0,0.0,0.0,0.0,50.0,0.0,0.0,-1,0.0,G1_REGIME,regime='high_high_up' skipped=True reg_empty=False,-1,0.0,0.0,
ETH/USDT,2615,2026-06-26 20:00:00,long,0.52617,78.32,60.0,1571.03,20.717143,high_high_flat,,,True,False,False,0.0,0.0,50.0,0.0,0.0,0.0,0.0,0.0,50.0,0.0,0.0,-1,0.0,G1_REGIME,regime='high_high_flat' skipped=True reg_empty=False,-1,0.0,0.0,
ETH/USDT,2616,2026-06-26 21:00:00,long,0.51286,64.38,60.0,1575.18,20.368571,high_high_flat,,,True,False,False,0.0,0.0,50.0,0.0,0.0,0.0,0.0,0.0,50.0,0.0,0.0,-1,0.0,G1_REGIME,regime='high_high_flat' skipped=True reg_empty=False,-1,0.0,0.0,
ETH/USDT,2617,2026-06-26 22:00:00,short,0.51912,80.87,60.0,1577.95,19.735,med_high_flat,,,True,False,False,0.0,0.0,50.0,0.0,0.0,0.0,0.0,0.0,50.0,0.0,0.0,-1,0.0,G1_REGIME,regime='med_high_flat' skipped=True reg_empty=False,-1,0.0,0.0,
ETH/USDT,2618,2026-06-26 23:00:00,short,0.51335,60.55,60.0,1578.68,18.904286,med_high_flat,,,True,False,False,0.0,0.0,50.0,0.0,0.0,0.0,0.0,0.0,50.0,0.0,0.0,-1,0.0,G1_REGIME,regime='med_high_flat' skipped=True reg_empty=False,-1,0.0,0.0,
ETH/USDT,2619,2026-06-27 00:00:00,long,0.50257,45.17,60.0,1576.82,18.859286,med_high_up,,,True,False,False,0.0,0.0,50.0,0.0,0.0,0.0,0.0,0.0,50.0,0.0,0.0,-1,0.0,G1_REGIME,regime='med_high_up' skipped=True reg_empty=False,-1,0.0,0.0,
ETH/USDT,2620,2026-06-27 01:00:00,long,0.50397,44.94,60.0,1576.01,18.11,med_high_up,,,True,False,False,0.0,0.0,50.0,0.0,0.0,0.0,0.0,0.0,50.0,0.0,0.0,-1,0.0,G1_REGIME,regime='med_high_up' skipped=True reg_empty=False,-1,0.0,0.0,
ETH/USDT,2621,2026-06-27 02:00:00,long,0.52489,39.85,60.0,1583.13,16.662143,med_high_up,,,True,False,False,0.0,0.0,50.0,0.0,0.0,0.0,0.0,0.0,50.0,0.0,0.0,-1,0.0,G1_REGIME,regime='med_high_up' skipped=True reg_empty=False,-1,0.0,0.0,
ETH/USDT,2622,2026-06-27 03:00:00,long,0.52264,48.18,60.0,1580.62,13.577857,med_med_up,False,True,False,False,False,0.0,0.0,50.0,0.0,0.0,0.0,0.0,0.0,50.0,0.0,0.0,-1,0.0,G2_EDGE,reg.buy_ok=False  regime='med_med_up',-1,0.0,0.0,
ETH/USDT,2623,2026-06-27 04:00:00,long,0.52537,46.75,60.0,1579.48,12.472143,med_med_up,False,True,False,False,False,0.0,0.0,50.0,0.0,0.0,0.0,0.0,0.0,50.0,0.0,0.0,-1,0.0,G2_EDGE,reg.buy_ok=False  regime='med_med_up',-1,0.0,0.0,
ETH/USDT,2624,2026-06-27 05:00:00,long,0.51389,45.49,60.0,1578.65,10.718571,med_low_up,False,True,False,False,False,0.0,0.0,50.0,0.0,0.0,0.0,0.0,0.0,50.0,0.0,0.0,-1,0.0,G2_EDGE,reg.buy_ok=False  regime='med_low_up',-1,0.0,0.0,
ETH/USDT,2625,2026-06-27 06:00:00,long,0.5019,46.7,60.0,1582.71,9.800714,med_low_up,False,True,False,False,False,0.0,0.0,50.0,0.0,0.0,0.0,0.0,0.0,50.0,0.0,0.0,-1,0.0,G2_EDGE,reg.buy_ok=False  regime='med_low_up',-1,0.0,0.0,
ETH/USDT,2626,2026-06-27 07:00:00,long,0.50763,47.63,60.0,1585.71,9.34,med_low_flat,True,False,False,False,False,0.0,0.0,50.0,0.0,0.0,0.0,0.0,0.0,50.0,0.0,0.0,-1,0.0,G2_EDGE,edge=47.6 < thr=60.0,-1,0.0,0.0,
ETH/USDT,2627,2026-06-27 08:00:00,short,0.50094,60.84,60.0,1584.18,8.533571,med_low_up,False,True,False,True,False,0.0,0.3575261812253959,92.39919233563474,0.0,-0.001562,0.006,0.0,0.0,50.0,0.0,0.0,-1,0.0,G4_EV,ev=-0.00156 <= floor=0.00600  meta_conf=0.5009,-1,0.0,0.0,
ETH/USDT,2628,2026-06-27 09:00:00,long,0.5125,46.01,60.0,1582.93,7.949286,low_low_up,False,True,False,False,False,0.0,0.0,50.0,0.0,0.0,0.0,0.0,0.0,50.0,0.0,0.0,-1,0.0,G2_EDGE,reg.buy_ok=False  regime='low_low_up',-1,0.0,0.0,
ETH/USDT,2629,2026-06-27 10:00:00,long,0.5051,36.73,60.0,1584.31,7.048571,low_low_up,False,True,False,False,False,0.0,0.0,50.0,0.0,0.0,0.0,0.0,0.0,50.0,0.0,0.0,-1,0.0,G2_EDGE,reg.buy_ok=False  regime='low_low_up',-1,0.0,0.0,
ETH/USDT,2630,2026-06-27 11:00:00,long,0.52592,46.43,60.0,1584.0,6.702143,low_low_up,False,True,False,False,False,0.0,0.0,50.0,0.0,0.0,0.0,0.0,0.0,50.0,0.0,0.0,-1,0.0,G2_EDGE,reg.buy_ok=False  regime='low_low_up',-1,0.0,0.0,
ETH/USDT,2631,2026-06-27 12:00:00,long,0.52736,69.06,60.0,1585.95,6.349286,low_low_up,False,True,False,False,False,0.0,0.0,50.0,0.0,0.0,0.0,0.0,0.0,50.0,0.0,0.0,-1,0.0,G2_EDGE,reg.buy_ok=False  regime='low_low_up',-1,0.0,0.0,
ETH/USDT,2632,2026-06-27 13:00:00,long,0.53518,78.51,60.0,1592.3,6.487143,low_low_up,False,True,False,False,False,0.0,0.0,50.0,0.0,0.0,0.0,0.0,0.0,50.0,0.0,0.0,-1,0.0,G2_EDGE,reg.buy_ok=False  regime='low_low_up',-1,0.0,0.0,
ETH/USDT,2633,2026-06-27 14:00:00,long,0.51049,67.57,60.0,1594.68,6.406429,low_low_up,False,True,False,False,False,0.0,0.0,50.0,0.0,0.0,0.0,0.0,0.0,50.0,0.0,0.0,-1,0.0,G2_EDGE,reg.buy_ok=False  regime='low_low_up',-1,0.0,0.0,
ETH/USDT,2634,2026-06-27 15:00:00,short,0.50447,100.0,60.0,1605.68,7.351429,low_low_up,False,True,False,True,False,0.0,0.6884508658178526,48.080944461208574,1.0,-0.001884,0.006,0.0,0.0,50.0,0.0,0.0,-1,0.0,G4_EV,ev=-0.00188 <= floor=0.00600  meta_conf=0.5045,-1,0.0,0.0,
ETH/USDT,2635,2026-06-27 16:00:00,short,0.55396,81.12,60.0,1606.97,6.900714,low_low_up,False,True,False,True,False,0.0,0.6631183763499809,45.69673089448166,0.0,-0.001442,0.006,0.0,0.0,50.0,0.0,0.0,-1,0.0,G4_EV,ev=-0.00144 <= floor=0.00600  meta_conf=0.5540,-1,0.0,0.0,
ETH/USDT,2636,2026-06-27 17:00:00,short,0.50147,91.89,60.0,1591.42,7.745,low_low_flat,False,True,False,True,True,0.0,0.3594493246027436,43.80276426075941,0.0,-0.001791,0.006,0.0,0.0,50.0,0.0,0.0,-1,0.0,G4_EV,ev=-0.00179 <= floor=0.00600  meta_conf=0.5015,-1,0.0,0.0,
ETH/USDT,2637,2026-06-27 18:00:00,short,0.53192,79.49,60.0,1593.92,7.693571,low_low_up,False,True,False,True,False,0.0,0.4686749961954006,42.17733005062678,0.0,-0.001412,0.006,0.0,0.0,50.0,0.0,0.0,-1,0.0,G4_EV,ev=-0.00141 <= floor=0.00600  meta_conf=0.5319,-1,0.0,0.0,
ETH/USDT,2638,2026-06-27 19:00:00,long,0.55112,100.0,60.0,1578.51,8.962857,low_low_flat,False,True,False,False,False,0.0,0.0,50.0,0.0,0.0,0.0,0.0,0.0,50.0,0.0,0.0,-1,0.0,G2_EDGE,reg.buy_ok=False  regime='low_low_flat',-1,0.0,0.0,
ETH/USDT,2639,2026-06-27 20:00:00,long,0.52477,83.48,60.0,1581.48,8.630714,low_low_flat,False,True,False,False,False,0.0,0.0,50.0,0.0,0.0,0.0,0.0,0.0,50.0,0.0,0.0,-1,0.0,G2_EDGE,reg.buy_ok=False  regime='low_low_flat',-1,0.0,0.0,
ETH/USDT,2640,2026-06-27 21:00:00,long,0.53088,83.96,60.0,1575.38,9.042857,low_low_flat,False,True,False,False,False,0.0,0.0,50.0,0.0,0.0,0.0,0.0,0.0,50.0,0.0,0.0,-1,0.0,G2_EDGE,reg.buy_ok=False  regime='low_low_flat',-1,0.0,0.0,
ETH/USDT,2641,2026-06-27 22:00:00,long,0.52487,88.1,60.0,1578.98,9.957143,low_low_flat,False,True,False,False,False,0.0,0.0,50.0,0.0,0.0,0.0,0.0,0.0,50.0,0.0,0.0,-1,0.0,G2_EDGE,reg.buy_ok=False  regime='low_low_flat',-1,0.0,0.0,
ETH/USDT,2642,2026-06-27 23:00:00,long,0.52504,82.55,60.0,1573.99,10.350714,low_low_flat,False,True,False,False,False,0.0,0.0,50.0,0.0,0.0,0.0,0.0,0.0,50.0,0.0,0.0,-1,0.0,G2_EDGE,reg.buy_ok=False  regime='low_low_flat',-1,0.0,0.0,
ETH/USDT,2643,2026-06-28 00:00:00,long,0.51408,80.47,60.0,1574.75,10.535,low_low_flat,False,True,False,False,False,0.0,0.0,50.0,0.0,0.0,0.0,0.0,0.0,50.0,0.0,0.0,-1,0.0,G2_EDGE,reg.buy_ok=False  regime='low_low_flat',-1,0.0,0.0,
ETH/USDT,2644,2026-06-28 01:00:00,long,0.50144,81.14,60.0,1575.11,10.594286,low_low_flat,False,True,False,False,False,0.0,0.0,50.0,0.0,0.0,0.0,0.0,0.0,50.0,0.0,0.0,-1,0.0,G2_EDGE,reg.buy_ok=False  regime='low_low_flat',-1,0.0,0.0,
ETH/USDT,2645,2026-06-28 02:00:00,long,0.52199,81.44,60.0,1572.0,11.016429,low_med_flat,False,True,False,False,False,0.0,0.0,50.0,0.0,0.0,0.0,0.0,0.0,50.0,0.0,0.0,-1,0.0,G2_EDGE,reg.buy_ok=False  regime='low_med_flat',-1,0.0,0.0,
ETH/USDT,2646,2026-06-28 03:00:00,long,0.50113,78.73,60.0,1575.08,10.720714,low_low_flat,False,True,False,False,False,0.0,0.0,50.0,0.0,0.0,0.0,0.0,0.0,50.0,0.0,0.0,-1,0.0,G2_EDGE,reg.buy_ok=False  regime='low_low_flat',-1,0.0,0.0,
ETH/USDT,2647,2026-06-28 04:00:00,long,0.52493,80.7,60.0,1574.32,10.528571,low_low_flat,False,True,False,False,False,0.0,0.0,50.0,0.0,0.0,0.0,0.0,0.0,50.0,0.0,0.0,-1,0.0,G2_EDGE,reg.buy_ok=False  regime='low_low_flat',-1,0.0,0.0,
ETH/USDT,2648,2026-06-28 05:00:00,long,0.54078,85.34,60.0,1569.17,10.033571,low_low_flat,False,True,False,False,False,0.0,0.0,50.0,0.0,0.0,0.0,0.0,0.0,50.0,0.0,0.0,-1,0.0,G2_EDGE,reg.buy_ok=False  regime='low_low_flat',-1,0.0,0.0,
ETH/USDT,2649,2026-06-28 06:00:00,long,0.53768,83.36,60.0,1567.84,10.177857,low_low_flat,False,True,False,False,False,0.0,0.0,50.0,0.0,0.0,0.0,0.0,0.0,50.0,0.0,0.0,-1,0.0,G2_EDGE,reg.buy_ok=False  regime='low_low_flat',-1,0.0,0.0,
ETH/USDT,2650,2026-06-28 07:00:00,long,0.54116,84.93,60.0,1575.96,9.52,low_low_flat,False,True,False,False,False,0.0,0.0,50.0,0.0,0.0,0.0,0.0,0.0,50.0,0.0,0.0,-1,0.0,G2_EDGE,reg.buy_ok=False  regime='low_low_flat',-1,0.0,0.0,
ETH/USDT,2651,2026-06-28 08:00:00,long,0.51557,88.82,60.0,1581.58,9.953571,low_low_flat,False,True,False,False,False,0.0,0.0,50.0,0.0,0.0,0.0,0.0,0.0,50.0,0.0,0.0,-1,0.0,G2_EDGE,reg.buy_ok=False  regime='low_low_flat',-1,0.0,0.0,
ETH/USDT,2652,2026-06-28 09:00:00,long,0.52807,85.72,60.0,1579.09,8.96,low_low_flat,False,True,False,False,False,0.0,0.0,50.0,0.0,0.0,0.0,0.0,0.0,50.0,0.0,0.0,-1,0.0,G2_EDGE,reg.buy_ok=False  regime='low_low_flat',-1,0.0,0.0,
ETH/USDT,2653,2026-06-28 10:00:00,long,0.53777,85.19,60.0,1577.16,9.276429,low_low_flat,False,True,False,False,False,0.0,0.0,50.0,0.0,0.0,0.0,0.0,0.0,50.0,0.0,0.0,-1,0.0,G2_EDGE,reg.buy_ok=False  regime='low_low_flat',-1,0.0,0.0,
ETH/USDT,2654,2026-06-28 11:00:00,long,0.5263,87.05,60.0,1582.87,9.015,low_low_flat,False,True,False,False,False,0.0,0.0,50.0,0.0,0.0,0.0,0.0,0.0,50.0,0.0,0.0,-1,0.0,G2_EDGE,reg.buy_ok=False  regime='low_low_flat',-1,0.0,0.0,
ETH/USDT,2655,2026-06-28 12:00:00,long,0.53579,96.59,60.0,1583.56,8.58,low_low_flat,False,True,False,False,False,0.0,0.0,50.0,0.0,0.0,0.0,0.0,0.0,50.0,0.0,0.0,-1,0.0,G2_EDGE,reg.buy_ok=False  regime='low_low_flat',-1,0.0,0.0,
ETH/USDT,2656,2026-06-28 13:00:00,long,0.51397,85.81,60.0,1579.68,8.421429,low_low_flat,False,True,False,False,False,0.0,0.0,50.0,0.0,0.0,0.0,0.0,0.0,50.0,0.0,0.0,-1,0.0,G2_EDGE,reg.buy_ok=False  regime='low_low_flat',-1,0.0,0.0,
ETH/USDT,2657,2026-06-28 14:00:00,long,0.50687,88.61,60.0,1581.56,8.640714,low_low_flat,False,True,False,False,False,0.0,0.0,50.0,0.0,0.0,0.0,0.0,0.0,50.0,0.0,0.0,-1,0.0,G2_EDGE,reg.buy_ok=False  regime='low_low_flat',-1,0.0,0.0,
ETH/USDT,2658,2026-06-28 15:00:00,long,0.51848,90.92,60.0,1580.89,8.727143,low_low_down,True,True,False,False,True,0.0,0.1944153538789981,61.41941805117127,0.0,-0.00124,0.006,0.0,0.0,50.0,0.0,0.0,-1,0.0,G4_EV,ev=-0.00124 <= floor=0.00600  meta_conf=0.5185,-1,0.0,0.0,
ETH/USDT,2659,2026-06-28 16:00:00,long,0.5486,100.0,60.0,1572.85,9.037143,low_low_down,True,True,False,False,True,0.0,-0.27742164341339925,60.85372106194788,0.0,-0.00066,0.006,0.0,0.0,50.0,0.0,0.0,-1,0.0,G4_EV,ev=-0.00066 <= floor=0.00600  meta_conf=0.5486,-1,0.0,0.0,
ETH/USDT,2660,2026-06-28 17:00:00,long,0.53184,87.96,60.0,1572.35,9.731429,low_low_flat,False,True,False,False,False,0.0,0.0,50.0,0.0,0.0,0.0,0.0,0.0,50.0,0.0,0.0,-1,0.0,G2_EDGE,reg.buy_ok=False  regime='low_low_flat',-1,0.0,0.0,
ETH/USDT,2661,2026-06-28 18:00:00,long,0.52233,70.12,60.0,1571.78,9.686429,low_low_flat,False,True,False,False,False,0.0,0.0,50.0,0.0,0.0,0.0,0.0,0.0,50.0,0.0,0.0,-1,0.0,G2_EDGE,reg.buy_ok=False  regime='low_low_flat',-1,0.0,0.0,
ETH/USDT,2662,2026-06-28 19:00:00,long,0.54362,66.95,60.0,1564.62,10.239286,low_low_flat,False,True,False,False,False,0.0,0.0,50.0,0.0,0.0,0.0,0.0,0.0,50.0,0.0,0.0,-1,0.0,G2_EDGE,reg.buy_ok=False  regime='low_low_flat',-1,0.0,0.0,
ETH/USDT,2663,2026-06-28 20:00:00,long,0.5447,54.86,60.0,1573.2,10.516429,low_low_flat,False,True,False,False,False,0.0,0.0,50.0,0.0,0.0,0.0,0.0,0.0,50.0,0.0,0.0,-1,0.0,G2_EDGE,reg.buy_ok=False  regime='low_low_flat',-1,0.0,0.0,
ETH/USDT,2664,2026-06-28 21:00:00,long,0.52199,59.25,60.0,1563.62,10.9,low_med_flat,False,True,False,False,False,0.0,0.0,50.0,0.0,0.0,0.0,0.0,0.0,50.0,0.0,0.0,-1,0.0,G2_EDGE,reg.buy_ok=False  regime='low_med_flat',-1,0.0,0.0,
ETH/USDT,2665,2026-06-28 22:00:00,long,0.54187,82.33,60.0,1557.09,12.496429,low_med_flat,False,True,False,False,False,0.0,0.0,50.0,0.0,0.0,0.0,0.0,0.0,50.0,0.0,0.0,-1,0.0,G2_EDGE,reg.buy_ok=False  regime='low_med_flat',-1,0.0,0.0,
ETH/USDT,2666,2026-06-28 23:00:00,long,0.53525,49.41,60.0,1571.96,13.694286,low_med_flat,False,True,False,False,False,0.0,0.0,50.0,0.0,0.0,0.0,0.0,0.0,50.0,0.0,0.0,-1,0.0,G2_EDGE,reg.buy_ok=False  regime='low_med_flat',-1,0.0,0.0,
ETH/USDT,2667,2026-06-29 00:00:00,long,0.55592,72.46,60.0,1573.53,14.643571,low_med_flat,False,True,False,False,False,0.0,0.0,50.0,0.0,0.0,0.0,0.0,0.0,50.0,0.0,0.0,-1,0.0,G2_EDGE,reg.buy_ok=False  regime='low_med_flat',-1,0.0,0.0,
ETH/USDT,2668,2026-06-29 01:00:00,long,0.54511,74.19,60.0,1568.7,15.071429,low_med_flat,False,True,False,False,False,0.0,0.0,50.0,0.0,0.0,0.0,0.0,0.0,50.0,0.0,0.0,-1,0.0,G2_EDGE,reg.buy_ok=False  regime='low_med_flat',-1,0.0,0.0,
ETH/USDT,2669,2026-06-29 02:00:00,long,0.55315,89.36,60.0,1576.6,16.365,low_high_flat,,,True,False,False,0.0,0.0,50.0,0.0,0.0,0.0,0.0,0.0,50.0,0.0,0.0,-1,0.0,G1_REGIME,regime='low_high_flat' skipped=True reg_empty=False,-1,0.0,0.0,
ETH/USDT,2670,2026-06-29 03:00:00,long,0.54436,77.45,60.0,1584.78,16.675,low_high_flat,,,True,False,False,0.0,0.0,50.0,0.0,0.0,0.0,0.0,0.0,50.0,0.0,0.0,-1,0.0,G1_REGIME,regime='low_high_flat' skipped=True reg_empty=False,-1,0.0,0.0,
ETH/USDT,2671,2026-06-29 04:00:00,long,0.54526,65.58,60.0,1575.5,16.815,low_high_flat,,,True,False,False,0.0,0.0,50.0,0.0,0.0,0.0,0.0,0.0,50.0,0.0,0.0,-1,0.0,G1_REGIME,regime='low_high_flat' skipped=True reg_empty=False,-1,0.0,0.0,
ETH/USDT,2672,2026-06-29 05:00:00,long,0.53521,76.35,60.0,1583.1,17.720714,low_high_up,,,True,False,False,0.0,0.0,50.0,0.0,0.0,0.0,0.0,0.0,50.0,0.0,0.0,-1,0.0,G1_REGIME,regime='low_high_up' skipped=True reg_empty=False,-1,0.0,0.0,
